# exported by blender_batch_chars_to_s.py fallback
v 0.874871 -0.003018 0.000000
v 0.880000 -0.002688 0.000000
v 0.880000 -0.005594 0.000000
v 0.874871 -0.005263 0.000000
v 0.885129 -0.003018 0.000000
v 0.885129 -0.005263 0.000000
v 1.253645 -0.037159 0.000000
v 1.256355 -0.037159 0.000000
v 1.256755 -0.041406 0.000000
v 1.253245 -0.041406 0.000000
v 0.533968 -0.045298 0.000000
v 0.540624 -0.044518 0.000000
v 0.540078 -0.050076 0.057183
v 0.530514 -0.050431 0.000000
v 0.550000 -0.044389 0.000000
v 0.550000 -0.050042 0.065903
v 0.559377 -0.044518 0.000000
v 0.559923 -0.050076 0.057200
v 0.566032 -0.045298 0.000000
v 0.569486 -0.050431 0.000000
v 1.256355 -0.045654 0.000000
v 1.253645 -0.045654 0.000000
v 0.513968 -0.053530 0.000000
v 0.520669 -0.052448 0.000000
v 0.520079 -0.058314 0.057235
v 0.510471 -0.058697 0.000000
v 0.530037 -0.058039 0.071125
v 0.540004 -0.057995 0.085938
v 0.550000 -0.057992 0.091177
v 0.559996 -0.057995 0.086188
v 0.569963 -0.058039 0.071578
v 0.579331 -0.052448 0.000000
v 0.579921 -0.058314 0.057854
v 0.586031 -0.053530 0.000000
v 0.589527 -0.058698 0.000000
v 0.474677 -0.061837 0.000000
v 0.480721 -0.061076 0.000000
v 0.480460 -0.066604 0.050461
v 0.473773 -0.066794 0.000000
v 0.490066 -0.060903 0.000000
v 0.490030 -0.066576 0.062163
v 0.500047 -0.060572 0.000000
v 0.500004 -0.066535 0.064369
v 0.510033 -0.066298 0.067757
v 0.520005 -0.066270 0.080949
v 0.530001 -0.066253 0.090234
v 0.540000 -0.066251 0.097713
v 0.550000 -0.066251 0.101878
v 0.560000 -0.066251 0.099784
v 0.569999 -0.066253 0.094153
v 0.579996 -0.066274 0.086673
v 0.589966 -0.066318 0.073247
v 0.599893 -0.060587 0.000000
v 0.599970 -0.066559 0.067639
v 0.609283 -0.061046 0.000000
v 0.609594 -0.066629 0.053927
v 0.615383 -0.061841 0.000000
v 0.616671 -0.066882 0.000000
v 0.480460 -0.074177 0.050460
v 0.473773 -0.073987 0.000000
v 0.490030 -0.074202 0.062136
v 0.500001 -0.074204 0.064001
v 0.510004 -0.074227 0.065190
v 0.520033 -0.074467 0.071116
v 0.530005 -0.074526 0.086157
v 0.540000 -0.074531 0.097644
v 0.550000 -0.074531 0.104756
v 0.560000 -0.074531 0.106792
v 0.570000 -0.074531 0.105030
v 0.580000 -0.074532 0.100530
v 0.589999 -0.074534 0.095167
v 0.599996 -0.074553 0.089938
v 0.609919 -0.074583 0.071974
v 0.619173 -0.074961 0.000000
v 0.480721 -0.079704 0.000000
v 0.474677 -0.078944 0.000000
v 0.490064 -0.079848 0.000000
v 0.500005 -0.079893 0.000000
v 0.510044 -0.080212 0.000000
v 0.520472 -0.082139 0.000000
v 0.530089 -0.082738 0.061848
v 0.540006 -0.082809 0.088436
v 0.550000 -0.082812 0.102220
v 0.560000 -0.082813 0.109336
v 0.570000 -0.082813 0.111340
v 0.580000 -0.082813 0.109151
v 0.590000 -0.082813 0.105959
v 0.600000 -0.082813 0.100750
v 0.609994 -0.082817 0.088341
v 0.619910 -0.082887 0.061968
v 0.626006 -0.077838 0.000000
v 0.629485 -0.083498 0.000000
v 0.530827 -0.090667 0.000000
v 0.523990 -0.087788 0.000000
v 0.540081 -0.091063 0.073347
v 0.550004 -0.091093 0.096510
v 0.560000 -0.091094 0.107398
v 0.570000 -0.091094 0.113669
v 0.580000 -0.091094 0.115448
v 0.590000 -0.091094 0.113493
v 0.600000 -0.091094 0.107949
v 0.610000 -0.091094 0.099740
v 0.619995 -0.091099 0.087808
v 0.629962 -0.091161 0.071693
v 0.639326 -0.085572 0.000000
v 0.639885 -0.091447 0.057353
v 0.645961 -0.086671 0.000000
v 0.648988 -0.091928 0.000000
v 0.540416 -0.099310 0.058610
v 0.533330 -0.098821 0.000000
v 0.550028 -0.099372 0.088351
v 0.560001 -0.099375 0.103392
v 0.570000 -0.099375 0.113120
v 0.580000 -0.099375 0.118999
v 0.590000 -0.099375 0.118730
v 0.600000 -0.099375 0.113964
v 0.610000 -0.099375 0.107574
v 0.620000 -0.099375 0.100638
v 0.629998 -0.099378 0.093681
v 0.639967 -0.099400 0.083801
v 0.649521 -0.099468 0.057176
v 0.655282 -0.094435 0.000000
v 0.656241 -0.099895 0.000000
v 0.540851 -0.107268 0.000000
v 0.534638 -0.104370 0.000000
v 0.550079 -0.107629 0.075974
v 0.560004 -0.107655 0.099614
v 0.570000 -0.107656 0.111798
v 0.580000 -0.107656 0.118859
v 0.590000 -0.107656 0.120020
v 0.600000 -0.107656 0.117388
v 0.610000 -0.107656 0.112678
v 0.620000 -0.107656 0.107187
v 0.629999 -0.107656 0.101793
v 0.639972 -0.107657 0.092220
v 0.649571 -0.107656 0.067319
v 0.656398 -0.107656 0.000000
v 0.550319 -0.115938 0.073412
v 0.542723 -0.115938 0.000000
v 0.560022 -0.115938 0.098671
v 0.570001 -0.115938 0.110326
v 0.580000 -0.115938 0.114858
v 0.590000 -0.115938 0.115124
v 0.600000 -0.115937 0.114164
v 0.610000 -0.115937 0.111775
v 0.620000 -0.115937 0.106477
v 0.629999 -0.115937 0.098680
v 0.639967 -0.115931 0.085001
v 0.649521 -0.115848 0.057315
v 0.656241 -0.115417 0.000000
v 0.550080 -0.124246 0.075914
v 0.540855 -0.124607 0.000000
v 0.560004 -0.124220 0.098983
v 0.570000 -0.124219 0.108157
v 0.580000 -0.124219 0.108667
v 0.590000 -0.124219 0.107033
v 0.600000 -0.124218 0.106330
v 0.610000 -0.124218 0.105139
v 0.620000 -0.124218 0.100511
v 0.629992 -0.124214 0.088231
v 0.639875 -0.124136 0.061477
v 0.648987 -0.123439 0.000000
v 0.655282 -0.120881 0.000000
v 0.534696 -0.127502 0.000000
v 0.540468 -0.132563 0.058187
v 0.533755 -0.133019 0.000000
v 0.550031 -0.132503 0.088004
v 0.560001 -0.132500 0.101337
v 0.570000 -0.132500 0.104582
v 0.580000 -0.132500 0.100652
v 0.589999 -0.132497 0.095755
v 0.600000 -0.132480 0.094473
v 0.610000 -0.132477 0.093794
v 0.619996 -0.132476 0.089777
v 0.629919 -0.132448 0.071960
v 0.639169 -0.132069 0.000000
v 0.645940 -0.129177 0.000000
v 0.540422 -0.140785 0.069912
v 0.533545 -0.140831 0.000000
v 0.550027 -0.140781 0.094775
v 0.560001 -0.140781 0.102399
v 0.570000 -0.140781 0.098788
v 0.579996 -0.140776 0.087883
v 0.589967 -0.140716 0.073596
v 0.599997 -0.140474 0.070115
v 0.609999 -0.140434 0.069461
v 0.619973 -0.140429 0.067162
v 0.629594 -0.140400 0.053895
v 0.636671 -0.140149 0.000000
v 0.854614 -0.136374 0.000000
v 0.860715 -0.135610 0.000000
v 0.860403 -0.141162 0.053922
v 0.853285 -0.141402 0.000000
v 0.870061 -0.135468 0.000000
v 0.870027 -0.141133 0.067012
v 0.879945 -0.135468 0.000000
v 0.879995 -0.141134 0.067545
v 0.889369 -0.135612 0.000000
v 0.889891 -0.141178 0.056940
v 0.895970 -0.136407 0.000000
v 0.899059 -0.141620 0.000000
v 0.540371 -0.149065 0.072454
v 0.533144 -0.149101 0.000000
v 0.550025 -0.149063 0.095820
v 0.560001 -0.149062 0.099377
v 0.569994 -0.149059 0.088271
v 0.579911 -0.148988 0.061998
v 0.589528 -0.148389 0.000000
v 0.599957 -0.146462 0.000000
v 0.609995 -0.146142 0.000000
v 0.619937 -0.146097 0.000000
v 0.629285 -0.145953 0.000000
v 0.635383 -0.145188 0.000000
v 0.860048 -0.149106 0.072382
v 0.850360 -0.149387 0.000000
v 0.870003 -0.149086 0.089639
v 0.880000 -0.149085 0.092136
v 0.889992 -0.149090 0.084629
v 0.899902 -0.149165 0.061281
v 0.905991 -0.144143 0.000000
v 0.909527 -0.149738 0.000000
v 0.943061 -0.144923 0.000000
v 0.946866 -0.144938 0.000000
v 0.949150 -0.149947 0.000000
v 0.940342 -0.149846 0.000000
v 0.540082 -0.157371 0.075340
v 0.530880 -0.157733 0.000000
v 0.550004 -0.157345 0.095275
v 0.559996 -0.157343 0.094047
v 0.569918 -0.157312 0.073078
v 0.579173 -0.156917 0.000000
v 0.586010 -0.154038 0.000000
v 0.824031 -0.152967 0.000000
v 0.830633 -0.152141 0.000000
v 0.830109 -0.157737 0.056981
v 0.820945 -0.158184 0.000000
v 0.840089 -0.151644 0.000000
v 0.840008 -0.157651 0.068289
v 0.850024 -0.157384 0.074006
v 0.860003 -0.157347 0.090173
v 0.870000 -0.157345 0.100580
v 0.880000 -0.157345 0.103526
v 0.890000 -0.157345 0.098780
v 0.899995 -0.157350 0.087848
v 0.909967 -0.157409 0.073577
v 0.919958 -0.151631 0.000000
v 0.919997 -0.157648 0.070091
v 0.930035 -0.151636 0.000000
v 0.930002 -0.157648 0.069364
v 0.940023 -0.157417 0.066807
v 0.949871 -0.157458 0.055925
v 0.955928 -0.152444 0.000000
v 0.958986 -0.158126 0.000000
v 0.524640 -0.160630 0.000000
v 0.530417 -0.165690 0.058375
v 0.523330 -0.166179 0.000000
v 0.540028 -0.165628 0.086518
v 0.550000 -0.165625 0.094146
v 0.559970 -0.165619 0.084684
v 0.569573 -0.165533 0.057903
v 0.576668 -0.165067 0.000000
v 0.814074 -0.160722 0.000000
v 0.820131 -0.165736 0.060849
v 0.810947 -0.166410 0.000000
v 0.830009 -0.165653 0.084641
v 0.840000 -0.165645 0.092832
v 0.850001 -0.165627 0.095629
v 0.860000 -0.165625 0.101258
v 0.870000 -0.165625 0.107586
v 0.880000 -0.165625 0.110838
v 0.890000 -0.165625 0.107123
v 0.900000 -0.165625 0.100808
v 0.909999 -0.165628 0.095513
v 0.920000 -0.165645 0.094213
v 0.930000 -0.165645 0.093732
v 0.940000 -0.165628 0.091445
v 0.949966 -0.165632 0.081955
v 0.959519 -0.165711 0.054962
v 0.965281 -0.160678 0.000000
v 0.966224 -0.166100 0.000000
v 0.530081 -0.173937 0.072056
v 0.520831 -0.174334 0.000000
v 0.540004 -0.173907 0.090811
v 0.549993 -0.173901 0.086463
v 0.559875 -0.173824 0.061309
v 0.568991 -0.173127 0.000000
v 0.575341 -0.170566 0.000000
v 0.804074 -0.168999 0.000000
v 0.810131 -0.174014 0.060979
v 0.800944 -0.174690 0.000000
v 0.820010 -0.173914 0.085894
v 0.830000 -0.173907 0.098526
v 0.840000 -0.173907 0.104329
v 0.850000 -0.173906 0.106413
v 0.860000 -0.173906 0.108927
v 0.870000 -0.173906 0.112823
v 0.880000 -0.173906 0.115408
v 0.890000 -0.173906 0.112370
v 0.900000 -0.173906 0.107653
v 0.910000 -0.173906 0.104808
v 0.920000 -0.173907 0.104042
v 0.930000 -0.173907 0.103012
v 0.939999 -0.173906 0.098424
v 0.949969 -0.173903 0.085275
v 0.959528 -0.173847 0.055625
v 0.966225 -0.173436 0.000000
v 0.514060 -0.177229 0.000000
v 0.520124 -0.182269 0.059677
v 0.511009 -0.182967 0.000000
v 0.530006 -0.182188 0.081652
v 0.539996 -0.182166 0.086911
v 0.549919 -0.182136 0.071555
v 0.559169 -0.181756 0.000000
v 0.565940 -0.178865 0.000000
v 0.733965 -0.177797 0.000000
v 0.740623 -0.177018 0.000000
v 0.740076 -0.182576 0.057222
v 0.730473 -0.182920 0.000000
v 0.750000 -0.176889 0.000000
v 0.750000 -0.182542 0.065903
v 0.759377 -0.177018 0.000000
v 0.759924 -0.182575 0.057225
v 0.766035 -0.177795 0.000000
v 0.769531 -0.182895 0.000000
v 0.794009 -0.177262 0.000000
v 0.800098 -0.182287 0.061368
v 0.790471 -0.182840 0.000000
v 0.810009 -0.182195 0.085730
v 0.820000 -0.182188 0.098326
v 0.830000 -0.182187 0.105248
v 0.840000 -0.182187 0.109603
v 0.850000 -0.182187 0.111425
v 0.860000 -0.182187 0.112043
v 0.870000 -0.182187 0.113023
v 0.880000 -0.182187 0.113615
v 0.890000 -0.182187 0.111697
v 0.900000 -0.182187 0.107549
v 0.910000 -0.182187 0.104795
v 0.920000 -0.182187 0.103973
v 0.930000 -0.182187 0.102405
v 0.939996 -0.182186 0.095017
v 0.949915 -0.182156 0.072886
v 0.959102 -0.181762 0.000000
v 0.965299 -0.178905 0.000000
v 0.504659 -0.185528 0.000000
v 0.510426 -0.190559 0.053920
v 0.503332 -0.191027 0.000000
v 0.520026 -0.190452 0.073928
v 0.529967 -0.190401 0.070271
v 0.539970 -0.190160 0.067138
v 0.549594 -0.190090 0.053876
v 0.556671 -0.189837 0.000000
v 0.703969 -0.186077 0.000000
v 0.710629 -0.185266 0.000000
v 0.710078 -0.190855 0.057375
v 0.700514 -0.191212 0.000000
v 0.720102 -0.184806 0.000000
v 0.720008 -0.190778 0.068225
v 0.730033 -0.190537 0.073239
v 0.740004 -0.190495 0.086262
v 0.750000 -0.190492 0.091177
v 0.759996 -0.190495 0.086238
v 0.769967 -0.190535 0.073253
v 0.780000 -0.184439 0.000000
v 0.780000 -0.190733 0.070290
v 0.790033 -0.190532 0.073251
v 0.800005 -0.190475 0.087131
v 0.810000 -0.190469 0.096937
v 0.820000 -0.190469 0.101846
v 0.830000 -0.190468 0.104262
v 0.840000 -0.190469 0.105899
v 0.850000 -0.190469 0.107216
v 0.860000 -0.190469 0.106474
v 0.870000 -0.190468 0.106290
v 0.880000 -0.190469 0.106425
v 0.890000 -0.190469 0.105690
v 0.900000 -0.190469 0.100610
v 0.909999 -0.190466 0.095490
v 0.920000 -0.190448 0.094076
v 0.929999 -0.190446 0.092437
v 0.939970 -0.190442 0.083978
v 0.949573 -0.190374 0.057790
v 0.956665 -0.189911 0.000000
v 0.510054 -0.198740 0.051537
v 0.500828 -0.199175 0.000000
v 0.519926 -0.198408 0.054206
v 0.529527 -0.198021 0.000000
v 0.539893 -0.196132 0.000000
v 0.549283 -0.195673 0.000000
v 0.555383 -0.194878 0.000000
v 0.683968 -0.194311 0.000000
v 0.690669 -0.193229 0.000000
v 0.690079 -0.199095 0.057829
v 0.680473 -0.199479 0.000000
v 0.700037 -0.198820 0.071544
v 0.710004 -0.198776 0.086254
v 0.720000 -0.198771 0.092602
v 0.730001 -0.198753 0.094907
v 0.740000 -0.198751 0.099251
v 0.750000 -0.198751 0.101751
v 0.760000 -0.198751 0.098975
v 0.769999 -0.198753 0.093802
v 0.780000 -0.198768 0.091922
v 0.790001 -0.198752 0.092587
v 0.800000 -0.198749 0.096118
v 0.810000 -0.198749 0.097032
v 0.819999 -0.198747 0.094762
v 0.830000 -0.198732 0.094349
v 0.840001 -0.198747 0.095335
v 0.850000 -0.198749 0.097986
v 0.859999 -0.198747 0.095400
v 0.870000 -0.198732 0.094596
v 0.880001 -0.198747 0.095226
v 0.890000 -0.198749 0.096406
v 0.899995 -0.198744 0.087546
v 0.909967 -0.198684 0.073551
v 0.919997 -0.198443 0.069956
v 0.929994 -0.198400 0.067767
v 0.939888 -0.198354 0.056889
v 0.948992 -0.197912 0.000000
v 0.955341 -0.195405 0.000000
v 0.224673 -0.202620 0.000000
v 0.230662 -0.201875 0.000000
v 0.230456 -0.207407 0.049494
v 0.223773 -0.207580 0.000000
v 0.239437 -0.201876 0.000000
v 0.239954 -0.207421 0.053935
v 0.246039 -0.202642 0.000000
v 0.249528 -0.207764 0.000000
v 0.494055 -0.202072 0.000000
v 0.500071 -0.207090 0.041909
v 0.490944 -0.207812 0.000000
v 0.509606 -0.206703 0.000000
v 0.519343 -0.204308 0.000000
v 0.526032 -0.203192 0.000000
v 0.653965 -0.202638 0.000000
v 0.660628 -0.201829 0.000000
v 0.660076 -0.207417 0.057389
v 0.650473 -0.207764 0.000000
v 0.670101 -0.201368 0.000000
v 0.670008 -0.207341 0.068189
v 0.680033 -0.207100 0.073092
v 0.690004 -0.207055 0.086287
v 0.700001 -0.207034 0.093570
v 0.710000 -0.207032 0.098968
v 0.720000 -0.207032 0.101692
v 0.730000 -0.207031 0.102007
v 0.740000 -0.207031 0.102800
v 0.750000 -0.207031 0.103359
v 0.760000 -0.207031 0.101649
v 0.770000 -0.207031 0.097263
v 0.779999 -0.207029 0.092718
v 0.790000 -0.207011 0.091638
v 0.800000 -0.207009 0.091123
v 0.809996 -0.207005 0.085977
v 0.819967 -0.206965 0.073373
v 0.830000 -0.206767 0.070528
v 0.840032 -0.206965 0.072799
v 0.850000 -0.207002 0.081097
v 0.859968 -0.206965 0.072801
v 0.870000 -0.206767 0.070498
v 0.880032 -0.206965 0.072649
v 0.889996 -0.207001 0.079235
v 0.899902 -0.206928 0.060610
v 0.909527 -0.206355 0.000000
v 0.919954 -0.204430 0.000000
v 0.929940 -0.204096 0.000000
v 0.939369 -0.203921 0.000000
v 0.945965 -0.203124 0.000000
v 0.230481 -0.215247 0.053657
v 0.223777 -0.214843 0.000000
v 0.240029 -0.215332 0.073908
v 0.249968 -0.215381 0.070312
v 0.259898 -0.209650 0.000000
v 0.259991 -0.215622 0.067657
v 0.269367 -0.210111 0.000000
v 0.269891 -0.215706 0.056907
v 0.275970 -0.210936 0.000000
v 0.279059 -0.216151 0.000000
v 0.484079 -0.210405 0.000000
v 0.490103 -0.215413 0.050371
v 0.481013 -0.216094 0.000000
v 0.499585 -0.215228 0.048476
v 0.506710 -0.214765 0.000000
v 0.624031 -0.210936 0.000000
v 0.630633 -0.210111 0.000000
v 0.630109 -0.215706 0.056964
v 0.620941 -0.216151 0.000000
v 0.640102 -0.209650 0.000000
v 0.640009 -0.215622 0.068194
v 0.650033 -0.215381 0.073216
v 0.660004 -0.215338 0.086233
v 0.670000 -0.215333 0.092218
v 0.680001 -0.215316 0.093649
v 0.690000 -0.215313 0.097265
v 0.700000 -0.215312 0.100658
v 0.710000 -0.215312 0.101534
v 0.720000 -0.215312 0.099115
v 0.729999 -0.215309 0.095043
v 0.740000 -0.215294 0.094044
v 0.750001 -0.215309 0.093824
v 0.759999 -0.215309 0.092414
v 0.769996 -0.215289 0.086149
v 0.779967 -0.215244 0.073103
v 0.789997 -0.215005 0.069658
v 0.799995 -0.214963 0.067610
v 0.809924 -0.214925 0.057334
v 0.819531 -0.214605 0.000000
v 0.830000 -0.213058 0.000000
v 0.840463 -0.214602 0.000000
v 0.850000 -0.214888 0.045816
v 0.859537 -0.214602 0.000000
v 0.870000 -0.213058 0.000000
v 0.880461 -0.214602 0.000000
v 0.889967 -0.214879 0.045383
v 0.899065 -0.214471 0.000000
v 0.905991 -0.211951 0.000000
v 0.231013 -0.222815 0.000000
v 0.224719 -0.220260 0.000000
v 0.240125 -0.223512 0.059691
v 0.250006 -0.223593 0.081897
v 0.260000 -0.223614 0.089292
v 0.269992 -0.223621 0.084020
v 0.279902 -0.223697 0.061212
v 0.285991 -0.218674 0.000000
v 0.289525 -0.224271 0.000000
v 0.474719 -0.218647 0.000000
v 0.480472 -0.223654 0.048176
v 0.473776 -0.224064 0.000000
v 0.489900 -0.223490 0.050347
v 0.498991 -0.222811 0.000000
v 0.505344 -0.220254 0.000000
v 0.614012 -0.218675 0.000000
v 0.620099 -0.223697 0.061200
v 0.610516 -0.224282 0.000000
v 0.630008 -0.223621 0.084424
v 0.640000 -0.223614 0.092324
v 0.650001 -0.223597 0.094596
v 0.660000 -0.223595 0.098002
v 0.670000 -0.223594 0.099657
v 0.680000 -0.223593 0.097136
v 0.689999 -0.223591 0.093786
v 0.700000 -0.223573 0.093515
v 0.710000 -0.223571 0.092447
v 0.719996 -0.223568 0.086393
v 0.729967 -0.223528 0.073389
v 0.740000 -0.223329 0.069960
v 0.750028 -0.223524 0.068667
v 0.759968 -0.223520 0.066927
v 0.769921 -0.223248 0.057235
v 0.779529 -0.222865 0.000000
v 0.789954 -0.220990 0.000000
v 0.799940 -0.220658 0.000000
v 0.809374 -0.220484 0.000000
v 0.816035 -0.219705 0.000000
v 0.850000 -0.220324 0.000000
v 0.843878 -0.219682 0.000000
v 0.856122 -0.219682 0.000000
v 0.889995 -0.220322 0.000000
v 0.883878 -0.219682 0.000000
v 0.896056 -0.219664 0.000000
v 0.240831 -0.231447 0.000000
v 0.234060 -0.228553 0.000000
v 0.250081 -0.231844 0.072277
v 0.260004 -0.231875 0.092703
v 0.270000 -0.231876 0.095785
v 0.279995 -0.231881 0.087373
v 0.289966 -0.231941 0.073329
v 0.299893 -0.226209 0.000000
v 0.299967 -0.232184 0.067552
v 0.309277 -0.226671 0.000000
v 0.309542 -0.232251 0.053519
v 0.315324 -0.227464 0.000000
v 0.316245 -0.232471 0.000000
v 0.480352 -0.231455 0.039356
v 0.473764 -0.231323 0.000000
v 0.489086 -0.231033 0.000000
v 0.495923 -0.228497 0.000000
v 0.593968 -0.227436 0.000000
v 0.600669 -0.226352 0.000000
v 0.600079 -0.232220 0.057842
v 0.590471 -0.232604 0.000000
v 0.610037 -0.231942 0.071627
v 0.620005 -0.231881 0.087086
v 0.630000 -0.231876 0.096710
v 0.640000 -0.231876 0.100502
v 0.650000 -0.231874 0.100638
v 0.660000 -0.231874 0.097993
v 0.669999 -0.231872 0.093315
v 0.679996 -0.231851 0.086264
v 0.689967 -0.231807 0.073233
v 0.699997 -0.231568 0.069898
v 0.709995 -0.231526 0.067779
v 0.719924 -0.231488 0.057369
v 0.729531 -0.231167 0.000000
v 0.739995 -0.229618 0.000000
v 0.750372 -0.231122 0.000000
v 0.759581 -0.231088 0.000000
v 0.769336 -0.229112 0.000000
v 0.776032 -0.228033 0.000000
v 0.250417 -0.240091 0.058479
v 0.243330 -0.239602 0.000000
v 0.260028 -0.240153 0.087441
v 0.270001 -0.240156 0.098816
v 0.280000 -0.240156 0.099193
v 0.289998 -0.240159 0.094801
v 0.299972 -0.240177 0.088999
v 0.309575 -0.240181 0.068571
v 0.316417 -0.240209 0.000000
v 0.480089 -0.236886 0.000000
v 0.474590 -0.236265 0.000000
v 0.486065 -0.236226 0.000000
v 0.553969 -0.235766 0.000000
v 0.560627 -0.234984 0.000000
v 0.560078 -0.240545 0.057350
v 0.550514 -0.240900 0.000000
v 0.570060 -0.234810 0.000000
v 0.570005 -0.240506 0.067793
v 0.580046 -0.234479 0.000000
v 0.580003 -0.240464 0.069934
v 0.590033 -0.240224 0.073367
v 0.600004 -0.240180 0.086360
v 0.610001 -0.240159 0.093206
v 0.620000 -0.240156 0.097078
v 0.630000 -0.240156 0.097214
v 0.639999 -0.240153 0.094484
v 0.650000 -0.240136 0.092457
v 0.659996 -0.240130 0.086118
v 0.669963 -0.240086 0.071515
v 0.679921 -0.239811 0.057828
v 0.689530 -0.239428 0.000000
v 0.699954 -0.237552 0.000000
v 0.709940 -0.237221 0.000000
v 0.719374 -0.237047 0.000000
v 0.726035 -0.236267 0.000000
v 0.756928 -0.236015 0.000000
v 0.753069 -0.236018 0.000000
v 0.250878 -0.248048 0.000000
v 0.244640 -0.245151 0.000000
v 0.260082 -0.248410 0.075753
v 0.270004 -0.248437 0.098071
v 0.280000 -0.248438 0.105279
v 0.289999 -0.248438 0.104075
v 0.299973 -0.248438 0.096002
v 0.309577 -0.248438 0.071985
v 0.316434 -0.248440 0.000000
v 0.534034 -0.244015 0.000000
v 0.540674 -0.242918 0.000000
v 0.540112 -0.248791 0.057425
v 0.530941 -0.249273 0.000000
v 0.550038 -0.248508 0.071554
v 0.560004 -0.248463 0.086333
v 0.570000 -0.248460 0.092641
v 0.580000 -0.248458 0.093883
v 0.590001 -0.248441 0.094770
v 0.600000 -0.248438 0.098023
v 0.610000 -0.248438 0.099704
v 0.620000 -0.248437 0.096598
v 0.629995 -0.248431 0.087219
v 0.639967 -0.248372 0.073329
v 0.649992 -0.248128 0.068223
v 0.659922 -0.248052 0.057365
v 0.669486 -0.247694 0.000000
v 0.679331 -0.245677 0.000000
v 0.686032 -0.244595 0.000000
v 0.260368 -0.256716 0.073004
v 0.253104 -0.256685 0.000000
v 0.270025 -0.256719 0.098253
v 0.280001 -0.256719 0.108347
v 0.289999 -0.256719 0.108093
v 0.299973 -0.256719 0.097981
v 0.309577 -0.256719 0.072534
v 0.316435 -0.256719 0.000000
v 0.524009 -0.251799 0.000000
v 0.530098 -0.256821 0.061284
v 0.520473 -0.257395 0.000000
v 0.540008 -0.256744 0.084777
v 0.550001 -0.256722 0.093863
v 0.560000 -0.256720 0.099758
v 0.570000 -0.256720 0.102959
v 0.580000 -0.256719 0.102624
v 0.590000 -0.256719 0.100995
v 0.600000 -0.256718 0.098019
v 0.609999 -0.256715 0.093187
v 0.619992 -0.256694 0.084527
v 0.629902 -0.256616 0.061233
v 0.639525 -0.256041 0.000000
v 0.649899 -0.254103 0.000000
v 0.659372 -0.253640 0.000000
v 0.666031 -0.252830 0.000000
v 0.260368 -0.265002 0.073027
v 0.253101 -0.265034 0.000000
v 0.270025 -0.265000 0.098448
v 0.280001 -0.265000 0.109136
v 0.289999 -0.265000 0.109071
v 0.299973 -0.265000 0.098329
v 0.309577 -0.265000 0.072592
v 0.316435 -0.265000 0.000000
v 0.484030 -0.260626 0.000000
v 0.490631 -0.259829 0.000000
v 0.490109 -0.265396 0.056950
v 0.480941 -0.265839 0.000000
v 0.500060 -0.259654 0.000000
v 0.500006 -0.265350 0.067781
v 0.510046 -0.259320 0.000000
v 0.510003 -0.265307 0.069958
v 0.520033 -0.265066 0.073547
v 0.530005 -0.265006 0.087738
v 0.540000 -0.265001 0.098477
v 0.550000 -0.265000 0.103607
v 0.560000 -0.265000 0.105470
v 0.570000 -0.265000 0.104354
v 0.580000 -0.265000 0.099617
v 0.589999 -0.264997 0.093657
v 0.599996 -0.264976 0.086254
v 0.609962 -0.264930 0.071501
v 0.619888 -0.264646 0.057408
v 0.629059 -0.264164 0.000000
v 0.635991 -0.261638 0.000000
v 0.260079 -0.273308 0.075989
v 0.250816 -0.273673 0.000000
v 0.270004 -0.273282 0.099334
v 0.280000 -0.273281 0.109543
v 0.289999 -0.273281 0.109260
v 0.299973 -0.273281 0.098369
v 0.309577 -0.273281 0.072597
v 0.316437 -0.273281 0.000000
v 0.474009 -0.268362 0.000000
v 0.480098 -0.273384 0.061280
v 0.470475 -0.273959 0.000000
v 0.490008 -0.273309 0.084657
v 0.500000 -0.273304 0.092648
v 0.510000 -0.273302 0.094097
v 0.520001 -0.273284 0.095222
v 0.530000 -0.273281 0.099794
v 0.540000 -0.273281 0.104365
v 0.550000 -0.273281 0.105470
v 0.560000 -0.273281 0.103607
v 0.570000 -0.273280 0.098471
v 0.579995 -0.273275 0.087588
v 0.589963 -0.273214 0.071694
v 0.599920 -0.272936 0.057819
v 0.609486 -0.272541 0.000000
v 0.619326 -0.270519 0.000000
v 0.625966 -0.269423 0.000000
v 0.244059 -0.276601 0.000000
v 0.250124 -0.281644 0.061584
v 0.241013 -0.282342 0.000000
v 0.260007 -0.281567 0.088940
v 0.270000 -0.281563 0.103198
v 0.280000 -0.281563 0.110896
v 0.289999 -0.281563 0.109567
v 0.299973 -0.281563 0.098411
v 0.309581 -0.281563 0.072625
v 0.316476 -0.281564 0.000000
v 0.443965 -0.277170 0.000000
v 0.450628 -0.276360 0.000000
v 0.450076 -0.281948 0.057409
v 0.440470 -0.282294 0.000000
v 0.460101 -0.275897 0.000000
v 0.460008 -0.281872 0.068260
v 0.470033 -0.281628 0.073439
v 0.480005 -0.281569 0.087818
v 0.490000 -0.281563 0.098687
v 0.500000 -0.281563 0.103916
v 0.510000 -0.281563 0.104176
v 0.520000 -0.281563 0.103132
v 0.530000 -0.281562 0.102983
v 0.540000 -0.281562 0.102989
v 0.550000 -0.281562 0.099759
v 0.559999 -0.281559 0.093863
v 0.569992 -0.281537 0.084777
v 0.579901 -0.281459 0.061257
v 0.589484 -0.280874 0.000000
v 0.599331 -0.278805 0.000000
v 0.606028 -0.277719 0.000000
v 0.234715 -0.284900 0.000000
v 0.240475 -0.289934 0.057585
v 0.233719 -0.290368 0.000000
v 0.250033 -0.289850 0.085382
v 0.260001 -0.289844 0.099507
v 0.270000 -0.289844 0.107976
v 0.280000 -0.289844 0.112904
v 0.289999 -0.289844 0.109969
v 0.299975 -0.289844 0.098525
v 0.309632 -0.289845 0.073031
v 0.316903 -0.289869 0.000000
v 0.403965 -0.285453 0.000000
v 0.410626 -0.284672 0.000000
v 0.410076 -0.290232 0.057378
v 0.400470 -0.290576 0.000000
v 0.420060 -0.284498 0.000000
v 0.420005 -0.290193 0.067806
v 0.430046 -0.284166 0.000000
v 0.430003 -0.290151 0.069961
v 0.440033 -0.289912 0.073427
v 0.450004 -0.289869 0.086523
v 0.460000 -0.289864 0.092972
v 0.470001 -0.289847 0.095499
v 0.480000 -0.289844 0.100509
v 0.490000 -0.289844 0.105654
v 0.500000 -0.289844 0.108195
v 0.510000 -0.289844 0.105229
v 0.520000 -0.289844 0.099907
v 0.529999 -0.289841 0.095082
v 0.540000 -0.289823 0.092777
v 0.549996 -0.289818 0.086341
v 0.559962 -0.289773 0.071555
v 0.569888 -0.289490 0.057425
v 0.579059 -0.289008 0.000000
v 0.585988 -0.286481 0.000000
v 0.240374 -0.298133 0.070308
v 0.233162 -0.298209 0.000000
v 0.250025 -0.298125 0.095294
v 0.260001 -0.298125 0.106197
v 0.270000 -0.298125 0.111660
v 0.280000 -0.298125 0.113138
v 0.290000 -0.298125 0.109227
v 0.299998 -0.298126 0.098885
v 0.309954 -0.298144 0.076227
v 0.319656 -0.298408 0.000000
v 0.353965 -0.293734 0.000000
v 0.360626 -0.292955 0.000000
v 0.360076 -0.298513 0.057352
v 0.350470 -0.298856 0.000000
v 0.370058 -0.292810 0.000000
v 0.370005 -0.298477 0.067751
v 0.380005 -0.292765 0.000000
v 0.380000 -0.298472 0.069504
v 0.390044 -0.292447 0.000000
v 0.390003 -0.298432 0.070104
v 0.400033 -0.298193 0.073444
v 0.410004 -0.298151 0.086527
v 0.420000 -0.298148 0.092835
v 0.430000 -0.298145 0.094268
v 0.440001 -0.298128 0.095516
v 0.450000 -0.298126 0.100230
v 0.460000 -0.298126 0.104426
v 0.470000 -0.298125 0.105780
v 0.480000 -0.298125 0.106393
v 0.490000 -0.298125 0.106231
v 0.500000 -0.298125 0.104403
v 0.510000 -0.298124 0.098694
v 0.519995 -0.298119 0.087756
v 0.529967 -0.298059 0.073405
v 0.539992 -0.297816 0.068247
v 0.549922 -0.297739 0.057380
v 0.559486 -0.297382 0.000000
v 0.569326 -0.295363 0.000000
v 0.575966 -0.294266 0.000000
v 0.693968 -0.293735 0.000000
v 0.700626 -0.292955 0.000000
v 0.700078 -0.298514 0.057344
v 0.690514 -0.298868 0.000000
v 0.710055 -0.292812 0.000000
v 0.710005 -0.298477 0.067626
v 0.719945 -0.292812 0.000000
v 0.719995 -0.298477 0.067626
v 0.729374 -0.292955 0.000000
v 0.729922 -0.298514 0.057345
v 0.736032 -0.293735 0.000000
v 0.739486 -0.298868 0.000000
v 0.240082 -0.306433 0.075651
v 0.230880 -0.306798 0.000000
v 0.250004 -0.306407 0.098833
v 0.260000 -0.306406 0.109021
v 0.270000 -0.306406 0.111197
v 0.280000 -0.306406 0.108815
v 0.290000 -0.306406 0.105096
v 0.300000 -0.306406 0.099523
v 0.309997 -0.306408 0.088947
v 0.319977 -0.306444 0.073203
v 0.329972 -0.300657 0.000000
v 0.329998 -0.306708 0.069351
v 0.340042 -0.300694 0.000000
v 0.340003 -0.306711 0.069361
v 0.350033 -0.306475 0.072938
v 0.360004 -0.306432 0.086129
v 0.370000 -0.306429 0.092476
v 0.380000 -0.306429 0.093972
v 0.390000 -0.306427 0.094415
v 0.400001 -0.306409 0.095679
v 0.410000 -0.306407 0.100407
v 0.420000 -0.306407 0.104452
v 0.430000 -0.306407 0.105422
v 0.440000 -0.306406 0.105303
v 0.450000 -0.306406 0.106903
v 0.460000 -0.306406 0.109459
v 0.470000 -0.306406 0.109320
v 0.480000 -0.306406 0.105803
v 0.490000 -0.306406 0.100365
v 0.499999 -0.306403 0.094027
v 0.509992 -0.306381 0.084805
v 0.519902 -0.306304 0.061285
v 0.529525 -0.305729 0.000000
v 0.539899 -0.303791 0.000000
v 0.549372 -0.303328 0.000000
v 0.556031 -0.302517 0.000000
v 0.673968 -0.301967 0.000000
v 0.680669 -0.300886 0.000000
v 0.680079 -0.306752 0.057848
v 0.670473 -0.307135 0.000000
v 0.690037 -0.306476 0.071576
v 0.700004 -0.306432 0.086360
v 0.710000 -0.306429 0.092673
v 0.720000 -0.306429 0.092683
v 0.729996 -0.306432 0.086375
v 0.739962 -0.306477 0.071560
v 0.749326 -0.300887 0.000000
v 0.749885 -0.306760 0.057363
v 0.755961 -0.301984 0.000000
v 0.758988 -0.307241 0.000000
v 0.224640 -0.309693 0.000000
v 0.230417 -0.314753 0.058603
v 0.223330 -0.315242 0.000000
v 0.240028 -0.314691 0.088292
v 0.250001 -0.314688 0.102817
v 0.260000 -0.314687 0.109524
v 0.270000 -0.314687 0.107389
v 0.280000 -0.314687 0.101255
v 0.289999 -0.314685 0.095496
v 0.300000 -0.314667 0.093049
v 0.310000 -0.314665 0.090514
v 0.319999 -0.314667 0.087448
v 0.330000 -0.314687 0.086835
v 0.340001 -0.314705 0.087517
v 0.350001 -0.314690 0.091230
v 0.360000 -0.314688 0.097007
v 0.370000 -0.314688 0.101751
v 0.380000 -0.314688 0.104200
v 0.390000 -0.314688 0.105553
v 0.400000 -0.314688 0.106432
v 0.410000 -0.314687 0.108255
v 0.420000 -0.314687 0.110110
v 0.430000 -0.314687 0.109599
v 0.440000 -0.314687 0.106915
v 0.450000 -0.314687 0.105303
v 0.460000 -0.314687 0.105399
v 0.470000 -0.314687 0.104230
v 0.480000 -0.314687 0.098886
v 0.489995 -0.314682 0.087711
v 0.499962 -0.314620 0.071714
v 0.509888 -0.314334 0.057435
v 0.519059 -0.313852 0.000000
v 0.525991 -0.311326 0.000000
v 0.644031 -0.310311 0.000000
v 0.650633 -0.309486 0.000000
v 0.650109 -0.315081 0.056964
v 0.640941 -0.315526 0.000000
v 0.660102 -0.309025 0.000000
v 0.660009 -0.314997 0.068197
v 0.670033 -0.314756 0.073257
v 0.680004 -0.314711 0.086570
v 0.690001 -0.314691 0.094005
v 0.700000 -0.314688 0.100127
v 0.710000 -0.314688 0.104434
v 0.720000 -0.314688 0.104569
v 0.730000 -0.314688 0.100341
v 0.739998 -0.314691 0.093951
v 0.749967 -0.314712 0.084090
v 0.759525 -0.314780 0.057439
v 0.765285 -0.309748 0.000000
v 0.766281 -0.315212 0.000000
v 0.230081 -0.323000 0.073355
v 0.220831 -0.323396 0.000000
v 0.240004 -0.322970 0.096434
v 0.250000 -0.322969 0.106523
v 0.260000 -0.322969 0.108923
v 0.270000 -0.322969 0.102618
v 0.279997 -0.322967 0.090531
v 0.289977 -0.322929 0.074159
v 0.299998 -0.322664 0.070015
v 0.310000 -0.322622 0.069218
v 0.320000 -0.322621 0.068887
v 0.330003 -0.322662 0.069258
v 0.340033 -0.322901 0.072455
v 0.350004 -0.322945 0.085211
v 0.360001 -0.322966 0.092661
v 0.370000 -0.322969 0.099493
v 0.380000 -0.322969 0.105359
v 0.390000 -0.322969 0.109490
v 0.400000 -0.322969 0.110820
v 0.410000 -0.322969 0.110353
v 0.420000 -0.322969 0.108072
v 0.430000 -0.322969 0.104965
v 0.440000 -0.322968 0.100294
v 0.449999 -0.322966 0.095521
v 0.460000 -0.322951 0.094300
v 0.470001 -0.322966 0.093093
v 0.479994 -0.322965 0.086454
v 0.489911 -0.322895 0.061751
v 0.499485 -0.322284 0.000000
v 0.509326 -0.320210 0.000000
v 0.515966 -0.319110 0.000000
v 0.634012 -0.318050 0.000000
v 0.640099 -0.323072 0.061200
v 0.630516 -0.323657 0.000000
v 0.650008 -0.322996 0.084426
v 0.660000 -0.322989 0.092355
v 0.670001 -0.322972 0.094897
v 0.680000 -0.322970 0.099479
v 0.690000 -0.322969 0.103649
v 0.700000 -0.322969 0.107310
v 0.710000 -0.322969 0.111195
v 0.720000 -0.322969 0.112162
v 0.730000 -0.322969 0.109043
v 0.739999 -0.322969 0.104384
v 0.749975 -0.322970 0.094870
v 0.759626 -0.322976 0.070260
v 0.766838 -0.323053 0.000000
v 0.214060 -0.326291 0.000000
v 0.220124 -0.331332 0.061538
v 0.211009 -0.332030 0.000000
v 0.230007 -0.331254 0.088638
v 0.240000 -0.331250 0.102437
v 0.250000 -0.331250 0.108828
v 0.260000 -0.331250 0.106483
v 0.269997 -0.331249 0.096442
v 0.279951 -0.331227 0.073783
v 0.289643 -0.330929 0.000000
v 0.299969 -0.328684 0.000000
v 0.309999 -0.328333 0.000000
v 0.320002 -0.328332 0.000000
v 0.330043 -0.328647 0.000000
v 0.340470 -0.330521 0.000000
v 0.350079 -0.330905 0.057721
v 0.360037 -0.331183 0.071560
v 0.370005 -0.331244 0.087582
v 0.380000 -0.331249 0.098661
v 0.390000 -0.331249 0.104241
v 0.400000 -0.331249 0.105551
v 0.410000 -0.331249 0.104494
v 0.420000 -0.331249 0.100249
v 0.429999 -0.331247 0.094181
v 0.439996 -0.331227 0.086665
v 0.449967 -0.331184 0.073456
v 0.460000 -0.330986 0.070291
v 0.470029 -0.331186 0.070240
v 0.479928 -0.331218 0.066658
v 0.489216 -0.330861 0.000000
v 0.496010 -0.327946 0.000000
v 0.613972 -0.326812 0.000000
v 0.620669 -0.325727 0.000000
v 0.620080 -0.331596 0.057827
v 0.610514 -0.331990 0.000000
v 0.630037 -0.331317 0.071634
v 0.640005 -0.331256 0.087088
v 0.650000 -0.331251 0.096721
v 0.660000 -0.331251 0.100651
v 0.670000 -0.331249 0.101802
v 0.680000 -0.331249 0.102901
v 0.690000 -0.331250 0.104529
v 0.700000 -0.331250 0.107618
v 0.710000 -0.331250 0.112389
v 0.720000 -0.331250 0.115930
v 0.730000 -0.331250 0.114917
v 0.740000 -0.331250 0.109754
v 0.749996 -0.331251 0.098891
v 0.759917 -0.331277 0.075647
v 0.769115 -0.331641 0.000000
v 0.204659 -0.334590 0.000000
v 0.210427 -0.339624 0.057964
v 0.203335 -0.340089 0.000000
v 0.220030 -0.339538 0.085462
v 0.230001 -0.339531 0.099375
v 0.240000 -0.339531 0.106874
v 0.250000 -0.339531 0.108802
v 0.259999 -0.339531 0.102349
v 0.269972 -0.339528 0.088029
v 0.279585 -0.339465 0.058587
v 0.286713 -0.338988 0.000000
v 0.350669 -0.336773 0.000000
v 0.343968 -0.335689 0.000000
v 0.360516 -0.338843 0.000000
v 0.370099 -0.339428 0.061249
v 0.380008 -0.339504 0.084655
v 0.390000 -0.339508 0.092666
v 0.400000 -0.339509 0.094000
v 0.410000 -0.339508 0.092817
v 0.419996 -0.339505 0.086378
v 0.429963 -0.339461 0.071589
v 0.439921 -0.339187 0.057858
v 0.449531 -0.338827 0.000000
v 0.459999 -0.337279 0.000000
v 0.470448 -0.338882 0.000000
v 0.479769 -0.339459 0.042187
v 0.487292 -0.339526 0.000000
v 0.593972 -0.335093 0.000000
v 0.600669 -0.334011 0.000000
v 0.600080 -0.339877 0.057826
v 0.590514 -0.340271 0.000000
v 0.610037 -0.339601 0.071574
v 0.620004 -0.339555 0.086374
v 0.630001 -0.339534 0.093312
v 0.640000 -0.339531 0.097098
v 0.650000 -0.339531 0.097225
v 0.659999 -0.339528 0.094642
v 0.670000 -0.339511 0.093927
v 0.680000 -0.339511 0.094084
v 0.690001 -0.339528 0.095485
v 0.700000 -0.339531 0.100837
v 0.710000 -0.339531 0.107523
v 0.720000 -0.339531 0.113520
v 0.730000 -0.339531 0.116393
v 0.740000 -0.339531 0.112530
v 0.749999 -0.339531 0.103271
v 0.759969 -0.339535 0.088234
v 0.769531 -0.339594 0.058197
v 0.775302 -0.334534 0.000000
v 0.776243 -0.340050 0.000000
v 0.210085 -0.347844 0.073240
v 0.200898 -0.348238 0.000000
v 0.220004 -0.347814 0.096077
v 0.230000 -0.347813 0.105872
v 0.240000 -0.347813 0.109088
v 0.250000 -0.347812 0.105960
v 0.259996 -0.347811 0.096101
v 0.269915 -0.347781 0.073247
v 0.279106 -0.347387 0.000000
v 0.285363 -0.344524 0.000000
v 0.370941 -0.346974 0.000000
v 0.364012 -0.344450 0.000000
v 0.380109 -0.347416 0.056948
v 0.390006 -0.347460 0.067746
v 0.400000 -0.347462 0.069338
v 0.409995 -0.347460 0.067768
v 0.419922 -0.347424 0.057351
v 0.429486 -0.347069 0.000000
v 0.439331 -0.345052 0.000000
v 0.446032 -0.343972 0.000000
v 0.480736 -0.347449 0.000000
v 0.473982 -0.344513 0.000000
v 0.489295 -0.348175 0.000000
v 0.573972 -0.343374 0.000000
v 0.580669 -0.342292 0.000000
v 0.580081 -0.348158 0.057828
v 0.570514 -0.348552 0.000000
v 0.590037 -0.347883 0.071594
v 0.600004 -0.347836 0.086480
v 0.610001 -0.347816 0.093892
v 0.620000 -0.347813 0.099096
v 0.630000 -0.347813 0.100652
v 0.640000 -0.347812 0.096806
v 0.649995 -0.347806 0.087246
v 0.659967 -0.347747 0.073479
v 0.669997 -0.347508 0.070114
v 0.680003 -0.347508 0.070126
v 0.690033 -0.347747 0.073583
v 0.700005 -0.347807 0.087964
v 0.710000 -0.347812 0.099810
v 0.720000 -0.347813 0.108392
v 0.730000 -0.347813 0.114552
v 0.740000 -0.347813 0.114480
v 0.749999 -0.347813 0.107483
v 0.759972 -0.347813 0.095619
v 0.769575 -0.347817 0.069961
v 0.776417 -0.347861 0.000000
v 0.194696 -0.351099 0.000000
v 0.200466 -0.356158 0.058171
v 0.193718 -0.356614 0.000000
v 0.210031 -0.356097 0.087911
v 0.220001 -0.356094 0.102096
v 0.230000 -0.356094 0.107982
v 0.240000 -0.356094 0.106181
v 0.249999 -0.356094 0.099051
v 0.259969 -0.356086 0.085413
v 0.269573 -0.356001 0.057961
v 0.276665 -0.355536 0.000000
v 0.380631 -0.352982 0.000000
v 0.374030 -0.352187 0.000000
v 0.390058 -0.353126 0.000000
v 0.400000 -0.353140 0.000000
v 0.409942 -0.353126 0.000000
v 0.419374 -0.352983 0.000000
v 0.426032 -0.352202 0.000000
v 0.490281 -0.356164 0.041813
v 0.483093 -0.356065 0.000000
v 0.496021 -0.351114 0.000000
v 0.499553 -0.356767 0.000000
v 0.553968 -0.351655 0.000000
v 0.560669 -0.350573 0.000000
v 0.560079 -0.356439 0.057855
v 0.550470 -0.356822 0.000000
v 0.570037 -0.356164 0.071598
v 0.580004 -0.356117 0.086524
v 0.590001 -0.356097 0.094122
v 0.600000 -0.356095 0.099846
v 0.610000 -0.356094 0.103175
v 0.620000 -0.356094 0.102930
v 0.630000 -0.356094 0.097895
v 0.639991 -0.356086 0.085690
v 0.649902 -0.355994 0.061370
v 0.659527 -0.355418 0.000000
v 0.669959 -0.353526 0.000000
v 0.680041 -0.353526 0.000000
v 0.690472 -0.355421 0.000000
v 0.700089 -0.356020 0.062026
v 0.710006 -0.356090 0.088710
v 0.720000 -0.356094 0.102951
v 0.730000 -0.356094 0.111881
v 0.740000 -0.356094 0.115565
v 0.749999 -0.356094 0.110140
v 0.759973 -0.356094 0.098088
v 0.769577 -0.356094 0.072332
v 0.776434 -0.356096 0.000000
v 0.200373 -0.364382 0.070348
v 0.193159 -0.364459 0.000000
v 0.210025 -0.364375 0.095434
v 0.220001 -0.364375 0.105344
v 0.230000 -0.364375 0.105905
v 0.240000 -0.364375 0.099315
v 0.249991 -0.364368 0.086061
v 0.259866 -0.364267 0.060950
v 0.268990 -0.363593 0.000000
v 0.275341 -0.361035 0.000000
v 0.490363 -0.364382 0.063723
v 0.483101 -0.364409 0.000000
v 0.499992 -0.364441 0.069626
v 0.509958 -0.358694 0.000000
v 0.509998 -0.364682 0.069760
v 0.519998 -0.359012 0.000000
v 0.520000 -0.364722 0.069652
v 0.530002 -0.359012 0.000000
v 0.530000 -0.364722 0.069670
v 0.540043 -0.358697 0.000000
v 0.540003 -0.364682 0.070115
v 0.550033 -0.364443 0.073453
v 0.560004 -0.364399 0.086677
v 0.570001 -0.364378 0.094188
v 0.580000 -0.364376 0.100268
v 0.590000 -0.364375 0.104608
v 0.600000 -0.364375 0.105910
v 0.610000 -0.364375 0.104346
v 0.620000 -0.364375 0.098438
v 0.629990 -0.364367 0.085874
v 0.639869 -0.364267 0.060978
v 0.649056 -0.363592 0.000000
v 0.655991 -0.361017 0.000000
v 0.700827 -0.363948 0.000000
v 0.693990 -0.361069 0.000000
v 0.710081 -0.364344 0.073366
v 0.720004 -0.364374 0.096583
v 0.730000 -0.364375 0.107708
v 0.740000 -0.364375 0.113489
v 0.749999 -0.364375 0.110164
v 0.759973 -0.364375 0.098447
v 0.769577 -0.364375 0.072587
v 0.776435 -0.364375 0.000000
v 0.200079 -0.372683 0.075683
v 0.190818 -0.373050 0.000000
v 0.210004 -0.372657 0.098513
v 0.220000 -0.372656 0.106709
v 0.230000 -0.372656 0.102331
v 0.239993 -0.372652 0.088843
v 0.249879 -0.372575 0.061640
v 0.259054 -0.371875 0.000000
v 0.265921 -0.369283 0.000000
v 0.490079 -0.372683 0.073756
v 0.480816 -0.373048 0.000000
v 0.500003 -0.372660 0.090189
v 0.510000 -0.372677 0.093828
v 0.520000 -0.372679 0.094326
v 0.530000 -0.372679 0.094369
v 0.540000 -0.372677 0.094500
v 0.550001 -0.372659 0.095696
v 0.560000 -0.372657 0.100475
v 0.570000 -0.372656 0.105026
v 0.580000 -0.372656 0.107885
v 0.590000 -0.372656 0.108960
v 0.600000 -0.372656 0.105573
v 0.610000 -0.372656 0.098772
v 0.619990 -0.372648 0.085948
v 0.629869 -0.372548 0.060995
v 0.639053 -0.371872 0.000000
v 0.645926 -0.369282 0.000000
v 0.710417 -0.372591 0.058604
v 0.703330 -0.372102 0.000000
v 0.720029 -0.372653 0.088318
v 0.730001 -0.372656 0.103098
v 0.740000 -0.372656 0.110885
v 0.749999 -0.372656 0.109568
v 0.759973 -0.372656 0.098405
v 0.769577 -0.372656 0.072598
v 0.776435 -0.372656 0.000000
v 0.184054 -0.375976 0.000000
v 0.190121 -0.381019 0.061638
v 0.180946 -0.381719 0.000000
v 0.200007 -0.380942 0.088818
v 0.210000 -0.380938 0.102219
v 0.220000 -0.380937 0.106630
v 0.229996 -0.380937 0.098497
v 0.239921 -0.380910 0.075682
v 0.249182 -0.380544 0.000000
v 0.255946 -0.377618 0.000000
v 0.474059 -0.375976 0.000000
v 0.480124 -0.381019 0.061289
v 0.471013 -0.381717 0.000000
v 0.490007 -0.380942 0.088249
v 0.500000 -0.380938 0.100513
v 0.510000 -0.380938 0.105193
v 0.520000 -0.380938 0.106317
v 0.530000 -0.380938 0.106384
v 0.540000 -0.380938 0.106279
v 0.550000 -0.380938 0.106592
v 0.560000 -0.380938 0.108284
v 0.570000 -0.380937 0.110208
v 0.580000 -0.380937 0.109948
v 0.590000 -0.380937 0.106416
v 0.600000 -0.380937 0.099035
v 0.609990 -0.380929 0.085992
v 0.619869 -0.380829 0.061001
v 0.629053 -0.380153 0.000000
v 0.635926 -0.377564 0.000000
v 0.710881 -0.380546 0.000000
v 0.704640 -0.377651 0.000000
v 0.720083 -0.380910 0.075652
v 0.730004 -0.380936 0.098839
v 0.740000 -0.380937 0.108843
v 0.749999 -0.380937 0.109079
v 0.759973 -0.380937 0.098349
v 0.769577 -0.380937 0.072595
v 0.776435 -0.380938 0.000000
v 0.174074 -0.384311 0.000000
v 0.180131 -0.389327 0.061006
v 0.170947 -0.390003 0.000000
v 0.190009 -0.389226 0.086039
v 0.200000 -0.389219 0.099090
v 0.210000 -0.389219 0.105093
v 0.219999 -0.389219 0.104647
v 0.229975 -0.389219 0.095103
v 0.239626 -0.389211 0.070298
v 0.246841 -0.389135 0.000000
v 0.464719 -0.384272 0.000000
v 0.470482 -0.389304 0.055068
v 0.463777 -0.389693 0.000000
v 0.480033 -0.389225 0.083067
v 0.490001 -0.389219 0.097513
v 0.500000 -0.389219 0.106288
v 0.510000 -0.389219 0.112223
v 0.520000 -0.389219 0.114569
v 0.530000 -0.389219 0.114348
v 0.540000 -0.389219 0.113087
v 0.550000 -0.389219 0.111824
v 0.560000 -0.389219 0.110514
v 0.570000 -0.389219 0.108085
v 0.580000 -0.389219 0.104847
v 0.590000 -0.389218 0.098742
v 0.599990 -0.389211 0.085972
v 0.609869 -0.389111 0.061000
v 0.619053 -0.388434 0.000000
v 0.625926 -0.385845 0.000000
v 0.720374 -0.389212 0.070356
v 0.713162 -0.389135 0.000000
v 0.730025 -0.389219 0.095569
v 0.740001 -0.389219 0.106225
v 0.749999 -0.389219 0.108320
v 0.759973 -0.389219 0.098246
v 0.769577 -0.389219 0.072587
v 0.776435 -0.389219 0.000000
v 0.164079 -0.392593 0.000000
v 0.170134 -0.397608 0.060947
v 0.161010 -0.398282 0.000000
v 0.180010 -0.397508 0.086013
v 0.190000 -0.397500 0.099013
v 0.200000 -0.397500 0.105347
v 0.210000 -0.397500 0.105173
v 0.219999 -0.397500 0.099003
v 0.229968 -0.397494 0.085338
v 0.239525 -0.397410 0.057583
v 0.246281 -0.396976 0.000000
v 0.470482 -0.397415 0.055068
v 0.463777 -0.397025 0.000000
v 0.480033 -0.397494 0.083072
v 0.490001 -0.397500 0.097594
v 0.500000 -0.397500 0.106930
v 0.510000 -0.397500 0.114729
v 0.520000 -0.397500 0.119316
v 0.530000 -0.397500 0.117828
v 0.540000 -0.397500 0.113211
v 0.550000 -0.397500 0.108763
v 0.560000 -0.397500 0.105126
v 0.570000 -0.397499 0.100312
v 0.579999 -0.397497 0.094038
v 0.589991 -0.397474 0.084794
v 0.599869 -0.397389 0.060862
v 0.609053 -0.396715 0.000000
v 0.615926 -0.394126 0.000000
v 0.720466 -0.397437 0.058220
v 0.713718 -0.396980 0.000000
v 0.730031 -0.397497 0.088179
v 0.740001 -0.397500 0.102474
v 0.749999 -0.397500 0.107373
v 0.759973 -0.397500 0.098123
v 0.769577 -0.397500 0.072579
v 0.776435 -0.397500 0.000000
v 0.154659 -0.400841 0.000000
v 0.160427 -0.405874 0.057964
v 0.153332 -0.406339 0.000000
v 0.170031 -0.405789 0.085418
v 0.180001 -0.405782 0.099130
v 0.190000 -0.405781 0.106602
v 0.200000 -0.405781 0.108730
v 0.210000 -0.405781 0.102590
v 0.219995 -0.405777 0.088883
v 0.229899 -0.405701 0.061655
v 0.238990 -0.405002 0.000000
v 0.245285 -0.402443 0.000000
v 0.471013 -0.405002 0.000000
v 0.464719 -0.402447 0.000000
v 0.480124 -0.405700 0.061330
v 0.490007 -0.405777 0.088730
v 0.500000 -0.405781 0.103343
v 0.510000 -0.405781 0.113295
v 0.520000 -0.405781 0.119174
v 0.530000 -0.405781 0.115924
v 0.540000 -0.405781 0.108683
v 0.550000 -0.405781 0.101241
v 0.559999 -0.405779 0.094298
v 0.569996 -0.405758 0.086534
v 0.579962 -0.405711 0.071575
v 0.589888 -0.405428 0.057426
v 0.599055 -0.404945 0.000000
v 0.605926 -0.402403 0.000000
v 0.720884 -0.405392 0.000000
v 0.714695 -0.402497 0.000000
v 0.730083 -0.405754 0.075898
v 0.740004 -0.405780 0.098948
v 0.749999 -0.405781 0.106734
v 0.759973 -0.405781 0.098054
v 0.769577 -0.405781 0.072575
v 0.776435 -0.405781 0.000000
v 0.160082 -0.414094 0.073307
v 0.150831 -0.414490 0.000000
v 0.170004 -0.414064 0.096173
v 0.180000 -0.414062 0.106615
v 0.190000 -0.414062 0.111738
v 0.200000 -0.414062 0.109800
v 0.209999 -0.414062 0.099343
v 0.219967 -0.414037 0.076327
v 0.229527 -0.413689 0.000000
v 0.235986 -0.410744 0.000000
v 0.480817 -0.413671 0.000000
v 0.474059 -0.410743 0.000000
v 0.490079 -0.414035 0.075992
v 0.500004 -0.414061 0.099613
v 0.510000 -0.414062 0.111829
v 0.520000 -0.414062 0.118028
v 0.530000 -0.414062 0.113239
v 0.540000 -0.414062 0.103657
v 0.549997 -0.414060 0.090705
v 0.559974 -0.414022 0.072387
v 0.569920 -0.413719 0.057892
v 0.579486 -0.413323 0.000000
v 0.589326 -0.411301 0.000000
v 0.595966 -0.410204 0.000000
v 0.730371 -0.414060 0.072978
v 0.723143 -0.414026 0.000000
v 0.740025 -0.414062 0.098135
v 0.750000 -0.414062 0.106606
v 0.759973 -0.414062 0.098043
v 0.769577 -0.414062 0.072574
v 0.776435 -0.414062 0.000000
v 0.144060 -0.417385 0.000000
v 0.150124 -0.422426 0.061536
v 0.141009 -0.423123 0.000000
v 0.160008 -0.422348 0.088634
v 0.170000 -0.422344 0.102671
v 0.180000 -0.422344 0.111134
v 0.190000 -0.422344 0.114580
v 0.200000 -0.422344 0.109882
v 0.210000 -0.422344 0.098619
v 0.219997 -0.422360 0.075695
v 0.229968 -0.422576 0.000000
v 0.253961 -0.417952 0.000000
v 0.260568 -0.417189 0.000000
v 0.260070 -0.422733 0.055195
v 0.250470 -0.423050 0.000000
v 0.269427 -0.417190 0.000000
v 0.269896 -0.422742 0.055031
v 0.275974 -0.417971 0.000000
v 0.279059 -0.423183 0.000000
v 0.490371 -0.422341 0.073004
v 0.483140 -0.422308 0.000000
v 0.500025 -0.422344 0.098694
v 0.510001 -0.422344 0.111311
v 0.520000 -0.422344 0.117326
v 0.530000 -0.422344 0.111707
v 0.539998 -0.422343 0.099638
v 0.549955 -0.422324 0.076433
v 0.559644 -0.422049 0.000000
v 0.569345 -0.419622 0.000000
v 0.576029 -0.418503 0.000000
v 0.730420 -0.422344 0.072600
v 0.723526 -0.422342 0.000000
v 0.740027 -0.422344 0.098047
v 0.750000 -0.422344 0.106594
v 0.759973 -0.422344 0.098042
v 0.769577 -0.422344 0.072574
v 0.776435 -0.422344 0.000000
v 0.134659 -0.425684 0.000000
v 0.140427 -0.430717 0.057964
v 0.133332 -0.431183 0.000000
v 0.150030 -0.430631 0.085416
v 0.160001 -0.430625 0.099105
v 0.170000 -0.430625 0.106587
v 0.180000 -0.430625 0.111335
v 0.190000 -0.430625 0.111768
v 0.200000 -0.430625 0.106493
v 0.210000 -0.430625 0.097301
v 0.219995 -0.430623 0.081438
v 0.229969 -0.430631 0.056375
v 0.240043 -0.424557 0.000000
v 0.240033 -0.430858 0.052842
v 0.250037 -0.430688 0.065098
v 0.260004 -0.430651 0.082071
v 0.269992 -0.430653 0.082539
v 0.279900 -0.430728 0.061014
v 0.285988 -0.425706 0.000000
v 0.289480 -0.431313 0.000000
v 0.490420 -0.430625 0.072359
v 0.483527 -0.430621 0.000000
v 0.500027 -0.430625 0.098118
v 0.510001 -0.430625 0.110352
v 0.520000 -0.430625 0.116154
v 0.529999 -0.430625 0.110992
v 0.539978 -0.430625 0.098702
v 0.549687 -0.430625 0.073439
v 0.557369 -0.430624 0.000000
v 0.730423 -0.430625 0.072575
v 0.723563 -0.430625 0.000000
v 0.740027 -0.430625 0.098042
v 0.750000 -0.430625 0.106593
v 0.759973 -0.430625 0.098042
v 0.769577 -0.430625 0.072575
v 0.776437 -0.430625 0.000000
v 0.140082 -0.438938 0.073265
v 0.130831 -0.439334 0.000000
v 0.150004 -0.438907 0.095722
v 0.160000 -0.438906 0.104225
v 0.170000 -0.438906 0.106228
v 0.180000 -0.438906 0.106085
v 0.190000 -0.438906 0.104600
v 0.200000 -0.438905 0.098679
v 0.209991 -0.438899 0.085767
v 0.219903 -0.438824 0.060735
v 0.229560 -0.438490 0.000000
v 0.240439 -0.438509 0.000000
v 0.250088 -0.438854 0.058227
v 0.260006 -0.438904 0.084954
v 0.270000 -0.438907 0.093775
v 0.279994 -0.438912 0.086891
v 0.289941 -0.438973 0.071062
v 0.299242 -0.433382 0.000000
v 0.299591 -0.439245 0.054379
v 0.305379 -0.434451 0.000000
v 0.306671 -0.439534 0.000000
v 0.490425 -0.438902 0.069961
v 0.483582 -0.438858 0.000000
v 0.500028 -0.438906 0.095612
v 0.510001 -0.438906 0.107360
v 0.520000 -0.438906 0.113367
v 0.530000 -0.438906 0.109605
v 0.539998 -0.438907 0.098528
v 0.549957 -0.438925 0.075711
v 0.559687 -0.439189 0.000000
v 0.623961 -0.434517 0.000000
v 0.630568 -0.433751 0.000000
v 0.630071 -0.439297 0.055517
v 0.620470 -0.439638 0.000000
v 0.639432 -0.433751 0.000000
v 0.639929 -0.439297 0.055517
v 0.646039 -0.434517 0.000000
v 0.649530 -0.439638 0.000000
v 0.730423 -0.438906 0.072574
v 0.723565 -0.438906 0.000000
v 0.740027 -0.438906 0.098042
v 0.750000 -0.438906 0.106594
v 0.759973 -0.438906 0.098046
v 0.769580 -0.438906 0.072598
v 0.776474 -0.438908 0.000000
v 0.124060 -0.442229 0.000000
v 0.130125 -0.447270 0.061516
v 0.121013 -0.447967 0.000000
v 0.140007 -0.447192 0.088411
v 0.150000 -0.447188 0.100891
v 0.160000 -0.447187 0.103769
v 0.170000 -0.447187 0.100252
v 0.179999 -0.447184 0.095507
v 0.190000 -0.447167 0.092848
v 0.199991 -0.447160 0.084652
v 0.209870 -0.447077 0.060840
v 0.219056 -0.446406 0.000000
v 0.225994 -0.443866 0.000000
v 0.250813 -0.446799 0.000000
v 0.243987 -0.443921 0.000000
v 0.260079 -0.447160 0.075218
v 0.270004 -0.447186 0.095837
v 0.280000 -0.447188 0.098237
v 0.289995 -0.447192 0.090953
v 0.299919 -0.447237 0.072102
v 0.309169 -0.447618 0.000000
v 0.490469 -0.447125 0.058198
v 0.483757 -0.446669 0.000000
v 0.500031 -0.447184 0.088228
v 0.510001 -0.447187 0.102991
v 0.520000 -0.447188 0.110107
v 0.530000 -0.447188 0.106810
v 0.540000 -0.447187 0.097966
v 0.549997 -0.447187 0.084687
v 0.559978 -0.447206 0.068495
v 0.569971 -0.441470 0.000000
v 0.569998 -0.447472 0.064635
v 0.579999 -0.441824 0.000000
v 0.580001 -0.447533 0.064803
v 0.590000 -0.441855 0.000000
v 0.590000 -0.447537 0.067607
v 0.600002 -0.441826 0.000000
v 0.600000 -0.447535 0.069185
v 0.610044 -0.441509 0.000000
v 0.610003 -0.447495 0.070034
v 0.620033 -0.447256 0.073266
v 0.630004 -0.447213 0.085034
v 0.639996 -0.447213 0.085034
v 0.649967 -0.447256 0.073269
v 0.659957 -0.441509 0.000000
v 0.659997 -0.447495 0.070077
v 0.669995 -0.441827 0.000000
v 0.669999 -0.447535 0.069433
v 0.679936 -0.441872 0.000000
v 0.679970 -0.447539 0.067067
v 0.689280 -0.442016 0.000000
v 0.689542 -0.447567 0.053488
v 0.695324 -0.442778 0.000000
v 0.696245 -0.447784 0.000000
v 0.730423 -0.447187 0.072574
v 0.723565 -0.447188 0.000000
v 0.740027 -0.447187 0.098043
v 0.750000 -0.447188 0.106604
v 0.759975 -0.447188 0.098121
v 0.769629 -0.447190 0.072935
v 0.776857 -0.447223 0.000000
v 0.114715 -0.450525 0.000000
v 0.120475 -0.455559 0.057577
v 0.113719 -0.455993 0.000000
v 0.130033 -0.455475 0.085262
v 0.140001 -0.455469 0.098481
v 0.150000 -0.455469 0.102888
v 0.160000 -0.455469 0.098734
v 0.169996 -0.455464 0.087845
v 0.179967 -0.455403 0.073443
v 0.189991 -0.455159 0.068238
v 0.199891 -0.455075 0.056979
v 0.209055 -0.454629 0.000000
v 0.215926 -0.452091 0.000000
v 0.260371 -0.455466 0.072839
v 0.253140 -0.455433 0.000000
v 0.270025 -0.455469 0.097251
v 0.280001 -0.455469 0.104409
v 0.290000 -0.455469 0.100749
v 0.299993 -0.455474 0.088333
v 0.309875 -0.455551 0.061506
v 0.315940 -0.450510 0.000000
v 0.318987 -0.456248 0.000000
v 0.490884 -0.455079 0.000000
v 0.484698 -0.452185 0.000000
v 0.500083 -0.455442 0.075909
v 0.510004 -0.455468 0.099088
v 0.520000 -0.455469 0.107736
v 0.530000 -0.455469 0.102704
v 0.539997 -0.455467 0.090253
v 0.549977 -0.455430 0.072198
v 0.559997 -0.455169 0.065343
v 0.570002 -0.455187 0.064660
v 0.580023 -0.455453 0.068345
v 0.590003 -0.455489 0.083301
v 0.600000 -0.455491 0.091296
v 0.610000 -0.455489 0.093832
v 0.620001 -0.455472 0.095247
v 0.630000 -0.455470 0.098852
v 0.640000 -0.455470 0.098853
v 0.649999 -0.455472 0.095274
v 0.660000 -0.455489 0.094176
v 0.669999 -0.455491 0.093432
v 0.679972 -0.455492 0.088822
v 0.689575 -0.455494 0.068559
v 0.696416 -0.455521 0.000000
v 0.730423 -0.455469 0.072574
v 0.723565 -0.455469 0.000000
v 0.740027 -0.455469 0.098049
v 0.750001 -0.455469 0.106691
v 0.759996 -0.455470 0.098723
v 0.769917 -0.455496 0.075224
v 0.779113 -0.455853 0.000000
v 0.120374 -0.463758 0.070196
v 0.113162 -0.463834 0.000000
v 0.130025 -0.463750 0.094579
v 0.140001 -0.463750 0.102792
v 0.150000 -0.463750 0.100773
v 0.159994 -0.463746 0.088432
v 0.169911 -0.463676 0.062007
v 0.179526 -0.463076 0.000000
v 0.189898 -0.461134 0.000000
v 0.199367 -0.460670 0.000000
v 0.205969 -0.459846 0.000000
v 0.260419 -0.463750 0.072594
v 0.253526 -0.463748 0.000000
v 0.270027 -0.463750 0.098089
v 0.280001 -0.463750 0.107835
v 0.290000 -0.463750 0.106843
v 0.299999 -0.463750 0.099358
v 0.309967 -0.463756 0.085364
v 0.319521 -0.463840 0.057559
v 0.325282 -0.458806 0.000000
v 0.326242 -0.464273 0.000000
v 0.500371 -0.463748 0.072979
v 0.493143 -0.463714 0.000000
v 0.510025 -0.463750 0.098153
v 0.520001 -0.463750 0.106773
v 0.529997 -0.463749 0.098978
v 0.539954 -0.463731 0.076346
v 0.549657 -0.463467 0.000000
v 0.559971 -0.461220 0.000000
v 0.570029 -0.461221 0.000000
v 0.580342 -0.463468 0.000000
v 0.590046 -0.463732 0.075323
v 0.600003 -0.463750 0.096279
v 0.610000 -0.463751 0.103029
v 0.620000 -0.463750 0.104471
v 0.630000 -0.463750 0.105777
v 0.640000 -0.463750 0.105777
v 0.650000 -0.463750 0.104530
v 0.660000 -0.463751 0.103978
v 0.669999 -0.463751 0.102604
v 0.679973 -0.463751 0.095564
v 0.689577 -0.463751 0.071919
v 0.696434 -0.463752 0.000000
v 0.730423 -0.463750 0.072560
v 0.723565 -0.463750 0.000000
v 0.740027 -0.463750 0.098039
v 0.750001 -0.463750 0.106919
v 0.759999 -0.463750 0.100571
v 0.769965 -0.463750 0.082716
v 0.779485 -0.463750 0.046176
v 0.785274 -0.458681 0.000000
v 0.786051 -0.463750 0.000000
v 0.120083 -0.472058 0.074622
v 0.110885 -0.472422 0.000000
v 0.130004 -0.472031 0.095725
v 0.140000 -0.472030 0.101176
v 0.149996 -0.472029 0.095184
v 0.159918 -0.471999 0.073212
v 0.169173 -0.471605 0.000000
v 0.176010 -0.468725 0.000000
v 0.260423 -0.472031 0.072600
v 0.253561 -0.472031 0.000000
v 0.270027 -0.472031 0.098409
v 0.280001 -0.472031 0.109647
v 0.290000 -0.472031 0.111685
v 0.299999 -0.472031 0.106224
v 0.309972 -0.472031 0.095169
v 0.319574 -0.472036 0.069887
v 0.326416 -0.472079 0.000000
v 0.500419 -0.472031 0.072600
v 0.493526 -0.472029 0.000000
v 0.510027 -0.472031 0.098048
v 0.520000 -0.472031 0.106608
v 0.529975 -0.472031 0.098136
v 0.539632 -0.472030 0.073012
v 0.546905 -0.472006 0.000000
v 0.590365 -0.472030 0.072832
v 0.583058 -0.472008 0.000000
v 0.600024 -0.472031 0.096966
v 0.610001 -0.472031 0.104146
v 0.620000 -0.472031 0.104448
v 0.630000 -0.472031 0.104523
v 0.640000 -0.472030 0.104481
v 0.650000 -0.472030 0.104168
v 0.660000 -0.472030 0.103930
v 0.669999 -0.472030 0.102600
v 0.679973 -0.472030 0.095564
v 0.689577 -0.472030 0.071919
v 0.696434 -0.472029 0.000000
v 0.730423 -0.472031 0.072295
v 0.723566 -0.472029 0.000000
v 0.740027 -0.472031 0.097559
v 0.750001 -0.472031 0.105985
v 0.759996 -0.472030 0.098532
v 0.769917 -0.472004 0.075203
v 0.779113 -0.471647 0.000000
v 0.785274 -0.468819 0.000000
v 0.104700 -0.475311 0.000000
v 0.110471 -0.480351 0.054865
v 0.103775 -0.480778 0.000000
v 0.120031 -0.480293 0.081376
v 0.130001 -0.480290 0.090950
v 0.139999 -0.480290 0.092011
v 0.149970 -0.480285 0.083964
v 0.159573 -0.480217 0.057808
v 0.166668 -0.479754 0.000000
v 0.260419 -0.480313 0.072635
v 0.253526 -0.480314 0.000000
v 0.270027 -0.480312 0.098552
v 0.280001 -0.480312 0.110539
v 0.290000 -0.480312 0.114318
v 0.299999 -0.480312 0.109036
v 0.309973 -0.480312 0.097519
v 0.319577 -0.480313 0.072046
v 0.326433 -0.480313 0.000000
v 0.500423 -0.480312 0.072575
v 0.493563 -0.480312 0.000000
v 0.510027 -0.480312 0.098042
v 0.520000 -0.480312 0.106595
v 0.529973 -0.480312 0.098052
v 0.539584 -0.480313 0.072627
v 0.546517 -0.480312 0.000000
v 0.590367 -0.480315 0.072566
v 0.583099 -0.480347 0.000000
v 0.600025 -0.480313 0.095372
v 0.610001 -0.480312 0.098603
v 0.619999 -0.480309 0.095282
v 0.630000 -0.480292 0.094278
v 0.640000 -0.480290 0.094148
v 0.650000 -0.480290 0.094097
v 0.660000 -0.480290 0.094039
v 0.669999 -0.480290 0.093424
v 0.679972 -0.480290 0.088822
v 0.689575 -0.480288 0.068559
v 0.696416 -0.480260 0.000000
v 0.730425 -0.480308 0.069930
v 0.723584 -0.480264 0.000000
v 0.740027 -0.480312 0.095150
v 0.750000 -0.480312 0.103591
v 0.759975 -0.480312 0.097235
v 0.769629 -0.480310 0.072817
v 0.776859 -0.480277 0.000000
v 0.110460 -0.488219 0.051188
v 0.103773 -0.488045 0.000000
v 0.120030 -0.488242 0.065685
v 0.130001 -0.488244 0.068863
v 0.139994 -0.488241 0.067675
v 0.149888 -0.488197 0.056886
v 0.158992 -0.487756 0.000000
v 0.165341 -0.485249 0.000000
v 0.260371 -0.488596 0.073004
v 0.253143 -0.488630 0.000000
v 0.270025 -0.488594 0.098524
v 0.280001 -0.488594 0.109755
v 0.290000 -0.488594 0.111714
v 0.299999 -0.488594 0.106227
v 0.309972 -0.488594 0.095169
v 0.319574 -0.488589 0.069887
v 0.326416 -0.488546 0.000000
v 0.500423 -0.488594 0.072574
v 0.493565 -0.488594 0.000000
v 0.510027 -0.488594 0.098043
v 0.520000 -0.488594 0.106606
v 0.529975 -0.488594 0.098136
v 0.539632 -0.488595 0.073012
v 0.546906 -0.488618 0.000000
v 0.590079 -0.488620 0.074225
v 0.580812 -0.488984 0.000000
v 0.600004 -0.488594 0.091778
v 0.609995 -0.488588 0.086883
v 0.619967 -0.488528 0.073502
v 0.629997 -0.488287 0.070106
v 0.640000 -0.488246 0.069655
v 0.650000 -0.488244 0.069621
v 0.660000 -0.488244 0.069610
v 0.669999 -0.488244 0.069402
v 0.679970 -0.488242 0.067066
v 0.689542 -0.488215 0.053488
v 0.696245 -0.487997 0.000000
v 0.730469 -0.488531 0.058173
v 0.723757 -0.488075 0.000000
v 0.740031 -0.488590 0.087852
v 0.750000 -0.488594 0.099867
v 0.759973 -0.488594 0.096224
v 0.769584 -0.488594 0.072382
v 0.776513 -0.488594 0.000000
v 0.110720 -0.493766 0.000000
v 0.104677 -0.493006 0.000000
v 0.120064 -0.493907 0.000000
v 0.130000 -0.493921 0.000000
v 0.139942 -0.493907 0.000000
v 0.149369 -0.493763 0.000000
v 0.155965 -0.492968 0.000000
v 0.260082 -0.496902 0.075922
v 0.250880 -0.497265 0.000000
v 0.270004 -0.496876 0.099205
v 0.280000 -0.496875 0.108726
v 0.290000 -0.496875 0.107168
v 0.299999 -0.496875 0.099413
v 0.309967 -0.496869 0.085368
v 0.319521 -0.496785 0.057559
v 0.326242 -0.496352 0.000000
v 0.500423 -0.496875 0.072575
v 0.493565 -0.496875 0.000000
v 0.510027 -0.496875 0.098054
v 0.520001 -0.496875 0.106735
v 0.529997 -0.496876 0.098971
v 0.539954 -0.496893 0.076349
v 0.549658 -0.497135 0.000000
v 0.573989 -0.491895 0.000000
v 0.580087 -0.496944 0.057637
v 0.570470 -0.497522 0.000000
v 0.590006 -0.496858 0.080333
v 0.599992 -0.496848 0.082265
v 0.609902 -0.496772 0.061018
v 0.619527 -0.496198 0.000000
v 0.629956 -0.494275 0.000000
v 0.639998 -0.493955 0.000000
v 0.650000 -0.493924 0.000000
v 0.660000 -0.493923 0.000000
v 0.669997 -0.493922 0.000000
v 0.679936 -0.493907 0.000000
v 0.689280 -0.493765 0.000000
v 0.695324 -0.493003 0.000000
v 0.730884 -0.496486 0.000000
v 0.724698 -0.493591 0.000000
v 0.740083 -0.496848 0.075577
v 0.750003 -0.496874 0.096352
v 0.759975 -0.496875 0.095656
v 0.769629 -0.496877 0.072626
v 0.776859 -0.496911 0.000000
v 0.244640 -0.500161 0.000000
v 0.250417 -0.505222 0.058602
v 0.243334 -0.505710 0.000000
v 0.260028 -0.505160 0.088295
v 0.270001 -0.505156 0.102694
v 0.280000 -0.505156 0.108429
v 0.290000 -0.505156 0.102752
v 0.299993 -0.505152 0.088888
v 0.309876 -0.505075 0.061580
v 0.318987 -0.504377 0.000000
v 0.325282 -0.501819 0.000000
v 0.500423 -0.505156 0.072579
v 0.493565 -0.505156 0.000000
v 0.510027 -0.505156 0.098123
v 0.520001 -0.505156 0.107379
v 0.530000 -0.505156 0.102632
v 0.539997 -0.505158 0.090246
v 0.549977 -0.505192 0.072193
v 0.560013 -0.499088 0.000000
v 0.560000 -0.505416 0.065236
v 0.570029 -0.505196 0.063399
v 0.579972 -0.505093 0.063821
v 0.589991 -0.504847 0.065669
v 0.599891 -0.504763 0.056572
v 0.609059 -0.504317 0.000000
v 0.615991 -0.501795 0.000000
v 0.740371 -0.505154 0.072666
v 0.733143 -0.505120 0.000000
v 0.750025 -0.505156 0.095634
v 0.759997 -0.505157 0.096130
v 0.769917 -0.505183 0.074903
v 0.779113 -0.505541 0.000000
v 0.250085 -0.513468 0.073291
v 0.240898 -0.513863 0.000000
v 0.260004 -0.513439 0.096404
v 0.270000 -0.513438 0.106328
v 0.280000 -0.513438 0.107923
v 0.289996 -0.513436 0.098711
v 0.299921 -0.513410 0.075700
v 0.309182 -0.513044 0.000000
v 0.315941 -0.510118 0.000000
v 0.500423 -0.513438 0.072587
v 0.493565 -0.513438 0.000000
v 0.510027 -0.513438 0.098246
v 0.520001 -0.513438 0.108326
v 0.530000 -0.513438 0.106414
v 0.540000 -0.513438 0.097915
v 0.549997 -0.513437 0.084563
v 0.559973 -0.513415 0.066927
v 0.569923 -0.513098 0.053906
v 0.579527 -0.512709 0.000000
v 0.589898 -0.510819 0.000000
v 0.599367 -0.510357 0.000000
v 0.605969 -0.509533 0.000000
v 0.740419 -0.513437 0.072324
v 0.733524 -0.513436 0.000000
v 0.750027 -0.513438 0.095859
v 0.760000 -0.513438 0.097985
v 0.769965 -0.513438 0.082397
v 0.779486 -0.513438 0.046158
v 0.785274 -0.508368 0.000000
v 0.786051 -0.513438 0.000000
v 0.234696 -0.516724 0.000000
v 0.240466 -0.521783 0.058173
v 0.233718 -0.522239 0.000000
v 0.250031 -0.521722 0.087936
v 0.260001 -0.521719 0.102323
v 0.270000 -0.521719 0.108766
v 0.279999 -0.521719 0.106225
v 0.289975 -0.521719 0.095560
v 0.299627 -0.521712 0.070357
v 0.306841 -0.521635 0.000000
v 0.500423 -0.521719 0.072594
v 0.493565 -0.521719 0.000000
v 0.510027 -0.521719 0.098343
v 0.520001 -0.521719 0.109009
v 0.530000 -0.521719 0.108526
v 0.539997 -0.521718 0.098388
v 0.549952 -0.521699 0.075652
v 0.559613 -0.521423 0.000000
v 0.569344 -0.518997 0.000000
v 0.576033 -0.517879 0.000000
v 0.740419 -0.521719 0.072289
v 0.733522 -0.521720 0.000000
v 0.750027 -0.521719 0.095546
v 0.759997 -0.521718 0.096123
v 0.769920 -0.521692 0.074927
v 0.779144 -0.521335 0.000000
v 0.785277 -0.518507 0.000000
v 0.240373 -0.530007 0.070355
v 0.233159 -0.530084 0.000000
v 0.250025 -0.530000 0.095533
v 0.260001 -0.530000 0.106102
v 0.270000 -0.530000 0.108683
v 0.279999 -0.530000 0.102307
v 0.289969 -0.529997 0.087935
v 0.299534 -0.529936 0.058173
v 0.306282 -0.529480 0.000000
v 0.500423 -0.530000 0.072595
v 0.493565 -0.530000 0.000000
v 0.510027 -0.530000 0.098362
v 0.520001 -0.530000 0.109179
v 0.529999 -0.530000 0.109110
v 0.539975 -0.530000 0.098362
v 0.549632 -0.529998 0.072983
v 0.556901 -0.529974 0.000000
v 0.740368 -0.530002 0.072692
v 0.733099 -0.530026 0.000000
v 0.750024 -0.530000 0.095553
v 0.759979 -0.530000 0.095621
v 0.769684 -0.529999 0.073051
v 0.777322 -0.529990 0.000000
v 0.240079 -0.538308 0.075670
v 0.230818 -0.538675 0.000000
v 0.250004 -0.538282 0.098442
v 0.260000 -0.538281 0.106951
v 0.270000 -0.538281 0.105558
v 0.279996 -0.538280 0.096053
v 0.289915 -0.538250 0.073239
v 0.299102 -0.537856 0.000000
v 0.305304 -0.534995 0.000000
v 0.500423 -0.538281 0.072596
v 0.493565 -0.538281 0.000000
v 0.510027 -0.538281 0.098363
v 0.520001 -0.538281 0.109198
v 0.529999 -0.538281 0.109193
v 0.539973 -0.538281 0.098363
v 0.549581 -0.538281 0.072620
v 0.556476 -0.538280 0.000000
v 0.740048 -0.538301 0.076053
v 0.730387 -0.538577 0.000000
v 0.750003 -0.538282 0.096513
v 0.759998 -0.538282 0.096515
v 0.769955 -0.538301 0.076061
v 0.779638 -0.538576 0.000000
v 0.224054 -0.541601 0.000000
v 0.230121 -0.546644 0.061628
v 0.220946 -0.547344 0.000000
v 0.240007 -0.546567 0.088687
v 0.250000 -0.546563 0.101350
v 0.260000 -0.546562 0.104279
v 0.269999 -0.546562 0.098759
v 0.279969 -0.546555 0.085388
v 0.289573 -0.546470 0.057960
v 0.296665 -0.546004 0.000000
v 0.500423 -0.546562 0.072596
v 0.493565 -0.546563 0.000000
v 0.510027 -0.546562 0.098363
v 0.520001 -0.546562 0.109199
v 0.529999 -0.546562 0.109199
v 0.539973 -0.546563 0.098363
v 0.549577 -0.546563 0.072596
v 0.556437 -0.546563 0.000000
v 0.714033 -0.542137 0.000000
v 0.720661 -0.541004 0.000000
v 0.720111 -0.546914 0.057489
v 0.710945 -0.547399 0.000000
v 0.730029 -0.546603 0.072340
v 0.740003 -0.546565 0.090385
v 0.750000 -0.546562 0.100919
v 0.760000 -0.546562 0.100866
v 0.769997 -0.546565 0.090143
v 0.779949 -0.546603 0.071412
v 0.789251 -0.541002 0.000000
v 0.789540 -0.546896 0.053795
v 0.795322 -0.542102 0.000000
v 0.796244 -0.547152 0.000000
v 0.214074 -0.549936 0.000000
v 0.220131 -0.554952 0.061004
v 0.210947 -0.555628 0.000000
v 0.230009 -0.554851 0.085998
v 0.240000 -0.554844 0.098690
v 0.250000 -0.554844 0.102985
v 0.260000 -0.554844 0.098690
v 0.269991 -0.554837 0.085993
v 0.279866 -0.554736 0.060947
v 0.288990 -0.554061 0.000000
v 0.295341 -0.551503 0.000000
v 0.500423 -0.554844 0.072596
v 0.493565 -0.554844 0.000000
v 0.510027 -0.554844 0.098363
v 0.520001 -0.554844 0.109199
v 0.529999 -0.554844 0.109199
v 0.539973 -0.554844 0.098364
v 0.549577 -0.554844 0.072596
v 0.556435 -0.554844 0.000000
v 0.704074 -0.549940 0.000000
v 0.710131 -0.554955 0.060863
v 0.700944 -0.555627 0.000000
v 0.720009 -0.554869 0.084804
v 0.730001 -0.554846 0.094163
v 0.740000 -0.554844 0.101020
v 0.750000 -0.554844 0.106416
v 0.760000 -0.554844 0.105906
v 0.769999 -0.554844 0.099033
v 0.779972 -0.554846 0.088221
v 0.789573 -0.554862 0.066247
v 0.796398 -0.554848 0.000000
v 0.204079 -0.558217 0.000000
v 0.210134 -0.563233 0.060947
v 0.201010 -0.563908 0.000000
v 0.220010 -0.563133 0.085996
v 0.230000 -0.563125 0.098827
v 0.240000 -0.563125 0.104280
v 0.250000 -0.563125 0.101349
v 0.259993 -0.563121 0.088687
v 0.269879 -0.563044 0.061628
v 0.279054 -0.562344 0.000000
v 0.285921 -0.559751 0.000000
v 0.500423 -0.563125 0.072596
v 0.493565 -0.563125 0.000000
v 0.510027 -0.563125 0.098363
v 0.520001 -0.563125 0.109199
v 0.529999 -0.563125 0.109199
v 0.539973 -0.563125 0.098364
v 0.549577 -0.563125 0.072596
v 0.556435 -0.563125 0.000000
v 0.694012 -0.558202 0.000000
v 0.700099 -0.563225 0.061405
v 0.690516 -0.563813 0.000000
v 0.710009 -0.563133 0.086012
v 0.720000 -0.563126 0.098841
v 0.730000 -0.563125 0.105309
v 0.740000 -0.563125 0.109116
v 0.750000 -0.563125 0.111552
v 0.760000 -0.563125 0.109029
v 0.769999 -0.563125 0.100844
v 0.779969 -0.563122 0.086683
v 0.789531 -0.563061 0.057700
v 0.796243 -0.562609 0.000000
v 0.194659 -0.566466 0.000000
v 0.200427 -0.571499 0.057964
v 0.193332 -0.571964 0.000000
v 0.210031 -0.571414 0.085411
v 0.220001 -0.571406 0.099025
v 0.230000 -0.571406 0.105961
v 0.240000 -0.571406 0.106930
v 0.249996 -0.571405 0.098422
v 0.259921 -0.571379 0.075668
v 0.269182 -0.571013 0.000000
v 0.275946 -0.568086 0.000000
v 0.500423 -0.571406 0.072595
v 0.493565 -0.571406 0.000000
v 0.510027 -0.571406 0.098361
v 0.520001 -0.571406 0.109193
v 0.529999 -0.571406 0.109198
v 0.539973 -0.571406 0.098363
v 0.549577 -0.571406 0.072596
v 0.556435 -0.571406 0.000000
v 0.674039 -0.566983 0.000000
v 0.680674 -0.565884 0.000000
v 0.680115 -0.571760 0.057377
v 0.671008 -0.572241 0.000000
v 0.690038 -0.571474 0.071715
v 0.700005 -0.571412 0.087776
v 0.710000 -0.571406 0.099441
v 0.720000 -0.571406 0.107414
v 0.730000 -0.571406 0.113055
v 0.740000 -0.571406 0.115321
v 0.750000 -0.571406 0.113673
v 0.760000 -0.571406 0.107356
v 0.769996 -0.571405 0.096334
v 0.779915 -0.571375 0.073168
v 0.789102 -0.570981 0.000000
v 0.795301 -0.568120 0.000000
v 0.200082 -0.579719 0.073304
v 0.190831 -0.580115 0.000000
v 0.210004 -0.579689 0.096107
v 0.220000 -0.579687 0.105962
v 0.230000 -0.579687 0.109039
v 0.239999 -0.579687 0.105612
v 0.249975 -0.579687 0.095224
v 0.259626 -0.579680 0.070306
v 0.266841 -0.579603 0.000000
v 0.500423 -0.579687 0.072579
v 0.493565 -0.579687 0.000000
v 0.510027 -0.579687 0.098315
v 0.520001 -0.579687 0.109107
v 0.529999 -0.579687 0.109179
v 0.539973 -0.579687 0.098362
v 0.549577 -0.579687 0.072596
v 0.556435 -0.579687 0.000000
v 0.664656 -0.574750 0.000000
v 0.670424 -0.579782 0.057854
v 0.663288 -0.580235 0.000000
v 0.680030 -0.579712 0.084187
v 0.690002 -0.579691 0.094043
v 0.700000 -0.579688 0.100918
v 0.710000 -0.579687 0.107792
v 0.720000 -0.579687 0.114300
v 0.730000 -0.579687 0.119280
v 0.740000 -0.579687 0.119234
v 0.750000 -0.579687 0.113158
v 0.759999 -0.579687 0.103391
v 0.769971 -0.579684 0.088338
v 0.779583 -0.579622 0.058596
v 0.786666 -0.579134 0.000000
v 0.184056 -0.583010 0.000000
v 0.190121 -0.588051 0.061596
v 0.180946 -0.588750 0.000000
v 0.200007 -0.587973 0.088646
v 0.210000 -0.587969 0.102457
v 0.220000 -0.587969 0.108902
v 0.230000 -0.587969 0.106917
v 0.239999 -0.587969 0.099360
v 0.249968 -0.587962 0.085374
v 0.259525 -0.587879 0.057585
v 0.266281 -0.587444 0.000000
v 0.500423 -0.587969 0.072316
v 0.493566 -0.587966 0.000000
v 0.510027 -0.587969 0.097871
v 0.520001 -0.587969 0.108486
v 0.529999 -0.587969 0.109008
v 0.539973 -0.587969 0.098343
v 0.549577 -0.587969 0.072595
v 0.556437 -0.587969 0.000000
v 0.670049 -0.587992 0.073688
v 0.660360 -0.588290 0.000000
v 0.680003 -0.587970 0.095769
v 0.690000 -0.587969 0.104749
v 0.700000 -0.587969 0.109566
v 0.710000 -0.587969 0.114849
v 0.720000 -0.587969 0.120609
v 0.730000 -0.587969 0.124147
v 0.740000 -0.587969 0.120829
v 0.750000 -0.587969 0.112187
v 0.759996 -0.587968 0.099646
v 0.769918 -0.587942 0.075951
v 0.779120 -0.587579 0.000000
v 0.785360 -0.584682 0.000000
v 0.174074 -0.591342 0.000000
v 0.180131 -0.596358 0.061008
v 0.170947 -0.597034 0.000000
v 0.190009 -0.596257 0.086085
v 0.200000 -0.596250 0.099552
v 0.210000 -0.596250 0.107347
v 0.220000 -0.596250 0.109641
v 0.230000 -0.596250 0.102941
v 0.239995 -0.596246 0.088937
v 0.249898 -0.596170 0.061653
v 0.258990 -0.595471 0.000000
v 0.265285 -0.592912 0.000000
v 0.500425 -0.596246 0.069951
v 0.493584 -0.596202 0.000000
v 0.510028 -0.596250 0.095471
v 0.520001 -0.596250 0.106186
v 0.529999 -0.596250 0.108314
v 0.539973 -0.596250 0.098251
v 0.549581 -0.596250 0.072613
v 0.556474 -0.596252 0.000000
v 0.633965 -0.591857 0.000000
v 0.640628 -0.591046 0.000000
v 0.640076 -0.596636 0.057411
v 0.630473 -0.596982 0.000000
v 0.650089 -0.590550 0.000000
v 0.650007 -0.596557 0.068315
v 0.660024 -0.596290 0.074039
v 0.670003 -0.596252 0.090555
v 0.680000 -0.596250 0.102972
v 0.690000 -0.596250 0.111486
v 0.700000 -0.596250 0.116937
v 0.710000 -0.596250 0.121704
v 0.720000 -0.596250 0.126508
v 0.730000 -0.596250 0.127951
v 0.740000 -0.596250 0.121803
v 0.749999 -0.596250 0.112011
v 0.759975 -0.596250 0.098787
v 0.769629 -0.596248 0.073021
v 0.776857 -0.596214 0.000000
v 0.164079 -0.599624 0.000000
v 0.170134 -0.604639 0.060948
v 0.161010 -0.605314 0.000000
v 0.180010 -0.604539 0.086033
v 0.190000 -0.604532 0.099292
v 0.200000 -0.604531 0.107336
v 0.210000 -0.604531 0.112125
v 0.220000 -0.604531 0.110101
v 0.229999 -0.604530 0.099483
v 0.239965 -0.604506 0.076370
v 0.249492 -0.604167 0.000000
v 0.255984 -0.601214 0.000000
v 0.500469 -0.604468 0.058195
v 0.493757 -0.604013 0.000000
v 0.510031 -0.604528 0.088174
v 0.520001 -0.604531 0.102472
v 0.529999 -0.604531 0.107385
v 0.539975 -0.604531 0.098216
v 0.549629 -0.604534 0.072985
v 0.556860 -0.604567 0.000000
v 0.604031 -0.600154 0.000000
v 0.610633 -0.599330 0.000000
v 0.610109 -0.604925 0.056979
v 0.600945 -0.605371 0.000000
v 0.620102 -0.598868 0.000000
v 0.620009 -0.604841 0.068230
v 0.630033 -0.604600 0.073297
v 0.640004 -0.604557 0.086538
v 0.650000 -0.604552 0.093013
v 0.660001 -0.604533 0.095681
v 0.670000 -0.604531 0.101471
v 0.680000 -0.604531 0.108895
v 0.690000 -0.604531 0.116747
v 0.700000 -0.604531 0.123506
v 0.710000 -0.604531 0.128526
v 0.720000 -0.604531 0.131918
v 0.730000 -0.604531 0.130086
v 0.740000 -0.604531 0.122188
v 0.749999 -0.604531 0.112010
v 0.759973 -0.604531 0.098695
v 0.769580 -0.604531 0.072642
v 0.776474 -0.604530 0.000000
v 0.154659 -0.607872 0.000000
v 0.160427 -0.612905 0.057962
v 0.153335 -0.613371 0.000000
v 0.170031 -0.612820 0.085423
v 0.180001 -0.612813 0.099222
v 0.190000 -0.612813 0.107540
v 0.200000 -0.612813 0.113845
v 0.210000 -0.612813 0.116721
v 0.220000 -0.612813 0.111429
v 0.229999 -0.612813 0.099660
v 0.239962 -0.612838 0.076323
v 0.249428 -0.613175 0.000000
v 0.500884 -0.612423 0.000000
v 0.494698 -0.609529 0.000000
v 0.510083 -0.612785 0.075898
v 0.520004 -0.612812 0.098960
v 0.530000 -0.612813 0.106875
v 0.539996 -0.612814 0.098967
v 0.549921 -0.612840 0.075962
v 0.559187 -0.613201 0.000000
v 0.594074 -0.607909 0.000000
v 0.600131 -0.612923 0.060855
v 0.590944 -0.613594 0.000000
v 0.610009 -0.612840 0.084657
v 0.620000 -0.612833 0.092854
v 0.630001 -0.612816 0.095566
v 0.640000 -0.612813 0.100551
v 0.650000 -0.612813 0.104950
v 0.660000 -0.612813 0.106972
v 0.670000 -0.612813 0.109932
v 0.680000 -0.612813 0.115167
v 0.690000 -0.612813 0.121999
v 0.700000 -0.612813 0.129204
v 0.710000 -0.612813 0.134954
v 0.720000 -0.612813 0.136772
v 0.730000 -0.612813 0.131524
v 0.740000 -0.612813 0.122389
v 0.749999 -0.612813 0.112022
v 0.759973 -0.612813 0.098691
v 0.769577 -0.612813 0.072617
v 0.776437 -0.612813 0.000000
v 0.160085 -0.621126 0.073252
v 0.150894 -0.621519 0.000000
v 0.170004 -0.621095 0.096203
v 0.180000 -0.621094 0.106955
v 0.190000 -0.621094 0.114117
v 0.200000 -0.621094 0.119395
v 0.210000 -0.621094 0.120190
v 0.220000 -0.621094 0.113580
v 0.229999 -0.621094 0.103438
v 0.239971 -0.621097 0.088280
v 0.249553 -0.621156 0.058269
v 0.255345 -0.616094 0.000000
v 0.256247 -0.621612 0.000000
v 0.510371 -0.621091 0.072984
v 0.503141 -0.621058 0.000000
v 0.520025 -0.621094 0.098217
v 0.530001 -0.621094 0.107397
v 0.540000 -0.621094 0.102583
v 0.549994 -0.621097 0.088904
v 0.559913 -0.621149 0.062140
v 0.566013 -0.616080 0.000000
v 0.569561 -0.621509 0.000000
v 0.584006 -0.616134 0.000000
v 0.590097 -0.621176 0.061504
v 0.580440 -0.621512 0.000000
v 0.600009 -0.621101 0.086010
v 0.610000 -0.621095 0.098772
v 0.620000 -0.621094 0.104740
v 0.630000 -0.621094 0.106936
v 0.640000 -0.621094 0.109663
v 0.650000 -0.621094 0.113358
v 0.660000 -0.621094 0.115573
v 0.670000 -0.621094 0.117848
v 0.680000 -0.621094 0.121956
v 0.690000 -0.621094 0.127837
v 0.700000 -0.621094 0.134709
v 0.710000 -0.621094 0.140294
v 0.720000 -0.621094 0.139732
v 0.730000 -0.621094 0.132229
v 0.740000 -0.621094 0.122472
v 0.749999 -0.621094 0.112027
v 0.759973 -0.621094 0.098691
v 0.769577 -0.621094 0.072616
v 0.776435 -0.621094 0.000000
v 0.144641 -0.624383 0.000000
v 0.150418 -0.629442 0.058556
v 0.143330 -0.629929 0.000000
v 0.160028 -0.629378 0.088067
v 0.170001 -0.629375 0.102848
v 0.180000 -0.629375 0.112218
v 0.190000 -0.629375 0.119116
v 0.200000 -0.629375 0.123184
v 0.210000 -0.629375 0.122688
v 0.220000 -0.629375 0.116568
v 0.229999 -0.629375 0.107756
v 0.239973 -0.629375 0.095639
v 0.249576 -0.629379 0.069965
v 0.256419 -0.629423 0.000000
v 0.510416 -0.629375 0.072639
v 0.503487 -0.629375 0.000000
v 0.520027 -0.629375 0.098266
v 0.530001 -0.629375 0.108436
v 0.540000 -0.629375 0.106986
v 0.550000 -0.629375 0.099526
v 0.559996 -0.629378 0.087900
v 0.569970 -0.629404 0.074013
v 0.580030 -0.629404 0.074027
v 0.590005 -0.629379 0.087935
v 0.600000 -0.629375 0.099431
v 0.610000 -0.629375 0.107375
v 0.620000 -0.629375 0.112922
v 0.630000 -0.629375 0.115514
v 0.640000 -0.629375 0.117727
v 0.650000 -0.629375 0.120981
v 0.660000 -0.629375 0.123608
v 0.670000 -0.629375 0.125699
v 0.680000 -0.629375 0.129094
v 0.690000 -0.629375 0.134113
v 0.700000 -0.629375 0.140076
v 0.710000 -0.629375 0.144182
v 0.720000 -0.629375 0.141100
v 0.730000 -0.629375 0.132462
v 0.740000 -0.629375 0.122493
v 0.749999 -0.629375 0.112028
v 0.759973 -0.629375 0.098691
v 0.769577 -0.629375 0.072616
v 0.776435 -0.629375 0.000000
v 0.150082 -0.637687 0.073358
v 0.140831 -0.638084 0.000000
v 0.160004 -0.637657 0.096513
v 0.170000 -0.637656 0.107543
v 0.180000 -0.637656 0.114844
v 0.190000 -0.637656 0.119876
v 0.200000 -0.637656 0.122019
v 0.210000 -0.637656 0.122042
v 0.220000 -0.637656 0.118550
v 0.229999 -0.637656 0.110611
v 0.239973 -0.637656 0.098133
v 0.249580 -0.637656 0.072359
v 0.256473 -0.637660 0.000000
v 0.510371 -0.637659 0.073006
v 0.503138 -0.637692 0.000000
v 0.520025 -0.637656 0.098490
v 0.530001 -0.637656 0.109472
v 0.540000 -0.637656 0.110736
v 0.550000 -0.637656 0.106071
v 0.560000 -0.637656 0.100047
v 0.569999 -0.637657 0.095292
v 0.580001 -0.637657 0.095490
v 0.590000 -0.637656 0.100804
v 0.600000 -0.637656 0.107581
v 0.610000 -0.637656 0.114197
v 0.620000 -0.637656 0.119939
v 0.630000 -0.637656 0.123394
v 0.640000 -0.637656 0.125610
v 0.650000 -0.637656 0.128550
v 0.660000 -0.637656 0.131459
v 0.670000 -0.637656 0.133280
v 0.680000 -0.637656 0.135703
v 0.690000 -0.637656 0.139240
v 0.700000 -0.637656 0.143263
v 0.710000 -0.637656 0.144985
v 0.720000 -0.637656 0.140900
v 0.730000 -0.637656 0.132369
v 0.740000 -0.637656 0.122481
v 0.749999 -0.637656 0.112028
v 0.759973 -0.637656 0.098691
v 0.769577 -0.637656 0.072617
v 0.776437 -0.637656 0.000000
v 0.134056 -0.640979 0.000000
v 0.140121 -0.646020 0.061591
v 0.130946 -0.646719 0.000000
v 0.150007 -0.645942 0.088598
v 0.160000 -0.645938 0.102316
v 0.170000 -0.645937 0.109667
v 0.180000 -0.645937 0.113158
v 0.190000 -0.645937 0.114872
v 0.200000 -0.645937 0.115695
v 0.210000 -0.645937 0.116917
v 0.220000 -0.645937 0.116935
v 0.229999 -0.645937 0.110957
v 0.239975 -0.645938 0.098641
v 0.249629 -0.645940 0.072999
v 0.256857 -0.645974 0.000000
v 0.343006 -0.641811 0.000000
v 0.346287 -0.641784 0.000000
v 0.346843 -0.646640 0.000000
v 0.340586 -0.646814 0.000000
v 0.510079 -0.645965 0.075983
v 0.500817 -0.646329 0.000000
v 0.520004 -0.645938 0.099300
v 0.530000 -0.645937 0.109604
v 0.540000 -0.645937 0.110883
v 0.550000 -0.645937 0.107083
v 0.560000 -0.645937 0.103548
v 0.570000 -0.645937 0.102311
v 0.580000 -0.645937 0.103564
v 0.590000 -0.645937 0.107328
v 0.600000 -0.645937 0.112955
v 0.610000 -0.645937 0.119415
v 0.620000 -0.645937 0.125684
v 0.630000 -0.645937 0.130492
v 0.640000 -0.645937 0.133000
v 0.650000 -0.645937 0.135314
v 0.660000 -0.645937 0.137641
v 0.670000 -0.645937 0.138197
v 0.680000 -0.645937 0.138338
v 0.690000 -0.645937 0.138812
v 0.700000 -0.645937 0.139765
v 0.710000 -0.645937 0.140000
v 0.720000 -0.645937 0.137695
v 0.730000 -0.645937 0.131452
v 0.740000 -0.645937 0.122355
v 0.749999 -0.645937 0.112022
v 0.759973 -0.645937 0.098696
v 0.769580 -0.645938 0.072642
v 0.776474 -0.645939 0.000000
v 0.124074 -0.649311 0.000000
v 0.130131 -0.654327 0.061002
v 0.120947 -0.655003 0.000000
v 0.140009 -0.654226 0.086003
v 0.150000 -0.654219 0.098982
v 0.160000 -0.654219 0.105334
v 0.170000 -0.654219 0.107112
v 0.180000 -0.654219 0.106625
v 0.190000 -0.654218 0.106574
v 0.200000 -0.654219 0.107174
v 0.210000 -0.654219 0.109609
v 0.220000 -0.654219 0.112472
v 0.230000 -0.654219 0.110085
v 0.239996 -0.654220 0.099377
v 0.249917 -0.654246 0.075928
v 0.259116 -0.654608 0.000000
v 0.334666 -0.649282 0.000000
v 0.340394 -0.654341 0.040859
v 0.333752 -0.654743 0.000000
v 0.349138 -0.654653 0.000000
v 0.494054 -0.649257 0.000000
v 0.500121 -0.654300 0.061634
v 0.490942 -0.654999 0.000000
v 0.510007 -0.654223 0.088808
v 0.520000 -0.654219 0.102381
v 0.530000 -0.654219 0.108471
v 0.540000 -0.654219 0.106582
v 0.550000 -0.654219 0.100710
v 0.559999 -0.654218 0.095485
v 0.570001 -0.654218 0.095292
v 0.580000 -0.654219 0.100064
v 0.590000 -0.654219 0.106337
v 0.600000 -0.654219 0.113007
v 0.610000 -0.654219 0.120292
v 0.620000 -0.654219 0.127904
v 0.630000 -0.654219 0.134414
v 0.640000 -0.654219 0.136977
v 0.650000 -0.654219 0.137579
v 0.660000 -0.654219 0.137518
v 0.670000 -0.654219 0.135450
v 0.680000 -0.654219 0.133372
v 0.690000 -0.654219 0.132371
v 0.700000 -0.654219 0.132254
v 0.710000 -0.654219 0.132236
v 0.720000 -0.654219 0.131624
v 0.730000 -0.654219 0.128864
v 0.740000 -0.654219 0.121823
v 0.749999 -0.654219 0.112001
v 0.759975 -0.654219 0.098786
v 0.769629 -0.654221 0.073023
v 0.776860 -0.654255 0.000000
v 0.114079 -0.657592 0.000000
v 0.120134 -0.662608 0.060938
v 0.111014 -0.663282 0.000000
v 0.130010 -0.662508 0.085947
v 0.140000 -0.662500 0.098623
v 0.150000 -0.662500 0.104361
v 0.160000 -0.662500 0.104603
v 0.170000 -0.662500 0.100474
v 0.179999 -0.662497 0.095724
v 0.190000 -0.662482 0.094673
v 0.200001 -0.662498 0.095847
v 0.210000 -0.662500 0.101340
v 0.220000 -0.662500 0.107551
v 0.230000 -0.662500 0.109646
v 0.239999 -0.662500 0.102836
v 0.249969 -0.662503 0.088211
v 0.259531 -0.662563 0.058197
v 0.265302 -0.657502 0.000000
v 0.266243 -0.663019 0.000000
v 0.340394 -0.662509 0.060878
v 0.333582 -0.662548 0.000000
v 0.349562 -0.662565 0.053653
v 0.355306 -0.657506 0.000000
v 0.356286 -0.663020 0.000000
v 0.484009 -0.657576 0.000000
v 0.490098 -0.662600 0.061406
v 0.480475 -0.663177 0.000000
v 0.500008 -0.662507 0.085917
v 0.510000 -0.662500 0.098486
v 0.520000 -0.662500 0.103749
v 0.530000 -0.662500 0.104001
v 0.540000 -0.662499 0.098809
v 0.549995 -0.662496 0.087874
v 0.559970 -0.662471 0.074024
v 0.570030 -0.662471 0.074013
v 0.580004 -0.662497 0.087911
v 0.590000 -0.662500 0.099695
v 0.600000 -0.662500 0.108595
v 0.610000 -0.662500 0.117160
v 0.620000 -0.662500 0.125563
v 0.630000 -0.662500 0.131755
v 0.640000 -0.662500 0.132675
v 0.650000 -0.662500 0.132070
v 0.660000 -0.662500 0.131193
v 0.670000 -0.662500 0.128542
v 0.680000 -0.662500 0.125723
v 0.690000 -0.662500 0.124294
v 0.700000 -0.662500 0.123978
v 0.710000 -0.662500 0.123964
v 0.720000 -0.662500 0.124028
v 0.730000 -0.662500 0.123686
v 0.740000 -0.662500 0.120239
v 0.750000 -0.662500 0.112053
v 0.759996 -0.662501 0.099637
v 0.769921 -0.662527 0.076009
v 0.779187 -0.662891 0.000000
v 0.104715 -0.665838 0.000000
v 0.110475 -0.670871 0.057579
v 0.103717 -0.671305 0.000000
v 0.120033 -0.670789 0.085261
v 0.130001 -0.670781 0.098547
v 0.140000 -0.670781 0.104318
v 0.150000 -0.670781 0.104330
v 0.160000 -0.670781 0.098778
v 0.169995 -0.670775 0.087844
v 0.179967 -0.670718 0.073624
v 0.189999 -0.670519 0.070662
v 0.200023 -0.670744 0.074218
v 0.210003 -0.670779 0.090536
v 0.220000 -0.670781 0.102625
v 0.230000 -0.670781 0.108878
v 0.239999 -0.670781 0.106243
v 0.249972 -0.670781 0.095479
v 0.259575 -0.670785 0.069952
v 0.266417 -0.670829 0.000000
v 0.340398 -0.670782 0.066069
v 0.333565 -0.670784 0.000000
v 0.349657 -0.670787 0.065052
v 0.356886 -0.670855 0.000000
v 0.453965 -0.666388 0.000000
v 0.460628 -0.665579 0.000000
v 0.460076 -0.671167 0.057391
v 0.450473 -0.671514 0.000000
v 0.470102 -0.665116 0.000000
v 0.470008 -0.671090 0.068225
v 0.480033 -0.670847 0.073360
v 0.490005 -0.670787 0.087516
v 0.500000 -0.670781 0.097907
v 0.510000 -0.670781 0.101942
v 0.520000 -0.670781 0.099515
v 0.529999 -0.670778 0.093913
v 0.539992 -0.670757 0.084809
v 0.549903 -0.670697 0.061364
v 0.559560 -0.670363 0.000000
v 0.570439 -0.670366 0.000000
v 0.580086 -0.670726 0.062149
v 0.590006 -0.670778 0.088989
v 0.600000 -0.670781 0.103568
v 0.610000 -0.670781 0.113904
v 0.620000 -0.670781 0.122285
v 0.630000 -0.670781 0.126268
v 0.640000 -0.670781 0.125405
v 0.650000 -0.670781 0.124180
v 0.660000 -0.670781 0.123276
v 0.670000 -0.670781 0.120947
v 0.680000 -0.670781 0.117775
v 0.690000 -0.670781 0.116002
v 0.700000 -0.670781 0.115592
v 0.710000 -0.670781 0.115589
v 0.720000 -0.670781 0.115947
v 0.730000 -0.670781 0.117185
v 0.740000 -0.670781 0.117570
v 0.750000 -0.670781 0.112729
v 0.760000 -0.670781 0.103427
v 0.769994 -0.670785 0.088986
v 0.779910 -0.670855 0.062050
v 0.786008 -0.665804 0.000000
v 0.789485 -0.671466 0.000000
v 0.110371 -0.679069 0.070306
v 0.103115 -0.679136 0.000000
v 0.120025 -0.679063 0.094882
v 0.130001 -0.679062 0.103785
v 0.140000 -0.679062 0.104277
v 0.150000 -0.679062 0.098619
v 0.159991 -0.679055 0.085974
v 0.169902 -0.678963 0.061434
v 0.179528 -0.678411 0.000000
v 0.189988 -0.676848 0.000000
v 0.200356 -0.678766 0.000000
v 0.210049 -0.679041 0.073787
v 0.220003 -0.679062 0.096430
v 0.230000 -0.679062 0.106284
v 0.239999 -0.679062 0.107657
v 0.249973 -0.679062 0.097759
v 0.259577 -0.679063 0.072309
v 0.266436 -0.679065 0.000000
v 0.340420 -0.679063 0.067240
v 0.333565 -0.679062 0.000000
v 0.349981 -0.679082 0.070223
v 0.359657 -0.679349 0.000000
v 0.423965 -0.674669 0.000000
v 0.430628 -0.673860 0.000000
v 0.430076 -0.679448 0.057391
v 0.420470 -0.679794 0.000000
v 0.440101 -0.673400 0.000000
v 0.440008 -0.679372 0.068217
v 0.450033 -0.679131 0.073218
v 0.460004 -0.679088 0.086261
v 0.470000 -0.679083 0.092474
v 0.480001 -0.679066 0.094623
v 0.490000 -0.679063 0.098221
v 0.500000 -0.679062 0.100660
v 0.510000 -0.679062 0.097803
v 0.519995 -0.679056 0.087542
v 0.529962 -0.678995 0.071699
v 0.539889 -0.678709 0.057435
v 0.549059 -0.678229 0.000000
v 0.555994 -0.675737 0.000000
v 0.580784 -0.678675 0.000000
v 0.573985 -0.675795 0.000000
v 0.590076 -0.679036 0.076034
v 0.600004 -0.679061 0.099641
v 0.610000 -0.679062 0.112001
v 0.620000 -0.679062 0.119550
v 0.630000 -0.679062 0.120308
v 0.640000 -0.679062 0.117710
v 0.650000 -0.679062 0.115951
v 0.660000 -0.679062 0.115151
v 0.670000 -0.679062 0.113310
v 0.680000 -0.679062 0.109679
v 0.690000 -0.679062 0.107186
v 0.700000 -0.679062 0.106589
v 0.710000 -0.679062 0.106590
v 0.720000 -0.679062 0.107191
v 0.730000 -0.679062 0.109698
v 0.740000 -0.679062 0.113168
v 0.750000 -0.679062 0.113231
v 0.760000 -0.679062 0.108018
v 0.770000 -0.679063 0.099777
v 0.779995 -0.679068 0.087821
v 0.789962 -0.679130 0.071699
v 0.799326 -0.673540 0.000000
v 0.799885 -0.679416 0.057354
v 0.805961 -0.674640 0.000000
v 0.808988 -0.679897 0.000000
v 0.110047 -0.687363 0.075952
v 0.100346 -0.687631 0.000000
v 0.120003 -0.687344 0.097381
v 0.130000 -0.687344 0.102949
v 0.140000 -0.687343 0.098456
v 0.149990 -0.687336 0.085939
v 0.159869 -0.687236 0.061000
v 0.169056 -0.686560 0.000000
v 0.175991 -0.683988 0.000000
v 0.210414 -0.687279 0.058635
v 0.203287 -0.686802 0.000000
v 0.220028 -0.687340 0.088271
v 0.230001 -0.687344 0.102485
v 0.239999 -0.687344 0.107287
v 0.249973 -0.687344 0.098080
v 0.259580 -0.687344 0.072588
v 0.266474 -0.687346 0.000000
v 0.340423 -0.687344 0.069562
v 0.333566 -0.687341 0.000000
v 0.350025 -0.687346 0.083976
v 0.359978 -0.687382 0.073211
v 0.369970 -0.681627 0.000000
v 0.369998 -0.687649 0.069809
v 0.379999 -0.681981 0.000000
v 0.380000 -0.687691 0.069343
v 0.390000 -0.682012 0.000000
v 0.390000 -0.687694 0.069313
v 0.400002 -0.681983 0.000000
v 0.400000 -0.687691 0.069362
v 0.410044 -0.681666 0.000000
v 0.410003 -0.687651 0.069910
v 0.420033 -0.687412 0.073336
v 0.430004 -0.687370 0.086265
v 0.440000 -0.687364 0.092473
v 0.450001 -0.687347 0.094613
v 0.460000 -0.687345 0.098140
v 0.470000 -0.687344 0.100657
v 0.480000 -0.687343 0.100650
v 0.490000 -0.687343 0.098008
v 0.499999 -0.687340 0.093297
v 0.509992 -0.687319 0.084688
v 0.519901 -0.687241 0.061252
v 0.529484 -0.686656 0.000000
v 0.539326 -0.684584 0.000000
v 0.545966 -0.683485 0.000000
v 0.590319 -0.687344 0.073425
v 0.582716 -0.687344 0.000000
v 0.600022 -0.687344 0.098788
v 0.610001 -0.687344 0.111064
v 0.620000 -0.687344 0.116564
v 0.630000 -0.687344 0.114242
v 0.640000 -0.687344 0.109852
v 0.650000 -0.687344 0.107183
v 0.660000 -0.687343 0.106350
v 0.670000 -0.687343 0.104879
v 0.680000 -0.687343 0.100557
v 0.689999 -0.687341 0.095738
v 0.700000 -0.687323 0.094528
v 0.710000 -0.687323 0.094531
v 0.720001 -0.687341 0.095791
v 0.730000 -0.687344 0.101061
v 0.740000 -0.687344 0.107381
v 0.750000 -0.687344 0.111784
v 0.760000 -0.687344 0.111782
v 0.770000 -0.687344 0.107347
v 0.780000 -0.687344 0.100752
v 0.789998 -0.687347 0.093769
v 0.799967 -0.687369 0.083826
v 0.809521 -0.687436 0.057178
v 0.815282 -0.682404 0.000000
v 0.816241 -0.687864 0.000000
v 0.074031 -0.691248 0.000000
v 0.080633 -0.690422 0.000000
v 0.080109 -0.696019 0.056981
v 0.070945 -0.696465 0.000000
v 0.090089 -0.689923 0.000000
v 0.090008 -0.695932 0.068289
v 0.100023 -0.695664 0.074016
v 0.110003 -0.695627 0.090149
v 0.120000 -0.695625 0.099319
v 0.130000 -0.695625 0.097750
v 0.139991 -0.695618 0.085860
v 0.149869 -0.695517 0.060993
v 0.159053 -0.694841 0.000000
v 0.165926 -0.692251 0.000000
v 0.210880 -0.695235 0.000000
v 0.204636 -0.692340 0.000000
v 0.220082 -0.695598 0.075903
v 0.230004 -0.695624 0.098949
v 0.239999 -0.695625 0.106740
v 0.249975 -0.695625 0.098144
v 0.259629 -0.695627 0.072978
v 0.266857 -0.695661 0.000000
v 0.340426 -0.695620 0.069108
v 0.333584 -0.695577 0.000000
v 0.350028 -0.695624 0.090423
v 0.360000 -0.695626 0.091872
v 0.370000 -0.695645 0.091509
v 0.380000 -0.695647 0.091437
v 0.390000 -0.695647 0.091451
v 0.400000 -0.695648 0.091660
v 0.410000 -0.695645 0.092658
v 0.420001 -0.695628 0.094482
v 0.430000 -0.695626 0.098120
v 0.440000 -0.695626 0.100657
v 0.450000 -0.695624 0.100658
v 0.460000 -0.695624 0.098140
v 0.469999 -0.695622 0.094612
v 0.480000 -0.695605 0.092467
v 0.489996 -0.695599 0.086119
v 0.499962 -0.695554 0.071500
v 0.509888 -0.695271 0.057419
v 0.519059 -0.694789 0.000000
v 0.525988 -0.692263 0.000000
v 0.590076 -0.695652 0.076009
v 0.580788 -0.696015 0.000000
v 0.600004 -0.695626 0.099339
v 0.610000 -0.695625 0.109914
v 0.620000 -0.695625 0.112025
v 0.630000 -0.695625 0.107517
v 0.640000 -0.695625 0.101079
v 0.649999 -0.695622 0.095781
v 0.660000 -0.695605 0.094358
v 0.670000 -0.695602 0.092866
v 0.679996 -0.695599 0.086536
v 0.689967 -0.695557 0.073447
v 0.699997 -0.695321 0.070147
v 0.710003 -0.695321 0.070155
v 0.720033 -0.695560 0.073602
v 0.730005 -0.695620 0.087979
v 0.740000 -0.695625 0.099783
v 0.750000 -0.695625 0.108015
v 0.760000 -0.695625 0.113196
v 0.770000 -0.695625 0.112886
v 0.780000 -0.695625 0.108245
v 0.789999 -0.695625 0.102561
v 0.799972 -0.695626 0.092570
v 0.809572 -0.695626 0.067371
v 0.816398 -0.695625 0.000000
v 0.064079 -0.699003 0.000000
v 0.070134 -0.704017 0.060791
v 0.061014 -0.704689 0.000000
v 0.080009 -0.703934 0.084643
v 0.090000 -0.703927 0.092782
v 0.100001 -0.703908 0.095205
v 0.110000 -0.703906 0.099143
v 0.120000 -0.703906 0.099040
v 0.129993 -0.703902 0.088069
v 0.139879 -0.703824 0.061545
v 0.149054 -0.703125 0.000000
v 0.155926 -0.700533 0.000000
v 0.220371 -0.703904 0.072978
v 0.213143 -0.703870 0.000000
v 0.230025 -0.703906 0.098144
v 0.240001 -0.703906 0.106739
v 0.249996 -0.703907 0.098947
v 0.259917 -0.703933 0.075898
v 0.269116 -0.704296 0.000000
v 0.340479 -0.703813 0.057307
v 0.333758 -0.703383 0.000000
v 0.350033 -0.703879 0.083209
v 0.360001 -0.703883 0.090225
v 0.370000 -0.703884 0.091313
v 0.380000 -0.703884 0.091431
v 0.390000 -0.703887 0.091569
v 0.400001 -0.703904 0.092677
v 0.410000 -0.703906 0.096914
v 0.420000 -0.703906 0.099637
v 0.430000 -0.703905 0.098001
v 0.439999 -0.703903 0.094602
v 0.450000 -0.703886 0.092473
v 0.459996 -0.703880 0.086261
v 0.469967 -0.703838 0.073218
v 0.479992 -0.703597 0.068216
v 0.489922 -0.703520 0.057365
v 0.499486 -0.703163 0.000000
v 0.509326 -0.701144 0.000000
v 0.515966 -0.700048 0.000000
v 0.574052 -0.698945 0.000000
v 0.580120 -0.703987 0.061639
v 0.570946 -0.704688 0.000000
v 0.590007 -0.703910 0.088809
v 0.600000 -0.703906 0.102383
v 0.610000 -0.703906 0.108492
v 0.620000 -0.703906 0.106568
v 0.630000 -0.703906 0.099365
v 0.639995 -0.703900 0.087922
v 0.649967 -0.703841 0.073592
v 0.659997 -0.703599 0.069975
v 0.669995 -0.703557 0.067808
v 0.679924 -0.703518 0.057379
v 0.689530 -0.703175 0.000000
v 0.699959 -0.701335 0.000000
v 0.710041 -0.701338 0.000000
v 0.720472 -0.703234 0.000000
v 0.730088 -0.703833 0.062075
v 0.740006 -0.703903 0.088969
v 0.750000 -0.703906 0.103363
v 0.760000 -0.703906 0.112431
v 0.770000 -0.703906 0.116047
v 0.780000 -0.703906 0.111308
v 0.789999 -0.703906 0.102479
v 0.799969 -0.703903 0.087870
v 0.809531 -0.703843 0.057953
v 0.816243 -0.703390 0.000000
v 0.054715 -0.707244 0.000000
v 0.060475 -0.712278 0.057579
v 0.053719 -0.712712 0.000000
v 0.070033 -0.712195 0.085267
v 0.080001 -0.712188 0.098536
v 0.090000 -0.712188 0.103977
v 0.100000 -0.712188 0.104336
v 0.110000 -0.712188 0.102765
v 0.119996 -0.712186 0.095285
v 0.129918 -0.712156 0.073207
v 0.139169 -0.711760 0.000000
v 0.145944 -0.708865 0.000000
v 0.220419 -0.712187 0.072588
v 0.213526 -0.712186 0.000000
v 0.230027 -0.712188 0.098079
v 0.240001 -0.712188 0.107281
v 0.249999 -0.712188 0.102452
v 0.259969 -0.712191 0.088172
v 0.269531 -0.712250 0.058195
v 0.275302 -0.707190 0.000000
v 0.276243 -0.712706 0.000000
v 0.341012 -0.711350 0.000000
v 0.334718 -0.708846 0.000000
v 0.350112 -0.711791 0.056820
v 0.360006 -0.711835 0.067473
v 0.370000 -0.711837 0.069165
v 0.380000 -0.711840 0.069335
v 0.390003 -0.711880 0.069786
v 0.400033 -0.712119 0.073097
v 0.410004 -0.712162 0.085979
v 0.420000 -0.712165 0.090909
v 0.429996 -0.712162 0.086098
v 0.439967 -0.712119 0.073208
v 0.449992 -0.711878 0.068217
v 0.459924 -0.711802 0.057391
v 0.469527 -0.711455 0.000000
v 0.479899 -0.709569 0.000000
v 0.489371 -0.709109 0.000000
v 0.496031 -0.708298 0.000000
v 0.564074 -0.707280 0.000000
v 0.570131 -0.712296 0.060997
v 0.560947 -0.712972 0.000000
v 0.580009 -0.712195 0.085927
v 0.590000 -0.712188 0.098493
v 0.600000 -0.712188 0.103750
v 0.610000 -0.712187 0.103996
v 0.620000 -0.712187 0.098668
v 0.629991 -0.712180 0.086000
v 0.639902 -0.712088 0.061432
v 0.649527 -0.711511 0.000000
v 0.659954 -0.709586 0.000000
v 0.669940 -0.709252 0.000000
v 0.679374 -0.709078 0.000000
v 0.686035 -0.708297 0.000000
v 0.730814 -0.711795 0.000000
v 0.723989 -0.708884 0.000000
v 0.740079 -0.712160 0.075727
v 0.750004 -0.712187 0.099075
v 0.760000 -0.712188 0.110618
v 0.770000 -0.712188 0.115943
v 0.780000 -0.712188 0.111059
v 0.789996 -0.712187 0.099429
v 0.799917 -0.712160 0.075898
v 0.809116 -0.711798 0.000000
v 0.815302 -0.708904 0.000000
v 0.060374 -0.720476 0.070301
v 0.053162 -0.720553 0.000000
v 0.070025 -0.720469 0.095196
v 0.080001 -0.720469 0.105469
v 0.090000 -0.720469 0.108487
v 0.100000 -0.720469 0.105196
v 0.109999 -0.720469 0.098505
v 0.119969 -0.720461 0.085313
v 0.129573 -0.720376 0.057956
v 0.136668 -0.719911 0.000000
v 0.220423 -0.720469 0.072309
v 0.213564 -0.720466 0.000000
v 0.230027 -0.720469 0.097753
v 0.240001 -0.720469 0.107601
v 0.249999 -0.720469 0.105995
v 0.259972 -0.720469 0.095450
v 0.269575 -0.720473 0.069950
v 0.276417 -0.720517 0.000000
v 0.350631 -0.717357 0.000000
v 0.344036 -0.716562 0.000000
v 0.360058 -0.717501 0.000000
v 0.370003 -0.717517 0.000000
v 0.380002 -0.717549 0.000000
v 0.390043 -0.717866 0.000000
v 0.400470 -0.719737 0.000000
v 0.410076 -0.720080 0.057203
v 0.420000 -0.720115 0.065884
v 0.429924 -0.720080 0.057211
v 0.439527 -0.719736 0.000000
v 0.449899 -0.717850 0.000000
v 0.459372 -0.717390 0.000000
v 0.466035 -0.716581 0.000000
v 0.554074 -0.715561 0.000000
v 0.560131 -0.720577 0.060997
v 0.550947 -0.721253 0.000000
v 0.570010 -0.720477 0.085891
v 0.580000 -0.720469 0.098070
v 0.590000 -0.720469 0.102021
v 0.600000 -0.720469 0.099523
v 0.609999 -0.720466 0.093913
v 0.619991 -0.720443 0.084784
v 0.629869 -0.720358 0.060863
v 0.639056 -0.719685 0.000000
v 0.645991 -0.717111 0.000000
v 0.740373 -0.720462 0.070367
v 0.733158 -0.720385 0.000000
v 0.750025 -0.720469 0.095710
v 0.760001 -0.720469 0.107390
v 0.770000 -0.720469 0.113335
v 0.779999 -0.720469 0.109580
v 0.789975 -0.720469 0.098099
v 0.799629 -0.720466 0.072729
v 0.806856 -0.720430 0.000000
v 0.060083 -0.728777 0.075564
v 0.050885 -0.729141 0.000000
v 0.070004 -0.728751 0.098211
v 0.080000 -0.728750 0.106673
v 0.090000 -0.728750 0.105841
v 0.100000 -0.728750 0.098933
v 0.109990 -0.728742 0.085966
v 0.119866 -0.728642 0.060942
v 0.128990 -0.727967 0.000000
v 0.135341 -0.725409 0.000000
v 0.220425 -0.728746 0.069950
v 0.213583 -0.728702 0.000000
v 0.230028 -0.728750 0.095450
v 0.240001 -0.728750 0.105995
v 0.249999 -0.728750 0.107601
v 0.259973 -0.728750 0.097753
v 0.269577 -0.728750 0.072308
v 0.276434 -0.728752 0.000000
v 0.410623 -0.725638 0.000000
v 0.403965 -0.724859 0.000000
v 0.420000 -0.725767 0.000000
v 0.429377 -0.725638 0.000000
v 0.436035 -0.724859 0.000000
v 0.544074 -0.723843 0.000000
v 0.550131 -0.728858 0.061002
v 0.540944 -0.729534 0.000000
v 0.560010 -0.728758 0.085947
v 0.570000 -0.728750 0.098368
v 0.580000 -0.728750 0.102411
v 0.590000 -0.728750 0.098465
v 0.599996 -0.728745 0.087637
v 0.609962 -0.728682 0.071705
v 0.619888 -0.728396 0.057433
v 0.629055 -0.727913 0.000000
v 0.635926 -0.725372 0.000000
v 0.740465 -0.728687 0.058228
v 0.733718 -0.728230 0.000000
v 0.750031 -0.728747 0.088233
v 0.760001 -0.728750 0.102972
v 0.770000 -0.728750 0.109997
v 0.779999 -0.728750 0.106535
v 0.789973 -0.728750 0.095505
v 0.799578 -0.728746 0.069978
v 0.806455 -0.728700 0.000000
v 0.044698 -0.732034 0.000000
v 0.050469 -0.737094 0.058137
v 0.043757 -0.737550 0.000000
v 0.060031 -0.737035 0.087610
v 0.070001 -0.737031 0.099895
v 0.080000 -0.737031 0.102929
v 0.090000 -0.737030 0.098478
v 0.099990 -0.737023 0.085948
v 0.109869 -0.736923 0.060999
v 0.119053 -0.736247 0.000000
v 0.125921 -0.733657 0.000000
v 0.220469 -0.736968 0.058195
v 0.213757 -0.736513 0.000000
v 0.230031 -0.737028 0.088172
v 0.240001 -0.737031 0.102452
v 0.249999 -0.737031 0.107280
v 0.259973 -0.737031 0.098074
v 0.269577 -0.737031 0.072562
v 0.276435 -0.737031 0.000000
v 0.534012 -0.732108 0.000000
v 0.540100 -0.737132 0.061404
v 0.530516 -0.737719 0.000000
v 0.550009 -0.737039 0.086013
v 0.560000 -0.737031 0.098841
v 0.570000 -0.737031 0.104345
v 0.580000 -0.737031 0.101337
v 0.589996 -0.737028 0.088718
v 0.599932 -0.736959 0.062097
v 0.609487 -0.736346 0.000000
v 0.619326 -0.734272 0.000000
v 0.625966 -0.733173 0.000000
v 0.740855 -0.736643 0.000000
v 0.734693 -0.733747 0.000000
v 0.750079 -0.737004 0.075911
v 0.760004 -0.737030 0.098883
v 0.770000 -0.737031 0.106953
v 0.779999 -0.737031 0.102027
v 0.789969 -0.737028 0.087900
v 0.799531 -0.736967 0.058146
v 0.806245 -0.736513 0.000000
v 0.050425 -0.745317 0.069613
v 0.043584 -0.745360 0.000000
v 0.060028 -0.745313 0.093040
v 0.070001 -0.745312 0.097225
v 0.079999 -0.745309 0.093513
v 0.089991 -0.745287 0.084743
v 0.099869 -0.745202 0.060859
v 0.109053 -0.744528 0.000000
v 0.115926 -0.741939 0.000000
v 0.220884 -0.744923 0.000000
v 0.214698 -0.742029 0.000000
v 0.230083 -0.745285 0.075898
v 0.240004 -0.745311 0.098946
v 0.249999 -0.745312 0.106728
v 0.259973 -0.745313 0.098051
v 0.269577 -0.745313 0.072574
v 0.276435 -0.745313 0.000000
v 0.514034 -0.740890 0.000000
v 0.520674 -0.739791 0.000000
v 0.520112 -0.745666 0.057432
v 0.510945 -0.746149 0.000000
v 0.530038 -0.745380 0.071703
v 0.540005 -0.745319 0.087703
v 0.550000 -0.745313 0.099106
v 0.560000 -0.745312 0.106088
v 0.570000 -0.745312 0.107588
v 0.579999 -0.745311 0.098987
v 0.589965 -0.745287 0.076326
v 0.599499 -0.744949 0.000000
v 0.606051 -0.742010 0.000000
v 0.750319 -0.745312 0.073237
v 0.742719 -0.745313 0.000000
v 0.760022 -0.745312 0.097149
v 0.770001 -0.745312 0.103225
v 0.779996 -0.745311 0.095737
v 0.789915 -0.745281 0.073215
v 0.799102 -0.744887 0.000000
v 0.805301 -0.742026 0.000000
v 0.050423 -0.753593 0.071000
v 0.043567 -0.753594 0.000000
v 0.060027 -0.753593 0.090943
v 0.069996 -0.753588 0.086518
v 0.079962 -0.753526 0.071603
v 0.089888 -0.753240 0.057428
v 0.099055 -0.752757 0.000000
v 0.105926 -0.750216 0.000000
v 0.230371 -0.753591 0.072978
v 0.223143 -0.753558 0.000000
v 0.240025 -0.753594 0.098135
v 0.250000 -0.753594 0.106605
v 0.259973 -0.753594 0.098043
v 0.269577 -0.753594 0.072574
v 0.276435 -0.753594 0.000000
v 0.504074 -0.748690 0.000000
v 0.510131 -0.753705 0.060859
v 0.500944 -0.754377 0.000000
v 0.520009 -0.753619 0.084754
v 0.530001 -0.753597 0.093868
v 0.540000 -0.753594 0.100110
v 0.550000 -0.753594 0.105488
v 0.560000 -0.753594 0.109284
v 0.570000 -0.753594 0.108233
v 0.579999 -0.753595 0.098920
v 0.589965 -0.753619 0.076286
v 0.599495 -0.753958 0.000000
v 0.750076 -0.753621 0.075457
v 0.740788 -0.753984 0.000000
v 0.760004 -0.753595 0.095728
v 0.769999 -0.753594 0.097011
v 0.779969 -0.753586 0.085183
v 0.789573 -0.753501 0.057947
v 0.796665 -0.753036 0.000000
v 0.050425 -0.761850 0.067127
v 0.043583 -0.761822 0.000000
v 0.060020 -0.761847 0.079905
v 0.069901 -0.761772 0.060755
v 0.079484 -0.761187 0.000000
v 0.089326 -0.759116 0.000000
v 0.095966 -0.758016 0.000000
v 0.230419 -0.761875 0.072600
v 0.223524 -0.761873 0.000000
v 0.240027 -0.761875 0.098047
v 0.250000 -0.761875 0.106594
v 0.259973 -0.761875 0.098042
v 0.269577 -0.761875 0.072574
v 0.276435 -0.761875 0.000000
v 0.494009 -0.756951 0.000000
v 0.500098 -0.761975 0.061426
v 0.490473 -0.762552 0.000000
v 0.510009 -0.761883 0.085934
v 0.520000 -0.761876 0.098303
v 0.530000 -0.761875 0.103253
v 0.540000 -0.761875 0.104585
v 0.550000 -0.761875 0.104782
v 0.560000 -0.761874 0.105369
v 0.570000 -0.761875 0.104522
v 0.580000 -0.761875 0.100175
v 0.589995 -0.761879 0.088227
v 0.599901 -0.761955 0.061610
v 0.605989 -0.756911 0.000000
v 0.609060 -0.762655 0.000000
v 0.734057 -0.756913 0.000000
v 0.740123 -0.761956 0.061343
v 0.731013 -0.762654 0.000000
v 0.750007 -0.761879 0.086929
v 0.760000 -0.761875 0.094054
v 0.769990 -0.761867 0.085254
v 0.779866 -0.761767 0.060884
v 0.788990 -0.761092 0.000000
v 0.795341 -0.758534 0.000000
v 0.050452 -0.769775 0.051626
v 0.043755 -0.769560 0.000000
v 0.059921 -0.769758 0.054484
v 0.069060 -0.769317 0.000000
v 0.075988 -0.766794 0.000000
v 0.230419 -0.770156 0.072600
v 0.223524 -0.770158 0.000000
v 0.240027 -0.770156 0.098047
v 0.250000 -0.770156 0.106594
v 0.259973 -0.770156 0.098042
v 0.269577 -0.770156 0.072574
v 0.276435 -0.770156 0.000000
v 0.434704 -0.765675 0.000000
v 0.440725 -0.764977 0.000000
v 0.440514 -0.770445 0.041012
v 0.433949 -0.770230 0.000000
v 0.450064 -0.764842 0.000000
v 0.450035 -0.770502 0.059969
v 0.460003 -0.764827 0.000000
v 0.460001 -0.770506 0.067118
v 0.470002 -0.764795 0.000000
v 0.470000 -0.770504 0.069162
v 0.480044 -0.764475 0.000000
v 0.480003 -0.770463 0.070059
v 0.490033 -0.770222 0.073587
v 0.500005 -0.770162 0.087834
v 0.510000 -0.770156 0.098767
v 0.520000 -0.770156 0.104281
v 0.530000 -0.770156 0.104269
v 0.540000 -0.770156 0.100119
v 0.549999 -0.770153 0.095495
v 0.560000 -0.770138 0.094524
v 0.570001 -0.770153 0.095172
v 0.580000 -0.770156 0.097680
v 0.590000 -0.770156 0.095963
v 0.599993 -0.770163 0.085221
v 0.609902 -0.770256 0.061218
v 0.615991 -0.765233 0.000000
v 0.619525 -0.770833 0.000000
v 0.724715 -0.765213 0.000000
v 0.730475 -0.770246 0.057470
v 0.723717 -0.770680 0.000000
v 0.740033 -0.770163 0.084136
v 0.750001 -0.770156 0.092368
v 0.759991 -0.770149 0.084728
v 0.769869 -0.770048 0.060866
v 0.779053 -0.769372 0.000000
v 0.785921 -0.766782 0.000000
v 0.050662 -0.775313 0.000000
v 0.044672 -0.774564 0.000000
v 0.059432 -0.775310 0.000000
v 0.065974 -0.774529 0.000000
v 0.230371 -0.778440 0.072978
v 0.223143 -0.778473 0.000000
v 0.240025 -0.778438 0.098135
v 0.250000 -0.778437 0.106606
v 0.259973 -0.778437 0.098043
v 0.269577 -0.778437 0.072574
v 0.276435 -0.778437 0.000000
v 0.441013 -0.777684 0.000000
v 0.434745 -0.775179 0.000000
v 0.450103 -0.778380 0.057120
v 0.460005 -0.778456 0.081726
v 0.470000 -0.778460 0.091200
v 0.480000 -0.778458 0.093959
v 0.490001 -0.778441 0.095629
v 0.500000 -0.778438 0.100356
v 0.510000 -0.778437 0.104518
v 0.520000 -0.778437 0.104336
v 0.530000 -0.778437 0.098745
v 0.539995 -0.778431 0.087817
v 0.549967 -0.778374 0.073607
v 0.560000 -0.778173 0.070600
v 0.570033 -0.778374 0.073538
v 0.580005 -0.778431 0.087145
v 0.590000 -0.778437 0.095472
v 0.600000 -0.778437 0.094766
v 0.609995 -0.778443 0.085966
v 0.619967 -0.778503 0.072470
v 0.629899 -0.772772 0.000000
v 0.629992 -0.778747 0.067777
v 0.639371 -0.773235 0.000000
v 0.639922 -0.778823 0.057192
v 0.646031 -0.774045 0.000000
v 0.649486 -0.779181 0.000000
v 0.730371 -0.778444 0.069783
v 0.723115 -0.778511 0.000000
v 0.740025 -0.778438 0.090832
v 0.749993 -0.778433 0.086386
v 0.759879 -0.778355 0.061328
v 0.769054 -0.777656 0.000000
v 0.775926 -0.775064 0.000000
v 0.230083 -0.786746 0.075898
v 0.220884 -0.787108 0.000000
v 0.240004 -0.786720 0.098948
v 0.249999 -0.786719 0.106734
v 0.259973 -0.786719 0.098054
v 0.269577 -0.786719 0.072575
v 0.276435 -0.786719 0.000000
v 0.450505 -0.786355 0.000000
v 0.444016 -0.783403 0.000000
v 0.460035 -0.786694 0.075325
v 0.470001 -0.786718 0.096568
v 0.480000 -0.786719 0.104045
v 0.490000 -0.786719 0.105980
v 0.500000 -0.786719 0.106251
v 0.510000 -0.786719 0.104634
v 0.520000 -0.786718 0.098650
v 0.529991 -0.786711 0.085974
v 0.539902 -0.786620 0.061432
v 0.549529 -0.786066 0.000000
v 0.560000 -0.784470 0.000000
v 0.570471 -0.786066 0.000000
v 0.580098 -0.786617 0.061204
v 0.590008 -0.786691 0.084108
v 0.600000 -0.786696 0.090703
v 0.610000 -0.786698 0.090069
v 0.620000 -0.786719 0.087934
v 0.630000 -0.786738 0.088815
v 0.639996 -0.786744 0.084437
v 0.649963 -0.786788 0.070583
v 0.659331 -0.781198 0.000000
v 0.659921 -0.787064 0.057217
v 0.666032 -0.782280 0.000000
v 0.669530 -0.787447 0.000000
v 0.730047 -0.786738 0.074679
v 0.720344 -0.787005 0.000000
v 0.739999 -0.786718 0.089212
v 0.749919 -0.786688 0.072429
v 0.759169 -0.786291 0.000000
v 0.765944 -0.783396 0.000000
v 0.214698 -0.790002 0.000000
v 0.220469 -0.795063 0.058195
v 0.213757 -0.795519 0.000000
v 0.230031 -0.795003 0.088174
v 0.240001 -0.795000 0.102472
v 0.249999 -0.795000 0.107373
v 0.259973 -0.795000 0.098123
v 0.269577 -0.795000 0.072579
v 0.276435 -0.795000 0.000000
v 0.460035 -0.795025 0.076280
v 0.450501 -0.795363 0.000000
v 0.470001 -0.795001 0.099046
v 0.480000 -0.795000 0.108862
v 0.490000 -0.795000 0.110681
v 0.500000 -0.795000 0.106513
v 0.510000 -0.795000 0.099162
v 0.519991 -0.794993 0.086018
v 0.529869 -0.794892 0.061004
v 0.539056 -0.794217 0.000000
v 0.545991 -0.791644 0.000000
v 0.580941 -0.794161 0.000000
v 0.574009 -0.791640 0.000000
v 0.590109 -0.794604 0.056901
v 0.600006 -0.794650 0.067559
v 0.610003 -0.794693 0.069468
v 0.620033 -0.794932 0.072454
v 0.630004 -0.794975 0.084576
v 0.640000 -0.794978 0.088631
v 0.649999 -0.794983 0.086115
v 0.659997 -0.795021 0.080886
v 0.669967 -0.795068 0.071229
v 0.679957 -0.789322 0.000000
v 0.679997 -0.795307 0.069584
v 0.689998 -0.789637 0.000000
v 0.690000 -0.795347 0.069586
v 0.700001 -0.789635 0.000000
v 0.700000 -0.795347 0.069661
v 0.710031 -0.789283 0.000000
v 0.710002 -0.795305 0.070151
v 0.720023 -0.795039 0.073815
v 0.730002 -0.795002 0.087149
v 0.739974 -0.794997 0.084957
v 0.749605 -0.794936 0.058285
v 0.756673 -0.794446 0.000000
v 0.220425 -0.803285 0.069951
v 0.213584 -0.803329 0.000000
v 0.230028 -0.803281 0.095471
v 0.240001 -0.803281 0.106186
v 0.249999 -0.803281 0.108314
v 0.259973 -0.803281 0.098246
v 0.269577 -0.803281 0.072587
v 0.276435 -0.803281 0.000000
v 0.443949 -0.798302 0.000000
v 0.450068 -0.803354 0.062114
v 0.440517 -0.803966 0.000000
v 0.460004 -0.803285 0.088974
v 0.470000 -0.803281 0.103052
v 0.480000 -0.803281 0.110430
v 0.490000 -0.803281 0.110004
v 0.500000 -0.803281 0.102515
v 0.509993 -0.803277 0.088626
v 0.519879 -0.803199 0.061592
v 0.529054 -0.802500 0.000000
v 0.535926 -0.799908 0.000000
v 0.590631 -0.800171 0.000000
v 0.584030 -0.799374 0.000000
v 0.600060 -0.800346 0.000000
v 0.610046 -0.800677 0.000000
v 0.620470 -0.802549 0.000000
v 0.630076 -0.802893 0.057188
v 0.640005 -0.802932 0.067317
v 0.650002 -0.802976 0.068950
v 0.660023 -0.803242 0.071549
v 0.670001 -0.803282 0.083720
v 0.680000 -0.803302 0.091023
v 0.690000 -0.803304 0.093562
v 0.700000 -0.803304 0.094205
v 0.710000 -0.803302 0.094386
v 0.720001 -0.803283 0.094713
v 0.729999 -0.803280 0.093625
v 0.739962 -0.803256 0.075248
v 0.749430 -0.802919 0.000000
v 0.755403 -0.799997 0.000000
v 0.220423 -0.811563 0.072316
v 0.213566 -0.811565 0.000000
v 0.230027 -0.811563 0.097871
v 0.240001 -0.811563 0.108486
v 0.249999 -0.811563 0.109008
v 0.259973 -0.811563 0.098343
v 0.269577 -0.811563 0.072594
v 0.276435 -0.811563 0.000000
v 0.424679 -0.807105 0.000000
v 0.430763 -0.806038 0.000000
v 0.430461 -0.811899 0.053974
v 0.423755 -0.812155 0.000000
v 0.440062 -0.811630 0.071038
v 0.450005 -0.811568 0.087743
v 0.460000 -0.811563 0.099633
v 0.470000 -0.811563 0.107141
v 0.480000 -0.811563 0.110058
v 0.490000 -0.811563 0.106235
v 0.499996 -0.811561 0.096132
v 0.509918 -0.811531 0.073305
v 0.519169 -0.811135 0.000000
v 0.525944 -0.808240 0.000000
v 0.630626 -0.808453 0.000000
v 0.623965 -0.807672 0.000000
v 0.640059 -0.808629 0.000000
v 0.650034 -0.808996 0.000000
v 0.660357 -0.811242 0.000000
v 0.670048 -0.811540 0.072845
v 0.680003 -0.811562 0.094059
v 0.690000 -0.811563 0.102160
v 0.700000 -0.811563 0.105051
v 0.710000 -0.811563 0.105616
v 0.720000 -0.811563 0.104229
v 0.729999 -0.811563 0.097593
v 0.739962 -0.811588 0.076034
v 0.749430 -0.811925 0.000000
v 0.220423 -0.819844 0.072579
v 0.213565 -0.819844 0.000000
v 0.230027 -0.819844 0.098315
v 0.240001 -0.819844 0.109107
v 0.249999 -0.819844 0.109179
v 0.259973 -0.819844 0.098362
v 0.269577 -0.819844 0.072596
v 0.276435 -0.819844 0.000000
v 0.430425 -0.819866 0.068716
v 0.423582 -0.819896 0.000000
v 0.440029 -0.819847 0.090266
v 0.450001 -0.819844 0.100135
v 0.460000 -0.819844 0.106529
v 0.470000 -0.819844 0.109226
v 0.480000 -0.819844 0.106489
v 0.489999 -0.819844 0.099099
v 0.499969 -0.819836 0.085416
v 0.509573 -0.819751 0.057964
v 0.516668 -0.819286 0.000000
v 0.670392 -0.819780 0.058630
v 0.663284 -0.819301 0.000000
v 0.680026 -0.819840 0.088005
v 0.690001 -0.819844 0.101934
v 0.700000 -0.819844 0.108507
v 0.710000 -0.819844 0.110310
v 0.720000 -0.819844 0.108508
v 0.729999 -0.819844 0.101951
v 0.739974 -0.819847 0.088087
v 0.749608 -0.819907 0.058671
v 0.755407 -0.814846 0.000000
v 0.756714 -0.820388 0.000000
v 0.220423 -0.828125 0.072595
v 0.213565 -0.828125 0.000000
v 0.230027 -0.828125 0.098361
v 0.240001 -0.828125 0.109193
v 0.249999 -0.828125 0.109198
v 0.259973 -0.828125 0.098363
v 0.269577 -0.828125 0.072596
v 0.276435 -0.828125 0.000000
v 0.430420 -0.828126 0.072072
v 0.423527 -0.828129 0.000000
v 0.440027 -0.828125 0.096508
v 0.450001 -0.828125 0.106150
v 0.460000 -0.828125 0.109147
v 0.470000 -0.828125 0.106382
v 0.480000 -0.828125 0.099149
v 0.489990 -0.828117 0.086023
v 0.499866 -0.828017 0.060948
v 0.508990 -0.827343 0.000000
v 0.515341 -0.824784 0.000000
v 0.670568 -0.827763 0.000000
v 0.664593 -0.824841 0.000000
v 0.680038 -0.828100 0.076016
v 0.690001 -0.828124 0.097580
v 0.700000 -0.828125 0.104228
v 0.710000 -0.828124 0.105617
v 0.720000 -0.828124 0.105069
v 0.730000 -0.828125 0.102339
v 0.739997 -0.828126 0.094794
v 0.749950 -0.828148 0.073373
v 0.759599 -0.828457 0.000000
v 0.220423 -0.836406 0.072596
v 0.213565 -0.836406 0.000000
v 0.230027 -0.836406 0.098363
v 0.240001 -0.836406 0.109199
v 0.249999 -0.836406 0.109199
v 0.259973 -0.836406 0.098364
v 0.269577 -0.836406 0.072596
v 0.276435 -0.836406 0.000000
v 0.430371 -0.836409 0.072916
v 0.423143 -0.836442 0.000000
v 0.440025 -0.836406 0.097841
v 0.450001 -0.836406 0.106946
v 0.460000 -0.836406 0.105986
v 0.470000 -0.836406 0.099096
v 0.479990 -0.836398 0.086024
v 0.489869 -0.836298 0.061005
v 0.499053 -0.835622 0.000000
v 0.505921 -0.833032 0.000000
v 0.680035 -0.836431 0.075093
v 0.670507 -0.836770 0.000000
v 0.690001 -0.836407 0.093402
v 0.699999 -0.836403 0.094674
v 0.710000 -0.836386 0.094391
v 0.720000 -0.836386 0.094330
v 0.730001 -0.836403 0.094630
v 0.740000 -0.836406 0.095292
v 0.749997 -0.836408 0.087818
v 0.759971 -0.836448 0.071583
v 0.769338 -0.830850 0.000000
v 0.769889 -0.836757 0.057358
v 0.775967 -0.831981 0.000000
v 0.779055 -0.837243 0.000000
v 0.220423 -0.844687 0.072596
v 0.213565 -0.844687 0.000000
v 0.230027 -0.844687 0.098364
v 0.240001 -0.844687 0.109199
v 0.249999 -0.844687 0.109199
v 0.259973 -0.844687 0.098364
v 0.269577 -0.844687 0.072596
v 0.276435 -0.844687 0.000000
v 0.430082 -0.844715 0.075699
v 0.420880 -0.845077 0.000000
v 0.440004 -0.844688 0.097706
v 0.450000 -0.844687 0.103634
v 0.460000 -0.844687 0.098760
v 0.469990 -0.844679 0.085997
v 0.479869 -0.844579 0.061004
v 0.489053 -0.843903 0.000000
v 0.495926 -0.841314 0.000000
v 0.664011 -0.839724 0.000000
v 0.670099 -0.844768 0.060879
v 0.660944 -0.845469 0.000000
v 0.680005 -0.844691 0.083752
v 0.689996 -0.844682 0.084813
v 0.699967 -0.844622 0.073243
v 0.709997 -0.844383 0.070131
v 0.720003 -0.844383 0.070132
v 0.730033 -0.844619 0.073311
v 0.740004 -0.844664 0.085626
v 0.750001 -0.844684 0.089718
v 0.759999 -0.844689 0.089396
v 0.769991 -0.844713 0.083540
v 0.779869 -0.844798 0.060597
v 0.785926 -0.839784 0.000000
v 0.789056 -0.845471 0.000000
v 0.220423 -0.852969 0.072596
v 0.213565 -0.852969 0.000000
v 0.230027 -0.852969 0.098364
v 0.240001 -0.852969 0.109199
v 0.249999 -0.852969 0.109199
v 0.259973 -0.852969 0.098364
v 0.269577 -0.852969 0.072596
v 0.276435 -0.852969 0.000000
v 0.414640 -0.847974 0.000000
v 0.420417 -0.853034 0.058453
v 0.413334 -0.853523 0.000000
v 0.430028 -0.852972 0.087165
v 0.440001 -0.852969 0.097943
v 0.450000 -0.852968 0.097346
v 0.459990 -0.852961 0.085821
v 0.469869 -0.852861 0.060992
v 0.479053 -0.852184 0.000000
v 0.485926 -0.849595 0.000000
v 0.654074 -0.848061 0.000000
v 0.660131 -0.853077 0.060601
v 0.650947 -0.853753 0.000000
v 0.670008 -0.852976 0.082723
v 0.679994 -0.852965 0.083386
v 0.689911 -0.852895 0.061202
v 0.699528 -0.852296 0.000000
v 0.709959 -0.850401 0.000000
v 0.720041 -0.850398 0.000000
v 0.730470 -0.852241 0.000000
v 0.740079 -0.852623 0.057753
v 0.750037 -0.852901 0.071072
v 0.760005 -0.852962 0.085436
v 0.770000 -0.852969 0.091751
v 0.779991 -0.852976 0.083772
v 0.789902 -0.853069 0.060874
v 0.795991 -0.848045 0.000000
v 0.799525 -0.853646 0.000000
v 0.220423 -0.861250 0.072596
v 0.213565 -0.861250 0.000000
v 0.230027 -0.861250 0.098364
v 0.240001 -0.861250 0.109199
v 0.249999 -0.861250 0.109199
v 0.259973 -0.861250 0.098364
v 0.269577 -0.861250 0.072596
v 0.276435 -0.861250 0.000000
v 0.420085 -0.861281 0.072194
v 0.410898 -0.861676 0.000000
v 0.430004 -0.861251 0.091142
v 0.439999 -0.861247 0.091980
v 0.449991 -0.861224 0.084489
v 0.459869 -0.861139 0.060837
v 0.469053 -0.860465 0.000000
v 0.475926 -0.857876 0.000000
v 0.644074 -0.856343 0.000000
v 0.650131 -0.861358 0.060833
v 0.640947 -0.862034 0.000000
v 0.660010 -0.861258 0.084417
v 0.669997 -0.861249 0.089812
v 0.679919 -0.861219 0.072117
v 0.689173 -0.860823 0.000000
v 0.696010 -0.857944 0.000000
v 0.740669 -0.858492 0.000000
v 0.733968 -0.857408 0.000000
v 0.750516 -0.860562 0.000000
v 0.760099 -0.861147 0.060988
v 0.770008 -0.861225 0.083440
v 0.780001 -0.861247 0.088277
v 0.789995 -0.861256 0.083990
v 0.799967 -0.861316 0.072459
v 0.809898 -0.855585 0.000000
v 0.809991 -0.861560 0.068028
v 0.819367 -0.856049 0.000000
v 0.819891 -0.861644 0.056953
v 0.825969 -0.856873 0.000000
v 0.829055 -0.862090 0.000000
v 0.220423 -0.869531 0.072596
v 0.213565 -0.869531 0.000000
v 0.230027 -0.869531 0.098364
v 0.240001 -0.869531 0.109199
v 0.249999 -0.869531 0.109199
v 0.259973 -0.869531 0.098364
v 0.269577 -0.869531 0.072596
v 0.276435 -0.869531 0.000000
v 0.404699 -0.864536 0.000000
v 0.410469 -0.869596 0.057336
v 0.403757 -0.870050 0.000000
v 0.420031 -0.869534 0.082750
v 0.429996 -0.869525 0.084342
v 0.439962 -0.869463 0.071237
v 0.449888 -0.869178 0.057391
v 0.459055 -0.868695 0.000000
v 0.465926 -0.866153 0.000000
v 0.634079 -0.864624 0.000000
v 0.640134 -0.869639 0.060836
v 0.631010 -0.870314 0.000000
v 0.650010 -0.869539 0.085018
v 0.659999 -0.869531 0.093658
v 0.669971 -0.869528 0.086140
v 0.679582 -0.869465 0.058320
v 0.686670 -0.868977 0.000000
v 0.760941 -0.868696 0.000000
v 0.754012 -0.866169 0.000000
v 0.770112 -0.869178 0.057282
v 0.780038 -0.869464 0.070748
v 0.790005 -0.869526 0.084024
v 0.799999 -0.869534 0.089806
v 0.810000 -0.869552 0.091172
v 0.819991 -0.869559 0.084357
v 0.829870 -0.869642 0.060827
v 0.835926 -0.864628 0.000000
v 0.839056 -0.870315 0.000000
v 0.220423 -0.877813 0.072596
v 0.213565 -0.877813 0.000000
v 0.230027 -0.877813 0.098364
v 0.240001 -0.877813 0.109199
v 0.249999 -0.877813 0.109199
v 0.259973 -0.877813 0.098364
v 0.269577 -0.877813 0.072596
v 0.276435 -0.877813 0.000000
v 0.410425 -0.877817 0.066722
v 0.403584 -0.877860 0.000000
v 0.420019 -0.877806 0.078636
v 0.429901 -0.877712 0.060379
v 0.439484 -0.877124 0.000000
v 0.449326 -0.875053 0.000000
v 0.455966 -0.873954 0.000000
v 0.624656 -0.872871 0.000000
v 0.630424 -0.877904 0.057923
v 0.623291 -0.878360 0.000000
v 0.640031 -0.877820 0.084701
v 0.650001 -0.877813 0.095204
v 0.659996 -0.877811 0.093115
v 0.669915 -0.877781 0.072789
v 0.679106 -0.877387 0.000000
v 0.685359 -0.874523 0.000000
v 0.770674 -0.875053 0.000000
v 0.764034 -0.873954 0.000000
v 0.780515 -0.877128 0.000000
v 0.790090 -0.877738 0.061469
v 0.800006 -0.877809 0.086745
v 0.810000 -0.877813 0.097438
v 0.820000 -0.877813 0.097025
v 0.829991 -0.877820 0.085763
v 0.839900 -0.877913 0.061385
v 0.845988 -0.872890 0.000000
v 0.849484 -0.878500 0.000000
v 0.220423 -0.886094 0.072596
v 0.213565 -0.886094 0.000000
v 0.230027 -0.886094 0.098363
v 0.240001 -0.886094 0.109199
v 0.249999 -0.886094 0.109199
v 0.259973 -0.886094 0.098363
v 0.269577 -0.886094 0.072596
v 0.276435 -0.886094 0.000000
v 0.410416 -0.886089 0.063089
v 0.403567 -0.886093 0.000000
v 0.419906 -0.886011 0.057343
v 0.429058 -0.885313 0.000000
v 0.435988 -0.882735 0.000000
v 0.630051 -0.886118 0.073238
v 0.620401 -0.886426 0.000000
v 0.640003 -0.886095 0.093140
v 0.649999 -0.886093 0.095204
v 0.659969 -0.886086 0.084700
v 0.669573 -0.886001 0.057889
v 0.676665 -0.885536 0.000000
v 0.790827 -0.885667 0.000000
v 0.783993 -0.882787 0.000000
v 0.800082 -0.886062 0.073062
v 0.810004 -0.886093 0.094963
v 0.820000 -0.886094 0.101396
v 0.830000 -0.886094 0.098100
v 0.839995 -0.886100 0.087576
v 0.849963 -0.886161 0.071716
v 0.859331 -0.880570 0.000000
v 0.859921 -0.886439 0.057861
v 0.866031 -0.881655 0.000000
v 0.869527 -0.886823 0.000000
v 0.220423 -0.894375 0.072595
v 0.213565 -0.894375 0.000000
v 0.230027 -0.894375 0.098361
v 0.240001 -0.894375 0.109192
v 0.249999 -0.894375 0.109192
v 0.259973 -0.894375 0.098361
v 0.269577 -0.894375 0.072595
v 0.276435 -0.894375 0.000000
v 0.410344 -0.894321 0.051552
v 0.403578 -0.894321 0.000000
v 0.419197 -0.893944 0.000000
v 0.425946 -0.891052 0.000000
v 0.604033 -0.889950 0.000000
v 0.610662 -0.888819 0.000000
v 0.610111 -0.894726 0.057319
v 0.600945 -0.895211 0.000000
v 0.620029 -0.894417 0.071821
v 0.630003 -0.894377 0.088331
v 0.640000 -0.894375 0.093839
v 0.649990 -0.894367 0.085025
v 0.659866 -0.894267 0.060836
v 0.668990 -0.893592 0.000000
v 0.675341 -0.891035 0.000000
v 0.800427 -0.894283 0.057946
v 0.793332 -0.893817 0.000000
v 0.810031 -0.894368 0.085251
v 0.820001 -0.894375 0.097940
v 0.830000 -0.894375 0.101969
v 0.840000 -0.894375 0.099440
v 0.849999 -0.894378 0.093939
v 0.859996 -0.894399 0.086622
v 0.869967 -0.894443 0.073290
v 0.879898 -0.888712 0.000000
v 0.879991 -0.894685 0.068227
v 0.889367 -0.889174 0.000000
v 0.889891 -0.894769 0.056980
v 0.895969 -0.889998 0.000000
v 0.899059 -0.895214 0.000000
v 0.220423 -0.902656 0.072579
v 0.213565 -0.902656 0.000000
v 0.230027 -0.902656 0.098313
v 0.240001 -0.902656 0.109087
v 0.249999 -0.902656 0.109087
v 0.259973 -0.902656 0.098313
v 0.269577 -0.902656 0.072579
v 0.276435 -0.902656 0.000000
v 0.410052 -0.902246 0.039112
v 0.403717 -0.902057 0.000000
v 0.416713 -0.902022 0.000000
v 0.594074 -0.897753 0.000000
v 0.600131 -0.902767 0.060361
v 0.590944 -0.903440 0.000000
v 0.610009 -0.902682 0.083162
v 0.620001 -0.902658 0.090819
v 0.630000 -0.902655 0.093207
v 0.639990 -0.902648 0.084768
v 0.649869 -0.902548 0.060854
v 0.659053 -0.901872 0.000000
v 0.665921 -0.899283 0.000000
v 0.801010 -0.901874 0.000000
v 0.794659 -0.899316 0.000000
v 0.810134 -0.902548 0.060936
v 0.820010 -0.902648 0.085866
v 0.830000 -0.902656 0.098141
v 0.840000 -0.902656 0.102991
v 0.850000 -0.902656 0.103183
v 0.860000 -0.902657 0.099944
v 0.869999 -0.902659 0.095331
v 0.880000 -0.902677 0.092794
v 0.889992 -0.902684 0.084665
v 0.899902 -0.902759 0.061281
v 0.905991 -0.897737 0.000000
v 0.909525 -0.903334 0.000000
v 0.220423 -0.910937 0.072315
v 0.213566 -0.910935 0.000000
v 0.230027 -0.910938 0.097850
v 0.240001 -0.910938 0.108295
v 0.249999 -0.910938 0.108295
v 0.259973 -0.910938 0.097850
v 0.269577 -0.910937 0.072315
v 0.276434 -0.910935 0.000000
v 0.410005 -0.907670 0.000000
v 0.404580 -0.907043 0.000000
v 0.415479 -0.907040 0.000000
v 0.584012 -0.906015 0.000000
v 0.590099 -0.911038 0.060552
v 0.580516 -0.911626 0.000000
v 0.600008 -0.910945 0.082287
v 0.609999 -0.910935 0.089177
v 0.620000 -0.910917 0.089934
v 0.629991 -0.910910 0.083745
v 0.639869 -0.910827 0.060711
v 0.649053 -0.910153 0.000000
v 0.655926 -0.907564 0.000000
v 0.810947 -0.910153 0.000000
v 0.804079 -0.907564 0.000000
v 0.820131 -0.910829 0.060994
v 0.830010 -0.910929 0.085902
v 0.840000 -0.910937 0.098437
v 0.850000 -0.910937 0.104275
v 0.860000 -0.910938 0.105640
v 0.870000 -0.910938 0.104971
v 0.880000 -0.910938 0.104032
v 0.890000 -0.910938 0.098696
v 0.899995 -0.910944 0.087818
v 0.909967 -0.911003 0.073439
v 0.919899 -0.905272 0.000000
v 0.919992 -0.911247 0.068260
v 0.929372 -0.905735 0.000000
v 0.929924 -0.911323 0.057409
v 0.936035 -0.906545 0.000000
v 0.939530 -0.911669 0.000000
v 0.220425 -0.919215 0.069943
v 0.213584 -0.919171 0.000000
v 0.230028 -0.919219 0.095353
v 0.240001 -0.919219 0.105300
v 0.249999 -0.919219 0.105300
v 0.259972 -0.919219 0.095353
v 0.269575 -0.919215 0.069943
v 0.276417 -0.919171 0.000000
v 0.563972 -0.914781 0.000000
v 0.570669 -0.913696 0.000000
v 0.570081 -0.919564 0.057159
v 0.560514 -0.919959 0.000000
v 0.580037 -0.919286 0.070280
v 0.590005 -0.919224 0.082712
v 0.599995 -0.919213 0.082901
v 0.609967 -0.919153 0.072298
v 0.619991 -0.918909 0.067877
v 0.629891 -0.918825 0.056899
v 0.639055 -0.918379 0.000000
v 0.645926 -0.915841 0.000000
v 0.820947 -0.918434 0.000000
v 0.814074 -0.915845 0.000000
v 0.830131 -0.919111 0.060994
v 0.840010 -0.919211 0.085900
v 0.850000 -0.919218 0.098345
v 0.860000 -0.919219 0.103749
v 0.870000 -0.919219 0.106579
v 0.880000 -0.919219 0.108439
v 0.890000 -0.919219 0.105680
v 0.900000 -0.919219 0.100510
v 0.909999 -0.919222 0.095500
v 0.920000 -0.919239 0.092973
v 0.929996 -0.919245 0.086527
v 0.939967 -0.919287 0.073435
v 0.949954 -0.913541 0.000000
v 0.949997 -0.919526 0.069964
v 0.959940 -0.913873 0.000000
v 0.959995 -0.919568 0.067807
v 0.969374 -0.914047 0.000000
v 0.969924 -0.919607 0.057378
v 0.976035 -0.914828 0.000000
v 0.979527 -0.919951 0.000000
v 0.220469 -0.927437 0.058178
v 0.213757 -0.926981 0.000000
v 0.230031 -0.927497 0.087932
v 0.240001 -0.927500 0.100637
v 0.249999 -0.927500 0.100637
v 0.259969 -0.927497 0.087932
v 0.269531 -0.927437 0.058178
v 0.276243 -0.926981 0.000000
v 0.543972 -0.923062 0.000000
v 0.550669 -0.921979 0.000000
v 0.550081 -0.927845 0.056867
v 0.540514 -0.928239 0.000000
v 0.560037 -0.927569 0.069120
v 0.570003 -0.927520 0.080572
v 0.580001 -0.927483 0.084897
v 0.589992 -0.927473 0.081487
v 0.599902 -0.927397 0.060506
v 0.609525 -0.926823 0.000000
v 0.619898 -0.924884 0.000000
v 0.629367 -0.924420 0.000000
v 0.635969 -0.923595 0.000000
v 0.830947 -0.926715 0.000000
v 0.824074 -0.924126 0.000000
v 0.840131 -0.927389 0.060858
v 0.850009 -0.927474 0.084756
v 0.860001 -0.927497 0.093896
v 0.870000 -0.927499 0.100091
v 0.880000 -0.927500 0.104581
v 0.890000 -0.927500 0.106244
v 0.900000 -0.927500 0.106394
v 0.910000 -0.927500 0.105780
v 0.920000 -0.927501 0.104437
v 0.930000 -0.927501 0.100295
v 0.939999 -0.927503 0.095632
v 0.950000 -0.927521 0.094318
v 0.960000 -0.927523 0.092851
v 0.969996 -0.927526 0.086527
v 0.979967 -0.927568 0.073296
v 0.989899 -0.921837 0.000000
v 0.989992 -0.927809 0.068252
v 0.999371 -0.922298 0.000000
v 0.999922 -0.927886 0.057382
v 1.006032 -0.923108 0.000000
v 1.009486 -0.928243 0.000000
v 0.220884 -0.935392 0.000000
v 0.214698 -0.932498 0.000000
v 0.230083 -0.935754 0.075554
v 0.240004 -0.935780 0.096353
v 0.249996 -0.935780 0.096353
v 0.259917 -0.935754 0.075554
v 0.269116 -0.935392 0.000000
v 0.275302 -0.932498 0.000000
v 0.524034 -0.931359 0.000000
v 0.530674 -0.930262 0.000000
v 0.530110 -0.936132 0.053432
v 0.520941 -0.936616 0.000000
v 0.540038 -0.935831 0.065982
v 0.550004 -0.935782 0.078856
v 0.559997 -0.935759 0.079582
v 0.569967 -0.935714 0.070676
v 0.579991 -0.935472 0.067185
v 0.589891 -0.935388 0.056626
v 0.599059 -0.934942 0.000000
v 0.605991 -0.932420 0.000000
v 0.840945 -0.934945 0.000000
v 0.834074 -0.932403 0.000000
v 0.850112 -0.935428 0.057424
v 0.860038 -0.935711 0.071565
v 0.870004 -0.935758 0.086515
v 0.880001 -0.935778 0.094173
v 0.890000 -0.935781 0.100370
v 0.900000 -0.935781 0.105794
v 0.910000 -0.935781 0.109330
v 0.920000 -0.935781 0.109572
v 0.930000 -0.935781 0.107426
v 0.940000 -0.935781 0.106150
v 0.950000 -0.935782 0.105845
v 0.960000 -0.935782 0.104645
v 0.970000 -0.935782 0.100489
v 0.979999 -0.935784 0.095553
v 0.990000 -0.935802 0.092990
v 0.999996 -0.935807 0.086392
v 1.009962 -0.935852 0.071568
v 1.019326 -0.930262 0.000000
v 1.019888 -0.936135 0.057426
v 1.025966 -0.931359 0.000000
v 1.029059 -0.936617 0.000000
v 0.230371 -0.944059 0.072198
v 0.223144 -0.944024 0.000000
v 0.240024 -0.944062 0.094318
v 0.249976 -0.944062 0.094318
v 0.259629 -0.944059 0.072198
v 0.266856 -0.944024 0.000000
v 0.514009 -0.939141 0.000000
v 0.520094 -0.944139 0.052345
v 0.510473 -0.944716 0.000000
v 0.529975 -0.944019 0.061717
v 0.539998 -0.943758 0.064380
v 0.549995 -0.943714 0.065480
v 0.559924 -0.943674 0.056490
v 0.569528 -0.943330 0.000000
v 0.579898 -0.941444 0.000000
v 0.589367 -0.940982 0.000000
v 0.595969 -0.940158 0.000000
v 0.850674 -0.941301 0.000000
v 0.844034 -0.940204 0.000000
v 0.860514 -0.943322 0.000000
v 0.870080 -0.943717 0.057836
v 0.880037 -0.943995 0.071734
v 0.890005 -0.944056 0.087677
v 0.900000 -0.944062 0.098715
v 0.910000 -0.944062 0.104261
v 0.920000 -0.944062 0.105924
v 0.930000 -0.944062 0.107452
v 0.940000 -0.944062 0.109974
v 0.950000 -0.944062 0.111395
v 0.960000 -0.944062 0.111320
v 0.970000 -0.944062 0.108987
v 0.980000 -0.944063 0.106650
v 0.990000 -0.944063 0.104760
v 1.000000 -0.944063 0.100332
v 1.009999 -0.944066 0.094056
v 1.019992 -0.944088 0.084819
v 1.029902 -0.944165 0.061290
v 1.035991 -0.939143 0.000000
v 1.039525 -0.944740 0.000000
v 0.230421 -0.952319 0.068536
v 0.223545 -0.952289 0.000000
v 0.240026 -0.952321 0.088171
v 0.249974 -0.952321 0.088171
v 0.259578 -0.952319 0.068536
v 0.266455 -0.952289 0.000000
v 0.474039 -0.947921 0.000000
v 0.480632 -0.947141 0.000000
v 0.480115 -0.952388 0.037793
v 0.471055 -0.952786 0.000000
v 0.490060 -0.946967 0.000000
v 0.490006 -0.952343 0.047425
v 0.500046 -0.946633 0.000000
v 0.500003 -0.952301 0.049076
v 0.510028 -0.952057 0.049949
v 0.519929 -0.951962 0.050134
v 0.529530 -0.951613 0.000000
v 0.539954 -0.949740 0.000000
v 0.549940 -0.949408 0.000000
v 0.559374 -0.949234 0.000000
v 0.566035 -0.948453 0.000000
v 0.870669 -0.949586 0.000000
v 0.863972 -0.948501 0.000000
v 0.880516 -0.951656 0.000000
v 0.890099 -0.952240 0.061254
v 0.900008 -0.952316 0.084667
v 0.910000 -0.952323 0.092819
v 0.920001 -0.952341 0.095475
v 0.930000 -0.952343 0.100356
v 0.940000 -0.952344 0.105054
v 0.950000 -0.952344 0.108553
v 0.960000 -0.952344 0.111936
v 0.970000 -0.952344 0.113536
v 0.980000 -0.952344 0.113115
v 0.990000 -0.952344 0.111745
v 1.000000 -0.952344 0.108736
v 1.010000 -0.952344 0.105089
v 1.020000 -0.952345 0.098931
v 1.029995 -0.952350 0.087847
v 1.039967 -0.952409 0.073433
v 1.049899 -0.946678 0.000000
v 1.049992 -0.952653 0.068259
v 1.059372 -0.947141 0.000000
v 1.059924 -0.952729 0.057408
v 1.066035 -0.947951 0.000000
v 1.069528 -0.953076 0.000000
v 0.230458 -0.960246 0.053479
v 0.223753 -0.960028 0.000000
v 0.240029 -0.960273 0.066848
v 0.249971 -0.960273 0.066848
v 0.259542 -0.960246 0.053479
v 0.266247 -0.960028 0.000000
v 0.465017 -0.954827 0.000000
v 0.470805 -0.957661 0.000000
v 0.464981 -0.957501 0.000000
v 0.480072 -0.957697 0.000000
v 0.490003 -0.957703 0.000000
v 0.499997 -0.957700 0.000000
v 0.509944 -0.957662 0.000000
v 0.519374 -0.957514 0.000000
v 0.526035 -0.956734 0.000000
v 0.890941 -0.959786 0.000000
v 0.884012 -0.957262 0.000000
v 0.900109 -0.960231 0.056980
v 0.910009 -0.960315 0.068229
v 0.920033 -0.960557 0.073300
v 0.930004 -0.960601 0.086666
v 0.940001 -0.960622 0.094242
v 0.950000 -0.960625 0.100800
v 0.960000 -0.960625 0.107146
v 0.970000 -0.960625 0.111592
v 0.980000 -0.960625 0.112922
v 0.990000 -0.960625 0.113020
v 1.000000 -0.960625 0.112729
v 1.010000 -0.960625 0.111212
v 1.020000 -0.960625 0.106877
v 1.030000 -0.960625 0.100717
v 1.039999 -0.960628 0.095419
v 1.050000 -0.960645 0.092950
v 1.059996 -0.960651 0.086515
v 1.069967 -0.960693 0.073279
v 1.079899 -0.954962 0.000000
v 1.079992 -0.960934 0.068238
v 1.089372 -0.955423 0.000000
v 1.089924 -0.961011 0.057403
v 1.096035 -0.956232 0.000000
v 1.099530 -0.961357 0.000000
v 0.230720 -0.965797 0.000000
v 0.224676 -0.965034 0.000000
v 0.240061 -0.965938 0.000000
v 0.249939 -0.965938 0.000000
v 0.259280 -0.965797 0.000000
v 0.265324 -0.965034 0.000000
v 0.900633 -0.965826 0.000000
v 0.894030 -0.965002 0.000000
v 0.910102 -0.966288 0.000000
v 0.920473 -0.968177 0.000000
v 0.930079 -0.968561 0.057863
v 0.940037 -0.968839 0.071738
v 0.950005 -0.968900 0.087716
v 0.960000 -0.968905 0.098879
v 0.970000 -0.968905 0.104532
v 0.980000 -0.968906 0.106078
v 0.990000 -0.968906 0.106806
v 1.000000 -0.968906 0.108857
v 1.010000 -0.968906 0.110979
v 1.020000 -0.968906 0.110032
v 1.030000 -0.968906 0.106987
v 1.040000 -0.968906 0.105150
v 1.050000 -0.968907 0.104219
v 1.060000 -0.968907 0.100184
v 1.069999 -0.968909 0.095290
v 1.080000 -0.968927 0.092784
v 1.089996 -0.968932 0.086434
v 1.099967 -0.968975 0.073391
v 1.109954 -0.963229 0.000000
v 1.109997 -0.969214 0.069928
v 1.119940 -0.963560 0.000000
v 1.119995 -0.969256 0.067773
v 1.129374 -0.963734 0.000000
v 1.129924 -0.969295 0.057353
v 1.136035 -0.964516 0.000000
v 1.139530 -0.969638 0.000000
v 0.930669 -0.974429 0.000000
v 0.923968 -0.973345 0.000000
v 0.940516 -0.976499 0.000000
v 0.950099 -0.977084 0.061256
v 0.960008 -0.977160 0.084669
v 0.970000 -0.977165 0.092704
v 0.980000 -0.977167 0.094331
v 0.990001 -0.977184 0.095703
v 1.000000 -0.977187 0.100484
v 1.010000 -0.977187 0.104571
v 1.020000 -0.977187 0.105472
v 1.030000 -0.977187 0.105302
v 1.040000 -0.977188 0.106781
v 1.050000 -0.977188 0.108595
v 1.060000 -0.977188 0.106646
v 1.070000 -0.977188 0.104515
v 1.080000 -0.977188 0.102998
v 1.090000 -0.977188 0.099413
v 1.099999 -0.977191 0.095044
v 1.110000 -0.977208 0.093781
v 1.120000 -0.977210 0.092351
v 1.129996 -0.977213 0.086135
v 1.139967 -0.977256 0.073107
v 1.149957 -0.971509 0.000000
v 1.149997 -0.977495 0.069786
v 1.159998 -0.971826 0.000000
v 1.160000 -0.977535 0.069340
v 1.170000 -0.971857 0.000000
v 1.170000 -0.977538 0.069284
v 1.180000 -0.971859 0.000000
v 1.180000 -0.977538 0.069133
v 1.189997 -0.971859 0.000000
v 1.190000 -0.977538 0.068705
v 1.199942 -0.971874 0.000000
v 1.199995 -0.977539 0.066968
v 1.209374 -0.972017 0.000000
v 1.209924 -0.977575 0.056697
v 1.216035 -0.972797 0.000000
v 1.219527 -0.977919 0.000000
v 0.950941 -0.984630 0.000000
v 0.944012 -0.982106 0.000000
v 0.960109 -0.985072 0.056950
v 0.970006 -0.985119 0.067784
v 0.980003 -0.985161 0.069965
v 0.990033 -0.985400 0.073439
v 1.000004 -0.985443 0.086533
v 1.010000 -0.985446 0.092843
v 1.020000 -0.985448 0.094271
v 1.030001 -0.985466 0.095515
v 1.040000 -0.985468 0.100201
v 1.050000 -0.985468 0.104153
v 1.060000 -0.985468 0.104548
v 1.070000 -0.985468 0.104162
v 1.080000 -0.985468 0.103806
v 1.090000 -0.985468 0.102831
v 1.100000 -0.985468 0.101925
v 1.110000 -0.985469 0.101585
v 1.120000 -0.985469 0.100564
v 1.130000 -0.985469 0.097042
v 1.139999 -0.985471 0.092686
v 1.150000 -0.985488 0.091569
v 1.160000 -0.985491 0.091413
v 1.170000 -0.985491 0.091165
v 1.180000 -0.985491 0.089944
v 1.189999 -0.985488 0.087245
v 1.200000 -0.985471 0.085562
v 1.209996 -0.985472 0.080088
v 1.219966 -0.985514 0.067200
v 1.229893 -0.979805 0.000000
v 1.229962 -0.985751 0.059699
v 1.239273 -0.980257 0.000000
v 1.239486 -0.985752 0.040974
v 1.245296 -0.980985 0.000000
v 1.246051 -0.985542 0.000000
v 0.960631 -0.990639 0.000000
v 0.954030 -0.989843 0.000000
v 0.970060 -0.990815 0.000000
v 0.980046 -0.991146 0.000000
v 0.990470 -0.993018 0.000000
v 1.000076 -0.993362 0.057379
v 1.010005 -0.993401 0.067806
v 1.020003 -0.993443 0.069961
v 1.030033 -0.993682 0.073426
v 1.040004 -0.993724 0.086512
v 1.050000 -0.993727 0.092797
v 1.060000 -0.993727 0.094007
v 1.070000 -0.993727 0.094089
v 1.080000 -0.993727 0.094058
v 1.090000 -0.993727 0.093924
v 1.100000 -0.993727 0.093817
v 1.110000 -0.993727 0.093769
v 1.120000 -0.993727 0.093512
v 1.130000 -0.993727 0.092548
v 1.140000 -0.993727 0.091653
v 1.150000 -0.993728 0.091443
v 1.160000 -0.993728 0.091303
v 1.170000 -0.993728 0.090234
v 1.179996 -0.993725 0.084844
v 1.189967 -0.993682 0.072401
v 1.199997 -0.993443 0.068982
v 1.210000 -0.993403 0.067219
v 1.219992 -0.993401 0.063114
v 1.229888 -0.993374 0.052720
v 1.238986 -0.992938 0.000000
v 1.245255 -0.990487 0.000000
v 1.000626 -0.998922 0.000000
v 0.993965 -0.998141 0.000000
v 1.010060 -0.999096 0.000000
v 1.020046 -0.999427 0.000000
v 1.030470 -1.001299 0.000000
v 1.040076 -1.001643 0.057377
v 1.050005 -1.001679 0.067774
v 1.060000 -1.001681 0.069476
v 1.070000 -1.001681 0.069615
v 1.080000 -1.001681 0.069619
v 1.090000 -1.001681 0.069609
v 1.100000 -1.001681 0.069602
v 1.110000 -1.001681 0.069599
v 1.120000 -1.001681 0.069570
v 1.130000 -1.001681 0.069436
v 1.140000 -1.001681 0.069331
v 1.150000 -1.001681 0.069306
v 1.160000 -1.001681 0.069163
v 1.169995 -1.001679 0.067481
v 1.179924 -1.001643 0.057215
v 1.189530 -1.001299 0.000000
v 1.199957 -0.999428 0.000000
v 1.209995 -0.999110 0.000000
v 1.219942 -0.999065 0.000000
v 1.229369 -0.998920 0.000000
v 1.235964 -0.998126 0.000000
v 1.040626 -1.007202 0.000000
v 1.033965 -1.006422 0.000000
v 1.050058 -1.007345 0.000000
v 1.060003 -1.007360 0.000000
v 1.070000 -1.007360 0.000000
v 1.080000 -1.007360 0.000000
v 1.090000 -1.007360 0.000000
v 1.100000 -1.007360 0.000000
v 1.110000 -1.007360 0.000000
v 1.120000 -1.007360 0.000000
v 1.130000 -1.007360 0.000000
v 1.140000 -1.007360 0.000000
v 1.150000 -1.007360 0.000000
v 1.159997 -1.007360 0.000000
v 1.169942 -1.007345 0.000000
v 1.179374 -1.007202 0.000000
v 1.186035 -1.006422 0.000000
v 0.584871 -1.046456 0.000000
v 0.590000 -1.046125 0.000000
v 0.590000 -1.049031 0.000000
v 0.584871 -1.048700 0.000000
v 0.595129 -1.046456 0.000000
v 0.595129 -1.048700 0.000000
v 0.624976 -1.046439 0.000000
v 0.630775 -1.046020 0.000000
v 0.630775 -1.049136 0.000000
v 0.624976 -1.048717 0.000000
v 0.640000 -1.045938 0.000000
v 0.640000 -1.049219 0.000000
v 0.649225 -1.046020 0.000000
v 0.649225 -1.049136 0.000000
v 0.655024 -1.046439 0.000000
v 0.655024 -1.048717 0.000000
f 1204 1247 1248 1205
f 3988 4032 4033 3989
f 1951 1979 1981 1953
f 3776 3809 3811 3775
f 4238 4265 4266 4239
f 4350 4377 4378 4351
f 1657 1707 1708 1658
f 4378 4400 4401 4379
f 1689 1739 1740 1690
f 818 869 870 819
f 1377 1414 1415 1378
f 109 124 126 111
f 384 433 434 386
f 4028 4074 4075 4029
f 3361 3401 3402 3362
f 2156 2190 2192 2158
f 4374 4396 4397 4375
f 187 211 212 188
f 24 25 27 14
f 3728 3766 3768 3727
f 4140 4186 4188 4142
f 4257 4258 4260 4259
f 3712 3745 3746 3713
f 4382 4404 4405 4383
f 4412 4413 4416 4415
f 86 99 100 87
f 2282 2324 2325 2283
f 239 267 268 240
f 3888 3924 3925 3889
f 4380 4402 4403 4381
f 84 97 98 85
f 2314 2317 2316 2315
f 1202 1245 1246 1203
f 1158 1160 1159 1112
f 4164 4201 4203 4165
f 2290 2332 2333 2291
f 114 129 130 115
f 14 27 28 13
f 33 51 52 35
f 4423 4424 4426 4425
f 1289 1328 1329 1290
f 4132 4173 4174 4133
f 3960 3997 3998 3961
f 31 50 51 33
f 1186 1231 1232 1187
f 4359 4386 4387 4360
f 47 66 67 48
f 922 972 973 923
f 219 244 245 221
f 270 297 298 271
f 60 76 75 59
f 4271 4308 4309 4272
f 1226 1264 1265 1227
f 3101 3146 3147 3102
f 3752 3788 3789 3754
f 63 79 80 64
f 251 277 278 253
f 2331 2372 2373 2332
f 39 60 59 38
f 2220 2253 2254 2221
f 2753 2826 2827 2754
f 3980 3983 3982 3981
f 2273 2312 2313 2274
f 3889 3925 3926 3890
f 4276 4313 4314 4277
f 4212 4243 4244 4213
f 2258 2298 2299 2259
f 2701 2765 2766 2702
f 54 72 73 56
f 55 56 58 57
f 216 241 242 217
f 3569 3600 3601 3570
f 4292 4293 4295 4294
f 809 849 850 810
f 3349 3394 3395 3350
f 235 265 266 238
f 15 16 18 17
f 3530 3531 3533 3492
f 3658 3694 3695 3660
f 259 285 286 260
f 4144 4190 4191 4145
f 127 140 141 128
f 243 271 272 244
f 46 65 66 47
f 1993 2019 2020 1994
f 80 94 93 81
f 93 110 109 95
f 135 148 149 136
f 4421 4422 4424 4423
f 69 85 86 70
f 124 139 138 126
f 72 88 89 73
f 445 497 498 446
f 101 116 117 102
f 4120 4162 4161 4121
f 143 156 157 144
f 53 54 56 55
f 1218 1260 1261 1220
f 3337 3378 3379 3338
f 192 214 216 195
f 643 670 671 644
f 1681 1731 1732 1682
f 118 133 134 119
f 215 239 240 214
f 3442 3485 3486 3443
f 3490 3492 3491 3448
f 4372 4395 4394 4373
f 4364 4391 4392 4365
f 3321 3366 3368 3324
f 4220 4251 4252 4222
f 2419 2462 2463 2420
f 100 115 116 101
f 2244 2284 2285 2245
f 4356 4383 4384 4357
f 650 675 677 649
f 3729 3769 3770 3730
f 3956 3992 3994 3957
f 1369 1406 1407 1370
f 108 121 123 122
f 184 208 209 185
f 2238 2272 2273 2239
f 3496 3538 3539 3497
f 4324 4358 4359 4325
f 199 218 219 201
f 2145 2180 2181 2146
f 207 231 232 208
f 3434 3479 3480 3435
f 119 134 135 120
f 1586 1648 1649 1587
f 307 309 308 282
f 4332 4365 4366 4334
f 151 167 168 153
f 4247 4274 4275 4248
f 2817 2818 2820 2819
f 111 126 127 112
f 168 181 182 169
f 3013 3076 3077 3015
f 238 266 267 239
f 234 235 238 237
f 2322 2363 2364 2323
f 376 414 415 377
f 236 263 265 235
f 2196 2230 2231 2197
f 4240 4267 4268 4241
f 3585 3616 3617 3587
f 325 327 326 290
f 166 179 178 165
f 132 145 146 133
f 4066 4069 4068 4067
f 2306 2348 2350 2308
f 403 452 453 404
f 4251 4278 4279 4252
f 158 173 174 159
f 4096 4135 4136 4098
f 397 446 447 398
f 2098 2130 2131 2099
f 165 178 180 167
f 134 147 148 135
f 1607 1669 1670 1608
f 160 175 176 161
f 292 330 331 293
f 373 411 412 374
f 13 28 29 16
f 3561 3592 3593 3562
f 4062 4104 4105 4063
f 152 165 167 151
f 37 38 41 40
f 1579 1640 1641 1580
f 140 153 154 141
f 3462 3505 3506 3463
f 262 264 263 236
f 1115 1164 1165 1116
f 301 339 340 302
f 335 375 376 336
f 931 981 982 932
f 1234 1272 1273 1235
f 191 192 195 194
f 3257 3291 3292 3258
f 173 186 187 174
f 285 313 314 286
f 175 188 189 176
f 2411 2454 2455 2412
f 136 149 150 137
f 4163 4202 4201 4164
f 597 637 636 598
f 45 64 65 46
f 1517 1551 1552 1519
f 65 81 82 66
f 112 127 128 113
f 1106 1154 1155 1107
f 3450 3495 3496 3451
f 950 951 952 902
f 61 77 78 62
f 321 322 324 323
f 3441 3484 3485 3442
f 299 337 338 300
f 2395 2440 2441 2396
f 246 247 249 248
f 913 915 914 864
f 85 98 99 86
f 214 240 241 216
f 159 174 175 160
f 2284 2326 2327 2285
f 2609 2666 2667 2610
f 565 603 604 566
f 106 120 121 108
f 385 431 433 384
f 277 304 305 278
f 95 109 111 96
f 4306 4340 4341 4307
f 587 627 628 588
f 2225 2259 2260 2226
f 291 329 330 292
f 3921 3954 3956 3922
f 4326 4360 4361 4327
f 3874 3912 3913 3876
f 523 566 567 524
f 29 48 49 30
f 1817 1861 1860 1816
f 368 406 407 369
f 2260 2300 2301 2261
f 4054 4055 4057 4056
f 749 781 782 750
f 539 588 589 540
f 4104 4143 4144 4105
f 455 507 508 456
f 453 505 506 454
f 182 206 207 183
f 1761 1807 1808 1762
f 256 282 281 255
f 115 130 131 116
f 709 736 737 710
f 3448 3491 3493 3447
f 463 515 516 464
f 315 318 317 316
f 110 125 124 109
f 3612 3640 3641 3613
f 1145 1193 1194 1146
f 562 602 601 564
f 4255 4256 4258 4257
f 431 483 484 433
f 253 278 280 279
f 269 296 297 270
f 527 529 528 482
f 399 448 449 400
f 475 522 523 477
f 229 259 260 230
f 493 540 541 494
f 3746 3782 3784 3747
f 2337 2377 2379 2339
f 487 536 537 490
f 205 229 230 206
f 4341 4369 4368 4342
f 319 320 322 321
f 240 268 269 241
f 1282 1320 1321 1283
f 181 205 206 182
f 545 594 595 546
f 511 556 558 512
f 194 195 197 196
f 1457 1494 1493 1456
f 2402 2445 2446 2403
f 360 399 400 361
f 2427 2469 2470 2428
f 842 892 893 843
f 355 396 397 358
f 535 583 584 534
f 430 432 431 385
f 271 298 299 272
f 3474 3514 3515 3476
f 2803 2879 2880 2804
f 845 895 896 846
f 1297 1334 1336 1296
f 310 349 350 311
f 530 577 578 531
f 2356 2358 2357 2317
f 747 780 781 749
f 3377 3416 3417 3378
f 260 286 287 261
f 868 920 921 869
f 318 359 360 317
f 3466 3509 3510 3467
f 1898 1938 1939 1899
f 739 772 773 740
f 197 217 218 199
f 311 350 351 312
f 339 379 380 340
f 302 340 341 303
f 188 212 213 189
f 1056 1104 1105 1057
f 1818 1862 1863 1819
f 691 720 722 693
f 317 360 361 320
f 615 652 653 618
f 357 358 359 318
f 2691 2755 2756 2692
f 333 373 374 334
f 661 688 689 662
f 623 657 658 624
f 309 346 348 308
f 422 425 424 423
f 169 182 183 170
f 1479 1516 1517 1481
f 2300 2343 2344 2301
f 3401 3442 3443 3402
f 529 576 575 528
f 1266 1305 1306 1267
f 228 258 259 229
f 328 368 369 329
f 1522 1559 1560 1523
f 1005 1055 1056 1006
f 1209 1252 1253 1210
f 363 402 403 365
f 2467 2511 2512 2468
f 1793 1837 1836 1792
f 320 361 362 322
f 1034 1081 1082 1035
f 933 983 984 934
f 413 462 463 414
f 695 724 725 696
f 485 488 487 486
f 2105 2136 2137 2106
f 367 405 406 368
f 296 334 335 297
f 791 832 833 790
f 813 864 863 812
f 429 473 475 474
f 751 783 784 752
f 186 210 211 187
f 2451 2493 2494 2452
f 374 412 413 375
f 359 398 399 360
f 483 531 532 484
f 2097 2129 2130 2098
f 2642 2702 2703 2643
f 248 249 250 225
f 1165 1212 1213 1166
f 759 796 797 758
f 365 403 404 366
f 64 80 81 65
f 915 965 964 914
f 3846 3881 3882 3847
f 381 419 420 382
f 1737 1783 1785 1739
f 379 417 418 380
f 342 382 383 343
f 351 389 390 352
f 2404 2447 2448 2405
f 2802 2878 2879 2803
f 843 893 894 844
f 341 381 382 342
f 655 682 683 656
f 178 202 204 180
f 2539 2590 2591 2540
f 327 366 367 326
f 2041 2066 2067 2042
f 4270 4307 4308 4271
f 907 958 959 908
f 331 371 372 332
f 1729 1775 1776 1730
f 781 815 816 782
f 4153 4197 4198 4154
f 2370 2414 2415 2371
f 520 562 564 521
f 3170 3208 3209 3171
f 891 941 942 892
f 501 548 549 502
f 3042 3101 3102 3043
f 3562 3593 3594 3563
f 625 659 660 626
f 371 409 410 372
f 1341 1378 1379 1342
f 815 866 867 816
f 408 457 458 409
f 400 449 450 401
f 2394 2439 2440 2395
f 405 454 455 406
f 1290 1329 1330 1291
f 2746 2747 2750 2749
f 364 365 366 327
f 550 599 600 551
f 2082 2115 2116 2083
f 1269 1308 1309 1270
f 613 616 615 614
f 3409 3449 3450 3410
f 437 438 441 440
f 1330 1368 1369 1331
f 3385 3424 3425 3387
f 504 551 552 505
f 1002 1052 1053 1003
f 779 813 812 778
f 773 810 811 774
f 863 916 917 865
f 349 387 388 350
f 486 487 490 489
f 567 605 606 568
f 2348 2391 2390 2350
f 2140 2172 2173 2141
f 821 872 874 873
f 218 243 244 219
f 2458 2500 2501 2459
f 293 331 332 294
f 414 463 464 415
f 268 295 296 269
f 2396 2441 2442 2398
f 447 499 500 448
f 1314 1353 1352 1316
f 4041 4083 4084 4042
f 4098 4136 4137 4100
f 605 642 643 606
f 427 472 473 429
f 439 491 492 438
f 2386 2432 2433 2387
f 49 68 69 50
f 3325 3326 3328 3327
f 1153 1201 1202 1154
f 2289 2331 2332 2290
f 712 739 740 713
f 316 317 320 319
f 1461 1498 1499 1462
f 541 590 591 542
f 903 954 955 904
f 629 663 664 630
f 542 591 592 543
f 324 363 365 364
f 2372 2416 2417 2373
f 1603 1665 1664 1602
f 1067 1116 1117 1068
f 346 384 386 348
f 3425 3464 3465 3426
f 290 326 328 289
f 470 518 520 472
f 3529 3532 3531 3530
f 472 520 521 473
f 27 46 47 28
f 1051 1099 1100 1052
f 1201 1244 1245 1202
f 2531 2582 2583 2532
f 3537 3571 3572 3538
f 1027 1074 1075 1028
f 685 717 718 686
f 1306 1345 1346 1307
f 464 516 517 465
f 4018 4062 4063 4019
f 1557 1602 1604 1559
f 693 722 723 694
f 831 881 882 832
f 681 713 714 682
f 3578 3609 3610 3579
f 717 744 745 718
f 202 226 228 204
f 432 481 483 431
f 113 128 129 114
f 741 774 775 742
f 2410 2453 2454 2411
f 300 338 339 301
f 2507 2557 2558 2509
f 648 649 651 616
f 370 408 409 371
f 203 227 226 202
f 265 292 293 266
f 3393 3433 3432 3392
f 533 535 534 488
f 518 563 562 520
f 503 550 551 504
f 3522 3558 3557 3521
f 802 842 843 803
f 1765 1811 1812 1766
f 2297 2340 2341 2298
f 2554 2556 2555 2508
f 2385 2431 2432 2386
f 3906 3941 3943 3908
f 1235 1273 1274 1236
f 2450 2492 2493 2451
f 795 835 836 796
f 462 514 515 463
f 495 542 543 496
f 2492 2540 2541 2493
f 1163 1210 1211 1164
f 604 641 642 605
f 3969 4004 4005 3971
f 479 524 526 525
f 242 270 271 243
f 398 447 448 399
f 522 565 566 523
f 1185 1230 1231 1186
f 2563 2615 2616 2564
f 859 860 862 861
f 407 456 457 408
f 3035 3095 3096 3037
f 3848 3884 3883 3850
f 1227 1265 1266 1228
f 2329 2370 2371 2330
f 1039 1086 1087 1040
f 226 257 258 228
f 2793 2870 2871 2794
f 356 395 396 355
f 704 732 733 706
f 1371 1408 1410 1373
f 1203 1246 1247 1204
f 451 503 504 452
f 1981 2009 2010 1982
f 995 997 996 949
f 2281 2323 2324 2282
f 1047 1095 1096 1048
f 459 511 512 460
f 1418 1451 1452 1419
f 3433 3477 3478 3432
f 2412 2455 2456 2413
f 783 817 818 784
f 576 611 610 575
f 568 606 607 570
f 2482 2530 2531 2483
f 1853 1896 1898 1855
f 1007 1057 1058 1008
f 589 629 630 590
f 726 754 755 727
f 340 380 381 341
f 728 730 729 702
f 250 276 277 251
f 1733 1779 1780 1734
f 322 362 363 324
f 983 1032 1033 984
f 581 622 623 583
f 606 643 644 607
f 590 630 631 591
f 2444 2486 2487 2445
f 1774 1820 1821 1775
f 1437 1470 1471 1438
f 853 904 905 856
f 1095 1143 1144 1096
f 827 879 880 829
f 2125 2156 2158 2124
f 4236 4264 4263 4237
f 3394 3434 3435 3395
f 885 935 936 886
f 1127 1174 1175 1128
f 282 308 310 281
f 582 621 622 581
f 607 644 645 608
f 2452 2494 2495 2453
f 2219 2252 2253 2220
f 1307 1346 1347 1308
f 893 943 944 894
f 1143 1191 1192 1144
f 2321 2362 2363 2322
f 1354 1390 1391 1355
f 121 136 137 123
f 2245 2285 2286 2246
f 2514 2563 2564 2515
f 499 546 547 500
f 2595 2651 2652 2596
f 591 631 632 592
f 3961 3998 3999 3962
f 829 880 881 831
f 1183 1227 1228 1182
f 716 743 744 717
f 686 718 719 687
f 692 721 720 691
f 949 996 998 948
f 765 802 803 766
f 1346 1383 1384 1347
f 767 804 805 768
f 1048 1096 1097 1049
f 894 944 945 895
f 1355 1391 1392 1356
f 537 586 587 538
f 1207 1250 1249 1206
f 507 554 555 508
f 886 936 937 887
f 1231 1269 1270 1232
f 1061 1063 1062 1013
f 669 694 695 670
f 705 706 707 676
f 703 704 706 705
f 2460 2502 2503 2461
f 4101 4140 4142 4103
f 672 697 698 673
f 2579 2635 2636 2580
f 653 680 681 654
f 656 683 684 657
f 2317 2357 2359 2316
f 723 751 752 724
f 1809 1853 1855 1811
f 789 790 793 792
f 678 710 711 679
f 396 445 446 397
f 616 651 652 615
f 914 964 966 916
f 2277 2321 2322 2280
f 1037 1084 1085 1038
f 2426 2468 2469 2427
f 274 301 302 275
f 1571 1623 1624 1573
f 1482 1520 1522 1484
f 528 575 577 530
f 2485 2533 2534 2486
f 1045 1092 1093 1044
f 3465 3508 3509 3466
f 547 596 597 548
f 670 695 696 671
f 1287 1324 1326 1286
f 266 293 294 267
f 2524 2571 2573 2523
f 1451 1490 1491 1452
f 1666 1715 1717 1667
f 338 378 379 339
f 1303 1342 1343 1304
f 579 582 581 580
f 654 681 682 655
f 2418 2461 2462 2419
f 3626 3658 3660 3628
f 1718 1766 1767 1719
f 1459 1496 1497 1460
f 989 1038 1039 990
f 833 883 884 834
f 1421 1454 1455 1422
f 4137 4178 4179 4139
f 1142 1190 1191 1143
f 1335 1372 1371 1334
f 2353 2394 2395 2354
f 733 766 767 734
f 2635 2695 2696 2636
f 935 985 986 936
f 872 924 925 874
f 1738 1784 1783 1737
f 2541 2592 2593 2542
f 1375 1412 1413 1376
f 757 758 761 760
f 2508 2555 2557 2507
f 1547 1595 1594 1548
f 380 418 419 381
f 2809 2885 2886 2810
f 1970 2001 2002 1971
f 4346 4373 4374 4347
f 1125 1172 1173 1126
f 1383 1420 1421 1384
f 725 753 754 726
f 878 928 929 879
f 1777 1823 1824 1778
f 736 769 770 737
f 1938 1968 1969 1939
f 1515 1549 1550 1516
f 1133 1176 1179 1178
f 1801 1845 1844 1800
f 2393 2438 2439 2394
f 1093 1141 1142 1094
f 1619 1620 1621 1569
f 900 901 903 854
f 645 672 673 646
f 766 803 804 767
f 711 738 739 712
f 760 761 762 730
f 2350 2390 2392 2351
f 2085 2118 2119 2086
f 1600 1660 1661 1601
f 671 696 697 672
f 1445 1484 1485 1446
f 1487 1525 1526 1488
f 758 797 798 761
f 564 601 603 565
f 750 782 783 751
f 1554 1600 1601 1556
f 621 655 656 622
f 1495 1531 1532 1496
f 461 513 514 462
f 870 922 923 871
f 444 496 497 445
f 864 914 916 863
f 59 75 77 61
f 221 245 247 246
f 1197 1239 1241 1198
f 3497 3539 3540 3498
f 1177 1217 1216 1176
f 798 838 839 799
f 3473 3474 3476 3475
f 3570 3601 3602 3571
f 44 63 64 45
f 1229 1267 1268 1230
f 836 886 887 837
f 927 977 978 928
f 4214 4245 4246 4215
f 426 427 429 428
f 917 967 968 918
f 1559 1604 1605 1560
f 2659 2719 2720 2660
f 412 461 462 413
f 2556 2606 2608 2555
f 3378 3417 3418 3379
f 2172 2205 2206 2173
f 1221 1222 1224 1223
f 1615 1616 1618 1617
f 378 416 417 379
f 404 453 454 405
f 450 502 503 451
f 276 303 304 277
f 856 905 906 858
f 549 598 599 550
f 805 845 846 806
f 807 847 848 808
f 2548 2599 2600 2549
f 2586 2642 2643 2587
f 2877 2941 2943 2878
f 1301 1340 1341 1302
f 1567 1568 1571 1570
f 923 973 974 924
f 862 908 910 909
f 3553 3582 3583 3554
f 1088 1091 1090 1089
f 620 654 655 621
f 2805 2881 2882 2806
f 1309 1348 1349 1310
f 1463 1465 1464 1433
f 901 953 954 903
f 2651 2711 2712 2652
f 919 969 970 920
f 1225 1226 1227 1183
f 1311 1350 1351 1312
f 3374 3413 3414 3375
f 354 355 358 357
f 2540 2591 2592 2541
f 3915 3951 3952 3916
f 548 597 598 549
f 2643 2703 2704 2644
f 667 692 691 666
f 204 228 229 205
f 832 882 883 833
f 2466 2510 2511 2467
f 3689 3725 3726 3690
f 1755 1801 1800 1754
f 1349 1386 1387 1350
f 244 272 273 245
f 2401 2443 2444 2400
f 846 896 897 847
f 500 547 548 501
f 816 867 868 817
f 3053 3107 3108 3054
f 3510 3547 3548 3511
f 925 975 976 926
f 2057 2085 2086 2058
f 2506 2508 2507 2465
f 784 818 819 785
f 2890 2955 2956 2891
f 1771 1817 1816 1770
f 1373 1410 1411 1374
f 1711 1760 1761 1712
f 1077 1124 1125 1078
f 790 833 834 793
f 1599 1659 1660 1600
f 3594 3624 3625 3595
f 2146 2181 2182 2147
f 1851 1894 1895 1852
f 1381 1418 1419 1382
f 905 956 957 906
f 651 678 679 652
f 734 767 768 735
f 1819 1863 1864 1820
f 2377 2424 2425 2379
f 614 615 618 617
f 294 332 333 295
f 869 921 922 870
f 460 512 513 461
f 2596 2652 2653 2597
f 3370 3409 3410 3371
f 3237 3271 3272 3238
f 1317 1354 1355 1318
f 1647 1698 1699 1648
f 4029 4075 4076 4030
f 4017 4061 4062 4018
f 1181 1182 1184 1137
f 3125 3170 3171 3126
f 156 171 172 157
f 909 910 912 911
f 1578 1639 1640 1579
f 879 929 930 880
f 1032 1079 1080 1033
f 3002 3066 3067 3003
f 1867 1912 1913 1868
f 627 661 662 628
f 1775 1821 1822 1776
f 837 887 888 838
f 3259 3293 3294 3260
f 871 923 924 872
f 2580 2636 2637 2581
f 3290 3337 3338 3291
f 17 18 20 19
f 482 528 530 481
f 489 490 491 439
f 330 370 371 331
f 2065 2098 2099 2066
f 839 889 890 840
f 912 961 963 962
f 3178 3218 3219 3177
f 1923 1955 1956 1924
f 1075 1121 1123 1076
f 1855 1898 1899 1856
f 683 715 716 684
f 990 1039 1040 991
f 823 824 827 826
f 1485 1523 1524 1486
f 981 1030 1031 982
f 1903 1905 1904 1861
f 583 623 624 584
f 904 955 956 905
f 1484 1522 1523 1485
f 4322 4356 4357 4323
f 237 238 239 215
f 1823 1867 1868 1824
f 675 708 709 677
f 2993 3058 3059 2994
f 1785 1831 1832 1786
f 1016 1067 1068 1017
f 2706 2770 2771 2707
f 1533 1578 1579 1534
f 571 572 574 573
f 1783 1829 1831 1785
f 2811 2812 2814 2813
f 1063 1112 1111 1062
f 3610 3638 3639 3611
f 2076 2109 2110 2077
f 2011 2035 2036 2012
f 601 638 640 603
f 3577 3608 3607 3576
f 1069 1118 1119 1070
f 777 779 778 748
f 2546 2597 2598 2547
f 2636 2696 2697 2637
f 858 906 907 860
f 3525 3561 3562 3526
f 2425 2467 2468 2426
f 3593 3623 3624 3594
f 2345 2385 2386 2346
f 2723 2790 2792 2725
f 959 1007 1008 960
f 3602 3632 3633 3603
f 4049 4091 4092 4050
f 1979 2007 2009 1981
f 1573 1624 1626 1625
f 2722 2785 2787 2786
f 957 1005 1006 958
f 2739 2805 2806 2740
f 860 907 908 862
f 1089 1090 1092 1045
f 1629 1630 1632 1631
f 941 991 992 942
f 1028 1075 1076 1029
f 966 1015 1016 967
f 841 891 892 842
f 2264 2304 2305 2265
f 2828 2899 2900 2829
f 2003 2029 2030 2004
f 617 618 620 619
f 2039 2064 2065 2040
f 1053 1101 1102 1054
f 934 984 985 935
f 2498 2546 2547 2499
f 2620 2677 2678 2621
f 3148 3188 3190 3150
f 362 401 402 363
f 731 764 765 732
f 961 1009 1010 963
f 1070 1119 1120 1071
f 999 1049 1050 1000
f 984 1033 1034 985
f 3866 3904 3905 3867
f 3333 3374 3375 3334
f 1605 1667 1668 1606
f 2692 2756 2757 2693
f 3725 3763 3764 3726
f 1621 1678 1679 1622
f 2023 2046 2048 2025
f 707 734 735 708
f 2795 2872 2873 2796
f 572 608 609 574
f 976 1025 1026 977
f 3482 3521 3523 3484
f 2147 2182 2183 2148
f 1661 1711 1712 1663
f 1983 2011 2012 1984
f 1413 1446 1447 1414
f 2755 2828 2829 2756
f 1255 1293 1294 1256
f 952 1000 1001 953
f 3557 3588 3590 3559
f 715 742 743 716
f 4286 4287 4289 4288
f 2747 2822 2823 2750
f 588 628 629 589
f 880 930 931 881
f 4218 4249 4250 4219
f 3885 3921 3922 3886
f 1669 1719 1720 1670
f 2119 2151 2152 2120
f 1029 1076 1077 1030
f 1126 1173 1174 1127
f 1031 1078 1079 1032
f 720 749 750 722
f 2312 2354 2355 2313
f 2155 2157 2156 2125
f 514 560 559 515
f 4262 4285 4287 4286
f 1015 1066 1067 1016
f 2929 2931 2930 2864
f 440 441 442 394
f 83 96 97 84
f 3925 3959 3960 3926
f 1589 1651 1652 1590
f 2111 2113 2112 2081
f 1013 1062 1064 1012
f 3682 3716 3718 3717
f 2139 2171 2172 2140
f 490 537 538 491
f 2151 2186 2187 2152
f 997 1046 1047 996
f 1038 1085 1086 1039
f 991 1040 1041 992
f 1200 1243 1244 1201
f 131 144 145 132
f 3837 3869 3868 3836
f 877 927 928 878
f 1118 1167 1168 1119
f 1466 1504 1505 1467
f 1151 1199 1200 1152
f 1741 1787 1788 1742
f 3341 3382 3383 3342
f 2207 2209 2208 2177
f 394 442 443 393
f 2787 2857 2858 2789
f 2538 2589 2590 2539
f 3802 3837 3836 3801
f 130 143 144 131
f 649 677 678 651
f 281 310 311 283
f 2183 2216 2217 2184
f 875 876 877 825
f 1502 1537 1536 1501
f 668 693 694 669
f 3324 3368 3369 3326
f 171 184 185 172
f 4313 4347 4348 4314
f 1773 1819 1820 1774
f 3601 3631 3632 3602
f 2771 2842 2843 2772
f 2988 3053 3054 2989
f 3449 3494 3495 3450
f 4180 4181 4183 4182
f 4245 4272 4273 4246
f 1233 1271 1272 1234
f 2754 2827 2828 2755
f 2369 2413 2414 2370
f 2779 2850 2851 2780
f 4090 4129 4130 4091
f 1813 1857 1858 1814
f 3617 3645 3647 3646
f 1253 1291 1292 1254
f 1094 1142 1143 1095
f 1247 1283 1284 1248
f 1797 1841 1842 1798
f 763 800 801 764
f 2954 3022 3023 2955
f 1117 1166 1167 1118
f 2228 2262 2263 2229
f 1192 1237 1238 1193
f 2259 2299 2300 2260
f 2433 2475 2476 2434
f 401 450 451 402
f 1101 1149 1150 1102
f 1078 1125 1126 1079
f 652 679 680 653
f 4217 4248 4249 4218
f 619 620 621 582
f 4269 4306 4307 4270
f 1749 1796 1797 1750
f 2287 2329 2330 2288
f 2361 2405 2406 2362
f 1006 1056 1057 1007
f 1111 1161 1162 1113
f 2716 2780 2781 2717
f 443 495 496 444
f 2315 2316 2319 2318
f 1877 1922 1923 1878
f 4030 4076 4077 4031
f 4113 4159 4160 4114
f 1103 1151 1152 1104
f 298 336 337 299
f 4045 4087 4088 4046
f 1925 1927 1926 1888
f 2327 2368 2369 2328
f 1285 1287 1286 1250
f 2835 2904 2906 2837
f 1223 1224 1226 1225
f 458 510 511 459
f 1352 1388 1390 1354
f 1217 1259 1258 1216
f 1933 1964 1965 1934
f 386 434 435 387
f 1239 1277 1276 1241
f 442 494 495 443
f 1167 1214 1215 1168
f 2889 2954 2955 2890
f 2700 2763 2765 2701
f 258 284 285 259
f 2339 2379 2380 2340
f 2749 2750 2751 2687
f 1849 1892 1893 1850
f 1149 1197 1198 1150
f 1286 1326 1327 1288
f 708 735 736 709
f 1160 1207 1206 1159
f 2247 2287 2288 2248
f 1245 1281 1282 1246
f 1562 1607 1608 1563
f 676 707 708 675
f 1152 1200 1201 1153
f 677 709 710 678
f 30 49 50 31
f 1973 2004 2005 1974
f 2391 2436 2435 2390
f 1591 1653 1654 1592
f 1182 1228 1229 1184
f 1112 1159 1161 1111
f 395 444 445 396
f 2355 2396 2398 2397
f 2449 2491 2492 2450
f 1841 1885 1886 1842
f 803 843 844 804
f 618 653 654 620
f 3706 3741 3742 3707
f 198 199 201 200
f 2431 2473 2474 2432
f 1166 1213 1214 1167
f 1264 1303 1304 1265
f 3260 3294 3295 3261
f 1893 1933 1934 1894
f 2455 2497 2498 2456
f 1405 1440 1441 1406
f 1514 1548 1549 1515
f 684 716 717 685
f 2756 2829 2830 2757
f 1097 1145 1146 1098
f 222 225 224 223
f 2465 2507 2509 2464
f 2471 2515 2516 2472
f 1199 1242 1243 1200
f 826 827 829 828
f 2729 2796 2797 2730
f 979 1028 1029 980
f 3641 3674 3675 3642
f 851 854 853 852
f 2883 2948 2950 2885
f 1191 1236 1237 1192
f 1213 1256 1257 1214
f 73 89 90 74
f 1267 1306 1307 1268
f 2093 2126 2127 2095
f 2407 2450 2451 2408
f 1189 1234 1235 1190
f 1506 1541 1542 1507
f 1159 1206 1208 1161
f 1079 1126 1127 1080
f 2489 2537 2538 2490
f 4053 4094 4095 4055
f 3673 3708 3709 3674
f 1141 1189 1190 1142
f 2851 2920 2921 2852
f 780 814 815 781
f 2748 2821 2822 2747
f 3640 3673 3674 3641
f 350 388 389 351
f 2149 2184 2185 2150
f 2535 2586 2587 2536
f 410 459 460 411
f 2867 2934 2935 2868
f 740 773 774 741
f 1232 1270 1271 1233
f 2469 2513 2514 2470
f 899 902 901 900
f 881 931 932 882
f 2081 2112 2114 2080
f 2626 2682 2683 2628
f 1216 1258 1260 1218
f 1251 1289 1290 1252
f 2547 2598 2599 2548
f 2197 2231 2232 2198
f 2205 2239 2240 2206
f 1399 1434 1435 1400
f 1246 1282 1283 1247
f 1336 1373 1374 1337
f 2569 2621 2623 2622
f 2483 2531 2532 2484
f 1249 1288 1289 1251
f 1316 1352 1354 1317
f 402 451 452 403
f 347 385 384 346
f 3698 3733 3734 3699
f 3954 3993 3992 3956
f 1379 1416 1417 1380
f 2591 2647 2648 2592
f 1397 1432 1434 1399
f 1222 1262 1263 1224
f 756 759 758 757
f 2820 2891 2892 2821
f 3498 3540 3541 3499
f 2515 2564 2565 2516
f 2285 2327 2328 2286
f 2858 2927 2928 2860
f 835 885 886 836
f 2955 3023 3024 2956
f 1279 1317 1318 1280
f 494 541 542 495
f 2575 2632 2633 2577
f 1333 1335 1334 1297
f 1570 1571 1573 1572
f 1271 1310 1311 1272
f 2796 2873 2874 2797
f 1899 1939 1940 1900
f 1648 1699 1700 1649
f 1277 1315 1314 1276
f 2543 2594 2595 2544
f 2915 2981 2982 2916
f 1391 1427 1428 1392
f 2804 2880 2881 2805
f 1074 1122 1121 1075
f 2785 2856 2857 2787
f 666 691 693 668
f 2578 2634 2635 2579
f 2897 2962 2963 2898
f 1320 1357 1358 1321
f 4178 4216 4217 4179
f 326 367 368 328
f 2325 2366 2367 2326
f 2687 2751 2752 2686
f 1389 1425 1424 1388
f 1486 1524 1525 1487
f 772 809 810 773
f 1304 1343 1344 1305
f 970 1019 1020 971
f 2587 2643 2644 2588
f 2357 2402 2403 2359
f 2695 2759 2760 2696
f 474 475 477 476
f 2933 3000 3001 2934
f 1280 1318 1319 1281
f 710 737 738 711
f 2365 2409 2410 2366
f 1857 1900 1901 1858
f 947 948 951 950
f 2899 2964 2965 2900
f 2727 2794 2795 2728
f 4129 4170 4171 4130
f 230 260 261 231
f 2521 2524 2523 2522
f 2815 2816 2818 2817
f 418 467 468 419
f 1334 1371 1373 1336
f 2562 2614 2615 2563
f 1208 1251 1252 1209
f 2371 2415 2416 2372
f 2751 2824 2825 2752
f 2301 2344 2345 2302
f 2693 2757 2758 2694
f 1326 1364 1365 1327
f 1583 1643 1645 1582
f 4073 4114 4115 4074
f 2347 2387 2389 2388
f 2667 2728 2729 2668
f 2109 2140 2141 2110
f 3705 3740 3741 3706
f 883 933 934 884
f 1538 1585 1586 1539
f 788 791 790 789
f 1472 1510 1511 1473
f 1258 1298 1299 1260
f 1365 1402 1403 1366
f 2703 2767 2768 2704
f 1470 1508 1509 1471
f 1367 1404 1405 1368
f 3794 3829 3828 3793
f 1298 1337 1338 1299
f 838 888 889 839
f 1382 1419 1420 1383
f 1357 1393 1394 1358
f 1343 1380 1381 1344
f 1376 1413 1414 1377
f 2443 2485 2486 2444
f 806 846 847 807
f 2437 2479 2480 2438
f 3753 3754 3756 3755
f 1325 1361 1363 1324
f 2980 3047 3048 2981
f 742 775 776 743
f 2445 2487 2488 2446
f 1140 1188 1189 1141
f 1261 1300 1301 1262
f 2572 2625 2624 2571
f 1319 1356 1357 1320
f 1464 1503 1504 1466
f 1362 1397 1399 1361
f 622 656 657 623
f 2537 2588 2589 2538
f 1833 1877 1878 1834
f 1085 1132 1131 1086
f 2073 2106 2107 2074
f 297 335 336 298
f 1273 1312 1313 1274
f 2847 2916 2917 2848
f 797 837 838 798
f 2931 2996 2998 2930
f 1503 1538 1539 1504
f 1410 1442 1444 1411
f 2892 2957 2958 2893
f 225 250 251 224
f 2501 2549 2550 2502
f 2871 2938 2939 2872
f 1541 1588 1589 1542
f 1530 1575 1574 1529
f 844 894 895 845
f 2765 2835 2837 2766
f 3880 3917 3918 3881
f 2174 2177 2176 2175
f 1014 1065 1066 1015
f 2879 2944 2945 2880
f 642 669 670 643
f 2995 2997 2996 2931
f 804 844 845 805
f 1640 1692 1693 1641
f 2571 2624 2626 2573
f 1102 1150 1151 1103
f 2517 2566 2567 2518
f 1897 1937 1936 1896
f 3914 3950 3951 3915
f 2868 2935 2936 2869
f 4057 4096 4098 4097
f 2453 2495 2496 2454
f 2962 3030 3031 2963
f 1627 1628 1630 1629
f 2943 3009 3010 2944
f 2243 2283 2284 2244
f 2884 2949 2948 2883
f 1086 1131 1133 1087
f 3576 3607 3609 3578
f 2951 3019 3020 2952
f 1243 1279 1280 1244
f 1438 1471 1472 1439
f 3521 3557 3559 3523
f 1432 1466 1467 1434
f 1643 1694 1696 1645
f 1408 1443 1442 1410
f 1581 1583 1582 1537
f 2986 3051 3052 2987
f 375 413 414 376
f 2843 2912 2913 2844
f 3688 3724 3725 3689
f 1030 1077 1078 1031
f 2999 3063 3064 3000
f 2561 2613 2614 2562
f 1414 1447 1448 1415
f 1575 1636 1635 1574
f 3762 3798 3799 3763
f 2715 2779 2780 2716
f 1374 1411 1412 1375
f 971 1020 1021 972
f 828 829 831 830
f 2924 2990 2991 2925
f 2484 2532 2533 2485
f 353 356 355 354
f 1302 1341 1342 1303
f 2473 2517 2518 2474
f 1471 1509 1510 1472
f 3754 3789 3790 3756
f 2987 3052 3053 2988
f 2875 2942 2941 2877
f 2629 2631 2630 2576
f 3055 3109 3110 3056
f 1525 1562 1563 1526
f 1150 1198 1199 1151
f 1447 1486 1487 1448
f 1690 1740 1741 1691
f 1278 1316 1317 1279
f 2549 2600 2601 2550
f 3063 3116 3117 3064
f 2409 2452 2453 2410
f 852 853 856 855
f 1658 1708 1709 1659
f 1706 1755 1754 1705
f 1632 1685 1686 1634
f 2963 3031 3032 2964
f 2597 2653 2654 2598
f 953 1001 1002 954
f 1693 1743 1745 1744
f 1614 1674 1675 1616
f 1631 1632 1634 1633
f 1626 1682 1683 1628
f 2610 2667 2668 2611
f 1310 1349 1350 1311
f 1430 1461 1462 1431
f 1730 1776 1777 1731
f 2661 2663 2662 2607
f 2959 3027 3028 2960
f 1509 1544 1545 1510
f 3251 3286 3287 3253
f 1501 1536 1538 1503
f 2148 2183 2184 2149
f 2908 2974 2975 2909
f 1390 1426 1427 1391
f 2685 2686 2689 2688
f 3362 3402 3403 3363
f 1493 1529 1531 1495
f 3115 3161 3162 3116
f 1519 1552 1554 1553
f 1504 1539 1540 1505
f 2630 2691 2692 2632
f 2637 2697 2698 2638
f 3143 3184 3185 3144
f 1469 1507 1508 1470
f 1606 1668 1669 1607
f 2602 2658 2659 2603
f 1496 1532 1533 1497
f 1318 1355 1356 1319
f 1642 1644 1643 1583
f 498 545 546 499
f 4127 4168 4169 4128
f 1624 1681 1682 1626
f 1858 1901 1902 1859
f 1190 1235 1236 1191
f 2513 2562 2563 2514
f 3151 3191 3192 3152
f 1003 1053 1054 1004
f 770 807 808 771
f 2417 2460 2461 2418
f 812 863 865 814
f 3419 3459 3458 3420
f 738 771 772 739
f 3899 3934 3933 3898
f 3778 3813 3814 3779
f 1299 1338 1339 1300
f 1685 1735 1736 1686
f 3571 3602 3603 3572
f 1241 1276 1278 1242
f 987 1036 1037 988
f 1551 1598 1599 1552
f 1543 1590 1591 1544
f 3985 4029 4030 3986
f 2964 3032 3033 2965
f 3190 3227 3229 3191
f 3907 3942 3941 3906
f 1161 1208 1209 1162
f 1550 1597 1598 1551
f 1511 1546 1547 1513
f 2985 3049 3051 2986
f 3770 3805 3806 3771
f 3739 3779 3780 3740
f 3027 3088 3089 3028
f 985 1034 1035 986
f 425 471 470 424
f 1613 1614 1616 1615
f 1806 1850 1851 1807
f 1415 1448 1449 1416
f 1630 1684 1685 1632
f 1620 1677 1678 1621
f 1565 1610 1612 1611
f 3003 3067 3068 3004
f 1295 1297 1296 1259
f 2611 2668 2669 2612
f 3547 3577 3576 3548
f 2084 2117 2118 2085
f 3075 3128 3129 3076
f 3247 3280 3281 3248
f 1677 1727 1728 1678
f 1582 1645 1646 1584
f 951 999 1000 952
f 2256 2297 2298 2258
f 3347 3392 3394 3349
f 737 770 771 738
f 3255 3289 3290 3256
f 1574 1635 1637 1576
f 2948 3016 3018 2950
f 1670 1720 1721 1671
f 3223 3259 3260 3224
f 1019 1070 1071 1020
f 1542 1589 1590 1543
f 263 291 292 265
f 1584 1646 1647 1585
f 1526 1563 1564 1527
f 3159 3198 3197 3158
f 3107 3151 3152 3108
f 1576 1637 1638 1577
f 3118 3164 3165 3119
f 2837 2906 2907 2838
f 1059 1107 1108 1060
f 3043 3102 3103 3044
f 2690 2754 2755 2691
f 1552 1599 1600 1554
f 3287 3334 3335 3288
f 2845 2914 2915 2846
f 506 553 554 507
f 2937 3004 3005 2938
f 1420 1453 1454 1421
f 1512 1513 1514 1477
f 2763 2836 2835 2765
f 3163 3202 3203 3164
f 345 347 346 309
f 3295 3342 3343 3297
f 1368 1405 1406 1369
f 1180 1183 1182 1181
f 1699 1751 1752 1700
f 1878 1923 1924 1879
f 2885 2950 2951 2886
f 3303 3352 3353 3304
f 2021 2044 2045 2022
f 1671 1721 1722 1672
f 3962 3999 4000 3963
f 3283 3285 3284 3252
f 2917 2983 2984 2918
f 3126 3171 3172 3127
f 1035 1082 1083 1036
f 1798 1842 1843 1799
f 1719 1767 1768 1720
f 1784 1830 1829 1783
f 4267 4304 4305 4268
f 3243 3276 3278 3245
f 2925 2991 2992 2926
f 3383 3422 3423 3384
f 1645 1696 1697 1646
f 1618 1676 1677 1620
f 1663 1712 1714 1713
f 2113 2143 2145 2112
f 2330 2371 2372 2331
f 2054 2083 2084 2056
f 3913 3949 3950 3914
f 3391 3427 3429 3428
f 1637 1689 1690 1638
f 1664 1716 1715 1666
f 892 942 943 893
f 71 87 88 72
f 1974 2005 2006 1975
f 2853 2922 2923 2854
f 3351 3396 3397 3352
f 1597 1657 1658 1598
f 884 934 935 885
f 1646 1697 1698 1647
f 3316 3363 3364 3317
f 2218 2251 2252 2219
f 1838 1882 1883 1839
f 497 544 545 498
f 3066 3119 3120 3067
f 1566 1569 1568 1567
f 3614 3642 3643 3615
f 2997 3061 3060 2996
f 3769 3804 3805 3770
f 1549 1596 1597 1550
f 3945 3985 3986 3947
f 3633 3665 3666 3634
f 4209 4240 4241 4210
f 3138 3177 3179 3137
f 161 176 177 162
f 1099 1147 1148 1100
f 641 668 669 642
f 1695 1747 1746 1694
f 3004 3068 3069 3005
f 417 466 467 418
f 2441 2483 2484 2442
f 1610 1672 1673 1612
f 1687 1737 1739 1689
f 2089 2121 2122 2091
f 855 856 858 857
f 918 968 969 919
f 801 841 842 802
f 3495 3537 3538 3496
f 1837 1881 1880 1836
f 3099 3144 3145 3100
f 1655 1705 1707 1657
f 3395 3435 3436 3396
f 372 410 411 373
f 3061 3114 3113 3060
f 3535 3569 3570 3536
f 626 660 661 627
f 1602 1664 1666 1604
f 2666 2727 2728 2667
f 932 982 983 933
f 3293 3340 3341 3294
f 3331 3372 3373 3332
f 3551 3580 3581 3552
f 1725 1770 1772 1726
f 2134 2166 2168 2136
f 2658 2718 2719 2659
f 66 82 83 67
f 3387 3425 3426 3389
f 3857 3890 3891 3859
f 1717 1765 1766 1718
f 1750 1797 1798 1751
f 1767 1813 1814 1768
f 1952 1980 1979 1951
f 2490 2538 2539 2491
f 3463 3506 3507 3464
f 2009 2033 2034 2010
f 1829 1873 1875 1831
f 3067 3120 3121 3068
f 1871 1916 1917 1872
f 3012 3075 3076 3013
f 241 269 270 242
f 3371 3410 3411 3372
f 3631 3663 3664 3632
f 546 595 596 547
f 1742 1788 1789 1743
f 1759 1805 1806 1760
f 1728 1774 1775 1729
f 735 768 769 736
f 2366 2410 2411 2367
f 3173 3211 3212 3174
f 937 987 988 938
f 1139 1187 1188 1140
f 1720 1768 1769 1721
f 1751 1798 1799 1752
f 2634 2694 2695 2635
f 2116 2148 2149 2117
f 3181 3222 3223 3182
f 3663 3698 3699 3664
f 575 610 612 577
f 1696 1748 1749 1697
f 2166 2199 2201 2168
f 713 740 741 714
f 3687 3723 3724 3688
f 1821 1865 1866 1822
f 1734 1780 1781 1735
f 748 778 780 747
f 3060 3113 3115 3062
f 3475 3476 3477 3433
f 2593 2649 2650 2594
f 3695 3730 3731 3696
f 1131 1177 1176 1133
f 1710 1759 1760 1711
f 1791 1793 1792 1747
f 2502 2550 2551 2503
f 700 701 704 703
f 3269 3307 3309 3271
f 3785 3819 3820 3786
f 1997 2023 2025 1999
f 1622 1679 1680 1623
f 2594 2650 2651 2595
f 3036 3093 3095 3035
f 3531 3565 3567 3533
f 3277 3313 3312 3276
f 3639 3672 3673 3640
f 1123 1169 1171 1124
f 3139 3180 3181 3140
f 1863 1908 1909 1864
f 1944 1973 1974 1945
f 3987 4031 4032 3988
f 3523 3559 3560 3524
f 3245 3278 3279 3246
f 2953 3021 3022 2954
f 1805 1849 1850 1806
f 956 1004 1005 957
f 1824 1868 1869 1825
f 2778 2849 2850 2779
f 3507 3543 3545 3508
f 1781 1827 1828 1782
f 3801 3836 3838 3803
f 1958 1988 1990 1957
f 2682 2743 2744 2683
f 1816 1860 1862 1818
f 2842 2911 2912 2843
f 1757 1803 1804 1758
f 3767 3802 3801 3766
f 1698 1750 1751 1699
f 2674 2735 2736 2675
f 1800 1844 1846 1802
f 1148 1196 1197 1149
f 2614 2671 2672 2615
f 4354 4381 4382 4355
f 1830 1874 1873 1829
f 586 626 627 587
f 2255 2257 2256 2224
f 1936 1966 1968 1938
f 2930 2998 2999 2932
f 3919 3955 3954 3921
f 940 990 991 941
f 1179 1218 1220 1219
f 929 979 980 930
f 1822 1866 1867 1823
f 1847 1890 1891 1848
f 3850 3883 3885 3851
f 2607 2662 2664 2606
f 2470 2514 2515 2471
f 882 932 933 883
f 3831 3863 3864 3832
f 570 607 608 572
f 1942 1972 1973 1944
f 1839 1883 1884 1840
f 2182 2215 2216 2183
f 2946 3012 3013 2947
f 930 980 981 931
f 3879 3916 3917 3880
f 1989 2015 2014 1988
f 1870 1915 1916 1871
f 1155 1203 1204 1156
f 3100 3145 3146 3101
f 1807 1851 1852 1808
f 1831 1875 1876 1832
f 2814 2888 2889 2816
f 1345 1382 1383 1346
f 3887 3923 3924 3888
f 1869 1914 1915 1870
f 3171 3209 3210 3172
f 1428 1459 1460 1429
f 3842 3876 3877 3841
f 3715 3748 3749 3716
f 3389 3426 3427 3391
f 1953 1981 1982 1954
f 1861 1904 1906 1860
f 1650 1701 1702 1651
f 1735 1781 1782 1736
f 1700 1752 1753 1701
f 2499 2547 2548 2500
f 3683 3719 3721 3685
f 3429 3467 3468 3431
f 3775 3811 3812 3777
f 2126 2159 2160 2127
f 2248 2288 2289 2249
f 3129 3174 3175 3130
f 3659 3692 3694 3658
f 3469 3470 3472 3471
f 988 1037 1038 989
f 3155 3195 3196 3156
f 3076 3129 3130 3077
f 2092 2094 2093 2062
f 2910 2976 2977 2911
f 1321 1358 1359 1322
f 1948 1977 1978 1949
f 602 639 638 601
f 2926 2992 2993 2927
f 1896 1936 1938 1898
f 2838 2907 2908 2839
f 105 106 108 107
f 3967 4003 4004 3969
f 1211 1254 1255 1212
f 1902 1942 1944 1943
f 1888 1926 1928 1887
f 2694 2758 2759 2695
f 2822 2893 2894 2823
f 3509 3546 3547 3510
f 3975 4017 4018 3976
f 1848 1891 1892 1849
f 4358 4385 4386 4359
f 1868 1913 1914 1869
f 3158 3197 3199 3160
f 3517 3554 3555 3518
f 3935 3974 3975 3936
f 449 501 502 450
f 1894 1934 1935 1895
f 594 634 635 595
f 2055 2082 2083 2054
f 1792 1836 1838 1794
f 3386 3387 3389 3388
f 3110 3154 3155 3111
f 3565 3596 3598 3567
f 2770 2841 2842 2771
f 1862 1907 1908 1863
f 4201 4234 4233 4203
f 1468 1506 1507 1469
f 3883 3919 3921 3885
f 3597 3627 3626 3596
f 4007 4048 4049 4009
f 1187 1232 1233 1188
f 1674 1724 1725 1675
f 4047 4089 4090 4048
f 3613 3641 3642 3614
f 1957 1990 1991 1959
f 2577 2633 2634 2578
f 980 1029 1030 981
f 3212 3248 3249 3213
f 1941 1971 1972 1942
f 4055 4095 4096 4057
f 2969 3037 3038 2971
f 1927 1958 1957 1926
f 4169 4207 4208 4170
f 2298 2341 2342 2299
f 3875 3910 3912 3874
f 2633 2693 2694 2634
f 3195 3233 3234 3196
f 1901 1941 1942 1902
f 996 1047 1048 998
f 2080 2114 2115 2082
f 3963 4000 4001 3964
f 3851 3885 3886 3852
f 978 1027 1028 979
f 3124 3169 3168 3123
f 2015 2038 2037 2014
f 1739 1785 1786 1740
f 3827 3855 3857 3856
f 2745 2748 2747 2746
f 2079 2080 2082 2055
f 2118 2150 2151 2119
f 1992 2018 2019 1993
f 729 763 764 731
f 3010 3073 3074 3011
f 3701 3703 3702 3669
f 3833 3865 3866 3834
f 1845 1888 1887 1844
f 1984 2012 2013 1986
f 2007 2031 2033 2009
f 2923 2989 2990 2924
f 3054 3108 3109 3055
f 3669 3702 3704 3668
f 3330 3371 3372 3331
f 1709 1758 1759 1710
f 2072 2105 2106 2073
f 1999 2025 2026 2000
f 153 168 169 154
f 2726 2793 2794 2727
f 369 407 408 370
f 3841 3877 3878 3843
f 1998 2024 2023 1997
f 1259 1296 1298 1258
f 2215 2248 2249 2216
f 3164 3203 3204 3165
f 3642 3675 3676 3643
f 753 785 786 754
f 3765 3767 3766 3728
f 1004 1054 1055 1005
f 1990 2016 2017 1991
f 3188 3228 3227 3190
f 4295 4327 4328 4297
f 2881 2946 2947 2882
f 3813 3845 3846 3814
f 1724 1771 1770 1725
f 1982 2010 2011 1983
f 1012 1064 1065 1014
f 2031 2054 2056 2033
f 2142 2144 2143 2113
f 3890 3926 3927 3891
f 814 865 866 815
f 2773 2844 2845 2774
f 2681 2742 2741 2680
f 2224 2256 2258 2223
f 2895 2960 2961 2896
f 3235 3269 3271 3237
f 1281 1319 1320 1282
f 1991 2017 2018 1992
f 2088 2089 2091 2090
f 2971 3038 3039 2972
f 3638 3671 3672 3639
f 2043 2068 2069 2044
f 1727 1773 1774 1728
f 2135 2167 2166 2134
f 3219 3255 3256 3220
f 2056 2084 2085 2057
f 1416 1449 1450 1417
f 4011 4050 4051 4013
f 2657 2717 2718 2658
f 2186 2219 2220 2187
f 2786 2787 2789 2788
f 1254 1292 1293 1255
f 2048 2072 2073 2049
f 3534 3568 3569 3535
f 3909 3911 3910 3875
f 2171 2204 2205 2172
f 2229 2263 2264 2230
f 3366 3407 3406 3368
f 1116 1165 1166 1117
f 3020 3081 3082 3021
f 2673 2734 2735 2674
f 2086 2119 2120 2087
f 786 820 821 787
f 2127 2160 2161 2128
f 2024 2047 2046 2023
f 366 404 405 367
f 2354 2395 2396 2355
f 1329 1367 1368 1330
f 4151 4196 4197 4153
f 3922 3956 3957 3923
f 3609 3636 3638 3610
f 2841 2910 2911 2842
f 3782 3818 3817 3784
f 3933 3972 3974 3935
f 4327 4361 4362 4328
f 2061 2095 2096 2063
f 3227 3262 3264 3229
f 1672 1722 1723 1673
f 3244 3277 3276 3243
f 3750 3787 3788 3752
f 3957 3994 3995 3958
f 2302 2345 2346 2303
f 2037 2063 2064 2039
f 2070 2103 2105 2072
f 2199 2233 2235 2201
f 3220 3256 3257 3221
f 2780 2851 2852 2781
f 3965 4002 4003 3967
f 2213 2246 2247 2214
f 3410 3450 3451 3411
f 2078 2081 2080 2079
f 1052 1100 1101 1053
f 2216 2249 2250 2217
f 2100 2132 2133 2101
f 4259 4260 4262 4261
f 2665 2726 2727 2666
f 2103 2134 2136 2105
f 1966 1997 1999 1968
f 3228 3263 3262 3227
f 4317 4351 4352 4318
f 4219 4250 4251 4220
f 1050 1098 1099 1051
f 4383 4405 4406 4384
f 1814 1858 1859 1815
f 2087 2120 2121 2089
f 2120 2152 2153 2121
f 2191 2223 2225 2190
f 4314 4348 4349 4315
f 4203 4233 4235 4204
f 2075 2108 2109 2076
f 3299 3349 3350 3301
f 674 676 675 650
f 1510 1545 1546 1511
f 2738 2804 2805 2739
f 2112 2145 2146 2114
f 3620 3652 3653 3621
f 1291 1330 1331 1292
f 16 29 30 18
f 1569 1621 1622 1568
f 1108 1156 1157 1110
f 2208 2241 2243 2210
f 3812 3844 3845 3813
f 3926 3960 3961 3927
f 1891 1931 1932 1892
f 2730 2797 2798 2731
f 2278 2320 2321 2277
f 3938 3977 3978 3939
f 1955 1983 1984 1956
f 393 443 444 395
f 977 1026 1027 978
f 32 33 35 34
f 2791 2867 2868 2790
f 3780 3815 3816 3781
f 3292 3339 3340 3293
f 4107 4109 4108 4069
f 4093 4132 4133 4094
f 457 509 510 458
f 2545 2596 2597 2546
f 1794 1838 1839 1795
f 1092 1140 1141 1093
f 3930 3964 3965 3932
f 4226 4254 4256 4255
f 876 926 927 877
f 697 726 727 698
f 2158 2192 2193 2159
f 2167 2200 2199 2166
f 3539 3573 3574 3540
f 4352 4379 4380 4353
f 3404 3445 3446 3405
f 4150 4151 4153 4152
f 4141 4187 4186 4140
f 4351 4378 4379 4352
f 2381 2427 2428 2382
f 3276 3312 3314 3278
f 2159 2193 2194 2160
f 4068 4110 4111 4070
f 4283 4320 4321 4284
f 2849 2918 2919 2850
f 2129 2162 2163 2130
f 1283 1321 1322 1284
f 275 302 303 276
f 2184 2217 2218 2185
f 4078 4119 4118 4080
f 4061 4103 4104 4062
f 96 111 112 97
f 2181 2214 2215 2182
f 3267 3305 3306 3268
f 2175 2176 2178 2144
f 2176 2210 2211 2178
f 267 294 295 268
f 20 31 33 32
f 4181 4218 4219 4183
f 129 142 143 130
f 2063 2096 2097 2064
f 2152 2187 2188 2153
f 1943 1944 1945 1905
f 227 255 257 226
f 4142 4188 4189 4143
f 4213 4244 4245 4214
f 128 141 142 129
f 2157 2191 2190 2156
f 2318 2319 2320 2278
f 1873 1918 1920 1875
f 4254 4281 4282 4256
f 195 216 217 197
f 4237 4263 4265 4238
f 2961 3029 3030 2962
f 2117 2149 2150 2118
f 3161 3200 3201 3162
f 2351 2392 2393 2352
f 657 684 685 658
f 2094 2124 2126 2093
f 2850 2919 2920 2851
f 4166 4204 4205 4167
f 155 170 171 156
f 4277 4314 4315 4278
f 1137 1184 1185 1136
f 593 633 634 594
f 2214 2247 2248 2215
f 2231 2265 2266 2232
f 2096 2128 2129 2097
f 3416 3456 3457 3417
f 4038 4080 4081 4039
f 4301 4330 4332 4331
f 104 119 120 106
f 3065 3118 3119 3066
f 3428 3429 3431 3430
f 1960 1992 1993 1961
f 52 71 72 54
f 4333 4334 4336 4335
f 288 290 289 264
f 1331 1369 1370 1332
f 2430 2472 2473 2431
f 1412 1445 1446 1413
f 1656 1706 1705 1655
f 264 289 291 263
f 1465 1501 1503 1464
f 658 685 686 659
f 3323 3324 3326 3325
f 2343 2383 2384 2344
f 1064 1113 1114 1065
f 2212 2245 2246 2213
f 68 84 85 69
f 1114 1163 1164 1115
f 2294 2296 2295 2257
f 2246 2286 2287 2247
f 2421 2423 2422 2378
f 2368 2412 2413 2369
f 411 460 461 412
f 23 26 25 24
f 2705 2769 2770 2706
f 1033 1080 1081 1034
f 714 741 742 715
f 2190 2225 2226 2192
f 2794 2871 2872 2795
f 4146 4149 4148 4147
f 419 468 469 420
f 4342 4368 4370 4343
f 4365 4392 4393 4366
f 312 351 352 313
f 149 162 163 150
f 3916 3952 3953 3917
f 1188 1233 1234 1189
f 965 1012 1014 964
f 916 966 967 917
f 4373 4394 4396 4374
f 336 376 377 337
f 2269 2308 2309 2270
f 1754 1800 1802 1756
f 3721 3759 3760 3722
f 1250 1286 1288 1249
f 148 161 162 149
f 392 393 395 356
f 2261 2301 2302 2262
f 4319 4353 4354 4320
f 2319 2360 2361 2320
f 4385 4407 4408 4386
f 3458 3503 3502 3460
f 2373 2417 2418 2374
f 272 299 300 273
f 2495 2543 2544 2496
f 3340 3381 3382 3341
f 515 559 561 516
f 164 166 165 152
f 38 59 61 41
f 3929 3963 3964 3930
f 706 733 734 707
f 1746 1794 1795 1748
f 2311 2353 2354 2312
f 4289 4324 4325 4291
f 491 538 539 492
f 103 118 119 104
f 62 78 79 63
f 3650 3683 3685 3652
f 1363 1400 1401 1364
f 2422 2464 2466 2424
f 87 100 101 88
f 245 273 274 247
f 70 86 87 71
f 2660 2720 2722 2721
f 682 714 715 683
f 3315 3362 3363 3316
f 2303 2346 2347 2304
f 2512 2561 2562 2513
f 973 1022 1023 974
f 4046 4088 4089 4047
f 2323 2364 2365 2324
f 448 500 501 449
f 2326 2367 2368 2327
f 2295 2339 2340 2297
f 3388 3389 3391 3390
f 699 702 701 700
f 969 1018 1019 970
f 4381 4403 4404 4382
f 2263 2303 2304 2264
f 2310 2352 2353 2311
f 2677 2738 2739 2678
f 2810 2886 2887 2812
f 2328 2369 2370 2329
f 819 870 871 820
f 540 589 590 541
f 174 187 188 175
f 456 508 509 457
f 1347 1384 1385 1348
f 2414 2457 2458 2415
f 1212 1255 1256 1213
f 2320 2361 2362 2321
f 771 808 809 772
f 471 519 518 470
f 190 193 192 191
f 488 534 536 487
f 2341 2381 2382 2342
f 1778 1824 1825 1779
f 1 4 3 2
f 2333 2374 2375 2334
f 308 348 349 310
f 867 919 920 868
f 126 138 140 127
f 496 543 544 497
f 2309 2351 2352 2310
f 3379 3418 3419 3380
f 2487 2535 2536 2488
f 2296 2337 2339 2295
f 477 523 524 479
f 543 592 593 544
f 206 230 231 207
f 3649 3680 3682 3681
f 1770 1816 1818 1772
f 3986 4030 4031 3987
f 701 731 732 704
f 415 464 465 416
f 254 256 255 227
f 3506 3544 3543 3507
f 2702 2766 2767 2703
f 659 686 687 660
f 3396 3436 3437 3397
f 295 333 334 296
f 1361 1399 1400 1363
f 3514 3551 3552 3515
f 2237 2271 2272 2238
f 3363 3403 3404 3364
f 2375 2419 2420 2376
f 2257 2295 2297 2256
f 955 1003 1004 956
f 2570 2572 2571 2524
f 2737 2803 2804 2738
f 592 632 633 593
f 1419 1452 1453 1420
f 2390 2435 2437 2392
f 2367 2411 2412 2368
f 2504 2552 2553 2505
f 1043 1044 1046 997
f 436 439 438 437
f 1242 1278 1279 1243
f 2479 2527 2528 2480
f 2382 2428 2429 2383
f 3380 3419 3420 3381
f 939 989 990 940
f 679 711 712 680
f 1210 1253 1254 1211
f 608 645 646 609
f 2497 2545 2546 2498
f 2358 2400 2402 2357
f 2826 2897 2898 2827
f 2408 2451 2452 2409
f 1107 1155 1156 1108
f 544 593 594 545
f 1434 1467 1468 1435
f 2525 2577 2578 2527
f 2286 2328 2329 2287
f 1244 1280 1281 1245
f 2400 2444 2445 2402
f 1091 1138 1139 1090
f 580 581 583 535
f 358 397 398 359
f 624 658 659 625
f 1403 1438 1439 1404
f 3411 3451 3452 3412
f 2818 2890 2891 2820
f 2496 2544 2545 2497
f 1219 1220 1222 1221
f 524 567 568 526
f 566 604 605 567
f 640 666 668 641
f 2429 2471 2472 2430
f 2478 2526 2525 2477
f 2783 2854 2855 2784
f 4002 4044 4045 4003
f 4272 4309 4310 4273
f 887 937 938 888
f 382 420 421 383
f 680 712 713 681
f 2413 2456 2457 2414
f 3403 3444 3445 3404
f 492 539 540 493
f 1147 1195 1196 1148
f 3444 3487 3488 3445
f 847 897 898 848
f 1401 1436 1437 1402
f 696 725 726 697
f 730 762 763 729
f 2542 2593 2594 2543
f 1228 1266 1267 1229
f 3994 4035 4037 3995
f 1011 1013 1012 965
f 377 415 416 378
f 334 374 375 335
f 1339 1376 1377 1340
f 1866 1911 1912 1867
f 1427 1458 1459 1428
f 2447 2489 2490 2448
f 2792 2869 2870 2793
f 3928 3962 3963 3929
f 647 650 649 648
f 446 498 499 447
f 3538 3572 3573 3539
f 2509 2558 2559 2510
f 2462 2504 2505 2463
f 2439 2481 2482 2440
f 3412 3452 3453 3413
f 746 748 747 721
f 303 341 342 304
f 1393 1429 1430 1394
f 3554 3583 3584 3555
f 722 750 751 723
f 3426 3465 3466 3427
f 2415 2458 2459 2416
f 2472 2516 2517 2473
f 1411 1444 1445 1412
f 1055 1103 1104 1056
f 502 549 550 503
f 480 482 481 432
f 2669 2730 2731 2670
f 2534 2585 2586 2535
f 2399 2401 2400 2358
f 2464 2509 2510 2466
f 724 752 753 725
f 752 784 785 753
f 526 568 570 569
f 1435 1468 1469 1436
f 1810 1854 1853 1809
f 1276 1314 1316 1278
f 2440 2482 2483 2441
f 1531 1576 1577 1532
f 644 671 672 645
f 534 584 585 536
f 792 793 795 794
f 2493 2541 2542 2494
f 3435 3480 3481 3436
f 3697 3732 3733 3698
f 873 874 876 875
f 569 570 572 571
f 1802 1846 1847 1803
f 3427 3466 3467 3429
f 2477 2525 2527 2479
f 2639 2699 2700 2640
f 2384 2430 2431 2385
f 1507 1542 1543 1508
f 348 386 387 349
f 2777 2848 2849 2778
f 808 848 849 809
f 2461 2503 2504 2462
f 2574 2576 2575 2526
f 2938 3005 3006 2939
f 3484 3523 3524 3485
f 778 812 814 780
f 1135 1136 1138 1091
f 454 506 507 455
f 840 890 891 841
f 2581 2637 2638 2582
f 2518 2567 2568 2519
f 2519 2568 2569 2520
f 4249 4276 4277 4250
f 1323 1325 1324 1287
f 967 1016 1017 968
f 2865 2866 2867 2791
f 824 878 879 827
f 754 786 787 755
f 2494 2542 2543 2495
f 2511 2560 2561 2512
f 2632 2692 2693 2633
f 1611 1612 1614 1613
f 2532 2583 2584 2533
f 630 664 665 631
f 2529 2580 2581 2530
f 1826 1870 1871 1827
f 1292 1331 1332 1293
f 3468 3511 3512 3470
f 1477 1514 1515 1476
f 764 801 802 765
f 1417 1450 1451 1418
f 768 805 806 769
f 2573 2626 2628 2627
f 3873 3874 3876 3842
f 2631 2690 2691 2630
f 2544 2595 2596 2545
f 603 640 641 604
f 2947 3013 3015 3014
f 662 689 690 663
f 2653 2713 2714 2654
f 2565 2617 2618 2566
f 2536 2587 2588 2537
f 2866 2933 2934 2867
f 3211 3247 3248 3212
f 1327 1365 1366 1328
f 694 723 724 695
f 920 970 971 921
f 2557 2609 2610 2558
f 3825 3854 3855 3827
f 2559 2611 2612 2560
f 2688 2689 2690 2631
f 4418 4419 4422 4421
f 1263 1302 1303 1264
f 702 729 731 701
f 928 978 979 929
f 2605 2607 2606 2556
f 3451 3496 3497 3452
f 2615 2672 2673 2616
f 4050 4092 4093 4051
f 1827 1871 1872 1828
f 284 312 313 285
f 1449 1488 1489 1450
f 4001 4043 4044 4002
f 2645 2705 2706 2646
f 2582 2638 2639 2583
f 1300 1339 1340 1301
f 3516 3553 3554 3517
f 1787 1833 1834 1788
f 820 871 872 821
f 638 667 666 640
f 1523 1560 1561 1524
f 2775 2846 2847 2776
f 2566 2618 2619 2567
f 4042 4084 4085 4043
f 3021 3082 3083 3022
f 1527 1564 1565 1528
f 782 816 817 783
f 968 1017 1018 969
f 1563 1608 1609 1564
f 2678 2739 2740 2679
f 1865 1910 1911 1866
f 2784 2855 2856 2785
f 2058 2086 2087 2059
f 1439 1472 1473 1440
f 822 825 824 823
f 1000 1050 1051 1001
f 794 795 796 759
f 4005 4047 4048 4007
f 2616 2673 2674 2617
f 732 765 766 733
f 1008 1058 1059 1009
f 2608 2665 2666 2609
f 2599 2655 2656 2600
f 1850 1893 1894 1851
f 2600 2656 2657 2601
f 1963 1995 1996 1964
f 975 1024 1025 976
f 1433 1464 1466 1432
f 4009 4049 4050 4011
f 1539 1586 1587 1540
f 3515 3552 3553 3516
f 2583 2639 2640 2584
f 2576 2630 2632 2575
f 4274 4311 4312 4275
f 2362 2406 2407 2363
f 854 903 904 853
f 936 986 987 937
f 2621 2678 2679 2623
f 1834 1878 1879 1835
f 2551 2602 2603 2552
f 4074 4115 4116 4075
f 1090 1139 1140 1092
f 89 102 103 90
f 1394 1430 1431 1395
f 4025 4070 4071 4024
f 2613 2670 2671 2614
f 3350 3395 3396 3351
f 2898 2963 2964 2899
f 3548 3576 3578 3549
f 3677 3712 3713 3678
f 924 974 975 925
f 2801 2877 2878 2802
f 3977 4019 4020 3978
f 1356 1392 1393 1357
f 2654 2714 2715 2655
f 4273 4310 4311 4274
f 2107 2138 2139 2108
f 964 1014 1015 966
f 830 831 832 791
f 1305 1344 1345 1306
f 2589 2645 2646 2590
f 3499 3541 3542 3500
f 3713 3746 3747 3714
f 2776 2847 2848 2777
f 3861 3899 3898 3860
f 948 998 999 951
f 2825 2896 2897 2826
f 97 112 113 98
f 2533 2584 2585 2534
f 2646 2706 2707 2647
f 3789 3823 3824 3790
f 3532 3566 3565 3531
f 1889 1929 1930 1890
f 1939 1969 1970 1940
f 1743 1789 1790 1745
f 2405 2448 2449 2406
f 2767 2838 2839 2768
f 2638 2698 2699 2639
f 2733 2800 2799 2734
f 2068 2101 2102 2069
f 1426 1456 1458 1427
f 1144 1192 1193 1145
f 2029 2052 2053 2030
f 2606 2664 2665 2608
f 1340 1377 1378 1341
f 2664 2725 2726 2665
f 2235 2269 2270 2236
f 1385 1422 1423 1386
f 1176 1216 1218 1179
f 1429 1460 1461 1430
f 2550 2601 2602 2551
f 2671 2732 2733 2672
f 2656 2716 2717 2657
f 2211 2244 2245 2212
f 2047 2071 2070 2046
f 4252 4279 4280 4253
f 1184 1229 1230 1185
f 3332 3373 3374 3333
f 2438 2480 2481 2439
f 2663 2724 2723 2662
f 4165 4203 4204 4166
f 2299 2342 2343 2300
f 3345 3385 3387 3386
f 958 1006 1007 959
f 1025 1073 1072 1026
f 1875 1920 1921 1876
f 1601 1661 1663 1662
f 2759 2832 2833 2760
f 2768 2839 2840 2769
f 1124 1171 1172 1125
f 2071 2104 2103 2070
f 1104 1152 1153 1105
f 974 1023 1024 975
f 1098 1146 1147 1099
f 1946 1975 1976 1947
f 2922 2988 2989 2923
f 4082 4121 4122 4083
f 2379 2425 2426 2380
f 1100 1148 1149 1101
f 2781 2852 2853 2782
f 2034 2057 2058 2035
f 1380 1417 1418 1381
f 3588 3618 3620 3590
f 2387 2433 2434 2389
f 2143 2179 2180 2145
f 2913 2979 2980 2914
f 2718 2782 2783 2719
f 2689 2753 2754 2690
f 2914 2980 2981 2915
f 3580 3611 3612 3581
f 1489 1527 1528 1490
f 2725 2792 2793 2726
f 4111 4157 4158 4112
f 142 155 156 143
f 3722 3760 3761 3723
f 1344 1381 1382 1345
f 1062 1111 1113 1064
f 3891 3927 3928 3893
f 1364 1401 1402 1365
f 3392 3432 3434 3394
f 305 343 344 306
f 1068 1117 1118 1069
f 721 747 749 720
f 1224 1263 1264 1226
f 2617 2674 2675 2618
f 1890 1930 1931 1891
f 2743 2809 2810 2744
f 3572 3603 3604 3573
f 1134 1137 1136 1135
f 2949 3017 3016 2948
f 3563 3594 3595 3564
f 2735 2801 2802 2736
f 2744 2810 2812 2811
f 2195 2229 2230 2196
f 1959 1991 1992 1960
f 1450 1489 1490 1451
f 1272 1311 1312 1273
f 1474 1477 1476 1475
f 3611 3639 3640 3612
f 2711 2775 2776 2712
f 2736 2802 2803 2737
f 1904 1946 1947 1906
f 1639 1691 1692 1640
f 1458 1495 1496 1459
f 1296 1336 1337 1298
f 2757 2830 2831 2758
f 3579 3610 3611 3580
f 2647 2707 2708 2648
f 2704 2768 2769 2705
f 438 492 493 441
f 1649 1700 1701 1650
f 2813 2814 2816 2815
f 2717 2781 2782 2718
f 2990 3055 3056 2991
f 2475 2519 2520 2476
f 2503 2551 2552 2504
f 2862 2863 2866 2865
f 2640 2700 2701 2641
f 2555 2608 2609 2557
f 2271 2310 2311 2272
f 1442 1483 1482 1444
f 2812 2887 2888 2814
f 2528 2579 2580 2529
f 2223 2258 2259 2225
f 1402 1437 1438 1403
f 1260 1299 1300 1261
f 3169 3207 3206 3168
f 1360 1362 1361 1325
f 3177 3219 3220 3179
f 3652 3685 3686 3653
f 1929 1960 1961 1930
f 2619 2676 2677 2620
f 1252 1290 1291 1253
f 1328 1366 1367 1329
f 2782 2853 2854 2783
f 2185 2218 2219 2186
f 1236 1274 1275 1237
f 2121 2153 2154 2122
f 1651 1702 1703 1652
f 2774 2845 2846 2775
f 1716 1764 1763 1715
f 2912 2978 2979 2913
f 2603 2659 2660 2604
f 2423 2465 2464 2422
f 1198 1241 1242 1199
f 3674 3709 3710 3675
f 3992 4036 4035 3994
f 2750 2823 2824 2751
f 1540 1587 1588 1541
f 4097 4098 4100 4099
f 361 400 401 362
f 2941 3007 3009 2943
f 1906 1947 1948 1907
f 2887 2952 2953 2888
f 4154 4198 4199 4155
f 2459 2501 2502 2460
f 2359 2403 2404 2360
f 1230 1268 1269 1231
f 1392 1428 1429 1393
f 1635 1687 1689 1637
f 3643 3676 3677 3644
f 3865 3903 3904 3866
f 2816 2889 2890 2818
f 2187 2220 2221 2188
f 2239 2273 2274 2240
f 1494 1530 1529 1493
f 289 328 329 291
f 2829 2900 2901 2830
f 3097 3142 3143 3098
f 1452 1491 1492 1453
f 2808 2884 2883 2807
f 2707 2771 2772 2708
f 2114 2146 2147 2115
f 1054 1102 1103 1055
f 2904 2971 2972 2906
f 3777 3812 3813 3778
f 2567 2619 2620 2568
f 1262 1301 1302 1263
f 1448 1487 1488 1449
f 2821 2892 2893 2822
f 2974 3041 3042 2975
f 3095 3140 3141 3096
f 4130 4171 4172 4131
f 1270 1309 1310 1271
f 1353 1389 1388 1352
f 3627 3659 3658 3626
f 1436 1469 1470 1437
f 3644 3677 3678 3645
f 1498 1534 1535 1499
f 3730 3770 3771 3731
f 1481 1517 1519 1518
f 834 884 885 835
f 2854 2923 2924 2855
f 2863 2932 2933 2866
f 4122 4163 4164 4123
f 2827 2898 2899 2828
f 1404 1439 1440 1405
f 1206 1249 1251 1208
f 3738 3778 3779 3739
f 1683 1733 1734 1684
f 2846 2915 2916 2847
f 2855 2924 2925 2856
f 3096 3141 3142 3097
f 2907 2973 2974 2908
f 1388 1424 1426 1390
f 1342 1379 1380 1343
f 4105 4144 4145 4106
f 1675 1725 1726 1676
f 3628 3660 3661 3629
f 2891 2956 2957 2892
f 2888 2953 2954 2889
f 4003 4045 4046 4004
f 1358 1394 1395 1359
f 1520 1557 1559 1522
f 2901 2966 2967 2902
f 2958 3026 3027 2959
f 2831 2902 2903 2832
f 2880 2945 2946 2881
f 982 1031 1032 983
f 1372 1409 1408 1371
f 793 834 835 795
f 1536 1584 1585 1538
f 3301 3350 3351 3302
f 1930 1961 1962 1931
f 3034 3036 3035 2970
f 2856 2925 2926 2857
f 3051 3104 3106 3052
f 2719 2783 2784 2720
f 1398 1433 1432 1397
f 4089 4128 4129 4090
f 1667 1717 1718 1668
f 3675 3710 3711 3676
f 1476 1515 1516 1479
f 1478 1479 1481 1480
f 1446 1485 1486 1447
f 2655 2715 2716 2656
f 1568 1622 1623 1571
f 2909 2975 2976 2910
f 1922 1954 1955 1923
f 1969 2000 2001 1970
f 4170 4208 4209 4171
f 584 624 625 585
f 2527 2578 2579 2528
f 3342 3383 3384 3343
f 2893 2958 2959 2894
f 3087 3134 3135 3088
f 3684 3720 3719 3683
f 1534 1579 1580 1535
f 2279 2280 2281 2242
f 2025 2048 2049 2026
f 2869 2936 2937 2870
f 1608 1670 1671 1609
f 3691 3693 3692 3659
f 1500 1502 1501 1465
f 4305 4339 4340 4306
f 3123 3168 3170 3125
f 81 93 95 82
f 1366 1403 1404 1367
f 1616 1675 1676 1618
f 2861 2864 2863 2862
f 2934 3001 3002 2935
f 2935 3002 3003 2936
f 3136 3138 3137 3094
f 2276 2277 2280 2279
f 2823 2894 2895 2824
f 2905 2969 2971 2904
f 4081 4120 4121 4082
f 1532 1577 1578 1533
f 1516 1550 1551 1517
f 3203 3241 3242 3204
f 2050 2074 2075 2051
f 1544 1591 1592 1545
f 1731 1777 1778 1732
f 1937 1967 1966 1936
f 2927 2993 2994 2928
f 3668 3704 3705 3670
f 3179 3220 3221 3180
f 2991 3056 3057 2992
f 2033 2056 2057 2034
f 2852 2921 2922 2853
f 2952 3020 3021 2953
f 3011 3074 3075 3012
f 2919 2985 2986 2920
f 1558 1603 1602 1557
f 2676 2737 2738 2677
f 2585 2641 2642 2586
f 2894 2959 2960 2895
f 3071 3124 3123 3070
f 2944 3010 3011 2945
f 942 992 993 943
f 3157 3159 3158 3114
f 257 283 284 258
f 2830 2901 2902 2831
f 2978 3045 3046 2979
f 3072 3125 3126 3073
f 1786 1832 1833 1787
f 1460 1497 1498 1461
f 1590 1652 1653 1591
f 1712 1761 1762 1714
f 4210 4241 4242 4211
f 1524 1561 1562 1525
f 3307 3355 3357 3309
f 1577 1638 1639 1578
f 1598 1658 1659 1599
f 1760 1806 1807 1761
f 1707 1756 1757 1708
f 3732 3772 3773 3733
f 1612 1673 1674 1614
f 1505 1540 1541 1506
f 1768 1814 1815 1769
f 2989 3054 3055 2990
f 3731 3771 3772 3732
f 2970 3035 3037 2969
f 3064 3117 3118 3065
f 2454 2496 2497 2455
f 3199 3237 3238 3200
f 2945 3011 3012 2946
f 1776 1822 1823 1777
f 2973 3040 3041 2974
f 1688 1738 1737 1687
f 3052 3106 3107 3053
f 1678 1728 1729 1679
f 3109 3153 3154 3110
f 3113 3160 3161 3115
f 3286 3333 3334 3287
f 4186 4227 4229 4188
f 3491 3534 3535 3493
f 1708 1757 1758 1709
f 1497 1533 1534 1498
f 3467 3510 3511 3468
f 1726 1772 1773 1727
f 1832 1876 1877 1833
f 4044 4086 4087 4045
f 3214 3217 3216 3215
f 3431 3468 3470 3469
f 3384 3423 3424 3385
f 3443 3486 3487 3444
f 874 925 926 876
f 1017 1068 1069 1018
f 2026 2049 2050 2027
f 1508 1543 1544 1509
f 3716 3749 3750 3718
f 3291 3338 3339 3292
f 1660 1710 1711 1661
f 1758 1804 1805 1759
f 1864 1909 1910 1865
f 3023 3084 3085 3024
f 3038 3097 3098 3039
f 3040 3099 3100 3041
f 3651 3684 3683 3650
f 1684 1734 1735 1685
f 1766 1812 1813 1767
f 1920 1951 1953 1921
f 1928 1959 1960 1929
f 1763 1809 1811 1765
f 3022 3083 3084 3023
f 3007 3070 3072 3009
f 3016 3079 3078 3018
f 3174 3212 3213 3175
f 866 918 919 867
f 2975 3042 3043 2976
f 2992 3057 3058 2993
f 3667 3669 3668 3637
f 3399 3441 3442 3401
f 2921 2987 2988 2922
f 4121 4161 4163 4122
f 1747 1792 1794 1746
f 3619 3651 3650 3618
f 2920 2986 2987 2921
f 1905 1945 1946 1904
f 1694 1746 1748 1696
f 3834 3866 3867 3835
f 3093 3139 3140 3095
f 3094 3137 3139 3093
f 2911 2977 2978 2912
f 3085 3131 3133 3086
f 1564 1609 1610 1565
f 3723 3761 3762 3724
f 2979 3046 3047 2980
f 3810 3842 3841 3809
f 3029 3090 3091 3030
f 1962 1994 1995 1963
f 1588 1650 1651 1589
f 4321 4355 4356 4322
f 2000 2026 2027 2001
f 1846 1889 1890 1847
f 890 940 941 891
f 3779 3814 3815 3780
f 3114 3158 3160 3113
f 3224 3260 3261 3225
f 3262 3301 3302 3264
f 4258 4283 4284 4260
f 2807 2883 2885 2809
f 3803 3838 3839 3804
f 2017 2040 2041 2018
f 2008 2032 2031 2007
f 1795 1839 1840 1796
f 3747 3784 3785 3748
f 3271 3309 3310 3272
f 3120 3166 3167 3121
f 3787 3821 3822 3788
f 2601 2657 2658 2602
f 1968 1999 2000 1969
f 3334 3375 3376 3335
f 1548 1594 1596 1549
f 3884 3920 3919 3883
f 2790 2868 2869 2792
f 1748 1795 1796 1749
f 1918 1952 1951 1920
f 3127 3172 3173 3128
f 3763 3799 3800 3764
f 3216 3253 3254 3218
f 2230 2264 2265 2231
f 3487 3526 3527 3488
f 1926 1957 1959 1928
f 2032 2055 2054 2031
f 3285 3331 3332 3284
f 2819 2820 2821 2748
f 4250 4277 4278 4251
f 1836 1880 1882 1838
f 1553 1554 1556 1555
f 2040 2065 2066 2041
f 3165 3204 3205 3166
f 3142 3183 3184 3143
f 1668 1718 1719 1669
f 3119 3165 3166 3120
f 3591 3621 3622 3592
f 1691 1741 1742 1692
f 1854 1897 1896 1853
f 2064 2097 2098 2065
f 1779 1825 1826 1780
f 3086 3133 3134 3087
f 1596 1655 1657 1597
f 3804 3839 3840 3805
f 3898 3933 3935 3900
f 1994 2020 2021 1995
f 3238 3272 3273 3239
f 4242 4269 4270 4243
f 4083 4122 4123 4084
f 2742 2808 2807 2741
f 2014 2037 2039 2016
f 2018 2041 2042 2019
f 3149 3189 3188 3148
f 3263 3299 3301 3262
f 3376 3415 3416 3377
f 3710 3744 3743 3711
f 1804 1848 1849 1805
f 2038 2061 2063 2037
f 3137 3179 3180 3139
f 3788 3822 3823 3789
f 4179 4217 4218 4181
f 3655 3688 3689 3656
f 1513 1547 1548 1514
f 1009 1059 1060 1010
f 3623 3655 3656 3624
f 3886 3922 3923 3887
f 3192 3230 3231 3193
f 3447 3493 3494 3449
f 2062 2093 2095 2061
f 3236 3270 3269 3235
f 3141 3182 3183 3142
f 3326 3369 3370 3328
f 3026 3087 3088 3027
f 3184 3225 3226 3185
f 2128 2161 2162 2129
f 2236 2270 2271 2237
f 1803 1847 1848 1804
f 3795 3830 3831 3796
f 3183 3224 3225 3184
f 3152 3192 3193 3153
f 2136 2168 2169 2137
f 1682 1732 1733 1683
f 481 530 531 483
f 3206 3244 3243 3208
f 3018 3078 3080 3019
f 4329 4363 4364 4330
f 4185 4220 4222 4221
f 2046 2070 2072 2048
f 906 957 958 907
f 3198 3236 3235 3197
f 3423 3462 3463 3424
f 3836 3868 3870 3838
f 2977 3044 3045 2978
f 2168 2201 2202 2169
f 1521 1558 1557 1520
f 3229 3264 3265 3230
f 3302 3351 3352 3303
f 1604 1666 1667 1605
f 4353 4380 4381 4354
f 4131 4172 4173 4132
f 2686 2752 2753 2689
f 1529 1574 1576 1531
f 2403 2446 2447 2404
f 946 949 948 947
f 1892 1932 1933 1893
f 3239 3273 3274 3240
f 3819 3849 3848 3820
f 3368 3406 3408 3369
f 201 219 221 220
f 3823 3852 3853 3824
f 1537 1582 1584 1536
f 3859 3891 3893 3892
f 3924 3958 3959 3925
f 3231 3266 3267 3232
f 3820 3848 3850 3821
f 1811 1855 1856 1812
f 2192 2226 2227 2193
f 2002 2028 2029 2003
f 3215 3216 3218 3178
f 3256 3290 3291 3257
f 2242 2281 2282 2241
f 3106 3150 3151 3107
f 3248 3281 3282 3249
f 2262 2302 2303 2263
f 3261 3295 3297 3296
f 3761 3797 3798 3762
f 4387 4409 4410 4388
f 3253 3287 3288 3254
f 2200 2234 2233 2199
f 4135 4176 4177 4136
f 3415 3455 3456 3416
f 3360 3400 3399 3359
f 4222 4252 4253 4224
f 2060 2062 2061 2038
f 2270 2309 2310 2271
f 4177 4215 4216 4178
f 3221 3257 3258 3222
f 3843 3878 3879 3844
f 1644 1695 1694 1643
f 4014 4058 4060 4016
f 3927 3961 3962 3928
f 2144 2178 2179 2143
f 145 158 159 146
f 3117 3163 3164 3118
f 3278 3314 3315 3279
f 3327 3328 3330 3329
f 4266 4302 4304 4267
f 2016 2039 2040 2017
f 2222 2224 2223 2191
f 2957 3025 3026 2958
f 28 47 48 29
f 3868 3906 3908 3870
f 1988 2014 2016 1990
f 2334 2375 2376 2335
f 2996 3060 3062 2998
f 2649 2709 2710 2650
f 3999 4041 4042 4000
f 167 180 181 168
f 3714 3747 3748 3715
f 3270 3308 3307 3269
f 4298 4299 4301 4300
f 1956 1984 1986 1985
f 2342 2382 2383 2343
f 157 172 173 158
f 3453 3498 3499 3454
f 3246 3279 3280 3247
f 3319 3322 3321 3320
f 4344 4371 4372 4345
f 116 131 132 117
f 3759 3795 3796 3760
f 3001 3065 3066 3002
f 1057 1105 1106 1058
f 1018 1069 1070 1019
f 3182 3223 3224 3183
f 3745 3783 3782 3746
f 4334 4366 4367 4336
f 3455 3500 3501 3456
f 2344 2384 2385 2345
f 2352 2393 2394 2353
f 2374 2418 2419 2375
f 3317 3364 3365 3318
f 2998 3062 3063 2999
f 3098 3143 3144 3099
f 3892 3893 3895 3894
f 3328 3370 3371 3330
f 3343 3384 3385 3345
f 4299 4329 4330 4301
f 921 971 972 922
f 2398 2442 2443 2401
f 2360 2404 2405 2361
f 2710 2774 2775 2711
f 3312 3359 3361 3314
f 3414 3454 3455 3415
f 1679 1729 1730 1680
f 2406 2449 2450 2407
f 154 169 170 155
f 2163 2197 2198 2164
f 2150 2185 2186 2151
f 3074 3127 3128 3075
f 3320 3321 3324 3323
f 185 209 210 186
f 3422 3461 3462 3423
f 1609 1671 1672 1610
f 2416 2459 2460 2417
f 3445 3488 3489 3446
f 910 960 961 912
f 4103 4142 4143 4104
f 3232 3267 3268 3233
f 825 877 878 824
f 785 819 820 786
f 954 1002 1003 955
f 1676 1726 1727 1677
f 2424 2466 2467 2425
f 332 372 373 333
f 3104 3148 3150 3106
f 2741 2807 2809 2743
f 3009 3072 3073 3010
f 521 564 565 522
f 180 204 205 181
f 2800 2876 2875 2799
f 3375 3414 3415 3376
f 2442 2484 2485 2443
f 4375 4397 4398 4376
f 3025 3086 3087 3026
f 2456 2498 2499 2457
f 4243 4270 4271 4244
f 4386 4408 4409 4387
f 2474 2518 2519 2475
f 4279 4316 4317 4280
f 337 377 378 338
f 2480 2528 2529 2481
f 1931 1962 1963 1932
f 3494 3536 3537 3495
f 3359 3399 3401 3361
f 3512 3549 3550 3513
f 2510 2559 2560 2511
f 2488 2536 2537 2489
f 3852 3886 3887 3853
f 3369 3408 3409 3370
f 3335 3376 3377 3336
f 2249 2289 2290 2250
f 452 504 505 453
f 2446 2488 2489 2447
f 1945 1974 1975 1946
f 3637 3668 3670 3636
f 3279 3315 3316 3280
f 1907 1948 1949 1908
f 3111 3155 3156 3112
f 476 477 479 478
f 2526 2575 2577 2525
f 2530 2581 2582 2531
f 3408 3447 3449 3409
f 144 157 158 145
f 1617 1618 1620 1619
f 141 154 155 142
f 1961 1993 1994 1962
f 3513 3550 3551 3514
f 120 135 136 121
f 2486 2534 2535 2487
f 2193 2227 2228 2194
f 3421 3460 3461 3422
f 2324 2365 2366 2325
f 146 159 160 147
f 3567 3598 3599 3568
f 660 687 688 661
f 2316 2359 2360 2319
f 3258 3292 3293 3259
f 2432 2474 2475 2433
f 3413 3453 3454 3414
f 3947 3986 3987 3948
f 3218 3254 3255 3219
f 2292 2334 2335 2293
f 2336 2338 2337 2296
f 3373 3412 3413 3374
f 3939 3978 3979 3940
f 3439 3482 3484 3441
f 3948 3987 3988 3949
f 628 662 663 629
f 2308 2350 2351 2309
f 2590 2646 2647 2591
f 2552 2603 2604 2553
f 3265 3303 3304 3266
f 74 90 92 91
f 304 342 343 305
f 2560 2612 2613 2561
f 1987 1989 1988 1958
f 3670 3705 3706 3671
f 2052 2076 2077 2053
f 3696 3731 3732 3697
f 1561 1606 1607 1562
f 224 251 253 252
f 473 521 522 475
f 2641 2701 2702 2642
f 3923 3957 3958 3924
f 3559 3590 3591 3560
f 3932 3965 3967 3966
f 2378 2422 2424 2377
f 88 101 102 89
f 2592 2648 2649 2593
f 1545 1592 1593 1546
f 1947 1976 1977 1948
f 3470 3512 3513 3472
f 3162 3201 3202 3163
f 3472 3513 3514 3474
f 2618 2675 2676 2619
f 2709 2773 2774 2710
f 2662 2723 2725 2664
f 2364 2408 2409 2365
f 2670 2731 2732 2671
f 2624 2680 2682 2626
f 3629 3661 3662 3630
f 3454 3499 3500 3455
f 1756 1802 1803 1757
f 3464 3507 3508 3465
f 391 394 393 392
f 2340 2380 2381 2341
f 3041 3100 3101 3042
f 4026 4072 4073 4027
f 3493 3535 3536 3494
f 3406 3448 3447 3408
f 536 585 586 537
f 796 836 837 797
f 2598 2654 2655 2599
f 2568 2620 2621 2569
f 3485 3524 3525 3486
f 4035 4079 4078 4037
f 3154 3194 3195 3155
f 2672 2733 2734 2673
f 3057 3111 3112 3058
f 3477 3516 3517 3478
f 3897 3930 3932 3931
f 3711 3743 3745 3712
f 3440 3483 3482 3439
f 943 993 994 944
f 1594 1656 1655 1596
f 2042 2067 2068 2043
f 2680 2741 2743 2682
f 2734 2799 2801 2735
f 1121 1170 1169 1123
f 1042 1045 1044 1043
f 3995 4037 4038 3996
f 1740 1786 1787 1741
f 762 799 800 763
f 799 839 840 800
f 2436 2478 2477 2435
f 329 369 370 330
f 2728 2795 2796 2729
f 1825 1869 1870 1826
f 3621 3653 3654 3622
f 3527 3563 3564 3528
f 3972 4014 4016 3974
f 423 424 427 426
f 416 465 466 417
f 3615 3643 3644 3616
f 3662 3697 3698 3663
f 3549 3578 3579 3550
f 3511 3548 3549 3512
f 4330 4364 4365 4332
f 4043 4085 4086 4044
f 800 840 841 801
f 2766 2837 2838 2767
f 2752 2825 2826 2753
f 1995 2021 2022 1996
f 3971 4005 4007 4006
f 908 959 960 910
f 1483 1521 1520 1482
f 2652 2712 2713 2653
f 3603 3633 3634 3604
f 2760 2833 2834 2761
f 986 1035 1036 987
f 3558 3589 3588 3557
f 3479 3518 3519 3480
f 1467 1505 1506 1468
f 7 10 9 8
f 1971 2002 2003 1972
f 4265 4303 4302 4266
f 3550 3579 3580 3551
f 1820 1864 1865 1821
f 3568 3599 3600 3569
f 1967 1998 1997 1966
f 2644 2704 2705 2645
f 2625 2681 2680 2624
f 2696 2760 2761 2697
f 3654 3687 3688 3655
f 1780 1826 1827 1781
f 3560 3591 3592 3561
f 1076 1123 1124 1077
f 2684 2687 2686 2685
f 3153 3193 3194 3154
f 4058 4102 4101 4060
f 3793 3828 3830 3795
f 2095 2127 2128 2096
f 960 1008 1009 961
f 1625 1626 1628 1627
f 4241 4268 4269 4242
f 3589 3619 3618 3588
f 2906 2972 2973 2907
f 2758 2831 2832 2759
f 3680 3715 3716 3682
f 1036 1083 1084 1037
f 4027 4073 4074 4028
f 3194 3232 3233 3195
f 888 938 939 889
f 2872 2939 2940 2873
f 3581 3612 3613 3582
f 3998 4040 4041 3999
f 3703 3736 3738 3702
f 4362 4389 4390 4363
f 2870 2937 2938 2871
f 2516 2565 2566 2517
f 2896 2961 2962 2897
f 3573 3604 3605 3574
f 3622 3654 3655 3623
f 3250 3252 3251 3217
f 4052 4053 4055 4054
f 1887 1928 1929 1889
f 2878 2943 2944 2879
f 3533 3567 3568 3534
f 2968 2970 2969 2905
f 4019 4063 4064 4020
f 3607 3637 3636 3609
f 3672 3707 3708 3673
f 1220 1261 1262 1222
f 424 470 472 427
f 769 806 807 770
f 2153 2188 2189 2154
f 3461 3504 3505 3462
f 3599 3629 3630 3600
f 2383 2429 2430 2384
f 2918 2984 2985 2919
f 25 45 46 27
f 249 275 276 250
f 2035 2058 2059 2036
f 4067 4068 4070 4025
f 3735 3737 3736 3703
f 4004 4046 4047 4005
f 2942 3008 3007 2941
f 2950 3018 3019 2951
f 2836 2905 2904 2835
f 3997 4039 4040 3998
f 2027 2050 2051 2028
f 3646 3647 3649 3648
f 3210 3246 3247 3211
f 4072 4113 4114 4073
f 1082 1129 1130 1083
f 2019 2042 2043 2020
f 2960 3028 3029 2961
f 3590 3620 3621 3591
f 1812 1856 1857 1813
f 3996 4038 4039 3997
f 1196 1240 1239 1197
f 2772 2843 2844 2773
f 3073 3126 3127 3074
f 2976 3043 3044 2977
f 3661 3696 3697 3662
f 3518 3555 3556 3519
f 3202 3240 3241 3203
f 3656 3689 3690 3657
f 1046 1094 1095 1047
f 1049 1097 1098 1050
f 2886 2951 2952 2887
f 3653 3686 3687 3654
f 4075 4116 4117 4076
f 4095 4134 4135 4096
f 3632 3664 3665 3633
f 3814 3846 3847 3815
f 1337 1374 1375 1338
f 3008 3071 3070 3007
f 2178 2211 2212 2179
f 1796 1840 1841 1797
f 3600 3630 3631 3601
f 1268 1307 1308 1269
f 1288 1327 1328 1289
f 3679 3714 3715 3680
f 3671 3706 3707 3672
f 3830 3862 3863 3831
f 3536 3570 3571 3537
f 1396 1398 1397 1362
f 1001 1051 1052 1002
f 4051 4093 4094 4053
f 3647 3679 3680 3649
f 4108 4155 4156 4110
f 1348 1385 1386 1349
f 4010 4011 4013 4012
f 3105 3149 3148 3104
f 3056 3110 3111 3057
f 3694 3729 3730 3695
f 3583 3614 3615 3584
f 1324 1363 1364 1326
f 4060 4101 4103 4061
f 1860 1906 1907 1862
f 1164 1211 1212 1165
f 926 976 977 927
f 3062 3115 3116 3063
f 1026 1072 1074 1027
f 3829 3861 3860 3828
f 3724 3762 3763 3725
f 3760 3796 3797 3761
f 3809 3841 3843 3811
f 183 207 208 184
f 1456 1493 1495 1458
f 761 798 799 762
f 3692 3727 3729 3694
f 3686 3722 3723 3687
f 3566 3597 3596 3565
f 42 43 44 26
f 1424 1457 1456 1426
f 1636 1688 1687 1635
f 2984 3050 3049 2985
f 1692 1742 1743 1693
f 2900 2965 2966 2901
f 3771 3806 3807 3772
f 2848 2917 2918 2849
f 3693 3728 3727 3692
f 3822 3851 3852 3823
f 3864 3902 3903 3865
f 2916 2982 2983 2917
f 3144 3185 3186 3145
f 1308 1347 1348 1309
f 3821 3850 3851 3822
f 3903 3938 3939 3904
f 67 83 84 68
f 1652 1703 1704 1653
f 2972 3039 3040 2973
f 3150 3190 3191 3151
f 3338 3379 3380 3339
f 4123 4164 4165 4124
f 3736 3777 3778 3738
f 1628 1683 1684 1630
f 2956 3024 3025 2957
f 1954 1982 1983 1955
f 3720 3758 3757 3719
f 585 625 626 586
f 3727 3768 3769 3729
f 1444 1482 1484 1445
f 1560 1605 1606 1561
f 1585 1647 1648 1586
f 3168 3206 3208 3170
f 865 917 918 866
f 11 14 13 12
f 1788 1834 1835 1789
f 1488 1526 1527 1489
f 3070 3123 3125 3072
f 3200 3238 3239 3201
f 3757 3793 3795 3759
f 4147 4148 4151 4150
f 4100 4137 4139 4138
f 1384 1421 1422 1385
f 1772 1818 1819 1773
f 3222 3258 3259 3223
f 3208 3243 3245 3209
f 2059 2087 2089 2088
f 3982 4027 4028 3984
f 3719 3757 3759 3721
f 1080 1127 1128 1081
f 1764 1810 1809 1763
f 3230 3265 3266 3231
f 2177 2208 2210 2176
f 3092 3094 3093 3036
f 1844 1887 1889 1846
f 3191 3229 3230 3192
f 3756 3790 3792 3791
f 3660 3695 3696 3661
f 4091 4130 4131 4092
f 3254 3288 3289 3255
f 3264 3302 3303 3265
f 4297 4328 4329 4299
f 3790 3824 3825 3792
f 3895 3929 3930 3897
f 3872 3875 3874 3873
f 3049 3105 3104 3051
f 1921 1953 1954 1922
f 4092 4131 4132 4093
f 3797 3832 3833 3798
f 3272 3310 3311 3273
f 3766 3801 3803 3768
f 3266 3304 3305 3267
f 4048 4090 4091 4049
f 1972 2003 2004 1973
f 1840 1884 1885 1841
f 3749 3786 3787 3750
f 4290 4291 4293 4292
f 3774 3776 3775 3737
f 4084 4123 4124 4085
f 3483 3522 3521 3482
f 3084 3132 3131 3085
f 1908 1949 1950 1909
f 3039 3098 3099 3040
f 3304 3353 3354 3305
f 3685 3721 3722 3686
f 2138 2170 2171 2139
f 3856 3857 3859 3858
f 1856 1899 1900 1857
f 3294 3341 3342 3295
f 938 988 989 939
f 2099 2131 2132 2100
f 2170 2203 2204 2171
f 1900 1940 1941 1901
f 1732 1778 1779 1733
f 2010 2034 2035 2011
f 3336 3377 3378 3337
f 4139 4179 4181 4180
f 3877 3914 3915 3878
f 3352 3397 3398 3353
f 4155 4199 4200 4156
f 3298 3300 3299 3263
f 3792 3825 3827 3826
f 2839 2908 2909 2840
f 3108 3152 3153 3109
f 2123 2125 2124 2094
f 4345 4372 4373 4346
f 4377 4399 4400 4378
f 3811 3843 3844 3812
f 3116 3162 3163 3117
f 3280 3316 3317 3281
f 2083 2116 2117 2084
f 4022 4025 4024 4023
f 4087 4126 4127 4088
f 3808 3810 3809 3776
f 4361 4388 4389 4362
f 3145 3186 3187 3146
f 3869 3907 3906 3868
f 3862 3900 3901 3863
f 1876 1921 1922 1877
f 3968 3969 3971 3970
f 972 1021 1022 973
f 3180 3221 3222 3181
f 3555 3584 3585 3556
f 3853 3887 3888 3854
f 3863 3901 3902 3864
f 3526 3562 3563 3527
f 1874 1919 1918 1873
f 3172 3210 3211 3173
f 3748 3785 3786 3749
f 3973 4015 4014 3972
f 3894 3895 3897 3896
f 3855 3889 3890 3857
f 35 52 54 53
f 998 1048 1049 999
f 510 557 556 511
f 4188 4229 4230 4189
f 3799 3834 3835 3800
f 3854 3888 3889 3855
f 50 69 70 51
f 1659 1709 1710 1660
f 1338 1375 1376 1339
f 2857 2926 2927 2858
f 3372 3411 3412 3373
f 2558 2610 2611 2559
f 2268 2307 2306 2267
f 3300 3347 3349 3299
f 3478 3517 3518 3479
f 4013 4051 4053 4052
f 3901 3936 3937 3902
f 3974 4016 4017 3975
f 4023 4024 4026 3983
f 4124 4165 4166 4125
f 2252 2292 2293 2253
f 3284 3332 3333 3286
f 3480 3519 3520 3481
f 2162 2196 2197 2163
f 3912 3948 3949 3913
f 4211 4242 4243 4212
f 1066 1115 1116 1067
f 3346 3348 3347 3300
f 3944 3946 3945 3911
f 283 311 312 284
f 2160 2194 2195 2161
f 3486 3525 3526 3487
f 3488 3527 3528 3489
f 2131 2164 2165 2132
f 2104 2135 2134 2103
f 1638 1690 1691 1639
f 817 868 869 818
f 2209 2242 2241 2208
f 1058 1106 1107 1059
f 889 939 940 890
f 2028 2051 2052 2029
f 406 455 456 407
f 1065 1114 1115 1066
f 902 952 953 901
f 255 281 283 257
f 1932 1963 1964 1933
f 4024 4071 4072 4026
f 2468 2512 2513 2469
f 1680 1730 1731 1681
f 3438 3440 3439 3400
f 3584 3615 3616 3585
f 2115 2147 2148 2116
f 4071 4112 4113 4072
f 2428 2470 2471 2429
f 3737 3775 3777 3736
f 4187 4228 4227 4186
f 51 70 71 52
f 1096 1144 1145 1097
f 3949 3988 3989 3950
f 10 22 21 9
f 3950 3989 3990 3951
f 1940 1970 1971 1941
f 4172 4210 4211 4173
f 2500 2548 2549 2501
f 4215 4246 4247 4216
f 3934 3973 3972 3933
f 3959 3996 3997 3960
f 3951 3990 3991 3952
f 3910 3947 3948 3912
f 43 62 63 44
f 3019 3080 3081 3020
f 3452 3497 3498 3453
f 3574 3605 3606 3575
f 3624 3656 3657 3625
f 3981 3982 3984 3946
f 1473 1511 1513 1512
f 3420 3458 3460 3421
f 441 493 494 442
f 3664 3699 3700 3665
f 3893 3928 3929 3895
f 3838 3870 3871 3839
f 4063 4105 4106 4064
f 4328 4362 4363 4329
f 3618 3650 3652 3620
f 2448 2490 2491 2449
f 3598 3628 3629 3599
f 1265 1304 1305 1266
f 3845 3880 3881 3846
f 3322 3367 3366 3321
f 2612 2669 2670 2613
f 1705 1754 1756 1707
f 3645 3678 3679 3647
f 2 3 6 5
f 3678 3713 3714 3679
f 2020 2043 2044 2021
f 2346 2386 2387 2347
f 4148 4195 4196 4151
f 2588 2644 2645 2589
f 2392 2437 2438 2393
f 3630 3662 3663 3631
f 3592 3622 3623 3593
f 2363 2407 2408 2364
f 2066 2099 2100 2067
f 2564 2616 2617 2565
f 3984 4028 4029 3985
f 3492 3533 3534 3491
f 2074 2107 2108 2075
f 3432 3478 3479 3434
f 3309 3357 3358 3310
f 3297 3343 3345 3344
f 3582 3613 3614 3583
f 2712 2776 2777 2713
f 4134 4175 4176 4135
f 3314 3361 3362 3315
f 3976 4018 4019 3977
f 2380 2426 2427 2381
f 3508 3545 3546 3509
f 2001 2027 2028 2002
f 3037 3096 3097 3038
f 4037 4078 4080 4038
f 2250 2290 2291 2251
f 4376 4398 4399 4377
f 3936 3975 3976 3937
f 4183 4219 4220 4185
f 2584 2640 2641 2585
f 3702 3738 3739 3704
f 1162 1209 1210 1163
f 1980 2008 2007 1979
f 41 61 62 43
f 2724 2791 2790 2723
f 3524 3560 3561 3525
f 505 552 553 506
f 2699 2764 2763 2700
f 1156 1204 1205 1157
f 4039 4081 4082 4040
f 3201 3239 3240 3202
f 2435 2477 2479 2437
f 3784 3817 3819 3785
f 196 197 199 198
f 4015 4059 4058 4014
f 1475 1476 1479 1478
f 2844 2913 2914 2845
f 3596 3626 3628 3598
f 2130 2163 2164 2131
f 4126 4167 4168 4127
f 3704 3739 3740 3705
f 2932 2999 3000 2933
f 2720 2784 2785 2722
f 3758 3794 3793 3757
f 3832 3864 3865 3833
f 4149 4193 4195 4148
f 2210 2243 2244 2211
f 3983 4026 4027 3982
f 2217 2250 2251 2218
f 3786 3820 3821 3787
f 2648 2708 2709 2649
f 3798 3833 3834 3799
f 3824 3853 3854 3825
f 4085 4124 4125 4086
f 4291 4325 4326 4293
f 3911 3945 3947 3910
f 4216 4247 4248 4217
f 3604 3634 3635 3605
f 2201 2235 2236 2202
f 2202 2236 2237 2203
f 2179 2212 2213 2180
f 3751 3752 3754 3753
f 179 203 202 178
f 1400 1435 1436 1401
f 2280 2322 2323 2281
f 2106 2137 2138 2107
f 4318 4352 4353 4319
f 4088 4127 4128 4089
f 2203 2237 2238 2204
f 4204 4235 4236 4205
f 4275 4312 4313 4276
f 3471 3472 3474 3473
f 133 146 147 134
f 2708 2772 2773 2709
f 4208 4239 4240 4209
f 3068 3121 3122 3069
f 3636 3670 3671 3638
f 3193 3231 3232 3194
f 4040 4082 4083 4041
f 2769 2840 2841 2770
f 4102 4141 4140 4101
f 2799 2875 2877 2801
f 273 300 301 274
f 2675 2736 2737 2676
f 2864 2930 2932 2863
f 3718 3750 3752 3751
f 2481 2529 2530 2482
f 4325 4359 4360 4326
f 4094 4133 4134 4095
f 1623 1680 1681 1624
f 4260 4284 4285 4262
f 1378 1415 1416 1379
f 217 242 243 218
f 3904 3939 3940 3905
f 4070 4111 4112 4071
f 4133 4174 4175 4134
f 4008 4009 4011 4010
f 12 13 16 15
f 3382 3421 3422 3383
f 4176 4214 4215 4177
f 99 114 115 100
f 4125 4166 4167 4126
f 4000 4042 4043 4001
f 2668 2729 2730 2669
f 2491 2539 2540 2492
f 2824 2895 2896 2825
f 3878 3915 3916 3879
f 3217 3251 3253 3216
f 4016 4060 4061 4017
f 4109 4154 4155 4108
f 2226 2260 2261 2227
f 2332 2373 2374 2333
f 4312 4346 4347 4313
f 3140 3181 3182 3141
f 3740 3780 3781 3741
f 3902 3937 3938 3903
f 26 44 45 25
f 4069 4108 4110 4068
f 4347 4374 4375 4348
f 4239 4266 4267 4240
f 4244 4271 4272 4245
f 3252 3284 3286 3251
f 2067 2100 2101 2068
f 3966 3967 3969 3968
f 1154 1202 1203 1155
f 4175 4213 4214 4176
f 3946 3984 3985 3945
f 2275 2278 2277 2276
f 1587 1649 1650 1588
f 3958 3995 3996 3959
f 3024 3085 3086 3025
f 1113 1162 1163 1114
f 2697 2761 2762 2698
f 3289 3336 3337 3290
f 3308 3356 3355 3307
f 4006 4007 4009 4008
f 3768 3803 3804 3769
f 2227 2261 2262 2228
f 4323 4357 4358 4324
f 3937 3976 3977 3938
f 4192 4194 4193 4149
f 3028 3089 3090 3029
f 3000 3064 3065 3001
f 3209 3245 3246 3210
f 18 30 31 20
f 2137 2169 2170 2138
f 4307 4341 4342 4308
f 56 73 74 58
f 4136 4177 4178 4137
f 1136 1185 1186 1138
f 2936 3003 3004 2937
f 4171 4209 4210 4172
f 1081 1128 1129 1082
f 4315 4349 4350 4316
f 4112 4158 4159 4113
f 2840 2909 2910 2841
f 3978 4020 4021 3979
f 2204 2238 2239 2205
f 233 236 235 234
f 4128 4169 4170 4129
f 4205 4236 4237 4206
f 4206 4237 4238 4207
f 4207 4238 4239 4208
f 139 152 151 138
f 3460 3502 3504 3461
f 3796 3831 3832 3797
f 2650 2710 2711 2651
f 4168 4206 4207 4169
f 4189 4230 4231 4190
f 4174 4212 4213 4175
f 4223 4224 4226 4225
f 4284 4321 4322 4285
f 3476 3515 3516 3477
f 3160 3199 3200 3161
f 1697 1749 1750 1698
f 2789 2858 2860 2859
f 4221 4222 4224 4223
f 4302 4338 4337 4304
f 82 95 96 83
f 3128 3173 3174 3129
f 138 151 153 140
f 2234 2268 2267 2233
f 4411 4414 4413 4412
f 4304 4337 4339 4305
f 3240 3274 3275 3241
f 4152 4153 4154 4109
f 3329 3330 3331 3285
f 4268 4305 4306 4269
f 3860 3898 3900 3862
f 3556 3585 3587 3586
f 3288 3335 3336 3289
f 4086 4125 4126 4087
f 4288 4289 4291 4290
f 4309 4343 4344 4310
f 4363 4390 4391 4364
f 4167 4205 4206 4168
f 4256 4282 4283 4258
f 3540 3574 3575 3541
f 2169 2202 2203 2170
f 2194 2228 2229 2195
f 4296 4297 4299 4298
f 1146 1194 1195 1147
f 4379 4401 4402 4380
f 170 183 184 171
f 4248 4275 4276 4249
f 2251 2291 2292 2252
f 3176 3178 3177 3138
f 4110 4156 4157 4111
f 1105 1153 1154 1106
f 2267 2306 2308 2269
f 2124 2158 2159 2126
f 3348 3393 3392 3347
f 1673 1723 1724 1674
f 1138 1186 1187 1139
f 4343 4370 4371 4344
f 2051 2075 2076 2052
f 193 215 214 192
f 278 305 306 280
f 4190 4231 4232 4191
f 4281 4318 4319 4282
f 4294 4295 4297 4296
f 4348 4375 4376 4349
f 3676 3711 3712 3677
f 3900 3935 3936 3901
f 4310 4344 4345 4311
f 2241 2282 2283 2243
f 4293 4326 4327 4295
f 1044 1093 1094 1046
f 2049 2073 2074 2050
f 4280 4317 4318 4281
f 2283 2325 2326 2284
f 2288 2330 2331 2289
f 857 858 860 859
f 117 132 133 118
f 4285 4322 4323 4287
f 4246 4273 4274 4247
f 3339 3380 3381 3340
f 4224 4253 4254 4226
f 4282 4319 4320 4283
f 3381 3420 3421 3382
f 4331 4332 4334 4333
f 4316 4350 4351 4317
f 4253 4280 4281 4254
f 4182 4183 4185 4184
f 48 67 68 49
f 4320 4354 4355 4321
f 3876 3913 3914 3877
f 3964 4001 4002 3965
f 147 160 161 148
f 172 185 186 173
f 4173 4211 4212 4174
f 2714 2778 2779 2715
f 2108 2139 2140 2109
f 4080 4118 4120 4081
f 3844 3879 3880 3845
f 4020 4064 4065 4021
f 3281 3317 3318 3282
f 4308 4342 4343 4309
f 2307 2349 2348 2306
f 92 104 106 105
f 4311 4345 4346 4312
f 3400 3439 3441 3399
f 3828 3860 3862 3830
f 4417 4420 4419 4418
f 1060 1108 1110 1109
f 2457 2499 2500 2458
f 2713 2777 2778 2714
f 3313 3360 3359 3312
f 4287 4323 4324 4289
f 2272 2311 2312 2273
f 2161 2195 2196 2162
f 3616 3644 3645 3617
f 247 274 275 249
f 90 103 104 92
f 102 117 118 103
f 98 113 114 99
f 2291 2333 2334 2292
f 2338 2378 2377 2337
f 40 41 43 42
f 4360 4387 4388 4361
f 3989 4033 4034 3990
f 3552 3581 3582 3553
f 409 458 459 410
f 538 587 588 539
f 4357 4384 4385 4358
f 36 39 38 37
f 3402 3443 3444 3403
f 4143 4189 4190 4144
f 3364 3404 3405 3365
f 3424 3463 3464 3425
f 4278 4315 4316 4279
f 4355 4382 4383 4356
f 2233 2267 2269 2235
f 3197 3235 3237 3199
f 1715 1763 1765 1717
f 4349 4376 4377 4350
f 2180 2213 2214 2181
f 4384 4406 4407 4385
