# exported by blender_batch_chars_to_s.py fallback
v 0.964676 -0.004311 0.000000
v 0.970720 -0.003462 0.000000
v 0.970458 -0.009641 0.052280
v 0.963755 -0.009883 0.000000
v 0.980064 -0.003304 0.000000
v 0.980030 -0.009610 0.065751
v 0.990000 -0.003288 0.000000
v 0.990000 -0.009609 0.067924
v 0.999936 -0.003304 0.000000
v 0.999970 -0.009610 0.065751
v 1.009280 -0.003462 0.000000
v 1.009542 -0.009641 0.052280
v 1.015324 -0.004311 0.000000
v 1.016245 -0.009883 0.000000
v 1.194677 -0.004307 0.000000
v 1.200721 -0.003461 0.000000
v 1.200461 -0.009635 0.050214
v 1.193774 -0.009829 0.000000
v 1.210064 -0.003304 0.000000
v 1.210030 -0.009610 0.064175
v 1.220003 -0.003287 0.000000
v 1.220001 -0.009609 0.067492
v 1.230000 -0.003287 0.000000
v 1.230000 -0.009609 0.068155
v 1.239997 -0.003287 0.000000
v 1.239999 -0.009609 0.068125
v 1.249936 -0.003304 0.000000
v 1.249970 -0.009610 0.065759
v 1.259280 -0.003462 0.000000
v 1.259542 -0.009641 0.052280
v 1.265324 -0.004311 0.000000
v 1.266245 -0.009883 0.000000
v 0.970425 -0.018465 0.066385
v 0.963583 -0.018496 0.000000
v 0.980027 -0.018463 0.086563
v 0.990000 -0.018463 0.090847
v 0.999973 -0.018463 0.086563
v 1.009575 -0.018465 0.066385
v 1.016418 -0.018496 0.000000
v 1.200481 -0.018365 0.053196
v 1.193777 -0.017914 0.000000
v 1.210032 -0.018456 0.077155
v 1.220001 -0.018463 0.087188
v 1.230000 -0.018463 0.090642
v 1.239999 -0.018463 0.091318
v 1.249973 -0.018463 0.086596
v 1.259575 -0.018465 0.066386
v 1.266417 -0.018496 0.000000
v 0.970423 -0.027657 0.069212
v 0.963566 -0.027659 0.000000
v 0.980027 -0.027657 0.092396
v 0.990000 -0.027657 0.098889
v 0.999973 -0.027657 0.092401
v 1.009580 -0.027657 0.069238
v 1.016473 -0.027661 0.000000
v 1.201011 -0.026790 0.000000
v 1.194719 -0.023945 0.000000
v 1.210101 -0.027568 0.059402
v 1.220005 -0.027653 0.084548
v 1.230000 -0.027657 0.095899
v 1.239999 -0.027657 0.099414
v 1.249973 -0.027657 0.092449
v 1.259577 -0.027657 0.069216
v 1.266434 -0.027659 0.000000
v 0.970423 -0.036875 0.069570
v 0.963565 -0.036875 0.000000
v 0.980027 -0.036875 0.093612
v 0.990000 -0.036875 0.101222
v 0.999975 -0.036875 0.093702
v 1.009629 -0.036878 0.069970
v 1.016857 -0.036915 0.000000
v 1.210473 -0.036461 0.000000
v 1.204014 -0.033181 0.000000
v 1.220033 -0.036846 0.073332
v 1.230001 -0.036874 0.094518
v 1.239999 -0.036875 0.101339
v 1.249973 -0.036875 0.093622
v 1.259577 -0.036875 0.069570
v 1.266435 -0.036875 0.000000
v 0.970423 -0.046094 0.069600
v 0.963565 -0.046094 0.000000
v 0.980027 -0.046094 0.093793
v 0.990001 -0.046094 0.101779
v 0.999996 -0.046095 0.094598
v 1.009917 -0.046124 0.072767
v 1.019116 -0.046527 0.000000
v 1.220002 -0.046113 0.073848
v 1.210035 -0.046381 0.000000
v 1.230000 -0.046094 0.094827
v 1.239999 -0.046094 0.101764
v 1.249973 -0.046094 0.093782
v 1.259577 -0.046094 0.069599
v 1.266435 -0.046094 0.000000
v 0.514030 -0.050443 0.000000
v 0.520628 -0.049559 0.000000
v 0.520109 -0.055754 0.055641
v 0.510945 -0.056247 0.000000
v 0.530000 -0.049414 0.000000
v 0.530000 -0.055708 0.064608
v 0.539372 -0.049559 0.000000
v 0.539891 -0.055754 0.055643
v 0.545970 -0.050443 0.000000
v 0.549059 -0.056246 0.000000
v 0.970423 -0.055312 0.069595
v 0.963565 -0.055312 0.000000
v 0.980027 -0.055312 0.093833
v 0.990001 -0.055312 0.102219
v 0.999999 -0.055313 0.097223
v 1.009969 -0.055316 0.083376
v 1.019529 -0.055378 0.054452
v 1.025301 -0.049745 0.000000
v 1.026225 -0.055836 0.000000
v 1.184030 -0.050440 0.000000
v 1.190631 -0.049520 0.000000
v 1.190109 -0.055751 0.055686
v 1.180941 -0.056246 0.000000
v 1.200060 -0.048964 0.000000
v 1.200006 -0.055654 0.066728
v 1.210001 -0.055354 0.072214
v 1.220000 -0.055315 0.087588
v 1.230000 -0.055313 0.098221
v 1.239999 -0.055312 0.102002
v 1.249973 -0.055312 0.093696
v 1.259577 -0.055312 0.069581
v 1.266435 -0.055312 0.000000
v 0.504074 -0.059073 0.000000
v 0.510131 -0.064655 0.059455
v 0.500944 -0.065404 0.000000
v 0.520009 -0.064562 0.082416
v 0.530000 -0.064557 0.089000
v 0.539992 -0.064562 0.082440
v 0.549902 -0.064646 0.059882
v 0.555991 -0.059055 0.000000
v 0.559525 -0.065285 0.000000
v 0.970423 -0.064531 0.069407
v 0.963566 -0.064529 0.000000
v 0.980027 -0.064531 0.093550
v 0.990001 -0.064531 0.101771
v 0.999999 -0.064531 0.096939
v 1.009969 -0.064528 0.083189
v 1.019528 -0.064464 0.054417
v 1.026225 -0.064007 0.000000
v 1.174012 -0.059056 0.000000
v 1.180099 -0.064645 0.059081
v 1.170516 -0.065296 0.000000
v 1.190008 -0.064561 0.081163
v 1.200000 -0.064553 0.088461
v 1.210000 -0.064533 0.090799
v 1.220000 -0.064530 0.095294
v 1.230000 -0.064530 0.099647
v 1.239999 -0.064530 0.100280
v 1.249973 -0.064531 0.092586
v 1.259577 -0.064531 0.069370
v 1.266435 -0.064531 0.000000
v 0.494009 -0.068269 0.000000
v 0.500098 -0.073861 0.059999
v 0.490473 -0.074503 0.000000
v 0.510009 -0.073759 0.083738
v 0.520000 -0.073751 0.095894
v 0.530000 -0.073751 0.100312
v 0.540000 -0.073751 0.096066
v 0.549995 -0.073757 0.085640
v 0.559967 -0.073823 0.071951
v 0.569899 -0.067443 0.000000
v 0.569992 -0.074094 0.066974
v 0.579372 -0.067958 0.000000
v 0.579922 -0.074180 0.056224
v 0.586031 -0.068861 0.000000
v 0.589486 -0.074577 0.000000
v 0.970425 -0.073745 0.067427
v 0.963583 -0.073697 0.000000
v 0.980028 -0.073750 0.091602
v 0.990001 -0.073750 0.099226
v 0.999996 -0.073749 0.092407
v 1.009915 -0.073716 0.070603
v 1.019102 -0.073276 0.000000
v 1.025299 -0.070096 0.000000
v 1.153969 -0.068807 0.000000
v 1.160669 -0.067600 0.000000
v 1.160079 -0.074109 0.052560
v 1.150473 -0.074536 0.000000
v 1.170037 -0.073800 0.064875
v 1.180005 -0.073732 0.078845
v 1.190000 -0.073726 0.086906
v 1.200000 -0.073726 0.089359
v 1.210000 -0.073725 0.089940
v 1.220000 -0.073725 0.090797
v 1.230000 -0.073725 0.091818
v 1.239999 -0.073727 0.091586
v 1.249973 -0.073748 0.086987
v 1.259577 -0.073750 0.068091
v 1.266435 -0.073750 0.000000
v 0.444704 -0.077980 0.000000
v 0.450725 -0.077203 0.000000
v 0.450514 -0.083290 0.040289
v 0.443949 -0.083051 0.000000
v 0.460064 -0.077051 0.000000
v 0.460036 -0.083352 0.058836
v 0.470005 -0.077002 0.000000
v 0.470001 -0.083354 0.065552
v 0.480044 -0.076645 0.000000
v 0.480003 -0.083311 0.067761
v 0.490033 -0.083042 0.071582
v 0.500005 -0.082976 0.085390
v 0.510000 -0.082969 0.096367
v 0.520000 -0.082969 0.103592
v 0.530000 -0.082969 0.107284
v 0.540000 -0.082969 0.104020
v 0.550000 -0.082969 0.098459
v 0.559999 -0.082972 0.093637
v 0.570000 -0.082992 0.091047
v 0.579996 -0.082997 0.084374
v 0.589963 -0.083047 0.070109
v 0.599331 -0.076823 0.000000
v 0.599920 -0.083354 0.056640
v 0.606028 -0.078028 0.000000
v 0.609486 -0.083793 0.000000
v 0.970469 -0.082897 0.056489
v 0.963757 -0.082391 0.000000
v 0.980031 -0.082964 0.084358
v 0.990000 -0.082968 0.093545
v 0.999972 -0.082964 0.084448
v 1.009582 -0.082894 0.056890
v 1.016666 -0.082352 0.000000
v 1.123963 -0.078071 0.000000
v 1.130628 -0.077147 0.000000
v 1.130073 -0.083056 0.037584
v 1.120440 -0.083708 0.000000
v 1.140102 -0.076631 0.000000
v 1.140008 -0.082926 0.046900
v 1.150033 -0.082655 0.050502
v 1.160004 -0.082605 0.059789
v 1.170001 -0.082582 0.063196
v 1.180000 -0.082579 0.066033
v 1.190000 -0.082579 0.067599
v 1.200000 -0.082579 0.068027
v 1.210000 -0.082579 0.068101
v 1.220000 -0.082579 0.068197
v 1.230000 -0.082582 0.068346
v 1.240001 -0.082629 0.068478
v 1.249996 -0.082924 0.068385
v 1.259580 -0.082965 0.062921
v 1.266434 -0.082966 0.000000
v 0.451017 -0.091345 0.000000
v 0.444745 -0.088560 0.000000
v 0.460134 -0.092090 0.055280
v 0.470009 -0.092184 0.076830
v 0.480002 -0.092207 0.084489
v 0.490001 -0.092191 0.089386
v 0.500000 -0.092188 0.095916
v 0.510000 -0.092187 0.102559
v 0.520000 -0.092187 0.108536
v 0.530000 -0.092187 0.112275
v 0.540000 -0.092187 0.110405
v 0.550000 -0.092187 0.106947
v 0.560000 -0.092188 0.104550
v 0.570000 -0.092188 0.102426
v 0.580000 -0.092188 0.097976
v 0.589999 -0.092191 0.092114
v 0.599996 -0.092214 0.084493
v 0.609962 -0.092266 0.070081
v 0.619326 -0.086043 0.000000
v 0.619885 -0.092581 0.056160
v 0.625961 -0.087264 0.000000
v 0.628992 -0.093116 0.000000
v 0.970898 -0.091710 0.000000
v 0.964699 -0.088529 0.000000
v 0.980084 -0.092130 0.069333
v 0.990000 -0.092160 0.083392
v 0.999916 -0.092130 0.069338
v 1.009107 -0.091710 0.000000
v 1.015359 -0.088526 0.000000
v 1.094704 -0.087188 0.000000
v 1.100726 -0.086356 0.000000
v 1.100488 -0.092182 0.036118
v 1.093946 -0.092187 0.000000
v 1.110102 -0.085845 0.000000
v 1.109960 -0.092097 0.036022
v 1.119563 -0.091449 0.000000
v 1.129962 -0.089328 0.000000
v 1.139998 -0.088968 0.000000
v 1.150002 -0.088908 0.000000
v 1.160000 -0.088902 0.000000
v 1.170000 -0.088901 0.000000
v 1.180000 -0.088901 0.000000
v 1.190000 -0.088901 0.000000
v 1.200000 -0.088901 0.000000
v 1.210000 -0.088901 0.000000
v 1.220000 -0.088903 0.000000
v 1.230002 -0.088939 0.000000
v 1.240030 -0.089331 0.000000
v 1.250329 -0.091827 0.000000
v 1.259624 -0.092137 0.050213
v 1.266421 -0.092128 0.000000
v 0.460945 -0.100476 0.000000
v 0.454079 -0.097648 0.000000
v 0.470112 -0.101014 0.055617
v 0.480038 -0.101332 0.069306
v 0.490005 -0.101399 0.084158
v 0.500000 -0.101406 0.094920
v 0.510000 -0.101406 0.102472
v 0.520000 -0.101406 0.108766
v 0.530000 -0.101406 0.113680
v 0.540000 -0.101406 0.115068
v 0.550000 -0.101406 0.114000
v 0.560000 -0.101406 0.112530
v 0.570000 -0.101406 0.110182
v 0.580000 -0.101406 0.106613
v 0.590000 -0.101406 0.102907
v 0.600000 -0.101407 0.098002
v 0.609998 -0.101410 0.091809
v 0.619970 -0.101434 0.081968
v 0.629576 -0.101511 0.056389
v 0.635344 -0.095910 0.000000
v 0.636709 -0.102016 0.000000
v 0.980405 -0.100982 0.052499
v 0.973332 -0.100703 0.000000
v 0.990000 -0.101013 0.063432
v 0.999595 -0.100982 0.052499
v 1.006668 -0.100703 0.000000
v 1.100666 -0.097966 0.000000
v 1.094699 -0.097183 0.000000
v 1.109438 -0.097957 0.000000
v 1.116042 -0.097081 0.000000
v 1.259945 -0.100950 0.038200
v 1.253244 -0.100712 0.000000
v 1.266283 -0.100739 0.000000
v 0.470674 -0.107553 0.000000
v 0.464034 -0.106330 0.000000
v 0.480516 -0.109859 0.000000
v 0.490099 -0.110513 0.059865
v 0.500008 -0.110617 0.083638
v 0.510000 -0.110625 0.096496
v 0.520000 -0.110625 0.104565
v 0.530000 -0.110625 0.111404
v 0.540000 -0.110625 0.116594
v 0.550000 -0.110625 0.119006
v 0.560000 -0.110625 0.119249
v 0.570000 -0.110625 0.117126
v 0.580000 -0.110625 0.113996
v 0.590000 -0.110625 0.110478
v 0.600000 -0.110625 0.106414
v 0.610000 -0.110625 0.101691
v 0.619997 -0.110627 0.092639
v 0.629949 -0.110652 0.071272
v 0.639595 -0.110995 0.000000
v 0.980712 -0.107162 0.000000
v 0.974617 -0.106311 0.000000
v 0.990000 -0.107305 0.000000
v 0.999288 -0.107162 0.000000
v 1.005383 -0.106311 0.000000
v 1.259995 -0.106987 0.000000
v 1.254518 -0.106287 0.000000
v 1.265420 -0.106289 0.000000
v 0.490943 -0.118975 0.000000
v 0.484012 -0.116105 0.000000
v 0.500121 -0.119752 0.060060
v 0.510007 -0.119839 0.085904
v 0.520000 -0.119844 0.099133
v 0.530000 -0.119844 0.107794
v 0.540000 -0.119844 0.114775
v 0.550000 -0.119844 0.119897
v 0.560000 -0.119844 0.123198
v 0.570000 -0.119844 0.123103
v 0.580000 -0.119844 0.120880
v 0.590000 -0.119844 0.117268
v 0.600000 -0.119844 0.112949
v 0.610000 -0.119844 0.107263
v 0.620000 -0.119844 0.099220
v 0.629997 -0.119846 0.087604
v 0.639950 -0.119890 0.070055
v 0.649255 -0.113656 0.000000
v 0.649592 -0.120218 0.053192
v 0.655380 -0.114882 0.000000
v 0.656671 -0.120542 0.000000
v 0.500831 -0.128586 0.000000
v 0.494055 -0.125364 0.000000
v 0.510082 -0.129027 0.070897
v 0.520004 -0.129061 0.092882
v 0.530000 -0.129062 0.103213
v 0.540000 -0.129063 0.110283
v 0.550000 -0.129063 0.116455
v 0.560000 -0.129063 0.122257
v 0.570000 -0.129063 0.126228
v 0.580000 -0.129063 0.126605
v 0.590000 -0.129063 0.123364
v 0.600000 -0.129063 0.118234
v 0.610000 -0.129063 0.111861
v 0.620000 -0.129063 0.104997
v 0.630000 -0.129063 0.098033
v 0.639995 -0.129066 0.088875
v 0.649919 -0.129117 0.069990
v 0.659169 -0.129542 0.000000
v 0.510427 -0.138178 0.056477
v 0.503332 -0.137660 0.000000
v 0.520030 -0.138274 0.083042
v 0.530001 -0.138281 0.096552
v 0.540000 -0.138281 0.104793
v 0.550000 -0.138281 0.112097
v 0.560000 -0.138281 0.119358
v 0.570000 -0.138281 0.126083
v 0.580000 -0.138281 0.130141
v 0.590000 -0.138281 0.128377
v 0.600000 -0.138281 0.122958
v 0.610000 -0.138281 0.116793
v 0.620000 -0.138281 0.110970
v 0.630000 -0.138281 0.105291
v 0.640000 -0.138281 0.098119
v 0.649992 -0.138287 0.085724
v 0.659875 -0.138373 0.059972
v 0.665940 -0.132761 0.000000
v 0.668987 -0.139149 0.000000
v 0.511009 -0.146632 0.000000
v 0.504659 -0.143781 0.000000
v 0.520124 -0.147410 0.060028
v 0.530007 -0.147496 0.086104
v 0.540000 -0.147500 0.099500
v 0.550000 -0.147500 0.108700
v 0.560000 -0.147500 0.116942
v 0.570000 -0.147500 0.124759
v 0.580000 -0.147500 0.131000
v 0.590000 -0.147500 0.132067
v 0.600000 -0.147500 0.127750
v 0.610000 -0.147500 0.122234
v 0.620000 -0.147500 0.116861
v 0.630000 -0.147500 0.111133
v 0.640000 -0.147500 0.104543
v 0.649999 -0.147500 0.096473
v 0.659967 -0.147507 0.082933
v 0.669521 -0.147600 0.056058
v 0.675282 -0.141997 0.000000
v 0.676242 -0.148082 0.000000
v 0.520817 -0.156283 0.000000
v 0.514059 -0.153023 0.000000
v 0.530079 -0.156689 0.073104
v 0.540004 -0.156718 0.095409
v 0.550000 -0.156719 0.106944
v 0.560000 -0.156719 0.115814
v 0.570000 -0.156719 0.124061
v 0.580000 -0.156719 0.131511
v 0.590000 -0.156719 0.135481
v 0.600000 -0.156719 0.132927
v 0.610000 -0.156719 0.127930
v 0.620000 -0.156719 0.122383
v 0.630000 -0.156719 0.116393
v 0.640000 -0.156719 0.110065
v 0.649999 -0.156719 0.102791
v 0.659972 -0.156719 0.091844
v 0.669574 -0.156725 0.067423
v 0.676418 -0.156772 0.000000
v 0.530371 -0.165935 0.070057
v 0.523140 -0.165897 0.000000
v 0.540025 -0.165937 0.094476
v 0.550001 -0.165937 0.106556
v 0.560000 -0.165937 0.115566
v 0.570000 -0.165937 0.123935
v 0.580000 -0.165937 0.131948
v 0.590000 -0.165937 0.137947
v 0.600000 -0.165937 0.137954
v 0.610000 -0.165937 0.133398
v 0.620000 -0.165937 0.127345
v 0.630000 -0.165937 0.120883
v 0.640000 -0.165937 0.113954
v 0.649999 -0.165937 0.105708
v 0.659973 -0.165938 0.094026
v 0.669580 -0.165938 0.069464
v 0.676473 -0.165942 0.000000
v 0.530419 -0.175156 0.069665
v 0.523526 -0.175154 0.000000
v 0.540027 -0.175156 0.094375
v 0.550001 -0.175156 0.106512
v 0.560000 -0.175156 0.115538
v 0.570000 -0.175156 0.123934
v 0.580000 -0.175156 0.132183
v 0.590000 -0.175156 0.139478
v 0.600000 -0.175156 0.142270
v 0.610000 -0.175156 0.137835
v 0.620000 -0.175156 0.130912
v 0.630000 -0.175156 0.123289
v 0.640000 -0.175156 0.115320
v 0.649999 -0.175156 0.106460
v 0.659975 -0.175156 0.094447
v 0.669629 -0.175159 0.070042
v 0.676857 -0.175196 0.000000
v 0.530423 -0.184375 0.069639
v 0.523563 -0.184375 0.000000
v 0.540027 -0.184375 0.094369
v 0.550001 -0.184375 0.106509
v 0.560000 -0.184375 0.115536
v 0.570000 -0.184375 0.123940
v 0.580000 -0.184375 0.132294
v 0.590000 -0.184375 0.140275
v 0.600000 -0.184375 0.144803
v 0.610000 -0.184375 0.140060
v 0.620000 -0.184375 0.132273
v 0.630000 -0.184375 0.124071
v 0.640000 -0.184375 0.115786
v 0.650000 -0.184375 0.106921
v 0.659996 -0.184376 0.095378
v 0.669918 -0.184405 0.073006
v 0.679116 -0.184809 0.000000
v 0.530423 -0.193594 0.069638
v 0.523565 -0.193594 0.000000
v 0.540027 -0.193594 0.094369
v 0.550001 -0.193594 0.106509
v 0.560000 -0.193594 0.115536
v 0.570000 -0.193594 0.123941
v 0.580000 -0.193594 0.132315
v 0.590000 -0.193594 0.140470
v 0.600000 -0.193594 0.145585
v 0.610000 -0.193594 0.140994
v 0.620000 -0.193594 0.133092
v 0.630000 -0.193594 0.124893
v 0.640000 -0.193594 0.116770
v 0.650000 -0.193594 0.108446
v 0.659999 -0.193594 0.099084
v 0.669969 -0.193597 0.085025
v 0.679531 -0.193664 0.056386
v 0.685302 -0.188030 0.000000
v 0.686243 -0.194168 0.000000
v 0.530423 -0.202812 0.069638
v 0.523565 -0.202812 0.000000
v 0.540027 -0.202812 0.094369
v 0.550001 -0.202812 0.106509
v 0.560000 -0.202812 0.115536
v 0.570000 -0.202812 0.123941
v 0.580000 -0.202812 0.132318
v 0.590000 -0.202812 0.140515
v 0.600000 -0.202812 0.145840
v 0.610000 -0.202812 0.141597
v 0.620000 -0.202812 0.133863
v 0.630000 -0.202812 0.125806
v 0.640000 -0.202812 0.117918
v 0.650000 -0.202812 0.110059
v 0.659999 -0.202812 0.101723
v 0.669972 -0.202812 0.090205
v 0.679572 -0.202812 0.065331
v 0.686398 -0.202813 0.000000
v 0.530423 -0.212031 0.069638
v 0.523565 -0.212031 0.000000
v 0.540027 -0.212031 0.094369
v 0.550001 -0.212031 0.106509
v 0.560000 -0.212031 0.115536
v 0.570000 -0.212031 0.123941
v 0.580000 -0.212031 0.132316
v 0.590000 -0.212031 0.140490
v 0.600000 -0.212031 0.145680
v 0.610000 -0.212031 0.141055
v 0.620000 -0.212031 0.133110
v 0.630000 -0.212031 0.124899
v 0.640000 -0.212031 0.116771
v 0.650000 -0.212031 0.108446
v 0.659999 -0.212031 0.099084
v 0.669969 -0.212027 0.085025
v 0.679531 -0.211961 0.056386
v 0.686243 -0.211457 0.000000
v 0.530423 -0.221250 0.069638
v 0.523565 -0.221250 0.000000
v 0.540027 -0.221250 0.094369
v 0.550001 -0.221250 0.106509
v 0.560000 -0.221250 0.115536
v 0.570000 -0.221250 0.123941
v 0.580000 -0.221250 0.132315
v 0.590000 -0.221250 0.140474
v 0.600000 -0.221250 0.145554
v 0.610000 -0.221250 0.140602
v 0.620000 -0.221250 0.132491
v 0.630000 -0.221250 0.124152
v 0.640000 -0.221250 0.115807
v 0.650000 -0.221250 0.106927
v 0.659996 -0.221249 0.095379
v 0.669918 -0.221220 0.073006
v 0.679116 -0.220816 0.000000
v 0.685302 -0.217595 0.000000
v 0.874607 -0.216279 0.000000
v 0.880000 -0.215626 0.000000
v 0.880000 -0.221250 0.027106
v 0.873899 -0.221250 0.000000
v 0.885393 -0.216279 0.000000
v 0.886101 -0.221250 0.000000
v 0.530423 -0.230469 0.069638
v 0.523565 -0.230469 0.000000
v 0.540027 -0.230469 0.094369
v 0.550001 -0.230469 0.106509
v 0.560000 -0.230469 0.115536
v 0.570000 -0.230469 0.123941
v 0.580000 -0.230469 0.132315
v 0.590000 -0.230469 0.140471
v 0.600000 -0.230469 0.145525
v 0.610000 -0.230469 0.140486
v 0.620000 -0.230469 0.132335
v 0.630000 -0.230469 0.123965
v 0.640000 -0.230469 0.115567
v 0.649999 -0.230469 0.106555
v 0.659975 -0.230469 0.094475
v 0.669629 -0.230466 0.070052
v 0.676857 -0.230429 0.000000
v 0.880000 -0.226874 0.000000
v 0.874607 -0.226221 0.000000
v 0.885393 -0.226221 0.000000
v 0.530423 -0.239688 0.069638
v 0.523565 -0.239688 0.000000
v 0.540027 -0.239688 0.094369
v 0.550001 -0.239688 0.106509
v 0.560000 -0.239688 0.115536
v 0.570000 -0.239688 0.123941
v 0.580000 -0.239688 0.132315
v 0.590000 -0.239688 0.140466
v 0.600000 -0.239688 0.145502
v 0.610000 -0.239688 0.140461
v 0.620000 -0.239688 0.132311
v 0.630000 -0.239688 0.123940
v 0.640000 -0.239688 0.115538
v 0.649999 -0.239688 0.106512
v 0.659973 -0.239688 0.094375
v 0.669581 -0.239687 0.069665
v 0.676474 -0.239686 0.000000
v 0.530423 -0.248906 0.069638
v 0.523565 -0.248906 0.000000
v 0.540027 -0.248906 0.094369
v 0.550001 -0.248906 0.106509
v 0.560000 -0.248906 0.115536
v 0.570000 -0.248906 0.123941
v 0.580000 -0.248906 0.132310
v 0.590000 -0.248906 0.140421
v 0.600000 -0.248906 0.145328
v 0.610000 -0.248906 0.140342
v 0.620000 -0.248906 0.132238
v 0.630000 -0.248906 0.123900
v 0.640000 -0.248906 0.115523
v 0.649999 -0.248906 0.106504
v 0.659973 -0.248906 0.094368
v 0.669577 -0.248906 0.069639
v 0.676437 -0.248906 0.000000
v 0.530423 -0.258125 0.069638
v 0.523565 -0.258125 0.000000
v 0.540027 -0.258125 0.094369
v 0.550001 -0.258125 0.106509
v 0.560000 -0.258125 0.115536
v 0.570000 -0.258125 0.123939
v 0.580000 -0.258125 0.132279
v 0.590000 -0.258125 0.140180
v 0.600000 -0.258125 0.144492
v 0.610000 -0.258125 0.139579
v 0.620000 -0.258125 0.131694
v 0.630000 -0.258125 0.123573
v 0.640000 -0.258125 0.115369
v 0.649999 -0.258125 0.106426
v 0.659973 -0.258125 0.094342
v 0.669577 -0.258125 0.069628
v 0.676435 -0.258125 0.000000
v 0.530423 -0.267344 0.069638
v 0.523565 -0.267344 0.000000
v 0.540027 -0.267344 0.094369
v 0.550001 -0.267344 0.106509
v 0.560000 -0.267344 0.115536
v 0.570000 -0.267344 0.123933
v 0.580000 -0.267344 0.132197
v 0.590000 -0.267344 0.139584
v 0.600000 -0.267344 0.142451
v 0.610000 -0.267344 0.137236
v 0.620000 -0.267344 0.129717
v 0.630000 -0.267344 0.122133
v 0.640000 -0.267344 0.114420
v 0.649999 -0.267344 0.105820
v 0.659973 -0.267344 0.094041
v 0.669577 -0.267344 0.069439
v 0.676434 -0.267341 0.000000
v 0.530423 -0.276563 0.069638
v 0.523565 -0.276563 0.000000
v 0.540027 -0.276563 0.094369
v 0.550001 -0.276563 0.106509
v 0.560000 -0.276563 0.115536
v 0.570000 -0.276563 0.123928
v 0.580000 -0.276563 0.132124
v 0.590000 -0.276563 0.139036
v 0.600000 -0.276563 0.140483
v 0.610000 -0.276563 0.134708
v 0.620000 -0.276563 0.127031
v 0.630000 -0.276563 0.119337
v 0.640000 -0.276563 0.111663
v 0.649999 -0.276563 0.103448
v 0.659972 -0.276562 0.092105
v 0.669575 -0.276558 0.067459
v 0.676417 -0.276509 0.000000
v 0.530423 -0.285781 0.069638
v 0.523565 -0.285781 0.000000
v 0.540027 -0.285781 0.094369
v 0.550001 -0.285781 0.106509
v 0.560000 -0.285781 0.115536
v 0.570000 -0.285781 0.123925
v 0.580000 -0.285781 0.132079
v 0.590000 -0.285781 0.138686
v 0.600000 -0.285781 0.139201
v 0.610000 -0.285781 0.132991
v 0.620000 -0.285781 0.125037
v 0.630000 -0.285781 0.116952
v 0.640000 -0.285781 0.108653
v 0.649999 -0.285781 0.099304
v 0.659969 -0.285778 0.085246
v 0.669531 -0.285711 0.056573
v 0.676243 -0.285204 0.000000
v 0.530423 -0.295000 0.069638
v 0.523565 -0.295000 0.000000
v 0.540027 -0.295000 0.094369
v 0.550001 -0.295000 0.106509
v 0.560000 -0.295000 0.115536
v 0.570000 -0.295000 0.123924
v 0.580000 -0.295000 0.132061
v 0.590000 -0.295000 0.138540
v 0.600000 -0.295000 0.138647
v 0.610000 -0.295000 0.132243
v 0.620000 -0.295000 0.124145
v 0.630000 -0.295000 0.115819
v 0.640000 -0.295000 0.106941
v 0.649996 -0.294999 0.095394
v 0.659917 -0.294970 0.073020
v 0.669116 -0.294566 0.000000
v 0.675302 -0.291345 0.000000
v 0.530423 -0.304219 0.069638
v 0.523565 -0.304219 0.000000
v 0.540027 -0.304219 0.094369
v 0.550001 -0.304219 0.106509
v 0.560000 -0.304219 0.115536
v 0.570000 -0.304219 0.123923
v 0.580000 -0.304219 0.132058
v 0.590000 -0.304219 0.138511
v 0.600000 -0.304219 0.138524
v 0.610000 -0.304219 0.132078
v 0.620000 -0.304219 0.123948
v 0.630000 -0.304219 0.115567
v 0.639999 -0.304219 0.106556
v 0.649975 -0.304219 0.094476
v 0.659629 -0.304216 0.070053
v 0.666857 -0.304179 0.000000
v 0.530423 -0.313437 0.069638
v 0.523565 -0.313438 0.000000
v 0.540027 -0.313437 0.094369
v 0.550001 -0.313437 0.106509
v 0.560000 -0.313437 0.115535
v 0.570000 -0.313437 0.123921
v 0.580000 -0.313437 0.132053
v 0.590000 -0.313437 0.138502
v 0.600000 -0.313437 0.138508
v 0.610000 -0.313437 0.132059
v 0.620000 -0.313437 0.123925
v 0.630000 -0.313437 0.115538
v 0.639999 -0.313437 0.106512
v 0.649973 -0.313437 0.094375
v 0.659581 -0.313437 0.069665
v 0.666474 -0.313435 0.000000
v 0.530423 -0.322656 0.069638
v 0.523565 -0.322656 0.000000
v 0.540027 -0.322656 0.094368
v 0.550001 -0.322656 0.106504
v 0.560000 -0.322656 0.115522
v 0.570000 -0.322656 0.123883
v 0.580000 -0.322656 0.131986
v 0.590000 -0.322656 0.138427
v 0.600000 -0.322656 0.138491
v 0.610000 -0.322656 0.132056
v 0.620000 -0.322656 0.123924
v 0.630000 -0.322656 0.115536
v 0.639999 -0.322656 0.106509
v 0.649973 -0.322656 0.094369
v 0.659577 -0.322656 0.069639
v 0.666437 -0.322656 0.000000
v 0.530423 -0.331875 0.069628
v 0.523565 -0.331875 0.000000
v 0.540027 -0.331875 0.094342
v 0.550001 -0.331875 0.106426
v 0.560000 -0.331875 0.115368
v 0.570000 -0.331875 0.123558
v 0.580000 -0.331875 0.131472
v 0.590000 -0.331875 0.137889
v 0.600000 -0.331875 0.138349
v 0.610000 -0.331875 0.132040
v 0.620000 -0.331875 0.123923
v 0.630000 -0.331875 0.115536
v 0.639999 -0.331875 0.106509
v 0.649973 -0.331875 0.094369
v 0.659577 -0.331875 0.069638
v 0.666435 -0.331875 0.000000
v 0.530423 -0.341094 0.069439
v 0.523566 -0.341091 0.000000
v 0.540027 -0.341094 0.094041
v 0.550001 -0.341094 0.105820
v 0.560000 -0.341094 0.114419
v 0.570000 -0.341094 0.122123
v 0.580000 -0.341094 0.129569
v 0.590000 -0.341094 0.136061
v 0.600000 -0.341094 0.137796
v 0.610000 -0.341094 0.131963
v 0.620000 -0.341094 0.123917
v 0.630000 -0.341094 0.115536
v 0.639999 -0.341094 0.106509
v 0.649973 -0.341094 0.094369
v 0.659577 -0.341094 0.069639
v 0.666437 -0.341094 0.000000
v 0.530425 -0.350308 0.067459
v 0.523584 -0.350259 0.000000
v 0.540027 -0.350312 0.092105
v 0.550001 -0.350312 0.103447
v 0.560000 -0.350312 0.111657
v 0.570000 -0.350312 0.119319
v 0.580000 -0.350312 0.126912
v 0.590000 -0.350312 0.133938
v 0.600000 -0.350312 0.137143
v 0.610000 -0.350312 0.131871
v 0.620000 -0.350312 0.123912
v 0.630000 -0.350312 0.115537
v 0.639999 -0.350312 0.106512
v 0.649973 -0.350312 0.094375
v 0.659581 -0.350313 0.069666
v 0.666476 -0.350314 0.000000
v 0.530469 -0.359461 0.056572
v 0.523757 -0.358954 0.000000
v 0.540031 -0.359528 0.085236
v 0.550001 -0.359531 0.099277
v 0.560000 -0.359531 0.108570
v 0.570000 -0.359531 0.116783
v 0.580000 -0.359531 0.124635
v 0.590000 -0.359531 0.132007
v 0.600000 -0.359531 0.136224
v 0.610000 -0.359531 0.131696
v 0.620000 -0.359531 0.123915
v 0.630000 -0.359531 0.115566
v 0.639999 -0.359531 0.106556
v 0.649975 -0.359531 0.094477
v 0.659632 -0.359533 0.070089
v 0.666903 -0.359559 0.000000
v 0.530885 -0.368314 0.000000
v 0.524698 -0.365094 0.000000
v 0.540083 -0.368720 0.072822
v 0.550004 -0.368749 0.095066
v 0.560000 -0.368750 0.106252
v 0.570000 -0.368750 0.114702
v 0.580000 -0.368750 0.122325
v 0.590000 -0.368750 0.129487
v 0.600000 -0.368750 0.134270
v 0.610000 -0.368750 0.131268
v 0.620000 -0.368750 0.124031
v 0.630000 -0.368750 0.115812
v 0.640000 -0.368750 0.106944
v 0.649997 -0.368751 0.095432
v 0.659954 -0.368771 0.073533
v 0.669656 -0.369065 0.000000
v 0.703961 -0.363864 0.000000
v 0.710568 -0.363011 0.000000
v 0.710071 -0.369185 0.054356
v 0.700470 -0.369564 0.000000
v 0.719432 -0.363011 0.000000
v 0.719929 -0.369185 0.054356
v 0.726039 -0.363864 0.000000
v 0.729530 -0.369565 0.000000
v 0.773965 -0.363862 0.000000
v 0.780626 -0.362994 0.000000
v 0.780076 -0.369182 0.056216
v 0.770470 -0.369565 0.000000
v 0.790055 -0.362836 0.000000
v 0.790005 -0.369142 0.066370
v 0.799945 -0.362836 0.000000
v 0.799995 -0.369142 0.066369
v 0.809374 -0.362994 0.000000
v 0.809922 -0.369183 0.056189
v 0.816032 -0.363863 0.000000
v 0.819486 -0.369578 0.000000
v 0.540373 -0.377962 0.067877
v 0.533162 -0.377875 0.000000
v 0.550025 -0.377969 0.092213
v 0.560001 -0.377969 0.103495
v 0.570000 -0.377969 0.111693
v 0.580000 -0.377969 0.119341
v 0.590000 -0.377969 0.126749
v 0.600000 -0.377969 0.132344
v 0.610000 -0.377969 0.131309
v 0.620000 -0.377969 0.124834
v 0.630000 -0.377969 0.116950
v 0.640000 -0.377969 0.108708
v 0.650000 -0.377969 0.099664
v 0.659997 -0.377971 0.088034
v 0.669977 -0.378012 0.072623
v 0.679972 -0.371569 0.000000
v 0.679998 -0.378305 0.068925
v 0.690042 -0.371610 0.000000
v 0.690003 -0.378308 0.068866
v 0.700033 -0.378045 0.071807
v 0.710004 -0.377998 0.082944
v 0.719996 -0.377998 0.082944
v 0.729967 -0.378045 0.071806
v 0.739957 -0.371646 0.000000
v 0.739997 -0.378311 0.068837
v 0.750000 -0.371965 0.000000
v 0.750000 -0.378352 0.068460
v 0.760044 -0.371646 0.000000
v 0.760003 -0.378311 0.068848
v 0.770033 -0.378045 0.071981
v 0.780004 -0.377998 0.084506
v 0.790000 -0.377994 0.090720
v 0.800000 -0.377994 0.090714
v 0.809996 -0.377998 0.084350
v 0.819962 -0.378047 0.070071
v 0.829326 -0.371825 0.000000
v 0.829885 -0.378362 0.056154
v 0.835961 -0.373045 0.000000
v 0.838988 -0.378898 0.000000
v 0.540443 -0.387118 0.056675
v 0.533714 -0.386608 0.000000
v 0.550029 -0.387184 0.085274
v 0.560001 -0.387187 0.099312
v 0.570000 -0.387188 0.108657
v 0.580000 -0.387187 0.116941
v 0.590000 -0.387188 0.124832
v 0.600000 -0.387188 0.131311
v 0.610000 -0.387188 0.132353
v 0.620000 -0.387188 0.126797
v 0.630000 -0.387188 0.119479
v 0.640000 -0.387188 0.112144
v 0.650000 -0.387188 0.105109
v 0.660000 -0.387188 0.098764
v 0.669999 -0.387190 0.093878
v 0.680000 -0.387210 0.092756
v 0.690000 -0.387210 0.092742
v 0.700001 -0.387191 0.093643
v 0.710000 -0.387188 0.096815
v 0.720000 -0.387188 0.096815
v 0.729999 -0.387191 0.093643
v 0.740000 -0.387210 0.092735
v 0.750000 -0.387213 0.092632
v 0.760000 -0.387210 0.092747
v 0.770001 -0.387191 0.093813
v 0.780000 -0.387188 0.098145
v 0.790000 -0.387188 0.102047
v 0.800000 -0.387188 0.102030
v 0.810000 -0.387188 0.097899
v 0.819998 -0.387191 0.091761
v 0.829967 -0.387215 0.081860
v 0.839521 -0.387291 0.055938
v 0.845282 -0.381689 0.000000
v 0.846242 -0.387770 0.000000
v 0.540539 -0.395994 0.000000
v 0.534649 -0.392752 0.000000
v 0.550036 -0.396378 0.073395
v 0.560001 -0.396405 0.095484
v 0.570000 -0.396406 0.106978
v 0.580000 -0.396406 0.115836
v 0.590000 -0.396406 0.124050
v 0.600000 -0.396406 0.131291
v 0.610000 -0.396406 0.134361
v 0.620000 -0.396406 0.129890
v 0.630000 -0.396406 0.123265
v 0.640000 -0.396406 0.116861
v 0.650000 -0.396406 0.111278
v 0.660000 -0.396406 0.107088
v 0.670000 -0.396406 0.104892
v 0.680000 -0.396407 0.104403
v 0.690000 -0.396407 0.104394
v 0.700000 -0.396406 0.104752
v 0.710000 -0.396406 0.105890
v 0.720000 -0.396406 0.105889
v 0.730000 -0.396406 0.104752
v 0.740000 -0.396407 0.104390
v 0.750000 -0.396407 0.104346
v 0.760000 -0.396407 0.104399
v 0.770000 -0.396406 0.104877
v 0.780000 -0.396406 0.106872
v 0.790000 -0.396406 0.109574
v 0.800000 -0.396406 0.109489
v 0.810000 -0.396406 0.106155
v 0.819999 -0.396406 0.101283
v 0.829972 -0.396407 0.091580
v 0.839574 -0.396412 0.067400
v 0.846418 -0.396460 0.000000
v 0.550003 -0.405644 0.073138
v 0.540037 -0.405909 0.000000
v 0.560000 -0.405626 0.095268
v 0.570000 -0.405625 0.106841
v 0.580000 -0.405625 0.115742
v 0.590000 -0.405625 0.124054
v 0.600000 -0.405625 0.131857
v 0.610000 -0.405625 0.136723
v 0.620000 -0.405625 0.133795
v 0.630000 -0.405625 0.128010
v 0.640000 -0.405625 0.122415
v 0.650000 -0.405625 0.117829
v 0.660000 -0.405625 0.114683
v 0.670000 -0.405625 0.113230
v 0.680000 -0.405625 0.112906
v 0.690000 -0.405625 0.112898
v 0.700000 -0.405625 0.113121
v 0.710000 -0.405625 0.113785
v 0.720000 -0.405625 0.113778
v 0.730000 -0.405625 0.113108
v 0.740000 -0.405625 0.112881
v 0.750000 -0.405625 0.112852
v 0.760000 -0.405625 0.112887
v 0.770000 -0.405625 0.113195
v 0.780000 -0.405625 0.114472
v 0.790000 -0.405625 0.116358
v 0.800000 -0.405625 0.115866
v 0.810000 -0.405625 0.111843
v 0.819999 -0.405625 0.105179
v 0.829973 -0.405625 0.093958
v 0.839580 -0.405625 0.069460
v 0.846473 -0.405630 0.000000
v 0.514703 -0.409844 0.000000
v 0.520724 -0.409010 0.000000
v 0.520493 -0.414844 0.037728
v 0.513946 -0.414844 0.000000
v 0.530065 -0.408464 0.000000
v 0.530033 -0.414844 0.047456
v 0.540004 -0.414844 0.055320
v 0.550000 -0.414844 0.081468
v 0.560000 -0.414844 0.097323
v 0.570000 -0.414844 0.107459
v 0.580000 -0.414844 0.116082
v 0.590000 -0.414844 0.124332
v 0.600000 -0.414844 0.132340
v 0.610000 -0.414844 0.138418
v 0.620000 -0.414844 0.137999
v 0.630000 -0.414844 0.133430
v 0.640000 -0.414844 0.128539
v 0.650000 -0.414844 0.124614
v 0.660000 -0.414844 0.122004
v 0.670000 -0.414844 0.120802
v 0.680000 -0.414844 0.120496
v 0.690000 -0.414844 0.120465
v 0.700000 -0.414844 0.120625
v 0.710000 -0.414844 0.121089
v 0.720000 -0.414844 0.121003
v 0.730000 -0.414844 0.120446
v 0.740000 -0.414844 0.120248
v 0.750000 -0.414844 0.120221
v 0.760000 -0.414844 0.120244
v 0.770000 -0.414844 0.120444
v 0.780000 -0.414844 0.121234
v 0.790000 -0.414844 0.122163
v 0.800000 -0.414844 0.120417
v 0.810000 -0.414844 0.114547
v 0.819999 -0.414844 0.106322
v 0.829975 -0.414844 0.094434
v 0.839629 -0.414846 0.070042
v 0.846857 -0.414884 0.000000
v 0.520724 -0.420678 0.000000
v 0.514703 -0.419843 0.000000
v 0.530065 -0.421223 0.000000
v 0.540035 -0.423778 0.000000
v 0.550002 -0.424044 0.073142
v 0.560000 -0.424062 0.095268
v 0.570000 -0.424062 0.106842
v 0.580000 -0.424062 0.115744
v 0.590000 -0.424062 0.124092
v 0.600000 -0.424062 0.132305
v 0.610000 -0.424062 0.139502
v 0.620000 -0.424062 0.142152
v 0.630000 -0.424062 0.139055
v 0.640000 -0.424062 0.134769
v 0.650000 -0.424062 0.131213
v 0.660000 -0.424062 0.128630
v 0.670000 -0.424062 0.127130
v 0.680000 -0.424062 0.126480
v 0.690000 -0.424062 0.126270
v 0.700000 -0.424062 0.126318
v 0.710000 -0.424062 0.126455
v 0.720000 -0.424062 0.125839
v 0.730000 -0.424062 0.124978
v 0.740000 -0.424062 0.124622
v 0.750000 -0.424062 0.124557
v 0.760000 -0.424062 0.124555
v 0.770000 -0.424062 0.124590
v 0.780000 -0.424062 0.124680
v 0.790000 -0.424062 0.124173
v 0.800000 -0.424062 0.120966
v 0.810000 -0.424062 0.114674
v 0.820000 -0.424062 0.106589
v 0.829996 -0.424064 0.095325
v 0.839917 -0.424093 0.073011
v 0.849116 -0.424496 0.000000
v 0.550033 -0.433310 0.073481
v 0.540469 -0.433695 0.000000
v 0.560001 -0.433282 0.095499
v 0.570000 -0.433281 0.106981
v 0.580000 -0.433281 0.115844
v 0.590000 -0.433281 0.124179
v 0.600000 -0.433281 0.132472
v 0.610000 -0.433281 0.140259
v 0.620000 -0.433281 0.144641
v 0.630000 -0.433281 0.142568
v 0.640000 -0.433281 0.138653
v 0.650000 -0.433281 0.135075
v 0.660000 -0.433281 0.131781
v 0.670000 -0.433281 0.128988
v 0.680000 -0.433281 0.127187
v 0.690000 -0.433281 0.126397
v 0.700000 -0.433281 0.126134
v 0.710000 -0.433281 0.125504
v 0.720000 -0.433281 0.123421
v 0.730000 -0.433281 0.121406
v 0.740000 -0.433281 0.120457
v 0.750000 -0.433281 0.120244
v 0.760000 -0.433281 0.120219
v 0.770000 -0.433281 0.120215
v 0.780000 -0.433281 0.120139
v 0.790000 -0.433281 0.119434
v 0.800000 -0.433281 0.116659
v 0.810000 -0.433281 0.112178
v 0.820000 -0.433281 0.106417
v 0.829999 -0.433281 0.098611
v 0.839969 -0.433285 0.085091
v 0.849531 -0.433351 0.056548
v 0.855302 -0.427718 0.000000
v 0.856243 -0.433859 0.000000
v 0.533943 -0.436957 0.000000
v 0.540065 -0.442580 0.060611
v 0.530469 -0.443250 0.000000
v 0.550004 -0.442504 0.086162
v 0.560000 -0.442500 0.099507
v 0.570000 -0.442500 0.108704
v 0.580000 -0.442500 0.116966
v 0.590000 -0.442500 0.125048
v 0.600000 -0.442500 0.133073
v 0.610000 -0.442500 0.139961
v 0.620000 -0.442500 0.142256
v 0.630000 -0.442500 0.139064
v 0.640000 -0.442500 0.134745
v 0.650000 -0.442500 0.131006
v 0.660000 -0.442500 0.127605
v 0.670000 -0.442500 0.124245
v 0.680000 -0.442500 0.121812
v 0.690000 -0.442500 0.120702
v 0.700000 -0.442500 0.120359
v 0.710000 -0.442500 0.119630
v 0.720000 -0.442500 0.117233
v 0.730000 -0.442500 0.114580
v 0.740000 -0.442500 0.113202
v 0.750000 -0.442500 0.112887
v 0.760000 -0.442500 0.112850
v 0.770000 -0.442500 0.112843
v 0.780000 -0.442500 0.112777
v 0.790000 -0.442500 0.112246
v 0.800000 -0.442500 0.110111
v 0.810000 -0.442500 0.106506
v 0.820000 -0.442500 0.103146
v 0.829999 -0.442499 0.099447
v 0.839972 -0.442499 0.090717
v 0.849575 -0.442504 0.067093
v 0.856416 -0.442551 0.000000
v 0.483968 -0.446832 0.000000
v 0.490626 -0.445963 0.000000
v 0.490078 -0.452152 0.056195
v 0.480514 -0.452546 0.000000
v 0.500058 -0.445802 0.000000
v 0.500005 -0.452111 0.066524
v 0.510005 -0.445752 0.000000
v 0.510000 -0.452105 0.068278
v 0.520044 -0.445395 0.000000
v 0.520003 -0.452061 0.068848
v 0.530033 -0.451792 0.072108
v 0.540004 -0.451724 0.085727
v 0.550000 -0.451719 0.096867
v 0.560000 -0.451719 0.104826
v 0.570000 -0.451719 0.112118
v 0.580000 -0.451719 0.119495
v 0.590000 -0.451719 0.127051
v 0.600000 -0.451719 0.134338
v 0.610000 -0.451719 0.139133
v 0.620000 -0.451719 0.138021
v 0.630000 -0.451719 0.133392
v 0.640000 -0.451719 0.128519
v 0.650000 -0.451719 0.124479
v 0.660000 -0.451719 0.121101
v 0.670000 -0.451719 0.117565
v 0.680000 -0.451719 0.114646
v 0.690000 -0.451719 0.113218
v 0.700000 -0.451719 0.112830
v 0.710000 -0.451719 0.112263
v 0.720000 -0.451719 0.110180
v 0.730000 -0.451719 0.106944
v 0.740000 -0.451719 0.104882
v 0.750000 -0.451718 0.104399
v 0.760000 -0.451718 0.104343
v 0.770000 -0.451718 0.104338
v 0.780000 -0.451718 0.104308
v 0.790000 -0.451718 0.104006
v 0.800000 -0.451718 0.102376
v 0.810000 -0.451718 0.098135
v 0.819999 -0.451715 0.093565
v 0.829999 -0.451696 0.091544
v 0.839972 -0.451693 0.086402
v 0.849575 -0.451691 0.066199
v 0.856416 -0.451663 0.000000
v 0.464039 -0.456014 0.000000
v 0.470674 -0.454793 0.000000
v 0.470115 -0.461331 0.056154
v 0.461012 -0.461866 0.000000
v 0.480038 -0.461016 0.070071
v 0.490004 -0.460966 0.084364
v 0.500000 -0.460963 0.090917
v 0.510000 -0.460963 0.092421
v 0.520000 -0.460960 0.092733
v 0.530001 -0.460941 0.093840
v 0.540000 -0.460938 0.098502
v 0.550000 -0.460938 0.104453
v 0.560000 -0.460938 0.110571
v 0.570000 -0.460938 0.116742
v 0.580000 -0.460938 0.123253
v 0.590000 -0.460938 0.129968
v 0.600000 -0.460938 0.135434
v 0.610000 -0.460938 0.136600
v 0.620000 -0.460938 0.132937
v 0.630000 -0.460938 0.127611
v 0.640000 -0.460938 0.122314
v 0.650000 -0.460938 0.117740
v 0.660000 -0.460938 0.114066
v 0.670000 -0.460938 0.110543
v 0.680000 -0.460938 0.106986
v 0.690000 -0.460937 0.104883
v 0.700000 -0.460937 0.104368
v 0.710000 -0.460937 0.104010
v 0.720000 -0.460937 0.102380
v 0.730000 -0.460937 0.098176
v 0.739999 -0.460934 0.093814
v 0.750000 -0.460915 0.092746
v 0.760000 -0.460912 0.092625
v 0.770000 -0.460912 0.092618
v 0.780000 -0.460912 0.092604
v 0.790000 -0.460912 0.092415
v 0.800000 -0.460912 0.090924
v 0.809996 -0.460909 0.084518
v 0.819967 -0.460861 0.071958
v 0.829996 -0.460595 0.068582
v 0.839970 -0.460549 0.065774
v 0.849542 -0.460516 0.052272
v 0.856245 -0.460274 0.000000
v 0.454715 -0.464658 0.000000
v 0.460475 -0.470260 0.055966
v 0.453717 -0.470740 0.000000
v 0.470033 -0.470184 0.081866
v 0.480002 -0.470160 0.091766
v 0.490000 -0.470157 0.097931
v 0.500000 -0.470157 0.102355
v 0.510000 -0.470157 0.103996
v 0.520000 -0.470157 0.104353
v 0.530000 -0.470156 0.104873
v 0.540000 -0.470156 0.107050
v 0.550000 -0.470156 0.111144
v 0.560000 -0.470156 0.116370
v 0.570000 -0.470156 0.122001
v 0.580000 -0.470156 0.127828
v 0.590000 -0.470156 0.133164
v 0.600000 -0.470156 0.135376
v 0.610000 -0.470156 0.132641
v 0.620000 -0.470156 0.127517
v 0.630000 -0.470156 0.121933
v 0.640000 -0.470156 0.116377
v 0.650000 -0.470156 0.111131
v 0.660000 -0.470156 0.106733
v 0.670000 -0.470156 0.102931
v 0.680000 -0.470155 0.098236
v 0.689999 -0.470153 0.093817
v 0.700000 -0.470134 0.092732
v 0.710000 -0.470131 0.092422
v 0.720000 -0.470131 0.090924
v 0.729996 -0.470127 0.084520
v 0.739967 -0.470080 0.071982
v 0.749997 -0.469814 0.068847
v 0.760000 -0.469770 0.068432
v 0.770000 -0.469767 0.068404
v 0.780000 -0.469766 0.068396
v 0.790000 -0.469766 0.068249
v 0.799995 -0.469764 0.066523
v 0.809924 -0.469724 0.056222
v 0.819530 -0.469341 0.000000
v 0.829953 -0.467258 0.000000
v 0.839934 -0.466889 0.000000
v 0.849280 -0.466696 0.000000
v 0.855324 -0.465846 0.000000
v 0.460371 -0.479383 0.067849
v 0.453117 -0.479457 0.000000
v 0.470025 -0.479376 0.091688
v 0.480001 -0.479375 0.101330
v 0.490000 -0.479375 0.106225
v 0.500000 -0.479375 0.109981
v 0.510000 -0.479375 0.112051
v 0.520000 -0.479375 0.112601
v 0.530000 -0.479375 0.112984
v 0.540000 -0.479375 0.114416
v 0.550000 -0.479375 0.117515
v 0.560000 -0.479375 0.121992
v 0.570000 -0.479375 0.127250
v 0.580000 -0.479375 0.132398
v 0.590000 -0.479375 0.135328
v 0.600000 -0.479375 0.133163
v 0.610000 -0.479375 0.127845
v 0.620000 -0.479375 0.122011
v 0.630000 -0.479375 0.116274
v 0.640000 -0.479375 0.110457
v 0.650000 -0.479375 0.104419
v 0.660000 -0.479375 0.098298
v 0.669999 -0.479371 0.092147
v 0.679996 -0.479349 0.084650
v 0.689967 -0.479299 0.071989
v 0.699997 -0.479033 0.068841
v 0.710000 -0.478988 0.068278
v 0.719995 -0.478983 0.066524
v 0.729924 -0.478943 0.056222
v 0.739530 -0.478560 0.000000
v 0.749957 -0.476477 0.000000
v 0.759998 -0.476124 0.000000
v 0.770000 -0.476090 0.000000
v 0.780000 -0.476088 0.000000
v 0.789997 -0.476088 0.000000
v 0.799942 -0.476071 0.000000
v 0.809374 -0.475912 0.000000
v 0.816035 -0.475044 0.000000
v 0.460048 -0.488615 0.073299
v 0.450388 -0.488925 0.000000
v 0.470003 -0.488595 0.095002
v 0.480000 -0.488594 0.105548
v 0.490000 -0.488594 0.111856
v 0.500000 -0.488594 0.115751
v 0.510000 -0.488594 0.117913
v 0.520000 -0.488594 0.118505
v 0.530000 -0.488594 0.118796
v 0.540000 -0.488594 0.119784
v 0.550000 -0.488594 0.122118
v 0.560000 -0.488594 0.125838
v 0.570000 -0.488594 0.130511
v 0.580000 -0.488594 0.134711
v 0.590000 -0.488594 0.134973
v 0.600000 -0.488594 0.129918
v 0.610000 -0.488594 0.123251
v 0.620000 -0.488594 0.116742
v 0.630000 -0.488594 0.110546
v 0.640000 -0.488594 0.104170
v 0.650000 -0.488594 0.096598
v 0.659995 -0.488587 0.085533
v 0.669963 -0.488519 0.070234
v 0.679921 -0.488209 0.056674
v 0.689530 -0.487783 0.000000
v 0.699957 -0.485696 0.000000
v 0.709995 -0.485342 0.000000
v 0.719942 -0.485292 0.000000
v 0.729374 -0.485131 0.000000
v 0.736035 -0.484263 0.000000
v 0.433967 -0.492868 0.000000
v 0.440656 -0.491624 0.000000
v 0.440078 -0.498194 0.056693
v 0.430470 -0.498623 0.000000
v 0.450027 -0.497858 0.070717
v 0.460003 -0.497815 0.087815
v 0.470000 -0.497813 0.099420
v 0.480000 -0.497813 0.107811
v 0.490000 -0.497813 0.113805
v 0.500000 -0.497813 0.117100
v 0.510000 -0.497813 0.118309
v 0.520000 -0.497813 0.118544
v 0.530000 -0.497813 0.118639
v 0.540000 -0.497813 0.119091
v 0.550000 -0.497813 0.120583
v 0.560000 -0.497813 0.123527
v 0.570000 -0.497813 0.127667
v 0.580000 -0.497813 0.131765
v 0.590000 -0.497813 0.132311
v 0.600000 -0.497813 0.126779
v 0.610000 -0.497813 0.119476
v 0.620000 -0.497813 0.112117
v 0.630000 -0.497813 0.104818
v 0.640000 -0.497812 0.096705
v 0.649992 -0.497805 0.083829
v 0.659901 -0.497701 0.059994
v 0.669484 -0.497047 0.000000
v 0.679331 -0.494742 0.000000
v 0.686032 -0.493535 0.000000
v 0.393965 -0.502144 0.000000
v 0.400626 -0.501274 0.000000
v 0.400076 -0.507463 0.056081
v 0.390473 -0.507847 0.000000
v 0.410060 -0.501080 0.000000
v 0.410005 -0.507420 0.066280
v 0.420046 -0.500711 0.000000
v 0.420003 -0.507373 0.068382
v 0.430033 -0.507107 0.071658
v 0.440004 -0.507057 0.084278
v 0.450001 -0.507034 0.091705
v 0.460000 -0.507031 0.097860
v 0.470000 -0.507031 0.103439
v 0.480000 -0.507031 0.108253
v 0.490000 -0.507031 0.111120
v 0.500000 -0.507031 0.112298
v 0.510000 -0.507031 0.112591
v 0.520000 -0.507031 0.112632
v 0.530000 -0.507031 0.112676
v 0.540000 -0.507031 0.113023
v 0.550000 -0.507031 0.114519
v 0.560000 -0.507031 0.117708
v 0.570000 -0.507031 0.122270
v 0.580000 -0.507031 0.127212
v 0.590000 -0.507031 0.129446
v 0.600000 -0.507031 0.124501
v 0.610000 -0.507031 0.116912
v 0.620000 -0.507031 0.108694
v 0.630000 -0.507031 0.099500
v 0.639993 -0.507027 0.086116
v 0.649879 -0.506941 0.060108
v 0.659058 -0.506162 0.000000
v 0.665988 -0.503293 0.000000
v 0.364031 -0.511378 0.000000
v 0.370633 -0.510460 0.000000
v 0.370109 -0.516688 0.055680
v 0.360945 -0.517185 0.000000
v 0.380102 -0.509946 0.000000
v 0.380009 -0.516595 0.066628
v 0.390033 -0.516326 0.071191
v 0.400004 -0.516279 0.083025
v 0.410000 -0.516274 0.088497
v 0.420000 -0.516272 0.089762
v 0.430001 -0.516253 0.090891
v 0.440000 -0.516250 0.094954
v 0.450000 -0.516250 0.098976
v 0.460000 -0.516250 0.101966
v 0.470000 -0.516250 0.103476
v 0.480000 -0.516250 0.103813
v 0.490000 -0.516249 0.104137
v 0.500000 -0.516249 0.104291
v 0.510000 -0.516249 0.104322
v 0.520000 -0.516249 0.104328
v 0.530000 -0.516249 0.104384
v 0.540000 -0.516250 0.104879
v 0.550000 -0.516250 0.107078
v 0.560000 -0.516250 0.111269
v 0.570000 -0.516250 0.116824
v 0.580000 -0.516250 0.122806
v 0.590000 -0.516250 0.126597
v 0.600000 -0.516250 0.122886
v 0.610000 -0.516250 0.115561
v 0.620000 -0.516250 0.106855
v 0.629996 -0.516249 0.095382
v 0.639921 -0.516220 0.073095
v 0.649183 -0.515814 0.000000
v 0.655946 -0.512554 0.000000
v 0.354079 -0.520010 0.000000
v 0.360134 -0.525591 0.058685
v 0.351014 -0.526339 0.000000
v 0.370009 -0.525499 0.081109
v 0.380000 -0.525492 0.088120
v 0.390001 -0.525472 0.088829
v 0.399999 -0.525467 0.088853
v 0.410000 -0.525447 0.089548
v 0.420000 -0.525444 0.089778
v 0.430000 -0.525444 0.089982
v 0.440000 -0.525446 0.090888
v 0.450001 -0.525466 0.092763
v 0.460000 -0.525469 0.096308
v 0.470000 -0.525468 0.096521
v 0.479999 -0.525465 0.093547
v 0.490000 -0.525446 0.092715
v 0.500000 -0.525444 0.092622
v 0.510000 -0.525443 0.092618
v 0.520000 -0.525444 0.092625
v 0.530000 -0.525446 0.092749
v 0.540001 -0.525466 0.093877
v 0.550000 -0.525469 0.098764
v 0.560000 -0.525469 0.105108
v 0.570000 -0.525469 0.112119
v 0.580000 -0.525469 0.119107
v 0.590000 -0.525469 0.123858
v 0.600000 -0.525469 0.121097
v 0.610000 -0.525469 0.114340
v 0.619999 -0.525469 0.105860
v 0.629975 -0.525469 0.094148
v 0.639629 -0.525466 0.069858
v 0.646859 -0.525426 0.000000
v 0.344719 -0.529180 0.000000
v 0.350481 -0.534760 0.053193
v 0.343777 -0.535211 0.000000
v 0.360034 -0.534671 0.077091
v 0.370001 -0.534666 0.086658
v 0.380001 -0.534686 0.088406
v 0.389998 -0.534685 0.084684
v 0.399977 -0.534645 0.071777
v 0.409998 -0.534348 0.068524
v 0.420000 -0.534301 0.068116
v 0.430000 -0.534301 0.068134
v 0.440002 -0.534348 0.068628
v 0.450023 -0.534643 0.071715
v 0.460001 -0.534682 0.082865
v 0.469996 -0.534661 0.082919
v 0.479967 -0.534612 0.071801
v 0.489997 -0.534346 0.068835
v 0.500000 -0.534301 0.068431
v 0.510000 -0.534298 0.068404
v 0.520000 -0.534301 0.068433
v 0.530002 -0.534348 0.068896
v 0.540023 -0.534645 0.072623
v 0.550003 -0.534685 0.088034
v 0.560000 -0.534688 0.099663
v 0.570000 -0.534688 0.108681
v 0.580000 -0.534688 0.116539
v 0.590000 -0.534688 0.121558
v 0.600000 -0.534688 0.118427
v 0.610000 -0.534688 0.111576
v 0.619999 -0.534688 0.103446
v 0.629973 -0.534687 0.092111
v 0.639578 -0.534683 0.067486
v 0.646455 -0.534632 0.000000
v 0.350461 -0.543490 0.050214
v 0.343773 -0.543296 0.000000
v 0.360030 -0.543518 0.064186
v 0.370003 -0.543567 0.067640
v 0.380020 -0.543863 0.068835
v 0.389956 -0.543883 0.066750
v 0.399657 -0.543589 0.000000
v 0.409970 -0.541052 0.000000
v 0.419999 -0.540659 0.000000
v 0.430001 -0.540659 0.000000
v 0.440031 -0.541049 0.000000
v 0.450351 -0.543541 0.000000
v 0.460012 -0.543805 0.053712
v 0.469924 -0.543521 0.054253
v 0.479530 -0.543095 0.000000
v 0.489957 -0.541009 0.000000
v 0.499998 -0.540656 0.000000
v 0.510000 -0.540623 0.000000
v 0.520001 -0.540658 0.000000
v 0.530030 -0.541052 0.000000
v 0.540344 -0.543589 0.000000
v 0.550047 -0.543885 0.073533
v 0.560003 -0.543905 0.095431
v 0.570000 -0.543906 0.106913
v 0.580000 -0.543906 0.115345
v 0.590000 -0.543906 0.120288
v 0.600000 -0.543906 0.116267
v 0.610000 -0.543906 0.108597
v 0.619999 -0.543906 0.099301
v 0.629969 -0.543903 0.085246
v 0.639531 -0.543836 0.056573
v 0.646245 -0.543329 0.000000
v 0.350720 -0.549666 0.000000
v 0.344677 -0.548819 0.000000
v 0.360065 -0.549860 0.000000
v 0.370032 -0.550270 0.000000
v 0.380319 -0.552808 0.000000
v 0.389678 -0.553102 0.052374
v 0.396907 -0.553096 0.000000
v 0.459909 -0.552256 0.000000
v 0.453156 -0.552367 0.000000
v 0.469365 -0.550050 0.000000
v 0.476034 -0.548848 0.000000
v 0.550368 -0.553123 0.070089
v 0.543097 -0.553097 0.000000
v 0.560025 -0.553125 0.094476
v 0.570001 -0.553125 0.106522
v 0.580000 -0.553125 0.115061
v 0.590000 -0.553125 0.119857
v 0.600000 -0.553125 0.115265
v 0.610000 -0.553125 0.106898
v 0.619996 -0.553124 0.095391
v 0.629917 -0.553095 0.073020
v 0.639116 -0.552691 0.000000
v 0.645302 -0.549470 0.000000
v 0.389949 -0.562341 0.049228
v 0.383061 -0.562313 0.000000
v 0.396508 -0.562340 0.000000
v 0.457061 -0.557736 0.000000
v 0.453718 -0.557752 0.000000
v 0.550419 -0.562344 0.069666
v 0.543524 -0.562342 0.000000
v 0.560027 -0.562344 0.094373
v 0.570001 -0.562344 0.106472
v 0.580000 -0.562344 0.114971
v 0.590000 -0.562344 0.119576
v 0.600000 -0.562344 0.114904
v 0.609999 -0.562344 0.106439
v 0.619975 -0.562344 0.094448
v 0.629629 -0.562341 0.070043
v 0.636857 -0.562304 0.000000
v 0.389997 -0.571532 0.047303
v 0.383505 -0.571502 0.000000
v 0.396456 -0.571504 0.000000
v 0.550423 -0.571563 0.069639
v 0.543563 -0.571563 0.000000
v 0.560027 -0.571563 0.094365
v 0.570001 -0.571563 0.106432
v 0.580000 -0.571563 0.114684
v 0.590000 -0.571563 0.118595
v 0.600000 -0.571563 0.113990
v 0.609999 -0.571563 0.105794
v 0.619973 -0.571563 0.094046
v 0.629580 -0.571562 0.069466
v 0.636473 -0.571558 0.000000
v 0.390000 -0.580327 0.037877
v 0.383711 -0.580114 0.000000
v 0.396287 -0.580114 0.000000
v 0.550423 -0.580781 0.069638
v 0.543565 -0.580781 0.000000
v 0.560027 -0.580781 0.094359
v 0.570001 -0.580781 0.106344
v 0.580000 -0.580781 0.114046
v 0.590000 -0.580781 0.116387
v 0.600000 -0.580781 0.111311
v 0.609999 -0.580781 0.103425
v 0.619973 -0.580781 0.092105
v 0.629576 -0.580777 0.067463
v 0.636419 -0.580728 0.000000
v 0.753965 -0.575894 0.000000
v 0.760626 -0.575026 0.000000
v 0.760076 -0.581214 0.056222
v 0.750473 -0.581597 0.000000
v 0.770058 -0.574866 0.000000
v 0.770005 -0.581173 0.066523
v 0.780003 -0.574850 0.000000
v 0.780000 -0.581171 0.068249
v 0.790000 -0.574849 0.000000
v 0.790000 -0.581171 0.068396
v 0.800000 -0.574849 0.000000
v 0.800000 -0.581171 0.068402
v 0.810000 -0.574849 0.000000
v 0.810000 -0.581171 0.068396
v 0.819997 -0.574850 0.000000
v 0.820000 -0.581171 0.068249
v 0.829942 -0.574866 0.000000
v 0.829995 -0.581173 0.066523
v 0.839374 -0.575026 0.000000
v 0.839924 -0.581214 0.056221
v 0.846035 -0.575894 0.000000
v 0.849527 -0.581597 0.000000
v 0.390000 -0.586362 0.000000
v 0.384580 -0.585664 0.000000
v 0.395420 -0.585664 0.000000
v 0.550423 -0.590000 0.069638
v 0.543565 -0.590000 0.000000
v 0.560027 -0.590000 0.094354
v 0.570001 -0.590000 0.106275
v 0.580000 -0.590000 0.113517
v 0.590000 -0.590000 0.114421
v 0.600000 -0.590000 0.108360
v 0.609999 -0.590000 0.099291
v 0.619971 -0.589996 0.085269
v 0.629554 -0.589931 0.056655
v 0.636247 -0.589423 0.000000
v 0.723965 -0.585110 0.000000
v 0.730628 -0.584208 0.000000
v 0.730076 -0.590429 0.056251
v 0.720471 -0.590815 0.000000
v 0.740102 -0.583696 0.000000
v 0.740008 -0.590344 0.066968
v 0.750033 -0.590076 0.071828
v 0.760004 -0.590029 0.084513
v 0.770000 -0.590025 0.090923
v 0.780000 -0.590025 0.092414
v 0.790000 -0.590025 0.092603
v 0.800000 -0.590025 0.092616
v 0.810000 -0.590025 0.092603
v 0.820000 -0.590025 0.092414
v 0.830000 -0.590025 0.090923
v 0.839996 -0.590029 0.084507
v 0.849966 -0.590076 0.071738
v 0.859893 -0.583696 0.000000
v 0.859967 -0.590344 0.066206
v 0.869277 -0.584207 0.000000
v 0.869542 -0.590419 0.052309
v 0.875324 -0.585089 0.000000
v 0.876245 -0.590664 0.000000
v 0.550423 -0.599219 0.069637
v 0.543565 -0.599219 0.000000
v 0.560027 -0.599219 0.094352
v 0.570001 -0.599219 0.106246
v 0.580000 -0.599219 0.113282
v 0.590000 -0.599219 0.113494
v 0.600000 -0.599219 0.106715
v 0.609999 -0.599218 0.095483
v 0.619964 -0.599190 0.073441
v 0.629461 -0.598806 0.000000
v 0.635348 -0.595565 0.000000
v 0.683965 -0.594331 0.000000
v 0.690626 -0.593461 0.000000
v 0.690076 -0.599651 0.056222
v 0.680472 -0.600034 0.000000
v 0.700060 -0.593268 0.000000
v 0.700005 -0.599608 0.066552
v 0.710046 -0.592899 0.000000
v 0.710003 -0.599561 0.068693
v 0.720033 -0.599295 0.071975
v 0.730004 -0.599247 0.084527
v 0.740000 -0.599242 0.091051
v 0.750001 -0.599222 0.093610
v 0.760000 -0.599220 0.098159
v 0.770000 -0.599220 0.102372
v 0.780000 -0.599220 0.103993
v 0.790000 -0.599220 0.104293
v 0.800000 -0.599220 0.104321
v 0.810000 -0.599220 0.104293
v 0.820000 -0.599220 0.103992
v 0.830000 -0.599220 0.102363
v 0.840000 -0.599220 0.098065
v 0.849998 -0.599222 0.092860
v 0.859972 -0.599241 0.086756
v 0.869575 -0.599246 0.066394
v 0.876417 -0.599277 0.000000
v 0.373813 -0.602734 0.000000
v 0.376187 -0.602734 0.000000
v 0.376187 -0.604922 0.000000
v 0.373813 -0.604922 0.000000
v 0.550423 -0.608437 0.069638
v 0.543563 -0.608438 0.000000
v 0.560027 -0.608437 0.094352
v 0.570001 -0.608437 0.106246
v 0.580000 -0.608437 0.113282
v 0.590000 -0.608437 0.113494
v 0.600000 -0.608437 0.106717
v 0.610000 -0.608438 0.095520
v 0.619998 -0.608455 0.073925
v 0.629966 -0.608697 0.000000
v 0.653965 -0.603545 0.000000
v 0.660628 -0.602646 0.000000
v 0.660076 -0.608866 0.056256
v 0.650470 -0.609224 0.000000
v 0.670102 -0.602134 0.000000
v 0.670008 -0.608782 0.066968
v 0.680033 -0.608514 0.071827
v 0.690004 -0.608466 0.084512
v 0.700000 -0.608463 0.090922
v 0.710000 -0.608460 0.092528
v 0.720001 -0.608441 0.093784
v 0.730000 -0.608438 0.098161
v 0.740000 -0.608438 0.102416
v 0.750000 -0.608438 0.104516
v 0.760000 -0.608438 0.106850
v 0.770000 -0.608438 0.110051
v 0.780000 -0.608438 0.112052
v 0.790000 -0.608438 0.112561
v 0.800000 -0.608438 0.112622
v 0.810000 -0.608438 0.112561
v 0.820000 -0.608438 0.112040
v 0.830000 -0.608438 0.109937
v 0.840000 -0.608438 0.106180
v 0.849999 -0.608438 0.101585
v 0.859973 -0.608438 0.092681
v 0.869577 -0.608438 0.069222
v 0.876434 -0.608440 0.000000
v 0.550419 -0.617656 0.069665
v 0.543524 -0.617658 0.000000
v 0.560027 -0.617656 0.094360
v 0.570001 -0.617656 0.106278
v 0.580000 -0.617656 0.113517
v 0.590000 -0.617656 0.114416
v 0.600000 -0.617656 0.108400
v 0.610000 -0.617656 0.099641
v 0.620000 -0.617658 0.088054
v 0.629999 -0.617695 0.072718
v 0.640042 -0.610903 0.000000
v 0.640003 -0.617948 0.069347
v 0.650033 -0.617729 0.072010
v 0.660004 -0.617685 0.084524
v 0.670000 -0.617679 0.091042
v 0.680001 -0.617660 0.093589
v 0.690000 -0.617657 0.098112
v 0.700000 -0.617657 0.102236
v 0.710000 -0.617657 0.103836
v 0.720000 -0.617656 0.104599
v 0.730000 -0.617656 0.106664
v 0.740000 -0.617656 0.109869
v 0.750000 -0.617656 0.112142
v 0.760000 -0.617656 0.113824
v 0.770000 -0.617656 0.116078
v 0.780000 -0.617656 0.117940
v 0.790000 -0.617656 0.118479
v 0.800000 -0.617656 0.118548
v 0.810000 -0.617656 0.118470
v 0.820000 -0.617656 0.117830
v 0.830000 -0.617656 0.115355
v 0.840000 -0.617656 0.110986
v 0.849999 -0.617656 0.104589
v 0.859973 -0.617656 0.093773
v 0.869577 -0.617656 0.069403
v 0.876434 -0.617654 0.000000
v 0.550368 -0.626877 0.070089
v 0.543097 -0.626903 0.000000
v 0.560025 -0.626875 0.094467
v 0.570001 -0.626875 0.106387
v 0.580000 -0.626875 0.114038
v 0.590000 -0.626875 0.116291
v 0.600000 -0.626875 0.111555
v 0.610000 -0.626875 0.104934
v 0.620000 -0.626875 0.098690
v 0.630000 -0.626877 0.093850
v 0.640000 -0.626895 0.092848
v 0.650001 -0.626878 0.093784
v 0.660000 -0.626876 0.098105
v 0.670000 -0.626876 0.102274
v 0.680000 -0.626875 0.104221
v 0.690000 -0.626875 0.106282
v 0.700000 -0.626875 0.108841
v 0.710000 -0.626875 0.110340
v 0.720000 -0.626875 0.110987
v 0.730000 -0.626875 0.112209
v 0.740000 -0.626875 0.114408
v 0.750000 -0.626875 0.116328
v 0.760000 -0.626875 0.117165
v 0.770000 -0.626875 0.117842
v 0.780000 -0.626875 0.118401
v 0.790000 -0.626875 0.118543
v 0.800000 -0.626875 0.118556
v 0.810000 -0.626875 0.118499
v 0.820000 -0.626875 0.118007
v 0.830000 -0.626875 0.115746
v 0.840000 -0.626875 0.110583
v 0.849999 -0.626875 0.103212
v 0.859973 -0.626875 0.092068
v 0.869575 -0.626870 0.067456
v 0.876417 -0.626822 0.000000
v 0.550047 -0.636115 0.073533
v 0.540344 -0.636411 0.000000
v 0.560003 -0.636095 0.095423
v 0.570000 -0.636094 0.106798
v 0.580000 -0.636094 0.114538
v 0.590000 -0.636094 0.117711
v 0.600000 -0.636094 0.114435
v 0.610000 -0.636094 0.109853
v 0.620000 -0.636094 0.106267
v 0.630000 -0.636094 0.104358
v 0.640000 -0.636094 0.103998
v 0.650000 -0.636094 0.104348
v 0.660000 -0.636094 0.106117
v 0.670000 -0.636094 0.108708
v 0.680000 -0.636094 0.109963
v 0.690000 -0.636094 0.110251
v 0.700000 -0.636094 0.110392
v 0.710000 -0.636094 0.110653
v 0.720000 -0.636094 0.110790
v 0.730000 -0.636094 0.111098
v 0.740000 -0.636094 0.111701
v 0.750000 -0.636094 0.112260
v 0.760000 -0.636094 0.112440
v 0.770000 -0.636094 0.112536
v 0.780000 -0.636094 0.112614
v 0.790000 -0.636094 0.112630
v 0.800000 -0.636094 0.112630
v 0.810000 -0.636094 0.112613
v 0.820000 -0.636094 0.112408
v 0.830000 -0.636094 0.111108
v 0.840000 -0.636094 0.106812
v 0.849999 -0.636094 0.098820
v 0.859969 -0.636090 0.085037
v 0.869531 -0.636022 0.056537
v 0.876243 -0.635516 0.000000
v 0.504030 -0.640443 0.000000
v 0.510631 -0.639557 0.000000
v 0.510109 -0.645754 0.055795
v 0.500941 -0.646246 0.000000
v 0.520060 -0.639359 0.000000
v 0.520006 -0.645702 0.066530
v 0.530033 -0.638949 0.000000
v 0.530002 -0.645652 0.068741
v 0.540023 -0.645355 0.072614
v 0.550002 -0.645315 0.088022
v 0.560000 -0.645313 0.099577
v 0.570000 -0.645313 0.108092
v 0.580000 -0.645312 0.113942
v 0.590000 -0.645312 0.115338
v 0.600000 -0.645312 0.112928
v 0.610000 -0.645312 0.110671
v 0.620000 -0.645312 0.109504
v 0.630000 -0.645312 0.109091
v 0.640000 -0.645313 0.109182
v 0.650000 -0.645313 0.109084
v 0.660000 -0.645312 0.109396
v 0.670000 -0.645312 0.109746
v 0.680000 -0.645312 0.108728
v 0.690000 -0.645312 0.106307
v 0.700000 -0.645312 0.104536
v 0.710000 -0.645312 0.104137
v 0.720000 -0.645312 0.104100
v 0.730000 -0.645312 0.104135
v 0.740000 -0.645312 0.104215
v 0.750000 -0.645312 0.104292
v 0.760000 -0.645312 0.104311
v 0.770000 -0.645312 0.104318
v 0.780000 -0.645312 0.104323
v 0.790000 -0.645312 0.104324
v 0.800000 -0.645312 0.104324
v 0.810000 -0.645312 0.104321
v 0.820000 -0.645312 0.104269
v 0.830000 -0.645312 0.103773
v 0.840000 -0.645312 0.101142
v 0.849996 -0.645310 0.092541
v 0.859915 -0.645277 0.070786
v 0.869102 -0.644839 0.000000
v 0.875301 -0.641654 0.000000
v 0.494009 -0.649055 0.000000
v 0.500098 -0.654646 0.059894
v 0.490473 -0.655285 0.000000
v 0.510008 -0.654562 0.082624
v 0.520000 -0.654557 0.090761
v 0.530000 -0.654554 0.092518
v 0.540001 -0.654534 0.093816
v 0.550000 -0.654531 0.098581
v 0.560000 -0.654531 0.104396
v 0.570000 -0.654531 0.109399
v 0.580000 -0.654531 0.111450
v 0.590000 -0.654531 0.110035
v 0.600000 -0.654531 0.106769
v 0.610000 -0.654531 0.104579
v 0.620000 -0.654531 0.104023
v 0.630000 -0.654531 0.104193
v 0.640000 -0.654531 0.104901
v 0.650000 -0.654531 0.104188
v 0.660000 -0.654530 0.103932
v 0.670000 -0.654530 0.103708
v 0.680000 -0.654531 0.102244
v 0.690000 -0.654531 0.098263
v 0.699999 -0.654529 0.093818
v 0.710000 -0.654509 0.092731
v 0.720000 -0.654506 0.092610
v 0.730000 -0.654506 0.092605
v 0.740000 -0.654506 0.092610
v 0.750000 -0.654506 0.092616
v 0.760000 -0.654506 0.092617
v 0.770000 -0.654506 0.092617
v 0.780000 -0.654506 0.092617
v 0.790000 -0.654506 0.092617
v 0.800000 -0.654506 0.092617
v 0.810000 -0.654506 0.092617
v 0.820000 -0.654506 0.092602
v 0.830000 -0.654506 0.092385
v 0.839999 -0.654506 0.090609
v 0.849970 -0.654501 0.081838
v 0.859573 -0.654425 0.056346
v 0.866665 -0.653910 0.000000
v 0.453965 -0.658862 0.000000
v 0.460626 -0.657993 0.000000
v 0.460076 -0.664182 0.056222
v 0.450473 -0.664565 0.000000
v 0.470060 -0.657799 0.000000
v 0.470005 -0.664139 0.066552
v 0.480046 -0.657427 0.000000
v 0.480003 -0.664092 0.068699
v 0.490033 -0.663823 0.072093
v 0.500005 -0.663757 0.085643
v 0.510000 -0.663751 0.096236
v 0.520000 -0.663751 0.101961
v 0.530000 -0.663751 0.103724
v 0.540000 -0.663750 0.104255
v 0.550000 -0.663750 0.105582
v 0.560000 -0.663750 0.107502
v 0.570000 -0.663750 0.108104
v 0.580000 -0.663750 0.106115
v 0.590000 -0.663750 0.102858
v 0.600000 -0.663749 0.098221
v 0.609999 -0.663747 0.093804
v 0.620000 -0.663730 0.092828
v 0.630001 -0.663747 0.093499
v 0.640000 -0.663749 0.095799
v 0.649999 -0.663746 0.093492
v 0.660000 -0.663727 0.092687
v 0.670000 -0.663727 0.092431
v 0.680001 -0.663746 0.091255
v 0.689997 -0.663747 0.086065
v 0.699977 -0.663706 0.072395
v 0.709998 -0.663411 0.068883
v 0.720000 -0.663363 0.068432
v 0.730000 -0.663360 0.068403
v 0.740000 -0.663360 0.068403
v 0.750000 -0.663360 0.068403
v 0.760000 -0.663360 0.068403
v 0.770000 -0.663360 0.068403
v 0.780000 -0.663360 0.068403
v 0.790000 -0.663360 0.068403
v 0.800000 -0.663360 0.068403
v 0.810000 -0.663360 0.068403
v 0.820000 -0.663360 0.068396
v 0.830000 -0.663360 0.068247
v 0.839994 -0.663358 0.066488
v 0.849888 -0.663309 0.055715
v 0.858992 -0.662817 0.000000
v 0.865341 -0.660027 0.000000
v 0.423965 -0.668078 0.000000
v 0.430628 -0.667177 0.000000
v 0.430076 -0.673398 0.056251
v 0.420470 -0.673784 0.000000
v 0.440101 -0.666665 0.000000
v 0.440008 -0.673313 0.066967
v 0.450033 -0.673045 0.071827
v 0.460004 -0.672997 0.084509
v 0.470000 -0.672994 0.090916
v 0.480000 -0.672991 0.092504
v 0.490001 -0.672972 0.093715
v 0.500000 -0.672969 0.098231
v 0.510000 -0.672969 0.103771
v 0.520000 -0.672969 0.108183
v 0.530000 -0.672969 0.109638
v 0.540000 -0.672969 0.109048
v 0.550000 -0.672969 0.107570
v 0.560000 -0.672969 0.105300
v 0.570000 -0.672969 0.102531
v 0.580000 -0.672968 0.097974
v 0.589999 -0.672965 0.092119
v 0.599996 -0.672943 0.084649
v 0.609967 -0.672896 0.072015
v 0.620000 -0.672674 0.069249
v 0.630032 -0.672895 0.071352
v 0.640000 -0.672937 0.079214
v 0.649967 -0.672893 0.071325
v 0.659997 -0.672630 0.068816
v 0.670003 -0.672630 0.068566
v 0.680030 -0.672892 0.068726
v 0.689956 -0.672917 0.065180
v 0.699643 -0.672608 0.000000
v 0.709969 -0.670112 0.000000
v 0.719999 -0.669720 0.000000
v 0.730000 -0.669684 0.000000
v 0.740000 -0.669682 0.000000
v 0.750000 -0.669682 0.000000
v 0.760000 -0.669682 0.000000
v 0.770000 -0.669682 0.000000
v 0.780000 -0.669682 0.000000
v 0.790000 -0.669682 0.000000
v 0.800000 -0.669682 0.000000
v 0.810000 -0.669682 0.000000
v 0.820000 -0.669682 0.000000
v 0.829997 -0.669681 0.000000
v 0.839942 -0.669665 0.000000
v 0.849369 -0.669504 0.000000
v 0.855965 -0.668620 0.000000
v 0.383965 -0.677300 0.000000
v 0.390626 -0.676430 0.000000
v 0.390076 -0.682620 0.056222
v 0.380473 -0.683003 0.000000
v 0.400060 -0.676236 0.000000
v 0.400005 -0.682576 0.066552
v 0.410046 -0.675867 0.000000
v 0.410003 -0.682530 0.068693
v 0.420033 -0.682264 0.071975
v 0.430004 -0.682216 0.084525
v 0.440000 -0.682210 0.091038
v 0.450001 -0.682191 0.093577
v 0.460000 -0.682189 0.098076
v 0.470000 -0.682188 0.102147
v 0.480000 -0.682188 0.103544
v 0.490000 -0.682188 0.103760
v 0.500000 -0.682188 0.104873
v 0.510000 -0.682188 0.107368
v 0.520000 -0.682188 0.109260
v 0.530000 -0.682188 0.108590
v 0.540000 -0.682188 0.105804
v 0.550000 -0.682187 0.102522
v 0.560000 -0.682187 0.097882
v 0.569999 -0.682184 0.092086
v 0.579996 -0.682161 0.084492
v 0.589963 -0.682109 0.070116
v 0.599921 -0.681804 0.056671
v 0.609531 -0.681403 0.000000
v 0.620000 -0.679678 0.000000
v 0.630463 -0.681397 0.000000
v 0.640000 -0.681714 0.044864
v 0.649536 -0.681372 0.000000
v 0.659959 -0.679326 0.000000
v 0.670040 -0.679326 0.000000
v 0.680442 -0.681372 0.000000
v 0.689673 -0.681721 0.041351
v 0.696723 -0.681493 0.000000
v 0.353965 -0.686516 0.000000
v 0.360628 -0.685615 0.000000
v 0.360076 -0.691835 0.056250
v 0.350473 -0.692222 0.000000
v 0.370101 -0.685102 0.000000
v 0.370008 -0.691751 0.066967
v 0.380033 -0.691482 0.071827
v 0.390004 -0.691435 0.084510
v 0.400000 -0.691432 0.090922
v 0.410000 -0.691429 0.092527
v 0.420001 -0.691410 0.093777
v 0.430000 -0.691407 0.098116
v 0.440000 -0.691407 0.102213
v 0.450000 -0.691406 0.104073
v 0.460000 -0.691406 0.105988
v 0.470000 -0.691406 0.108179
v 0.480000 -0.691406 0.108586
v 0.490000 -0.691406 0.107124
v 0.500000 -0.691406 0.104842
v 0.510000 -0.691406 0.103782
v 0.520000 -0.691405 0.103636
v 0.530000 -0.691405 0.102193
v 0.540000 -0.691405 0.097899
v 0.549999 -0.691403 0.092086
v 0.559996 -0.691380 0.084486
v 0.569963 -0.691328 0.070115
v 0.579919 -0.691021 0.056640
v 0.589486 -0.690583 0.000000
v 0.599331 -0.688333 0.000000
v 0.606032 -0.687131 0.000000
v 0.640000 -0.687766 0.000000
v 0.633878 -0.687052 0.000000
v 0.646122 -0.687050 0.000000
v 0.689911 -0.687767 0.000000
v 0.683870 -0.687050 0.000000
v 0.695473 -0.687068 0.000000
v 0.323965 -0.695735 0.000000
v 0.330628 -0.694834 0.000000
v 0.330076 -0.701054 0.056250
v 0.320473 -0.701440 0.000000
v 0.340101 -0.694321 0.000000
v 0.340008 -0.700969 0.066968
v 0.350033 -0.700701 0.071827
v 0.360004 -0.700654 0.084512
v 0.370000 -0.700648 0.091030
v 0.380001 -0.700629 0.093574
v 0.390000 -0.700626 0.098089
v 0.400000 -0.700626 0.102230
v 0.410000 -0.700626 0.103821
v 0.420000 -0.700625 0.104495
v 0.430000 -0.700625 0.106197
v 0.440000 -0.700625 0.108286
v 0.450000 -0.700625 0.109059
v 0.460000 -0.700625 0.109052
v 0.470000 -0.700625 0.108208
v 0.480000 -0.700625 0.105698
v 0.490000 -0.700625 0.102473
v 0.500000 -0.700624 0.097983
v 0.509999 -0.700621 0.093694
v 0.520000 -0.700602 0.092510
v 0.530000 -0.700600 0.090914
v 0.539996 -0.700596 0.084363
v 0.549963 -0.700547 0.070108
v 0.559919 -0.700240 0.056640
v 0.569486 -0.699801 0.000000
v 0.579331 -0.697552 0.000000
v 0.586028 -0.696347 0.000000
v 0.293969 -0.704954 0.000000
v 0.300629 -0.704052 0.000000
v 0.300078 -0.710273 0.056224
v 0.290514 -0.710671 0.000000
v 0.310101 -0.703540 0.000000
v 0.310008 -0.710188 0.066967
v 0.320033 -0.709920 0.071828
v 0.330004 -0.709872 0.084520
v 0.340000 -0.709867 0.091046
v 0.350001 -0.709847 0.093573
v 0.360000 -0.709845 0.098020
v 0.370000 -0.709845 0.102110
v 0.380000 -0.709844 0.104032
v 0.390000 -0.709844 0.106096
v 0.400000 -0.709844 0.108781
v 0.410000 -0.709844 0.110211
v 0.420000 -0.709844 0.110288
v 0.430000 -0.709844 0.109869
v 0.440000 -0.709844 0.108455
v 0.450000 -0.709844 0.106020
v 0.460000 -0.709844 0.104074
v 0.470000 -0.709843 0.102194
v 0.480000 -0.709843 0.097891
v 0.489999 -0.709840 0.092088
v 0.499996 -0.709818 0.084632
v 0.509967 -0.709768 0.071976
v 0.519997 -0.709502 0.068692
v 0.529995 -0.709455 0.066551
v 0.539922 -0.709411 0.056196
v 0.549486 -0.709016 0.000000
v 0.559331 -0.706771 0.000000
v 0.566028 -0.705565 0.000000
v 0.273969 -0.714121 0.000000
v 0.280669 -0.712917 0.000000
v 0.280079 -0.719447 0.056667
v 0.270470 -0.719874 0.000000
v 0.290037 -0.719141 0.070108
v 0.300004 -0.719091 0.084370
v 0.310000 -0.719085 0.091036
v 0.320001 -0.719066 0.093595
v 0.330000 -0.719063 0.098139
v 0.340000 -0.719063 0.102330
v 0.350000 -0.719063 0.104078
v 0.360000 -0.719063 0.105571
v 0.370000 -0.719063 0.107512
v 0.380000 -0.719063 0.108684
v 0.390000 -0.719063 0.109393
v 0.400000 -0.719063 0.110116
v 0.410000 -0.719063 0.110190
v 0.420000 -0.719063 0.108799
v 0.430000 -0.719063 0.105997
v 0.440000 -0.719062 0.102673
v 0.450000 -0.719062 0.098135
v 0.459999 -0.719059 0.093580
v 0.470000 -0.719040 0.091031
v 0.479996 -0.719034 0.084370
v 0.489963 -0.718984 0.070108
v 0.499921 -0.718678 0.056667
v 0.509529 -0.718251 0.000000
v 0.519954 -0.716164 0.000000
v 0.529940 -0.715795 0.000000
v 0.539374 -0.715601 0.000000
v 0.546032 -0.714731 0.000000
v 1.063965 -0.714175 0.000000
v 1.070626 -0.713307 0.000000
v 1.070076 -0.719495 0.056222
v 1.060471 -0.719877 0.000000
v 1.080058 -0.713147 0.000000
v 1.080005 -0.719455 0.066523
v 1.090003 -0.713131 0.000000
v 1.090000 -0.719452 0.068249
v 1.100000 -0.713130 0.000000
v 1.100000 -0.719452 0.068396
v 1.110000 -0.713130 0.000000
v 1.110000 -0.719452 0.068403
v 1.120000 -0.713130 0.000000
v 1.120000 -0.719452 0.068403
v 1.130000 -0.713130 0.000000
v 1.130000 -0.719452 0.068403
v 1.140000 -0.713130 0.000000
v 1.140000 -0.719452 0.068396
v 1.149997 -0.713131 0.000000
v 1.150000 -0.719452 0.068248
v 1.159942 -0.713147 0.000000
v 1.159994 -0.719455 0.066500
v 1.169369 -0.713308 0.000000
v 1.169891 -0.719504 0.055794
v 1.175970 -0.714193 0.000000
v 1.179059 -0.719996 0.000000
v 0.233969 -0.723395 0.000000
v 0.240626 -0.722524 0.000000
v 0.240078 -0.728714 0.056196
v 0.230514 -0.729109 0.000000
v 0.250060 -0.722330 0.000000
v 0.250005 -0.728670 0.066551
v 0.260046 -0.721961 0.000000
v 0.260003 -0.728623 0.068693
v 0.270033 -0.728357 0.071981
v 0.280004 -0.728307 0.084639
v 0.290001 -0.728285 0.092092
v 0.300000 -0.728282 0.097904
v 0.310000 -0.728282 0.102273
v 0.320000 -0.728281 0.104306
v 0.330000 -0.728281 0.106539
v 0.340000 -0.728281 0.109185
v 0.350000 -0.728281 0.109502
v 0.360000 -0.728281 0.107807
v 0.370000 -0.728281 0.105607
v 0.380000 -0.728281 0.104236
v 0.390000 -0.728280 0.103960
v 0.400000 -0.728280 0.103991
v 0.410000 -0.728280 0.103764
v 0.420000 -0.728280 0.102218
v 0.430000 -0.728280 0.097923
v 0.439999 -0.728278 0.092104
v 0.449996 -0.728255 0.084638
v 0.459967 -0.728205 0.071834
v 0.469992 -0.727937 0.066967
v 0.479922 -0.727852 0.056224
v 0.489486 -0.727454 0.000000
v 0.499331 -0.725208 0.000000
v 0.506032 -0.724004 0.000000
v 1.023965 -0.723394 0.000000
v 1.030626 -0.722524 0.000000
v 1.030076 -0.728713 0.056222
v 1.020473 -0.729097 0.000000
v 1.040060 -0.722330 0.000000
v 1.040005 -0.728670 0.066552
v 1.050046 -0.721961 0.000000
v 1.050003 -0.728623 0.068693
v 1.060033 -0.728357 0.071975
v 1.070004 -0.728310 0.084519
v 1.080000 -0.728307 0.090923
v 1.090000 -0.728307 0.092414
v 1.100000 -0.728307 0.092603
v 1.110000 -0.728307 0.092616
v 1.120000 -0.728307 0.092617
v 1.130000 -0.728307 0.092617
v 1.140000 -0.728307 0.092603
v 1.150000 -0.728307 0.092407
v 1.160000 -0.728307 0.090762
v 1.169992 -0.728312 0.082626
v 1.179902 -0.728396 0.059894
v 1.185991 -0.722805 0.000000
v 1.189527 -0.729035 0.000000
v 0.213969 -0.732559 0.000000
v 0.220669 -0.731354 0.000000
v 0.220079 -0.737884 0.056666
v 0.210473 -0.738312 0.000000
v 0.230037 -0.737578 0.070108
v 0.240004 -0.737529 0.084363
v 0.250000 -0.737525 0.090915
v 0.260000 -0.737523 0.092526
v 0.270001 -0.737504 0.093765
v 0.280000 -0.737501 0.098084
v 0.290000 -0.737500 0.102537
v 0.300000 -0.737500 0.105822
v 0.310000 -0.737500 0.108796
v 0.320000 -0.737500 0.110563
v 0.330000 -0.737500 0.111730
v 0.340000 -0.737500 0.112005
v 0.350000 -0.737500 0.108923
v 0.360000 -0.737500 0.103924
v 0.370000 -0.737500 0.098337
v 0.379999 -0.737497 0.093790
v 0.390000 -0.737477 0.092718
v 0.400000 -0.737475 0.092590
v 0.410000 -0.737475 0.092399
v 0.420000 -0.737475 0.090908
v 0.429996 -0.737471 0.084365
v 0.439963 -0.737422 0.070109
v 0.449921 -0.737116 0.056666
v 0.459527 -0.736688 0.000000
v 0.469899 -0.734585 0.000000
v 0.479371 -0.734073 0.000000
v 0.486031 -0.733171 0.000000
v 0.993965 -0.732610 0.000000
v 1.000628 -0.731709 0.000000
v 1.000076 -0.737929 0.056250
v 0.990473 -0.738315 0.000000
v 1.010102 -0.731196 0.000000
v 1.010008 -0.737844 0.066967
v 1.020033 -0.737576 0.071827
v 1.030004 -0.737529 0.084510
v 1.040000 -0.737525 0.090922
v 1.050000 -0.737523 0.092528
v 1.060001 -0.737504 0.093784
v 1.070000 -0.737501 0.098158
v 1.080000 -0.737501 0.102357
v 1.090000 -0.737501 0.103978
v 1.100000 -0.737501 0.104278
v 1.110000 -0.737501 0.104308
v 1.120000 -0.737501 0.104312
v 1.130000 -0.737501 0.104316
v 1.140000 -0.737501 0.104293
v 1.150000 -0.737501 0.103973
v 1.160000 -0.737501 0.102096
v 1.170000 -0.737501 0.096278
v 1.179995 -0.737507 0.085660
v 1.189967 -0.737573 0.072099
v 1.199954 -0.731177 0.000000
v 1.199997 -0.737842 0.068701
v 1.209940 -0.731549 0.000000
v 1.209995 -0.737889 0.066552
v 1.219374 -0.731743 0.000000
v 1.219924 -0.737932 0.056222
v 1.226035 -0.732612 0.000000
v 1.229527 -0.738315 0.000000
v 0.183965 -0.741828 0.000000
v 0.190628 -0.740927 0.000000
v 0.190076 -0.747148 0.056246
v 0.180473 -0.747534 0.000000
v 0.200101 -0.740415 0.000000
v 0.200008 -0.747063 0.066956
v 0.210033 -0.746795 0.071819
v 0.220004 -0.746745 0.084622
v 0.230001 -0.746722 0.092088
v 0.240000 -0.746720 0.097900
v 0.250000 -0.746720 0.102216
v 0.260000 -0.746720 0.103809
v 0.270000 -0.746719 0.104365
v 0.280000 -0.746719 0.105613
v 0.290000 -0.746719 0.107604
v 0.300000 -0.746719 0.109107
v 0.310000 -0.746719 0.110130
v 0.320000 -0.746719 0.110619
v 0.330000 -0.746719 0.110529
v 0.340000 -0.746719 0.108843
v 0.350000 -0.746719 0.103854
v 0.360000 -0.746719 0.096554
v 0.369995 -0.746712 0.085676
v 0.379967 -0.746646 0.072104
v 0.389997 -0.746377 0.068853
v 0.400000 -0.746332 0.068425
v 0.410000 -0.746329 0.068249
v 0.419995 -0.746327 0.066522
v 0.429922 -0.746286 0.056195
v 0.439486 -0.745891 0.000000
v 0.449331 -0.743646 0.000000
v 0.456032 -0.742441 0.000000
v 0.963965 -0.741828 0.000000
v 0.970628 -0.740927 0.000000
v 0.970076 -0.747148 0.056124
v 0.960470 -0.747534 0.000000
v 0.980101 -0.740415 0.000000
v 0.980008 -0.747063 0.066805
v 0.990033 -0.746795 0.071766
v 1.000004 -0.746747 0.084496
v 1.010000 -0.746742 0.091026
v 1.020001 -0.746722 0.093574
v 1.030000 -0.746720 0.098089
v 1.040000 -0.746720 0.102231
v 1.050000 -0.746720 0.103835
v 1.060000 -0.746719 0.104599
v 1.070000 -0.746719 0.106662
v 1.080000 -0.746719 0.109834
v 1.090000 -0.746719 0.111834
v 1.100000 -0.746719 0.112344
v 1.110000 -0.746719 0.112415
v 1.120000 -0.746719 0.112456
v 1.130000 -0.746719 0.112537
v 1.140000 -0.746719 0.112569
v 1.150000 -0.746719 0.112031
v 1.160000 -0.746719 0.109449
v 1.170000 -0.746719 0.104308
v 1.180000 -0.746719 0.098492
v 1.189999 -0.746722 0.093826
v 1.200000 -0.746741 0.092544
v 1.210000 -0.746744 0.090930
v 1.219996 -0.746747 0.084507
v 1.229966 -0.746795 0.071738
v 1.239893 -0.740415 0.000000
v 1.239967 -0.747063 0.066206
v 1.249277 -0.740926 0.000000
v 1.249542 -0.747138 0.052309
v 1.255324 -0.741808 0.000000
v 1.256245 -0.747383 0.000000
v 0.153965 -0.751047 0.000000
v 0.160628 -0.750146 0.000000
v 0.160076 -0.756367 0.056228
v 0.150470 -0.756752 0.000000
v 0.170101 -0.749634 0.000000
v 0.170008 -0.756282 0.066937
v 0.180033 -0.756014 0.071784
v 0.190004 -0.755966 0.084428
v 0.200000 -0.755960 0.090864
v 0.210001 -0.755941 0.093356
v 0.220000 -0.755938 0.097910
v 0.230000 -0.755938 0.102474
v 0.240000 -0.755938 0.105810
v 0.250000 -0.755938 0.108752
v 0.260000 -0.755938 0.110167
v 0.270000 -0.755938 0.109846
v 0.280000 -0.755938 0.107903
v 0.290000 -0.755938 0.105635
v 0.300000 -0.755937 0.104289
v 0.310000 -0.755937 0.104059
v 0.320000 -0.755937 0.104057
v 0.330000 -0.755937 0.103791
v 0.340000 -0.755937 0.102036
v 0.350000 -0.755937 0.096106
v 0.359991 -0.755929 0.083764
v 0.369902 -0.755826 0.060017
v 0.379527 -0.755184 0.000000
v 0.389956 -0.753043 0.000000
v 0.399998 -0.752687 0.000000
v 0.409997 -0.752652 0.000000
v 0.419942 -0.752634 0.000000
v 0.429374 -0.752474 0.000000
v 0.436032 -0.751605 0.000000
v 0.923968 -0.751051 0.000000
v 0.930626 -0.750180 0.000000
v 0.930078 -0.756370 0.055599
v 0.920514 -0.756765 0.000000
v 0.940060 -0.749986 0.000000
v 0.940005 -0.756326 0.065776
v 0.950046 -0.749617 0.000000
v 0.950003 -0.756279 0.067863
v 0.960033 -0.756013 0.071026
v 0.970004 -0.755966 0.083176
v 0.980000 -0.755960 0.089627
v 0.990001 -0.755941 0.092909
v 1.000000 -0.755939 0.097790
v 1.010000 -0.755938 0.102043
v 1.020000 -0.755938 0.104023
v 1.030000 -0.755938 0.106096
v 1.040000 -0.755938 0.108793
v 1.050000 -0.755938 0.110335
v 1.060000 -0.755938 0.110987
v 1.070000 -0.755938 0.112209
v 1.080000 -0.755938 0.114402
v 1.090000 -0.755938 0.116260
v 1.100000 -0.755938 0.116806
v 1.110000 -0.755938 0.116942
v 1.120000 -0.755938 0.117250
v 1.130000 -0.755938 0.117892
v 1.140000 -0.755938 0.118563
v 1.150000 -0.755938 0.118305
v 1.160000 -0.755938 0.115529
v 1.170000 -0.755938 0.111041
v 1.180000 -0.755938 0.107044
v 1.190000 -0.755938 0.104849
v 1.200000 -0.755938 0.104054
v 1.210000 -0.755938 0.102365
v 1.220000 -0.755939 0.098069
v 1.229998 -0.755941 0.092865
v 1.239972 -0.755960 0.086757
v 1.249575 -0.755965 0.066395
v 1.256418 -0.755996 0.000000
v 0.094036 -0.760287 0.000000
v 0.100631 -0.759402 0.000000
v 0.100112 -0.765597 0.055152
v 0.091012 -0.766088 0.000000
v 0.110058 -0.759241 0.000000
v 0.110006 -0.765548 0.065727
v 0.120003 -0.759223 0.000000
v 0.120000 -0.765546 0.067485
v 0.130002 -0.759188 0.000000
v 0.130000 -0.765543 0.067922
v 0.140043 -0.758835 0.000000
v 0.140003 -0.765498 0.068500
v 0.150033 -0.765232 0.071655
v 0.160004 -0.765185 0.084154
v 0.170000 -0.765179 0.090576
v 0.180001 -0.765160 0.092992
v 0.190000 -0.765157 0.097167
v 0.200000 -0.765157 0.100757
v 0.210000 -0.765156 0.102321
v 0.220000 -0.765156 0.104305
v 0.230000 -0.765156 0.107078
v 0.240000 -0.765156 0.109007
v 0.250000 -0.765156 0.110079
v 0.260000 -0.765156 0.110250
v 0.270000 -0.765156 0.108693
v 0.280000 -0.765156 0.104207
v 0.290000 -0.765156 0.098553
v 0.299999 -0.765154 0.093828
v 0.310000 -0.765134 0.092727
v 0.320000 -0.765131 0.092595
v 0.330000 -0.765131 0.092395
v 0.340000 -0.765131 0.090759
v 0.349991 -0.765125 0.082602
v 0.359870 -0.765033 0.059466
v 0.369056 -0.764284 0.000000
v 0.375991 -0.761419 0.000000
v 0.904034 -0.760233 0.000000
v 0.910674 -0.759012 0.000000
v 0.910112 -0.765550 0.055358
v 0.900941 -0.766086 0.000000
v 0.920038 -0.765234 0.067592
v 0.930003 -0.765182 0.078812
v 0.940000 -0.765159 0.083900
v 0.950000 -0.765154 0.085068
v 0.960001 -0.765137 0.085885
v 0.970000 -0.765155 0.089376
v 0.980000 -0.765157 0.095040
v 0.990000 -0.765156 0.100120
v 1.000000 -0.765156 0.103873
v 1.010000 -0.765156 0.106947
v 1.020000 -0.765156 0.108584
v 1.030000 -0.765156 0.109388
v 1.040000 -0.765156 0.110169
v 1.050000 -0.765156 0.110625
v 1.060000 -0.765156 0.110788
v 1.070000 -0.765156 0.111097
v 1.080000 -0.765156 0.111700
v 1.090000 -0.765156 0.112256
v 1.100000 -0.765156 0.112431
v 1.110000 -0.765156 0.112722
v 1.120000 -0.765156 0.113920
v 1.130000 -0.765156 0.116309
v 1.140000 -0.765156 0.118958
v 1.150000 -0.765156 0.120519
v 1.160000 -0.765156 0.119709
v 1.170000 -0.765156 0.117093
v 1.180000 -0.765156 0.114402
v 1.190000 -0.765156 0.112991
v 1.200000 -0.765156 0.112114
v 1.210000 -0.765156 0.109924
v 1.220000 -0.765156 0.106226
v 1.229999 -0.765156 0.101649
v 1.239973 -0.765157 0.092711
v 1.249580 -0.765157 0.069258
v 1.256473 -0.765161 0.000000
v 0.084719 -0.768872 0.000000
v 0.090481 -0.774451 0.053133
v 0.083777 -0.774898 0.000000
v 0.100033 -0.774380 0.076473
v 0.110001 -0.774378 0.083766
v 0.120001 -0.774397 0.085621
v 0.130000 -0.774399 0.088208
v 0.140000 -0.774397 0.089608
v 0.150001 -0.774378 0.090867
v 0.160000 -0.774375 0.094891
v 0.170000 -0.774375 0.098435
v 0.180000 -0.774374 0.099744
v 0.190000 -0.774374 0.100725
v 0.200000 -0.774374 0.101708
v 0.210000 -0.774374 0.102098
v 0.220000 -0.774374 0.102564
v 0.230000 -0.774374 0.103307
v 0.240000 -0.774374 0.103805
v 0.250000 -0.774374 0.103990
v 0.260000 -0.774374 0.103868
v 0.270000 -0.774374 0.102572
v 0.280000 -0.774374 0.097736
v 0.289997 -0.774372 0.087592
v 0.299977 -0.774331 0.072567
v 0.309998 -0.774036 0.068893
v 0.320000 -0.773988 0.068426
v 0.330000 -0.773985 0.068249
v 0.339994 -0.773983 0.066500
v 0.349891 -0.773934 0.055793
v 0.359055 -0.773440 0.000000
v 0.365926 -0.770615 0.000000
v 0.894009 -0.768898 0.000000
v 0.900098 -0.774488 0.058075
v 0.890475 -0.775129 0.000000
v 0.910006 -0.774400 0.076109
v 0.919997 -0.774352 0.077595
v 0.929967 -0.774300 0.069290
v 0.939997 -0.774034 0.067702
v 0.950000 -0.773992 0.067613
v 0.960000 -0.774036 0.068131
v 0.970001 -0.774333 0.072125
v 0.980000 -0.774373 0.087188
v 0.990000 -0.774374 0.097121
v 1.000000 -0.774374 0.101532
v 1.010000 -0.774374 0.103173
v 1.020000 -0.774374 0.103745
v 1.030000 -0.774374 0.103907
v 1.040000 -0.774374 0.104017
v 1.050000 -0.774374 0.104079
v 1.060000 -0.774374 0.104097
v 1.070000 -0.774374 0.104135
v 1.080000 -0.774374 0.104215
v 1.090000 -0.774374 0.104296
v 1.100000 -0.774374 0.104367
v 1.110000 -0.774375 0.104850
v 1.120000 -0.774375 0.106921
v 1.130000 -0.774375 0.110408
v 1.140000 -0.774375 0.113795
v 1.150000 -0.774375 0.117019
v 1.160000 -0.774375 0.119714
v 1.170000 -0.774375 0.120651
v 1.180000 -0.774375 0.119834
v 1.190000 -0.774375 0.119244
v 1.200000 -0.774375 0.118138
v 1.210000 -0.774375 0.115286
v 1.220000 -0.774375 0.111281
v 1.229999 -0.774375 0.105086
v 1.239975 -0.774375 0.094162
v 1.249629 -0.774378 0.070009
v 1.256857 -0.774415 0.000000
v 0.090461 -0.783178 0.050211
v 0.083773 -0.782983 0.000000
v 0.100030 -0.783206 0.064148
v 0.110004 -0.783252 0.067573
v 0.120033 -0.783519 0.070980
v 0.130004 -0.783566 0.082977
v 0.140000 -0.783569 0.088504
v 0.150000 -0.783569 0.089831
v 0.160000 -0.783569 0.090760
v 0.170000 -0.783569 0.091727
v 0.180000 -0.783569 0.092044
v 0.190000 -0.783569 0.092178
v 0.200000 -0.783569 0.092314
v 0.210000 -0.783569 0.092358
v 0.220000 -0.783569 0.092414
v 0.230000 -0.783569 0.092514
v 0.240000 -0.783569 0.092578
v 0.250000 -0.783569 0.092594
v 0.260000 -0.783569 0.092543
v 0.270000 -0.783569 0.091911
v 0.279997 -0.783568 0.087643
v 0.289952 -0.783545 0.070287
v 0.299643 -0.783233 0.000000
v 0.309969 -0.780737 0.000000
v 0.319998 -0.780345 0.000000
v 0.329997 -0.780308 0.000000
v 0.339942 -0.780290 0.000000
v 0.349369 -0.780129 0.000000
v 0.355969 -0.779245 0.000000
v 0.863969 -0.778704 0.000000
v 0.870629 -0.777802 0.000000
v 0.870078 -0.784023 0.055325
v 0.860514 -0.784421 0.000000
v 0.880101 -0.777287 0.000000
v 0.880008 -0.783937 0.064561
v 0.890031 -0.783663 0.066290
v 0.900001 -0.783574 0.073942
v 0.909963 -0.783517 0.067001
v 0.919921 -0.783209 0.055716
v 0.929530 -0.782783 0.000000
v 0.939957 -0.780698 0.000000
v 0.949998 -0.780381 0.000000
v 0.960002 -0.780742 0.000000
v 0.970035 -0.783306 0.000000
v 0.980001 -0.783571 0.070470
v 0.990000 -0.783570 0.087611
v 1.000000 -0.783569 0.091786
v 1.010000 -0.783569 0.092464
v 1.020000 -0.783569 0.092572
v 1.030000 -0.783569 0.092589
v 1.040000 -0.783569 0.092597
v 1.050000 -0.783569 0.092601
v 1.060000 -0.783569 0.092602
v 1.070000 -0.783569 0.092605
v 1.080000 -0.783569 0.092611
v 1.090000 -0.783569 0.092623
v 1.100000 -0.783571 0.092745
v 1.110001 -0.783590 0.093817
v 1.120000 -0.783593 0.098233
v 1.130000 -0.783594 0.102923
v 1.140000 -0.783594 0.106712
v 1.150000 -0.783594 0.111012
v 1.160000 -0.783594 0.115555
v 1.170000 -0.783594 0.118548
v 1.180000 -0.783594 0.119732
v 1.190000 -0.783594 0.120557
v 1.200000 -0.783594 0.119210
v 1.210000 -0.783594 0.115575
v 1.220000 -0.783594 0.111327
v 1.230000 -0.783594 0.105197
v 1.239996 -0.783595 0.094879
v 1.249918 -0.783624 0.072891
v 1.259116 -0.784027 0.000000
v 0.090721 -0.789353 0.000000
v 0.084677 -0.788506 0.000000
v 0.100066 -0.789545 0.000000
v 0.110046 -0.789914 0.000000
v 0.120470 -0.791998 0.000000
v 0.130076 -0.792380 0.056078
v 0.140005 -0.792421 0.066252
v 0.150000 -0.792423 0.067955
v 0.160000 -0.792423 0.068189
v 0.170000 -0.792423 0.068327
v 0.180000 -0.792423 0.068364
v 0.190000 -0.792423 0.068374
v 0.200000 -0.792423 0.068384
v 0.210000 -0.792423 0.068386
v 0.220000 -0.792423 0.068390
v 0.230000 -0.792423 0.068397
v 0.240000 -0.792423 0.068401
v 0.250000 -0.792423 0.068402
v 0.260000 -0.792423 0.068392
v 0.269999 -0.792423 0.068179
v 0.279973 -0.792421 0.065864
v 0.289597 -0.792389 0.052732
v 0.296715 -0.792121 0.000000
v 0.843968 -0.787871 0.000000
v 0.850669 -0.786667 0.000000
v 0.850079 -0.793197 0.056013
v 0.840470 -0.793624 0.000000
v 0.860037 -0.792891 0.067516
v 0.870003 -0.792838 0.077512
v 0.879996 -0.792809 0.077022
v 0.889964 -0.792738 0.065241
v 0.899920 -0.792428 0.055128
v 0.909486 -0.791989 0.000000
v 0.919331 -0.789739 0.000000
v 0.926032 -0.788535 0.000000
v 0.980003 -0.792765 0.054294
v 0.970538 -0.793192 0.000000
v 0.989998 -0.792472 0.066096
v 1.000000 -0.792426 0.068186
v 1.010000 -0.792423 0.068387
v 1.020000 -0.792423 0.068401
v 1.030000 -0.792423 0.068402
v 1.040000 -0.792423 0.068402
v 1.050000 -0.792423 0.068402
v 1.060000 -0.792423 0.068402
v 1.070000 -0.792423 0.068402
v 1.080000 -0.792423 0.068403
v 1.090000 -0.792426 0.068432
v 1.100003 -0.792471 0.068848
v 1.110033 -0.792737 0.071989
v 1.120004 -0.792786 0.084649
v 1.130001 -0.792809 0.092146
v 1.140000 -0.792812 0.098290
v 1.150000 -0.792813 0.104297
v 1.160000 -0.792813 0.109488
v 1.170000 -0.792813 0.112378
v 1.180000 -0.792813 0.114188
v 1.190000 -0.792813 0.115965
v 1.200000 -0.792813 0.114983
v 1.210000 -0.792813 0.110808
v 1.220000 -0.792813 0.106407
v 1.230000 -0.792812 0.102180
v 1.239999 -0.792812 0.096163
v 1.249969 -0.792815 0.084024
v 1.259531 -0.792882 0.056223
v 1.265302 -0.787249 0.000000
v 1.266243 -0.793387 0.000000
v 0.130626 -0.798568 0.000000
v 0.123965 -0.797700 0.000000
v 0.140058 -0.798728 0.000000
v 0.150003 -0.798744 0.000000
v 0.160000 -0.798745 0.000000
v 0.170000 -0.798745 0.000000
v 0.180000 -0.798745 0.000000
v 0.190000 -0.798745 0.000000
v 0.200000 -0.798745 0.000000
v 0.210000 -0.798745 0.000000
v 0.220000 -0.798745 0.000000
v 0.230000 -0.798745 0.000000
v 0.240000 -0.798745 0.000000
v 0.250000 -0.798745 0.000000
v 0.260000 -0.798745 0.000000
v 0.269997 -0.798744 0.000000
v 0.279937 -0.798728 0.000000
v 0.289285 -0.798570 0.000000
v 0.295386 -0.797719 0.000000
v 0.594040 -0.797153 0.000000
v 0.600632 -0.796277 0.000000
v 0.600118 -0.802465 0.049541
v 0.591075 -0.802846 0.000000
v 0.610058 -0.796116 0.000000
v 0.610007 -0.802423 0.064296
v 0.620000 -0.796101 0.000000
v 0.620000 -0.802421 0.067531
v 0.629942 -0.796116 0.000000
v 0.629995 -0.802423 0.066424
v 0.639374 -0.796276 0.000000
v 0.639924 -0.802464 0.056211
v 0.646035 -0.797144 0.000000
v 0.649530 -0.802846 0.000000
v 0.803965 -0.797144 0.000000
v 0.810626 -0.796274 0.000000
v 0.810076 -0.802463 0.056175
v 0.800473 -0.802847 0.000000
v 0.820060 -0.796080 0.000000
v 0.820005 -0.802420 0.066355
v 0.830046 -0.795711 0.000000
v 0.830003 -0.802373 0.068313
v 0.840033 -0.802107 0.070885
v 0.850004 -0.802057 0.080204
v 0.859996 -0.802028 0.078144
v 0.869963 -0.801957 0.067523
v 0.879920 -0.801647 0.055674
v 0.889486 -0.801208 0.000000
v 0.899331 -0.798958 0.000000
v 0.906028 -0.797753 0.000000
v 0.964680 -0.796378 0.000000
v 0.970405 -0.801636 0.029902
v 0.963936 -0.801941 0.000000
v 0.979562 -0.801218 0.000000
v 0.989958 -0.799134 0.000000
v 0.999998 -0.798781 0.000000
v 1.010000 -0.798747 0.000000
v 1.020000 -0.798745 0.000000
v 1.030000 -0.798745 0.000000
v 1.040000 -0.798745 0.000000
v 1.050000 -0.798745 0.000000
v 1.060000 -0.798745 0.000000
v 1.070000 -0.798745 0.000000
v 1.080000 -0.798747 0.000000
v 1.090002 -0.798781 0.000000
v 1.100044 -0.799134 0.000000
v 1.110471 -0.801220 0.000000
v 1.120079 -0.801647 0.056674
v 1.130037 -0.801956 0.070233
v 1.140005 -0.802024 0.085507
v 1.150000 -0.802030 0.096275
v 1.160000 -0.802030 0.102155
v 1.170000 -0.802031 0.104512
v 1.180000 -0.802031 0.106837
v 1.190000 -0.802031 0.109583
v 1.200000 -0.802031 0.109263
v 1.210000 -0.802031 0.104596
v 1.220000 -0.802031 0.098636
v 1.229999 -0.802029 0.093383
v 1.239999 -0.802009 0.090607
v 1.249972 -0.802006 0.084842
v 1.259573 -0.802008 0.064270
v 1.266398 -0.802026 0.000000
v 0.585021 -0.804918 0.000000
v 0.591077 -0.810503 0.000000
v 0.585021 -0.808368 0.000000
v 0.600130 -0.811189 0.052942
v 0.610008 -0.811271 0.079001
v 0.620000 -0.811275 0.088557
v 0.630000 -0.811275 0.090025
v 0.639996 -0.811279 0.084347
v 0.649967 -0.811326 0.071951
v 0.659957 -0.804929 0.000000
v 0.659997 -0.811592 0.068830
v 0.669995 -0.805283 0.000000
v 0.669999 -0.811637 0.068207
v 0.679937 -0.805333 0.000000
v 0.679973 -0.811642 0.065865
v 0.689285 -0.805493 0.000000
v 0.689597 -0.811674 0.052732
v 0.695386 -0.806344 0.000000
v 0.696715 -0.811942 0.000000
v 0.774031 -0.806378 0.000000
v 0.780633 -0.805460 0.000000
v 0.780109 -0.811688 0.055822
v 0.770941 -0.812184 0.000000
v 0.790102 -0.804946 0.000000
v 0.790009 -0.811595 0.066931
v 0.800033 -0.811326 0.071723
v 0.810004 -0.811279 0.083963
v 0.820000 -0.811275 0.089195
v 0.830000 -0.811273 0.089410
v 0.840001 -0.811252 0.087393
v 0.849992 -0.811242 0.080211
v 0.859900 -0.811138 0.058892
v 0.869484 -0.810484 0.000000
v 0.879331 -0.808180 0.000000
v 0.886028 -0.806972 0.000000
v 0.970097 -0.807618 0.000000
v 0.964616 -0.806994 0.000000
v 0.976130 -0.806894 0.000000
v 1.120669 -0.808180 0.000000
v 1.113969 -0.806973 0.000000
v 1.130516 -0.810484 0.000000
v 1.140100 -0.811135 0.059867
v 1.150008 -0.811219 0.082632
v 1.160000 -0.811227 0.090891
v 1.170001 -0.811246 0.093603
v 1.180000 -0.811249 0.098143
v 1.190000 -0.811249 0.102146
v 1.200000 -0.811249 0.102366
v 1.210000 -0.811249 0.097742
v 1.219997 -0.811247 0.087596
v 1.229977 -0.811206 0.072519
v 1.239997 -0.810911 0.068501
v 1.249970 -0.810861 0.065583
v 1.259542 -0.810828 0.052095
v 1.266244 -0.810589 0.000000
v 0.600831 -0.819994 0.000000
v 0.594065 -0.816779 0.000000
v 0.610082 -0.820434 0.070035
v 0.620004 -0.820468 0.090827
v 0.630000 -0.820470 0.097705
v 0.640000 -0.820470 0.096777
v 0.649999 -0.820472 0.093434
v 0.660000 -0.820491 0.092569
v 0.670000 -0.820494 0.091891
v 0.679997 -0.820495 0.087634
v 0.689952 -0.820517 0.070286
v 0.699643 -0.820829 0.000000
v 0.764009 -0.814992 0.000000
v 0.770098 -0.820583 0.059893
v 0.760473 -0.821222 0.000000
v 0.780008 -0.820499 0.082611
v 0.790000 -0.820492 0.090700
v 0.800001 -0.820472 0.092646
v 0.810000 -0.820470 0.094716
v 0.820000 -0.820469 0.093764
v 0.829999 -0.820466 0.089316
v 0.839991 -0.820440 0.081296
v 0.849870 -0.820345 0.059008
v 0.859056 -0.819596 0.000000
v 0.865988 -0.816730 0.000000
v 1.140941 -0.819535 0.000000
v 1.134012 -0.816725 0.000000
v 1.150109 -0.820030 0.055823
v 1.160009 -0.820124 0.066944
v 1.170033 -0.820393 0.071828
v 1.180004 -0.820440 0.084511
v 1.190000 -0.820443 0.090864
v 1.200000 -0.820443 0.091715
v 1.209997 -0.820443 0.087631
v 1.219952 -0.820420 0.070287
v 1.229643 -0.820108 0.000000
v 1.239966 -0.817611 0.000000
v 1.249935 -0.817203 0.000000
v 1.259280 -0.817009 0.000000
v 1.265324 -0.816158 0.000000
v 0.610427 -0.829585 0.056415
v 0.603332 -0.829066 0.000000
v 0.620030 -0.829680 0.082793
v 0.630001 -0.829687 0.095436
v 0.640000 -0.829687 0.100562
v 0.650000 -0.829688 0.102287
v 0.660000 -0.829688 0.103062
v 0.670000 -0.829688 0.102244
v 0.680000 -0.829688 0.097599
v 0.689997 -0.829691 0.087560
v 0.699977 -0.829732 0.072560
v 0.709969 -0.823326 0.000000
v 0.709998 -0.830027 0.068893
v 0.719999 -0.823717 0.000000
v 0.720000 -0.830074 0.068433
v 0.730000 -0.823752 0.000000
v 0.730000 -0.830077 0.068404
v 0.740002 -0.823719 0.000000
v 0.740000 -0.830074 0.068432
v 0.750044 -0.823363 0.000000
v 0.750003 -0.830029 0.068854
v 0.760033 -0.829760 0.072104
v 0.770005 -0.829694 0.085640
v 0.780000 -0.829688 0.096055
v 0.790000 -0.829688 0.100778
v 0.800000 -0.829688 0.099699
v 0.810000 -0.829687 0.094724
v 0.819995 -0.829682 0.084877
v 0.829962 -0.829612 0.069900
v 0.839888 -0.829294 0.056106
v 0.849055 -0.828756 0.000000
v 0.855926 -0.825927 0.000000
v 1.150633 -0.826259 0.000000
v 1.144030 -0.825341 0.000000
v 1.160102 -0.826773 0.000000
v 1.170473 -0.828872 0.000000
v 1.180076 -0.829255 0.056221
v 1.190005 -0.829295 0.066513
v 1.199999 -0.829298 0.068025
v 1.209973 -0.829296 0.065858
v 1.219597 -0.829264 0.052732
v 1.226715 -0.828996 0.000000
v 0.611009 -0.838038 0.000000
v 0.604659 -0.835188 0.000000
v 0.620124 -0.838814 0.059961
v 0.630008 -0.838901 0.085609
v 0.640000 -0.838906 0.097458
v 0.650000 -0.838906 0.103252
v 0.660000 -0.838906 0.106511
v 0.670000 -0.838906 0.106631
v 0.680000 -0.838906 0.103145
v 0.690000 -0.838906 0.098204
v 0.699999 -0.838909 0.093734
v 0.710000 -0.838929 0.092714
v 0.720000 -0.838931 0.092608
v 0.730000 -0.838932 0.092605
v 0.740000 -0.838931 0.092617
v 0.750000 -0.838929 0.092739
v 0.760001 -0.838910 0.093818
v 0.770000 -0.838906 0.098330
v 0.780000 -0.838906 0.103108
v 0.790000 -0.838906 0.104173
v 0.800000 -0.838906 0.098403
v 0.809994 -0.838902 0.085853
v 0.819910 -0.838825 0.060449
v 0.829485 -0.838144 0.000000
v 0.839326 -0.835835 0.000000
v 0.845966 -0.834611 0.000000
v 1.180626 -0.835443 0.000000
v 1.173965 -0.834575 0.000000
v 1.190058 -0.835603 0.000000
v 1.200000 -0.835618 0.000000
v 1.209937 -0.835603 0.000000
v 1.219285 -0.835445 0.000000
v 1.225386 -0.834594 0.000000
v 0.620831 -0.847645 0.000000
v 0.614060 -0.844426 0.000000
v 0.630081 -0.848070 0.069980
v 0.640005 -0.848120 0.088756
v 0.650000 -0.848124 0.097236
v 0.660000 -0.848124 0.101903
v 0.670000 -0.848125 0.103394
v 0.680000 -0.848125 0.103768
v 0.690000 -0.848125 0.103754
v 0.700000 -0.848125 0.103629
v 0.710000 -0.848126 0.103935
v 0.720000 -0.848126 0.104076
v 0.730000 -0.848126 0.104132
v 0.740000 -0.848126 0.104201
v 0.750000 -0.848126 0.104254
v 0.760000 -0.848125 0.104620
v 0.770000 -0.848125 0.106189
v 0.780000 -0.848125 0.107406
v 0.790000 -0.848125 0.104476
v 0.799996 -0.848124 0.094827
v 0.809921 -0.848095 0.072879
v 0.819186 -0.847688 0.000000
v 0.826008 -0.844446 0.000000
v 0.274522 -0.852464 0.000000
v 0.279995 -0.851763 0.000000
v 0.279951 -0.857801 0.038191
v 0.273291 -0.858050 0.000000
v 0.285423 -0.852461 0.000000
v 0.286322 -0.858013 0.000000
v 0.630409 -0.856967 0.053144
v 0.623329 -0.856645 0.000000
v 0.640059 -0.857266 0.069447
v 0.650005 -0.857315 0.084288
v 0.660000 -0.857321 0.091008
v 0.670001 -0.857340 0.093513
v 0.680000 -0.857344 0.097980
v 0.690000 -0.857344 0.102869
v 0.700000 -0.857344 0.107018
v 0.710000 -0.857344 0.109653
v 0.720000 -0.857344 0.110622
v 0.730000 -0.857344 0.111066
v 0.740000 -0.857344 0.111542
v 0.750000 -0.857344 0.111554
v 0.760000 -0.857344 0.111126
v 0.770000 -0.857344 0.110539
v 0.780000 -0.857344 0.108021
v 0.789999 -0.857344 0.102451
v 0.799975 -0.857343 0.091915
v 0.809626 -0.857335 0.067839
v 0.816841 -0.857250 0.000000
v 0.279711 -0.866625 0.050139
v 0.270872 -0.867040 0.000000
v 0.286844 -0.866663 0.000000
v 0.630758 -0.863491 0.000000
v 0.624621 -0.862303 0.000000
v 0.640518 -0.865735 0.000000
v 0.650078 -0.866133 0.056220
v 0.660008 -0.866218 0.066973
v 0.670033 -0.866489 0.071946
v 0.680005 -0.866556 0.085638
v 0.690000 -0.866562 0.096416
v 0.700000 -0.866562 0.103537
v 0.710000 -0.866562 0.108315
v 0.720000 -0.866562 0.110543
v 0.730000 -0.866562 0.112075
v 0.740000 -0.866562 0.113780
v 0.750000 -0.866562 0.113735
v 0.760000 -0.866562 0.111690
v 0.770000 -0.866562 0.108765
v 0.780000 -0.866562 0.103719
v 0.789999 -0.866562 0.096200
v 0.799966 -0.866554 0.082901
v 0.809525 -0.866462 0.056082
v 0.816281 -0.865979 0.000000
v 0.264695 -0.870221 0.000000
v 0.270462 -0.875854 0.053170
v 0.263718 -0.876361 0.000000
v 0.279949 -0.875816 0.063775
v 0.289116 -0.876217 0.000000
v 0.650629 -0.872354 0.000000
v 0.643969 -0.871452 0.000000
v 0.660102 -0.872869 0.000000
v 0.670475 -0.875027 0.000000
v 0.680098 -0.875670 0.060015
v 0.690009 -0.875773 0.083754
v 0.700000 -0.875780 0.096081
v 0.710000 -0.875780 0.102023
v 0.720000 -0.875781 0.104289
v 0.730000 -0.875781 0.106578
v 0.740000 -0.875781 0.109329
v 0.750000 -0.875781 0.109302
v 0.760000 -0.875781 0.106278
v 0.770000 -0.875781 0.102521
v 0.780000 -0.875780 0.096150
v 0.789990 -0.875772 0.083729
v 0.799866 -0.875661 0.059505
v 0.808986 -0.874910 0.000000
v 0.815285 -0.872066 0.000000
v 0.270372 -0.885007 0.065617
v 0.263162 -0.885094 0.000000
v 0.279994 -0.885004 0.078715
v 0.289532 -0.885070 0.055894
v 0.295302 -0.879437 0.000000
v 0.296243 -0.885577 0.000000
v 0.414672 -0.880093 0.000000
v 0.420662 -0.879260 0.000000
v 0.420452 -0.885425 0.050231
v 0.413756 -0.885662 0.000000
v 0.429433 -0.879263 0.000000
v 0.429921 -0.885443 0.053099
v 0.435974 -0.880132 0.000000
v 0.439056 -0.885935 0.000000
v 0.680944 -0.884128 0.000000
v 0.674009 -0.881262 0.000000
v 0.690130 -0.884877 0.059466
v 0.700009 -0.884969 0.082608
v 0.710000 -0.884977 0.090883
v 0.720001 -0.884997 0.093603
v 0.730000 -0.885000 0.098272
v 0.740000 -0.885000 0.102722
v 0.750000 -0.885000 0.102709
v 0.760000 -0.885000 0.098077
v 0.769999 -0.884996 0.091966
v 0.779991 -0.884972 0.082730
v 0.789869 -0.884877 0.059472
v 0.799053 -0.884127 0.000000
v 0.805921 -0.881244 0.000000
v 0.874677 -0.880088 0.000000
v 0.880718 -0.879243 0.000000
v 0.880460 -0.885397 0.049513
v 0.873773 -0.885606 0.000000
v 0.890006 -0.879102 0.000000
v 0.890025 -0.885391 0.060034
v 0.899372 -0.879247 0.000000
v 0.899892 -0.885441 0.054199
v 0.905970 -0.880130 0.000000
v 0.909059 -0.885934 0.000000
v 0.270082 -0.894249 0.071552
v 0.260880 -0.894655 0.000000
v 0.279976 -0.894220 0.085686
v 0.289575 -0.894223 0.066747
v 0.296417 -0.894272 0.000000
v 0.420427 -0.894242 0.062797
v 0.413602 -0.894224 0.000000
v 0.430019 -0.894250 0.075988
v 0.439867 -0.894342 0.058447
v 0.445921 -0.888760 0.000000
v 0.448990 -0.895090 0.000000
v 0.690945 -0.893284 0.000000
v 0.684074 -0.890458 0.000000
v 0.700109 -0.893780 0.055822
v 0.710009 -0.893874 0.066951
v 0.720033 -0.894146 0.071938
v 0.730005 -0.894212 0.085461
v 0.740000 -0.894218 0.094657
v 0.750000 -0.894218 0.094651
v 0.759995 -0.894212 0.085313
v 0.769962 -0.894143 0.070197
v 0.779888 -0.893825 0.056245
v 0.789055 -0.893288 0.000000
v 0.795926 -0.890458 0.000000
v 0.880463 -0.893872 0.049970
v 0.873774 -0.893618 0.000000
v 0.890062 -0.894169 0.063823
v 0.899998 -0.894243 0.072295
v 0.909901 -0.894333 0.057623
v 0.915988 -0.888743 0.000000
v 0.919484 -0.894985 0.000000
v 0.254640 -0.897877 0.000000
v 0.260417 -0.903510 0.056861
v 0.253330 -0.904054 0.000000
v 0.270027 -0.903441 0.083880
v 0.279974 -0.903438 0.089443
v 0.289577 -0.903438 0.068905
v 0.296434 -0.903440 0.000000
v 0.420470 -0.903367 0.055649
v 0.413758 -0.902863 0.000000
v 0.430030 -0.903435 0.080096
v 0.439970 -0.903446 0.079766
v 0.449573 -0.903540 0.056091
v 0.455341 -0.897937 0.000000
v 0.456668 -0.904059 0.000000
v 0.700633 -0.900009 0.000000
v 0.694031 -0.899091 0.000000
v 0.710102 -0.900526 0.000000
v 0.720475 -0.902683 0.000000
v 0.730098 -0.903323 0.059711
v 0.740008 -0.903407 0.080889
v 0.749992 -0.903407 0.080889
v 0.759901 -0.903323 0.059685
v 0.769484 -0.902671 0.000000
v 0.779326 -0.900366 0.000000
v 0.785966 -0.899142 0.000000
v 0.880763 -0.900370 0.000000
v 0.874681 -0.899185 0.000000
v 0.890521 -0.902672 0.000000
v 0.900099 -0.903327 0.057631
v 0.910004 -0.903436 0.072909
v 0.919962 -0.903512 0.066915
v 0.929326 -0.897290 0.000000
v 0.929888 -0.903831 0.055318
v 0.935966 -0.898514 0.000000
v 0.939059 -0.904368 0.000000
v 0.260081 -0.912691 0.070686
v 0.250831 -0.913132 0.000000
v 0.270003 -0.912657 0.090834
v 0.279973 -0.912656 0.091203
v 0.289577 -0.912656 0.069276
v 0.296435 -0.912656 0.000000
v 0.420898 -0.912182 0.000000
v 0.414699 -0.908998 0.000000
v 0.430085 -0.912621 0.069438
v 0.440000 -0.912656 0.084363
v 0.449918 -0.912692 0.069499
v 0.459169 -0.913132 0.000000
v 0.730941 -0.911722 0.000000
v 0.724009 -0.908914 0.000000
v 0.740103 -0.912212 0.053905
v 0.749897 -0.912212 0.053905
v 0.759059 -0.911722 0.000000
v 0.765988 -0.908913 0.000000
v 0.900944 -0.911784 0.000000
v 0.894012 -0.908918 0.000000
v 0.910130 -0.912533 0.057723
v 0.920008 -0.912631 0.075970
v 0.929993 -0.912682 0.076017
v 0.939901 -0.912771 0.058262
v 0.945988 -0.907181 0.000000
v 0.949484 -0.913422 0.000000
v 0.244060 -0.916355 0.000000
v 0.250125 -0.921967 0.059963
v 0.241013 -0.922743 0.000000
v 0.260008 -0.921880 0.085527
v 0.269999 -0.921875 0.095932
v 0.279973 -0.921875 0.092228
v 0.289577 -0.921875 0.069396
v 0.296437 -0.921875 0.000000
v 0.430427 -0.921772 0.056092
v 0.423335 -0.921254 0.000000
v 0.440030 -0.921868 0.079841
v 0.449994 -0.921879 0.080850
v 0.459879 -0.921967 0.059252
v 0.465944 -0.916355 0.000000
v 0.469054 -0.922745 0.000000
v 0.740573 -0.918393 0.000000
v 0.734026 -0.917525 0.000000
v 0.749427 -0.918393 0.000000
v 0.755974 -0.917525 0.000000
v 0.910945 -0.920944 0.000000
v 0.904074 -0.918115 0.000000
v 0.920111 -0.921484 0.055359
v 0.930029 -0.921829 0.067479
v 0.939998 -0.921879 0.076232
v 0.949963 -0.921950 0.068461
v 0.959331 -0.915726 0.000000
v 0.959921 -0.922259 0.056455
v 0.966031 -0.916934 0.000000
v 0.969527 -0.922687 0.000000
v 0.234718 -0.925591 0.000000
v 0.240479 -0.931194 0.056056
v 0.233756 -0.931676 0.000000
v 0.250033 -0.931101 0.082886
v 0.260001 -0.931094 0.095872
v 0.269999 -0.931094 0.100220
v 0.279973 -0.931094 0.093240
v 0.289581 -0.931094 0.069549
v 0.296474 -0.931096 0.000000
v 0.431009 -0.930226 0.000000
v 0.424659 -0.927375 0.000000
v 0.440124 -0.931004 0.059226
v 0.450007 -0.931089 0.081049
v 0.459991 -0.931102 0.080501
v 0.469866 -0.931214 0.059097
v 0.475921 -0.925631 0.000000
v 0.478990 -0.931965 0.000000
v 0.920662 -0.928060 0.000000
v 0.914033 -0.926801 0.000000
v 0.930401 -0.930724 0.000000
v 0.940051 -0.931067 0.069094
v 0.950001 -0.931096 0.084146
v 0.959996 -0.931120 0.083010
v 0.969967 -0.931170 0.071494
v 0.979899 -0.924790 0.000000
v 0.979992 -0.931438 0.066904
v 0.989372 -0.925302 0.000000
v 0.989922 -0.931523 0.056215
v 0.996031 -0.926204 0.000000
v 0.999486 -0.931921 0.000000
v 0.240422 -0.940318 0.067440
v 0.233545 -0.940368 0.000000
v 0.250027 -0.940313 0.091710
v 0.260001 -0.940313 0.101475
v 0.269999 -0.940313 0.102984
v 0.279975 -0.940313 0.093983
v 0.289629 -0.940315 0.070015
v 0.296857 -0.940353 0.000000
v 0.440818 -0.939875 0.000000
v 0.434059 -0.936617 0.000000
v 0.450079 -0.940282 0.071564
v 0.460003 -0.940312 0.087790
v 0.469969 -0.940321 0.081505
v 0.479573 -0.940415 0.056302
v 0.485341 -0.934812 0.000000
v 0.486668 -0.940934 0.000000
v 0.940424 -0.940210 0.056224
v 0.933291 -0.939703 0.000000
v 0.950031 -0.940304 0.081348
v 0.960001 -0.940313 0.090826
v 0.969999 -0.940316 0.091096
v 0.980000 -0.940335 0.090326
v 0.989996 -0.940341 0.084214
v 0.999963 -0.940391 0.070081
v 1.009331 -0.934167 0.000000
v 1.009921 -0.940697 0.056664
v 1.016032 -0.935371 0.000000
v 1.019529 -0.941124 0.000000
v 0.240371 -0.949534 0.069840
v 0.233141 -0.949574 0.000000
v 0.250025 -0.949531 0.093883
v 0.260001 -0.949531 0.103685
v 0.270000 -0.949531 0.104282
v 0.279996 -0.949532 0.095082
v 0.289917 -0.949561 0.073000
v 0.299116 -0.949965 0.000000
v 0.450373 -0.949503 0.066727
v 0.443159 -0.949433 0.000000
v 0.460026 -0.949528 0.086138
v 0.469997 -0.949532 0.087764
v 0.479918 -0.949567 0.069868
v 0.489173 -0.950006 0.000000
v 0.941010 -0.948660 0.000000
v 0.934656 -0.945814 0.000000
v 0.950134 -0.949411 0.059328
v 0.960010 -0.949522 0.082881
v 0.970000 -0.949531 0.093622
v 0.980000 -0.949532 0.098054
v 0.990000 -0.949532 0.096581
v 0.999999 -0.949535 0.091755
v 1.009996 -0.949557 0.084573
v 1.019967 -0.949607 0.071962
v 1.029954 -0.943211 0.000000
v 1.029997 -0.949873 0.068687
v 1.039940 -0.943580 0.000000
v 1.039995 -0.949920 0.066551
v 1.049374 -0.943774 0.000000
v 1.049924 -0.949963 0.056223
v 1.056035 -0.944643 0.000000
v 1.059530 -0.950346 0.000000
v 0.240079 -0.958780 0.073080
v 0.230817 -0.959186 0.000000
v 0.250004 -0.958751 0.095146
v 0.260000 -0.958750 0.104824
v 0.270000 -0.958750 0.106014
v 0.279999 -0.958750 0.098995
v 0.289969 -0.958754 0.085226
v 0.299531 -0.958820 0.056572
v 0.305302 -0.953187 0.000000
v 0.306243 -0.959327 0.000000
v 0.450457 -0.958376 0.052726
v 0.443716 -0.958089 0.000000
v 0.460062 -0.958675 0.069027
v 0.470006 -0.958743 0.081992
v 0.479994 -0.958754 0.080873
v 0.489910 -0.958833 0.059469
v 0.496007 -0.953213 0.000000
v 0.499485 -0.959513 0.000000
v 0.950947 -0.957877 0.000000
v 0.944079 -0.954994 0.000000
v 0.960131 -0.958630 0.059513
v 0.970010 -0.958741 0.083414
v 0.980000 -0.958750 0.095284
v 0.990000 -0.958750 0.100003
v 1.000000 -0.958750 0.100401
v 1.010000 -0.958751 0.097418
v 1.019999 -0.958754 0.093493
v 1.030000 -0.958773 0.092428
v 1.040000 -0.958775 0.090904
v 1.049996 -0.958779 0.084517
v 1.059967 -0.958826 0.071981
v 1.069957 -0.952429 0.000000
v 1.069997 -0.959092 0.068847
v 1.079998 -0.952782 0.000000
v 1.080000 -0.959137 0.068432
v 1.090000 -0.952816 0.000000
v 1.090000 -0.959140 0.068404
v 1.100000 -0.952818 0.000000
v 1.100000 -0.959140 0.068396
v 1.109997 -0.952819 0.000000
v 1.110000 -0.959140 0.068249
v 1.119942 -0.952835 0.000000
v 1.119995 -0.959142 0.066523
v 1.129374 -0.952994 0.000000
v 1.129924 -0.959182 0.056222
v 1.136035 -0.953862 0.000000
v 1.139527 -0.959565 0.000000
v 0.224054 -0.962446 0.000000
v 0.230121 -0.968059 0.060106
v 0.220946 -0.968839 0.000000
v 0.240007 -0.967973 0.086105
v 0.250000 -0.967969 0.099324
v 0.260000 -0.967969 0.107088
v 0.270000 -0.967969 0.108891
v 0.279999 -0.967969 0.103116
v 0.289973 -0.967969 0.092084
v 0.299575 -0.967973 0.067458
v 0.306417 -0.968022 0.000000
v 0.450763 -0.964900 0.000000
v 0.444676 -0.963712 0.000000
v 0.460521 -0.967203 0.000000
v 0.470100 -0.967857 0.059190
v 0.480008 -0.967960 0.079132
v 0.489996 -0.967974 0.080518
v 0.499963 -0.968044 0.069127
v 0.509331 -0.961820 0.000000
v 0.509920 -0.968354 0.056482
v 0.516028 -0.963028 0.000000
v 0.519486 -0.968792 0.000000
v 0.960947 -0.967095 0.000000
v 0.954074 -0.964213 0.000000
v 0.970131 -0.967848 0.059565
v 0.980010 -0.967960 0.083624
v 0.990000 -0.967968 0.095516
v 1.000000 -0.967969 0.100547
v 1.010000 -0.967969 0.102040
v 1.020000 -0.967969 0.102363
v 1.030000 -0.967970 0.102959
v 1.040000 -0.967970 0.102034
v 1.050000 -0.967970 0.098111
v 1.059999 -0.967972 0.093806
v 1.070000 -0.967991 0.092746
v 1.080000 -0.967994 0.092625
v 1.090000 -0.967994 0.092618
v 1.100000 -0.967994 0.092604
v 1.110000 -0.967994 0.092415
v 1.120000 -0.967994 0.090924
v 1.129996 -0.967998 0.084514
v 1.139967 -0.968045 0.071828
v 1.149899 -0.961665 0.000000
v 1.149992 -0.968313 0.066968
v 1.159372 -0.962177 0.000000
v 1.159924 -0.968398 0.056251
v 1.166035 -0.963078 0.000000
v 1.169530 -0.968783 0.000000
v 1.223061 -0.963361 0.000000
v 1.226861 -0.963377 0.000000
v 1.229081 -0.968946 0.000000
v 1.220339 -0.968842 0.000000
v 0.214079 -0.971724 0.000000
v 0.220134 -0.977308 0.059508
v 0.211014 -0.978059 0.000000
v 0.230009 -0.977195 0.083791
v 0.240000 -0.977188 0.096692
v 0.250000 -0.977188 0.104661
v 0.260000 -0.977188 0.110625
v 0.270000 -0.977188 0.111760
v 0.279999 -0.977188 0.105495
v 0.289973 -0.977188 0.094019
v 0.299577 -0.977188 0.069439
v 0.306434 -0.977190 0.000000
v 0.470944 -0.976315 0.000000
v 0.464012 -0.973449 0.000000
v 0.480131 -0.977067 0.058763
v 0.490010 -0.977179 0.080108
v 0.499999 -0.977191 0.086233
v 0.509996 -0.977214 0.083081
v 0.519962 -0.977266 0.069777
v 0.529326 -0.971043 0.000000
v 0.529888 -0.977581 0.056187
v 0.535966 -0.972264 0.000000
v 0.539055 -0.978119 0.000000
v 0.970947 -0.976314 0.000000
v 0.964074 -0.973432 0.000000
v 0.980131 -0.977064 0.059466
v 0.990009 -0.977159 0.082675
v 1.000001 -0.977184 0.091734
v 1.010000 -0.977187 0.097567
v 1.020000 -0.977188 0.102530
v 1.030000 -0.977188 0.106522
v 1.040000 -0.977188 0.107780
v 1.050000 -0.977188 0.106280
v 1.060000 -0.977188 0.104746
v 1.070000 -0.977188 0.104379
v 1.080000 -0.977188 0.104342
v 1.090000 -0.977188 0.104339
v 1.100000 -0.977188 0.104309
v 1.110000 -0.977188 0.104007
v 1.120000 -0.977188 0.102380
v 1.130000 -0.977188 0.098162
v 1.139999 -0.977191 0.093611
v 1.150000 -0.977210 0.091052
v 1.159996 -0.977216 0.084527
v 1.169967 -0.977264 0.071981
v 1.179957 -0.970867 0.000000
v 1.179997 -0.977530 0.068845
v 1.189998 -0.971218 0.000000
v 1.190000 -0.977574 0.068413
v 1.200002 -0.971218 0.000000
v 1.200000 -0.977574 0.068244
v 1.210037 -0.970870 0.000000
v 1.210002 -0.977530 0.067029
v 1.219995 -0.977265 0.060092
v 1.229480 -0.977225 0.040096
v 1.235262 -0.971613 0.000000
v 1.236050 -0.977192 0.000000
v 0.204718 -0.980903 0.000000
v 0.210479 -0.986507 0.056056
v 0.203756 -0.986988 0.000000
v 0.220034 -0.986415 0.082898
v 0.230001 -0.986407 0.096244
v 0.240000 -0.986406 0.104098
v 0.250000 -0.986406 0.110269
v 0.260000 -0.986406 0.114529
v 0.270000 -0.986406 0.113380
v 0.279999 -0.986406 0.106187
v 0.289973 -0.986406 0.094326
v 0.299577 -0.986406 0.069628
v 0.306435 -0.986406 0.000000
v 0.480947 -0.985533 0.000000
v 0.474074 -0.982651 0.000000
v 0.490131 -0.986286 0.059082
v 0.500010 -0.986397 0.081834
v 0.510000 -0.986407 0.090698
v 0.519999 -0.986410 0.089567
v 0.529991 -0.986435 0.082165
v 0.539870 -0.986530 0.059394
v 0.545926 -0.980948 0.000000
v 0.549056 -0.987279 0.000000
v 0.980945 -0.985475 0.000000
v 0.974074 -0.982646 0.000000
v 0.990112 -0.986013 0.056243
v 1.000039 -0.986331 0.070194
v 1.010005 -0.986399 0.085472
v 1.020000 -0.986406 0.096370
v 1.030000 -0.986406 0.103497
v 1.040000 -0.986406 0.108300
v 1.050000 -0.986406 0.110983
v 1.060000 -0.986406 0.112120
v 1.070000 -0.986406 0.112659
v 1.080000 -0.986406 0.112842
v 1.090000 -0.986406 0.112871
v 1.100000 -0.986406 0.112805
v 1.110000 -0.986406 0.112271
v 1.120000 -0.986406 0.110183
v 1.130000 -0.986406 0.106914
v 1.140000 -0.986406 0.104548
v 1.150000 -0.986407 0.102434
v 1.160000 -0.986407 0.098170
v 1.169999 -0.986410 0.093798
v 1.180000 -0.986429 0.092696
v 1.190000 -0.986431 0.092371
v 1.200000 -0.986431 0.091431
v 1.209996 -0.986428 0.086678
v 1.219918 -0.986380 0.068182
v 1.229112 -0.985978 0.000000
v 1.235274 -0.982831 0.000000
v 0.210422 -0.995631 0.067449
v 0.203545 -0.995681 0.000000
v 0.220027 -0.995625 0.091848
v 0.230001 -0.995625 0.102773
v 0.240000 -0.995625 0.109929
v 0.250000 -0.995625 0.115520
v 0.260000 -0.995625 0.118073
v 0.270000 -0.995625 0.114351
v 0.279999 -0.995625 0.106318
v 0.289973 -0.995625 0.094335
v 0.299577 -0.995625 0.069628
v 0.306435 -0.995625 0.000000
v 0.490947 -0.994752 0.000000
v 0.484074 -0.991869 0.000000
v 0.500131 -0.995505 0.059367
v 0.510010 -0.995616 0.082732
v 0.520000 -0.995625 0.092434
v 0.530000 -0.995626 0.092882
v 0.539991 -0.995634 0.083072
v 0.549901 -0.995737 0.059899
v 0.555988 -0.990145 0.000000
v 0.559484 -0.996391 0.000000
v 0.990674 -0.992553 0.000000
v 0.984034 -0.991330 0.000000
v 1.000517 -0.994859 0.000000
v 1.010099 -0.995513 0.059992
v 1.020007 -0.995618 0.083817
v 1.030000 -0.995625 0.096641
v 1.040000 -0.995625 0.104484
v 1.050000 -0.995625 0.110888
v 1.060000 -0.995625 0.116025
v 1.070000 -0.995625 0.119050
v 1.080000 -0.995625 0.120313
v 1.090000 -0.995625 0.120623
v 1.100000 -0.995625 0.120552
v 1.110000 -0.995625 0.119797
v 1.120000 -0.995625 0.117314
v 1.130000 -0.995625 0.114543
v 1.140000 -0.995625 0.112587
v 1.150000 -0.995625 0.110134
v 1.160000 -0.995625 0.106796
v 1.170000 -0.995625 0.104636
v 1.180000 -0.995626 0.103828
v 1.190000 -0.995626 0.102525
v 1.199999 -0.995626 0.099361
v 1.209975 -0.995626 0.090727
v 1.219627 -0.995618 0.067354
v 1.226838 -0.995532 0.000000
v 0.210371 -1.004847 0.069852
v 0.203144 -1.004886 0.000000
v 0.220025 -1.004844 0.094126
v 0.230001 -1.004844 0.105740
v 0.240000 -1.004844 0.113791
v 0.250000 -1.004844 0.119224
v 0.260000 -1.004844 0.119456
v 0.270000 -1.004844 0.114047
v 0.279999 -1.004844 0.105791
v 0.289973 -1.004844 0.094040
v 0.299577 -1.004844 0.069439
v 0.306434 -1.004841 0.000000
v 0.500947 -1.003970 0.000000
v 0.494074 -1.001088 0.000000
v 0.510131 -1.004723 0.059473
v 0.520010 -1.004835 0.082999
v 0.530000 -1.004843 0.093021
v 0.540000 -1.004844 0.093172
v 0.549995 -1.004851 0.084787
v 0.559962 -1.004919 0.070103
v 0.569326 -0.998697 0.000000
v 0.569888 -1.005237 0.056238
v 0.575966 -0.999920 0.000000
v 0.579059 -1.005774 0.000000
v 1.010940 -1.003975 0.000000
v 1.004012 -1.001105 0.000000
v 1.020099 -1.004755 0.060178
v 1.030005 -1.004839 0.086137
v 1.040000 -1.004844 0.099480
v 1.050000 -1.004844 0.108554
v 1.060000 -1.004844 0.116297
v 1.070000 -1.004844 0.122530
v 1.080000 -1.004844 0.126411
v 1.090000 -1.004844 0.127861
v 1.100000 -1.004844 0.127910
v 1.110000 -1.004844 0.126885
v 1.120000 -1.004844 0.124189
v 1.130000 -1.004844 0.121650
v 1.140000 -1.004844 0.119576
v 1.150000 -1.004844 0.116472
v 1.160000 -1.004844 0.113253
v 1.170000 -1.004844 0.111187
v 1.180000 -1.004844 0.109363
v 1.190000 -1.004844 0.105338
v 1.199999 -1.004844 0.098230
v 1.209969 -1.004840 0.084890
v 1.219534 -1.004772 0.056530
v 1.226282 -1.004264 0.000000
v 0.210083 -1.014092 0.073010
v 0.200884 -1.014496 0.000000
v 0.220004 -1.014063 0.095365
v 0.230000 -1.014062 0.106819
v 0.240000 -1.014062 0.115180
v 0.250000 -1.014062 0.120351
v 0.260000 -1.014062 0.118069
v 0.270000 -1.014062 0.111528
v 0.279999 -1.014062 0.103440
v 0.289973 -1.014062 0.092105
v 0.299575 -1.014058 0.067459
v 0.306417 -1.014009 0.000000
v 0.510947 -1.013189 0.000000
v 0.504074 -1.010307 0.000000
v 0.520131 -1.013942 0.059497
v 0.530010 -1.014053 0.083075
v 0.540000 -1.014062 0.093197
v 0.550000 -1.014063 0.094552
v 0.559999 -1.014066 0.091079
v 0.569992 -1.014090 0.082621
v 0.579901 -1.014177 0.059864
v 0.585988 -1.008587 0.000000
v 0.589484 -1.014829 0.000000
v 1.020505 -1.013657 0.000000
v 1.014011 -1.010369 0.000000
v 1.030035 -1.014035 0.073498
v 1.040001 -1.014061 0.095514
v 1.050000 -1.014062 0.106980
v 1.060000 -1.014062 0.115771
v 1.070000 -1.014062 0.123648
v 1.080000 -1.014062 0.130079
v 1.090000 -1.014062 0.133439
v 1.100000 -1.014062 0.133702
v 1.110000 -1.014062 0.132295
v 1.120000 -1.014062 0.129500
v 1.130000 -1.014062 0.126822
v 1.140000 -1.014062 0.123882
v 1.150000 -1.014062 0.119481
v 1.160000 -1.014062 0.115173
v 1.170000 -1.014062 0.111826
v 1.180000 -1.014062 0.108460
v 1.190000 -1.014062 0.102739
v 1.199996 -1.014061 0.092789
v 1.209915 -1.014027 0.070803
v 1.219103 -1.013589 0.000000
v 1.225304 -1.010404 0.000000
v 0.194698 -1.017718 0.000000
v 0.200469 -1.023351 0.056573
v 0.193757 -1.023859 0.000000
v 0.210031 -1.023285 0.085245
v 0.220001 -1.023281 0.099301
v 0.230000 -1.023281 0.108600
v 0.240000 -1.023281 0.116318
v 0.250000 -1.023281 0.120560
v 0.260000 -1.023281 0.116324
v 0.270000 -1.023281 0.108606
v 0.279999 -1.023281 0.099302
v 0.289969 -1.023278 0.085246
v 0.299531 -1.023211 0.056573
v 0.306243 -1.022704 0.000000
v 0.520947 -1.022408 0.000000
v 0.514074 -1.019525 0.000000
v 0.530131 -1.023161 0.059511
v 0.540010 -1.023272 0.083216
v 0.550000 -1.023281 0.094207
v 0.560000 -1.023281 0.098052
v 0.570000 -1.023282 0.095252
v 0.579995 -1.023288 0.085362
v 0.589962 -1.023357 0.070192
v 0.599326 -1.017134 0.000000
v 0.599888 -1.023675 0.056245
v 0.605966 -1.018358 0.000000
v 0.609059 -1.024211 0.000000
v 1.030035 -1.023309 0.073498
v 1.020505 -1.023687 0.000000
v 1.040001 -1.023282 0.095515
v 1.050000 -1.023281 0.106990
v 1.060000 -1.023281 0.115834
v 1.070000 -1.023281 0.123973
v 1.080000 -1.023281 0.130976
v 1.090000 -1.023281 0.134531
v 1.100000 -1.023281 0.134241
v 1.110000 -1.023281 0.132400
v 1.120000 -1.023281 0.129353
v 1.130000 -1.023281 0.126040
v 1.140000 -1.023281 0.121763
v 1.150000 -1.023281 0.116300
v 1.160000 -1.023281 0.110910
v 1.170000 -1.023281 0.106473
v 1.180000 -1.023281 0.102493
v 1.189999 -1.023280 0.095993
v 1.199969 -1.023273 0.082978
v 1.209573 -1.023179 0.056470
v 1.216665 -1.022660 0.000000
v 0.200425 -1.032505 0.067459
v 0.193584 -1.032553 0.000000
v 0.210028 -1.032500 0.092104
v 0.220001 -1.032500 0.103436
v 0.230000 -1.032500 0.111537
v 0.240000 -1.032500 0.118193
v 0.250000 -1.032500 0.120754
v 0.260000 -1.032500 0.115400
v 0.270000 -1.032500 0.106913
v 0.279996 -1.032499 0.095393
v 0.289917 -1.032470 0.073020
v 0.299116 -1.032066 0.000000
v 0.305302 -1.028845 0.000000
v 0.530947 -1.031627 0.000000
v 0.524074 -1.028744 0.000000
v 0.540131 -1.032380 0.059542
v 0.550009 -1.032492 0.083503
v 0.560000 -1.032500 0.095382
v 0.570000 -1.032500 0.099390
v 0.580000 -1.032500 0.097186
v 0.589999 -1.032504 0.091758
v 0.599992 -1.032528 0.082715
v 0.609901 -1.032615 0.059868
v 0.615988 -1.027024 0.000000
v 0.619484 -1.033266 0.000000
v 1.014011 -1.026975 0.000000
v 1.020099 -1.032589 0.060178
v 1.010940 -1.033369 0.000000
v 1.030005 -1.032504 0.086139
v 1.040000 -1.032500 0.099506
v 1.050000 -1.032500 0.108694
v 1.060000 -1.032500 0.116857
v 1.070000 -1.032500 0.124266
v 1.080000 -1.032500 0.129558
v 1.090000 -1.032500 0.130418
v 1.100000 -1.032500 0.128974
v 1.110000 -1.032500 0.127097
v 1.120000 -1.032500 0.124085
v 1.130000 -1.032500 0.120793
v 1.140000 -1.032500 0.116572
v 1.150000 -1.032500 0.111123
v 1.160000 -1.032500 0.104846
v 1.170000 -1.032500 0.098504
v 1.179999 -1.032497 0.092011
v 1.189991 -1.032472 0.082720
v 1.199866 -1.032377 0.059394
v 1.208990 -1.031629 0.000000
v 1.215341 -1.028781 0.000000
v 0.200423 -1.041719 0.069430
v 0.193566 -1.041721 0.000000
v 0.210027 -1.041719 0.094014
v 0.220001 -1.041719 0.105725
v 0.230000 -1.041719 0.114070
v 0.240000 -1.041719 0.120162
v 0.250000 -1.041719 0.121223
v 0.260000 -1.041719 0.115245
v 0.269999 -1.041719 0.106535
v 0.279975 -1.041719 0.094475
v 0.289629 -1.041716 0.070053
v 0.296857 -1.041679 0.000000
v 0.540946 -1.040849 0.000000
v 0.534074 -1.037963 0.000000
v 0.550121 -1.041627 0.060047
v 0.560007 -1.041714 0.085712
v 0.570000 -1.041719 0.097714
v 0.580000 -1.041719 0.101980
v 0.590000 -1.041719 0.100994
v 0.600000 -1.041720 0.095882
v 0.609995 -1.041726 0.085392
v 0.619963 -1.041794 0.070193
v 0.629331 -1.035570 0.000000
v 0.629921 -1.042103 0.056657
v 0.636032 -1.036777 0.000000
v 0.639529 -1.042530 0.000000
v 1.004009 -1.036237 0.000000
v 1.010098 -1.041830 0.060021
v 1.000473 -1.042472 0.000000
v 1.020007 -1.041726 0.083831
v 1.030000 -1.041719 0.096697
v 1.040000 -1.041719 0.104789
v 1.050000 -1.041719 0.111969
v 1.060000 -1.041719 0.118672
v 1.070000 -1.041719 0.123764
v 1.080000 -1.041719 0.125801
v 1.090000 -1.041719 0.124213
v 1.100000 -1.041719 0.121929
v 1.110000 -1.041719 0.120071
v 1.120000 -1.041719 0.117274
v 1.130000 -1.041719 0.113977
v 1.140000 -1.041719 0.110235
v 1.150000 -1.041719 0.105196
v 1.160000 -1.041719 0.098269
v 1.169997 -1.041716 0.087502
v 1.179971 -1.041672 0.070676
v 1.189889 -1.041328 0.056285
v 1.199055 -1.040788 0.000000
v 1.205921 -1.037959 0.000000
v 0.200423 -1.050937 0.069430
v 0.193566 -1.050935 0.000000
v 0.210027 -1.050938 0.094014
v 0.220001 -1.050938 0.105725
v 0.230000 -1.050938 0.114069
v 0.240000 -1.050938 0.120154
v 0.250000 -1.050938 0.121181
v 0.260000 -1.050938 0.115205
v 0.269999 -1.050938 0.106486
v 0.279973 -1.050938 0.094373
v 0.289581 -1.050938 0.069664
v 0.296474 -1.050936 0.000000
v 0.550831 -1.050462 0.000000
v 0.544056 -1.047239 0.000000
v 0.560082 -1.050902 0.070856
v 0.570004 -1.050936 0.092412
v 0.580000 -1.050937 0.100549
v 0.590000 -1.050938 0.102765
v 0.600000 -1.050938 0.101490
v 0.610000 -1.050938 0.097157
v 0.619999 -1.050941 0.091598
v 0.629996 -1.050964 0.084376
v 0.639967 -1.051014 0.071904
v 0.649956 -1.044616 0.000000
v 0.649997 -1.051280 0.068801
v 0.659995 -1.044970 0.000000
v 0.660000 -1.051324 0.068243
v 0.669942 -1.045021 0.000000
v 0.669995 -1.051329 0.066494
v 0.679374 -1.045182 0.000000
v 0.679924 -1.051370 0.056205
v 0.686035 -1.046050 0.000000
v 0.689530 -1.051752 0.000000
v 0.953965 -1.046050 0.000000
v 0.960626 -1.045182 0.000000
v 0.960076 -1.051370 0.056222
v 0.950470 -1.051752 0.000000
v 0.970058 -1.045021 0.000000
v 0.970005 -1.051329 0.066523
v 0.980005 -1.044970 0.000000
v 0.980000 -1.051324 0.068277
v 0.990044 -1.044614 0.000000
v 0.990003 -1.051280 0.068847
v 1.000033 -1.051011 0.072104
v 1.010005 -1.050944 0.085677
v 1.020000 -1.050938 0.096566
v 1.030000 -1.050938 0.104029
v 1.040000 -1.050938 0.110164
v 1.050000 -1.050938 0.115545
v 1.060000 -1.050938 0.119329
v 1.070000 -1.050938 0.120425
v 1.080000 -1.050938 0.119800
v 1.090000 -1.050938 0.117330
v 1.100000 -1.050938 0.114564
v 1.110000 -1.050938 0.112628
v 1.120000 -1.050938 0.110193
v 1.130000 -1.050938 0.106611
v 1.140000 -1.050937 0.102857
v 1.150000 -1.050937 0.097516
v 1.159996 -1.050933 0.088839
v 1.169950 -1.050891 0.070389
v 1.179599 -1.050564 0.000000
v 1.189339 -1.047904 0.000000
v 1.195967 -1.046645 0.000000
v 0.200425 -1.060152 0.067459
v 0.193584 -1.060103 0.000000
v 0.210028 -1.060156 0.092104
v 0.220001 -1.060156 0.103435
v 0.230000 -1.060156 0.111527
v 0.240000 -1.060156 0.118102
v 0.250000 -1.060156 0.120385
v 0.260000 -1.060156 0.114979
v 0.269999 -1.060156 0.106400
v 0.279973 -1.060156 0.094341
v 0.289577 -1.060156 0.069629
v 0.296437 -1.060156 0.000000
v 0.560427 -1.060050 0.056357
v 0.553332 -1.059535 0.000000
v 0.570030 -1.060129 0.081950
v 0.580002 -1.060153 0.091672
v 0.590000 -1.060155 0.097351
v 0.600000 -1.060155 0.100489
v 0.610000 -1.060156 0.100373
v 0.620000 -1.060156 0.098779
v 0.630000 -1.060157 0.095890
v 0.639999 -1.060160 0.092835
v 0.650000 -1.060179 0.092134
v 0.660000 -1.060181 0.091888
v 0.670000 -1.060182 0.090474
v 0.679996 -1.060185 0.084255
v 0.689967 -1.060232 0.071897
v 0.699957 -1.053835 0.000000
v 0.699997 -1.060498 0.068807
v 0.709998 -1.054188 0.000000
v 0.710000 -1.060543 0.068396
v 0.720000 -1.054223 0.000000
v 0.720000 -1.060546 0.068368
v 0.730000 -1.054224 0.000000
v 0.730000 -1.060546 0.068368
v 0.740000 -1.054224 0.000000
v 0.740000 -1.060546 0.068374
v 0.750000 -1.054224 0.000000
v 0.750000 -1.060546 0.068384
v 0.760000 -1.054224 0.000000
v 0.760000 -1.060546 0.068386
v 0.770000 -1.054224 0.000000
v 0.770000 -1.060546 0.068386
v 0.780000 -1.054224 0.000000
v 0.780000 -1.060546 0.068386
v 0.790000 -1.054224 0.000000
v 0.790000 -1.060546 0.068386
v 0.800000 -1.054224 0.000000
v 0.800000 -1.060546 0.068390
v 0.810000 -1.054224 0.000000
v 0.810000 -1.060546 0.068397
v 0.820000 -1.054224 0.000000
v 0.820000 -1.060546 0.068401
v 0.830000 -1.054224 0.000000
v 0.830000 -1.060546 0.068402
v 0.840000 -1.054224 0.000000
v 0.840000 -1.060546 0.068402
v 0.850000 -1.054224 0.000000
v 0.850000 -1.060546 0.068402
v 0.860000 -1.054224 0.000000
v 0.860000 -1.060546 0.068402
v 0.870000 -1.054224 0.000000
v 0.870000 -1.060546 0.068402
v 0.880000 -1.054224 0.000000
v 0.880000 -1.060546 0.068402
v 0.890000 -1.054224 0.000000
v 0.890000 -1.060546 0.068402
v 0.900000 -1.054224 0.000000
v 0.900000 -1.060546 0.068402
v 0.910000 -1.054224 0.000000
v 0.910000 -1.060546 0.068402
v 0.920000 -1.054223 0.000000
v 0.920000 -1.060546 0.068402
v 0.930002 -1.054188 0.000000
v 0.930000 -1.060543 0.068426
v 0.940043 -1.053835 0.000000
v 0.940003 -1.060498 0.068834
v 0.950033 -1.060232 0.071965
v 0.960004 -1.060185 0.084500
v 0.970000 -1.060182 0.090899
v 0.980000 -1.060181 0.092391
v 0.990000 -1.060179 0.092700
v 1.000001 -1.060160 0.093789
v 1.010000 -1.060156 0.098338
v 1.020000 -1.060156 0.103946
v 1.030000 -1.060156 0.109175
v 1.040000 -1.060156 0.113560
v 1.050000 -1.060156 0.116398
v 1.060000 -1.060156 0.116234
v 1.070000 -1.060156 0.114333
v 1.080000 -1.060156 0.112601
v 1.090000 -1.060156 0.110222
v 1.100000 -1.060156 0.106918
v 1.110000 -1.060156 0.104550
v 1.120000 -1.060156 0.102426
v 1.130000 -1.060155 0.097976
v 1.139999 -1.060153 0.092109
v 1.149995 -1.060130 0.084424
v 1.159941 -1.060079 0.069458
v 1.169594 -1.059780 0.053176
v 1.176713 -1.059469 0.000000
v 0.200469 -1.069305 0.056573
v 0.193757 -1.068798 0.000000
v 0.210031 -1.069371 0.085245
v 0.220001 -1.069375 0.099297
v 0.230000 -1.069375 0.108543
v 0.240000 -1.069375 0.115867
v 0.250000 -1.069375 0.118874
v 0.260000 -1.069375 0.114017
v 0.269999 -1.069375 0.105792
v 0.279973 -1.069375 0.094040
v 0.289577 -1.069375 0.069439
v 0.296434 -1.069372 0.000000
v 0.561008 -1.068446 0.000000
v 0.554659 -1.065652 0.000000
v 0.570115 -1.068981 0.056159
v 0.580038 -1.069296 0.070066
v 0.590004 -1.069346 0.084314
v 0.600000 -1.069350 0.090707
v 0.610000 -1.069352 0.092066
v 0.620001 -1.069371 0.092839
v 0.630000 -1.069374 0.095874
v 0.640000 -1.069374 0.098606
v 0.650000 -1.069375 0.099555
v 0.660000 -1.069375 0.099555
v 0.670000 -1.069376 0.098606
v 0.680000 -1.069376 0.095874
v 0.689999 -1.069379 0.092835
v 0.700000 -1.069398 0.092147
v 0.710000 -1.069400 0.092077
v 0.720000 -1.069400 0.092074
v 0.730000 -1.069400 0.092090
v 0.740000 -1.069400 0.092181
v 0.750000 -1.069400 0.092313
v 0.760000 -1.069400 0.092349
v 0.770000 -1.069400 0.092353
v 0.780000 -1.069400 0.092354
v 0.790000 -1.069400 0.092362
v 0.800000 -1.069400 0.092415
v 0.810000 -1.069400 0.092515
v 0.820000 -1.069400 0.092584
v 0.830000 -1.069400 0.092600
v 0.840000 -1.069400 0.092602
v 0.850000 -1.069400 0.092602
v 0.860000 -1.069400 0.092602
v 0.870000 -1.069400 0.092602
v 0.880000 -1.069400 0.092602
v 0.890000 -1.069400 0.092602
v 0.900000 -1.069400 0.092602
v 0.910000 -1.069400 0.092600
v 0.920000 -1.069400 0.092585
v 0.930000 -1.069400 0.092522
v 0.940000 -1.069398 0.092543
v 0.950001 -1.069379 0.093552
v 0.960000 -1.069376 0.097870
v 0.970000 -1.069376 0.101995
v 0.980000 -1.069376 0.103546
v 0.990000 -1.069376 0.103870
v 1.000000 -1.069375 0.104225
v 1.010000 -1.069375 0.105610
v 1.020000 -1.069375 0.107862
v 1.030000 -1.069375 0.109960
v 1.040000 -1.069375 0.111334
v 1.050000 -1.069375 0.111736
v 1.060000 -1.069375 0.110060
v 1.070000 -1.069375 0.106897
v 1.080000 -1.069375 0.104549
v 1.090000 -1.069374 0.102439
v 1.100000 -1.069374 0.098166
v 1.109999 -1.069371 0.093611
v 1.120000 -1.069352 0.091046
v 1.129996 -1.069346 0.084374
v 1.139963 -1.069297 0.070109
v 1.149920 -1.068990 0.056636
v 1.159482 -1.068551 0.000000
v 1.169243 -1.066303 0.000000
v 1.175383 -1.065116 0.000000
v 0.200884 -1.078160 0.000000
v 0.194698 -1.074938 0.000000
v 0.210083 -1.078564 0.073010
v 0.220004 -1.078593 0.095356
v 0.230000 -1.078594 0.106686
v 0.240000 -1.078594 0.114141
v 0.250000 -1.078594 0.116276
v 0.260000 -1.078594 0.111225
v 0.269999 -1.078594 0.103397
v 0.279972 -1.078594 0.092095
v 0.289575 -1.078589 0.067458
v 0.296417 -1.078540 0.000000
v 0.570674 -1.075519 0.000000
v 0.564039 -1.074298 0.000000
v 0.580514 -1.077766 0.000000
v 0.590078 -1.078161 0.056194
v 0.600005 -1.078205 0.066538
v 0.610003 -1.078252 0.068661
v 0.620033 -1.078518 0.071892
v 0.630004 -1.078565 0.084255
v 0.640000 -1.078568 0.090474
v 0.650000 -1.078569 0.091888
v 0.660000 -1.078571 0.092134
v 0.670001 -1.078590 0.092835
v 0.680000 -1.078593 0.095874
v 0.690000 -1.078593 0.098607
v 0.700000 -1.078594 0.099573
v 0.710000 -1.078594 0.099744
v 0.720000 -1.078594 0.099777
v 0.730000 -1.078595 0.099950
v 0.740000 -1.078595 0.100743
v 0.750000 -1.078595 0.101700
v 0.760000 -1.078595 0.102000
v 0.770000 -1.078595 0.102043
v 0.780000 -1.078595 0.102055
v 0.790000 -1.078595 0.102145
v 0.800000 -1.078595 0.102570
v 0.810000 -1.078595 0.103332
v 0.820000 -1.078595 0.103898
v 0.830000 -1.078595 0.104067
v 0.840000 -1.078595 0.104089
v 0.850000 -1.078595 0.104091
v 0.860000 -1.078595 0.104091
v 0.870000 -1.078595 0.104091
v 0.880000 -1.078595 0.104091
v 0.890000 -1.078595 0.104091
v 0.900000 -1.078595 0.104089
v 0.910000 -1.078595 0.104067
v 0.920000 -1.078595 0.103898
v 0.930000 -1.078595 0.103335
v 0.940000 -1.078595 0.102623
v 0.950000 -1.078594 0.102624
v 0.960000 -1.078594 0.104323
v 0.970000 -1.078594 0.106982
v 0.980000 -1.078594 0.108485
v 0.990000 -1.078594 0.108822
v 1.000000 -1.078594 0.108583
v 1.010000 -1.078594 0.107505
v 1.020000 -1.078594 0.105601
v 1.030000 -1.078594 0.104394
v 1.040000 -1.078593 0.104192
v 1.050000 -1.078593 0.103966
v 1.060000 -1.078593 0.102373
v 1.070000 -1.078593 0.098162
v 1.079999 -1.078590 0.093611
v 1.090000 -1.078571 0.091052
v 1.099996 -1.078565 0.084521
v 1.109967 -1.078518 0.071828
v 1.119992 -1.078249 0.066967
v 1.129922 -1.078164 0.056224
v 1.139486 -1.077766 0.000000
v 1.149331 -1.075521 0.000000
v 1.156028 -1.074316 0.000000
v 0.210371 -1.087810 0.069852
v 0.203144 -1.087770 0.000000
v 0.220025 -1.087812 0.094115
v 0.230001 -1.087812 0.105569
v 0.240000 -1.087812 0.112377
v 0.250000 -1.087812 0.113218
v 0.260000 -1.087812 0.107586
v 0.269999 -1.087812 0.098936
v 0.279969 -1.087809 0.085045
v 0.289531 -1.087741 0.056537
v 0.296243 -1.087235 0.000000
v 0.590626 -1.084351 0.000000
v 0.583969 -1.083481 0.000000
v 0.600060 -1.084545 0.000000
v 0.610046 -1.084914 0.000000
v 0.620470 -1.086998 0.000000
v 0.630076 -1.087380 0.056205
v 0.640005 -1.087420 0.066494
v 0.650000 -1.087426 0.068243
v 0.660003 -1.087471 0.068800
v 0.670033 -1.087736 0.071897
v 0.680004 -1.087784 0.084255
v 0.690000 -1.087787 0.090474
v 0.700000 -1.087787 0.091884
v 0.710000 -1.087787 0.092067
v 0.720000 -1.087790 0.092193
v 0.730001 -1.087809 0.093182
v 0.740000 -1.087811 0.097177
v 0.750000 -1.087812 0.100704
v 0.760000 -1.087812 0.101841
v 0.770000 -1.087812 0.102031
v 0.780000 -1.087812 0.102099
v 0.790000 -1.087812 0.102529
v 0.800000 -1.087812 0.104357
v 0.810000 -1.087812 0.107323
v 0.820000 -1.087812 0.109685
v 0.830000 -1.087812 0.110558
v 0.840000 -1.087812 0.110716
v 0.850000 -1.087812 0.110731
v 0.860000 -1.087812 0.110732
v 0.870000 -1.087812 0.110732
v 0.880000 -1.087812 0.110732
v 0.890000 -1.087812 0.110731
v 0.900000 -1.087812 0.110716
v 0.910000 -1.087812 0.110558
v 0.920000 -1.087812 0.109685
v 0.930000 -1.087812 0.107324
v 0.940000 -1.087812 0.104366
v 0.950000 -1.087812 0.102627
v 0.960000 -1.087812 0.102621
v 0.970000 -1.087811 0.103301
v 0.980000 -1.087812 0.103743
v 0.990000 -1.087812 0.103817
v 1.000000 -1.087812 0.103552
v 1.010000 -1.087811 0.102057
v 1.020000 -1.087811 0.098031
v 1.029999 -1.087809 0.093775
v 1.040000 -1.087790 0.092721
v 1.050000 -1.087787 0.092420
v 1.060000 -1.087787 0.090924
v 1.069996 -1.087784 0.084514
v 1.079967 -1.087736 0.071828
v 1.089992 -1.087468 0.066968
v 1.099924 -1.087383 0.056250
v 1.109527 -1.086997 0.000000
v 1.119899 -1.084898 0.000000
v 1.129372 -1.084385 0.000000
v 1.136032 -1.083483 0.000000
v 0.210422 -1.097025 0.067448
v 0.203545 -1.096976 0.000000
v 0.220027 -1.097031 0.091835
v 0.230001 -1.097031 0.102574
v 0.240000 -1.097031 0.108285
v 0.250000 -1.097031 0.108458
v 0.260000 -1.097031 0.102987
v 0.269996 -1.097030 0.092853
v 0.279915 -1.096996 0.070813
v 0.289102 -1.096557 0.000000
v 0.295301 -1.093373 0.000000
v 0.630626 -1.093568 0.000000
v 0.623965 -1.092700 0.000000
v 0.640058 -1.093729 0.000000
v 0.650005 -1.093780 0.000000
v 0.660044 -1.094133 0.000000
v 0.670470 -1.096216 0.000000
v 0.680076 -1.096599 0.056205
v 0.690005 -1.096639 0.066494
v 0.700000 -1.096641 0.068215
v 0.710000 -1.096645 0.068390
v 0.720003 -1.096689 0.068811
v 0.730033 -1.096955 0.071937
v 0.740004 -1.097003 0.084427
v 0.750000 -1.097006 0.090736
v 0.760000 -1.097006 0.092163
v 0.770000 -1.097006 0.092347
v 0.780000 -1.097008 0.092482
v 0.790001 -1.097028 0.093568
v 0.800000 -1.097031 0.098170
v 0.810000 -1.097031 0.103773
v 0.820000 -1.097031 0.108299
v 0.830000 -1.097031 0.110242
v 0.840000 -1.097031 0.110675
v 0.850000 -1.097031 0.110728
v 0.860000 -1.097031 0.110732
v 0.870000 -1.097031 0.110732
v 0.880000 -1.097031 0.110732
v 0.890000 -1.097031 0.110728
v 0.900000 -1.097031 0.110675
v 0.910000 -1.097031 0.110242
v 0.920000 -1.097031 0.108299
v 0.930000 -1.097031 0.103773
v 0.940000 -1.097031 0.098171
v 0.949999 -1.097028 0.093578
v 0.960000 -1.097008 0.092544
v 0.970000 -1.097006 0.092520
v 0.980000 -1.097006 0.092574
v 0.990000 -1.097006 0.092571
v 1.000000 -1.097006 0.092384
v 1.010000 -1.097006 0.090902
v 1.019996 -1.097003 0.084511
v 1.029967 -1.096955 0.071980
v 1.039997 -1.096689 0.068841
v 1.050000 -1.096644 0.068278
v 1.059995 -1.096639 0.066524
v 1.069924 -1.096599 0.056222
v 1.079527 -1.096216 0.000000
v 1.089899 -1.094116 0.000000
v 1.099372 -1.093604 0.000000
v 1.106035 -1.092703 0.000000
v 0.210479 -1.106150 0.056055
v 0.203756 -1.105668 0.000000
v 0.220034 -1.106242 0.082870
v 0.230001 -1.106249 0.095886
v 0.240000 -1.106249 0.101682
v 0.250000 -1.106249 0.101702
v 0.259999 -1.106249 0.095931
v 0.269969 -1.106242 0.082976
v 0.279573 -1.106147 0.056470
v 0.286665 -1.105629 0.000000
v 0.680626 -1.102787 0.000000
v 0.673965 -1.101919 0.000000
v 0.690058 -1.102947 0.000000
v 0.700003 -1.102964 0.000000
v 0.710002 -1.102999 0.000000
v 0.720044 -1.103352 0.000000
v 0.730470 -1.105435 0.000000
v 0.740076 -1.105818 0.056217
v 0.750005 -1.105858 0.066511
v 0.760000 -1.105860 0.068233
v 0.770000 -1.105863 0.068408
v 0.780003 -1.105908 0.068837
v 0.790033 -1.106177 0.072088
v 0.800005 -1.106243 0.085639
v 0.810000 -1.106249 0.096236
v 0.820000 -1.106249 0.101971
v 0.830000 -1.106249 0.103755
v 0.840000 -1.106249 0.104060
v 0.850000 -1.106249 0.104089
v 0.860000 -1.106249 0.104091
v 0.870000 -1.106249 0.104091
v 0.880000 -1.106249 0.104091
v 0.890000 -1.106249 0.104089
v 0.900000 -1.106249 0.104060
v 0.910000 -1.106249 0.103755
v 0.920000 -1.106249 0.101971
v 0.930000 -1.106249 0.096236
v 0.939995 -1.106243 0.085639
v 0.949967 -1.106177 0.072088
v 0.959997 -1.105908 0.068841
v 0.970000 -1.105863 0.068426
v 0.980000 -1.105860 0.068402
v 0.990000 -1.105860 0.068395
v 1.000000 -1.105860 0.068248
v 1.009995 -1.105858 0.066523
v 1.019924 -1.105818 0.056222
v 1.029530 -1.105435 0.000000
v 1.039957 -1.103352 0.000000
v 1.049995 -1.102998 0.000000
v 1.059942 -1.102948 0.000000
v 1.069374 -1.102787 0.000000
v 1.076035 -1.101919 0.000000
v 0.211014 -1.114598 0.000000
v 0.204718 -1.111753 0.000000
v 0.220134 -1.115345 0.059380
v 0.230009 -1.115438 0.082573
v 0.240000 -1.115443 0.090548
v 0.250000 -1.115443 0.090550
v 0.259991 -1.115438 0.082576
v 0.269866 -1.115345 0.059386
v 0.278990 -1.114598 0.000000
v 0.285341 -1.111750 0.000000
v 0.740626 -1.112006 0.000000
v 0.733965 -1.111138 0.000000
v 0.750058 -1.112165 0.000000
v 0.760003 -1.112183 0.000000
v 0.770002 -1.112218 0.000000
v 0.780044 -1.112574 0.000000
v 0.790473 -1.114716 0.000000
v 0.800098 -1.115354 0.059893
v 0.810008 -1.115438 0.082624
v 0.820000 -1.115443 0.090755
v 0.830000 -1.115443 0.092392
v 0.840000 -1.115443 0.092588
v 0.850000 -1.115443 0.092601
v 0.860000 -1.115443 0.092602
v 0.870000 -1.115443 0.092602
v 0.880000 -1.115443 0.092602
v 0.890000 -1.115443 0.092601
v 0.900000 -1.115443 0.092588
v 0.910000 -1.115443 0.092392
v 0.920000 -1.115443 0.090755
v 0.929992 -1.115438 0.082624
v 0.939902 -1.115354 0.059893
v 0.949527 -1.114715 0.000000
v 0.959957 -1.112574 0.000000
v 0.969998 -1.112218 0.000000
v 0.980000 -1.112184 0.000000
v 0.990000 -1.112182 0.000000
v 0.999997 -1.112181 0.000000
v 1.009942 -1.112165 0.000000
v 1.019374 -1.112006 0.000000
v 1.026035 -1.111138 0.000000
v 0.220945 -1.123752 0.000000
v 0.214079 -1.120927 0.000000
v 0.230109 -1.124246 0.055786
v 0.240006 -1.124295 0.066345
v 0.249994 -1.124295 0.066345
v 0.259891 -1.124246 0.055786
v 0.269055 -1.123752 0.000000
v 0.275921 -1.120927 0.000000
v 0.800941 -1.123754 0.000000
v 0.794009 -1.120945 0.000000
v 0.810109 -1.124246 0.055794
v 0.820006 -1.124295 0.066500
v 0.830000 -1.124298 0.068248
v 0.840000 -1.124298 0.068396
v 0.850000 -1.124298 0.068402
v 0.860000 -1.124298 0.068402
v 0.870000 -1.124298 0.068402
v 0.880000 -1.124298 0.068402
v 0.890000 -1.124298 0.068402
v 0.900000 -1.124298 0.068396
v 0.910000 -1.124298 0.068248
v 0.919994 -1.124295 0.066500
v 0.929891 -1.124246 0.055794
v 0.939059 -1.123754 0.000000
v 0.945991 -1.120945 0.000000
v 0.230631 -1.130442 0.000000
v 0.224031 -1.129557 0.000000
v 0.240055 -1.130602 0.000000
v 0.249945 -1.130602 0.000000
v 0.259369 -1.130442 0.000000
v 0.265969 -1.129557 0.000000
v 0.810631 -1.130442 0.000000
v 0.804030 -1.129557 0.000000
v 0.820058 -1.130603 0.000000
v 0.830003 -1.130619 0.000000
v 0.840000 -1.130620 0.000000
v 0.850000 -1.130620 0.000000
v 0.860000 -1.130620 0.000000
v 0.870000 -1.130620 0.000000
v 0.880000 -1.130620 0.000000
v 0.890000 -1.130620 0.000000
v 0.900000 -1.130620 0.000000
v 0.909997 -1.130619 0.000000
v 0.919942 -1.130603 0.000000
v 0.929369 -1.130442 0.000000
v 0.935970 -1.129557 0.000000
f 2657 2658 2659 2587
f 4160 4230 4231 4161
f 4404 4425 4427 4405
f 4262 4317 4318 4263
f 1479 1511 1512 1480
f 2113 2147 2148 2114
f 4118 4188 4189 4119
f 4407 4429 4430 4408
f 3024 3052 3053 3025
f 4396 4419 4421 4397
f 4406 4428 4429 4407
f 1094 1130 1131 1095
f 977 1015 1016 978
f 4356 4396 4397 4357
f 3361 3393 3394 3363
f 545 563 564 546
f 1509 1541 1542 1510
f 4399 4423 4424 4400
f 4188 4251 4253 4189
f 4398 4422 4423 4399
f 4346 4392 4393 4347
f 3237 3265 3264 3239
f 1585 1599 1600 1586
f 1194 1238 1239 1196
f 4359 4399 4400 4360
f 3752 3800 3801 3753
f 36 52 53 37
f 2867 2916 2917 2870
f 3676 3724 3725 3677
f 1848 1851 1850 1849
f 43 59 60 44
f 2234 2290 2291 2235
f 74 87 89 75
f 2523 2593 2594 2524
f 3879 3942 3943 3880
f 3354 3389 3390 3355
f 33 49 51 35
f 2169 2232 2233 2170
f 95 96 99 98
f 115 146 147 118
f 4381 4414 4415 4382
f 124 153 154 125
f 338 363 364 339
f 2069 2108 2109 2070
f 4244 4305 4306 4245
f 3377 3425 3426 3378
f 21 22 24 23
f 2905 2944 2945 2906
f 2108 2142 2143 2109
f 98 99 101 100
f 155 157 156 128
f 68 83 84 69
f 45 61 62 46
f 2283 2350 2351 2284
f 2282 2349 2350 2283
f 37 53 54 38
f 3486 3544 3543 3488
f 75 89 90 76
f 3369 3418 3419 3370
f 99 130 131 101
f 38 54 55 39
f 8 36 37 10
f 91 123 124 92
f 2145 2178 2179 2146
f 199 200 202 201
f 61 76 77 62
f 62 77 78 63
f 2267 2323 2324 2268
f 47 63 64 48
f 521 539 541 523
f 3401 3402 3404 3403
f 2238 2294 2295 2239
f 56 73 72 58
f 194 195 198 197
f 4332 4378 4379 4333
f 92 124 125 93
f 53 69 70 54
f 78 92 93 79
f 1469 1502 1503 1470
f 229 230 231 181
f 29 30 32 31
f 2076 2115 2116 2077
f 23 24 26 25
f 2615 2688 2689 2616
f 179 180 182 145
f 1113 1115 1114 1080
f 2274 2329 2331 2330
f 70 85 86 71
f 4232 4296 4297 4233
f 80 104 106 82
f 107 138 139 108
f 4336 4382 4383 4337
f 4414 4436 4437 4415
f 3016 3046 3045 3018
f 72 88 87 74
f 233 284 285 234
f 66 81 80 65
f 223 271 272 224
f 4248 4309 4310 4249
f 46 62 63 47
f 2242 2298 2299 2243
f 2266 2322 2323 2267
f 5 6 8 7
f 4397 4421 4422 4398
f 44 60 61 45
f 24 44 45 26
f 2031 2071 2072 2033
f 178 181 180 179
f 58 72 74 59
f 12 38 39 14
f 2153 2186 2187 2154
f 4375 4408 4409 4376
f 87 120 121 89
f 4341 4387 4388 4342
f 333 358 359 334
f 2193 2196 2195 2194
f 4086 4161 4162 4087
f 2315 2382 2383 2316
f 4083 4158 4159 4084
f 126 128 127 97
f 4215 4279 4280 4216
f 119 148 149 120
f 3797 3847 3848 3798
f 219 267 266 218
f 77 91 92 78
f 801 817 816 800
f 85 109 110 86
f 1025 1060 1061 1026
f 1033 1068 1069 1034
f 1181 1224 1225 1182
f 3991 3992 3994 3993
f 131 161 162 132
f 163 210 211 165
f 156 204 205 158
f 275 321 323 278
f 134 163 165 164
f 28 46 47 30
f 3442 3494 3495 3443
f 1670 1710 1711 1671
f 303 335 336 304
f 1041 1076 1077 1042
f 146 184 185 147
f 135 170 172 137
f 4070 4145 4146 4071
f 149 187 188 150
f 3473 3531 3532 3474
f 2299 2366 2367 2300
f 127 158 159 129
f 2388 2463 2464 2389
f 1366 1401 1402 1367
f 331 355 357 332
f 114 115 118 117
f 141 176 177 142
f 103 132 134 133
f 2605 2678 2679 2606
f 150 188 189 151
f 157 203 204 156
f 273 276 275 274
f 399 418 419 400
f 117 118 119 88
f 166 167 169 168
f 7 8 10 9
f 736 752 754 738
f 210 256 257 211
f 90 122 123 91
f 171 219 218 170
f 3425 3475 3477 3426
f 110 141 142 112
f 76 90 91 77
f 2244 2300 2301 2245
f 88 119 120 87
f 613 630 631 614
f 2225 2226 2227 2165
f 3417 3470 3471 3418
f 165 211 212 167
f 1178 1221 1222 1179
f 159 206 207 160
f 471 488 489 472
f 203 249 250 204
f 2411 2412 2413 2341
f 120 149 150 121
f 403 422 423 404
f 2209 2210 2212 2211
f 1673 1713 1714 1674
f 181 231 232 180
f 174 222 223 175
f 183 234 235 184
f 3394 3444 3445 3396
f 1759 1794 1795 1760
f 537 555 556 538
f 221 269 270 222
f 220 268 269 221
f 147 185 186 148
f 60 75 76 61
f 2392 2467 2468 2393
f 198 246 247 200
f 2201 2202 2204 2203
f 330 356 355 331
f 2322 2389 2390 2323
f 205 251 252 206
f 2331 2397 2398 2333
f 207 253 254 208
f 373 392 393 375
f 749 765 766 750
f 189 240 241 190
f 543 561 562 544
f 235 286 287 236
f 262 263 265 264
f 191 242 243 192
f 2164 2228 2229 2166
f 69 84 85 70
f 483 500 501 484
f 130 160 161 131
f 777 793 794 778
f 173 221 222 174
f 206 252 253 207
f 167 212 213 169
f 184 235 236 185
f 2104 2138 2139 2105
f 529 547 548 530
f 248 298 299 249
f 182 233 234 183
f 2330 2331 2333 2332
f 3287 3315 3316 3288
f 298 330 331 299
f 309 341 342 310
f 2594 2667 2668 2595
f 101 131 132 103
f 118 147 148 119
f 108 139 140 109
f 232 283 284 233
f 2341 2413 2414 2340
f 861 899 900 863
f 122 151 152 123
f 3433 3487 3486 3435
f 211 257 258 212
f 231 282 283 232
f 1053 1085 1086 1054
f 547 565 566 548
f 615 632 633 616
f 277 278 279 228
f 4405 4427 4428 4406
f 1617 1653 1654 1619
f 139 174 175 140
f 238 289 290 239
f 300 332 333 301
f 261 311 312 263
f 255 305 306 256
f 3525 3575 3576 3526
f 1057 1089 1090 1058
f 4240 4301 4303 4242
f 2378 2453 2454 2379
f 195 244 246 198
f 2507 2578 2579 2508
f 84 108 109 85
f 2156 2189 2190 2157
f 526 544 545 527
f 459 476 477 460
f 381 398 399 382
f 679 696 697 680
f 293 325 327 294
f 1266 1308 1309 1267
f 295 329 328 297
f 256 306 307 257
f 222 270 271 223
f 269 318 319 270
f 3465 3521 3523 3464
f 302 334 335 303
f 263 312 313 265
f 278 323 324 279
f 237 288 289 238
f 1073 1105 1106 1074
f 1049 1081 1082 1050
f 340 365 366 341
f 138 173 174 139
f 246 295 297 247
f 239 290 291 240
f 240 291 292 241
f 3365 3412 3414 3364
f 97 127 129 96
f 355 377 376 357
f 3449 3501 3502 3450
f 251 301 302 252
f 1210 1253 1254 1211
f 175 223 224 176
f 200 247 248 202
f 1789 1824 1825 1790
f 3874 3937 3938 3875
f 775 791 792 776
f 2289 2356 2357 2290
f 317 348 347 316
f 2419 2500 2501 2420
f 15 18 17 16
f 128 156 158 127
f 2806 2876 2877 2807
f 1727 1763 1764 1728
f 445 462 463 446
f 3441 3493 3494 3442
f 341 366 367 342
f 326 353 352 325
f 4126 4196 4197 4127
f 2196 2260 2261 2195
f 2526 2596 2597 2527
f 683 700 701 684
f 2233 2289 2290 2234
f 227 280 281 230
f 336 361 362 337
f 265 313 315 314
f 387 404 405 388
f 388 405 406 389
f 365 385 386 366
f 358 378 379 359
f 3566 3615 3616 3567
f 368 388 389 369
f 1222 1265 1266 1223
f 474 491 492 475
f 2185 2248 2249 2186
f 2410 2491 2492 2409
f 357 376 378 358
f 2395 2470 2471 2396
f 2362 2434 2435 2363
f 2180 2243 2244 2181
f 3798 3848 3849 3799
f 509 528 529 510
f 1285 1323 1324 1286
f 863 900 901 865
f 325 352 354 327
f 382 399 400 383
f 716 733 734 717
f 384 401 402 385
f 927 961 962 928
f 747 763 764 748
f 2177 2240 2241 2178
f 2402 2476 2477 2404
f 253 303 304 254
f 366 386 387 367
f 420 439 440 421
f 376 395 394 378
f 607 624 625 608
f 145 182 183 144
f 268 316 318 269
f 4344 4390 4391 4345
f 335 360 361 336
f 344 369 370 345
f 3654 3700 3701 3655
f 458 475 476 459
f 427 446 447 428
f 319 350 351 320
f 4372 4405 4406 4373
f 334 359 360 335
f 3545 3593 3595 3546
f 3426 3477 3478 3427
f 1982 1983 1984 1934
f 1437 1470 1471 1438
f 186 237 238 187
f 935 969 970 936
f 451 468 470 453
f 254 304 305 255
f 1677 1678 1681 1680
f 581 601 603 583
f 1633 1667 1668 1634
f 218 266 268 220
f 2451 2526 2527 2452
f 172 220 221 173
f 2228 2284 2285 2229
f 2951 2993 2994 2953
f 811 827 828 812
f 226 227 230 229
f 452 469 468 451
f 429 448 449 430
f 406 425 426 407
f 407 426 427 408
f 408 427 428 409
f 1615 1652 1653 1617
f 3537 3586 3587 3538
f 307 339 340 308
f 603 620 621 604
f 438 455 456 439
f 439 456 457 440
f 440 457 458 441
f 4167 4237 4238 4168
f 609 626 627 610
f 2241 2297 2298 2242
f 991 1029 1030 992
f 397 416 417 398
f 2515 2518 2517 2516
f 148 186 187 149
f 2212 2269 2270 2214
f 1256 1298 1299 1257
f 731 747 748 732
f 162 209 210 163
f 3497 3553 3554 3498
f 454 471 472 455
f 455 472 473 456
f 456 473 474 457
f 992 1030 1031 993
f 825 841 842 826
f 653 670 669 652
f 492 509 510 493
f 363 383 384 364
f 446 463 464 447
f 447 464 465 448
f 448 465 466 449
f 4031 4107 4108 4032
f 859 897 898 858
f 1065 1097 1098 1066
f 422 441 442 423
f 453 470 471 454
f 415 433 435 416
f 416 435 436 417
f 2335 2399 2400 2337
f 113 116 115 114
f 499 516 517 500
f 3489 3545 3546 3490
f 477 494 495 478
f 1250 1292 1293 1251
f 343 368 369 344
f 360 380 381 361
f 3616 3664 3665 3617
f 522 540 539 521
f 274 275 278 277
f 1063 1095 1096 1064
f 339 364 365 340
f 196 245 244 195
f 2491 2562 2563 2492
f 136 171 170 135
f 3336 3368 3369 3337
f 1757 1792 1793 1758
f 725 741 742 726
f 3481 3538 3539 3483
f 493 510 511 494
f 478 495 496 479
f 479 496 497 480
f 480 497 498 481
f 1944 1993 1994 1945
f 947 979 980 948
f 2281 2348 2349 2282
f 524 542 543 525
f 485 502 504 487
f 502 521 523 504
f 433 452 451 435
f 4324 4370 4371 4325
f 531 549 550 532
f 2554 2556 2555 2482
f 461 478 479 462
f 2467 2542 2543 2468
f 503 522 521 502
f 2380 2455 2456 2381
f 645 662 663 646
f 610 627 628 611
f 2265 2321 2322 2266
f 1135 1179 1180 1136
f 405 424 425 406
f 518 537 538 520
f 2354 2426 2427 2355
f 3522 3572 3571 3521
f 501 518 520 519
f 2474 2549 2550 2475
f 789 805 806 790
f 395 414 413 394
f 510 529 530 511
f 527 545 546 528
f 528 546 547 529
f 4228 4292 4293 4229
f 1885 1926 1927 1886
f 2257 2314 2315 2259
f 428 447 448 429
f 517 536 537 518
f 486 503 502 485
f 511 530 531 512
f 512 531 532 513
f 2680 2745 2746 2681
f 1011 1046 1047 1012
f 563 587 588 564
f 487 504 505 488
f 488 505 506 489
f 430 449 450 432
f 541 559 560 542
f 2346 2418 2419 2347
f 3458 3507 3509 3508
f 2223 2224 2226 2225
f 345 370 371 346
f 258 308 309 259
f 3505 3561 3562 3506
f 379 396 397 380
f 270 319 320 271
f 228 279 280 227
f 2300 2367 2368 2301
f 1723 1759 1760 1724
f 594 614 615 595
f 885 886 887 851
f 1207 1250 1251 1208
f 2029 2069 2070 2028
f 2181 2244 2245 2182
f 4413 4435 4436 4414
f 557 581 583 559
f 551 569 570 552
f 552 570 571 553
f 2917 2965 2966 2918
f 1083 1119 1120 1084
f 250 300 301 251
f 1657 1696 1697 1658
f 549 567 568 550
f 2643 2716 2717 2644
f 567 591 592 568
f 568 592 593 569
f 2725 2808 2809 2726
f 1105 1141 1142 1106
f 475 492 493 476
f 604 621 622 605
f 995 1033 1034 996
f 2141 2174 2175 2142
f 389 406 407 390
f 2506 2577 2578 2507
f 525 543 544 526
f 1338 1372 1373 1339
f 212 258 259 213
f 2284 2351 2352 2285
f 1325 1359 1360 1326
f 1129 1173 1174 1130
f 4304 4356 4357 4305
f 1271 1313 1314 1272
f 202 248 249 203
f 590 610 611 591
f 591 611 612 592
f 592 612 613 593
f 3076 3100 3101 3077
f 933 967 968 934
f 3529 3579 3580 3530
f 435 451 453 436
f 2851 2904 2905 2852
f 583 603 604 584
f 584 604 605 585
f 4069 4144 4145 4070
f 49 65 67 51
f 3617 3665 3666 3618
f 636 653 652 635
f 589 609 610 590
f 550 568 569 551
f 575 578 577 576
f 576 577 580 579
f 3989 3990 3992 3991
f 3521 3571 3573 3523
f 2891 2931 2932 2892
f 621 638 639 622
f 1290 1328 1329 1291
f 495 512 513 496
f 496 513 514 497
f 2875 2922 2923 2876
f 666 683 684 667
f 1369 1404 1405 1370
f 1375 1378 1377 1376
f 419 438 439 420
f 2563 2632 2633 2564
f 359 379 380 360
f 2340 2414 2415 2343
f 94 97 96 95
f 2309 2376 2377 2308
f 637 654 655 638
f 3513 3566 3567 3515
f 622 639 640 623
f 623 640 641 624
f 624 641 642 625
f 814 830 831 815
f 1211 1254 1255 1212
f 667 684 685 668
f 676 693 694 677
f 629 646 647 630
f 646 663 664 647
f 412 430 432 431
f 648 665 666 649
f 670 687 686 669
f 577 598 600 580
f 1209 1252 1253 1210
f 2547 2617 2618 2548
f 605 622 623 606
f 2442 2520 2521 2445
f 2316 2383 2384 2317
f 22 43 44 24
f 746 762 763 747
f 1061 1093 1094 1062
f 2546 2616 2617 2547
f 533 551 552 534
f 662 679 680 663
f 663 680 681 664
f 664 681 682 665
f 3661 3707 3708 3662
f 2445 2521 2522 2447
f 1137 1181 1182 1138
f 1423 1456 1457 1424
f 655 672 673 656
f 654 671 672 655
f 656 673 674 657
f 1245 1287 1288 1246
f 1291 1329 1330 1292
f 699 716 717 700
f 2538 2608 2609 2539
f 413 434 433 415
f 630 647 648 631
f 631 648 649 632
f 632 649 650 633
f 1806 1841 1842 1807
f 257 307 308 258
f 3577 3625 3626 3578
f 572 596 597 573
f 661 678 679 662
f 3498 3554 3555 3499
f 2386 2461 2462 2387
f 3931 4032 4033 3932
f 730 746 747 731
f 1117 1161 1162 1118
f 943 974 976 944
f 595 615 616 596
f 558 582 581 557
f 308 340 341 309
f 2444 2445 2447 2446
f 2366 2438 2439 2367
f 2581 2650 2651 2582
f 2929 2975 2976 2930
f 252 302 303 253
f 306 338 339 307
f 3166 3198 3200 3167
f 688 705 706 689
f 1363 1398 1399 1364
f 740 756 757 741
f 2130 2133 2132 2131
f 709 726 727 710
f 2595 2668 2669 2596
f 687 704 703 686
f 712 729 730 713
f 2966 3003 3004 2967
f 1145 1189 1190 1146
f 1697 1738 1739 1698
f 3443 3495 3496 3444
f 701 718 719 702
f 686 703 705 688
f 2278 2344 2345 2277
f 2356 2428 2429 2357
f 1267 1309 1310 1268
f 1189 1232 1233 1190
f 949 981 982 950
f 669 686 688 671
f 726 742 743 727
f 711 728 729 712
f 728 744 745 729
f 1510 1542 1543 1511
f 1153 1198 1199 1155
f 689 706 707 690
f 3060 3084 3085 3061
f 234 285 286 235
f 2579 2648 2649 2580
f 4382 4415 4416 4383
f 720 736 738 722
f 1435 1468 1469 1436
f 763 779 780 764
f 1961 2010 2011 1962
f 507 526 527 508
f 742 758 759 743
f 292 326 325 293
f 696 713 714 697
f 4214 4278 4279 4215
f 169 213 215 214
f 394 413 415 396
f 772 788 789 773
f 733 749 750 734
f 734 750 751 735
f 724 740 741 725
f 640 657 658 641
f 794 810 811 795
f 1253 1295 1296 1254
f 1849 1850 1853 1852
f 757 773 774 758
f 694 711 712 695
f 743 759 760 744
f 504 523 524 505
f 2314 2381 2382 2315
f 2877 2924 2925 2878
f 2401 2402 2404 2403
f 1623 1656 1657 1625
f 491 508 509 492
f 1322 1356 1357 1323
f 1199 1242 1243 1200
f 144 183 184 146
f 1499 1531 1532 1500
f 795 811 812 796
f 1737 1773 1774 1738
f 773 789 790 774
f 2627 2700 2701 2628
f 727 743 744 728
f 3903 4006 4007 3904
f 1055 1087 1088 1056
f 593 613 614 594
f 2337 2400 2402 2401
f 804 820 821 805
f 765 781 782 766
f 766 782 783 767
f 391 408 409 392
f 3602 3650 3651 3603
f 882 921 922 884
f 1333 1367 1368 1334
f 362 382 383 363
f 741 757 758 742
f 790 806 807 791
f 695 712 713 696
f 3036 3064 3065 3037
f 3934 4035 4037 3936
f 3045 3069 3071 3047
f 2329 2396 2397 2331
f 1687 1728 1729 1688
f 677 694 695 678
f 2611 2684 2685 2612
f 1446 1479 1480 1447
f 2668 2732 2734 2669
f 1587 1601 1602 1588
f 827 843 844 828
f 4137 4207 4208 4138
f 539 557 559 541
f 806 822 823 807
f 639 656 657 640
f 760 776 777 761
f 643 660 661 644
f 585 605 606 586
f 426 445 446 427
f 2930 2976 2977 2931
f 797 813 814 798
f 798 814 815 799
f 4121 4191 4192 4122
f 1868 1909 1910 1869
f 2321 2388 2389 2322
f 2428 2509 2510 2429
f 2759 2842 2843 2760
f 1767 1802 1803 1768
f 774 790 791 775
f 816 832 834 818
f 856 859 858 857
f 858 898 899 861
f 1413 1446 1447 1414
f 961 993 994 962
f 821 837 838 822
f 710 727 728 711
f 372 373 375 374
f 2412 2493 2494 2413
f 3599 3647 3648 3600
f 3213 3239 3240 3214
f 418 437 438 419
f 868 907 909 870
f 523 541 542 524
f 566 590 591 567
f 791 807 808 792
f 739 755 756 740
f 837 872 873 838
f 618 635 637 620
f 1635 1669 1670 1636
f 829 845 846 830
f 839 874 875 840
f 1477 1509 1510 1478
f 805 821 822 806
f 332 357 358 333
f 1097 1133 1134 1098
f 1169 1212 1213 1170
f 266 317 316 268
f 855 890 892 891
f 3439 3491 3492 3440
f 875 914 915 876
f 847 882 884 883
f 571 595 596 572
f 2658 2726 2727 2659
f 830 846 847 831
f 807 823 824 808
f 832 869 868 834
f 2703 2766 2767 2704
f 1571 1585 1586 1572
f 2409 2492 2493 2412
f 1831 1874 1875 1832
f 853 889 890 855
f 2843 2898 2899 2844
f 2418 2499 2500 2419
f 864 865 867 866
f 1935 1936 1938 1937
f 1185 1228 1229 1186
f 3609 3657 3658 3610
f 1442 1444 1443 1411
f 396 415 416 397
f 824 840 841 825
f 464 481 482 465
f 2077 2116 2117 2078
f 900 934 935 901
f 878 917 918 879
f 768 784 786 770
f 304 336 337 305
f 569 593 594 570
f 1581 1595 1597 1583
f 3601 3649 3650 3602
f 869 908 907 868
f 870 909 910 871
f 2468 2543 2544 2469
f 930 964 965 931
f 1895 1942 1943 1896
f 2441 2442 2445 2444
f 555 573 574 556
f 862 863 865 864
f 903 904 906 905
f 880 919 920 881
f 3052 3076 3077 3053
f 3493 3549 3550 3494
f 923 957 958 924
f 3585 3631 3633 3586
f 901 935 936 902
f 1362 1397 1398 1363
f 887 924 925 888
f 904 937 938 906
f 840 875 876 841
f 1787 1822 1823 1788
f 2361 2433 2434 2362
f 932 966 967 933
f 877 916 917 878
f 2707 2770 2771 2708
f 380 397 398 381
f 2452 2527 2528 2453
f 1536 1559 1560 1537
f 337 362 363 338
f 1645 1684 1685 1644
f 2706 2769 2770 2707
f 893 894 896 895
f 902 936 937 904
f 919 953 954 920
f 920 954 955 921
f 1392 1427 1428 1393
f 1002 1040 1041 1003
f 813 829 830 814
f 911 945 946 912
f 912 946 947 913
f 800 816 818 802
f 3629 3677 3678 3630
f 2353 2425 2426 2354
f 1967 2016 2017 1968
f 693 710 711 694
f 926 960 961 927
f 871 910 911 872
f 888 925 926 889
f 4327 4373 4374 4328
f 1891 1893 1892 1851
f 963 995 996 964
f 2690 2755 2756 2691
f 4360 4400 4401 4361
f 2683 2748 2749 2684
f 823 839 840 824
f 3578 3626 3627 3579
f 1823 1866 1867 1824
f 297 328 330 298
f 506 525 526 507
f 860 861 863 862
f 421 440 441 422
f 950 982 983 951
f 647 664 665 648
f 2500 2571 2572 2501
f 2536 2606 2607 2537
f 986 1024 1025 987
f 1725 1761 1762 1726
f 1495 1527 1528 1496
f 934 968 969 935
f 367 387 388 368
f 3757 3805 3806 3758
f 548 566 567 549
f 910 944 945 911
f 944 976 977 945
f 4220 4284 4285 4221
f 1907 1954 1955 1908
f 498 515 516 499
f 2039 2078 2079 2040
f 3668 3714 3716 3667
f 838 873 874 839
f 2498 2569 2570 2499
f 968 1000 1001 969
f 3160 3193 3194 3161
f 681 698 699 682
f 891 892 894 893
f 1705 1742 1744 1707
f 972 1004 1005 973
f 2723 2805 2806 2722
f 975 1012 1013 974
f 2484 2558 2559 2486
f 3952 4051 4052 3954
f 1835 1878 1879 1836
f 2377 2452 2453 2378
f 1004 1042 1043 1005
f 925 959 960 926
f 1006 1009 1008 1007
f 708 725 726 709
f 984 1022 1023 985
f 3800 3850 3851 3801
f 1225 1268 1269 1226
f 1797 1832 1833 1798
f 3681 3727 3729 3682
f 3088 3112 3113 3089
f 976 1014 1015 977
f 1121 1165 1166 1122
f 2119 2153 2154 2120
f 2417 2498 2499 2418
f 990 1028 1029 991
f 951 983 984 952
f 952 984 985 953
f 2248 2304 2305 2249
f 1971 2020 2021 1972
f 1027 1062 1063 1028
f 3649 3695 3696 3650
f 635 652 654 637
f 2787 2788 2790 2789
f 2458 2533 2534 2459
f 896 930 931 897
f 213 259 260 215
f 137 172 173 138
f 546 564 565 547
f 1036 1071 1072 1037
f 1085 1121 1122 1086
f 1014 1049 1050 1015
f 460 477 478 461
f 776 792 793 777
f 197 198 200 199
f 1058 1090 1091 1059
f 1861 1902 1903 1862
f 3633 3679 3681 3634
f 1021 1056 1057 1022
f 998 1036 1037 999
f 999 1037 1038 1000
f 1008 1044 1046 1011
f 965 997 998 966
f 4037 4111 4113 4038
f 1031 1066 1067 1032
f 2660 2728 2729 2661
f 437 454 455 438
f 2051 2090 2091 2052
f 2489 2490 2491 2410
f 2167 2230 2231 2168
f 1434 1467 1468 1435
f 974 1013 1014 976
f 444 461 462 445
f 3682 3729 3730 3683
f 781 797 798 782
f 633 650 651 634
f 1067 1099 1100 1068
f 3625 3673 3674 3626
f 1037 1072 1073 1038
f 1394 1429 1430 1395
f 1047 1080 1079 1048
f 1048 1079 1081 1049
f 717 734 735 718
f 1130 1174 1175 1131
f 2393 2468 2469 2394
f 1076 1108 1109 1077
f 1029 1064 1065 1030
f 2859 2860 2862 2861
f 1039 1074 1075 1040
f 1040 1075 1076 1041
f 371 391 392 373
f 4165 4235 4236 4166
f 1925 1972 1973 1926
f 2866 2867 2870 2869
f 1213 1256 1257 1214
f 1038 1073 1074 1039
f 4412 4434 4435 4413
f 1016 1051 1052 1017
f 1015 1050 1051 1016
f 2184 2247 2248 2185
f 2163 2164 2166 2133
f 2385 2460 2461 2386
f 2271 2327 2328 2272
f 997 1035 1036 998
f 1070 1102 1103 1071
f 959 991 992 960
f 3626 3674 3675 3627
f 756 772 773 757
f 625 642 643 626
f 1099 1135 1136 1100
f 2794 2853 2854 2796
f 675 692 693 676
f 2747 2830 2831 2748
f 500 517 518 501
f 2572 2641 2642 2573
f 1573 1587 1588 1574
f 1114 1159 1160 1116
f 578 599 598 577
f 980 1018 1019 981
f 1069 1101 1102 1070
f 1086 1122 1123 1087
f 1071 1103 1104 1072
f 1072 1104 1105 1073
f 1917 1964 1965 1918
f 4309 4361 4362 4310
f 1989 2042 2043 1990
f 3657 3703 3704 3658
f 1093 1129 1130 1094
f 1078 1110 1112 1111
f 2407 2410 2409 2408
f 659 676 677 660
f 1096 1132 1133 1097
f 2179 2242 2243 2180
f 1721 1757 1758 1722
f 570 594 595 571
f 1241 1283 1284 1242
f 1124 1168 1169 1125
f 1109 1145 1146 1110
f 1054 1086 1087 1055
f 1095 1131 1132 1096
f 2556 2625 2624 2555
f 1853 1895 1896 1855
f 2115 2149 2150 2116
f 1003 1041 1042 1004
f 2850 2903 2904 2851
f 1101 1137 1138 1102
f 982 1020 1021 983
f 476 493 494 477
f 1152 1153 1155 1154
f 907 941 943 909
f 1257 1299 1300 1258
f 1485 1517 1518 1486
f 2479 2482 2481 2480
f 851 887 888 850
f 846 881 882 847
f 1119 1163 1164 1120
f 1104 1140 1141 1105
f 1149 1150 1153 1152
f 3253 3283 3285 3255
f 1533 1556 1557 1534
f 3673 3721 3722 3674
f 370 390 391 371
f 582 602 601 581
f 1103 1139 1140 1104
f 1080 1114 1116 1079
f 2477 2552 2553 2478
f 129 159 160 130
f 1024 1059 1060 1025
f 2485 2486 2488 2487
f 1079 1116 1117 1081
f 6 35 36 8
f 1187 1230 1231 1188
f 601 618 620 603
f 707 724 725 708
f 4384 4417 4418 4385
f 2482 2555 2557 2481
f 2604 2677 2678 2605
f 2677 2742 2743 2678
f 1186 1229 1230 1187
f 1171 1214 1215 1172
f 1172 1215 1216 1173
f 1125 1169 1170 1126
f 463 480 481 464
f 532 550 551 533
f 1136 1180 1181 1137
f 3085 3109 3110 3086
f 190 241 242 191
f 2497 2568 2569 2498
f 3713 3715 3714 3668
f 1157 1200 1201 1158
f 3155 3188 3189 3156
f 1143 1187 1188 1144
f 1160 1203 1204 1161
f 2997 3029 3030 2998
f 2323 2390 2391 2324
f 2149 2182 2183 2150
f 2471 2546 2547 2472
f 691 708 709 692
f 1118 1162 1163 1119
f 1167 1210 1211 1168
f 2588 2661 2662 2589
f 1467 1500 1501 1468
f 649 666 667 650
f 2449 2524 2525 2450
f 3665 3711 3712 3666
f 1173 1216 1217 1174
f 3073 3097 3098 3074
f 1195 1236 1238 1194
f 2425 2506 2507 2426
f 1282 1320 1321 1283
f 1204 1247 1248 1205
f 1165 1208 1209 1166
f 2907 2946 2947 2908
f 516 535 536 517
f 1176 1219 1220 1177
f 2277 2345 2346 2279
f 342 367 368 343
f 2253 2254 2257 2256
f 2898 2938 2939 2899
f 1133 1177 1178 1134
f 1174 1217 1218 1175
f 1183 1226 1227 1184
f 1168 1211 1212 1169
f 715 732 733 716
f 2387 2462 2463 2388
f 1201 1244 1245 1202
f 2551 2621 2622 2552
f 957 989 990 958
f 1198 1241 1242 1199
f 1175 1218 1219 1176
f 1144 1188 1189 1145
f 3597 3645 3646 3598
f 313 345 346 315
f 1227 1270 1271 1228
f 2890 2930 2931 2891
f 917 951 952 918
f 2610 2683 2684 2611
f 1151 1196 1197 1150
f 3658 3704 3705 3659
f 1755 1790 1791 1756
f 1258 1300 1301 1259
f 650 667 668 651
f 1148 1151 1150 1149
f 1197 1240 1241 1198
f 1214 1257 1258 1215
f 1087 1123 1124 1088
f 2636 2709 2710 2637
f 3853 3918 3919 3854
f 883 884 886 885
f 2047 2086 2087 2048
f 1206 1249 1250 1207
f 967 999 1000 968
f 1208 1251 1252 1209
f 4197 4261 4262 4198
f 494 511 512 495
f 2285 2352 2353 2286
f 828 844 845 829
f 466 483 484 467
f 1182 1225 1226 1183
f 1215 1258 1259 1216
f 1232 1275 1276 1233
f 4133 4203 4204 4134
f 2459 2534 2535 2460
f 642 659 660 643
f 873 912 913 874
f 1237 1279 1278 1236
f 1126 1170 1171 1127
f 700 717 718 701
f 2620 2693 2694 2621
f 2003 2056 2057 2004
f 1281 1319 1320 1282
f 890 927 928 892
f 1268 1310 1311 1269
f 1229 1272 1273 1230
f 2947 2989 2990 2948
f 2578 2647 2648 2579
f 1248 1290 1291 1249
f 3461 3517 3519 3518
f 2363 2435 2436 2364
f 2457 2532 2533 2458
f 3753 3801 3802 3754
f 1205 1248 1249 1206
f 1238 1280 1281 1239
f 1255 1297 1298 1256
f 1240 1282 1283 1241
f 1247 1289 1290 1248
f 1262 1304 1305 1263
f 1216 1259 1260 1217
f 390 407 408 391
f 1297 1335 1336 1298
f 2349 2421 2422 2350
f 2711 2774 2775 2712
f 402 421 422 403
f 2923 2971 2972 2924
f 1223 1266 1267 1224
f 1192 1195 1194 1193
f 310 342 343 311
f 2539 2609 2610 2540
f 1193 1194 1196 1151
f 3705 3754 3755 3706
f 771 787 788 772
f 1278 1316 1318 1280
f 2522 2592 2593 2523
f 1032 1067 1068 1033
f 2291 2358 2359 2292
f 305 337 338 306
f 1347 1348 1350 1317
f 1316 1351 1352 1318
f 1261 1303 1304 1262
f 1270 1312 1313 1271
f 612 629 630 613
f 784 800 802 786
f 606 623 624 607
f 1330 1364 1365 1331
f 782 798 799 783
f 682 699 700 683
f 1293 1331 1332 1294
f 3697 3746 3747 3698
f 1246 1288 1289 1247
f 1279 1317 1316 1278
f 2844 2899 2900 2845
f 958 990 991 959
f 2603 2676 2677 2604
f 2413 2494 2495 2414
f 2855 2856 2858 2857
f 755 771 772 756
f 1450 1483 1484 1451
f 1303 1341 1342 1304
f 3746 3794 3795 3747
f 886 923 924 887
f 665 682 683 666
f 2481 2557 2558 2484
f 1809 1844 1845 1810
f 1317 1350 1351 1316
f 2987 3019 3020 2988
f 596 616 617 597
f 1320 1354 1355 1321
f 2571 2640 2641 2572
f 1410 1445 1446 1413
f 1379 1380 1382 1381
f 1327 1361 1362 1328
f 3028 3056 3057 3029
f 2473 2548 2549 2474
f 1301 1339 1340 1302
f 1269 1311 1312 1270
f 1356 1391 1392 1357
f 1302 1340 1341 1303
f 1319 1353 1354 1320
f 1280 1318 1319 1281
f 158 205 206 159
f 918 952 953 919
f 2493 2564 2565 2494
f 2970 3007 3008 2971
f 1 4 3 2
f 1334 1368 1369 1335
f 1287 1325 1326 1288
f 3698 3747 3748 3699
f 1819 1862 1863 1820
f 2675 2740 2741 2676
f 2465 2540 2541 2466
f 2887 2926 2928 2888
f 803 819 820 804
f 2963 3000 3001 2964
f 1231 1274 1275 1232
f 2716 2779 2780 2717
f 3317 3344 3345 3319
f 657 674 675 658
f 1387 1422 1423 1388
f 1376 1377 1380 1379
f 2915 2962 2963 2914
f 2962 2999 3000 2963
f 1402 1437 1438 1403
f 1742 1778 1780 1744
f 3234 3262 3263 3235
f 1358 1393 1394 1359
f 644 661 662 645
f 1368 1403 1404 1369
f 2134 2135 2136 2102
f 1062 1094 1095 1063
f 714 731 732 715
f 3721 3768 3769 3722
f 1381 1382 1383 1349
f 1350 1385 1386 1351
f 1351 1386 1387 1352
f 2692 2757 2758 2693
f 1990 2043 2044 1991
f 2739 2822 2823 2740
f 2557 2626 2627 2558
f 2959 2997 2998 2961
f 1365 1400 1401 1366
f 1318 1352 1353 1319
f 1383 1418 1419 1384
f 1384 1419 1420 1385
f 3203 3233 3234 3204
f 1321 1355 1356 1322
f 706 723 724 707
f 1753 1788 1789 1754
f 787 803 804 788
f 2659 2727 2728 2660
f 1283 1321 1322 1284
f 1337 1371 1372 1338
f 1397 1432 1433 1398
f 1254 1296 1297 1255
f 628 645 646 629
f 1408 1411 1410 1409
f 1286 1324 1325 1287
f 4357 4397 4398 4358
f 2085 2124 2125 2086
f 1428 1461 1462 1429
f 1389 1424 1425 1390
f 1134 1178 1179 1135
f 1399 1434 1435 1400
f 1352 1387 1388 1353
f 2662 2730 2731 2663
f 641 658 659 642
f 2613 2686 2687 2614
f 3002 3034 3035 3003
f 1349 1383 1384 1348
f 1390 1425 1426 1391
f 1391 1426 1427 1392
f 1288 1326 1327 1289
f 2654 2655 2658 2657
f 2618 2691 2692 2619
f 1161 1204 1205 1162
f 3047 3071 3072 3048
f 442 459 460 443
f 3139 3174 3175 3140
f 1359 1394 1395 1360
f 1326 1360 1361 1327
f 3745 3793 3794 3746
f 1451 1484 1485 1452
f 835 870 871 836
f 1578 1592 1594 1580
f 2562 2631 2632 2563
f 2748 2831 2832 2749
f 3491 3547 3548 3492
f 2955 2995 2996 2957
f 2569 2638 2639 2570
f 1460 1493 1494 1461
f 1421 1454 1455 1422
f 1438 1471 1472 1439
f 684 701 702 685
f 1416 1449 1450 1417
f 2894 2934 2935 2895
f 385 402 403 386
f 2685 2750 2751 2686
f 3737 3782 3783 3739
f 1445 1478 1479 1446
f 1430 1463 1464 1431
f 1431 1464 1465 1432
f 1448 1481 1482 1449
f 3350 3385 3386 3351
f 1586 1600 1601 1587
f 2521 2591 2592 2522
f 3143 3146 3145 3144
f 819 835 836 820
f 1398 1433 1434 1399
f 1455 1488 1489 1456
f 2732 2816 2817 2734
f 3729 3774 3776 3730
f 1483 1515 1516 1484
f 1461 1494 1495 1462
f 1490 1522 1523 1491
f 660 677 678 661
f 1464 1497 1498 1465
f 3278 3307 3308 3279
f 1478 1510 1511 1479
f 2585 2587 2586 2518
f 1492 1524 1525 1493
f 1453 1486 1487 1454
f 3067 3091 3093 3066
f 1471 1504 1505 1472
f 1456 1489 1490 1457
f 3755 3803 3804 3756
f 3035 3063 3064 3036
f 2813 2815 2814 2733
f 3042 3067 3066 3041
f 1429 1462 1463 1430
f 1462 1495 1496 1463
f 1463 1496 1497 1464
f 1424 1457 1458 1425
f 2454 2529 2530 2455
f 161 208 209 162
f 2505 2576 2577 2506
f 3223 3251 3252 3224
f 1357 1392 1393 1358
f 1486 1518 1519 1487
f 1439 1472 1473 1440
f 3730 3776 3777 3731
f 2995 3027 3028 2996
f 3034 3062 3063 3035
f 1531 1554 1555 1532
f 2125 2159 2160 2126
f 3051 3075 3076 3052
f 1367 1402 1403 1368
f 2804 2874 2875 2805
f 1502 1534 1535 1503
f 1239 1281 1282 1240
f 1488 1520 1521 1489
f 1007 1008 1011 1010
f 1512 1544 1545 1513
f 3870 3935 3934 3872
f 1570 1584 1585 1571
f 778 794 795 779
f 1396 1431 1432 1397
f 1221 1264 1265 1222
f 1494 1526 1527 1495
f 383 400 401 384
f 2788 2850 2851 2790
f 4011 4087 4088 4012
f 3574 3622 3623 3575
f 1528 1550 1552 1529
f 2829 2885 2884 2830
f 4408 4430 4431 4409
f 1470 1503 1504 1471
f 1520 1548 1549 1521
f 4142 4212 4213 4143
f 1646 1647 1648 1609
f 770 786 787 771
f 2639 2712 2713 2640
f 987 1025 1026 988
f 1414 1447 1448 1415
f 3402 3448 3449 3404
f 1427 1460 1461 1428
f 3107 3137 3138 3108
f 1496 1528 1529 1497
f 1503 1535 1536 1504
f 151 189 190 152
f 745 761 762 746
f 2529 2599 2600 2530
f 3295 3322 3323 3296
f 530 548 549 531
f 3099 3128 3130 3100
f 3689 3735 3737 3736
f 1432 1465 1466 1433
f 2933 2979 2980 2934
f 3019 3047 3048 3020
f 1534 1557 1558 1535
f 1557 1574 1575 1558
f 748 764 765 749
f 1296 1334 1335 1297
f 63 78 79 64
f 1409 1410 1413 1412
f 1177 1220 1221 1178
f 1769 1804 1805 1770
f 1131 1175 1176 1132
f 1574 1588 1589 1575
f 3083 3107 3108 3084
f 989 1027 1028 990
f 3171 3204 3205 3172
f 1620 1621 1623 1622
f 1590 1604 1605 1591
f 1552 1569 1570 1553
f 153 191 192 154
f 3817 3866 3867 3818
f 1582 1596 1595 1581
f 3020 3048 3049 3021
f 4283 4338 4339 4284
f 3818 3867 3868 3819
f 3407 3408 3410 3409
f 1603 1639 1640 1604
f 1493 1525 1526 1494
f 1550 1567 1569 1552
f 1583 1597 1598 1584
f 1624 1625 1627 1626
f 3734 3780 3781 3735
f 1682 1683 1684 1645
f 810 826 827 811
f 3777 3823 3824 3778
f 1902 1949 1950 1903
f 3005 3037 3038 3006
f 1562 1578 1580 1564
f 759 775 776 760
f 1616 1617 1619 1618
f 2561 2630 2631 2562
f 482 499 500 483
f 3850 3915 3916 3851
f 671 688 689 672
f 1627 1658 1660 1659
f 899 933 934 900
f 1599 1635 1636 1600
f 180 232 233 182
f 2545 2615 2616 2546
f 3093 3116 3117 3094
f 1589 1603 1604 1590
f 1568 1582 1581 1567
f 1607 1608 1611 1610
f 983 1021 1022 984
f 3251 3281 3282 3252
f 2537 2607 2608 2538
f 1676 1679 1678 1677
f 1621 1655 1656 1623
f 3123 3159 3158 3122
f 1567 1581 1583 1569
f 3762 3810 3809 3761
f 3769 3817 3818 3770
f 867 902 904 903
f 2908 2947 2948 2909
f 697 714 715 698
f 1637 1671 1672 1638
f 3447 3499 3500 3448
f 1511 1543 1544 1512
f 1608 1649 1650 1611
f 1335 1369 1370 1336
f 1738 1774 1775 1739
f 1667 1707 1708 1668
f 3761 3809 3811 3763
f 1661 1662 1664 1663
f 1622 1623 1625 1624
f 780 796 797 781
f 1680 1681 1683 1682
f 1263 1305 1306 1264
f 2046 2085 2086 2047
f 1668 1708 1709 1669
f 1638 1672 1673 1639
f 1597 1633 1634 1598
f 3323 3349 3350 3324
f 468 485 487 470
f 842 877 878 843
f 3106 3136 3137 3107
f 1501 1533 1534 1502
f 3147 3148 3150 3149
f 1631 1665 1667 1633
f 2876 2923 2924 2877
f 535 553 554 536
f 3181 3213 3214 3183
f 3543 3594 3593 3545
f 1655 1694 1695 1656
f 764 780 781 765
f 1662 1699 1700 1664
f 4075 4150 4151 4076
f 834 868 870 835
f 3098 3129 3128 3099
f 931 965 966 932
f 1654 1693 1694 1655
f 1719 1720 1721 1679
f 1656 1695 1696 1657
f 3257 3287 3288 3259
f 425 444 445 426
f 1579 1593 1592 1578
f 1572 1586 1587 1573
f 1653 1692 1693 1654
f 1598 1634 1635 1599
f 1671 1711 1712 1672
f 1648 1687 1688 1649
f 779 795 796 780
f 1722 1758 1759 1723
f 2621 2694 2695 2622
f 2206 2266 2267 2208
f 2111 2145 2146 2112
f 1259 1301 1302 1260
f 3785 3830 3832 3831
f 1685 1726 1727 1686
f 1558 1575 1576 1559
f 1639 1673 1674 1640
f 1632 1666 1665 1631
f 2463 2538 2539 2464
f 3371 3420 3421 3373
f 1576 1590 1591 1577
f 1422 1455 1456 1423
f 915 949 950 916
f 2948 2990 2991 2949
f 2399 2474 2475 2400
f 1385 1420 1421 1386
f 386 403 404 387
f 3607 3655 3656 3608
f 1709 1746 1747 1710
f 1142 1186 1187 1143
f 2626 2699 2700 2627
f 1696 1737 1738 1697
f 1020 1055 1056 1021
f 3307 3335 3336 3308
f 1739 1775 1776 1740
f 1793 1828 1829 1794
f 1693 1734 1735 1694
f 3299 3325 3326 3301
f 812 828 829 813
f 1720 1756 1757 1721
f 1679 1721 1722 1678
f 1401 1436 1437 1402
f 2633 2706 2707 2634
f 1748 1784 1785 1749
f 1695 1736 1737 1696
f 1650 1689 1690 1651
f 2916 2964 2965 2917
f 3111 3141 3142 3112
f 1102 1138 1139 1103
f 3325 3351 3352 3326
f 3138 3173 3174 3139
f 1701 1704 1703 1702
f 1734 1770 1771 1735
f 1735 1771 1772 1736
f 3031 3059 3060 3032
f 81 105 104 80
f 2593 2666 2667 2594
f 3679 3728 3727 3681
f 514 533 534 515
f 3435 3486 3488 3436
f 796 812 813 797
f 1736 1772 1773 1737
f 1292 1330 1331 1293
f 1786 1821 1822 1787
f 1771 1806 1807 1772
f 3809 3858 3860 3811
f 971 1003 1004 972
f 1694 1735 1736 1695
f 1751 1787 1788 1753
f 1728 1764 1765 1729
f 3399 3400 3402 3401
f 2494 2565 2566 2495
f 1361 1396 1397 1362
f 1780 1815 1816 1781
f 1733 1769 1770 1734
f 1610 1611 1613 1612
f 1743 1779 1778 1742
f 1712 1749 1750 1713
f 3381 3428 3430 3429
f 3523 3573 3574 3524
f 3801 3851 3852 3802
f 1765 1800 1801 1766
f 3195 3229 3230 3197
f 1711 1748 1749 1712
f 3802 3852 3853 3803
f 3743 3791 3792 3744
f 713 730 731 714
f 1265 1307 1308 1266
f 3751 3799 3800 3752
f 955 987 988 956
f 1758 1793 1794 1759
f 1647 1686 1687 1648
f 2996 3028 3029 2997
f 3671 3719 3720 3672
f 1866 1907 1908 1867
f 1803 1838 1839 1804
f 3793 3843 3844 3794
f 1781 1816 1817 1782
f 1782 1817 1818 1783
f 1519 1546 1548 1520
f 1768 1803 1804 1769
f 1604 1640 1641 1605
f 2614 2687 2688 2615
f 914 948 949 915
f 1852 1853 1855 1854
f 1773 1808 1809 1774
f 3179 3211 3212 3180
f 1775 1810 1811 1776
f 1792 1827 1828 1793
f 2871 2918 2919 2872
f 3587 3634 3635 3588
f 3469 3527 3528 3470
f 2980 3013 3014 2981
f 820 836 837 821
f 3178 3210 3209 3177
f 1798 1833 1834 1799
f 1790 1825 1826 1791
f 1749 1785 1786 1750
f 964 996 997 965
f 1808 1843 1844 1809
f 4247 4308 4309 4248
f 369 389 390 370
f 906 938 940 939
f 3823 3870 3872 3824
f 1669 1709 1710 1670
f 1766 1801 1802 1767
f 2738 2821 2822 2739
f 1800 1835 1836 1801
f 1892 1940 1941 1894
f 1850 1894 1895 1853
f 1138 1182 1183 1139
f 3170 3203 3204 3171
f 723 739 740 724
f 1710 1747 1748 1711
f 1815 1858 1859 1816
f 1776 1811 1812 1777
f 152 190 191 153
f 2750 2833 2834 2751
f 2601 2674 2675 2602
f 1724 1760 1761 1725
f 1805 1840 1841 1806
f 3227 3253 3255 3228
f 1807 1842 1843 1808
f 1752 1753 1754 1718
f 608 625 626 609
f 3651 3697 3698 3652
f 3533 3584 3583 3535
f 3303 3327 3329 3328
f 1123 1167 1168 1124
f 1814 1856 1857 1813
f 1217 1260 1261 1218
f 1859 1900 1901 1860
f 1425 1458 1459 1426
f 602 619 618 601
f 1783 1818 1819 1784
f 1584 1598 1599 1585
f 536 554 555 537
f 3571 3619 3621 3573
f 946 978 979 947
f 1380 1416 1417 1382
f 1845 1888 1889 1846
f 1838 1881 1882 1839
f 2674 2739 2740 2675
f 1304 1342 1343 1305
f 3977 3978 3980 3979
f 1449 1482 1483 1450
f 3605 3653 3654 3606
f 2642 2715 2716 2643
f 1837 1880 1881 1838
f 3211 3238 3237 3212
f 876 915 916 877
f 792 808 809 793
f 4095 4170 4171 4096
f 3723 3770 3771 3724
f 2625 2698 2697 2624
f 1884 1925 1926 1885
f 1813 1857 1858 1815
f 1862 1903 1904 1863
f 1839 1882 1883 1840
f 3911 4014 4015 3912
f 1120 1164 1165 1121
f 361 381 382 362
f 1931 1934 1933 1932
f 3953 3954 3956 3955
f 554 572 573 555
f 1846 1889 1890 1847
f 1871 1912 1913 1872
f 1551 1568 1567 1550
f 2617 2690 2691 2618
f 3927 4028 4029 3928
f 844 879 880 845
f 1056 1088 1089 1057
f 1035 1070 1071 1036
f 3897 3898 3900 3899
f 1822 1865 1866 1823
f 1887 1928 1929 1888
f 3340 3374 3376 3342
f 2516 2517 2519 2443
f 1922 1969 1970 1923
f 3669 3717 3718 3670
f 1908 1955 1956 1909
f 1869 1910 1911 1870
f 1634 1668 1669 1635
f 1879 1920 1921 1880
f 1832 1875 1876 1833
f 1328 1362 1363 1329
f 3110 3140 3141 3111
f 2609 2682 2683 2610
f 1953 2002 2003 1954
f 1893 1939 1940 1892
f 3275 3304 3306 3277
f 1855 1896 1897 1856
f 4273 4328 4329 4274
f 1672 1712 1713 1673
f 3835 3837 3836 3788
f 1923 1970 1971 1924
f 4039 4114 4115 4040
f 1019 1054 1055 1020
f 1886 1927 1928 1887
f 1791 1826 1827 1792
f 3084 3108 3109 3085
f 1592 1628 1630 1594
f 729 745 746 730
f 1010 1011 1012 975
f 1873 1914 1915 1874
f 1909 1956 1957 1910
f 1910 1957 1958 1911
f 908 942 941 907
f 1896 1943 1944 1897
f 2724 2807 2808 2725
f 2002 2055 2056 2003
f 3733 3779 3780 3734
f 3259 3288 3290 3289
f 1926 1973 1974 1927
f 1901 1948 1949 1902
f 1920 1967 1968 1921
f 3326 3352 3353 3327
f 970 1002 1003 971
f 1948 1997 1998 1949
f 1877 1918 1919 1878
f 1918 1965 1966 1919
f 1903 1950 1951 1904
f 619 636 635 618
f 928 962 963 929
f 3891 3894 3893 3892
f 1843 1886 1887 1844
f 3250 3280 3281 3251
f 1821 1864 1865 1822
f 1894 1941 1942 1895
f 1927 1974 1975 1928
f 1936 1986 1987 1938
f 1964 2013 2014 1965
f 721 737 736 720
f 3269 3295 3296 3271
f 4103 4175 4176 4104
f 1075 1107 1108 1076
f 1830 1873 1874 1831
f 892 928 929 894
f 1928 1975 1976 1929
f 3881 3882 3884 3883
f 1986 2039 2040 1987
f 3805 3855 3856 3806
f 3274 3276 3275 3247
f 1933 1985 1986 1936
f 1718 1754 1755 1717
f 1951 2000 2001 1952
f 1904 1951 1952 1905
f 3092 3115 3114 3091
f 3510 3511 3513 3512
f 1233 1276 1277 1234
f 3538 3587 3588 3539
f 1957 2006 2007 1958
f 1942 1991 1992 1943
f 1943 1992 1993 1944
f 3963 3964 3966 3965
f 1987 2040 2041 1988
f 3427 3478 3479 3428
f 1840 1883 1884 1841
f 1059 1091 1092 1060
f 3841 3906 3907 3842
f 1911 1958 1959 1912
f 3108 3138 3139 3109
f 2464 2539 2540 2465
f 1465 1498 1499 1466
f 2793 2794 2796 2795
f 4175 4243 4244 4176
f 1973 2022 2023 1974
f 1730 1766 1767 1731
f 2714 2777 2778 2715
f 1960 2009 2010 1961
f 2856 2908 2909 2858
f 3827 3875 3876 3828
f 3861 3925 3926 3862
f 1817 1860 1861 1818
f 1965 2014 2015 1966
f 2030 2031 2033 2032
f 948 980 981 949
f 1984 2037 2038 1985
f 2744 2827 2828 2745
f 1489 1521 1522 1490
f 2673 2738 2739 2674
f 2028 2070 2071 2031
f 1941 1990 1991 1942
f 1974 2023 2024 1975
f 1975 2024 2025 1976
f 3124 3125 3127 3126
f 1999 2052 2053 2000
f 2000 2053 2054 2001
f 2035 2074 2075 2036
f 586 606 607 587
f 3306 3334 3335 3307
f 924 958 959 925
f 3412 3466 3467 3414
f 2246 2302 2303 2247
f 2721 2722 2724 2656
f 4263 4318 4319 4264
f 1107 1143 1144 1108
f 1950 1999 2000 1951
f 2063 2066 2065 2064
f 1992 2045 2046 1993
f 2008 2061 2062 2009
f 705 722 723 706
f 3997 3998 3999 3894
f 3873 3936 3937 3874
f 1997 2050 2051 1998
f 1666 1706 1705 1665
f 2007 2060 2061 2008
f 1968 2017 2018 1969
f 3520 3522 3521 3465
f 2082 2121 2122 2083
f 2641 2714 2715 2642
f 2060 2097 2096 2061
f 1983 2036 2037 1984
f 3866 3930 3931 3867
f 3865 3929 3930 3866
f 2037 2076 2077 2038
f 2075 2114 2115 2076
f 4335 4381 4382 4336
f 1919 1966 1967 1920
f 3766 3814 3815 3767
f 3408 3451 3452 3410
f 3849 3914 3915 3850
f 1091 1127 1128 1092
f 3355 3390 3391 3357
f 1799 1834 1835 1800
f 3148 3179 3180 3150
f 3708 3757 3758 3709
f 4043 4118 4119 4044
f 1042 1077 1078 1043
f 2084 2123 2124 2085
f 2061 2096 2098 2062
f 2006 2059 2060 2007
f 1527 1551 1550 1528
f 2040 2079 2080 2041
f 3696 3745 3746 3697
f 417 436 437 418
f 4013 4089 4090 4014
f 3346 3383 3382 3348
f 2045 2084 2085 2046
f 2070 2109 2110 2071
f 1100 1136 1137 1101
f 2072 2111 2112 2073
f 4080 4155 4156 4081
f 2170 2233 2234 2171
f 1034 1069 1070 1035
f 3331 3355 3357 3356
f 2086 2125 2126 2087
f 2005 2058 2059 2006
f 3132 3167 3168 3133
f 4016 4092 4093 4017
f 3902 4005 4006 3903
f 1963 2012 2013 1964
f 16 17 20 19
f 1949 1998 1999 1950
f 2078 2117 2118 2079
f 2842 2897 2898 2843
f 2088 2127 2128 2089
f 3980 4065 4066 3982
f 4107 4179 4180 4108
f 2681 2746 2747 2682
f 3338 3370 3371 3339
f 1829 1872 1873 1830
f 2038 2077 2078 2039
f 2087 2126 2127 2088
f 2080 2119 2120 2081
f 3280 3309 3310 3281
f 393 410 412 411
f 4077 4152 4153 4078
f 1988 2041 2042 1989
f 4376 4409 4410 4377
f 1958 2007 2008 1959
f 2154 2187 2188 2155
f 1249 1291 1292 1250
f 909 943 944 910
f 3959 3960 3962 3961
f 1236 1278 1280 1238
f 2048 2087 2088 2049
f 3156 3189 3190 3157
f 4038 4113 4114 4039
f 2147 2180 2181 2148
f 96 129 130 99
f 674 691 692 675
f 3411 3413 3412 3365
f 2055 2094 2093 2056
f 2032 2033 2034 1981
f 123 152 153 124
f 4179 4247 4248 4180
f 1074 1106 1107 1075
f 1833 1876 1877 1834
f 1707 1744 1745 1708
f 2110 2144 2145 2111
f 2754 2837 2838 2755
f 1856 1897 1898 1857
f 4268 4323 4324 4269
f 809 825 826 810
f 4141 4211 4212 4142
f 2220 2221 2224 2223
f 1419 1452 1453 1420
f 2142 2175 2176 2143
f 187 238 239 188
f 4091 4166 4167 4092
f 2101 2137 2138 2104
f 1012 1047 1048 1013
f 301 333 334 302
f 2713 2776 2777 2714
f 2577 2646 2647 2578
f 2135 2168 2169 2136
f 259 309 310 260
f 2219 2222 2221 2220
f 1179 1222 1223 1180
f 2199 2200 2202 2201
f 2705 2768 2769 2706
f 3929 4030 4031 3930
f 996 1034 1035 997
f 106 137 138 107
f 2157 2190 2191 2158
f 160 207 208 161
f 3395 3396 3398 3397
f 2215 2216 2218 2217
f 2120 2154 2155 2121
f 4276 4331 4332 4277
f 1537 1560 1561 1538
f 4205 4269 4270 4206
f 2140 2173 2174 2141
f 2213 2214 2216 2215
f 2158 2191 2192 2159
f 2207 2208 2210 2209
f 3332 3364 3366 3334
f 565 589 590 566
f 4243 4304 4305 4244
f 2689 2754 2755 2690
f 2252 2255 2254 2253
f 1163 1206 1207 1164
f 2150 2183 2184 2151
f 2143 2176 2177 2144
f 3946 4047 4048 3947
f 443 460 461 444
f 201 202 203 157
f 2195 2261 2262 2198
f 3969 3970 3972 3971
f 2173 2236 2237 2174
f 2176 2239 2240 2177
f 2218 2272 2274 2273
f 312 344 345 313
f 1106 1142 1143 1107
f 2118 2152 2153 2119
f 2168 2231 2232 2169
f 4334 4380 4381 4335
f 3961 3962 3964 3963
f 1714 1751 1753 1752
f 2136 2169 2170 2137
f 4331 4377 4378 4332
f 2276 2277 2279 2222
f 3459 3462 3461 3460
f 3898 4002 4003 3900
f 761 777 778 762
f 4285 4340 4341 4286
f 3418 3471 3472 3419
f 2182 2245 2246 2183
f 2165 2227 2228 2164
f 3220 3246 3248 3219
f 2290 2357 2358 2291
f 1098 1134 1135 1099
f 400 419 420 401
f 2197 2198 2200 2199
f 2214 2270 2271 2216
f 2103 2104 2105 2066
f 2200 2263 2264 2202
f 170 218 220 172
f 143 145 144 116
f 2123 2157 2158 2124
f 3410 3452 3454 3453
f 2109 2143 2144 2110
f 3379 3427 3428 3381
f 1052 1084 1085 1053
f 2224 2281 2282 2226
f 515 534 535 516
f 20 42 43 22
f 3813 3862 3863 3814
f 104 135 137 106
f 1203 1246 1247 1204
f 2230 2286 2287 2231
f 2175 2238 2239 2176
f 3204 3234 3235 3205
f 753 769 768 752
f 1827 1870 1871 1828
f 2222 2279 2280 2221
f 2239 2295 2296 2240
f 2198 2262 2263 2200
f 845 880 881 846
f 673 690 691 674
f 3985 3986 3988 3987
f 2221 2280 2281 2224
f 2126 2160 2161 2127
f 1028 1063 1064 1029
f 2240 2296 2297 2241
f 587 607 608 588
f 2338 2341 2340 2339
f 2339 2340 2343 2342
f 472 489 490 473
f 2245 2301 2302 2246
f 1966 2015 2016 1967
f 2255 2312 2313 2254
f 2232 2288 2289 2233
f 247 297 298 248
f 100 101 103 102
f 1857 1898 1899 1858
f 1726 1762 1763 1727
f 1569 1583 1584 1570
f 2865 2868 2867 2866
f 1150 1197 1198 1153
f 1794 1829 1830 1795
f 1235 1237 1236 1195
f 2247 2303 2304 2248
f 2208 2267 2268 2210
f 242 293 294 243
f 4 34 33 3
f 30 47 48 32
f 2292 2359 2360 2293
f 2269 2325 2326 2270
f 3923 4024 4023 3922
f 2183 2246 2247 2184
f 2144 2177 2178 2145
f 469 486 485 468
f 1593 1629 1628 1592
f 2745 2828 2829 2746
f 3450 3502 3503 3451
f 2261 2317 2318 2262
f 3707 3756 3757 3708
f 2802 2873 2874 2804
f 3300 3301 3303 3302
f 3 33 35 6
f 3494 3550 3551 3495
f 2371 2372 2375 2374
f 544 562 563 545
f 2229 2285 2286 2230
f 193 196 195 194
f 2737 2820 2821 2738
f 2254 2313 2314 2257
f 658 675 676 659
f 3913 4016 4017 3914
f 1084 1120 1121 1085
f 2272 2328 2329 2274
f 42 58 59 43
f 1166 1209 1210 1167
f 86 110 112 111
f 2324 2391 2392 2325
f 1243 1285 1286 1244
f 3249 3279 3280 3250
f 2279 2346 2347 2280
f 2296 2363 2364 2297
f 884 922 923 886
f 559 583 584 560
f 1353 1388 1389 1354
f 3905 4008 4009 3906
f 2293 2360 2361 2294
f 3483 3539 3540 3485
f 2311 2378 2379 2312
f 3244 3269 3271 3270
f 1405 1440 1441 1406
f 2403 2404 2406 2405
f 2317 2384 2385 2318
f 1068 1100 1101 1069
f 843 878 879 844
f 410 429 430 412
f 1170 1213 1214 1171
f 2327 2394 2395 2328
f 2320 2387 2388 2321
f 214 215 217 216
f 1219 1262 1263 1220
f 616 633 634 617
f 2319 2386 2387 2320
f 2312 2379 2380 2313
f 1013 1048 1049 1014
f 204 250 251 205
f 1162 1205 1206 1163
f 3993 3994 3996 3995
f 2333 2398 2399 2335
f 2294 2361 2362 2295
f 2287 2354 2355 2288
f 2280 2347 2348 2281
f 1717 1755 1756 1720
f 188 239 240 189
f 1418 1451 1452 1419
f 2364 2436 2437 2365
f 2325 2392 2393 2326
f 2326 2393 2394 2327
f 2231 2287 2288 2232
f 3930 4031 4032 3931
f 979 1017 1018 980
f 2450 2525 2526 2451
f 2753 2836 2837 2754
f 3490 3546 3547 3491
f 2301 2368 2369 2302
f 3467 3525 3526 3468
f 3324 3350 3351 3325
f 490 507 508 491
f 680 697 698 681
f 2358 2430 2431 2359
f 2237 2293 2294 2238
f 3466 3524 3525 3467
f 2071 2110 2111 2072
f 2344 2416 2417 2345
f 1051 1083 1084 1052
f 703 720 722 705
f 230 281 282 231
f 2268 2324 2325 2269
f 2117 2151 2152 2118
f 2350 2422 2423 2351
f 2343 2415 2416 2344
f 2440 2443 2442 2441
f 1981 2034 2035 1980
f 276 322 321 275
f 1289 1327 1328 1290
f 2172 2235 2236 2173
f 2357 2429 2430 2358
f 2374 2375 2376 2309
f 1228 1271 1272 1229
f 3308 3336 3337 3309
f 1115 1158 1159 1114
f 409 428 429 410
f 2483 2484 2486 2485
f 1972 2021 2022 1973
f 1411 1443 1445 1410
f 2262 2318 2319 2263
f 2914 2963 2964 2916
f 2384 2459 2460 2385
f 2426 2507 2508 2427
f 945 977 978 946
f 2391 2466 2467 2392
f 2376 2451 2452 2377
f 1202 1245 1246 1203
f 738 754 755 739
f 2383 2458 2459 2384
f 562 586 587 563
f 879 918 919 880
f 1613 1651 1652 1615
f 2420 2501 2502 2421
f 2397 2472 2473 2398
f 3515 3567 3568 3516
f 2351 2423 2424 2352
f 2352 2424 2425 2353
f 898 932 933 899
f 364 384 385 365
f 318 349 350 319
f 4041 4116 4117 4042
f 2389 2464 2465 2390
f 2382 2457 2458 2383
f 2858 2909 2910 2860
f 2288 2355 2356 2289
f 1251 1293 1294 1252
f 1609 1648 1649 1608
f 2857 2858 2860 2859
f 808 824 825 809
f 2365 2437 2438 2366
f 2414 2495 2496 2415
f 1132 1176 1177 1133
f 2152 2185 2186 2153
f 2443 2519 2520 2442
f 4001 4077 4078 4002
f 2785 2849 2850 2788
f 260 310 311 261
f 690 707 708 691
f 2487 2488 2490 2489
f 1864 1905 1906 1865
f 626 643 644 627
f 1625 1657 1658 1627
f 398 417 418 399
f 2460 2535 2536 2461
f 1323 1357 1358 1324
f 3499 3555 3556 3500
f 2431 2512 2513 2432
f 3500 3556 3557 3501
f 1331 1365 1366 1332
f 436 453 454 437
f 2761 2844 2845 2763
f 3945 4046 4047 3946
f 2421 2502 2503 2422
f 2430 2511 2512 2431
f 1116 1160 1161 1117
f 4010 4086 4087 4011
f 2549 2619 2620 2550
f 401 420 421 402
f 2475 2550 2551 2476
f 872 911 912 873
f 2453 2528 2529 2454
f 2422 2503 2504 2423
f 2455 2530 2531 2456
f 2456 2531 2532 2457
f 1403 1438 1439 1404
f 2490 2561 2562 2491
f 1242 1284 1285 1243
f 1945 1994 1995 1946
f 1299 1337 1338 1300
f 1159 1202 1203 1160
f 508 527 528 509
f 698 715 716 699
f 2492 2563 2564 2493
f 2390 2465 2466 2391
f 3660 3706 3707 3661
f 793 809 810 794
f 470 487 488 471
f 3562 3611 3612 3563
f 2469 2544 2545 2470
f 1778 1813 1815 1780
f 2447 2522 2523 2448
f 2416 2497 2498 2417
f 2205 2206 2208 2207
f 2586 2660 2661 2588
f 1226 1269 1270 1227
f 936 970 971 937
f 2461 2536 2537 2462
f 3547 3596 3597 3548
f 2415 2496 2497 2416
f 3962 4056 4057 3964
f 2805 2875 2876 2806
f 1295 1333 1334 1296
f 2379 2454 2455 2380
f 3554 3603 3604 3555
f 2429 2510 2511 2430
f 2470 2545 2546 2471
f 2359 2431 2432 2360
f 3404 3449 3450 3406
f 1555 1572 1573 1556
f 2502 2573 2574 2503
f 2373 2448 2449 2372
f 1180 1223 1224 1181
f 2488 2560 2561 2490
f 762 778 779 763
f 588 608 609 589
f 4373 4406 4407 4374
f 3834 3880 3882 3881
f 1355 1390 1391 1356
f 3531 3581 3582 3532
f 2495 2566 2567 2496
f 2512 2583 2584 2513
f 1611 1650 1651 1613
f 785 801 800 784
f 534 552 553 535
f 4009 4085 4086 4010
f 2501 2572 2573 2502
f 2518 2586 2588 2517
f 2519 2589 2590 2520
f 3388 3438 3439 3389
f 3173 3206 3207 3174
f 2570 2639 2640 2571
f 1305 1343 1344 1306
f 1000 1038 1039 1001
f 2525 2595 2596 2526
f 2510 2581 2582 2511
f 1164 1207 1208 1165
f 2528 2598 2599 2529
f 1683 1724 1725 1684
f 1447 1480 1481 1448
f 2555 2624 2626 2557
f 1937 1938 1939 1893
f 1339 1373 1374 1340
f 2486 2559 2560 2488
f 2535 2605 2606 2536
f 2520 2590 2591 2521
f 2564 2633 2634 2565
f 2897 2937 2938 2898
f 2541 2611 2612 2542
f 2398 2473 2474 2399
f 2527 2597 2598 2528
f 2496 2567 2568 2497
f 826 842 843 827
f 652 669 671 654
f 614 631 632 615
f 3610 3658 3659 3611
f 2533 2603 2604 2534
f 2270 2326 2327 2271
f 2503 2574 2575 2504
f 2424 2505 2506 2425
f 2709 2772 2773 2710
f 1649 1688 1689 1650
f 2841 2896 2897 2842
f 1064 1096 1097 1065
f 2509 2580 2581 2510
f 2542 2612 2613 2543
f 2906 2945 2946 2907
f 3436 3488 3489 3437
f 1155 1199 1200 1157
f 564 588 589 565
f 2587 2659 2660 2586
f 4033 4109 4110 4034
f 722 738 739 723
f 3699 3748 3749 3700
f 1395 1430 1431 1396
f 1858 1899 1900 1859
f 941 975 974 943
f 2833 2888 2889 2834
f 1665 1705 1707 1667
f 2596 2669 2670 2597
f 2565 2634 2635 2566
f 2582 2651 2652 2583
f 1212 1255 1256 1213
f 2552 2622 2623 2553
f 2921 2969 2970 2922
f 311 343 344 312
f 678 695 696 679
f 4025 4101 4102 4026
f 2653 2656 2655 2654
f 2574 2643 2644 2575
f 2559 2628 2629 2560
f 2576 2645 2646 2577
f 1875 1916 1917 1876
f 769 785 784 768
f 2809 2879 2880 2810
f 1128 1172 1173 1129
f 1371 1406 1407 1372
f 2550 2620 2621 2551
f 2591 2664 2665 2592
f 3420 3473 3474 3421
f 3725 3772 3773 3726
f 2899 2939 2940 2900
f 2619 2692 2693 2620
f 4017 4093 4094 4018
f 2597 2670 2671 2598
f 1810 1845 1846 1811
f 1196 1239 1240 1197
f 2600 2673 2674 2601
f 1939 1988 1989 1940
f 2345 2417 2418 2346
f 1346 1349 1348 1347
f 2628 2701 2702 2629
f 2589 2662 2663 2590
f 3611 3659 3660 3612
f 962 994 995 963
f 2592 2665 2666 2593
f 788 804 805 789
f 758 774 775 759
f 3650 3696 3697 3651
f 2573 2642 2643 2574
f 2598 2671 2672 2599
f 2607 2680 2681 2608
f 2560 2629 2630 2561
f 3349 3384 3385 3350
f 449 466 467 450
f 1306 1344 1345 1307
f 1200 1243 1244 1201
f 2517 2588 2589 2519
f 2622 2695 2696 2623
f 2599 2672 2673 2600
f 3994 4072 4073 3996
f 4005 4081 4082 4006
f 2746 2829 2830 2747
f 2531 2601 2602 2532
f 3642 3687 3689 3688
f 2381 2456 2457 2382
f 3468 3526 3527 3469
f 2131 2132 2135 2134
f 2624 2697 2699 2626
f 2567 2636 2637 2568
f 1863 1904 1905 1864
f 2849 2901 2903 2850
f 2540 2610 2611 2541
f 1077 1109 1110 1078
f 3595 3644 3643 3596
f 822 838 839 823
f 752 768 770 754
f 1563 1579 1578 1562
f 2638 2711 2712 2639
f 2511 2582 2583 2512
f 2720 2723 2722 2721
f 1026 1061 1062 1027
f 836 871 872 837
f 1329 1363 1364 1330
f 1264 1306 1307 1265
f 802 818 819 803
f 2630 2703 2704 2631
f 2375 2450 2451 2376
f 3452 3504 3505 3454
f 2203 2204 2206 2205
f 209 255 256 210
f 2691 2756 2757 2692
f 1905 1952 1953 1906
f 2669 2734 2735 2670
f 2606 2679 2680 2607
f 2079 2118 2119 2080
f 2672 2737 2738 2673
f 4277 4332 4333 4278
f 2722 2806 2807 2724
f 1354 1389 1390 1355
f 2708 2771 2772 2709
f 1699 1740 1741 1700
f 2558 2627 2628 2559
f 1535 1558 1559 1536
f 2656 2724 2725 2655
f 2629 2702 2703 2630
f 3643 3691 3690 3645
f 2994 3026 3027 2995
f 2632 2705 2706 2633
f 2227 2283 2284 2228
f 1991 2044 2045 1992
f 894 929 930 896
f 4113 4184 4183 4114
f 754 770 771 755
f 2678 2743 2744 2679
f 1860 1901 1902 1861
f 2568 2637 2638 2569
f 1090 1126 1127 1091
f 916 950 951 917
f 2889 2929 2930 2890
f 1336 1370 1371 1337
f 1459 1492 1493 1460
f 2702 2764 2766 2703
f 1556 1573 1574 1557
f 2432 2513 2514 2433
f 2803 2804 2805 2723
f 2693 2758 2759 2694
f 2655 2725 2726 2658
f 3957 3958 3960 3959
f 2717 2780 2781 2718
f 3627 3675 3676 3628
f 1426 1459 1460 1427
f 2873 2920 2921 2874
f 966 998 999 967
f 881 920 921 882
f 4065 4140 4141 4066
f 1443 1477 1478 1445
f 2718 2781 2782 2719
f 3825 3873 3874 3826
f 2696 2761 2763 2762
f 2797 2800 2799 2798
f 2789 2790 2792 2791
f 2740 2823 2824 2741
f 2710 2773 2774 2711
f 1284 1322 1323 1285
f 3652 3698 3699 3653
f 2347 2419 2420 2348
f 852 853 855 854
f 2913 2915 2914 2868
f 4057 4132 4133 4058
f 2701 2765 2764 2702
f 2686 2751 2752 2687
f 2783 2786 2785 2784
f 4082 4157 4158 4083
f 1146 1190 1191 1147
f 1089 1125 1126 1090
f 2755 2838 2839 2756
f 1400 1435 1436 1401
f 2637 2710 2711 2638
f 1842 1885 1886 1843
f 2735 2818 2819 2736
f 2736 2819 2820 2737
f 2427 2508 2509 2428
f 988 1026 1027 989
f 1386 1421 1422 1387
f 4049 4124 4125 4050
f 1491 1523 1524 1492
f 3675 3723 3724 3676
f 1260 1302 1303 1261
f 2728 2811 2812 2729
f 462 479 480 463
f 2734 2817 2818 2735
f 121 150 151 122
f 2499 2570 2571 2500
f 2796 2854 2856 2855
f 2758 2841 2842 2759
f 2704 2767 2768 2705
f 2834 2889 2890 2835
f 3722 3769 3770 3723
f 2751 2834 2835 2752
f 1218 1261 1262 1219
f 1030 1065 1066 1031
f 2733 2814 2816 2732
f 54 70 71 55
f 2295 2362 2363 2296
f 2757 2840 2841 2758
f 4026 4102 4103 4027
f 2743 2826 2827 2744
f 1060 1092 1093 1061
f 1480 1512 1513 1481
f 1475 1507 1509 1477
f 3659 3705 3706 3660
f 2791 2792 2794 2793
f 3564 3613 3614 3565
f 750 766 767 751
f 2671 2736 2737 2672
f 2790 2851 2852 2792
f 2869 2870 2871 2800
f 2846 2848 2847 2786
f 1324 1358 1359 1325
f 2760 2843 2844 2761
f 2635 2708 2709 2636
f 561 585 586 562
f 1378 1414 1415 1377
f 3714 3761 3763 3716
f 2861 2862 2864 2863
f 2742 2825 2826 2743
f 2799 2872 2873 2802
f 2808 2878 2879 2809
f 1298 1336 1337 1299
f 2922 2970 2971 2923
f 2667 2733 2732 2668
f 2676 2741 2742 2677
f 2831 2886 2887 2832
f 2715 2778 2779 2716
f 2423 2504 2505 2424
f 542 560 561 543
f 4073 4148 4149 4074
f 2741 2824 2825 2742
f 2694 2759 2760 2695
f 3548 3597 3598 3549
f 1156 1157 1158 1115
f 1544 1562 1564 1545
f 2566 2635 2636 2567
f 1022 1057 1058 1023
f 1921 1968 1969 1922
f 2355 2427 2428 2356
f 2334 2335 2337 2336
f 1300 1338 1339 1301
f 2840 2895 2896 2841
f 2835 2890 2891 2836
f 489 506 507 490
f 938 972 973 940
f 2892 2932 2933 2893
f 786 802 803 787
f 3819 3868 3869 3820
f 2847 2902 2901 2849
f 2832 2887 2888 2833
f 1370 1405 1406 1371
f 2954 2955 2957 2956
f 1139 1183 1184 1140
f 3754 3802 3803 3755
f 1547 1566 1565 1546
f 1978 1981 1980 1979
f 2839 2894 2895 2840
f 2792 2852 2853 2794
f 638 655 656 639
f 2575 2644 2645 2576
f 2977 3009 3011 2978
f 2837 2892 2893 2838
f 2807 2877 2878 2808
f 2712 2775 2776 2713
f 2259 2315 2316 2260
f 1188 1231 1232 1189
f 732 748 749 733
f 1600 1636 1637 1601
f 2893 2933 2934 2894
f 2886 2927 2926 2887
f 2978 3011 3012 2979
f 3596 3643 3645 3597
f 2888 2928 2929 2889
f 1713 1750 1751 1714
f 4105 4177 4178 4106
f 3915 4018 4019 3916
f 2912 2951 2953 2952
f 1689 1730 1731 1690
f 1108 1144 1145 1109
f 2932 2978 2979 2933
f 1507 1539 1541 1509
f 2838 2893 2894 2839
f 1364 1399 1400 1365
f 3580 3628 3629 3581
f 17 40 42 20
f 1729 1765 1766 1730
f 2931 2977 2978 2932
f 1874 1915 1916 1875
f 2960 2961 2962 2915
f 378 394 396 379
f 1487 1519 1520 1488
f 1505 1537 1538 1506
f 4089 4164 4165 4090
f 2909 2948 2949 2910
f 3747 3795 3796 3748
f 2895 2935 2936 2896
f 2958 2959 2961 2960
f 2901 2942 2941 2903
f 2919 2967 2968 2920
f 2952 2953 2955 2954
f 3075 3099 3100 3076
f 89 121 122 90
f 1230 1273 1274 1231
f 1688 1729 1730 1689
f 2853 2906 2907 2854
f 2934 2980 2981 2935
f 1348 1384 1385 1350
f 1606 1609 1608 1607
f 1417 1450 1451 1418
f 2749 2832 2833 2750
f 2943 2985 2986 2944
f 3131 3166 3167 3132
f 2986 3018 3019 2987
f 2979 3012 3013 2980
f 4081 4156 4157 4082
f 2645 2718 2719 2646
f 3731 3777 3778 3732
f 2935 2981 2982 2936
f 2896 2936 2937 2897
f 1498 1530 1531 1499
f 2911 2950 2951 2912
f 4066 4141 4142 4067
f 1190 1233 1234 1191
f 1332 1366 1367 1333
f 1474 1476 1475 1444
f 2988 3020 3021 2989
f 2941 2983 2985 2943
f 2903 2941 2943 2904
f 1870 1911 1912 1871
f 857 858 861 860
f 1294 1332 1333 1295
f 3794 3844 3845 3795
f 1691 1732 1733 1692
f 2950 2992 2993 2951
f 2815 2882 2881 2814
f 3628 3676 3677 3629
f 3283 3313 3312 3285
f 3066 3093 3094 3068
f 3561 3610 3611 3562
f 1760 1795 1796 1761
f 874 913 914 875
f 2942 2984 2983 2941
f 2679 2744 2745 2680
f 2944 2986 2987 2945
f 1618 1619 1621 1620
f 3071 3096 3095 3072
f 1746 1782 1783 1747
f 3778 3824 3825 3779
f 2989 3021 3022 2990
f 2967 3004 3005 2968
f 2992 3024 3025 2993
f 3612 3660 3661 3613
f 1404 1439 1440 1405
f 2945 2987 2988 2946
f 2860 2910 2911 2862
f 2981 3014 3015 2982
f 2918 2966 2967 2919
f 1532 1555 1556 1533
f 3040 3041 3044 3043
f 3363 3394 3396 3395
f 441 458 459 442
f 1382 1417 1418 1383
f 1272 1314 1315 1273
f 2949 2991 2992 2950
f 2854 2907 2908 2856
f 3090 3092 3091 3067
f 3000 3032 3033 3001
f 2166 2229 2230 2167
f 3058 3082 3083 3059
f 817 833 832 816
f 2524 2594 2595 2525
f 3247 3275 3277 3246
f 3419 3472 3473 3420
f 3779 3825 3826 3780
f 818 834 835 819
f 3023 3051 3052 3024
f 2968 3005 3006 2969
f 1690 1731 1732 1691
f 1476 1508 1507 1475
f 3059 3083 3084 3060
f 3290 3317 3319 3318
f 1643 1644 1647 1646
f 2998 3030 3031 2999
f 3039 3042 3041 3040
f 2904 2943 2944 2905
f 1774 1809 1810 1775
f 1745 1781 1782 1746
f 1482 1514 1515 1483
f 1244 1286 1287 1245
f 3021 3049 3050 3022
f 3046 3070 3069 3045
f 2983 3017 3016 2985
f 2784 2785 2788 2787
f 1388 1423 1424 1389
f 1454 1487 1488 1455
f 1761 1796 1797 1762
f 3018 3045 3047 3019
f 2448 2523 2524 2449
f 2042 2081 2082 2043
f 1588 1602 1603 1589
f 2969 3006 3007 2970
f 4193 4257 4258 4194
f 3053 3077 3078 3054
f 3763 3811 3812 3764
f 1436 1469 1470 1437
f 1872 1913 1914 1873
f 3555 3604 3605 3556
f 249 299 300 250
f 3091 3114 3116 3093
f 981 1019 1020 982
f 1595 1631 1633 1597
f 3062 3086 3087 3063
f 3055 3079 3080 3056
f 4154 4224 4225 4155
f 2313 2380 2381 2314
f 2961 2998 2999 2962
f 3077 3101 3102 3078
f 3054 3078 3079 3055
f 4212 4276 4277 4213
f 1754 1789 1790 1755
f 3100 3130 3131 3101
f 3122 3158 3160 3125
f 1518 1547 1546 1519
f 2137 2170 2171 2138
f 3061 3085 3086 3062
f 3022 3050 3051 3023
f 3079 3103 3104 3080
f 3932 4033 4034 3933
f 3619 3667 3669 3621
f 3567 3616 3617 3568
f 2953 2994 2995 2955
f 1952 2001 2002 1953
f 3029 3057 3058 3030
f 1914 1961 1962 1915
f 1420 1453 1454 1421
f 3103 3133 3134 3104
f 3048 3072 3073 3049
f 3115 3154 3153 3114
f 2957 2996 2997 2959
f 1554 1571 1572 1555
f 1652 1691 1692 1653
f 2041 2080 2081 2042
f 1659 1660 1662 1661
f 1614 1615 1617 1616
f 865 901 902 867
f 3101 3131 3132 3102
f 3087 3111 3112 3088
f 34 50 49 33
f 3218 3242 3244 3243
f 1530 1553 1554 1531
f 3140 3175 3176 3141
f 3117 3156 3157 3119
f 3803 3853 3854 3804
f 3063 3087 3088 3064
f 3700 3749 3750 3701
f 2798 2799 2802 2801
f 3703 3752 3753 3704
f 3027 3055 3056 3028
f 3858 3922 3924 3860
f 1732 1768 1769 1733
f 3683 3730 3731 3684
f 2064 2065 2068 2067
f 3094 3117 3119 3118
f 3104 3134 3135 3105
f 3136 3171 3172 3137
f 841 876 877 842
f 1818 1861 1862 1819
f 1110 1146 1147 1112
f 346 371 373 372
f 2991 3023 3024 2992
f 3134 3169 3170 3135
f 3684 3731 3732 3685
f 2318 2385 2386 2319
f 1678 1722 1723 1681
f 4106 4178 4179 4107
f 3787 3838 3839 3789
f 1468 1501 1502 1469
f 3184 3186 3185 3154
f 3078 3102 3103 3079
f 3194 3228 3229 3195
f 1377 1415 1416 1380
f 4145 4215 4216 4146
f 1619 1654 1655 1621
f 3158 3191 3193 3160
f 3839 3904 3905 3840
f 3811 3860 3861 3812
f 3187 3221 3222 3188
f 2112 2146 2147 2113
f 3133 3168 3169 3134
f 3127 3161 3163 3162
f 3167 3200 3201 3168
f 1796 1831 1832 1797
f 1882 1923 1924 1883
f 3057 3081 3082 3058
f 1081 1117 1118 1082
f 3125 3160 3161 3127
f 3152 3181 3183 3182
f 1452 1485 1486 1453
f 3859 3923 3922 3858
f 1785 1820 1821 1786
f 1750 1786 1787 1751
f 3430 3480 3481 3432
f 1708 1745 1746 1709
f 3001 3033 3034 3002
f 3212 3237 3239 3213
f 3109 3139 3140 3110
f 3219 3248 3249 3221
f 3890 3948 3950 3949
f 850 888 889 853
f 3150 3180 3181 3152
f 3144 3145 3148 3147
f 1801 1836 1837 1802
f 1715 1718 1717 1716
f 2256 2257 2259 2258
f 2993 3025 3026 2994
f 3189 3223 3224 3190
f 3102 3132 3133 3103
f 3215 3216 3218 3217
f 3995 3996 3998 3997
f 1854 1855 1856 1814
f 4177 4245 4246 4178
f 3245 3247 3246 3220
f 3030 3058 3059 3031
f 3183 3214 3216 3215
f 1954 2003 2004 1955
f 2631 2704 2705 2632
f 1651 1690 1691 1652
f 3135 3170 3171 3136
f 3056 3080 3081 3057
f 2926 2974 2973 2928
f 849 850 853 852
f 3268 3294 3295 3269
f 2862 2911 2912 2864
f 3298 3299 3301 3300
f 3050 3074 3075 3051
f 3214 3240 3241 3216
f 3732 3778 3779 3733
f 3451 3503 3504 3452
f 4135 4205 4206 4136
f 2985 3016 3018 2986
f 3907 4010 4011 3908
f 3229 3256 3257 3230
f 1500 1532 1533 1501
f 3192 3226 3225 3191
f 25 26 28 27
f 3267 3293 3294 3268
f 3248 3278 3279 3249
f 1924 1971 1972 1925
f 1642 1645 1644 1643
f 4161 4231 4232 4162
f 3221 3249 3250 3222
f 3231 3261 3260 3233
f 3553 3602 3603 3554
f 481 498 499 482
f 2264 2320 2321 2265
f 4153 4223 4224 4154
f 1878 1919 1920 1879
f 3205 3235 3236 3206
f 1994 2047 2048 1995
f 3255 3285 3286 3256
f 3716 3763 3764 3717
f 4139 4209 4210 4140
f 1602 1638 1639 1603
f 3149 3150 3152 3151
f 3254 3284 3283 3253
f 1484 1516 1517 1485
f 3264 3292 3291 3266
f 3386 3436 3437 3387
f 2965 3002 3003 2966
f 3246 3277 3278 3248
f 3279 3308 3309 3280
f 3256 3286 3287 3257
f 3998 4074 4075 3999
f 3163 3195 3197 3196
f 2661 2729 2730 2662
f 3271 3296 3297 3273
f 3216 3241 3242 3218
f 4211 4275 4276 4212
f 4138 4208 4209 4139
f 4287 4342 4343 4288
f 3025 3053 3054 3026
f 3316 3343 3344 3317
f 1158 1201 1202 1159
f 3222 3250 3251 3223
f 3764 3812 3813 3765
f 1996 2049 2050 1997
f 1934 1984 1985 1933
f 3922 4023 4025 3924
f 2133 2166 2167 2132
f 2122 2156 2157 2123
f 3296 3323 3324 3297
f 457 474 475 458
f 1393 1428 1429 1394
f 2408 2409 2412 2411
f 2307 2308 2311 2310
f 1946 1995 1996 1947
f 3239 3264 3266 3240
f 3614 3662 3663 3615
f 3339 3371 3373 3372
f 3914 4017 4018 3915
f 3851 3916 3917 3852
f 3312 3341 3340 3314
f 1955 2004 2005 1956
f 3180 3212 3213 3181
f 3294 3320 3322 3295
f 3159 3192 3191 3158
f 3748 3796 3797 3749
f 4294 4349 4350 4295
f 3370 3419 3420 3371
f 1658 1697 1698 1660
f 3277 3306 3307 3278
f 1824 1867 1868 1825
f 3358 3359 3361 3360
f 2999 3031 3032 3000
f 3360 3361 3363 3362
f 4379 4412 4413 4380
f 40 56 58 42
f 2400 2475 2476 2402
f 2801 2802 2804 2803
f 3899 3900 3901 3837
f 2687 2752 2753 2688
f 3320 3346 3348 3322
f 2186 2249 2250 2187
f 2068 2107 2108 2069
f 1998 2051 2052 1999
f 1747 1783 1784 1748
f 1692 1733 1734 1693
f 52 68 69 53
f 3049 3073 3074 3050
f 3403 3404 3406 3405
f 3333 3365 3364 3332
f 3130 3164 3166 3131
f 215 260 261 217
f 3041 3066 3068 3044
f 3357 3391 3392 3359
f 3359 3392 3393 3361
f 2102 2136 2137 2101
f 1731 1767 1768 1732
f 1985 2038 2039 1986
f 3342 3376 3377 3343
f 1844 1887 1888 1845
f 3328 3329 3331 3330
f 116 144 146 115
f 953 985 986 954
f 3033 3061 3062 3034
f 3327 3353 3354 3329
f 3334 3366 3367 3335
f 3240 3266 3267 3241
f 2306 2309 2308 2307
f 1980 2035 2036 1983
f 3387 3437 3438 3388
f 3405 3406 3408 3407
f 3397 3398 3400 3399
f 3310 3338 3339 3311
f 3064 3088 3089 3065
f 4174 4242 4243 4175
f 1825 1868 1869 1826
f 1706 1743 1742 1705
f 3396 3445 3446 3398
f 3341 3375 3374 3340
f 3230 3257 3259 3258
f 3074 3098 3099 3075
f 3352 3387 3388 3353
f 2602 2675 2676 2603
f 2148 2181 2182 2149
f 4265 4320 4321 4266
f 3955 3956 3958 3957
f 3924 4025 4026 3925
f 185 236 237 186
f 2472 2547 2548 2473
f 3374 3422 3424 3376
f 4234 4298 4299 4235
f 3482 3483 3485 3484
f 3285 3312 3314 3286
f 1596 1632 1631 1595
f 2174 2237 2238 2175
f 3367 3416 3417 3368
f 1779 1814 1813 1778
f 4217 4281 4282 4218
f 3398 3446 3447 3400
f 3455 3456 3458 3457
f 3400 3447 3448 3402
f 236 287 288 237
f 424 443 444 425
f 1698 1739 1740 1699
f 3428 3479 3480 3430
f 3392 3442 3443 3393
f 2370 2373 2372 2371
f 2204 2265 2266 2206
f 3315 3342 3343 3316
f 4209 4273 4274 4210
f 3867 3931 3932 3868
f 3368 3417 3418 3369
f 897 931 932 898
f 316 347 349 318
f 1686 1727 1728 1687
f 2544 2614 2615 2545
f 3429 3430 3432 3431
f 3414 3467 3468 3415
f 1612 1613 1615 1614
f 4178 4246 4247 4179
f 895 896 897 859
f 3530 3580 3581 3531
f 3003 3035 3036 3004
f 4201 4265 4266 4202
f 3413 3464 3466 3412
f 3406 3450 3451 3408
f 3415 3468 3469 3416
f 3836 3902 3903 3838
f 404 423 424 405
f 560 584 585 561
f 737 753 752 736
f 3508 3509 3511 3510
f 3382 3434 3433 3384
f 3424 3476 3475 3425
f 2332 2333 2335 2334
f 3986 4068 4069 3988
f 2026 2029 2028 2027
f 3448 3500 3501 3449
f 889 926 927 890
f 3987 3988 3990 3989
f 1763 1798 1799 1764
f 3828 3876 3877 3829
f 2394 2469 2470 2395
f 3512 3513 3515 3514
f 3506 3562 3563 3507
f 3475 3534 3533 3477
f 2616 2689 2690 2617
f 3445 3497 3498 3446
f 3446 3498 3499 3447
f 3463 3465 3464 3413
f 3456 3506 3507 3458
f 423 442 443 424
f 3161 3194 3195 3163
f 3437 3489 3490 3438
f 3462 3516 3517 3461
f 3375 3423 3422 3374
f 3432 3481 3483 3482
f 1127 1171 1172 1128
f 2286 2353 2354 2287
f 3389 3439 3440 3390
f 3971 3972 3974 3973
f 3376 3424 3425 3377
f 540 558 557 539
f 704 721 720 703
f 3121 3122 3125 3124
f 3978 4064 4065 3980
f 922 956 957 923
f 3478 3535 3536 3479
f 3335 3367 3368 3336
f 3868 3932 3933 3869
f 2466 2541 2542 2467
f 2348 2420 2421 2349
f 3507 3563 3564 3509
f 3348 3382 3384 3349
f 1811 1846 1847 1812
f 3470 3528 3529 3471
f 1644 1685 1686 1647
f 3472 3530 3531 3473
f 620 637 638 621
f 1841 1884 1885 1842
f 3081 3105 3106 3082
f 3477 3533 3535 3478
f 3471 3529 3530 3472
f 1415 1448 1449 1416
f 2446 2447 2448 2373
f 4225 4289 4290 4226
f 3501 3557 3558 3502
f 2260 2316 2317 2261
f 692 709 710 693
f 1497 1529 1530 1498
f 2688 2753 2754 2689
f 1795 1830 1831 1796
f 3454 3505 3506 3456
f 3503 3559 3560 3504
f 3496 3552 3553 3497
f 2530 2600 2601 2531
f 1865 1906 1907 1866
f 3539 3588 3589 3540
f 3517 3569 3570 3519
f 1636 1670 1671 1637
f 3852 3917 3918 3853
f 1023 1058 1059 1024
f 3951 3952 3954 3953
f 1770 1805 1806 1771
f 2001 2054 2055 2002
f 3390 3440 3441 3391
f 3527 3577 3578 3528
f 140 175 176 141
f 225 228 227 226
f 2462 2537 2538 2463
f 3556 3605 3606 3557
f 3509 3564 3565 3511
f 3270 3271 3273 3272
f 3511 3565 3566 3513
f 3528 3578 3579 3529
f 65 80 82 67
f 3586 3633 3634 3587
f 1762 1797 1798 1763
f 4018 4094 4095 4019
f 3485 3540 3542 3541
f 2870 2917 2918 2871
f 3479 3536 3537 3480
f 3504 3560 3561 3505
f 1458 1491 1492 1459
f 960 992 993 961
f 2034 2073 2074 2035
f 2752 2835 2836 2753
f 3453 3454 3456 3455
f 2342 2343 2344 2278
f 3114 3153 3155 3116
f 3480 3537 3538 3481
f 4257 4311 4313 4258
f 3105 3135 3136 3106
f 3293 3321 3320 3294
f 3309 3337 3338 3310
f 1716 1717 1720 1719
f 4218 4282 4283 4219
f 1141 1185 1186 1142
f 2476 2551 2552 2477
f 2534 2604 2605 2535
f 3588 3635 3636 3589
f 3549 3598 3599 3550
f 3551 3600 3601 3552
f 1959 2008 2009 1960
f 921 955 956 922
f 1433 1466 1467 1434
f 4241 4302 4301 4240
f 1947 1996 1997 1948
f 164 165 167 166
f 3908 4011 4012 3909
f 3575 3623 3624 3576
f 3603 3651 3652 3604
f 2872 2919 2920 2873
f 994 1032 1033 995
f 4227 4291 4292 4228
f 1660 1698 1699 1662
f 3560 3609 3610 3561
f 956 988 989 957
f 3690 3741 3740 3692
f 1802 1837 1838 1803
f 4233 4297 4298 4234
f 3589 3636 3637 3590
f 3526 3576 3577 3527
f 3639 3640 3642 3641
f 3592 3638 3640 3639
f 2682 2747 2748 2683
f 1088 1124 1125 1089
f 2590 2663 2664 2591
f 3620 3668 3667 3619
f 3581 3629 3630 3582
f 3393 3443 3444 3394
f 3583 3632 3631 3585
f 3884 3945 3946 3886
f 1575 1589 1590 1576
f 4058 4133 4134 4059
f 3153 3187 3188 3155
f 3557 3606 3607 3558
f 4003 4079 4080 4004
f 3559 3608 3609 3560
f 3608 3656 3657 3609
f 2263 2319 2320 2264
f 2548 2618 2619 2549
f 3635 3682 3683 3636
f 2928 2973 2975 2929
f 954 986 987 955
f 3495 3551 3552 3496
f 1092 1128 1129 1093
f 473 490 491 474
f 3145 3177 3179 3148
f 4050 4125 4126 4051
f 1867 1908 1909 1868
f 3598 3646 3647 3599
f 3600 3648 3649 3601
f 3674 3722 3723 3675
f 2670 2735 2736 2671
f 3613 3661 3662 3614
f 3622 3670 3671 3623
f 3343 3377 3378 3344
f 3568 3617 3618 3569
f 2786 2847 2849 2785
f 1224 1267 1268 1225
f 3137 3172 3173 3138
f 3524 3574 3575 3525
f 3637 3684 3685 3638
f 3939 4040 4041 3940
f 3615 3663 3664 3616
f 3488 3543 3545 3489
f 1140 1184 1185 1141
f 2612 2685 2686 2613
f 3667 3716 3717 3669
f 2480 2481 2484 2483
f 1851 1892 1894 1850
f 3646 3692 3693 3647
f 1836 1879 1880 1837
f 3384 3433 3435 3385
f 2543 2613 2614 2544
f 1220 1263 1264 1221
f 3164 3199 3198 3166
f 1834 1877 1878 1835
f 3653 3699 3700 3654
f 3638 3685 3686 3640
f 3202 3231 3233 3203
f 3072 3095 3097 3073
f 2874 2921 2922 2875
f 1881 1922 1923 1882
f 2726 2809 2810 2727
f 1009 1045 1044 1008
f 3645 3690 3692 3646
f 3663 3709 3710 3664
f 2151 2184 2185 2152
f 2532 2602 2603 2533
f 1826 1869 1870 1827
f 3692 3740 3742 3693
f 3621 3669 3670 3622
f 3606 3654 3655 3607
f 3655 3701 3702 3656
f 3242 3268 3269 3244
f 4060 4135 4136 4061
f 1897 1944 1945 1898
f 4345 4391 4392 4346
f 3565 3614 3615 3566
f 3542 3590 3592 3591
f 3623 3671 3672 3624
f 4322 4368 4369 4323
f 1412 1413 1414 1378
f 2684 2749 2750 2685
f 3579 3627 3628 3580
f 3120 3123 3122 3121
f 1899 1946 1947 1900
f 4035 4112 4111 4037
f 3146 3178 3177 3145
f 3736 3737 3739 3738
f 2946 2988 2989 2947
f 465 482 483 466
f 2310 2311 2312 2255
f 4289 4344 4345 4290
f 3677 3725 3726 3678
f 3670 3718 3719 3671
f 2814 2881 2883 2816
f 3786 3788 3787 3741
f 3724 3771 3772 3725
f 3701 3750 3751 3702
f 3702 3751 3752 3703
f 1756 1791 1792 1757
f 4204 4268 4269 4205
f 1444 1475 1477 1443
f 1504 1536 1537 1505
f 1457 1490 1491 1458
f 4281 4336 4337 4282
f 1883 1924 1925 1884
f 3687 3734 3735 3689
f 3191 3225 3227 3193
f 2756 2839 2840 2757
f 3739 3783 3785 3784
f 3168 3201 3202 3169
f 3717 3764 3765 3718
f 4019 4095 4096 4020
f 3719 3766 3767 3720
f 1508 1540 1539 1507
f 3241 3267 3268 3242
f 937 971 972 938
f 3709 3758 3759 3710
f 2121 2155 2156 2122
f 3718 3765 3766 3719
f 1740 1776 1777 1741
f 3648 3694 3695 3649
f 3026 3054 3055 3027
f 3826 3874 3875 3827
f 2910 2949 2950 2911
f 3756 3804 3805 3757
f 3685 3732 3733 3686
f 3710 3759 3760 3711
f 3735 3781 3782 3737
f 4258 4313 4314 4259
f 2727 2810 2811 2728
f 1640 1674 1675 1641
f 3185 3219 3221 3187
f 4130 4200 4201 4131
f 978 1016 1017 979
f 3686 3733 3734 3687
f 3727 3775 3774 3729
f 2868 2914 2916 2867
f 3535 3583 3585 3536
f 3771 3819 3820 3772
f 3288 3316 3317 3290
f 1979 1980 1983 1982
f 2074 2113 2114 2075
f 3695 3744 3745 3696
f 3972 4061 4062 3974
f 1684 1725 1726 1685
f 929 963 964 930
f 3177 3209 3211 3179
f 4067 4142 4143 4068
f 3720 3767 3768 3721
f 3082 3106 3107 3083
f 3810 3859 3858 3809
f 2990 3022 3023 2991
f 4122 4192 4193 4123
f 3741 3787 3789 3740
f 3750 3798 3799 3751
f 3631 3680 3679 3633
f 1764 1799 1800 1765
f 1788 1823 1824 1789
f 3169 3202 3203 3170
f 19 20 22 21
f 3795 3845 3846 3796
f 3765 3813 3814 3766
f 3774 3822 3821 3776
f 3759 3807 3808 3760
f 3768 3816 3817 3769
f 3815 3864 3865 3816
f 1784 1819 1820 1785
f 1906 1953 1954 1907
f 4305 4357 4358 4306
f 1915 1962 1963 1916
f 4051 4126 4127 4052
f 3831 3832 3834 3833
f 3956 4053 4054 3958
f 1828 1871 1872 1829
f 2964 3001 3002 2965
f 3086 3110 3111 3087
f 3344 3378 3379 3345
f 3789 3839 3840 3790
f 3790 3840 3841 3791
f 1913 1960 1961 1914
f 3154 3185 3187 3153
f 1898 1945 1946 1899
f 2065 2106 2107 2068
f 3781 3827 3828 3782
f 3782 3828 3829 3783
f 1772 1807 1808 1773
f 3792 3842 3843 3793
f 3391 3441 3442 3392
f 2852 2905 2906 2853
f 3715 3762 3761 3714
f 3749 3797 3798 3750
f 3799 3849 3850 3800
f 3776 3821 3823 3777
f 1252 1294 1295 1253
f 1929 1976 1977 1930
f 3193 3227 3228 3194
f 3892 3893 3896 3895
f 3693 3742 3743 3694
f 3758 3806 3807 3759
f 3744 3792 3793 3745
f 744 760 761 745
f 9 10 12 11
f 3174 3207 3208 3175
f 3573 3621 3622 3574
f 3791 3841 3842 3792
f 1481 1513 1514 1482
f 4162 4232 4233 4163
f 3767 3815 3816 3768
f 4129 4199 4200 4130
f 3843 3908 3909 3844
f 3301 3326 3327 3303
f 3416 3469 3470 3417
f 3694 3743 3744 3695
f 3186 3220 3219 3185
f 3656 3702 3703 3657
f 2044 2083 2084 2045
f 913 947 948 914
f 1938 1987 1988 1939
f 4337 4383 4384 4338
f 2107 2141 2142 2108
f 3550 3599 3600 3551
f 1820 1863 1864 1821
f 4004 4080 4081 4005
f 4415 4437 4438 4416
f 627 644 645 628
f 3286 3314 3315 3287
f 3860 3924 3925 3861
f 1066 1098 1099 1067
f 3814 3863 3864 3815
f 3887 3888 3890 3889
f 3233 3260 3262 3234
f 2056 2093 2095 2057
f 4329 4375 4376 4330
f 3845 3910 3911 3846
f 4219 4283 4284 4220
f 3847 3912 3913 3848
f 3824 3872 3873 3825
f 2116 2150 2151 2117
f 3116 3155 3156 3117
f 3875 3938 3939 3876
f 3464 3523 3524 3466
f 2194 2195 2198 2197
f 3848 3913 3914 3849
f 3322 3348 3349 3323
f 513 532 533 514
f 3225 3254 3253 3227
f 4321 4367 4368 4322
f 2243 2299 2300 2244
f 3862 3926 3927 3863
f 1804 1839 1840 1805
f 3988 4069 4070 3990
f 3954 4052 4053 3956
f 3900 4003 4004 3901
f 3854 3919 3920 3855
f 3872 3934 3936 3873
f 2216 2271 2272 2218
f 3821 3871 3870 3823
f 3863 3927 3928 3864
f 3999 4075 4076 4000
f 3366 3415 3416 3367
f 1018 1053 1054 1019
f 3855 3920 3921 3856
f 392 409 410 393
f 3201 3232 3231 3202
f 1995 2048 2049 1996
f 3895 3896 3898 3897
f 2236 2292 2293 2237
f 3979 3980 3982 3981
f 3877 3940 3941 3878
f 3783 3829 3830 3785
f 1559 1576 1577 1560
f 1970 2019 2020 1971
f 3965 3966 3968 3967
f 3647 3693 3694 3648
f 2308 2377 2378 2311
f 3438 3490 3491 3439
f 2027 2028 2031 2030
f 3351 3386 3387 3352
f 672 689 690 673
f 1962 2011 2012 1963
f 3981 3982 3984 3983
f 3830 3878 3879 3832
f 3973 3974 3976 3975
f 3864 3928 3929 3865
f 3188 3222 3223 3189
f 4210 4274 4275 4211
f 3949 3950 3952 3951
f 2114 2148 2149 2115
f 2695 2760 2761 2696
f 3832 3879 3880 3834
f 2372 2449 2450 2375
f 241 292 293 242
f 3883 3884 3886 3885
f 3552 3601 3602 3553
f 3829 3877 3878 3830
f 4131 4201 4202 4132
f 1543 1563 1562 1544
f 4290 4345 4346 4291
f 3514 3515 3516 3462
f 3938 4039 4040 3939
f 2830 2884 2886 2831
f 4202 4266 4267 4203
f 2043 2082 2083 2044
f 3886 3946 3947 3888
f 3563 3612 3613 3564
f 2360 2432 2433 2361
f 3804 3854 3855 3805
f 3893 4000 4001 3896
f 3910 4013 4014 3911
f 2396 2471 2472 2397
f 4044 4119 4120 4045
f 208 254 255 209
f 3276 3305 3304 3275
f 1466 1499 1500 1467
f 3032 3060 3061 3033
f 2132 2167 2168 2135
f 4115 4185 4186 4116
f 3896 4001 4002 3898
f 3842 3907 3908 3843
f 1017 1052 1053 1018
f 3947 4048 4049 3948
f 3624 3672 3673 3625
f 3917 4020 4021 3918
f 3926 4027 4028 3927
f 3967 3968 3970 3969
f 3928 4029 4030 3929
f 2508 2579 2580 2509
f 3172 3205 3206 3173
f 3329 3354 3355 3331
f 2081 2120 2121 2082
f 3918 4021 4022 3919
f 4020 4096 4097 4021
f 1969 2018 2019 1970
f 3964 4057 4058 3966
f 3894 3999 4000 3893
f 3944 4045 4046 3945
f 3364 3414 3415 3366
f 26 45 46 28
f 3838 3903 3904 3839
f 3936 4037 4038 3937
f 217 261 263 262
f 3704 3753 3754 3705
f 4163 4233 4234 4164
f 3904 4007 4008 3905
f 4002 4078 4079 4003
f 4377 4410 4411 4378
f 3950 4050 4051 3952
f 3840 3905 3906 3841
f 2640 2713 2714 2641
f 3996 4073 4074 3998
f 3974 4062 4063 3976
f 3664 3710 3711 3665
f 3444 3496 3497 3445
f 4369 4403 4402 4370
f 4147 4217 4218 4148
f 3937 4038 4039 3938
f 3968 4059 4060 3970
f 3546 3595 3596 3547
f 969 1001 1002 970
f 3590 3637 3638 3592
f 3816 3865 3866 3817
f 2067 2068 2069 2029
f 3990 4070 4071 3992
f 1932 1933 1936 1935
f 4196 4260 4261 4197
f 2580 2649 2650 2581
f 4090 4165 4166 4091
f 3273 3297 3299 3298
f 4353 4395 4394 4355
f 3941 4042 4043 3942
f 3982 4066 4067 3984
f 3935 4036 4035 3934
f 4410 4432 4433 4411
f 1184 1227 1228 1185
f 2800 2871 2872 2799
f 4027 4103 4104 4028
f 4028 4104 4105 4029
f 3925 4026 4027 3926
f 4008 4084 4085 4009
f 4007 4083 4084 4008
f 2644 2717 2718 2645
f 3540 3589 3590 3542
f 1681 1723 1724 1683
f 4282 4337 4338 4283
f 3901 4004 4005 3902
f 3958 4054 4055 3960
f 1876 1917 1918 1877
f 4000 4076 4077 4001
f 3634 3681 3682 3635
f 3662 3708 3709 3663
f 1050 1082 1083 1051
f 2146 2179 2180 2147
f 4023 4099 4101 4025
f 3976 4063 4064 3978
f 848 851 850 849
f 553 571 572 554
f 1601 1637 1638 1602
f 3888 3947 3948 3890
f 2083 2122 2123 2084
f 4203 4267 4268 4204
f 4015 4091 4092 4016
f 4338 4384 4385 4339
f 1472 1505 1506 1473
f 4074 4149 4150 4075
f 4059 4134 4135 4060
f 4274 4329 4330 4275
f 4021 4097 4098 4022
f 4014 4090 4091 4015
f 3943 4044 4045 3944
f 4116 4186 4187 4117
f 2836 2891 2892 2837
f 2976 3010 3009 2977
f 2066 2105 2106 2065
f 3940 4041 4042 3941
f 4045 4120 4121 4046
f 4046 4121 4122 4047
f 3975 3976 3978 3977
f 4032 4108 4109 4033
f 3706 3755 3756 3707
f 3604 3652 3653 3605
f 3742 3790 3791 3743
f 4409 4431 4432 4410
f 2099 2102 2101 2100
f 4187 4252 4251 4188
f 1916 1963 1964 1917
f 4056 4131 4132 4057
f 2956 2957 2959 2958
f 1993 2046 2047 1994
f 2050 2089 2090 2051
f 3960 4055 4056 3962
f 4061 4136 4137 4062
f 4062 4137 4138 4063
f 4047 4122 4123 4048
f 4092 4167 4168 4093
f 1744 1780 1781 1745
f 3516 3568 3569 3517
f 2298 2365 2366 2299
f 2105 2139 2140 2106
f 4053 4128 4129 4054
f 4054 4129 4130 4055
f 4071 4146 4147 4072
f 4072 4147 4148 4073
f 3004 3036 3037 3005
f 2033 2072 2073 2034
f 3281 3310 3311 3282
f 4108 4180 4181 4109
f 4029 4105 4106 4030
f 4030 4106 4107 4031
f 1900 1947 1948 1901
f 3806 3856 3857 3807
f 3909 4012 4013 3910
f 3966 4058 4059 3968
f 4087 4162 4163 4088
f 4064 4139 4140 4065
f 3770 3818 3819 3771
f 1816 1859 1860 1817
f 1529 1552 1553 1530
f 4330 4376 4377 4331
f 3885 3886 3888 3887
f 1360 1395 1396 1361
f 105 136 135 104
f 4123 4193 4194 4124
f 4024 4100 4099 4023
f 4085 4160 4161 4086
f 3846 3911 3912 3847
f 4079 4154 4155 4080
f 4040 4115 4116 4041
f 2404 2477 2478 2406
f 4146 4216 4217 4147
f 2106 2140 2141 2107
f 18 41 40 17
f 2235 2291 2292 2236
f 3558 3607 3608 3559
f 4055 4130 4131 4056
f 3984 4067 4068 3986
f 41 57 56 40
f 3304 3332 3334 3306
f 3878 3941 3942 3879
f 4140 4210 4211 4141
f 1122 1166 1167 1123
f 4411 4433 4434 4412
f 3266 3291 3293 3267
f 4148 4218 4219 4149
f 2634 2707 2708 2635
f 3740 3789 3790 3742
f 3321 3347 3346 3320
f 10 37 38 12
f 4125 4195 4196 4126
f 2226 2282 2283 2227
f 1956 2005 2006 1957
f 4104 4176 4177 4105
f 3228 3255 3256 3229
f 985 1023 1024 986
f 4155 4225 4226 4156
f 4088 4163 4164 4089
f 4117 4187 4188 4118
f 4134 4204 4205 4135
f 4119 4189 4190 4120
f 4136 4206 4207 4137
f 2328 2395 2396 2329
f 4242 4303 4304 4243
f 3305 3333 3332 3304
f 2 3 6 5
f 4093 4168 4169 4094
f 132 162 163 134
f 4143 4213 4214 4144
f 4132 4202 4203 4133
f 3356 3357 3359 3358
f 3440 3492 3493 3441
f 3942 4043 4044 3943
f 4172 4240 4242 4174
f 1082 1118 1119 1083
f 4094 4169 4170 4095
f 1940 1989 1990 1941
f 4152 4222 4223 4153
f 2155 2188 2189 2156
f 4378 4411 4412 4379
f 2178 2241 2242 2179
f 4159 4229 4230 4160
f 4144 4214 4215 4145
f 3906 4009 4010 3907
f 3812 3861 3862 3813
f 3297 3324 3325 3299
f 4168 4238 4239 4169
f 4149 4219 4220 4150
f 4195 4259 4260 4196
f 4370 4402 4404 4371
f 4173 4241 4240 4172
f 4275 4330 4331 4276
f 4151 4221 4222 4152
f 4120 4190 4191 4121
f 1912 1959 1960 1913
f 505 524 525 506
f 2138 2171 2172 2139
f 4076 4151 4152 4077
f 2139 2172 2173 2140
f 4158 4228 4229 4159
f 4127 4197 4198 4128
f 4394 4420 4419 4396
f 2608 2681 2682 2609
f 4226 4290 4291 4227
f 4006 4082 4083 4007
f 3640 3686 3687 3642
f 4189 4253 4254 4190
f 4190 4254 4255 4191
f 4063 4138 4139 4064
f 4180 4248 4249 4181
f 3492 3548 3549 3493
f 3576 3624 3625 3577
f 2162 2165 2164 2163
f 3788 3836 3838 3787
f 4181 4249 4250 4182
f 4259 4314 4315 4260
f 3983 3984 3986 3985
f 4176 4244 4245 4177
f 3970 4060 4061 3972
f 3876 3939 3940 3877
f 4099 4173 4172 4101
f 3882 3944 3945 3884
f 4157 4227 4228 4158
f 4206 4270 4271 4207
f 4191 4255 4256 4192
f 4208 4272 4273 4209
f 3572 3620 3619 3571
f 2049 2088 2089 2050
f 3502 3558 3559 3503
f 82 106 107 83
f 4101 4172 4174 4102
f 4198 4262 4263 4199
f 2124 2158 2159 2125
f 4164 4234 4235 4165
f 2920 2968 2969 2921
f 3796 3846 3847 3797
f 4078 4153 4154 4079
f 3636 3683 3684 3637
f 4224 4288 4289 4225
f 2073 2112 2113 2074
f 1553 1570 1571 1554
f 611 628 629 612
f 2171 2234 2235 2172
f 4166 4236 4237 4167
f 3378 3426 3427 3379
f 4216 4280 4281 4217
f 4192 4256 4257 4193
f 4042 4117 4118 4043
f 3948 4049 4050 3950
f 4267 4322 4323 4268
f 4320 4366 4367 4321
f 4213 4277 4278 4214
f 4102 4174 4175 4103
f 4231 4295 4296 4232
f 4128 4198 4199 4129
f 2504 2575 2576 2505
f 497 514 515 498
f 3385 3435 3436 3386
f 50 66 65 49
f 4245 4306 4307 4246
f 4323 4369 4370 4324
f 4223 4287 4288 4224
f 3992 4071 4072 3994
f 27 28 30 29
f 4306 4358 4359 4307
f 4150 4220 4221 4151
f 2297 2364 2365 2298
f 2211 2212 2214 2213
f 4230 4294 4295 4231
f 4199 4263 4264 4200
f 3672 3720 3721 3673
f 3780 3826 3827 3781
f 3912 4015 4016 3913
f 3353 3388 3389 3354
f 51 67 68 52
f 4269 4324 4325 4270
f 4270 4325 4326 4271
f 3314 3340 3342 3315
f 3080 3104 3105 3081
f 4114 4183 4185 4115
f 4012 4088 4089 4013
f 4307 4359 4360 4308
f 4260 4315 4316 4261
f 4261 4316 4317 4262
f 4291 4346 4347 4292
f 2036 2075 2076 2037
f 1880 1921 1922 1881
f 4286 4341 4342 4287
f 4221 4285 4286 4222
f 4271 4326 4327 4272
f 109 140 141 110
f 3844 3909 3910 3845
f 1001 1039 1040 1002
f 3345 3379 3381 3380
f 4284 4339 4340 4285
f 1154 1155 1157 1156
f 2275 2278 2277 2276
f 4278 4333 4334 4279
f 4295 4350 4351 4296
f 4256 4312 4311 4257
f 3536 3585 3586 3537
f 11 12 14 13
f 4222 4286 4287 4223
f 35 51 52 36
f 4293 4348 4349 4294
f 4246 4307 4308 4247
f 2004 2057 2058 2005
f 4264 4319 4320 4265
f 3916 4019 4020 3917
f 4048 4123 4124 4049
f 3337 3369 3370 3338
f 4308 4360 4361 4309
f 4317 4364 4363 4318
f 2210 2268 2269 2212
f 4319 4365 4366 4320
f 4272 4327 4328 4273
f 4194 4258 4259 4195
f 4084 4159 4160 4085
f 4355 4394 4396 4356
f 4292 4347 4348 4293
f 2187 2250 2251 2188
f 4371 4404 4405 4372
f 4303 4355 4356 4304
f 4280 4335 4336 4281
f 3128 3165 3164 3130
f 993 1031 1032 994
f 3880 3943 3944 3882
f 2202 2264 2265 2204
f 4328 4374 4375 4329
f 4333 4379 4380 4334
f 4318 4363 4365 4319
f 4279 4334 4335 4280
f 4288 4343 4344 4289
f 4052 4127 4128 4053
f 4402 4426 4425 4404
f 4302 4354 4353 4301
f 299 331 332 300
f 4325 4371 4372 4326
f 4342 4388 4389 4343
f 4207 4271 4272 4208
f 4296 4351 4352 4297
f 4266 4321 4322 4267
f 4200 4264 4265 4201
f 2258 2259 2260 2196
f 83 107 108 84
f 4301 4353 4355 4303
f 4339 4385 4386 4340
f 2100 2101 2104 2103
f 1888 1929 1930 1889
f 4156 4226 4227 4157
f 4340 4386 4387 4341
f 4229 4293 4294 4230
f 4374 4407 4408 4375
f 4343 4389 4390 4344
f 2089 2128 2129 2090
f 4380 4413 4414 4381
f 4109 4181 4182 4110
f 4358 4398 4399 4359
f 4383 4416 4417 4384
f 244 296 295 246
f 4124 4194 4195 4125
f 4068 4143 4144 4069
f 4235 4299 4300 4236
f 67 82 83 68
f 3837 3901 3902 3836
f 4326 4372 4373 4327
f 2052 2091 2092 2053
f 59 74 75 60
f 4416 4438 4439 4417
