# exported by blender_batch_chars_to_s.py fallback
v 0.544530 -0.051945 0.000000
v 0.550084 -0.051418 0.000000
v 0.550297 -0.055984 0.041613
v 0.543322 -0.056159 0.000000
v 0.556065 -0.051971 0.000000
v 0.559087 -0.056331 0.000000
v 0.550077 -0.062625 0.065084
v 0.540897 -0.062938 0.000000
v 0.559906 -0.062665 0.057826
v 0.565993 -0.058448 0.000000
v 0.569525 -0.063147 0.000000
v 0.534699 -0.065338 0.000000
v 0.540469 -0.069585 0.057664
v 0.533757 -0.069967 0.000000
v 0.550031 -0.069535 0.084462
v 0.559996 -0.069536 0.085054
v 0.569967 -0.069586 0.072315
v 0.579898 -0.064774 0.000000
v 0.579991 -0.069791 0.067229
v 0.589367 -0.065164 0.000000
v 0.589891 -0.069862 0.056331
v 0.595969 -0.065856 0.000000
v 0.599055 -0.070236 0.000000
v 0.540425 -0.076488 0.070026
v 0.533585 -0.076523 0.000000
v 0.550028 -0.076484 0.093225
v 0.560001 -0.076485 0.097483
v 0.569999 -0.076487 0.093951
v 0.580000 -0.076502 0.091607
v 0.589991 -0.076508 0.084174
v 0.599869 -0.076577 0.060431
v 0.605926 -0.072367 0.000000
v 0.609056 -0.077142 0.000000
v 0.540425 -0.083434 0.070205
v 0.533584 -0.083399 0.000000
v 0.550028 -0.083437 0.094614
v 0.560001 -0.083438 0.103076
v 0.570000 -0.083438 0.104216
v 0.580000 -0.083438 0.103204
v 0.590000 -0.083438 0.098216
v 0.599991 -0.083444 0.085764
v 0.609900 -0.083522 0.060998
v 0.615988 -0.079304 0.000000
v 0.619484 -0.084015 0.000000
v 0.540469 -0.090338 0.058175
v 0.533757 -0.089955 0.000000
v 0.550031 -0.090388 0.088716
v 0.560001 -0.090391 0.103423
v 0.570000 -0.090391 0.109975
v 0.580000 -0.090391 0.111047
v 0.590000 -0.090391 0.106772
v 0.600000 -0.090391 0.099147
v 0.609995 -0.090396 0.087453
v 0.619963 -0.090447 0.070970
v 0.629331 -0.085753 0.000000
v 0.629920 -0.090681 0.057208
v 0.636028 -0.086664 0.000000
v 0.639486 -0.091012 0.000000
v 0.540884 -0.097017 0.000000
v 0.534698 -0.094587 0.000000
v 0.550083 -0.097321 0.077286
v 0.560004 -0.097343 0.101511
v 0.570000 -0.097344 0.112917
v 0.580000 -0.097344 0.117051
v 0.590000 -0.097344 0.113664
v 0.600000 -0.097344 0.107365
v 0.610000 -0.097344 0.100263
v 0.619999 -0.097346 0.093249
v 0.629996 -0.097364 0.085967
v 0.639963 -0.097403 0.070793
v 0.649331 -0.092709 0.000000
v 0.649920 -0.097634 0.057197
v 0.656028 -0.093617 0.000000
v 0.659486 -0.097965 0.000000
v 0.550371 -0.104295 0.074623
v 0.543141 -0.104267 0.000000
v 0.560025 -0.104297 0.101136
v 0.570001 -0.104297 0.114411
v 0.580000 -0.104297 0.121404
v 0.590000 -0.104297 0.119667
v 0.600000 -0.104297 0.114214
v 0.610000 -0.104297 0.108528
v 0.620000 -0.104297 0.104205
v 0.630000 -0.104298 0.099510
v 0.639999 -0.104300 0.093159
v 0.649996 -0.104317 0.085961
v 0.659962 -0.104356 0.070768
v 0.669326 -0.099663 0.000000
v 0.669885 -0.104594 0.056759
v 0.675961 -0.100583 0.000000
v 0.678988 -0.104998 0.000000
v 0.550416 -0.111250 0.074303
v 0.543487 -0.111250 0.000000
v 0.560027 -0.111250 0.101123
v 0.570001 -0.111250 0.114887
v 0.580000 -0.111250 0.123626
v 0.590000 -0.111250 0.124855
v 0.600000 -0.111250 0.120593
v 0.610000 -0.111250 0.115845
v 0.620000 -0.111250 0.112310
v 0.630000 -0.111250 0.108112
v 0.640000 -0.111250 0.104147
v 0.650000 -0.111251 0.099485
v 0.659998 -0.111253 0.092958
v 0.669967 -0.111271 0.083747
v 0.679521 -0.111328 0.057222
v 0.685282 -0.107103 0.000000
v 0.686242 -0.111689 0.000000
v 0.550371 -0.118205 0.074629
v 0.543138 -0.118233 0.000000
v 0.560025 -0.118203 0.101212
v 0.570001 -0.118203 0.115124
v 0.580000 -0.118203 0.125082
v 0.590000 -0.118203 0.129630
v 0.600000 -0.118203 0.126872
v 0.610000 -0.118203 0.122820
v 0.620000 -0.118203 0.119432
v 0.630000 -0.118203 0.115456
v 0.640000 -0.118203 0.112088
v 0.650000 -0.118203 0.107857
v 0.659999 -0.118203 0.103415
v 0.669973 -0.118204 0.094917
v 0.679574 -0.118208 0.070550
v 0.686417 -0.118244 0.000000
v 0.550079 -0.125179 0.077386
v 0.540817 -0.125485 0.000000
v 0.560004 -0.125157 0.101963
v 0.570000 -0.125156 0.115532
v 0.580000 -0.125156 0.126198
v 0.590000 -0.125156 0.133207
v 0.600000 -0.125156 0.132222
v 0.610000 -0.125156 0.128663
v 0.620000 -0.125156 0.124835
v 0.630000 -0.125156 0.120924
v 0.640000 -0.125156 0.117719
v 0.650000 -0.125156 0.113578
v 0.659999 -0.125156 0.109169
v 0.669973 -0.125156 0.099121
v 0.679577 -0.125156 0.073662
v 0.686434 -0.125158 0.000000
v 0.534059 -0.127944 0.000000
v 0.540124 -0.132177 0.061398
v 0.531009 -0.132764 0.000000
v 0.550007 -0.132113 0.089662
v 0.560000 -0.132109 0.105366
v 0.570000 -0.132109 0.116855
v 0.580000 -0.132109 0.127043
v 0.590000 -0.132109 0.134003
v 0.600000 -0.132109 0.133801
v 0.610000 -0.132109 0.130239
v 0.620000 -0.132109 0.125337
v 0.630000 -0.132109 0.120998
v 0.640000 -0.132109 0.117725
v 0.650000 -0.132109 0.113578
v 0.659999 -0.132109 0.109169
v 0.669973 -0.132109 0.099121
v 0.679577 -0.132109 0.073662
v 0.686434 -0.132107 0.000000
v 0.524659 -0.134914 0.000000
v 0.530427 -0.139140 0.057780
v 0.523332 -0.139531 0.000000
v 0.540030 -0.139068 0.085431
v 0.550001 -0.139063 0.099805
v 0.560000 -0.139062 0.109800
v 0.570000 -0.139062 0.119319
v 0.580000 -0.139062 0.127596
v 0.590000 -0.139062 0.131065
v 0.600000 -0.139062 0.129361
v 0.610000 -0.139062 0.125741
v 0.620000 -0.139062 0.120486
v 0.630000 -0.139062 0.115628
v 0.640000 -0.139062 0.112103
v 0.650000 -0.139062 0.107858
v 0.659999 -0.139062 0.103415
v 0.669973 -0.139062 0.094917
v 0.679574 -0.139058 0.070550
v 0.686417 -0.139022 0.000000
v 0.530082 -0.146042 0.073785
v 0.520831 -0.146375 0.000000
v 0.540004 -0.146017 0.096500
v 0.550000 -0.146016 0.107094
v 0.560000 -0.146016 0.114911
v 0.570000 -0.146016 0.122453
v 0.580000 -0.146016 0.127467
v 0.590000 -0.146016 0.126372
v 0.600000 -0.146016 0.122847
v 0.610000 -0.146016 0.119300
v 0.620000 -0.146016 0.114089
v 0.630000 -0.146016 0.108501
v 0.640000 -0.146016 0.104191
v 0.650000 -0.146015 0.099488
v 0.659998 -0.146013 0.092958
v 0.669967 -0.145995 0.083747
v 0.679521 -0.145938 0.057222
v 0.686242 -0.145577 0.000000
v 0.514060 -0.148805 0.000000
v 0.520124 -0.153038 0.061315
v 0.511009 -0.153623 0.000000
v 0.530007 -0.152972 0.089145
v 0.540000 -0.152969 0.103884
v 0.550000 -0.152969 0.113159
v 0.560000 -0.152969 0.119927
v 0.570000 -0.152969 0.124489
v 0.580000 -0.152969 0.124683
v 0.590000 -0.152969 0.120534
v 0.600000 -0.152969 0.115835
v 0.610000 -0.152969 0.112157
v 0.620000 -0.152969 0.106993
v 0.630000 -0.152969 0.100219
v 0.639999 -0.152966 0.093245
v 0.649996 -0.152949 0.085966
v 0.659962 -0.152910 0.070768
v 0.669885 -0.152672 0.056759
v 0.678988 -0.152268 0.000000
v 0.685282 -0.150163 0.000000
v 0.504659 -0.155773 0.000000
v 0.510427 -0.159999 0.057780
v 0.503332 -0.160391 0.000000
v 0.520030 -0.159927 0.085426
v 0.530001 -0.159922 0.099753
v 0.540000 -0.159922 0.109485
v 0.550000 -0.159922 0.117872
v 0.560000 -0.159922 0.123239
v 0.570000 -0.159922 0.123741
v 0.580000 -0.159922 0.119966
v 0.590000 -0.159922 0.114234
v 0.600000 -0.159922 0.108522
v 0.610000 -0.159922 0.104097
v 0.620000 -0.159921 0.098445
v 0.629995 -0.159917 0.087366
v 0.639963 -0.159865 0.070965
v 0.649920 -0.159632 0.057208
v 0.659486 -0.159301 0.000000
v 0.669326 -0.157603 0.000000
v 0.675961 -0.156682 0.000000
v 0.510082 -0.166902 0.073785
v 0.500831 -0.167234 0.000000
v 0.520004 -0.166876 0.096499
v 0.530000 -0.166875 0.107074
v 0.540000 -0.166875 0.114675
v 0.550000 -0.166875 0.121009
v 0.560000 -0.166875 0.122971
v 0.570000 -0.166875 0.119737
v 0.580000 -0.166875 0.114035
v 0.590000 -0.166875 0.107393
v 0.600000 -0.166875 0.100258
v 0.609999 -0.166872 0.093118
v 0.619992 -0.166854 0.084371
v 0.629901 -0.166788 0.060827
v 0.639484 -0.166297 0.000000
v 0.649331 -0.164559 0.000000
v 0.656028 -0.163648 0.000000
v 0.494060 -0.169665 0.000000
v 0.500124 -0.173897 0.061315
v 0.491009 -0.174483 0.000000
v 0.510008 -0.173832 0.089145
v 0.520000 -0.173828 0.103877
v 0.530000 -0.173828 0.113065
v 0.540000 -0.173828 0.119283
v 0.550000 -0.173828 0.122027
v 0.560000 -0.173828 0.119511
v 0.570000 -0.173828 0.113996
v 0.580000 -0.173828 0.107282
v 0.590000 -0.173828 0.099197
v 0.599995 -0.173823 0.087455
v 0.609962 -0.173771 0.070949
v 0.619888 -0.173531 0.056823
v 0.629059 -0.173127 0.000000
v 0.635988 -0.171005 0.000000
v 0.484659 -0.176633 0.000000
v 0.490427 -0.180859 0.057780
v 0.483332 -0.181250 0.000000
v 0.500030 -0.180787 0.085426
v 0.510001 -0.180781 0.099747
v 0.520000 -0.180781 0.109407
v 0.530000 -0.180781 0.117348
v 0.540000 -0.180781 0.121226
v 0.550000 -0.180781 0.119285
v 0.560000 -0.180781 0.113963
v 0.570000 -0.180781 0.107274
v 0.580000 -0.180781 0.099066
v 0.589991 -0.180775 0.085859
v 0.599900 -0.180697 0.061004
v 0.609484 -0.180204 0.000000
v 0.619326 -0.178465 0.000000
v 0.625966 -0.177542 0.000000
v 0.490082 -0.187761 0.073785
v 0.480831 -0.188093 0.000000
v 0.500004 -0.187735 0.096494
v 0.510000 -0.187734 0.107002
v 0.520000 -0.187734 0.114156
v 0.530000 -0.187734 0.119028
v 0.540000 -0.187734 0.118634
v 0.550000 -0.187734 0.113864
v 0.560000 -0.187734 0.107266
v 0.570000 -0.187734 0.099066
v 0.579990 -0.187728 0.085838
v 0.589869 -0.187644 0.060619
v 0.599056 -0.187077 0.000000
v 0.605988 -0.184914 0.000000
v 0.474056 -0.190524 0.000000
v 0.480121 -0.194757 0.061363
v 0.470946 -0.195344 0.000000
v 0.490007 -0.194691 0.089143
v 0.500000 -0.194688 0.103817
v 0.510000 -0.194687 0.112612
v 0.520000 -0.194687 0.117319
v 0.530000 -0.194687 0.117695
v 0.540000 -0.194687 0.113654
v 0.550000 -0.194687 0.107244
v 0.560000 -0.194687 0.099064
v 0.569990 -0.194681 0.085838
v 0.579869 -0.194597 0.060618
v 0.589053 -0.194029 0.000000
v 0.595926 -0.191855 0.000000
v 0.464079 -0.197520 0.000000
v 0.470134 -0.201731 0.060577
v 0.461010 -0.202298 0.000000
v 0.480009 -0.201647 0.085937
v 0.490000 -0.201641 0.099739
v 0.500000 -0.201641 0.109031
v 0.510000 -0.201641 0.115784
v 0.520000 -0.201641 0.117023
v 0.530000 -0.201641 0.113444
v 0.540000 -0.201641 0.107213
v 0.550000 -0.201640 0.099062
v 0.559990 -0.201634 0.085838
v 0.569869 -0.201550 0.060618
v 0.579053 -0.200982 0.000000
v 0.585926 -0.198808 0.000000
v 0.454659 -0.204445 0.000000
v 0.460427 -0.208671 0.057772
v 0.453332 -0.209062 0.000000
v 0.470031 -0.208600 0.085315
v 0.480001 -0.208594 0.098957
v 0.490000 -0.208594 0.106900
v 0.500000 -0.208594 0.112601
v 0.510000 -0.208594 0.115719
v 0.520000 -0.208594 0.113164
v 0.530000 -0.208594 0.107175
v 0.540000 -0.208594 0.099060
v 0.549990 -0.208587 0.085838
v 0.559869 -0.208503 0.060618
v 0.569053 -0.207935 0.000000
v 0.575926 -0.205761 0.000000
v 0.460082 -0.215574 0.073778
v 0.450831 -0.215906 0.000000
v 0.470004 -0.215548 0.096402
v 0.480000 -0.215547 0.106304
v 0.490000 -0.215547 0.111226
v 0.500000 -0.215547 0.112481
v 0.510000 -0.215547 0.111386
v 0.520000 -0.215547 0.106777
v 0.530000 -0.215547 0.099014
v 0.539990 -0.215540 0.085835
v 0.549869 -0.215456 0.060618
v 0.559053 -0.214888 0.000000
v 0.565926 -0.212714 0.000000
v 0.444060 -0.218336 0.000000
v 0.450125 -0.222569 0.061309
v 0.441009 -0.223155 0.000000
v 0.460008 -0.222503 0.089057
v 0.470000 -0.222500 0.103226
v 0.480000 -0.222500 0.110143
v 0.490000 -0.222500 0.111039
v 0.500000 -0.222500 0.107819
v 0.510000 -0.222500 0.103995
v 0.520000 -0.222499 0.098306
v 0.529990 -0.222493 0.085748
v 0.539869 -0.222409 0.060613
v 0.549053 -0.221841 0.000000
v 0.555926 -0.219667 0.000000
v 0.434659 -0.225305 0.000000
v 0.440427 -0.229531 0.057775
v 0.433332 -0.229922 0.000000
v 0.450030 -0.229459 0.085343
v 0.460001 -0.229453 0.099068
v 0.470000 -0.229453 0.106392
v 0.480000 -0.229453 0.109112
v 0.490000 -0.229453 0.106345
v 0.500000 -0.229453 0.100127
v 0.509999 -0.229450 0.093108
v 0.519991 -0.229432 0.084349
v 0.529869 -0.229360 0.060441
v 0.539053 -0.228794 0.000000
v 0.545926 -0.226620 0.000000
v 0.440082 -0.236433 0.073721
v 0.430831 -0.236765 0.000000
v 0.450004 -0.236407 0.095893
v 0.460000 -0.236406 0.103851
v 0.470000 -0.236406 0.105291
v 0.480000 -0.236406 0.103431
v 0.490000 -0.236406 0.098360
v 0.499995 -0.236401 0.087360
v 0.509962 -0.236349 0.070943
v 0.519888 -0.236109 0.056822
v 0.529055 -0.235704 0.000000
v 0.535926 -0.233570 0.000000
v 0.424060 -0.239196 0.000000
v 0.430125 -0.243429 0.061265
v 0.421009 -0.244014 0.000000
v 0.440008 -0.243363 0.088708
v 0.450000 -0.243359 0.101304
v 0.460000 -0.243359 0.103565
v 0.470000 -0.243359 0.099503
v 0.479999 -0.243357 0.093026
v 0.489992 -0.243338 0.084365
v 0.499901 -0.243273 0.060826
v 0.509484 -0.242782 0.000000
v 0.519326 -0.241043 0.000000
v 0.525966 -0.240120 0.000000
v 0.414659 -0.246164 0.000000
v 0.420427 -0.250390 0.057728
v 0.413332 -0.250781 0.000000
v 0.430030 -0.250318 0.084998
v 0.440001 -0.250313 0.097700
v 0.450000 -0.250313 0.102164
v 0.460000 -0.250312 0.098206
v 0.469995 -0.250307 0.087340
v 0.479962 -0.250256 0.070942
v 0.489888 -0.250016 0.056823
v 0.499059 -0.249611 0.000000
v 0.505988 -0.247489 0.000000
v 1.094614 -0.246612 0.000000
v 1.100715 -0.245970 0.000000
v 1.100403 -0.250632 0.053475
v 1.093287 -0.250835 0.000000
v 1.110064 -0.245851 0.000000
v 1.110027 -0.250608 0.066245
v 1.120003 -0.245839 0.000000
v 1.120001 -0.250607 0.068308
v 1.129997 -0.245839 0.000000
v 1.130000 -0.250607 0.068344
v 1.139942 -0.245851 0.000000
v 1.139995 -0.250608 0.066742
v 1.149374 -0.245971 0.000000
v 1.149924 -0.250639 0.056709
v 1.156035 -0.246626 0.000000
v 1.159530 -0.250927 0.000000
v 0.420082 -0.257292 0.073337
v 0.410831 -0.257625 0.000000
v 0.430004 -0.257267 0.094000
v 0.440000 -0.257266 0.099342
v 0.450000 -0.257265 0.097261
v 0.459991 -0.257259 0.085635
v 0.469900 -0.257181 0.060989
v 0.479484 -0.256688 0.000000
v 0.489326 -0.254949 0.000000
v 0.495966 -0.254026 0.000000
v 1.100050 -0.257302 0.072581
v 1.090401 -0.257547 0.000000
v 1.110003 -0.257285 0.089173
v 1.120000 -0.257285 0.092378
v 1.130000 -0.257285 0.092606
v 1.140000 -0.257285 0.091579
v 1.149996 -0.257287 0.085917
v 1.159967 -0.257323 0.072516
v 1.169954 -0.252499 0.000000
v 1.169997 -0.257524 0.068863
v 1.179940 -0.252777 0.000000
v 1.179994 -0.257559 0.066754
v 1.189369 -0.252924 0.000000
v 1.189891 -0.257598 0.056298
v 1.195970 -0.253593 0.000000
v 1.199055 -0.257971 0.000000
v 0.404060 -0.260055 0.000000
v 0.410124 -0.264288 0.060916
v 0.401009 -0.264873 0.000000
v 0.420008 -0.264222 0.086910
v 0.430000 -0.264219 0.094788
v 0.439999 -0.264216 0.092021
v 0.449991 -0.264197 0.084206
v 0.459870 -0.264126 0.060432
v 0.469056 -0.263561 0.000000
v 0.475988 -0.261399 0.000000
v 0.544030 -0.260546 0.000000
v 0.550628 -0.259879 0.000000
v 0.550109 -0.264552 0.056132
v 0.540941 -0.264923 0.000000
v 0.560000 -0.259770 0.000000
v 0.560000 -0.264517 0.064937
v 0.569372 -0.259879 0.000000
v 0.569891 -0.264552 0.056159
v 0.575970 -0.260546 0.000000
v 0.579059 -0.264923 0.000000
v 1.074033 -0.260503 0.000000
v 1.080662 -0.259554 0.000000
v 1.080111 -0.264514 0.056890
v 1.070945 -0.264921 0.000000
v 1.090029 -0.264254 0.071644
v 1.100003 -0.264221 0.090225
v 1.110000 -0.264219 0.100860
v 1.120000 -0.264219 0.103951
v 1.130000 -0.264219 0.104301
v 1.140000 -0.264219 0.103326
v 1.150000 -0.264219 0.099523
v 1.159999 -0.264221 0.094310
v 1.170000 -0.264236 0.092801
v 1.180000 -0.264238 0.091454
v 1.189991 -0.264242 0.084161
v 1.199866 -0.264312 0.060382
v 1.205921 -0.260102 0.000000
v 1.208990 -0.264876 0.000000
v 0.394656 -0.267023 0.000000
v 0.400424 -0.271249 0.057401
v 0.393291 -0.271632 0.000000
v 0.410030 -0.271177 0.083096
v 0.420001 -0.271171 0.092046
v 0.429995 -0.271167 0.086110
v 0.439962 -0.271115 0.070788
v 0.449888 -0.270875 0.056811
v 0.459055 -0.270470 0.000000
v 0.465926 -0.268336 0.000000
v 0.534012 -0.267042 0.000000
v 0.540100 -0.271258 0.060151
v 0.530521 -0.271749 0.000000
v 0.550008 -0.271195 0.083625
v 0.560000 -0.271191 0.089909
v 0.569992 -0.271195 0.084017
v 0.579901 -0.271259 0.060805
v 0.585988 -0.267042 0.000000
v 0.589484 -0.271750 0.000000
v 1.064074 -0.267055 0.000000
v 1.070131 -0.271265 0.060442
v 1.060944 -0.271830 0.000000
v 1.080009 -0.271193 0.084356
v 1.090001 -0.271174 0.093208
v 1.100000 -0.271172 0.100779
v 1.110000 -0.271172 0.108006
v 1.120000 -0.271172 0.111926
v 1.130000 -0.271172 0.112718
v 1.140000 -0.271172 0.111697
v 1.150000 -0.271172 0.108197
v 1.160000 -0.271172 0.105311
v 1.170000 -0.271172 0.104434
v 1.180000 -0.271173 0.103211
v 1.189999 -0.271173 0.098165
v 1.199969 -0.271178 0.085225
v 1.209576 -0.271249 0.057797
v 1.215344 -0.267023 0.000000
v 1.216709 -0.271632 0.000000
v 0.400051 -0.278145 0.071610
v 0.390401 -0.278404 0.000000
v 0.410002 -0.278124 0.085710
v 0.419992 -0.278104 0.082964
v 0.429901 -0.278038 0.060654
v 0.439484 -0.277547 0.000000
v 0.449326 -0.275808 0.000000
v 0.455966 -0.274885 0.000000
v 0.514707 -0.274322 0.000000
v 0.520767 -0.273480 0.000000
v 0.520517 -0.278329 0.040784
v 0.513949 -0.278183 0.000000
v 0.530068 -0.278161 0.062364
v 0.540007 -0.278128 0.081271
v 0.550000 -0.278126 0.094459
v 0.560000 -0.278126 0.099917
v 0.570000 -0.278126 0.097653
v 0.579995 -0.278130 0.087282
v 0.589963 -0.278182 0.070961
v 0.599331 -0.273488 0.000000
v 0.599921 -0.278415 0.057233
v 0.606031 -0.274398 0.000000
v 0.609527 -0.278737 0.000000
v 1.054012 -0.273992 0.000000
v 1.060100 -0.278209 0.060998
v 1.050516 -0.278703 0.000000
v 1.070009 -0.278132 0.085770
v 1.080000 -0.278126 0.098312
v 1.090000 -0.278125 0.104085
v 1.100000 -0.278125 0.108547
v 1.110000 -0.278125 0.114192
v 1.120000 -0.278125 0.118799
v 1.130000 -0.278125 0.119982
v 1.140000 -0.278125 0.118934
v 1.150000 -0.278125 0.115762
v 1.160000 -0.278125 0.113628
v 1.170000 -0.278125 0.112924
v 1.180000 -0.278125 0.111511
v 1.190000 -0.278125 0.106459
v 1.199997 -0.278126 0.096457
v 1.209949 -0.278145 0.074167
v 1.219599 -0.278404 0.000000
v 0.374033 -0.281362 0.000000
v 0.380662 -0.280413 0.000000
v 0.380111 -0.285373 0.056691
v 0.370945 -0.285780 0.000000
v 0.390029 -0.285113 0.069901
v 0.400000 -0.285078 0.080463
v 0.409971 -0.285043 0.069901
v 0.419889 -0.284783 0.056693
v 0.429059 -0.284377 0.000000
v 0.435988 -0.282255 0.000000
v 0.521014 -0.284397 0.000000
v 0.514745 -0.282338 0.000000
v 0.530115 -0.284786 0.053143
v 0.540029 -0.285043 0.069871
v 0.550003 -0.285076 0.089688
v 0.560000 -0.285078 0.101042
v 0.570000 -0.285078 0.103746
v 0.580000 -0.285078 0.099689
v 0.589999 -0.285081 0.093206
v 0.599996 -0.285098 0.086095
v 0.609966 -0.285135 0.072358
v 0.619893 -0.280323 0.000000
v 0.619970 -0.285338 0.066757
v 0.629283 -0.280709 0.000000
v 0.629594 -0.285396 0.053479
v 0.635383 -0.281376 0.000000
v 0.636671 -0.285609 0.000000
v 0.684530 -0.281398 0.000000
v 0.690084 -0.280871 0.000000
v 0.690297 -0.285437 0.041615
v 0.683319 -0.285612 0.000000
v 0.696065 -0.281424 0.000000
v 0.699087 -0.285784 0.000000
v 1.034034 -0.281365 0.000000
v 1.040674 -0.280442 0.000000
v 1.040112 -0.285375 0.056822
v 1.030945 -0.285780 0.000000
v 1.050038 -0.285135 0.070949
v 1.060005 -0.285083 0.087452
v 1.070000 -0.285078 0.099148
v 1.080000 -0.285078 0.106837
v 1.090000 -0.285078 0.111909
v 1.100000 -0.285078 0.115180
v 1.110000 -0.285078 0.119078
v 1.120000 -0.285078 0.123095
v 1.130000 -0.285078 0.124620
v 1.140000 -0.285078 0.124333
v 1.150000 -0.285078 0.122518
v 1.160000 -0.285078 0.121174
v 1.170000 -0.285078 0.120567
v 1.180000 -0.285078 0.118666
v 1.190000 -0.285078 0.112971
v 1.200000 -0.285078 0.103999
v 1.209997 -0.285080 0.090764
v 1.219971 -0.285113 0.071693
v 1.229339 -0.280413 0.000000
v 1.229889 -0.285373 0.056893
v 1.235967 -0.281362 0.000000
v 1.239055 -0.285780 0.000000
v 0.364079 -0.287914 0.000000
v 0.370134 -0.292124 0.060108
v 0.361010 -0.292688 0.000000
v 0.380009 -0.292053 0.082902
v 0.389998 -0.292032 0.085706
v 0.399949 -0.292011 0.071610
v 0.409599 -0.291752 0.000000
v 0.419338 -0.289743 0.000000
v 0.425967 -0.288794 0.000000
v 0.530662 -0.289743 0.000000
v 0.524038 -0.288795 0.000000
v 0.540401 -0.291753 0.000000
v 0.550050 -0.292012 0.074156
v 0.560003 -0.292031 0.096519
v 0.570000 -0.292031 0.105375
v 0.580000 -0.292031 0.106576
v 0.590000 -0.292031 0.103978
v 0.600000 -0.292032 0.099588
v 0.609999 -0.292034 0.093968
v 0.619996 -0.292049 0.089333
v 0.629919 -0.292074 0.072207
v 0.639173 -0.292392 0.000000
v 0.690073 -0.292079 0.065127
v 0.680827 -0.292392 0.000000
v 0.699904 -0.292119 0.057779
v 0.705990 -0.287901 0.000000
v 0.709480 -0.292609 0.000000
v 1.024074 -0.287914 0.000000
v 1.030130 -0.292124 0.060442
v 1.020944 -0.292689 0.000000
v 1.040009 -0.292053 0.084350
v 1.050001 -0.292034 0.093117
v 1.060000 -0.292031 0.100252
v 1.070000 -0.292031 0.107307
v 1.080000 -0.292031 0.113404
v 1.090000 -0.292031 0.117323
v 1.100000 -0.292031 0.118554
v 1.110000 -0.292031 0.119087
v 1.120000 -0.292031 0.120388
v 1.130000 -0.292031 0.122191
v 1.140000 -0.292031 0.124745
v 1.150000 -0.292031 0.126668
v 1.160000 -0.292031 0.127516
v 1.170000 -0.292031 0.127572
v 1.180000 -0.292031 0.124958
v 1.190000 -0.292031 0.118263
v 1.200000 -0.292031 0.109643
v 1.210000 -0.292031 0.100996
v 1.219999 -0.292033 0.093224
v 1.229991 -0.292053 0.084353
v 1.239866 -0.292124 0.060389
v 1.245921 -0.287914 0.000000
v 1.248986 -0.292688 0.000000
v 0.354659 -0.294836 0.000000
v 0.360427 -0.299062 0.057048
v 0.353332 -0.299453 0.000000
v 0.370031 -0.298990 0.082951
v 0.380000 -0.298984 0.091388
v 0.389969 -0.298978 0.083015
v 0.399576 -0.298907 0.057396
v 0.406709 -0.298524 0.000000
v 0.550414 -0.298930 0.058621
v 0.543289 -0.298528 0.000000
v 0.560028 -0.298982 0.089000
v 0.570001 -0.298984 0.104087
v 0.580000 -0.298984 0.111075
v 0.590000 -0.298984 0.111568
v 0.600000 -0.298984 0.108161
v 0.610000 -0.298984 0.104792
v 0.620000 -0.298985 0.100826
v 0.629994 -0.298988 0.088635
v 0.639912 -0.299046 0.061730
v 0.646010 -0.294806 0.000000
v 0.649530 -0.299530 0.000000
v 0.673990 -0.294806 0.000000
v 0.680089 -0.299046 0.061277
v 0.670470 -0.299530 0.000000
v 0.690006 -0.298988 0.084928
v 0.699994 -0.298990 0.084611
v 0.709938 -0.299041 0.069812
v 0.719237 -0.294346 0.000000
v 0.719539 -0.299266 0.053277
v 0.725321 -0.295242 0.000000
v 0.726244 -0.299479 0.000000
v 1.014012 -0.294851 0.000000
v 1.020099 -0.299069 0.060998
v 1.010516 -0.299562 0.000000
v 1.030009 -0.298991 0.085770
v 1.040000 -0.298985 0.098314
v 1.050000 -0.298984 0.104085
v 1.060000 -0.298984 0.108439
v 1.070000 -0.298984 0.113635
v 1.080000 -0.298984 0.117350
v 1.090000 -0.298984 0.117576
v 1.100000 -0.298984 0.115164
v 1.110000 -0.298984 0.113438
v 1.120000 -0.298984 0.113640
v 1.130000 -0.298984 0.115943
v 1.140000 -0.298984 0.120431
v 1.150000 -0.298984 0.125529
v 1.160000 -0.298984 0.130093
v 1.170000 -0.298984 0.132603
v 1.180000 -0.298984 0.130253
v 1.190000 -0.298984 0.123102
v 1.200000 -0.298984 0.115190
v 1.210000 -0.298984 0.108690
v 1.220000 -0.298984 0.104102
v 1.229999 -0.298985 0.098250
v 1.239966 -0.298991 0.085153
v 1.249521 -0.299060 0.057394
v 1.255282 -0.294834 0.000000
v 1.256242 -0.299423 0.000000
v 0.360081 -0.305962 0.068319
v 0.350831 -0.306296 0.000000
v 0.370004 -0.305921 0.084973
v 0.379991 -0.305914 0.082830
v 0.389866 -0.305844 0.060107
v 0.398990 -0.305280 0.000000
v 0.405344 -0.303133 0.000000
v 0.550880 -0.305610 0.000000
v 0.544637 -0.303179 0.000000
v 0.560082 -0.305915 0.077312
v 0.570004 -0.305937 0.101630
v 0.580000 -0.305937 0.113230
v 0.590000 -0.305937 0.117461
v 0.600000 -0.305937 0.115476
v 0.610000 -0.305937 0.112538
v 0.620000 -0.305938 0.107977
v 0.630000 -0.305938 0.099729
v 0.639995 -0.305942 0.087681
v 0.649967 -0.305990 0.072739
v 0.660000 -0.300873 0.000000
v 0.660000 -0.306159 0.069514
v 0.670033 -0.305990 0.072637
v 0.680005 -0.305942 0.086814
v 0.690000 -0.305938 0.095453
v 0.699999 -0.305938 0.094828
v 0.709971 -0.305939 0.086839
v 0.719572 -0.305952 0.066213
v 0.726398 -0.305941 0.000000
v 0.994034 -0.302224 0.000000
v 1.000674 -0.301301 0.000000
v 1.000112 -0.306234 0.056823
v 0.990941 -0.306639 0.000000
v 1.010038 -0.305994 0.070949
v 1.020005 -0.305943 0.087452
v 1.030000 -0.305938 0.099152
v 1.040000 -0.305938 0.106877
v 1.050000 -0.305937 0.112052
v 1.060000 -0.305937 0.115181
v 1.070000 -0.305937 0.117866
v 1.080000 -0.305937 0.117453
v 1.090000 -0.305937 0.113620
v 1.100000 -0.305937 0.108576
v 1.110000 -0.305937 0.105448
v 1.120000 -0.305937 0.105465
v 1.130000 -0.305937 0.108676
v 1.140000 -0.305937 0.114301
v 1.150000 -0.305937 0.120668
v 1.160000 -0.305937 0.127534
v 1.170000 -0.305937 0.133334
v 1.180000 -0.305937 0.133907
v 1.190000 -0.305937 0.128002
v 1.200000 -0.305937 0.121147
v 1.210000 -0.305937 0.115883
v 1.220000 -0.305937 0.112080
v 1.229999 -0.305938 0.106340
v 1.239972 -0.305938 0.095649
v 1.249574 -0.305942 0.070639
v 1.256417 -0.305978 0.000000
v 0.344056 -0.308727 0.000000
v 0.350116 -0.312955 0.052109
v 0.340946 -0.313547 0.000000
v 0.359975 -0.312839 0.063625
v 0.369991 -0.312631 0.065809
v 0.379891 -0.312560 0.056167
v 0.389055 -0.312186 0.000000
v 0.395921 -0.310055 0.000000
v 0.560371 -0.312889 0.074624
v 0.553141 -0.312860 0.000000
v 0.570025 -0.312891 0.101151
v 0.580001 -0.312891 0.114516
v 0.590000 -0.312891 0.121979
v 0.600000 -0.312891 0.122201
v 0.610000 -0.312891 0.119557
v 0.620000 -0.312891 0.114253
v 0.630000 -0.312891 0.107456
v 0.640000 -0.312891 0.100317
v 0.649999 -0.312893 0.094246
v 0.660000 -0.312906 0.092806
v 0.670001 -0.312893 0.093564
v 0.680000 -0.312891 0.096660
v 0.690000 -0.312891 0.096327
v 0.699998 -0.312888 0.091198
v 0.709967 -0.312870 0.082344
v 0.719521 -0.312813 0.056670
v 0.726241 -0.312454 0.000000
v 0.984012 -0.308761 0.000000
v 0.990099 -0.312977 0.060827
v 0.980516 -0.313468 0.000000
v 1.000008 -0.312912 0.084371
v 1.010001 -0.312893 0.093118
v 1.020000 -0.312891 0.100257
v 1.030000 -0.312891 0.107375
v 1.040000 -0.312891 0.113820
v 1.050000 -0.312891 0.118465
v 1.060000 -0.312891 0.119585
v 1.070000 -0.312891 0.118524
v 1.080000 -0.312891 0.113993
v 1.090000 -0.312891 0.107442
v 1.100000 -0.312891 0.100392
v 1.109999 -0.312890 0.094597
v 1.120001 -0.312890 0.094597
v 1.130000 -0.312891 0.100401
v 1.140000 -0.312891 0.107572
v 1.150000 -0.312891 0.115054
v 1.160000 -0.312891 0.123360
v 1.170000 -0.312891 0.131668
v 1.180000 -0.312891 0.136387
v 1.190000 -0.312891 0.133138
v 1.200000 -0.312891 0.127462
v 1.210000 -0.312891 0.122779
v 1.220000 -0.312891 0.118699
v 1.229999 -0.312891 0.111770
v 1.239973 -0.312891 0.099751
v 1.249577 -0.312891 0.073753
v 1.256434 -0.312893 0.000000
v 0.334079 -0.315723 0.000000
v 0.340125 -0.319928 0.049875
v 0.331014 -0.320500 0.000000
v 0.349912 -0.319766 0.050323
v 0.359525 -0.319275 0.000000
v 0.369898 -0.317648 0.000000
v 0.379367 -0.317258 0.000000
v 0.385969 -0.316565 0.000000
v 0.560416 -0.319844 0.074303
v 0.553487 -0.319844 0.000000
v 0.570027 -0.319844 0.101130
v 0.580001 -0.319844 0.114984
v 0.590000 -0.319844 0.124379
v 0.600000 -0.319844 0.127890
v 0.610000 -0.319844 0.125790
v 0.620000 -0.319844 0.120154
v 0.630000 -0.319844 0.113869
v 0.640000 -0.319844 0.107907
v 0.650000 -0.319844 0.103809
v 0.660000 -0.319844 0.102299
v 0.670000 -0.319844 0.101069
v 0.680000 -0.319844 0.096821
v 0.689995 -0.319839 0.086812
v 0.699962 -0.319787 0.070726
v 0.709885 -0.319547 0.056621
v 0.718988 -0.319143 0.000000
v 0.725282 -0.317038 0.000000
v 0.894673 -0.316140 0.000000
v 0.900662 -0.315514 0.000000
v 0.900455 -0.320160 0.048819
v 0.893773 -0.320304 0.000000
v 0.909437 -0.315515 0.000000
v 0.909954 -0.320171 0.053578
v 0.916039 -0.316158 0.000000
v 0.919531 -0.320458 0.000000
v 0.963969 -0.316117 0.000000
v 0.970669 -0.315206 0.000000
v 0.970079 -0.320134 0.057233
v 0.960470 -0.320455 0.000000
v 0.980037 -0.319900 0.070965
v 0.990005 -0.319849 0.087366
v 1.000000 -0.319844 0.098445
v 1.010000 -0.319844 0.104097
v 1.020000 -0.319844 0.108517
v 1.030000 -0.319844 0.114164
v 1.040000 -0.319844 0.119500
v 1.050000 -0.319844 0.121864
v 1.060000 -0.319844 0.119007
v 1.070000 -0.319844 0.114470
v 1.080000 -0.319844 0.108446
v 1.090000 -0.319844 0.099789
v 1.099996 -0.319841 0.087718
v 1.109970 -0.319819 0.073215
v 1.120030 -0.319819 0.073215
v 1.130005 -0.319841 0.087734
v 1.140000 -0.319844 0.099992
v 1.150000 -0.319844 0.109826
v 1.160000 -0.319844 0.119572
v 1.170000 -0.319844 0.129363
v 1.180000 -0.319844 0.137112
v 1.190000 -0.319844 0.137864
v 1.200000 -0.319844 0.133566
v 1.210000 -0.319844 0.128479
v 1.220000 -0.319844 0.122796
v 1.229999 -0.319844 0.113961
v 1.239973 -0.319844 0.100757
v 1.249577 -0.319844 0.074173
v 1.256435 -0.319844 0.000000
v 0.324719 -0.322643 0.000000
v 0.330472 -0.326847 0.047394
v 0.323776 -0.327191 0.000000
v 0.339903 -0.326710 0.049556
v 0.349058 -0.326139 0.000000
v 0.355991 -0.323978 0.000000
v 0.560371 -0.326799 0.074629
v 0.553138 -0.326827 0.000000
v 0.570025 -0.326797 0.101219
v 0.580001 -0.326797 0.115214
v 0.590000 -0.326797 0.125720
v 0.600000 -0.326797 0.131835
v 0.610000 -0.326797 0.129592
v 0.620000 -0.326797 0.123698
v 0.630000 -0.326797 0.117411
v 0.640000 -0.326797 0.111254
v 0.650000 -0.326797 0.105930
v 0.660000 -0.326797 0.102652
v 0.670000 -0.326796 0.099486
v 0.679994 -0.326793 0.088192
v 0.689910 -0.326734 0.061624
v 0.699485 -0.326222 0.000000
v 0.709326 -0.324480 0.000000
v 0.715961 -0.323557 0.000000
v 0.823780 -0.323305 0.000000
v 0.827072 -0.323318 0.000000
v 0.830005 -0.327442 0.000000
v 0.823629 -0.327346 0.000000
v 0.900470 -0.326765 0.053722
v 0.893775 -0.326406 0.000000
v 0.910027 -0.326816 0.076072
v 0.919968 -0.326854 0.071123
v 0.929957 -0.322028 0.000000
v 0.929997 -0.327055 0.068890
v 0.940000 -0.322269 0.000000
v 0.940000 -0.327086 0.068551
v 0.950043 -0.322028 0.000000
v 0.950003 -0.327055 0.069002
v 0.960033 -0.326854 0.072532
v 0.970004 -0.326817 0.086104
v 0.980001 -0.326800 0.093251
v 0.990000 -0.326797 0.100219
v 1.000000 -0.326797 0.106993
v 1.010000 -0.326797 0.112151
v 1.020000 -0.326797 0.115751
v 1.030000 -0.326797 0.120040
v 1.040000 -0.326797 0.122998
v 1.050000 -0.326797 0.121002
v 1.060000 -0.326797 0.114758
v 1.070000 -0.326797 0.108252
v 1.080000 -0.326797 0.101624
v 1.089994 -0.326794 0.088732
v 1.099913 -0.326750 0.061804
v 1.109561 -0.326448 0.000000
v 1.120439 -0.326448 0.000000
v 1.130087 -0.326751 0.061930
v 1.140006 -0.326794 0.089689
v 1.150000 -0.326797 0.105369
v 1.160000 -0.326797 0.116910
v 1.170000 -0.326797 0.127641
v 1.180000 -0.326797 0.137197
v 1.190000 -0.326797 0.141397
v 1.200000 -0.326797 0.137397
v 1.210000 -0.326797 0.130278
v 1.220000 -0.326797 0.122214
v 1.229999 -0.326797 0.112793
v 1.239973 -0.326797 0.099926
v 1.249577 -0.326797 0.073768
v 1.256434 -0.326795 0.000000
v 0.330352 -0.333397 0.038716
v 0.323764 -0.333287 0.000000
v 0.339087 -0.333043 0.000000
v 0.345928 -0.330914 0.000000
v 0.560079 -0.333773 0.077387
v 0.550813 -0.334078 0.000000
v 0.570004 -0.333751 0.101960
v 0.580000 -0.333750 0.115487
v 0.590000 -0.333750 0.125808
v 0.600000 -0.333750 0.131314
v 0.610000 -0.333750 0.127237
v 0.620000 -0.333750 0.120399
v 0.630000 -0.333750 0.113780
v 0.640000 -0.333750 0.107035
v 0.650000 -0.333750 0.100035
v 0.659999 -0.333747 0.093803
v 0.669996 -0.333732 0.089192
v 0.679919 -0.333707 0.072171
v 0.689173 -0.333389 0.000000
v 0.696007 -0.330973 0.000000
v 0.830395 -0.333806 0.049670
v 0.823594 -0.333758 0.000000
v 0.839937 -0.328997 0.000000
v 0.840019 -0.334010 0.063069
v 0.849368 -0.329383 0.000000
v 0.849892 -0.334081 0.055863
v 0.855969 -0.330075 0.000000
v 0.859055 -0.334455 0.000000
v 0.900853 -0.333424 0.000000
v 0.894697 -0.330996 0.000000
v 0.910079 -0.333728 0.073990
v 0.920002 -0.333752 0.089394
v 0.930000 -0.333767 0.092364
v 0.940000 -0.333769 0.092723
v 0.950000 -0.333767 0.092916
v 0.960001 -0.333753 0.094321
v 0.970000 -0.333751 0.099618
v 0.980000 -0.333750 0.104199
v 0.990000 -0.333750 0.108502
v 1.000000 -0.333750 0.114082
v 1.010000 -0.333750 0.119203
v 1.020000 -0.333750 0.122174
v 1.030000 -0.333750 0.124101
v 1.040000 -0.333750 0.123257
v 1.050000 -0.333750 0.117877
v 1.060000 -0.333750 0.109581
v 1.070000 -0.333750 0.100756
v 1.079995 -0.333747 0.090933
v 1.089919 -0.333709 0.072390
v 1.099173 -0.333391 0.000000
v 1.106012 -0.331004 0.000000
v 1.130813 -0.333424 0.000000
v 1.123987 -0.331006 0.000000
v 1.140079 -0.333727 0.077387
v 1.150004 -0.333749 0.101965
v 1.160000 -0.333750 0.115582
v 1.170000 -0.333750 0.126792
v 1.180000 -0.333750 0.136702
v 1.190000 -0.333750 0.141217
v 1.200000 -0.333750 0.135860
v 1.210000 -0.333750 0.127462
v 1.220000 -0.333750 0.118620
v 1.229999 -0.333750 0.109035
v 1.239972 -0.333750 0.096434
v 1.249575 -0.333746 0.070749
v 1.256417 -0.333710 0.000000
v 0.330089 -0.337958 0.000000
v 0.324590 -0.337436 0.000000
v 0.336065 -0.337404 0.000000
v 0.543989 -0.336524 0.000000
v 0.550088 -0.340764 0.061857
v 0.540474 -0.341269 0.000000
v 0.560006 -0.340706 0.089686
v 0.570000 -0.340703 0.105356
v 0.580000 -0.340703 0.116702
v 0.590000 -0.340703 0.125834
v 0.600000 -0.340703 0.128876
v 0.610000 -0.340703 0.122993
v 0.620000 -0.340703 0.115005
v 0.630000 -0.340703 0.107433
v 0.640000 -0.340703 0.099193
v 0.649995 -0.340698 0.087565
v 0.659966 -0.340648 0.072519
v 0.669970 -0.340444 0.066759
v 0.679594 -0.340385 0.053478
v 0.686671 -0.340173 0.000000
v 0.830468 -0.340652 0.054154
v 0.823757 -0.340270 0.000000
v 0.840031 -0.340717 0.079801
v 0.849992 -0.340726 0.081951
v 0.859869 -0.340796 0.060173
v 0.865926 -0.336586 0.000000
v 0.869056 -0.341361 0.000000
v 0.910316 -0.340702 0.074252
v 0.902676 -0.340693 0.000000
v 0.920022 -0.340703 0.097036
v 0.930001 -0.340704 0.103275
v 0.940000 -0.340704 0.104357
v 0.950000 -0.340704 0.104550
v 0.960000 -0.340703 0.105286
v 0.970000 -0.340703 0.108181
v 0.980000 -0.340703 0.112151
v 0.990000 -0.340703 0.115629
v 1.000000 -0.340703 0.120413
v 1.010000 -0.340703 0.125052
v 1.020000 -0.340703 0.126155
v 1.030000 -0.340703 0.124201
v 1.040000 -0.340703 0.119737
v 1.050000 -0.340703 0.113133
v 1.060000 -0.340703 0.104011
v 1.069997 -0.340701 0.090728
v 1.079950 -0.340668 0.071218
v 1.089592 -0.340421 0.054041
v 1.096671 -0.340176 0.000000
v 1.140371 -0.340701 0.074629
v 1.133138 -0.340673 0.000000
v 1.150025 -0.340703 0.101222
v 1.160001 -0.340703 0.115291
v 1.170000 -0.340703 0.126522
v 1.180000 -0.340703 0.135977
v 1.190000 -0.340703 0.139006
v 1.200000 -0.340703 0.132407
v 1.210000 -0.340703 0.123301
v 1.220000 -0.340703 0.114141
v 1.229999 -0.340703 0.103991
v 1.239969 -0.340700 0.088567
v 1.249531 -0.340649 0.058146
v 1.256243 -0.340268 0.000000
v 0.514673 -0.343952 0.000000
v 0.520723 -0.343287 0.000000
v 0.520454 -0.347972 0.053131
v 0.513716 -0.348159 0.000000
v 0.530107 -0.342899 0.000000
v 0.530033 -0.347916 0.066702
v 0.540034 -0.347711 0.072536
v 0.550005 -0.347661 0.087695
v 0.560000 -0.347656 0.099991
v 0.570000 -0.347656 0.109805
v 0.580000 -0.347656 0.119255
v 0.590000 -0.347656 0.126824
v 0.600000 -0.347656 0.126823
v 0.610000 -0.347656 0.119254
v 0.620000 -0.347656 0.109799
v 0.630000 -0.347656 0.099853
v 0.639992 -0.347651 0.085970
v 0.649902 -0.347572 0.061036
v 0.659525 -0.347088 0.000000
v 0.669893 -0.345460 0.000000
v 0.679283 -0.345072 0.000000
v 0.685383 -0.344405 0.000000
v 0.830898 -0.347299 0.000000
v 0.824699 -0.344897 0.000000
v 0.840085 -0.347631 0.072177
v 0.850004 -0.347656 0.089926
v 0.859992 -0.347663 0.084323
v 0.869902 -0.347739 0.060878
v 0.875991 -0.343521 0.000000
v 0.879528 -0.348203 0.000000
v 0.910043 -0.347671 0.077660
v 0.900313 -0.347874 0.000000
v 0.920002 -0.347657 0.100664
v 0.930000 -0.347656 0.109838
v 0.940000 -0.347656 0.112335
v 0.950000 -0.347656 0.112684
v 0.960000 -0.347656 0.113110
v 0.970000 -0.347656 0.114949
v 0.980000 -0.347656 0.118062
v 0.990000 -0.347656 0.121017
v 1.000000 -0.347656 0.124988
v 1.010000 -0.347656 0.127813
v 1.020000 -0.347656 0.125163
v 1.030000 -0.347656 0.120074
v 1.040000 -0.347656 0.114017
v 1.050000 -0.347656 0.106927
v 1.059997 -0.347656 0.096506
v 1.069949 -0.347636 0.074167
v 1.079595 -0.347377 0.000000
v 1.089255 -0.345370 0.000000
v 1.095381 -0.344446 0.000000
v 1.140416 -0.347656 0.074303
v 1.133487 -0.347656 0.000000
v 1.150027 -0.347656 0.101149
v 1.160001 -0.347656 0.115256
v 1.170000 -0.347656 0.126416
v 1.180000 -0.347656 0.135304
v 1.190000 -0.347656 0.136597
v 1.200000 -0.347656 0.129224
v 1.210000 -0.347656 0.119487
v 1.220000 -0.347656 0.109455
v 1.229996 -0.347655 0.097268
v 1.239915 -0.347630 0.073843
v 1.249102 -0.347299 0.000000
v 1.255301 -0.344897 0.000000
v 0.520373 -0.354632 0.069447
v 0.513159 -0.354684 0.000000
v 0.530025 -0.354627 0.088683
v 0.540002 -0.354612 0.093965
v 0.550000 -0.354609 0.100363
v 0.560000 -0.354609 0.107572
v 0.570000 -0.354609 0.115037
v 0.580000 -0.354609 0.123018
v 0.590000 -0.354609 0.128898
v 0.600000 -0.354609 0.125837
v 0.610000 -0.354609 0.116702
v 0.620000 -0.354609 0.105355
v 0.629993 -0.354606 0.089664
v 0.639879 -0.354541 0.061447
v 0.649058 -0.353954 0.000000
v 0.655991 -0.351790 0.000000
v 0.840418 -0.354553 0.058208
v 0.833334 -0.354144 0.000000
v 0.850029 -0.354606 0.086365
v 0.860001 -0.354609 0.093777
v 0.869995 -0.354614 0.086711
v 0.879967 -0.354662 0.072664
v 0.889986 -0.349514 0.000000
v 0.889999 -0.354829 0.069608
v 0.900022 -0.354640 0.073572
v 0.910002 -0.354611 0.091387
v 0.920000 -0.354609 0.105088
v 0.930000 -0.354609 0.114112
v 0.940000 -0.354609 0.117543
v 0.950000 -0.354609 0.117574
v 0.960000 -0.354609 0.117301
v 0.970000 -0.354609 0.117732
v 0.980000 -0.354609 0.118936
v 0.990000 -0.354609 0.121069
v 1.000000 -0.354609 0.124287
v 1.010000 -0.354609 0.125146
v 1.020000 -0.354609 0.120351
v 1.030000 -0.354609 0.114100
v 1.040000 -0.354609 0.107280
v 1.049999 -0.354609 0.099017
v 1.059969 -0.354603 0.085320
v 1.069576 -0.354532 0.057803
v 1.076710 -0.354149 0.000000
v 1.140371 -0.354611 0.074627
v 1.133142 -0.354640 0.000000
v 1.150025 -0.354609 0.101222
v 1.160001 -0.354609 0.115278
v 1.170000 -0.354609 0.126337
v 1.180000 -0.354609 0.134569
v 1.190000 -0.354609 0.134003
v 1.200000 -0.354609 0.126331
v 1.210000 -0.354609 0.116385
v 1.219999 -0.354609 0.105141
v 1.229971 -0.354607 0.089105
v 1.239583 -0.354555 0.058595
v 1.246666 -0.354144 0.000000
v 0.520079 -0.361586 0.076405
v 0.510818 -0.361893 0.000000
v 0.530004 -0.361564 0.097758
v 0.540000 -0.361563 0.104308
v 0.550000 -0.361562 0.108576
v 0.560000 -0.361562 0.114329
v 0.570000 -0.361562 0.120797
v 0.580000 -0.361562 0.127596
v 0.590000 -0.361562 0.131578
v 0.600000 -0.361562 0.125863
v 0.610000 -0.361562 0.115492
v 0.619996 -0.361562 0.101961
v 0.629921 -0.361540 0.077386
v 0.639183 -0.361234 0.000000
v 0.645946 -0.358775 0.000000
v 0.840894 -0.361205 0.000000
v 0.834641 -0.358801 0.000000
v 0.850085 -0.361537 0.073264
v 0.860004 -0.361562 0.093686
v 0.870000 -0.361563 0.097243
v 0.879999 -0.361565 0.093993
v 0.890000 -0.361578 0.093085
v 0.900001 -0.361564 0.094531
v 0.910000 -0.361563 0.101125
v 0.920000 -0.361562 0.109448
v 0.930000 -0.361562 0.116232
v 0.940000 -0.361562 0.117385
v 0.950000 -0.361562 0.114910
v 0.960000 -0.361562 0.113116
v 0.970000 -0.361562 0.112789
v 0.980000 -0.361562 0.113381
v 0.990000 -0.361562 0.115676
v 1.000000 -0.361562 0.119387
v 1.010000 -0.361562 0.120265
v 1.020000 -0.361562 0.114654
v 1.030000 -0.361562 0.107425
v 1.040000 -0.361562 0.099080
v 1.049990 -0.361556 0.085836
v 1.059866 -0.361472 0.060570
v 1.068990 -0.360905 0.000000
v 1.075344 -0.358758 0.000000
v 1.140082 -0.361585 0.077334
v 1.130884 -0.361890 0.000000
v 1.150004 -0.361563 0.101961
v 1.160000 -0.361562 0.115555
v 1.170000 -0.361562 0.126409
v 1.180000 -0.361562 0.133847
v 1.190000 -0.361562 0.131133
v 1.200000 -0.361562 0.122906
v 1.210000 -0.361562 0.113226
v 1.219996 -0.361562 0.100767
v 1.229918 -0.361540 0.076852
v 1.239120 -0.361234 0.000000
v 1.245360 -0.358803 0.000000
v 0.504055 -0.364350 0.000000
v 0.510121 -0.368584 0.061432
v 0.500946 -0.369172 0.000000
v 0.520007 -0.368519 0.089476
v 0.530000 -0.368516 0.103994
v 0.540000 -0.368516 0.111387
v 0.550000 -0.368516 0.115729
v 0.560000 -0.368516 0.120820
v 0.570000 -0.368516 0.126838
v 0.580000 -0.368516 0.132427
v 0.590000 -0.368516 0.133739
v 0.600000 -0.368516 0.126179
v 0.609999 -0.368516 0.115264
v 0.619975 -0.368516 0.101221
v 0.629629 -0.368514 0.074629
v 0.636860 -0.368485 0.000000
v 0.850417 -0.368461 0.058504
v 0.843334 -0.368050 0.000000
v 0.860028 -0.368513 0.088255
v 0.870001 -0.368516 0.100822
v 0.880000 -0.368516 0.103887
v 0.890000 -0.368516 0.104520
v 0.900000 -0.368516 0.105370
v 0.910000 -0.368516 0.108658
v 0.920000 -0.368516 0.113686
v 0.930000 -0.368516 0.116248
v 0.940000 -0.368516 0.113441
v 0.950000 -0.368516 0.108526
v 0.960000 -0.368516 0.105334
v 0.970000 -0.368515 0.104658
v 0.980000 -0.368516 0.105354
v 0.990000 -0.368516 0.108576
v 1.000000 -0.368516 0.113399
v 1.010000 -0.368516 0.115151
v 1.020000 -0.368516 0.109108
v 1.030000 -0.368515 0.099774
v 1.039991 -0.368510 0.085943
v 1.049869 -0.368425 0.060625
v 1.059053 -0.367857 0.000000
v 1.065921 -0.365683 0.000000
v 1.124698 -0.364320 0.000000
v 1.130469 -0.368568 0.058228
v 1.123757 -0.368951 0.000000
v 1.140031 -0.368518 0.089069
v 1.150001 -0.368516 0.105303
v 1.160000 -0.368516 0.116864
v 1.170000 -0.368516 0.127115
v 1.180000 -0.368516 0.133509
v 1.190000 -0.368516 0.128714
v 1.200000 -0.368516 0.119444
v 1.209999 -0.368516 0.109311
v 1.219975 -0.368515 0.096563
v 1.229627 -0.368510 0.071123
v 1.236838 -0.368445 0.000000
v 0.494074 -0.371348 0.000000
v 0.500131 -0.375560 0.060626
v 0.490947 -0.376127 0.000000
v 0.510009 -0.375475 0.085947
v 0.520000 -0.375469 0.099820
v 0.530000 -0.375469 0.109431
v 0.540000 -0.375469 0.117270
v 0.550000 -0.375469 0.122485
v 0.560000 -0.375469 0.127377
v 0.570000 -0.375469 0.133052
v 0.580000 -0.375469 0.137354
v 0.590000 -0.375469 0.135324
v 0.600000 -0.375469 0.126406
v 0.609999 -0.375469 0.115253
v 0.619973 -0.375469 0.101145
v 0.629580 -0.375469 0.074280
v 0.636474 -0.375467 0.000000
v 0.850880 -0.375142 0.000000
v 0.844640 -0.372709 0.000000
v 0.860082 -0.375446 0.077161
v 0.870004 -0.375468 0.100587
v 0.880000 -0.375469 0.109710
v 0.890000 -0.375469 0.112546
v 0.900000 -0.375469 0.113539
v 0.910000 -0.375469 0.115279
v 0.920000 -0.375469 0.116580
v 0.930000 -0.375469 0.113546
v 0.940000 -0.375469 0.107385
v 0.950000 -0.375469 0.100375
v 0.959999 -0.375466 0.094421
v 0.970000 -0.375454 0.093110
v 0.980001 -0.375466 0.094418
v 0.990000 -0.375469 0.100303
v 1.000000 -0.375469 0.106619
v 1.010000 -0.375469 0.109217
v 1.020000 -0.375469 0.103243
v 1.029992 -0.375465 0.089088
v 1.039879 -0.375400 0.061360
v 1.049054 -0.374813 0.000000
v 1.055926 -0.372636 0.000000
v 1.130425 -0.375472 0.070754
v 1.123582 -0.375509 0.000000
v 1.140028 -0.375469 0.096482
v 1.150001 -0.375469 0.109277
v 1.160000 -0.375469 0.119421
v 1.170000 -0.375469 0.128684
v 1.180000 -0.375469 0.133417
v 1.190000 -0.375469 0.127084
v 1.200000 -0.375469 0.116860
v 1.209999 -0.375469 0.105304
v 1.219969 -0.375466 0.089073
v 1.229534 -0.375416 0.058252
v 1.236282 -0.375032 0.000000
v 0.484074 -0.378301 0.000000
v 0.490131 -0.382513 0.060619
v 0.480944 -0.383080 0.000000
v 0.500010 -0.382429 0.085838
v 0.510000 -0.382422 0.099079
v 0.520000 -0.382422 0.107432
v 0.530000 -0.382422 0.114904
v 0.540000 -0.382422 0.122431
v 0.550000 -0.382422 0.128702
v 0.560000 -0.382422 0.133742
v 0.570000 -0.382422 0.139005
v 0.580000 -0.382422 0.141960
v 0.590000 -0.382422 0.136652
v 0.600000 -0.382422 0.126586
v 0.609999 -0.382422 0.115264
v 0.619973 -0.382422 0.101141
v 0.629577 -0.382422 0.074258
v 0.636437 -0.382422 0.000000
v 0.860371 -0.382420 0.074597
v 0.853143 -0.382392 0.000000
v 0.870025 -0.382422 0.100873
v 0.880001 -0.382422 0.113083
v 0.890000 -0.382422 0.118872
v 0.900000 -0.382422 0.120672
v 0.910000 -0.382422 0.120520
v 0.920000 -0.382422 0.117004
v 0.930000 -0.382422 0.109430
v 0.940000 -0.382422 0.099959
v 0.949996 -0.382418 0.087702
v 0.959967 -0.382369 0.072750
v 0.970000 -0.382200 0.069536
v 0.980033 -0.382369 0.072737
v 0.990005 -0.382417 0.087486
v 1.000000 -0.382421 0.098175
v 1.010000 -0.382421 0.101595
v 1.019996 -0.382420 0.095487
v 1.029918 -0.382395 0.073679
v 1.039169 -0.382063 0.000000
v 1.045944 -0.379632 0.000000
v 1.130419 -0.382422 0.073793
v 1.123527 -0.382425 0.000000
v 1.140027 -0.382422 0.099949
v 1.150001 -0.382422 0.112910
v 1.160000 -0.382422 0.122683
v 1.170000 -0.382422 0.130803
v 1.180000 -0.382422 0.133074
v 1.190000 -0.382422 0.126066
v 1.200000 -0.382422 0.115469
v 1.209996 -0.382421 0.101945
v 1.219918 -0.382399 0.077332
v 1.229116 -0.382095 0.000000
v 1.235305 -0.379665 0.000000
v 0.474012 -0.385242 0.000000
v 0.480099 -0.389459 0.061004
v 0.470516 -0.389953 0.000000
v 0.490009 -0.389382 0.085856
v 0.500000 -0.389375 0.099050
v 0.510000 -0.389375 0.107229
v 0.520000 -0.389375 0.113931
v 0.530000 -0.389375 0.120225
v 0.540000 -0.389375 0.126530
v 0.550000 -0.389375 0.132584
v 0.560000 -0.389375 0.137631
v 0.570000 -0.389375 0.142513
v 0.580000 -0.389375 0.144388
v 0.590000 -0.389375 0.137317
v 0.600000 -0.389375 0.126675
v 0.609999 -0.389375 0.115270
v 0.619973 -0.389375 0.101141
v 0.629577 -0.389375 0.074257
v 0.636435 -0.389375 0.000000
v 0.860420 -0.389375 0.074275
v 0.853526 -0.389374 0.000000
v 0.870027 -0.389375 0.101070
v 0.880001 -0.389375 0.114607
v 0.890000 -0.389375 0.123202
v 0.900000 -0.389375 0.126507
v 0.910000 -0.389375 0.123988
v 0.920000 -0.389375 0.116224
v 0.930000 -0.389375 0.105300
v 0.939994 -0.389372 0.089683
v 0.949912 -0.389315 0.061861
v 0.959530 -0.388830 0.000000
v 0.970000 -0.387487 0.000000
v 0.980471 -0.388827 0.000000
v 0.990098 -0.389289 0.060839
v 1.000008 -0.389352 0.084066
v 1.009999 -0.389356 0.090101
v 1.019970 -0.389352 0.083528
v 1.029573 -0.389295 0.057577
v 1.036668 -0.388906 0.000000
v 1.130371 -0.389377 0.074585
v 1.123144 -0.389405 0.000000
v 1.140025 -0.389375 0.101044
v 1.150001 -0.389375 0.114765
v 1.160000 -0.389375 0.125127
v 1.170000 -0.389375 0.132186
v 1.180000 -0.389375 0.131224
v 1.190000 -0.389375 0.124353
v 1.199999 -0.389375 0.114561
v 1.209975 -0.389375 0.101019
v 1.219629 -0.389373 0.074584
v 1.226857 -0.389345 0.000000
v 0.454034 -0.392615 0.000000
v 0.460674 -0.391692 0.000000
v 0.460112 -0.396625 0.056822
v 0.450945 -0.397030 0.000000
v 0.470038 -0.396385 0.070948
v 0.480005 -0.396333 0.087447
v 0.490000 -0.396328 0.099137
v 0.500000 -0.396328 0.107031
v 0.510000 -0.396328 0.113434
v 0.520000 -0.396328 0.118647
v 0.530000 -0.396328 0.123093
v 0.540000 -0.396328 0.126372
v 0.550000 -0.396328 0.129665
v 0.560000 -0.396328 0.133895
v 0.570000 -0.396328 0.139194
v 0.580000 -0.396328 0.142455
v 0.590000 -0.396328 0.136815
v 0.600000 -0.396328 0.126608
v 0.609999 -0.396328 0.115265
v 0.619973 -0.396328 0.101141
v 0.629577 -0.396328 0.074257
v 0.636435 -0.396328 0.000000
v 0.860423 -0.396328 0.074216
v 0.853563 -0.396328 0.000000
v 0.870027 -0.396328 0.100958
v 0.880001 -0.396328 0.114650
v 0.890000 -0.396328 0.124470
v 0.900000 -0.396328 0.129571
v 0.910000 -0.396328 0.125251
v 0.920000 -0.396328 0.115405
v 0.929996 -0.396327 0.101955
v 0.939921 -0.396305 0.077386
v 0.949187 -0.396000 0.000000
v 0.956011 -0.393556 0.000000
v 0.990941 -0.395624 0.000000
v 0.984009 -0.393507 0.000000
v 1.000109 -0.395995 0.056161
v 1.010000 -0.396030 0.064950
v 1.019888 -0.395995 0.056112
v 1.028992 -0.395625 0.000000
v 1.035341 -0.393520 0.000000
v 1.130082 -0.396351 0.077332
v 1.120884 -0.396655 0.000000
v 1.140004 -0.396329 0.101943
v 1.150000 -0.396328 0.115432
v 1.160000 -0.396328 0.125682
v 1.170000 -0.396328 0.131217
v 1.180000 -0.396328 0.127396
v 1.190000 -0.396328 0.120264
v 1.199999 -0.396328 0.112043
v 1.209973 -0.396328 0.099787
v 1.219580 -0.396328 0.073778
v 1.226473 -0.396325 0.000000
v 0.444074 -0.399164 0.000000
v 0.450131 -0.403374 0.060441
v 0.440947 -0.403940 0.000000
v 0.460009 -0.403303 0.084347
v 0.470001 -0.403284 0.093093
v 0.480000 -0.403281 0.100122
v 0.490000 -0.403281 0.106708
v 0.500000 -0.403281 0.112014
v 0.510000 -0.403281 0.116204
v 0.520000 -0.403281 0.118499
v 0.530000 -0.403281 0.119915
v 0.540000 -0.403281 0.121013
v 0.550000 -0.403281 0.123222
v 0.560000 -0.403281 0.127551
v 0.570000 -0.403281 0.133574
v 0.580000 -0.403281 0.138513
v 0.590000 -0.403281 0.135730
v 0.600000 -0.403281 0.126463
v 0.609999 -0.403281 0.115255
v 0.619973 -0.403281 0.101141
v 0.629577 -0.403281 0.074257
v 0.636435 -0.403281 0.000000
v 0.860423 -0.403281 0.073770
v 0.853566 -0.403279 0.000000
v 0.870027 -0.403281 0.099944
v 0.880001 -0.403281 0.112883
v 0.890000 -0.403281 0.122336
v 0.900000 -0.403281 0.128381
v 0.910000 -0.403281 0.124876
v 0.919999 -0.403281 0.115103
v 0.929975 -0.403281 0.101210
v 0.939629 -0.403279 0.074628
v 0.946860 -0.403251 0.000000
v 1.000628 -0.400667 0.000000
v 0.994030 -0.400001 0.000000
v 1.010000 -0.400777 0.000000
v 1.019372 -0.400667 0.000000
v 1.025965 -0.400001 0.000000
v 1.114698 -0.399085 0.000000
v 1.120469 -0.403334 0.058229
v 1.113755 -0.403717 0.000000
v 1.130031 -0.403284 0.089068
v 1.140001 -0.403281 0.105288
v 1.150000 -0.403281 0.116658
v 1.160000 -0.403281 0.125603
v 1.170000 -0.403281 0.128412
v 1.180000 -0.403281 0.122834
v 1.190000 -0.403281 0.114933
v 1.199999 -0.403281 0.106913
v 1.209973 -0.403281 0.095709
v 1.219574 -0.403277 0.070643
v 1.226418 -0.403241 0.000000
v 0.434074 -0.406114 0.000000
v 0.440131 -0.410325 0.060613
v 0.430944 -0.410892 0.000000
v 0.450010 -0.410241 0.085742
v 0.460000 -0.410235 0.098247
v 0.470000 -0.410234 0.103760
v 0.480000 -0.410234 0.107303
v 0.490000 -0.410234 0.110149
v 0.500000 -0.410234 0.111340
v 0.510000 -0.410234 0.112307
v 0.520000 -0.410234 0.112753
v 0.530000 -0.410234 0.113019
v 0.540000 -0.410234 0.113645
v 0.550000 -0.410234 0.116090
v 0.560000 -0.410234 0.121170
v 0.570000 -0.410234 0.128109
v 0.580000 -0.410234 0.134555
v 0.590000 -0.410234 0.134651
v 0.600000 -0.410234 0.126322
v 0.609999 -0.410234 0.115245
v 0.619973 -0.410234 0.101140
v 0.629577 -0.410234 0.074257
v 0.636435 -0.410234 0.000000
v 0.860425 -0.410231 0.070753
v 0.853584 -0.410194 0.000000
v 0.870027 -0.410234 0.096481
v 0.880001 -0.410234 0.109254
v 0.890000 -0.410234 0.119087
v 0.900000 -0.410234 0.126140
v 0.910000 -0.410234 0.124246
v 0.919999 -0.410234 0.114990
v 0.929973 -0.410234 0.101127
v 0.939581 -0.410234 0.074280
v 0.946474 -0.410233 0.000000
v 1.120422 -0.410238 0.070776
v 1.113545 -0.410276 0.000000
v 1.130028 -0.410235 0.096484
v 1.140001 -0.410234 0.109232
v 1.150000 -0.410234 0.118873
v 1.160000 -0.410234 0.125443
v 1.170000 -0.410234 0.124713
v 1.180000 -0.410234 0.118246
v 1.190000 -0.410234 0.109525
v 1.199999 -0.410234 0.099740
v 1.209967 -0.410229 0.085349
v 1.219521 -0.410159 0.057407
v 1.226242 -0.409796 0.000000
v 0.424009 -0.413054 0.000000
v 0.430098 -0.417271 0.061029
v 0.420475 -0.417756 0.000000
v 0.440009 -0.417194 0.085846
v 0.450000 -0.417188 0.098901
v 0.460000 -0.417188 0.106164
v 0.470000 -0.417188 0.109759
v 0.480000 -0.417188 0.109937
v 0.490000 -0.417188 0.107437
v 0.500000 -0.417187 0.105049
v 0.510000 -0.417187 0.104509
v 0.520000 -0.417187 0.104477
v 0.530000 -0.417187 0.104581
v 0.540000 -0.417187 0.105384
v 0.550000 -0.417188 0.108842
v 0.560000 -0.417188 0.115234
v 0.570000 -0.417188 0.123341
v 0.580000 -0.417188 0.131194
v 0.590000 -0.417188 0.133744
v 0.600000 -0.417188 0.126205
v 0.609999 -0.417188 0.115237
v 0.619973 -0.417188 0.101140
v 0.629577 -0.417188 0.074257
v 0.636435 -0.417188 0.000000
v 0.860469 -0.417135 0.058228
v 0.853757 -0.416752 0.000000
v 0.870031 -0.417185 0.089068
v 0.880001 -0.417187 0.105280
v 0.890000 -0.417188 0.116527
v 0.900000 -0.417188 0.124505
v 0.910000 -0.417188 0.123813
v 0.919999 -0.417188 0.114933
v 0.929973 -0.417188 0.101120
v 0.939577 -0.417188 0.074257
v 0.946439 -0.417188 0.000000
v 1.120371 -0.417190 0.074140
v 1.113144 -0.417220 0.000000
v 1.130025 -0.417188 0.100016
v 1.140001 -0.417188 0.112764
v 1.150000 -0.417188 0.121165
v 1.160000 -0.417188 0.124056
v 1.170000 -0.417188 0.120056
v 1.180000 -0.417188 0.113194
v 1.190000 -0.417187 0.103887
v 1.199992 -0.417184 0.089144
v 1.209875 -0.417118 0.061311
v 1.218987 -0.416533 0.000000
v 1.225282 -0.414385 0.000000
v 0.394031 -0.420466 0.000000
v 0.400633 -0.419774 0.000000
v 0.400109 -0.424471 0.056332
v 0.390945 -0.424846 0.000000
v 0.410102 -0.419384 0.000000
v 0.410009 -0.424401 0.067244
v 0.420033 -0.424196 0.072572
v 0.430005 -0.424146 0.087573
v 0.440000 -0.424141 0.099046
v 0.450000 -0.424141 0.106205
v 0.460000 -0.424141 0.109794
v 0.470000 -0.424141 0.109756
v 0.480000 -0.424141 0.106280
v 0.490000 -0.424141 0.100192
v 0.499999 -0.424138 0.094385
v 0.510000 -0.424123 0.092920
v 0.520000 -0.424122 0.092759
v 0.530000 -0.424124 0.092931
v 0.540000 -0.424139 0.094525
v 0.550000 -0.424141 0.101164
v 0.560000 -0.424141 0.109937
v 0.570000 -0.424141 0.119500
v 0.580000 -0.424141 0.128611
v 0.590000 -0.424141 0.133040
v 0.600000 -0.424141 0.126113
v 0.609999 -0.424141 0.115231
v 0.619973 -0.424141 0.101140
v 0.629577 -0.424141 0.074257
v 0.636435 -0.424141 0.000000
v 0.860884 -0.423814 0.000000
v 0.854698 -0.421384 0.000000
v 0.870083 -0.424118 0.077333
v 0.880004 -0.424140 0.101939
v 0.890000 -0.424141 0.115221
v 0.900000 -0.424141 0.123771
v 0.910000 -0.424141 0.123630
v 0.919999 -0.424141 0.114912
v 0.929973 -0.424141 0.101122
v 0.939581 -0.424141 0.074280
v 0.946476 -0.424142 0.000000
v 1.120082 -0.424163 0.077296
v 1.110880 -0.424468 0.000000
v 1.130004 -0.424141 0.101758
v 1.140000 -0.424141 0.114667
v 1.150000 -0.424141 0.122379
v 1.160000 -0.424141 0.121332
v 1.170000 -0.424141 0.114786
v 1.180000 -0.424141 0.107086
v 1.189996 -0.424140 0.096500
v 1.199918 -0.424114 0.073785
v 1.209169 -0.423782 0.000000
v 1.215940 -0.421351 0.000000
v 0.384074 -0.426977 0.000000
v 0.390130 -0.431187 0.060431
v 0.380944 -0.431752 0.000000
v 0.400009 -0.431117 0.084174
v 0.410000 -0.431111 0.091627
v 0.420001 -0.431096 0.094269
v 0.430000 -0.431094 0.100186
v 0.440000 -0.431094 0.106202
v 0.450000 -0.431094 0.109002
v 0.460000 -0.431094 0.107163
v 0.470000 -0.431094 0.103756
v 0.480000 -0.431093 0.098384
v 0.489995 -0.431089 0.087495
v 0.499967 -0.431039 0.072703
v 0.509997 -0.430836 0.069013
v 0.520000 -0.430804 0.068560
v 0.530000 -0.430838 0.069095
v 0.540001 -0.431062 0.073603
v 0.550000 -0.431092 0.091438
v 0.560000 -0.431094 0.105507
v 0.570000 -0.431094 0.116854
v 0.580000 -0.431094 0.126894
v 0.590000 -0.431094 0.132418
v 0.600000 -0.431094 0.126011
v 0.609999 -0.431094 0.115223
v 0.619973 -0.431094 0.101140
v 0.629577 -0.431094 0.074257
v 0.636435 -0.431094 0.000000
v 0.870371 -0.431092 0.074626
v 0.863143 -0.431064 0.000000
v 0.880025 -0.431094 0.101199
v 0.890001 -0.431094 0.114939
v 0.900000 -0.431094 0.123612
v 0.910000 -0.431094 0.123612
v 0.919999 -0.431094 0.114939
v 0.929975 -0.431094 0.101200
v 0.939632 -0.431095 0.074658
v 0.946901 -0.431115 0.000000
v 1.104640 -0.426900 0.000000
v 1.110417 -0.431149 0.058599
v 1.103334 -0.431559 0.000000
v 1.120028 -0.431097 0.089142
v 1.130001 -0.431094 0.105256
v 1.140000 -0.431094 0.116182
v 1.150000 -0.431094 0.122552
v 1.160000 -0.431094 0.118414
v 1.170000 -0.431094 0.109709
v 1.179999 -0.431094 0.099800
v 1.189970 -0.431088 0.085430
v 1.199573 -0.431016 0.057780
v 1.206668 -0.430625 0.000000
v 0.374009 -0.433913 0.000000
v 0.380098 -0.438131 0.061023
v 0.370475 -0.438615 0.000000
v 0.390009 -0.438053 0.085762
v 0.400000 -0.438048 0.098204
v 0.410000 -0.438047 0.103240
v 0.420000 -0.438047 0.104894
v 0.430000 -0.438047 0.107305
v 0.440000 -0.438047 0.109011
v 0.450000 -0.438047 0.106196
v 0.460000 -0.438047 0.100076
v 0.469999 -0.438044 0.093091
v 0.479992 -0.438026 0.084368
v 0.489902 -0.437961 0.060852
v 0.499527 -0.437479 0.000000
v 0.509956 -0.435865 0.000000
v 0.519998 -0.435624 0.000000
v 0.530002 -0.435896 0.000000
v 0.540035 -0.437831 0.000000
v 0.550003 -0.438033 0.078142
v 0.560000 -0.438046 0.102059
v 0.570000 -0.438047 0.115490
v 0.580000 -0.438047 0.125713
v 0.590000 -0.438047 0.131098
v 0.600000 -0.438047 0.125639
v 0.609999 -0.438047 0.115179
v 0.619973 -0.438047 0.101137
v 0.629577 -0.438047 0.074257
v 0.636435 -0.438047 0.000000
v 0.870420 -0.438047 0.074279
v 0.863526 -0.438045 0.000000
v 0.880027 -0.438047 0.101122
v 0.890001 -0.438047 0.114912
v 0.900000 -0.438047 0.123630
v 0.910000 -0.438047 0.123772
v 0.920000 -0.438047 0.115222
v 0.929997 -0.438047 0.101963
v 0.939952 -0.438063 0.077766
v 0.949609 -0.438295 0.000000
v 1.110085 -0.438073 0.073843
v 1.100898 -0.438404 0.000000
v 1.120004 -0.438048 0.097264
v 1.130000 -0.438047 0.109361
v 1.140000 -0.438047 0.118404
v 1.150000 -0.438047 0.122630
v 1.160000 -0.438047 0.116233
v 1.170000 -0.438047 0.105320
v 1.179993 -0.438043 0.089660
v 1.189876 -0.437979 0.061398
v 1.198991 -0.437392 0.000000
v 1.205341 -0.435242 0.000000
v 0.344030 -0.441325 0.000000
v 0.350633 -0.440633 0.000000
v 0.350109 -0.445331 0.056333
v 0.340941 -0.445704 0.000000
v 0.360102 -0.440243 0.000000
v 0.360009 -0.445260 0.067244
v 0.370033 -0.445055 0.072572
v 0.380005 -0.445005 0.087576
v 0.390000 -0.445000 0.099093
v 0.400000 -0.445000 0.106557
v 0.410000 -0.445000 0.110866
v 0.420000 -0.445000 0.111155
v 0.430000 -0.445000 0.110004
v 0.440000 -0.445000 0.106222
v 0.450000 -0.445000 0.099042
v 0.459995 -0.444995 0.087442
v 0.469962 -0.444943 0.070948
v 0.479888 -0.444703 0.056823
v 0.489059 -0.444298 0.000000
v 0.495991 -0.442178 0.000000
v 0.550036 -0.445022 0.077703
v 0.540539 -0.445311 0.000000
v 0.560001 -0.445001 0.101955
v 0.570000 -0.445000 0.114936
v 0.580000 -0.445000 0.123627
v 0.590000 -0.445000 0.127446
v 0.600000 -0.445000 0.124332
v 0.609999 -0.445000 0.114980
v 0.619973 -0.445000 0.101122
v 0.629577 -0.445000 0.074257
v 0.636437 -0.445000 0.000000
v 0.870423 -0.445000 0.074257
v 0.863563 -0.445000 0.000000
v 0.880027 -0.445000 0.101120
v 0.890001 -0.445000 0.114933
v 0.900000 -0.445000 0.123813
v 0.910000 -0.445000 0.124506
v 0.920000 -0.445000 0.116536
v 0.930000 -0.445000 0.105464
v 0.939997 -0.445002 0.091202
v 0.949948 -0.445034 0.071145
v 0.959250 -0.440331 0.000000
v 0.959540 -0.445280 0.053641
v 0.965322 -0.441255 0.000000
v 0.966245 -0.445497 0.000000
v 1.094699 -0.440806 0.000000
v 1.100469 -0.445054 0.058147
v 1.093755 -0.445436 0.000000
v 1.110031 -0.445003 0.088567
v 1.120001 -0.445000 0.103979
v 1.130000 -0.445000 0.113937
v 1.140000 -0.445000 0.121431
v 1.150000 -0.445000 0.123026
v 1.160000 -0.445000 0.115114
v 1.169996 -0.444999 0.101934
v 1.179921 -0.444977 0.077385
v 1.189183 -0.444671 0.000000
v 1.195941 -0.442213 0.000000
v 0.334012 -0.447823 0.000000
v 0.340099 -0.452040 0.060816
v 0.330516 -0.452531 0.000000
v 0.350008 -0.451976 0.084195
v 0.360000 -0.451970 0.091627
v 0.370001 -0.451956 0.094271
v 0.380000 -0.451953 0.100231
v 0.390000 -0.451953 0.106695
v 0.400000 -0.451953 0.111764
v 0.410000 -0.451953 0.114416
v 0.420000 -0.451953 0.111757
v 0.430000 -0.451953 0.106579
v 0.440000 -0.451953 0.098947
v 0.449991 -0.451947 0.085849
v 0.459900 -0.451869 0.061004
v 0.469484 -0.451375 0.000000
v 0.479326 -0.449636 0.000000
v 0.485966 -0.448713 0.000000
v 0.534649 -0.447756 0.000000
v 0.540443 -0.452005 0.058326
v 0.533714 -0.452390 0.000000
v 0.550029 -0.451956 0.089017
v 0.560001 -0.451953 0.104669
v 0.570000 -0.451953 0.114011
v 0.580000 -0.451953 0.119430
v 0.590000 -0.451953 0.122173
v 0.600000 -0.451953 0.122004
v 0.609999 -0.451953 0.114531
v 0.619973 -0.451953 0.101083
v 0.629580 -0.451953 0.074278
v 0.636474 -0.451955 0.000000
v 0.870423 -0.451953 0.074256
v 0.863565 -0.451953 0.000000
v 0.880027 -0.451953 0.101123
v 0.890001 -0.451953 0.114988
v 0.900000 -0.451953 0.124248
v 0.910000 -0.451953 0.126159
v 0.920000 -0.451953 0.119139
v 0.930000 -0.451953 0.109737
v 0.939999 -0.451953 0.100313
v 0.949972 -0.451955 0.089478
v 0.959575 -0.451972 0.068827
v 0.966416 -0.451995 0.000000
v 1.100422 -0.451957 0.070772
v 1.093545 -0.451995 0.000000
v 1.110027 -0.451953 0.096438
v 1.120001 -0.451953 0.109022
v 1.130000 -0.451953 0.118346
v 1.140000 -0.451953 0.124921
v 1.150000 -0.451953 0.123889
v 1.159999 -0.451953 0.114972
v 1.169975 -0.451953 0.101201
v 1.179629 -0.451951 0.074629
v 1.186862 -0.451923 0.000000
v 0.313972 -0.455180 0.000000
v 0.320669 -0.454269 0.000000
v 0.320080 -0.459197 0.057208
v 0.310514 -0.459528 0.000000
v 0.330037 -0.458963 0.070965
v 0.340005 -0.458911 0.087358
v 0.350000 -0.458907 0.098337
v 0.360000 -0.458907 0.103247
v 0.370000 -0.458906 0.104906
v 0.380000 -0.458906 0.107445
v 0.390000 -0.458906 0.110147
v 0.400000 -0.458906 0.111165
v 0.410000 -0.458906 0.110866
v 0.420000 -0.458906 0.106552
v 0.430000 -0.458906 0.098957
v 0.439990 -0.458899 0.085828
v 0.449869 -0.458815 0.060619
v 0.459056 -0.458248 0.000000
v 0.465988 -0.456086 0.000000
v 0.540373 -0.458912 0.071077
v 0.533162 -0.458977 0.000000
v 0.550025 -0.458906 0.096030
v 0.560001 -0.458906 0.106367
v 0.570000 -0.458906 0.110995
v 0.580000 -0.458906 0.113232
v 0.590000 -0.458906 0.115621
v 0.600000 -0.458906 0.117696
v 0.609999 -0.458906 0.113367
v 0.619975 -0.458906 0.100998
v 0.629629 -0.458908 0.074612
v 0.636857 -0.458937 0.000000
v 0.744613 -0.455208 0.000000
v 0.750651 -0.454577 0.000000
v 0.750372 -0.459225 0.047600
v 0.743327 -0.459437 0.000000
v 0.759339 -0.454571 0.000000
v 0.759523 -0.459173 0.039074
v 0.765301 -0.455145 0.000000
v 0.766054 -0.458972 0.000000
v 0.870423 -0.458906 0.074256
v 0.863565 -0.458906 0.000000
v 0.880027 -0.458906 0.101129
v 0.890001 -0.458906 0.115075
v 0.900000 -0.458906 0.124913
v 0.910000 -0.458906 0.128601
v 0.920000 -0.458906 0.122589
v 0.930000 -0.458906 0.113887
v 0.939999 -0.458906 0.105157
v 0.949972 -0.458906 0.094064
v 0.959575 -0.458903 0.070000
v 0.966416 -0.458868 0.000000
v 1.100371 -0.458908 0.074142
v 1.093141 -0.458939 0.000000
v 1.110025 -0.458906 0.100023
v 1.120001 -0.458906 0.112897
v 1.130000 -0.458906 0.122288
v 1.140000 -0.458906 0.128302
v 1.150000 -0.458906 0.124838
v 1.159999 -0.458906 0.115071
v 1.169973 -0.458906 0.101137
v 1.179584 -0.458906 0.074303
v 1.186513 -0.458906 0.000000
v 0.294034 -0.462146 0.000000
v 0.300674 -0.461225 0.000000
v 0.300112 -0.466156 0.056812
v 0.290941 -0.466561 0.000000
v 0.310038 -0.465919 0.070772
v 0.320004 -0.465879 0.085967
v 0.330001 -0.465862 0.093241
v 0.340000 -0.465860 0.100169
v 0.350000 -0.465859 0.106706
v 0.360000 -0.465859 0.110889
v 0.370000 -0.465859 0.111198
v 0.380000 -0.465859 0.110155
v 0.390000 -0.465859 0.107445
v 0.400000 -0.465859 0.104903
v 0.410000 -0.465859 0.103240
v 0.420000 -0.465859 0.098203
v 0.429990 -0.465853 0.085740
v 0.439869 -0.465769 0.060612
v 0.449053 -0.465201 0.000000
v 0.455926 -0.463027 0.000000
v 0.540083 -0.465882 0.076577
v 0.530884 -0.466188 0.000000
v 0.550004 -0.465860 0.098626
v 0.560000 -0.465859 0.104540
v 0.570000 -0.465859 0.104740
v 0.580000 -0.465859 0.105381
v 0.590000 -0.465859 0.108494
v 0.600000 -0.465859 0.112619
v 0.610000 -0.465859 0.111887
v 0.619996 -0.465860 0.101438
v 0.629917 -0.465882 0.077276
v 0.639116 -0.466186 0.000000
v 0.749998 -0.465880 0.054009
v 0.740827 -0.466220 0.000000
v 0.759117 -0.465553 0.000000
v 0.765274 -0.463169 0.000000
v 0.870423 -0.465859 0.074257
v 0.863565 -0.465859 0.000000
v 0.880027 -0.465859 0.101136
v 0.890001 -0.465859 0.115168
v 0.900000 -0.465859 0.125601
v 0.910000 -0.465859 0.130979
v 0.920000 -0.465859 0.125328
v 0.930000 -0.465859 0.115614
v 0.939999 -0.465859 0.104566
v 0.949969 -0.465857 0.088745
v 0.959532 -0.465807 0.058165
v 0.966244 -0.465424 0.000000
v 1.100079 -0.465882 0.077345
v 1.090813 -0.466187 0.000000
v 1.110004 -0.465860 0.101787
v 1.120000 -0.465859 0.115042
v 1.130000 -0.465859 0.125170
v 1.140000 -0.465859 0.131007
v 1.150000 -0.465859 0.125640
v 1.159999 -0.465859 0.115206
v 1.169975 -0.465859 0.101218
v 1.179629 -0.465861 0.074627
v 1.186859 -0.465890 0.000000
v 0.284012 -0.468683 0.000000
v 0.290099 -0.472899 0.060826
v 0.280516 -0.473390 0.000000
v 0.300008 -0.472834 0.084365
v 0.310001 -0.472815 0.093027
v 0.320000 -0.472813 0.099494
v 0.330000 -0.472813 0.104114
v 0.340000 -0.472813 0.107991
v 0.350000 -0.472813 0.112228
v 0.360000 -0.472813 0.114580
v 0.370000 -0.472813 0.112023
v 0.380000 -0.472813 0.106780
v 0.390000 -0.472812 0.100241
v 0.399999 -0.472810 0.094272
v 0.410000 -0.472795 0.091627
v 0.419991 -0.472789 0.084174
v 0.429869 -0.472719 0.060430
v 0.439053 -0.472154 0.000000
v 0.445926 -0.469980 0.000000
v 0.524695 -0.468617 0.000000
v 0.530466 -0.472865 0.058169
v 0.523718 -0.473249 0.000000
v 0.540031 -0.472815 0.088125
v 0.550001 -0.472813 0.099619
v 0.560000 -0.472812 0.098898
v 0.569999 -0.472812 0.094427
v 0.580001 -0.472812 0.094584
v 0.590000 -0.472812 0.100342
v 0.600000 -0.472813 0.106827
v 0.610000 -0.472813 0.109881
v 0.619999 -0.472813 0.103826
v 0.629969 -0.472815 0.088640
v 0.639531 -0.472865 0.057920
v 0.645302 -0.468616 0.000000
v 0.646242 -0.473246 0.000000
v 0.734060 -0.468649 0.000000
v 0.740100 -0.472882 0.056397
v 0.731008 -0.473467 0.000000
v 0.749634 -0.472810 0.061912
v 0.756838 -0.472743 0.000000
v 0.870423 -0.472813 0.074255
v 0.863565 -0.472813 0.000000
v 0.880027 -0.472813 0.101123
v 0.890001 -0.472813 0.115131
v 0.900000 -0.472813 0.125618
v 0.910000 -0.472813 0.131380
v 0.920000 -0.472813 0.125779
v 0.930000 -0.472812 0.115372
v 0.939996 -0.472812 0.101890
v 0.949920 -0.472790 0.077331
v 0.959145 -0.472487 0.000000
v 0.965304 -0.470055 0.000000
v 1.083989 -0.468633 0.000000
v 1.090088 -0.472874 0.061857
v 1.080472 -0.473378 0.000000
v 1.100006 -0.472816 0.089684
v 1.110000 -0.472813 0.105352
v 1.120000 -0.472813 0.116798
v 1.130000 -0.472813 0.126825
v 1.140000 -0.472813 0.132476
v 1.150000 -0.472813 0.126196
v 1.160000 -0.472813 0.115538
v 1.169996 -0.472813 0.101960
v 1.179918 -0.472835 0.077334
v 1.189116 -0.473140 0.000000
v 0.264034 -0.476052 0.000000
v 0.270674 -0.475129 0.000000
v 0.270112 -0.480062 0.056823
v 0.260941 -0.480467 0.000000
v 0.280038 -0.479823 0.070943
v 0.290005 -0.479771 0.087364
v 0.300000 -0.479766 0.098429
v 0.310000 -0.479766 0.104011
v 0.320000 -0.479766 0.107943
v 0.330000 -0.479766 0.111472
v 0.340000 -0.479766 0.112679
v 0.350000 -0.479766 0.112703
v 0.360000 -0.479766 0.111594
v 0.370000 -0.479766 0.107679
v 0.380000 -0.479765 0.099666
v 0.389995 -0.479761 0.087670
v 0.399967 -0.479711 0.072579
v 0.409991 -0.479506 0.067244
v 0.419891 -0.479435 0.056332
v 0.429055 -0.479061 0.000000
v 0.435926 -0.476929 0.000000
v 0.530373 -0.479771 0.070805
v 0.523162 -0.479836 0.000000
v 0.540025 -0.479766 0.093813
v 0.550001 -0.479766 0.096472
v 0.559996 -0.479763 0.087264
v 0.569970 -0.479741 0.073180
v 0.580030 -0.479741 0.073213
v 0.590004 -0.479763 0.087710
v 0.600000 -0.479766 0.099607
v 0.610000 -0.479766 0.106550
v 0.619999 -0.479766 0.104828
v 0.629972 -0.479766 0.093657
v 0.639572 -0.479766 0.067784
v 0.646398 -0.479766 0.000000
v 0.724656 -0.475616 0.000000
v 0.730423 -0.479842 0.055589
v 0.723291 -0.480226 0.000000
v 0.739997 -0.479766 0.071982
v 0.749526 -0.479690 0.055298
v 0.756281 -0.479325 0.000000
v 0.870423 -0.479766 0.074214
v 0.863565 -0.479766 0.000000
v 0.880027 -0.479766 0.100937
v 0.890001 -0.479766 0.114509
v 0.900000 -0.479766 0.124064
v 0.910000 -0.479766 0.129226
v 0.920000 -0.479766 0.125082
v 0.929999 -0.479766 0.115151
v 0.939978 -0.479766 0.101289
v 0.949681 -0.479766 0.074997
v 0.957281 -0.479766 0.000000
v 1.044030 -0.476093 0.000000
v 1.050631 -0.475424 0.000000
v 1.050109 -0.480098 0.056299
v 1.040941 -0.480470 0.000000
v 1.060060 -0.475277 0.000000
v 1.060006 -0.480059 0.066755
v 1.070046 -0.474997 0.000000
v 1.070003 -0.480024 0.068875
v 1.080033 -0.479821 0.072712
v 1.090005 -0.479770 0.087703
v 1.100000 -0.479766 0.099991
v 1.110000 -0.479766 0.109823
v 1.120000 -0.479766 0.119512
v 1.130000 -0.479766 0.128788
v 1.140000 -0.479766 0.133764
v 1.150000 -0.479766 0.127187
v 1.160000 -0.479766 0.116873
v 1.169999 -0.479766 0.105303
v 1.179969 -0.479768 0.089069
v 1.189531 -0.479818 0.058228
v 1.195302 -0.475570 0.000000
v 1.196244 -0.480201 0.000000
v 0.254009 -0.482588 0.000000
v 0.260098 -0.486805 0.060852
v 0.250473 -0.487287 0.000000
v 0.270008 -0.486740 0.084371
v 0.280001 -0.486721 0.093110
v 0.290000 -0.486719 0.100169
v 0.300000 -0.486719 0.106790
v 0.310000 -0.486719 0.111611
v 0.320000 -0.486719 0.114212
v 0.330000 -0.486719 0.115220
v 0.340000 -0.486719 0.112339
v 0.350000 -0.486719 0.108096
v 0.360000 -0.486719 0.104734
v 0.370000 -0.486718 0.100807
v 0.379994 -0.486715 0.088633
v 0.389911 -0.486656 0.061725
v 0.399526 -0.486153 0.000000
v 0.409898 -0.484523 0.000000
v 0.419367 -0.484133 0.000000
v 0.425969 -0.483440 0.000000
v 0.530083 -0.486742 0.076133
v 0.520885 -0.487047 0.000000
v 0.540004 -0.486720 0.095069
v 0.549994 -0.486716 0.088114
v 0.559913 -0.486673 0.061787
v 0.569561 -0.486370 0.000000
v 0.580439 -0.486370 0.000000
v 0.590087 -0.486673 0.061907
v 0.600006 -0.486716 0.089327
v 0.610000 -0.486719 0.102223
v 0.619999 -0.486719 0.101986
v 0.629969 -0.486716 0.088406
v 0.639531 -0.486666 0.057904
v 0.646242 -0.486285 0.000000
v 0.730043 -0.486735 0.064386
v 0.720401 -0.486997 0.000000
v 0.739878 -0.486650 0.056709
v 0.748987 -0.486064 0.000000
v 0.755285 -0.483916 0.000000
v 0.870423 -0.486719 0.073755
v 0.863566 -0.486717 0.000000
v 0.880027 -0.486719 0.099782
v 0.890001 -0.486719 0.112023
v 0.900000 -0.486719 0.120007
v 0.910000 -0.486719 0.125459
v 0.920000 -0.486719 0.124096
v 0.930000 -0.486719 0.115254
v 0.939996 -0.486720 0.101948
v 0.949924 -0.486741 0.077407
v 0.959212 -0.487046 0.000000
v 1.034009 -0.482588 0.000000
v 1.040098 -0.486805 0.060840
v 1.030475 -0.487287 0.000000
v 1.050008 -0.486742 0.084185
v 1.060000 -0.486738 0.091455
v 1.070000 -0.486736 0.092807
v 1.080001 -0.486721 0.094406
v 1.090000 -0.486719 0.100390
v 1.100000 -0.486719 0.107573
v 1.110000 -0.486719 0.115063
v 1.120000 -0.486719 0.123396
v 1.130000 -0.486719 0.131742
v 1.140000 -0.486719 0.135841
v 1.150000 -0.486719 0.129235
v 1.160000 -0.486719 0.119484
v 1.169999 -0.486719 0.109281
v 1.179973 -0.486719 0.096482
v 1.189575 -0.486722 0.070753
v 1.196417 -0.486759 0.000000
v 0.214035 -0.489999 0.000000
v 0.220631 -0.489331 0.000000
v 0.220112 -0.494005 0.056250
v 0.211008 -0.494375 0.000000
v 0.230060 -0.489183 0.000000
v 0.230006 -0.493966 0.066752
v 0.240046 -0.488903 0.000000
v 0.240003 -0.493930 0.068874
v 0.250033 -0.493727 0.072699
v 0.260005 -0.493677 0.087502
v 0.270000 -0.493673 0.098442
v 0.280000 -0.493672 0.104007
v 0.290000 -0.493672 0.107994
v 0.300000 -0.493672 0.112370
v 0.310000 -0.493672 0.115645
v 0.320000 -0.493672 0.116005
v 0.330000 -0.493672 0.112966
v 0.340000 -0.493672 0.107139
v 0.350000 -0.493672 0.100308
v 0.359999 -0.493669 0.094052
v 0.369996 -0.493654 0.089338
v 0.379919 -0.493629 0.072208
v 0.389173 -0.493311 0.000000
v 0.396010 -0.490896 0.000000
v 0.514698 -0.489476 0.000000
v 0.520469 -0.493725 0.058115
v 0.513755 -0.494107 0.000000
v 0.530031 -0.493675 0.087700
v 0.539997 -0.493671 0.095624
v 0.549921 -0.493649 0.076589
v 0.559187 -0.493346 0.000000
v 0.566013 -0.490928 0.000000
v 0.590813 -0.493346 0.000000
v 0.583987 -0.490928 0.000000
v 0.600079 -0.493649 0.077003
v 0.610004 -0.493671 0.098560
v 0.619996 -0.493671 0.098543
v 0.629917 -0.493649 0.076929
v 0.639116 -0.493345 0.000000
v 0.645302 -0.490915 0.000000
v 0.704038 -0.489956 0.000000
v 0.710662 -0.489007 0.000000
v 0.710114 -0.493967 0.055083
v 0.701008 -0.494373 0.000000
v 0.720024 -0.493704 0.063958
v 0.729922 -0.493632 0.064905
v 0.739169 -0.493310 0.000000
v 0.745940 -0.490882 0.000000
v 0.870426 -0.493668 0.070643
v 0.863584 -0.493631 0.000000
v 0.880028 -0.493672 0.095709
v 0.890001 -0.493672 0.106903
v 0.900000 -0.493672 0.114785
v 0.910000 -0.493672 0.121634
v 0.920000 -0.493672 0.123440
v 0.930000 -0.493672 0.116336
v 0.940000 -0.493672 0.105327
v 0.949993 -0.493675 0.089663
v 0.959880 -0.493740 0.061451
v 0.965948 -0.489506 0.000000
v 0.969058 -0.494325 0.000000
v 1.004031 -0.489997 0.000000
v 1.010633 -0.489305 0.000000
v 1.010109 -0.494002 0.056333
v 1.000941 -0.494375 0.000000
v 1.020102 -0.488915 0.000000
v 1.020009 -0.493932 0.067244
v 1.030033 -0.493727 0.072567
v 1.040005 -0.493677 0.087491
v 1.050000 -0.493673 0.098351
v 1.060000 -0.493673 0.103219
v 1.070000 -0.493672 0.104437
v 1.080000 -0.493672 0.105360
v 1.090000 -0.493672 0.108675
v 1.100000 -0.493672 0.114335
v 1.110000 -0.493672 0.120838
v 1.120000 -0.493672 0.128187
v 1.130000 -0.493672 0.135587
v 1.140000 -0.493672 0.138708
v 1.150000 -0.493672 0.132144
v 1.160000 -0.493672 0.122829
v 1.169999 -0.493672 0.112915
v 1.179973 -0.493672 0.099945
v 1.189577 -0.493672 0.073770
v 1.196434 -0.493674 0.000000
v 0.204656 -0.496479 0.000000
v 0.210424 -0.500704 0.057615
v 0.203288 -0.501085 0.000000
v 0.220030 -0.500648 0.083646
v 0.230001 -0.500644 0.091405
v 0.240000 -0.500642 0.092804
v 0.250001 -0.500628 0.094399
v 0.260000 -0.500625 0.100308
v 0.270000 -0.500625 0.106865
v 0.280000 -0.500625 0.111318
v 0.290000 -0.500625 0.112675
v 0.300000 -0.500625 0.112811
v 0.310000 -0.500625 0.112456
v 0.320000 -0.500625 0.111219
v 0.330000 -0.500625 0.106734
v 0.340000 -0.500625 0.099138
v 0.349995 -0.500620 0.087580
v 0.359966 -0.500570 0.072536
v 0.369970 -0.500366 0.066768
v 0.379594 -0.500307 0.053479
v 0.386671 -0.500094 0.000000
v 0.520422 -0.500629 0.070566
v 0.513545 -0.500667 0.000000
v 0.530027 -0.500625 0.094388
v 0.539976 -0.500625 0.096782
v 0.549629 -0.500623 0.074111
v 0.556860 -0.500595 0.000000
v 0.600371 -0.500623 0.074240
v 0.593140 -0.500595 0.000000
v 0.610024 -0.500625 0.097761
v 0.619976 -0.500625 0.097761
v 0.629629 -0.500623 0.074238
v 0.636857 -0.500595 0.000000
v 0.694659 -0.496480 0.000000
v 0.700427 -0.500705 0.055639
v 0.693332 -0.501094 0.000000
v 0.710025 -0.500642 0.073193
v 0.719942 -0.500571 0.064861
v 0.729591 -0.500341 0.052772
v 0.736671 -0.500098 0.000000
v 0.870479 -0.500549 0.057407
v 0.863758 -0.500186 0.000000
v 0.880033 -0.500620 0.085349
v 0.890001 -0.500625 0.099741
v 0.900000 -0.500625 0.109517
v 0.910000 -0.500625 0.118003
v 0.920000 -0.500625 0.122633
v 0.930000 -0.500625 0.118356
v 0.940000 -0.500625 0.109703
v 0.950000 -0.500625 0.099849
v 0.959992 -0.500630 0.085973
v 0.969903 -0.500694 0.061110
v 0.975994 -0.496461 0.000000
v 0.979560 -0.500976 0.000000
v 0.994006 -0.496464 0.000000
v 1.000097 -0.500696 0.060914
v 0.990440 -0.500976 0.000000
v 1.010008 -0.500647 0.084199
v 1.020000 -0.500642 0.091630
v 1.030001 -0.500628 0.094291
v 1.040000 -0.500625 0.100319
v 1.050000 -0.500625 0.106929
v 1.060000 -0.500625 0.111540
v 1.070000 -0.500625 0.112912
v 1.080000 -0.500625 0.113640
v 1.090000 -0.500625 0.116034
v 1.100000 -0.500625 0.120811
v 1.110000 -0.500625 0.126832
v 1.120000 -0.500625 0.133335
v 1.130000 -0.500625 0.139394
v 1.140000 -0.500625 0.140954
v 1.150000 -0.500625 0.134338
v 1.160000 -0.500625 0.125188
v 1.169999 -0.500625 0.114691
v 1.179973 -0.500625 0.100956
v 1.189577 -0.500625 0.074215
v 1.196435 -0.500625 0.000000
v 0.210049 -0.507598 0.074100
v 0.200357 -0.507847 0.000000
v 0.220003 -0.507579 0.095655
v 0.230000 -0.507579 0.102860
v 0.240000 -0.507579 0.104386
v 0.250000 -0.507578 0.105281
v 0.260000 -0.507578 0.108351
v 0.270000 -0.507578 0.112976
v 0.280000 -0.507578 0.114997
v 0.290000 -0.507578 0.112317
v 0.300000 -0.507578 0.108128
v 0.310000 -0.507578 0.105114
v 0.320000 -0.507578 0.103279
v 0.330000 -0.507577 0.098217
v 0.339991 -0.507572 0.085764
v 0.349902 -0.507494 0.061023
v 0.359525 -0.507010 0.000000
v 0.369893 -0.505382 0.000000
v 0.379283 -0.504994 0.000000
v 0.385383 -0.504327 0.000000
v 0.520371 -0.507580 0.073808
v 0.513144 -0.507610 0.000000
v 0.530024 -0.507578 0.097046
v 0.539974 -0.507578 0.097420
v 0.549581 -0.507578 0.073839
v 0.556474 -0.507577 0.000000
v 0.600420 -0.507578 0.073892
v 0.593526 -0.507577 0.000000
v 0.610026 -0.507578 0.097680
v 0.619974 -0.507578 0.097680
v 0.629581 -0.507578 0.073892
v 0.636476 -0.507577 0.000000
v 0.700076 -0.507602 0.064094
v 0.690831 -0.507937 0.000000
v 0.709914 -0.507517 0.057044
v 0.719481 -0.507003 0.000000
v 0.729242 -0.505264 0.000000
v 0.735379 -0.504365 0.000000
v 0.871013 -0.506924 0.000000
v 0.864718 -0.504776 0.000000
v 0.880125 -0.507509 0.061312
v 0.890007 -0.507575 0.089159
v 0.900000 -0.507578 0.104032
v 0.910000 -0.507578 0.113800
v 0.920000 -0.507578 0.120517
v 0.930000 -0.507578 0.120611
v 0.940000 -0.507578 0.114684
v 0.950000 -0.507578 0.107423
v 0.960000 -0.507578 0.099216
v 0.969995 -0.507582 0.087623
v 0.979970 -0.507603 0.073207
v 0.990030 -0.507603 0.073201
v 1.000005 -0.507582 0.087527
v 1.010000 -0.507579 0.098356
v 1.020000 -0.507579 0.103301
v 1.030000 -0.507578 0.105205
v 1.040000 -0.507578 0.108625
v 1.050000 -0.507578 0.114011
v 1.060000 -0.507578 0.118690
v 1.070000 -0.507578 0.120381
v 1.080000 -0.507578 0.121096
v 1.090000 -0.507578 0.123000
v 1.100000 -0.507578 0.126960
v 1.110000 -0.507578 0.132017
v 1.120000 -0.507578 0.136817
v 1.130000 -0.507578 0.140163
v 1.140000 -0.507578 0.139082
v 1.150000 -0.507578 0.132485
v 1.160000 -0.507578 0.124378
v 1.169999 -0.507578 0.114580
v 1.179973 -0.507578 0.101020
v 1.189577 -0.507578 0.074246
v 1.196435 -0.507578 0.000000
v 0.164031 -0.510858 0.000000
v 0.170631 -0.510190 0.000000
v 0.170109 -0.514864 0.056298
v 0.160945 -0.515236 0.000000
v 0.180060 -0.510041 0.000000
v 0.180006 -0.514825 0.066758
v 0.190034 -0.509733 0.000000
v 0.190002 -0.514787 0.068945
v 0.200023 -0.514565 0.073446
v 0.210003 -0.514533 0.090853
v 0.220000 -0.514531 0.103545
v 0.230000 -0.514531 0.110580
v 0.240000 -0.514531 0.112481
v 0.250000 -0.514531 0.112810
v 0.260000 -0.514531 0.113730
v 0.270000 -0.514531 0.115219
v 0.280000 -0.514531 0.112835
v 0.290000 -0.514531 0.107128
v 0.300000 -0.514531 0.100321
v 0.309999 -0.514529 0.094289
v 0.320000 -0.514514 0.091629
v 0.329991 -0.514508 0.084174
v 0.339870 -0.514438 0.060431
v 0.349056 -0.513873 0.000000
v 0.355991 -0.511712 0.000000
v 0.520083 -0.514554 0.076870
v 0.510884 -0.514858 0.000000
v 0.530003 -0.514532 0.098099
v 0.539973 -0.514531 0.097070
v 0.549577 -0.514531 0.073448
v 0.556436 -0.514529 0.000000
v 0.600423 -0.514531 0.073869
v 0.593563 -0.514531 0.000000
v 0.610026 -0.514531 0.097676
v 0.619974 -0.514531 0.097679
v 0.629581 -0.514531 0.073893
v 0.636478 -0.514532 0.000000
v 0.684060 -0.510368 0.000000
v 0.690121 -0.514599 0.056927
v 0.681009 -0.515186 0.000000
v 0.699926 -0.514509 0.064124
v 0.709173 -0.514173 0.000000
v 0.716006 -0.511755 0.000000
v 0.880831 -0.514172 0.000000
v 0.874060 -0.511742 0.000000
v 0.890082 -0.514505 0.073891
v 0.900004 -0.514530 0.097222
v 0.910000 -0.514531 0.109149
v 0.920000 -0.514531 0.117812
v 0.930000 -0.514531 0.122269
v 0.940000 -0.514531 0.119563
v 0.950000 -0.514531 0.113882
v 0.960000 -0.514531 0.107347
v 0.970000 -0.514531 0.100364
v 0.979999 -0.514532 0.094580
v 0.990001 -0.514532 0.094578
v 1.000000 -0.514531 0.100315
v 1.010000 -0.514531 0.106881
v 1.020000 -0.514531 0.111437
v 1.030000 -0.514531 0.113226
v 1.040000 -0.514531 0.115710
v 1.050000 -0.514531 0.120095
v 1.060000 -0.514531 0.124282
v 1.070000 -0.514531 0.126073
v 1.080000 -0.514531 0.126747
v 1.090000 -0.514531 0.128076
v 1.100000 -0.514531 0.130613
v 1.110000 -0.514531 0.133187
v 1.120000 -0.514531 0.134838
v 1.130000 -0.514531 0.135569
v 1.140000 -0.514531 0.133847
v 1.150000 -0.514531 0.127737
v 1.160000 -0.514531 0.120374
v 1.169999 -0.514531 0.112406
v 1.179973 -0.514531 0.100376
v 1.189577 -0.514531 0.074143
v 1.196435 -0.514531 0.000000
v 0.154074 -0.517367 0.000000
v 0.160130 -0.521577 0.060431
v 0.150944 -0.522142 0.000000
v 0.170009 -0.521508 0.084163
v 0.180000 -0.521503 0.091454
v 0.190000 -0.521502 0.092813
v 0.200001 -0.521486 0.094510
v 0.210000 -0.521484 0.101086
v 0.220000 -0.521484 0.109336
v 0.230000 -0.521484 0.116159
v 0.240000 -0.521484 0.117847
v 0.250000 -0.521484 0.116450
v 0.260000 -0.521484 0.113723
v 0.270000 -0.521484 0.111464
v 0.280000 -0.521484 0.106763
v 0.290000 -0.521484 0.099140
v 0.299995 -0.521479 0.087582
v 0.309967 -0.521429 0.072573
v 0.319991 -0.521224 0.067244
v 0.329891 -0.521154 0.056332
v 0.339055 -0.520779 0.000000
v 0.345926 -0.518648 0.000000
v 0.504695 -0.517288 0.000000
v 0.510466 -0.521537 0.058197
v 0.503718 -0.521921 0.000000
v 0.520031 -0.521487 0.088352
v 0.530000 -0.521484 0.100007
v 0.539972 -0.521484 0.094849
v 0.549575 -0.521481 0.070587
v 0.556417 -0.521444 0.000000
v 0.600423 -0.521484 0.073869
v 0.593565 -0.521484 0.000000
v 0.610027 -0.521484 0.097685
v 0.619976 -0.521484 0.097753
v 0.629632 -0.521486 0.074271
v 0.636903 -0.521506 0.000000
v 0.674656 -0.517335 0.000000
v 0.680423 -0.521561 0.056251
v 0.673288 -0.521944 0.000000
v 0.690002 -0.521487 0.074206
v 0.699584 -0.521429 0.056165
v 0.706670 -0.521019 0.000000
v 0.890417 -0.521428 0.058519
v 0.883330 -0.521019 0.000000
v 0.900028 -0.521481 0.088644
v 0.910001 -0.521484 0.103986
v 0.920000 -0.521484 0.113827
v 0.930000 -0.521484 0.120733
v 0.940000 -0.521484 0.121934
v 0.950000 -0.521484 0.118522
v 0.960000 -0.521484 0.113593
v 0.970000 -0.521484 0.108342
v 0.980000 -0.521484 0.105208
v 0.990000 -0.521484 0.105207
v 1.000000 -0.521484 0.108326
v 1.010000 -0.521484 0.113401
v 1.020000 -0.521484 0.117354
v 1.030000 -0.521484 0.118941
v 1.040000 -0.521484 0.120640
v 1.050000 -0.521484 0.123392
v 1.060000 -0.521484 0.125556
v 1.070000 -0.521484 0.126320
v 1.080000 -0.521484 0.126521
v 1.090000 -0.521484 0.126872
v 1.100000 -0.521484 0.127555
v 1.110000 -0.521484 0.128167
v 1.120000 -0.521484 0.128438
v 1.130000 -0.521484 0.128405
v 1.140000 -0.521484 0.127116
v 1.150000 -0.521484 0.122258
v 1.160000 -0.521484 0.114948
v 1.169999 -0.521484 0.107556
v 1.179973 -0.521484 0.097760
v 1.189577 -0.521484 0.073371
v 1.196434 -0.521482 0.000000
v 0.144009 -0.524303 0.000000
v 0.150098 -0.528521 0.061024
v 0.140473 -0.529006 0.000000
v 0.160009 -0.528444 0.085764
v 0.170000 -0.528438 0.098215
v 0.180000 -0.528438 0.103211
v 0.190000 -0.528438 0.104421
v 0.200000 -0.528438 0.105338
v 0.210000 -0.528437 0.108689
v 0.220000 -0.528437 0.114322
v 0.230000 -0.528437 0.118778
v 0.240000 -0.528437 0.117786
v 0.250000 -0.528437 0.113502
v 0.260000 -0.528437 0.108256
v 0.270000 -0.528437 0.104030
v 0.280000 -0.528437 0.098307
v 0.289991 -0.528431 0.085770
v 0.299902 -0.528354 0.061023
v 0.309525 -0.527869 0.000000
v 0.319898 -0.526241 0.000000
v 0.329367 -0.525852 0.000000
v 0.335969 -0.525159 0.000000
v 0.510373 -0.528443 0.070954
v 0.503162 -0.528508 0.000000
v 0.520025 -0.528438 0.094903
v 0.530000 -0.528437 0.099943
v 0.539969 -0.528435 0.088318
v 0.549531 -0.528385 0.058170
v 0.556243 -0.528002 0.000000
v 0.600423 -0.528437 0.073878
v 0.593565 -0.528437 0.000000
v 0.610027 -0.528437 0.097788
v 0.619998 -0.528438 0.098471
v 0.629954 -0.528453 0.077403
v 0.639656 -0.528675 0.000000
v 0.680045 -0.528456 0.068725
v 0.670357 -0.528706 0.000000
v 0.689918 -0.528412 0.068112
v 0.699106 -0.528080 0.000000
v 0.705359 -0.525676 0.000000
v 0.890894 -0.528080 0.000000
v 0.884641 -0.525676 0.000000
v 0.900085 -0.528412 0.073846
v 0.910004 -0.528437 0.097232
v 0.920000 -0.528437 0.109010
v 0.930000 -0.528437 0.116573
v 0.940000 -0.528437 0.119117
v 0.950000 -0.528437 0.118438
v 0.960000 -0.528437 0.116414
v 0.970000 -0.528437 0.113299
v 0.980000 -0.528437 0.111476
v 0.990000 -0.528437 0.111476
v 1.000000 -0.528437 0.113297
v 1.010000 -0.528437 0.116384
v 1.020000 -0.528437 0.118228
v 1.030000 -0.528437 0.118786
v 1.040000 -0.528437 0.119242
v 1.050000 -0.528437 0.119982
v 1.060000 -0.528437 0.120488
v 1.070000 -0.528437 0.120630
v 1.080000 -0.528437 0.120656
v 1.090000 -0.528437 0.120700
v 1.100000 -0.528437 0.120791
v 1.110000 -0.528437 0.120867
v 1.120000 -0.528437 0.120887
v 1.130000 -0.528437 0.120825
v 1.140000 -0.528437 0.120168
v 1.150000 -0.528437 0.116980
v 1.160000 -0.528437 0.109454
v 1.169999 -0.528437 0.100638
v 1.179972 -0.528436 0.090199
v 1.189575 -0.528419 0.069258
v 1.196417 -0.528393 0.000000
v 0.044676 -0.531689 0.000000
v 0.050717 -0.531049 0.000000
v 0.050458 -0.535709 0.052936
v 0.043755 -0.535892 0.000000
v 0.060006 -0.530942 0.000000
v 0.060025 -0.535688 0.064427
v 0.069377 -0.531050 0.000000
v 0.069925 -0.535716 0.056526
v 0.076035 -0.531703 0.000000
v 0.079531 -0.535985 0.000000
v 0.103965 -0.531703 0.000000
v 0.110626 -0.531048 0.000000
v 0.110076 -0.535716 0.056714
v 0.100469 -0.535985 0.000000
v 0.120060 -0.530902 0.000000
v 0.120005 -0.535684 0.066776
v 0.130046 -0.530622 0.000000
v 0.130003 -0.535649 0.068875
v 0.140033 -0.535446 0.072704
v 0.150005 -0.535396 0.087589
v 0.160000 -0.535391 0.099153
v 0.170000 -0.535391 0.106810
v 0.180000 -0.535391 0.111479
v 0.190000 -0.535391 0.112671
v 0.200000 -0.535391 0.113163
v 0.210000 -0.535391 0.114942
v 0.220000 -0.535391 0.117650
v 0.230000 -0.535391 0.117695
v 0.240000 -0.535391 0.113545
v 0.250000 -0.535391 0.107310
v 0.260000 -0.535390 0.100240
v 0.269999 -0.535388 0.093115
v 0.279991 -0.535369 0.084350
v 0.289870 -0.535298 0.060442
v 0.299056 -0.534733 0.000000
v 0.305991 -0.532571 0.000000
v 0.510083 -0.535413 0.076484
v 0.500885 -0.535719 0.000000
v 0.520004 -0.535391 0.097596
v 0.529996 -0.535390 0.097596
v 0.539917 -0.535368 0.076484
v 0.549115 -0.535062 0.000000
v 0.555302 -0.532633 0.000000
v 0.600423 -0.535391 0.073933
v 0.593565 -0.535391 0.000000
v 0.610027 -0.535391 0.098327
v 0.620001 -0.535391 0.101759
v 0.629997 -0.535392 0.090995
v 0.639977 -0.535423 0.073510
v 0.649971 -0.530562 0.000000
v 0.649998 -0.535644 0.069112
v 0.660030 -0.530564 0.000000
v 0.660002 -0.535644 0.068923
v 0.670022 -0.535424 0.071516
v 0.679974 -0.535389 0.078571
v 0.689582 -0.535335 0.056975
v 0.696666 -0.534925 0.000000
v 0.900417 -0.535336 0.058585
v 0.893334 -0.534925 0.000000
v 0.910028 -0.535388 0.088953
v 0.920001 -0.535391 0.103875
v 0.930000 -0.535391 0.110756
v 0.940000 -0.535391 0.112630
v 0.950000 -0.535391 0.112726
v 0.960000 -0.535391 0.112329
v 0.970000 -0.535391 0.111499
v 0.980000 -0.535391 0.111025
v 0.990000 -0.535391 0.111025
v 1.000000 -0.535391 0.111499
v 1.010000 -0.535391 0.112328
v 1.020000 -0.535391 0.112721
v 1.030000 -0.535391 0.112809
v 1.040000 -0.535391 0.112866
v 1.050000 -0.535391 0.112966
v 1.060000 -0.535391 0.113026
v 1.070000 -0.535391 0.113039
v 1.080000 -0.535391 0.113041
v 1.090000 -0.535391 0.113044
v 1.100000 -0.535391 0.113050
v 1.110000 -0.535391 0.113055
v 1.120000 -0.535391 0.113058
v 1.130000 -0.535391 0.113065
v 1.140000 -0.535391 0.112970
v 1.150000 -0.535391 0.111414
v 1.160000 -0.535391 0.103795
v 1.169997 -0.535389 0.090705
v 1.179947 -0.535356 0.071147
v 1.189540 -0.535110 0.053669
v 1.196245 -0.534894 0.000000
v 0.050425 -0.542365 0.068950
v 0.043583 -0.542388 0.000000
v 0.060027 -0.542363 0.087235
v 0.069997 -0.542365 0.085383
v 0.079967 -0.542399 0.072489
v 0.090000 -0.537284 0.000000
v 0.090000 -0.542566 0.069499
v 0.100033 -0.542399 0.072552
v 0.110004 -0.542365 0.085918
v 0.120000 -0.542363 0.091590
v 0.130000 -0.542361 0.092812
v 0.140001 -0.542346 0.094404
v 0.150000 -0.542344 0.100369
v 0.160000 -0.542344 0.107366
v 0.170000 -0.542344 0.113759
v 0.180000 -0.542344 0.118110
v 0.190000 -0.542344 0.118492
v 0.200000 -0.542344 0.117772
v 0.210000 -0.542344 0.117565
v 0.220000 -0.542344 0.117059
v 0.230000 -0.542344 0.113411
v 0.240000 -0.542344 0.107205
v 0.250000 -0.542344 0.099191
v 0.259995 -0.542339 0.087454
v 0.269962 -0.542287 0.070949
v 0.279888 -0.542047 0.056822
v 0.289055 -0.541641 0.000000
v 0.295926 -0.539508 0.000000
v 0.494698 -0.538148 0.000000
v 0.500469 -0.542397 0.058171
v 0.493755 -0.542779 0.000000
v 0.510031 -0.542347 0.088317
v 0.520000 -0.542344 0.099938
v 0.529975 -0.542344 0.094902
v 0.539626 -0.542338 0.070954
v 0.546838 -0.542273 0.000000
v 0.600423 -0.542344 0.074041
v 0.593565 -0.542344 0.000000
v 0.610027 -0.542344 0.099204
v 0.620001 -0.542344 0.105589
v 0.630000 -0.542344 0.100648
v 0.639999 -0.542346 0.094469
v 0.650000 -0.542361 0.092787
v 0.660000 -0.542361 0.091682
v 0.669997 -0.542345 0.087251
v 0.679915 -0.542318 0.071352
v 0.689106 -0.541986 0.000000
v 0.695359 -0.539582 0.000000
v 0.900880 -0.542015 0.000000
v 0.894640 -0.539584 0.000000
v 0.910082 -0.542320 0.076351
v 0.920004 -0.542342 0.097656
v 0.930000 -0.542343 0.103424
v 0.940000 -0.542343 0.104381
v 0.950000 -0.542343 0.104460
v 0.960000 -0.542343 0.104422
v 0.970000 -0.542343 0.104309
v 0.980000 -0.542343 0.104249
v 0.990000 -0.542343 0.104249
v 1.000000 -0.542343 0.104309
v 1.010000 -0.542343 0.104422
v 1.020000 -0.542343 0.104464
v 1.030000 -0.542343 0.104471
v 1.040000 -0.542343 0.104475
v 1.050000 -0.542343 0.104482
v 1.060000 -0.542343 0.104486
v 1.070000 -0.542343 0.104486
v 1.080000 -0.542343 0.104486
v 1.090000 -0.542343 0.104486
v 1.100000 -0.542343 0.104487
v 1.110000 -0.542343 0.104487
v 1.120000 -0.542343 0.104492
v 1.130000 -0.542343 0.104552
v 1.140000 -0.542344 0.104876
v 1.150000 -0.542344 0.104645
v 1.159997 -0.542343 0.096223
v 1.169949 -0.542324 0.074148
v 1.179595 -0.542065 0.000000
v 1.189249 -0.540058 0.000000
v 1.195322 -0.539135 0.000000
v 0.050423 -0.549298 0.073061
v 0.043566 -0.549299 0.000000
v 0.060027 -0.549297 0.095372
v 0.070001 -0.549298 0.097579
v 0.079999 -0.549299 0.093743
v 0.090000 -0.549312 0.092887
v 0.100001 -0.549299 0.094274
v 0.110000 -0.549298 0.099501
v 0.120000 -0.549297 0.103307
v 0.130000 -0.549297 0.104413
v 0.140000 -0.549297 0.105321
v 0.150000 -0.549297 0.108579
v 0.160000 -0.549297 0.114003
v 0.170000 -0.549297 0.119245
v 0.180000 -0.549297 0.121399
v 0.190000 -0.549297 0.118689
v 0.200000 -0.549297 0.115079
v 0.210000 -0.549297 0.112999
v 0.220000 -0.549297 0.111390
v 0.230000 -0.549297 0.106772
v 0.240000 -0.549297 0.099014
v 0.249991 -0.549290 0.085856
v 0.259900 -0.549213 0.061004
v 0.269484 -0.548719 0.000000
v 0.279326 -0.546980 0.000000
v 0.285966 -0.546057 0.000000
v 0.500422 -0.549300 0.070608
v 0.493545 -0.549339 0.000000
v 0.510027 -0.549297 0.094827
v 0.520000 -0.549297 0.099928
v 0.529969 -0.549294 0.088321
v 0.539534 -0.549244 0.058193
v 0.546282 -0.548860 0.000000
v 0.600423 -0.549297 0.074168
v 0.593565 -0.549297 0.000000
v 0.610027 -0.549297 0.100175
v 0.620001 -0.549297 0.109450
v 0.630000 -0.549297 0.107979
v 0.640000 -0.549297 0.105047
v 0.650000 -0.549297 0.103479
v 0.659999 -0.549297 0.099516
v 0.669972 -0.549294 0.086987
v 0.679583 -0.549242 0.058196
v 0.686666 -0.548832 0.000000
v 0.910373 -0.549274 0.069434
v 0.903162 -0.549222 0.000000
v 0.920025 -0.549278 0.088497
v 0.930001 -0.549278 0.092291
v 0.940000 -0.549278 0.092710
v 0.950000 -0.549278 0.092736
v 0.960000 -0.549278 0.092734
v 0.970000 -0.549278 0.092726
v 0.980000 -0.549278 0.092722
v 0.990000 -0.549278 0.092722
v 1.000000 -0.549278 0.092726
v 1.010000 -0.549278 0.092734
v 1.020000 -0.549278 0.092737
v 1.030000 -0.549278 0.092737
v 1.040000 -0.549278 0.092737
v 1.050000 -0.549278 0.092737
v 1.060000 -0.549278 0.092737
v 1.070000 -0.549278 0.092737
v 1.080000 -0.549278 0.092737
v 1.090000 -0.549278 0.092737
v 1.100000 -0.549278 0.092737
v 1.110000 -0.549278 0.092738
v 1.120000 -0.549278 0.092747
v 1.130000 -0.549280 0.092892
v 1.140001 -0.549294 0.093889
v 1.149999 -0.549296 0.095695
v 1.159969 -0.549291 0.084920
v 1.169576 -0.549220 0.057777
v 1.176709 -0.548837 0.000000
v 0.050423 -0.556249 0.073152
v 0.043566 -0.556248 0.000000
v 0.060027 -0.556249 0.096070
v 0.070001 -0.556250 0.100704
v 0.080000 -0.556250 0.101527
v 0.090000 -0.556251 0.102870
v 0.100000 -0.556250 0.104687
v 0.110000 -0.556250 0.107846
v 0.120000 -0.556250 0.111318
v 0.130000 -0.556250 0.112474
v 0.140000 -0.556250 0.113100
v 0.150000 -0.556250 0.115083
v 0.160000 -0.556250 0.118708
v 0.170000 -0.556250 0.121463
v 0.180000 -0.556250 0.119286
v 0.190000 -0.556250 0.114010
v 0.200000 -0.556250 0.108571
v 0.210000 -0.556250 0.105187
v 0.220000 -0.556249 0.103293
v 0.230000 -0.556249 0.098219
v 0.239990 -0.556243 0.085742
v 0.249869 -0.556159 0.060613
v 0.259056 -0.555592 0.000000
v 0.265988 -0.553430 0.000000
v 0.500371 -0.556252 0.073773
v 0.493144 -0.556282 0.000000
v 0.510025 -0.556250 0.096866
v 0.519997 -0.556249 0.097471
v 0.529917 -0.556227 0.076473
v 0.539115 -0.555921 0.000000
v 0.545305 -0.553493 0.000000
v 0.600423 -0.556250 0.074226
v 0.593565 -0.556250 0.000000
v 0.610027 -0.556250 0.100711
v 0.620001 -0.556250 0.112016
v 0.630000 -0.556250 0.113762
v 0.640000 -0.556250 0.111447
v 0.650000 -0.556250 0.108064
v 0.659996 -0.556249 0.099355
v 0.669918 -0.556227 0.076546
v 0.679120 -0.555921 0.000000
v 0.685360 -0.553491 0.000000
v 0.910454 -0.555932 0.053097
v 0.903716 -0.555748 0.000000
v 0.920030 -0.555955 0.066178
v 0.930001 -0.555956 0.068306
v 0.940000 -0.555956 0.068480
v 0.950000 -0.555956 0.068487
v 0.960000 -0.555956 0.068487
v 0.970000 -0.555956 0.068487
v 0.980000 -0.555956 0.068487
v 0.990000 -0.555956 0.068487
v 1.000000 -0.555956 0.068487
v 1.010000 -0.555956 0.068487
v 1.020000 -0.555956 0.068488
v 1.030000 -0.555956 0.068488
v 1.040000 -0.555956 0.068488
v 1.050000 -0.555956 0.068488
v 1.060000 -0.555956 0.068488
v 1.070000 -0.555956 0.068488
v 1.080000 -0.555956 0.068488
v 1.090000 -0.555956 0.068488
v 1.100000 -0.555956 0.068488
v 1.110000 -0.555956 0.068489
v 1.120000 -0.555958 0.068520
v 1.130003 -0.555992 0.068952
v 1.140032 -0.556193 0.071725
v 1.149995 -0.556224 0.078823
v 1.159866 -0.556157 0.059722
v 1.168990 -0.555593 0.000000
v 1.175344 -0.553446 0.000000
v 0.050425 -0.563182 0.069068
v 0.043583 -0.563159 0.000000
v 0.060028 -0.563186 0.088512
v 0.070002 -0.563201 0.093450
v 0.080000 -0.563203 0.099042
v 0.090000 -0.563203 0.104748
v 0.100000 -0.563203 0.109518
v 0.110000 -0.563203 0.112893
v 0.120000 -0.563203 0.115847
v 0.130000 -0.563203 0.116886
v 0.140000 -0.563203 0.117172
v 0.150000 -0.563203 0.117687
v 0.160000 -0.563203 0.118552
v 0.170000 -0.563203 0.118350
v 0.180000 -0.563203 0.114071
v 0.190000 -0.563203 0.107460
v 0.200000 -0.563203 0.100373
v 0.209999 -0.563201 0.094294
v 0.220000 -0.563186 0.091629
v 0.229991 -0.563180 0.084174
v 0.239869 -0.563110 0.060430
v 0.249053 -0.562544 0.000000
v 0.255926 -0.560370 0.000000
v 0.500083 -0.563226 0.076533
v 0.490884 -0.563530 0.000000
v 0.510003 -0.563204 0.096496
v 0.519975 -0.563203 0.094049
v 0.529626 -0.563197 0.070841
v 0.536838 -0.563133 0.000000
v 0.600423 -0.563203 0.074245
v 0.593563 -0.563203 0.000000
v 0.610027 -0.563203 0.100922
v 0.620001 -0.563203 0.113236
v 0.630000 -0.563203 0.116713
v 0.640000 -0.563203 0.112557
v 0.649999 -0.563203 0.106124
v 0.659975 -0.563203 0.095624
v 0.669626 -0.563197 0.070989
v 0.676838 -0.563133 0.000000
v 0.910720 -0.560592 0.000000
v 0.904673 -0.559952 0.000000
v 0.920064 -0.560712 0.000000
v 0.930003 -0.560724 0.000000
v 0.940000 -0.560724 0.000000
v 0.950000 -0.560724 0.000000
v 0.960000 -0.560724 0.000000
v 0.970000 -0.560724 0.000000
v 0.980000 -0.560724 0.000000
v 0.990000 -0.560724 0.000000
v 1.000000 -0.560724 0.000000
v 1.010000 -0.560724 0.000000
v 1.020000 -0.560724 0.000000
v 1.030000 -0.560724 0.000000
v 1.040000 -0.560724 0.000000
v 1.050000 -0.560724 0.000000
v 1.060000 -0.560724 0.000000
v 1.070000 -0.560724 0.000000
v 1.080000 -0.560724 0.000000
v 1.090000 -0.560724 0.000000
v 1.100000 -0.560724 0.000000
v 1.110000 -0.560726 0.000000
v 1.120002 -0.560751 0.000000
v 1.130044 -0.561018 0.000000
v 1.140463 -0.562586 0.000000
v 1.149967 -0.562838 0.044919
v 1.159061 -0.562496 0.000000
v 1.165921 -0.560367 0.000000
v 0.050458 -0.569840 0.053108
v 0.043755 -0.569656 0.000000
v 0.060033 -0.569897 0.066694
v 0.070034 -0.570101 0.072495
v 0.080005 -0.570152 0.087538
v 0.090000 -0.570156 0.099365
v 0.100000 -0.570156 0.107120
v 0.110000 -0.570156 0.110709
v 0.120000 -0.570156 0.112176
v 0.130000 -0.570156 0.112536
v 0.140000 -0.570156 0.112596
v 0.150000 -0.570156 0.112655
v 0.160000 -0.570156 0.112677
v 0.170000 -0.570156 0.111878
v 0.180000 -0.570156 0.107900
v 0.190000 -0.570156 0.099725
v 0.199995 -0.570152 0.087678
v 0.209967 -0.570101 0.072580
v 0.219991 -0.569896 0.067244
v 0.229891 -0.569826 0.056332
v 0.239055 -0.569451 0.000000
v 0.245926 -0.567320 0.000000
v 0.484695 -0.565960 0.000000
v 0.490466 -0.570209 0.058033
v 0.483718 -0.570593 0.000000
v 0.500031 -0.570159 0.087024
v 0.510000 -0.570156 0.094569
v 0.519967 -0.570151 0.084658
v 0.529525 -0.570081 0.057378
v 0.536281 -0.569716 0.000000
v 0.600420 -0.570156 0.074264
v 0.593526 -0.570158 0.000000
v 0.610027 -0.570156 0.100877
v 0.620001 -0.570156 0.112875
v 0.630000 -0.570156 0.115168
v 0.640000 -0.570156 0.108958
v 0.649999 -0.570156 0.099640
v 0.659967 -0.570151 0.085340
v 0.669525 -0.570081 0.057429
v 0.676281 -0.569716 0.000000
v 1.149995 -0.567409 0.000000
v 1.143878 -0.566870 0.000000
v 1.156056 -0.566857 0.000000
v 0.050723 -0.574526 0.000000
v 0.044676 -0.573860 0.000000
v 0.060107 -0.574913 0.000000
v 0.070474 -0.576543 0.000000
v 0.080089 -0.577047 0.061717
v 0.090006 -0.577106 0.088603
v 0.100000 -0.577109 0.100654
v 0.110000 -0.577109 0.103811
v 0.120000 -0.577109 0.104378
v 0.130000 -0.577109 0.104450
v 0.140000 -0.577109 0.104456
v 0.150000 -0.577109 0.104459
v 0.160000 -0.577109 0.104428
v 0.170000 -0.577109 0.103951
v 0.180000 -0.577109 0.100729
v 0.189994 -0.577106 0.088629
v 0.199911 -0.577047 0.061725
v 0.209526 -0.576543 0.000000
v 0.219898 -0.574913 0.000000
v 0.229367 -0.574523 0.000000
v 0.235969 -0.573831 0.000000
v 0.490373 -0.577115 0.070598
v 0.483162 -0.577180 0.000000
v 0.500025 -0.577109 0.091993
v 0.509993 -0.577106 0.087281
v 0.519876 -0.577041 0.061145
v 0.528987 -0.576455 0.000000
v 0.535285 -0.574307 0.000000
v 0.600371 -0.577111 0.074602
v 0.593143 -0.577140 0.000000
v 0.610025 -0.577109 0.100830
v 0.620001 -0.577109 0.111981
v 0.630000 -0.577109 0.111850
v 0.640000 -0.577109 0.103787
v 0.649992 -0.577106 0.089140
v 0.659875 -0.577040 0.061311
v 0.668987 -0.576455 0.000000
v 0.675285 -0.574307 0.000000
v 0.080827 -0.583701 0.000000
v 0.073990 -0.581286 0.000000
v 0.090081 -0.584019 0.072196
v 0.100004 -0.584043 0.089148
v 0.110000 -0.584043 0.092374
v 0.120000 -0.584044 0.092714
v 0.130000 -0.584044 0.092735
v 0.140000 -0.584044 0.092736
v 0.150000 -0.584043 0.092736
v 0.160000 -0.584043 0.092717
v 0.170000 -0.584043 0.092383
v 0.179996 -0.584043 0.089152
v 0.189919 -0.584019 0.072197
v 0.199173 -0.583701 0.000000
v 0.206010 -0.581286 0.000000
v 0.490083 -0.584085 0.075915
v 0.480884 -0.584391 0.000000
v 0.500000 -0.584063 0.092867
v 0.509921 -0.584040 0.076206
v 0.519183 -0.583734 0.000000
v 0.525941 -0.581275 0.000000
v 0.600082 -0.584085 0.077302
v 0.590880 -0.584390 0.000000
v 0.610004 -0.584063 0.101414
v 0.620000 -0.584063 0.111127
v 0.630000 -0.584062 0.108018
v 0.639996 -0.584062 0.097129
v 0.649919 -0.584037 0.073890
v 0.659169 -0.583704 0.000000
v 0.665940 -0.581273 0.000000
v 0.090406 -0.590695 0.053445
v 0.083329 -0.590485 0.000000
v 0.100027 -0.590720 0.066244
v 0.110001 -0.590722 0.068313
v 0.120000 -0.590722 0.068480
v 0.130000 -0.590722 0.068487
v 0.140000 -0.590722 0.068487
v 0.150000 -0.590722 0.068487
v 0.160000 -0.590722 0.068481
v 0.169999 -0.590722 0.068313
v 0.179973 -0.590720 0.066244
v 0.189594 -0.590695 0.053445
v 0.196671 -0.590485 0.000000
v 0.474695 -0.586820 0.000000
v 0.480466 -0.591069 0.058136
v 0.473718 -0.591453 0.000000
v 0.490030 -0.591018 0.087668
v 0.499976 -0.591016 0.095164
v 0.509629 -0.591014 0.073906
v 0.516860 -0.590985 0.000000
v 0.584636 -0.586821 0.000000
v 0.590414 -0.591070 0.058629
v 0.583289 -0.591472 0.000000
v 0.600028 -0.591018 0.089086
v 0.610001 -0.591016 0.104500
v 0.620000 -0.591016 0.110933
v 0.629999 -0.591016 0.104496
v 0.639974 -0.591013 0.089102
v 0.649605 -0.590962 0.058660
v 0.656673 -0.590551 0.000000
v 0.090715 -0.595358 0.000000
v 0.084617 -0.594715 0.000000
v 0.100063 -0.595477 0.000000
v 0.110003 -0.595489 0.000000
v 0.120000 -0.595490 0.000000
v 0.130000 -0.595490 0.000000
v 0.140000 -0.595490 0.000000
v 0.150000 -0.595490 0.000000
v 0.160000 -0.595490 0.000000
v 0.169997 -0.595489 0.000000
v 0.179937 -0.595477 0.000000
v 0.189285 -0.595358 0.000000
v 0.195383 -0.594715 0.000000
v 0.480373 -0.597974 0.070912
v 0.473162 -0.598039 0.000000
v 0.490024 -0.597969 0.094459
v 0.499974 -0.597969 0.096755
v 0.509580 -0.597969 0.073772
v 0.516474 -0.597967 0.000000
v 0.590050 -0.597988 0.074272
v 0.580401 -0.598248 0.000000
v 0.600003 -0.597969 0.097142
v 0.610000 -0.597969 0.107938
v 0.620000 -0.597969 0.110849
v 0.629999 -0.597968 0.101298
v 0.639962 -0.597948 0.077562
v 0.649430 -0.597665 0.000000
v 0.655403 -0.595211 0.000000
v 0.480083 -0.604945 0.076514
v 0.470885 -0.605250 0.000000
v 0.490003 -0.604923 0.097765
v 0.499973 -0.604922 0.097606
v 0.509577 -0.604922 0.073859
v 0.516439 -0.604922 0.000000
v 0.564033 -0.601206 0.000000
v 0.570662 -0.600257 0.000000
v 0.570111 -0.605217 0.056893
v 0.560945 -0.605624 0.000000
v 0.580029 -0.604957 0.071693
v 0.590003 -0.604924 0.090759
v 0.600000 -0.604922 0.103852
v 0.610000 -0.604922 0.111335
v 0.620000 -0.604922 0.110527
v 0.629999 -0.604923 0.100164
v 0.639961 -0.604943 0.076487
v 0.649422 -0.605221 0.000000
v 0.464695 -0.607679 0.000000
v 0.470466 -0.611928 0.058221
v 0.463718 -0.612312 0.000000
v 0.480031 -0.611878 0.088618
v 0.490000 -0.611875 0.101484
v 0.499973 -0.611875 0.098305
v 0.509581 -0.611875 0.073955
v 0.516476 -0.611876 0.000000
v 0.554079 -0.607758 0.000000
v 0.560134 -0.611968 0.060393
v 0.551010 -0.612532 0.000000
v 0.570009 -0.611896 0.084354
v 0.580001 -0.611877 0.093221
v 0.590000 -0.611875 0.100931
v 0.600000 -0.611875 0.108869
v 0.610000 -0.611875 0.113306
v 0.620000 -0.611875 0.108490
v 0.629999 -0.611875 0.098211
v 0.639966 -0.611872 0.080202
v 0.649497 -0.611851 0.045299
v 0.655317 -0.607617 0.000000
v 0.656053 -0.611872 0.000000
v 0.470373 -0.618834 0.071094
v 0.463158 -0.618899 0.000000
v 0.480025 -0.618828 0.096072
v 0.490000 -0.618828 0.105067
v 0.499975 -0.618828 0.099246
v 0.509632 -0.618829 0.074443
v 0.516903 -0.618848 0.000000
v 0.544656 -0.614679 0.000000
v 0.550424 -0.618905 0.057798
v 0.543288 -0.619287 0.000000
v 0.560031 -0.618834 0.085231
v 0.570001 -0.618829 0.098262
v 0.580000 -0.618828 0.104079
v 0.590000 -0.618828 0.108453
v 0.600000 -0.618828 0.113198
v 0.610000 -0.618828 0.113374
v 0.620000 -0.618828 0.104898
v 0.629995 -0.618825 0.089487
v 0.639897 -0.618761 0.060831
v 0.648987 -0.618178 0.000000
v 0.655255 -0.616086 0.000000
v 0.470079 -0.625804 0.076863
v 0.460814 -0.626111 0.000000
v 0.480004 -0.625782 0.100186
v 0.490000 -0.625781 0.108334
v 0.499997 -0.625782 0.100870
v 0.509953 -0.625796 0.077703
v 0.519657 -0.625999 0.000000
v 0.550049 -0.625800 0.074197
v 0.540356 -0.626029 0.000000
v 0.560003 -0.625782 0.096457
v 0.570000 -0.625781 0.106480
v 0.580000 -0.625781 0.111918
v 0.590000 -0.625781 0.115236
v 0.600000 -0.625781 0.117646
v 0.610000 -0.625781 0.113669
v 0.619999 -0.625780 0.101824
v 0.629965 -0.625760 0.077708
v 0.639492 -0.625475 0.000000
v 0.645984 -0.622996 0.000000
v 0.453989 -0.628555 0.000000
v 0.460088 -0.632796 0.061851
v 0.450474 -0.633300 0.000000
v 0.470006 -0.632737 0.089602
v 0.480000 -0.632734 0.104552
v 0.490000 -0.632734 0.111214
v 0.500000 -0.632734 0.104770
v 0.509997 -0.632736 0.091368
v 0.519977 -0.632764 0.073571
v 0.530001 -0.627611 0.000000
v 0.530000 -0.632952 0.069682
v 0.540023 -0.632766 0.073489
v 0.550003 -0.632736 0.090892
v 0.560000 -0.632734 0.103910
v 0.570000 -0.632734 0.112481
v 0.580000 -0.632734 0.117557
v 0.590000 -0.632734 0.120139
v 0.600000 -0.632734 0.120908
v 0.610000 -0.632734 0.114585
v 0.619999 -0.632735 0.101951
v 0.629962 -0.632755 0.077677
v 0.639428 -0.633038 0.000000
v 0.424673 -0.635984 0.000000
v 0.430722 -0.635318 0.000000
v 0.430454 -0.640004 0.053131
v 0.423716 -0.640190 0.000000
v 0.440107 -0.634930 0.000000
v 0.440033 -0.639947 0.066702
v 0.450034 -0.639743 0.072536
v 0.460005 -0.639692 0.087694
v 0.470000 -0.639688 0.099949
v 0.480000 -0.639687 0.109209
v 0.490000 -0.639687 0.114638
v 0.500000 -0.639687 0.109329
v 0.510000 -0.639688 0.101123
v 0.519999 -0.639689 0.094532
v 0.530000 -0.639703 0.093123
v 0.540001 -0.639689 0.094512
v 0.550000 -0.639688 0.100960
v 0.560000 -0.639687 0.108741
v 0.570000 -0.639687 0.114979
v 0.580000 -0.639687 0.118062
v 0.590000 -0.639687 0.119257
v 0.600000 -0.639687 0.119523
v 0.610000 -0.639687 0.115012
v 0.619999 -0.639688 0.105078
v 0.629971 -0.639690 0.089074
v 0.639553 -0.639740 0.058295
v 0.645345 -0.635490 0.000000
v 0.646247 -0.640123 0.000000
v 0.430373 -0.646663 0.069445
v 0.423162 -0.646715 0.000000
v 0.440025 -0.646658 0.088683
v 0.450002 -0.646643 0.093965
v 0.460000 -0.646641 0.100362
v 0.470000 -0.646641 0.107537
v 0.480000 -0.646641 0.114524
v 0.490000 -0.646641 0.119085
v 0.500000 -0.646641 0.114699
v 0.510000 -0.646641 0.108806
v 0.520000 -0.646641 0.105384
v 0.530000 -0.646641 0.104650
v 0.540000 -0.646641 0.105168
v 0.550000 -0.646641 0.107617
v 0.560000 -0.646641 0.110625
v 0.570000 -0.646641 0.112104
v 0.580000 -0.646641 0.112747
v 0.590000 -0.646641 0.113355
v 0.600000 -0.646641 0.114843
v 0.610000 -0.646641 0.114706
v 0.619999 -0.646641 0.108481
v 0.629973 -0.646641 0.096413
v 0.639575 -0.646644 0.070753
v 0.646417 -0.646681 0.000000
v 0.430083 -0.653617 0.076353
v 0.420885 -0.653922 0.000000
v 0.440004 -0.653595 0.097754
v 0.450000 -0.653594 0.104308
v 0.460000 -0.653594 0.108575
v 0.470000 -0.653594 0.114299
v 0.480000 -0.653594 0.120363
v 0.490000 -0.653594 0.124372
v 0.500000 -0.653594 0.120685
v 0.510000 -0.653594 0.116033
v 0.520000 -0.653594 0.113561
v 0.530000 -0.653594 0.112775
v 0.540000 -0.653594 0.112106
v 0.550000 -0.653594 0.110625
v 0.560000 -0.653594 0.107617
v 0.570000 -0.653594 0.105167
v 0.580000 -0.653593 0.104648
v 0.590000 -0.653594 0.105350
v 0.600000 -0.653594 0.108438
v 0.610000 -0.653594 0.112190
v 0.619999 -0.653594 0.110561
v 0.629973 -0.653594 0.099670
v 0.639577 -0.653594 0.073752
v 0.646434 -0.653596 0.000000
v 0.414698 -0.656351 0.000000
v 0.420469 -0.660600 0.058214
v 0.413757 -0.660982 0.000000
v 0.430031 -0.660550 0.088880
v 0.440001 -0.660547 0.103930
v 0.450000 -0.660547 0.111382
v 0.460000 -0.660547 0.115729
v 0.470000 -0.660547 0.120796
v 0.480000 -0.660547 0.126507
v 0.490000 -0.660547 0.130170
v 0.500000 -0.660547 0.126968
v 0.510000 -0.660547 0.122880
v 0.520000 -0.660547 0.120309
v 0.530000 -0.660547 0.118296
v 0.540000 -0.660547 0.115006
v 0.550000 -0.660547 0.108742
v 0.560000 -0.660547 0.100960
v 0.569999 -0.660545 0.094512
v 0.580000 -0.660532 0.093123
v 0.590001 -0.660545 0.094524
v 0.600000 -0.660547 0.101000
v 0.610000 -0.660547 0.108341
v 0.619999 -0.660547 0.110666
v 0.629973 -0.660547 0.100459
v 0.639577 -0.660547 0.074182
v 0.646435 -0.660547 0.000000
v 0.420425 -0.667503 0.070752
v 0.413584 -0.667540 0.000000
v 0.430028 -0.667500 0.096448
v 0.440001 -0.667500 0.108893
v 0.450000 -0.667500 0.117197
v 0.460000 -0.667500 0.122487
v 0.470000 -0.667500 0.127322
v 0.480000 -0.667500 0.132532
v 0.490000 -0.667500 0.135437
v 0.500000 -0.667500 0.132318
v 0.510000 -0.667500 0.127696
v 0.520000 -0.667500 0.123386
v 0.530000 -0.667500 0.118563
v 0.540000 -0.667500 0.112642
v 0.550000 -0.667500 0.103923
v 0.559997 -0.667498 0.090893
v 0.569977 -0.667469 0.073489
v 0.580000 -0.667282 0.069682
v 0.590023 -0.667470 0.073569
v 0.600003 -0.667498 0.091339
v 0.610000 -0.667500 0.104522
v 0.619999 -0.667500 0.110026
v 0.629973 -0.667500 0.100492
v 0.639577 -0.667500 0.074213
v 0.646437 -0.667500 0.000000
v 0.420423 -0.674453 0.073770
v 0.413566 -0.674455 0.000000
v 0.430027 -0.674453 0.099939
v 0.440001 -0.674453 0.112810
v 0.450000 -0.674453 0.121980
v 0.460000 -0.674453 0.128782
v 0.470000 -0.674453 0.133482
v 0.480000 -0.674453 0.136810
v 0.490000 -0.674453 0.137137
v 0.500000 -0.674453 0.133193
v 0.510000 -0.674453 0.126870
v 0.520000 -0.674453 0.120294
v 0.530000 -0.674453 0.113909
v 0.540000 -0.674453 0.106885
v 0.549997 -0.674452 0.096501
v 0.559951 -0.674434 0.074200
v 0.569644 -0.674205 0.000000
v 0.579999 -0.672624 0.000000
v 0.590342 -0.674236 0.000000
v 0.600047 -0.674438 0.077751
v 0.610003 -0.674453 0.101236
v 0.619999 -0.674453 0.109516
v 0.629973 -0.674453 0.100452
v 0.639580 -0.674453 0.074235
v 0.646474 -0.674455 0.000000
v 0.420423 -0.681406 0.074216
v 0.413565 -0.681406 0.000000
v 0.430027 -0.681406 0.100963
v 0.440001 -0.681406 0.114737
v 0.450000 -0.681406 0.125248
v 0.460000 -0.681406 0.133583
v 0.470000 -0.681406 0.137565
v 0.480000 -0.681406 0.136916
v 0.490000 -0.681406 0.133445
v 0.500000 -0.681406 0.128764
v 0.510000 -0.681406 0.122472
v 0.520000 -0.681406 0.114905
v 0.530000 -0.681406 0.107429
v 0.539999 -0.681406 0.099030
v 0.549969 -0.681400 0.085321
v 0.559576 -0.681329 0.057804
v 0.566712 -0.680948 0.000000
v 0.600368 -0.681405 0.074614
v 0.593097 -0.681386 0.000000
v 0.610025 -0.681406 0.100518
v 0.620000 -0.681406 0.109424
v 0.629975 -0.681406 0.100517
v 0.639629 -0.681408 0.074580
v 0.646857 -0.681437 0.000000
v 0.420423 -0.688359 0.074253
v 0.413565 -0.688359 0.000000
v 0.430027 -0.688359 0.101112
v 0.440001 -0.688359 0.115137
v 0.450000 -0.688359 0.126099
v 0.460000 -0.688359 0.134802
v 0.470000 -0.688359 0.137309
v 0.480000 -0.688359 0.133138
v 0.490000 -0.688359 0.127419
v 0.500000 -0.688359 0.122495
v 0.510000 -0.688359 0.117257
v 0.520000 -0.688359 0.109361
v 0.530000 -0.688359 0.099790
v 0.539991 -0.688353 0.085941
v 0.549866 -0.688269 0.060578
v 0.558990 -0.687702 0.000000
v 0.565344 -0.685555 0.000000
v 0.600419 -0.688359 0.074236
v 0.593524 -0.688358 0.000000
v 0.610027 -0.688359 0.100453
v 0.620001 -0.688359 0.109518
v 0.629996 -0.688360 0.101211
v 0.639917 -0.688382 0.077283
v 0.649116 -0.688686 0.000000
v 0.420423 -0.695312 0.074216
v 0.413565 -0.695312 0.000000
v 0.430027 -0.695312 0.100963
v 0.440001 -0.695312 0.114743
v 0.450000 -0.695312 0.125266
v 0.460000 -0.695312 0.133170
v 0.470000 -0.695312 0.133999
v 0.480000 -0.695312 0.128014
v 0.490000 -0.695312 0.121137
v 0.500000 -0.695312 0.115754
v 0.510000 -0.695312 0.111247
v 0.520000 -0.695312 0.103482
v 0.529993 -0.695309 0.089103
v 0.539879 -0.695243 0.061360
v 0.549054 -0.694656 0.000000
v 0.555921 -0.692480 0.000000
v 0.600423 -0.695312 0.074215
v 0.593563 -0.695312 0.000000
v 0.610027 -0.695312 0.100504
v 0.620001 -0.695312 0.110048
v 0.629999 -0.695313 0.104330
v 0.639969 -0.695315 0.088989
v 0.649531 -0.695365 0.058225
v 0.655302 -0.691116 0.000000
v 0.656245 -0.695748 0.000000
v 0.420423 -0.702266 0.073770
v 0.413566 -0.702264 0.000000
v 0.430027 -0.702266 0.099945
v 0.440001 -0.702266 0.112899
v 0.450000 -0.702266 0.122560
v 0.460000 -0.702266 0.129918
v 0.470000 -0.702266 0.130055
v 0.480000 -0.702266 0.123185
v 0.490000 -0.702266 0.115211
v 0.500000 -0.702266 0.108663
v 0.510000 -0.702266 0.103755
v 0.519996 -0.702264 0.095733
v 0.529918 -0.702239 0.073695
v 0.539169 -0.701907 0.000000
v 0.545944 -0.699476 0.000000
v 0.600423 -0.702266 0.074222
v 0.593565 -0.702266 0.000000
v 0.610027 -0.702266 0.100611
v 0.620001 -0.702266 0.110894
v 0.629999 -0.702266 0.107799
v 0.639973 -0.702266 0.096339
v 0.649578 -0.702269 0.070768
v 0.656455 -0.702307 0.000000
v 0.420425 -0.709215 0.070753
v 0.413584 -0.709179 0.000000
v 0.430028 -0.709219 0.096482
v 0.440001 -0.709219 0.109260
v 0.450000 -0.709219 0.119171
v 0.460000 -0.709219 0.126797
v 0.470000 -0.709219 0.126744
v 0.480000 -0.709219 0.119213
v 0.490000 -0.709219 0.109900
v 0.500000 -0.709219 0.101042
v 0.509998 -0.709217 0.093179
v 0.519970 -0.709198 0.083839
v 0.529573 -0.709139 0.057595
v 0.536668 -0.708750 0.000000
v 0.600423 -0.709219 0.074231
v 0.593565 -0.709219 0.000000
v 0.610027 -0.709219 0.100730
v 0.620001 -0.709219 0.111753
v 0.629999 -0.709219 0.110735
v 0.639975 -0.709219 0.099780
v 0.649629 -0.709221 0.074125
v 0.656856 -0.709251 0.000000
v 0.420469 -0.716119 0.058228
v 0.413757 -0.715736 0.000000
v 0.430031 -0.716169 0.089068
v 0.440001 -0.716172 0.105280
v 0.450000 -0.716172 0.116532
v 0.460000 -0.716172 0.124551
v 0.470000 -0.716172 0.124083
v 0.480000 -0.716172 0.116118
v 0.490000 -0.716172 0.105304
v 0.499997 -0.716170 0.091240
v 0.509971 -0.716138 0.071769
v 0.519886 -0.715877 0.056849
v 0.528992 -0.715471 0.000000
v 0.535341 -0.713364 0.000000
v 0.600423 -0.716172 0.074235
v 0.593563 -0.716172 0.000000
v 0.610027 -0.716172 0.100780
v 0.620001 -0.716172 0.112152
v 0.630000 -0.716172 0.112168
v 0.639996 -0.716173 0.101444
v 0.649917 -0.716195 0.077270
v 0.659116 -0.716499 0.000000
v 0.420884 -0.722798 0.000000
v 0.414698 -0.720368 0.000000
v 0.430083 -0.723102 0.077331
v 0.440004 -0.723124 0.101917
v 0.450000 -0.723125 0.115067
v 0.460000 -0.723125 0.122920
v 0.470000 -0.723125 0.121117
v 0.480000 -0.723125 0.113013
v 0.489997 -0.723124 0.100776
v 0.499952 -0.723109 0.077285
v 0.509612 -0.722875 0.000000
v 0.519339 -0.720839 0.000000
v 0.525962 -0.719888 0.000000
v 0.600419 -0.723125 0.074260
v 0.593524 -0.723126 0.000000
v 0.610027 -0.723125 0.100822
v 0.620001 -0.723125 0.112475
v 0.630000 -0.723125 0.113563
v 0.639999 -0.723125 0.104904
v 0.649969 -0.723128 0.089042
v 0.659531 -0.723178 0.058227
v 0.665302 -0.718929 0.000000
v 0.666243 -0.723560 0.000000
v 0.430371 -0.730076 0.074584
v 0.423143 -0.730048 0.000000
v 0.440025 -0.730078 0.101008
v 0.450001 -0.730078 0.114243
v 0.460000 -0.730078 0.121192
v 0.470000 -0.730078 0.117663
v 0.479999 -0.730078 0.108984
v 0.489975 -0.730078 0.096513
v 0.499629 -0.730073 0.071151
v 0.506883 -0.730016 0.000000
v 0.600368 -0.730079 0.074643
v 0.593099 -0.730100 0.000000
v 0.610025 -0.730078 0.100970
v 0.620001 -0.730078 0.113056
v 0.630000 -0.730078 0.115720
v 0.639999 -0.730078 0.108794
v 0.649972 -0.730078 0.096440
v 0.659575 -0.730082 0.070750
v 0.666417 -0.730118 0.000000
v 0.430420 -0.737031 0.073791
v 0.423527 -0.737028 0.000000
v 0.440027 -0.737031 0.099887
v 0.450001 -0.737031 0.112148
v 0.460000 -0.737031 0.117599
v 0.470000 -0.737031 0.113271
v 0.479999 -0.737031 0.103919
v 0.489969 -0.737028 0.088568
v 0.499534 -0.736977 0.058170
v 0.506284 -0.736595 0.000000
v 0.600048 -0.737047 0.077758
v 0.590391 -0.737280 0.000000
v 0.610003 -0.737032 0.101814
v 0.620000 -0.737031 0.113916
v 0.630000 -0.737031 0.117950
v 0.639999 -0.737031 0.111956
v 0.649973 -0.737031 0.099738
v 0.659577 -0.737031 0.073728
v 0.666434 -0.737033 0.000000
v 0.430425 -0.743981 0.070745
v 0.423582 -0.743944 0.000000
v 0.440028 -0.743984 0.096328
v 0.450001 -0.743984 0.107841
v 0.460000 -0.743984 0.111991
v 0.470000 -0.743984 0.107812
v 0.479996 -0.743983 0.097050
v 0.489915 -0.743959 0.073827
v 0.499102 -0.743627 0.000000
v 0.505304 -0.741225 0.000000
v 0.574675 -0.740240 0.000000
v 0.580750 -0.739316 0.000000
v 0.580456 -0.744265 0.053696
v 0.573716 -0.744483 0.000000
v 0.590052 -0.744018 0.071233
v 0.600003 -0.743986 0.091224
v 0.610000 -0.743984 0.105303
v 0.620000 -0.743984 0.115077
v 0.630000 -0.743984 0.118206
v 0.639999 -0.743984 0.111986
v 0.649973 -0.743984 0.099740
v 0.659577 -0.743984 0.073728
v 0.666434 -0.743982 0.000000
v 0.430469 -0.750885 0.058204
v 0.423757 -0.750502 0.000000
v 0.440031 -0.750935 0.088727
v 0.450001 -0.750937 0.102669
v 0.460000 -0.750937 0.105724
v 0.469999 -0.750937 0.101284
v 0.479972 -0.750934 0.088170
v 0.489582 -0.750882 0.058473
v 0.496666 -0.750472 0.000000
v 0.580373 -0.750958 0.069586
v 0.573162 -0.751012 0.000000
v 0.590026 -0.750939 0.090258
v 0.600001 -0.750938 0.100662
v 0.610000 -0.750937 0.109559
v 0.620000 -0.750937 0.116716
v 0.630000 -0.750937 0.116595
v 0.639999 -0.750937 0.108902
v 0.649972 -0.750937 0.096447
v 0.659575 -0.750934 0.070751
v 0.666417 -0.750897 0.000000
v 0.430885 -0.757562 0.000000
v 0.424698 -0.755134 0.000000
v 0.440083 -0.757867 0.076208
v 0.450004 -0.757889 0.096498
v 0.460000 -0.757890 0.098150
v 0.469995 -0.757887 0.090638
v 0.479916 -0.757849 0.072324
v 0.489106 -0.757530 0.000000
v 0.495359 -0.755129 0.000000
v 0.580083 -0.757914 0.075771
v 0.570887 -0.758215 0.000000
v 0.590004 -0.757891 0.098201
v 0.600000 -0.757891 0.107351
v 0.610000 -0.757891 0.114350
v 0.620000 -0.757891 0.119169
v 0.630000 -0.757891 0.115263
v 0.639999 -0.757891 0.105127
v 0.649969 -0.757888 0.089058
v 0.659531 -0.757838 0.058228
v 0.666243 -0.757455 0.000000
v 0.440373 -0.764821 0.069323
v 0.433162 -0.764769 0.000000
v 0.450025 -0.764825 0.087334
v 0.459996 -0.764822 0.085300
v 0.469941 -0.764785 0.070258
v 0.479591 -0.764560 0.053956
v 0.486668 -0.764317 0.000000
v 0.564726 -0.760587 0.000000
v 0.570516 -0.764843 0.045956
v 0.563949 -0.764844 0.000000
v 0.580035 -0.764844 0.083231
v 0.590001 -0.764844 0.101557
v 0.600000 -0.764844 0.111043
v 0.610000 -0.764844 0.118029
v 0.620000 -0.764844 0.121465
v 0.630000 -0.764844 0.114810
v 0.639996 -0.764843 0.101902
v 0.649917 -0.764821 0.077331
v 0.659116 -0.764517 0.000000
v 0.665302 -0.762087 0.000000
v 0.440454 -0.771479 0.052960
v 0.433716 -0.771295 0.000000
v 0.450025 -0.771500 0.064432
v 0.459923 -0.771470 0.056499
v 0.469482 -0.771173 0.000000
v 0.479242 -0.769480 0.000000
v 0.485379 -0.768584 0.000000
v 0.570900 -0.771444 0.000000
v 0.564727 -0.769098 0.000000
v 0.580085 -0.771771 0.073201
v 0.590004 -0.771796 0.096992
v 0.600000 -0.771797 0.108922
v 0.610000 -0.771797 0.117595
v 0.620000 -0.771797 0.121682
v 0.629999 -0.771797 0.114633
v 0.639975 -0.771797 0.101167
v 0.649629 -0.771795 0.074624
v 0.656857 -0.771767 0.000000
v 0.440717 -0.776139 0.000000
v 0.434673 -0.775499 0.000000
v 0.450006 -0.776246 0.000000
v 0.459377 -0.776137 0.000000
v 0.466031 -0.775483 0.000000
v 0.580417 -0.778695 0.058554
v 0.573334 -0.778285 0.000000
v 0.590028 -0.778747 0.089085
v 0.600001 -0.778750 0.105023
v 0.610000 -0.778750 0.115365
v 0.620000 -0.778750 0.120356
v 0.629999 -0.778750 0.114033
v 0.639973 -0.778750 0.100909
v 0.649580 -0.778750 0.074236
v 0.656474 -0.778748 0.000000
v 0.580881 -0.785375 0.000000
v 0.574640 -0.782944 0.000000
v 0.590082 -0.785680 0.076836
v 0.600004 -0.785702 0.100570
v 0.610000 -0.785703 0.111873
v 0.620000 -0.785703 0.116603
v 0.629999 -0.785703 0.111602
v 0.639973 -0.785703 0.099754
v 0.649577 -0.785703 0.073755
v 0.656436 -0.785701 0.000000
v 0.590374 -0.792650 0.071012
v 0.583162 -0.792586 0.000000
v 0.600025 -0.792656 0.095759
v 0.610001 -0.792656 0.106472
v 0.620000 -0.792656 0.111051
v 0.629999 -0.792656 0.106442
v 0.639972 -0.792656 0.095678
v 0.649574 -0.792652 0.070642
v 0.656417 -0.792616 0.000000
v 0.590475 -0.799534 0.057429
v 0.583719 -0.799169 0.000000
v 0.600033 -0.799604 0.085319
v 0.610001 -0.799609 0.099215
v 0.620000 -0.799609 0.105070
v 0.629999 -0.799609 0.099214
v 0.639967 -0.799604 0.085315
v 0.649521 -0.799534 0.057406
v 0.656242 -0.799171 0.000000
v 0.591013 -0.805908 0.000000
v 0.584715 -0.803760 0.000000
v 0.600124 -0.806494 0.061347
v 0.610008 -0.806559 0.088934
v 0.620000 -0.806562 0.099214
v 0.629992 -0.806559 0.088933
v 0.639876 -0.806494 0.061347
v 0.648987 -0.805908 0.000000
v 0.655282 -0.803760 0.000000
v 0.600817 -0.813187 0.000000
v 0.594059 -0.810728 0.000000
v 0.610079 -0.813493 0.076465
v 0.620000 -0.813514 0.093809
v 0.629921 -0.813493 0.076465
v 0.639183 -0.813187 0.000000
v 0.645941 -0.810728 0.000000
v 0.610370 -0.820467 0.073624
v 0.603140 -0.820438 0.000000
v 0.620000 -0.820469 0.092476
v 0.629630 -0.820467 0.073624
v 0.636860 -0.820438 0.000000
v 0.610419 -0.827421 0.072675
v 0.603527 -0.827418 0.000000
v 0.620000 -0.827421 0.090989
v 0.629581 -0.827421 0.072675
v 0.636473 -0.827418 0.000000
v 0.610424 -0.834354 0.068691
v 0.603582 -0.834331 0.000000
v 0.620000 -0.834356 0.084408
v 0.629576 -0.834354 0.068691
v 0.636418 -0.834331 0.000000
v 0.610457 -0.841010 0.052898
v 0.603755 -0.840827 0.000000
v 0.620000 -0.841031 0.063893
v 0.629543 -0.841010 0.052898
v 0.636245 -0.840827 0.000000
v 0.610717 -0.845670 0.000000
v 0.604676 -0.845030 0.000000
v 0.620000 -0.845777 0.000000
v 0.629283 -0.845670 0.000000
v 0.635324 -0.845030 0.000000
f 3741 3760 3762 3743
f 3796 3816 3817 3797
f 1473 1527 1528 1474
f 3756 3775 3776 3757
f 3909 3918 3919 3910
f 3774 3797 3798 3775
f 64 79 80 65
f 2818 2900 2902 2820
f 1987 1988 1990 1934
f 2992 3063 3064 2993
f 3828 3847 3848 3829
f 3782 3805 3806 3783
f 70 85 86 72
f 1157 1217 1216 1159
f 3942 3947 3948 3943
f 2068 2129 2130 2070
f 2425 2501 2502 2426
f 3812 3832 3831 3811
f 3712 3733 3734 3713
f 3926 3934 3935 3927
f 1714 1767 1768 1715
f 3951 3956 3957 3952
f 2369 2446 2447 2370
f 3408 3435 3436 3409
f 2010 2073 2074 2011
f 3720 3741 3743 3721
f 1114 1179 1180 1115
f 3886 3896 3895 3885
f 2482 2563 2564 2483
f 3932 3940 3939 3934
f 3844 3864 3865 3845
f 321 337 338 322
f 1105 1170 1171 1106
f 2155 2221 2222 2156
f 3814 3834 3835 3815
f 3042 3112 3111 3041
f 2985 3056 3057 2986
f 1058 1122 1121 1060
f 3854 3873 3874 3855
f 164 182 183 165
f 2147 2213 2215 2149
f 529 572 573 530
f 2937 3012 3013 2938
f 1248 1302 1303 1249
f 859 927 928 860
f 3644 3668 3669 3645
f 3916 3925 3926 3917
f 3862 3880 3882 3864
f 3800 3820 3821 3801
f 1841 1895 1894 1842
f 2084 2147 2149 2086
f 2440 2515 2517 2442
f 151 170 171 152
f 3900 3909 3910 3901
f 123 139 140 124
f 2139 2205 2206 2141
f 71 72 74 73
f 40 51 52 41
f 2202 2275 2276 2203
f 2812 2893 2895 2811
f 3536 3561 3562 3537
f 769 827 828 770
f 3824 3842 3844 3825
f 54 68 69 56
f 24 34 36 26
f 914 983 984 915
f 3935 3941 3942 3936
f 3918 3927 3928 3919
f 3480 3506 3507 3481
f 237 254 256 236
f 3716 3737 3738 3717
f 2170 2242 2243 2171
f 3871 3885 3887 3872
f 1406 1458 1459 1407
f 227 246 247 228
f 3368 3389 3390 3369
f 3934 3939 3941 3935
f 77 94 95 78
f 6 9 11 10
f 47 61 62 48
f 2702 2704 2703 2629
f 3000 3071 3072 3001
f 2009 2072 2073 2010
f 3950 3955 3954 3949
f 3885 3895 3897 3887
f 55 56 58 57
f 3735 3755 3756 3736
f 2234 2304 2305 2235
f 211 232 233 212
f 2507 2585 2586 2508
f 7 15 16 9
f 3760 3779 3781 3762
f 3749 3768 3769 3750
f 143 160 162 142
f 3463 3487 3488 3464
f 1306 1361 1362 1307
f 181 201 202 182
f 1290 1344 1345 1291
f 74 87 89 88
f 1489 1543 1542 1488
f 3170 3213 3214 3171
f 1562 1612 1614 1561
f 117 133 134 118
f 2113 2181 2182 2114
f 76 93 92 75
f 82 99 100 83
f 1297 1353 1354 1299
f 180 200 201 181
f 2468 2541 2542 2469
f 226 245 246 227
f 29 39 40 30
f 3768 3787 3788 3769
f 179 197 199 178
f 222 241 242 223
f 2017 2020 2019 2018
f 2090 2153 2154 2091
f 2356 2357 2359 2281
f 538 581 582 539
f 307 323 324 308
f 85 102 103 86
f 1652 1700 1701 1653
f 253 255 254 237
f 126 142 144 125
f 303 317 319 302
f 2148 2214 2213 2147
f 3738 3758 3759 3740
f 331 333 332 318
f 3856 3875 3876 3857
f 172 190 191 173
f 127 145 146 128
f 985 1051 1052 986
f 192 212 213 193
f 2299 2384 2385 2300
f 323 339 340 324
f 3792 3812 3811 3791
f 3726 3748 3749 3727
f 163 181 182 164
f 2467 2540 2541 2468
f 119 135 136 120
f 3657 3680 3681 3658
f 3462 3486 3487 3463
f 403 417 418 404
f 1149 1211 1212 1150
f 79 96 97 80
f 125 144 145 127
f 1778 1830 1831 1779
f 136 154 155 137
f 2297 2383 2384 2299
f 133 151 152 134
f 745 804 805 746
f 141 143 142 126
f 1146 1208 1209 1147
f 95 112 113 96
f 2156 2222 2223 2157
f 1090 1154 1155 1091
f 493 530 531 494
f 149 168 169 150
f 135 153 154 136
f 106 123 124 108
f 2195 2268 2269 2196
f 2130 2196 2197 2131
f 336 350 351 337
f 159 161 160 143
f 497 534 535 498
f 421 448 449 422
f 2098 2163 2164 2099
f 898 899 902 901
f 2235 2305 2306 2236
f 228 247 248 229
f 2228 2229 2231 2230
f 983 1049 1050 984
f 419 446 447 420
f 189 209 210 190
f 87 104 105 89
f 173 191 192 174
f 2545 2622 2623 2546
f 204 225 226 205
f 168 186 187 169
f 1932 1934 1933 1877
f 3680 3702 3703 3681
f 160 178 180 162
f 2219 2291 2292 2220
f 219 238 239 220
f 212 233 234 213
f 128 146 147 129
f 500 537 538 501
f 661 711 712 662
f 213 234 235 214
f 220 239 240 221
f 98 115 116 99
f 190 210 211 191
f 191 211 212 192
f 264 282 283 265
f 1442 1495 1496 1443
f 739 798 799 740
f 221 240 241 222
f 2945 3018 3017 2944
f 605 606 608 607
f 611 614 613 612
f 210 231 232 211
f 187 207 208 188
f 2122 2190 2191 2123
f 203 224 225 204
f 182 202 203 183
f 183 203 204 184
f 2276 2351 2352 2277
f 186 206 207 187
f 821 878 880 823
f 157 176 177 158
f 1481 1535 1536 1482
f 205 226 227 206
f 150 169 170 151
f 260 278 279 261
f 2220 2292 2293 2221
f 197 219 220 199
f 2313 2398 2399 2314
f 271 287 289 273
f 278 294 295 279
f 287 304 305 289
f 3481 3507 3508 3482
f 3538 3563 3564 3539
f 837 894 895 838
f 3656 3679 3680 3657
f 279 295 296 280
f 3261 3292 3293 3262
f 2291 2369 2370 2292
f 239 258 259 240
f 328 344 345 329
f 418 445 446 419
f 2339 2341 2340 2267
f 231 250 251 232
f 2481 2562 2563 2482
f 2196 2269 2270 2197
f 970 971 973 972
f 733 792 793 734
f 2281 2359 2360 2280
f 2154 2220 2221 2155
f 275 291 292 276
f 2315 2318 2317 2316
f 2138 2204 2205 2139
f 240 259 260 241
f 770 828 829 771
f 589 648 649 590
f 309 325 326 310
f 232 251 252 233
f 1264 1320 1321 1265
f 482 483 485 484
f 627 680 681 628
f 225 244 245 226
f 207 228 229 208
f 267 285 286 268
f 254 273 274 256
f 236 256 257 238
f 2236 2306 2307 2237
f 3628 3653 3654 3629
f 603 660 661 604
f 2289 2367 2368 2290
f 1977 2039 2040 1978
f 2316 2317 2320 2319
f 263 281 282 264
f 1362 1415 1416 1363
f 731 790 791 732
f 365 380 381 366
f 2953 3026 3027 2954
f 405 419 420 406
f 270 272 271 255
f 255 271 273 254
f 3114 3182 3183 3115
f 1570 1622 1623 1571
f 707 765 766 708
f 2929 3004 3005 2930
f 223 242 243 224
f 374 387 389 376
f 648 702 703 649
f 3171 3214 3215 3172
f 1101 1166 1165 1100
f 381 394 395 382
f 1521 1522 1524 1471
f 259 277 278 260
f 302 319 320 304
f 167 185 186 168
f 2252 2328 2329 2253
f 3755 3774 3775 3756
f 389 403 404 390
f 2355 2358 2357 2356
f 301 303 302 288
f 39 50 51 40
f 296 312 313 297
f 3955 3960 3959 3954
f 1077 1142 1143 1079
f 2001 2065 2066 2002
f 729 787 788 728
f 261 279 280 262
f 366 381 382 367
f 3050 3119 3120 3051
f 288 302 304 287
f 138 156 157 139
f 1050 1114 1115 1051
f 326 342 343 327
f 3102 3169 3170 3103
f 272 288 287 271
f 1946 2003 2004 1947
f 1005 1071 1072 1006
f 2621 2696 2697 2622
f 356 371 372 357
f 810 867 868 811
f 2275 2350 2351 2276
f 1886 1943 1944 1887
f 2226 2299 2300 2229
f 453 493 494 454
f 909 978 979 910
f 439 457 459 458
f 130 148 149 131
f 686 744 745 687
f 2298 2382 2383 2297
f 200 221 222 201
f 2022 2082 2083 2024
f 613 665 667 616
f 1017 1084 1085 1018
f 1833 1889 1890 1834
f 557 599 600 558
f 446 474 475 447
f 2380 2381 2382 2298
f 573 628 629 574
f 501 538 539 503
f 3273 3303 3304 3274
f 373 375 374 361
f 1897 1955 1956 1898
f 1564 1616 1617 1565
f 392 406 407 393
f 1076 1078 1077 1012
f 1758 1808 1809 1759
f 956 1023 1024 957
f 3889 3899 3900 3890
f 3202 3236 3238 3203
f 3025 3096 3097 3026
f 811 868 869 812
f 387 402 403 389
f 2802 2884 2885 2803
f 291 307 308 292
f 318 332 334 317
f 455 495 496 456
f 472 511 512 473
f 383 396 397 384
f 3345 3366 3367 3346
f 162 180 181 163
f 349 364 365 350
f 294 310 311 295
f 3033 3104 3105 3034
f 3266 3296 3298 3268
f 1124 1189 1190 1125
f 49 63 64 50
f 2049 2050 2052 1989
f 599 656 657 600
f 551 552 554 516
f 479 515 517 478
f 376 389 390 377
f 843 911 912 844
f 461 499 500 463
f 519 558 559 520
f 341 355 356 342
f 3929 3937 3938 3930
f 364 379 380 365
f 360 376 377 362
f 504 506 505 468
f 2882 2961 2962 2883
f 527 570 571 528
f 2331 2414 2415 2332
f 3186 3227 3226 3185
f 1365 1420 1421 1367
f 607 608 610 609
f 2505 2583 2584 2506
f 325 341 342 326
f 340 354 355 341
f 2332 2415 2416 2333
f 3098 3165 3166 3099
f 1261 1317 1318 1262
f 146 165 166 147
f 583 638 640 639
f 154 173 174 155
f 3688 3710 3712 3690
f 1899 1957 1958 1900
f 355 370 371 356
f 348 363 364 349
f 3330 3333 3332 3331
f 621 674 675 622
f 1993 2057 2058 1994
f 623 676 677 624
f 1509 1562 1561 1508
f 639 640 642 641
f 526 569 570 527
f 915 984 985 916
f 2758 2847 2848 2759
f 3178 3219 3221 3180
f 1493 1547 1548 1494
f 217 236 238 219
f 1577 1630 1631 1578
f 533 576 577 534
f 2307 2392 2393 2308
f 428 429 431 430
f 445 473 474 446
f 696 698 697 645
f 1003 1069 1070 1004
f 414 441 440 413
f 431 453 454 433
f 677 735 736 678
f 995 1061 1062 996
f 367 382 383 368
f 339 353 354 340
f 430 431 433 432
f 415 442 443 416
f 2308 2393 2394 2309
f 1604 1657 1658 1605
f 685 743 744 686
f 1491 1545 1546 1492
f 407 421 422 408
f 2466 2539 2540 2467
f 440 469 470 442
f 671 730 731 673
f 1065 1127 1128 1066
f 429 452 453 431
f 518 557 558 519
f 375 388 387 374
f 416 443 444 417
f 1194 1251 1252 1195
f 979 1045 1046 980
f 2218 2290 2291 2219
f 2379 2455 2457 2378
f 558 600 601 559
f 629 682 683 630
f 170 188 189 171
f 561 562 564 563
f 2876 2955 2956 2877
f 408 422 423 409
f 1637 1685 1686 1638
f 813 815 814 756
f 679 737 738 680
f 525 566 568 524
f 1210 1266 1267 1211
f 388 400 402 387
f 3210 3245 3246 3211
f 114 130 131 115
f 1565 1617 1618 1566
f 2041 2100 2101 2042
f 2250 2326 2327 2251
f 485 520 522 521
f 404 418 419 405
f 1453 1506 1507 1454
f 1145 1207 1208 1146
f 2025 2084 2086 2027
f 719 776 777 718
f 395 409 410 396
f 2347 2428 2427 2349
f 1721 1722 1725 1724
f 2363 2440 2442 2365
f 396 410 411 397
f 743 802 803 744
f 781 838 839 782
f 379 392 393 380
f 494 531 532 495
f 412 414 413 401
f 2388 2465 2466 2389
f 1165 1225 1226 1167
f 499 536 537 500
f 1141 1203 1204 1142
f 517 556 557 518
f 751 810 811 752
f 478 517 518 481
f 3241 3270 3271 3242
f 3505 3530 3531 3506
f 243 262 263 244
f 771 829 830 772
f 789 846 847 790
f 929 998 999 930
f 509 546 547 510
f 454 494 495 455
f 495 532 533 496
f 640 692 693 642
f 2651 2725 2724 2650
f 1171 1230 1231 1172
f 829 886 887 830
f 2364 2441 2440 2363
f 994 1060 1061 995
f 940 1008 1007 939
f 1281 1335 1336 1282
f 528 571 572 529
f 1885 1942 1943 1886
f 1147 1209 1210 1148
f 602 659 660 603
f 520 559 560 522
f 1123 1188 1189 1124
f 2033 2092 2093 2034
f 201 222 223 202
f 469 508 509 470
f 1250 1304 1305 1251
f 591 650 651 592
f 3242 3271 3272 3243
f 1973 2035 2036 1974
f 815 871 873 814
f 413 440 442 415
f 2210 2282 2283 2211
f 765 823 824 766
f 823 880 881 824
f 618 619 621 567
f 1845 1898 1899 1846
f 444 472 473 445
f 2451 2526 2527 2453
f 632 685 686 633
f 498 535 536 499
f 1733 1784 1785 1734
f 483 519 520 485
f 2570 2645 2646 2571
f 3744 3763 3764 3745
f 1234 1288 1289 1235
f 3689 3711 3710 3688
f 2396 2473 2474 2397
f 730 789 790 731
f 1227 1281 1282 1228
f 917 986 987 918
f 871 941 942 873
f 443 471 472 444
f 662 712 713 663
f 1031 1032 1034 1033
f 420 447 448 421
f 505 542 544 507
f 941 1009 1010 942
f 1211 1267 1268 1212
f 911 980 981 912
f 1097 1161 1162 1099
f 2395 2472 2473 2396
f 575 630 631 576
f 2077 2137 2138 2078
f 919 988 989 920
f 266 284 285 267
f 3436 3461 3462 3437
f 567 621 622 566
f 560 602 603 562
f 1217 1272 1271 1216
f 1299 1354 1355 1300
f 1089 1153 1154 1090
f 3009 3080 3081 3010
f 566 622 623 568
f 624 677 678 625
f 654 705 704 655
f 701 759 760 702
f 2428 2504 2503 2427
f 1266 1322 1323 1267
f 831 888 889 832
f 1161 1219 1220 1162
f 354 369 370 355
f 2443 2518 2519 2444
f 535 578 579 536
f 2412 2488 2489 2413
f 1323 1378 1379 1324
f 1291 1345 1346 1292
f 973 1040 1041 975
f 687 745 746 688
f 597 654 655 598
f 1258 1314 1315 1259
f 471 510 511 472
f 616 667 669 668
f 899 966 968 902
f 1259 1315 1316 1260
f 282 298 299 283
f 1537 1590 1591 1538
f 581 636 637 582
f 1870 1929 1930 1871
f 600 657 658 601
f 2253 2329 2330 2254
f 552 594 596 554
f 693 751 752 695
f 1545 1598 1599 1546
f 2427 2503 2505 2429
f 628 681 682 629
f 488 526 527 490
f 630 683 684 631
f 377 390 391 378
f 352 367 368 353
f 3044 3114 3115 3045
f 2213 2285 2287 2215
f 925 994 995 926
f 1039 1103 1104 1040
f 645 697 699 644
f 622 675 676 623
f 556 598 599 557
f 1801 1853 1852 1800
f 467 507 508 469
f 2149 2215 2216 2150
f 2123 2191 2192 2124
f 1037 1100 1102 1038
f 2097 2160 2162 2096
f 2081 2143 2145 2080
f 1260 1316 1317 1261
f 776 833 834 777
f 2290 2368 2369 2291
f 1338 1393 1394 1339
f 2045 2104 2105 2046
f 1081 1145 1146 1082
f 1247 1301 1302 1248
f 845 913 914 846
f 606 662 663 608
f 468 505 507 467
f 3386 3405 3407 3385
f 2979 3050 3051 2980
f 1741 1792 1793 1742
f 1093 1157 1159 1095
f 1063 1125 1126 1064
f 451 490 491 450
f 534 577 578 535
f 727 729 728 672
f 664 714 716 715
f 1506 1559 1560 1507
f 17 28 29 19
f 306 322 323 307
f 1071 1133 1134 1072
f 669 722 724 723
f 663 713 714 664
f 1443 1496 1497 1444
f 1474 1528 1529 1475
f 322 338 339 323
f 1625 1627 1626 1575
f 717 719 718 666
f 406 420 421 407
f 2587 2589 2588 2510
f 2764 2853 2854 2765
f 1435 1488 1490 1437
f 1053 1117 1118 1054
f 1007 1073 1075 1009
f 637 690 691 638
f 102 119 120 103
f 759 819 820 760
f 3633 3658 3659 3634
f 2035 2094 2095 2036
f 1419 1470 1472 1418
f 1119 1184 1185 1120
f 814 873 874 816
f 2242 2312 2313 2243
f 1346 1401 1402 1347
f 768 826 827 769
f 1762 1814 1815 1763
f 2469 2542 2543 2470
f 1127 1192 1193 1128
f 532 575 576 533
f 1777 1829 1830 1778
f 25 35 34 24
f 712 770 771 713
f 2421 2497 2499 2423
f 2089 2152 2153 2090
f 809 866 867 810
f 218 237 236 217
f 3027 3098 3099 3028
f 97 114 115 98
f 3282 3311 3312 3283
f 1914 1972 1973 1916
f 2317 2403 2404 2320
f 2057 2116 2117 2058
f 1167 1226 1227 1168
f 507 544 545 508
f 2731 2818 2820 2733
f 951 1018 1019 952
f 928 997 998 929
f 2114 2182 2183 2115
f 1515 1568 1569 1516
f 3549 3574 3575 3550
f 1617 1664 1665 1618
f 523 525 524 489
f 2483 2564 2565 2484
f 516 554 555 515
f 2484 2565 2566 2485
f 901 902 904 903
f 1223 1277 1278 1224
f 1320 1375 1376 1321
f 491 528 529 492
f 870 872 871 815
f 735 794 795 736
f 477 478 481 480
f 3049 3118 3117 3048
f 749 808 809 750
f 2689 2762 2763 2690
f 783 786 785 784
f 736 795 796 737
f 2058 2117 2118 2059
f 2565 2640 2641 2566
f 1221 1276 1277 1223
f 1143 1205 1206 1144
f 741 800 801 742
f 695 752 754 753
f 728 788 789 730
f 3667 3689 3688 3666
f 2789 2790 2792 2791
f 1229 1283 1284 1230
f 3073 3141 3142 3074
f 242 261 262 243
f 704 762 764 706
f 1563 1615 1616 1564
f 1690 1743 1744 1691
f 585 586 588 543
f 1303 1358 1359 1304
f 515 555 556 517
f 750 809 810 751
f 2258 2334 2335 2259
f 3338 3358 3359 3339
f 2993 3064 3065 2994
f 277 293 294 278
f 1173 1232 1233 1174
f 801 858 859 802
f 555 597 598 556
f 958 1025 1026 959
f 572 627 628 573
f 2548 2625 2626 2549
f 2418 2494 2495 2419
f 1579 1632 1633 1580
f 2121 2189 2190 2122
f 1335 1390 1391 1336
f 539 582 583 541
f 2499 2577 2578 2500
f 3017 3088 3090 3019
f 832 889 890 833
f 2386 2463 2464 2387
f 283 299 300 284
f 1301 1356 1357 1302
f 99 116 117 100
f 935 1004 1005 936
f 790 847 848 791
f 3545 3570 3571 3546
f 3490 3516 3517 3491
f 2725 2812 2811 2724
f 742 801 802 743
f 1137 1200 1202 1140
f 564 604 606 605
f 920 989 990 921
f 2530 2607 2608 2531
f 2693 2766 2767 2694
f 249 268 269 250
f 844 912 913 845
f 121 137 138 122
f 886 952 953 887
f 807 864 865 808
f 2532 2609 2610 2533
f 1452 1505 1506 1453
f 2325 2408 2409 2326
f 1177 1236 1237 1178
f 1359 1412 1413 1360
f 805 862 863 806
f 2571 2646 2647 2572
f 2698 2771 2772 2699
f 229 248 249 230
f 797 854 855 798
f 980 1046 1047 981
f 2877 2956 2957 2878
f 1675 1728 1729 1676
f 2282 2361 2362 2283
f 1397 1450 1451 1398
f 2402 2478 2477 2401
f 773 831 832 775
f 2539 2616 2617 2540
f 799 856 857 800
f 816 874 875 817
f 3026 3097 3098 3027
f 1723 1773 1775 1722
f 1265 1321 1322 1266
f 1569 1621 1622 1570
f 709 767 768 710
f 2561 2636 2637 2562
f 2274 2349 2350 2275
f 800 857 858 801
f 3827 3846 3847 3828
f 1707 1760 1762 1709
f 1317 1372 1373 1318
f 1311 1367 1368 1313
f 643 645 644 587
f 950 1017 1018 951
f 927 996 997 928
f 3354 3376 3377 3355
f 2858 2938 2939 2859
f 1715 1768 1769 1716
f 2129 2195 2196 2130
f 1423 1476 1477 1424
f 2997 3068 3069 2998
f 2564 2639 2640 2565
f 855 923 924 856
f 3162 3205 3206 3163
f 604 661 662 606
f 2523 2600 2601 2524
f 3346 3367 3368 3347
f 2628 2705 2706 2630
f 2885 2964 2965 2886
f 1461 1513 1514 1462
f 1431 1484 1485 1432
f 579 634 635 580
f 854 922 923 855
f 2266 2342 2343 2268
f 1232 1286 1287 1233
f 864 932 933 865
f 3245 3274 3275 3246
f 273 289 290 274
f 1561 1614 1615 1563
f 2065 2124 2125 2066
f 846 914 915 847
f 3213 3248 3249 3214
f 916 985 986 917
f 1501 1555 1554 1502
f 1330 1385 1386 1331
f 2572 2647 2648 2573
f 1915 1916 1918 1917
f 1511 1564 1565 1512
f 2547 2624 2625 2548
f 1527 1580 1581 1528
f 1573 1575 1574 1523
f 989 1055 1056 990
f 1322 1377 1378 1323
f 1575 1626 1628 1574
f 880 946 947 881
f 3603 3627 3626 3602
f 45 59 61 47
f 1525 1578 1579 1526
f 1479 1533 1534 1480
f 346 362 363 348
f 1294 1348 1349 1295
f 588 647 648 589
f 872 939 941 871
f 2922 2997 2998 2923
f 1835 1891 1892 1836
f 633 686 687 634
f 1439 1492 1493 1440
f 893 959 960 894
f 2627 2629 2628 2553
f 887 953 954 888
f 856 924 925 857
f 508 545 546 509
f 3397 3420 3421 3398
f 1477 1531 1532 1478
f 3105 3172 3173 3106
f 861 929 930 862
f 910 979 980 911
f 1132 1197 1198 1133
f 840 842 841 786
f 1631 1679 1680 1632
f 1613 1660 1659 1612
f 981 1047 1048 982
f 2203 2276 2277 2204
f 3625 3648 3650 3649
f 3325 3343 3345 3324
f 569 624 625 570
f 644 699 700 646
f 587 644 646 586
f 974 975 976 908
f 3185 3226 3228 3187
f 2660 2734 2735 2661
f 755 816 817 757
f 3173 3216 3217 3174
f 1645 1693 1694 1646
f 380 393 394 381
f 635 688 689 636
f 894 960 961 895
f 274 290 291 275
f 1599 1652 1653 1600
f 1125 1190 1191 1126
f 775 832 833 776
f 631 684 685 632
f 822 879 878 821
f 3561 3586 3587 3562
f 3468 3492 3493 3469
f 1669 1717 1718 1670
f 619 673 674 621
f 3041 3111 3113 3043
f 1136 1137 1140 1139
f 1106 1171 1172 1107
f 2329 2412 2413 2330
f 1677 1730 1731 1678
f 1639 1687 1688 1640
f 965 1028 1027 964
f 2603 2678 2679 2604
f 1079 1143 1144 1080
f 3458 3482 3483 3459
f 118 134 135 119
f 698 756 755 697
f 2145 2211 2212 2146
f 1687 1740 1741 1688
f 957 1024 1025 958
f 2595 2669 2671 2596
f 968 1037 1038 969
f 3420 3446 3447 3421
f 1197 1254 1255 1198
f 1621 1668 1669 1622
f 716 773 775 774
f 933 1002 1003 934
f 3682 3704 3705 3683
f 2394 2471 2472 2395
f 952 1019 1020 953
f 3578 3602 3604 3580
f 2836 2916 2917 2837
f 2225 2226 2229 2228
f 905 908 907 906
f 298 314 315 299
f 1064 1126 1127 1065
f 975 1041 1042 976
f 3161 3204 3205 3162
f 684 742 743 685
f 690 748 749 691
f 675 733 734 676
f 1110 1175 1176 1111
f 948 1015 1016 949
f 3426 3429 3428 3427
f 178 199 200 180
f 1995 2059 2060 1996
f 129 147 148 130
f 1783 1835 1836 1784
f 2217 2289 2290 2218
f 1410 1462 1463 1411
f 1135 1138 1137 1136
f 2652 2726 2727 2653
f 825 882 883 826
f 1765 1817 1818 1766
f 998 1064 1065 999
f 2644 2720 2721 2645
f 3725 3747 3748 3726
f 1773 1826 1827 1775
f 1117 1182 1183 1118
f 982 1048 1049 983
f 2306 2391 2392 2307
f 1224 1278 1279 1225
f 333 347 346 332
f 3637 3662 3663 3638
f 1989 2052 2053 1988
f 1831 1887 1888 1832
f 1021 1088 1089 1022
f 1102 1167 1168 1103
f 700 758 759 701
f 3394 3417 3418 3395
f 3035 3106 3107 3036
f 1049 1113 1114 1050
f 1789 1841 1842 1790
f 1919 1921 1920 1863
f 2037 2096 2098 2039
f 1354 1407 1408 1355
f 3177 3179 3178 3112
f 2107 2109 2108 2051
f 1863 1920 1922 1862
f 1013 1080 1081 1014
f 537 580 581 538
f 676 734 735 677
f 1032 1096 1097 1034
f 202 223 224 203
f 2059 2118 2119 2060
f 1129 1194 1195 1130
f 1665 1713 1714 1666
f 1109 1174 1175 1110
f 2643 2719 2720 2644
f 1012 1077 1079 1011
f 1055 1119 1120 1056
f 1024 1091 1092 1025
f 1749 1801 1800 1751
f 2593 2670 2669 2595
f 2073 2133 2134 2074
f 1047 1111 1112 1048
f 1000 1066 1067 1001
f 338 352 353 339
f 3805 3825 3826 3806
f 1869 1928 1929 1870
f 1791 1843 1844 1792
f 699 757 758 700
f 2619 2694 2695 2620
f 1015 1082 1083 1016
f 3450 3475 3476 3451
f 949 1016 1017 950
f 2171 2243 2245 2244
f 1877 1933 1935 1876
f 2635 2711 2712 2636
f 3517 3542 3543 3518
f 2330 2413 2414 2331
f 2700 2773 2774 2701
f 435 455 456 437
f 617 620 619 618
f 683 741 742 684
f 2490 2571 2572 2491
f 1078 1141 1142 1077
f 732 791 792 733
f 3609 3633 3634 3610
f 427 451 450 426
f 3893 3903 3904 3894
f 1011 1079 1080 1013
f 1927 1982 1983 1928
f 691 749 750 692
f 1062 1124 1125 1063
f 3065 3133 3134 3066
f 2684 2757 2758 2685
f 3530 3555 3556 3531
f 14 25 24 13
f 2021 2022 2024 2023
f 1585 1638 1639 1586
f 1085 1149 1150 1086
f 1038 1102 1103 1039
f 1239 1293 1294 1240
f 3901 3910 3911 3902
f 522 560 562 561
f 1965 2027 2028 1966
f 1959 2013 2014 1960
f 1061 1123 1124 1062
f 2707 2797 2798 2708
f 996 1062 1063 997
f 1104 1169 1170 1105
f 1035 1101 1100 1037
f 3789 3792 3791 3790
f 1933 1991 1992 1935
f 879 945 944 878
f 997 1063 1064 998
f 332 346 348 334
f 1133 1198 1199 1134
f 1999 2063 2064 2000
f 853 921 922 854
f 2675 2748 2749 2676
f 1111 1176 1177 1112
f 1096 1160 1161 1097
f 290 306 307 291
f 206 227 228 207
f 1901 1959 1960 1902
f 393 407 408 394
f 1779 1831 1832 1780
f 2585 2661 2662 2586
f 1103 1168 1169 1104
f 1208 1264 1265 1209
f 1368 1422 1423 1369
f 1231 1285 1286 1232
f 3442 3467 3468 3443
f 1029 1030 1032 1031
f 2243 2313 2314 2245
f 3193 3234 3235 3194
f 1394 1447 1448 1395
f 1278 1332 1333 1279
f 426 450 452 429
f 2378 2457 2458 2381
f 2732 2819 2818 2731
f 394 408 409 395
f 238 257 258 239
f 2233 2303 2304 2234
f 1188 1245 1246 1189
f 1315 1370 1371 1316
f 1222 1223 1224 1166
f 764 821 823 765
f 3434 3459 3460 3435
f 1389 1442 1443 1390
f 334 348 349 335
f 2013 2076 2077 2014
f 2071 2131 2132 2072
f 1107 1172 1173 1108
f 1150 1212 1213 1151
f 553 595 594 552
f 310 326 327 311
f 2079 2139 2141 2140
f 1237 1291 1292 1238
f 1142 1204 1205 1143
f 2370 2447 2448 2371
f 3944 3949 3951 3946
f 778 835 836 779
f 246 265 266 247
f 2085 2148 2147 2084
f 1593 1646 1647 1594
f 2241 2311 2312 2242
f 1483 1537 1538 1484
f 2716 2806 2807 2717
f 145 164 165 146
f 2285 2363 2365 2287
f 2111 2179 2180 2112
f 787 844 845 788
f 1262 1318 1319 1263
f 1567 1619 1620 1568
f 1176 1235 1236 1177
f 834 891 892 835
f 2371 2448 2449 2372
f 2173 2174 2176 2109
f 2135 2201 2202 2136
f 2161 2232 2233 2160
f 3053 3122 3123 3054
f 1168 1227 1228 1169
f 470 509 510 471
f 2193 2266 2268 2195
f 2207 2209 2208 2144
f 1469 1471 1470 1419
f 748 807 808 749
f 1144 1206 1207 1145
f 1627 1673 1675 1626
f 2387 2464 2465 2388
f 2061 2120 2121 2062
f 3169 3212 3213 3170
f 530 573 574 531
f 1386 1439 1440 1387
f 1191 1248 1249 1192
f 1080 1144 1145 1081
f 946 1013 1014 947
f 2403 2479 2480 2404
f 2181 2255 2256 2182
f 2087 2150 2151 2088
f 1213 1269 1270 1214
f 2779 2780 2782 2781
f 1175 1234 1235 1176
f 936 1005 1006 937
f 1755 1805 1806 1756
f 1116 1181 1182 1117
f 2209 2281 2280 2208
f 1205 1261 1262 1206
f 1378 1432 1433 1379
f 1151 1213 1214 1152
f 656 706 707 657
f 882 948 949 883
f 542 589 590 544
f 666 718 720 665
f 2538 2615 2616 2539
f 1181 1240 1241 1182
f 1862 1922 1923 1864
f 2691 2764 2765 2692
f 1395 1448 1449 1396
f 104 121 122 105
f 2435 2510 2509 2434
f 2221 2293 2294 2222
f 3001 3072 3073 3002
f 1169 1228 1229 1170
f 1246 1300 1301 1247
f 1087 1151 1152 1088
f 2823 2905 2906 2825
f 434 435 437 436
f 614 666 665 613
f 2237 2307 2308 2238
f 2287 2365 2366 2288
f 796 853 854 797
f 3746 3765 3766 3747
f 481 518 519 483
f 642 693 695 694
f 2311 2396 2397 2312
f 827 884 885 828
f 1238 1292 1293 1239
f 3081 3149 3150 3082
f 343 357 358 344
f 598 655 656 599
f 1289 1343 1344 1290
f 634 687 688 635
f 2327 2410 2411 2328
f 378 391 392 379
f 1190 1247 1248 1191
f 1383 1435 1437 1384
f 3348 3369 3370 3349
f 2459 2532 2533 2460
f 134 152 153 135
f 2197 2270 2271 2198
f 1657 1705 1706 1658
f 1413 1465 1466 1414
f 1118 1183 1184 1119
f 966 1035 1037 968
f 793 850 851 794
f 110 126 125 109
f 578 633 634 579
f 2239 2309 2310 2240
f 803 860 861 804
f 1417 1419 1418 1366
f 2474 2547 2548 2475
f 3028 3099 3100 3029
f 1971 2033 2034 1972
f 2579 2655 2656 2580
f 1019 1086 1087 1020
f 2383 2460 2461 2384
f 1360 1413 1414 1361
f 1279 1333 1334 1280
f 2683 2756 2757 2684
f 830 887 888 831
f 1121 1186 1188 1123
f 2391 2468 2469 2392
f 1285 1339 1340 1286
f 1422 1475 1476 1423
f 1271 1327 1326 1273
f 3849 3851 3850 3832
f 3642 3666 3668 3644
f 2555 2631 2632 2557
f 2357 2436 2437 2359
f 897 900 899 898
f 1375 1429 1430 1376
f 1318 1373 1374 1319
f 2892 2894 2893 2812
f 2611 2686 2687 2612
f 2563 2638 2639 2564
f 2381 2458 2459 2382
f 2431 2507 2508 2432
f 1277 1331 1332 1278
f 1302 1357 1358 1303
f 2410 2486 2487 2411
f 3737 3757 3758 3738
f 1418 1472 1473 1420
f 838 895 896 839
f 2389 2466 2467 2390
f 2463 2536 2537 2464
f 1357 1410 1411 1358
f 3019 3090 3091 3020
f 852 920 921 853
f 1496 1550 1551 1497
f 2747 2836 2837 2748
f 774 775 776 719
f 625 678 679 626
f 1907 1965 1966 1908
f 828 885 886 829
f 2947 3020 3021 2948
f 1046 1110 1111 1047
f 2333 2416 2417 2334
f 2471 2544 2545 2472
f 1405 1457 1456 1404
f 1426 1479 1480 1427
f 1551 1604 1605 1552
f 1336 1391 1392 1337
f 2883 2962 2963 2884
f 2715 2805 2806 2716
f 1482 1536 1537 1483
f 2739 2830 2831 2740
f 1341 1396 1397 1342
f 836 893 894 837
f 1328 1383 1384 1329
f 902 968 969 904
f 1126 1191 1192 1127
f 2437 2512 2513 2438
f 3233 3264 3265 3234
f 851 919 920 852
f 2771 2860 2861 2772
f 1351 1404 1406 1353
f 1304 1359 1360 1305
f 1939 1996 1997 1940
f 1896 1954 1955 1897
f 2321 2322 2323 2248
f 402 416 417 403
f 2442 2517 2518 2443
f 3514 3539 3540 3515
f 3219 3251 3253 3221
f 1206 1262 1263 1207
f 577 632 633 578
f 2407 2483 2484 2408
f 1709 1762 1763 1710
f 2681 2754 2755 2682
f 1319 1374 1375 1320
f 1408 1460 1461 1409
f 2142 2144 2143 2081
f 1166 1224 1225 1165
f 2477 2559 2560 2479
f 3257 3289 3290 3259
f 835 892 893 836
f 1558 1609 1610 1559
f 2434 2509 2511 2436
f 2828 2908 2909 2829
f 3395 3418 3419 3396
f 1381 1436 1435 1383
f 2511 2591 2592 2512
f 2755 2844 2845 2756
f 892 958 959 893
f 2820 2902 2903 2821
f 2998 3069 3070 2999
f 1014 1081 1082 1015
f 2509 2590 2591 2511
f 2543 2620 2621 2544
f 1373 1427 1428 1374
f 1390 1443 1444 1391
f 3097 3164 3165 3098
f 1333 1388 1389 1334
f 2517 2593 2595 2518
f 718 777 778 720
f 2575 2652 2653 2577
f 1253 1307 1308 1254
f 1374 1428 1429 1375
f 1543 1596 1595 1542
f 1400 1453 1454 1401
f 1826 1882 1883 1827
f 2980 3051 3052 2981
f 1257 1311 1313 1256
f 2599 2674 2675 2600
f 891 957 958 892
f 1832 1888 1889 1833
f 868 936 937 869
f 1384 1437 1438 1385
f 3507 3532 3533 3508
f 2607 2682 2683 2608
f 2453 2527 2528 2456
f 2137 2203 2204 2138
f 1450 1503 1504 1451
f 1415 1467 1468 1416
f 1480 1534 1535 1481
f 3347 3368 3369 3348
f 2859 2939 2940 2860
f 2249 2325 2326 2250
f 2706 2796 2797 2707
f 506 543 542 505
f 2811 2895 2896 2813
f 1407 1459 1460 1408
f 3506 3531 3532 3507
f 1785 1837 1838 1786
f 2851 2931 2932 2852
f 2597 2672 2673 2598
f 3313 3328 3329 3314
f 1549 1602 1603 1550
f 3598 3622 3623 3599
f 2868 2948 2949 2870
f 2835 2915 2916 2836
f 265 283 284 266
f 2679 2752 2753 2680
f 1445 1498 1499 1446
f 1550 1603 1604 1551
f 900 967 966 899
f 1881 1938 1939 1882
f 3486 3512 3513 3487
f 1494 1548 1549 1495
f 1792 1844 1845 1793
f 2186 2260 2261 2187
f 1535 1588 1589 1536
f 2795 2877 2878 2796
f 2852 2932 2933 2853
f 3758 3777 3778 3759
f 1438 1491 1492 1439
f 2629 2703 2705 2628
f 2687 2760 2761 2688
f 1437 1490 1491 1438
f 2803 2885 2886 2804
f 2458 2531 2532 2459
f 1464 1516 1517 1465
f 2162 2234 2235 2163
f 1326 1381 1383 1328
f 2637 2713 2714 2638
f 2762 2851 2852 2763
f 1429 1482 1483 1430
f 1446 1499 1500 1447
f 103 120 121 104
f 1456 1508 1510 1458
f 2915 2990 2991 2916
f 437 456 457 439
f 2703 2794 2795 2705
f 1533 1586 1587 1534
f 1542 1595 1597 1544
f 1463 1515 1516 1464
f 1432 1485 1486 1433
f 2178 2252 2253 2179
f 1630 1678 1679 1631
f 442 470 471 443
f 1466 1518 1519 1467
f 2450 2525 2526 2451
f 1376 1430 1431 1377
f 3707 3729 3730 3708
f 3011 3082 3083 3012
f 923 992 993 924
f 2727 2814 2815 2728
f 2843 2923 2924 2844
f 2815 2898 2899 2816
f 2908 2985 2986 2909
f 3155 3198 3200 3157
f 3003 3074 3075 3004
f 2677 2750 2751 2678
f 2735 2822 2823 2736
f 466 468 467 441
f 1458 1510 1511 1459
f 1701 1754 1755 1702
f 1201 1257 1256 1200
f 681 739 740 682
f 3281 3310 3309 3280
f 907 977 978 909
f 1854 1907 1908 1855
f 972 973 975 974
f 2441 2516 2515 2440
f 1138 1201 1200 1137
f 2995 3066 3067 2996
f 1603 1656 1657 1604
f 2695 2768 2769 2696
f 1517 1570 1571 1518
f 2827 2907 2908 2828
f 1503 1556 1557 1504
f 3586 3610 3611 3587
f 1649 1697 1696 1648
f 1702 1755 1756 1703
f 2733 2820 2821 2734
f 2738 2828 2829 2737
f 1495 1549 1550 1496
f 1518 1571 1572 1519
f 1528 1581 1582 1529
f 2322 2405 2406 2323
f 1590 1643 1644 1591
f 1193 1250 1251 1194
f 2658 2732 2731 2657
f 458 459 461 460
f 1510 1563 1564 1511
f 1447 1500 1501 1448
f 209 230 231 210
f 1727 1778 1779 1728
f 1485 1539 1540 1486
f 1486 1540 1541 1487
f 2765 2854 2855 2766
f 105 122 123 106
f 465 501 503 502
f 2773 2862 2863 2774
f 33 42 44 43
f 450 491 492 452
f 1430 1483 1484 1431
f 1391 1444 1445 1392
f 1512 1565 1566 1513
f 804 861 862 805
f 747 806 807 748
f 2805 2887 2888 2806
f 660 710 711 661
f 1263 1319 1320 1264
f 2875 2954 2955 2876
f 1584 1637 1638 1585
f 436 437 439 438
f 2030 2089 2090 2031
f 2813 2896 2897 2814
f 2919 2994 2995 2920
f 947 1014 1015 948
f 2633 2709 2710 2634
f 967 1036 1035 966
f 1640 1688 1689 1641
f 2562 2637 2638 2563
f 3107 3174 3175 3108
f 786 841 843 785
f 3090 3157 3158 3091
f 939 1007 1009 941
f 1686 1739 1740 1687
f 2642 2718 2719 2643
f 1576 1629 1630 1577
f 2618 2693 2694 2619
f 2847 2927 2928 2848
f 2749 2838 2839 2750
f 1693 1746 1747 1694
f 1546 1599 1600 1547
f 1252 1306 1307 1253
f 2932 3007 3008 2933
f 1108 1173 1174 1109
f 3099 3166 3167 3100
f 2605 2680 2681 2606
f 2959 3032 3033 2960
f 2153 2219 2220 2154
f 2991 3062 3063 2992
f 1582 1635 1636 1583
f 1100 1165 1167 1102
f 1784 1836 1837 1785
f 1207 1263 1264 1208
f 2054 2113 2114 2055
f 986 1052 1053 987
f 2999 3070 3071 3000
f 1589 1642 1643 1590
f 1574 1628 1629 1576
f 1711 1764 1765 1712
f 2254 2330 2331 2255
f 2925 3000 3001 2926
f 1950 1952 1951 1895
f 1876 1935 1936 1879
f 1581 1634 1635 1582
f 1678 1731 1732 1679
f 2247 2324 2325 2249
f 2916 2991 2992 2917
f 1396 1449 1450 1397
f 3211 3246 3247 3212
f 2957 3030 3031 2958
f 457 497 498 459
f 1685 1738 1739 1686
f 1498 1552 1553 1499
f 3337 3357 3358 3338
f 2924 2999 3000 2925
f 1476 1530 1531 1477
f 2310 2395 2396 2311
f 2965 3038 3039 2966
f 3031 3102 3103 3032
f 490 527 528 491
f 2923 2998 2999 2924
f 452 492 493 453
f 1600 1653 1654 1601
f 2729 2816 2817 2730
f 1225 1279 1280 1226
f 3878 3893 3894 3879
f 987 1053 1054 988
f 1490 1544 1545 1491
f 1004 1070 1071 1005
f 1568 1620 1621 1569
f 1268 1324 1325 1269
f 3071 3139 3140 3072
f 2893 2970 2972 2895
f 514 516 515 479
f 1846 1899 1900 1847
f 1703 1756 1757 1704
f 3546 3571 3572 3547
f 1044 1108 1109 1045
f 3331 3332 3334 3316
f 3021 3092 3093 3022
f 3079 3147 3148 3080
f 2301 2386 2387 2302
f 2907 2984 2985 2908
f 2964 3037 3038 2965
f 503 539 541 540
f 1737 1788 1789 1738
f 2422 2498 2497 2421
f 1708 1761 1760 1707
f 3029 3100 3101 3030
f 3007 3078 3079 3008
f 971 1039 1040 973
f 1654 1702 1703 1655
f 3201 3237 3236 3202
f 3713 3734 3735 3714
f 44 54 56 55
f 2398 2475 2476 2399
f 938 940 939 872
f 3353 3375 3376 3354
f 1661 1709 1710 1662
f 1646 1694 1695 1647
f 1887 1944 1945 1888
f 1776 1828 1829 1777
f 1844 1897 1898 1845
f 2334 2417 2418 2335
f 601 658 659 602
f 3183 3224 3225 3184
f 1653 1701 1702 1654
f 1622 1669 1670 1623
f 3635 3660 3661 3636
f 2948 3021 3022 2949
f 305 321 322 306
f 3077 3145 3146 3078
f 425 426 429 428
f 1629 1677 1678 1630
f 1514 1567 1568 1515
f 988 1054 1055 989
f 1680 1733 1734 1681
f 2060 2119 2120 2061
f 3231 3262 3263 3232
f 3085 3153 3154 3086
f 1557 1608 1609 1558
f 2955 3028 3029 2956
f 1679 1732 1733 1680
f 1720 1723 1722 1721
f 3018 3089 3088 3017
f 1894 1953 1954 1896
f 3093 3160 3161 3094
f 3247 3276 3277 3248
f 1421 1474 1475 1422
f 2866 2946 2947 2867
f 3037 3108 3109 3038
f 2566 2641 2642 2567
f 2185 2259 2260 2186
f 2665 2738 2737 2664
f 1655 1703 1704 1656
f 3562 3587 3588 3563
f 3002 3073 3074 3003
f 3427 3428 3431 3430
f 1659 1707 1709 1661
f 1673 1727 1728 1675
f 1821 1872 1873 1822
f 2939 3014 3015 2940
f 1615 1662 1663 1616
f 2972 3043 3044 2973
f 1644 1692 1693 1645
f 3475 3499 3500 3476
f 3181 3222 3223 3182
f 3191 3232 3233 3192
f 570 625 626 571
f 1830 1886 1887 1831
f 2498 2576 2575 2497
f 3554 3579 3578 3553
f 3258 3287 3289 3257
f 3078 3146 3147 3079
f 257 275 276 258
f 1725 1776 1777 1726
f 1028 1094 1093 1027
f 2368 2445 2446 2369
f 3443 3468 3469 3444
f 3459 3483 3484 3460
f 3221 3253 3254 3222
f 3335 3355 3356 3336
f 1307 1362 1363 1308
f 1734 1785 1786 1735
f 2710 2800 2801 2711
f 3274 3304 3305 3275
f 2988 3059 3061 2990
f 2638 2714 2715 2639
f 3269 3299 3300 3270
f 3343 3364 3366 3345
f 1813 1864 1865 1814
f 1961 2015 2016 1962
f 3121 3189 3190 3122
f 1744 1795 1796 1745
f 3378 3398 3399 3379
f 1775 1827 1828 1776
f 1710 1763 1764 1711
f 1027 1093 1095 1030
f 1879 1936 1937 1880
f 1736 1787 1788 1737
f 720 778 779 721
f 3483 3509 3510 3484
f 362 377 378 363
f 921 990 991 922
f 1067 1129 1130 1068
f 1530 1583 1584 1531
f 1823 1825 1824 1774
f 1712 1765 1766 1713
f 3075 3143 3144 3076
f 3523 3548 3549 3524
f 1241 1295 1296 1242
f 3391 3412 3414 3413
f 1805 1857 1858 1806
f 2963 3036 3037 2964
f 1767 1819 1820 1768
f 1656 1704 1705 1657
f 2636 2712 2713 2637
f 2854 2934 2935 2855
f 3189 3230 3231 3190
f 3415 3441 3442 3416
f 1051 1115 1116 1052
f 1522 1576 1577 1524
f 3466 3490 3491 3467
f 1504 1557 1558 1505
f 3611 3635 3636 3612
f 1819 1870 1871 1820
f 3423 3449 3450 3424
f 1043 1107 1108 1044
f 335 349 350 336
f 1751 1800 1802 1752
f 3666 3688 3690 3668
f 3369 3390 3391 3370
f 3912 3921 3922 3913
f 1797 1849 1850 1798
f 2971 3042 3041 2970
f 1871 1930 1931 1872
f 3340 3360 3361 3341
f 3451 3476 3477 3453
f 3587 3611 3612 3588
f 3373 3393 3392 3372
f 3351 3374 3375 3353
f 1781 1833 1834 1782
f 1409 1461 1462 1410
f 1233 1287 1288 1234
f 1798 1850 1851 1799
f 1620 1667 1668 1621
f 3188 3229 3230 3189
f 2934 3009 3010 2935
f 3429 3455 3454 3428
f 3385 3407 3408 3387
f 1757 1807 1808 1758
f 1790 1842 1843 1791
f 2522 2599 2600 2523
f 1342 1397 1398 1343
f 487 488 490 451
f 2822 2904 2905 2823
f 3437 3462 3463 3438
f 2938 3013 3014 2939
f 3954 3959 3961 3956
f 2404 2480 2481 2405
f 930 999 1000 931
f 3519 3544 3545 3520
f 546 592 593 547
f 1774 1824 1826 1773
f 1068 1130 1131 1069
f 1928 1983 1984 1929
f 3714 3735 3736 3715
f 3602 3626 3628 3604
f 1099 1162 1164 1163
f 3551 3576 3577 3552
f 1694 1747 1748 1695
f 2506 2584 2585 2507
f 3825 3844 3845 3826
f 1094 1158 1157 1093
f 3190 3231 3232 3191
f 3381 3401 3402 3382
f 3559 3584 3585 3560
f 2177 2251 2252 2178
f 2401 2477 2479 2403
f 2175 2247 2249 2174
f 1052 1116 1117 1053
f 1566 1618 1619 1567
f 3068 3136 3137 3069
f 1816 1867 1868 1817
f 3675 3697 3696 3674
f 978 1044 1045 979
f 1689 1742 1743 1690
f 1981 2043 2044 1982
f 1350 1352 1351 1298
f 1855 1908 1909 1856
f 3495 3521 3522 3496
f 1083 1147 1148 1084
f 1888 1945 1946 1889
f 1847 1900 1901 1848
f 3761 3780 3779 3760
f 2860 2940 2941 2861
f 543 588 589 542
f 1209 1265 1266 1210
f 3615 3639 3640 3616
f 2257 2333 2334 2258
f 710 768 769 711
f 1807 1859 1860 1808
f 545 591 592 546
f 3356 3378 3379 3357
f 3747 3766 3767 3748
f 2006 2069 2068 2005
f 1735 1786 1787 1736
f 1626 1675 1676 1628
f 2699 2772 2773 2700
f 2267 2340 2342 2266
f 3723 3745 3746 3724
f 1245 1299 1300 1246
f 3623 3646 3647 3624
f 1861 1914 1916 1915
f 324 340 341 325
f 1601 1654 1655 1602
f 3358 3380 3381 3359
f 3492 3518 3519 3493
f 1344 1399 1400 1345
f 3409 3436 3437 3410
f 1853 1906 1905 1852
f 3627 3652 3651 3626
f 2015 2078 2079 2016
f 2080 2145 2146 2082
f 3874 3889 3890 3875
f 3270 3300 3301 3271
f 3655 3678 3679 3656
f 91 106 108 107
f 3052 3121 3122 3053
f 313 329 330 314
f 297 313 314 298
f 80 97 98 81
f 2169 2241 2242 2170
f 1998 2062 2063 1999
f 2634 2710 2711 2635
f 1880 1937 1938 1881
f 75 92 94 77
f 3811 3831 3833 3813
f 2796 2878 2879 2797
f 3585 3609 3610 3586
f 562 603 604 564
f 1903 1961 1962 1904
f 1864 1923 1924 1865
f 3772 3795 3796 3773
f 3795 3815 3816 3796
f 3645 3669 3670 3646
f 3679 3701 3702 3680
f 1925 1980 1981 1926
f 3059 3127 3129 3061
f 1244 1298 1297 1243
f 1824 1881 1882 1826
f 3700 3722 3723 3701
f 3939 3944 3946 3941
f 3626 3651 3653 3628
f 2007 2070 2071 2008
f 3460 3484 3485 3461
f 3843 3863 3862 3842
f 3697 3719 3718 3696
f 3401 3424 3425 3402
f 554 596 597 555
f 1990 2054 2055 1991
f 2546 2623 2624 2547
f 3100 3167 3168 3101
f 1726 1777 1778 1727
f 171 189 190 172
f 3923 3933 3932 3925
f 2293 2371 2372 2294
f 3631 3656 3657 3632
f 3669 3691 3692 3670
f 1115 1180 1181 1116
f 3051 3120 3121 3052
f 1148 1210 1211 1149
f 3753 3772 3773 3754
f 155 174 175 156
f 3614 3638 3639 3615
f 3677 3699 3700 3678
f 193 213 214 194
f 1957 2011 2012 1958
f 3084 3152 3153 3085
f 1140 1202 1203 1141
f 794 851 852 795
f 3558 3583 3584 3559
f 3701 3723 3724 3702
f 3775 3798 3799 3776
f 1941 1998 1999 1942
f 2150 2216 2217 2151
f 1991 2055 2056 1992
f 1968 2030 2031 1969
f 1960 2014 2015 1961
f 363 378 379 364
f 1909 1967 1968 1910
f 849 917 918 850
f 3043 3113 3114 3044
f 2167 2239 2240 2168
f 2064 2123 2124 2065
f 347 360 362 346
f 3454 3478 3480 3456
f 3717 3738 3740 3739
f 3839 3859 3860 3840
f 1829 1885 1886 1830
f 1966 2028 2029 1967
f 1983 2045 2046 1984
f 3108 3175 3176 3109
f 317 334 335 319
f 3118 3186 3185 3117
f 1942 1999 2000 1943
f 1187 1244 1243 1186
f 1975 2037 2039 1977
f 3172 3215 3216 3173
f 69 84 85 70
f 4 8 7 3
f 1305 1360 1361 1306
f 3847 3867 3868 3848
f 2053 2112 2113 2054
f 1910 1968 1969 1911
f 1967 2029 2030 1968
f 1713 1766 1767 1714
f 3653 3676 3677 3654
f 2126 2128 2127 2069
f 316 318 317 303
f 258 276 277 259
f 2465 2538 2539 2466
f 3783 3806 3807 3784
f 1179 1238 1239 1180
f 3123 3191 3192 3124
f 1943 2000 2001 1944
f 3634 3659 3660 3635
f 531 574 575 532
f 132 150 151 133
f 3773 3796 3797 3774
f 3083 3151 3152 3084
f 2201 2274 2275 2202
f 2578 2654 2655 2579
f 2360 2438 2439 2361
f 757 817 818 758
f 100 117 118 101
f 169 187 188 170
f 3911 3920 3921 3912
f 2117 2185 2186 2118
f 1449 1502 1503 1450
f 3813 3833 3834 3814
f 86 103 104 87
f 3910 3919 3920 3911
f 3919 3928 3929 3920
f 674 732 733 675
f 2134 2200 2201 2135
f 1196 1253 1254 1197
f 3156 3199 3198 3155
f 571 626 627 572
f 3822 3843 3842 3824
f 3853 3872 3873 3854
f 3887 3897 3898 3888
f 2029 2088 2089 2030
f 1618 1665 1666 1619
f 1172 1231 1232 1173
f 2032 2091 2092 2033
f 885 951 952 886
f 2046 2105 2106 2047
f 2005 2068 2070 2007
f 8 13 15 7
f 2038 2097 2096 2037
f 2151 2217 2218 2152
f 2008 2071 2072 2009
f 1069 1131 1132 1070
f 3710 3731 3733 3712
f 42 53 54 44
f 3174 3217 3218 3175
f 2109 2176 2177 2108
f 2118 2186 2187 2119
f 1180 1239 1240 1181
f 3091 3158 3159 3092
f 1045 1109 1110 1046
f 2048 2051 2050 2049
f 594 653 652 596
f 48 62 63 49
f 3115 3183 3184 3116
f 2063 2122 2123 2064
f 1944 2001 2002 1945
f 659 709 710 660
f 196 198 197 179
f 3781 3804 3805 3782
f 56 69 70 58
f 1219 1274 1275 1220
f 1586 1639 1640 1587
f 2055 2114 2115 2056
f 459 498 499 461
f 3817 3837 3838 3818
f 111 127 128 112
f 3941 3946 3947 3942
f 16 27 28 17
f 586 646 647 588
f 2478 2558 2559 2477
f 2143 2210 2211 2145
f 3252 3280 3282 3251
f 53 67 68 54
f 1705 1758 1759 1706
f 1203 1259 1260 1204
f 2101 2166 2167 2102
f 3449 3474 3475 3450
f 2102 2167 2168 2103
f 2610 2685 2686 2611
f 3785 3808 3809 3786
f 3522 3547 3548 3523
f 292 308 309 293
f 2449 2524 2525 2450
f 3082 3150 3151 3083
f 2093 2156 2157 2094
f 2094 2157 2158 2095
f 1228 1282 1283 1229
f 3722 3744 3745 3723
f 1293 1347 1348 1294
f 199 220 221 200
f 1122 1187 1186 1121
f 2112 2180 2181 2113
f 2602 2677 2678 2603
f 795 852 853 796
f 276 292 293 277
f 30 40 41 31
f 865 933 934 866
f 2069 2127 2129 2068
f 2086 2149 2150 2087
f 2807 2889 2890 2808
f 2104 2169 2170 2105
f 883 949 950 884
f 244 263 264 245
f 702 760 761 703
f 1212 1268 1269 1213
f 2152 2218 2219 2153
f 2127 2193 2195 2129
f 955 1022 1023 956
f 2180 2254 2255 2181
f 62 77 78 63
f 626 679 680 627
f 2070 2130 2131 2071
f 2119 2187 2188 2120
f 2200 2273 2274 2201
f 1597 1650 1651 1598
f 247 266 267 248
f 2131 2197 2198 2132
f 2164 2236 2237 2165
f 2144 2208 2210 2143
f 931 1000 1001 932
f 176 194 195 177
f 2014 2077 2078 2015
f 779 836 837 780
f 3244 3273 3274 3245
f 175 193 194 176
f 665 720 721 667
f 184 204 205 185
f 1251 1305 1306 1252
f 3227 3258 3257 3226
f 2159 2161 2160 2097
f 3674 3696 3698 3676
f 1131 1196 1197 1132
f 63 78 79 64
f 2457 2530 2531 2458
f 3163 3206 3207 3164
f 2031 2090 2091 2032
f 2318 2401 2403 2317
f 2352 2431 2432 2353
f 1091 1155 1156 1092
f 3718 3742 3741 3720
f 1298 1351 1353 1297
f 152 171 172 153
f 2277 2352 2353 2278
f 2785 2788 2787 2786
f 1895 1951 1953 1894
f 3228 3259 3260 3229
f 682 740 741 683
f 3158 3201 3202 3159
f 2489 2570 2571 2490
f 3489 3515 3516 3490
f 1235 1289 1290 1236
f 2246 2248 2247 2175
f 1934 1990 1991 1933
f 1195 1252 1253 1196
f 166 184 185 167
f 248 267 268 249
f 1243 1297 1299 1245
f 2166 2238 2239 2167
f 3209 3244 3245 3210
f 2168 2240 2241 2169
f 723 724 726 725
f 3573 3597 3598 3574
f 174 192 193 175
f 256 274 275 257
f 2165 2237 2238 2166
f 2189 2263 2264 2190
f 2160 2233 2234 2162
f 559 601 602 560
f 390 404 405 391
f 1385 1438 1439 1386
f 2269 2344 2345 2270
f 2343 2424 2425 2344
f 2136 2202 2203 2137
f 667 721 722 669
f 476 479 478 477
f 2211 2283 2284 2212
f 873 942 943 874
f 658 708 709 659
f 1642 1690 1691 1643
f 3809 3829 3830 3810
f 198 217 219 197
f 2788 2871 2872 2787
f 1283 1337 1338 1284
f 2786 2787 2790 2789
f 3276 3306 3307 3277
f 1139 1140 1141 1078
f 524 568 569 526
f 945 1012 1011 944
f 2268 2343 2344 2269
f 3509 3534 3535 3510
f 3179 3220 3219 3178
f 2199 2272 2273 2200
f 2272 2348 2347 2273
f 1189 1246 1247 1190
f 711 769 770 712
f 142 162 163 144
f 382 395 396 383
f 3122 3190 3191 3123
f 1548 1601 1602 1549
f 2445 2520 2521 2446
f 3268 3298 3299 3269
f 1628 1676 1677 1629
f 1355 1408 1409 1356
f 655 704 706 656
f 1672 1674 1673 1627
f 304 320 321 305
f 1267 1323 1324 1268
f 1882 1939 1940 1883
f 2335 2418 2419 2336
f 2344 2425 2426 2345
f 2261 2337 2338 2262
f 620 671 673 619
f 262 280 281 263
f 312 328 329 313
f 1891 1948 1949 1892
f 473 512 513 474
f 350 365 366 351
f 596 652 654 597
f 320 336 337 321
f 1275 1329 1330 1276
f 3529 3554 3553 3528
f 3260 3291 3292 3261
f 1451 1504 1505 1452
f 863 931 932 864
f 1178 1237 1238 1179
f 208 229 230 209
f 2229 2300 2301 2231
f 1634 1682 1683 1635
f 2473 2546 2547 2474
f 3474 3498 3499 3475
f 293 309 310 294
f 2248 2323 2324 2247
f 791 848 849 792
f 2550 2553 2552 2551
f 2205 2278 2279 2206
f 2650 2724 2726 2652
f 2232 2302 2303 2233
f 1041 1105 1106 1042
f 767 825 826 768
f 1170 1229 1230 1171
f 1753 1803 1804 1754
f 2133 2199 2200 2134
f 2286 2364 2363 2285
f 1292 1346 1347 1293
f 2336 2419 2420 2337
f 1539 1592 1593 1540
f 3513 3538 3539 3514
f 359 361 360 347
f 565 567 566 525
f 1162 1220 1221 1164
f 432 433 435 434
f 1997 2061 2062 1998
f 3203 3238 3239 3204
f 3321 3340 3341 3322
f 3793 3813 3814 3794
f 1339 1394 1395 1340
f 1023 1090 1091 1024
f 462 463 465 464
f 480 481 483 482
f 1717 1770 1771 1718
f 2278 2353 2354 2279
f 2487 2568 2569 2488
f 3316 3334 3335 3315
f 165 183 184 166
f 3698 3720 3721 3699
f 2270 2345 2346 2271
f 2405 2481 2482 2406
f 3632 3657 3658 3633
f 780 837 838 781
f 361 374 376 360
f 456 496 497 457
f 738 797 798 739
f 2198 2271 2272 2199
f 1276 1330 1331 1277
f 3284 3313 3314 3285
f 1731 1782 1783 1732
f 772 830 831 773
f 2537 2614 2615 2538
f 2300 2385 2386 2301
f 1883 1940 1941 1884
f 1666 1714 1715 1667
f 2303 2388 2389 2304
f 2400 2402 2401 2318
f 1619 1666 1667 1620
f 400 415 416 402
f 3259 3290 3291 3260
f 2295 2373 2375 2374
f 2312 2397 2398 2313
f 678 736 737 679
f 2397 2474 2475 2398
f 2713 2803 2804 2714
f 2319 2320 2322 2321
f 2288 2366 2367 2289
f 1739 1790 1791 1740
f 2470 2543 2544 2471
f 2417 2493 2494 2418
f 2674 2747 2748 2675
f 2216 2288 2289 2217
f 536 579 580 537
f 510 547 548 511
f 1347 1402 1403 1348
f 3243 3272 3273 3244
f 1324 1379 1380 1325
f 2088 2151 2152 2089
f 3876 3891 3892 3877
f 756 814 816 755
f 550 553 552 551
f 584 587 586 585
f 2305 2390 2391 2306
f 2666 2739 2740 2667
f 2350 2429 2430 2351
f 2497 2575 2577 2499
f 1159 1216 1218 1160
f 2541 2618 2619 2542
f 2342 2423 2424 2343
f 2479 2560 2561 2480
f 1800 1852 1854 1802
f 3413 3414 3415 3393
f 1095 1159 1160 1096
f 486 489 488 487
f 1745 1796 1797 1746
f 1331 1386 1387 1332
f 1682 1735 1736 1683
f 1364 1366 1365 1312
f 2504 2582 2581 2503
f 3752 3771 3770 3751
f 185 205 206 186
f 582 637 638 583
f 568 623 624 569
f 2373 2450 2451 2375
f 2462 2535 2536 2463
f 1367 1421 1422 1368
f 1795 1847 1848 1796
f 590 649 650 591
f 3497 3523 3524 3498
f 2365 2442 2443 2366
f 2390 2467 2468 2391
f 2375 2451 2453 2452
f 3794 3814 3815 3795
f 1643 1691 1692 1644
f 1327 1382 1381 1326
f 1274 1328 1329 1275
f 1240 1294 1295 1241
f 2341 2422 2421 2340
f 3291 3319 3320 3292
f 2367 2444 2445 2368
f 3956 3961 3962 3957
f 2349 2427 2429 2350
f 932 1001 1002 933
f 670 672 671 620
f 2446 2521 2522 2447
f 706 764 765 707
f 2551 2552 2555 2554
f 3612 3636 3637 3613
f 867 935 936 868
f 608 663 664 610
f 638 691 692 640
f 1387 1440 1441 1388
f 3283 3312 3313 3284
f 2690 2763 2764 2691
f 646 700 701 647
f 924 993 994 925
f 576 631 632 577
f 2533 2610 2611 2534
f 3094 3161 3162 3095
f 2900 2977 2979 2902
f 2488 2569 2570 2489
f 3089 3156 3155 3088
f 2521 2598 2599 2522
f 544 590 591 545
f 1371 1425 1426 1372
f 3275 3305 3306 3276
f 1372 1426 1427 1373
f 58 70 72 71
f 3917 3926 3927 3918
f 908 976 977 907
f 2529 2606 2607 2530
f 1379 1433 1434 1380
f 3380 3400 3401 3381
f 2682 2755 2756 2683
f 2091 2154 2155 2092
f 1471 1524 1525 1470
f 1226 1280 1281 1227
f 2340 2421 2423 2342
f 2429 2505 2506 2430
f 2430 2506 2507 2431
f 2799 2881 2882 2800
f 3921 3930 3931 3922
f 9 16 17 11
f 1399 1452 1453 1400
f 2187 2261 2262 2188
f 1761 1811 1813 1760
f 2525 2602 2603 2526
f 2414 2490 2491 2415
f 1340 1395 1396 1341
f 2680 2753 2754 2681
f 1186 1243 1245 1188
f 1287 1341 1342 1288
f 1529 1582 1583 1530
f 2382 2459 2460 2383
f 2455 2529 2530 2457
f 999 1065 1066 1000
f 433 454 455 435
f 2326 2409 2410 2327
f 722 780 781 724
f 2447 2522 2523 2448
f 3364 3385 3387 3366
f 2259 2335 2336 2260
f 351 366 367 352
f 705 763 762 704
f 744 803 804 745
f 1427 1480 1481 1428
f 2230 2231 2232 2161
f 2415 2491 2492 2416
f 2464 2537 2538 2465
f 1202 1258 1259 1203
f 369 384 385 370
f 2601 2676 2677 2602
f 752 811 812 754
f 1084 1148 1149 1085
f 1218 1273 1274 1219
f 798 855 856 799
f 784 785 787 729
f 714 772 773 716
f 2456 2528 2529 2455
f 2351 2430 2431 2352
f 2323 2406 2407 2324
f 1060 1121 1123 1061
f 2491 2572 2573 2492
f 766 824 825 767
f 1441 1494 1495 1442
f 2845 2925 2926 2846
f 2535 2612 2613 2536
f 734 793 794 735
f 1411 1463 1464 1412
f 89 105 106 91
f 1404 1456 1458 1406
f 2424 2500 2501 2425
f 2419 2495 2496 2420
f 1815 1866 1867 1816
f 862 930 931 863
f 688 746 747 689
f 2501 2579 2580 2502
f 1842 1894 1896 1843
f 2623 2698 2699 2624
f 1953 2007 2008 1954
f 2411 2487 2488 2412
f 1743 1794 1795 1744
f 878 944 946 880
f 824 881 882 825
f 2485 2566 2567 2486
f 3226 3257 3259 3228
f 2770 2859 2860 2771
f 3412 3439 3440 3414
f 1282 1336 1337 1283
f 2794 2876 2877 2795
f 673 731 732 674
f 2294 2372 2373 2295
f 2461 2534 2535 2462
f 3619 3642 3644 3621
f 2519 2596 2597 2520
f 3396 3419 3420 3397
f 2227 2297 2299 2226
f 1951 2005 2007 1953
f 1369 1423 1424 1370
f 1769 1821 1822 1770
f 918 987 988 919
f 3498 3524 3525 3499
f 2672 2745 2746 2673
f 926 995 996 927
f 2413 2489 2490 2414
f 3355 3377 3378 3356
f 1540 1593 1594 1541
f 3388 3409 3410 3389
f 2531 2608 2609 2532
f 1164 1221 1223 1222
f 934 1003 1004 935
f 3537 3562 3563 3538
f 1531 1584 1585 1532
f 2622 2697 2698 2623
f 2615 2690 2691 2616
f 2544 2621 2622 2545
f 2515 2594 2593 2517
f 841 910 911 843
f 1314 1369 1370 1315
f 888 954 955 889
f 2659 2733 2734 2660
f 2536 2613 2614 2537
f 2826 2827 2828 2738
f 1313 1368 1369 1314
f 1236 1290 1291 1237
f 2569 2644 2645 2570
f 1722 1775 1776 1725
f 1459 1511 1512 1460
f 1444 1497 1498 1445
f 2664 2737 2739 2666
f 2667 2740 2741 2668
f 2714 2804 2805 2715
f 2273 2347 2349 2274
f 904 969 971 970
f 2558 2633 2634 2559
f 1070 1132 1133 1071
f 1022 1089 1090 1023
f 912 981 982 913
f 826 883 884 827
f 2833 2913 2912 2832
f 2767 2856 2857 2768
f 3770 3794 3795 3772
f 806 863 864 807
f 1220 1275 1276 1221
f 289 305 306 290
f 848 916 917 849
f 2589 2664 2666 2588
f 2782 2867 2868 2784
f 1428 1481 1482 1429
f 3444 3469 3470 3445
f 2819 2901 2900 2818
f 2103 2168 2169 2104
f 1054 1118 1119 1055
f 3553 3578 3580 3555
f 2581 2657 2659 2583
f 3379 3399 3400 3380
f 2663 2665 2664 2589
f 2640 2716 2717 2641
f 1470 1525 1526 1472
f 2039 2098 2099 2040
f 1286 1340 1341 1287
f 984 1050 1051 985
f 762 822 821 764
f 2598 2673 2674 2599
f 2583 2659 2660 2584
f 3762 3781 3782 3763
f 2787 2872 2873 2790
f 2590 2667 2668 2591
f 2685 2758 2759 2686
f 944 1011 1013 946
f 2542 2619 2620 2543
f 2559 2634 2635 2560
f 2960 3033 3034 2961
f 2867 2947 2948 2868
f 1911 1969 1970 1912
f 1086 1150 1151 1087
f 1016 1083 1084 1017
f 1475 1529 1530 1476
f 1738 1789 1790 1739
f 3289 3317 3318 3290
f 3428 3454 3456 3431
f 1538 1591 1592 1539
f 1556 1606 1608 1557
f 1857 1910 1911 1858
f 1048 1112 1113 1049
f 1523 1574 1576 1522
f 3435 3460 3461 3436
f 1329 1384 1385 1330
f 2255 2331 2332 2256
f 1793 1845 1846 1794
f 746 805 806 747
f 2753 2842 2843 2754
f 1484 1538 1539 1485
f 1633 1681 1682 1634
f 1782 1834 1835 1783
f 1030 1095 1096 1032
f 881 947 948 882
f 2669 2742 2744 2671
f 1353 1406 1407 1354
f 2624 2699 2700 2625
f 1316 1371 1372 1317
f 1174 1233 1234 1175
f 2766 2855 2856 2767
f 2837 2917 2918 2838
f 1641 1689 1690 1642
f 2608 2683 2684 2609
f 2931 3006 3007 2932
f 1388 1441 1442 1389
f 1321 1376 1377 1322
f 1088 1152 1153 1089
f 2661 2735 2736 2662
f 3411 3438 3439 3412
f 2759 2848 2849 2760
f 2576 2650 2652 2575
f 2763 2852 2853 2764
f 1356 1409 1410 1357
f 1230 1284 1285 1231
f 1216 1271 1273 1218
f 2653 2727 2728 2654
f 2654 2728 2729 2655
f 1460 1512 1513 1461
f 2520 2597 2598 2521
f 758 818 819 759
f 2423 2499 2500 2424
f 1254 1308 1309 1255
f 1112 1177 1178 1113
f 2645 2721 2722 2646
f 2646 2722 2723 2647
f 2671 2744 2745 2672
f 3905 3914 3916 3907
f 3541 3566 3567 3542
f 2359 2437 2438 2360
f 1310 1312 1311 1257
f 3418 3444 3445 3419
f 2655 2729 2730 2656
f 3524 3549 3550 3525
f 2577 2653 2654 2578
f 2613 2688 2689 2614
f 2174 2249 2250 2176
f 2215 2287 2288 2216
f 1595 1648 1650 1597
f 2751 2840 2841 2752
f 3857 3876 3877 3858
f 2754 2843 2844 2755
f 3267 3297 3296 3266
f 1420 1473 1474 1421
f 1182 1241 1242 1183
f 1160 1218 1219 1161
f 1547 1600 1601 1548
f 441 467 469 440
f 1524 1577 1578 1525
f 2800 2882 2883 2801
f 3251 3282 3283 3253
f 1436 1489 1488 1435
f 2649 2651 2650 2576
f 1192 1249 1250 1193
f 2377 2378 2381 2380
f 1810 1812 1811 1761
f 2746 2835 2836 2747
f 2829 2909 2910 2830
f 1200 1256 1258 1202
f 3467 3491 3492 3468
f 1256 1313 1314 1258
f 3858 3877 3878 3859
f 3410 3437 3438 3411
f 3593 3617 3618 3594
f 113 129 130 114
f 818 876 877 819
f 1754 1804 1805 1755
f 1508 1561 1563 1510
f 2704 2793 2794 2703
f 2776 2777 2780 2779
f 2567 2642 2643 2568
f 833 890 891 834
f 1958 2012 2013 1959
f 1358 1411 1412 1359
f 1746 1797 1798 1747
f 2792 2874 2875 2793
f 2292 2370 2371 2293
f 1516 1569 1570 1517
f 1366 1418 1420 1365
f 1128 1193 1194 1129
f 2717 2807 2808 2718
f 1817 1868 1869 1818
f 2719 2809 2810 2720
f 3818 3838 3839 3819
f 3419 3445 3446 3420
f 2791 2792 2793 2704
f 1398 1451 1452 1399
f 992 1059 1058 993
f 2709 2799 2800 2710
f 2734 2821 2822 2735
f 2711 2801 2802 2712
f 3516 3541 3542 3517
f 2534 2611 2612 2535
f 2639 2715 2716 2640
f 81 98 99 82
f 2556 2557 2558 2478
f 2821 2903 2904 2822
f 2726 2813 2814 2727
f 2775 2778 2777 2776
f 2952 3025 3026 2953
f 3491 3517 3518 3492
f 2527 2604 2605 2528
f 1345 1400 1401 1346
f 216 218 217 198
f 1611 1613 1612 1562
f 2231 2301 2302 2232
f 3030 3101 3102 3031
f 2935 3010 3011 2936
f 2694 2767 2768 2695
f 3500 3526 3527 3501
f 1587 1640 1641 1588
f 463 500 501 465
f 1334 1389 1390 1335
f 2630 2706 2707 2631
f 3508 3533 3534 3509
f 3571 3596 3595 3572
f 1591 1644 1645 1592
f 1462 1514 1515 1463
f 2475 2548 2549 2476
f 802 859 860 803
f 3499 3525 3526 3500
f 2631 2707 2708 2632
f 2760 2849 2850 2761
f 913 982 983 914
f 3113 3181 3182 3114
f 2617 2692 2693 2618
f 1352 1405 1404 1351
f 3493 3519 3520 3494
f 2769 2858 2859 2770
f 2503 2581 2583 2505
f 2824 2825 2827 2826
f 953 1020 1021 954
f 1288 1342 1343 1289
f 697 755 757 699
f 1571 1623 1624 1572
f 1834 1890 1891 1835
f 2183 2257 2258 2184
f 1502 1554 1556 1503
f 92 109 111 94
f 1488 1542 1544 1490
f 2797 2879 2880 2798
f 2918 2993 2994 2919
f 1583 1636 1637 1584
f 3539 3564 3565 3540
f 1526 1579 1580 1527
f 1392 1445 1446 1393
f 2869 2870 2871 2788
f 2814 2897 2898 2815
f 3387 3408 3409 3388
f 3834 3854 3855 3835
f 1668 1716 1717 1669
f 1534 1587 1588 1535
f 1424 1477 1478 1425
f 2757 2846 2847 2758
f 2806 2888 2889 2807
f 2780 2866 2867 2782
f 3548 3573 3574 3549
f 1926 1981 1982 1927
f 3023 3094 3095 3024
f 2609 2684 2685 2610
f 1448 1501 1502 1449
f 2781 2782 2784 2783
f 2798 2880 2881 2799
f 2132 2198 2199 2133
f 3897 3905 3907 3898
f 3691 3713 3714 3692
f 1676 1729 1730 1677
f 1478 1532 1533 1479
f 1520 1523 1522 1521
f 2557 2632 2633 2558
f 2902 2979 2980 2903
f 1836 1892 1893 1837
f 2944 3017 3019 2946
f 1922 1977 1978 1923
f 2839 2919 2920 2840
f 2625 2700 2701 2626
f 1472 1526 1527 1473
f 1249 1303 1304 1250
f 1794 1846 1847 1795
f 3763 3782 3783 3764
f 3532 3557 3558 3533
f 3279 3281 3280 3252
f 1598 1651 1652 1599
f 2844 2924 2925 2845
f 3531 3556 3557 3532
f 2927 3002 3003 2928
f 2848 2928 2929 2849
f 3646 3670 3671 3647
f 3223 3255 3256 3224
f 689 747 748 690
f 1002 1068 1069 1003
f 2981 3052 3053 2982
f 1786 1838 1839 1787
f 3465 3489 3490 3466
f 2840 2920 2921 2841
f 1978 2040 2041 1979
f 1828 1884 1885 1829
f 1638 1686 1687 1639
f 66 81 82 67
f 906 907 909 842
f 3070 3138 3139 3071
f 1588 1641 1642 1589
f 2936 3011 3012 2937
f 857 925 926 858
f 3515 3540 3541 3516
f 2861 2941 2942 2862
f 3393 3415 3416 3392
f 3556 3581 3582 3557
f 3414 3440 3441 3415
f 1820 1871 1872 1821
f 1867 1926 1927 1868
f 1536 1589 1590 1537
f 2878 2957 2958 2879
f 3111 3180 3181 3113
f 3588 3612 3613 3589
f 116 132 133 117
f 1804 1856 1857 1805
f 1662 1710 1711 1663
f 241 260 261 242
f 2917 2992 2993 2918
f 3873 3888 3889 3874
f 1970 2032 2033 1971
f 1670 1718 1719 1671
f 1616 1663 1664 1617
f 2973 3044 3045 2974
f 2870 2949 2950 2871
f 3482 3508 3509 3483
f 3624 3647 3648 3625
f 52 66 67 53
f 3311 3326 3327 3312
f 1361 1414 1415 1362
f 1632 1680 1681 1633
f 2909 2986 2987 2910
f 2846 2926 2927 2847
f 2895 2972 2973 2896
f 3572 3595 3597 3573
f 148 167 168 149
f 3167 3210 3211 3168
f 1614 1661 1662 1615
f 1113 1178 1179 1114
f 1651 1699 1700 1652
f 2801 2883 2884 2802
f 2887 2966 2967 2888
f 2912 2989 2988 2914
f 156 175 176 157
f 3681 3703 3704 3682
f 1742 1793 1794 1743
f 1544 1597 1598 1545
f 295 311 312 296
f 2904 2981 2982 2905
f 3511 3536 3537 3512
f 370 385 386 371
f 1688 1741 1742 1689
f 2409 2485 2486 2410
f 3563 3588 3589 3564
f 2855 2935 2936 2856
f 2880 2959 2960 2881
f 188 208 209 189
f 3479 3503 3505 3478
f 2641 2717 2718 2642
f 1696 1749 1751 1698
f 3117 3185 3187 3119
f 3555 3580 3581 3556
f 2850 2930 2931 2851
f 2808 2890 2891 2809
f 20 21 23 22
f 1900 1958 1959 1901
f 2657 2731 2733 2659
f 1001 1067 1068 1002
f 1635 1683 1684 1636
f 3062 3130 3131 3063
f 1806 1858 1859 1807
f 1964 2026 2025 1963
f 3705 3727 3728 3706
f 2949 3022 3023 2950
f 3547 3572 3573 3548
f 1636 1684 1685 1637
f 1940 1997 1998 1941
f 3659 3682 3683 3660
f 1814 1865 1866 1815
f 1414 1466 1467 1415
f 2933 3008 3009 2934
f 2958 3031 3032 2959
f 1825 1880 1881 1824
f 2688 2761 2762 2689
f 3339 3359 3360 3340
f 3647 3671 3672 3648
f 2901 2978 2977 2900
f 1752 1802 1803 1753
f 2950 3023 3024 2951
f 3103 3170 3171 3104
f 3096 3163 3164 3097
f 2027 2086 2087 2028
f 3591 3615 3616 3592
f 1878 1879 1880 1825
f 1760 1813 1814 1762
f 850 918 919 851
f 3054 3123 3124 3055
f 1612 1659 1661 1614
f 11 17 19 18
f 492 529 530 493
f 3487 3513 3514 3488
f 1766 1818 1819 1767
f 1768 1820 1821 1769
f 1683 1736 1737 1684
f 1874 1877 1876 1875
f 2983 3054 3055 2984
f 3940 3945 3944 3939
f 580 635 636 581
f 2012 2075 2076 2013
f 2673 2746 2747 2674
f 1704 1757 1758 1705
f 842 909 910 841
f 3595 3619 3621 3597
f 2975 3046 3047 2976
f 3807 3827 3828 3808
f 612 613 616 615
f 1554 1607 1606 1556
f 3721 3743 3744 3722
f 3101 3168 3169 3102
f 1818 1869 1870 1819
f 3095 3162 3163 3096
f 3764 3783 3784 3765
f 647 701 702 648
f 2108 2177 2178 2110
f 1337 1392 1393 1338
f 115 131 132 116
f 1667 1715 1716 1668
f 327 343 344 328
f 2842 2922 2923 2843
f 3088 3155 3157 3090
f 399 401 400 388
f 3927 3935 3936 3928
f 3597 3621 3622 3598
f 3610 3634 3635 3611
f 3013 3084 3085 3014
f 3579 3603 3602 3578
f 2092 2155 2156 2093
f 2554 2555 2557 2556
f 1982 2044 2045 1983
f 1856 1909 1910 1857
f 3005 3076 3077 3006
f 740 799 800 741
f 3890 3900 3901 3891
f 3686 3708 3709 3687
f 2737 2829 2830 2739
f 1912 1970 1971 1913
f 866 934 935 867
f 3022 3093 3094 3023
f 1724 1725 1726 1674
f 3652 3675 3674 3651
f 1920 1975 1977 1922
f 2194 2267 2266 2193
f 1691 1744 1745 1692
f 3014 3085 3086 3015
f 2834 2914 2915 2835
f 50 64 65 51
f 724 781 782 726
f 2002 2066 2067 2003
f 1513 1566 1567 1514
f 657 707 708 658
f 858 926 927 859
f 2990 3061 3062 2991
f 3455 3479 3478 3454
f 3336 3356 3357 3337
f 708 766 767 709
f 3767 3786 3787 3768
f 2062 2121 2122 2063
f 1865 1924 1925 1866
f 3485 3511 3512 3486
f 2926 3001 3002 2927
f 1660 1708 1707 1659
f 3636 3661 3662 3637
f 788 845 846 789
f 3417 3443 3444 3418
f 1578 1631 1632 1579
f 2072 2132 2133 2073
f 1699 1752 1753 1700
f 1343 1398 1399 1344
f 3064 3132 3133 3065
f 2879 2958 2959 2880
f 2078 2138 2139 2079
f 1976 2038 2037 1975
f 3069 3137 3138 3070
f 2790 2873 2874 2792
f 3063 3131 3132 3064
f 3056 3125 3126 3057
f 884 950 951 885
f 2188 2262 2263 2189
f 1393 1446 1447 1394
f 3658 3681 3682 3659
f 3061 3129 3130 3062
f 2486 2567 2568 2487
f 3055 3124 3125 3056
f 3024 3095 3096 3025
f 860 928 929 861
f 2862 2942 2943 2863
f 2110 2178 2179 2111
f 1992 2056 2057 1993
f 692 750 751 693
f 3 7 9 6
f 3015 3086 3087 3016
f 636 689 690 637
f 2260 2336 2337 2261
f 1602 1655 1656 1603
f 3286 3288 3287 3258
f 3045 3115 3116 3046
f 2951 3024 3025 2952
f 3692 3714 3715 3693
f 1020 1087 1088 1021
f 3473 3497 3498 3474
f 353 368 369 354
f 2000 2064 2065 2001
f 2989 3060 3059 2988
f 1700 1753 1754 1701
f 3906 3915 3914 3905
f 2040 2099 2100 2041
f 1902 1960 1961 1903
f 1747 1798 1799 1748
f 3066 3134 3135 3067
f 3361 3383 3384 3363
f 3328 3348 3349 3329
f 964 1027 1030 1029
f 224 243 244 225
f 2182 2256 2257 2183
f 2056 2115 2116 2057
f 2433 2435 2434 2358
f 308 324 325 309
f 3271 3301 3302 3272
f 3676 3698 3699 3677
f 1204 1260 1261 1205
f 2772 2861 2862 2773
f 3315 3335 3336 3317
f 3745 3764 3765 3746
f 3309 3324 3326 3311
f 3947 3952 3953 3948
f 2222 2294 2295 2223
f 2324 2407 2408 2325
f 1984 2046 2047 1985
f 954 1021 1022 955
f 777 834 835 778
f 2930 3005 3006 2931
f 424 427 426 425
f 847 915 916 848
f 2238 2308 2309 2239
f 3036 3107 3108 3037
f 3165 3208 3209 3166
f 3254 3284 3285 3255
f 3159 3202 3203 3160
f 3152 3195 3197 3153
f 1935 1992 1993 1936
f 1663 1711 1712 1664
f 368 383 384 369
f 2540 2617 2618 2541
f 2120 2188 2189 2121
f 3157 3200 3201 3158
f 1858 1911 1912 1859
f 3151 3196 3195 3152
f 3120 3188 3189 3121
f 2778 2865 2864 2777
f 2444 2519 2520 2445
f 2302 2387 2388 2303
f 2096 2162 2163 2098
f 3293 3321 3322 3294
f 3182 3223 3224 3183
f 2224 2227 2226 2225
f 3187 3228 3229 3188
f 962 965 964 963
f 2977 3048 3050 2979
f 3263 3294 3295 3264
f 1698 1751 1752 1699
f 2510 2588 2590 2509
f 2176 2250 2251 2177
f 1787 1839 1840 1788
f 3651 3674 3676 3653
f 2874 2953 2954 2875
f 3240 3269 3270 3241
f 1332 1387 1388 1333
f 2184 2258 2259 2185
f 2897 2974 2975 2898
f 1732 1783 1784 1733
f 3320 3339 3340 3321
f 511 548 549 512
f 2436 2511 2512 2437
f 2358 2434 2436 2357
f 3777 3800 3801 3778
f 3277 3307 3308 3278
f 3230 3261 3262 3231
f 3447 3472 3473 3448
f 3232 3263 3264 3233
f 1716 1769 1770 1717
f 3690 3712 3713 3691
f 2366 2443 2444 2367
f 890 956 957 891
f 3222 3254 3255 3223
f 3214 3249 3250 3215
f 496 533 534 497
f 1300 1355 1356 1301
f 785 843 844 787
f 2256 2332 2333 2257
f 1969 2031 2032 1970
f 2076 2136 2137 2077
f 1772 1774 1773 1723
f 3290 3318 3319 3291
f 384 397 398 385
f 2240 2310 2311 2241
f 3469 3493 3494 3470
f 1890 1947 1948 1891
f 3239 3268 3269 3240
f 3748 3767 3768 3749
f 817 875 876 818
f 112 128 129 113
f 2438 2513 2514 2439
f 1849 1902 1903 1850
f 1763 1815 1816 1764
f 1492 1546 1547 1493
f 3946 3951 3952 3947
f 2492 2573 2574 2493
f 1674 1726 1727 1673
f 2320 2404 2405 2322
f 3616 3640 3641 3617
f 3207 3242 3243 3208
f 1532 1585 1586 1533
f 2406 2482 2483 2407
f 2705 2795 2796 2706
f 2328 2411 2412 2329
f 3253 3283 3284 3254
f 3699 3721 3722 3700
f 2849 2929 2930 2850
f 3229 3260 3261 3230
f 2898 2975 2976 2899
f 3724 3746 3747 3725
f 1412 1464 1465 1413
f 2612 2687 2688 2613
f 2454 2456 2455 2379
f 3706 3728 3729 3707
f 1650 1698 1699 1651
f 3205 3240 3241 3206
f 3406 3432 3433 3405
f 1780 1832 1833 1781
f 3280 3309 3311 3282
f 1284 1338 1339 1285
f 3318 3337 3338 3319
f 1859 1912 1913 1860
f 2280 2360 2361 2282
f 3683 3705 3706 3684
f 3377 3397 3398 3378
f 3272 3302 3303 3273
f 3310 3325 3324 3309
f 1875 1876 1879 1878
f 2128 2194 2193 2127
f 3294 3322 3323 3295
f 3439 3464 3465 3440
f 3208 3243 3244 3209
f 1623 1670 1671 1624
f 2604 2679 2680 2605
f 3067 3135 3136 3068
f 137 155 156 138
f 1803 1855 1856 1804
f 3104 3171 3172 3105
f 1756 1806 1807 1757
f 401 413 415 400
f 2588 2666 2667 2590
f 2526 2603 2604 2527
f 1273 1326 1328 1274
f 161 179 178 160
f 3780 3803 3802 3779
f 3327 3347 3348 3328
f 1596 1649 1648 1595
f 2596 2671 2672 2597
f 1401 1454 1455 1402
f 2448 2523 2524 2449
f 3365 3386 3385 3364
f 3430 3431 3432 3406
f 3319 3338 3339 3320
f 1937 1994 1995 1938
f 1692 1745 1746 1693
f 3461 3485 3486 3462
f 2472 2545 2546 2473
f 1906 1964 1963 1905
f 3375 3395 3396 3376
f 3464 3488 3489 3465
f 1788 1840 1841 1789
f 3357 3379 3380 3358
f 2480 2561 2562 2481
f 3731 3751 3753 3733
f 3431 3456 3457 3432
f 83 100 101 84
f 1764 1816 1817 1765
f 792 849 850 793
f 2606 2681 2682 2607
f 1889 1946 1947 1890
f 3341 3361 3363 3362
f 1898 1956 1957 1899
f 2416 2492 2493 2417
f 672 728 730 671
f 1740 1791 1792 1741
f 2614 2689 2690 2615
f 2552 2630 2631 2555
f 3333 3351 3353 3332
f 3678 3700 3701 3679
f 3367 3388 3389 3368
f 3445 3470 3471 3446
f 1580 1633 1634 1581
f 3360 3382 3383 3361
f 1040 1104 1105 1041
f 2582 2658 2657 2581
f 2560 2635 2636 2561
f 2385 2462 2463 2386
f 3715 3736 3737 3716
f 1812 1863 1862 1811
f 3352 3372 3374 3351
f 1916 1973 1974 1918
f 1008 1074 1073 1007
f 2761 2850 2851 2762
f 3382 3402 3403 3383
f 3374 3394 3395 3375
f 1843 1896 1897 1844
f 2906 2983 2984 2907
f 3456 3480 3481 3457
f 2994 3065 3066 2995
f 2190 2264 2265 2191
f 2670 2743 2742 2669
f 3786 3809 3810 3787
f 3334 3354 3355 3335
f 96 113 114 97
f 27 37 38 28
f 1972 2034 2035 1973
f 2676 2749 2750 2677
f 2678 2751 2752 2679
f 2600 2675 2676 2601
f 922 991 992 923
f 3262 3293 3294 3263
f 1796 1848 1849 1797
f 3820 3840 3841 3821
f 1980 2042 2043 1981
f 2251 2327 2328 2252
f 2632 2708 2709 2633
f 3407 3434 3435 3408
f 19 29 30 21
f 2100 2165 2166 2101
f 2724 2811 2813 2726
f 721 779 780 722
f 574 629 630 575
f 1827 1883 1884 1828
f 3771 3793 3794 3770
f 3399 3422 3423 3400
f 3608 3632 3633 3609
f 2052 2111 2112 2053
f 1152 1214 1215 1153
f 2718 2808 2809 2719
f 993 1058 1060 994
f 3421 3447 3448 3422
f 2865 2945 2944 2864
f 3359 3381 3382 3360
f 3804 3824 3825 3805
f 2028 2087 2088 2029
f 2748 2837 2838 2749
f 2742 2833 2832 2744
f 3287 3315 3317 3289
f 3542 3567 3568 3543
f 3432 3457 3458 3433
f 1860 1913 1914 1861
f 976 1042 1043 977
f 2750 2839 2840 2751
f 2568 2643 2644 2569
f 3405 3433 3434 3407
f 1994 2058 2059 1995
f 3119 3187 3188 3120
f 3424 3450 3451 3425
f 2871 2950 2951 2872
f 680 738 739 681
f 2745 2834 2835 2746
f 3833 3853 3854 3834
f 3389 3410 3411 3390
f 3446 3471 3472 3447
f 1729 1780 1781 1730
f 3400 3423 3424 3401
f 280 296 297 281
f 417 444 445 418
f 2686 2759 2760 2687
f 2728 2815 2816 2729
f 3438 3463 3464 3439
f 3575 3599 3600 3576
f 3534 3559 3560 3535
f 51 65 66 52
f 2204 2277 2278 2205
f 2903 2980 2981 2904
f 1730 1781 1782 1731
f 2696 2769 2770 2697
f 3317 3336 3337 3318
f 3779 3802 3804 3781
f 2954 3027 3028 2955
f 3852 3871 3872 3853
f 120 136 137 121
f 391 405 406 392
f 2830 2910 2911 2831
f 2752 2841 2842 2753
f 3125 3193 3194 3126
f 3819 3839 3840 3820
f 3471 3495 3496 3472
f 34 45 47 36
f 2518 2595 2596 2519
f 3581 3605 3606 3582
f 1802 1854 1855 1803
f 2768 2857 2858 2769
f 3600 3624 3625 3601
f 2116 2184 2185 2117
f 2372 2449 2450 2373
f 1440 1493 1494 1441
f 3106 3173 3174 3107
f 3802 3822 3824 3804
f 2853 2933 2934 2854
f 1986 1989 1988 1987
f 3567 3592 3593 3568
f 3836 3856 3857 3837
f 2460 2533 2534 2461
f 489 524 526 488
f 3521 3546 3547 3522
f 1905 1963 1965 1907
f 2309 2394 2395 2310
f 3670 3692 3693 3671
f 2946 3019 3020 2947
f 3496 3522 3523 3497
f 2886 2965 2966 2887
f 2884 2963 2964 2885
f 2894 2971 2970 2893
f 3826 3845 3846 3827
f 13 24 26 15
f 3803 3823 3822 3802
f 2214 2286 2285 2213
f 3488 3514 3515 3489
f 1592 1645 1646 1593
f 1433 1486 1487 1434
f 2856 2936 2937 2857
f 2179 2253 2254 2180
f 3510 3535 3536 3511
f 1868 1927 1928 1869
f 3592 3616 3617 3593
f 889 955 956 890
f 3020 3091 3092 3021
f 2838 2918 2919 2839
f 2864 2944 2946 2866
f 3589 3613 3614 3590
f 3494 3520 3521 3495
f 3457 3481 3482 3458
f 67 82 83 68
f 808 865 866 809
f 3012 3083 3084 3013
f 2966 3039 3040 2967
f 3865 3883 3884 3866
f 2697 2770 2771 2698
f 3502 3504 3503 3479
f 3727 3749 3750 3728
f 2996 3067 3068 2997
f 2524 2601 2602 2525
f 2974 3045 3046 2975
f 2888 2967 2968 2889
f 1923 1978 1979 1924
f 2018 2019 2022 2021
f 1852 1905 1907 1854
f 3908 3917 3918 3909
f 2620 2695 2696 2621
f 3004 3075 3076 3005
f 1425 1478 1479 1426
f 2896 2973 2974 2897
f 2553 2628 2630 2552
f 3851 3870 3869 3850
f 3543 3568 3569 3544
f 59 76 75 61
f 3006 3077 3078 3007
f 2920 2995 2996 2921
f 1 4 3 2
f 1954 2008 2009 1955
f 3535 3560 3561 3536
f 3928 3936 3937 3929
f 2777 2864 2866 2780
f 1664 1712 1713 1665
f 2928 3003 3004 2929
f 65 80 81 66
f 3662 3685 3686 3663
f 3503 3528 3530 3505
f 3892 3902 3903 3893
f 2841 2921 2922 2842
f 1648 1696 1698 1650
f 3038 3109 3110 3039
f 3842 3862 3864 3844
f 3565 3590 3591 3566
f 3835 3855 3856 3836
f 2970 3041 3043 2972
f 3568 3593 3594 3569
f 2708 2798 2799 2709
f 2872 2951 2952 2873
f 2793 2875 2876 2794
f 3557 3582 3583 3558
f 3574 3598 3599 3575
f 1908 1966 1967 1909
f 3560 3585 3586 3561
f 2982 3053 3054 2983
f 41 52 53 42
f 2736 2823 2825 2824
f 3533 3558 3559 3534
f 3566 3591 3592 3567
f 2962 3035 3036 2963
f 3528 3553 3555 3530
f 2692 2765 2766 2693
f 3076 3144 3145 3077
f 2825 2906 2907 2827
f 3754 3773 3774 3755
f 2019 2080 2082 2022
f 3654 3677 3678 3655
f 3711 3732 3731 3710
f 3472 3496 3497 3473
f 3008 3079 3080 3009
f 3371 3373 3372 3352
f 1955 2009 2010 1956
f 2914 2988 2990 2915
f 1884 1941 1942 1885
f 3344 3365 3364 3343
f 2756 2845 2846 2757
f 1850 1903 1904 1851
f 3180 3221 3222 3181
f 3048 3117 3119 3050
f 1377 1431 1432 1378
f 3915 3924 3923 3914
f 3607 3631 3632 3608
f 2984 3055 3056 2985
f 2500 2578 2579 2501
f 3164 3207 3208 3165
f 2857 2937 2938 2858
f 3072 3140 3141 3073
f 3733 3753 3754 3734
f 3891 3901 3902 3892
f 3599 3623 3624 3600
f 3206 3241 3242 3207
f 1370 1424 1425 1371
f 3080 3148 3149 3081
f 1042 1106 1107 1043
f 3899 3908 3909 3900
f 3703 3725 3726 3704
f 2384 2461 2462 2385
f 281 297 298 282
f 3238 3266 3268 3239
f 3629 3654 3655 3630
f 3907 3916 3917 3908
f 2986 3057 3058 2987
f 245 264 265 246
f 144 163 164 145
f 1952 2006 2005 1951
f 3246 3275 3276 3247
f 3945 3950 3949 3944
f 3621 3644 3645 3622
f 3630 3655 3656 3631
f 1956 2010 2011 1957
f 3643 3667 3666 3642
f 1936 1993 1994 1937
f 3112 3178 3180 3111
f 1034 1097 1099 1098
f 3606 3630 3631 3607
f 2978 3049 3048 2977
f 109 125 127 111
f 3166 3209 3210 3167
f 3236 3267 3266 3238
f 3160 3203 3204 3161
f 1963 2025 2027 1965
f 3550 3575 3576 3551
f 1924 1979 1980 1925
f 3736 3756 3757 3737
f 1684 1737 1738 1685
f 990 1056 1057 991
f 3342 3344 3343 3325
f 3168 3211 3212 3169
f 2011 2074 2075 2012
f 3422 3448 3449 3423
f 460 461 463 462
f 194 214 215 195
f 3212 3247 3248 3213
f 3326 3346 3347 3327
f 3914 3923 3925 3916
f 1018 1085 1086 1019
f 36 47 48 37
f 3613 3637 3638 3614
f 37 48 49 38
f 3292 3320 3321 3293
f 737 796 797 738
f 3248 3277 3278 3249
f 94 111 112 95
f 1497 1551 1552 1498
f 3671 3693 3694 3672
f 122 138 139 123
f 1728 1779 1780 1729
f 2304 2389 2390 2305
f 3366 3387 3388 3367
f 3663 3686 3687 3664
f 3806 3826 3827 3807
f 3872 3887 3888 3873
f 2956 3029 3030 2957
f 2296 2298 2297 2227
f 3390 3411 3412 3391
f 38 49 50 39
f 1979 2041 2042 1980
f 2074 2134 2135 2075
f 21 30 31 23
f 2940 3015 3016 2941
f 2208 2280 2282 2210
f 3398 3421 3422 3399
f 3288 3316 3315 3287
f 3693 3715 3716 3694
f 3702 3724 3725 3703
f 3639 3664 3665 3640
f 3312 3327 3328 3313
f 1505 1558 1559 1506
f 3685 3707 3708 3686
f 3694 3716 3717 3695
f 3583 3607 3608 3584
f 3704 3726 3727 3705
f 2804 2886 2887 2805
f 1808 1860 1861 1809
f 3798 3818 3819 3799
f 3661 3684 3685 3662
f 1988 2053 2054 1990
f 3696 3718 3720 3698
f 3124 3192 3193 3125
f 3525 3550 3551 3526
f 3350 3352 3351 3333
f 1945 2002 2003 1946
f 3605 3629 3630 3606
f 3672 3694 3695 3673
f 3425 3451 3453 3452
f 3092 3159 3160 3093
f 969 1038 1039 971
f 1866 1925 1926 1867
f 3192 3233 3234 3193
f 2043 2102 2103 2044
f 3742 3761 3760 3741
f 3060 3128 3127 3059
f 3808 3828 3829 3809
f 2616 2691 2692 2617
f 153 172 173 154
f 3898 3907 3908 3899
f 713 771 772 714
f 28 38 39 29
f 3863 3881 3880 3862
f 101 118 119 102
f 3877 3892 3893 3878
f 2961 3034 3035 2962
f 337 351 352 338
f 2584 2660 2661 2585
f 3376 3396 3397 3377
f 1130 1195 1196 1131
f 31 41 42 33
f 3074 3142 3143 3075
f 61 75 77 62
f 3220 3252 3251 3219
f 35 46 45 34
f 3478 3505 3506 3480
f 3765 3784 3785 3766
f 12 14 13 8
f 3751 3770 3772 3753
f 2105 2170 2171 2106
f 3204 3239 3240 3205
f 2528 2605 2606 2529
f 3864 3882 3883 3865
f 3743 3762 3763 3744
f 2376 2379 2378 2377
f 2392 2469 2470 2393
f 1465 1517 1518 1466
f 3416 3442 3443 3417
f 3757 3776 3777 3758
f 3790 3791 3793 3771
f 3855 3874 3875 3856
f 147 166 167 148
f 3518 3543 3544 3519
f 2784 2868 2870 2869
f 3440 3465 3466 3441
f 3869 3886 3885 3871
f 3766 3785 3786 3767
f 3799 3819 3820 3800
f 3784 3807 3808 3785
f 3324 3345 3346 3326
f 3448 3473 3474 3449
f 3526 3551 3552 3527
f 1082 1146 1147 1083
f 3734 3754 3755 3735
f 2020 2081 2080 2019
f 3776 3799 3800 3777
f 3332 3353 3354 3334
f 2744 2832 2834 2745
f 1938 1995 1996 1939
f 2 3 6 5
f 2034 2093 2094 2035
f 139 157 158 140
f 1848 1901 1902 1849
f 3484 3510 3511 3485
f 3470 3494 3495 3471
f 3392 3416 3417 3394
f 1312 1365 1367 1311
f 93 110 109 92
f 3010 3081 3082 3011
f 3404 3406 3405 3386
f 3596 3620 3619 3595
f 3582 3606 3607 3583
f 3504 3529 3528 3503
f 2075 2135 2136 2076
f 68 83 84 69
f 88 89 91 90
f 131 149 150 132
f 3590 3614 3615 3591
f 3564 3589 3590 3565
f 3512 3537 3538 3513
f 1066 1128 1129 1067
f 2921 2996 2997 2922
f 1996 2060 2061 1997
f 2881 2960 2961 2882
f 2832 2912 2914 2834
f 1929 1984 1985 1930
f 2051 2108 2110 2050
f 23 31 33 32
f 3831 3852 3853 3833
f 3840 3860 3861 3841
f 3476 3500 3501 3477
f 2712 2802 2803 2713
f 3622 3645 3646 3623
f 3815 3835 3836 3816
f 1681 1734 1735 1682
f 3832 3850 3852 3831
f 3850 3869 3871 3852
f 3845 3865 3866 3846
f 3791 3811 3813 3793
f 3816 3836 3837 3817
f 3580 3604 3605 3581
f 2408 2484 2485 2409
f 2873 2952 2953 2874
f 3544 3569 3570 3545
f 3837 3857 3858 3838
f 3846 3866 3867 3847
f 3838 3858 3859 3839
f 3797 3817 3818 3798
f 3034 3105 3106 3035
f 2393 2470 2471 2394
f 342 356 357 343
f 3032 3103 3104 3033
f 319 335 336 320
f 3576 3600 3601 3577
f 3957 3962 3963 3958
f 2172 2175 2174 2173
f 3540 3565 3566 3541
f 3660 3683 3684 3661
f 3638 3663 3664 3639
f 3584 3608 3609 3585
f 977 1043 1044 978
f 2905 2982 2983 2906
f 3441 3466 3467 3442
f 3684 3706 3707 3685
f 3604 3628 3629 3605
f 3875 3890 3891 3876
f 26 36 37 27
f 2163 2235 2236 2164
f 15 26 27 16
f 72 86 87 74
f 3888 3898 3899 3889
f 3859 3878 3879 3860
f 3668 3690 3691 3669
f 3520 3545 3546 3521
f 3949 3954 3956 3951
f 2050 2110 2111 2052
f 2044 2103 2104 2045
f 1811 1862 1864 1813
f 3372 3392 3394 3374
f 1457 1509 1508 1456
f 2115 2183 2184 2116
f 3902 3911 3912 3903
f 3903 3912 3913 3904
f 3920 3929 3930 3921
f 230 249 250 231
f 18 19 21 20
f 2042 2101 2102 2043
f 3895 3906 3905 3897
f 3648 3672 3673 3650
f 1921 1976 1975 1920
f 2889 2968 2969 2890
f 78 95 96 79
f 84 101 102 85
f 3620 3643 3642 3619
f 3936 3942 3943 3937
f 3732 3752 3751 3731
f 1697 1750 1749 1696
f 311 327 328 312
f 2099 2164 2165 2100
f 3433 3458 3459 3434
f 1280 1334 1335 1281
f 2026 2085 2084 2025
f 46 60 59 45
f 1913 1971 1972 1914
f 3925 3932 3934 3926
f 3952 3957 3958 3953
