# exported by blender_batch_chars_to_s.py fallback
v 0.763002 -0.033922 0.000000
v 0.766290 -0.033890 0.000000
v 0.766886 -0.039557 0.000000
v 0.760522 -0.039776 0.000000
v 0.754027 -0.042705 0.000000
v 0.760085 -0.048591 0.044184
v 0.751007 -0.049354 0.000000
v 0.769655 -0.048795 0.000000
v 0.792936 -0.043589 0.000000
v 0.796278 -0.043576 0.000000
v 0.796798 -0.049245 0.000000
v 0.790043 -0.049309 0.000000
v 0.703940 -0.053034 0.000000
v 0.709917 -0.052263 0.000000
v 0.709709 -0.058624 0.041198
v 0.700979 -0.059108 0.000000
v 0.715473 -0.052996 0.000000
v 0.716725 -0.058854 0.000000
v 0.744656 -0.052344 0.000000
v 0.750424 -0.058232 0.056113
v 0.743288 -0.058764 0.000000
v 0.760028 -0.058136 0.077002
v 0.769978 -0.058169 0.071548
v 0.779978 -0.051034 0.000000
v 0.779997 -0.058433 0.067466
v 0.789951 -0.058236 0.055701
v 0.799179 -0.058633 0.000000
v 0.694657 -0.062038 0.000000
v 0.700424 -0.067925 0.053511
v 0.693332 -0.068466 0.000000
v 0.709982 -0.067867 0.063075
v 0.719645 -0.068162 0.000000
v 0.750049 -0.067839 0.071293
v 0.740356 -0.068158 0.000000
v 0.760003 -0.067814 0.090716
v 0.769999 -0.067815 0.093241
v 0.780000 -0.067834 0.091620
v 0.789995 -0.067821 0.083252
v 0.799910 -0.067900 0.060368
v 0.806007 -0.061994 0.000000
v 0.809485 -0.068614 0.000000
v 0.914607 -0.062588 0.000000
v 0.920000 -0.061902 0.000000
v 0.920000 -0.067813 0.027398
v 0.913899 -0.067813 0.000000
v 0.925393 -0.062588 0.000000
v 0.926101 -0.067813 0.000000
v 0.700082 -0.077537 0.069128
v 0.690827 -0.077999 0.000000
v 0.710001 -0.077505 0.082318
v 0.719977 -0.077544 0.072646
v 0.730000 -0.070364 0.000000
v 0.730000 -0.077804 0.070075
v 0.740023 -0.077544 0.073282
v 0.750003 -0.077502 0.088225
v 0.760000 -0.077500 0.098666
v 0.770000 -0.077500 0.103266
v 0.780000 -0.077501 0.102682
v 0.790000 -0.077500 0.096981
v 0.799995 -0.077506 0.086180
v 0.809962 -0.077579 0.070869
v 0.819326 -0.071040 0.000000
v 0.819888 -0.077913 0.056776
v 0.825966 -0.072326 0.000000
v 0.829055 -0.078479 0.000000
v 0.920000 -0.073723 0.000000
v 0.914607 -0.073037 0.000000
v 0.925393 -0.073037 0.000000
v 0.683994 -0.081369 0.000000
v 0.690090 -0.087275 0.060873
v 0.680519 -0.087989 0.000000
v 0.700006 -0.087192 0.085651
v 0.710000 -0.087188 0.095065
v 0.719999 -0.087190 0.094303
v 0.730000 -0.087209 0.093882
v 0.740001 -0.087190 0.094885
v 0.750000 -0.087188 0.099561
v 0.760000 -0.087187 0.105336
v 0.770000 -0.087187 0.109911
v 0.780000 -0.087188 0.109706
v 0.790000 -0.087187 0.105029
v 0.800000 -0.087188 0.099114
v 0.809999 -0.087191 0.092795
v 0.819991 -0.087217 0.083372
v 0.829866 -0.087317 0.059879
v 0.835921 -0.081451 0.000000
v 0.838986 -0.088103 0.000000
v 0.664617 -0.091663 0.000000
v 0.670758 -0.090412 0.000000
v 0.670406 -0.097270 0.053632
v 0.663288 -0.097597 0.000000
v 0.680059 -0.096954 0.070209
v 0.690005 -0.096881 0.086142
v 0.700000 -0.096875 0.097265
v 0.710000 -0.096875 0.103530
v 0.720000 -0.096875 0.105307
v 0.730000 -0.096876 0.105667
v 0.740000 -0.096875 0.106164
v 0.750000 -0.096875 0.108237
v 0.760000 -0.096875 0.112043
v 0.770000 -0.096875 0.115818
v 0.780000 -0.096875 0.115731
v 0.790000 -0.096875 0.111849
v 0.800000 -0.096875 0.107564
v 0.810000 -0.096875 0.103293
v 0.819999 -0.096876 0.096577
v 0.829966 -0.096884 0.083345
v 0.839521 -0.096980 0.056424
v 0.845282 -0.091092 0.000000
v 0.846242 -0.097486 0.000000
v 0.670050 -0.106611 0.070778
v 0.660401 -0.106955 0.000000
v 0.680004 -0.106567 0.089554
v 0.690000 -0.106563 0.098577
v 0.700000 -0.106563 0.105081
v 0.710000 -0.106563 0.110537
v 0.720000 -0.106563 0.113581
v 0.730000 -0.106563 0.114401
v 0.740000 -0.106562 0.114799
v 0.750000 -0.106562 0.116156
v 0.760000 -0.106563 0.118945
v 0.770000 -0.106563 0.121792
v 0.780000 -0.106563 0.121433
v 0.790000 -0.106563 0.117834
v 0.800000 -0.106563 0.113723
v 0.810000 -0.106562 0.109110
v 0.819999 -0.106563 0.102544
v 0.829972 -0.106563 0.091749
v 0.839574 -0.106568 0.067377
v 0.846416 -0.106616 0.000000
v 0.644033 -0.111073 0.000000
v 0.650662 -0.109750 0.000000
v 0.650111 -0.116661 0.056813
v 0.640941 -0.117227 0.000000
v 0.660029 -0.116299 0.071302
v 0.670003 -0.116253 0.088048
v 0.680000 -0.116250 0.098878
v 0.690000 -0.116250 0.106119
v 0.700000 -0.116250 0.111773
v 0.710000 -0.116250 0.116982
v 0.720000 -0.116250 0.120980
v 0.730000 -0.116250 0.122363
v 0.740000 -0.116250 0.122718
v 0.750000 -0.116250 0.123619
v 0.760000 -0.116250 0.125438
v 0.770000 -0.116250 0.126582
v 0.780000 -0.116250 0.124838
v 0.790000 -0.116250 0.120359
v 0.800000 -0.116250 0.115140
v 0.810000 -0.116250 0.109512
v 0.819999 -0.116250 0.102599
v 0.829972 -0.116250 0.091753
v 0.839574 -0.116244 0.067377
v 0.846416 -0.116197 0.000000
v 0.634012 -0.120183 0.000000
v 0.640099 -0.126058 0.060392
v 0.630516 -0.126742 0.000000
v 0.650008 -0.125967 0.083422
v 0.660001 -0.125940 0.092837
v 0.670000 -0.125938 0.099326
v 0.680000 -0.125938 0.105572
v 0.690000 -0.125938 0.111951
v 0.700000 -0.125938 0.117876
v 0.710000 -0.125938 0.123169
v 0.720000 -0.125938 0.127620
v 0.730000 -0.125938 0.129584
v 0.740000 -0.125938 0.129435
v 0.750000 -0.125938 0.129092
v 0.760000 -0.125938 0.128820
v 0.770000 -0.125938 0.126609
v 0.780000 -0.125938 0.122338
v 0.790000 -0.125938 0.116874
v 0.800000 -0.125938 0.111041
v 0.810000 -0.125938 0.104699
v 0.819999 -0.125937 0.096825
v 0.829966 -0.125929 0.083367
v 0.839521 -0.125832 0.056425
v 0.846242 -0.125326 0.000000
v 0.614034 -0.130451 0.000000
v 0.620674 -0.129165 0.000000
v 0.620112 -0.136038 0.056778
v 0.610941 -0.136602 0.000000
v 0.630038 -0.135704 0.070870
v 0.640005 -0.135632 0.086185
v 0.650000 -0.135626 0.097064
v 0.660000 -0.135625 0.103498
v 0.670000 -0.135625 0.107764
v 0.680000 -0.135625 0.112203
v 0.690000 -0.135625 0.117573
v 0.700000 -0.135625 0.123442
v 0.710000 -0.135625 0.129046
v 0.720000 -0.135625 0.133275
v 0.730000 -0.135625 0.134321
v 0.740000 -0.135625 0.131874
v 0.750000 -0.135625 0.128479
v 0.760000 -0.135625 0.125427
v 0.770000 -0.135625 0.121890
v 0.780000 -0.135625 0.117002
v 0.790000 -0.135625 0.111248
v 0.800000 -0.135625 0.104889
v 0.810000 -0.135625 0.097137
v 0.819990 -0.135616 0.084373
v 0.829866 -0.135499 0.059991
v 0.838986 -0.134710 0.000000
v 0.845282 -0.131720 0.000000
v 0.604009 -0.139557 0.000000
v 0.610098 -0.145433 0.060419
v 0.600473 -0.146104 0.000000
v 0.620008 -0.145342 0.083421
v 0.630001 -0.145316 0.092808
v 0.640000 -0.145313 0.099133
v 0.650000 -0.145313 0.105159
v 0.660000 -0.145313 0.110807
v 0.670000 -0.145313 0.115230
v 0.680000 -0.145313 0.119073
v 0.690000 -0.145313 0.123600
v 0.700000 -0.145313 0.128874
v 0.710000 -0.145312 0.133779
v 0.720000 -0.145312 0.135738
v 0.730000 -0.145313 0.133245
v 0.740000 -0.145313 0.128438
v 0.750000 -0.145313 0.123382
v 0.760000 -0.145313 0.119012
v 0.770000 -0.145313 0.115214
v 0.780000 -0.145313 0.110772
v 0.790000 -0.145312 0.104839
v 0.800000 -0.145312 0.097145
v 0.809990 -0.145303 0.084397
v 0.819869 -0.145186 0.060094
v 0.829053 -0.144395 0.000000
v 0.835921 -0.141366 0.000000
v 0.554031 -0.149883 0.000000
v 0.560631 -0.148953 0.000000
v 0.560109 -0.155464 0.056330
v 0.550945 -0.155982 0.000000
v 0.570058 -0.148782 0.000000
v 0.570006 -0.155412 0.067194
v 0.580005 -0.148729 0.000000
v 0.580000 -0.155406 0.069017
v 0.590044 -0.148355 0.000000
v 0.590003 -0.155359 0.069589
v 0.600033 -0.155077 0.072819
v 0.610005 -0.155007 0.086345
v 0.620000 -0.155001 0.097070
v 0.630000 -0.155000 0.103496
v 0.640000 -0.155000 0.107750
v 0.650000 -0.155000 0.112133
v 0.660000 -0.155000 0.117216
v 0.670000 -0.155000 0.122122
v 0.680000 -0.155000 0.126068
v 0.690000 -0.155000 0.129962
v 0.700000 -0.155000 0.133853
v 0.710000 -0.155000 0.135832
v 0.720000 -0.155000 0.133538
v 0.730000 -0.155000 0.128599
v 0.740000 -0.155000 0.122987
v 0.750000 -0.155000 0.117359
v 0.760000 -0.155000 0.112145
v 0.770000 -0.155000 0.107751
v 0.780000 -0.155000 0.103489
v 0.790000 -0.154999 0.096901
v 0.799990 -0.154990 0.084376
v 0.809869 -0.154873 0.060094
v 0.819053 -0.154082 0.000000
v 0.825926 -0.151053 0.000000
v 0.544074 -0.158952 0.000000
v 0.550130 -0.164817 0.059976
v 0.540947 -0.165605 0.000000
v 0.560009 -0.164720 0.083270
v 0.570000 -0.164714 0.091613
v 0.580000 -0.164714 0.093401
v 0.590000 -0.164711 0.093748
v 0.600001 -0.164691 0.094819
v 0.610000 -0.164688 0.099353
v 0.620000 -0.164688 0.105149
v 0.630000 -0.164687 0.110783
v 0.640000 -0.164687 0.115207
v 0.650000 -0.164687 0.119045
v 0.660000 -0.164687 0.123518
v 0.670000 -0.164687 0.128491
v 0.680000 -0.164687 0.132822
v 0.690000 -0.164687 0.135625
v 0.700000 -0.164687 0.136306
v 0.710000 -0.164687 0.133625
v 0.720000 -0.164687 0.128643
v 0.730000 -0.164687 0.122991
v 0.740000 -0.164687 0.117208
v 0.750000 -0.164687 0.111316
v 0.760000 -0.164687 0.105225
v 0.770000 -0.164687 0.099137
v 0.779998 -0.164684 0.092808
v 0.789991 -0.164658 0.083397
v 0.799869 -0.164558 0.059983
v 0.809053 -0.163770 0.000000
v 0.815926 -0.160741 0.000000
v 0.534074 -0.168634 0.000000
v 0.540131 -0.174502 0.060095
v 0.530944 -0.175292 0.000000
v 0.550010 -0.174385 0.084365
v 0.560000 -0.174376 0.096776
v 0.570000 -0.174376 0.102687
v 0.580000 -0.174376 0.104709
v 0.590000 -0.174376 0.105155
v 0.600000 -0.174375 0.105666
v 0.610000 -0.174375 0.107763
v 0.620000 -0.174375 0.111753
v 0.630000 -0.174375 0.116837
v 0.640000 -0.174375 0.121784
v 0.650000 -0.174375 0.125800
v 0.660000 -0.174375 0.129965
v 0.670000 -0.174375 0.134665
v 0.680000 -0.174375 0.138399
v 0.690000 -0.174375 0.138321
v 0.700000 -0.174375 0.134499
v 0.710000 -0.174375 0.128906
v 0.720000 -0.174375 0.123047
v 0.730000 -0.174375 0.117214
v 0.740000 -0.174375 0.111285
v 0.750000 -0.174375 0.104913
v 0.760000 -0.174375 0.097313
v 0.769995 -0.174368 0.086206
v 0.779962 -0.174296 0.070871
v 0.789888 -0.173961 0.056777
v 0.799055 -0.173396 0.000000
v 0.805926 -0.170424 0.000000
v 0.524009 -0.178303 0.000000
v 0.530098 -0.184179 0.060529
v 0.520473 -0.184854 0.000000
v 0.540009 -0.184072 0.084402
v 0.550000 -0.184063 0.097017
v 0.560000 -0.184062 0.104040
v 0.570000 -0.184062 0.108077
v 0.580000 -0.184062 0.109861
v 0.590000 -0.184062 0.110336
v 0.600000 -0.184062 0.110740
v 0.610000 -0.184062 0.112319
v 0.620000 -0.184062 0.115680
v 0.630000 -0.184062 0.120424
v 0.640000 -0.184062 0.125760
v 0.650000 -0.184062 0.130718
v 0.660000 -0.184062 0.135401
v 0.670000 -0.184062 0.139755
v 0.680000 -0.184062 0.141059
v 0.690000 -0.184062 0.137173
v 0.700000 -0.184062 0.130726
v 0.710000 -0.184062 0.123946
v 0.720000 -0.184062 0.117514
v 0.730000 -0.184062 0.111352
v 0.740000 -0.184062 0.104918
v 0.750000 -0.184062 0.097152
v 0.759991 -0.184053 0.084421
v 0.769900 -0.183945 0.060504
v 0.779484 -0.183258 0.000000
v 0.789326 -0.180835 0.000000
v 0.795966 -0.179549 0.000000
v 0.483968 -0.188615 0.000000
v 0.490626 -0.187700 0.000000
v 0.490078 -0.194205 0.056740
v 0.480514 -0.194620 0.000000
v 0.500060 -0.187496 0.000000
v 0.500005 -0.194159 0.067245
v 0.510046 -0.187105 0.000000
v 0.510003 -0.194109 0.069428
v 0.520033 -0.193827 0.072792
v 0.530005 -0.193757 0.086304
v 0.540000 -0.193750 0.097052
v 0.550000 -0.193750 0.103803
v 0.560000 -0.193750 0.106866
v 0.570000 -0.193750 0.106381
v 0.580000 -0.193750 0.105438
v 0.590000 -0.193749 0.105236
v 0.600000 -0.193750 0.105672
v 0.610000 -0.193750 0.107777
v 0.620000 -0.193750 0.111835
v 0.630000 -0.193750 0.117291
v 0.640000 -0.193750 0.123538
v 0.650000 -0.193750 0.130075
v 0.660000 -0.193750 0.136464
v 0.670000 -0.193750 0.140834
v 0.680000 -0.193750 0.139118
v 0.690000 -0.193750 0.133640
v 0.700000 -0.193750 0.126785
v 0.710000 -0.193750 0.119655
v 0.720000 -0.193750 0.112501
v 0.730000 -0.193750 0.105372
v 0.740000 -0.193750 0.097351
v 0.749991 -0.193742 0.084426
v 0.759869 -0.193624 0.060098
v 0.769056 -0.192833 0.000000
v 0.775988 -0.189821 0.000000
v 0.464034 -0.198264 0.000000
v 0.470674 -0.196981 0.000000
v 0.470112 -0.203851 0.056771
v 0.460941 -0.204415 0.000000
v 0.480038 -0.203520 0.070752
v 0.490004 -0.203468 0.085079
v 0.500000 -0.203464 0.091770
v 0.510000 -0.203461 0.093425
v 0.520001 -0.203441 0.094506
v 0.530000 -0.203438 0.098631
v 0.540000 -0.203438 0.103198
v 0.550000 -0.203437 0.106112
v 0.560000 -0.203437 0.104015
v 0.570000 -0.203437 0.099139
v 0.579999 -0.203434 0.094800
v 0.590000 -0.203416 0.093889
v 0.600001 -0.203435 0.094856
v 0.610000 -0.203437 0.099567
v 0.620000 -0.203438 0.105705
v 0.630000 -0.203438 0.112586
v 0.640000 -0.203438 0.119829
v 0.650000 -0.203438 0.127234
v 0.660000 -0.203438 0.134062
v 0.670000 -0.203438 0.137378
v 0.680000 -0.203438 0.134183
v 0.690000 -0.203438 0.128591
v 0.700000 -0.203438 0.122420
v 0.710000 -0.203438 0.115744
v 0.720000 -0.203438 0.108217
v 0.730000 -0.203437 0.099478
v 0.739993 -0.203433 0.086358
v 0.749879 -0.203341 0.060535
v 0.759054 -0.202523 0.000000
v 0.765926 -0.199491 0.000000
v 0.334673 -0.207964 0.000000
v 0.340662 -0.207093 0.000000
v 0.340454 -0.213565 0.049073
v 0.333773 -0.213767 0.000000
v 0.349432 -0.207096 0.000000
v 0.349922 -0.213591 0.052963
v 0.355974 -0.208009 0.000000
v 0.359060 -0.214106 0.000000
v 0.454009 -0.207370 0.000000
v 0.460098 -0.213245 0.060419
v 0.450475 -0.213917 0.000000
v 0.470008 -0.213154 0.083419
v 0.480001 -0.213129 0.092774
v 0.490000 -0.213126 0.098759
v 0.500000 -0.213126 0.102905
v 0.510000 -0.213126 0.104016
v 0.520000 -0.213125 0.103462
v 0.530000 -0.213125 0.103324
v 0.540000 -0.213125 0.103162
v 0.550000 -0.213124 0.102259
v 0.560000 -0.213124 0.096888
v 0.569995 -0.213118 0.086326
v 0.579967 -0.213051 0.072846
v 0.589999 -0.212819 0.070078
v 0.600023 -0.213083 0.073318
v 0.610003 -0.213123 0.088506
v 0.620000 -0.213125 0.099952
v 0.630000 -0.213125 0.108894
v 0.640000 -0.213125 0.117083
v 0.650000 -0.213125 0.124917
v 0.660000 -0.213125 0.131302
v 0.670000 -0.213125 0.132589
v 0.680000 -0.213125 0.128541
v 0.690000 -0.213125 0.122972
v 0.700000 -0.213125 0.117116
v 0.710000 -0.213125 0.110937
v 0.720000 -0.213125 0.103712
v 0.729996 -0.213124 0.093162
v 0.739918 -0.213088 0.071141
v 0.749169 -0.212625 0.000000
v 0.755944 -0.209238 0.000000
v 0.340481 -0.222737 0.052963
v 0.333777 -0.222263 0.000000
v 0.350026 -0.222837 0.071180
v 0.359903 -0.222932 0.058186
v 0.365991 -0.217058 0.000000
v 0.369527 -0.223604 0.000000
v 0.423965 -0.217673 0.000000
v 0.430628 -0.216726 0.000000
v 0.430076 -0.223264 0.056796
v 0.420470 -0.223669 0.000000
v 0.440102 -0.216185 0.000000
v 0.440008 -0.223174 0.067664
v 0.450033 -0.222889 0.072658
v 0.460005 -0.222820 0.086335
v 0.470000 -0.222814 0.097043
v 0.480000 -0.222813 0.103342
v 0.490000 -0.222813 0.106918
v 0.500000 -0.222813 0.108694
v 0.510000 -0.222813 0.107441
v 0.520000 -0.222813 0.103393
v 0.530000 -0.222812 0.098630
v 0.539999 -0.222809 0.094288
v 0.550000 -0.222788 0.091684
v 0.559992 -0.222780 0.083297
v 0.569902 -0.222693 0.060417
v 0.579528 -0.222051 0.000000
v 0.589987 -0.220223 0.000000
v 0.600341 -0.222508 0.000000
v 0.610046 -0.222791 0.073654
v 0.620003 -0.222812 0.095495
v 0.630000 -0.222812 0.106979
v 0.640000 -0.222813 0.115800
v 0.650000 -0.222813 0.123635
v 0.660000 -0.222813 0.128844
v 0.670000 -0.222813 0.127709
v 0.680000 -0.222813 0.122893
v 0.690000 -0.222813 0.117200
v 0.700000 -0.222813 0.111276
v 0.710000 -0.222813 0.104864
v 0.719999 -0.222812 0.096946
v 0.729969 -0.222804 0.083505
v 0.739573 -0.222704 0.056867
v 0.746668 -0.222160 0.000000
v 0.341013 -0.231589 0.000000
v 0.334719 -0.228600 0.000000
v 0.350124 -0.232406 0.058198
v 0.360003 -0.232502 0.075601
v 0.369967 -0.232577 0.071050
v 0.379956 -0.225854 0.000000
v 0.379997 -0.232859 0.069416
v 0.389998 -0.226227 0.000000
v 0.390000 -0.232906 0.069169
v 0.400002 -0.226227 0.000000
v 0.400000 -0.232906 0.069180
v 0.410044 -0.225858 0.000000
v 0.410003 -0.232859 0.069590
v 0.420033 -0.232580 0.072701
v 0.430004 -0.232530 0.085249
v 0.440000 -0.232524 0.091916
v 0.450001 -0.232504 0.094585
v 0.460000 -0.232500 0.099291
v 0.470000 -0.232500 0.104827
v 0.480000 -0.232500 0.109544
v 0.490000 -0.232500 0.111181
v 0.500000 -0.232500 0.109074
v 0.510000 -0.232500 0.104262
v 0.520000 -0.232500 0.097100
v 0.529995 -0.232493 0.086300
v 0.539967 -0.232423 0.072639
v 0.549991 -0.232138 0.067637
v 0.559891 -0.232039 0.056360
v 0.569059 -0.231519 0.000000
v 0.575991 -0.228570 0.000000
v 0.610365 -0.232498 0.070130
v 0.603058 -0.232474 0.000000
v 0.620025 -0.232500 0.094488
v 0.630001 -0.232500 0.106551
v 0.640000 -0.232500 0.115421
v 0.650000 -0.232500 0.122618
v 0.660000 -0.232500 0.125611
v 0.670000 -0.232500 0.122555
v 0.680000 -0.232500 0.117173
v 0.690000 -0.232500 0.111282
v 0.700000 -0.232500 0.104905
v 0.710000 -0.232500 0.097148
v 0.719990 -0.232491 0.084380
v 0.729866 -0.232374 0.059998
v 0.738990 -0.231585 0.000000
v 0.745341 -0.228592 0.000000
v 0.350817 -0.241729 0.000000
v 0.344059 -0.238304 0.000000
v 0.360079 -0.242156 0.071291
v 0.370003 -0.242190 0.088156
v 0.380000 -0.242211 0.092685
v 0.390000 -0.242214 0.093552
v 0.400000 -0.242214 0.093669
v 0.410000 -0.242211 0.093795
v 0.420001 -0.242191 0.094814
v 0.430000 -0.242189 0.099046
v 0.440000 -0.242188 0.103224
v 0.450000 -0.242188 0.105360
v 0.460000 -0.242188 0.107358
v 0.470000 -0.242188 0.109732
v 0.480000 -0.242188 0.111257
v 0.490000 -0.242188 0.109524
v 0.500000 -0.242187 0.104523
v 0.510000 -0.242187 0.097086
v 0.519991 -0.242178 0.084407
v 0.529902 -0.242071 0.060528
v 0.539525 -0.241395 0.000000
v 0.549899 -0.239128 0.000000
v 0.559367 -0.238585 0.000000
v 0.565969 -0.237620 0.000000
v 0.610368 -0.242190 0.070098
v 0.603099 -0.242228 0.000000
v 0.620025 -0.242188 0.094486
v 0.630001 -0.242188 0.106534
v 0.640000 -0.242188 0.115210
v 0.650000 -0.242188 0.121260
v 0.660000 -0.242188 0.121416
v 0.670000 -0.242188 0.117025
v 0.680000 -0.242188 0.111272
v 0.690000 -0.242188 0.104905
v 0.700000 -0.242187 0.097150
v 0.709990 -0.242178 0.084397
v 0.719869 -0.242061 0.060094
v 0.729053 -0.241270 0.000000
v 0.735921 -0.238241 0.000000
v 0.360371 -0.251872 0.069827
v 0.353140 -0.251833 0.000000
v 0.370025 -0.251875 0.093051
v 0.380001 -0.251876 0.101904
v 0.390000 -0.251876 0.104786
v 0.400000 -0.251876 0.105460
v 0.410000 -0.251876 0.105626
v 0.420000 -0.251875 0.105954
v 0.430000 -0.251875 0.107623
v 0.440000 -0.251875 0.110063
v 0.450000 -0.251875 0.111237
v 0.460000 -0.251875 0.111081
v 0.470000 -0.251875 0.109540
v 0.480000 -0.251875 0.107022
v 0.490000 -0.251875 0.103342
v 0.500000 -0.251874 0.096877
v 0.509990 -0.251866 0.084373
v 0.519869 -0.251749 0.060095
v 0.529056 -0.250959 0.000000
v 0.535991 -0.247947 0.000000
v 0.610079 -0.251907 0.073213
v 0.600816 -0.252333 0.000000
v 0.620004 -0.251876 0.095466
v 0.630000 -0.251875 0.106886
v 0.640000 -0.251875 0.114908
v 0.650000 -0.251875 0.119031
v 0.660000 -0.251875 0.116598
v 0.670000 -0.251875 0.111234
v 0.680000 -0.251875 0.104903
v 0.690000 -0.251875 0.097150
v 0.699990 -0.251866 0.084397
v 0.709869 -0.251749 0.060095
v 0.719053 -0.250957 0.000000
v 0.725926 -0.247928 0.000000
v 0.360420 -0.261562 0.069465
v 0.353527 -0.261558 0.000000
v 0.370027 -0.261562 0.093878
v 0.380001 -0.261563 0.104798
v 0.390000 -0.261563 0.110571
v 0.400000 -0.261563 0.113021
v 0.410000 -0.261563 0.113646
v 0.420000 -0.261562 0.113050
v 0.430000 -0.261562 0.112598
v 0.440000 -0.261562 0.111998
v 0.450000 -0.261562 0.110057
v 0.460000 -0.261562 0.107077
v 0.470000 -0.261562 0.103551
v 0.480000 -0.261562 0.098830
v 0.489999 -0.261559 0.092778
v 0.499991 -0.261533 0.083395
v 0.509869 -0.261433 0.059983
v 0.519053 -0.260645 0.000000
v 0.525926 -0.257616 0.000000
v 0.594059 -0.255758 0.000000
v 0.600124 -0.261657 0.060469
v 0.591009 -0.262474 0.000000
v 0.610008 -0.261567 0.086518
v 0.620000 -0.261563 0.099751
v 0.630000 -0.261562 0.108499
v 0.640000 -0.261562 0.114472
v 0.650000 -0.261562 0.115268
v 0.660000 -0.261562 0.111049
v 0.670000 -0.261562 0.104890
v 0.680000 -0.261562 0.097150
v 0.689990 -0.261553 0.084397
v 0.699869 -0.261436 0.060095
v 0.709053 -0.260645 0.000000
v 0.715926 -0.257616 0.000000
v 0.360425 -0.271245 0.067585
v 0.353582 -0.271194 0.000000
v 0.370027 -0.271250 0.092248
v 0.380001 -0.271250 0.103563
v 0.390000 -0.271250 0.111023
v 0.400000 -0.271250 0.116191
v 0.410000 -0.271250 0.117558
v 0.420000 -0.271250 0.114775
v 0.430000 -0.271250 0.110899
v 0.440000 -0.271250 0.107293
v 0.450000 -0.271250 0.103631
v 0.460000 -0.271249 0.098844
v 0.469999 -0.271246 0.092933
v 0.479996 -0.271222 0.085203
v 0.489962 -0.271168 0.070758
v 0.499888 -0.270836 0.056770
v 0.509055 -0.270271 0.000000
v 0.515926 -0.267299 0.000000
v 0.584659 -0.265470 0.000000
v 0.590427 -0.271358 0.056863
v 0.583335 -0.271903 0.000000
v 0.600030 -0.271258 0.083533
v 0.610001 -0.271250 0.097146
v 0.620000 -0.271250 0.105200
v 0.630000 -0.271250 0.111239
v 0.640000 -0.271250 0.113633
v 0.650000 -0.271250 0.110713
v 0.660000 -0.271250 0.104863
v 0.670000 -0.271250 0.097149
v 0.679990 -0.271241 0.084397
v 0.689869 -0.271123 0.060095
v 0.699053 -0.270332 0.000000
v 0.705926 -0.267303 0.000000
v 0.360469 -0.280864 0.056904
v 0.353757 -0.280331 0.000000
v 0.370031 -0.280934 0.085520
v 0.380001 -0.280937 0.099478
v 0.390000 -0.280937 0.108418
v 0.400000 -0.280937 0.114586
v 0.410000 -0.280937 0.115052
v 0.420000 -0.280937 0.110831
v 0.430000 -0.280937 0.105082
v 0.440000 -0.280937 0.099106
v 0.449999 -0.280934 0.092960
v 0.459996 -0.280910 0.085205
v 0.469963 -0.280855 0.070782
v 0.479920 -0.280533 0.057179
v 0.489486 -0.280072 0.000000
v 0.499326 -0.277707 0.000000
v 0.505966 -0.276424 0.000000
v 0.590085 -0.280975 0.071038
v 0.580898 -0.281435 0.000000
v 0.600004 -0.280939 0.093140
v 0.610000 -0.280938 0.103667
v 0.620000 -0.280937 0.110380
v 0.630000 -0.280937 0.113580
v 0.640000 -0.280937 0.111240
v 0.650000 -0.280937 0.105241
v 0.660000 -0.280937 0.097350
v 0.669991 -0.280929 0.084426
v 0.679869 -0.280811 0.060097
v 0.689053 -0.280020 0.000000
v 0.695926 -0.276991 0.000000
v 0.360885 -0.290167 0.000000
v 0.354698 -0.286784 0.000000
v 0.370083 -0.290593 0.072930
v 0.380004 -0.290624 0.095123
v 0.390000 -0.290625 0.105982
v 0.400000 -0.290625 0.111863
v 0.410000 -0.290625 0.110335
v 0.420000 -0.290625 0.104806
v 0.430000 -0.290625 0.097301
v 0.439995 -0.290618 0.086205
v 0.449963 -0.290546 0.070894
v 0.459920 -0.290221 0.057186
v 0.469486 -0.289759 0.000000
v 0.479331 -0.287396 0.000000
v 0.486028 -0.286129 0.000000
v 0.574696 -0.284782 0.000000
v 0.580466 -0.290700 0.056901
v 0.573718 -0.291234 0.000000
v 0.590031 -0.290629 0.085356
v 0.600001 -0.290625 0.099212
v 0.610000 -0.290625 0.107939
v 0.620000 -0.290625 0.113947
v 0.630000 -0.290625 0.114184
v 0.640000 -0.290625 0.108467
v 0.650000 -0.290625 0.099751
v 0.659993 -0.290620 0.086535
v 0.669879 -0.290530 0.060566
v 0.679054 -0.289711 0.000000
v 0.685926 -0.286678 0.000000
v 0.370374 -0.300304 0.067983
v 0.363162 -0.300214 0.000000
v 0.380025 -0.300312 0.092146
v 0.390001 -0.300312 0.102914
v 0.400000 -0.300312 0.107645
v 0.410000 -0.300312 0.104417
v 0.420000 -0.300312 0.097115
v 0.429991 -0.300303 0.084419
v 0.439901 -0.300195 0.060504
v 0.449484 -0.299508 0.000000
v 0.459331 -0.297086 0.000000
v 0.466028 -0.295817 0.000000
v 0.580373 -0.300320 0.068013
v 0.573162 -0.300411 0.000000
v 0.590025 -0.300313 0.092371
v 0.600001 -0.300312 0.103731
v 0.610000 -0.300312 0.111510
v 0.620000 -0.300312 0.116392
v 0.630000 -0.300312 0.114176
v 0.640000 -0.300312 0.106771
v 0.649996 -0.300311 0.095455
v 0.659921 -0.300281 0.073213
v 0.669185 -0.299854 0.000000
v 0.675946 -0.296429 0.000000
v 0.370475 -0.309895 0.056459
v 0.363719 -0.309386 0.000000
v 0.380033 -0.309991 0.083357
v 0.390001 -0.309999 0.096366
v 0.400000 -0.309999 0.101002
v 0.410000 -0.309999 0.096608
v 0.419990 -0.309990 0.084357
v 0.429869 -0.309873 0.060095
v 0.439056 -0.309083 0.000000
v 0.445988 -0.306071 0.000000
v 0.580082 -0.310032 0.072938
v 0.570881 -0.310458 0.000000
v 0.590004 -0.310001 0.095157
v 0.600000 -0.310000 0.106303
v 0.610000 -0.310000 0.114000
v 0.620000 -0.310000 0.117601
v 0.630000 -0.310000 0.113781
v 0.639999 -0.310000 0.106100
v 0.649975 -0.310000 0.094381
v 0.659633 -0.309997 0.070071
v 0.666901 -0.309959 0.000000
v 0.371014 -0.318772 0.000000
v 0.364715 -0.315783 0.000000
v 0.380134 -0.319558 0.059860
v 0.390009 -0.319655 0.083055
v 0.400000 -0.319661 0.089766
v 0.409991 -0.319655 0.083074
v 0.419869 -0.319558 0.059963
v 0.429053 -0.318770 0.000000
v 0.435926 -0.315741 0.000000
v 0.564640 -0.313845 0.000000
v 0.570417 -0.319764 0.057337
v 0.563330 -0.320336 0.000000
v 0.580028 -0.319691 0.085635
v 0.590001 -0.319688 0.099525
v 0.600000 -0.319687 0.108389
v 0.610000 -0.319687 0.114344
v 0.620000 -0.319687 0.115080
v 0.630000 -0.319687 0.110670
v 0.639999 -0.319687 0.104092
v 0.649975 -0.319687 0.093428
v 0.659635 -0.319688 0.069678
v 0.666942 -0.319713 0.000000
v 0.694614 -0.314532 0.000000
v 0.700715 -0.313638 0.000000
v 0.700403 -0.320133 0.053186
v 0.693285 -0.320413 0.000000
v 0.710063 -0.313471 0.000000
v 0.710027 -0.320099 0.066530
v 0.720003 -0.313455 0.000000
v 0.720001 -0.320097 0.068908
v 0.729997 -0.313455 0.000000
v 0.730000 -0.320097 0.068978
v 0.739942 -0.313472 0.000000
v 0.739994 -0.320100 0.067194
v 0.749369 -0.313641 0.000000
v 0.749891 -0.320151 0.056331
v 0.755970 -0.314570 0.000000
v 0.759059 -0.320669 0.000000
v 0.380945 -0.328393 0.000000
v 0.374079 -0.325423 0.000000
v 0.390109 -0.328911 0.056173
v 0.400000 -0.328960 0.065260
v 0.409891 -0.328911 0.056174
v 0.419055 -0.328393 0.000000
v 0.425926 -0.325423 0.000000
v 0.570081 -0.329411 0.071169
v 0.560831 -0.329875 0.000000
v 0.580004 -0.329376 0.093361
v 0.590000 -0.329375 0.104040
v 0.600000 -0.329375 0.110856
v 0.610000 -0.329375 0.113455
v 0.620000 -0.329375 0.110661
v 0.630000 -0.329375 0.104984
v 0.640000 -0.329375 0.098240
v 0.649996 -0.329372 0.088769
v 0.659954 -0.329375 0.069276
v 0.669660 -0.329676 0.000000
v 0.700048 -0.329425 0.070677
v 0.690356 -0.329724 0.000000
v 0.710003 -0.329402 0.088381
v 0.720000 -0.329402 0.092871
v 0.730000 -0.329402 0.093354
v 0.740000 -0.329402 0.091629
v 0.749992 -0.329407 0.083298
v 0.759902 -0.329495 0.060412
v 0.765991 -0.323620 0.000000
v 0.769527 -0.330167 0.000000
v 0.390628 -0.335421 0.000000
v 0.384030 -0.334492 0.000000
v 0.400000 -0.335573 0.000000
v 0.409372 -0.335421 0.000000
v 0.415970 -0.334492 0.000000
v 0.554060 -0.333262 0.000000
v 0.560125 -0.339159 0.060432
v 0.551013 -0.339974 0.000000
v 0.570008 -0.339067 0.086335
v 0.580000 -0.339063 0.099423
v 0.590000 -0.339063 0.107581
v 0.600000 -0.339063 0.111922
v 0.610000 -0.339063 0.110231
v 0.620000 -0.339063 0.104802
v 0.630000 -0.339062 0.097297
v 0.639995 -0.339055 0.086215
v 0.649967 -0.338989 0.071640
v 0.659997 -0.338759 0.063746
v 0.670000 -0.339062 0.054711
v 0.680001 -0.331924 0.000000
v 0.680003 -0.339364 0.063781
v 0.690023 -0.339106 0.072068
v 0.700003 -0.339066 0.088006
v 0.710000 -0.339063 0.098386
v 0.720000 -0.339063 0.103623
v 0.730000 -0.339063 0.104864
v 0.740000 -0.339063 0.102954
v 0.750000 -0.339064 0.097013
v 0.759995 -0.339070 0.086342
v 0.769967 -0.339139 0.072813
v 0.779954 -0.332418 0.000000
v 0.779997 -0.339422 0.069436
v 0.789940 -0.332809 0.000000
v 0.789995 -0.339471 0.067247
v 0.799374 -0.333012 0.000000
v 0.799924 -0.339517 0.056768
v 0.806035 -0.333926 0.000000
v 0.809530 -0.339919 0.000000
v 0.544715 -0.342967 0.000000
v 0.550475 -0.348855 0.056462
v 0.543719 -0.349364 0.000000
v 0.560033 -0.348758 0.083424
v 0.570001 -0.348750 0.097079
v 0.580000 -0.348750 0.105011
v 0.590000 -0.348750 0.110226
v 0.600000 -0.348750 0.110214
v 0.610000 -0.348750 0.105076
v 0.620000 -0.348750 0.097337
v 0.629992 -0.348742 0.084450
v 0.639902 -0.348634 0.060528
v 0.649528 -0.347988 0.000000
v 0.659987 -0.346161 0.000000
v 0.670341 -0.348448 0.000000
v 0.680046 -0.348750 0.069276
v 0.690003 -0.348752 0.088796
v 0.700000 -0.348750 0.098416
v 0.710000 -0.348750 0.105198
v 0.720000 -0.348750 0.110629
v 0.730000 -0.348750 0.112779
v 0.740000 -0.348750 0.110392
v 0.750000 -0.348750 0.105136
v 0.760000 -0.348750 0.099381
v 0.769999 -0.348754 0.094834
v 0.780000 -0.348774 0.093557
v 0.790000 -0.348777 0.091808
v 0.799996 -0.348780 0.085244
v 0.809967 -0.348830 0.072695
v 0.819954 -0.342109 0.000000
v 0.819997 -0.349110 0.069429
v 0.829940 -0.342496 0.000000
v 0.829994 -0.349159 0.067222
v 0.839369 -0.342701 0.000000
v 0.839891 -0.349214 0.056330
v 0.845969 -0.343633 0.000000
v 0.849055 -0.349733 0.000000
v 0.550374 -0.358446 0.067989
v 0.543159 -0.358536 0.000000
v 0.560025 -0.358438 0.092169
v 0.570001 -0.358438 0.103232
v 0.580000 -0.358438 0.109954
v 0.590000 -0.358438 0.112485
v 0.600000 -0.358438 0.108122
v 0.610000 -0.358437 0.099716
v 0.619993 -0.358433 0.086534
v 0.629880 -0.358343 0.060572
v 0.639058 -0.357525 0.000000
v 0.645991 -0.354512 0.000000
v 0.680368 -0.358436 0.069651
v 0.673095 -0.358410 0.000000
v 0.690025 -0.358438 0.093423
v 0.700001 -0.358438 0.104113
v 0.710000 -0.358438 0.110894
v 0.720000 -0.358438 0.116568
v 0.730000 -0.358438 0.119567
v 0.740000 -0.358438 0.116844
v 0.750000 -0.358438 0.112153
v 0.760000 -0.358438 0.108234
v 0.770000 -0.358438 0.106119
v 0.780000 -0.358438 0.105256
v 0.790000 -0.358438 0.103312
v 0.800000 -0.358438 0.099082
v 0.809999 -0.358441 0.094808
v 0.820000 -0.358461 0.093541
v 0.830000 -0.358464 0.091627
v 0.839991 -0.358470 0.083249
v 0.849866 -0.358567 0.059872
v 0.855921 -0.352701 0.000000
v 0.858986 -0.359353 0.000000
v 0.550079 -0.368157 0.073033
v 0.540818 -0.368585 0.000000
v 0.560004 -0.368126 0.095151
v 0.570000 -0.368125 0.106109
v 0.580000 -0.368125 0.112755
v 0.590000 -0.368125 0.113203
v 0.600000 -0.368125 0.106660
v 0.609996 -0.368124 0.095456
v 0.619924 -0.368093 0.073240
v 0.629214 -0.367668 0.000000
v 0.635948 -0.364242 0.000000
v 0.680416 -0.368125 0.069666
v 0.673483 -0.368125 0.000000
v 0.690027 -0.368125 0.094275
v 0.700001 -0.368125 0.106100
v 0.710000 -0.368125 0.114324
v 0.720000 -0.368125 0.121172
v 0.730000 -0.368125 0.125190
v 0.740000 -0.368125 0.123051
v 0.750000 -0.368125 0.119153
v 0.760000 -0.368125 0.116182
v 0.770000 -0.368125 0.114719
v 0.780000 -0.368125 0.113761
v 0.790000 -0.368125 0.111356
v 0.800000 -0.368125 0.108121
v 0.810000 -0.368125 0.106079
v 0.820000 -0.368126 0.105118
v 0.830000 -0.368126 0.102803
v 0.839999 -0.368126 0.096525
v 0.849966 -0.368134 0.083342
v 0.859521 -0.368230 0.056424
v 0.865282 -0.362342 0.000000
v 0.866242 -0.368736 0.000000
v 0.534059 -0.372009 0.000000
v 0.540124 -0.377907 0.060468
v 0.531009 -0.378724 0.000000
v 0.550007 -0.377817 0.086511
v 0.560000 -0.377813 0.099739
v 0.570000 -0.377813 0.108522
v 0.580000 -0.377813 0.114455
v 0.590000 -0.377813 0.113572
v 0.599999 -0.377813 0.106374
v 0.609978 -0.377812 0.094582
v 0.619684 -0.377812 0.070535
v 0.627328 -0.377800 0.000000
v 0.680368 -0.377814 0.070102
v 0.673095 -0.377842 0.000000
v 0.690025 -0.377813 0.094476
v 0.700001 -0.377813 0.106518
v 0.710000 -0.377813 0.115380
v 0.720000 -0.377813 0.123208
v 0.730000 -0.377813 0.128908
v 0.740000 -0.377813 0.129000
v 0.750000 -0.377813 0.126287
v 0.760000 -0.377813 0.123924
v 0.770000 -0.377813 0.122655
v 0.780000 -0.377813 0.121456
v 0.790000 -0.377813 0.118700
v 0.800000 -0.377813 0.115946
v 0.810000 -0.377813 0.114312
v 0.820000 -0.377813 0.112674
v 0.830000 -0.377813 0.109026
v 0.839999 -0.377813 0.102569
v 0.849972 -0.377813 0.091759
v 0.859574 -0.377818 0.067377
v 0.866416 -0.377866 0.000000
v 0.524659 -0.381720 0.000000
v 0.530427 -0.387608 0.056863
v 0.523335 -0.388153 0.000000
v 0.540030 -0.387508 0.083533
v 0.550001 -0.387500 0.097154
v 0.560000 -0.387500 0.105330
v 0.570000 -0.387500 0.112204
v 0.580000 -0.387500 0.116856
v 0.590000 -0.387500 0.114405
v 0.600000 -0.387500 0.106825
v 0.609998 -0.387501 0.095491
v 0.619956 -0.387522 0.073675
v 0.629686 -0.387831 0.000000
v 0.680046 -0.387522 0.073649
v 0.670344 -0.387833 0.000000
v 0.690003 -0.387501 0.095495
v 0.700000 -0.387500 0.106979
v 0.710000 -0.387500 0.115822
v 0.720000 -0.387500 0.123983
v 0.730000 -0.387500 0.131064
v 0.740000 -0.387500 0.134382
v 0.750000 -0.387500 0.133303
v 0.760000 -0.387500 0.131324
v 0.770000 -0.387500 0.129755
v 0.780000 -0.387500 0.127929
v 0.790000 -0.387500 0.124943
v 0.800000 -0.387500 0.122191
v 0.810000 -0.387500 0.119976
v 0.820000 -0.387500 0.116416
v 0.830000 -0.387500 0.110553
v 0.839999 -0.387500 0.103051
v 0.849972 -0.387500 0.091953
v 0.859575 -0.387495 0.067405
v 0.866416 -0.387447 0.000000
v 0.530085 -0.397225 0.071038
v 0.520898 -0.397685 0.000000
v 0.540004 -0.397189 0.093142
v 0.550000 -0.397188 0.103719
v 0.560000 -0.397187 0.110969
v 0.570000 -0.397187 0.116930
v 0.580000 -0.397187 0.120237
v 0.590000 -0.397187 0.116283
v 0.600000 -0.397187 0.108808
v 0.610000 -0.397188 0.099935
v 0.619998 -0.397190 0.088491
v 0.629978 -0.397233 0.073278
v 0.639971 -0.390498 0.000000
v 0.639998 -0.397544 0.069617
v 0.650000 -0.390874 0.000000
v 0.650000 -0.397590 0.069193
v 0.660030 -0.390498 0.000000
v 0.660002 -0.397544 0.069621
v 0.670023 -0.397233 0.073285
v 0.680003 -0.397190 0.088505
v 0.690000 -0.397188 0.099953
v 0.700000 -0.397188 0.108895
v 0.710000 -0.397187 0.117098
v 0.720000 -0.397188 0.125123
v 0.730000 -0.397188 0.132842
v 0.740000 -0.397188 0.138337
v 0.750000 -0.397188 0.138513
v 0.760000 -0.397188 0.136239
v 0.770000 -0.397188 0.133455
v 0.780000 -0.397188 0.130429
v 0.790000 -0.397187 0.127000
v 0.800000 -0.397188 0.123551
v 0.810000 -0.397188 0.120177
v 0.820000 -0.397188 0.115100
v 0.830000 -0.397188 0.107968
v 0.839999 -0.397187 0.099150
v 0.849969 -0.397183 0.085327
v 0.859531 -0.397112 0.056865
v 0.866243 -0.396581 0.000000
v 0.514696 -0.401032 0.000000
v 0.520466 -0.406950 0.056901
v 0.513718 -0.407484 0.000000
v 0.530031 -0.406879 0.085357
v 0.540001 -0.406875 0.099225
v 0.550000 -0.406875 0.108142
v 0.560000 -0.406875 0.115652
v 0.570000 -0.406875 0.121621
v 0.580000 -0.406875 0.123897
v 0.590000 -0.406875 0.119258
v 0.600000 -0.406875 0.112387
v 0.610000 -0.406875 0.105507
v 0.620000 -0.406875 0.099342
v 0.629999 -0.406877 0.094611
v 0.640000 -0.406899 0.093527
v 0.650000 -0.406901 0.093424
v 0.660000 -0.406899 0.093585
v 0.670001 -0.406877 0.094764
v 0.680000 -0.406875 0.099560
v 0.690000 -0.406875 0.105719
v 0.700000 -0.406875 0.112606
v 0.710000 -0.406875 0.119865
v 0.720000 -0.406875 0.127372
v 0.730000 -0.406875 0.134674
v 0.740000 -0.406875 0.139429
v 0.750000 -0.406875 0.138205
v 0.760000 -0.406875 0.134070
v 0.770000 -0.406875 0.129685
v 0.780000 -0.406875 0.125829
v 0.790000 -0.406875 0.122340
v 0.800000 -0.406875 0.118612
v 0.810000 -0.406875 0.114971
v 0.820000 -0.406875 0.110387
v 0.830000 -0.406875 0.103632
v 0.839996 -0.406874 0.093133
v 0.849915 -0.406838 0.071037
v 0.859102 -0.406377 0.000000
v 0.865301 -0.403031 0.000000
v 0.520373 -0.416570 0.068018
v 0.513159 -0.416661 0.000000
v 0.530025 -0.416563 0.092373
v 0.540001 -0.416562 0.103758
v 0.550000 -0.416562 0.111895
v 0.560000 -0.416562 0.119287
v 0.570000 -0.416562 0.125280
v 0.580000 -0.416562 0.126880
v 0.590000 -0.416562 0.122209
v 0.600000 -0.416562 0.115999
v 0.610000 -0.416562 0.110334
v 0.620000 -0.416562 0.106060
v 0.630000 -0.416563 0.103827
v 0.640000 -0.416563 0.103340
v 0.650000 -0.416563 0.103372
v 0.660000 -0.416563 0.103826
v 0.670000 -0.416563 0.105044
v 0.680000 -0.416562 0.107766
v 0.690000 -0.416562 0.112040
v 0.700000 -0.416562 0.117580
v 0.710000 -0.416562 0.123946
v 0.720000 -0.416562 0.130685
v 0.730000 -0.416562 0.136441
v 0.740000 -0.416562 0.137793
v 0.750000 -0.416562 0.134137
v 0.760000 -0.416562 0.128784
v 0.770000 -0.416562 0.123542
v 0.780000 -0.416562 0.119062
v 0.790000 -0.416562 0.115369
v 0.800000 -0.416562 0.111618
v 0.810000 -0.416562 0.107669
v 0.820000 -0.416562 0.103442
v 0.829999 -0.416561 0.096696
v 0.839969 -0.416554 0.083482
v 0.849573 -0.416454 0.056860
v 0.856665 -0.415910 0.000000
v 0.520079 -0.426282 0.073034
v 0.510818 -0.426710 0.000000
v 0.530004 -0.426251 0.095178
v 0.540000 -0.426250 0.106384
v 0.550000 -0.426250 0.114826
v 0.560000 -0.426250 0.122205
v 0.570000 -0.426250 0.127457
v 0.580000 -0.426250 0.127491
v 0.590000 -0.426250 0.122292
v 0.600000 -0.426250 0.116005
v 0.610000 -0.426250 0.110334
v 0.620000 -0.426250 0.106061
v 0.630000 -0.426250 0.103830
v 0.640000 -0.426249 0.103382
v 0.650000 -0.426250 0.103735
v 0.660000 -0.426250 0.105527
v 0.670000 -0.426250 0.108790
v 0.680000 -0.426250 0.112836
v 0.690000 -0.426250 0.117338
v 0.700000 -0.426250 0.122678
v 0.710000 -0.426250 0.128705
v 0.720000 -0.426250 0.134513
v 0.730000 -0.426250 0.137517
v 0.740000 -0.426250 0.134589
v 0.750000 -0.426250 0.128952
v 0.760000 -0.426250 0.123067
v 0.770000 -0.426250 0.117376
v 0.780000 -0.426250 0.112149
v 0.790000 -0.426250 0.107784
v 0.800000 -0.426250 0.103808
v 0.810000 -0.426249 0.098888
v 0.819999 -0.426246 0.092784
v 0.829991 -0.426220 0.083379
v 0.839866 -0.426120 0.059886
v 0.848990 -0.425334 0.000000
v 0.855341 -0.422342 0.000000
v 0.504059 -0.430134 0.000000
v 0.510124 -0.436032 0.060468
v 0.501009 -0.436849 0.000000
v 0.520007 -0.435942 0.086509
v 0.530000 -0.435938 0.099736
v 0.540000 -0.435938 0.108697
v 0.550000 -0.435938 0.116425
v 0.560000 -0.435938 0.122856
v 0.570000 -0.435937 0.126564
v 0.580000 -0.435937 0.125188
v 0.590000 -0.435937 0.119419
v 0.600000 -0.435938 0.112398
v 0.610000 -0.435938 0.105507
v 0.620000 -0.435937 0.099343
v 0.630000 -0.435935 0.094621
v 0.640000 -0.435916 0.093651
v 0.650000 -0.435935 0.094611
v 0.660000 -0.435937 0.099278
v 0.670000 -0.435937 0.105275
v 0.680000 -0.435938 0.111793
v 0.690000 -0.435938 0.118480
v 0.700000 -0.435938 0.125450
v 0.710000 -0.435938 0.132313
v 0.720000 -0.435938 0.137136
v 0.730000 -0.435937 0.136269
v 0.740000 -0.435937 0.130639
v 0.750000 -0.435937 0.123943
v 0.760000 -0.435938 0.117516
v 0.770000 -0.435938 0.111385
v 0.780000 -0.435938 0.105238
v 0.790000 -0.435937 0.099146
v 0.799999 -0.435934 0.092971
v 0.809996 -0.435910 0.085206
v 0.819962 -0.435855 0.070759
v 0.829888 -0.435524 0.056769
v 0.839055 -0.434959 0.000000
v 0.845921 -0.431986 0.000000
v 0.494656 -0.439844 0.000000
v 0.500424 -0.445732 0.056901
v 0.493288 -0.446265 0.000000
v 0.510030 -0.445633 0.083533
v 0.520001 -0.445625 0.097116
v 0.530000 -0.445625 0.105070
v 0.540000 -0.445625 0.111491
v 0.550000 -0.445625 0.116780
v 0.560000 -0.445625 0.120333
v 0.570000 -0.445625 0.121823
v 0.580000 -0.445625 0.120891
v 0.590000 -0.445625 0.116192
v 0.600000 -0.445625 0.108784
v 0.610000 -0.445625 0.099939
v 0.620000 -0.445623 0.088516
v 0.630000 -0.445584 0.073386
v 0.640000 -0.445322 0.070114
v 0.650000 -0.445584 0.073385
v 0.660000 -0.445623 0.088512
v 0.670000 -0.445625 0.099927
v 0.680000 -0.445625 0.108820
v 0.690000 -0.445625 0.116941
v 0.700000 -0.445625 0.124880
v 0.710000 -0.445625 0.132388
v 0.720000 -0.445625 0.136911
v 0.730000 -0.445625 0.133715
v 0.740000 -0.445625 0.126960
v 0.750000 -0.445625 0.119702
v 0.760000 -0.445625 0.112508
v 0.770000 -0.445625 0.105380
v 0.780000 -0.445625 0.097514
v 0.789995 -0.445619 0.086236
v 0.799963 -0.445546 0.070896
v 0.809919 -0.445221 0.057186
v 0.819486 -0.444759 0.000000
v 0.829326 -0.442394 0.000000
v 0.835966 -0.441111 0.000000
v 0.500049 -0.455340 0.071575
v 0.490360 -0.455688 0.000000
v 0.510003 -0.455314 0.093149
v 0.520000 -0.455313 0.103348
v 0.530000 -0.455312 0.109060
v 0.540000 -0.455312 0.112094
v 0.550000 -0.455312 0.113392
v 0.560000 -0.455312 0.114161
v 0.570000 -0.455312 0.114606
v 0.580000 -0.455312 0.114898
v 0.590000 -0.455312 0.113049
v 0.600000 -0.455312 0.106576
v 0.610000 -0.455312 0.095571
v 0.620000 -0.455293 0.074088
v 0.630000 -0.455031 0.000000
v 0.640000 -0.452768 0.000000
v 0.650000 -0.455031 0.000000
v 0.660000 -0.455293 0.074089
v 0.670000 -0.455312 0.095608
v 0.680000 -0.455312 0.107027
v 0.690000 -0.455312 0.115861
v 0.700000 -0.455312 0.124073
v 0.710000 -0.455312 0.131385
v 0.720000 -0.455312 0.134690
v 0.730000 -0.455312 0.130280
v 0.740000 -0.455312 0.123351
v 0.750000 -0.455312 0.116054
v 0.760000 -0.455312 0.108286
v 0.770000 -0.455312 0.099491
v 0.779994 -0.455308 0.086382
v 0.789910 -0.455225 0.060944
v 0.799485 -0.454511 0.000000
v 0.809331 -0.452086 0.000000
v 0.816028 -0.450817 0.000000
v 0.464031 -0.459880 0.000000
v 0.470633 -0.458913 0.000000
v 0.470109 -0.465460 0.056361
v 0.460941 -0.465981 0.000000
v 0.480089 -0.458332 0.000000
v 0.480008 -0.465359 0.067675
v 0.490024 -0.465047 0.073099
v 0.500003 -0.465003 0.088301
v 0.510000 -0.465000 0.099379
v 0.520000 -0.465000 0.106340
v 0.530000 -0.465000 0.108549
v 0.540000 -0.465000 0.107372
v 0.550000 -0.465000 0.105982
v 0.560000 -0.464999 0.105724
v 0.570000 -0.465000 0.106130
v 0.580000 -0.465000 0.107784
v 0.590000 -0.465000 0.109080
v 0.600000 -0.465000 0.105539
v 0.610000 -0.465001 0.095435
v 0.620000 -0.465019 0.074079
v 0.630000 -0.465282 0.000000
v 0.660000 -0.465019 0.074090
v 0.650000 -0.465282 0.000000
v 0.670000 -0.465001 0.095610
v 0.680000 -0.465000 0.107031
v 0.690000 -0.465000 0.115865
v 0.700000 -0.465000 0.124005
v 0.710000 -0.465000 0.130774
v 0.720000 -0.465000 0.132403
v 0.730000 -0.465000 0.127058
v 0.740000 -0.465000 0.119752
v 0.750000 -0.465000 0.112231
v 0.760000 -0.465000 0.104203
v 0.769996 -0.464999 0.093372
v 0.779919 -0.464964 0.071175
v 0.789173 -0.464501 0.000000
v 0.796007 -0.461131 0.000000
v 0.454012 -0.468934 0.000000
v 0.460099 -0.474808 0.060385
v 0.450516 -0.475492 0.000000
v 0.470008 -0.474720 0.083304
v 0.480000 -0.474711 0.091756
v 0.490001 -0.474690 0.094620
v 0.500000 -0.474688 0.099418
v 0.510000 -0.474687 0.104503
v 0.520000 -0.474687 0.107006
v 0.530000 -0.474687 0.104352
v 0.540000 -0.474687 0.099271
v 0.549999 -0.474684 0.094846
v 0.560000 -0.474666 0.093922
v 0.570001 -0.474685 0.094879
v 0.580000 -0.474687 0.099433
v 0.590000 -0.474687 0.104261
v 0.600000 -0.474687 0.105322
v 0.610000 -0.474688 0.099419
v 0.620000 -0.474690 0.088488
v 0.630000 -0.474729 0.073401
v 0.640000 -0.467545 0.000000
v 0.640000 -0.474991 0.070131
v 0.650000 -0.474729 0.073403
v 0.660000 -0.474690 0.088532
v 0.670000 -0.474688 0.099960
v 0.680000 -0.474687 0.108898
v 0.690000 -0.474687 0.117084
v 0.700000 -0.474687 0.124894
v 0.710000 -0.474687 0.131019
v 0.720000 -0.474687 0.131019
v 0.730000 -0.474687 0.124893
v 0.740000 -0.474687 0.117077
v 0.750000 -0.474687 0.108848
v 0.759999 -0.474687 0.099586
v 0.769974 -0.474684 0.085668
v 0.779605 -0.474612 0.057410
v 0.786673 -0.474039 0.000000
v 0.433972 -0.479183 0.000000
v 0.440669 -0.477914 0.000000
v 0.440080 -0.484779 0.057186
v 0.430514 -0.485241 0.000000
v 0.450037 -0.484454 0.070893
v 0.460005 -0.484382 0.086182
v 0.470000 -0.484376 0.097011
v 0.480000 -0.484376 0.103026
v 0.490000 -0.484375 0.105563
v 0.500000 -0.484375 0.107230
v 0.510000 -0.484375 0.107671
v 0.520000 -0.484375 0.104301
v 0.530000 -0.484375 0.097389
v 0.539995 -0.484369 0.086388
v 0.549967 -0.484301 0.072850
v 0.559999 -0.484069 0.070080
v 0.570023 -0.484333 0.073317
v 0.580003 -0.484373 0.088464
v 0.590000 -0.484375 0.099414
v 0.600000 -0.484375 0.105289
v 0.610000 -0.484375 0.104169
v 0.620000 -0.484375 0.099397
v 0.630000 -0.484377 0.094872
v 0.640000 -0.484396 0.093924
v 0.650000 -0.484377 0.094892
v 0.660000 -0.484375 0.099599
v 0.670000 -0.484375 0.105734
v 0.680000 -0.484375 0.112611
v 0.690000 -0.484375 0.119846
v 0.700000 -0.484375 0.127078
v 0.710000 -0.484375 0.132410
v 0.720000 -0.484375 0.130775
v 0.730000 -0.484375 0.124005
v 0.740000 -0.484375 0.115865
v 0.750000 -0.484375 0.107028
v 0.759999 -0.484374 0.095567
v 0.769962 -0.484346 0.073523
v 0.779432 -0.483951 0.000000
v 0.785404 -0.480533 0.000000
v 0.413969 -0.488870 0.000000
v 0.420669 -0.487604 0.000000
v 0.420079 -0.494467 0.057206
v 0.410473 -0.494916 0.000000
v 0.430037 -0.494145 0.070782
v 0.440004 -0.494090 0.085206
v 0.450001 -0.494066 0.092970
v 0.460000 -0.494063 0.099138
v 0.470000 -0.494063 0.105118
v 0.480000 -0.494063 0.110406
v 0.490000 -0.494063 0.113050
v 0.500000 -0.494063 0.112189
v 0.510000 -0.494063 0.107598
v 0.520000 -0.494062 0.099585
v 0.529994 -0.494058 0.086539
v 0.539912 -0.493978 0.061006
v 0.549529 -0.493304 0.000000
v 0.559987 -0.491474 0.000000
v 0.570342 -0.493758 0.000000
v 0.580046 -0.494041 0.073626
v 0.590003 -0.494062 0.095225
v 0.600000 -0.494062 0.105131
v 0.610000 -0.494063 0.108309
v 0.620000 -0.494063 0.107348
v 0.630000 -0.494063 0.105981
v 0.640000 -0.494063 0.105726
v 0.650000 -0.494063 0.106167
v 0.660000 -0.494063 0.108252
v 0.670000 -0.494063 0.112267
v 0.680000 -0.494063 0.117685
v 0.690000 -0.494063 0.123961
v 0.700000 -0.494063 0.130477
v 0.710000 -0.494063 0.134785
v 0.720000 -0.494063 0.131420
v 0.730000 -0.494063 0.124090
v 0.740000 -0.494063 0.115871
v 0.750000 -0.494063 0.107031
v 0.759999 -0.494064 0.095584
v 0.769965 -0.494092 0.073616
v 0.779496 -0.494487 0.000000
v 0.383965 -0.498611 0.000000
v 0.390628 -0.497664 0.000000
v 0.390076 -0.504201 0.056790
v 0.380473 -0.504607 0.000000
v 0.400101 -0.497125 0.000000
v 0.400008 -0.504112 0.067646
v 0.410033 -0.503830 0.072531
v 0.420004 -0.503778 0.085339
v 0.430001 -0.503754 0.092931
v 0.440000 -0.503751 0.098866
v 0.450000 -0.503750 0.103780
v 0.460000 -0.503750 0.107753
v 0.470000 -0.503750 0.112007
v 0.480000 -0.503750 0.116245
v 0.490000 -0.503750 0.117591
v 0.500000 -0.503750 0.113614
v 0.510000 -0.503750 0.106190
v 0.519996 -0.503749 0.095161
v 0.529921 -0.503718 0.073035
v 0.539186 -0.503291 0.000000
v 0.546011 -0.499888 0.000000
v 0.580368 -0.503747 0.069817
v 0.573098 -0.503719 0.000000
v 0.590025 -0.503750 0.093486
v 0.600001 -0.503750 0.103856
v 0.610000 -0.503750 0.109236
v 0.620000 -0.503750 0.112122
v 0.630000 -0.503750 0.113395
v 0.640000 -0.503750 0.114172
v 0.650000 -0.503750 0.114757
v 0.660000 -0.503750 0.116186
v 0.670000 -0.503750 0.119201
v 0.680000 -0.503750 0.123638
v 0.690000 -0.503750 0.129097
v 0.700000 -0.503750 0.134775
v 0.710000 -0.503750 0.137671
v 0.720000 -0.503750 0.132799
v 0.730000 -0.503750 0.125125
v 0.740000 -0.503750 0.117100
v 0.750000 -0.503750 0.108890
v 0.760000 -0.503750 0.099791
v 0.769996 -0.503754 0.086585
v 0.779934 -0.503834 0.061073
v 0.786054 -0.497925 0.000000
v 0.789529 -0.504539 0.000000
v 0.353969 -0.508300 0.000000
v 0.360629 -0.507352 0.000000
v 0.360078 -0.513889 0.056765
v 0.350514 -0.514307 0.000000
v 0.370101 -0.506813 0.000000
v 0.370008 -0.513799 0.067642
v 0.380033 -0.513517 0.072503
v 0.390004 -0.513468 0.085153
v 0.400000 -0.513461 0.091739
v 0.410001 -0.513441 0.094323
v 0.420000 -0.513438 0.098808
v 0.430000 -0.513438 0.103436
v 0.440000 -0.513438 0.107274
v 0.450000 -0.513438 0.111210
v 0.460000 -0.513438 0.114965
v 0.470000 -0.513438 0.118227
v 0.480000 -0.513438 0.120005
v 0.490000 -0.513438 0.117749
v 0.500000 -0.513438 0.111642
v 0.509999 -0.513438 0.103734
v 0.519975 -0.513437 0.092372
v 0.529627 -0.513430 0.068018
v 0.536842 -0.513339 0.000000
v 0.580421 -0.513411 0.066816
v 0.573542 -0.513375 0.000000
v 0.590027 -0.513435 0.088491
v 0.600001 -0.513437 0.098404
v 0.610000 -0.513438 0.105269
v 0.620000 -0.513438 0.111513
v 0.630000 -0.513438 0.116792
v 0.640000 -0.513438 0.120398
v 0.650000 -0.513438 0.122340
v 0.660000 -0.513438 0.123894
v 0.670000 -0.513438 0.126413
v 0.680000 -0.513438 0.130197
v 0.690000 -0.513438 0.134950
v 0.700000 -0.513438 0.139561
v 0.710000 -0.513438 0.140636
v 0.720000 -0.513438 0.134975
v 0.730000 -0.513438 0.127404
v 0.740000 -0.513438 0.119866
v 0.750000 -0.513438 0.112579
v 0.760000 -0.513438 0.105404
v 0.770000 -0.513438 0.097530
v 0.779996 -0.513443 0.086393
v 0.789967 -0.513514 0.072661
v 0.799899 -0.506810 0.000000
v 0.799991 -0.513800 0.067640
v 0.809367 -0.507353 0.000000
v 0.809891 -0.513898 0.056360
v 0.815969 -0.508318 0.000000
v 0.819059 -0.514419 0.000000
v 0.333969 -0.517932 0.000000
v 0.340669 -0.516667 0.000000
v 0.340079 -0.523529 0.057203
v 0.330473 -0.523978 0.000000
v 0.350037 -0.523207 0.070762
v 0.360004 -0.523155 0.085034
v 0.370000 -0.523149 0.091683
v 0.380001 -0.523129 0.094061
v 0.390000 -0.523126 0.098093
v 0.400000 -0.523126 0.101696
v 0.410000 -0.523125 0.103436
v 0.420000 -0.523125 0.105450
v 0.430000 -0.523125 0.108478
v 0.440000 -0.523125 0.111774
v 0.450000 -0.523125 0.115454
v 0.460000 -0.523125 0.119429
v 0.470000 -0.523125 0.122066
v 0.480000 -0.523125 0.120838
v 0.490000 -0.523125 0.115608
v 0.500000 -0.523125 0.108174
v 0.509999 -0.523125 0.099236
v 0.519969 -0.523121 0.085358
v 0.529534 -0.523050 0.056901
v 0.536282 -0.522516 0.000000
v 0.580458 -0.522735 0.053211
v 0.573753 -0.522433 0.000000
v 0.590031 -0.523079 0.070638
v 0.600001 -0.523123 0.088258
v 0.610000 -0.523125 0.099918
v 0.620000 -0.523125 0.108775
v 0.630000 -0.523125 0.116566
v 0.640000 -0.523125 0.123250
v 0.650000 -0.523125 0.128174
v 0.660000 -0.523125 0.131133
v 0.670000 -0.523125 0.133623
v 0.680000 -0.523125 0.136890
v 0.690000 -0.523125 0.140814
v 0.700000 -0.523125 0.144123
v 0.710000 -0.523125 0.143821
v 0.720000 -0.523125 0.138062
v 0.730000 -0.523125 0.130901
v 0.740000 -0.523125 0.123971
v 0.750000 -0.523125 0.117521
v 0.760000 -0.523125 0.111386
v 0.770000 -0.523125 0.105255
v 0.780000 -0.523125 0.099371
v 0.789999 -0.523129 0.094602
v 0.800000 -0.523149 0.091755
v 0.809992 -0.523157 0.083304
v 0.819902 -0.523245 0.060412
v 0.825991 -0.517370 0.000000
v 0.829525 -0.523917 0.000000
v 0.303965 -0.527674 0.000000
v 0.310628 -0.526727 0.000000
v 0.310076 -0.533264 0.056794
v 0.300473 -0.533669 0.000000
v 0.320101 -0.526188 0.000000
v 0.320008 -0.533174 0.067654
v 0.330033 -0.532892 0.072527
v 0.340004 -0.532840 0.085298
v 0.350001 -0.532816 0.092731
v 0.360000 -0.532813 0.098192
v 0.370000 -0.532813 0.101357
v 0.380000 -0.532813 0.101787
v 0.390000 -0.532812 0.102028
v 0.400000 -0.532812 0.102854
v 0.410000 -0.532812 0.103297
v 0.420000 -0.532812 0.103817
v 0.430000 -0.532812 0.105015
v 0.440000 -0.532812 0.107636
v 0.450000 -0.532812 0.111779
v 0.460000 -0.532812 0.116812
v 0.470000 -0.532812 0.120407
v 0.480000 -0.532812 0.118238
v 0.490000 -0.532812 0.112002
v 0.500000 -0.532812 0.104165
v 0.509996 -0.532811 0.093342
v 0.519915 -0.532776 0.071066
v 0.529102 -0.532315 0.000000
v 0.535304 -0.528968 0.000000
v 0.580721 -0.529632 0.000000
v 0.574676 -0.528343 0.000000
v 0.590080 -0.532498 0.000000
v 0.600004 -0.532792 0.074022
v 0.610000 -0.532812 0.095607
v 0.620000 -0.532812 0.107024
v 0.630000 -0.532812 0.115821
v 0.640000 -0.532812 0.123852
v 0.650000 -0.532812 0.130992
v 0.660000 -0.532812 0.136127
v 0.670000 -0.532812 0.138843
v 0.680000 -0.532812 0.141264
v 0.690000 -0.532812 0.143657
v 0.700000 -0.532812 0.145321
v 0.710000 -0.532812 0.145203
v 0.720000 -0.532812 0.141066
v 0.730000 -0.532812 0.135153
v 0.740000 -0.532812 0.128996
v 0.750000 -0.532812 0.123072
v 0.760000 -0.532812 0.117381
v 0.770000 -0.532812 0.112196
v 0.780000 -0.532812 0.108189
v 0.790000 -0.532813 0.105686
v 0.800000 -0.532813 0.103034
v 0.810000 -0.532814 0.097014
v 0.819995 -0.532820 0.086321
v 0.829966 -0.532889 0.072557
v 0.839893 -0.526185 0.000000
v 0.839967 -0.533174 0.066866
v 0.849277 -0.526725 0.000000
v 0.849542 -0.533253 0.052748
v 0.855324 -0.527652 0.000000
v 0.856245 -0.533510 0.000000
v 0.273969 -0.537362 0.000000
v 0.280629 -0.536414 0.000000
v 0.280078 -0.542951 0.056767
v 0.270514 -0.543370 0.000000
v 0.290101 -0.535875 0.000000
v 0.290008 -0.542862 0.067655
v 0.300033 -0.542580 0.072534
v 0.310004 -0.542530 0.085223
v 0.320000 -0.542524 0.091848
v 0.330001 -0.542504 0.094274
v 0.340000 -0.542501 0.098380
v 0.350000 -0.542500 0.101955
v 0.360000 -0.542500 0.103653
v 0.370000 -0.542500 0.102282
v 0.380000 -0.542500 0.098237
v 0.389999 -0.542496 0.094299
v 0.400000 -0.542476 0.093464
v 0.410000 -0.542474 0.093417
v 0.420000 -0.542476 0.093584
v 0.430000 -0.542498 0.094766
v 0.440000 -0.542500 0.099551
v 0.450000 -0.542500 0.105681
v 0.460000 -0.542500 0.112232
v 0.470000 -0.542500 0.116923
v 0.480000 -0.542500 0.114797
v 0.490000 -0.542500 0.108107
v 0.499999 -0.542500 0.099278
v 0.509971 -0.542496 0.085465
v 0.519582 -0.542422 0.057302
v 0.526666 -0.541852 0.000000
v 0.600033 -0.542530 0.073649
v 0.590474 -0.542935 0.000000
v 0.610001 -0.542501 0.095585
v 0.620000 -0.542500 0.107026
v 0.630000 -0.542500 0.115822
v 0.640000 -0.542500 0.123837
v 0.650000 -0.542500 0.130863
v 0.660000 -0.542500 0.135511
v 0.670000 -0.542500 0.137126
v 0.680000 -0.542500 0.137920
v 0.690000 -0.542500 0.138685
v 0.700000 -0.542500 0.139667
v 0.710000 -0.542500 0.140952
v 0.720000 -0.542500 0.140993
v 0.730000 -0.542500 0.138563
v 0.740000 -0.542500 0.134183
v 0.750000 -0.542500 0.128831
v 0.760000 -0.542500 0.123582
v 0.770000 -0.542500 0.119180
v 0.780000 -0.542500 0.116064
v 0.790000 -0.542500 0.113886
v 0.800000 -0.542500 0.110486
v 0.810000 -0.542500 0.105065
v 0.820000 -0.542500 0.099156
v 0.829998 -0.542504 0.093727
v 0.839972 -0.542524 0.087406
v 0.849575 -0.542529 0.066665
v 0.856417 -0.542562 0.000000
v 0.253968 -0.546995 0.000000
v 0.260669 -0.545730 0.000000
v 0.260079 -0.552592 0.057206
v 0.250471 -0.553040 0.000000
v 0.270037 -0.552270 0.070773
v 0.280004 -0.552218 0.085073
v 0.290000 -0.552211 0.091876
v 0.300001 -0.552191 0.094458
v 0.310000 -0.552189 0.098761
v 0.320000 -0.552188 0.102516
v 0.330000 -0.552188 0.103180
v 0.340000 -0.552188 0.103262
v 0.350000 -0.552187 0.102935
v 0.360000 -0.552187 0.101659
v 0.370000 -0.552186 0.096587
v 0.379995 -0.552180 0.086225
v 0.389967 -0.552111 0.072780
v 0.399997 -0.551828 0.069576
v 0.410000 -0.551785 0.069192
v 0.420000 -0.551831 0.069628
v 0.430001 -0.552144 0.073356
v 0.440000 -0.552185 0.088528
v 0.450000 -0.552187 0.099933
v 0.460000 -0.552188 0.108503
v 0.470000 -0.552188 0.113839
v 0.480000 -0.552188 0.111186
v 0.490000 -0.552187 0.104093
v 0.499996 -0.552186 0.093347
v 0.509915 -0.552152 0.071073
v 0.519106 -0.551690 0.000000
v 0.525359 -0.548340 0.000000
v 0.584009 -0.546382 0.000000
v 0.590098 -0.552281 0.060649
v 0.580944 -0.553102 0.000000
v 0.600005 -0.552192 0.086561
v 0.610000 -0.552188 0.099780
v 0.620000 -0.552188 0.108805
v 0.630000 -0.552188 0.116592
v 0.640000 -0.552188 0.123231
v 0.650000 -0.552188 0.127955
v 0.660000 -0.552188 0.130036
v 0.670000 -0.552188 0.130506
v 0.680000 -0.552188 0.130652
v 0.690000 -0.552188 0.130931
v 0.700000 -0.552188 0.131866
v 0.710000 -0.552188 0.133897
v 0.720000 -0.552188 0.136558
v 0.730000 -0.552188 0.138432
v 0.740000 -0.552188 0.137829
v 0.750000 -0.552188 0.134458
v 0.760000 -0.552188 0.130119
v 0.770000 -0.552188 0.126281
v 0.780000 -0.552188 0.123461
v 0.790000 -0.552188 0.120912
v 0.800000 -0.552188 0.116596
v 0.810000 -0.552188 0.111357
v 0.820000 -0.552188 0.106578
v 0.829999 -0.552188 0.101868
v 0.839973 -0.552188 0.092757
v 0.849577 -0.552188 0.069136
v 0.856433 -0.552188 0.000000
v 0.054031 -0.556759 0.000000
v 0.060568 -0.555846 0.000000
v 0.060085 -0.562341 0.053742
v 0.051011 -0.562855 0.000000
v 0.069343 -0.555843 0.000000
v 0.069603 -0.562323 0.051268
v 0.075390 -0.556721 0.000000
v 0.076715 -0.562602 0.000000
v 0.213965 -0.556739 0.000000
v 0.220626 -0.555825 0.000000
v 0.220076 -0.562329 0.056767
v 0.210473 -0.562732 0.000000
v 0.230060 -0.555621 0.000000
v 0.230005 -0.562284 0.067246
v 0.240046 -0.555234 0.000000
v 0.240003 -0.562235 0.069429
v 0.250033 -0.561955 0.072700
v 0.260004 -0.561903 0.085354
v 0.270001 -0.561879 0.092887
v 0.280000 -0.561876 0.098586
v 0.290000 -0.561876 0.102820
v 0.300000 -0.561875 0.104499
v 0.310000 -0.561875 0.105627
v 0.320000 -0.561875 0.106363
v 0.330000 -0.561875 0.103224
v 0.340000 -0.561875 0.098614
v 0.349999 -0.561871 0.094265
v 0.360000 -0.561851 0.091605
v 0.369992 -0.561843 0.083269
v 0.379902 -0.561755 0.060406
v 0.389527 -0.561083 0.000000
v 0.399956 -0.558835 0.000000
v 0.409998 -0.558499 0.000000
v 0.420002 -0.558879 0.000000
v 0.430033 -0.561574 0.000000
v 0.440002 -0.561855 0.074055
v 0.450000 -0.561874 0.095577
v 0.460000 -0.561875 0.106560
v 0.470000 -0.561875 0.112042
v 0.480000 -0.561875 0.108091
v 0.489999 -0.561875 0.099515
v 0.499972 -0.561871 0.085641
v 0.509584 -0.561799 0.057337
v 0.516667 -0.561227 0.000000
v 0.574074 -0.556134 0.000000
v 0.580130 -0.562001 0.060097
v 0.570947 -0.562793 0.000000
v 0.590008 -0.561883 0.084427
v 0.600000 -0.561875 0.097335
v 0.610000 -0.561875 0.105242
v 0.620000 -0.561875 0.111797
v 0.630000 -0.561875 0.117007
v 0.640000 -0.561875 0.120420
v 0.650000 -0.561875 0.122079
v 0.660000 -0.561875 0.122550
v 0.670000 -0.561875 0.122619
v 0.680000 -0.561875 0.122657
v 0.690000 -0.561875 0.122900
v 0.700000 -0.561875 0.123981
v 0.710000 -0.561875 0.126432
v 0.720000 -0.561875 0.130138
v 0.730000 -0.561875 0.134464
v 0.740000 -0.561875 0.137960
v 0.750000 -0.561875 0.138670
v 0.760000 -0.561875 0.136411
v 0.770000 -0.561875 0.132696
v 0.780000 -0.561875 0.129083
v 0.790000 -0.561875 0.125238
v 0.800000 -0.561875 0.120083
v 0.810000 -0.561875 0.114445
v 0.820000 -0.561875 0.108833
v 0.829999 -0.561875 0.102513
v 0.839972 -0.561875 0.091898
v 0.849574 -0.561869 0.067534
v 0.856417 -0.561819 0.000000
v 0.044718 -0.565784 0.000000
v 0.050479 -0.571671 0.055856
v 0.043758 -0.572174 0.000000
v 0.060030 -0.571595 0.077974
v 0.069953 -0.571613 0.068937
v 0.079643 -0.571942 0.000000
v 0.183965 -0.566423 0.000000
v 0.190628 -0.565477 0.000000
v 0.190076 -0.572013 0.056795
v 0.180470 -0.572419 0.000000
v 0.200101 -0.564938 0.000000
v 0.200008 -0.571924 0.067657
v 0.210033 -0.571643 0.072541
v 0.220004 -0.571593 0.085236
v 0.230000 -0.571589 0.091805
v 0.240000 -0.571586 0.093540
v 0.250001 -0.571566 0.094768
v 0.260000 -0.571563 0.098941
v 0.270000 -0.571563 0.103074
v 0.280000 -0.571563 0.105546
v 0.290000 -0.571563 0.107629
v 0.300000 -0.571563 0.107628
v 0.310000 -0.571563 0.105520
v 0.320000 -0.571562 0.102760
v 0.330000 -0.571562 0.096836
v 0.339995 -0.571555 0.086277
v 0.349967 -0.571486 0.072637
v 0.359991 -0.571200 0.067631
v 0.369891 -0.571102 0.056358
v 0.379059 -0.570581 0.000000
v 0.385991 -0.567630 0.000000
v 0.440033 -0.571593 0.073647
v 0.430473 -0.571998 0.000000
v 0.450001 -0.571564 0.095546
v 0.460000 -0.571563 0.106468
v 0.470000 -0.571563 0.111506
v 0.480000 -0.571563 0.106424
v 0.489996 -0.571561 0.095421
v 0.499921 -0.571531 0.073142
v 0.509151 -0.571108 0.000000
v 0.515362 -0.567718 0.000000
v 0.564074 -0.565822 0.000000
v 0.570131 -0.571689 0.060096
v 0.560944 -0.572479 0.000000
v 0.580010 -0.571572 0.084392
v 0.590000 -0.571563 0.097095
v 0.600000 -0.571563 0.104600
v 0.610000 -0.571563 0.110086
v 0.620000 -0.571563 0.113440
v 0.630000 -0.571563 0.114284
v 0.640000 -0.571563 0.114362
v 0.650000 -0.571563 0.114443
v 0.660000 -0.571563 0.114470
v 0.670000 -0.571563 0.114475
v 0.680000 -0.571563 0.114511
v 0.690000 -0.571563 0.114816
v 0.700000 -0.571563 0.116192
v 0.710000 -0.571563 0.119202
v 0.720000 -0.571563 0.123635
v 0.730000 -0.571563 0.129078
v 0.740000 -0.571563 0.134883
v 0.750000 -0.571563 0.139493
v 0.760000 -0.571563 0.140239
v 0.770000 -0.571563 0.135737
v 0.780000 -0.571563 0.129628
v 0.790000 -0.571563 0.123416
v 0.800000 -0.571563 0.117149
v 0.810000 -0.571563 0.111013
v 0.820000 -0.571563 0.104621
v 0.829999 -0.571562 0.096824
v 0.839966 -0.571554 0.083379
v 0.849521 -0.571457 0.056432
v 0.856242 -0.570951 0.000000
v 0.050426 -0.581256 0.067116
v 0.043584 -0.581306 0.000000
v 0.060027 -0.581251 0.088361
v 0.069998 -0.581253 0.086484
v 0.079977 -0.581297 0.073075
v 0.089969 -0.574565 0.000000
v 0.089998 -0.581607 0.069616
v 0.099999 -0.574976 0.000000
v 0.100000 -0.581656 0.069179
v 0.110000 -0.575014 0.000000
v 0.110000 -0.581660 0.069151
v 0.120000 -0.575016 0.000000
v 0.120000 -0.581660 0.069150
v 0.130000 -0.575016 0.000000
v 0.130000 -0.581660 0.069151
v 0.140000 -0.575016 0.000000
v 0.140000 -0.581660 0.069151
v 0.150000 -0.575014 0.000000
v 0.150000 -0.581660 0.069152
v 0.160002 -0.574979 0.000000
v 0.160000 -0.581656 0.069179
v 0.170043 -0.574608 0.000000
v 0.170003 -0.581609 0.069590
v 0.180033 -0.581330 0.072702
v 0.190004 -0.581280 0.085250
v 0.200000 -0.581274 0.091922
v 0.210001 -0.581254 0.094576
v 0.220000 -0.581251 0.099046
v 0.230000 -0.581251 0.103249
v 0.240000 -0.581251 0.105022
v 0.250000 -0.581250 0.105570
v 0.260000 -0.581250 0.106529
v 0.270000 -0.581250 0.107187
v 0.280000 -0.581250 0.105736
v 0.290000 -0.581250 0.104506
v 0.300000 -0.581249 0.102820
v 0.310000 -0.581249 0.098579
v 0.319999 -0.581246 0.092720
v 0.329992 -0.581221 0.083405
v 0.339902 -0.581130 0.060416
v 0.349525 -0.580458 0.000000
v 0.359898 -0.578190 0.000000
v 0.369367 -0.577647 0.000000
v 0.375969 -0.576683 0.000000
v 0.424014 -0.575444 0.000000
v 0.430101 -0.581344 0.060546
v 0.421010 -0.582162 0.000000
v 0.440005 -0.581255 0.086538
v 0.450000 -0.581250 0.099712
v 0.460000 -0.581250 0.108058
v 0.470000 -0.581250 0.111773
v 0.479999 -0.581250 0.106125
v 0.489978 -0.581250 0.094562
v 0.499684 -0.581249 0.070528
v 0.507324 -0.581236 0.000000
v 0.554012 -0.575491 0.000000
v 0.560099 -0.581367 0.060499
v 0.550516 -0.582055 0.000000
v 0.570009 -0.581259 0.084404
v 0.580000 -0.581250 0.097050
v 0.590000 -0.581250 0.104310
v 0.600000 -0.581250 0.109097
v 0.610000 -0.581250 0.111335
v 0.620000 -0.581250 0.110461
v 0.630000 -0.581250 0.107890
v 0.640000 -0.581250 0.106117
v 0.650000 -0.581249 0.105698
v 0.660000 -0.581249 0.105649
v 0.670000 -0.581249 0.105650
v 0.680000 -0.581249 0.105702
v 0.690000 -0.581250 0.106167
v 0.700000 -0.581250 0.108252
v 0.710000 -0.581250 0.112267
v 0.720000 -0.581250 0.117686
v 0.730000 -0.581250 0.123982
v 0.740000 -0.581250 0.130783
v 0.750000 -0.581250 0.137101
v 0.760000 -0.581250 0.139647
v 0.770000 -0.581250 0.134607
v 0.780000 -0.581250 0.127257
v 0.790000 -0.581250 0.119822
v 0.800000 -0.581250 0.112554
v 0.810000 -0.581250 0.105373
v 0.820000 -0.581250 0.097340
v 0.829991 -0.581242 0.084403
v 0.839866 -0.581124 0.059993
v 0.848986 -0.580335 0.000000
v 0.855282 -0.577345 0.000000
v 0.050423 -0.590938 0.069204
v 0.043566 -0.590940 0.000000
v 0.060027 -0.590937 0.091986
v 0.070001 -0.590938 0.096684
v 0.079999 -0.590940 0.094358
v 0.090000 -0.590961 0.093661
v 0.100000 -0.590964 0.093637
v 0.110000 -0.590964 0.093653
v 0.120000 -0.590964 0.093664
v 0.130000 -0.590964 0.093673
v 0.140000 -0.590964 0.093675
v 0.150000 -0.590964 0.093675
v 0.160000 -0.590964 0.093682
v 0.170000 -0.590961 0.093798
v 0.180001 -0.590941 0.094827
v 0.190000 -0.590938 0.099081
v 0.200000 -0.590938 0.103327
v 0.210000 -0.590938 0.105570
v 0.220000 -0.590937 0.107792
v 0.230000 -0.590937 0.110628
v 0.240000 -0.590937 0.111827
v 0.250000 -0.590937 0.111156
v 0.260000 -0.590937 0.108875
v 0.270000 -0.590937 0.104665
v 0.280000 -0.590937 0.099246
v 0.289999 -0.590935 0.094511
v 0.300000 -0.590914 0.091878
v 0.309996 -0.590907 0.085073
v 0.319962 -0.590855 0.070749
v 0.329888 -0.590524 0.056771
v 0.339059 -0.589960 0.000000
v 0.345991 -0.587005 0.000000
v 0.414715 -0.585155 0.000000
v 0.420475 -0.591043 0.056463
v 0.413719 -0.591551 0.000000
v 0.430032 -0.590945 0.083429
v 0.440001 -0.590938 0.097094
v 0.450000 -0.590937 0.105118
v 0.460000 -0.590937 0.110927
v 0.470000 -0.590937 0.112415
v 0.480000 -0.590937 0.106393
v 0.489998 -0.590938 0.095414
v 0.499957 -0.590959 0.073653
v 0.509687 -0.591241 0.000000
v 0.533968 -0.585743 0.000000
v 0.540669 -0.584476 0.000000
v 0.540079 -0.591340 0.057193
v 0.530469 -0.591760 0.000000
v 0.550037 -0.591016 0.070856
v 0.560005 -0.590945 0.086113
v 0.570000 -0.590938 0.097056
v 0.580000 -0.590937 0.103991
v 0.590000 -0.590937 0.107874
v 0.600000 -0.590937 0.108785
v 0.610000 -0.590937 0.106958
v 0.620000 -0.590937 0.103674
v 0.630000 -0.590937 0.099117
v 0.639999 -0.590934 0.094829
v 0.650000 -0.590914 0.093798
v 0.660000 -0.590911 0.093683
v 0.670000 -0.590911 0.093683
v 0.680000 -0.590914 0.093801
v 0.690001 -0.590935 0.094882
v 0.700000 -0.590937 0.099598
v 0.710000 -0.590937 0.105734
v 0.720000 -0.590937 0.112612
v 0.730000 -0.590937 0.119864
v 0.740000 -0.590937 0.127343
v 0.750000 -0.590937 0.134429
v 0.760000 -0.590937 0.137995
v 0.770000 -0.590937 0.132895
v 0.780000 -0.590937 0.125129
v 0.790000 -0.590937 0.117097
v 0.800000 -0.590937 0.108886
v 0.810000 -0.590937 0.099783
v 0.819993 -0.590933 0.086536
v 0.829879 -0.590843 0.060565
v 0.839054 -0.590023 0.000000
v 0.845921 -0.586991 0.000000
v 1.003965 -0.585801 0.000000
v 1.010626 -0.584889 0.000000
v 1.010076 -0.591392 0.056628
v 1.000473 -0.591794 0.000000
v 1.020058 -0.584722 0.000000
v 1.020005 -0.591350 0.066969
v 1.030003 -0.584705 0.000000
v 1.030000 -0.591347 0.068778
v 1.040000 -0.584704 0.000000
v 1.040000 -0.591347 0.069054
v 1.050000 -0.584704 0.000000
v 1.050000 -0.591347 0.069107
v 1.060000 -0.584704 0.000000
v 1.060000 -0.591347 0.069114
v 1.070000 -0.584704 0.000000
v 1.070000 -0.591347 0.069107
v 1.079997 -0.584705 0.000000
v 1.080000 -0.591347 0.068955
v 1.089942 -0.584722 0.000000
v 1.089995 -0.591349 0.067194
v 1.099374 -0.584889 0.000000
v 1.099924 -0.591392 0.056758
v 1.106035 -0.585801 0.000000
v 1.109527 -0.591794 0.000000
v 0.050423 -0.600625 0.069389
v 0.043566 -0.600622 0.000000
v 0.060027 -0.600625 0.093381
v 0.070001 -0.600625 0.102051
v 0.080000 -0.600625 0.103726
v 0.090000 -0.600626 0.104507
v 0.100000 -0.600626 0.105066
v 0.110000 -0.600626 0.105300
v 0.120000 -0.600626 0.105460
v 0.130000 -0.600626 0.105589
v 0.140000 -0.600626 0.105620
v 0.150000 -0.600626 0.105629
v 0.160000 -0.600626 0.105635
v 0.170000 -0.600626 0.105690
v 0.180000 -0.600625 0.106137
v 0.190000 -0.600625 0.108043
v 0.200000 -0.600625 0.110945
v 0.210000 -0.600625 0.112765
v 0.220000 -0.600625 0.113637
v 0.230000 -0.600625 0.114251
v 0.240000 -0.600625 0.112829
v 0.250000 -0.600625 0.109969
v 0.260000 -0.600625 0.105587
v 0.270000 -0.600625 0.098788
v 0.279997 -0.600622 0.088181
v 0.289976 -0.600578 0.073084
v 0.299993 -0.600266 0.067697
v 0.309922 -0.600174 0.056768
v 0.319486 -0.599756 0.000000
v 0.329326 -0.597394 0.000000
v 0.335966 -0.596111 0.000000
v 0.420374 -0.600634 0.067989
v 0.413159 -0.600723 0.000000
v 0.430025 -0.600625 0.092167
v 0.440001 -0.600625 0.103207
v 0.450000 -0.600625 0.109875
v 0.460000 -0.600625 0.113097
v 0.470000 -0.600625 0.112125
v 0.480000 -0.600625 0.106832
v 0.490000 -0.600625 0.099187
v 0.499998 -0.600627 0.088101
v 0.509978 -0.600667 0.072990
v 0.520014 -0.593530 0.000000
v 0.520001 -0.600931 0.069749
v 0.530033 -0.600702 0.072405
v 0.540004 -0.600653 0.084983
v 0.550001 -0.600629 0.092424
v 0.560000 -0.600625 0.098136
v 0.570000 -0.600625 0.103170
v 0.580000 -0.600625 0.106550
v 0.590000 -0.600625 0.105950
v 0.600000 -0.600625 0.103342
v 0.610000 -0.600624 0.098817
v 0.619999 -0.600621 0.092947
v 0.629996 -0.600597 0.085365
v 0.639967 -0.600545 0.072709
v 0.649997 -0.600266 0.069591
v 0.660000 -0.600219 0.069180
v 0.670000 -0.600219 0.069181
v 0.680002 -0.600268 0.069634
v 0.690023 -0.600580 0.073292
v 0.700003 -0.600623 0.088507
v 0.710000 -0.600625 0.099953
v 0.720000 -0.600625 0.108895
v 0.730000 -0.600625 0.117097
v 0.740000 -0.600625 0.125114
v 0.750000 -0.600625 0.132701
v 0.760000 -0.600625 0.137001
v 0.770000 -0.600625 0.132036
v 0.780000 -0.600625 0.124147
v 0.790000 -0.600625 0.115843
v 0.800000 -0.600625 0.106980
v 0.809996 -0.600624 0.095471
v 0.819921 -0.600593 0.073214
v 0.829184 -0.600167 0.000000
v 0.835946 -0.596741 0.000000
v 0.973965 -0.595486 0.000000
v 0.980628 -0.594539 0.000000
v 0.980076 -0.601075 0.056142
v 0.970471 -0.601480 0.000000
v 0.990102 -0.594000 0.000000
v 0.990008 -0.600986 0.066867
v 1.000033 -0.600704 0.071578
v 1.010004 -0.600654 0.083736
v 1.020000 -0.600652 0.089583
v 1.030000 -0.600652 0.091565
v 1.040000 -0.600652 0.092663
v 1.050000 -0.600652 0.093043
v 1.060000 -0.600652 0.093108
v 1.070000 -0.600652 0.093099
v 1.080000 -0.600652 0.092905
v 1.090000 -0.600652 0.091434
v 1.099996 -0.600655 0.085100
v 1.109967 -0.600705 0.072510
v 1.119899 -0.594001 0.000000
v 1.119991 -0.600987 0.067613
v 1.129367 -0.594541 0.000000
v 1.129888 -0.601086 0.056262
v 1.135965 -0.595505 0.000000
v 1.138993 -0.601605 0.000000
v 0.050426 -0.610306 0.067529
v 0.043584 -0.610256 0.000000
v 0.060028 -0.610312 0.091727
v 0.070001 -0.610312 0.101230
v 0.080000 -0.610312 0.105096
v 0.090000 -0.610313 0.108154
v 0.100000 -0.610313 0.110334
v 0.110000 -0.610313 0.111661
v 0.120000 -0.610313 0.112831
v 0.130000 -0.610313 0.113772
v 0.140000 -0.610313 0.114079
v 0.150000 -0.610313 0.114196
v 0.160000 -0.610313 0.114244
v 0.170000 -0.610313 0.114313
v 0.180000 -0.610313 0.114486
v 0.190000 -0.610313 0.115215
v 0.200000 -0.610313 0.115898
v 0.210000 -0.610313 0.115277
v 0.220000 -0.610313 0.113355
v 0.230000 -0.610313 0.110884
v 0.240000 -0.610312 0.107403
v 0.250000 -0.610312 0.103597
v 0.260000 -0.610312 0.098294
v 0.269996 -0.610308 0.089528
v 0.279952 -0.610264 0.070803
v 0.289640 -0.609933 0.000000
v 0.299911 -0.607293 0.000000
v 0.309372 -0.606713 0.000000
v 0.316031 -0.605763 0.000000
v 0.420079 -0.610344 0.073031
v 0.410818 -0.610773 0.000000
v 0.430004 -0.610314 0.095113
v 0.440000 -0.610313 0.105734
v 0.450000 -0.610313 0.111073
v 0.460000 -0.610313 0.110522
v 0.470000 -0.610313 0.107458
v 0.480000 -0.610312 0.104103
v 0.490000 -0.610312 0.100741
v 0.500000 -0.610312 0.096140
v 0.509999 -0.610314 0.091902
v 0.520000 -0.610333 0.091012
v 0.530001 -0.610315 0.091857
v 0.540000 -0.610313 0.095773
v 0.550000 -0.610312 0.099491
v 0.560000 -0.610312 0.101594
v 0.570000 -0.610312 0.102805
v 0.580000 -0.610312 0.102478
v 0.590000 -0.610312 0.098627
v 0.599999 -0.610309 0.092906
v 0.609996 -0.610285 0.085202
v 0.619963 -0.610230 0.070782
v 0.629921 -0.609908 0.057207
v 0.639529 -0.609460 0.000000
v 0.649957 -0.607267 0.000000
v 0.659998 -0.606898 0.000000
v 0.670002 -0.606901 0.000000
v 0.680030 -0.607313 0.000000
v 0.690342 -0.609980 0.000000
v 0.700046 -0.610290 0.073650
v 0.710003 -0.610312 0.095495
v 0.720000 -0.610313 0.106981
v 0.730000 -0.610313 0.115843
v 0.740000 -0.610313 0.124142
v 0.750000 -0.610313 0.131975
v 0.760000 -0.610313 0.136653
v 0.770000 -0.610313 0.131823
v 0.780000 -0.610313 0.123929
v 0.790000 -0.610313 0.115567
v 0.799999 -0.610313 0.106560
v 0.809975 -0.610312 0.094487
v 0.819633 -0.610310 0.070098
v 0.826901 -0.610272 0.000000
v 0.933965 -0.605176 0.000000
v 0.940626 -0.604262 0.000000
v 0.940076 -0.610766 0.055796
v 0.930472 -0.611169 0.000000
v 0.950060 -0.604059 0.000000
v 0.950005 -0.610720 0.064808
v 0.960046 -0.603671 0.000000
v 0.960002 -0.610668 0.064496
v 0.970033 -0.610369 0.067082
v 0.980004 -0.610316 0.079033
v 0.990000 -0.610310 0.084763
v 1.000001 -0.610290 0.086547
v 1.010000 -0.610290 0.089229
v 1.020001 -0.610310 0.091528
v 1.030000 -0.610312 0.095724
v 1.040000 -0.610312 0.099310
v 1.050000 -0.610312 0.100645
v 1.060000 -0.610312 0.100905
v 1.070000 -0.610313 0.100921
v 1.080000 -0.610313 0.100826
v 1.090000 -0.610313 0.100278
v 1.100000 -0.610314 0.097769
v 1.109999 -0.610316 0.094186
v 1.119999 -0.610337 0.091502
v 1.129970 -0.610344 0.082386
v 1.139576 -0.610423 0.056780
v 1.145344 -0.604537 0.000000
v 1.146710 -0.610954 0.000000
v 0.050479 -0.619892 0.056321
v 0.043758 -0.619388 0.000000
v 0.060033 -0.619971 0.082384
v 0.070002 -0.619996 0.092477
v 0.080000 -0.619999 0.098577
v 0.090000 -0.620000 0.103360
v 0.100000 -0.620000 0.106982
v 0.110000 -0.620000 0.110684
v 0.120000 -0.620000 0.114737
v 0.130000 -0.620000 0.118010
v 0.140000 -0.620000 0.119465
v 0.150000 -0.620000 0.120248
v 0.160000 -0.620000 0.120618
v 0.170000 -0.620000 0.120866
v 0.180000 -0.620000 0.120347
v 0.190000 -0.620000 0.118910
v 0.200000 -0.620000 0.115666
v 0.210000 -0.620000 0.111563
v 0.220000 -0.620000 0.107537
v 0.230000 -0.620000 0.103744
v 0.240000 -0.619999 0.098875
v 0.249999 -0.619996 0.092935
v 0.259995 -0.619972 0.085127
v 0.269941 -0.619918 0.070095
v 0.279594 -0.619605 0.053626
v 0.286715 -0.619279 0.000000
v 0.404059 -0.614196 0.000000
v 0.410124 -0.620095 0.060468
v 0.401009 -0.620912 0.000000
v 0.420007 -0.620005 0.086491
v 0.430000 -0.620000 0.099483
v 0.440000 -0.620000 0.106792
v 0.450000 -0.620000 0.108604
v 0.460000 -0.620000 0.104815
v 0.470000 -0.620000 0.099298
v 0.479999 -0.619996 0.094570
v 0.490000 -0.619976 0.092939
v 0.500000 -0.619974 0.091755
v 0.510000 -0.619973 0.090963
v 0.520000 -0.619974 0.090813
v 0.530000 -0.619974 0.090961
v 0.540000 -0.619973 0.091723
v 0.550000 -0.619973 0.092689
v 0.560000 -0.619973 0.093131
v 0.570000 -0.619973 0.093144
v 0.580000 -0.619973 0.091721
v 0.589996 -0.619970 0.085070
v 0.599963 -0.619918 0.070774
v 0.609920 -0.619595 0.057179
v 0.619486 -0.619134 0.000000
v 0.629331 -0.616771 0.000000
v 0.636032 -0.615505 0.000000
v 0.700365 -0.619998 0.070130
v 0.693058 -0.619973 0.000000
v 0.710024 -0.620000 0.094488
v 0.720001 -0.620000 0.106560
v 0.730000 -0.620000 0.115567
v 0.740000 -0.620000 0.123919
v 0.750000 -0.620000 0.131729
v 0.760000 -0.620000 0.136295
v 0.770000 -0.620000 0.131682
v 0.780000 -0.620000 0.123902
v 0.790000 -0.620000 0.115563
v 0.799999 -0.620000 0.106559
v 0.809976 -0.620000 0.094488
v 0.819635 -0.620002 0.070129
v 0.826942 -0.620027 0.000000
v 0.903965 -0.614861 0.000000
v 0.910628 -0.613914 0.000000
v 0.910076 -0.620450 0.055819
v 0.900470 -0.620855 0.000000
v 0.920101 -0.613376 0.000000
v 0.920008 -0.620361 0.065196
v 0.930032 -0.620076 0.067337
v 0.940004 -0.620006 0.077702
v 0.949996 -0.619996 0.077657
v 0.959967 -0.619944 0.066931
v 0.969998 -0.619644 0.064638
v 0.980000 -0.619595 0.066682
v 0.990000 -0.619591 0.067998
v 1.000000 -0.619594 0.068363
v 1.010003 -0.619641 0.069066
v 1.020033 -0.619920 0.072337
v 1.030004 -0.619970 0.084864
v 1.040000 -0.619973 0.091331
v 1.050000 -0.619973 0.092889
v 1.060000 -0.619974 0.093105
v 1.070000 -0.619976 0.093225
v 1.080001 -0.619998 0.094156
v 1.090000 -0.620000 0.098017
v 1.100000 -0.620000 0.101539
v 1.110000 -0.620000 0.103081
v 1.120000 -0.620001 0.101416
v 1.129997 -0.620002 0.092844
v 1.139949 -0.620028 0.071523
v 1.149599 -0.620388 0.000000
v 0.051012 -0.628711 0.000000
v 0.044718 -0.625778 0.000000
v 0.060115 -0.629274 0.056667
v 0.070038 -0.629605 0.070736
v 0.080004 -0.629660 0.085186
v 0.090001 -0.629684 0.092939
v 0.100000 -0.629687 0.099069
v 0.110000 -0.629687 0.105002
v 0.120000 -0.629687 0.110497
v 0.130000 -0.629687 0.114578
v 0.140000 -0.629687 0.117524
v 0.150000 -0.629687 0.119883
v 0.160000 -0.629687 0.121234
v 0.170000 -0.629687 0.122047
v 0.180000 -0.629687 0.120246
v 0.190000 -0.629687 0.116400
v 0.200000 -0.629687 0.111100
v 0.210000 -0.629687 0.105176
v 0.220000 -0.629687 0.099129
v 0.229999 -0.629684 0.092968
v 0.239996 -0.629660 0.085206
v 0.249963 -0.629605 0.070782
v 0.259919 -0.629283 0.057175
v 0.269482 -0.628822 0.000000
v 0.279242 -0.626460 0.000000
v 0.285383 -0.625212 0.000000
v 0.394659 -0.623908 0.000000
v 0.400427 -0.629796 0.056863
v 0.393335 -0.630340 0.000000
v 0.410030 -0.629695 0.083524
v 0.420001 -0.629688 0.097009
v 0.430000 -0.629687 0.104168
v 0.440000 -0.629687 0.107011
v 0.450000 -0.629687 0.104142
v 0.460000 -0.629687 0.097243
v 0.469995 -0.629680 0.086361
v 0.479967 -0.629611 0.072800
v 0.489997 -0.629328 0.069515
v 0.500000 -0.629281 0.068960
v 0.510000 -0.629278 0.068845
v 0.520000 -0.629278 0.068830
v 0.530000 -0.629278 0.068844
v 0.540000 -0.629278 0.068930
v 0.550000 -0.629278 0.069061
v 0.560000 -0.629278 0.069106
v 0.570000 -0.629278 0.068971
v 0.579995 -0.629275 0.067214
v 0.589922 -0.629233 0.056739
v 0.599486 -0.628818 0.000000
v 0.609331 -0.626458 0.000000
v 0.616028 -0.625192 0.000000
v 0.700367 -0.629690 0.070098
v 0.693099 -0.629728 0.000000
v 0.710025 -0.629688 0.094487
v 0.720001 -0.629688 0.106560
v 0.730000 -0.629688 0.115560
v 0.740000 -0.629687 0.123822
v 0.750000 -0.629687 0.131124
v 0.760000 -0.629688 0.134720
v 0.770000 -0.629688 0.130912
v 0.780000 -0.629688 0.123837
v 0.790000 -0.629688 0.115771
v 0.800000 -0.629688 0.106956
v 0.809997 -0.629688 0.095480
v 0.819954 -0.629710 0.073633
v 0.829658 -0.630019 0.000000
v 0.863965 -0.624551 0.000000
v 0.870626 -0.623637 0.000000
v 0.870076 -0.630142 0.055844
v 0.860470 -0.630542 0.000000
v 0.880060 -0.623434 0.000000
v 0.880005 -0.630095 0.064811
v 0.890046 -0.623046 0.000000
v 0.890002 -0.630043 0.064485
v 0.900033 -0.629744 0.066925
v 0.910004 -0.629691 0.077657
v 0.919996 -0.629681 0.077702
v 0.929968 -0.629611 0.067337
v 0.939992 -0.629327 0.065196
v 0.949924 -0.629237 0.055819
v 0.959530 -0.628832 0.000000
v 0.969957 -0.626642 0.000000
v 0.979998 -0.626272 0.000000
v 0.990000 -0.626238 0.000000
v 1.000002 -0.626272 0.000000
v 1.010044 -0.626642 0.000000
v 1.020470 -0.628831 0.000000
v 1.030076 -0.629233 0.056743
v 1.040005 -0.629276 0.067187
v 1.050000 -0.629278 0.068955
v 1.060000 -0.629281 0.069137
v 1.070002 -0.629331 0.069595
v 1.080023 -0.629641 0.073206
v 1.090003 -0.629685 0.088142
v 1.100000 -0.629687 0.098830
v 1.110000 -0.629687 0.104943
v 1.120000 -0.629688 0.105572
v 1.130000 -0.629688 0.099295
v 1.139997 -0.629690 0.088141
v 1.149971 -0.629737 0.071293
v 1.159338 -0.623188 0.000000
v 1.159886 -0.630098 0.056715
v 1.165962 -0.624511 0.000000
v 1.168992 -0.630664 0.000000
v 0.060674 -0.636144 0.000000
v 0.054039 -0.634861 0.000000
v 0.070514 -0.638509 0.000000
v 0.080080 -0.638971 0.057185
v 0.090037 -0.639296 0.070892
v 0.100005 -0.639368 0.086182
v 0.110000 -0.639374 0.097054
v 0.120000 -0.639375 0.103470
v 0.130000 -0.639375 0.107600
v 0.140000 -0.639375 0.111220
v 0.150000 -0.639375 0.113834
v 0.160000 -0.639375 0.115582
v 0.170000 -0.639375 0.116901
v 0.180000 -0.639375 0.114806
v 0.190000 -0.639375 0.110705
v 0.200000 -0.639375 0.104834
v 0.210000 -0.639375 0.097307
v 0.219995 -0.639368 0.086206
v 0.229963 -0.639296 0.070894
v 0.239920 -0.638971 0.057186
v 0.249486 -0.638509 0.000000
v 0.259331 -0.636146 0.000000
v 0.266028 -0.634879 0.000000
v 0.400085 -0.639412 0.071038
v 0.390894 -0.639873 0.000000
v 0.410004 -0.639376 0.093043
v 0.420000 -0.639375 0.102810
v 0.430000 -0.639375 0.106542
v 0.440000 -0.639375 0.104100
v 0.450000 -0.639375 0.097204
v 0.459992 -0.639367 0.084441
v 0.469902 -0.639258 0.060533
v 0.479527 -0.638584 0.000000
v 0.489956 -0.636333 0.000000
v 0.499998 -0.635959 0.000000
v 0.510000 -0.635923 0.000000
v 0.520000 -0.635921 0.000000
v 0.530000 -0.635921 0.000000
v 0.540000 -0.635921 0.000000
v 0.550000 -0.635921 0.000000
v 0.560000 -0.635921 0.000000
v 0.569997 -0.635920 0.000000
v 0.579942 -0.635903 0.000000
v 0.589374 -0.635736 0.000000
v 0.596032 -0.634823 0.000000
v 0.700079 -0.639407 0.073213
v 0.690816 -0.639833 0.000000
v 0.710004 -0.639376 0.095471
v 0.720000 -0.639375 0.106976
v 0.730000 -0.639375 0.115769
v 0.740000 -0.639375 0.123485
v 0.750000 -0.639375 0.128975
v 0.760000 -0.639375 0.130310
v 0.770000 -0.639375 0.128094
v 0.780000 -0.639375 0.123206
v 0.790000 -0.639375 0.116397
v 0.800000 -0.639375 0.108551
v 0.810000 -0.639375 0.099707
v 0.819997 -0.639377 0.088231
v 0.829977 -0.639420 0.072973
v 0.839972 -0.632650 0.000000
v 0.839998 -0.639728 0.069272
v 0.850042 -0.632693 0.000000
v 0.850003 -0.639731 0.068751
v 0.860033 -0.639455 0.069969
v 0.870003 -0.639401 0.078270
v 0.879996 -0.639374 0.077711
v 0.889967 -0.639319 0.066927
v 0.899998 -0.639019 0.064485
v 0.909995 -0.638967 0.064808
v 0.919924 -0.638922 0.055796
v 0.929528 -0.638518 0.000000
v 0.939899 -0.636312 0.000000
v 0.949372 -0.635774 0.000000
v 0.956035 -0.634827 0.000000
v 1.030626 -0.635736 0.000000
v 1.023965 -0.634824 0.000000
v 1.040058 -0.635903 0.000000
v 1.050003 -0.635922 0.000000
v 1.060002 -0.635961 0.000000
v 1.070031 -0.636373 0.000000
v 1.080358 -0.639000 0.000000
v 1.090049 -0.639349 0.071593
v 1.100003 -0.639374 0.093270
v 1.110000 -0.639375 0.103264
v 1.120000 -0.639375 0.107410
v 1.130000 -0.639375 0.104711
v 1.140000 -0.639375 0.099198
v 1.149998 -0.639378 0.092628
v 1.159970 -0.639404 0.082505
v 1.169573 -0.639486 0.056749
v 1.175341 -0.633600 0.000000
v 1.176665 -0.640028 0.000000
v 0.080669 -0.645836 0.000000
v 0.073972 -0.644567 0.000000
v 0.090516 -0.648258 0.000000
v 0.100099 -0.648942 0.060392
v 0.110008 -0.649033 0.083419
v 0.120001 -0.649059 0.092783
v 0.130000 -0.649061 0.098833
v 0.140000 -0.649062 0.103338
v 0.150000 -0.649062 0.105686
v 0.160000 -0.649063 0.107883
v 0.170000 -0.649063 0.109801
v 0.180000 -0.649063 0.107457
v 0.190000 -0.649062 0.103469
v 0.200000 -0.649061 0.096901
v 0.209991 -0.649053 0.084399
v 0.219901 -0.648945 0.060503
v 0.229484 -0.648258 0.000000
v 0.239331 -0.645836 0.000000
v 0.246028 -0.644567 0.000000
v 0.384641 -0.643223 0.000000
v 0.390417 -0.649140 0.057305
v 0.383330 -0.649711 0.000000
v 0.400028 -0.649067 0.085410
v 0.410001 -0.649063 0.098655
v 0.420000 -0.649063 0.104561
v 0.430000 -0.649063 0.104379
v 0.440000 -0.649062 0.098478
v 0.449993 -0.649057 0.086222
v 0.459879 -0.648966 0.060527
v 0.469058 -0.648149 0.000000
v 0.475991 -0.645135 0.000000
v 0.684059 -0.643258 0.000000
v 0.690124 -0.649157 0.060463
v 0.681013 -0.649974 0.000000
v 0.700008 -0.649067 0.086516
v 0.710000 -0.649063 0.099778
v 0.720000 -0.649063 0.108846
v 0.730000 -0.649063 0.116649
v 0.740000 -0.649063 0.122483
v 0.750000 -0.649063 0.124477
v 0.760000 -0.649063 0.123628
v 0.770000 -0.649063 0.122294
v 0.780000 -0.649063 0.120177
v 0.790000 -0.649063 0.115889
v 0.800000 -0.649063 0.109950
v 0.810000 -0.649063 0.103571
v 0.820000 -0.649063 0.097204
v 0.829999 -0.649065 0.092041
v 0.840000 -0.649085 0.090437
v 0.850000 -0.649085 0.087806
v 0.859996 -0.649059 0.080110
v 0.869963 -0.648985 0.068266
v 0.879921 -0.648659 0.056221
v 0.889529 -0.648211 0.000000
v 0.899954 -0.646017 0.000000
v 0.909940 -0.645629 0.000000
v 0.919374 -0.645425 0.000000
v 0.926035 -0.644511 0.000000
v 1.090415 -0.648985 0.057340
v 1.083287 -0.648427 0.000000
v 1.100028 -0.649058 0.085450
v 1.110001 -0.649062 0.099054
v 1.120000 -0.649063 0.106462
v 1.130000 -0.649063 0.108662
v 1.140000 -0.649063 0.106834
v 1.150000 -0.649063 0.102247
v 1.159996 -0.649065 0.092894
v 1.169915 -0.649100 0.071022
v 1.179106 -0.649560 0.000000
v 0.100941 -0.657773 0.000000
v 0.094012 -0.654817 0.000000
v 0.110112 -0.658336 0.056771
v 0.120038 -0.658667 0.070752
v 0.130004 -0.658720 0.085090
v 0.140000 -0.658726 0.091917
v 0.150001 -0.658746 0.094584
v 0.160000 -0.658750 0.098999
v 0.170000 -0.658750 0.102247
v 0.180000 -0.658750 0.098892
v 0.189999 -0.658747 0.092806
v 0.199991 -0.658720 0.083397
v 0.209870 -0.658620 0.059984
v 0.219056 -0.657833 0.000000
v 0.225988 -0.654821 0.000000
v 0.390081 -0.658786 0.071152
v 0.380831 -0.659250 0.000000
v 0.400004 -0.658751 0.093099
v 0.410000 -0.658750 0.102011
v 0.420000 -0.658750 0.102818
v 0.430000 -0.658750 0.098343
v 0.439995 -0.658746 0.089521
v 0.449919 -0.658692 0.070369
v 0.459169 -0.658246 0.000000
v 0.465945 -0.654863 0.000000
v 0.674715 -0.652967 0.000000
v 0.680475 -0.658855 0.056463
v 0.673717 -0.659363 0.000000
v 0.690033 -0.658757 0.083426
v 0.700001 -0.658750 0.097107
v 0.710000 -0.658750 0.105308
v 0.720000 -0.658750 0.112321
v 0.730000 -0.658750 0.118114
v 0.740000 -0.658750 0.120339
v 0.750000 -0.658750 0.118637
v 0.760000 -0.658750 0.116129
v 0.770000 -0.658750 0.114683
v 0.780000 -0.658750 0.113593
v 0.790000 -0.658750 0.110876
v 0.800000 -0.658750 0.106587
v 0.810000 -0.658750 0.102055
v 0.820000 -0.658749 0.096791
v 0.829999 -0.658746 0.091872
v 0.840000 -0.658727 0.089383
v 0.849992 -0.658719 0.081877
v 0.859901 -0.658629 0.059655
v 0.869484 -0.657945 0.000000
v 0.879331 -0.655524 0.000000
v 0.886032 -0.654255 0.000000
v 1.090894 -0.658252 0.000000
v 1.084638 -0.654903 0.000000
v 1.100085 -0.658714 0.071072
v 1.110004 -0.658749 0.093315
v 1.120000 -0.658750 0.103776
v 1.130000 -0.658750 0.109758
v 1.140000 -0.658750 0.111529
v 1.150000 -0.658750 0.107369
v 1.159999 -0.658750 0.099188
v 1.169971 -0.658754 0.085460
v 1.179582 -0.658828 0.057307
v 1.185359 -0.652910 0.000000
v 1.186670 -0.659398 0.000000
v 0.110674 -0.665206 0.000000
v 0.104034 -0.663924 0.000000
v 0.120514 -0.667568 0.000000
v 0.130078 -0.667986 0.056768
v 0.140008 -0.668076 0.067662
v 0.150033 -0.668361 0.072631
v 0.160004 -0.668432 0.085921
v 0.170000 -0.668437 0.093534
v 0.179997 -0.668435 0.087246
v 0.189971 -0.668388 0.071232
v 0.199889 -0.668027 0.056808
v 0.209055 -0.667459 0.000000
v 0.215926 -0.664486 0.000000
v 0.374060 -0.662637 0.000000
v 0.380125 -0.668534 0.060430
v 0.371013 -0.669349 0.000000
v 0.390007 -0.668442 0.086279
v 0.400000 -0.668438 0.098757
v 0.410000 -0.668437 0.103496
v 0.420000 -0.668437 0.099011
v 0.429997 -0.668435 0.088174
v 0.439950 -0.668391 0.070672
v 0.449592 -0.668044 0.053637
v 0.456671 -0.667704 0.000000
v 0.680371 -0.668445 0.068022
v 0.673115 -0.668523 0.000000
v 0.690025 -0.668438 0.092173
v 0.700001 -0.668437 0.103295
v 0.710000 -0.668437 0.110616
v 0.720000 -0.668437 0.116197
v 0.730000 -0.668437 0.118715
v 0.740000 -0.668437 0.116514
v 0.750000 -0.668437 0.112103
v 0.760000 -0.668437 0.108230
v 0.770000 -0.668437 0.106117
v 0.780000 -0.668437 0.105244
v 0.790000 -0.668437 0.103258
v 0.800000 -0.668437 0.098718
v 0.809999 -0.668434 0.092746
v 0.819996 -0.668410 0.085088
v 0.829967 -0.668358 0.072240
v 0.839991 -0.668075 0.067370
v 0.849891 -0.667977 0.056226
v 0.859059 -0.667456 0.000000
v 0.865988 -0.664504 0.000000
v 1.100417 -0.668361 0.057333
v 1.093334 -0.667789 0.000000
v 1.110029 -0.668434 0.085640
v 1.120001 -0.668437 0.099508
v 1.130000 -0.668437 0.108147
v 1.140000 -0.668437 0.113078
v 1.150000 -0.668437 0.110934
v 1.160000 -0.668437 0.104052
v 1.169996 -0.668439 0.093355
v 1.179919 -0.668473 0.071169
v 1.189169 -0.668938 0.000000
v 0.130629 -0.674524 0.000000
v 0.123969 -0.673576 0.000000
v 0.140101 -0.675065 0.000000
v 0.150474 -0.677336 0.000000
v 0.160089 -0.678038 0.060340
v 0.170004 -0.678119 0.080447
v 0.179949 -0.678097 0.069381
v 0.189599 -0.677737 0.000000
v 0.199338 -0.674937 0.000000
v 0.205967 -0.673614 0.000000
v 0.364715 -0.672342 0.000000
v 0.370475 -0.678230 0.056462
v 0.363719 -0.678739 0.000000
v 0.380033 -0.678133 0.083411
v 0.390001 -0.678125 0.096877
v 0.400000 -0.678125 0.103418
v 0.410000 -0.678125 0.103646
v 0.419997 -0.678124 0.094851
v 0.429952 -0.678102 0.073415
v 0.439608 -0.677777 0.000000
v 0.449255 -0.674942 0.000000
v 0.455380 -0.673652 0.000000
v 0.680047 -0.678147 0.073469
v 0.670346 -0.678461 0.000000
v 0.690003 -0.678126 0.095182
v 0.700000 -0.678125 0.106213
v 0.710000 -0.678125 0.113687
v 0.720000 -0.678125 0.117544
v 0.730000 -0.678125 0.116033
v 0.740000 -0.678125 0.111175
v 0.750000 -0.678125 0.105234
v 0.760000 -0.678125 0.099388
v 0.769999 -0.678121 0.094834
v 0.780000 -0.678101 0.093556
v 0.790000 -0.678098 0.091799
v 0.799996 -0.678095 0.085076
v 0.809963 -0.678043 0.070762
v 0.819921 -0.677721 0.057188
v 0.829527 -0.677272 0.000000
v 0.839898 -0.675062 0.000000
v 0.849367 -0.674522 0.000000
v 0.855970 -0.673558 0.000000
v 1.100880 -0.677669 0.000000
v 1.094640 -0.674281 0.000000
v 1.110082 -0.678093 0.073116
v 1.120004 -0.678124 0.095435
v 1.130000 -0.678125 0.106698
v 1.140000 -0.678125 0.113553
v 1.150000 -0.678125 0.113929
v 1.160000 -0.678125 0.108037
v 1.170000 -0.678125 0.099470
v 1.179992 -0.678130 0.086338
v 1.189875 -0.678221 0.060432
v 1.195940 -0.672324 0.000000
v 1.198987 -0.679037 0.000000
v 0.160826 -0.687309 0.000000
v 0.153990 -0.683945 0.000000
v 0.170051 -0.687747 0.062641
v 0.179580 -0.687701 0.053520
v 0.186710 -0.687171 0.000000
v 0.370374 -0.687821 0.067981
v 0.363162 -0.687911 0.000000
v 0.380025 -0.687813 0.092111
v 0.390001 -0.687813 0.102606
v 0.400000 -0.687813 0.106450
v 0.409999 -0.687813 0.102805
v 0.419975 -0.687812 0.092285
v 0.429629 -0.687806 0.068046
v 0.436883 -0.687726 0.000000
v 0.643965 -0.682673 0.000000
v 0.650628 -0.681724 0.000000
v 0.650076 -0.688264 0.056797
v 0.640470 -0.688669 0.000000
v 0.660089 -0.681143 0.000000
v 0.660007 -0.688172 0.067700
v 0.670023 -0.687858 0.073129
v 0.680003 -0.687815 0.088485
v 0.690000 -0.687813 0.099834
v 0.700000 -0.687813 0.108061
v 0.710000 -0.687813 0.113253
v 0.720000 -0.687813 0.113875
v 0.730000 -0.687813 0.110592
v 0.740000 -0.687813 0.104835
v 0.750000 -0.687812 0.097315
v 0.759995 -0.687805 0.086367
v 0.769967 -0.687736 0.072814
v 0.779997 -0.687453 0.069436
v 0.789995 -0.687404 0.067246
v 0.799922 -0.687358 0.056740
v 0.809486 -0.686943 0.000000
v 0.819331 -0.684583 0.000000
v 0.826032 -0.683318 0.000000
v 1.110371 -0.687810 0.070064
v 1.103143 -0.687770 0.000000
v 1.120025 -0.687812 0.094471
v 1.130001 -0.687813 0.106399
v 1.140000 -0.687813 0.114130
v 1.150000 -0.687813 0.116663
v 1.160000 -0.687813 0.112116
v 1.170000 -0.687813 0.105276
v 1.179999 -0.687813 0.097096
v 1.189967 -0.687820 0.083419
v 1.199521 -0.687918 0.056435
v 1.205282 -0.682029 0.000000
v 1.206242 -0.688424 0.000000
v 0.170294 -0.697000 0.041165
v 0.163319 -0.696757 0.000000
v 0.179021 -0.696517 0.000000
v 0.185346 -0.693588 0.000000
v 0.370082 -0.697532 0.072921
v 0.360880 -0.697958 0.000000
v 0.380004 -0.697501 0.094905
v 0.390000 -0.697500 0.104291
v 0.400000 -0.697500 0.105403
v 0.409999 -0.697500 0.098877
v 0.419969 -0.697496 0.085333
v 0.429534 -0.697425 0.056901
v 0.436284 -0.696892 0.000000
v 0.603969 -0.692365 0.000000
v 0.610626 -0.691450 0.000000
v 0.610078 -0.697955 0.056740
v 0.600514 -0.698370 0.000000
v 0.620060 -0.691247 0.000000
v 0.620005 -0.697909 0.067245
v 0.630046 -0.690859 0.000000
v 0.630003 -0.697860 0.069428
v 0.640033 -0.697580 0.072694
v 0.650004 -0.697530 0.085247
v 0.660000 -0.697524 0.091916
v 0.670001 -0.697502 0.094618
v 0.680000 -0.697500 0.099480
v 0.690000 -0.697500 0.105048
v 0.700000 -0.697500 0.109414
v 0.710000 -0.697500 0.110009
v 0.720000 -0.697500 0.107424
v 0.730000 -0.697500 0.103462
v 0.740000 -0.697499 0.096901
v 0.749991 -0.697491 0.084400
v 0.759902 -0.697383 0.060531
v 0.769527 -0.696709 0.000000
v 0.779954 -0.694457 0.000000
v 0.789940 -0.694066 0.000000
v 0.799374 -0.693863 0.000000
v 0.806032 -0.692948 0.000000
v 1.110420 -0.697500 0.069664
v 1.103526 -0.697498 0.000000
v 1.120027 -0.697500 0.094370
v 1.130001 -0.697500 0.106449
v 1.140000 -0.697500 0.114837
v 1.150000 -0.697500 0.119434
v 1.160000 -0.697500 0.116636
v 1.170000 -0.697500 0.110671
v 1.179999 -0.697500 0.103252
v 1.189972 -0.697500 0.092058
v 1.199574 -0.697506 0.067556
v 1.206417 -0.697556 0.000000
v 0.170084 -0.703362 0.000000
v 0.164530 -0.702628 0.000000
v 0.176060 -0.702590 0.000000
v 0.354640 -0.701344 0.000000
v 0.360417 -0.707264 0.057336
v 0.353330 -0.707836 0.000000
v 0.370028 -0.707192 0.085593
v 0.380001 -0.707188 0.099010
v 0.390000 -0.707187 0.105009
v 0.400000 -0.707187 0.102792
v 0.409996 -0.707186 0.093200
v 0.419916 -0.707152 0.071062
v 0.429103 -0.706690 0.000000
v 0.435304 -0.703343 0.000000
v 0.583968 -0.701995 0.000000
v 0.590669 -0.700729 0.000000
v 0.590079 -0.707592 0.057205
v 0.580471 -0.708040 0.000000
v 0.600037 -0.707270 0.070767
v 0.610004 -0.707218 0.085064
v 0.620000 -0.707214 0.091775
v 0.630000 -0.707211 0.093523
v 0.640001 -0.707191 0.094770
v 0.650000 -0.707188 0.099013
v 0.660000 -0.707188 0.103211
v 0.670000 -0.707188 0.105419
v 0.680000 -0.707187 0.107368
v 0.690000 -0.707187 0.109102
v 0.700000 -0.707187 0.108640
v 0.710000 -0.707187 0.104722
v 0.720000 -0.707187 0.099086
v 0.729999 -0.707184 0.092806
v 0.739991 -0.707158 0.083397
v 0.749869 -0.707058 0.059984
v 0.759056 -0.706271 0.000000
v 0.765991 -0.703260 0.000000
v 1.110423 -0.707187 0.069637
v 1.103563 -0.707188 0.000000
v 1.120027 -0.707187 0.094366
v 1.130001 -0.707187 0.106482
v 1.140000 -0.707187 0.115178
v 1.150000 -0.707187 0.121073
v 1.160000 -0.707187 0.120145
v 1.170000 -0.707187 0.114124
v 1.179999 -0.707187 0.105840
v 1.189973 -0.707187 0.094061
v 1.199577 -0.707188 0.069457
v 1.206434 -0.707190 0.000000
v 0.360081 -0.716911 0.071161
v 0.350831 -0.717375 0.000000
v 0.370004 -0.716876 0.093223
v 0.380000 -0.716875 0.102823
v 0.390000 -0.716875 0.105059
v 0.399999 -0.716875 0.099037
v 0.409974 -0.716871 0.085625
v 0.419606 -0.716799 0.057414
v 0.426670 -0.716227 0.000000
v 0.543965 -0.711739 0.000000
v 0.550626 -0.710825 0.000000
v 0.550076 -0.717329 0.056768
v 0.540470 -0.717731 0.000000
v 0.560060 -0.710621 0.000000
v 0.560005 -0.717284 0.067246
v 0.570046 -0.710234 0.000000
v 0.570003 -0.717234 0.069428
v 0.580033 -0.716955 0.072692
v 0.590004 -0.716903 0.085324
v 0.600001 -0.716879 0.092801
v 0.610000 -0.716876 0.098549
v 0.620000 -0.716876 0.102904
v 0.630000 -0.716876 0.104770
v 0.640000 -0.716875 0.105553
v 0.650000 -0.716875 0.107309
v 0.660000 -0.716875 0.109973
v 0.670000 -0.716875 0.111691
v 0.680000 -0.716875 0.111674
v 0.690000 -0.716875 0.109171
v 0.700000 -0.716875 0.104414
v 0.710000 -0.716875 0.097249
v 0.719995 -0.716868 0.086202
v 0.729962 -0.716796 0.070871
v 0.739888 -0.716462 0.056777
v 0.749055 -0.715896 0.000000
v 0.755926 -0.712924 0.000000
v 1.110423 -0.716875 0.069636
v 1.103565 -0.716875 0.000000
v 1.120027 -0.716875 0.094366
v 1.130001 -0.716875 0.106488
v 1.140000 -0.716875 0.115253
v 1.150000 -0.716875 0.121537
v 1.160000 -0.716875 0.121362
v 1.170000 -0.716875 0.115107
v 1.179999 -0.716875 0.106415
v 1.189973 -0.716875 0.094342
v 1.199577 -0.716875 0.069628
v 1.206435 -0.716875 0.000000
v 0.344060 -0.720762 0.000000
v 0.350124 -0.726659 0.060438
v 0.341009 -0.727474 0.000000
v 0.360008 -0.726567 0.086319
v 0.370000 -0.726563 0.099171
v 0.380000 -0.726562 0.105764
v 0.390000 -0.726562 0.104800
v 0.399999 -0.726561 0.095304
v 0.409964 -0.726532 0.073535
v 0.419465 -0.726129 0.000000
v 0.425406 -0.722720 0.000000
v 0.494614 -0.721407 0.000000
v 0.500715 -0.720513 0.000000
v 0.500403 -0.727008 0.053186
v 0.493285 -0.727289 0.000000
v 0.510063 -0.720345 0.000000
v 0.510027 -0.726974 0.066531
v 0.520005 -0.720292 0.000000
v 0.520001 -0.726969 0.068943
v 0.530044 -0.719920 0.000000
v 0.530003 -0.726922 0.069578
v 0.540033 -0.726642 0.072701
v 0.550004 -0.726593 0.085241
v 0.560000 -0.726589 0.091792
v 0.570000 -0.726586 0.093510
v 0.580001 -0.726566 0.094656
v 0.590000 -0.726563 0.098624
v 0.600000 -0.726563 0.102424
v 0.610000 -0.726562 0.105220
v 0.620000 -0.726562 0.108070
v 0.630000 -0.726562 0.109833
v 0.640000 -0.726562 0.110382
v 0.650000 -0.726562 0.110842
v 0.660000 -0.726562 0.111507
v 0.670000 -0.726562 0.111532
v 0.680000 -0.726562 0.109511
v 0.690000 -0.726562 0.104516
v 0.700000 -0.726562 0.097096
v 0.709991 -0.726553 0.084417
v 0.719900 -0.726445 0.060504
v 0.729484 -0.725758 0.000000
v 0.739326 -0.723335 0.000000
v 0.745966 -0.722049 0.000000
v 1.110423 -0.726562 0.069637
v 1.103563 -0.726563 0.000000
v 1.120027 -0.726562 0.094366
v 1.130001 -0.726562 0.106488
v 1.140000 -0.726562 0.115261
v 1.150000 -0.726562 0.121604
v 1.160000 -0.726562 0.121571
v 1.170000 -0.726562 0.115241
v 1.179999 -0.726562 0.106480
v 1.189973 -0.726562 0.094364
v 1.199577 -0.726562 0.069636
v 1.206435 -0.726562 0.000000
v 0.334659 -0.730470 0.000000
v 0.340427 -0.736358 0.056863
v 0.333335 -0.736903 0.000000
v 0.350030 -0.736258 0.083526
v 0.360001 -0.736250 0.097053
v 0.370000 -0.736250 0.104597
v 0.380000 -0.736250 0.108636
v 0.390000 -0.736250 0.105491
v 0.400000 -0.736251 0.095404
v 0.409997 -0.736270 0.074017
v 0.419965 -0.736551 0.000000
v 0.500048 -0.736301 0.070681
v 0.490357 -0.736629 0.000000
v 0.510003 -0.736277 0.088381
v 0.520000 -0.736276 0.092891
v 0.530000 -0.736274 0.093714
v 0.540001 -0.736254 0.094804
v 0.550000 -0.736251 0.099023
v 0.560000 -0.736251 0.103066
v 0.570000 -0.736251 0.104672
v 0.580000 -0.736250 0.104703
v 0.590000 -0.736250 0.104732
v 0.600000 -0.736250 0.104531
v 0.610000 -0.736250 0.104070
v 0.620000 -0.736249 0.104528
v 0.630000 -0.736249 0.105009
v 0.640000 -0.736249 0.105139
v 0.650000 -0.736249 0.105199
v 0.660000 -0.736249 0.105253
v 0.670000 -0.736249 0.104926
v 0.680000 -0.736249 0.102878
v 0.690000 -0.736249 0.096823
v 0.699990 -0.736240 0.084370
v 0.709869 -0.736123 0.060095
v 0.719056 -0.735333 0.000000
v 0.725988 -0.732321 0.000000
v 1.110420 -0.736250 0.069664
v 1.103526 -0.736252 0.000000
v 1.120027 -0.736250 0.094372
v 1.130001 -0.736250 0.106491
v 1.140000 -0.736250 0.115260
v 1.150000 -0.736250 0.121576
v 1.160000 -0.736250 0.121452
v 1.170000 -0.736250 0.115142
v 1.179999 -0.736250 0.106421
v 1.189973 -0.736250 0.094343
v 1.199577 -0.736250 0.069628
v 1.206435 -0.736250 0.000000
v 0.340085 -0.745975 0.071039
v 0.330894 -0.746436 0.000000
v 0.350004 -0.745939 0.093059
v 0.360000 -0.745938 0.103022
v 0.370000 -0.745938 0.108100
v 0.380000 -0.745938 0.109793
v 0.390000 -0.745938 0.106337
v 0.400000 -0.745938 0.099139
v 0.410000 -0.745940 0.088121
v 0.419999 -0.745981 0.073031
v 0.429998 -0.739248 0.000000
v 0.430000 -0.746294 0.069333
v 0.440000 -0.739664 0.000000
v 0.440000 -0.746344 0.068960
v 0.450000 -0.739702 0.000000
v 0.450000 -0.746347 0.069062
v 0.460000 -0.739702 0.000000
v 0.460000 -0.746347 0.069114
v 0.470002 -0.739664 0.000000
v 0.470000 -0.746344 0.069159
v 0.480031 -0.739252 0.000000
v 0.480002 -0.746294 0.069614
v 0.490023 -0.745984 0.073231
v 0.500003 -0.745941 0.088137
v 0.510000 -0.745939 0.098372
v 0.520000 -0.745938 0.103588
v 0.530000 -0.745938 0.105189
v 0.540000 -0.745938 0.105829
v 0.550000 -0.745938 0.107442
v 0.560000 -0.745938 0.109311
v 0.570000 -0.745938 0.109747
v 0.580000 -0.745938 0.107733
v 0.590000 -0.745938 0.103679
v 0.600000 -0.745937 0.098838
v 0.609999 -0.745934 0.094604
v 0.620000 -0.745914 0.093678
v 0.630000 -0.745911 0.093635
v 0.640000 -0.745911 0.093642
v 0.650000 -0.745911 0.093646
v 0.660000 -0.745911 0.093635
v 0.670000 -0.745911 0.093409
v 0.680000 -0.745911 0.091626
v 0.689991 -0.745905 0.083273
v 0.699869 -0.745808 0.059976
v 0.709053 -0.745020 0.000000
v 0.715926 -0.741991 0.000000
v 1.110371 -0.745940 0.070064
v 1.103143 -0.745980 0.000000
v 1.120025 -0.745938 0.094480
v 1.130001 -0.745938 0.106538
v 1.140000 -0.745938 0.115265
v 1.150000 -0.745938 0.121373
v 1.160000 -0.745938 0.120660
v 1.170000 -0.745938 0.114378
v 1.179999 -0.745938 0.105905
v 1.189973 -0.745938 0.094074
v 1.199577 -0.745937 0.069458
v 1.206434 -0.745935 0.000000
v 0.324641 -0.749785 0.000000
v 0.330418 -0.755703 0.057299
v 0.323334 -0.756273 0.000000
v 0.340029 -0.755629 0.085409
v 0.350001 -0.755625 0.098664
v 0.360000 -0.755625 0.104744
v 0.370000 -0.755625 0.105882
v 0.380000 -0.755625 0.105181
v 0.390000 -0.755624 0.103611
v 0.400000 -0.755624 0.100687
v 0.410000 -0.755624 0.096138
v 0.420000 -0.755627 0.091914
v 0.430000 -0.755649 0.091077
v 0.440000 -0.755651 0.091729
v 0.450000 -0.755652 0.092690
v 0.460000 -0.755652 0.093146
v 0.470000 -0.755651 0.093348
v 0.480000 -0.755649 0.093518
v 0.490001 -0.755628 0.094599
v 0.500000 -0.755625 0.099241
v 0.510000 -0.755625 0.104940
v 0.520000 -0.755625 0.109848
v 0.530000 -0.755625 0.111911
v 0.540000 -0.755625 0.112232
v 0.550000 -0.755625 0.111873
v 0.560000 -0.755625 0.109745
v 0.570000 -0.755625 0.106795
v 0.580000 -0.755625 0.103090
v 0.590000 -0.755624 0.096906
v 0.599995 -0.755618 0.086302
v 0.609967 -0.755548 0.072804
v 0.619997 -0.755266 0.069590
v 0.630000 -0.755219 0.069178
v 0.640000 -0.755216 0.069151
v 0.650000 -0.755215 0.069150
v 0.660000 -0.755215 0.069143
v 0.670000 -0.755215 0.068989
v 0.679994 -0.755213 0.067194
v 0.689891 -0.755161 0.056330
v 0.699055 -0.754642 0.000000
v 0.705926 -0.751673 0.000000
v 0.893134 -0.750800 0.000000
v 0.896935 -0.750784 0.000000
v 0.899614 -0.756556 0.000000
v 0.890844 -0.756659 0.000000
v 1.110083 -0.755657 0.073110
v 1.100884 -0.756081 0.000000
v 1.120004 -0.755626 0.095450
v 1.130000 -0.755625 0.106949
v 1.140000 -0.755625 0.115433
v 1.150000 -0.755625 0.120844
v 1.160000 -0.755625 0.118469
v 1.170000 -0.755625 0.111829
v 1.179999 -0.755625 0.103724
v 1.189972 -0.755625 0.092266
v 1.199575 -0.755620 0.067585
v 1.206417 -0.755569 0.000000
v 0.330085 -0.765348 0.071055
v 0.320894 -0.765810 0.000000
v 0.340004 -0.765314 0.093072
v 0.350000 -0.765313 0.101968
v 0.360000 -0.765312 0.102856
v 0.370000 -0.765312 0.099064
v 0.379999 -0.765310 0.094769
v 0.390000 -0.765289 0.093517
v 0.400000 -0.765286 0.092822
v 0.410000 -0.765286 0.091755
v 0.420000 -0.765289 0.091077
v 0.430001 -0.765310 0.091867
v 0.440000 -0.765312 0.095773
v 0.450000 -0.765313 0.099490
v 0.460000 -0.765313 0.101586
v 0.470000 -0.765313 0.102802
v 0.480000 -0.765313 0.103249
v 0.490000 -0.765313 0.103725
v 0.500000 -0.765312 0.105518
v 0.510000 -0.765312 0.108664
v 0.520000 -0.765312 0.111786
v 0.530000 -0.765312 0.112712
v 0.540000 -0.765312 0.111946
v 0.550000 -0.765312 0.109857
v 0.560000 -0.765312 0.105067
v 0.570000 -0.765312 0.099217
v 0.579999 -0.765310 0.092807
v 0.589992 -0.765283 0.083412
v 0.599902 -0.765192 0.060418
v 0.609527 -0.764521 0.000000
v 0.619956 -0.762271 0.000000
v 0.629998 -0.761897 0.000000
v 0.640000 -0.761861 0.000000
v 0.650000 -0.761859 0.000000
v 0.660000 -0.761859 0.000000
v 0.669997 -0.761858 0.000000
v 0.679942 -0.761841 0.000000
v 0.689369 -0.761672 0.000000
v 0.695969 -0.760742 0.000000
v 0.884001 -0.759561 0.000000
v 0.890093 -0.765437 0.055878
v 0.880473 -0.766104 0.000000
v 0.899971 -0.765401 0.064504
v 0.909338 -0.758858 0.000000
v 0.909921 -0.765717 0.056494
v 0.916032 -0.760120 0.000000
v 0.919530 -0.766165 0.000000
v 1.094698 -0.759466 0.000000
v 1.100469 -0.765386 0.056905
v 1.093757 -0.765919 0.000000
v 1.110031 -0.765316 0.085529
v 1.120001 -0.765313 0.099527
v 1.130000 -0.765312 0.108768
v 1.140000 -0.765312 0.116456
v 1.150000 -0.765312 0.120683
v 1.160000 -0.765312 0.116457
v 1.170000 -0.765312 0.108768
v 1.179999 -0.765312 0.099527
v 1.189969 -0.765308 0.085529
v 1.199531 -0.765239 0.056905
v 1.206244 -0.764706 0.000000
v 0.314641 -0.769160 0.000000
v 0.320418 -0.775078 0.057304
v 0.313330 -0.775648 0.000000
v 0.330028 -0.775004 0.085396
v 0.340001 -0.775000 0.098467
v 0.350000 -0.775000 0.103119
v 0.360000 -0.775000 0.098769
v 0.369997 -0.774997 0.088237
v 0.379977 -0.774953 0.073253
v 0.389998 -0.774643 0.069612
v 0.400000 -0.774594 0.069099
v 0.410000 -0.774594 0.068961
v 0.420003 -0.774641 0.069283
v 0.430033 -0.774920 0.072378
v 0.440004 -0.774972 0.084981
v 0.450001 -0.774996 0.092400
v 0.460000 -0.774999 0.097864
v 0.470000 -0.774999 0.101629
v 0.480000 -0.774999 0.102988
v 0.490000 -0.774999 0.103337
v 0.500000 -0.774999 0.103816
v 0.510000 -0.775000 0.104909
v 0.520000 -0.775000 0.106604
v 0.530000 -0.775000 0.106777
v 0.540000 -0.775000 0.105498
v 0.550000 -0.774999 0.103628
v 0.560000 -0.774999 0.098378
v 0.569997 -0.774997 0.087992
v 0.579971 -0.774951 0.071298
v 0.589889 -0.774589 0.056813
v 0.599059 -0.774023 0.000000
v 0.605991 -0.771068 0.000000
v 0.824677 -0.769838 0.000000
v 0.830721 -0.768950 0.000000
v 0.830461 -0.775437 0.050734
v 0.823774 -0.775642 0.000000
v 0.840064 -0.768784 0.000000
v 0.840030 -0.775411 0.064755
v 0.850003 -0.768765 0.000000
v 0.850001 -0.775409 0.067858
v 0.860002 -0.768728 0.000000
v 0.860000 -0.775406 0.068359
v 0.870044 -0.768354 0.000000
v 0.870003 -0.775359 0.069091
v 0.880033 -0.775077 0.072451
v 0.890005 -0.775007 0.084937
v 0.899999 -0.775004 0.090025
v 0.909996 -0.775028 0.085030
v 0.919967 -0.775080 0.072682
v 0.929956 -0.768358 0.000000
v 0.929997 -0.775359 0.069581
v 0.939995 -0.768730 0.000000
v 0.940000 -0.775406 0.069017
v 0.949942 -0.768782 0.000000
v 0.949994 -0.775412 0.067195
v 0.959369 -0.768953 0.000000
v 0.959891 -0.775464 0.056331
v 0.965970 -0.769883 0.000000
v 0.969059 -0.775981 0.000000
v 1.100425 -0.775005 0.067585
v 1.093584 -0.775056 0.000000
v 1.110028 -0.775000 0.092266
v 1.120001 -0.775000 0.103724
v 1.130000 -0.775000 0.111829
v 1.140000 -0.775000 0.118469
v 1.150000 -0.775000 0.120843
v 1.160000 -0.775000 0.115433
v 1.170000 -0.775000 0.106949
v 1.179996 -0.774999 0.095450
v 1.189918 -0.774968 0.073110
v 1.199116 -0.774544 0.000000
v 1.205302 -0.771159 0.000000
v 0.320082 -0.784724 0.071150
v 0.310831 -0.785188 0.000000
v 0.330004 -0.784689 0.093074
v 0.340000 -0.784688 0.101870
v 0.350000 -0.784688 0.101872
v 0.359997 -0.784687 0.093103
v 0.369951 -0.784661 0.071587
v 0.379643 -0.784313 0.000000
v 0.389969 -0.781686 0.000000
v 0.399999 -0.781276 0.000000
v 0.410002 -0.781273 0.000000
v 0.420043 -0.781643 0.000000
v 0.430470 -0.783835 0.000000
v 0.440079 -0.784284 0.057182
v 0.450037 -0.784605 0.070737
v 0.460004 -0.784657 0.084993
v 0.470000 -0.784661 0.091610
v 0.480000 -0.784661 0.093175
v 0.490000 -0.784661 0.093400
v 0.500000 -0.784664 0.093570
v 0.510001 -0.784684 0.094541
v 0.520000 -0.784687 0.097694
v 0.530000 -0.784686 0.097709
v 0.539999 -0.784684 0.094572
v 0.550000 -0.784664 0.092995
v 0.559997 -0.784660 0.088387
v 0.569950 -0.784636 0.070655
v 0.579599 -0.784295 0.000000
v 0.589338 -0.781500 0.000000
v 0.595967 -0.780177 0.000000
v 0.830481 -0.784608 0.053649
v 0.823777 -0.784138 0.000000
v 0.840033 -0.784683 0.077145
v 0.850001 -0.784690 0.084627
v 0.860001 -0.784711 0.086586
v 0.870000 -0.784711 0.089590
v 0.880001 -0.784691 0.092774
v 0.890000 -0.784688 0.098079
v 0.900000 -0.784688 0.101279
v 0.910000 -0.784688 0.098619
v 0.919999 -0.784691 0.094689
v 0.930000 -0.784711 0.093742
v 0.940000 -0.784714 0.093420
v 0.950000 -0.784714 0.091631
v 0.959992 -0.784720 0.083297
v 0.969901 -0.784808 0.060385
v 0.975988 -0.778934 0.000000
v 0.979484 -0.785492 0.000000
v 1.100423 -0.784688 0.069458
v 1.093566 -0.784690 0.000000
v 1.110028 -0.784688 0.094074
v 1.120001 -0.784688 0.105905
v 1.130000 -0.784688 0.114378
v 1.140000 -0.784688 0.120657
v 1.150000 -0.784688 0.121357
v 1.160000 -0.784688 0.115256
v 1.169999 -0.784688 0.106533
v 1.179975 -0.784687 0.094479
v 1.189629 -0.784685 0.070064
v 1.196857 -0.784645 0.000000
v 0.304056 -0.788574 0.000000
v 0.310121 -0.794471 0.060528
v 0.300946 -0.795289 0.000000
v 0.320007 -0.794380 0.086253
v 0.330000 -0.794375 0.098533
v 0.340000 -0.794375 0.103077
v 0.349999 -0.794375 0.098456
v 0.359972 -0.794371 0.085396
v 0.369585 -0.794298 0.057337
v 0.376713 -0.793739 0.000000
v 0.440669 -0.791146 0.000000
v 0.433968 -0.789880 0.000000
v 0.450514 -0.793505 0.000000
v 0.460078 -0.793920 0.056735
v 0.470005 -0.793963 0.067206
v 0.480000 -0.793965 0.068974
v 0.490000 -0.793969 0.069155
v 0.500003 -0.794016 0.069564
v 0.510033 -0.794295 0.072509
v 0.520004 -0.794345 0.083600
v 0.529996 -0.794345 0.083601
v 0.539967 -0.794295 0.072504
v 0.549996 -0.794016 0.069342
v 0.559973 -0.793967 0.066558
v 0.569597 -0.793930 0.053186
v 0.576713 -0.793648 0.000000
v 0.831012 -0.793396 0.000000
v 0.824719 -0.790470 0.000000
v 0.840112 -0.793915 0.055720
v 0.850008 -0.794016 0.066887
v 0.860023 -0.794329 0.072127
v 0.870003 -0.794372 0.086673
v 0.880000 -0.794375 0.096379
v 0.890000 -0.794375 0.102757
v 0.900000 -0.794375 0.106359
v 0.910000 -0.794375 0.105688
v 0.920000 -0.794375 0.104955
v 0.930000 -0.794376 0.105171
v 0.940000 -0.794376 0.104976
v 0.950000 -0.794376 0.102941
v 0.960000 -0.794376 0.097004
v 0.969995 -0.794382 0.086182
v 0.979963 -0.794454 0.070893
v 0.989331 -0.787914 0.000000
v 0.989919 -0.794779 0.057179
v 0.996028 -0.789183 0.000000
v 0.999482 -0.795241 0.000000
v 1.100423 -0.794375 0.069629
v 1.093563 -0.794375 0.000000
v 1.110028 -0.794375 0.094343
v 1.120001 -0.794375 0.106421
v 1.130000 -0.794375 0.115138
v 1.140000 -0.794375 0.121416
v 1.150000 -0.794375 0.121417
v 1.160000 -0.794375 0.115140
v 1.169999 -0.794375 0.106424
v 1.179973 -0.794375 0.094349
v 1.189581 -0.794375 0.069655
v 1.196474 -0.794373 0.000000
v 0.294079 -0.798322 0.000000
v 0.300134 -0.804189 0.059990
v 0.291014 -0.804978 0.000000
v 0.310009 -0.804071 0.084341
v 0.320000 -0.804063 0.096719
v 0.330000 -0.804062 0.102038
v 0.340000 -0.804062 0.101598
v 0.349996 -0.804061 0.092882
v 0.359915 -0.804025 0.071027
v 0.369107 -0.803565 0.000000
v 0.375363 -0.800216 0.000000
v 0.460626 -0.800423 0.000000
v 0.453968 -0.799510 0.000000
v 0.470058 -0.800591 0.000000
v 0.480003 -0.800610 0.000000
v 0.490002 -0.800646 0.000000
v 0.500044 -0.801017 0.000000
v 0.510470 -0.803206 0.000000
v 0.520071 -0.803606 0.054863
v 0.529929 -0.803606 0.054863
v 0.539530 -0.803206 0.000000
v 0.549954 -0.801017 0.000000
v 0.559934 -0.800629 0.000000
v 0.569285 -0.800427 0.000000
v 0.575386 -0.799531 0.000000
v 0.840633 -0.800462 0.000000
v 0.834036 -0.799495 0.000000
v 0.850089 -0.801043 0.000000
v 0.860360 -0.803683 0.000000
v 0.870049 -0.804014 0.070663
v 0.880004 -0.804058 0.089253
v 0.890000 -0.804062 0.097916
v 0.900000 -0.804062 0.102956
v 0.910000 -0.804062 0.105647
v 0.920000 -0.804062 0.108489
v 0.930000 -0.804062 0.111060
v 0.940000 -0.804062 0.111965
v 0.950000 -0.804062 0.110067
v 0.960000 -0.804062 0.105066
v 0.970000 -0.804063 0.099126
v 0.979999 -0.804066 0.092954
v 0.989995 -0.804090 0.085095
v 0.999938 -0.804144 0.069983
v 1.009237 -0.797603 0.000000
v 1.009539 -0.804456 0.053160
v 1.015321 -0.798848 0.000000
v 1.016245 -0.804755 0.000000
v 1.100420 -0.804063 0.069664
v 1.093526 -0.804065 0.000000
v 1.110027 -0.804062 0.094371
v 1.120001 -0.804062 0.106485
v 1.130000 -0.804062 0.115224
v 1.140000 -0.804062 0.121338
v 1.150000 -0.804062 0.120654
v 1.160000 -0.804062 0.114377
v 1.169999 -0.804062 0.105905
v 1.179973 -0.804062 0.094074
v 1.189577 -0.804062 0.069458
v 1.196436 -0.804060 0.000000
v 0.284715 -0.807967 0.000000
v 0.290475 -0.813855 0.056460
v 0.283719 -0.814364 0.000000
v 0.300033 -0.813759 0.083365
v 0.310001 -0.813750 0.096515
v 0.320000 -0.813750 0.102307
v 0.330000 -0.813750 0.102119
v 0.339999 -0.813750 0.096593
v 0.349970 -0.813742 0.083483
v 0.359573 -0.813642 0.056861
v 0.366665 -0.813097 0.000000
v 0.520568 -0.810093 0.000000
v 0.513961 -0.809197 0.000000
v 0.529432 -0.810093 0.000000
v 0.536039 -0.809197 0.000000
v 0.870406 -0.813355 0.053619
v 0.863285 -0.813029 0.000000
v 0.880059 -0.813668 0.070078
v 0.890005 -0.813722 0.085102
v 0.900001 -0.813746 0.092898
v 0.910000 -0.813750 0.098890
v 0.920000 -0.813750 0.104716
v 0.930000 -0.813750 0.110077
v 0.940000 -0.813750 0.113975
v 0.950000 -0.813750 0.114671
v 0.960000 -0.813750 0.111620
v 0.970000 -0.813750 0.107602
v 0.980000 -0.813750 0.103586
v 0.989999 -0.813751 0.097969
v 0.999971 -0.813754 0.088431
v 1.009575 -0.813776 0.066785
v 1.016417 -0.813811 0.000000
v 1.100371 -0.813753 0.070069
v 1.093140 -0.813792 0.000000
v 1.110025 -0.813750 0.094480
v 1.120001 -0.813750 0.106530
v 1.130000 -0.813750 0.115167
v 1.140000 -0.813750 0.120689
v 1.150000 -0.813750 0.118429
v 1.160000 -0.813750 0.111821
v 1.169999 -0.813750 0.103723
v 1.179973 -0.813750 0.092266
v 1.189575 -0.813745 0.067585
v 1.196417 -0.813694 0.000000
v 0.290374 -0.823446 0.067981
v 0.283159 -0.823536 0.000000
v 0.300025 -0.823438 0.092039
v 0.310001 -0.823438 0.102056
v 0.320000 -0.823438 0.104347
v 0.330000 -0.823437 0.098907
v 0.339993 -0.823433 0.086419
v 0.349876 -0.823343 0.060463
v 0.358991 -0.822526 0.000000
v 0.365341 -0.819530 0.000000
v 0.870758 -0.820210 0.000000
v 0.864617 -0.818962 0.000000
v 0.880518 -0.822572 0.000000
v 0.890081 -0.823033 0.057180
v 0.900037 -0.823359 0.070893
v 0.910005 -0.823431 0.086219
v 0.920000 -0.823437 0.097473
v 0.930000 -0.823438 0.105217
v 0.940000 -0.823438 0.111739
v 0.950000 -0.823438 0.116278
v 0.960000 -0.823438 0.116609
v 0.970000 -0.823438 0.113918
v 0.980000 -0.823438 0.109983
v 0.989999 -0.823438 0.103925
v 0.999973 -0.823438 0.093366
v 1.009577 -0.823438 0.069343
v 1.016434 -0.823440 0.000000
v 1.100079 -0.823469 0.073212
v 1.090817 -0.823896 0.000000
v 1.110004 -0.823439 0.095469
v 1.120000 -0.823438 0.106941
v 1.130000 -0.823438 0.115294
v 1.140000 -0.823438 0.120027
v 1.150000 -0.823438 0.116219
v 1.160000 -0.823438 0.108685
v 1.169999 -0.823437 0.099503
v 1.179969 -0.823434 0.085521
v 1.189531 -0.823364 0.056904
v 1.196244 -0.822831 0.000000
v 0.290079 -0.833157 0.073013
v 0.280818 -0.833585 0.000000
v 0.300004 -0.833126 0.094858
v 0.310000 -0.833125 0.103876
v 0.320000 -0.833125 0.103875
v 0.329996 -0.833124 0.094854
v 0.339921 -0.833093 0.073012
v 0.349182 -0.832665 0.000000
v 0.355941 -0.829241 0.000000
v 0.890669 -0.829899 0.000000
v 0.883972 -0.828629 0.000000
v 0.900515 -0.832324 0.000000
v 0.910090 -0.833038 0.060944
v 0.920006 -0.833121 0.086380
v 0.930000 -0.833125 0.099476
v 0.940000 -0.833125 0.108122
v 0.950000 -0.833125 0.114777
v 0.960000 -0.833125 0.117613
v 0.970000 -0.833125 0.115727
v 0.980000 -0.833125 0.111700
v 0.989999 -0.833125 0.105115
v 0.999973 -0.833125 0.093924
v 1.009577 -0.833125 0.069438
v 1.016434 -0.833122 0.000000
v 1.084059 -0.827321 0.000000
v 1.090124 -0.833220 0.060463
v 1.081013 -0.834037 0.000000
v 1.100008 -0.833130 0.086516
v 1.110000 -0.833125 0.099775
v 1.120000 -0.833125 0.108792
v 1.130000 -0.833125 0.116089
v 1.140000 -0.833125 0.119230
v 1.150000 -0.833125 0.114447
v 1.160000 -0.833125 0.106357
v 1.169996 -0.833124 0.095157
v 1.179917 -0.833093 0.072932
v 1.189116 -0.832667 0.000000
v 1.195302 -0.829284 0.000000
v 0.274054 -0.837009 0.000000
v 0.280121 -0.842907 0.060559
v 0.270946 -0.843727 0.000000
v 0.290007 -0.842817 0.086437
v 0.300000 -0.842813 0.098955
v 0.310000 -0.842813 0.104375
v 0.319999 -0.842813 0.102066
v 0.329975 -0.842812 0.092039
v 0.339626 -0.842804 0.067981
v 0.346842 -0.842714 0.000000
v 0.910827 -0.842313 0.000000
v 0.903993 -0.838944 0.000000
v 0.920081 -0.842777 0.071169
v 0.930004 -0.842811 0.093335
v 0.940000 -0.842813 0.103867
v 0.950000 -0.842813 0.110242
v 0.960000 -0.842813 0.112605
v 0.970000 -0.842813 0.110868
v 0.980000 -0.842813 0.107061
v 0.989999 -0.842812 0.101835
v 0.999972 -0.842812 0.091809
v 1.009574 -0.842806 0.067534
v 1.016417 -0.842756 0.000000
v 1.074718 -0.837030 0.000000
v 1.080479 -0.842918 0.056435
v 1.073756 -0.843424 0.000000
v 1.090033 -0.842820 0.083420
v 1.100001 -0.842813 0.097104
v 1.110000 -0.842813 0.105306
v 1.120000 -0.842813 0.112289
v 1.130000 -0.842813 0.117620
v 1.140000 -0.842813 0.117531
v 1.150000 -0.842813 0.111730
v 1.159999 -0.842813 0.103765
v 1.169975 -0.842812 0.092380
v 1.179626 -0.842805 0.068013
v 1.186838 -0.842714 0.000000
v 0.264079 -0.846759 0.000000
v 0.270134 -0.852626 0.059995
v 0.261010 -0.853415 0.000000
v 0.280009 -0.852508 0.084334
v 0.290000 -0.852500 0.096752
v 0.300000 -0.852500 0.102432
v 0.310000 -0.852500 0.102575
v 0.319999 -0.852500 0.096694
v 0.329967 -0.852493 0.083392
v 0.339525 -0.852395 0.056461
v 0.346281 -0.851887 0.000000
v 0.754026 -0.847384 0.000000
v 0.760568 -0.846471 0.000000
v 0.760079 -0.852966 0.053744
v 0.750940 -0.853481 0.000000
v 0.769338 -0.846468 0.000000
v 0.769548 -0.852946 0.050816
v 0.775328 -0.847344 0.000000
v 0.776245 -0.853198 0.000000
v 0.920418 -0.852422 0.057295
v 0.913330 -0.851852 0.000000
v 0.930028 -0.852495 0.085295
v 0.940001 -0.852499 0.098029
v 0.950000 -0.852499 0.103574
v 0.960000 -0.852499 0.104872
v 0.970000 -0.852499 0.103241
v 0.980000 -0.852499 0.098776
v 0.989998 -0.852496 0.092532
v 0.999967 -0.852471 0.082389
v 1.009521 -0.852391 0.056321
v 1.016242 -0.851888 0.000000
v 1.080422 -0.852506 0.067584
v 1.073545 -0.852558 0.000000
v 1.090028 -0.852500 0.092064
v 1.100001 -0.852500 0.103255
v 1.110000 -0.852500 0.110672
v 1.120000 -0.852500 0.116642
v 1.130000 -0.852500 0.119603
v 1.140000 -0.852500 0.116023
v 1.150000 -0.852500 0.108660
v 1.159999 -0.852500 0.099504
v 1.169969 -0.852496 0.085527
v 1.179534 -0.852426 0.056931
v 1.186282 -0.851891 0.000000
v 0.254659 -0.856408 0.000000
v 0.260427 -0.862296 0.056864
v 0.253332 -0.862840 0.000000
v 0.270031 -0.862196 0.083443
v 0.280001 -0.862188 0.096375
v 0.290000 -0.862188 0.102047
v 0.300000 -0.862188 0.102867
v 0.310000 -0.862187 0.098079
v 0.319993 -0.862182 0.086153
v 0.329875 -0.862091 0.060420
v 0.338987 -0.861276 0.000000
v 0.345285 -0.858283 0.000000
v 0.643965 -0.857051 0.000000
v 0.650626 -0.856139 0.000000
v 0.650076 -0.862642 0.056696
v 0.640470 -0.863044 0.000000
v 0.660058 -0.855972 0.000000
v 0.660005 -0.862600 0.067184
v 0.670003 -0.855955 0.000000
v 0.670000 -0.862597 0.068960
v 0.680000 -0.855954 0.000000
v 0.680000 -0.862597 0.069118
v 0.689997 -0.855955 0.000000
v 0.690000 -0.862597 0.068982
v 0.699942 -0.855972 0.000000
v 0.699995 -0.862600 0.067217
v 0.709374 -0.856139 0.000000
v 0.709924 -0.862641 0.056771
v 0.716035 -0.857049 0.000000
v 0.719531 -0.863016 0.000000
v 0.744009 -0.856430 0.000000
v 0.750097 -0.862307 0.059803
v 0.740471 -0.862951 0.000000
v 0.759980 -0.862220 0.077978
v 0.769575 -0.862217 0.065089
v 0.776419 -0.862249 0.000000
v 0.920894 -0.861686 0.000000
v 0.914641 -0.858340 0.000000
v 0.930084 -0.862127 0.070149
v 0.940004 -0.862160 0.088340
v 0.950000 -0.862161 0.092868
v 0.960000 -0.862161 0.093361
v 0.970000 -0.862161 0.091790
v 0.979996 -0.862157 0.085080
v 0.989962 -0.862105 0.070732
v 0.999885 -0.861774 0.056667
v 1.008988 -0.861211 0.000000
v 1.015282 -0.858278 0.000000
v 1.080371 -0.862190 0.069885
v 1.073144 -0.862232 0.000000
v 1.090025 -0.862188 0.094175
v 1.100001 -0.862188 0.105889
v 1.110000 -0.862188 0.114127
v 1.120000 -0.862188 0.119910
v 1.130000 -0.862188 0.120179
v 1.140000 -0.862188 0.114560
v 1.150000 -0.862188 0.106364
v 1.159996 -0.862186 0.095158
v 1.169917 -0.862156 0.072932
v 1.179116 -0.861730 0.000000
v 1.185305 -0.858346 0.000000
v 0.260082 -0.871912 0.071106
v 0.250831 -0.872375 0.000000
v 0.270004 -0.871876 0.092747
v 0.280000 -0.871875 0.101091
v 0.290000 -0.871875 0.101887
v 0.300000 -0.871875 0.097877
v 0.309995 -0.871870 0.089442
v 0.319919 -0.871817 0.070363
v 0.329169 -0.871371 0.000000
v 0.335940 -0.867988 0.000000
v 0.584031 -0.866758 0.000000
v 0.590631 -0.865828 0.000000
v 0.590109 -0.872339 0.054989
v 0.580945 -0.872858 0.000000
v 0.600058 -0.865659 0.000000
v 0.600005 -0.872285 0.062586
v 0.610003 -0.865639 0.000000
v 0.610000 -0.872261 0.063542
v 0.620002 -0.865602 0.000000
v 0.620000 -0.872258 0.063688
v 0.630044 -0.865233 0.000000
v 0.630004 -0.872231 0.064664
v 0.640033 -0.871955 0.070253
v 0.650004 -0.871905 0.084347
v 0.660000 -0.871902 0.091281
v 0.670000 -0.871902 0.092989
v 0.680000 -0.871902 0.093345
v 0.690000 -0.871902 0.093302
v 0.700000 -0.871902 0.091770
v 0.709996 -0.871905 0.085241
v 0.719967 -0.871952 0.072728
v 0.730000 -0.864822 0.000000
v 0.730000 -0.872184 0.070029
v 0.740033 -0.871949 0.072724
v 0.750004 -0.871882 0.085011
v 0.759973 -0.871876 0.088369
v 0.769580 -0.871876 0.068641
v 0.776473 -0.871880 0.000000
v 0.930406 -0.871429 0.053148
v 0.923332 -0.871136 0.000000
v 0.940027 -0.871463 0.066528
v 0.950001 -0.871465 0.068908
v 0.960000 -0.871465 0.068979
v 0.969995 -0.871463 0.067217
v 0.979922 -0.871420 0.056739
v 0.989486 -0.871005 0.000000
v 0.999326 -0.868644 0.000000
v 1.005961 -0.867361 0.000000
v 1.080082 -0.871907 0.073108
v 1.070880 -0.872331 0.000000
v 1.090004 -0.871876 0.095429
v 1.100000 -0.871875 0.106877
v 1.110000 -0.871875 0.115276
v 1.120000 -0.871875 0.120579
v 1.130000 -0.871875 0.118390
v 1.140000 -0.871875 0.111846
v 1.149999 -0.871875 0.103773
v 1.159975 -0.871875 0.092380
v 1.169626 -0.871867 0.068013
v 1.176838 -0.871777 0.000000
v 0.244060 -0.875762 0.000000
v 0.250125 -0.881659 0.060427
v 0.241009 -0.882474 0.000000
v 0.260008 -0.881567 0.086157
v 0.270000 -0.881563 0.097915
v 0.280000 -0.881562 0.101043
v 0.290000 -0.881562 0.096672
v 0.299995 -0.881556 0.086057
v 0.309941 -0.881484 0.070201
v 0.319591 -0.881167 0.053600
v 0.326671 -0.880828 0.000000
v 0.574074 -0.875827 0.000000
v 0.580130 -0.881692 0.058361
v 0.570944 -0.882479 0.000000
v 0.590006 -0.881593 0.074578
v 0.599977 -0.881543 0.066740
v 0.609998 -0.881236 0.064052
v 0.620003 -0.881233 0.064069
v 0.630033 -0.881510 0.067206
v 0.640006 -0.881559 0.080717
v 0.650000 -0.881562 0.092741
v 0.660000 -0.881563 0.099013
v 0.670000 -0.881563 0.101581
v 0.680000 -0.881563 0.103082
v 0.690000 -0.881563 0.103972
v 0.700000 -0.881563 0.102920
v 0.710000 -0.881563 0.099009
v 0.719999 -0.881566 0.094814
v 0.730000 -0.881584 0.093885
v 0.740001 -0.881566 0.094518
v 0.749999 -0.881563 0.096690
v 0.759975 -0.881563 0.092124
v 0.769629 -0.881565 0.069765
v 0.776857 -0.881605 0.000000
v 0.930715 -0.877925 0.000000
v 0.924618 -0.877030 0.000000
v 0.940063 -0.878091 0.000000
v 0.950003 -0.878108 0.000000
v 0.959997 -0.878108 0.000000
v 0.969942 -0.878091 0.000000
v 0.979374 -0.877923 0.000000
v 0.986032 -0.877010 0.000000
v 1.064640 -0.875720 0.000000
v 1.070417 -0.881639 0.057333
v 1.063334 -0.882211 0.000000
v 1.080029 -0.881566 0.085643
v 1.090001 -0.881563 0.099577
v 1.100000 -0.881562 0.108790
v 1.110000 -0.881562 0.116413
v 1.120000 -0.881562 0.120499
v 1.130000 -0.881562 0.116331
v 1.140000 -0.881562 0.108702
v 1.149999 -0.881562 0.099507
v 1.159969 -0.881559 0.085527
v 1.169534 -0.881489 0.056931
v 1.176282 -0.880954 0.000000
v 0.234659 -0.885470 0.000000
v 0.240427 -0.891358 0.056860
v 0.233335 -0.891903 0.000000
v 0.250030 -0.891258 0.083473
v 0.260001 -0.891250 0.096451
v 0.270000 -0.891250 0.101058
v 0.280000 -0.891250 0.097924
v 0.289994 -0.891246 0.086188
v 0.299910 -0.891163 0.060926
v 0.309481 -0.890449 0.000000
v 0.319242 -0.888025 0.000000
v 0.325379 -0.886774 0.000000
v 0.564012 -0.885491 0.000000
v 0.570099 -0.891367 0.059274
v 0.560516 -0.892055 0.000000
v 0.580006 -0.891258 0.077196
v 0.589951 -0.891224 0.068074
v 0.599643 -0.890877 0.000000
v 0.609971 -0.888287 0.000000
v 0.620042 -0.888249 0.000000
v 0.630473 -0.890461 0.000000
v 0.640098 -0.891130 0.059816
v 0.650008 -0.891221 0.082923
v 0.660001 -0.891246 0.092238
v 0.670000 -0.891250 0.098139
v 0.680000 -0.891250 0.103309
v 0.690000 -0.891250 0.107436
v 0.700000 -0.891250 0.108740
v 0.710000 -0.891250 0.107366
v 0.720000 -0.891250 0.105866
v 0.730000 -0.891251 0.105448
v 0.740000 -0.891250 0.105140
v 0.750000 -0.891250 0.103245
v 0.759996 -0.891251 0.094785
v 0.769917 -0.891282 0.073049
v 0.779116 -0.891706 0.000000
v 1.070085 -0.891286 0.071073
v 1.060894 -0.891748 0.000000
v 1.080004 -0.891251 0.093353
v 1.090000 -0.891250 0.104190
v 1.100000 -0.891250 0.112069
v 1.110000 -0.891250 0.118281
v 1.120000 -0.891250 0.119895
v 1.130000 -0.891250 0.114549
v 1.140000 -0.891250 0.106365
v 1.149996 -0.891249 0.095158
v 1.159917 -0.891218 0.072932
v 1.169116 -0.890792 0.000000
v 1.175305 -0.887409 0.000000
v 0.240085 -0.900975 0.071027
v 0.230894 -0.901435 0.000000
v 0.250004 -0.900939 0.092877
v 0.260000 -0.900938 0.101525
v 0.270000 -0.900937 0.101354
v 0.279996 -0.900936 0.092932
v 0.289919 -0.900902 0.071135
v 0.299173 -0.900438 0.000000
v 0.306006 -0.897069 0.000000
v 0.404677 -0.895776 0.000000
v 0.410720 -0.894887 0.000000
v 0.410461 -0.901375 0.050737
v 0.403773 -0.901579 0.000000
v 0.420064 -0.894722 0.000000
v 0.420030 -0.901349 0.064800
v 0.430000 -0.894706 0.000000
v 0.430001 -0.901347 0.068028
v 0.439942 -0.894722 0.000000
v 0.439995 -0.901349 0.066960
v 0.449374 -0.894886 0.000000
v 0.449925 -0.901371 0.056787
v 0.456037 -0.895760 0.000000
v 0.459563 -0.901494 0.000000
v 0.473958 -0.895761 0.000000
v 0.480568 -0.894904 0.000000
v 0.480069 -0.901374 0.054910
v 0.470437 -0.901494 0.000000
v 0.489427 -0.894908 0.000000
v 0.489896 -0.901403 0.054430
v 0.495974 -0.895822 0.000000
v 0.499059 -0.901919 0.000000
v 0.544034 -0.895764 0.000000
v 0.550674 -0.894478 0.000000
v 0.550112 -0.901351 0.056672
v 0.540941 -0.901915 0.000000
v 0.560038 -0.901017 0.069918
v 0.570004 -0.900945 0.081186
v 0.579970 -0.900930 0.078988
v 0.589576 -0.900830 0.056162
v 0.596712 -0.900297 0.000000
v 0.640941 -0.899960 0.000000
v 0.634009 -0.897005 0.000000
v 0.650112 -0.900524 0.056746
v 0.660038 -0.900858 0.070831
v 0.670005 -0.900930 0.086114
v 0.680000 -0.900937 0.097086
v 0.690000 -0.900938 0.104266
v 0.700000 -0.900938 0.109147
v 0.710000 -0.900938 0.111786
v 0.720000 -0.900938 0.112404
v 0.730000 -0.900938 0.112288
v 0.740000 -0.900938 0.111159
v 0.750000 -0.900938 0.107225
v 0.759999 -0.900938 0.099287
v 0.769969 -0.900941 0.085508
v 0.779531 -0.901011 0.056903
v 0.785302 -0.895091 0.000000
v 0.786243 -0.901544 0.000000
v 1.054641 -0.895098 0.000000
v 1.060417 -0.901016 0.057307
v 1.053330 -0.901586 0.000000
v 1.070029 -0.900942 0.085466
v 1.080001 -0.900938 0.099285
v 1.090000 -0.900938 0.108210
v 1.100000 -0.900938 0.115595
v 1.110000 -0.900938 0.120140
v 1.120000 -0.900938 0.118253
v 1.130000 -0.900938 0.111830
v 1.139999 -0.900938 0.103772
v 1.149975 -0.900937 0.092380
v 1.159627 -0.900930 0.068013
v 1.166838 -0.900839 0.000000
v 0.224641 -0.904785 0.000000
v 0.230418 -0.910703 0.057299
v 0.223334 -0.911273 0.000000
v 0.240029 -0.910629 0.085395
v 0.250001 -0.910625 0.098459
v 0.260000 -0.910625 0.103066
v 0.269999 -0.910625 0.098397
v 0.279971 -0.910621 0.085381
v 0.289583 -0.910547 0.057303
v 0.296670 -0.909977 0.000000
v 0.410481 -0.910549 0.053708
v 0.403777 -0.910075 0.000000
v 0.420034 -0.910643 0.077766
v 0.430001 -0.910651 0.087607
v 0.440000 -0.910652 0.089632
v 0.449996 -0.910653 0.084672
v 0.459970 -0.910662 0.072980
v 0.470030 -0.910662 0.072894
v 0.480004 -0.910653 0.083444
v 0.489992 -0.910657 0.081654
v 0.499902 -0.910744 0.060231
v 0.505991 -0.904868 0.000000
v 0.509529 -0.911388 0.000000
v 0.534009 -0.904868 0.000000
v 0.540098 -0.910744 0.060364
v 0.530471 -0.911388 0.000000
v 0.550008 -0.910654 0.082737
v 0.560001 -0.910629 0.088507
v 0.569993 -0.910620 0.082693
v 0.579876 -0.910530 0.059646
v 0.588991 -0.909713 0.000000
v 0.595344 -0.906718 0.000000
v 0.650674 -0.907397 0.000000
v 0.644034 -0.906111 0.000000
v 0.660516 -0.909820 0.000000
v 0.670099 -0.910508 0.060499
v 0.680009 -0.910616 0.084406
v 0.690000 -0.910625 0.097087
v 0.700000 -0.910625 0.104543
v 0.710000 -0.910625 0.109734
v 0.720000 -0.910625 0.112399
v 0.730000 -0.910625 0.112808
v 0.740000 -0.910625 0.111673
v 0.750000 -0.910625 0.108677
v 0.759999 -0.910625 0.102793
v 0.769972 -0.910625 0.092091
v 0.779575 -0.910630 0.067563
v 0.786417 -0.910681 0.000000
v 1.060081 -0.910661 0.071169
v 1.050831 -0.911125 0.000000
v 1.070004 -0.910626 0.093363
v 1.080000 -0.910625 0.104173
v 1.090000 -0.910625 0.112050
v 1.100000 -0.910625 0.118512
v 1.110000 -0.910625 0.120955
v 1.120000 -0.910625 0.116376
v 1.130000 -0.910625 0.108704
v 1.139999 -0.910625 0.099507
v 1.149969 -0.910621 0.085527
v 1.159534 -0.910551 0.056931
v 1.166282 -0.910016 0.000000
v 0.230085 -0.920349 0.071055
v 0.220894 -0.920810 0.000000
v 0.240004 -0.920314 0.093077
v 0.250000 -0.920313 0.101917
v 0.260000 -0.920313 0.101891
v 0.269996 -0.920311 0.093070
v 0.279915 -0.920277 0.071055
v 0.289106 -0.919815 0.000000
v 0.295359 -0.916465 0.000000
v 0.411014 -0.919398 0.000000
v 0.404719 -0.916412 0.000000
v 0.420134 -0.920187 0.059314
v 0.430010 -0.920304 0.082785
v 0.440000 -0.920313 0.093246
v 0.450000 -0.920313 0.095403
v 0.459999 -0.920314 0.093817
v 0.470001 -0.920314 0.094364
v 0.480000 -0.920313 0.097208
v 0.490000 -0.920314 0.095607
v 0.499995 -0.920320 0.086162
v 0.509967 -0.920386 0.072834
v 0.520000 -0.913256 0.000000
v 0.520000 -0.920622 0.070042
v 0.530033 -0.920386 0.072829
v 0.540005 -0.920320 0.086070
v 0.550000 -0.920313 0.094712
v 0.559996 -0.920311 0.092005
v 0.569921 -0.920281 0.072502
v 0.579184 -0.919855 0.000000
v 0.585941 -0.916429 0.000000
v 0.670944 -0.919396 0.000000
v 0.664012 -0.916384 0.000000
v 0.680131 -0.920186 0.060095
v 0.690010 -0.920303 0.084373
v 0.700000 -0.920311 0.096871
v 0.710000 -0.920312 0.103263
v 0.720000 -0.920313 0.106384
v 0.730000 -0.920313 0.106766
v 0.740000 -0.920312 0.105590
v 0.750000 -0.920312 0.104364
v 0.759999 -0.920312 0.101447
v 0.769973 -0.920312 0.092718
v 0.779577 -0.920312 0.069134
v 0.786433 -0.920312 0.000000
v 1.044060 -0.914512 0.000000
v 1.050125 -0.920409 0.060432
v 1.041013 -0.921224 0.000000
v 1.060008 -0.920317 0.086338
v 1.070000 -0.920313 0.099486
v 1.080000 -0.920313 0.108265
v 1.090000 -0.920313 0.115759
v 1.100000 -0.920313 0.121051
v 1.110000 -0.920313 0.120656
v 1.120000 -0.920313 0.114647
v 1.130000 -0.920313 0.106372
v 1.139996 -0.920311 0.095158
v 1.149917 -0.920281 0.072932
v 1.159116 -0.919855 0.000000
v 1.165305 -0.916471 0.000000
v 0.214641 -0.924160 0.000000
v 0.220417 -0.930078 0.057304
v 0.213330 -0.930648 0.000000
v 0.230028 -0.930004 0.085407
v 0.240001 -0.930000 0.098570
v 0.250000 -0.930000 0.103496
v 0.259999 -0.930000 0.098738
v 0.269972 -0.929996 0.085573
v 0.279584 -0.929924 0.057334
v 0.286666 -0.929352 0.000000
v 0.420947 -0.929082 0.000000
v 0.414079 -0.926053 0.000000
v 0.430131 -0.929874 0.059930
v 0.440009 -0.929992 0.083820
v 0.450000 -0.930000 0.095279
v 0.460000 -0.930000 0.100514
v 0.470000 -0.930000 0.103087
v 0.480000 -0.930000 0.104506
v 0.490000 -0.930000 0.103447
v 0.500000 -0.930000 0.099057
v 0.509999 -0.930004 0.094806
v 0.520000 -0.930021 0.093910
v 0.530001 -0.930004 0.094803
v 0.540000 -0.930000 0.098719
v 0.549999 -0.930000 0.100692
v 0.559975 -0.930000 0.093325
v 0.569632 -0.929997 0.069957
v 0.576899 -0.929960 0.000000
v 0.680947 -0.929082 0.000000
v 0.674074 -0.926053 0.000000
v 0.690131 -0.929870 0.059982
v 0.700009 -0.929970 0.083384
v 0.710001 -0.929996 0.092609
v 0.720000 -0.929999 0.097466
v 0.730000 -0.929999 0.097695
v 0.739999 -0.929996 0.094622
v 0.750000 -0.929976 0.093600
v 0.759999 -0.929974 0.092566
v 0.769973 -0.929973 0.087283
v 0.779575 -0.929971 0.066658
v 0.786417 -0.929938 0.000000
v 1.034715 -0.924217 0.000000
v 1.040475 -0.930105 0.056462
v 1.033719 -0.930614 0.000000
v 1.050033 -0.930008 0.083425
v 1.060001 -0.930000 0.097099
v 1.070000 -0.930000 0.105298
v 1.080000 -0.930000 0.112399
v 1.090000 -0.930000 0.118800
v 1.100000 -0.930000 0.122112
v 1.110000 -0.930000 0.118710
v 1.120000 -0.930000 0.111842
v 1.129999 -0.930000 0.103756
v 1.139975 -0.930000 0.092372
v 1.149626 -0.929992 0.068012
v 1.156838 -0.929902 0.000000
v 0.220081 -0.939723 0.071139
v 0.210831 -0.940188 0.000000
v 0.230004 -0.939689 0.093133
v 0.240000 -0.939687 0.102433
v 0.250000 -0.939687 0.103817
v 0.259996 -0.939686 0.095064
v 0.269921 -0.939656 0.073117
v 0.279151 -0.939233 0.000000
v 0.285362 -0.935843 0.000000
v 0.430946 -0.938773 0.000000
v 0.424074 -0.935741 0.000000
v 0.440121 -0.939591 0.060472
v 0.450007 -0.939682 0.085948
v 0.460000 -0.939687 0.097603
v 0.470000 -0.939687 0.102571
v 0.480000 -0.939687 0.105367
v 0.490000 -0.939687 0.107170
v 0.500000 -0.939687 0.106458
v 0.510000 -0.939688 0.105626
v 0.520000 -0.939688 0.105583
v 0.530000 -0.939688 0.105915
v 0.540000 -0.939687 0.106488
v 0.549999 -0.939687 0.104080
v 0.559975 -0.939688 0.094125
v 0.569632 -0.939690 0.070063
v 0.576896 -0.939728 0.000000
v 0.690945 -0.938709 0.000000
v 0.684074 -0.935736 0.000000
v 0.700112 -0.939274 0.056758
v 0.710038 -0.939605 0.070566
v 0.720004 -0.939657 0.083440
v 0.729996 -0.939657 0.083594
v 0.739967 -0.939608 0.072515
v 0.749997 -0.939328 0.069560
v 0.759999 -0.939281 0.068916
v 0.769970 -0.939276 0.066420
v 0.779542 -0.939244 0.052720
v 0.786245 -0.938990 0.000000
v 1.040374 -0.939696 0.067984
v 1.033162 -0.939786 0.000000
v 1.050025 -0.939688 0.092172
v 1.060001 -0.939687 0.103303
v 1.070000 -0.939687 0.110714
v 1.080000 -0.939687 0.116819
v 1.090000 -0.939687 0.120842
v 1.100000 -0.939687 0.120594
v 1.110000 -0.939687 0.115504
v 1.120000 -0.939687 0.108132
v 1.129999 -0.939687 0.099225
v 1.139969 -0.939683 0.085357
v 1.149534 -0.939612 0.056901
v 1.156282 -0.939079 0.000000
v 0.204060 -0.943574 0.000000
v 0.210124 -0.949471 0.060374
v 0.201009 -0.950287 0.000000
v 0.220007 -0.949380 0.086026
v 0.230000 -0.949375 0.098530
v 0.240000 -0.949375 0.104543
v 0.249999 -0.949375 0.103852
v 0.259978 -0.949375 0.094145
v 0.269684 -0.949374 0.070472
v 0.277324 -0.949362 0.000000
v 0.440831 -0.948871 0.000000
v 0.434056 -0.945488 0.000000
v 0.450081 -0.949315 0.070237
v 0.460004 -0.949350 0.088425
v 0.470001 -0.949371 0.093883
v 0.480000 -0.949375 0.098995
v 0.490000 -0.949375 0.104359
v 0.500000 -0.949375 0.108498
v 0.510000 -0.949375 0.111379
v 0.520000 -0.949375 0.113073
v 0.530000 -0.949375 0.113572
v 0.540000 -0.949375 0.112072
v 0.550000 -0.949375 0.106249
v 0.559996 -0.949376 0.095375
v 0.569918 -0.949407 0.073106
v 0.579118 -0.949831 0.000000
v 0.700674 -0.946144 0.000000
v 0.694034 -0.944861 0.000000
v 0.710514 -0.948505 0.000000
v 0.720073 -0.948918 0.054835
v 0.729929 -0.948918 0.054863
v 0.739530 -0.948519 0.000000
v 0.749956 -0.946330 0.000000
v 0.759995 -0.945958 0.000000
v 0.769936 -0.945905 0.000000
v 0.779280 -0.945737 0.000000
v 0.785324 -0.944845 0.000000
v 1.040082 -0.949407 0.072937
v 1.030880 -0.949833 0.000000
v 1.050004 -0.949376 0.095148
v 1.060000 -0.949375 0.106309
v 1.070000 -0.949375 0.114384
v 1.080000 -0.949375 0.120074
v 1.090000 -0.949375 0.120745
v 1.100000 -0.949375 0.116900
v 1.110000 -0.949375 0.110959
v 1.120000 -0.949375 0.103719
v 1.129996 -0.949374 0.093142
v 1.139915 -0.949338 0.071038
v 1.149102 -0.948877 0.000000
v 1.155304 -0.945530 0.000000
v 0.194659 -0.953283 0.000000
v 0.200427 -0.959171 0.056758
v 0.193332 -0.959715 0.000000
v 0.210030 -0.959070 0.082808
v 0.220001 -0.959063 0.094626
v 0.230000 -0.959062 0.100452
v 0.240000 -0.959062 0.102965
v 0.250000 -0.959062 0.101647
v 0.259998 -0.959063 0.093581
v 0.269956 -0.959085 0.073147
v 0.279686 -0.959394 0.000000
v 0.353878 -0.953953 0.000000
v 0.359995 -0.953202 0.000000
v 0.359964 -0.959571 0.044744
v 0.350463 -0.959922 0.000000
v 0.366051 -0.953972 0.000000
v 0.368994 -0.960045 0.000000
v 0.450406 -0.958620 0.053181
v 0.443329 -0.958323 0.000000
v 0.460030 -0.958701 0.066973
v 0.470034 -0.958986 0.072575
v 0.480005 -0.959056 0.086363
v 0.490000 -0.959062 0.097434
v 0.500000 -0.959063 0.104944
v 0.510000 -0.959063 0.111104
v 0.520000 -0.959063 0.115688
v 0.530000 -0.959063 0.117073
v 0.540000 -0.959063 0.114373
v 0.550000 -0.959063 0.108159
v 0.559999 -0.959063 0.099394
v 0.569969 -0.959067 0.085502
v 0.579531 -0.959136 0.056896
v 0.585302 -0.953216 0.000000
v 0.586243 -0.959669 0.000000
v 0.720568 -0.955405 0.000000
v 0.713964 -0.954509 0.000000
v 0.729432 -0.955405 0.000000
v 0.736039 -0.954510 0.000000
v 1.024640 -0.953220 0.000000
v 1.030417 -0.959139 0.057337
v 1.023330 -0.959711 0.000000
v 1.040029 -0.959067 0.085636
v 1.050001 -0.959063 0.099554
v 1.060000 -0.959063 0.108721
v 1.070000 -0.959063 0.116306
v 1.080000 -0.959063 0.120766
v 1.090000 -0.959063 0.118443
v 1.100000 -0.959063 0.112357
v 1.110000 -0.959063 0.105322
v 1.119999 -0.959062 0.097147
v 1.129969 -0.959055 0.083533
v 1.139573 -0.958955 0.056863
v 1.146665 -0.958410 0.000000
v 0.200082 -0.968787 0.070156
v 0.190831 -0.969250 0.000000
v 0.210004 -0.968751 0.088670
v 0.219999 -0.968746 0.091703
v 0.230000 -0.968726 0.092819
v 0.240000 -0.968724 0.093302
v 0.250000 -0.968726 0.092881
v 0.260001 -0.968746 0.090484
v 0.269998 -0.968752 0.084776
v 0.279978 -0.968795 0.072259
v 0.289971 -0.962062 0.000000
v 0.289998 -0.969107 0.069329
v 0.299999 -0.962476 0.000000
v 0.300000 -0.969156 0.069092
v 0.310000 -0.962514 0.000000
v 0.310000 -0.969160 0.069125
v 0.320000 -0.962514 0.000000
v 0.320000 -0.969160 0.069144
v 0.330002 -0.962479 0.000000
v 0.330000 -0.969156 0.069176
v 0.340043 -0.962108 0.000000
v 0.340003 -0.969109 0.069525
v 0.350032 -0.968830 0.071712
v 0.359971 -0.968785 0.076947
v 0.369525 -0.968859 0.055682
v 0.375285 -0.962972 0.000000
v 0.376283 -0.969363 0.000000
v 0.450717 -0.965150 0.000000
v 0.444617 -0.964220 0.000000
v 0.460107 -0.965690 0.000000
v 0.470474 -0.967961 0.000000
v 0.480089 -0.968663 0.060970
v 0.490006 -0.968746 0.086372
v 0.500000 -0.968750 0.099355
v 0.510000 -0.968750 0.107341
v 0.520000 -0.968750 0.112072
v 0.530000 -0.968750 0.113358
v 0.540000 -0.968750 0.112196
v 0.550000 -0.968750 0.108769
v 0.559999 -0.968750 0.102654
v 0.569972 -0.968750 0.091914
v 0.579575 -0.968755 0.067403
v 0.586416 -0.968803 0.000000
v 1.030082 -0.968786 0.071170
v 1.020831 -0.969250 0.000000
v 1.040004 -0.968751 0.093370
v 1.050000 -0.968750 0.104185
v 1.060000 -0.968750 0.111993
v 1.070000 -0.968750 0.117970
v 1.080000 -0.968750 0.119601
v 1.090000 -0.968750 0.115335
v 1.100000 -0.968750 0.108184
v 1.110000 -0.968750 0.099474
v 1.119992 -0.968745 0.086340
v 1.129876 -0.968654 0.060438
v 1.138991 -0.967838 0.000000
v 1.145341 -0.964842 0.000000
v 0.184056 -0.972637 0.000000
v 0.190121 -0.978534 0.059519
v 0.180946 -0.979352 0.000000
v 0.200007 -0.978442 0.081303
v 0.209995 -0.978430 0.082691
v 0.219967 -0.978361 0.072173
v 0.229997 -0.978078 0.069484
v 0.240000 -0.978034 0.069179
v 0.250003 -0.978078 0.069485
v 0.260033 -0.978361 0.072009
v 0.270005 -0.978430 0.082927
v 0.279999 -0.978440 0.088573
v 0.290000 -0.978461 0.091317
v 0.300000 -0.978464 0.092738
v 0.310000 -0.978464 0.093306
v 0.320000 -0.978464 0.093538
v 0.330000 -0.978464 0.093635
v 0.340000 -0.978461 0.093626
v 0.350000 -0.978441 0.093267
v 0.359975 -0.978439 0.089774
v 0.369629 -0.978446 0.067739
v 0.376883 -0.978524 0.000000
v 0.480827 -0.977938 0.000000
v 0.473990 -0.974570 0.000000
v 0.490082 -0.978400 0.071117
v 0.500004 -0.978435 0.092857
v 0.510000 -0.978437 0.101791
v 0.520000 -0.978437 0.104872
v 0.530000 -0.978437 0.105487
v 0.540000 -0.978437 0.105270
v 0.550000 -0.978437 0.104177
v 0.559999 -0.978437 0.100841
v 0.569972 -0.978436 0.091472
v 0.579574 -0.978431 0.067353
v 0.586416 -0.978384 0.000000
v 1.014060 -0.972637 0.000000
v 1.020124 -0.978534 0.060438
v 1.011009 -0.979349 0.000000
v 1.030007 -0.978442 0.086341
v 1.040000 -0.978438 0.099481
v 1.050000 -0.978437 0.108165
v 1.060000 -0.978437 0.115048
v 1.070000 -0.978437 0.118439
v 1.080000 -0.978437 0.116285
v 1.090000 -0.978437 0.110856
v 1.100000 -0.978437 0.103708
v 1.109996 -0.978436 0.093161
v 1.119918 -0.978400 0.071140
v 1.129169 -0.977937 0.000000
v 1.135940 -0.974551 0.000000
v 0.174079 -0.982384 0.000000
v 0.180134 -0.988251 0.058802
v 0.171010 -0.989040 0.000000
v 0.190009 -0.988132 0.079309
v 0.199992 -0.988116 0.079511
v 0.209902 -0.988008 0.059687
v 0.219527 -0.987334 0.000000
v 0.229957 -0.985085 0.000000
v 0.240000 -0.984747 0.000000
v 0.250043 -0.985085 0.000000
v 0.260473 -0.987334 0.000000
v 0.270098 -0.988008 0.060071
v 0.280008 -0.988116 0.083008
v 0.290000 -0.988126 0.094412
v 0.300000 -0.988126 0.100129
v 0.310000 -0.988126 0.102857
v 0.320000 -0.988126 0.104365
v 0.330000 -0.988126 0.105108
v 0.340000 -0.988126 0.104923
v 0.350000 -0.988125 0.102454
v 0.359997 -0.988126 0.094436
v 0.369952 -0.988148 0.073367
v 0.379612 -0.988473 0.000000
v 0.490427 -0.988014 0.056748
v 0.483332 -0.987472 0.000000
v 0.500030 -0.988093 0.082381
v 0.510001 -0.988098 0.091429
v 0.520000 -0.988099 0.093393
v 0.530000 -0.988099 0.093651
v 0.540000 -0.988099 0.093630
v 0.550000 -0.988099 0.093314
v 0.559999 -0.988098 0.091323
v 0.569967 -0.988093 0.082244
v 0.579521 -0.988016 0.056306
v 0.586242 -0.987513 0.000000
v 1.004659 -0.982345 0.000000
v 1.010427 -0.988233 0.056868
v 1.003332 -0.988778 0.000000
v 1.020030 -0.988133 0.083533
v 1.030001 -0.988125 0.097143
v 1.040000 -0.988125 0.105250
v 1.050000 -0.988125 0.111773
v 1.060000 -0.988125 0.116069
v 1.070000 -0.988125 0.115592
v 1.080000 -0.988125 0.111074
v 1.090000 -0.988125 0.104851
v 1.099999 -0.988125 0.096946
v 1.109969 -0.988116 0.083505
v 1.119573 -0.988017 0.056867
v 1.126668 -0.987472 0.000000
v 0.164659 -0.992033 0.000000
v 0.170427 -0.997920 0.055310
v 0.163332 -0.998465 0.000000
v 0.180029 -0.997818 0.076574
v 0.189992 -0.997783 0.078752
v 0.199870 -0.997683 0.059040
v 0.209056 -0.996896 0.000000
v 0.215991 -0.993885 0.000000
v 0.270944 -0.996896 0.000000
v 0.264009 -0.993885 0.000000
v 0.280131 -0.997686 0.059961
v 0.290010 -0.997803 0.084081
v 0.300000 -0.997812 0.096442
v 0.310000 -0.997813 0.103160
v 0.320000 -0.997813 0.107946
v 0.330000 -0.997813 0.110908
v 0.340000 -0.997813 0.111292
v 0.350000 -0.997813 0.107416
v 0.360000 -0.997813 0.099728
v 0.369997 -0.997815 0.088319
v 0.379971 -0.997860 0.071320
v 0.389339 -0.991311 0.000000
v 0.389886 -0.998223 0.056710
v 0.395962 -0.992636 0.000000
v 0.398988 -0.998789 0.000000
v 0.491008 -0.996832 0.000000
v 0.484659 -0.993900 0.000000
v 0.500112 -0.997349 0.056233
v 0.510006 -0.997400 0.067177
v 0.520000 -0.997403 0.068988
v 0.530000 -0.997403 0.069144
v 0.540000 -0.997403 0.069143
v 0.550000 -0.997403 0.068983
v 0.559994 -0.997400 0.067170
v 0.569888 -0.997349 0.056226
v 0.578988 -0.996832 0.000000
v 0.585282 -0.993903 0.000000
v 1.010082 -0.997850 0.071141
v 1.000831 -0.998313 0.000000
v 1.020004 -0.997814 0.093161
v 1.030000 -0.997813 0.103678
v 1.040000 -0.997813 0.110493
v 1.050000 -0.997813 0.114476
v 1.060000 -0.997813 0.114678
v 1.070000 -0.997813 0.110869
v 1.080000 -0.997813 0.104869
v 1.090000 -0.997812 0.097146
v 1.099990 -0.997803 0.084380
v 1.109866 -0.997686 0.059998
v 1.118990 -0.996897 0.000000
v 1.125341 -0.993905 0.000000
v 0.170077 -1.007530 0.061879
v 0.160831 -1.008000 0.000000
v 0.179965 -1.007422 0.065371
v 0.189888 -1.007087 0.055835
v 0.199055 -1.006521 0.000000
v 0.205926 -1.003549 0.000000
v 0.280947 -1.006582 0.000000
v 0.274074 -1.003553 0.000000
v 0.290131 -1.007373 0.060075
v 0.300010 -1.007491 0.084340
v 0.310000 -1.007500 0.096949
v 0.320000 -1.007500 0.104418
v 0.330000 -1.007500 0.109882
v 0.340000 -1.007500 0.112909
v 0.350000 -1.007500 0.110970
v 0.360000 -1.007500 0.105407
v 0.370000 -1.007500 0.099234
v 0.379998 -1.007503 0.092577
v 0.389967 -1.007529 0.082390
v 0.399521 -1.007609 0.056321
v 0.405282 -1.001722 0.000000
v 0.406242 -1.008112 0.000000
v 0.500631 -1.003859 0.000000
v 0.494035 -1.002930 0.000000
v 0.510058 -1.004029 0.000000
v 0.520003 -1.004045 0.000000
v 0.530000 -1.004046 0.000000
v 0.540000 -1.004046 0.000000
v 0.549997 -1.004045 0.000000
v 0.559942 -1.004029 0.000000
v 0.569369 -1.003859 0.000000
v 0.575965 -1.002930 0.000000
v 0.994055 -1.001699 0.000000
v 1.000121 -1.007596 0.060536
v 0.990942 -1.008413 0.000000
v 1.010008 -1.007505 0.086357
v 1.020000 -1.007500 0.099460
v 1.030000 -1.007500 0.107967
v 1.040000 -1.007500 0.113813
v 1.050000 -1.007500 0.114366
v 1.060000 -1.007500 0.110744
v 1.070000 -1.007500 0.104853
v 1.080000 -1.007500 0.097148
v 1.089990 -1.007491 0.084397
v 1.099869 -1.007373 0.060094
v 1.109053 -1.006582 0.000000
v 1.115921 -1.003553 0.000000
v 0.154056 -1.011387 0.000000
v 0.160113 -1.017275 0.050768
v 0.150946 -1.018101 0.000000
v 0.169908 -1.017075 0.052287
v 0.179484 -1.016383 0.000000
v 0.189326 -1.013960 0.000000
v 0.195966 -1.012674 0.000000
v 0.290947 -1.016270 0.000000
v 0.284074 -1.013241 0.000000
v 0.300131 -1.017061 0.060093
v 0.310010 -1.017178 0.084385
v 0.320000 -1.017187 0.097112
v 0.330000 -1.017188 0.104727
v 0.340000 -1.017188 0.110288
v 0.350000 -1.017188 0.112626
v 0.360000 -1.017188 0.110364
v 0.370000 -1.017188 0.106693
v 0.379999 -1.017188 0.101718
v 0.389972 -1.017189 0.091783
v 0.399574 -1.017194 0.067526
v 0.406416 -1.017244 0.000000
v 0.984009 -1.011428 0.000000
v 0.990098 -1.017304 0.060533
v 0.980473 -1.017979 0.000000
v 1.000008 -1.017195 0.084450
v 1.010000 -1.017188 0.097345
v 1.020000 -1.017188 0.105270
v 1.030000 -1.017188 0.111615
v 1.040000 -1.017188 0.114932
v 1.050000 -1.017188 0.111616
v 1.060000 -1.017188 0.105273
v 1.070000 -1.017187 0.097345
v 1.079991 -1.017179 0.084426
v 1.089869 -1.017061 0.060097
v 1.099053 -1.016270 0.000000
v 1.105926 -1.013241 0.000000
v 0.144074 -1.021134 0.000000
v 0.150121 -1.026992 0.050354
v 0.140943 -1.027790 0.000000
v 0.159879 -1.026757 0.050377
v 0.169057 -1.025959 0.000000
v 0.175988 -1.022946 0.000000
v 0.300947 -1.025957 0.000000
v 0.294074 -1.022928 0.000000
v 0.310131 -1.026749 0.060096
v 0.320009 -1.026867 0.084423
v 0.330000 -1.026875 0.097311
v 0.340000 -1.026875 0.104948
v 0.350000 -1.026875 0.109933
v 0.360000 -1.026875 0.111006
v 0.370000 -1.026875 0.109444
v 0.379999 -1.026875 0.104333
v 0.389973 -1.026875 0.093652
v 0.399577 -1.026875 0.069271
v 0.406433 -1.026875 0.000000
v 0.724703 -1.021625 0.000000
v 0.730724 -1.020788 0.000000
v 0.730496 -1.026925 0.038378
v 0.723946 -1.026881 0.000000
v 0.740065 -1.020654 0.000000
v 0.740065 -1.027205 0.049610
v 0.750003 -1.020641 0.000000
v 0.750005 -1.027254 0.060259
v 0.760000 -1.020640 0.000000
v 0.760000 -1.027258 0.063237
v 0.770000 -1.020640 0.000000
v 0.770000 -1.027261 0.063637
v 0.779997 -1.020642 0.000000
v 0.780001 -1.027281 0.064072
v 0.789942 -1.020659 0.000000
v 0.789995 -1.027287 0.064831
v 0.799374 -1.020827 0.000000
v 0.799924 -1.027329 0.056108
v 0.806035 -1.021739 0.000000
v 0.809530 -1.027731 0.000000
v 0.903965 -1.021739 0.000000
v 0.910626 -1.020827 0.000000
v 0.910076 -1.027329 0.056767
v 0.900470 -1.027731 0.000000
v 0.920058 -1.020659 0.000000
v 0.920005 -1.027287 0.067218
v 0.930003 -1.020642 0.000000
v 0.930000 -1.027285 0.068990
v 0.940000 -1.020641 0.000000
v 0.940000 -1.027285 0.069144
v 0.950000 -1.020639 0.000000
v 0.950000 -1.027285 0.069152
v 0.960002 -1.020604 0.000000
v 0.960000 -1.027281 0.069180
v 0.970044 -1.020230 0.000000
v 0.970003 -1.027234 0.069597
v 0.980033 -1.026952 0.072821
v 0.990005 -1.026882 0.086367
v 1.000000 -1.026875 0.097314
v 1.010000 -1.026875 0.104842
v 1.020000 -1.026875 0.110694
v 1.030000 -1.026875 0.114344
v 1.040000 -1.026875 0.113809
v 1.050000 -1.026875 0.107967
v 1.060000 -1.026875 0.099460
v 1.069993 -1.026870 0.086357
v 1.079879 -1.026779 0.060535
v 1.089054 -1.025961 0.000000
v 1.095926 -1.022928 0.000000
v 0.134012 -1.030802 0.000000
v 0.140091 -1.036647 0.050397
v 0.130516 -1.037340 0.000000
v 0.149878 -1.036442 0.050346
v 0.159053 -1.035645 0.000000
v 0.165926 -1.032616 0.000000
v 0.310946 -1.035648 0.000000
v 0.304074 -1.032616 0.000000
v 0.320121 -1.036466 0.060523
v 0.330007 -1.036557 0.086187
v 0.340000 -1.036561 0.098229
v 0.350000 -1.036561 0.103588
v 0.360000 -1.036561 0.104965
v 0.370000 -1.036561 0.104482
v 0.379999 -1.036561 0.101267
v 0.389972 -1.036561 0.091733
v 0.399574 -1.036556 0.067523
v 0.406416 -1.036506 0.000000
v 0.730766 -1.033375 0.000000
v 0.724707 -1.032182 0.000000
v 0.740518 -1.035720 0.000000
v 0.750078 -1.036134 0.052665
v 0.760005 -1.036180 0.062052
v 0.770003 -1.036230 0.063903
v 0.780033 -1.036512 0.066929
v 0.790005 -1.036582 0.078274
v 0.799996 -1.036592 0.080746
v 0.809967 -1.036642 0.071566
v 0.819957 -1.029920 0.000000
v 0.819997 -1.036922 0.069193
v 0.829998 -1.030291 0.000000
v 0.830000 -1.036969 0.068954
v 0.840000 -1.030327 0.000000
v 0.840000 -1.036972 0.069067
v 0.850000 -1.030329 0.000000
v 0.850000 -1.036972 0.069124
v 0.860000 -1.030329 0.000000
v 0.860000 -1.036972 0.069143
v 0.870000 -1.030327 0.000000
v 0.870000 -1.036972 0.069150
v 0.880002 -1.030291 0.000000
v 0.880000 -1.036969 0.069178
v 0.890043 -1.029920 0.000000
v 0.890003 -1.036922 0.069590
v 0.900033 -1.036642 0.072701
v 0.910004 -1.036593 0.085244
v 0.920000 -1.036589 0.091801
v 0.930000 -1.036589 0.093433
v 0.940000 -1.036589 0.093658
v 0.950000 -1.036589 0.093675
v 0.960000 -1.036589 0.093683
v 0.970000 -1.036586 0.093799
v 0.980001 -1.036566 0.094852
v 0.990000 -1.036563 0.099381
v 1.000000 -1.036562 0.105155
v 1.010000 -1.036562 0.110683
v 1.020000 -1.036562 0.114282
v 1.030000 -1.036562 0.114264
v 1.040000 -1.036562 0.110435
v 1.050000 -1.036562 0.103666
v 1.059996 -1.036561 0.093160
v 1.069918 -1.036525 0.071141
v 1.079169 -1.036062 0.000000
v 1.085945 -1.032676 0.000000
v 0.114042 -1.041020 0.000000
v 0.120674 -1.039754 0.000000
v 0.120118 -1.046251 0.037705
v 0.111055 -1.046763 0.000000
v 0.130032 -1.045917 0.047993
v 0.139896 -1.045793 0.049271
v 0.149055 -1.045268 0.000000
v 0.155926 -1.042299 0.000000
v 0.320831 -1.045746 0.000000
v 0.314056 -1.042363 0.000000
v 0.330081 -1.046190 0.070246
v 0.340004 -1.046222 0.088358
v 0.350000 -1.046223 0.092884
v 0.360000 -1.046223 0.093564
v 0.370000 -1.046223 0.093362
v 0.379999 -1.046223 0.091377
v 0.389967 -1.046218 0.082266
v 0.399521 -1.046141 0.056314
v 0.406242 -1.045638 0.000000
v 0.750626 -1.042614 0.000000
v 0.743969 -1.041699 0.000000
v 0.760060 -1.042817 0.000000
v 0.770046 -1.043208 0.000000
v 0.780473 -1.045459 0.000000
v 0.790098 -1.046134 0.059368
v 0.800009 -1.046242 0.080830
v 0.809999 -1.046253 0.088228
v 0.820000 -1.046274 0.090532
v 0.830000 -1.046276 0.091697
v 0.840000 -1.046277 0.092777
v 0.850000 -1.046277 0.093307
v 0.860000 -1.046277 0.093537
v 0.870000 -1.046277 0.093630
v 0.880000 -1.046276 0.093659
v 0.890000 -1.046274 0.093783
v 0.900001 -1.046254 0.094819
v 0.910000 -1.046251 0.099081
v 0.920000 -1.046251 0.103308
v 0.930000 -1.046251 0.105199
v 0.940000 -1.046251 0.105598
v 0.950000 -1.046251 0.105643
v 0.960000 -1.046251 0.105648
v 0.970000 -1.046251 0.105696
v 0.980000 -1.046250 0.106144
v 0.990000 -1.046250 0.108122
v 1.000000 -1.046250 0.111501
v 1.010000 -1.046250 0.114411
v 1.020000 -1.046250 0.114291
v 1.030000 -1.046250 0.110649
v 1.040000 -1.046250 0.104790
v 1.049999 -1.046250 0.096942
v 1.059969 -1.046241 0.083505
v 1.069573 -1.046142 0.056867
v 1.076668 -1.045597 0.000000
v 0.105017 -1.049154 0.000000
v 0.110805 -1.052470 0.000000
v 0.104981 -1.052284 0.000000
v 0.120069 -1.052507 0.000000
v 0.129947 -1.052471 0.000000
v 0.139369 -1.052297 0.000000
v 0.145969 -1.051367 0.000000
v 0.330406 -1.055491 0.053153
v 0.323329 -1.055198 0.000000
v 0.340027 -1.055526 0.066529
v 0.350001 -1.055528 0.068914
v 0.360000 -1.055528 0.069132
v 0.370000 -1.055528 0.068986
v 0.379994 -1.055525 0.067174
v 0.389888 -1.055474 0.056227
v 0.398988 -1.054957 0.000000
v 0.405282 -1.052028 0.000000
v 0.790944 -1.055021 0.000000
v 0.784009 -1.052010 0.000000
v 0.800130 -1.055808 0.059521
v 0.810009 -1.055908 0.082010
v 0.820001 -1.055935 0.090340
v 0.830000 -1.055938 0.095774
v 0.840000 -1.055938 0.100282
v 0.850000 -1.055938 0.102865
v 0.860000 -1.055938 0.104344
v 0.870000 -1.055938 0.105050
v 0.880000 -1.055938 0.105294
v 0.890000 -1.055938 0.105467
v 0.900000 -1.055938 0.106018
v 0.910000 -1.055938 0.108083
v 0.920000 -1.055938 0.111336
v 0.930000 -1.055938 0.113704
v 0.940000 -1.055938 0.114356
v 0.950000 -1.055938 0.114446
v 0.960000 -1.055938 0.114438
v 0.970000 -1.055938 0.114402
v 0.980000 -1.055938 0.114502
v 0.990000 -1.055938 0.115197
v 1.000000 -1.055938 0.115760
v 1.010000 -1.055938 0.114573
v 1.020000 -1.055938 0.110686
v 1.030000 -1.055938 0.104825
v 1.040000 -1.055937 0.097142
v 1.049990 -1.055928 0.084380
v 1.059866 -1.055811 0.059998
v 1.068990 -1.055022 0.000000
v 1.075341 -1.052030 0.000000
v 0.330715 -1.061987 0.000000
v 0.324617 -1.061092 0.000000
v 0.340063 -1.062153 0.000000
v 0.350003 -1.062170 0.000000
v 0.360000 -1.062171 0.000000
v 0.369997 -1.062170 0.000000
v 0.379942 -1.062153 0.000000
v 0.389369 -1.061984 0.000000
v 0.395965 -1.061055 0.000000
v 0.800945 -1.064646 0.000000
v 0.794074 -1.061674 0.000000
v 0.810112 -1.065212 0.056644
v 0.820038 -1.065546 0.070597
v 0.830005 -1.065618 0.085811
v 0.840000 -1.065625 0.096587
v 0.850000 -1.065625 0.103134
v 0.860000 -1.065625 0.107709
v 0.870000 -1.065625 0.110269
v 0.880000 -1.065625 0.111570
v 0.890000 -1.065625 0.112473
v 0.900000 -1.065625 0.113505
v 0.910000 -1.065625 0.115506
v 0.920000 -1.065625 0.118442
v 0.930000 -1.065625 0.121148
v 0.940000 -1.065625 0.122087
v 0.950000 -1.065625 0.122279
v 0.960000 -1.065625 0.122128
v 0.970000 -1.065625 0.121595
v 0.980000 -1.065625 0.120526
v 0.990000 -1.065625 0.118922
v 1.000000 -1.065625 0.115553
v 1.010000 -1.065625 0.110845
v 1.020000 -1.065625 0.104839
v 1.030000 -1.065625 0.097145
v 1.039990 -1.065615 0.084397
v 1.049869 -1.065498 0.060094
v 1.059053 -1.064707 0.000000
v 1.065921 -1.061678 0.000000
v 0.810674 -1.072085 0.000000
v 0.804034 -1.070799 0.000000
v 0.820516 -1.074508 0.000000
v 0.830099 -1.075195 0.060478
v 0.840009 -1.075304 0.084341
v 0.850000 -1.075312 0.096708
v 0.860000 -1.075312 0.103087
v 0.870000 -1.075312 0.106897
v 0.880000 -1.075312 0.110213
v 0.890000 -1.075312 0.113148
v 0.900000 -1.075313 0.116110
v 0.910000 -1.075313 0.119653
v 0.920000 -1.075313 0.123050
v 0.930000 -1.075312 0.125788
v 0.940000 -1.075312 0.127238
v 0.950000 -1.075312 0.127827
v 0.960000 -1.075312 0.127044
v 0.970000 -1.075312 0.124948
v 0.980000 -1.075313 0.121147
v 0.990000 -1.075313 0.116550
v 1.000000 -1.075313 0.111084
v 1.010000 -1.075312 0.104867
v 1.020000 -1.075312 0.097147
v 1.029990 -1.075303 0.084397
v 1.039869 -1.075186 0.060095
v 1.049053 -1.074395 0.000000
v 1.055926 -1.071366 0.000000
v 0.830944 -1.084083 0.000000
v 0.824012 -1.081071 0.000000
v 0.840130 -1.084870 0.059982
v 0.850009 -1.084970 0.083384
v 0.860001 -1.084996 0.092758
v 0.870000 -1.084999 0.098817
v 0.880000 -1.085000 0.103655
v 0.890000 -1.085000 0.107518
v 0.900000 -1.085000 0.111755
v 0.910000 -1.085000 0.116523
v 0.920000 -1.085000 0.120401
v 0.930000 -1.085000 0.122783
v 0.940000 -1.085000 0.124942
v 0.950000 -1.085000 0.126414
v 0.960000 -1.085000 0.124735
v 0.970000 -1.085000 0.121594
v 0.980000 -1.085000 0.116839
v 0.990000 -1.085000 0.111214
v 1.000000 -1.085000 0.104892
v 1.010000 -1.085000 0.097149
v 1.019990 -1.084991 0.084397
v 1.029869 -1.084873 0.060095
v 1.039053 -1.084082 0.000000
v 1.045926 -1.081053 0.000000
v 0.840945 -1.093709 0.000000
v 0.834074 -1.090736 0.000000
v 0.850112 -1.094274 0.056770
v 0.860038 -1.094605 0.070758
v 0.870004 -1.094660 0.085203
v 0.880001 -1.094684 0.092961
v 0.890000 -1.094687 0.099122
v 0.900000 -1.094687 0.105102
v 0.910000 -1.094687 0.110478
v 0.920000 -1.094687 0.113820
v 0.930000 -1.094687 0.115952
v 0.940000 -1.094687 0.118596
v 0.950000 -1.094687 0.120429
v 0.960000 -1.094687 0.118487
v 0.970000 -1.094687 0.115148
v 0.980000 -1.094687 0.110759
v 0.990000 -1.094687 0.104838
v 1.000000 -1.094687 0.097146
v 1.009990 -1.094678 0.084397
v 1.019869 -1.094561 0.060095
v 1.029053 -1.093770 0.000000
v 1.035926 -1.090741 0.000000
v 0.850674 -1.101144 0.000000
v 0.844034 -1.099861 0.000000
v 0.860514 -1.103509 0.000000
v 0.870080 -1.103971 0.057186
v 0.880037 -1.104296 0.070893
v 0.890005 -1.104368 0.086181
v 0.900000 -1.104374 0.097010
v 0.910000 -1.104374 0.103033
v 0.920000 -1.104375 0.105675
v 0.930000 -1.104375 0.108078
v 0.940000 -1.104375 0.111265
v 0.950000 -1.104375 0.112994
v 0.960000 -1.104375 0.111217
v 0.970000 -1.104375 0.107643
v 0.980000 -1.104375 0.103482
v 0.990000 -1.104374 0.096901
v 0.999990 -1.104365 0.084376
v 1.009869 -1.104249 0.060094
v 1.019053 -1.103457 0.000000
v 1.025926 -1.100428 0.000000
v 0.870669 -1.110836 0.000000
v 0.863972 -1.109567 0.000000
v 0.880516 -1.113258 0.000000
v 0.890099 -1.113942 0.060385
v 0.900008 -1.114031 0.083304
v 0.910000 -1.114038 0.091754
v 0.920001 -1.114059 0.094576
v 0.930000 -1.114062 0.099062
v 0.940000 -1.114062 0.103261
v 0.950000 -1.114062 0.104755
v 0.960000 -1.114062 0.103243
v 0.970000 -1.114061 0.098829
v 0.979999 -1.114059 0.092783
v 0.989991 -1.114033 0.083396
v 0.999869 -1.113933 0.059983
v 1.009053 -1.113145 0.000000
v 1.015926 -1.110116 0.000000
v 0.890941 -1.122769 0.000000
v 0.884012 -1.119816 0.000000
v 0.900109 -1.123289 0.056360
v 0.910009 -1.123388 0.067633
v 0.920033 -1.123670 0.072541
v 0.930004 -1.123720 0.085236
v 0.940000 -1.123724 0.091783
v 0.950000 -1.123724 0.093190
v 0.960000 -1.123724 0.091776
v 0.969996 -1.123720 0.085082
v 0.979962 -1.123668 0.070752
v 0.989888 -1.123336 0.056770
v 0.999055 -1.122771 0.000000
v 1.005926 -1.119798 0.000000
v 0.900633 -1.129834 0.000000
v 0.894030 -1.128870 0.000000
v 0.910102 -1.130374 0.000000
v 0.920473 -1.132581 0.000000
v 0.930076 -1.132983 0.056766
v 0.940005 -1.133026 0.067211
v 0.950000 -1.133028 0.068829
v 0.959995 -1.133026 0.067210
v 0.969922 -1.132983 0.056739
v 0.979486 -1.132568 0.000000
v 0.989326 -1.130207 0.000000
v 0.995966 -1.128924 0.000000
v 0.930626 -1.139486 0.000000
v 0.923965 -1.138574 0.000000
v 0.940058 -1.139653 0.000000
v 0.950000 -1.139669 0.000000
v 0.959942 -1.139653 0.000000
v 0.969374 -1.139486 0.000000
v 0.976032 -1.138573 0.000000
f 4623 4624 4626 4625
f 5122 5135 5136 5123
f 12 26 27 11
f 2166 2266 2267 2167
f 21 34 33 20
f 5085 5103 5104 5086
f 1169 1205 1206 1170
f 5118 5133 5132 5120
f 5125 5138 5139 5126
f 2484 2584 2585 2485
f 5111 5126 5127 5112
f 2386 2483 2484 2387
f 5062 5083 5084 5063
f 8 23 25 24
f 5110 5125 5126 5111
f 5040 5063 5064 5041
f 2474 2476 2475 2380
f 2491 2591 2592 2492
f 5078 5099 5100 5079
f 2669 2733 2734 2670
f 561 599 600 562
f 107 128 129 108
f 58 80 81 59
f 35 56 57 36
f 6 22 23 8
f 5114 5129 5130 5115
f 5022 5047 5048 5023
f 2468 2571 2572 2469
f 5051 5074 5075 5052
f 381 416 417 382
f 413 455 456 414
f 2321 2416 2417 2322
f 4542 4593 4594 4543
f 4784 4852 4853 4786
f 14 15 18 17
f 4870 4925 4926 4872
f 1679 1740 1741 1680
f 5093 5111 5112 5094
f 51 74 75 53
f 7 20 22 6
f 5056 5079 5080 5057
f 4526 4575 4577 4527
f 16 29 31 15
f 195 222 223 196
f 13 16 15 14
f 45 67 66 44
f 5037 5059 5061 5038
f 4590 4641 4642 4591
f 24 25 26 12
f 3536 3593 3594 3537
f 1177 1213 1214 1178
f 2313 2408 2409 2314
f 1745 1806 1807 1746
f 43 44 47 46
f 164 191 192 165
f 5005 5033 5034 5006
f 5127 5140 5141 5128
f 3821 3881 3882 3822
f 2490 2590 2591 2491
f 2555 2645 2647 2556
f 3762 3806 3807 3763
f 2336 2433 2434 2337
f 131 134 133 132
f 83 105 106 84
f 84 106 107 85
f 53 75 76 54
f 38 59 60 39
f 63 84 85 65
f 2612 2613 2615 2614
f 3350 3422 3424 3352
f 5044 5067 5068 5045
f 5097 5115 5116 5098
f 3761 3805 3806 3762
f 69 71 70 49
f 316 347 348 317
f 77 99 100 78
f 57 79 80 58
f 79 101 102 80
f 5064 5085 5086 5065
f 70 93 94 72
f 23 36 37 25
f 56 78 79 57
f 4047 4121 4122 4048
f 4186 4245 4246 4187
f 5089 5107 5108 5090
f 3713 3750 3751 3714
f 5105 5120 5121 5106
f 2539 2632 2633 2540
f 2434 2534 2535 2435
f 80 102 103 81
f 2855 2907 2908 2854
f 138 162 163 139
f 2329 2427 2428 2331
f 132 133 135 112
f 2337 2434 2435 2338
f 3697 3735 3737 3696
f 2500 2598 2597 2499
f 92 113 114 93
f 2766 2823 2824 2767
f 669 702 703 670
f 149 173 174 150
f 143 167 168 144
f 91 112 111 90
f 94 115 116 95
f 87 108 110 109
f 104 125 126 105
f 1581 1584 1583 1582
f 323 354 355 324
f 1185 1221 1222 1186
f 3689 3727 3728 3690
f 85 107 108 87
f 78 100 101 79
f 111 136 137 113
f 96 117 118 97
f 997 1031 1032 998
f 139 163 164 140
f 62 63 65 64
f 117 141 142 118
f 76 98 99 77
f 88 91 90 89
f 1768 1843 1844 1769
f 297 329 330 299
f 5129 5142 5143 5130
f 148 172 173 149
f 75 97 98 76
f 1266 1302 1303 1267
f 127 151 152 128
f 5135 5145 5144 5136
f 3253 3309 3310 3254
f 266 268 267 235
f 221 256 257 222
f 2458 2561 2562 2459
f 133 158 159 135
f 2603 2684 2685 2604
f 119 143 144 120
f 4991 5019 5020 4992
f 1062 1101 1102 1063
f 2361 2457 2458 2362
f 207 243 244 209
f 125 149 150 126
f 2450 2552 2554 2451
f 126 150 151 127
f 95 116 117 96
f 4695 4732 4733 4696
f 454 498 499 455
f 805 842 843 806
f 171 198 199 172
f 44 66 68 47
f 93 114 115 94
f 150 174 175 151
f 31 50 51 32
f 4103 4164 4165 4104
f 2957 3009 3010 2958
f 395 437 438 396
f 2353 2449 2448 2352
f 3721 3760 3761 3723
f 5072 5093 5094 5073
f 2571 2662 2663 2572
f 116 140 141 117
f 3866 3927 3928 3867
f 4832 4833 4835 4834
f 166 193 194 167
f 158 185 186 159
f 5084 5101 5103 5085
f 151 175 176 152
f 3204 3260 3261 3206
f 551 591 592 552
f 273 304 305 274
f 285 316 317 286
f 279 310 311 280
f 157 183 184 156
f 134 156 158 133
f 175 202 203 176
f 2892 2941 2943 2894
f 5126 5139 5140 5127
f 218 253 254 219
f 2345 2442 2443 2346
f 1825 1826 1828 1827
f 235 267 269 234
f 54 76 77 55
f 108 129 130 110
f 136 160 161 137
f 2446 2546 2547 2447
f 965 997 998 966
f 211 246 247 212
f 4545 4596 4597 4546
f 2255 2355 2356 2256
f 212 247 248 213
f 5045 5068 5069 5046
f 2604 2685 2686 2605
f 192 219 220 193
f 191 218 219 192
f 112 135 136 111
f 459 503 504 460
f 34 54 55 33
f 2506 2604 2605 2507
f 74 96 97 75
f 182 207 209 181
f 183 210 211 184
f 240 241 242 208
f 4631 4678 4679 4632
f 665 698 699 666
f 349 386 387 350
f 351 388 389 352
f 197 224 225 198
f 2795 2849 2850 2796
f 159 186 187 160
f 2580 2671 2672 2581
f 1967 2054 2055 1969
f 379 414 415 380
f 42 45 44 43
f 3753 3798 3799 3754
f 189 216 217 190
f 1225 1261 1263 1224
f 115 139 140 116
f 531 572 573 532
f 165 192 193 166
f 2466 2569 2570 2467
f 3926 3982 3983 3927
f 129 153 154 130
f 4840 4841 4843 4842
f 252 283 284 253
f 5137 5146 5147 5138
f 1354 1392 1393 1355
f 180 181 183 157
f 216 251 252 217
f 4128 4188 4189 4129
f 282 313 314 283
f 1161 1197 1198 1162
f 3737 3775 3776 3738
f 147 171 172 148
f 222 257 258 223
f 215 250 251 216
f 208 242 243 207
f 1512 1559 1560 1513
f 1245 1283 1284 1246
f 1387 1427 1428 1389
f 415 457 458 416
f 229 264 265 230
f 214 249 250 215
f 247 278 279 248
f 200 227 228 201
f 3729 3767 3768 3730
f 275 306 307 276
f 253 284 285 254
f 190 217 218 191
f 140 164 165 141
f 144 168 169 145
f 717 747 748 718
f 595 629 628 594
f 2457 2560 2561 2458
f 284 315 316 285
f 155 157 156 134
f 1298 1337 1338 1297
f 263 294 295 264
f 2660 2727 2728 2661
f 2085 2186 2187 2086
f 617 652 653 618
f 493 540 539 494
f 2554 2646 2645 2555
f 269 300 301 270
f 2683 2747 2748 2684
f 255 286 287 256
f 256 287 288 257
f 1805 1880 1881 1806
f 370 405 406 371
f 2409 2504 2505 2410
f 495 541 542 496
f 261 292 293 262
f 262 293 294 263
f 1405 1408 1407 1406
f 549 589 590 550
f 307 338 339 308
f 2546 2639 2640 2547
f 237 270 271 239
f 286 317 318 287
f 223 258 259 224
f 280 311 312 281
f 2976 3024 3026 2978
f 667 700 701 668
f 1345 1381 1382 1346
f 188 215 216 189
f 173 200 201 174
f 2667 2731 2732 2668
f 167 194 195 168
f 2636 2706 2707 2637
f 4461 4462 4464 4463
f 609 643 644 610
f 557 594 596 558
f 15 31 32 18
f 187 214 215 188
f 302 333 334 303
f 39 60 61 41
f 304 335 336 305
f 4117 4177 4178 4118
f 338 375 376 339
f 1265 1301 1302 1266
f 5035 5060 5059 5037
f 293 324 325 294
f 288 319 320 289
f 1501 1549 1550 1502
f 296 298 297 268
f 287 318 319 288
f 2805 2859 2860 2806
f 747 772 773 748
f 339 376 377 340
f 929 964 965 930
f 317 348 349 318
f 326 328 327 298
f 308 339 340 309
f 3842 3905 3906 3844
f 174 201 202 175
f 1241 1279 1280 1242
f 114 138 139 115
f 348 385 386 349
f 163 190 191 164
f 270 301 302 271
f 2578 2669 2670 2579
f 2708 2768 2769 2709
f 1614 1670 1671 1615
f 651 685 686 652
f 629 663 662 628
f 3817 3877 3876 3816
f 333 370 371 334
f 198 225 226 199
f 335 372 373 336
f 360 361 363 362
f 327 365 366 329
f 344 381 382 345
f 303 334 335 304
f 2731 2793 2794 2732
f 1350 1386 1387 1351
f 106 127 128 107
f 623 658 659 624
f 357 358 361 360
f 334 371 372 335
f 2522 2620 2621 2523
f 2684 2748 2749 2685
f 22 35 36 23
f 1257 1295 1296 1258
f 378 413 414 379
f 3833 3834 3836 3835
f 301 332 333 302
f 358 396 397 361
f 220 255 256 221
f 392 393 395 359
f 3541 3596 3598 3597
f 421 463 464 422
f 2417 2512 2513 2418
f 388 423 424 389
f 50 73 74 51
f 2707 2767 2768 2708
f 391 394 393 392
f 352 389 390 353
f 2648 2714 2716 2649
f 121 145 146 122
f 725 755 754 727
f 3777 3822 3823 3778
f 3654 3693 3694 3655
f 410 452 453 411
f 219 254 255 220
f 2318 2413 2414 2319
f 1765 1840 1841 1766
f 4806 4872 4873 4805
f 1217 1255 1256 1218
f 703 733 734 704
f 365 400 401 366
f 374 409 410 375
f 375 410 411 376
f 328 364 365 327
f 1119 1156 1157 1120
f 915 951 952 916
f 411 453 454 412
f 1841 1916 1917 1842
f 429 430 432 431
f 366 401 402 367
f 236 237 239 238
f 272 303 304 273
f 839 866 868 840
f 633 667 668 634
f 162 189 190 163
f 420 462 463 421
f 203 230 231 204
f 342 379 380 343
f 399 441 442 400
f 152 176 177 153
f 4686 4724 4725 4688
f 490 537 538 491
f 797 819 820 798
f 2642 2712 2713 2644
f 405 447 448 406
f 1338 1374 1375 1339
f 775 797 798 776
f 2441 2541 2542 2442
f 2771 2828 2829 2772
f 384 419 420 385
f 2884 2933 2934 2886
f 3062 3118 3119 3063
f 2634 2703 2705 2635
f 443 487 488 444
f 1925 2013 2014 1926
f 2906 2960 2961 2907
f 397 439 440 398
f 406 448 449 407
f 383 418 419 384
f 3954 4012 4013 3955
f 3431 3492 3493 3432
f 987 1021 1022 988
f 2433 2533 2534 2434
f 3841 3842 3844 3843
f 373 408 409 374
f 430 468 469 432
f 359 395 396 358
f 472 475 474 473
f 3199 3200 3202 3201
f 289 320 321 290
f 885 886 887 857
f 871 873 872 845
f 309 340 341 310
f 2755 2815 2816 2756
f 311 342 343 312
f 432 469 471 470
f 1895 1896 1899 1898
f 474 523 524 477
f 2425 2525 2526 2426
f 1857 1859 1858 1785
f 5088 5106 5107 5089
f 446 490 491 447
f 260 291 292 261
f 475 522 523 474
f 2053 2156 2157 2054
f 516 517 519 518
f 27 39 41 40
f 439 483 484 440
f 1051 1084 1085 1052
f 2682 2746 2747 2683
f 438 482 483 439
f 400 442 443 401
f 202 229 230 203
f 1273 1309 1310 1274
f 4794 4859 4860 4795
f 414 456 457 415
f 463 507 508 464
f 3898 3955 3956 3899
f 4319 4370 4371 4320
f 971 1003 1004 973
f 941 974 976 943
f 935 936 938 937
f 1400 1439 1440 1401
f 350 387 388 351
f 244 275 276 245
f 2780 2834 2835 2781
f 656 690 691 657
f 1289 1325 1326 1290
f 811 846 847 812
f 238 239 241 240
f 479 526 527 480
f 456 500 501 457
f 368 403 404 369
f 1115 1152 1151 1114
f 194 221 222 195
f 3809 3870 3871 3810
f 515 559 560 517
f 5053 5076 5077 5054
f 471 513 515 514
f 488 535 536 489
f 4183 4244 4243 4185
f 281 312 313 282
f 387 422 423 388
f 445 489 490 446
f 447 491 492 448
f 2756 2816 2817 2757
f 2535 2627 2629 2536
f 437 481 482 438
f 2561 2652 2653 2562
f 2562 2653 2654 2563
f 2950 2953 2952 2951
f 562 600 601 563
f 1013 1047 1048 1014
f 532 573 574 533
f 283 314 315 284
f 2963 3015 3016 2964
f 292 323 324 293
f 504 550 551 505
f 1376 1416 1417 1377
f 2333 2430 2431 2334
f 1233 1271 1272 1234
f 3793 3854 3855 3794
f 501 547 548 502
f 1418 1459 1460 1419
f 503 549 550 504
f 496 542 543 497
f 975 1008 1010 974
f 547 587 588 548
f 525 566 567 526
f 526 567 568 527
f 527 568 569 528
f 520 521 522 475
f 3832 3900 3901 3834
f 1179 1215 1216 1180
f 2545 2638 2639 2546
f 3785 3846 3848 3784
f 267 299 300 269
f 3131 3179 3180 3132
f 276 307 308 277
f 408 450 451 409
f 1077 1118 1119 1078
f 541 581 582 542
f 478 525 526 479
f 543 583 584 544
f 2828 2881 2882 2829
f 141 165 166 142
f 649 681 683 648
f 2489 2589 2590 2490
f 572 610 611 573
f 533 574 575 534
f 1370 1409 1410 1369
f 535 576 577 536
f 536 577 578 537
f 5 7 6 4
f 658 692 693 659
f 579 614 616 581
f 2722 2783 2784 2723
f 509 556 555 511
f 2859 2912 2913 2860
f 1063 1102 1103 1064
f 2481 2581 2582 2482
f 453 497 498 454
f 550 590 591 551
f 511 555 557 512
f 560 598 599 561
f 3696 3737 3738 3698
f 2461 2564 2565 2462
f 1141 1178 1179 1142
f 2714 2777 2776 2716
f 315 346 347 316
f 574 612 613 575
f 455 499 500 456
f 2465 2568 2569 2466
f 1243 1281 1282 1244
f 452 496 497 453
f 565 603 604 566
f 2835 2888 2887 2836
f 319 350 351 320
f 2804 2858 2859 2805
f 2128 2131 2130 2129
f 641 675 676 642
f 611 645 646 612
f 567 605 606 568
f 589 624 625 590
f 590 625 626 591
f 55 77 78 56
f 584 619 620 585
f 1277 1313 1314 1278
f 642 676 677 643
f 258 289 290 259
f 4598 4649 4650 4599
f 2666 2730 2729 2665
f 582 617 618 583
f 568 606 607 569
f 1133 1170 1171 1134
f 2613 2693 2694 2615
f 1213 1251 1252 1214
f 1127 1164 1165 1128
f 299 330 331 300
f 558 596 597 559
f 924 959 960 925
f 544 584 585 545
f 1379 1419 1420 1380
f 605 639 640 606
f 1793 1868 1869 1794
f 486 533 534 487
f 604 638 639 605
f 3930 3986 3987 3931
f 1677 1738 1739 1678
f 1307 1347 1348 1308
f 250 281 282 251
f 644 678 679 645
f 597 631 632 598
f 2907 2961 2962 2908
f 583 618 619 584
f 2868 2921 2922 2869
f 2365 2461 2462 2366
f 1305 1345 1346 1306
f 523 564 565 524
f 3905 3962 3963 3906
f 616 651 652 617
f 2221 2318 2319 2222
f 640 674 675 641
f 1227 1265 1266 1228
f 2505 2603 2604 2506
f 1223 1225 1224 1188
f 573 611 612 574
f 614 650 651 616
f 3929 3985 3986 3930
f 2844 2893 2892 2843
f 1597 1653 1654 1598
f 1321 1360 1361 1322
f 1285 1321 1322 1286
f 364 399 400 365
f 638 672 673 639
f 648 683 684 650
f 853 882 883 854
f 1541 1594 1595 1542
f 1249 1287 1288 1250
f 3865 3926 3927 3866
f 122 146 147 123
f 2883 2932 2933 2884
f 631 665 666 632
f 680 682 681 649
f 1976 1977 1979 1978
f 625 660 661 626
f 683 714 715 684
f 684 715 716 685
f 347 384 385 348
f 1464 1507 1508 1465
f 3397 3465 3467 3400
f 298 327 329 297
f 3857 3919 3920 3858
f 637 671 672 638
f 662 695 697 664
f 663 696 695 662
f 624 659 660 625
f 2483 2583 2584 2484
f 2917 2971 2972 2918
f 1349 1385 1386 1350
f 1255 1293 1294 1256
f 552 592 593 553
f 340 377 378 341
f 3989 4038 4039 3990
f 1451 1495 1496 1452
f 2537 2630 2631 2538
f 3849 3912 3913 3850
f 677 710 711 678
f 654 688 689 655
f 687 718 719 688
f 416 458 459 417
f 4701 4739 4740 4703
f 329 366 367 330
f 715 745 746 716
f 740 742 741 713
f 2794 2848 2849 2795
f 4557 4608 4609 4558
f 160 187 188 161
f 802 839 840 803
f 2521 2619 2620 2522
f 1327 1366 1367 1328
f 331 368 369 332
f 622 657 658 623
f 671 704 705 672
f 3036 3087 3088 3038
f 3917 3973 3974 3918
f 3061 3117 3118 3062
f 701 731 732 702
f 639 673 674 640
f 4034 4107 4108 4035
f 3109 3159 3160 3110
f 1515 1562 1563 1516
f 1445 1446 1448 1408
f 2842 2844 2843 2791
f 685 716 717 686
f 1402 1441 1442 1403
f 591 626 627 592
f 720 750 751 721
f 3003 3004 3006 2953
f 653 687 688 654
f 396 438 439 397
f 3196 3256 3257 3198
f 766 788 790 768
f 169 196 197 170
f 2513 2611 2613 2612
f 620 655 656 621
f 581 616 617 582
f 702 732 733 703
f 719 749 750 720
f 771 793 794 772
f 778 799 801 780
f 3873 3934 3935 3874
f 461 505 506 462
f 742 767 766 741
f 743 768 769 744
f 688 719 720 689
f 598 632 633 599
f 3213 3267 3268 3214
f 380 415 416 381
f 2931 2983 2984 2932
f 3986 4035 4036 3987
f 3771 3773 3772 3736
f 1587 1643 1644 1588
f 362 363 364 328
f 1407 1449 1450 1409
f 733 761 762 734
f 758 782 783 759
f 759 783 784 760
f 1477 1520 1521 1478
f 729 757 758 730
f 1809 1884 1885 1810
f 507 553 554 508
f 750 775 776 751
f 751 776 777 752
f 2932 2984 2985 2933
f 1206 1244 1245 1207
f 744 769 770 745
f 226 261 262 227
f 796 818 819 797
f 718 748 749 719
f 727 754 756 728
f 784 805 806 785
f 1886 1959 1960 1887
f 1499 1547 1548 1500
f 322 353 354 323
f 2826 2879 2880 2827
f 781 802 803 782
f 773 795 796 774
f 630 664 665 631
f 1750 1811 1812 1751
f 659 693 694 660
f 741 766 768 743
f 2650 2717 2718 2651
f 1134 1171 1172 1135
f 428 467 466 427
f 310 341 342 311
f 1361 1399 1400 1362
f 1021 1055 1056 1022
f 1471 1514 1515 1472
f 170 197 198 171
f 1651 1715 1716 1652
f 3029 3077 3078 3030
f 371 406 407 372
f 3897 3954 3955 3898
f 419 461 462 420
f 494 539 541 495
f 783 804 805 784
f 2916 2970 2971 2917
f 4412 4475 4476 4413
f 145 169 170 146
f 657 691 692 658
f 792 814 815 793
f 799 838 837 801
f 858 889 890 859
f 836 863 865 864
f 782 803 804 783
f 808 810 809 789
f 3509 3567 3568 3510
f 3889 3948 3950 3888
f 821 824 823 822
f 412 454 455 413
f 760 784 785 761
f 4915 4963 4964 4916
f 823 856 858 826
f 813 848 849 814
f 1543 1596 1597 1544
f 3123 3173 3174 3124
f 815 850 851 816
f 696 726 725 695
f 3510 3568 3569 3511
f 1731 1792 1793 1732
f 859 890 891 860
f 3881 3943 3944 3882
f 403 445 446 404
f 1530 1531 1534 1533
f 791 813 814 792
f 845 872 874 844
f 4222 4279 4280 4223
f 2996 3040 3041 2997
f 681 712 714 683
f 2641 2711 2712 2642
f 900 901 903 902
f 837 867 866 839
f 846 875 876 847
f 735 763 764 736
f 4078 4142 4143 4079
f 832 861 862 834
f 946 979 980 947
f 2874 2925 2924 2876
f 856 888 889 858
f 3422 3483 3485 3424
f 2964 3016 3017 2965
f 3653 3692 3693 3654
f 1605 1661 1663 1607
f 1623 1679 1680 1624
f 829 830 832 831
f 830 860 861 832
f 599 633 634 600
f 904 906 905 873
f 2598 2677 2679 2597
f 1787 1862 1863 1788
f 2577 2668 2669 2578
f 2866 2919 2920 2867
f 790 812 813 791
f 847 876 877 848
f 896 897 899 898
f 271 302 303 272
f 377 412 413 378
f 899 930 931 901
f 772 794 795 773
f 749 774 775 750
f 1434 1475 1476 1435
f 596 630 631 597
f 135 159 160 136
f 2569 2660 2661 2570
f 451 495 496 452
f 2754 2814 2815 2755
f 861 892 893 862
f 895 928 929 897
f 932 967 968 934
f 930 965 966 931
f 695 725 727 697
f 1685 1746 1747 1686
f 1135 1172 1173 1136
f 901 931 932 903
f 3027 3075 3076 3028
f 887 920 921 888
f 840 868 869 841
f 1399 1438 1439 1400
f 3845 3847 3846 3785
f 1337 1373 1374 1338
f 878 912 913 879
f 855 884 886 885
f 4018 4087 4088 4019
f 1247 1285 1286 1248
f 1875 1948 1949 1876
f 931 966 967 932
f 436 480 481 437
f 435 478 479 434
f 910 946 947 911
f 2690 2754 2755 2691
f 3028 3076 3077 3029
f 615 648 650 614
f 1377 1417 1418 1378
f 394 434 436 393
f 2346 2443 2444 2347
f 3011 3060 3061 3012
f 888 921 922 889
f 1771 1846 1847 1772
f 4307 4359 4360 4308
f 926 961 962 927
f 909 945 946 910
f 484 531 532 485
f 928 963 964 929
f 4982 5010 5011 4983
f 1393 1432 1433 1394
f 1813 1816 1815 1814
f 4065 4066 4069 4068
f 933 934 936 935
f 918 954 953 919
f 2677 2742 2743 2679
f 2510 2608 2609 2511
f 426 427 430 429
f 3220 3274 3275 3221
f 877 911 912 878
f 886 919 920 887
f 911 947 948 912
f 3012 3061 3062 3013
f 2391 2488 2489 2392
f 89 90 92 71
f 666 699 700 667
f 2121 2222 2223 2122
f 210 245 246 211
f 822 823 826 825
f 943 976 977 944
f 944 977 978 945
f 2036 2116 2117 2037
f 994 1028 1029 995
f 2601 2682 2683 2602
f 483 530 531 484
f 468 511 512 469
f 967 999 1000 968
f 3067 3123 3124 3068
f 936 969 970 938
f 3007 3056 3057 3008
f 4085 4148 4149 4086
f 1829 1904 1905 1830
f 988 1022 1023 989
f 949 982 983 950
f 950 983 984 951
f 2011 2088 2089 2012
f 3751 3796 3797 3752
f 1281 1317 1318 1282
f 1985 2064 2065 1986
f 973 1004 1006 1005
f 974 1010 1011 976
f 959 991 992 960
f 912 948 949 913
f 3583 3628 3630 3584
f 697 727 728 698
f 1003 1037 1038 1004
f 1823 1901 1902 1826
f 467 510 509 466
f 3099 3100 3102 3101
f 919 953 955 920
f 848 877 878 849
f 2919 2973 2974 2920
f 1074 1116 1117 1076
f 434 479 480 436
f 1905 1992 1993 1906
f 704 734 735 705
f 2119 2220 2221 2120
f 976 1011 1012 977
f 4237 4292 4293 4238
f 1901 1988 1989 1902
f 1020 1054 1053 1019
f 989 1023 1024 990
f 990 1024 1025 991
f 863 894 895 865
f 3188 3246 3248 3187
f 4943 4982 4983 4944
f 2938 2989 2988 2937
f 2633 2704 2703 2634
f 981 1016 1017 982
f 982 1017 1018 983
f 540 580 579 539
f 4138 4197 4198 4137
f 4791 4856 4857 4792
f 2075 2178 2179 2076
f 1035 1069 1070 1036
f 1903 1990 1991 1904
f 957 989 990 958
f 958 990 991 959
f 991 1025 1026 992
f 1016 1050 1051 1017
f 3212 3266 3267 3213
f 321 352 353 322
f 2617 2696 2697 2618
f 4569 4617 4618 4570
f 893 926 927 894
f 1474 1517 1518 1475
f 1058 1097 1098 1059
f 224 259 260 225
f 1965 2053 2054 1967
f 3194 3254 3255 3195
f 757 781 782 758
f 3107 3157 3158 3108
f 1023 1057 1058 1024
f 1008 1043 1044 1010
f 960 992 993 961
f 4365 4422 4423 4366
f 2609 2690 2691 2610
f 3953 4011 4012 3954
f 1022 1056 1057 1023
f 992 1026 1027 993
f 2139 2239 2240 2141
f 1046 1079 1080 1047
f 1637 1638 1639 1584
f 524 565 566 525
f 4066 4131 4132 4069
f 816 851 852 817
f 1409 1450 1451 1410
f 1067 1106 1107 1068
f 1975 2058 2059 1977
f 643 677 678 644
f 3139 3141 3140 3086
f 1047 1080 1081 1048
f 3100 3152 3153 3102
f 176 203 204 177
f 2059 2162 2163 2060
f 466 509 511 468
f 1081 1122 1123 1082
f 290 321 322 291
f 1054 1092 1093 1053
f 1031 1065 1066 1032
f 1048 1081 1082 1049
f 4495 4546 4547 4496
f 2029 2109 2110 2030
f 1425 1466 1467 1426
f 1084 1125 1126 1085
f 1061 1100 1101 1062
f 1086 1087 1089 1088
f 999 1033 1034 1000
f 1064 1103 1104 1065
f 2039 2119 2120 2040
f 2203 2300 2301 2204
f 458 502 503 459
f 2970 3022 3023 2971
f 803 840 841 804
f 2730 2790 2792 2729
f 3763 3807 3808 3764
f 979 1014 1015 980
f 2055 2158 2159 2056
f 1029 1063 1064 1030
f 1030 1064 1065 1031
f 580 615 614 579
f 3076 3131 3132 3077
f 2456 2559 2560 2457
f 313 344 345 314
f 1549 1602 1603 1550
f 3993 4041 4043 3995
f 234 269 270 237
f 966 998 999 967
f 1071 1110 1111 1072
f 1080 1121 1122 1081
f 3248 3304 3305 3249
f 3324 3387 3388 3325
f 2101 2202 2203 2102
f 1116 1153 1154 1117
f 555 595 594 557
f 814 849 850 815
f 1095 1133 1134 1096
f 1297 1338 1339 1299
f 4645 4693 4694 4646
f 3985 4034 4035 3986
f 1085 1126 1127 1087
f 502 548 549 503
f 564 602 603 565
f 1072 1111 1112 1073
f 3112 3162 3163 3113
f 2275 2375 2376 2276
f 1131 1168 1169 1132
f 2135 2237 2238 2137
f 1109 1147 1148 1110
f 3909 3965 3966 3910
f 1111 1149 1150 1112
f 1088 1089 1091 1090
f 2400 2497 2498 2401
f 4565 4613 4614 4566
f 2705 2765 2766 2706
f 3961 4019 4020 3962
f 539 579 581 541
f 1554 1607 1608 1555
f 1103 1141 1142 1104
f 1000 1034 1035 1001
f 1688 1689 1691 1690
f 1218 1256 1257 1219
f 2157 2257 2258 2158
f 1148 1185 1186 1149
f 1125 1162 1163 1126
f 3731 3769 3770 3732
f 1079 1120 1121 1080
f 3140 3187 3189 3142
f 4480 4529 4530 4481
f 4805 4873 4874 4807
f 2665 2729 2731 2667
f 3010 3059 3060 3011
f 1120 1157 1158 1121
f 1015 1049 1050 1016
f 4312 4364 4365 4313
f 2347 2444 2445 2348
f 1163 1199 1200 1164
f 2199 2296 2297 2200
f 1117 1154 1155 1118
f 3419 3479 3480 3421
f 879 913 914 880
f 1144 1181 1182 1145
f 477 524 525 478
f 705 735 736 706
f 2657 2724 2725 2658
f 2994 3038 3039 2995
f 1093 1131 1132 1094
f 1094 1132 1133 1095
f 607 641 642 608
f 3116 3166 3167 3117
f 4920 4968 4969 4921
f 1202 1240 1241 1203
f 2325 2326 2329 2328
f 1060 1099 1100 1061
f 1037 1071 1072 1038
f 3289 3342 3344 3288
f 748 773 774 749
f 1160 1196 1197 1161
f 277 308 309 278
f 4965 5004 5005 4966
f 2649 2716 2717 2650
f 1703 1762 1763 1704
f 587 622 623 588
f 3171 3230 3231 3172
f 2818 2872 2873 2819
f 1152 1188 1187 1151
f 213 248 249 214
f 1175 1211 1212 1176
f 2263 2363 2364 2264
f 1195 1233 1234 1196
f 1157 1193 1194 1158
f 1158 1194 1195 1159
f 908 944 945 909
f 1128 1165 1166 1129
f 469 512 513 471
f 2515 2516 2519 2518
f 530 571 572 531
f 1873 1946 1947 1874
f 1181 1217 1218 1182
f 1182 1218 1219 1183
f 1143 1180 1181 1144
f 4114 4174 4176 4116
f 3960 4018 4019 3961
f 1441 1482 1483 1442
f 2301 2400 2401 2302
f 1212 1250 1251 1213
f 571 609 610 572
f 3155 3214 3215 3156
f 2778 2833 2832 2779
f 3172 3231 3232 3173
f 1576 1628 1629 1578
f 2331 2428 2429 2332
f 522 563 564 523
f 4081 4146 4145 4083
f 1197 1235 1236 1198
f 1198 1236 1237 1199
f 652 686 687 653
f 1184 1220 1221 1185
f 789 809 811 788
f 1457 1501 1502 1458
f 1107 1145 1146 1108
f 2327 2425 2426 2326
f 4025 4094 4095 4026
f 291 322 323 292
f 1208 1246 1247 1209
f 3829 3899 3900 3832
f 2673 2737 2738 2674
f 1236 1274 1275 1237
f 1189 1227 1228 1190
f 1190 1228 1229 1191
f 1191 1229 1230 1192
f 3156 3215 3216 3157
f 1069 1108 1109 1070
f 689 720 721 690
f 2373 2469 2470 2374
f 4017 4086 4087 4018
f 1165 1201 1202 1166
f 1166 1202 1203 1167
f 1215 1253 1254 1216
f 1224 1263 1264 1226
f 1397 1436 1437 1398
f 1274 1310 1311 1275
f 1313 1353 1352 1314
f 2399 2496 2497 2400
f 274 305 306 275
f 1102 1140 1141 1103
f 636 670 671 637
f 1216 1254 1255 1217
f 1341 1377 1378 1342
f 142 166 167 143
f 1267 1303 1304 1268
f 4073 4074 4076 4006
f 619 654 655 620
f 3211 3265 3266 3212
f 1239 1277 1278 1240
f 1192 1230 1231 1193
f 563 601 602 564
f 1230 1268 1269 1231
f 1229 1267 1268 1230
f 1231 1269 1270 1232
f 1136 1173 1174 1137
f 621 656 657 622
f 2563 2654 2655 2564
f 586 621 622 587
f 1276 1312 1313 1277
f 1253 1291 1292 1254
f 1254 1292 1293 1255
f 1199 1237 1238 1200
f 1040 1042 1041 1009
f 1957 2045 2046 1958
f 369 404 405 370
f 2437 2537 2538 2438
f 3074 3129 3130 3075
f 603 637 638 604
f 3187 3248 3249 3189
f 1151 1187 1189 1153
f 712 743 744 714
f 1893 1965 1967 1966
f 1362 1400 1401 1363
f 2697 2761 2762 2698
f 2479 2579 2580 2480
f 1269 1305 1306 1270
f 1270 1306 1307 1271
f 692 723 724 693
f 168 195 196 169
f 883 917 918 884
f 278 309 310 279
f 1331 1334 1333 1332
f 3066 3122 3123 3067
f 1261 1297 1299 1263
f 2689 2753 2754 2690
f 1188 1224 1226 1187
f 1263 1299 1300 1264
f 2659 2726 2727 2660
f 2149 2244 2245 2151
f 2501 2599 2600 2502
f 4033 4106 4107 4034
f 1237 1275 1276 1238
f 1262 1298 1297 1261
f 1287 1323 1324 1288
f 4111 4172 4173 4112
f 2493 2593 2594 2494
f 337 374 375 338
f 2681 2745 2746 2682
f 2543 2636 2637 2544
f 1173 1209 1210 1174
f 1238 1276 1277 1239
f 2429 2529 2530 2430
f 1346 1382 1383 1347
f 1323 1362 1363 1324
f 1889 1961 1963 1891
f 1045 1078 1079 1046
f 1538 1591 1592 1539
f 676 709 710 677
f 4745 4812 4813 4746
f 1147 1184 1185 1148
f 422 464 465 423
f 618 653 654 619
f 1340 1376 1377 1341
f 1293 1329 1330 1294
f 3243 3300 3301 3244
f 1303 1343 1344 1304
f 1759 1834 1835 1760
f 1302 1342 1343 1303
f 827 828 830 829
f 4713 4747 4748 4714
f 1749 1810 1811 1750
f 2747 2807 2808 2748
f 2581 2672 2673 2582
f 3106 3156 3157 3107
f 346 383 384 347
f 1326 1365 1366 1327
f 1335 1336 1337 1298
f 1392 1431 1432 1393
f 363 398 399 364
f 801 837 839 802
f 610 644 645 611
f 2615 2694 2695 2616
f 1333 1371 1372 1336
f 3227 3281 3282 3228
f 1271 1307 1308 1272
f 4057 4126 4127 4059
f 1408 1448 1449 1407
f 3747 3792 3793 3748
f 2635 2705 2706 2636
f 1235 1273 1274 1236
f 1364 1402 1403 1365
f 1325 1364 1365 1326
f 1342 1378 1379 1343
f 2802 2856 2857 2803
f 2393 2490 2491 2394
f 1411 1452 1453 1412
f 1529 1532 1531 1530
f 2109 2210 2211 2110
f 4041 4116 4117 4043
f 1301 1341 1342 1302
f 306 337 338 307
f 1334 1369 1371 1333
f 2827 2880 2881 2828
f 3317 3380 3381 3318
f 963 995 996 964
f 2703 2763 2765 2705
f 691 722 723 692
f 1310 1350 1351 1311
f 716 746 747 717
f 259 290 291 260
f 3685 3721 3723 3684
f 161 188 189 162
f 146 170 171 147
f 4113 4115 4114 4042
f 1357 1395 1396 1358
f 1246 1284 1285 1247
f 1343 1379 1380 1344
f 1360 1398 1399 1361
f 3621 3664 3665 3622
f 1410 1451 1452 1411
f 4617 4665 4666 4618
f 1373 1413 1414 1374
f 1110 1148 1149 1111
f 1375 1415 1416 1376
f 1544 1597 1598 1545
f 1691 1750 1751 1693
f 734 762 763 735
f 2793 2847 2848 2794
f 1444 1447 1446 1445
f 675 708 709 676
f 1406 1407 1409 1370
f 708 738 739 709
f 1240 1278 1279 1241
f 2869 2922 2923 2870
f 2915 2969 2970 2916
f 3739 3777 3778 3740
f 3146 3193 3194 3147
f 1389 1428 1429 1390
f 2262 2362 2363 2263
f 1391 1430 1431 1392
f 4269 4322 4323 4270
f 761 785 786 762
f 1601 1657 1658 1602
f 2783 2837 2838 2784
f 1381 1421 1422 1382
f 3411 3475 3476 3413
f 1383 1423 1424 1384
f 3268 3324 3325 3269
f 4197 4255 4256 4198
f 1490 1538 1539 1491
f 1427 1468 1469 1428
f 3130 3178 3179 3131
f 1365 1403 1404 1366
f 1610 1666 1667 1611
f 1351 1387 1389 1388
f 1448 1492 1493 1449
f 1971 2056 2057 1973
f 894 927 928 895
f 1473 1516 1517 1474
f 1308 1348 1349 1309
f 1309 1349 1350 1310
f 1414 1455 1456 1415
f 1279 1315 1316 1280
f 1416 1457 1458 1417
f 4477 4526 4527 4478
f 3051 3052 3053 3005
f 2813 2867 2868 2814
f 2271 2371 2372 2272
f 731 759 760 732
f 1398 1437 1438 1399
f 1159 1195 1196 1160
f 3252 3308 3309 3253
f 4845 4901 4902 4847
f 1044 1077 1078 1045
f 1413 1454 1455 1414
f 1432 1473 1474 1433
f 1415 1456 1457 1416
f 1374 1414 1415 1375
f 1536 1589 1590 1537
f 4749 4816 4817 4750
f 745 770 771 746
f 1401 1440 1441 1402
f 1001 1035 1036 1002
f 1437 1478 1479 1438
f 1570 1623 1624 1571
f 892 925 926 893
f 1248 1286 1287 1249
f 2243 2344 2345 2244
f 1482 1525 1526 1483
f 1467 1510 1511 1468
f 3363 3365 3364 3303
f 2898 2947 2948 2899
f 1786 1861 1862 1787
f 4053 4124 4123 4052
f 1038 1072 1073 1039
f 690 721 722 691
f 1476 1519 1520 1477
f 707 737 738 708
f 1438 1479 1480 1439
f 1455 1499 1500 1456
f 3308 3371 3372 3309
f 1483 1526 1528 1527
f 3075 3130 3131 3076
f 2877 2926 2927 2878
f 4169 4228 4229 4170
f 1453 1497 1498 1454
f 1462 1506 1505 1463
f 1447 1490 1491 1446
f 1352 1391 1392 1354
f 246 277 278 247
f 1497 1545 1546 1498
f 3297 3358 3359 3298
f 2523 2621 2622 2524
f 2979 3027 3028 2980
f 1485 1486 1489 1488
f 1423 1464 1465 1424
f 3291 3350 3352 3290
f 534 575 576 535
f 1513 1560 1561 1514
f 954 986 985 953
f 2927 2979 2980 2928
f 1421 1462 1463 1422
f 1478 1521 1522 1479
f 2850 2899 2900 2851
f 1472 1515 1516 1473
f 934 968 969 936
f 5013 5038 5039 5014
f 2745 2805 2806 2746
f 4121 4181 4182 4122
f 330 367 368 331
f 1470 1513 1514 1471
f 153 177 178 154
f 854 883 884 855
f 2965 3017 3018 2966
f 1516 1563 1564 1517
f 779 800 799 778
f 1446 1491 1492 1448
f 804 841 842 805
f 3292 3353 3354 3293
f 2867 2920 2921 2868
f 1546 1599 1600 1547
f 809 844 846 811
f 4105 4166 4167 4106
f 1533 1534 1535 1487
f 1382 1422 1423 1383
f 1479 1522 1523 1480
f 1496 1544 1545 1497
f 102 123 124 103
f 1318 1357 1358 1319
f 1531 1586 1587 1534
f 3015 3064 3065 3016
f 1509 1556 1557 1510
f 3395 3398 3397 3396
f 1480 1523 1524 1481
f 1511 1558 1559 1512
f 1486 1536 1537 1489
f 755 779 778 754
f 1502 1550 1551 1503
f 1977 2059 2060 1979
f 722 752 753 723
f 1526 1573 1574 1528
f 788 811 812 790
f 1808 1883 1884 1809
f 1422 1463 1464 1423
f 3219 3273 3274 3220
f 3037 3085 3087 3036
f 1548 1601 1602 1549
f 1525 1572 1573 1526
f 3315 3378 3379 3316
f 1575 1576 1578 1577
f 1456 1500 1501 1457
f 3179 3237 3238 3180
f 785 806 807 786
f 2785 2839 2840 2786
f 3218 3272 3273 3219
f 1517 1564 1565 1518
f 1534 1587 1588 1535
f 1678 1739 1740 1679
f 2240 2341 2342 2241
f 1618 1674 1675 1619
f 1563 1616 1617 1564
f 3079 3134 3135 3080
f 1493 1541 1542 1494
f 1582 1583 1585 1532
f 1519 1566 1567 1520
f 1528 1574 1576 1575
f 2022 2102 2103 2023
f 1454 1498 1499 1455
f 2769 2826 2827 2770
f 3210 3264 3265 3211
f 1429 1470 1471 1430
f 1510 1557 1558 1511
f 1487 1535 1536 1486
f 3484 3543 3542 3483
f 1942 2030 2031 1943
f 3283 3339 3340 3284
f 3117 3167 3168 3118
f 3538 3539 3541 3540
f 1317 1356 1357 1318
f 1594 1650 1651 1595
f 4282 4334 4335 4283
f 361 397 398 363
f 4129 4189 4190 4130
f 3475 3531 3532 3476
f 1602 1658 1659 1603
f 2789 2791 2790 2730
f 1568 1621 1622 1569
f 1431 1472 1473 1432
f 1278 1314 1315 1279
f 1574 1627 1628 1576
f 2753 2813 2814 2754
f 3207 3208 3209 3151
f 1053 1093 1094 1055
f 3379 3450 3451 3380
f 844 874 875 846
f 1560 1613 1614 1561
f 2611 2692 2693 2613
f 3403 3404 3406 3405
f 1603 1659 1660 1604
f 1921 2009 2010 1922
f 418 460 461 419
f 1558 1611 1612 1559
f 1559 1612 1613 1560
f 1256 1294 1295 1257
f 3033 3081 3082 3034
f 1577 1578 1580 1579
f 762 786 787 763
f 1590 1646 1647 1591
f 1371 1411 1412 1372
f 1591 1647 1648 1592
f 4274 4276 4275 4220
f 1824 1900 1901 1823
f 3267 3323 3324 3268
f 3181 3239 3240 3182
f 1620 1676 1677 1621
f 1099 1137 1138 1100
f 3355 3427 3428 3356
f 828 859 860 830
f 3372 3443 3444 3373
f 2838 2890 2891 2839
f 1545 1598 1599 1546
f 754 778 780 756
f 3250 3306 3307 3251
f 1557 1610 1611 1558
f 1606 1662 1661 1605
f 1607 1663 1664 1608
f 1592 1648 1649 1593
f 3222 3276 3277 3223
f 3435 3498 3499 3437
f 1507 1554 1555 1508
f 3223 3277 3278 3224
f 2713 2773 2775 2774
f 1598 1654 1655 1599
f 1616 1672 1673 1617
f 3356 3428 3429 3357
f 345 382 383 346
f 1566 1619 1620 1567
f 1599 1655 1656 1600
f 1658 1722 1723 1659
f 4161 4221 4222 4163
f 2685 2749 2750 2686
f 1518 1565 1566 1519
f 1567 1620 1621 1568
f 1632 1687 1689 1688
f 3150 3210 3211 3152
f 1854 1926 1927 1855
f 3261 3317 3318 3262
f 1652 1716 1717 1653
f 875 909 910 876
f 1390 1429 1430 1391
f 2882 2931 2932 2883
f 1624 1680 1681 1625
f 4067 4130 4131 4066
f 3507 3566 3565 3508
f 1369 1410 1411 1371
f 4153 4210 4211 4154
f 1613 1669 1670 1614
f 1118 1155 1156 1119
f 876 910 911 877
f 1800 1875 1876 1801
f 2390 2487 2488 2391
f 825 826 828 827
f 1695 1696 1699 1698
f 1600 1656 1657 1601
f 3774 3819 3820 3775
f 1754 1830 1831 1756
f 1675 1736 1737 1676
f 3303 3364 3366 3302
f 1645 1709 1710 1646
f 3547 3606 3607 3548
f 1655 1719 1720 1656
f 3428 3489 3490 3429
f 3710 3747 3748 3711
f 1998 2077 2078 1999
f 2865 2918 2919 2866
f 4137 4198 4199 4139
f 851 880 881 852
f 1666 1727 1728 1667
f 860 891 892 861
f 1648 1712 1713 1649
f 4347 4399 4400 4348
f 3587 3633 3634 3588
f 3325 3388 3389 3326
f 1700 1759 1760 1701
f 1669 1730 1731 1670
f 1670 1731 1732 1671
f 1671 1732 1733 1672
f 2130 2235 2236 2133
f 2817 2871 2872 2818
f 1672 1733 1734 1673
f 4430 4432 4431 4379
f 4294 4348 4349 4295
f 3388 3459 3460 3389
f 1707 1766 1767 1708
f 3282 3338 3339 3283
f 1653 1717 1718 1654
f 3723 3761 3762 3724
f 1663 1725 1724 1664
f 1752 1755 1754 1753
f 4619 4667 4668 4620
f 793 815 816 794
f 2809 2863 2864 2810
f 3367 3438 3439 3368
f 1621 1677 1678 1622
f 1694 1697 1696 1695
f 1639 1703 1704 1640
f 1680 1741 1742 1681
f 3590 3636 3637 3591
f 1738 1799 1800 1739
f 3413 3476 3477 3415
f 3274 3330 3331 3275
f 1565 1618 1619 1566
f 1626 1682 1683 1627
f 1583 1640 1641 1585
f 1424 1465 1466 1425
f 3819 3879 3880 3820
f 2110 2211 2212 2111
f 1439 1480 1481 1440
f 907 943 944 908
f 1588 1644 1645 1589
f 3467 3523 3524 3468
f 1167 1203 1204 1168
f 4258 4312 4313 4259
f 4902 4950 4951 4903
f 3659 3698 3699 3660
f 2801 2855 2854 2800
f 2879 2928 2929 2880
f 1701 1760 1761 1702
f 1702 1761 1762 1703
f 647 649 648 615
f 3468 3524 3525 3469
f 4955 4994 4995 4956
f 1561 1614 1615 1562
f 1747 1808 1809 1748
f 3495 3497 3496 3436
f 1725 1784 1786 1724
f 1726 1787 1788 1727
f 1320 1359 1360 1321
f 1712 1771 1772 1713
f 71 92 93 70
f 3555 3616 3617 3557
f 834 862 863 836
f 1945 2033 2034 1946
f 891 924 925 892
f 3451 3509 3510 3452
f 1741 1802 1803 1742
f 1742 1803 1804 1743
f 407 449 450 408
f 1733 1794 1795 1734
f 1734 1795 1796 1735
f 343 380 381 344
f 3485 3544 3545 3486
f 826 858 859 828
f 1633 1636 1635 1634
f 1764 1839 1840 1765
f 1709 1768 1769 1710
f 1710 1769 1770 1711
f 4606 4656 4657 4607
f 1736 1797 1798 1737
f 100 121 122 101
f 1070 1109 1110 1071
f 1643 1707 1708 1644
f 4241 4296 4297 4242
f 402 444 445 403
f 1638 1702 1703 1639
f 1180 1216 1217 1181
f 3452 3510 3511 3453
f 4758 4823 4822 4757
f 769 791 792 770
f 2825 2878 2879 2826
f 3511 3569 3570 3512
f 947 980 981 948
f 3499 3559 3560 3500
f 1711 1770 1771 1712
f 1760 1835 1836 1761
f 1007 1009 1008 975
f 1395 1434 1435 1396
f 3597 3598 3600 3599
f 4185 4243 4245 4186
f 903 932 934 933
f 372 407 408 373
f 1744 1805 1806 1745
f 3276 3332 3333 3277
f 1385 1425 1426 1386
f 1796 1871 1872 1797
f 1821 1824 1823 1822
f 1822 1823 1826 1825
f 4089 4152 4153 4090
f 1720 1779 1780 1721
f 1183 1219 1220 1184
f 3787 3849 3850 3789
f 1803 1878 1879 1804
f 4177 4238 4239 4178
f 1773 1848 1849 1774
f 1774 1849 1850 1775
f 956 988 989 957
f 2384 2481 2482 2385
f 1535 1588 1589 1536
f 433 435 434 394
f 874 908 909 875
f 3591 3637 3638 3592
f 923 958 959 924
f 3483 3542 3544 3485
f 1767 1842 1843 1768
f 1664 1724 1726 1665
f 1463 1505 1507 1464
f 1874 1947 1948 1875
f 3629 3668 3667 3628
f 3928 3984 3985 3929
f 3652 3691 3692 3653
f 1799 1874 1875 1800
f 2542 2635 2636 2543
f 1798 1873 1874 1799
f 4170 4229 4230 4171
f 3867 3928 3929 3868
f 4354 4411 4412 4355
f 1815 1891 1892 1818
f 201 228 229 202
f 4233 4235 4234 4175
f 1797 1872 1873 1798
f 1790 1865 1866 1791
f 1807 1882 1883 1808
f 1816 1889 1891 1815
f 668 701 702 669
f 1858 1932 1933 1860
f 2857 2910 2911 2858
f 1852 1924 1925 1853
f 1789 1864 1865 1790
f 1758 1833 1834 1759
f 1775 1850 1851 1776
f 3812 3873 3874 3813
f 767 789 788 766
f 2734 2796 2797 2735
f 1719 1778 1779 1720
f 1792 1867 1868 1793
f 5027 5052 5053 5028
f 3955 4013 4014 3956
f 1859 1930 1932 1858
f 3418 3419 3421 3420
f 1757 1832 1833 1758
f 1650 1714 1715 1651
f 996 1030 1031 997
f 3617 3660 3661 3618
f 2905 2906 2907 2855
f 881 915 916 882
f 3671 3707 3708 3672
f 1717 1776 1777 1718
f 3531 3588 3589 3532
f 1831 1906 1907 1832
f 4298 4352 4351 4300
f 964 996 997 965
f 3851 3915 3914 3853
f 3693 3731 3732 3694
f 3346 3410 3411 3348
f 1573 1626 1627 1574
f 1830 1905 1906 1831
f 1855 1927 1928 1856
f 3532 3589 3590 3533
f 2423 2424 2425 2327
f 1089 1128 1129 1091
f 2849 2898 2899 2850
f 1740 1801 1802 1741
f 1837 1912 1913 1838
f 1862 1935 1936 1863
f 980 1015 1016 981
f 1840 1915 1916 1841
f 2695 2759 2760 2696
f 4099 4101 4100 4029
f 1891 1963 1964 1892
f 4193 4252 4253 4194
f 1091 1129 1130 1092
f 3515 3573 3574 3516
f 113 137 138 114
f 2607 2688 2689 2608
f 914 950 951 915
f 3759 3803 3802 3758
f 482 529 530 483
f 1878 1951 1952 1879
f 1872 1945 1946 1873
f 1914 2001 2002 1915
f 1961 2049 2051 1963
f 1870 1943 1944 1871
f 3516 3574 3575 3517
f 3014 3063 3064 3015
f 1900 1987 1988 1901
f 1838 1913 1914 1839
f 1260 1262 1261 1225
f 1968 1969 1971 1970
f 3765 3809 3810 3766
f 3386 3457 3458 3387
f 1885 1958 1959 1886
f 1766 1841 1842 1767
f 1871 1944 1945 1872
f 1880 1953 1954 1881
f 1879 1952 1953 1880
f 4107 4168 4169 4108
f 906 942 941 905
f 3807 3868 3869 3808
f 1877 1950 1951 1878
f 1646 1710 1711 1647
f 1863 1936 1937 1864
f 1848 1919 1921 1849
f 3295 3356 3357 3296
f 521 562 563 522
f 1779 1854 1855 1780
f 4225 4282 4283 4226
f 1853 1925 1926 1854
f 2064 2167 2168 2065
f 1839 1914 1915 1840
f 3215 3269 3270 3216
f 2018 2097 2098 2017
f 3269 3325 3326 3270
f 1932 2020 2021 1933
f 442 486 487 443
f 1974 1975 1977 1976
f 3588 3634 3635 3589
f 1491 1539 1540 1492
f 3190 3250 3251 3191
f 4209 4265 4266 4210
f 1011 1045 1046 1012
f 3715 3752 3753 3716
f 2946 2998 2999 2947
f 1904 1991 1992 1905
f 1500 1548 1549 1501
f 4163 4222 4223 4164
f 721 751 752 722
f 3895 3953 3954 3897
f 1909 1996 1997 1910
f 1746 1807 1808 1747
f 1028 1062 1063 1029
f 2016 2018 2017 1931
f 3503 3563 3564 3504
f 473 474 477 476
f 1955 2043 2044 1956
f 4201 4259 4260 4202
f 1933 2021 2022 1934
f 1934 2022 2023 1935
f 1911 1998 1999 1912
f 3556 3614 3616 3555
f 3879 3941 3942 3880
f 1994 2073 2074 1995
f 2953 3006 3007 2952
f 1964 2052 2053 1965
f 995 1029 1030 996
f 1926 2014 2015 1927
f 1943 2031 2032 1944
f 3318 3381 3382 3319
f 3799 3860 3861 3800
f 3925 3979 3981 3924
f 3450 3508 3509 3451
f 1949 2037 2038 1950
f 1012 1046 1047 1013
f 1780 1855 1856 1781
f 2897 2946 2947 2898
f 1941 2029 2030 1942
f 1959 2047 2048 1960
f 3063 3119 3120 3064
f 1987 2066 2067 1988
f 2005 2007 2006 1920
f 1951 2039 2040 1952
f 1944 2032 2033 1945
f 1036 1070 1071 1037
f 4243 4299 4298 4245
f 2889 2937 2939 2890
f 3967 4025 4026 3968
f 1861 1934 1935 1862
f 1982 1983 1984 1897
f 1919 2008 2009 1921
f 1936 2024 2025 1937
f 4455 4456 4458 4457
f 1625 1681 1682 1626
f 3997 4045 4046 3998
f 3426 3487 3488 3427
f 1043 1076 1077 1044
f 1682 1743 1744 1683
f 1847 1920 1919 1848
f 1912 1999 2000 1913
f 2148 2149 2151 2150
f 1783 1785 1784 1725
f 3611 3655 3656 3612
f 4338 4389 4390 4339
f 4711 4745 4746 4712
f 4147 4205 4204 4148
f 1465 1508 1509 1466
f 1892 1964 1965 1893
f 1973 2057 2058 1975
f 1958 2046 2047 1959
f 1997 2076 2077 1998
f 2006 2084 2085 2008
f 1649 1713 1714 1650
f 5095 5113 5114 5096
f 2027 2107 2108 2028
f 3439 3501 3502 3440
f 1027 1061 1062 1028
f 3595 3641 3642 3596
f 1983 2062 2063 1984
f 3628 3667 3669 3630
f 5023 5048 5049 5024
f 2174 2274 2275 2175
f 978 1013 1014 979
f 1572 1625 1626 1573
f 2093 2096 2095 2094
f 2094 2095 2097 2018
f 1172 1208 1209 1173
f 1992 2071 2072 1993
f 2332 2429 2430 2333
f 81 103 104 82
f 4061 4128 4129 4063
f 2962 3014 3015 2963
f 2013 2090 2091 2014
f 2014 2091 2092 2015
f 3034 3082 3083 3035
f 2024 2104 2105 2025
f 4255 4309 4310 4256
f 2050 2153 2152 2049
f 970 1002 1003 971
f 2132 2133 2135 2134
f 1981 2061 2062 1983
f 1990 2069 2070 1991
f 3604 3648 3649 3605
f 512 557 558 513
f 4321 4372 4373 4322
f 1902 1989 1990 1903
f 2040 2120 2121 2041
f 3622 3665 3666 3623
f 4119 4179 4180 4120
f 3651 3690 3691 3652
f 2032 2112 2113 2033
f 4371 4428 4429 4372
f 4265 4318 4319 4266
f 849 878 879 850
f 440 484 485 441
f 1226 1264 1265 1227
f 2060 2163 2164 2061
f 514 515 517 516
f 2038 2118 2119 2039
f 2031 2111 2112 2032
f 2000 2079 2080 2001
f 2620 2699 2700 2621
f 2122 2223 2224 2123
f 2913 2967 2968 2914
f 2113 2214 2215 2114
f 1075 1114 1116 1074
f 2142 2143 2145 2144
f 2023 2103 2104 2024
f 1264 1300 1301 1265
f 728 756 757 729
f 3782 3785 3784 3783
f 4125 4185 4186 4126
f 4191 4250 4251 4192
f 2037 2117 2118 2038
f 3635 3674 3675 3636
f 1991 2070 2071 1992
f 1920 2006 2008 1919
f 1096 1134 1135 1097
f 4443 4500 4501 4444
f 1417 1458 1459 1418
f 2041 2121 2122 2042
f 2061 2164 2165 2062
f 2062 2165 2166 2063
f 2091 2192 2193 2092
f 425 428 427 426
f 2092 2193 2195 2194
f 1059 1098 1099 1060
f 2054 2157 2158 2055
f 2978 3026 3027 2979
f 2144 2145 2147 2146
f 1024 1058 1059 1025
f 2106 2207 2208 2107
f 1010 1044 1045 1011
f 3498 3558 3559 3499
f 3878 3940 3941 3879
f 3804 3865 3866 3805
f 1092 1130 1131 1093
f 2948 3000 3001 2949
f 4515 4566 4567 4516
f 4213 4269 4270 4214
f 4263 4315 4317 4264
f 2077 2180 2181 2078
f 2046 2126 2127 2047
f 2063 2166 2167 2064
f 4418 4481 4482 4419
f 312 343 344 313
f 1665 1726 1727 1666
f 2945 2997 2998 2946
f 3554 3556 3555 3497
f 2069 2172 2173 2070
f 1730 1791 1792 1731
f 2095 2197 2198 2097
f 2096 2196 2197 2095
f 2108 2209 2210 2109
f 4419 4482 4483 4420
f 2123 2224 2225 2124
f 3810 3871 3872 3811
f 2045 2125 2126 2046
f 3699 3739 3740 3700
f 1076 1117 1118 1077
f 2088 2189 2190 2089
f 4257 4311 4312 4258
f 1681 1742 1743 1682
f 2937 2988 2990 2939
f 4281 4333 4334 4282
f 1989 2068 2069 1990
f 4327 4378 4380 4329
f 1869 1942 1943 1870
f 2056 2159 2160 2057
f 4277 4329 4330 4278
f 4873 4927 4928 4874
f 1589 1645 1646 1590
f 2111 2212 2213 2112
f 3899 3956 3957 3900
f 2929 2981 2982 2930
f 1219 1257 1258 1220
f 2103 2204 2205 2104
f 2176 2276 2277 2177
f 2155 2255 2256 2156
f 570 608 609 571
f 2071 2174 2175 2072
f 2086 2187 2188 2087
f 4370 4426 4428 4371
f 2104 2205 2206 2105
f 3708 3744 3746 3709
f 241 272 273 242
f 1050 1083 1084 1051
f 1993 2072 2073 1994
f 2141 2240 2241 2143
f 2118 2219 2220 2119
f 1999 2078 2079 2000
f 2120 2221 2222 2121
f 3548 3607 3608 3549
f 2186 2284 2285 2187
f 4333 4384 4385 4334
f 2172 2272 2273 2173
f 1363 1401 1402 1364
f 3675 3711 3712 3676
f 1124 1161 1162 1125
f 2152 2252 2254 2154
f 1440 1481 1482 1441
f 4190 4249 4250 4191
f 1042 1075 1074 1041
f 3562 3622 3623 3563
f 2117 2218 2219 2118
f 2158 2258 2259 2159
f 2143 2241 2242 2145
f 3692 3730 3731 3693
f 2808 2862 2863 2809
f 4659 4708 4707 4661
f 2067 2170 2171 2068
f 2168 2268 2269 2169
f 2167 2267 2268 2168
f 2720 2781 2782 2721
f 865 895 897 896
f 3853 3914 3916 3854
f 4463 4464 4466 4465
f 498 544 545 499
f 2246 2247 2249 2248
f 1108 1146 1147 1109
f 2160 2260 2261 2161
f 3868 3929 3930 3869
f 4405 4468 4469 4408
f 4313 4365 4366 4314
f 1139 1176 1177 1140
f 2102 2203 2204 2103
f 2183 2281 2283 2185
f 2232 2233 2234 2131
f 3096 3097 3100 3099
f 2378 2380 2379 2282
f 1433 1474 1475 1434
f 2212 2309 2310 2213
f 2165 2265 2266 2166
f 2134 2135 2137 2136
f 2175 2275 2276 2176
f 1656 1720 1721 1657
f 3376 3447 3448 3377
f 4334 4385 4386 4335
f 2219 2316 2317 2220
f 4305 4357 4358 4306
f 2197 2294 2295 2198
f 1910 1997 1998 1911
f 2151 2245 2247 2246
f 3748 3793 3794 3749
f 3312 3375 3376 3313
f 4787 4788 4790 4789
f 3017 3066 3067 3018
f 4503 4555 4556 4505
f 1123 1160 1161 1124
f 1654 1718 1719 1655
f 3018 3067 3068 3019
f 2192 2290 2291 2193
f 4148 4204 4206 4149
f 4575 4627 4629 4577
f 2213 2310 2311 2214
f 2216 2313 2314 2217
f 857 887 888 856
f 1156 1192 1193 1157
f 1126 1163 1164 1127
f 2560 2651 2652 2561
f 2266 2366 2367 2267
f 4485 4534 4535 4486
f 2244 2345 2346 2245
f 2205 2302 2303 2206
f 1368 1370 1369 1334
f 2207 2304 2305 2208
f 3724 3762 3763 3725
f 3316 3379 3380 3317
f 4486 4535 4536 4487
f 2977 3025 3024 2976
f 3610 3654 3655 3611
f 2173 2273 2274 2174
f 2231 2332 2333 2230
f 3888 3950 3951 3891
f 2259 2359 2360 2260
f 2125 2226 2227 2126
f 3618 3661 3662 3619
f 5069 5090 5091 5070
f 1140 1177 1178 1141
f 2328 2329 2331 2330
f 4460 4516 4517 4462
f 4835 4896 4897 4837
f 2969 3021 3022 2970
f 3602 3646 3645 3601
f 1171 1207 1208 1172
f 3492 3551 3552 3493
f 2247 2347 2348 2249
f 2224 2321 2322 2225
f 4224 4281 4282 4225
f 1753 1754 1756 1697
f 1106 1144 1145 1107
f 2228 2231 2230 2229
f 2237 2338 2339 2238
f 2198 2295 2296 2199
f 2239 2340 2341 2240
f 2200 2297 2298 2201
f 5120 5132 5134 5121
f 4771 4772 4774 4773
f 2961 3013 3014 2962
f 4063 4129 4130 4067
f 1705 1764 1765 1706
f 3358 3430 3431 3359
f 5112 5127 5128 5113
f 2291 2390 2391 2292
f 4639 4688 4689 4641
f 2261 2361 2362 2262
f 3441 3503 3504 3442
f 2215 2312 2313 2216
f 4402 4454 4456 4455
f 4772 4830 4831 4774
f 841 869 870 842
f 1114 1151 1153 1116
f 2009 2086 2087 2010
f 1155 1191 1192 1156
f 3755 3800 3801 3756
f 2159 2259 2260 2160
f 3828 3829 3832 3831
f 3776 3821 3822 3777
f 2338 2435 2436 2339
f 4621 4669 4670 4622
f 2316 2411 2412 2317
f 2285 2384 2385 2286
f 3228 3282 3283 3229
f 2007 2082 2084 2006
f 2269 2369 2370 2270
f 2294 2393 2394 2295
f 1727 1788 1789 1728
f 2264 2364 2365 2265
f 61 83 84 63
f 4846 4847 4848 4778
f 1130 1167 1168 1131
f 4393 4445 4447 4395
f 2245 2346 2347 2247
f 2930 2982 2983 2931
f 1332 1333 1336 1335
f 2296 2395 2396 2297
f 99 120 121 100
f 4995 5023 5024 4996
f 2195 2292 2293 2196
f 4719 4753 4754 4720
f 3098 3151 3150 3097
f 2319 2414 2415 2320
f 2310 2404 2406 2311
f 5128 5141 5142 5129
f 2985 3033 3034 2986
f 4345 4397 4398 4346
f 546 586 587 547
f 2302 2401 2402 2303
f 1436 1477 1478 1437
f 3772 3818 3819 3774
f 179 182 181 180
f 417 459 460 418
f 4709 4742 4744 4710
f 2348 2445 2446 2349
f 1203 1241 1242 1204
f 2270 2370 2371 2271
f 2287 2386 2387 2288
f 2320 2415 2416 2321
f 341 378 379 342
f 2426 2526 2527 2427
f 1449 1493 1494 1450
f 4337 4388 4389 4338
f 2309 2405 2404 2310
f 227 262 263 228
f 2312 2407 2408 2313
f 4942 4981 4982 4943
f 2363 2459 2460 2364
f 4799 4864 4865 4800
f 2341 2438 2439 2342
f 2206 2303 2304 2207
f 3050 3107 3108 3052
f 2272 2372 2373 2273
f 26 38 39 27
f 5059 5082 5081 5061
f 1146 1183 1184 1147
f 4329 4380 4381 4330
f 1187 1226 1227 1189
f 3835 3836 3838 3837
f 1220 1258 1259 1221
f 2208 2305 2306 2209
f 5024 5049 5050 5025
f 393 436 437 395
f 4757 4822 4824 4760
f 2380 2475 2477 2379
f 2357 2453 2454 2358
f 2334 2431 2432 2335
f 2335 2432 2433 2336
f 3616 3659 3660 3617
f 2410 2505 2506 2411
f 3690 3728 3729 3691
f 3009 3058 3059 3010
f 2349 2446 2447 2351
f 2366 2462 2463 2367
f 2367 2463 2464 2368
f 2072 2175 2176 2073
f 4532 4582 4583 4533
f 5086 5104 5105 5087
f 2395 2492 2493 2396
f 4871 4923 4925 4870
f 2317 2412 2413 2318
f 3779 3824 3825 3780
f 1204 1242 1243 1205
f 4858 4913 4914 4859
f 3236 3293 3294 3237
f 5139 5148 5149 5140
f 3049 3050 3052 3051
f 3682 3718 3719 3683
f 2253 2353 2352 2252
f 2382 2479 2480 2383
f 2383 2480 2481 2384
f 4498 4549 4550 4499
f 2229 2230 2233 2232
f 2284 2383 2384 2285
f 2374 2470 2471 2375
f 2375 2471 2472 2376
f 4396 4448 4449 4397
f 2721 2782 2783 2722
f 945 978 979 946
f 4853 4908 4909 4854
f 4353 4409 4411 4354
f 2381 2478 2479 2382
f 2342 2439 2440 2343
f 2343 2440 2441 2344
f 4100 4161 4163 4102
f 427 466 468 430
f 5043 5066 5067 5044
f 2993 3037 3036 2992
f 1794 1869 1870 1795
f 2360 2456 2457 2361
f 3811 3872 3873 3812
f 1355 1393 1394 1356
f 4865 4920 4921 4866
f 925 960 961 926
f 1737 1798 1799 1738
f 2435 2535 2536 2436
f 4951 4990 4991 4952
f 650 684 685 651
f 2406 2501 2502 2407
f 2295 2394 2395 2296
f 3860 3922 3923 3861
f 499 545 546 500
f 60 82 83 61
f 1178 1214 1215 1179
f 2025 2105 2106 2026
f 2421 2523 2524 2424
f 2422 2522 2523 2421
f 1244 1282 1283 1245
f 2416 2511 2512 2417
f 186 213 214 187
f 193 220 221 194
f 4941 4979 4981 4942
f 2548 2549 2551 2550
f 2413 2508 2509 2414
f 3795 3856 3857 3796
f 2407 2502 2503 2408
f 3730 3768 3769 3731
f 2432 2532 2533 2433
f 2482 2582 2583 2483
f 1170 1206 1207 1171
f 5031 5056 5057 5032
f 2389 2486 2487 2390
f 2438 2538 2539 2439
f 2439 2539 2540 2440
f 3836 3902 3903 3838
f 517 560 561 519
f 239 271 272 241
f 2339 2436 2437 2340
f 4385 4439 4440 4386
f 594 628 630 596
f 2430 2530 2531 2431
f 1228 1266 1267 1229
f 2448 2553 2552 2450
f 1205 1243 1244 1206
f 124 148 149 125
f 4413 4476 4477 4414
f 2476 2576 2575 2475
f 1275 1311 1312 1276
f 2414 2509 2510 2415
f 4369 4427 4426 4370
f 2051 2154 2155 2052
f 2445 2545 2546 2446
f 2358 2454 2455 2359
f 2455 2558 2559 2456
f 2440 2540 2541 2441
f 635 669 670 636
f 897 929 930 899
f 714 744 745 715
f 5103 5119 5118 5104
f 2469 2572 2573 2470
f 2214 2311 2312 2215
f 2447 2547 2549 2548
f 2520 2521 2522 2422
f 242 273 274 243
f 2602 2683 2684 2603
f 2499 2597 2599 2501
f 4361 4418 4419 4362
f 1251 1289 1290 1252
f 2462 2565 2566 2463
f 2415 2510 2511 2416
f 2508 2606 2607 2509
f 3089 3145 3146 3090
f 2485 2585 2586 2486
f 4051 4052 4055 4054
f 3082 3137 3138 3083
f 2368 2464 2465 2369
f 699 729 730 700
f 367 402 403 368
f 5077 5098 5099 5078
f 3754 3799 3800 3755
f 2477 2577 2578 2478
f 1866 1939 1940 1867
f 1284 1320 1321 1285
f 3908 3964 3965 3909
f 1469 1512 1513 1470
f 48 72 73 50
f 2502 2600 2601 2503
f 2453 2556 2557 2454
f 3746 3790 3792 3747
f 2487 2587 2588 2488
f 795 817 818 796
f 196 223 224 197
f 3041 3091 3092 3042
f 2428 2528 2529 2429
f 2397 2494 2495 2398
f 2494 2594 2595 2495
f 2511 2609 2610 2512
f 2470 2573 2574 2471
f 1268 1304 1305 1269
f 2480 2580 2581 2481
f 314 345 346 315
f 889 922 923 890
f 2547 2640 2641 2549
f 4647 4695 4696 4648
f 1299 1339 1340 1300
f 1898 1899 1900 1824
f 2527 2625 2626 2528
f 2512 2610 2611 2513
f 1101 1139 1140 1102
f 2570 2661 2662 2571
f 1593 1649 1650 1594
f 2509 2607 2608 2510
f 2519 2618 2619 2521
f 519 561 562 521
f 30 49 48 29
f 2116 2217 2218 2117
f 2541 2634 2635 2542
f 3891 3951 3952 3893
f 2495 2595 2596 2496
f 3876 3939 3940 3878
f 674 707 708 675
f 268 297 299 267
f 1521 1568 1569 1522
f 1065 1104 1105 1066
f 1291 1327 1328 1292
f 2526 2624 2625 2527
f 2431 2531 2532 2432
f 2544 2637 2638 2545
f 955 987 988 956
f 1817 1818 1820 1819
f 2579 2670 2671 2580
f 2536 2629 2630 2537
f 2488 2588 2589 2489
f 2303 2402 2403 2304
f 386 421 422 387
f 172 199 200 173
f 1250 1288 1289 1251
f 2676 2678 2677 2598
f 2557 2648 2649 2558
f 2558 2649 2650 2559
f 2551 2642 2644 2643
f 4449 4508 4509 4450
f 3883 3945 3946 3884
f 2549 2641 2642 2551
f 1428 1469 1470 1429
f 4482 4531 4532 4483
f 1019 1053 1055 1021
f 1761 1836 1837 1762
f 118 142 143 119
f 184 211 212 185
f 2517 2616 2617 2516
f 2582 2673 2674 2583
f 3170 3229 3230 3171
f 3940 3997 3998 3941
f 2021 2101 2102 2022
f 4534 4584 4585 4535
f 1242 1280 1281 1243
f 634 668 669 635
f 2599 2680 2681 2600
f 2664 2666 2665 2576
f 1083 1124 1125 1084
f 185 212 213 186
f 1498 1546 1547 1499
f 4465 4466 4467 4406
f 1339 1375 1376 1340
f 2566 2657 2658 2567
f 450 494 495 451
f 2658 2725 2726 2659
f 3057 3113 3114 3058
f 2652 2719 2720 2653
f 2597 2679 2680 2599
f 2534 2628 2627 2535
f 2583 2674 2675 2584
f 2608 2689 2690 2609
f 1629 1685 1686 1630
f 831 832 834 833
f 2559 2650 2651 2560
f 3924 3981 3982 3926
f 2293 2392 2393 2294
f 404 446 447 405
f 206 208 207 182
f 4457 4458 4460 4459
f 2621 2700 2701 2622
f 2478 2578 2579 2479
f 3114 3164 3165 3115
f 2640 2710 2711 2641
f 1211 1249 1250 1212
f 905 941 943 907
f 1481 1524 1525 1482
f 248 279 280 249
f 2770 2827 2828 2771
f 506 552 553 507
f 2739 2741 2740 2678
f 2105 2206 2207 2106
f 1315 1354 1355 1316
f 3939 3996 3997 3940
f 1348 1384 1385 1349
f 2616 2695 2696 2617
f 1283 1319 1320 1284
f 1290 1326 1327 1291
f 2622 2701 2702 2623
f 2653 2720 2721 2654
f 2639 2709 2710 2640
f 2576 2665 2667 2575
f 2565 2656 2657 2566
f 927 962 963 928
f 254 285 286 255
f 2692 2756 2757 2693
f 2637 2707 2708 2638
f 2670 2734 2735 2671
f 2671 2735 2736 2672
f 2504 2602 2603 2505
f 1347 1383 1384 1348
f 460 504 505 461
f 3081 3136 3137 3082
f 3834 3901 3902 3836
f 2605 2686 2687 2606
f 3915 3971 3970 3914
f 1324 1363 1364 1325
f 3024 3072 3074 3026
f 602 636 637 603
f 2672 2736 2737 2673
f 2687 2751 2752 2688
f 2189 2287 2288 2190
f 409 451 452 410
f 2723 2784 2785 2724
f 320 351 352 321
f 2525 2623 2624 2526
f 2686 2750 2751 2687
f 2679 2743 2744 2680
f 4092 4155 4156 4093
f 819 854 855 820
f 2746 2806 2807 2747
f 3890 3891 3893 3892
f 2405 2500 2499 2404
f 2678 2740 2742 2677
f 2647 2715 2714 2648
f 4554 4603 4605 4553
f 33 55 56 35
f 1087 1127 1128 1089
f 3073 3128 3127 3072
f 4218 4220 4219 4162
f 2133 2236 2237 2135
f 2638 2708 2709 2639
f 2254 2354 2355 2255
f 548 588 589 549
f 3380 3451 3452 3381
f 318 349 350 319
f 4409 4472 4474 4411
f 1280 1316 1317 1281
f 1850 1922 1923 1851
f 2567 2658 2659 2568
f 2712 2772 2773 2713
f 3820 3880 3881 3821
f 376 411 412 377
f 3987 4036 4037 3988
f 1372 1412 1413 1373
f 2704 2764 2763 2703
f 1547 1600 1601 1548
f 1777 1852 1853 1778
f 3065 3121 3122 3066
f 2049 2152 2154 2051
f 1635 1701 1702 1638
f 2718 2779 2780 2719
f 2711 2771 2772 2712
f 2680 2744 2745 2681
f 3165 3224 3225 3166
f 444 488 489 445
f 2763 2822 2821 2765
f 2772 2829 2830 2773
f 2693 2757 2758 2694
f 2742 2802 2803 2743
f 2743 2803 2804 2744
f 1322 1361 1362 1323
f 2881 2930 2931 2882
f 3963 4021 4022 3964
f 1356 1394 1395 1357
f 4514 4565 4566 4515
f 1619 1675 1676 1620
f 1785 1858 1860 1784
f 398 440 441 399
f 3882 3944 3945 3883
f 1403 1442 1443 1404
f 628 662 664 630
f 1314 1352 1354 1315
f 448 492 493 449
f 2749 2809 2810 2750
f 2758 2818 2819 2759
f 2759 2819 2820 2760
f 4060 4061 4063 4062
f 746 771 772 747
f 401 443 444 402
f 2810 2864 2865 2811
f 2751 2811 2812 2752
f 2750 2810 2811 2751
f 2744 2804 2805 2745
f 2765 2821 2823 2766
f 1359 1397 1398 1360
f 2651 2718 2719 2652
f 4441 4498 4499 4442
f 2773 2830 2831 2775
f 2726 2787 2788 2727
f 3477 3533 3534 3478
f 2784 2838 2839 2785
f 700 730 731 701
f 5021 5046 5047 5022
f 2812 2866 2867 2813
f 1778 1853 1854 1779
f 2654 2721 2722 2655
f 2719 2780 2781 2720
f 3988 4037 4038 3989
f 1755 1829 1830 1754
f 921 956 957 922
f 462 506 507 463
f 4433 4490 4491 4434
f 2797 2851 2852 2798
f 2486 2586 2587 2487
f 3154 3213 3214 3155
f 2800 2854 2856 2802
f 818 853 854 819
f 2954 2955 2957 2956
f 2222 2319 2320 2223
f 2781 2835 2836 2782
f 1412 1453 1454 1413
f 2792 2846 2847 2793
f 1835 1910 1911 1836
f 1495 1543 1544 1496
f 1489 1537 1538 1490
f 528 569 570 529
f 2757 2817 2818 2758
f 4139 4199 4200 4140
f 2791 2843 2845 2790
f 2843 2892 2894 2845
f 4417 4480 4481 4418
f 2709 2769 2770 2710
f 1922 2010 2011 1923
f 2860 2913 2914 2861
f 3201 3202 3204 3203
f 1435 1476 1477 1436
f 2830 2883 2884 2831
f 2823 2876 2877 2824
f 2752 2812 2813 2753
f 3749 3794 3795 3750
f 780 801 802 781
f 2821 2874 2876 2823
f 4291 4345 4346 4292
f 1907 1994 1995 1908
f 1396 1435 1436 1397
f 2798 2852 2853 2799
f 2688 2752 2753 2689
f 890 923 924 891
f 913 949 950 914
f 542 582 583 543
f 3978 3980 3979 3925
f 2845 2894 2895 2846
f 1882 1955 1956 1883
f 2847 2896 2897 2848
f 4028 4102 4103 4030
f 3365 3436 3435 3364
f 2890 2939 2940 2891
f 3113 3163 3164 3114
f 608 642 643 609
f 1419 1460 1461 1420
f 1647 1711 1712 1648
f 3914 3970 3972 3916
f 2861 2914 2915 2862
f 4059 4127 4128 4061
f 2831 2884 2886 2885
f 2824 2877 2878 2825
f 1234 1272 1273 1235
f 852 881 882 853
f 2899 2948 2949 2900
f 2740 2800 2802 2742
f 2902 2903 2906 2905
f 2807 2861 2862 2808
f 2043 2123 2124 2044
f 1801 1876 1877 1802
f 2901 2904 2903 2902
f 128 152 153 129
f 2878 2927 2928 2879
f 2735 2797 2798 2736
f 2864 2917 2918 2865
f 962 994 995 963
f 756 780 781 757
f 3105 3155 3156 3106
f 4035 4108 4109 4036
f 2575 2667 2668 2577
f 1833 1908 1909 1834
f 664 697 698 665
f 4012 4082 4081 4013
f 2311 2406 2407 2312
f 559 597 598 560
f 606 640 641 607
f 2065 2168 2169 2066
f 2829 2882 2883 2830
f 2894 2943 2944 2895
f 1735 1796 1797 1736
f 2896 2945 2946 2897
f 2107 2208 2209 2108
f 937 938 940 939
f 3097 3150 3152 3100
f 2924 2976 2978 2926
f 698 728 729 699
f 2886 2934 2936 2935
f 3242 3299 3300 3243
f 2880 2929 2930 2881
f 1475 1518 1519 1476
f 4529 4579 4580 4530
f 2854 2908 2909 2856
f 2028 2108 2109 2029
f 2848 2897 2898 2849
f 4325 4376 4377 4326
f 4178 4239 4240 4179
f 2947 2999 3000 2948
f 736 764 765 737
f 2893 2942 2941 2892
f 2806 2860 2861 2807
f 1935 2023 2024 1936
f 2171 2271 2272 2172
f 1732 1793 1794 1733
f 4091 4154 4155 4092
f 2925 2977 2976 2924
f 2887 2938 2937 2889
f 4546 4597 4598 4547
f 1034 1068 1069 1035
f 1004 1038 1039 1006
f 1394 1433 1434 1395
f 4489 4538 4540 4488
f 457 501 502 458
f 686 717 718 687
f 3949 4005 4007 3948
f 4076 4140 4141 4077
f 1386 1426 1427 1387
f 1459 1503 1504 1460
f 2918 2972 2973 2919
f 4249 4303 4304 4250
f 2920 2974 2975 2921
f 4613 4661 4662 4614
f 3042 3092 3093 3043
f 2811 2865 2866 2812
f 2980 3028 3029 2981
f 2941 2994 2995 2943
f 2942 2992 2994 2941
f 1492 1540 1541 1493
f 2952 3007 3008 2955
f 2267 2367 2368 2268
f 2087 2188 2189 2088
f 1098 1136 1137 1099
f 4044 4118 4119 4045
f 1068 1107 1108 1069
f 3121 3171 3172 3122
f 4537 4539 4538 4489
f 2933 2985 2986 2934
f 4075 4137 4139 4074
f 2991 2993 2992 2942
f 2968 3020 3021 2969
f 2379 2477 2478 2381
f 225 260 261 226
f 4933 4974 4975 4934
f 2960 3012 3013 2961
f 3026 3074 3075 3027
f 774 796 797 775
f 824 857 856 823
f 2909 2963 2964 2910
f 2966 3018 3019 2967
f 2967 3019 3020 2968
f 2837 2889 2890 2838
f 2958 3010 3011 2959
f 2451 2554 2555 2452
f 1505 1552 1554 1507
f 2717 2778 2779 2718
f 4481 4530 4531 4482
f 2926 2978 2979 2927
f 1468 1511 1512 1469
f 2928 2980 2981 2929
f 1162 1198 1199 1163
f 2223 2320 2321 2224
f 3019 3068 3069 3020
f 3020 3069 3070 3021
f 2981 3029 3030 2982
f 1906 1993 1994 1907
f 2999 3043 3044 3000
f 2856 2909 2910 2857
f 4517 4568 4569 4518
f 1132 1169 1170 1133
f 1426 1467 1468 1427
f 4058 4059 4061 4060
f 1627 1683 1684 1628
f 1939 2027 2028 1940
f 3608 3652 3653 3609
f 1009 1041 1043 1008
f 862 893 894 863
f 880 914 915 881
f 794 816 817 795
f 4131 4191 4192 4132
f 2983 3031 3032 2984
f 2696 2760 2761 2697
f 25 37 38 26
f 1052 1085 1087 1086
f 4050 4053 4052 4051
f 3021 3070 3071 3022
f 2956 2957 2958 2904
f 3046 3047 3050 3049
f 2943 2995 2996 2944
f 4220 4275 4277 4219
f 3345 3346 3348 3347
f 1865 1938 1939 1866
f 3145 3192 3193 3146
f 2895 2944 2945 2896
f 4634 4681 4682 4635
f 3059 3115 3116 3060
f 3013 3062 3063 3014
f 1524 1571 1572 1525
f 3040 3090 3091 3041
f 3031 3079 3080 3032
f 1196 1234 1235 1197
f 4497 4548 4549 4498
f 2997 3041 3042 2998
f 3030 3078 3079 3031
f 3103 3104 3105 3048
f 4388 4442 4443 4389
f 2691 2755 2756 2692
f 233 234 237 236
f 3137 3185 3186 3138
f 968 1000 1001 969
f 730 758 759 731
f 4115 4175 4174 4114
f 1508 1555 1556 1509
f 3008 3057 3058 3009
f 382 417 418 383
f 3090 3146 3147 3091
f 942 975 974 941
f 2089 2190 2191 2090
f 1539 1592 1593 1540
f 2779 2832 2834 2780
f 4570 4618 4619 4571
f 2503 2601 2602 2504
f 3129 3177 3178 3130
f 3092 3148 3149 3093
f 3101 3102 3104 3103
f 3054 3110 3111 3055
f 3055 3111 3112 3056
f 4140 4200 4201 4141
f 1306 1346 1347 1307
f 1252 1290 1291 1253
f 3091 3147 3148 3092
f 3038 3088 3089 3039
f 3069 3125 3126 3070
f 3047 3106 3107 3050
f 3056 3112 3113 3057
f 5109 5124 5125 5110
f 961 993 994 962
f 1466 1509 1510 1467
f 4042 4114 4116 4041
f 3178 3236 3237 3179
f 670 703 704 671
f 1032 1066 1067 1033
f 3006 3055 3056 3007
f 3080 3135 3136 3081
f 2955 3008 3009 2957
f 2655 2722 2723 2656
f 1014 1048 1049 1015
f 4521 4572 4573 4522
f 1523 1570 1571 1524
f 2934 2986 2987 2936
f 3039 3089 3090 3040
f 4124 4184 4183 4123
f 1378 1418 1419 1379
f 1316 1355 1356 1317
f 1458 1502 1503 1459
f 3132 3180 3181 3133
f 3085 3142 3143 3087
f 2814 2868 2869 2815
f 3226 3280 3281 3227
f 3104 3154 3155 3105
f 3043 3093 3094 3044
f 513 558 559 515
f 2995 3039 3040 2996
f 3088 3144 3145 3089
f 1556 1609 1610 1557
f 998 1032 1033 999
f 3162 3221 3222 3163
f 518 519 521 520
f 4513 4564 4565 4514
f 3077 3132 3133 3078
f 3086 3140 3142 3085
f 3087 3143 3144 3088
f 3064 3120 3121 3065
f 3115 3165 3166 3116
f 3053 3109 3110 3054
f 1104 1142 1143 1105
f 4283 4335 4336 4284
f 3127 3175 3177 3129
f 3016 3065 3066 3017
f 1450 1494 1495 1451
f 2815 2869 2870 2816
f 2619 2698 2699 2620
f 4505 4556 4557 4506
f 3045 3048 3047 3046
f 1571 1624 1625 1572
f 1540 1593 1594 1541
f 566 604 605 567
f 833 834 836 835
f 3133 3181 3182 3134
f 3143 3190 3191 3144
f 3135 3183 3184 3136
f 2010 2087 2088 2011
f 4172 4231 4232 4173
f 1770 1845 1846 1771
f 1380 1420 1421 1381
f 3163 3222 3223 3164
f 3164 3223 3224 3165
f 3197 3198 3200 3199
f 3142 3189 3190 3143
f 3111 3161 3162 3112
f 3128 3176 3175 3127
f 3251 3307 3308 3252
f 1881 1954 1955 1882
f 3217 3271 3272 3218
f 4106 4167 4168 4107
f 1555 1608 1609 1556
f 3134 3182 3183 3135
f 3095 3098 3097 3096
f 3152 3211 3212 3153
f 1506 1553 1552 1505
f 1300 1340 1341 1301
f 1142 1179 1180 1143
f 1176 1212 1213 1177
f 4156 4213 4214 4157
f 2951 2952 2955 2954
f 3307 3370 3371 3308
f 1897 1984 1985 1896
f 3169 3228 3229 3170
f 4090 4153 4154 4091
f 3157 3216 3217 3158
f 3102 3153 3154 3104
f 3151 3209 3210 3150
f 3168 3227 3228 3169
f 1542 1595 1596 1543
f 3205 3206 3208 3207
f 3060 3116 3117 3061
f 3195 3255 3256 3196
f 3141 3188 3187 3140
f 1938 2026 2027 1939
f 1724 1786 1787 1726
f 3160 3219 3220 3161
f 3387 3458 3459 3388
f 1687 1748 1749 1689
f 3161 3220 3221 3162
f 672 705 706 673
f 4187 4246 4247 4188
f 3136 3184 3185 3137
f 105 126 127 106
f 2724 2785 2786 2725
f 3166 3225 3226 3167
f 4618 4666 4667 4619
f 1578 1629 1630 1580
f 3234 3291 3290 3233
f 1214 1252 1253 1215
f 3546 3605 3606 3547
f 770 792 793 771
f 3198 3257 3258 3200
f 3306 3369 3370 3307
f 4204 4262 4261 4206
f 1174 1210 1211 1175
f 3119 3169 3170 3120
f 1585 1641 1642 1586
f 1484 1487 1486 1485
f 1611 1667 1668 1612
f 4171 4230 4231 4172
f 3191 3251 3252 3192
f 3192 3252 3253 3193
f 1806 1881 1882 1807
f 1532 1585 1586 1531
f 3235 3292 3293 3236
f 4019 4088 4089 4020
f 3245 3247 3246 3188
f 3214 3268 3269 3215
f 3206 3261 3262 3208
f 977 1012 1013 978
f 3539 3595 3596 3541
f 1522 1569 1570 1523
f 2741 2801 2800 2740
f 3221 3275 3276 3222
f 3182 3240 3241 3183
f 3183 3241 3242 3184
f 3216 3270 3271 3217
f 1690 1691 1693 1692
f 3314 3377 3378 3315
f 1286 1322 1323 1287
f 3159 3218 3219 3160
f 3110 3160 3161 3111
f 4188 4247 4248 4189
f 3619 3662 3663 3620
f 3255 3311 3312 3256
f 1514 1561 1562 1515
f 3260 3316 3317 3261
f 1595 1651 1652 1596
f 4235 4290 4289 4234
f 3258 3314 3315 3259
f 3240 3297 3298 3241
f 2070 2173 2174 2071
f 1596 1652 1653 1597
f 1762 1837 1838 1763
f 2241 2342 2343 2242
f 3237 3294 3295 3238
f 3286 3289 3288 3287
f 1628 1684 1685 1629
f 3224 3278 3279 3225
f 3707 3745 3744 3708
f 449 493 494 450
f 3177 3235 3236 3178
f 1384 1424 1425 1385
f 3229 3283 3284 3230
f 3254 3310 3311 3255
f 3239 3296 3297 3240
f 3200 3258 3259 3202
f 1706 1765 1766 1707
f 3298 3359 3360 3299
f 1358 1396 1397 1359
f 2169 2269 2270 2170
f 3189 3249 3250 3190
f 4219 4277 4278 4221
f 3263 3319 3320 3264
f 3144 3191 3192 3145
f 1718 1777 1778 1719
f 3391 3462 3463 3392
f 1537 1590 1591 1538
f 3149 3196 3198 3197
f 3203 3204 3206 3205
f 2376 2472 2473 2377
f 65 85 87 86
f 3005 3053 3054 3004
f 3299 3360 3361 3300
f 1676 1737 1738 1677
f 3300 3361 3362 3301
f 2725 2786 2787 2726
f 3270 3326 3327 3271
f 1612 1668 1669 1613
f 3264 3320 3321 3265
f 706 736 737 707
f 1913 2000 2001 1914
f 1562 1615 1616 1563
f 682 713 712 681
f 1430 1471 1472 1431
f 3279 3335 3336 3280
f 3262 3318 3319 3263
f 4380 4434 4435 4381
f 1696 1757 1758 1699
f 1580 1630 1632 1631
f 3209 3263 3264 3210
f 1488 1489 1490 1447
f 1763 1838 1839 1764
f 3238 3295 3296 3239
f 3271 3327 3328 3272
f 4738 4805 4807 4737
f 2694 2758 2759 2695
f 1937 2025 2026 1938
f 3323 3386 3387 3324
f 98 119 120 99
f 898 899 901 900
f 1986 2065 2066 1987
f 3247 3303 3302 3246
f 3304 3367 3368 3305
f 3995 4043 4044 3996
f 1748 1809 1810 1749
f 3193 3253 3254 3194
f 713 741 743 712
f 3309 3372 3373 3310
f 4267 4320 4321 4268
f 3167 3226 3227 3168
f 3296 3357 3358 3297
f 1826 1902 1903 1828
f 441 485 486 442
f 1494 1542 1543 1495
f 2729 2792 2793 2731
f 1668 1729 1730 1669
f 2286 2385 2386 2287
f 3185 3243 3244 3186
f 1923 2011 2012 1924
f 3311 3374 3375 3312
f 3302 3366 3367 3304
f 3272 3328 3329 3273
f 3370 3441 3442 3371
f 1520 1567 1568 1521
f 1209 1247 1248 1210
f 3326 3389 3390 3327
f 4650 4698 4699 4651
f 3711 3748 3749 3712
f 3399 3400 3402 3401
f 4251 4305 4306 4252
f 4284 4336 4337 4285
f 2982 3030 3031 2983
f 1828 1903 1904 1829
f 3371 3442 3443 3372
f 3364 3435 3437 3366
f 3277 3333 3334 3278
f 3414 3415 3417 3416
f 1644 1708 1709 1645
f 3328 3391 3392 3329
f 4195 4196 4197 4138
f 810 845 844 809
f 4210 4266 4267 4211
f 3342 3408 3409 3344
f 3351 3423 3422 3350
f 3352 3424 3425 3353
f 1890 1962 1961 1889
f 993 1027 1028 994
f 1586 1642 1643 1587
f 1584 1639 1640 1583
f 1683 1744 1745 1684
f 3310 3373 3374 3311
f 3343 3407 3408 3342
f 4268 4321 4322 4269
f 4211 4267 4268 4212
f 3482 3537 3539 3538
f 1550 1603 1604 1551
f 4593 4644 4645 4594
f 3405 3406 3407 3343
f 3246 3302 3304 3248
f 3319 3382 3383 3320
f 3368 3439 3440 3369
f 3278 3334 3335 3279
f 3847 3909 3910 3846
f 1634 1635 1638 1637
f 3404 3469 3470 3406
f 3373 3444 3445 3374
f 3118 3168 3169 3119
f 3290 3352 3353 3292
f 3360 3432 3433 3361
f 2822 2875 2874 2821
f 1667 1728 1729 1668
f 3344 3409 3410 3346
f 1972 1973 1975 1974
f 4585 4637 4638 4586
f 2230 2333 2334 2233
f 1708 1767 1768 1709
f 3280 3336 3337 3281
f 4275 4327 4329 4277
f 985 1019 1021 987
f 3275 3331 3332 3276
f 3389 3460 3461 3390
f 3375 3446 3447 3376
f 1946 2034 2035 1947
f 1078 1119 1120 1079
f 3381 3452 3453 3382
f 3407 3471 3472 3408
f 2058 2161 2162 2059
f 4324 4375 4376 4325
f 2862 2915 2916 2863
f 3466 3522 3521 3465
f 1622 1678 1679 1623
f 1640 1704 1705 1641
f 3357 3429 3430 3358
f 4907 4955 4956 4908
f 1684 1745 1746 1685
f 3392 3463 3464 3393
f 3423 3484 3483 3422
f 3305 3368 3369 3306
f 1553 1606 1605 1552
f 3341 3343 3342 3289
f 4563 4610 4612 4564
f 3415 3477 3478 3417
f 3424 3485 3486 3425
f 2290 2389 2390 2291
f 3383 3454 3455 3384
f 4300 4351 4353 4301
f 4459 4460 4462 4461
f 4007 4078 4079 4008
f 3459 3517 3518 3460
f 3460 3518 3519 3461
f 1715 1774 1775 1716
f 3374 3445 3446 3375
f 3327 3390 3391 3328
f 3440 3502 3503 3441
f 2034 2114 2115 2035
f 1948 2036 2037 1949
f 3281 3337 3338 3282
f 4250 4304 4305 4251
f 3421 3480 3482 3481
f 1953 2041 2042 1954
f 4483 4532 4533 4484
f 1686 1747 1748 1687
f 1704 1763 1764 1705
f 3453 3511 3512 3454
f 3609 3653 3654 3610
f 3175 3233 3235 3177
f 3432 3493 3494 3433
f 3838 3903 3904 3840
f 1884 1957 1958 1885
f 3241 3298 3299 3242
f 4234 4289 4291 4236
f 1699 1758 1759 1700
f 4339 4390 4391 4340
f 2903 2959 2960 2906
f 3400 3467 3468 3402
f 1969 2055 2056 1971
f 2863 2916 2917 2864
f 3348 3411 3413 3412
f 3491 3550 3551 3492
f 3469 3525 3526 3470
f 3438 3500 3501 3439
f 1876 1949 1950 1877
f 4722 4792 4793 4724
f 4547 4598 4599 4548
f 969 1001 1002 970
f 3233 3290 3292 3235
f 4442 4499 4500 4443
f 3461 3519 3520 3462
f 3530 3587 3588 3531
f 2082 2183 2185 2084
f 4356 4413 4414 4357
f 4287 4339 4340 4288
f 1814 1815 1818 1817
f 1776 1851 1852 1777
f 3429 3490 3491 3430
f 3478 3534 3535 3479
f 3378 3449 3450 3379
f 3225 3279 3280 3226
f 1609 1665 1666 1610
f 850 879 880 851
f 4323 4374 4375 4324
f 3487 3546 3547 3488
f 3472 3528 3529 3473
f 3470 3526 3527 3471
f 2076 2179 2180 2077
f 3523 3579 3581 3524
f 3524 3581 3582 3525
f 1827 1828 1829 1755
f 3502 3562 3563 3503
f 2020 2100 2101 2021
f 4150 4207 4208 4151
f 1642 1706 1707 1643
f 4697 4734 4735 4698
f 3493 3552 3553 3494
f 3486 3545 3546 3487
f 3447 3506 3505 3448
f 3496 3557 3558 3498
f 4755 4758 4757 4756
f 505 551 552 506
f 1894 1897 1896 1895
f 1832 1907 1908 1833
f 3517 3575 3576 3518
f 3454 3512 3513 3455
f 3322 3385 3386 3323
f 4348 4400 4401 4349
f 2154 2254 2255 2155
f 1698 1699 1700 1636
f 1739 1800 1801 1740
f 3533 3590 3591 3534
f 1772 1847 1848 1773
f 3382 3453 3454 3383
f 3528 3585 3586 3529
f 4747 4814 4815 4748
f 3650 3689 3690 3651
f 3427 3488 3489 3428
f 4649 4697 4698 4650
f 3525 3582 3583 3526
f 4363 4420 4421 4364
f 3519 3577 3578 3520
f 3512 3570 3571 3513
f 3501 3561 3562 3502
f 3572 3624 3626 3573
f 3249 3305 3306 3250
f 3437 3499 3500 3438
f 3526 3583 3584 3527
f 3543 3602 3601 3542
f 3480 3536 3537 3482
f 4446 4503 4505 4445
f 4431 4488 4490 4433
f 1966 1967 1969 1968
f 4641 4689 4690 4642
f 3349 3351 3350 3291
f 3550 3609 3610 3551
f 1756 1831 1832 1757
f 3408 3472 3473 3409
f 4883 4935 4936 4884
f 2156 2256 2257 2157
f 1569 1622 1623 1570
f 1896 1985 1986 1899
f 3549 3608 3609 3550
f 4403 4406 4405 4404
f 3559 3619 3620 3560
f 3288 3344 3346 3345
f 2330 2331 2332 2231
f 481 528 529 482
f 3603 3647 3648 3604
f 4633 4680 4681 4634
f 3582 3629 3628 3583
f 3634 3673 3674 3635
f 4022 4091 4092 4023
f 1674 1735 1736 1675
f 3620 3663 3664 3621
f 1915 2002 2003 1916
f 3558 3618 3619 3559
f 3551 3610 3611 3552
f 1272 1308 1309 1273
f 4315 4368 4367 4317
f 2252 2352 2354 2254
f 1950 2038 2039 1951
f 3527 3584 3585 3528
f 3534 3591 3592 3535
f 3032 3080 3081 3033
f 9 12 11 10
f 4289 4344 4345 4291
f 3273 3329 3330 3274
f 4330 4381 4382 4331
f 938 970 971 940
f 2146 2147 2149 2148
f 3605 3649 3650 3606
f 1984 2063 2064 1985
f 4395 4447 4448 4396
f 3455 3513 3514 3456
f 5025 5050 5051 5026
f 3937 3995 3996 3939
f 1113 1115 1114 1075
f 3643 3682 3683 3644
f 4322 4373 4374 4323
f 3589 3635 3636 3590
f 3606 3650 3651 3607
f 1804 1879 1880 1805
f 5028 5053 5054 5029
f 5091 5109 5110 5092
f 2124 2225 2226 2125
f 3265 3321 3322 3266
f 3630 3669 3670 3631
f 3613 3615 3614 3556
f 3607 3651 3652 3608
f 4716 4750 4751 4717
f 5054 5077 5078 5055
f 2081 2083 2082 2007
f 2030 2110 2111 2031
f 3500 3560 3561 3501
f 882 916 917 883
f 4379 4431 4433 4378
f 3639 3678 3679 3640
f 2292 2391 2392 2293
f 20 33 35 22
f 3257 3313 3314 3258
f 4665 4712 4713 4666
f 1811 1886 1887 1812
f 3646 3685 3684 3645
f 1788 1863 1864 1789
f 3560 3620 3621 3561
f 3637 3676 3677 3638
f 3638 3677 3678 3639
f 3655 3694 3695 3656
f 5049 5072 5073 5050
f 2370 2466 2467 2371
f 217 252 253 218
f 3691 3729 3730 3692
f 2136 2137 2139 2138
f 3661 3700 3701 3662
f 3614 3657 3659 3616
f 3647 3686 3687 3648
f 4452 4511 4512 4453
f 4646 4694 4695 4647
f 3714 3751 3752 3715
f 3648 3687 3688 3649
f 1795 1870 1871 1796
f 2153 2253 2252 2152
f 3542 3601 3603 3544
f 3615 3658 3657 3614
f 3680 3716 3717 3681
f 199 226 227 200
f 4903 4951 4952 4904
f 1722 1781 1782 1723
f 3700 3740 3741 3701
f 3677 3713 3714 3678
f 3390 3461 3462 3391
f 3670 3705 3707 3671
f 156 184 185 158
f 4420 4483 4484 4421
f 2364 2460 2461 2365
f 2078 2181 2182 2079
f 4362 4419 4420 4363
f 3669 3706 3705 3670
f 4555 4606 4607 4556
f 1714 1773 1774 1715
f 2112 2213 2214 2113
f 3645 3684 3686 3647
f 2114 2215 2216 2115
f 3354 3426 3427 3355
f 3688 3726 3727 3689
f 2442 2542 2543 2443
f 1025 1059 1060 1026
f 3571 3625 3624 3572
f 4689 4726 4727 4690
f 3557 3617 3618 3558
f 3702 3742 3743 3703
f 1867 1940 1941 1868
f 3802 3863 3865 3804
f 228 263 264 229
f 1630 1686 1687 1632
f 3740 3778 3779 3741
f 3701 3741 3742 3702
f 3734 3736 3735 3697
f 1860 1933 1934 1861
f 3720 3722 3721 3685
f 487 534 535 488
f 5055 5078 5079 5056
f 3259 3315 3316 3260
f 1282 1318 1319 1283
f 3664 3703 3704 3665
f 3679 3715 3716 3680
f 300 331 332 301
f 2436 2536 2537 2437
f 1931 2017 2019 1930
f 4721 4723 4722 4687
f 3757 3759 3758 3722
f 3678 3714 3715 3679
f 2074 2177 2178 2075
f 3727 3765 3766 3728
f 1017 1051 1052 1018
f 3584 3630 3631 3585
f 3778 3823 3824 3779
f 1344 1380 1381 1345
f 2184 2282 2281 2183
f 1851 1923 1924 1852
f 4475 4525 4524 4476
f 1836 1911 1912 1837
f 4484 4533 4534 4485
f 2538 2631 2632 2539
f 72 94 95 73
f 940 971 973 972
f 3783 3784 3787 3786
f 3726 3764 3765 3727
f 3728 3766 3767 3729
f 103 124 125 104
f 2492 2592 2593 2493
f 1929 1931 1930 1859
f 1552 1605 1607 1554
f 3741 3779 3780 3742
f 3750 3795 3796 3751
f 3735 3774 3775 3737
f 3752 3797 3798 3753
f 2914 2968 2969 2915
f 3687 3725 3726 3688
f 3725 3763 3764 3726
f 3780 3825 3826 3781
f 4451 4510 4511 4452
f 3631 3670 3671 3632
f 4468 4521 4522 4469
f 476 477 478 435
f 2017 2098 2099 2019
f 3827 3830 3829 3828
f 4394 4446 4445 4393
f 1721 1780 1781 1722
f 2256 2356 2357 2257
f 3471 3527 3528 3472
f 2618 2697 2698 2619
f 2326 2426 2427 2329
f 3709 3746 3747 3710
f 3767 3811 3812 3768
f 500 546 547 501
f 922 957 958 923
f 1055 1094 1095 1056
f 3768 3812 3813 3769
f 1657 1721 1722 1658
f 2012 2089 2090 2013
f 3766 3810 3811 3767
f 3760 3804 3805 3761
f 588 623 624 589
f 2412 2507 2508 2413
f 3803 3864 3863 3802
f 4386 4440 4441 4387
f 1899 1986 1987 1900
f 3758 3802 3804 3760
f 3474 3530 3531 3475
f 3736 3772 3774 3735
f 4577 4629 4630 4578
f 2033 2113 2114 2034
f 3676 3712 3713 3677
f 3773 3816 3818 3772
f 3742 3780 3781 3743
f 3791 3852 3851 3790
f 4778 4848 4849 4777
f 2706 2766 2767 2707
f 4055 4125 4126 4057
f 2398 2495 2496 2399
f 1784 1860 1861 1786
f 3797 3858 3859 3798
f 655 689 690 656
f 4524 4576 4575 4526
f 209 244 245 210
f 3945 4002 4003 3946
f 485 532 533 486
f 1883 1956 1957 1884
f 3686 3724 3725 3687
f 3839 3840 3842 3841
f 3792 3853 3854 3793
f 4507 4558 4559 4508
f 3815 3817 3816 3773
f 3858 3920 3921 3859
f 1129 1166 1167 1130
f 3798 3859 3860 3799
f 3816 3876 3878 3818
f 3886 3889 3888 3887
f 3813 3874 3875 3814
f 4508 4559 4560 4509
f 336 373 374 337
f 3844 3906 3908 3907
f 4491 4542 4543 4492
f 3896 3897 3898 3830
f 2668 2732 2733 2669
f 4777 4849 4850 4780
f 2026 2106 2107 2027
f 3402 3468 3469 3404
f 3830 3898 3899 3829
f 3824 3884 3885 3825
f 1319 1358 1359 1320
f 2137 2238 2239 2139
f 3805 3866 3867 3806
f 3894 3895 3897 3896
f 1908 1995 1996 1909
f 3800 3861 3862 3801
f 732 760 761 733
f 1041 1074 1076 1043
f 2454 2557 2558 2455
f 2408 2503 2504 2409
f 3744 3791 3790 3746
f 3823 3883 3884 3824
f 2786 2840 2841 2787
f 3962 4020 4021 3963
f 953 985 987 955
f 4769 4770 4772 4771
f 3837 3838 3840 3839
f 3806 3867 3868 3807
f 3855 3917 3918 3856
f 3592 3638 3639 3593
f 812 847 848 813
f 3848 3911 3912 3849
f 3717 3754 3755 3718
f 3900 3957 3958 3901
f 2098 2199 2200 2099
f 1980 1981 1983 1982
f 4692 4729 4730 4693
f 1615 1671 1672 1616
f 480 527 528 481
f 3947 3949 3948 3889
f 1818 1892 1893 1820
f 884 918 919 886
f 4882 4934 4935 4883
f 2614 2615 2616 2517
f 3573 3626 3627 3574
f 3871 3932 3933 3872
f 2858 2911 2912 2859
f 2748 2808 2809 2749
f 3329 3392 3393 3330
f 4761 4762 4764 4763
f 3293 3354 3355 3294
f 4539 4588 4590 4538
f 3863 3924 3926 3865
f 3880 3942 3943 3881
f 1207 1245 1246 1208
f 497 543 544 498
f 2464 2567 2568 2465
f 5061 5081 5083 5062
f 3854 3916 3917 3855
f 3887 3888 3891 3890
f 3936 3938 3937 3877
f 3931 3987 3988 3932
f 3938 3993 3995 3937
f 2233 2334 2335 2234
f 1002 1036 1037 1003
f 3902 3959 3960 3903
f 3775 3820 3821 3776
f 3856 3918 3919 3857
f 632 666 667 633
f 2475 2575 2577 2477
f 3932 3988 3989 3933
f 4531 4581 4582 4532
f 1940 2028 2029 1941
f 4810 4877 4876 4812
f 332 369 370 333
f 2836 2887 2889 2837
f 3321 3384 3385 3322
f 4466 4519 4520 4467
f 2187 2285 2286 2188
f 3918 3974 3975 3919
f 4588 4639 4641 4590
f 2129 2130 2133 2132
f 49 70 72 48
f 2606 2687 2688 2607
f 2568 2659 2660 2569
f 3869 3930 3931 3870
f 3910 3966 3967 3911
f 3903 3960 3961 3904
f 3912 3968 3969 3913
f 1802 1877 1878 1803
f 4458 4515 4516 4460
f 3025 3073 3072 3024
f 4762 4825 4826 4764
f 3870 3931 3932 3871
f 3927 3983 3984 3928
f 3992 3994 3993 3938
f 1100 1138 1139 1101
f 2732 2794 2795 2733
f 3313 3376 3377 3314
f 4785 4786 4788 4787
f 1963 2051 2052 1964
f 3822 3882 3883 3823
f 1924 2012 2013 1925
f 4572 4620 4621 4573
f 2191 2289 2290 2192
f 2057 2160 2161 2058
f 3979 4028 4030 3981
f 2656 2723 2724 2657
f 3933 3989 3990 3934
f 3694 3732 3733 3695
f 3951 4009 4010 3952
f 3952 4010 4011 3953
f 2185 2283 2284 2186
f 1842 1917 1918 1843
f 3957 4015 4016 3958
f 3398 3466 3465 3397
f 3943 4000 4001 3944
f 3944 4001 4002 3945
f 1164 1200 1201 1165
f 2908 2962 2963 2909
f 2710 2770 2771 2711
f 3996 4044 4045 3997
f 1947 2035 2036 1948
f 4763 4764 4766 4765
f 489 536 537 490
f 2986 3034 3035 2987
f 1834 1909 1910 1835
f 4506 4557 4558 4507
f 3981 4030 4031 3982
f 2202 2299 2300 2203
f 3911 3967 3968 3912
f 3920 3976 3977 3921
f 4026 4095 4096 4027
f 3859 3921 3922 3860
f 3990 4039 4040 3991
f 3864 3925 3924 3863
f 920 955 956 921
f 2736 2798 2799 2737
f 4620 4668 4669 4621
f 1791 1866 1867 1792
f 4753 4820 4821 4754
f 3984 4033 4034 3985
f 2463 2566 2567 2464
f 4899 4947 4948 4900
f 3965 4023 4024 3966
f 3458 3516 3517 3459
f 4064 4067 4066 4065
f 4020 4089 4090 4021
f 3941 3998 3999 3942
f 3950 4008 4009 3951
f 1988 2067 2068 1989
f 4604 4654 4653 4603
f 1292 1328 1329 1293
f 3004 3054 3055 3006
f 2190 2288 2289 2191
f 4737 4807 4808 4739
f 3877 3937 3939 3876
f 1689 1749 1750 1691
f 3983 4032 4033 3984
f 4008 4079 4080 4009
f 3058 3114 3115 3059
f 1057 1096 1097 1058
f 2782 2836 2837 2783
f 1617 1673 1674 1618
f 1995 2074 2075 1996
f 2816 2870 2871 2817
f 4603 4653 4655 4605
f 4015 4084 4085 4016
f 4072 4075 4074 4073
f 1388 1389 1390 1353
f 4154 4211 4212 4155
f 4043 4117 4118 4044
f 4729 4798 4799 4730
f 4005 4077 4078 4007
f 4006 4076 4077 4005
f 2767 2824 2825 2768
f 1056 1095 1096 1057
f 1420 1461 1462 1421
f 3425 3486 3487 3426
f 4052 4123 4125 4055
f 4029 4100 4102 4028
f 4030 4103 4104 4031
f 1956 2044 2045 1957
f 1979 2060 2061 1981
f 4538 4590 4591 4540
f 4031 4104 4105 4032
f 3122 3172 3173 3123
f 2846 2895 2896 2847
f 4045 4119 4120 4046
f 4023 4092 4093 4024
f 3369 3440 3441 3370
f 3068 3124 3125 3069
f 4037 4110 4111 4038
f 3999 4047 4048 4000
f 4000 4048 4049 4001
f 4083 4145 4147 4084
f 1049 1082 1083 1050
f 2912 2966 2967 2913
f 4013 4081 4083 4014
f 4579 4631 4632 4580
f 3919 3975 3976 3920
f 2359 2455 2456 2360
f 3361 3433 3434 3362
f 4530 4580 4581 4531
f 986 1020 1019 985
f 4046 4120 4121 4047
f 3831 3832 3834 3833
f 2392 2489 2490 2393
f 3490 3549 3550 3491
f 4130 4190 4191 4131
f 2910 2964 2965 2911
f 3964 4022 4023 3965
f 2035 2115 2116 2036
f 4038 4111 4112 4039
f 3479 3535 3536 3480
f 4700 4702 4701 4654
f 4069 4132 4133 4071
f 2352 2448 2450 2354
f 4014 4083 4084 4015
f 2911 2965 2966 2912
f 4032 4105 4106 4033
f 1564 1617 1618 1565
f 1200 1238 1239 1201
f 3353 3425 3426 3354
f 2984 3032 3033 2985
f 4093 4156 4157 4094
f 3958 4016 4017 3959
f 1743 1804 1805 1744
f 4123 4183 4185 4125
f 3148 3195 3196 3149
f 2201 2298 2299 2202
f 2019 2099 2100 2020
f 4643 4691 4692 4644
f 2556 2647 2648 2557
f 4096 4159 4160 4098
f 3202 3259 3260 3204
f 4132 4192 4193 4133
f 1978 1979 1981 1980
f 4109 4170 4171 4110
f 4094 4157 4158 4095
f 2276 2376 2377 2277
f 4636 4683 4684 4637
f 1636 1700 1701 1635
f 2073 2176 2177 2074
f 2998 3042 3043 2999
f 4857 4912 4913 4858
f 4101 4162 4161 4100
f 4071 4133 4135 4134
f 1970 1971 1973 1972
f 3052 3108 3109 3053
f 3359 3431 3432 3360
f 4027 4096 4098 4097
f 3048 3105 3106 3047
f 4077 4141 4142 4078
f 4118 4178 4179 4119
f 3377 3448 3449 3378
f 4817 4882 4883 4818
f 4021 4090 4091 4022
f 4627 4676 4675 4629
f 4401 4453 4454 4402
f 4120 4180 4181 4121
f 1716 1775 1776 1717
f 2097 2198 2199 2098
f 3078 3133 3134 3079
f 4164 4223 4224 4165
f 3893 3952 3953 3895
f 4142 4202 4203 4143
f 2140 2141 2143 2142
f 120 144 145 121
f 1033 1067 1068 1034
f 3266 3322 3323 3267
f 1641 1705 1706 1642
f 4801 4866 4867 4802
f 4133 4193 4194 4135
f 4126 4186 4187 4127
f 4127 4187 4188 4128
f 4104 4165 4166 4105
f 2959 3011 3012 2960
f 948 981 982 949
f 4179 4240 4241 4180
f 3120 3170 3171 3121
f 3663 3702 3703 3664
f 4159 4216 4217 4160
f 4102 4163 4164 4103
f 4136 4138 4137 4075
f 1868 1941 1942 1869
f 3401 3402 3404 3403
f 1930 2019 2020 1932
f 4793 4858 4859 4794
f 2044 2124 2125 2045
f 3330 3393 3394 3331
f 529 570 571 530
f 3158 3217 3218 3159
f 4196 4254 4255 4197
f 2179 2279 2280 2180
f 2178 2278 2279 2179
f 4175 4234 4236 4174
f 4056 4057 4059 4058
f 1916 2003 2004 1917
f 4290 4342 4344 4289
f 4610 4660 4659 4612
f 1066 1105 1106 1067
f 4715 4749 4750 4716
f 4167 4226 4227 4168
f 3872 3933 3934 3873
f 3959 4017 4018 3960
f 3184 3242 3243 3185
f 4166 4225 4226 4167
f 4135 4194 4196 4195
f 4824 4888 4887 4825
f 1996 2075 2076 1997
f 1608 1664 1665 1609
f 3417 3478 3479 3419
f 4594 4645 4646 4595
f 4189 4248 4249 4190
f 4198 4256 4257 4199
f 4079 4143 4144 4080
f 4828 4891 4892 4829
f 3412 3413 3415 3414
f 4108 4169 4170 4109
f 4227 4284 4285 4228
f 4165 4224 4225 4166
f 4691 4728 4729 4692
f 2068 2171 2172 2069
f 4994 5022 5023 4995
f 3410 3474 3475 3411
f 257 288 289 258
f 3409 3473 3474 3410
f 4825 4887 4889 4826
f 4141 4201 4202 4142
f 4214 4270 4271 4215
f 3230 3284 3285 3231
f 4266 4319 4320 4267
f 3256 3312 3313 3257
f 1026 1060 1061 1027
f 4206 4261 4263 4207
f 4199 4257 4258 4200
f 4216 4272 4273 4217
f 3535 3592 3593 3536
f 3385 3456 3457 3386
f 2099 2200 2201 2100
f 4174 4236 4237 4176
f 4223 4280 4281 4224
f 5020 5045 5046 5021
f 1452 1496 1497 1453
f 1728 1789 1790 1729
f 4259 4313 4314 4260
f 2217 2314 2315 2218
f 4221 4278 4279 4222
f 4110 4171 4172 4111
f 2052 2155 2156 2053
f 4176 4237 4238 4177
f 41 61 63 62
f 3436 3496 3498 3435
f 1962 2050 2049 1961
f 4245 4298 4300 4246
f 4247 4301 4302 4248
f 4906 4954 4955 4907
f 4553 4605 4606 4555
f 1137 1174 1175 1138
f 3294 3355 3356 3295
f 4276 4328 4327 4275
f 2083 2184 2183 2082
f 3966 4024 4025 3967
f 4239 4294 4295 4240
f 4764 4826 4827 4766
f 4642 4690 4691 4643
f 1954 2042 2043 1955
f 4261 4316 4315 4263
f 4238 4293 4294 4239
f 4207 4263 4264 4208
f 4248 4302 4303 4249
f 2196 2293 2294 2197
f 3396 3397 3400 3399
f 4155 4212 4213 4156
f 3320 3383 3384 3321
f 4253 4307 4308 4254
f 4891 4940 4939 4892
f 3514 3572 3573 3515
f 4229 4286 4287 4230
f 1353 1390 1391 1352
f 1 4 3 2
f 2790 2845 2846 2792
f 4849 4904 4905 4850
f 4149 4206 4207 4150
f 2274 2374 2375 2275
f 2100 2201 2202 2101
f 3508 3565 3567 3509
f 4308 4360 4361 4309
f 2131 2234 2235 2130
f 4286 4338 4339 4287
f 4271 4324 4325 4272
f 4272 4325 4326 4273
f 2260 2360 2361 2261
f 137 161 162 138
f 3907 3908 3909 3847
f 4841 4899 4900 4843
f 4285 4337 4338 4286
f 4278 4330 4331 4279
f 4295 4349 4350 4296
f 4732 4801 4802 4733
f 3594 3640 3641 3595
f 873 905 907 872
f 4301 4353 4354 4302
f 4246 4300 4301 4247
f 2084 2185 2186 2085
f 4304 4356 4357 4305
f 4151 4208 4209 4152
f 4346 4398 4399 4347
f 4331 4382 4383 4332
f 3384 3455 3456 3385
f 2115 2216 2217 2116
f 4280 4332 4333 4281
f 4311 4363 4364 4312
f 4863 4918 4919 4864
f 2008 2085 2086 2009
f 3513 3571 3572 3514
f 4833 4895 4896 4835
f 4317 4367 4369 4318
f 2218 2315 2316 2219
f 4303 4355 4356 4304
f 4256 4310 4311 4257
f 2396 2493 2494 2397
f 3596 3642 3643 3598
f 3430 3491 3492 3431
f 4192 4251 4252 4193
f 4279 4331 4332 4280
f 4739 4808 4809 4740
f 4780 4850 4851 4782
f 3674 3710 3711 3675
f 673 706 707 674
f 3457 3515 3516 3458
f 4404 4405 4408 4407
f 4309 4361 4362 4310
f 4355 4412 4413 4356
f 4714 4748 4749 4715
f 4215 4271 4272 4216
f 2460 2563 2564 2461
f 4434 4491 4492 4435
f 3449 3507 3508 3450
f 3456 3514 3515 3457
f 4341 4343 4342 4290
f 4310 4362 4363 4311
f 4087 4150 4151 4088
f 4328 4379 4378 4327
f 32 51 53 52
f 2248 2249 2251 2250
f 3518 3576 3577 3519
f 4690 4727 4728 4691
f 1090 1091 1092 1054
f 4342 4395 4396 4344
f 2516 2617 2618 2519
f 3684 3723 3724 3686
f 1713 1772 1773 1714
f 4723 4791 4792 4722
f 4387 4441 4442 4388
f 601 635 636 602
f 4236 4291 4292 4237
f 2163 2263 2264 2164
f 4366 4423 4425 4424
f 4335 4386 4387 4336
f 4344 4396 4397 4345
f 3786 3787 3789 3788
f 4410 4473 4472 4409
f 2138 2139 2141 2140
f 2992 3036 3038 2994
f 4349 4401 4402 4350
f 2288 2387 2388 2289
f 4775 4778 4777 4776
f 3598 3643 3644 3600
f 3948 4007 4008 3950
f 4381 4435 4436 4382
f 4358 4415 4416 4359
f 2268 2368 2369 2269
f 4836 4837 4839 4838
f 4162 4219 4221 4161
f 3764 3808 3809 3765
f 3642 3681 3682 3643
f 2716 2776 2778 2717
f 2042 2122 2123 2043
f 2147 2243 2244 2149
f 4399 4451 4452 4400
f 3818 3878 3879 3819
f 4318 4369 4370 4319
f 4397 4449 4450 4398
f 4384 4438 4439 4385
f 2145 2242 2243 2147
f 2796 2850 2851 2797
f 2282 2379 2381 2281
f 4194 4253 4254 4196
f 4389 4443 4444 4390
f 4254 4308 4309 4255
f 4383 4437 4438 4384
f 4360 4417 4418 4361
f 600 634 635 601
f 3660 3699 3700 3661
f 3465 3521 3523 3467
f 4436 4493 4494 4437
f 4357 4414 4415 4358
f 4827 4890 4891 4828
f 4343 4393 4395 4342
f 4336 4387 4388 4337
f 3586 3632 3633 3587
f 2876 2924 2926 2877
f 2161 2261 2262 2162
f 3662 3701 3702 3663
f 4945 4984 4985 4946
f 4293 4347 4348 4294
f 4398 4450 4451 4399
f 2188 2286 2287 2189
f 4962 5001 5002 4963
f 3906 3963 3964 3908
f 1232 1270 1271 1233
f 1673 1734 1735 1674
f 4422 4485 4486 4423
f 4795 4860 4861 4796
f 4157 4214 4215 4158
f 4415 4478 4479 4416
f 4812 4876 4878 4813
f 232 235 234 233
f 73 95 96 74
f 4467 4520 4521 4468
f 3640 3679 3680 3641
f 3901 3958 3959 3902
f 4502 4504 4503 4446
f 4416 4479 4480 4417
f 4490 4541 4542 4491
f 4881 4933 4934 4882
f 4438 4495 4496 4439
f 4448 4507 4508 4449
f 2600 2681 2682 2601
f 2066 2169 2170 2067
f 4476 4524 4526 4477
f 2419 2422 2421 2420
f 3718 3755 3756 3719
f 2385 2482 2483 2386
f 1138 1175 1176 1139
f 4406 4467 4468 4405
f 4439 4496 4497 4440
f 4796 4861 4862 4797
f 872 907 908 874
f 3916 3972 3973 3917
f 3497 3555 3557 3496
f 3712 3749 3750 3713
f 4469 4522 4523 4471
f 2258 2358 2359 2259
f 3084 3086 3085 3037
f 3994 4042 4041 3993
f 4464 4518 4519 4466
f 1097 1135 1136 1098
f 4499 4550 4551 4500
f 2297 2396 2397 2298
f 2467 2570 2571 2468
f 4859 4914 4915 4860
f 2164 2264 2265 2165
f 4456 4514 4515 4458
f 3108 3158 3159 3109
f 4562 4611 4610 4563
f 3489 3548 3549 3490
f 4432 4489 4488 4431
f 4392 4394 4393 4343
f 4479 4528 4529 4480
f 1168 1204 1205 1169
f 2768 2825 2826 2769
f 3790 3851 3853 3792
f 4516 4567 4568 4517
f 4421 4484 4485 4422
f 4462 4517 4518 4464
f 4447 4506 4507 4448
f 4200 4258 4259 4201
f 3180 3238 3239 3181
f 3980 4029 4028 3979
f 3473 3529 3530 3474
f 4842 4843 4845 4844
f 1082 1123 1124 1083
f 4494 4545 4546 4495
f 4423 4486 4487 4425
f 4496 4547 4548 4497
f 4074 4139 4140 4076
f 385 420 421 386
f 3784 3848 3849 3787
f 4843 4900 4901 4845
f 4351 4410 4409 4353
f 5012 5037 5038 5013
f 768 790 791 769
f 4602 4604 4603 4554
f 4587 4589 4588 4539
f 4834 4835 4837 4836
f 2235 2336 2337 2236
f 4518 4569 4570 4519
f 2220 2317 2318 2221
f 2194 2195 2196 2096
f 3846 3910 3911 3848
f 2944 2996 2997 2945
f 5098 5116 5117 5099
f 4493 4544 4545 4494
f 4510 4561 4562 4511
f 4511 4562 4563 4512
f 4528 4578 4579 4529
f 2564 2655 2656 2565
f 4036 4109 4110 4037
f 2090 2191 2192 2091
f 4897 4945 4946 4898
f 4533 4583 4584 4534
f 2177 2277 2278 2178
f 3956 4014 4015 3957
f 97 118 119 98
f 4435 4492 4493 4436
f 3840 3904 3905 3842
f 2211 2308 2309 2212
f 2193 2291 2292 2195
f 3366 3437 3438 3367
f 2249 2348 2349 2251
f 4549 4600 4601 4550
f 4478 4527 4528 4479
f 4535 4585 4586 4536
f 4520 4571 4572 4521
f 3002 3005 3004 3003
f 4116 4176 4177 4117
f 3934 3990 3991 3935
f 4580 4632 4633 4581
f 4541 4592 4593 4542
f 4414 4477 4478 4415
f 2204 2301 2302 2205
f 4552 4554 4553 4504
f 4567 4615 4616 4568
f 2518 2519 2521 2520
f 305 336 337 306
f 4595 4646 4647 4596
f 1888 1890 1889 1816
f 4509 4560 4561 4510
f 4270 4323 4324 4271
f 4543 4594 4595 4544
f 5010 5036 5035 5011
f 3476 3532 3533 3477
f 4437 4494 4495 4438
f 3904 3961 3962 3905
f 3982 4031 4032 3983
f 4519 4570 4571 4520
f 4892 4939 4941 4893
f 4226 4283 4284 4227
f 4626 4672 4674 4673
f 3601 3645 3647 3603
f 4929 4970 4972 4931
f 4573 4621 4622 4574
f 3406 3470 3471 3407
f 2324 2327 2326 2325
f 4568 4616 4617 4569
f 4612 4659 4661 4613
f 4054 4055 4057 4056
f 2315 2410 2411 2316
f 1304 1344 1345 1305
f 4583 4635 4636 4584
f 3208 3262 3263 3209
f 4913 4961 4962 4914
f 2251 2349 2351 2350
f 356 359 358 357
f 4599 4650 4651 4600
f 4592 4643 4644 4593
f 1336 1372 1373 1337
f 4180 4241 4242 4181
f 3537 3594 3595 3539
f 3968 4026 4027 3969
f 4605 4655 4656 4606
f 36 57 58 37
f 4876 4930 4929 4878
f 1121 1158 1159 1122
f 4635 4682 4683 4636
f 4597 4648 4649 4598
f 4566 4614 4615 4567
f 2236 2337 2338 2237
f 4616 4664 4665 4617
f 1952 2040 2041 1953
f 4746 4813 4814 4747
f 3529 3586 3587 3530
f 4644 4692 4693 4645
f 4581 4633 4634 4582
f 4600 4651 4652 4601
f 4615 4663 4664 4616
f 3636 3675 3676 3637
f 3416 3417 3419 3418
f 4086 4149 4150 4087
f 4850 4905 4906 4851
f 1122 1159 1160 1123
f 3769 3813 3814 3770
f 4607 4657 4658 4608
f 4576 4628 4627 4575
f 4306 4358 4359 4307
f 4252 4306 4307 4253
f 4024 4093 4094 4025
f 4947 4986 4987 4948
f 2299 2398 2399 2300
f 4591 4642 4643 4592
f 4504 4553 4555 4503
f 3521 3580 3579 3523
f 4930 4971 4970 4929
f 4622 4670 4671 4624
f 4527 4577 4578 4528
f 3716 3753 3754 3717
f 1105 1143 1144 1106
f 4661 4707 4709 4662
f 4826 4889 4890 4827
f 4629 4675 4677 4630
f 4654 4701 4703 4653
f 4667 4714 4715 4668
f 4640 4686 4688 4639
f 3796 3857 3858 3797
f 4359 4416 4417 4360
f 4931 4972 4973 4932
f 5004 5032 5033 5005
f 4378 4433 4434 4380
f 4730 4799 4800 4731
f 4707 4743 4742 4709
f 4556 4607 4608 4557
f 4653 4703 4704 4655
f 4670 4717 4718 4671
f 4095 4158 4159 4096
f 4908 4956 4957 4909
f 1864 1937 1938 1865
f 4688 4725 4726 4689
f 4662 4709 4710 4663
f 2283 2382 2383 2284
f 2404 2499 2501 2406
f 2170 2270 2271 2171
f 4693 4730 4731 4694
f 4630 4677 4678 4631
f 3722 3758 3760 3721
f 4672 4719 4720 4674
f 4770 4829 4830 4772
f 3488 3547 3548 3489
f 4158 4215 4216 4159
f 3552 3611 3612 3553
f 4669 4716 4717 4670
f 4574 4622 4624 4623
f 4703 4740 4741 4704
f 2162 2262 2263 2163
f 4152 4209 4210 4153
f 2540 2633 2634 2541
f 4004 4006 4005 3949
f 4571 4619 4620 4572
f 4685 4687 4686 4640
f 4655 4704 4705 4656
f 4450 4509 4510 4451
f 3545 3604 3605 3546
f 3658 3697 3696 3657
f 4648 4696 4697 4649
f 4230 4287 4288 4231
f 4589 4640 4639 4588
f 2420 2421 2424 2423
f 4068 4069 4071 4070
f 1697 1756 1757 1696
f 4445 4505 4506 4447
f 4731 4800 4801 4732
f 4332 4383 4384 4333
f 2265 2365 2366 2266
f 4717 4751 4752 4718
f 4987 5015 5016 4988
f 4759 4760 4762 4761
f 5050 5073 5074 5051
f 2904 2958 2959 2903
f 2209 2306 2307 2210
f 2210 2307 2308 2211
f 4804 4806 4805 4738
f 2459 2562 2563 2460
f 5041 5064 5065 5042
f 4228 4285 4286 4229
f 4084 4147 4148 4085
f 4302 4354 4355 4303
f 4702 4737 4739 4701
f 4996 5024 5025 4997
f 4752 4819 4820 4753
f 2225 2322 2323 2226
f 3593 3639 3640 3594
f 4936 4977 4978 4937
f 1210 1248 1249 1211
f 4726 4795 4796 4727
f 4783 4784 4786 4785
f 4932 4973 4974 4933
f 4522 4573 4574 4523
f 4963 5002 5003 4964
f 4733 4802 4803 4734
f 4712 4746 4747 4713
f 2344 2441 2442 2345
f 4240 4295 4296 4241
f 4750 4817 4818 4751
f 4744 4810 4812 4745
f 817 852 853 818
f 4985 5013 5014 4986
f 4742 4811 4810 4744
f 4964 5003 5004 4965
f 4786 4853 4854 4788
f 4844 4845 4847 4846
f 4710 4744 4745 4711
f 4768 4828 4829 4770
f 3808 3869 3870 3809
f 4961 5000 5001 4962
f 2322 2417 2418 2323
f 4492 4543 4544 4493
f 2424 2524 2525 2425
f 4320 4371 4372 4321
f 5019 5044 5045 5020
f 4760 4824 4825 4762
f 585 620 621 586
f 4953 4992 4993 4954
f 4774 4831 4833 4832
f 2300 2399 2400 2301
f 4776 4777 4780 4779
f 3176 3234 3233 3175
f 4898 4946 4947 4899
f 4819 4884 4885 4820
f 4868 4871 4870 4869
f 4725 4794 4795 4726
f 4782 4851 4852 4784
f 4751 4818 4819 4752
f 4656 4705 4706 4657
f 4212 4268 4269 4213
f 4954 4993 4994 4955
f 4765 4766 4768 4767
f 5003 5031 5032 5004
f 1154 1190 1191 1155
f 4727 4796 4797 4728
f 4564 4612 4613 4565
f 4408 4469 4471 4470
f 2371 2467 2468 2372
f 4798 4863 4864 4799
f 4767 4768 4770 4769
f 4512 4563 4564 4513
f 4578 4630 4631 4579
f 545 585 586 546
f 3585 3631 3632 3586
f 4946 4985 4986 4947
f 5096 5114 5115 5097
f 4292 4346 4347 4293
f 4922 4924 4923 4871
f 4382 4436 4437 4383
f 4756 4757 4760 4759
f 4797 4862 4863 4798
f 4790 4855 4856 4791
f 4663 4710 4711 4664
f 3448 3505 3507 3449
f 3561 3621 3622 3562
f 4813 4878 4879 4814
f 2356 2452 2453 2357
f 4364 4421 4422 4365
f 4851 4906 4907 4852
f 2355 2451 2452 2356
f 4807 4874 4875 4808
f 4208 4264 4265 4209
f 4666 4713 4714 4667
f 4088 4151 4152 4089
f 2242 2343 2344 2243
f 4488 4540 4541 4490
f 4837 4897 4898 4839
f 4838 4839 4841 4840
f 4839 4898 4899 4841
f 181 209 210 183
f 3072 3127 3129 3074
f 4905 4953 4954 4906
f 4454 4513 4514 4456
f 2281 2381 2382 2283
f 4829 4892 4893 4830
f 4718 4752 4753 4719
f 2340 2437 2438 2341
f 37 58 59 38
f 3892 3893 3895 3894
f 1201 1239 1240 1202
f 4855 4910 4911 4856
f 4582 4634 4635 4583
f 4792 4857 4858 4793
f 3998 4046 4047 3999
f 4884 4936 4937 4885
f 4830 4893 4894 4831
f 4847 4902 4903 4848
f 82 104 105 83
f 90 111 113 92
f 4548 4599 4600 4549
f 2234 2335 2336 2235
f 5002 5030 5031 5003
f 4869 4870 4872 4806
f 4779 4780 4782 4781
f 4544 4595 4596 4545
f 4781 4782 4784 4783
f 52 53 54 34
f 4815 4880 4881 4816
f 5076 5097 5098 5077
f 4596 4647 4648 4597
f 2257 2357 2358 2258
f 3942 3999 4000 3943
f 3632 3671 3672 3633
f 2411 2506 2507 2412
f 2514 2517 2516 2515
f 3698 3738 3739 3699
f 4864 4919 4920 4865
f 4016 4085 4086 4017
f 4724 4793 4794 4725
f 4411 4474 4475 4412
f 4916 4964 4965 4917
f 4861 4916 4917 4862
f 4894 4942 4943 4895
f 2388 2485 2486 2389
f 4896 4944 4945 4897
f 4668 4715 4716 4669
f 249 280 281 250
f 1810 1885 1886 1811
f 5017 5042 5043 5018
f 4901 4949 4950 4902
f 4878 4929 4931 4879
f 4879 4931 4932 4880
f 5052 5075 5076 5053
f 4664 4711 4712 4665
f 4818 4883 4884 4819
f 4939 4980 4979 4941
f 4748 4815 4816 4749
f 2387 2484 2485 2388
f 4854 4909 4910 4855
f 4911 4959 4960 4912
f 4671 4718 4719 4672
f 3681 3717 3718 3682
f 4917 4965 4966 4918
f 2362 2458 2459 2363
f 2372 2468 2469 2373
f 4912 4960 4961 4913
f 3672 3708 3709 3673
f 4986 5014 5015 4987
f 4614 4662 4663 4615
f 5026 5051 5052 5027
f 4909 4957 4958 4910
f 5083 5102 5101 5084
f 4935 4976 4977 4936
f 4904 4952 4953 4905
f 4400 4452 4453 4401
f 4440 4497 4498 4441
f 3633 3672 3673 3634
f 5001 5029 5030 5002
f 4885 4937 4938 4886
f 4918 4966 4967 4919
f 4919 4967 4968 4920
f 4872 4926 4927 4873
f 4820 4885 4886 4821
f 4788 4854 4855 4790
f 4979 5009 5008 4981
f 4988 5016 5017 4989
f 1194 1232 1233 1195
f 4950 4989 4990 4951
f 4895 4943 4944 4896
f 1849 1921 1922 1850
f 2443 2543 2544 2444
f 5067 5088 5089 5068
f 4831 4894 4895 4833
f 4800 4865 4866 4801
f 4914 4962 4963 4915
f 1153 1189 1190 1154
f 4694 4731 4732 4695
f 5042 5065 5066 5043
f 4949 4988 4989 4950
f 4966 5005 5006 4967
f 4687 4722 4724 4686
f 5124 5137 5138 5125
f 4900 4948 4949 4901
f 5090 5108 5109 5091
f 1769 1844 1845 1770
f 4736 4738 4737 4702
f 4981 5008 5010 4982
f 4958 4997 4998 4959
f 4959 4998 4999 4960
f 4952 4991 4992 4953
f 4696 4733 4734 4697
f 4584 4636 4637 4585
f 5011 5035 5037 5012
f 5066 5087 5088 5067
f 2427 2527 2528 2428
f 4860 4915 4916 4861
f 2314 2409 2410 2315
f 4852 4907 4908 4853
f 4997 5025 5026 4998
f 4934 4975 4976 4935
f 2524 2622 2623 2525
f 4992 5020 5021 4993
f 4948 4987 4988 4949
f 5074 5095 5096 5075
f 4766 4827 4828 4768
f 4168 4227 4228 4169
f 4989 5017 5018 4990
f 4862 4917 4918 4863
f 3794 3855 3856 3795
f 5092 5110 5111 5093
f 1145 1182 1183 1146
f 2273 2373 2374 2274
f 2298 2397 2398 2299
f 4540 4591 4592 4541
f 4957 4996 4997 4958
f 5123 5136 5137 5124
f 5015 5040 5041 5016
f 5016 5041 5042 5017
f 2610 2691 2692 2611
f 4893 4941 4942 4894
f 4998 5026 5027 4999
f 4999 5027 5028 5000
f 5000 5028 5029 5001
f 4264 4317 4318 4265
f 4728 4797 4798 4729
f 3641 3680 3681 3642
f 1193 1231 1232 1194
f 4789 4790 4791 4723
f 5030 5055 5056 5031
f 4967 5006 5007 4968
f 4960 4999 5000 4961
f 251 282 283 252
f 4956 4995 4996 4957
f 4814 4879 4880 4815
f 5068 5089 5090 5069
f 4453 4512 4513 4454
f 5107 5122 5123 5108
f 3738 3776 3777 3739
f 5048 5071 5072 5049
f 1729 1790 1791 1730
f 2238 2339 2340 2239
f 5046 5069 5070 5047
f 2452 2555 2556 2453
f 4984 5012 5013 4985
f 29 48 50 31
f 4632 4679 4680 4633
f 5075 5096 5097 5076
f 5121 5134 5135 5122
f 1288 1324 1325 1289
f 5038 5061 5062 5039
f 5039 5062 5063 5040
f 4816 4881 4882 4817
f 5106 5121 5122 5107
f 4993 5021 5022 4994
f 2354 2450 2451 2355
f 4856 4911 4912 4857
f 3147 3194 3195 3148
f 5014 5039 5040 5015
f 4910 4958 4959 4911
f 243 274 275 244
f 2803 2857 2858 2804
f 2394 2491 2492 2395
f 5063 5084 5085 5064
f 5104 5118 5120 5105
f 5113 5128 5129 5114
f 2289 2388 2389 2290
f 3673 3709 3710 3674
f 5108 5123 5124 5109
f 5029 5054 5055 5030
f 28 30 29 16
f 2444 2544 2545 2445
f 2733 2795 2796 2734
f 101 122 123 102
f 3544 3603 3604 3545
f 5087 5105 5106 5088
f 4848 4903 4904 4849
f 59 81 82 60
f 177 204 205 178
f 5115 5130 5131 5116
f 5065 5086 5087 5066
f 3153 3212 3213 3154
f 5070 5091 5092 5071
f 5071 5092 5093 5072
f 5018 5043 5044 5019
f 569 607 608 570
f 19 21 20 7
f 3657 3696 3698 3659
f 5094 5112 5113 5095
f 4624 4671 4672 4626
f 4880 4932 4933 4881
f 5138 5147 5148 5139
f 4990 5018 5019 4991
f 4944 4983 4984 4945
f 2507 2605 2606 2508
f 4 6 8 3
f 5047 5070 5071 5048
f 5073 5094 5095 5074
f 245 276 277 246
f 4983 5011 5012 4984
f 2369 2465 2466 2370
f 123 147 148 124
f 5140 5149 5150 5141
f 3649 3688 3689 3650
f 5032 5057 5058 5033
f 5136 5144 5146 5137
