# exported by blender_batch_chars_to_s.py fallback
v 0.474035 -0.039329 0.000000
v 0.480631 -0.038242 0.000000
v 0.480112 -0.045855 0.059981
v 0.471008 -0.046459 0.000000
v 0.490058 -0.038044 0.000000
v 0.490006 -0.045795 0.072643
v 0.500000 -0.038025 0.000000
v 0.500000 -0.045792 0.074757
v 0.509942 -0.038044 0.000000
v 0.509995 -0.045794 0.072723
v 0.519374 -0.038240 0.000000
v 0.519924 -0.045842 0.060731
v 0.526035 -0.039304 0.000000
v 0.529531 -0.046281 0.000000
v 0.553961 -0.039306 0.000000
v 0.560563 -0.038261 0.000000
v 0.560046 -0.045845 0.056755
v 0.550468 -0.046281 0.000000
v 0.569338 -0.038259 0.000000
v 0.569545 -0.045828 0.051929
v 0.575327 -0.039278 0.000000
v 0.576227 -0.046063 0.000000
v 0.464659 -0.049888 0.000000
v 0.470427 -0.056771 0.060090
v 0.463335 -0.057404 0.000000
v 0.480030 -0.056678 0.087981
v 0.490001 -0.056672 0.099068
v 0.500000 -0.056672 0.101621
v 0.510000 -0.056672 0.099747
v 0.519996 -0.056676 0.091950
v 0.529967 -0.056731 0.078692
v 0.540000 -0.048397 0.000000
v 0.540000 -0.057002 0.075546
v 0.550032 -0.056731 0.076271
v 0.559973 -0.056671 0.079548
v 0.569529 -0.056589 0.056700
v 0.576225 -0.056003 0.000000
v 0.470085 -0.068012 0.075043
v 0.460898 -0.068551 0.000000
v 0.480004 -0.067971 0.098750
v 0.490000 -0.067970 0.109862
v 0.500000 -0.067970 0.114141
v 0.510000 -0.067970 0.112453
v 0.520000 -0.067970 0.107424
v 0.529999 -0.067973 0.102134
v 0.540000 -0.067994 0.099114
v 0.549997 -0.067972 0.093335
v 0.559918 -0.067932 0.075045
v 0.569115 -0.067434 0.000000
v 0.575300 -0.063482 0.000000
v 0.454699 -0.072464 0.000000
v 0.460469 -0.079385 0.060107
v 0.453757 -0.080006 0.000000
v 0.470031 -0.079302 0.090556
v 0.480001 -0.079297 0.105713
v 0.490000 -0.079297 0.115514
v 0.500000 -0.079297 0.121547
v 0.510000 -0.079297 0.120343
v 0.520000 -0.079297 0.115368
v 0.530000 -0.079297 0.109534
v 0.539999 -0.079298 0.103311
v 0.549975 -0.079294 0.093376
v 0.559627 -0.079263 0.070770
v 0.566838 -0.079176 0.000000
v 0.460425 -0.090631 0.071150
v 0.453584 -0.090691 0.000000
v 0.470028 -0.090625 0.097696
v 0.480001 -0.090625 0.110915
v 0.490000 -0.090625 0.120151
v 0.500000 -0.090625 0.126039
v 0.510000 -0.090625 0.123024
v 0.520000 -0.090625 0.115352
v 0.530000 -0.090625 0.106068
v 0.539997 -0.090622 0.094025
v 0.549948 -0.090570 0.075447
v 0.559544 -0.090168 0.056451
v 0.566284 -0.089813 0.000000
v 0.460423 -0.101953 0.072986
v 0.453566 -0.101956 0.000000
v 0.470027 -0.101953 0.099275
v 0.480001 -0.101953 0.112696
v 0.490000 -0.101953 0.122544
v 0.500000 -0.101953 0.128396
v 0.510000 -0.101953 0.123266
v 0.520000 -0.101953 0.113608
v 0.529997 -0.101952 0.100921
v 0.539952 -0.101927 0.077735
v 0.549609 -0.101548 0.000000
v 0.559250 -0.098232 0.000000
v 0.565325 -0.096726 0.000000
v 0.460423 -0.113281 0.073141
v 0.453565 -0.113281 0.000000
v 0.470027 -0.113281 0.099463
v 0.480001 -0.113281 0.112992
v 0.490000 -0.113281 0.123116
v 0.500000 -0.113281 0.129009
v 0.510000 -0.113281 0.123206
v 0.519999 -0.113281 0.113088
v 0.529975 -0.113281 0.099631
v 0.539632 -0.113279 0.073691
v 0.546901 -0.113246 0.000000
v 0.714671 -0.107252 0.000000
v 0.720662 -0.106228 0.000000
v 0.720452 -0.113803 0.053631
v 0.713755 -0.114097 0.000000
v 0.729433 -0.106231 0.000000
v 0.729921 -0.113826 0.056867
v 0.735974 -0.107299 0.000000
v 0.739056 -0.114430 0.000000
v 0.854871 -0.106082 0.000000
v 0.860000 -0.105630 0.000000
v 0.860000 -0.109605 0.000000
v 0.854871 -0.109152 0.000000
v 0.865129 -0.106082 0.000000
v 0.865129 -0.109152 0.000000
v 0.460423 -0.124609 0.073147
v 0.453565 -0.124609 0.000000
v 0.470027 -0.124609 0.099476
v 0.480001 -0.124609 0.113015
v 0.490000 -0.124609 0.123164
v 0.500000 -0.124609 0.128985
v 0.510000 -0.124609 0.123112
v 0.519999 -0.124609 0.112995
v 0.529973 -0.124609 0.099472
v 0.539581 -0.124609 0.073174
v 0.546476 -0.124608 0.000000
v 0.720425 -0.124644 0.068597
v 0.713583 -0.124681 0.000000
v 0.730018 -0.124647 0.082591
v 0.739870 -0.124761 0.062958
v 0.745926 -0.117902 0.000000
v 0.749056 -0.125681 0.000000
v 0.460423 -0.135937 0.073147
v 0.453565 -0.135937 0.000000
v 0.470027 -0.135937 0.099475
v 0.480001 -0.135937 0.112992
v 0.490000 -0.135937 0.122953
v 0.500000 -0.135937 0.128176
v 0.510000 -0.135937 0.122451
v 0.519999 -0.135937 0.112672
v 0.529973 -0.135937 0.099267
v 0.539577 -0.135937 0.072986
v 0.546436 -0.135934 0.000000
v 0.720423 -0.135939 0.072137
v 0.713564 -0.135941 0.000000
v 0.730027 -0.135939 0.093194
v 0.739992 -0.135948 0.088298
v 0.749902 -0.136074 0.064277
v 0.755991 -0.129202 0.000000
v 0.759525 -0.136864 0.000000
v 0.460423 -0.147266 0.073147
v 0.453565 -0.147266 0.000000
v 0.470027 -0.147266 0.099466
v 0.480001 -0.147266 0.112866
v 0.490000 -0.147266 0.122027
v 0.500000 -0.147266 0.125076
v 0.510000 -0.147266 0.119522
v 0.519999 -0.147266 0.110642
v 0.529972 -0.147265 0.097532
v 0.539574 -0.147259 0.071126
v 0.546417 -0.147200 0.000000
v 0.720420 -0.147266 0.072872
v 0.713526 -0.147268 0.000000
v 0.730027 -0.147266 0.096910
v 0.740001 -0.147266 0.101051
v 0.749995 -0.147274 0.092388
v 0.759967 -0.147355 0.078554
v 0.769898 -0.139516 0.000000
v 0.769991 -0.147689 0.072901
v 0.779367 -0.140151 0.000000
v 0.779888 -0.147804 0.059812
v 0.785964 -0.141278 0.000000
v 0.788988 -0.148411 0.000000
v 0.460423 -0.158594 0.073146
v 0.453565 -0.158594 0.000000
v 0.470027 -0.158594 0.099452
v 0.480001 -0.158594 0.112669
v 0.490000 -0.158594 0.120574
v 0.500000 -0.158594 0.120009
v 0.510000 -0.158594 0.113296
v 0.519999 -0.158594 0.103935
v 0.529967 -0.158585 0.088703
v 0.539521 -0.158471 0.059680
v 0.546242 -0.157879 0.000000
v 0.720371 -0.158597 0.073572
v 0.713140 -0.158643 0.000000
v 0.730025 -0.158594 0.098794
v 0.740001 -0.158594 0.107956
v 0.750000 -0.158594 0.106885
v 0.759999 -0.158598 0.102251
v 0.769999 -0.158622 0.097646
v 0.779967 -0.158631 0.086139
v 0.789519 -0.158715 0.057611
v 0.795281 -0.151832 0.000000
v 0.796224 -0.159243 0.000000
v 0.460423 -0.169922 0.073146
v 0.453565 -0.169922 0.000000
v 0.470027 -0.169922 0.099441
v 0.480001 -0.169922 0.112510
v 0.490000 -0.169922 0.119364
v 0.500000 -0.169922 0.115506
v 0.510000 -0.169922 0.106299
v 0.519992 -0.169916 0.092055
v 0.529876 -0.169811 0.064156
v 0.538987 -0.168856 0.000000
v 0.545282 -0.165356 0.000000
v 0.603132 -0.164282 0.000000
v 0.606873 -0.164282 0.000000
v 0.609187 -0.171143 0.000000
v 0.600883 -0.171140 0.000000
v 0.720079 -0.169959 0.077203
v 0.710817 -0.170457 0.000000
v 0.730004 -0.169923 0.100681
v 0.740000 -0.169922 0.111704
v 0.750000 -0.169922 0.114914
v 0.760000 -0.169922 0.111176
v 0.769999 -0.169923 0.103197
v 0.779969 -0.169919 0.088727
v 0.789528 -0.169843 0.058112
v 0.796225 -0.169278 0.000000
v 0.234676 -0.175219 0.000000
v 0.240720 -0.174176 0.000000
v 0.240458 -0.181769 0.055951
v 0.233753 -0.182066 0.000000
v 0.250064 -0.173981 0.000000
v 0.250030 -0.181731 0.071375
v 0.260003 -0.173962 0.000000
v 0.260001 -0.181729 0.074688
v 0.270000 -0.173961 0.000000
v 0.270000 -0.181729 0.075169
v 0.279997 -0.173962 0.000000
v 0.280000 -0.181729 0.074974
v 0.289942 -0.173981 0.000000
v 0.289994 -0.181732 0.072635
v 0.299369 -0.174179 0.000000
v 0.299888 -0.181792 0.059960
v 0.305964 -0.175266 0.000000
v 0.308988 -0.182396 0.000000
v 0.460423 -0.181250 0.073139
v 0.453565 -0.181250 0.000000
v 0.470027 -0.181250 0.099424
v 0.480001 -0.181250 0.112415
v 0.490000 -0.181250 0.118724
v 0.500000 -0.181250 0.113048
v 0.509996 -0.181249 0.100873
v 0.519921 -0.181213 0.077214
v 0.529183 -0.180714 0.000000
v 0.535941 -0.176709 0.000000
v 0.594705 -0.174499 0.000000
v 0.600466 -0.181384 0.052914
v 0.593719 -0.181968 0.000000
v 0.609903 -0.181408 0.056123
v 0.615936 -0.174548 0.000000
v 0.619058 -0.182322 0.000000
v 0.704054 -0.174463 0.000000
v 0.710121 -0.181361 0.064306
v 0.700942 -0.182318 0.000000
v 0.720007 -0.181256 0.092091
v 0.730000 -0.181250 0.106281
v 0.740000 -0.181250 0.115240
v 0.750000 -0.181250 0.118516
v 0.760000 -0.181250 0.112500
v 0.769996 -0.181249 0.100518
v 0.779917 -0.181213 0.076857
v 0.789116 -0.180717 0.000000
v 0.795301 -0.176763 0.000000
v 0.240422 -0.192612 0.070370
v 0.233545 -0.192653 0.000000
v 0.250027 -0.192609 0.093083
v 0.260001 -0.192609 0.100182
v 0.270000 -0.192609 0.102034
v 0.280000 -0.192609 0.101747
v 0.289999 -0.192609 0.098805
v 0.299967 -0.192615 0.087639
v 0.309521 -0.192705 0.059440
v 0.315282 -0.185821 0.000000
v 0.316241 -0.193290 0.000000
v 0.460423 -0.192578 0.072984
v 0.453566 -0.192575 0.000000
v 0.470027 -0.192578 0.099235
v 0.480001 -0.192578 0.112127
v 0.490000 -0.192578 0.118192
v 0.499999 -0.192578 0.112374
v 0.509975 -0.192578 0.099577
v 0.519629 -0.192575 0.073643
v 0.526862 -0.192529 0.000000
v 0.600373 -0.192589 0.069043
v 0.593158 -0.192693 0.000000
v 0.610016 -0.192589 0.082728
v 0.619903 -0.192715 0.063577
v 0.625991 -0.185843 0.000000
v 0.629527 -0.193504 0.000000
v 0.694009 -0.185843 0.000000
v 0.700098 -0.192715 0.064433
v 0.690473 -0.193504 0.000000
v 0.710008 -0.192587 0.090109
v 0.720000 -0.192578 0.104352
v 0.730000 -0.192578 0.113379
v 0.740000 -0.192578 0.119664
v 0.750000 -0.192578 0.119950
v 0.759999 -0.192578 0.112382
v 0.769975 -0.192578 0.099384
v 0.779629 -0.192575 0.073461
v 0.786856 -0.192526 0.000000
v 0.240371 -0.203911 0.073386
v 0.233141 -0.203959 0.000000
v 0.250025 -0.203907 0.098618
v 0.260001 -0.203907 0.109527
v 0.270000 -0.203907 0.113942
v 0.280000 -0.203907 0.112819
v 0.289999 -0.203907 0.107535
v 0.299972 -0.203907 0.095624
v 0.309572 -0.203908 0.069121
v 0.316398 -0.203906 0.000000
v 0.460425 -0.203901 0.071150
v 0.453584 -0.203841 0.000000
v 0.470028 -0.203906 0.097670
v 0.480001 -0.203906 0.110450
v 0.490000 -0.203906 0.116447
v 0.499999 -0.203906 0.111797
v 0.509973 -0.203906 0.099371
v 0.519584 -0.203906 0.073206
v 0.526515 -0.203905 0.000000
v 0.600079 -0.203943 0.076217
v 0.590814 -0.204443 0.000000
v 0.610004 -0.203908 0.094835
v 0.619995 -0.203915 0.091284
v 0.629967 -0.203996 0.078768
v 0.639956 -0.196135 0.000000
v 0.639997 -0.204326 0.075662
v 0.649998 -0.196573 0.000000
v 0.650000 -0.204381 0.075223
v 0.660000 -0.196612 0.000000
v 0.660000 -0.204385 0.075087
v 0.670002 -0.196573 0.000000
v 0.670000 -0.204381 0.074967
v 0.680044 -0.196135 0.000000
v 0.680003 -0.204326 0.075299
v 0.690033 -0.203996 0.078526
v 0.700005 -0.203915 0.092489
v 0.710000 -0.203907 0.104242
v 0.720000 -0.203906 0.112967
v 0.730000 -0.203906 0.119889
v 0.740000 -0.203906 0.122987
v 0.750000 -0.203906 0.119242
v 0.759999 -0.203906 0.110789
v 0.769973 -0.203906 0.097695
v 0.779578 -0.203900 0.071181
v 0.786455 -0.203838 0.000000
v 0.240079 -0.215271 0.077201
v 0.230817 -0.215770 0.000000
v 0.250004 -0.215236 0.100782
v 0.260000 -0.215234 0.112640
v 0.270000 -0.215234 0.118148
v 0.280000 -0.215234 0.114214
v 0.289999 -0.215234 0.105413
v 0.299969 -0.215230 0.090494
v 0.309531 -0.215148 0.059973
v 0.316242 -0.214528 0.000000
v 0.460469 -0.215148 0.060135
v 0.453757 -0.214525 0.000000
v 0.470031 -0.215230 0.090695
v 0.480001 -0.215234 0.105574
v 0.490000 -0.215234 0.113064
v 0.499999 -0.215234 0.110906
v 0.509975 -0.215234 0.099380
v 0.519632 -0.215237 0.073679
v 0.526905 -0.215269 0.000000
v 0.583992 -0.208427 0.000000
v 0.590090 -0.215335 0.064848
v 0.580515 -0.216171 0.000000
v 0.600006 -0.215239 0.091838
v 0.610000 -0.215235 0.103938
v 0.620000 -0.215235 0.106068
v 0.629999 -0.215239 0.103439
v 0.640000 -0.215262 0.102460
v 0.650000 -0.215265 0.101989
v 0.660000 -0.215265 0.101102
v 0.670000 -0.215265 0.099967
v 0.680000 -0.215262 0.099330
v 0.690001 -0.215239 0.100269
v 0.700000 -0.215235 0.105134
v 0.710000 -0.215234 0.111538
v 0.720000 -0.215234 0.117850
v 0.730000 -0.215234 0.122051
v 0.740000 -0.215234 0.120574
v 0.750000 -0.215234 0.114318
v 0.759999 -0.215234 0.105201
v 0.769969 -0.215229 0.090483
v 0.779531 -0.215146 0.060104
v 0.786245 -0.214525 0.000000
v 0.224059 -0.219776 0.000000
v 0.230124 -0.226673 0.064156
v 0.221013 -0.227629 0.000000
v 0.240007 -0.226568 0.092054
v 0.250000 -0.226563 0.106292
v 0.260000 -0.226562 0.115450
v 0.270000 -0.226562 0.119282
v 0.280000 -0.226562 0.112982
v 0.289996 -0.226561 0.100792
v 0.299918 -0.226526 0.077047
v 0.309116 -0.226030 0.000000
v 0.315302 -0.222071 0.000000
v 0.460882 -0.226030 0.000000
v 0.454698 -0.222071 0.000000
v 0.470082 -0.226526 0.077049
v 0.480004 -0.226561 0.100553
v 0.490000 -0.226562 0.110899
v 0.500000 -0.226563 0.110905
v 0.509997 -0.226563 0.100639
v 0.519953 -0.226588 0.077803
v 0.529656 -0.226950 0.000000
v 0.563968 -0.220490 0.000000
v 0.570669 -0.219007 0.000000
v 0.570079 -0.227035 0.061171
v 0.560470 -0.227557 0.000000
v 0.580037 -0.226655 0.076421
v 0.590005 -0.226570 0.092609
v 0.600000 -0.226563 0.104567
v 0.610000 -0.226562 0.112518
v 0.620000 -0.226562 0.116568
v 0.630000 -0.226563 0.116391
v 0.640000 -0.226563 0.114874
v 0.650000 -0.226564 0.112653
v 0.660000 -0.226564 0.108916
v 0.670000 -0.226563 0.104143
v 0.679999 -0.226562 0.100203
v 0.690001 -0.226561 0.100350
v 0.700000 -0.226561 0.104982
v 0.710000 -0.226562 0.110432
v 0.720000 -0.226562 0.114175
v 0.730000 -0.226562 0.115316
v 0.740000 -0.226562 0.112511
v 0.750000 -0.226561 0.106064
v 0.759995 -0.226557 0.095537
v 0.769915 -0.226495 0.074377
v 0.779102 -0.225976 0.000000
v 0.785301 -0.222067 0.000000
v 0.214715 -0.231128 0.000000
v 0.220475 -0.238014 0.059712
v 0.213719 -0.238608 0.000000
v 0.230033 -0.237899 0.088712
v 0.240001 -0.237891 0.103936
v 0.250000 -0.237891 0.113247
v 0.260000 -0.237891 0.119716
v 0.270000 -0.237891 0.120067
v 0.279999 -0.237891 0.112427
v 0.289975 -0.237891 0.099402
v 0.299629 -0.237887 0.073473
v 0.306856 -0.237838 0.000000
v 0.470368 -0.237887 0.073653
v 0.463102 -0.237843 0.000000
v 0.480025 -0.237891 0.099384
v 0.490001 -0.237891 0.110917
v 0.500000 -0.237891 0.113163
v 0.510000 -0.237891 0.106347
v 0.519997 -0.237893 0.094866
v 0.529977 -0.237943 0.079379
v 0.539972 -0.230026 0.000000
v 0.539998 -0.238304 0.075750
v 0.550042 -0.230077 0.000000
v 0.550003 -0.238307 0.075712
v 0.560033 -0.237984 0.078840
v 0.570004 -0.237923 0.092091
v 0.580001 -0.237895 0.100861
v 0.590000 -0.237891 0.107484
v 0.600000 -0.237891 0.113597
v 0.610000 -0.237891 0.119131
v 0.620000 -0.237891 0.122646
v 0.630000 -0.237891 0.122087
v 0.640000 -0.237891 0.117870
v 0.650000 -0.237891 0.111776
v 0.660000 -0.237890 0.103823
v 0.669995 -0.237885 0.092398
v 0.679970 -0.237851 0.078922
v 0.690030 -0.237847 0.078862
v 0.700004 -0.237858 0.091666
v 0.710000 -0.237863 0.099511
v 0.720001 -0.237886 0.101889
v 0.729999 -0.237886 0.102047
v 0.740000 -0.237863 0.099755
v 0.749995 -0.237855 0.091489
v 0.759941 -0.237795 0.075133
v 0.769591 -0.237428 0.056878
v 0.776668 -0.237032 0.000000
v 0.220374 -0.249229 0.071614
v 0.213162 -0.249334 0.000000
v 0.230025 -0.249219 0.097683
v 0.240001 -0.249219 0.110674
v 0.250000 -0.249219 0.119141
v 0.260000 -0.249219 0.123269
v 0.270000 -0.249219 0.119476
v 0.279999 -0.249219 0.110854
v 0.289973 -0.249219 0.097708
v 0.299579 -0.249213 0.071186
v 0.306455 -0.249151 0.000000
v 0.470365 -0.249221 0.073720
v 0.463058 -0.249251 0.000000
v 0.480025 -0.249219 0.099523
v 0.490001 -0.249219 0.111936
v 0.500000 -0.249219 0.117161
v 0.510000 -0.249219 0.113971
v 0.520000 -0.249219 0.108366
v 0.529999 -0.249222 0.103774
v 0.540000 -0.249247 0.102732
v 0.550000 -0.249247 0.102694
v 0.560001 -0.249223 0.103551
v 0.570000 -0.249220 0.107715
v 0.580000 -0.249219 0.112483
v 0.590000 -0.249219 0.115911
v 0.600000 -0.249219 0.118609
v 0.610000 -0.249219 0.119464
v 0.620000 -0.249219 0.118217
v 0.630000 -0.249219 0.115926
v 0.640000 -0.249218 0.111698
v 0.650000 -0.249217 0.103875
v 0.659992 -0.249209 0.090040
v 0.669903 -0.249106 0.064498
v 0.679560 -0.248644 0.000000
v 0.690437 -0.248571 0.000000
v 0.700075 -0.248716 0.060772
v 0.710008 -0.248796 0.072592
v 0.720028 -0.249121 0.074084
v 0.729972 -0.249121 0.074096
v 0.739992 -0.248796 0.072605
v 0.749922 -0.248691 0.060654
v 0.759482 -0.248202 0.000000
v 0.769242 -0.245444 0.000000
v 0.775379 -0.243984 0.000000
v 0.914589 -0.243219 0.000000
v 0.920089 -0.242364 0.000000
v 0.920349 -0.249801 0.042885
v 0.913746 -0.250036 0.000000
v 0.926065 -0.243266 0.000000
v 0.929090 -0.250369 0.000000
v 0.220083 -0.260584 0.076907
v 0.210884 -0.261082 0.000000
v 0.230004 -0.260548 0.100661
v 0.240000 -0.260547 0.113161
v 0.250000 -0.260547 0.121287
v 0.260000 -0.260547 0.122636
v 0.270000 -0.260547 0.115985
v 0.279999 -0.260547 0.105947
v 0.289971 -0.260542 0.090748
v 0.299553 -0.260462 0.060213
v 0.306249 -0.259838 0.000000
v 0.470046 -0.260573 0.077823
v 0.460342 -0.260936 0.000000
v 0.480003 -0.260548 0.100937
v 0.490000 -0.260547 0.113316
v 0.500000 -0.260547 0.120989
v 0.510000 -0.260547 0.122002
v 0.520000 -0.260547 0.119336
v 0.530000 -0.260547 0.117387
v 0.540000 -0.260548 0.116783
v 0.550000 -0.260548 0.116418
v 0.560000 -0.260547 0.115811
v 0.570000 -0.260547 0.116372
v 0.580000 -0.260547 0.117364
v 0.590000 -0.260547 0.116261
v 0.600000 -0.260547 0.114902
v 0.610000 -0.260546 0.112458
v 0.620000 -0.260546 0.107906
v 0.629999 -0.260543 0.103253
v 0.640000 -0.260519 0.099561
v 0.649991 -0.260509 0.089204
v 0.659870 -0.260395 0.063772
v 0.669057 -0.259478 0.000000
v 0.675994 -0.256003 0.000000
v 0.700628 -0.256339 0.000000
v 0.693963 -0.255277 0.000000
v 0.710097 -0.256962 0.000000
v 0.720377 -0.259484 0.000000
v 0.729623 -0.259484 0.000000
v 0.739903 -0.256962 0.000000
v 0.749372 -0.256335 0.000000
v 0.756031 -0.255227 0.000000
v 0.920420 -0.260582 0.061138
v 0.913602 -0.260554 0.000000
v 0.929930 -0.260687 0.059039
v 0.935993 -0.253817 0.000000
v 0.939526 -0.261473 0.000000
v 0.204695 -0.265039 0.000000
v 0.210466 -0.271961 0.060167
v 0.203718 -0.272587 0.000000
v 0.220031 -0.271880 0.090722
v 0.230001 -0.271875 0.105938
v 0.240000 -0.271875 0.116053
v 0.250000 -0.271875 0.123039
v 0.260000 -0.271875 0.121890
v 0.270000 -0.271875 0.113562
v 0.279999 -0.271874 0.101022
v 0.289962 -0.271841 0.077538
v 0.299428 -0.271380 0.000000
v 0.305345 -0.267386 0.000000
v 0.413965 -0.265869 0.000000
v 0.420626 -0.264802 0.000000
v 0.420076 -0.272406 0.060728
v 0.410470 -0.272876 0.000000
v 0.430058 -0.264604 0.000000
v 0.430005 -0.272357 0.072737
v 0.440004 -0.264540 0.000000
v 0.440000 -0.272350 0.075033
v 0.450031 -0.264055 0.000000
v 0.450002 -0.272292 0.075698
v 0.460023 -0.271928 0.079358
v 0.470003 -0.271878 0.094867
v 0.480000 -0.271875 0.106727
v 0.490000 -0.271875 0.116445
v 0.500000 -0.271875 0.124674
v 0.510000 -0.271875 0.128654
v 0.520000 -0.271875 0.127607
v 0.530000 -0.271875 0.126133
v 0.540000 -0.271875 0.124769
v 0.550000 -0.271875 0.122958
v 0.560000 -0.271875 0.119512
v 0.570000 -0.271875 0.116034
v 0.580000 -0.271875 0.112491
v 0.590000 -0.271874 0.107680
v 0.599999 -0.271871 0.103125
v 0.610000 -0.271847 0.099885
v 0.619996 -0.271840 0.091989
v 0.629967 -0.271781 0.078604
v 0.639991 -0.271452 0.073127
v 0.649891 -0.271336 0.060149
v 0.659055 -0.270726 0.000000
v 0.665926 -0.267254 0.000000
v 0.726931 -0.266212 0.000000
v 0.723069 -0.266212 0.000000
v 0.920469 -0.271790 0.058194
v 0.913758 -0.271169 0.000000
v 0.930026 -0.271879 0.079854
v 0.939968 -0.271965 0.076092
v 0.949899 -0.264125 0.000000
v 0.949992 -0.272298 0.072810
v 0.959371 -0.264758 0.000000
v 0.959922 -0.272403 0.060678
v 0.966031 -0.265867 0.000000
v 0.969486 -0.272892 0.000000
v 0.210373 -0.283212 0.071639
v 0.203162 -0.283318 0.000000
v 0.220025 -0.283203 0.097855
v 0.230001 -0.283203 0.111006
v 0.240000 -0.283203 0.120234
v 0.250000 -0.283203 0.126138
v 0.260000 -0.283203 0.122784
v 0.270000 -0.283203 0.113695
v 0.279999 -0.283204 0.101067
v 0.289965 -0.283237 0.077681
v 0.299496 -0.283697 0.000000
v 0.373965 -0.277197 0.000000
v 0.380626 -0.276128 0.000000
v 0.380076 -0.283734 0.060729
v 0.370470 -0.284204 0.000000
v 0.390060 -0.275890 0.000000
v 0.390005 -0.283681 0.072764
v 0.400046 -0.275437 0.000000
v 0.400003 -0.283623 0.075443
v 0.410033 -0.283297 0.078821
v 0.420004 -0.283238 0.091979
v 0.430000 -0.283234 0.099790
v 0.440000 -0.283234 0.102149
v 0.450000 -0.283231 0.102519
v 0.460001 -0.283206 0.103473
v 0.470000 -0.283203 0.108035
v 0.480000 -0.283203 0.114203
v 0.490000 -0.283203 0.121224
v 0.500000 -0.283203 0.127143
v 0.510000 -0.283203 0.129297
v 0.520000 -0.283203 0.127587
v 0.530000 -0.283203 0.125363
v 0.540000 -0.283203 0.121906
v 0.550000 -0.283203 0.117874
v 0.560000 -0.283203 0.112975
v 0.570000 -0.283202 0.107380
v 0.579999 -0.283199 0.100853
v 0.589996 -0.283171 0.092079
v 0.599967 -0.283110 0.078601
v 0.609992 -0.282780 0.073174
v 0.619924 -0.282676 0.060755
v 0.629527 -0.282201 0.000000
v 0.639898 -0.279621 0.000000
v 0.649367 -0.278990 0.000000
v 0.655969 -0.277862 0.000000
v 0.920885 -0.282668 0.000000
v 0.914698 -0.278711 0.000000
v 0.930082 -0.283166 0.075117
v 0.940003 -0.283206 0.093554
v 0.950000 -0.283231 0.097811
v 0.959996 -0.283238 0.091422
v 0.969962 -0.283300 0.076263
v 0.979326 -0.275653 0.000000
v 0.979888 -0.283687 0.060562
v 0.985966 -0.277153 0.000000
v 0.989059 -0.284346 0.000000
v 0.210083 -0.294568 0.076907
v 0.200885 -0.295067 0.000000
v 0.220004 -0.294533 0.100683
v 0.230000 -0.294531 0.113407
v 0.240000 -0.294531 0.123097
v 0.250000 -0.294531 0.129222
v 0.260000 -0.294531 0.125238
v 0.270000 -0.294531 0.116547
v 0.280000 -0.294531 0.106422
v 0.289996 -0.294535 0.092178
v 0.299935 -0.294605 0.065061
v 0.306056 -0.287670 0.000000
v 0.309564 -0.295102 0.000000
v 0.323963 -0.288476 0.000000
v 0.330626 -0.287455 0.000000
v 0.330075 -0.295038 0.060803
v 0.320437 -0.295179 0.000000
v 0.340058 -0.287260 0.000000
v 0.340005 -0.295012 0.072740
v 0.350005 -0.287199 0.000000
v 0.350000 -0.295006 0.075034
v 0.360044 -0.286764 0.000000
v 0.360003 -0.294951 0.075671
v 0.370033 -0.294625 0.078842
v 0.380004 -0.294567 0.091988
v 0.390000 -0.294562 0.099799
v 0.400000 -0.294559 0.102259
v 0.410001 -0.294536 0.103515
v 0.420000 -0.294532 0.107729
v 0.430000 -0.294532 0.112532
v 0.440000 -0.294532 0.115388
v 0.450000 -0.294532 0.115324
v 0.460000 -0.294531 0.114967
v 0.470000 -0.294531 0.116356
v 0.480000 -0.294531 0.119682
v 0.490000 -0.294531 0.123539
v 0.500000 -0.294531 0.125007
v 0.510000 -0.294531 0.122885
v 0.520000 -0.294531 0.119335
v 0.530000 -0.294531 0.116502
v 0.540000 -0.294530 0.112905
v 0.550000 -0.294530 0.107582
v 0.559999 -0.294527 0.100893
v 0.569996 -0.294499 0.091859
v 0.579963 -0.294435 0.076350
v 0.589921 -0.294059 0.061166
v 0.599527 -0.293534 0.000000
v 0.609899 -0.290950 0.000000
v 0.619372 -0.290320 0.000000
v 0.626035 -0.289212 0.000000
v 0.930373 -0.294522 0.071449
v 0.923162 -0.294416 0.000000
v 0.940025 -0.294531 0.096580
v 0.950001 -0.294532 0.105978
v 0.960000 -0.294532 0.105633
v 0.969999 -0.294536 0.100250
v 0.979992 -0.294566 0.089339
v 0.989902 -0.294672 0.064381
v 0.995991 -0.287802 0.000000
v 0.999525 -0.295458 0.000000
v 0.194698 -0.299023 0.000000
v 0.200469 -0.305946 0.060128
v 0.193757 -0.306569 0.000000
v 0.210031 -0.305864 0.090700
v 0.220001 -0.305859 0.105929
v 0.230000 -0.305859 0.116310
v 0.240000 -0.305859 0.125602
v 0.250000 -0.305859 0.132078
v 0.260000 -0.305859 0.129444
v 0.270000 -0.305859 0.122022
v 0.280000 -0.305859 0.113734
v 0.290000 -0.305860 0.104743
v 0.299996 -0.305864 0.092901
v 0.309970 -0.305899 0.079335
v 0.320030 -0.305903 0.079258
v 0.330004 -0.305892 0.092012
v 0.340000 -0.305890 0.099796
v 0.350000 -0.305890 0.102179
v 0.360000 -0.305887 0.102676
v 0.370001 -0.305864 0.103680
v 0.380000 -0.305861 0.107844
v 0.390000 -0.305860 0.112586
v 0.400000 -0.305860 0.115443
v 0.410000 -0.305859 0.115723
v 0.420000 -0.305859 0.116721
v 0.430000 -0.305859 0.119368
v 0.440000 -0.305859 0.121402
v 0.450000 -0.305859 0.119285
v 0.460000 -0.305859 0.116314
v 0.470000 -0.305859 0.114974
v 0.480000 -0.305858 0.115453
v 0.490000 -0.305858 0.116341
v 0.500000 -0.305858 0.115971
v 0.510000 -0.305858 0.112993
v 0.520000 -0.305858 0.108033
v 0.529999 -0.305855 0.103314
v 0.540000 -0.305831 0.099918
v 0.549996 -0.305824 0.091767
v 0.559963 -0.305763 0.076345
v 0.569919 -0.305386 0.061125
v 0.579486 -0.304847 0.000000
v 0.589331 -0.302083 0.000000
v 0.596031 -0.300603 0.000000
v 0.930466 -0.305771 0.060127
v 0.923718 -0.305147 0.000000
v 0.940031 -0.305855 0.090408
v 0.950001 -0.305859 0.104609
v 0.960000 -0.305859 0.110777
v 0.970000 -0.305859 0.110603
v 0.980000 -0.305861 0.104138
v 0.989995 -0.305868 0.092794
v 0.999967 -0.305949 0.078681
v 1.009899 -0.298109 0.000000
v 1.009992 -0.306282 0.073178
v 1.019372 -0.298743 0.000000
v 1.019922 -0.306387 0.060713
v 1.026031 -0.299851 0.000000
v 1.029486 -0.306876 0.000000
v 0.200425 -0.317193 0.070989
v 0.193584 -0.317250 0.000000
v 0.210028 -0.317188 0.097494
v 0.220001 -0.317187 0.110610
v 0.230000 -0.317187 0.119853
v 0.240000 -0.317187 0.128409
v 0.250000 -0.317187 0.135137
v 0.260000 -0.317187 0.134989
v 0.270000 -0.317187 0.128943
v 0.280000 -0.317187 0.121465
v 0.290000 -0.317187 0.114337
v 0.300000 -0.317188 0.108203
v 0.309999 -0.317189 0.103836
v 0.320001 -0.317189 0.103796
v 0.330000 -0.317189 0.107851
v 0.340000 -0.317189 0.112612
v 0.350000 -0.317189 0.115669
v 0.360000 -0.317188 0.116490
v 0.370000 -0.317188 0.116747
v 0.380000 -0.317187 0.117591
v 0.390000 -0.317187 0.119783
v 0.400000 -0.317187 0.121494
v 0.410000 -0.317187 0.119376
v 0.420000 -0.317187 0.116722
v 0.430000 -0.317187 0.115722
v 0.440000 -0.317187 0.115434
v 0.450000 -0.317186 0.112527
v 0.460000 -0.317186 0.107680
v 0.469999 -0.317183 0.103438
v 0.480000 -0.317160 0.102554
v 0.490000 -0.317157 0.102548
v 0.500000 -0.317156 0.102194
v 0.510000 -0.317156 0.099822
v 0.519996 -0.317152 0.091990
v 0.529967 -0.317094 0.078607
v 0.539992 -0.316764 0.073175
v 0.549922 -0.316659 0.060714
v 0.559486 -0.316171 0.000000
v 0.569331 -0.313411 0.000000
v 0.576028 -0.311930 0.000000
v 0.930898 -0.316605 0.000000
v 0.924696 -0.312692 0.000000
v 0.940085 -0.317144 0.075044
v 0.950004 -0.317186 0.098778
v 0.960000 -0.317187 0.110119
v 0.970000 -0.317187 0.114762
v 0.980000 -0.317187 0.112661
v 0.990000 -0.317188 0.107865
v 0.999999 -0.317192 0.103285
v 1.010000 -0.317216 0.099907
v 1.019996 -0.317223 0.091739
v 1.029961 -0.317284 0.076246
v 1.039326 -0.309638 0.000000
v 1.039885 -0.317671 0.060400
v 1.045961 -0.311138 0.000000
v 1.048988 -0.318329 0.000000
v 0.200426 -0.328509 0.070964
v 0.193585 -0.328453 0.000000
v 0.210028 -0.328515 0.097331
v 0.220001 -0.328516 0.110345
v 0.230000 -0.328516 0.119247
v 0.240000 -0.328516 0.127400
v 0.250000 -0.328516 0.134832
v 0.260000 -0.328516 0.138517
v 0.270000 -0.328516 0.134728
v 0.280000 -0.328516 0.128390
v 0.290000 -0.328516 0.122761
v 0.300000 -0.328516 0.118902
v 0.310000 -0.328516 0.117057
v 0.320000 -0.328516 0.116805
v 0.330000 -0.328516 0.117604
v 0.340000 -0.328516 0.119922
v 0.350000 -0.328516 0.122529
v 0.360000 -0.328516 0.123237
v 0.370000 -0.328516 0.122528
v 0.380000 -0.328516 0.119914
v 0.390000 -0.328516 0.117488
v 0.400000 -0.328516 0.115833
v 0.410000 -0.328515 0.112581
v 0.420000 -0.328514 0.107732
v 0.429999 -0.328511 0.103515
v 0.440000 -0.328488 0.102258
v 0.450000 -0.328485 0.099796
v 0.459996 -0.328480 0.091977
v 0.469967 -0.328422 0.078825
v 0.479997 -0.328095 0.075672
v 0.490000 -0.328040 0.075259
v 0.500000 -0.328037 0.075008
v 0.509995 -0.328034 0.072737
v 0.519924 -0.327984 0.060727
v 0.529527 -0.327514 0.000000
v 0.539899 -0.324934 0.000000
v 0.549372 -0.324304 0.000000
v 0.556031 -0.323196 0.000000
v 0.940427 -0.328389 0.060168
v 0.933335 -0.327752 0.000000
v 0.950030 -0.328507 0.088843
v 0.960001 -0.328515 0.103846
v 0.970000 -0.328516 0.112282
v 0.980000 -0.328516 0.116632
v 0.990000 -0.328516 0.117296
v 1.000000 -0.328516 0.116148
v 1.010000 -0.328517 0.112748
v 1.020000 -0.328517 0.107194
v 1.029998 -0.328520 0.099920
v 1.039967 -0.328550 0.087755
v 1.049521 -0.328642 0.059447
v 1.055282 -0.321759 0.000000
v 1.056241 -0.329228 0.000000
v 0.200479 -0.339721 0.059673
v 0.193758 -0.339129 0.000000
v 0.210033 -0.339835 0.088690
v 0.220001 -0.339844 0.103911
v 0.230000 -0.339844 0.113379
v 0.240000 -0.339844 0.121644
v 0.250000 -0.339844 0.129493
v 0.260000 -0.339844 0.135177
v 0.270000 -0.339844 0.134591
v 0.280000 -0.339844 0.130344
v 0.290000 -0.339844 0.126455
v 0.300000 -0.339844 0.124309
v 0.310000 -0.339844 0.123495
v 0.320000 -0.339844 0.122549
v 0.330000 -0.339844 0.119922
v 0.340000 -0.339844 0.117601
v 0.350000 -0.339844 0.116748
v 0.360000 -0.339843 0.116490
v 0.370000 -0.339843 0.115669
v 0.380000 -0.339843 0.112610
v 0.390000 -0.339843 0.107809
v 0.399999 -0.339839 0.103256
v 0.410000 -0.339816 0.099905
v 0.419996 -0.339808 0.091986
v 0.429967 -0.339750 0.078821
v 0.439997 -0.339423 0.075443
v 0.449995 -0.339366 0.072764
v 0.459924 -0.339313 0.060729
v 0.469530 -0.338842 0.000000
v 0.479957 -0.336283 0.000000
v 0.489998 -0.335849 0.000000
v 0.499997 -0.335806 0.000000
v 0.509942 -0.335784 0.000000
v 0.519374 -0.335588 0.000000
v 0.526035 -0.334522 0.000000
v 0.941009 -0.338777 0.000000
v 0.934659 -0.335274 0.000000
v 0.950125 -0.339731 0.064136
v 0.960008 -0.339838 0.091891
v 0.970000 -0.339844 0.106043
v 0.980000 -0.339844 0.115235
v 0.990000 -0.339844 0.121521
v 1.000000 -0.339844 0.124028
v 1.010000 -0.339844 0.120862
v 1.020000 -0.339844 0.115229
v 1.029999 -0.339844 0.107987
v 1.039972 -0.339845 0.095667
v 1.049572 -0.339845 0.069123
v 1.056398 -0.339844 0.000000
v 0.201013 -0.350106 0.000000
v 0.194718 -0.346606 0.000000
v 0.210125 -0.351059 0.064122
v 0.220007 -0.351165 0.091822
v 0.230000 -0.351172 0.105641
v 0.240000 -0.351172 0.114682
v 0.250000 -0.351172 0.122003
v 0.260000 -0.351172 0.126914
v 0.270000 -0.351172 0.126979
v 0.280000 -0.351172 0.123220
v 0.290000 -0.351172 0.119292
v 0.300000 -0.351172 0.117141
v 0.310000 -0.351171 0.116533
v 0.320000 -0.351171 0.115672
v 0.330000 -0.351171 0.112612
v 0.340000 -0.351171 0.107845
v 0.349999 -0.351168 0.103680
v 0.360000 -0.351144 0.102676
v 0.370000 -0.351141 0.102179
v 0.380000 -0.351141 0.099795
v 0.389996 -0.351137 0.091975
v 0.399967 -0.351078 0.078604
v 0.409992 -0.350749 0.073175
v 0.419924 -0.350644 0.060756
v 0.429530 -0.350171 0.000000
v 0.439954 -0.347610 0.000000
v 0.449940 -0.347157 0.000000
v 0.459374 -0.346919 0.000000
v 0.466035 -0.345850 0.000000
v 0.783961 -0.345167 0.000000
v 0.790568 -0.344120 0.000000
v 0.790070 -0.351705 0.057591
v 0.780470 -0.352172 0.000000
v 0.799427 -0.344122 0.000000
v 0.799893 -0.351716 0.057072
v 0.805969 -0.345190 0.000000
v 0.808988 -0.352317 0.000000
v 0.950831 -0.350587 0.000000
v 0.944060 -0.346627 0.000000
v 0.960082 -0.351130 0.075226
v 0.970004 -0.351170 0.099129
v 0.980000 -0.351172 0.111480
v 0.990000 -0.351172 0.119890
v 1.000000 -0.351172 0.124740
v 1.010000 -0.351172 0.122217
v 1.020000 -0.351172 0.114967
v 1.029999 -0.351172 0.105360
v 1.039969 -0.351167 0.090344
v 1.049531 -0.351084 0.059945
v 1.056242 -0.350466 0.000000
v 0.210831 -0.361910 0.000000
v 0.204060 -0.357955 0.000000
v 0.220081 -0.362433 0.074524
v 0.230005 -0.362494 0.095576
v 0.240000 -0.362499 0.106091
v 0.250000 -0.362499 0.112673
v 0.260000 -0.362499 0.116115
v 0.270000 -0.362499 0.116142
v 0.280000 -0.362499 0.113026
v 0.290000 -0.362499 0.108058
v 0.299999 -0.362496 0.103720
v 0.310000 -0.362472 0.102679
v 0.320000 -0.362469 0.102180
v 0.330000 -0.362469 0.099795
v 0.339996 -0.362465 0.091988
v 0.349967 -0.362407 0.078842
v 0.359997 -0.362080 0.075671
v 0.370000 -0.362025 0.075034
v 0.379995 -0.362018 0.072737
v 0.389924 -0.361969 0.060727
v 0.399527 -0.361498 0.000000
v 0.409899 -0.358918 0.000000
v 0.419372 -0.358289 0.000000
v 0.426035 -0.357181 0.000000
v 0.704031 -0.356516 0.000000
v 0.710631 -0.355429 0.000000
v 0.710109 -0.363042 0.060119
v 0.700945 -0.363649 0.000000
v 0.720058 -0.355231 0.000000
v 0.720006 -0.362982 0.072676
v 0.730003 -0.355212 0.000000
v 0.730000 -0.362979 0.074950
v 0.740000 -0.355210 0.000000
v 0.740000 -0.362979 0.075000
v 0.750000 -0.355208 0.000000
v 0.750000 -0.362979 0.074344
v 0.760002 -0.355166 0.000000
v 0.760000 -0.362975 0.072392
v 0.770043 -0.354733 0.000000
v 0.770002 -0.362917 0.070075
v 0.780033 -0.362566 0.072337
v 0.790003 -0.362505 0.083108
v 0.799967 -0.362506 0.080910
v 0.809519 -0.362593 0.056743
v 0.815281 -0.355738 0.000000
v 0.816224 -0.363143 0.000000
v 0.960418 -0.362409 0.060600
v 0.953330 -0.361742 0.000000
v 0.970029 -0.362494 0.090637
v 0.980001 -0.362500 0.105271
v 0.990000 -0.362500 0.114273
v 1.000000 -0.362500 0.119884
v 1.010000 -0.362500 0.118776
v 1.020000 -0.362500 0.111313
v 1.029996 -0.362498 0.099061
v 1.039915 -0.362458 0.075066
v 1.049102 -0.361918 0.000000
v 1.055301 -0.358005 0.000000
v 0.220409 -0.373365 0.056887
v 0.213329 -0.372970 0.000000
v 0.230059 -0.373732 0.075135
v 0.240005 -0.373793 0.091490
v 0.250000 -0.373797 0.099770
v 0.260000 -0.373797 0.102175
v 0.270000 -0.373797 0.102177
v 0.280000 -0.373797 0.099822
v 0.289996 -0.373793 0.092002
v 0.299967 -0.373735 0.078844
v 0.309997 -0.373408 0.075671
v 0.320000 -0.373353 0.075034
v 0.329995 -0.373346 0.072737
v 0.339924 -0.373297 0.060728
v 0.349530 -0.372827 0.000000
v 0.359956 -0.370267 0.000000
v 0.369995 -0.369833 0.000000
v 0.379942 -0.369771 0.000000
v 0.389374 -0.369573 0.000000
v 0.396035 -0.368506 0.000000
v 0.694074 -0.367121 0.000000
v 0.700130 -0.373980 0.063758
v 0.690944 -0.374900 0.000000
v 0.710009 -0.373866 0.089154
v 0.720000 -0.373859 0.099263
v 0.730000 -0.373859 0.101504
v 0.740000 -0.373859 0.100625
v 0.750000 -0.373859 0.097014
v 0.759997 -0.373856 0.087751
v 0.769977 -0.373803 0.073071
v 0.779999 -0.373416 0.070045
v 0.789999 -0.373354 0.071543
v 0.799970 -0.373348 0.069300
v 0.809539 -0.373317 0.053916
v 0.816227 -0.373078 0.000000
v 0.960894 -0.373241 0.000000
v 0.954641 -0.369329 0.000000
v 0.970084 -0.373761 0.074386
v 0.980005 -0.373822 0.095544
v 0.990000 -0.373828 0.106080
v 1.000000 -0.373828 0.112404
v 1.010000 -0.373828 0.113128
v 1.019999 -0.373828 0.105471
v 1.029971 -0.373823 0.090687
v 1.039582 -0.373737 0.060595
v 1.046666 -0.373070 0.000000
v 0.220758 -0.381382 0.000000
v 0.214621 -0.379922 0.000000
v 0.230518 -0.384139 0.000000
v 0.240078 -0.384624 0.060662
v 0.250005 -0.384674 0.072734
v 0.260000 -0.384677 0.074995
v 0.270000 -0.384677 0.074995
v 0.279995 -0.384674 0.072737
v 0.289924 -0.384625 0.060729
v 0.299530 -0.384155 0.000000
v 0.309956 -0.381595 0.000000
v 0.319995 -0.381161 0.000000
v 0.329942 -0.381099 0.000000
v 0.339374 -0.380901 0.000000
v 0.346035 -0.379834 0.000000
v 0.484976 -0.377945 0.000000
v 0.490782 -0.377449 0.000000
v 0.490821 -0.382092 0.000000
v 0.484979 -0.381116 0.000000
v 0.500111 -0.377747 0.000000
v 0.500522 -0.384636 0.000000
v 0.510009 -0.377823 0.000000
v 0.510081 -0.385163 0.040271
v 0.520002 -0.377860 0.000000
v 0.520037 -0.385539 0.053435
v 0.530000 -0.377865 0.000000
v 0.530004 -0.385603 0.065133
v 0.540000 -0.377867 0.000000
v 0.540001 -0.385631 0.069150
v 0.550000 -0.377867 0.000000
v 0.550000 -0.385635 0.072174
v 0.560000 -0.377867 0.000000
v 0.560000 -0.385635 0.074145
v 0.569997 -0.377868 0.000000
v 0.570000 -0.385635 0.074604
v 0.579942 -0.377888 0.000000
v 0.579995 -0.385638 0.072657
v 0.589374 -0.378084 0.000000
v 0.589924 -0.385687 0.060722
v 0.596035 -0.379150 0.000000
v 0.599530 -0.386157 0.000000
v 0.684009 -0.378421 0.000000
v 0.690098 -0.385293 0.064395
v 0.680473 -0.386082 0.000000
v 0.700009 -0.385167 0.089843
v 0.710000 -0.385158 0.103344
v 0.720000 -0.385157 0.110153
v 0.730000 -0.385157 0.111612
v 0.740000 -0.385157 0.108062
v 0.749997 -0.385156 0.098770
v 0.759953 -0.385130 0.076801
v 0.769656 -0.384765 0.000000
v 0.779970 -0.381649 0.000000
v 0.789995 -0.381163 0.000000
v 0.799936 -0.381099 0.000000
v 0.809280 -0.380903 0.000000
v 0.815323 -0.379864 0.000000
v 0.970409 -0.384693 0.056882
v 0.963332 -0.384298 0.000000
v 0.980060 -0.385064 0.075208
v 0.990006 -0.385148 0.092264
v 1.000000 -0.385155 0.103607
v 1.010000 -0.385155 0.107250
v 1.019996 -0.385154 0.098423
v 1.029915 -0.385113 0.075029
v 1.039106 -0.384574 0.000000
v 1.045359 -0.380657 0.000000
v 0.240626 -0.392229 0.000000
v 0.233969 -0.391161 0.000000
v 0.250058 -0.392425 0.000000
v 0.260003 -0.392445 0.000000
v 0.269997 -0.392445 0.000000
v 0.279942 -0.392425 0.000000
v 0.289374 -0.392229 0.000000
v 0.296035 -0.391162 0.000000
v 0.510669 -0.392751 0.000000
v 0.503972 -0.391289 0.000000
v 0.520514 -0.395504 0.000000
v 0.530080 -0.396043 0.056820
v 0.540037 -0.396423 0.070588
v 0.550004 -0.396508 0.085613
v 0.560000 -0.396515 0.095340
v 0.570000 -0.396515 0.099016
v 0.580000 -0.396516 0.098970
v 0.589996 -0.396520 0.091882
v 0.599967 -0.396578 0.078836
v 0.609957 -0.388717 0.000000
v 0.609997 -0.396905 0.075684
v 0.619998 -0.389151 0.000000
v 0.620000 -0.396960 0.075273
v 0.630000 -0.389193 0.000000
v 0.630000 -0.396963 0.075246
v 0.640000 -0.389195 0.000000
v 0.640000 -0.396963 0.075246
v 0.650000 -0.389193 0.000000
v 0.650000 -0.396963 0.075246
v 0.660002 -0.389151 0.000000
v 0.660000 -0.396960 0.075263
v 0.670044 -0.388713 0.000000
v 0.670003 -0.396905 0.075639
v 0.680033 -0.396574 0.078715
v 0.690005 -0.396493 0.092128
v 0.700000 -0.396485 0.102356
v 0.710000 -0.396484 0.108504
v 0.720000 -0.396483 0.111678
v 0.730000 -0.396483 0.110491
v 0.739999 -0.396483 0.104898
v 0.749974 -0.396480 0.094157
v 0.759630 -0.396451 0.070946
v 0.766885 -0.396378 0.000000
v 0.970758 -0.392713 0.000000
v 0.964621 -0.391250 0.000000
v 0.980520 -0.395543 0.000000
v 0.990100 -0.396343 0.064289
v 1.000008 -0.396447 0.088912
v 1.009999 -0.396453 0.096542
v 1.019970 -0.396447 0.087697
v 1.029573 -0.396354 0.060072
v 1.036665 -0.395721 0.000000
v 0.530669 -0.404041 0.000000
v 0.523972 -0.402557 0.000000
v 0.540513 -0.406877 0.000000
v 0.550068 -0.407715 0.064176
v 0.560004 -0.407809 0.090840
v 0.570000 -0.407813 0.103128
v 0.580000 -0.407814 0.108498
v 0.590000 -0.407814 0.107141
v 0.599999 -0.407817 0.103618
v 0.610000 -0.407840 0.102710
v 0.620000 -0.407843 0.102609
v 0.630000 -0.407844 0.102611
v 0.640000 -0.407844 0.102620
v 0.650000 -0.407844 0.102606
v 0.660000 -0.407843 0.102465
v 0.670000 -0.407840 0.102138
v 0.680001 -0.407817 0.101932
v 0.690000 -0.407813 0.103523
v 0.700000 -0.407812 0.103515
v 0.709999 -0.407808 0.101875
v 0.720000 -0.407785 0.101650
v 0.730000 -0.407781 0.099528
v 0.739995 -0.407777 0.091371
v 0.749938 -0.407717 0.074983
v 0.759543 -0.407353 0.056422
v 0.766286 -0.407001 0.000000
v 0.990941 -0.406665 0.000000
v 0.984012 -0.403213 0.000000
v 1.000109 -0.407270 0.059897
v 1.010000 -0.407327 0.070178
v 1.019888 -0.407270 0.059759
v 1.028992 -0.406666 0.000000
v 1.035341 -0.403237 0.000000
v 0.550501 -0.418644 0.000000
v 0.543949 -0.414623 0.000000
v 0.560035 -0.419106 0.077569
v 0.570001 -0.419139 0.100528
v 0.580000 -0.419141 0.111429
v 0.590000 -0.419141 0.115861
v 0.600000 -0.419141 0.116562
v 0.610000 -0.419142 0.116598
v 0.620000 -0.419142 0.116642
v 0.630000 -0.419142 0.116756
v 0.640000 -0.419142 0.116892
v 0.650000 -0.419142 0.116787
v 0.660000 -0.419142 0.115683
v 0.670000 -0.419142 0.113213
v 0.680000 -0.419141 0.108895
v 0.690000 -0.419140 0.102534
v 0.699996 -0.419134 0.092153
v 0.709967 -0.419051 0.078703
v 0.719997 -0.418720 0.075396
v 0.729995 -0.418663 0.072747
v 0.739922 -0.418609 0.060656
v 0.749482 -0.418124 0.000000
v 0.759237 -0.415366 0.000000
v 0.765324 -0.413910 0.000000
v 1.000628 -0.414882 0.000000
v 0.994030 -0.413796 0.000000
v 1.010000 -0.415060 0.000000
v 1.019372 -0.414882 0.000000
v 1.025965 -0.413796 0.000000
v 0.560035 -0.430503 0.077661
v 0.550501 -0.430966 0.000000
v 0.570001 -0.430470 0.100912
v 0.580000 -0.430469 0.112781
v 0.590000 -0.430469 0.119708
v 0.600000 -0.430469 0.122679
v 0.610000 -0.430469 0.123485
v 0.620000 -0.430469 0.124000
v 0.630000 -0.430469 0.124904
v 0.640000 -0.430469 0.125977
v 0.650000 -0.430469 0.125890
v 0.660000 -0.430469 0.121938
v 0.670000 -0.430469 0.114848
v 0.680000 -0.430469 0.105732
v 0.689994 -0.430464 0.091898
v 0.699913 -0.430369 0.064856
v 0.709528 -0.429547 0.000000
v 0.719954 -0.426911 0.000000
v 0.729940 -0.426453 0.000000
v 0.739374 -0.426215 0.000000
v 0.746031 -0.425146 0.000000
v 0.543946 -0.434985 0.000000
v 0.550066 -0.441895 0.064898
v 0.540471 -0.442719 0.000000
v 0.560004 -0.441802 0.091840
v 0.570000 -0.441797 0.105416
v 0.580000 -0.441797 0.113003
v 0.590000 -0.441797 0.116207
v 0.600000 -0.441797 0.116655
v 0.610000 -0.441797 0.117042
v 0.620000 -0.441797 0.118828
v 0.630000 -0.441797 0.122298
v 0.640000 -0.441797 0.126519
v 0.650000 -0.441797 0.128371
v 0.660000 -0.441797 0.122994
v 0.670000 -0.441797 0.113533
v 0.679996 -0.441795 0.100878
v 0.689924 -0.441760 0.077236
v 0.699216 -0.441264 0.000000
v 0.706013 -0.437278 0.000000
v 0.513965 -0.447116 0.000000
v 0.520628 -0.446008 0.000000
v 0.520076 -0.453652 0.060670
v 0.510473 -0.454127 0.000000
v 0.530101 -0.445375 0.000000
v 0.530008 -0.453548 0.072905
v 0.540033 -0.453215 0.078210
v 0.550004 -0.453132 0.091782
v 0.560000 -0.453125 0.101912
v 0.570000 -0.453124 0.108070
v 0.580000 -0.453124 0.109978
v 0.590000 -0.453124 0.107389
v 0.599999 -0.453123 0.103755
v 0.610001 -0.453124 0.103834
v 0.620000 -0.453125 0.108194
v 0.630000 -0.453125 0.114247
v 0.640000 -0.453125 0.120820
v 0.650000 -0.453125 0.125187
v 0.660000 -0.453125 0.122005
v 0.669999 -0.453125 0.112991
v 0.679978 -0.453125 0.099770
v 0.689681 -0.453125 0.074132
v 0.697281 -0.453125 0.000000
v 0.483965 -0.458444 0.000000
v 0.490628 -0.457336 0.000000
v 0.490076 -0.464980 0.060671
v 0.480470 -0.465454 0.000000
v 0.500101 -0.456707 0.000000
v 0.500008 -0.464876 0.072902
v 0.510033 -0.464547 0.078133
v 0.520004 -0.464488 0.090938
v 0.530000 -0.464481 0.097391
v 0.540001 -0.464456 0.099277
v 0.550000 -0.464452 0.100867
v 0.559999 -0.464449 0.100149
v 0.570000 -0.464425 0.100706
v 0.580000 -0.464422 0.099360
v 0.589996 -0.464421 0.091953
v 0.599970 -0.464410 0.079254
v 0.610030 -0.464413 0.079333
v 0.620005 -0.464448 0.092872
v 0.630000 -0.464453 0.104555
v 0.640000 -0.464453 0.113220
v 0.650000 -0.464453 0.119508
v 0.660000 -0.464453 0.120124
v 0.670000 -0.464453 0.113140
v 0.679996 -0.464455 0.100844
v 0.689920 -0.464490 0.077098
v 0.699145 -0.464984 0.000000
v 0.433965 -0.469775 0.000000
v 0.440626 -0.468709 0.000000
v 0.440076 -0.476312 0.060668
v 0.430473 -0.476783 0.000000
v 0.450058 -0.468510 0.000000
v 0.450005 -0.476263 0.072527
v 0.460005 -0.468449 0.000000
v 0.460000 -0.476256 0.074664
v 0.470044 -0.468014 0.000000
v 0.470003 -0.476202 0.075264
v 0.480033 -0.475875 0.078349
v 0.490004 -0.475816 0.090949
v 0.500000 -0.475809 0.097391
v 0.510001 -0.475785 0.099270
v 0.520000 -0.475781 0.100754
v 0.529999 -0.475778 0.099270
v 0.540000 -0.475753 0.097391
v 0.549996 -0.475746 0.090955
v 0.559967 -0.475688 0.078400
v 0.569997 -0.475361 0.075274
v 0.579995 -0.475304 0.072730
v 0.589925 -0.475275 0.060800
v 0.599563 -0.475133 0.000000
v 0.610440 -0.475206 0.000000
v 0.620097 -0.475669 0.064529
v 0.630009 -0.475772 0.090106
v 0.640000 -0.475781 0.104170
v 0.650000 -0.475781 0.112768
v 0.660000 -0.475781 0.117206
v 0.670000 -0.475781 0.114484
v 0.679999 -0.475781 0.105745
v 0.689969 -0.475786 0.090716
v 0.699536 -0.475867 0.060171
v 0.705307 -0.468945 0.000000
v 0.706282 -0.476493 0.000000
v 0.403965 -0.481100 0.000000
v 0.410628 -0.479993 0.000000
v 0.410076 -0.487637 0.060729
v 0.400473 -0.488111 0.000000
v 0.420101 -0.479363 0.000000
v 0.420008 -0.487532 0.073091
v 0.430033 -0.487203 0.078279
v 0.440004 -0.487145 0.091245
v 0.450000 -0.487141 0.097871
v 0.460000 -0.487140 0.098964
v 0.470000 -0.487136 0.099088
v 0.480001 -0.487113 0.099477
v 0.490000 -0.487109 0.100769
v 0.499999 -0.487106 0.099271
v 0.510000 -0.487081 0.097391
v 0.519996 -0.487074 0.090938
v 0.529967 -0.487016 0.078133
v 0.539992 -0.486686 0.072902
v 0.549924 -0.486582 0.060672
v 0.559530 -0.486108 0.000000
v 0.569954 -0.483548 0.000000
v 0.579940 -0.483094 0.000000
v 0.589374 -0.482860 0.000000
v 0.596037 -0.481836 0.000000
v 0.620944 -0.486040 0.000000
v 0.614006 -0.482565 0.000000
v 0.630131 -0.486962 0.063852
v 0.640009 -0.487100 0.090075
v 0.650000 -0.487109 0.104267
v 0.660000 -0.487109 0.112468
v 0.670000 -0.487109 0.115486
v 0.679999 -0.487109 0.110205
v 0.689975 -0.487110 0.097786
v 0.699627 -0.487118 0.071636
v 0.706838 -0.487224 0.000000
v 0.373969 -0.492429 0.000000
v 0.380629 -0.491321 0.000000
v 0.380078 -0.498966 0.060691
v 0.370514 -0.499454 0.000000
v 0.390101 -0.490691 0.000000
v 0.390008 -0.498861 0.073118
v 0.400033 -0.498531 0.078435
v 0.410004 -0.498473 0.091586
v 0.420000 -0.498466 0.098930
v 0.430001 -0.498442 0.100564
v 0.440000 -0.498439 0.102867
v 0.450000 -0.498437 0.102731
v 0.459999 -0.498434 0.099896
v 0.470000 -0.498411 0.098930
v 0.480000 -0.498407 0.097345
v 0.489996 -0.498402 0.090935
v 0.499967 -0.498344 0.078133
v 0.509992 -0.498014 0.072902
v 0.519924 -0.497910 0.060670
v 0.529527 -0.497436 0.000000
v 0.539899 -0.494856 0.000000
v 0.549372 -0.494226 0.000000
v 0.556035 -0.493119 0.000000
v 0.630946 -0.497369 0.000000
v 0.624074 -0.493823 0.000000
v 0.640121 -0.498327 0.064303
v 0.650007 -0.498432 0.092060
v 0.660000 -0.498437 0.105944
v 0.670000 -0.498437 0.113038
v 0.680000 -0.498438 0.111231
v 0.689996 -0.498439 0.100435
v 0.699918 -0.498475 0.076900
v 0.709120 -0.498973 0.000000
v 0.353969 -0.503694 0.000000
v 0.360669 -0.502214 0.000000
v 0.360079 -0.510238 0.061135
v 0.350471 -0.510762 0.000000
v 0.370037 -0.509862 0.076254
v 0.380004 -0.509801 0.091407
v 0.390000 -0.509794 0.099184
v 0.400001 -0.509770 0.101660
v 0.410000 -0.509767 0.104685
v 0.420000 -0.509767 0.106607
v 0.430000 -0.509765 0.103740
v 0.439999 -0.509761 0.098890
v 0.449996 -0.509733 0.091348
v 0.459967 -0.509672 0.078397
v 0.469997 -0.509345 0.075062
v 0.479995 -0.509288 0.072497
v 0.489924 -0.509234 0.060643
v 0.499527 -0.508764 0.000000
v 0.509899 -0.506184 0.000000
v 0.519372 -0.505554 0.000000
v 0.526035 -0.504447 0.000000
v 0.640818 -0.509228 0.000000
v 0.634055 -0.505224 0.000000
v 0.650079 -0.509728 0.077040
v 0.660004 -0.509764 0.100467
v 0.670000 -0.509766 0.111231
v 0.680000 -0.509766 0.112986
v 0.689999 -0.509766 0.105604
v 0.699972 -0.509770 0.090838
v 0.709583 -0.509855 0.060623
v 0.715360 -0.502933 0.000000
v 0.716666 -0.510523 0.000000
v 0.313965 -0.515088 0.000000
v 0.320626 -0.514019 0.000000
v 0.320076 -0.521625 0.060696
v 0.310473 -0.522096 0.000000
v 0.330060 -0.513781 0.000000
v 0.330005 -0.521572 0.072681
v 0.340046 -0.513327 0.000000
v 0.340003 -0.521514 0.075156
v 0.350033 -0.521187 0.078440
v 0.360004 -0.521126 0.091604
v 0.370001 -0.521098 0.099848
v 0.380000 -0.521095 0.104605
v 0.390000 -0.521095 0.107693
v 0.400000 -0.521093 0.107693
v 0.410000 -0.521093 0.104605
v 0.419999 -0.521089 0.099839
v 0.429996 -0.521061 0.091399
v 0.439963 -0.520998 0.076131
v 0.449921 -0.520621 0.061108
v 0.459530 -0.520097 0.000000
v 0.469954 -0.517532 0.000000
v 0.479940 -0.517078 0.000000
v 0.489374 -0.516840 0.000000
v 0.496035 -0.515772 0.000000
v 0.650373 -0.521085 0.071648
v 0.643158 -0.520979 0.000000
v 0.660025 -0.521093 0.097786
v 0.670001 -0.521094 0.110170
v 0.680000 -0.521094 0.115138
v 0.690000 -0.521094 0.110707
v 0.699996 -0.521095 0.099030
v 0.709915 -0.521136 0.075077
v 0.719103 -0.521676 0.000000
v 0.283965 -0.526413 0.000000
v 0.290628 -0.525305 0.000000
v 0.290076 -0.532949 0.060697
v 0.280470 -0.533423 0.000000
v 0.300101 -0.524675 0.000000
v 0.300008 -0.532845 0.072964
v 0.310033 -0.532515 0.078226
v 0.320004 -0.532457 0.091486
v 0.330000 -0.532453 0.098824
v 0.340000 -0.532450 0.099799
v 0.350001 -0.532426 0.100209
v 0.360000 -0.532422 0.103832
v 0.370000 -0.532421 0.106610
v 0.380000 -0.532421 0.104685
v 0.389999 -0.532418 0.101660
v 0.400000 -0.532394 0.099184
v 0.409996 -0.532387 0.091407
v 0.419963 -0.532326 0.076253
v 0.429920 -0.531949 0.061094
v 0.439486 -0.531410 0.000000
v 0.449331 -0.528646 0.000000
v 0.456032 -0.527166 0.000000
v 0.650443 -0.532337 0.060259
v 0.643714 -0.531710 0.000000
v 0.660029 -0.532417 0.090734
v 0.670001 -0.532422 0.105625
v 0.680000 -0.532422 0.113534
v 0.690000 -0.532422 0.113498
v 0.699999 -0.532422 0.105464
v 0.709969 -0.532427 0.090548
v 0.719534 -0.532510 0.060138
v 0.725304 -0.525589 0.000000
v 0.726282 -0.533134 0.000000
v 0.194703 -0.537610 0.000000
v 0.200724 -0.536633 0.000000
v 0.200496 -0.543809 0.040858
v 0.193946 -0.543756 0.000000
v 0.210065 -0.536475 0.000000
v 0.210065 -0.544136 0.053477
v 0.220003 -0.536460 0.000000
v 0.220005 -0.544194 0.065082
v 0.230000 -0.536459 0.000000
v 0.230000 -0.544201 0.068590
v 0.240000 -0.536460 0.000000
v 0.240001 -0.544225 0.069607
v 0.250000 -0.536458 0.000000
v 0.250000 -0.544229 0.072204
v 0.260002 -0.536416 0.000000
v 0.260000 -0.544225 0.074172
v 0.270043 -0.535983 0.000000
v 0.270003 -0.544170 0.075187
v 0.280033 -0.543844 0.078397
v 0.290004 -0.543785 0.091247
v 0.300000 -0.543778 0.097977
v 0.310001 -0.543754 0.099979
v 0.320000 -0.543750 0.103801
v 0.330000 -0.543750 0.106443
v 0.340000 -0.543750 0.103817
v 0.349999 -0.543746 0.100208
v 0.360000 -0.543722 0.099800
v 0.370000 -0.543719 0.098839
v 0.379996 -0.543715 0.091581
v 0.389967 -0.543656 0.078435
v 0.399992 -0.543327 0.073118
v 0.409922 -0.543222 0.060691
v 0.419486 -0.542733 0.000000
v 0.429331 -0.539974 0.000000
v 0.436028 -0.538493 0.000000
v 0.543662 -0.537960 0.000000
v 0.546442 -0.538045 0.000000
v 0.547375 -0.544552 0.000000
v 0.543389 -0.543925 0.000000
v 0.650539 -0.543244 0.000000
v 0.644650 -0.539260 0.000000
v 0.660036 -0.543715 0.077530
v 0.670001 -0.543749 0.100811
v 0.680000 -0.543750 0.112219
v 0.690000 -0.543750 0.116277
v 0.699999 -0.543750 0.110441
v 0.709975 -0.543750 0.097809
v 0.719627 -0.543759 0.071637
v 0.726838 -0.543865 0.000000
v 0.804704 -0.537620 0.000000
v 0.810722 -0.536666 0.000000
v 0.810514 -0.544145 0.043158
v 0.803949 -0.543851 0.000000
v 0.820006 -0.536502 0.000000
v 0.820031 -0.544225 0.061885
v 0.829377 -0.536679 0.000000
v 0.829924 -0.544282 0.058469
v 0.836032 -0.537745 0.000000
v 0.839486 -0.544767 0.000000
v 0.200766 -0.551351 0.000000
v 0.194707 -0.549956 0.000000
v 0.210518 -0.554093 0.000000
v 0.220078 -0.554581 0.056417
v 0.230008 -0.554686 0.067465
v 0.240033 -0.555019 0.072393
v 0.250005 -0.555101 0.085744
v 0.260000 -0.555108 0.095110
v 0.270000 -0.555105 0.098480
v 0.280001 -0.555081 0.099850
v 0.290000 -0.555078 0.102715
v 0.300000 -0.555078 0.102731
v 0.309999 -0.555074 0.100060
v 0.320000 -0.555050 0.099789
v 0.330000 -0.555047 0.098824
v 0.339996 -0.555043 0.091496
v 0.349967 -0.554985 0.078434
v 0.359997 -0.554658 0.075156
v 0.369995 -0.554600 0.072682
v 0.379924 -0.554547 0.060701
v 0.389527 -0.554076 0.000000
v 0.399899 -0.551497 0.000000
v 0.409371 -0.550867 0.000000
v 0.416031 -0.549758 0.000000
v 0.550223 -0.555032 0.000000
v 0.544568 -0.550756 0.000000
v 0.660003 -0.555100 0.077520
v 0.650035 -0.555430 0.000000
v 0.670000 -0.555079 0.099877
v 0.680000 -0.555078 0.111001
v 0.690000 -0.555078 0.116366
v 0.700000 -0.555078 0.112066
v 0.709996 -0.555080 0.100543
v 0.719918 -0.555115 0.076908
v 0.729120 -0.555614 0.000000
v 0.811015 -0.554047 0.000000
v 0.804745 -0.550620 0.000000
v 0.820125 -0.554997 0.059220
v 0.830003 -0.555108 0.079577
v 0.839963 -0.555174 0.073759
v 0.849331 -0.547527 0.000000
v 0.849920 -0.555551 0.060721
v 0.856028 -0.549007 0.000000
v 0.859486 -0.556090 0.000000
v 0.220629 -0.562196 0.000000
v 0.213969 -0.561088 0.000000
v 0.230101 -0.562830 0.000000
v 0.240475 -0.565481 0.000000
v 0.250098 -0.566267 0.063606
v 0.260008 -0.566370 0.088004
v 0.270000 -0.566376 0.096992
v 0.280000 -0.566375 0.098731
v 0.290000 -0.566375 0.097855
v 0.299996 -0.566371 0.091241
v 0.309967 -0.566313 0.078406
v 0.319997 -0.565986 0.075155
v 0.329995 -0.565928 0.072681
v 0.339924 -0.565875 0.060697
v 0.349530 -0.565405 0.000000
v 0.359954 -0.562844 0.000000
v 0.369940 -0.562391 0.000000
v 0.379374 -0.562153 0.000000
v 0.386035 -0.561084 0.000000
v 0.559961 -0.558564 0.000000
v 0.560029 -0.566860 0.057667
v 0.550484 -0.566959 0.000000
v 0.569375 -0.559285 0.000000
v 0.569925 -0.566934 0.058271
v 0.576035 -0.560394 0.000000
v 0.579531 -0.567374 0.000000
v 0.603965 -0.560398 0.000000
v 0.610626 -0.559334 0.000000
v 0.610076 -0.566936 0.060676
v 0.600469 -0.567374 0.000000
v 0.620058 -0.559135 0.000000
v 0.620005 -0.566888 0.072413
v 0.630003 -0.559071 0.000000
v 0.630000 -0.566881 0.073966
v 0.640002 -0.558584 0.000000
v 0.640000 -0.566823 0.072666
v 0.650000 -0.566453 0.073715
v 0.660000 -0.566384 0.087952
v 0.670001 -0.566402 0.098141
v 0.680000 -0.566406 0.106039
v 0.690000 -0.566406 0.111872
v 0.700000 -0.566406 0.112057
v 0.709999 -0.566406 0.105296
v 0.719972 -0.566411 0.090802
v 0.729583 -0.566496 0.060621
v 0.735360 -0.559574 0.000000
v 0.736666 -0.567164 0.000000
v 0.820831 -0.565822 0.000000
v 0.814061 -0.561864 0.000000
v 0.830081 -0.566365 0.073110
v 0.840002 -0.566409 0.090426
v 0.849996 -0.566438 0.089474
v 0.859962 -0.566503 0.075959
v 0.869326 -0.558856 0.000000
v 0.869888 -0.566890 0.060536
v 0.875966 -0.560356 0.000000
v 0.879059 -0.567549 0.000000
v 0.250941 -0.576587 0.000000
v 0.244009 -0.573136 0.000000
v 0.260109 -0.577192 0.060025
v 0.270006 -0.577252 0.072411
v 0.280000 -0.577255 0.074418
v 0.289995 -0.577253 0.072515
v 0.299924 -0.577203 0.060668
v 0.309530 -0.576733 0.000000
v 0.319954 -0.574172 0.000000
v 0.329940 -0.573719 0.000000
v 0.339374 -0.573481 0.000000
v 0.346035 -0.572412 0.000000
v 0.544010 -0.570948 0.000000
v 0.550098 -0.577847 0.063505
v 0.540944 -0.578803 0.000000
v 0.560005 -0.577768 0.087101
v 0.569996 -0.577770 0.089558
v 0.579967 -0.577824 0.078571
v 0.590000 -0.569490 0.000000
v 0.590000 -0.578096 0.076060
v 0.600033 -0.577824 0.078755
v 0.610004 -0.577770 0.091369
v 0.620000 -0.577766 0.097191
v 0.630000 -0.577765 0.095121
v 0.639995 -0.577755 0.085824
v 0.649967 -0.577651 0.073235
v 0.660000 -0.577373 0.073238
v 0.670033 -0.577648 0.078043
v 0.680004 -0.577727 0.092578
v 0.690000 -0.577734 0.104116
v 0.700000 -0.577734 0.110088
v 0.710000 -0.577734 0.109122
v 0.719996 -0.577736 0.098802
v 0.729915 -0.577776 0.075060
v 0.739102 -0.578316 0.000000
v 0.830416 -0.577645 0.060402
v 0.823330 -0.576976 0.000000
v 0.840028 -0.577730 0.089272
v 0.850001 -0.577735 0.099649
v 0.859999 -0.577739 0.098910
v 0.869992 -0.577769 0.089173
v 0.879900 -0.577875 0.064305
v 0.885988 -0.571006 0.000000
v 0.889480 -0.578676 0.000000
v 0.260631 -0.584805 0.000000
v 0.254030 -0.583718 0.000000
v 0.270058 -0.585003 0.000000
v 0.280000 -0.585022 0.000000
v 0.289942 -0.585003 0.000000
v 0.299374 -0.584807 0.000000
v 0.306035 -0.583740 0.000000
v 0.534074 -0.582349 0.000000
v 0.540130 -0.589210 0.063835
v 0.530944 -0.590134 0.000000
v 0.550009 -0.589072 0.089836
v 0.560000 -0.589064 0.102454
v 0.570000 -0.589064 0.105456
v 0.579999 -0.589067 0.103008
v 0.590000 -0.589087 0.102180
v 0.600001 -0.589067 0.102582
v 0.610000 -0.589064 0.104444
v 0.620000 -0.589063 0.101957
v 0.629994 -0.589058 0.090653
v 0.639912 -0.588965 0.064133
v 0.649530 -0.588174 0.000000
v 0.660000 -0.585986 0.000000
v 0.670470 -0.588174 0.000000
v 0.680089 -0.588962 0.064865
v 0.690006 -0.589057 0.091876
v 0.700000 -0.589062 0.105135
v 0.710000 -0.589062 0.110179
v 0.719999 -0.589063 0.104840
v 0.729969 -0.589067 0.090490
v 0.739534 -0.589151 0.060136
v 0.745304 -0.582230 0.000000
v 0.746282 -0.589774 0.000000
v 0.830851 -0.588531 0.000000
v 0.824638 -0.584567 0.000000
v 0.840079 -0.589026 0.076908
v 0.850004 -0.589061 0.099466
v 0.860000 -0.589063 0.107111
v 0.870000 -0.589064 0.103519
v 0.879994 -0.589071 0.092253
v 0.889941 -0.589154 0.075207
v 0.899242 -0.581505 0.000000
v 0.899591 -0.589525 0.056882
v 0.905379 -0.582969 0.000000
v 0.906668 -0.589921 0.000000
v 0.124672 -0.594361 0.000000
v 0.130662 -0.593337 0.000000
v 0.130453 -0.600912 0.053507
v 0.123756 -0.601204 0.000000
v 0.139437 -0.593339 0.000000
v 0.139952 -0.600925 0.057233
v 0.146036 -0.594387 0.000000
v 0.149487 -0.601408 0.000000
v 0.524009 -0.593655 0.000000
v 0.530098 -0.600527 0.064446
v 0.520475 -0.601317 0.000000
v 0.540009 -0.600401 0.090028
v 0.550000 -0.600391 0.103725
v 0.560000 -0.600391 0.111229
v 0.570000 -0.600391 0.114164
v 0.580000 -0.600391 0.113353
v 0.590000 -0.600392 0.112013
v 0.600000 -0.600391 0.110654
v 0.610000 -0.600390 0.107841
v 0.619996 -0.600388 0.099225
v 0.629921 -0.600352 0.076822
v 0.639186 -0.599854 0.000000
v 0.646011 -0.595874 0.000000
v 0.680827 -0.599807 0.000000
v 0.673990 -0.595870 0.000000
v 0.690081 -0.600348 0.075208
v 0.700004 -0.600389 0.098803
v 0.710000 -0.600391 0.108877
v 0.719999 -0.600391 0.108520
v 0.729975 -0.600391 0.097563
v 0.739627 -0.600400 0.071629
v 0.746842 -0.600506 0.000000
v 0.840319 -0.600391 0.074095
v 0.832722 -0.600391 0.000000
v 0.850022 -0.600391 0.099391
v 0.860001 -0.600391 0.110284
v 0.870000 -0.600391 0.111646
v 0.880000 -0.600391 0.105977
v 0.889995 -0.600396 0.095532
v 0.899915 -0.600458 0.074377
v 0.909102 -0.600977 0.000000
v 0.130427 -0.611747 0.066848
v 0.123602 -0.611725 0.000000
v 0.140023 -0.611754 0.083384
v 0.149964 -0.611815 0.074892
v 0.159331 -0.604167 0.000000
v 0.159919 -0.612192 0.060945
v 0.166028 -0.605648 0.000000
v 0.169482 -0.612731 0.000000
v 0.494031 -0.605732 0.000000
v 0.500633 -0.604604 0.000000
v 0.500109 -0.612257 0.060149
v 0.490945 -0.612868 0.000000
v 0.510102 -0.603969 0.000000
v 0.510009 -0.612142 0.073126
v 0.520033 -0.611809 0.078648
v 0.530005 -0.611727 0.092706
v 0.540000 -0.611719 0.103825
v 0.550000 -0.611719 0.110502
v 0.560000 -0.611719 0.113714
v 0.570000 -0.611719 0.113628
v 0.580000 -0.611718 0.111145
v 0.590000 -0.611718 0.106890
v 0.599999 -0.611714 0.102657
v 0.609999 -0.611691 0.100094
v 0.619975 -0.611688 0.093175
v 0.629627 -0.611681 0.070828
v 0.636842 -0.611597 0.000000
v 0.690418 -0.611628 0.060598
v 0.683330 -0.610961 0.000000
v 0.700028 -0.611714 0.090588
v 0.710001 -0.611719 0.104544
v 0.720000 -0.611719 0.108547
v 0.729996 -0.611720 0.100036
v 0.739921 -0.611756 0.077003
v 0.749182 -0.612257 0.000000
v 0.840079 -0.611756 0.077104
v 0.830851 -0.612250 0.000000
v 0.850004 -0.611720 0.100800
v 0.860000 -0.611719 0.112682
v 0.870000 -0.611719 0.117834
v 0.880000 -0.611719 0.113884
v 0.889999 -0.611719 0.105163
v 0.899969 -0.611724 0.090481
v 0.909531 -0.611807 0.060103
v 0.915301 -0.604886 0.000000
v 0.916243 -0.612428 0.000000
v 0.130469 -0.622962 0.059519
v 0.123758 -0.622341 0.000000
v 0.140031 -0.623043 0.087601
v 0.150000 -0.623051 0.095299
v 0.159995 -0.623079 0.090641
v 0.169941 -0.623142 0.075048
v 0.179242 -0.615493 0.000000
v 0.179591 -0.623510 0.056874
v 0.185379 -0.616953 0.000000
v 0.186668 -0.623905 0.000000
v 0.484074 -0.616340 0.000000
v 0.490130 -0.623199 0.063773
v 0.480944 -0.624119 0.000000
v 0.500009 -0.623085 0.089204
v 0.510000 -0.623075 0.099479
v 0.520001 -0.623051 0.102819
v 0.530000 -0.623047 0.106962
v 0.540000 -0.623047 0.110229
v 0.550000 -0.623047 0.110272
v 0.560000 -0.623047 0.107104
v 0.569999 -0.623043 0.102946
v 0.580000 -0.623019 0.099730
v 0.589996 -0.623012 0.091903
v 0.599967 -0.622953 0.078741
v 0.609996 -0.622627 0.075114
v 0.619970 -0.622569 0.071409
v 0.629546 -0.622528 0.055982
v 0.636284 -0.622228 0.000000
v 0.690894 -0.622465 0.000000
v 0.684641 -0.618548 0.000000
v 0.700085 -0.623005 0.075047
v 0.710004 -0.623045 0.098547
v 0.720000 -0.623047 0.107524
v 0.730000 -0.623047 0.104595
v 0.739993 -0.623052 0.091857
v 0.749876 -0.623158 0.064152
v 0.755941 -0.616260 0.000000
v 0.758991 -0.624113 0.000000
v 0.824638 -0.616214 0.000000
v 0.830416 -0.623136 0.060629
v 0.823334 -0.623805 0.000000
v 0.840028 -0.623052 0.090873
v 0.850001 -0.623047 0.106013
v 0.860000 -0.623047 0.115964
v 0.870000 -0.623047 0.122072
v 0.880000 -0.623047 0.119053
v 0.889999 -0.623047 0.110751
v 0.899972 -0.623047 0.097684
v 0.909575 -0.623053 0.071151
v 0.916418 -0.623113 0.000000
v 0.130884 -0.633842 0.000000
v 0.124698 -0.629883 0.000000
v 0.140083 -0.634338 0.076555
v 0.150004 -0.634374 0.098027
v 0.160000 -0.634376 0.102622
v 0.169995 -0.634381 0.095077
v 0.179916 -0.634442 0.074351
v 0.189106 -0.634962 0.000000
v 0.474009 -0.627640 0.000000
v 0.480098 -0.634512 0.064454
v 0.470473 -0.635301 0.000000
v 0.490009 -0.634386 0.090080
v 0.500000 -0.634376 0.103869
v 0.510000 -0.634376 0.110947
v 0.520000 -0.634375 0.112845
v 0.530000 -0.634375 0.112635
v 0.540000 -0.634375 0.109968
v 0.550000 -0.634374 0.103742
v 0.559995 -0.634367 0.092710
v 0.569967 -0.634285 0.078657
v 0.579992 -0.633952 0.073167
v 0.589924 -0.633848 0.060752
v 0.599530 -0.633374 0.000000
v 0.609954 -0.630813 0.000000
v 0.619934 -0.630360 0.000000
v 0.629280 -0.630123 0.000000
v 0.635327 -0.629078 0.000000
v 0.700418 -0.634284 0.060587
v 0.693334 -0.633617 0.000000
v 0.710029 -0.634370 0.090554
v 0.720001 -0.634375 0.104329
v 0.730000 -0.634375 0.108348
v 0.739999 -0.634375 0.103137
v 0.749970 -0.634384 0.088774
v 0.759573 -0.634501 0.060165
v 0.765341 -0.627616 0.000000
v 0.766665 -0.635138 0.000000
v 0.830085 -0.634417 0.075080
v 0.820898 -0.634957 0.000000
v 0.840004 -0.634377 0.099111
v 0.850000 -0.634375 0.111631
v 0.860000 -0.634375 0.120584
v 0.870000 -0.634375 0.125944
v 0.880000 -0.634375 0.121820
v 0.889999 -0.634375 0.112600
v 0.899973 -0.634375 0.099276
v 0.909581 -0.634375 0.073017
v 0.916473 -0.634381 0.000000
v 0.140371 -0.645700 0.073552
v 0.133143 -0.645654 0.000000
v 0.150025 -0.645703 0.098761
v 0.160001 -0.645703 0.107641
v 0.169999 -0.645703 0.104103
v 0.179972 -0.645709 0.090520
v 0.189582 -0.645794 0.060585
v 0.195359 -0.638874 0.000000
v 0.196666 -0.646461 0.000000
v 0.423968 -0.639698 0.000000
v 0.430626 -0.638631 0.000000
v 0.430078 -0.646235 0.060686
v 0.420514 -0.646720 0.000000
v 0.440058 -0.638432 0.000000
v 0.440005 -0.646185 0.072737
v 0.450005 -0.638371 0.000000
v 0.450000 -0.646178 0.075035
v 0.460044 -0.637932 0.000000
v 0.460003 -0.646123 0.075676
v 0.470033 -0.645793 0.078923
v 0.480005 -0.645711 0.092840
v 0.490000 -0.645703 0.104391
v 0.500000 -0.645703 0.112003
v 0.510000 -0.645703 0.114954
v 0.520000 -0.645703 0.111957
v 0.530000 -0.645703 0.106892
v 0.539999 -0.645699 0.100291
v 0.549992 -0.645669 0.089311
v 0.559902 -0.645563 0.064376
v 0.569525 -0.644777 0.000000
v 0.579899 -0.642125 0.000000
v 0.589372 -0.641492 0.000000
v 0.596035 -0.640384 0.000000
v 0.700894 -0.645121 0.000000
v 0.694641 -0.641204 0.000000
v 0.710085 -0.645660 0.075032
v 0.720004 -0.645701 0.098522
v 0.730000 -0.645703 0.108344
v 0.740000 -0.645703 0.108344
v 0.749996 -0.645705 0.098521
v 0.759915 -0.645746 0.075024
v 0.769102 -0.646285 0.000000
v 0.814699 -0.638870 0.000000
v 0.820469 -0.645791 0.060108
v 0.813755 -0.646413 0.000000
v 0.830031 -0.645708 0.090559
v 0.840001 -0.645703 0.105765
v 0.850000 -0.645703 0.116040
v 0.860000 -0.645703 0.124614
v 0.870000 -0.645703 0.128891
v 0.880000 -0.645703 0.123057
v 0.889999 -0.645703 0.113054
v 0.899975 -0.645703 0.099616
v 0.909629 -0.645706 0.073629
v 0.916857 -0.645752 0.000000
v 0.140419 -0.657031 0.073147
v 0.133526 -0.657029 0.000000
v 0.150027 -0.657031 0.099083
v 0.160001 -0.657031 0.109792
v 0.170000 -0.657031 0.109329
v 0.179996 -0.657033 0.098847
v 0.189915 -0.657073 0.075072
v 0.199106 -0.657614 0.000000
v 0.403969 -0.650959 0.000000
v 0.410669 -0.649480 0.000000
v 0.410079 -0.657504 0.061162
v 0.400473 -0.658029 0.000000
v 0.420037 -0.657127 0.076338
v 0.430004 -0.657067 0.091751
v 0.440000 -0.657062 0.099803
v 0.450000 -0.657062 0.102216
v 0.460000 -0.657059 0.102725
v 0.470001 -0.657035 0.103766
v 0.480000 -0.657031 0.108125
v 0.490000 -0.657031 0.113198
v 0.500000 -0.657031 0.115644
v 0.510000 -0.657031 0.112221
v 0.520000 -0.657031 0.104410
v 0.529996 -0.657024 0.092563
v 0.539962 -0.656939 0.076358
v 0.549888 -0.656548 0.060564
v 0.559059 -0.655888 0.000000
v 0.565991 -0.652433 0.000000
v 0.710427 -0.656905 0.060165
v 0.703335 -0.656268 0.000000
v 0.720031 -0.657022 0.088774
v 0.730001 -0.657031 0.103137
v 0.740000 -0.657031 0.108347
v 0.749999 -0.657031 0.104309
v 0.759969 -0.657036 0.090421
v 0.769534 -0.657119 0.060133
v 0.775304 -0.650199 0.000000
v 0.776285 -0.657743 0.000000
v 0.820422 -0.657037 0.071184
v 0.813542 -0.657099 0.000000
v 0.830027 -0.657031 0.097705
v 0.840001 -0.657031 0.110940
v 0.850000 -0.657031 0.120449
v 0.860000 -0.657031 0.128267
v 0.870000 -0.657031 0.130725
v 0.880000 -0.657031 0.123849
v 0.890000 -0.657031 0.113740
v 0.899996 -0.657033 0.100885
v 0.909917 -0.657068 0.077069
v 0.919116 -0.657564 0.000000
v 0.140423 -0.668359 0.072971
v 0.133564 -0.668356 0.000000
v 0.150027 -0.668359 0.099029
v 0.160001 -0.668359 0.110574
v 0.170000 -0.668359 0.112688
v 0.179999 -0.668360 0.105416
v 0.189972 -0.668364 0.090684
v 0.199582 -0.668451 0.060595
v 0.205359 -0.661530 0.000000
v 0.206666 -0.669117 0.000000
v 0.374031 -0.662372 0.000000
v 0.380633 -0.661245 0.000000
v 0.380109 -0.668898 0.060147
v 0.370941 -0.669507 0.000000
v 0.390102 -0.660613 0.000000
v 0.390009 -0.668783 0.073100
v 0.400033 -0.668453 0.078558
v 0.410004 -0.668392 0.092011
v 0.420001 -0.668364 0.100783
v 0.430000 -0.668361 0.107452
v 0.440000 -0.668360 0.112867
v 0.450000 -0.668360 0.116201
v 0.460000 -0.668360 0.117187
v 0.470000 -0.668359 0.117681
v 0.480000 -0.668359 0.118889
v 0.490000 -0.668359 0.119135
v 0.500000 -0.668359 0.114880
v 0.510000 -0.668359 0.106179
v 0.519996 -0.668354 0.092147
v 0.529932 -0.668260 0.064942
v 0.539487 -0.667422 0.000000
v 0.549326 -0.664585 0.000000
v 0.555966 -0.663081 0.000000
v 0.711009 -0.667293 0.000000
v 0.704659 -0.663790 0.000000
v 0.720124 -0.668249 0.064152
v 0.730008 -0.668354 0.091856
v 0.740000 -0.668359 0.104575
v 0.749999 -0.668359 0.107317
v 0.759975 -0.668360 0.097398
v 0.769629 -0.668367 0.071667
v 0.776885 -0.668460 0.000000
v 0.820368 -0.668362 0.073533
v 0.813097 -0.668397 0.000000
v 0.830025 -0.668359 0.099433
v 0.840001 -0.668359 0.112799
v 0.850000 -0.668359 0.122944
v 0.860000 -0.668359 0.131085
v 0.870000 -0.668359 0.132891
v 0.880000 -0.668359 0.125905
v 0.890000 -0.668359 0.116425
v 0.899999 -0.668360 0.105969
v 0.909969 -0.668364 0.090720
v 0.919531 -0.668445 0.060136
v 0.925302 -0.661523 0.000000
v 0.926243 -0.669069 0.000000
v 0.140425 -0.679682 0.071148
v 0.133583 -0.679622 0.000000
v 0.150027 -0.679687 0.097631
v 0.160001 -0.679688 0.110097
v 0.170000 -0.679688 0.115114
v 0.180000 -0.679688 0.110696
v 0.189996 -0.679689 0.099024
v 0.199915 -0.679730 0.075076
v 0.209102 -0.680270 0.000000
v 0.364009 -0.672958 0.000000
v 0.370098 -0.679828 0.064345
v 0.360473 -0.680613 0.000000
v 0.380008 -0.679725 0.089159
v 0.390000 -0.679716 0.099172
v 0.400001 -0.679692 0.102555
v 0.410000 -0.679689 0.107014
v 0.420000 -0.679688 0.112025
v 0.430000 -0.679688 0.116990
v 0.440000 -0.679688 0.122073
v 0.450000 -0.679688 0.126632
v 0.460000 -0.679688 0.128546
v 0.470000 -0.679688 0.128806
v 0.480000 -0.679688 0.127218
v 0.490000 -0.679688 0.122225
v 0.500000 -0.679688 0.113513
v 0.509999 -0.679686 0.101047
v 0.519965 -0.679653 0.077680
v 0.529496 -0.679191 0.000000
v 0.536051 -0.675170 0.000000
v 0.720818 -0.679149 0.000000
v 0.714059 -0.675146 0.000000
v 0.730079 -0.679650 0.076996
v 0.740004 -0.679686 0.099924
v 0.750000 -0.679688 0.107595
v 0.759997 -0.679688 0.099970
v 0.769953 -0.679713 0.077603
v 0.779656 -0.680078 0.000000
v 0.820046 -0.679713 0.077818
v 0.810344 -0.680075 0.000000
v 0.830003 -0.679688 0.100961
v 0.840000 -0.679688 0.113750
v 0.850000 -0.679688 0.124078
v 0.860000 -0.679688 0.132817
v 0.870000 -0.679688 0.135792
v 0.880000 -0.679688 0.129466
v 0.890000 -0.679688 0.120545
v 0.899999 -0.679688 0.110931
v 0.909972 -0.679688 0.097690
v 0.919575 -0.679693 0.071144
v 0.926417 -0.679753 0.000000
v 0.140469 -0.690930 0.060135
v 0.133757 -0.690306 0.000000
v 0.150031 -0.691011 0.090697
v 0.160001 -0.691016 0.105616
v 0.170000 -0.691016 0.113546
v 0.180000 -0.691016 0.113524
v 0.189999 -0.691016 0.105469
v 0.199969 -0.691020 0.090548
v 0.209534 -0.691104 0.060139
v 0.215304 -0.684183 0.000000
v 0.216282 -0.691728 0.000000
v 0.313968 -0.685011 0.000000
v 0.320626 -0.683943 0.000000
v 0.320078 -0.691547 0.060680
v 0.310514 -0.692033 0.000000
v 0.330058 -0.683745 0.000000
v 0.330005 -0.691497 0.072715
v 0.340005 -0.683683 0.000000
v 0.340000 -0.691491 0.074975
v 0.350044 -0.683245 0.000000
v 0.350003 -0.691436 0.075513
v 0.360033 -0.691105 0.078603
v 0.370005 -0.691024 0.092328
v 0.380000 -0.691017 0.103207
v 0.390000 -0.691017 0.108646
v 0.400000 -0.691016 0.110812
v 0.410000 -0.691016 0.112448
v 0.420000 -0.691016 0.115483
v 0.430000 -0.691016 0.120137
v 0.440000 -0.691016 0.126036
v 0.450000 -0.691016 0.132234
v 0.460000 -0.691016 0.136338
v 0.470000 -0.691016 0.137136
v 0.480000 -0.691016 0.132400
v 0.490000 -0.691016 0.123963
v 0.500000 -0.691016 0.113810
v 0.509999 -0.691017 0.101043
v 0.519962 -0.691050 0.077547
v 0.529432 -0.691511 0.000000
v 0.730373 -0.691007 0.071617
v 0.723159 -0.690901 0.000000
v 0.740025 -0.691015 0.097397
v 0.750001 -0.691016 0.107338
v 0.760000 -0.691016 0.104891
v 0.769997 -0.691018 0.094656
v 0.779977 -0.691068 0.079357
v 0.789971 -0.683149 0.000000
v 0.789998 -0.691429 0.075750
v 0.800029 -0.683149 0.000000
v 0.800002 -0.691429 0.075752
v 0.810023 -0.691068 0.079380
v 0.820003 -0.691018 0.094894
v 0.830000 -0.691016 0.106771
v 0.840000 -0.691016 0.116674
v 0.850000 -0.691016 0.126243
v 0.860000 -0.691016 0.134726
v 0.870000 -0.691016 0.137786
v 0.880000 -0.691016 0.131502
v 0.890000 -0.691016 0.122339
v 0.899999 -0.691016 0.112388
v 0.909973 -0.691016 0.099067
v 0.919577 -0.691016 0.072823
v 0.926433 -0.691016 0.000000
v 0.140884 -0.701811 0.000000
v 0.134698 -0.697852 0.000000
v 0.150083 -0.702307 0.077062
v 0.160004 -0.702342 0.100751
v 0.170000 -0.702344 0.112396
v 0.180000 -0.702344 0.116573
v 0.189999 -0.702344 0.110521
v 0.199975 -0.702344 0.097818
v 0.209627 -0.702353 0.071646
v 0.216842 -0.702459 0.000000
v 0.294034 -0.696294 0.000000
v 0.300674 -0.694794 0.000000
v 0.300112 -0.702827 0.060549
v 0.290941 -0.703487 0.000000
v 0.310038 -0.702440 0.076257
v 0.320004 -0.702379 0.091640
v 0.330000 -0.702375 0.099465
v 0.340000 -0.702375 0.101434
v 0.350000 -0.702372 0.101126
v 0.360001 -0.702348 0.100979
v 0.370000 -0.702344 0.104070
v 0.380000 -0.702343 0.107150
v 0.390000 -0.702343 0.105741
v 0.399999 -0.702342 0.102868
v 0.410001 -0.702342 0.103220
v 0.420000 -0.702344 0.107756
v 0.430000 -0.702344 0.113998
v 0.440000 -0.702344 0.121160
v 0.450000 -0.702344 0.128675
v 0.460000 -0.702344 0.135465
v 0.470000 -0.702344 0.139363
v 0.480000 -0.702344 0.135079
v 0.490000 -0.702344 0.126235
v 0.500000 -0.702344 0.116511
v 0.509999 -0.702344 0.106059
v 0.519974 -0.702348 0.090904
v 0.529605 -0.702432 0.060710
v 0.535404 -0.695508 0.000000
v 0.536673 -0.703102 0.000000
v 0.730466 -0.702256 0.060131
v 0.723718 -0.701632 0.000000
v 0.740031 -0.702339 0.090426
v 0.750001 -0.702344 0.104394
v 0.760000 -0.702344 0.109089
v 0.770000 -0.702344 0.107194
v 0.779999 -0.702347 0.103552
v 0.790000 -0.702371 0.102721
v 0.800000 -0.702371 0.102758
v 0.810001 -0.702347 0.103801
v 0.820000 -0.702344 0.108452
v 0.830000 -0.702344 0.114762
v 0.840000 -0.702344 0.122327
v 0.850000 -0.702344 0.130282
v 0.860000 -0.702344 0.135925
v 0.870000 -0.702344 0.134950
v 0.880000 -0.702344 0.128180
v 0.890000 -0.702344 0.119844
v 0.899999 -0.702344 0.110642
v 0.909972 -0.702343 0.097520
v 0.919574 -0.702337 0.071119
v 0.926416 -0.702278 0.000000
v 0.150371 -0.713669 0.073634
v 0.143143 -0.713623 0.000000
v 0.160025 -0.713672 0.099576
v 0.170001 -0.713672 0.112385
v 0.180000 -0.713672 0.118322
v 0.190000 -0.713672 0.112745
v 0.199996 -0.713673 0.100657
v 0.209921 -0.713709 0.077040
v 0.219186 -0.714209 0.000000
v 0.284009 -0.706942 0.000000
v 0.290098 -0.713812 0.064321
v 0.280475 -0.714598 0.000000
v 0.300008 -0.713706 0.089132
v 0.310001 -0.713676 0.099999
v 0.320000 -0.713673 0.106304
v 0.330000 -0.713673 0.110077
v 0.340000 -0.713673 0.110725
v 0.350000 -0.713673 0.108295
v 0.360000 -0.713671 0.104195
v 0.369999 -0.713668 0.100734
v 0.380000 -0.713644 0.098990
v 0.389996 -0.713639 0.091758
v 0.399970 -0.713628 0.079182
v 0.410030 -0.713632 0.079292
v 0.420004 -0.713668 0.092867
v 0.430000 -0.713672 0.104719
v 0.440000 -0.713672 0.113720
v 0.450000 -0.713672 0.122115
v 0.460000 -0.713672 0.130486
v 0.470000 -0.713672 0.137304
v 0.480000 -0.713672 0.137306
v 0.490000 -0.713672 0.130149
v 0.500000 -0.713672 0.121155
v 0.510000 -0.713672 0.111684
v 0.519996 -0.713673 0.099151
v 0.529919 -0.713714 0.075234
v 0.539173 -0.714255 0.000000
v 0.730898 -0.713090 0.000000
v 0.724696 -0.709176 0.000000
v 0.740085 -0.713630 0.075058
v 0.750004 -0.713670 0.098820
v 0.760000 -0.713672 0.109734
v 0.770000 -0.713672 0.114396
v 0.780000 -0.713672 0.115925
v 0.790000 -0.713673 0.116761
v 0.800000 -0.713673 0.117162
v 0.810000 -0.713672 0.117769
v 0.820000 -0.713672 0.119909
v 0.830000 -0.713672 0.124131
v 0.840000 -0.713672 0.129878
v 0.850000 -0.713672 0.135257
v 0.860000 -0.713672 0.135855
v 0.870000 -0.713672 0.130191
v 0.880000 -0.713672 0.122010
v 0.890000 -0.713672 0.113516
v 0.899999 -0.713672 0.103947
v 0.909967 -0.713663 0.088703
v 0.919521 -0.713549 0.059680
v 0.926242 -0.712957 0.000000
v 0.150419 -0.725000 0.073178
v 0.143526 -0.724998 0.000000
v 0.160027 -0.725000 0.099449
v 0.170001 -0.725000 0.112501
v 0.180000 -0.725000 0.119271
v 0.190000 -0.725000 0.115277
v 0.200000 -0.725000 0.106052
v 0.209994 -0.725005 0.091853
v 0.219912 -0.725099 0.064516
v 0.226011 -0.718189 0.000000
v 0.229530 -0.725888 0.000000
v 0.253965 -0.718988 0.000000
v 0.260628 -0.717883 0.000000
v 0.260076 -0.725526 0.060357
v 0.250469 -0.725968 0.000000
v 0.270101 -0.717250 0.000000
v 0.270008 -0.725423 0.072851
v 0.280033 -0.725090 0.078258
v 0.290005 -0.725008 0.092049
v 0.300000 -0.725001 0.102265
v 0.310000 -0.725000 0.107980
v 0.320000 -0.724999 0.110688
v 0.330000 -0.724999 0.110075
v 0.340000 -0.724999 0.106322
v 0.349999 -0.724996 0.100272
v 0.359996 -0.724968 0.091653
v 0.369967 -0.724907 0.078316
v 0.379992 -0.724578 0.073098
v 0.389925 -0.724497 0.060814
v 0.399563 -0.724352 0.000000
v 0.410439 -0.724429 0.000000
v 0.420087 -0.724925 0.064984
v 0.430006 -0.724996 0.092149
v 0.440000 -0.725000 0.106418
v 0.450000 -0.725000 0.116645
v 0.460000 -0.725000 0.126320
v 0.470000 -0.725000 0.135339
v 0.480000 -0.725000 0.139877
v 0.490000 -0.725000 0.134601
v 0.500000 -0.725000 0.125657
v 0.510000 -0.725000 0.116302
v 0.520000 -0.725000 0.106190
v 0.529994 -0.725005 0.091951
v 0.539911 -0.725102 0.064837
v 0.546010 -0.718195 0.000000
v 0.549528 -0.725921 0.000000
v 0.740418 -0.724909 0.060594
v 0.733334 -0.724242 0.000000
v 0.750029 -0.724995 0.090681
v 0.760001 -0.725000 0.105548
v 0.770000 -0.725000 0.114738
v 0.780000 -0.725000 0.121322
v 0.790000 -0.725000 0.125461
v 0.800000 -0.725000 0.127666
v 0.810000 -0.725000 0.129137
v 0.820000 -0.725000 0.131009
v 0.830000 -0.725000 0.134088
v 0.840000 -0.725000 0.137512
v 0.850000 -0.725000 0.138755
v 0.860000 -0.725000 0.133980
v 0.870000 -0.725000 0.125730
v 0.880000 -0.725000 0.116417
v 0.890000 -0.725000 0.106344
v 0.899993 -0.724994 0.092049
v 0.909876 -0.724889 0.064155
v 0.918987 -0.723934 0.000000
v 0.925282 -0.720434 0.000000
v 0.150423 -0.736328 0.073147
v 0.143563 -0.736328 0.000000
v 0.160027 -0.736328 0.099450
v 0.170001 -0.736328 0.112627
v 0.180000 -0.736328 0.120173
v 0.190000 -0.736328 0.118383
v 0.200000 -0.736328 0.111380
v 0.210000 -0.736328 0.102227
v 0.219995 -0.736335 0.089219
v 0.229966 -0.736410 0.073232
v 0.240000 -0.728079 0.000000
v 0.240000 -0.736665 0.069992
v 0.250034 -0.736414 0.073148
v 0.260004 -0.736362 0.088268
v 0.270000 -0.736355 0.096870
v 0.280001 -0.736331 0.099652
v 0.290000 -0.736327 0.102799
v 0.300000 -0.736327 0.103409
v 0.309999 -0.736324 0.101821
v 0.320000 -0.736300 0.101516
v 0.330000 -0.736297 0.099470
v 0.339996 -0.736293 0.091642
v 0.349963 -0.736232 0.076301
v 0.359921 -0.735856 0.061138
v 0.369527 -0.735331 0.000000
v 0.379899 -0.732747 0.000000
v 0.389372 -0.732120 0.000000
v 0.396037 -0.731058 0.000000
v 0.420813 -0.735797 0.000000
v 0.413987 -0.731858 0.000000
v 0.430079 -0.736291 0.077221
v 0.440004 -0.736327 0.100925
v 0.450000 -0.736328 0.113786
v 0.460000 -0.736328 0.124321
v 0.470000 -0.736328 0.134249
v 0.480000 -0.736328 0.141118
v 0.490000 -0.736328 0.138394
v 0.500000 -0.736328 0.130434
v 0.510000 -0.736328 0.121805
v 0.520000 -0.736328 0.113320
v 0.530000 -0.736328 0.104209
v 0.539995 -0.736335 0.092170
v 0.549967 -0.736418 0.077986
v 0.559957 -0.728557 0.000000
v 0.559997 -0.736747 0.074701
v 0.569995 -0.728996 0.000000
v 0.570000 -0.736802 0.074080
v 0.579942 -0.729057 0.000000
v 0.579995 -0.736810 0.071932
v 0.589374 -0.729256 0.000000
v 0.589924 -0.736859 0.060327
v 0.596035 -0.730322 0.000000
v 0.599530 -0.737329 0.000000
v 0.740894 -0.735746 0.000000
v 0.734641 -0.731829 0.000000
v 0.750085 -0.736285 0.075062
v 0.760004 -0.736326 0.098924
v 0.770000 -0.736328 0.111222
v 0.780000 -0.736328 0.119765
v 0.790000 -0.736328 0.126816
v 0.800000 -0.736328 0.132794
v 0.810000 -0.736328 0.137447
v 0.820000 -0.736328 0.140748
v 0.830000 -0.736328 0.142416
v 0.840000 -0.736328 0.141104
v 0.850000 -0.736328 0.136259
v 0.860000 -0.736328 0.128999
v 0.870000 -0.736328 0.121115
v 0.880000 -0.736328 0.112087
v 0.889996 -0.736327 0.100200
v 0.899921 -0.736290 0.076981
v 0.909182 -0.735790 0.000000
v 0.915941 -0.731787 0.000000
v 0.150423 -0.747656 0.073146
v 0.143565 -0.747656 0.000000
v 0.160027 -0.747656 0.099450
v 0.170001 -0.747656 0.112627
v 0.180000 -0.747656 0.120177
v 0.190000 -0.747656 0.118384
v 0.200000 -0.747656 0.111381
v 0.210000 -0.747656 0.102227
v 0.219995 -0.747649 0.089219
v 0.229966 -0.747574 0.073232
v 0.240000 -0.747320 0.069992
v 0.250034 -0.747570 0.073148
v 0.260004 -0.747622 0.088263
v 0.270000 -0.747626 0.096772
v 0.280000 -0.747625 0.098697
v 0.290000 -0.747625 0.097859
v 0.299996 -0.747621 0.091303
v 0.309967 -0.747563 0.078623
v 0.319997 -0.747236 0.075383
v 0.329995 -0.747178 0.072742
v 0.339922 -0.747125 0.060681
v 0.349486 -0.746639 0.000000
v 0.359331 -0.743880 0.000000
v 0.366031 -0.742400 0.000000
v 0.430371 -0.747653 0.073645
v 0.423138 -0.747607 0.000000
v 0.440025 -0.747656 0.099633
v 0.450001 -0.747656 0.113140
v 0.460000 -0.747656 0.123878
v 0.470000 -0.747656 0.134082
v 0.480000 -0.747656 0.142116
v 0.490000 -0.747656 0.141939
v 0.500000 -0.747656 0.134941
v 0.510000 -0.747656 0.126584
v 0.520000 -0.747656 0.118248
v 0.530000 -0.747656 0.110132
v 0.540000 -0.747656 0.102384
v 0.549998 -0.747658 0.095498
v 0.560000 -0.747656 0.093961
v 0.570000 -0.747659 0.093653
v 0.580001 -0.747683 0.092593
v 0.589996 -0.747691 0.088311
v 0.599967 -0.747750 0.077624
v 0.609957 -0.739889 0.000000
v 0.609997 -0.748077 0.075227
v 0.619995 -0.740324 0.000000
v 0.620000 -0.748132 0.074862
v 0.629942 -0.740385 0.000000
v 0.629995 -0.748138 0.072695
v 0.639374 -0.740584 0.000000
v 0.639922 -0.748188 0.060681
v 0.646031 -0.741651 0.000000
v 0.649486 -0.748673 0.000000
v 0.750427 -0.747530 0.060169
v 0.743335 -0.746893 0.000000
v 0.760030 -0.747647 0.088859
v 0.770001 -0.747656 0.104019
v 0.780000 -0.747656 0.113524
v 0.790000 -0.747656 0.121885
v 0.800000 -0.747656 0.130269
v 0.810000 -0.747656 0.138457
v 0.820000 -0.747656 0.144863
v 0.830000 -0.747656 0.145148
v 0.840000 -0.747656 0.139149
v 0.850000 -0.747656 0.130746
v 0.860000 -0.747656 0.122207
v 0.870000 -0.747656 0.114143
v 0.879999 -0.747656 0.105856
v 0.889974 -0.747653 0.094328
v 0.899627 -0.747622 0.070946
v 0.906842 -0.747535 0.000000
v 0.150423 -0.758984 0.073147
v 0.143563 -0.758985 0.000000
v 0.160027 -0.758984 0.099441
v 0.170001 -0.758984 0.112509
v 0.180000 -0.758984 0.119327
v 0.190000 -0.758984 0.115302
v 0.200000 -0.758984 0.106065
v 0.209994 -0.758979 0.091860
v 0.219912 -0.758886 0.064516
v 0.229530 -0.758096 0.000000
v 0.240000 -0.755905 0.000000
v 0.250469 -0.758016 0.000000
v 0.260076 -0.758454 0.060328
v 0.270005 -0.758503 0.072401
v 0.280000 -0.758505 0.074416
v 0.289995 -0.758503 0.072515
v 0.299924 -0.758453 0.060671
v 0.309530 -0.757983 0.000000
v 0.319954 -0.755422 0.000000
v 0.329940 -0.754969 0.000000
v 0.339374 -0.754731 0.000000
v 0.346032 -0.753661 0.000000
v 0.430416 -0.758984 0.073211
v 0.423487 -0.758984 0.000000
v 0.440027 -0.758984 0.099495
v 0.450001 -0.758984 0.113070
v 0.460000 -0.758984 0.123830
v 0.470000 -0.758984 0.134080
v 0.480000 -0.758984 0.142374
v 0.490000 -0.758984 0.142799
v 0.500000 -0.758984 0.135235
v 0.510000 -0.758984 0.125759
v 0.520000 -0.758984 0.116161
v 0.530000 -0.758984 0.106213
v 0.539997 -0.758981 0.094179
v 0.549977 -0.758932 0.078442
v 0.559998 -0.758572 0.074771
v 0.570003 -0.758569 0.074680
v 0.580033 -0.758896 0.077362
v 0.590005 -0.758977 0.088883
v 0.599999 -0.758988 0.095813
v 0.610000 -0.759012 0.099103
v 0.620000 -0.759015 0.100577
v 0.630000 -0.759015 0.099292
v 0.639996 -0.759020 0.091665
v 0.649963 -0.759080 0.076330
v 0.659331 -0.751433 0.000000
v 0.659920 -0.759457 0.061124
v 0.666028 -0.752913 0.000000
v 0.669486 -0.759997 0.000000
v 0.751007 -0.757918 0.000000
v 0.744659 -0.754415 0.000000
v 0.760102 -0.758875 0.064240
v 0.770005 -0.758979 0.092093
v 0.780000 -0.758984 0.106413
v 0.790000 -0.758984 0.116637
v 0.800000 -0.758984 0.126361
v 0.810000 -0.758984 0.135990
v 0.820000 -0.758984 0.143465
v 0.830000 -0.758984 0.142637
v 0.840000 -0.758984 0.135048
v 0.850000 -0.758984 0.125713
v 0.860000 -0.758984 0.116349
v 0.870000 -0.758984 0.106498
v 0.879997 -0.758981 0.094152
v 0.889947 -0.758928 0.075495
v 0.899544 -0.758528 0.056458
v 0.906284 -0.758172 0.000000
v 0.150419 -0.770313 0.073177
v 0.143526 -0.770315 0.000000
v 0.160027 -0.770312 0.099445
v 0.170001 -0.770312 0.112444
v 0.180000 -0.770312 0.118780
v 0.190000 -0.770312 0.113046
v 0.199996 -0.770311 0.100858
v 0.209921 -0.770275 0.077201
v 0.219187 -0.769778 0.000000
v 0.226011 -0.765796 0.000000
v 0.260626 -0.766057 0.000000
v 0.253965 -0.764993 0.000000
v 0.270058 -0.766253 0.000000
v 0.280000 -0.766272 0.000000
v 0.289942 -0.766253 0.000000
v 0.299374 -0.766057 0.000000
v 0.306035 -0.764990 0.000000
v 0.430371 -0.770316 0.073645
v 0.423138 -0.770362 0.000000
v 0.440025 -0.770313 0.099632
v 0.450001 -0.770312 0.113139
v 0.460000 -0.770312 0.123876
v 0.470000 -0.770312 0.134097
v 0.480000 -0.770312 0.142285
v 0.490000 -0.770312 0.142405
v 0.500000 -0.770312 0.134366
v 0.510000 -0.770312 0.124278
v 0.520000 -0.770312 0.113752
v 0.529997 -0.770312 0.100937
v 0.539954 -0.770287 0.077778
v 0.549657 -0.769925 0.000000
v 0.559972 -0.766849 0.000000
v 0.570042 -0.766802 0.000000
v 0.580473 -0.769389 0.000000
v 0.590098 -0.770176 0.063998
v 0.600009 -0.770302 0.088872
v 0.610000 -0.770313 0.101398
v 0.620000 -0.770314 0.107780
v 0.630000 -0.770314 0.109489
v 0.640000 -0.770314 0.106637
v 0.649999 -0.770317 0.100678
v 0.659996 -0.770345 0.091823
v 0.669963 -0.770409 0.076343
v 0.679331 -0.762761 0.000000
v 0.679919 -0.770786 0.061125
v 0.686028 -0.764242 0.000000
v 0.689486 -0.771325 0.000000
v 0.760508 -0.769814 0.000000
v 0.754016 -0.765774 0.000000
v 0.770035 -0.770278 0.077677
v 0.780001 -0.770311 0.101077
v 0.790000 -0.770312 0.113864
v 0.800000 -0.770312 0.124380
v 0.810000 -0.770312 0.134326
v 0.820000 -0.770312 0.141289
v 0.830000 -0.770312 0.138456
v 0.840000 -0.770312 0.130248
v 0.850000 -0.770312 0.121141
v 0.860000 -0.770312 0.111674
v 0.869997 -0.770311 0.099189
v 0.879950 -0.770281 0.075764
v 0.889595 -0.769858 0.000000
v 0.899249 -0.766589 0.000000
v 0.905325 -0.765085 0.000000
v 0.150371 -0.781644 0.073622
v 0.143143 -0.781690 0.000000
v 0.160025 -0.781641 0.099574
v 0.170001 -0.781641 0.112488
v 0.180000 -0.781641 0.118672
v 0.189999 -0.781641 0.112498
v 0.199975 -0.781641 0.099590
v 0.209629 -0.781637 0.073642
v 0.216860 -0.781591 0.000000
v 0.430079 -0.781678 0.077201
v 0.420817 -0.782176 0.000000
v 0.440004 -0.781642 0.100898
v 0.450000 -0.781641 0.113752
v 0.460000 -0.781641 0.124283
v 0.470000 -0.781641 0.134371
v 0.480000 -0.781641 0.142383
v 0.490000 -0.781641 0.142152
v 0.500000 -0.781641 0.133972
v 0.510000 -0.781641 0.123797
v 0.519999 -0.781641 0.113112
v 0.529975 -0.781641 0.099621
v 0.539632 -0.781638 0.073686
v 0.546903 -0.781606 0.000000
v 0.590944 -0.780569 0.000000
v 0.584009 -0.777048 0.000000
v 0.600131 -0.781493 0.063751
v 0.610010 -0.781630 0.089729
v 0.620000 -0.781640 0.103293
v 0.630000 -0.781641 0.110338
v 0.640000 -0.781641 0.113111
v 0.650000 -0.781641 0.111404
v 0.660000 -0.781642 0.107001
v 0.669999 -0.781645 0.100760
v 0.679996 -0.781673 0.091838
v 0.689962 -0.781737 0.076295
v 0.699326 -0.774091 0.000000
v 0.699888 -0.782124 0.060559
v 0.705966 -0.775591 0.000000
v 0.709055 -0.782785 0.000000
v 0.770038 -0.781675 0.077547
v 0.760568 -0.782136 0.000000
v 0.780001 -0.781642 0.101045
v 0.790000 -0.781641 0.113853
v 0.800000 -0.781641 0.124338
v 0.810000 -0.781641 0.133927
v 0.820000 -0.781641 0.139382
v 0.830000 -0.781641 0.134498
v 0.840000 -0.781641 0.125610
v 0.850000 -0.781641 0.116185
v 0.859999 -0.781641 0.105848
v 0.869972 -0.781636 0.090716
v 0.879585 -0.781550 0.060652
v 0.886711 -0.780897 0.000000
v 0.150083 -0.793006 0.076878
v 0.140884 -0.793501 0.000000
v 0.160004 -0.792970 0.100629
v 0.170000 -0.792969 0.112896
v 0.180000 -0.792969 0.118747
v 0.189999 -0.792969 0.112441
v 0.199973 -0.792969 0.099445
v 0.209581 -0.792969 0.073178
v 0.216474 -0.792966 0.000000
v 0.414054 -0.786182 0.000000
v 0.420121 -0.793080 0.064208
v 0.410942 -0.794036 0.000000
v 0.430007 -0.792974 0.091826
v 0.440000 -0.792969 0.106008
v 0.450000 -0.792969 0.116153
v 0.460000 -0.792969 0.125750
v 0.470000 -0.792969 0.135177
v 0.480000 -0.792969 0.142481
v 0.490000 -0.792969 0.141346
v 0.500000 -0.792969 0.133072
v 0.510000 -0.792969 0.123145
v 0.519999 -0.792969 0.112742
v 0.529973 -0.792969 0.099285
v 0.539581 -0.792969 0.073019
v 0.546475 -0.792964 0.000000
v 0.600947 -0.791896 0.000000
v 0.594074 -0.788354 0.000000
v 0.610131 -0.792821 0.063826
v 0.620010 -0.792958 0.089962
v 0.630000 -0.792967 0.103651
v 0.640000 -0.792969 0.110863
v 0.650000 -0.792969 0.113946
v 0.660000 -0.792969 0.114125
v 0.670000 -0.792969 0.111903
v 0.680000 -0.792970 0.107142
v 0.689999 -0.792973 0.100408
v 0.699991 -0.793004 0.089276
v 0.709870 -0.793120 0.063774
v 0.715926 -0.786261 0.000000
v 0.719056 -0.794041 0.000000
v 0.754593 -0.786132 0.000000
v 0.760392 -0.793056 0.060760
v 0.753284 -0.793710 0.000000
v 0.770026 -0.792973 0.090906
v 0.780001 -0.792969 0.106058
v 0.790000 -0.792969 0.116501
v 0.800000 -0.792969 0.126113
v 0.810000 -0.792969 0.134223
v 0.820000 -0.792969 0.136327
v 0.830000 -0.792969 0.129947
v 0.840000 -0.792969 0.121116
v 0.850000 -0.792969 0.111661
v 0.859996 -0.792967 0.099111
v 0.869915 -0.792927 0.075089
v 0.879107 -0.792387 0.000000
v 0.885362 -0.788471 0.000000
v 0.134700 -0.797456 0.000000
v 0.140471 -0.804377 0.058144
v 0.133775 -0.804941 0.000000
v 0.150031 -0.804301 0.089002
v 0.160001 -0.804297 0.104251
v 0.170000 -0.804297 0.114146
v 0.180000 -0.804297 0.119002
v 0.189999 -0.804297 0.112455
v 0.199973 -0.804297 0.099427
v 0.209577 -0.804297 0.073140
v 0.216437 -0.804297 0.000000
v 0.404012 -0.797563 0.000000
v 0.410099 -0.804433 0.063651
v 0.400516 -0.805238 0.000000
v 0.420008 -0.804305 0.088873
v 0.430000 -0.804297 0.101902
v 0.440000 -0.804297 0.110331
v 0.450000 -0.804297 0.118286
v 0.460000 -0.804297 0.126480
v 0.470000 -0.804297 0.134511
v 0.480000 -0.804297 0.140364
v 0.490000 -0.804297 0.138071
v 0.500000 -0.804297 0.129903
v 0.510000 -0.804297 0.120652
v 0.519999 -0.804297 0.110959
v 0.529972 -0.804297 0.097704
v 0.539575 -0.804291 0.071152
v 0.546419 -0.804231 0.000000
v 0.610947 -0.803224 0.000000
v 0.604074 -0.799682 0.000000
v 0.620131 -0.804145 0.063773
v 0.630009 -0.804262 0.089290
v 0.640001 -0.804292 0.100420
v 0.650000 -0.804297 0.107100
v 0.660000 -0.804297 0.112293
v 0.670000 -0.804297 0.115689
v 0.680000 -0.804297 0.114797
v 0.690000 -0.804297 0.110817
v 0.700000 -0.804298 0.103495
v 0.709991 -0.804307 0.089977
v 0.719902 -0.804432 0.064440
v 0.725991 -0.797559 0.000000
v 0.729528 -0.805187 0.000000
v 0.760048 -0.804327 0.075843
v 0.750356 -0.804702 0.000000
v 0.770003 -0.804298 0.099201
v 0.780000 -0.804297 0.111685
v 0.790000 -0.804297 0.121116
v 0.800000 -0.804297 0.129759
v 0.810000 -0.804297 0.135433
v 0.820000 -0.804297 0.133350
v 0.830000 -0.804297 0.125456
v 0.840000 -0.804297 0.116175
v 0.849999 -0.804297 0.105848
v 0.859972 -0.804292 0.090712
v 0.869582 -0.804206 0.060596
v 0.876666 -0.803539 0.000000
v 0.140470 -0.815545 0.058148
v 0.133775 -0.814981 0.000000
v 0.150031 -0.815621 0.089003
v 0.160001 -0.815625 0.104238
v 0.170000 -0.815625 0.114034
v 0.180000 -0.815625 0.118589
v 0.189999 -0.815625 0.112179
v 0.199973 -0.815625 0.099239
v 0.209577 -0.815625 0.072984
v 0.216434 -0.815622 0.000000
v 0.284521 -0.809629 0.000000
v 0.289995 -0.808767 0.000000
v 0.289951 -0.816186 0.040572
v 0.283287 -0.816493 0.000000
v 0.295423 -0.809625 0.000000
v 0.296324 -0.816446 0.000000
v 0.383972 -0.809554 0.000000
v 0.390669 -0.808070 0.000000
v 0.390080 -0.816098 0.059400
v 0.380514 -0.816637 0.000000
v 0.400036 -0.815713 0.071132
v 0.410005 -0.815606 0.085643
v 0.420000 -0.815597 0.095308
v 0.430001 -0.815621 0.100156
v 0.440000 -0.815625 0.106356
v 0.450000 -0.815625 0.113472
v 0.460000 -0.815625 0.121145
v 0.470000 -0.815625 0.128814
v 0.480000 -0.815625 0.134716
v 0.490000 -0.815625 0.133818
v 0.500000 -0.815625 0.126026
v 0.510000 -0.815625 0.116437
v 0.519999 -0.815625 0.105970
v 0.529969 -0.815620 0.090721
v 0.539532 -0.815539 0.060140
v 0.546244 -0.814916 0.000000
v 0.620945 -0.814481 0.000000
v 0.614074 -0.811004 0.000000
v 0.630112 -0.815141 0.060563
v 0.640038 -0.815532 0.076365
v 0.650005 -0.815616 0.092542
v 0.660000 -0.815624 0.104136
v 0.670000 -0.815624 0.111137
v 0.680000 -0.815624 0.113409
v 0.690000 -0.815625 0.112517
v 0.700000 -0.815625 0.109329
v 0.710000 -0.815625 0.103368
v 0.719995 -0.815633 0.092558
v 0.729967 -0.815711 0.078891
v 0.739988 -0.807327 0.000000
v 0.739999 -0.815983 0.076153
v 0.750023 -0.815676 0.079376
v 0.760002 -0.815628 0.094733
v 0.770000 -0.815625 0.106567
v 0.780000 -0.815625 0.116333
v 0.790000 -0.815625 0.125468
v 0.800000 -0.815625 0.133264
v 0.810000 -0.815625 0.135408
v 0.820000 -0.815625 0.129762
v 0.830000 -0.815625 0.121114
v 0.840000 -0.815625 0.111673
v 0.849996 -0.815624 0.099118
v 0.859916 -0.815583 0.075092
v 0.869107 -0.815043 0.000000
v 0.875359 -0.811126 0.000000
v 0.140853 -0.826422 0.000000
v 0.134697 -0.822466 0.000000
v 0.150079 -0.826916 0.076905
v 0.160004 -0.826952 0.100556
v 0.170000 -0.826953 0.112262
v 0.180000 -0.826953 0.116547
v 0.189999 -0.826953 0.110461
v 0.199972 -0.826953 0.097671
v 0.209575 -0.826947 0.071150
v 0.216417 -0.826887 0.000000
v 0.289711 -0.827029 0.052997
v 0.280806 -0.827543 0.000000
v 0.296891 -0.827062 0.000000
v 0.363972 -0.820882 0.000000
v 0.370669 -0.819401 0.000000
v 0.370080 -0.827426 0.060222
v 0.360514 -0.827965 0.000000
v 0.380037 -0.827049 0.072541
v 0.389999 -0.826977 0.079826
v 0.399969 -0.826868 0.072400
v 0.409997 -0.826537 0.072609
v 0.420003 -0.826537 0.074618
v 0.430033 -0.826864 0.078485
v 0.440004 -0.826946 0.092667
v 0.450000 -0.826953 0.104653
v 0.460000 -0.826953 0.113705
v 0.470000 -0.826953 0.121975
v 0.480000 -0.826953 0.129152
v 0.490000 -0.826953 0.130998
v 0.500000 -0.826953 0.123894
v 0.510000 -0.826953 0.113748
v 0.519996 -0.826952 0.100895
v 0.529920 -0.826916 0.077100
v 0.539145 -0.826422 0.000000
v 0.545304 -0.822461 0.000000
v 0.630674 -0.823179 0.000000
v 0.624034 -0.821675 0.000000
v 0.640516 -0.826012 0.000000
v 0.650099 -0.826812 0.064333
v 0.660008 -0.826916 0.089240
v 0.670000 -0.826922 0.099397
v 0.680000 -0.826925 0.101963
v 0.690001 -0.826949 0.102951
v 0.700000 -0.826953 0.105895
v 0.710000 -0.826953 0.107849
v 0.720000 -0.826953 0.105919
v 0.729999 -0.826957 0.103073
v 0.740000 -0.826978 0.102685
v 0.750001 -0.826956 0.103768
v 0.760000 -0.826953 0.108423
v 0.770000 -0.826953 0.114691
v 0.780000 -0.826953 0.122109
v 0.790000 -0.826953 0.129890
v 0.800000 -0.826953 0.135584
v 0.810000 -0.826953 0.133908
v 0.820000 -0.826953 0.126055
v 0.830000 -0.826953 0.116496
v 0.839999 -0.826953 0.106058
v 0.849974 -0.826949 0.090902
v 0.859605 -0.826865 0.060701
v 0.866670 -0.826195 0.000000
v 0.150316 -0.838280 0.074151
v 0.142678 -0.838267 0.000000
v 0.160022 -0.838281 0.099516
v 0.170001 -0.838281 0.110955
v 0.180000 -0.838281 0.113061
v 0.189999 -0.838281 0.105562
v 0.199969 -0.838277 0.090688
v 0.209531 -0.838195 0.060134
v 0.216243 -0.837572 0.000000
v 0.274054 -0.831498 0.000000
v 0.280119 -0.838395 0.060380
v 0.270946 -0.839350 0.000000
v 0.289961 -0.838314 0.068872
v 0.299656 -0.838673 0.000000
v 0.343968 -0.832209 0.000000
v 0.350669 -0.830729 0.000000
v 0.350079 -0.838754 0.060929
v 0.340470 -0.839278 0.000000
v 0.360037 -0.838377 0.075022
v 0.370004 -0.838313 0.086143
v 0.379993 -0.838275 0.082489
v 0.389902 -0.838146 0.062403
v 0.399527 -0.837357 0.000000
v 0.409959 -0.834768 0.000000
v 0.420041 -0.834768 0.000000
v 0.430472 -0.837362 0.000000
v 0.440088 -0.838182 0.064899
v 0.450006 -0.838276 0.092142
v 0.460000 -0.838281 0.106413
v 0.470000 -0.838281 0.116556
v 0.480000 -0.838281 0.125363
v 0.490000 -0.838281 0.129696
v 0.500000 -0.838281 0.123364
v 0.509999 -0.838281 0.113179
v 0.519978 -0.838281 0.099783
v 0.529681 -0.838281 0.074124
v 0.537277 -0.838281 0.000000
v 0.650941 -0.837134 0.000000
v 0.644012 -0.833682 0.000000
v 0.660109 -0.837739 0.060124
v 0.670006 -0.837803 0.072713
v 0.680003 -0.837861 0.075425
v 0.690033 -0.838192 0.078847
v 0.700005 -0.838274 0.092580
v 0.710000 -0.838281 0.103539
v 0.720000 -0.838281 0.109633
v 0.730000 -0.838281 0.113368
v 0.740000 -0.838282 0.115754
v 0.750000 -0.838281 0.117317
v 0.760000 -0.838281 0.119555
v 0.770000 -0.838281 0.123415
v 0.780000 -0.838281 0.128200
v 0.790000 -0.838281 0.132957
v 0.800000 -0.838281 0.135448
v 0.810000 -0.838281 0.131862
v 0.820000 -0.838281 0.123767
v 0.830000 -0.838281 0.113758
v 0.839999 -0.838280 0.101035
v 0.849962 -0.838247 0.077539
v 0.859430 -0.837786 0.000000
v 0.865403 -0.833789 0.000000
v 0.150045 -0.849636 0.077760
v 0.140362 -0.850012 0.000000
v 0.160002 -0.849610 0.100614
v 0.170000 -0.849609 0.110758
v 0.180000 -0.849609 0.110693
v 0.189996 -0.849608 0.100364
v 0.199917 -0.849572 0.076887
v 0.209115 -0.849074 0.000000
v 0.215302 -0.845117 0.000000
v 0.264079 -0.842896 0.000000
v 0.270134 -0.849757 0.063413
v 0.261010 -0.850680 0.000000
v 0.280009 -0.849619 0.087412
v 0.289998 -0.849612 0.091171
v 0.299977 -0.849662 0.078988
v 0.309970 -0.841787 0.000000
v 0.309998 -0.850026 0.075690
v 0.320001 -0.842229 0.000000
v 0.320000 -0.850081 0.075254
v 0.330043 -0.841840 0.000000
v 0.330003 -0.850030 0.075501
v 0.340033 -0.849703 0.078285
v 0.350004 -0.849642 0.090118
v 0.360001 -0.849613 0.093731
v 0.369990 -0.849599 0.086270
v 0.379869 -0.849461 0.062744
v 0.389056 -0.848538 0.000000
v 0.395991 -0.845016 0.000000
v 0.440813 -0.849075 0.000000
v 0.433989 -0.845091 0.000000
v 0.450079 -0.849572 0.077220
v 0.460004 -0.849608 0.100923
v 0.470000 -0.849609 0.113737
v 0.480000 -0.849609 0.123643
v 0.490000 -0.849609 0.129306
v 0.500000 -0.849609 0.123640
v 0.510000 -0.849609 0.113728
v 0.519996 -0.849611 0.100894
v 0.529921 -0.849646 0.077100
v 0.539145 -0.850140 0.000000
v 0.660631 -0.845354 0.000000
v 0.654030 -0.844265 0.000000
v 0.670060 -0.845594 0.000000
v 0.680046 -0.846051 0.000000
v 0.690472 -0.848688 0.000000
v 0.700087 -0.849510 0.064897
v 0.710006 -0.849604 0.092028
v 0.720000 -0.849609 0.105814
v 0.730000 -0.849609 0.114865
v 0.740000 -0.849609 0.121994
v 0.750000 -0.849609 0.126380
v 0.760000 -0.849609 0.128184
v 0.770000 -0.849609 0.129437
v 0.780000 -0.849609 0.129639
v 0.790000 -0.849609 0.129103
v 0.800000 -0.849609 0.128567
v 0.810000 -0.849609 0.126399
v 0.820000 -0.849609 0.121179
v 0.830000 -0.849609 0.112989
v 0.839999 -0.849611 0.100912
v 0.849962 -0.849644 0.077529
v 0.859430 -0.850105 0.000000
v 0.124678 -0.854836 0.000000
v 0.130749 -0.853331 0.000000
v 0.130460 -0.861394 0.056427
v 0.123755 -0.861747 0.000000
v 0.140051 -0.860992 0.075516
v 0.150003 -0.860940 0.094253
v 0.160000 -0.860938 0.105994
v 0.170000 -0.860937 0.111981
v 0.179999 -0.860937 0.109295
v 0.189975 -0.860937 0.097663
v 0.199627 -0.860929 0.071627
v 0.206838 -0.860823 0.000000
v 0.254656 -0.854178 0.000000
v 0.260424 -0.861063 0.060211
v 0.253291 -0.861687 0.000000
v 0.270031 -0.860948 0.088647
v 0.280001 -0.860938 0.102241
v 0.290000 -0.860938 0.105794
v 0.299999 -0.860940 0.103458
v 0.310000 -0.860965 0.102558
v 0.320000 -0.860968 0.102047
v 0.330000 -0.860965 0.101055
v 0.340001 -0.860942 0.099731
v 0.350000 -0.860938 0.098229
v 0.359990 -0.860927 0.088244
v 0.369869 -0.860790 0.063380
v 0.379053 -0.859864 0.000000
v 0.385926 -0.856322 0.000000
v 0.450371 -0.860934 0.073644
v 0.443140 -0.860888 0.000000
v 0.460025 -0.860937 0.099631
v 0.470001 -0.860937 0.113101
v 0.480000 -0.860937 0.123306
v 0.490000 -0.860937 0.129638
v 0.500000 -0.860937 0.125255
v 0.510000 -0.860937 0.116357
v 0.519999 -0.860938 0.105965
v 0.529969 -0.860942 0.090721
v 0.539532 -0.861024 0.060140
v 0.545304 -0.854101 0.000000
v 0.546244 -0.861647 0.000000
v 0.700784 -0.860405 0.000000
v 0.693987 -0.856419 0.000000
v 0.710076 -0.860901 0.077245
v 0.720004 -0.860936 0.100884
v 0.730000 -0.860937 0.113541
v 0.740000 -0.860937 0.123095
v 0.750000 -0.860937 0.129132
v 0.760000 -0.860937 0.129410
v 0.770000 -0.860937 0.126958
v 0.780000 -0.860937 0.123194
v 0.790000 -0.860937 0.119646
v 0.800000 -0.860937 0.117693
v 0.810000 -0.860937 0.116815
v 0.820000 -0.860937 0.115215
v 0.830000 -0.860937 0.111908
v 0.839999 -0.860938 0.104972
v 0.849974 -0.860942 0.090771
v 0.859605 -0.861025 0.060693
v 0.865403 -0.854102 0.000000
v 0.866670 -0.861695 0.000000
v 0.130425 -0.872296 0.070449
v 0.123583 -0.872337 0.000000
v 0.140028 -0.872269 0.094160
v 0.150001 -0.872266 0.105563
v 0.160000 -0.872266 0.112109
v 0.170000 -0.872266 0.112462
v 0.179999 -0.872266 0.105359
v 0.189969 -0.872261 0.090678
v 0.199536 -0.872179 0.060170
v 0.206282 -0.871554 0.000000
v 0.260051 -0.872299 0.075719
v 0.250405 -0.872720 0.000000
v 0.270003 -0.872267 0.098920
v 0.280000 -0.872266 0.110541
v 0.290000 -0.872266 0.116094
v 0.300000 -0.872266 0.116801
v 0.310000 -0.872267 0.115697
v 0.320000 -0.872267 0.113201
v 0.330000 -0.872267 0.108748
v 0.340000 -0.872265 0.101711
v 0.349991 -0.872256 0.089174
v 0.359869 -0.872118 0.063667
v 0.369053 -0.871193 0.000000
v 0.375926 -0.867650 0.000000
v 0.450419 -0.872266 0.073180
v 0.443524 -0.872263 0.000000
v 0.460027 -0.872266 0.099486
v 0.470001 -0.872266 0.113035
v 0.480000 -0.872266 0.123371
v 0.490000 -0.872266 0.130450
v 0.500000 -0.872266 0.128161
v 0.510000 -0.872266 0.120388
v 0.519999 -0.872266 0.110921
v 0.529972 -0.872266 0.097690
v 0.539575 -0.872271 0.071144
v 0.546417 -0.872331 0.000000
v 0.710319 -0.872266 0.074132
v 0.702719 -0.872266 0.000000
v 0.720022 -0.872266 0.099770
v 0.730001 -0.872266 0.112992
v 0.740000 -0.872266 0.122066
v 0.750000 -0.872266 0.125695
v 0.760000 -0.872266 0.122977
v 0.770000 -0.872266 0.118506
v 0.780000 -0.872266 0.113478
v 0.790000 -0.872265 0.108132
v 0.799999 -0.872261 0.103768
v 0.810000 -0.872241 0.102815
v 0.820001 -0.872263 0.103361
v 0.830000 -0.872265 0.106314
v 0.840000 -0.872266 0.106737
v 0.849996 -0.872267 0.098258
v 0.859916 -0.872308 0.075014
v 0.869107 -0.872848 0.000000
v 0.130423 -0.883595 0.072911
v 0.123566 -0.883597 0.000000
v 0.140027 -0.883594 0.098722
v 0.150001 -0.883594 0.110900
v 0.160000 -0.883594 0.116829
v 0.170000 -0.883594 0.112416
v 0.179996 -0.883592 0.100758
v 0.189920 -0.883557 0.077092
v 0.199145 -0.883063 0.000000
v 0.205307 -0.879102 0.000000
v 0.234678 -0.877493 0.000000
v 0.240751 -0.875990 0.000000
v 0.240460 -0.884050 0.056265
v 0.233756 -0.884400 0.000000
v 0.250053 -0.883650 0.075295
v 0.260004 -0.883597 0.093930
v 0.270000 -0.883594 0.106257
v 0.280000 -0.883594 0.115854
v 0.290000 -0.883594 0.123154
v 0.300000 -0.883594 0.125405
v 0.310000 -0.883594 0.121882
v 0.320000 -0.883594 0.114842
v 0.330000 -0.883594 0.105718
v 0.339993 -0.883588 0.091796
v 0.349880 -0.883483 0.064233
v 0.359054 -0.882525 0.000000
v 0.365926 -0.878979 0.000000
v 0.450419 -0.883594 0.073180
v 0.443524 -0.883596 0.000000
v 0.460027 -0.883594 0.099486
v 0.470001 -0.883594 0.113041
v 0.480000 -0.883594 0.123450
v 0.490000 -0.883594 0.130978
v 0.500000 -0.883594 0.129843
v 0.510000 -0.883594 0.122181
v 0.519999 -0.883594 0.112394
v 0.529973 -0.883594 0.099074
v 0.539577 -0.883594 0.072824
v 0.546433 -0.883594 0.000000
v 0.710080 -0.883631 0.077105
v 0.700850 -0.884125 0.000000
v 0.720004 -0.883595 0.100834
v 0.730000 -0.883594 0.113090
v 0.740000 -0.883594 0.120125
v 0.750000 -0.883594 0.119666
v 0.760000 -0.883594 0.114173
v 0.770000 -0.883594 0.107802
v 0.779999 -0.883589 0.100949
v 0.789996 -0.883562 0.092120
v 0.799967 -0.883504 0.078880
v 0.809999 -0.883235 0.076157
v 0.820023 -0.883543 0.079323
v 0.830003 -0.883591 0.094237
v 0.840000 -0.883594 0.103365
v 0.849999 -0.883594 0.102891
v 0.859972 -0.883599 0.090337
v 0.869583 -0.883685 0.060579
v 0.875359 -0.876765 0.000000
v 0.876670 -0.884352 0.000000
v 0.130423 -0.894922 0.073135
v 0.123565 -0.894922 0.000000
v 0.140027 -0.894922 0.099379
v 0.150001 -0.894922 0.112235
v 0.160000 -0.894922 0.118376
v 0.169999 -0.894922 0.112480
v 0.179978 -0.894922 0.099719
v 0.189681 -0.894922 0.074110
v 0.197277 -0.894922 0.000000
v 0.240427 -0.894947 0.068456
v 0.233602 -0.894928 0.000000
v 0.250028 -0.894925 0.092445
v 0.260001 -0.894922 0.104061
v 0.270000 -0.894922 0.112472
v 0.280000 -0.894922 0.120782
v 0.290000 -0.894922 0.127999
v 0.300000 -0.894922 0.129514
v 0.310000 -0.894922 0.123199
v 0.320000 -0.894922 0.113530
v 0.329996 -0.894921 0.100858
v 0.339924 -0.894885 0.077213
v 0.349214 -0.894388 0.000000
v 0.355948 -0.890381 0.000000
v 0.450371 -0.894925 0.073644
v 0.443140 -0.894971 0.000000
v 0.460025 -0.894922 0.099632
v 0.470001 -0.894922 0.113109
v 0.480000 -0.894922 0.123418
v 0.490000 -0.894922 0.130458
v 0.500000 -0.894922 0.128162
v 0.510000 -0.894922 0.120388
v 0.519999 -0.894922 0.110921
v 0.529972 -0.894922 0.097690
v 0.539575 -0.894916 0.071144
v 0.546417 -0.894856 0.000000
v 0.694638 -0.888089 0.000000
v 0.700416 -0.895011 0.060632
v 0.693330 -0.895680 0.000000
v 0.710028 -0.894927 0.090824
v 0.720001 -0.894922 0.105638
v 0.730000 -0.894922 0.114069
v 0.740000 -0.894922 0.117064
v 0.750000 -0.894922 0.112776
v 0.760000 -0.894922 0.104508
v 0.769995 -0.894913 0.092610
v 0.779963 -0.894830 0.076424
v 0.789921 -0.894451 0.061176
v 0.799531 -0.893960 0.000000
v 0.809988 -0.891888 0.000000
v 0.820356 -0.894516 0.000000
v 0.830049 -0.894891 0.075718
v 0.840003 -0.894921 0.097988
v 0.850000 -0.894922 0.105004
v 0.859996 -0.894923 0.097929
v 0.869918 -0.894964 0.075101
v 0.879169 -0.895507 0.000000
v 0.130423 -0.906250 0.073147
v 0.123563 -0.906250 0.000000
v 0.140027 -0.906250 0.099434
v 0.150001 -0.906250 0.112423
v 0.160000 -0.906250 0.118721
v 0.170000 -0.906250 0.112895
v 0.179996 -0.906251 0.100638
v 0.189920 -0.906287 0.076908
v 0.199145 -0.906781 0.000000
v 0.240470 -0.906163 0.059874
v 0.233758 -0.905544 0.000000
v 0.250031 -0.906245 0.089862
v 0.260001 -0.906250 0.104328
v 0.270000 -0.906250 0.114185
v 0.280000 -0.906250 0.123062
v 0.290000 -0.906250 0.130042
v 0.300000 -0.906250 0.130078
v 0.310000 -0.906250 0.122731
v 0.319999 -0.906250 0.112761
v 0.329978 -0.906250 0.099458
v 0.339684 -0.906249 0.073850
v 0.347328 -0.906234 0.000000
v 0.450079 -0.906287 0.077219
v 0.440813 -0.906784 0.000000
v 0.460004 -0.906251 0.100923
v 0.470000 -0.906250 0.113739
v 0.480000 -0.906250 0.123695
v 0.490000 -0.906250 0.129726
v 0.500000 -0.906250 0.125264
v 0.510000 -0.906250 0.116357
v 0.519999 -0.906250 0.105965
v 0.529969 -0.906245 0.090720
v 0.539531 -0.906164 0.060136
v 0.546243 -0.905541 0.000000
v 0.700081 -0.906292 0.075137
v 0.690827 -0.906834 0.000000
v 0.710004 -0.906252 0.098652
v 0.720000 -0.906250 0.109570
v 0.730000 -0.906250 0.113476
v 0.740000 -0.906250 0.111446
v 0.750000 -0.906249 0.103977
v 0.759991 -0.906239 0.090089
v 0.769900 -0.906113 0.064412
v 0.779484 -0.905309 0.000000
v 0.789331 -0.902477 0.000000
v 0.796032 -0.900997 0.000000
v 0.830424 -0.906125 0.060207
v 0.823288 -0.905503 0.000000
v 0.840030 -0.906241 0.088536
v 0.850001 -0.906250 0.101378
v 0.860000 -0.906250 0.101864
v 0.869993 -0.906256 0.091200
v 0.879879 -0.906363 0.064207
v 0.885944 -0.899467 0.000000
v 0.889054 -0.907319 0.000000
v 0.130419 -0.917578 0.073178
v 0.123526 -0.917581 0.000000
v 0.140027 -0.917578 0.099448
v 0.150001 -0.917578 0.112472
v 0.160000 -0.917578 0.119001
v 0.170000 -0.917578 0.114133
v 0.179999 -0.917578 0.104239
v 0.189969 -0.917583 0.088997
v 0.199530 -0.917659 0.058147
v 0.205303 -0.910737 0.000000
v 0.206225 -0.918222 0.000000
v 0.240898 -0.916996 0.000000
v 0.234699 -0.913083 0.000000
v 0.250085 -0.917535 0.075001
v 0.260004 -0.917576 0.098775
v 0.270000 -0.917578 0.111133
v 0.280000 -0.917578 0.119910
v 0.290000 -0.917578 0.126290
v 0.300000 -0.917578 0.126200
v 0.310000 -0.917578 0.119673
v 0.320000 -0.917578 0.110686
v 0.329997 -0.917579 0.097966
v 0.339955 -0.917600 0.074113
v 0.349686 -0.917941 0.000000
v 0.433989 -0.910769 0.000000
v 0.440088 -0.917678 0.064784
v 0.430472 -0.918499 0.000000
v 0.450006 -0.917583 0.092100
v 0.460000 -0.917578 0.106386
v 0.470000 -0.917578 0.116534
v 0.480000 -0.917578 0.125347
v 0.490000 -0.917578 0.129740
v 0.500000 -0.917578 0.123691
v 0.510000 -0.917578 0.113727
v 0.519996 -0.917577 0.100885
v 0.529917 -0.917541 0.077069
v 0.539116 -0.917045 0.000000
v 0.545302 -0.913086 0.000000
v 0.683993 -0.910774 0.000000
v 0.690090 -0.917680 0.064356
v 0.680515 -0.918515 0.000000
v 0.700006 -0.917583 0.090961
v 0.710000 -0.917578 0.102985
v 0.720000 -0.917577 0.108246
v 0.730000 -0.917577 0.106501
v 0.739999 -0.917574 0.100438
v 0.749991 -0.917543 0.089314
v 0.759869 -0.917427 0.063779
v 0.769056 -0.916506 0.000000
v 0.775988 -0.912984 0.000000
v 0.831009 -0.916512 0.000000
v 0.824656 -0.913010 0.000000
v 0.840124 -0.917465 0.064072
v 0.850008 -0.917572 0.091181
v 0.860000 -0.917578 0.101876
v 0.870000 -0.917578 0.101574
v 0.879991 -0.917588 0.089674
v 0.889866 -0.917726 0.063683
v 0.895921 -0.910865 0.000000
v 0.898990 -0.918649 0.000000
v 0.130371 -0.928909 0.073642
v 0.123140 -0.928956 0.000000
v 0.140025 -0.928906 0.099581
v 0.150001 -0.928906 0.112426
v 0.160000 -0.928906 0.118602
v 0.170000 -0.928906 0.113858
v 0.179999 -0.928906 0.104051
v 0.189969 -0.928902 0.088841
v 0.199528 -0.928824 0.058115
v 0.206225 -0.928262 0.000000
v 0.250427 -0.928780 0.060166
v 0.243335 -0.928143 0.000000
v 0.260030 -0.928897 0.088845
v 0.270001 -0.928906 0.103987
v 0.280000 -0.928906 0.113270
v 0.290000 -0.928906 0.119662
v 0.300000 -0.928906 0.119644
v 0.310000 -0.928906 0.113249
v 0.320000 -0.928906 0.104102
v 0.329995 -0.928899 0.090622
v 0.339965 -0.928823 0.071463
v 0.349978 -0.928597 0.056693
v 0.359973 -0.921080 0.000000
v 0.360031 -0.929233 0.055810
v 0.369999 -0.921569 0.000000
v 0.370004 -0.929346 0.065273
v 0.380000 -0.921613 0.000000
v 0.380000 -0.929354 0.068545
v 0.390000 -0.921615 0.000000
v 0.390000 -0.929354 0.068994
v 0.400000 -0.921613 0.000000
v 0.400000 -0.929354 0.069027
v 0.410002 -0.921571 0.000000
v 0.410000 -0.929353 0.069107
v 0.420044 -0.921135 0.000000
v 0.420004 -0.929322 0.070073
v 0.430033 -0.928996 0.075812
v 0.440004 -0.928913 0.091511
v 0.450000 -0.928906 0.104102
v 0.460000 -0.928906 0.113310
v 0.470000 -0.928906 0.121640
v 0.480000 -0.928906 0.128823
v 0.490000 -0.928906 0.130601
v 0.500000 -0.928906 0.123432
v 0.509999 -0.928906 0.113109
v 0.519975 -0.928906 0.099630
v 0.529629 -0.928903 0.073636
v 0.536857 -0.928857 0.000000
v 0.664039 -0.922854 0.000000
v 0.670674 -0.921351 0.000000
v 0.670115 -0.929362 0.056400
v 0.661014 -0.930012 0.000000
v 0.680039 -0.928996 0.071150
v 0.690005 -0.928913 0.088459
v 0.700000 -0.928906 0.098153
v 0.709999 -0.928902 0.099611
v 0.720000 -0.928878 0.099001
v 0.729996 -0.928871 0.091631
v 0.739962 -0.928810 0.076288
v 0.749888 -0.928423 0.060561
v 0.759055 -0.927762 0.000000
v 0.765926 -0.924286 0.000000
v 0.840831 -0.928321 0.000000
v 0.834060 -0.924361 0.000000
v 0.850082 -0.928863 0.075083
v 0.860004 -0.928905 0.097886
v 0.870000 -0.928906 0.105773
v 0.879999 -0.928907 0.102362
v 0.889969 -0.928916 0.088669
v 0.899573 -0.929033 0.060167
v 0.905341 -0.922148 0.000000
v 0.906668 -0.929670 0.000000
v 0.130079 -0.940271 0.077209
v 0.120817 -0.940770 0.000000
v 0.140004 -0.940236 0.100790
v 0.150000 -0.940234 0.112424
v 0.160000 -0.940234 0.116677
v 0.170000 -0.940234 0.110933
v 0.179996 -0.940233 0.098864
v 0.189915 -0.940192 0.074889
v 0.199102 -0.939652 0.000000
v 0.205299 -0.935744 0.000000
v 0.251009 -0.939168 0.000000
v 0.244659 -0.935665 0.000000
v 0.260125 -0.940122 0.064135
v 0.270007 -0.940229 0.091883
v 0.280000 -0.940234 0.105891
v 0.290000 -0.940234 0.113698
v 0.300000 -0.940234 0.113722
v 0.310000 -0.940234 0.106024
v 0.319994 -0.940229 0.092061
v 0.329912 -0.940136 0.064668
v 0.339530 -0.939346 0.000000
v 0.349999 -0.937158 0.000000
v 0.360469 -0.939294 0.000000
v 0.370076 -0.939735 0.056433
v 0.380005 -0.939784 0.067036
v 0.390000 -0.939786 0.068851
v 0.400000 -0.939790 0.069044
v 0.410003 -0.939845 0.069458
v 0.420033 -0.940173 0.072642
v 0.430006 -0.940232 0.086610
v 0.440000 -0.940234 0.099945
v 0.450000 -0.940234 0.109689
v 0.460000 -0.940234 0.118176
v 0.470000 -0.940234 0.126258
v 0.480000 -0.940234 0.132395
v 0.490000 -0.940234 0.131606
v 0.500000 -0.940234 0.123519
v 0.509999 -0.940234 0.113045
v 0.519973 -0.940234 0.099486
v 0.529580 -0.940234 0.073179
v 0.536474 -0.940232 0.000000
v 0.654745 -0.933370 0.000000
v 0.660514 -0.939847 0.043308
v 0.653949 -0.940134 0.000000
v 0.670038 -0.939849 0.063798
v 0.680026 -0.940184 0.072642
v 0.690002 -0.940230 0.087934
v 0.699995 -0.940226 0.088772
v 0.709967 -0.940145 0.077898
v 0.719992 -0.939811 0.073069
v 0.729922 -0.939706 0.060705
v 0.739486 -0.939218 0.000000
v 0.749326 -0.936456 0.000000
v 0.755966 -0.934956 0.000000
v 0.850427 -0.940108 0.060166
v 0.843332 -0.939471 0.000000
v 0.860030 -0.940226 0.088680
v 0.870001 -0.940234 0.102510
v 0.880000 -0.940234 0.105953
v 0.889996 -0.940236 0.098066
v 0.899918 -0.940278 0.075121
v 0.909169 -0.940819 0.000000
v 0.114059 -0.944776 0.000000
v 0.120124 -0.951673 0.064164
v 0.111009 -0.952629 0.000000
v 0.130007 -0.951568 0.092042
v 0.140000 -0.951563 0.106063
v 0.150000 -0.951563 0.113802
v 0.160000 -0.951563 0.113755
v 0.169999 -0.951562 0.105714
v 0.179972 -0.951558 0.090838
v 0.189583 -0.951473 0.060612
v 0.196666 -0.950805 0.000000
v 0.260831 -0.950978 0.000000
v 0.254060 -0.947018 0.000000
v 0.270082 -0.951519 0.075181
v 0.280004 -0.951560 0.098650
v 0.290000 -0.951561 0.108710
v 0.300000 -0.951561 0.108941
v 0.309996 -0.951560 0.099767
v 0.319921 -0.951524 0.076951
v 0.329186 -0.951026 0.000000
v 0.336011 -0.947046 0.000000
v 0.370626 -0.947309 0.000000
v 0.363965 -0.946245 0.000000
v 0.380058 -0.947505 0.000000
v 0.390003 -0.947526 0.000000
v 0.400002 -0.947569 0.000000
v 0.410044 -0.948007 0.000000
v 0.420472 -0.950642 0.000000
v 0.430088 -0.951463 0.064240
v 0.440006 -0.951557 0.091587
v 0.450000 -0.951562 0.105914
v 0.460000 -0.951563 0.116090
v 0.470000 -0.951563 0.125317
v 0.480000 -0.951563 0.132246
v 0.490000 -0.951563 0.131326
v 0.500000 -0.951563 0.123349
v 0.509999 -0.951563 0.112998
v 0.519973 -0.951563 0.099463
v 0.529577 -0.951563 0.073142
v 0.536437 -0.951562 0.000000
v 0.660726 -0.947367 0.000000
v 0.654704 -0.946368 0.000000
v 0.670095 -0.948033 0.000000
v 0.680359 -0.951118 0.000000
v 0.690041 -0.951497 0.067043
v 0.699905 -0.951421 0.060461
v 0.709525 -0.950636 0.000000
v 0.719899 -0.947985 0.000000
v 0.729371 -0.947351 0.000000
v 0.736031 -0.946242 0.000000
v 0.851009 -0.950496 0.000000
v 0.844659 -0.946993 0.000000
v 0.860124 -0.951452 0.064134
v 0.870007 -0.951557 0.091642
v 0.880000 -0.951562 0.103253
v 0.890000 -0.951563 0.103250
v 0.899992 -0.951568 0.091535
v 0.909875 -0.951675 0.064103
v 0.915940 -0.944779 0.000000
v 0.918987 -0.952629 0.000000
v 0.104659 -0.956132 0.000000
v 0.110427 -0.963017 0.060177
v 0.103332 -0.963654 0.000000
v 0.120030 -0.962899 0.088856
v 0.130001 -0.962891 0.103964
v 0.140000 -0.962891 0.112802
v 0.150000 -0.962891 0.116996
v 0.160000 -0.962891 0.112433
v 0.169996 -0.962889 0.100747
v 0.179918 -0.962854 0.077064
v 0.189120 -0.962358 0.000000
v 0.195360 -0.958395 0.000000
v 0.270427 -0.962760 0.060098
v 0.263332 -0.962127 0.000000
v 0.280030 -0.962853 0.087954
v 0.290001 -0.962859 0.098753
v 0.299999 -0.962860 0.099771
v 0.309975 -0.962859 0.093189
v 0.319627 -0.962853 0.070834
v 0.326842 -0.962769 0.000000
v 0.430814 -0.962354 0.000000
v 0.423989 -0.958372 0.000000
v 0.440079 -0.962853 0.077023
v 0.450004 -0.962889 0.100683
v 0.460000 -0.962891 0.113379
v 0.470000 -0.962891 0.123140
v 0.480000 -0.962891 0.130167
v 0.490000 -0.962891 0.129183
v 0.500000 -0.962891 0.122060
v 0.509999 -0.962891 0.112531
v 0.519973 -0.962891 0.099251
v 0.529577 -0.962890 0.072984
v 0.536434 -0.962887 0.000000
v 0.690294 -0.962306 0.043525
v 0.683275 -0.962036 0.000000
v 0.699087 -0.961740 0.000000
v 0.705993 -0.958292 0.000000
v 0.860818 -0.962353 0.000000
v 0.854059 -0.958349 0.000000
v 0.870079 -0.962853 0.076965
v 0.880004 -0.962889 0.099705
v 0.890000 -0.962891 0.107317
v 0.899999 -0.962891 0.102968
v 0.909967 -0.962899 0.088620
v 0.919521 -0.963014 0.059677
v 0.925282 -0.956128 0.000000
v 0.926244 -0.963606 0.000000
v 0.110082 -0.974262 0.075206
v 0.100827 -0.974802 0.000000
v 0.120004 -0.974220 0.098962
v 0.130000 -0.974219 0.111129
v 0.140000 -0.974219 0.118328
v 0.150000 -0.974219 0.119306
v 0.159999 -0.974219 0.112262
v 0.169975 -0.974219 0.099382
v 0.179629 -0.974215 0.073472
v 0.186856 -0.974166 0.000000
v 0.271008 -0.973073 0.000000
v 0.264659 -0.969644 0.000000
v 0.280112 -0.973676 0.059979
v 0.290006 -0.973737 0.072603
v 0.299999 -0.973740 0.074449
v 0.309970 -0.973737 0.071371
v 0.319546 -0.973700 0.055982
v 0.326284 -0.973400 0.000000
v 0.440374 -0.974208 0.071622
v 0.433159 -0.974104 0.000000
v 0.450025 -0.974218 0.097685
v 0.460001 -0.974219 0.110712
v 0.470000 -0.974219 0.119552
v 0.480000 -0.974219 0.125093
v 0.490000 -0.974219 0.122708
v 0.500000 -0.974219 0.117072
v 0.509999 -0.974219 0.109742
v 0.519972 -0.974218 0.097399
v 0.529574 -0.974212 0.071117
v 0.536417 -0.974153 0.000000
v 0.614034 -0.968171 0.000000
v 0.620568 -0.967125 0.000000
v 0.620082 -0.974279 0.037993
v 0.611054 -0.974823 0.000000
v 0.629335 -0.967118 0.000000
v 0.629514 -0.974222 0.038531
v 0.635301 -0.968080 0.000000
v 0.636055 -0.974219 0.000000
v 0.690084 -0.969745 0.000000
v 0.684527 -0.968888 0.000000
v 0.696065 -0.968843 0.000000
v 0.870374 -0.974208 0.071602
v 0.863159 -0.974104 0.000000
v 0.880025 -0.974218 0.097363
v 0.890001 -0.974219 0.108075
v 0.899999 -0.974219 0.108053
v 0.909973 -0.974219 0.097227
v 0.919578 -0.974226 0.071138
v 0.926455 -0.974287 0.000000
v 0.093990 -0.978741 0.000000
v 0.100089 -0.985648 0.064880
v 0.090472 -0.986468 0.000000
v 0.110006 -0.985552 0.091977
v 0.120000 -0.985547 0.106091
v 0.130000 -0.985547 0.115270
v 0.140000 -0.985547 0.120355
v 0.150000 -0.985547 0.118262
v 0.159999 -0.985547 0.110483
v 0.169973 -0.985547 0.097530
v 0.179578 -0.985540 0.071157
v 0.186455 -0.985479 0.000000
v 0.280631 -0.981290 0.000000
v 0.274035 -0.980203 0.000000
v 0.290058 -0.981487 0.000000
v 0.300000 -0.981506 0.000000
v 0.309936 -0.981488 0.000000
v 0.319280 -0.981293 0.000000
v 0.325327 -0.980250 0.000000
v 0.440475 -0.985424 0.059711
v 0.433719 -0.984829 0.000000
v 0.450033 -0.985537 0.088686
v 0.460001 -0.985547 0.103751
v 0.470000 -0.985547 0.112766
v 0.480000 -0.985547 0.117593
v 0.490000 -0.985547 0.113873
v 0.500000 -0.985547 0.107579
v 0.509998 -0.985543 0.100151
v 0.519967 -0.985513 0.087946
v 0.529521 -0.985420 0.059608
v 0.536242 -0.984832 0.000000
v 0.605017 -0.977615 0.000000
v 0.610802 -0.981491 0.000000
v 0.604981 -0.981274 0.000000
v 0.620008 -0.981520 0.000000
v 0.629280 -0.981340 0.000000
v 0.635297 -0.980359 0.000000
v 0.870475 -0.985424 0.059707
v 0.863719 -0.984829 0.000000
v 0.880033 -0.985537 0.088603
v 0.890001 -0.985547 0.102799
v 0.899999 -0.985547 0.106965
v 0.909975 -0.985547 0.098501
v 0.919629 -0.985550 0.073396
v 0.926856 -0.985599 0.000000
v 0.044704 -0.990745 0.000000
v 0.050725 -0.989789 0.000000
v 0.050514 -0.997270 0.043336
v 0.043949 -0.996976 0.000000
v 0.060064 -0.989604 0.000000
v 0.060036 -0.997347 0.063944
v 0.070005 -0.989542 0.000000
v 0.070001 -0.997350 0.071741
v 0.080044 -0.989104 0.000000
v 0.080003 -0.997295 0.074746
v 0.090033 -0.996965 0.078689
v 0.100005 -0.996882 0.092813
v 0.110000 -0.996875 0.104630
v 0.120000 -0.996875 0.112953
v 0.130000 -0.996875 0.118113
v 0.140000 -0.996875 0.118212
v 0.150000 -0.996875 0.112753
v 0.159999 -0.996875 0.103739
v 0.169966 -0.996865 0.088677
v 0.179521 -0.996752 0.059680
v 0.186244 -0.996160 0.000000
v 0.441014 -0.995805 0.000000
v 0.434715 -0.992309 0.000000
v 0.450134 -0.996727 0.063698
v 0.460010 -0.996864 0.089982
v 0.470000 -0.996874 0.103668
v 0.480000 -0.996874 0.109120
v 0.490000 -0.996874 0.104018
v 0.499995 -0.996866 0.092561
v 0.509962 -0.996782 0.076336
v 0.519885 -0.996392 0.060415
v 0.528988 -0.995733 0.000000
v 0.535282 -0.992304 0.000000
v 0.871014 -0.995805 0.000000
v 0.864715 -0.992309 0.000000
v 0.880134 -0.996727 0.063674
v 0.890009 -0.996865 0.089641
v 0.900000 -0.996875 0.101054
v 0.909996 -0.996876 0.098107
v 0.919918 -0.996912 0.076738
v 0.929120 -0.997408 0.000000
v 0.051015 -1.007172 0.000000
v 0.044745 -1.003746 0.000000
v 0.060124 -1.008123 0.060031
v 0.070007 -1.008229 0.085754
v 0.080000 -1.008231 0.096957
v 0.090001 -1.008207 0.101774
v 0.100000 -1.008203 0.107479
v 0.110000 -1.008203 0.113509
v 0.120000 -1.008203 0.118246
v 0.130000 -1.008203 0.118104
v 0.140000 -1.008203 0.112930
v 0.150000 -1.008203 0.104294
v 0.159991 -1.008193 0.090039
v 0.169866 -1.008055 0.063700
v 0.178986 -1.007133 0.000000
v 0.185282 -1.003637 0.000000
v 0.450947 -1.007130 0.000000
v 0.444079 -1.003588 0.000000
v 0.460131 -1.008051 0.063751
v 0.470009 -1.008165 0.088920
v 0.480000 -1.008172 0.096890
v 0.489992 -1.008166 0.088968
v 0.499901 -1.008062 0.064316
v 0.509484 -1.007262 0.000000
v 0.519326 -1.004429 0.000000
v 0.525961 -1.002925 0.000000
v 0.880946 -1.007134 0.000000
v 0.874079 -1.003588 0.000000
v 0.890121 -1.008092 0.064204
v 0.900007 -1.008198 0.090951
v 0.909999 -1.008203 0.099145
v 0.919972 -1.008208 0.089791
v 0.929583 -1.008292 0.060539
v 0.935360 -1.001370 0.000000
v 0.936670 -1.008961 0.000000
v 0.060818 -1.018994 0.000000
v 0.054060 -1.014992 0.000000
v 0.070079 -1.019494 0.076289
v 0.080004 -1.019531 0.098793
v 0.090000 -1.019531 0.108592
v 0.100000 -1.019531 0.114498
v 0.110000 -1.019531 0.118619
v 0.120000 -1.019531 0.119817
v 0.130000 -1.019531 0.115094
v 0.140000 -1.019531 0.106068
v 0.149993 -1.019526 0.091928
v 0.159879 -1.019418 0.064274
v 0.169054 -1.018462 0.000000
v 0.175921 -1.014916 0.000000
v 0.460945 -1.018382 0.000000
v 0.454074 -1.014910 0.000000
v 0.470109 -1.018989 0.059898
v 0.480000 -1.019046 0.070211
v 0.489891 -1.018989 0.059901
v 0.499059 -1.018384 0.000000
v 0.505988 -1.014931 0.000000
v 0.564590 -1.013403 0.000000
v 0.569919 -1.012468 0.000000
v 0.569458 -1.018917 0.000000
v 0.563765 -1.019440 0.000000
v 0.575117 -1.012507 0.000000
v 0.575048 -1.016137 0.000000
v 0.890818 -1.018993 0.000000
v 0.884055 -1.014990 0.000000
v 0.900079 -1.019494 0.076608
v 0.910004 -1.019530 0.096980
v 0.919996 -1.019533 0.096084
v 0.929919 -1.019573 0.074849
v 0.939169 -1.020116 0.000000
v 0.070373 -1.030825 0.070901
v 0.063158 -1.030738 0.000000
v 0.080026 -1.030855 0.094165
v 0.090001 -1.030858 0.105014
v 0.100000 -1.030858 0.111250
v 0.110000 -1.030858 0.114419
v 0.120000 -1.030858 0.114488
v 0.130000 -1.030858 0.109896
v 0.139996 -1.030857 0.098789
v 0.149918 -1.030816 0.075191
v 0.159169 -1.030274 0.000000
v 0.165944 -1.026314 0.000000
v 0.470628 -1.026601 0.000000
v 0.464030 -1.025515 0.000000
v 0.480000 -1.026779 0.000000
v 0.489372 -1.026601 0.000000
v 0.495970 -1.025515 0.000000
v 0.567003 -1.025250 0.000000
v 0.563799 -1.025327 0.000000
v 0.900374 -1.030849 0.071384
v 0.893159 -1.030744 0.000000
v 0.910025 -1.030859 0.095603
v 0.920001 -1.030859 0.100565
v 0.929992 -1.030865 0.090886
v 0.939875 -1.030972 0.064029
v 0.945940 -1.024076 0.000000
v 0.948991 -1.031926 0.000000
v 0.070457 -1.041728 0.056420
v 0.063716 -1.041375 0.000000
v 0.080062 -1.042092 0.074984
v 0.090005 -1.042152 0.091383
v 0.100000 -1.042156 0.099618
v 0.110000 -1.042156 0.101982
v 0.120000 -1.042156 0.101968
v 0.129999 -1.042156 0.099098
v 0.139970 -1.042150 0.087984
v 0.149573 -1.042057 0.060099
v 0.156668 -1.041424 0.000000
v 0.900475 -1.042064 0.059657
v 0.893719 -1.041470 0.000000
v 0.910033 -1.042179 0.088090
v 0.920001 -1.042187 0.100140
v 0.929999 -1.042188 0.100162
v 0.939970 -1.042196 0.088224
v 0.949573 -1.042314 0.060113
v 0.955341 -1.035429 0.000000
v 0.956665 -1.042951 0.000000
v 0.070763 -1.049741 0.000000
v 0.064676 -1.048285 0.000000
v 0.080518 -1.052499 0.000000
v 0.090078 -1.052984 0.060656
v 0.100005 -1.053034 0.072724
v 0.110000 -1.053037 0.074983
v 0.120000 -1.053037 0.074981
v 0.129994 -1.053033 0.072655
v 0.139888 -1.052973 0.059981
v 0.148992 -1.052369 0.000000
v 0.155341 -1.048940 0.000000
v 0.901013 -1.052449 0.000000
v 0.894715 -1.048950 0.000000
v 0.910124 -1.053405 0.064050
v 0.920007 -1.053510 0.091055
v 0.930000 -1.053516 0.100915
v 0.939996 -1.053517 0.096786
v 0.949915 -1.053559 0.074817
v 0.959106 -1.054098 0.000000
v 0.090626 -1.060588 0.000000
v 0.083969 -1.059520 0.000000
v 0.100058 -1.060784 0.000000
v 0.110003 -1.060804 0.000000
v 0.119997 -1.060804 0.000000
v 0.129942 -1.060784 0.000000
v 0.139369 -1.060586 0.000000
v 0.145965 -1.059500 0.000000
v 0.910818 -1.064306 0.000000
v 0.904059 -1.060302 0.000000
v 0.920079 -1.064807 0.076750
v 0.930004 -1.064842 0.098259
v 0.939999 -1.064844 0.101898
v 0.949971 -1.064849 0.090224
v 0.959583 -1.064935 0.060571
v 0.965359 -1.058015 0.000000
v 0.966670 -1.065602 0.000000
v 0.920374 -1.076162 0.071546
v 0.913159 -1.076057 0.000000
v 0.930025 -1.076172 0.096774
v 0.940001 -1.076172 0.104793
v 0.949996 -1.076173 0.097909
v 0.959918 -1.076214 0.075099
v 0.969169 -1.076757 0.000000
v 0.920475 -1.087377 0.059692
v 0.913719 -1.086783 0.000000
v 0.930033 -1.087491 0.088399
v 0.940001 -1.087500 0.101358
v 0.950000 -1.087500 0.101862
v 0.959993 -1.087506 0.091180
v 0.969876 -1.087613 0.064072
v 0.975940 -1.080717 0.000000
v 0.978991 -1.088566 0.000000
v 0.921013 -1.097762 0.000000
v 0.914715 -1.094262 0.000000
v 0.930125 -1.098715 0.064064
v 0.940008 -1.098822 0.091179
v 0.950000 -1.098828 0.101856
v 0.959999 -1.098828 0.101367
v 0.969970 -1.098837 0.088521
v 0.979573 -1.098954 0.060154
v 0.985341 -1.092069 0.000000
v 0.986668 -1.099592 0.000000
v 1.153624 -1.093137 0.000000
v 1.156376 -1.093137 0.000000
v 1.156882 -1.099710 0.000000
v 1.153116 -1.099710 0.000000
v 0.930831 -1.109571 0.000000
v 0.924060 -1.105612 0.000000
v 0.940082 -1.110113 0.075076
v 0.950004 -1.110155 0.097775
v 0.960000 -1.110156 0.104820
v 0.969996 -1.110158 0.097764
v 0.979918 -1.110200 0.075065
v 0.989169 -1.110741 0.000000
v 1.156989 -1.110234 0.000000
v 1.152966 -1.110236 0.000000
v 0.940427 -1.121358 0.060153
v 0.933332 -1.120721 0.000000
v 0.950031 -1.121474 0.088497
v 0.960001 -1.121484 0.101213
v 0.970000 -1.121485 0.101683
v 0.979993 -1.121490 0.091033
v 0.989879 -1.121597 0.064173
v 0.995944 -1.114701 0.000000
v 0.999054 -1.122553 0.000000
v 1.156930 -1.121493 0.000000
v 1.152580 -1.121537 0.000000
v 0.941010 -1.131742 0.000000
v 0.934659 -1.128243 0.000000
v 0.950134 -1.132665 0.063648
v 0.960009 -1.132803 0.089367
v 0.970000 -1.132812 0.100385
v 0.980000 -1.132813 0.100390
v 0.989991 -1.132822 0.089379
v 0.999866 -1.132960 0.063650
v 1.005921 -1.126099 0.000000
v 1.008990 -1.133883 0.000000
v 1.156556 -1.132862 0.000000
v 1.150453 -1.133346 0.000000
v 0.950946 -1.143072 0.000000
v 0.944079 -1.139526 0.000000
v 0.960121 -1.144030 0.064200
v 0.970007 -1.144135 0.091187
v 0.980000 -1.144141 0.101864
v 0.989999 -1.144141 0.101392
v 0.999969 -1.144151 0.088544
v 1.009573 -1.144267 0.060149
v 1.015341 -1.137382 0.000000
v 1.016665 -1.144904 0.000000
v 1.144641 -1.137305 0.000000
v 1.150043 -1.144227 0.039653
v 1.143680 -1.144853 0.000000
v 1.156479 -1.144147 0.000000
v 0.960818 -1.154931 0.000000
v 0.954054 -1.150928 0.000000
v 0.970079 -1.155432 0.076911
v 0.980004 -1.155467 0.099415
v 0.990000 -1.155469 0.106189
v 0.999996 -1.155470 0.098229
v 1.009915 -1.155512 0.075010
v 1.019106 -1.156051 0.000000
v 1.149951 -1.155478 0.049914
v 1.143125 -1.155584 0.000000
v 1.156467 -1.155466 0.000000
v 0.970374 -1.166787 0.071588
v 0.963159 -1.166682 0.000000
v 0.980025 -1.166797 0.097191
v 0.990001 -1.166797 0.106928
v 0.999999 -1.166797 0.103981
v 1.009971 -1.166802 0.090493
v 1.019583 -1.166888 0.060591
v 1.025359 -1.159968 0.000000
v 1.026670 -1.167555 0.000000
v 1.149657 -1.166828 0.052243
v 1.140853 -1.167332 0.000000
v 1.156422 -1.166733 0.000000
v 0.970475 -1.178002 0.059705
v 0.963719 -1.177408 0.000000
v 0.980034 -1.178115 0.088569
v 0.990001 -1.178125 0.102508
v 1.000000 -1.178125 0.105946
v 1.009996 -1.178127 0.098040
v 1.019919 -1.178167 0.075111
v 1.029173 -1.178709 0.000000
v 1.134638 -1.171293 0.000000
v 1.140386 -1.178210 0.052551
v 1.133332 -1.178883 0.000000
v 1.149559 -1.178043 0.052265
v 1.156245 -1.177416 0.000000
v 0.971014 -1.188383 0.000000
v 0.964715 -1.184887 0.000000
v 0.980134 -1.189305 0.063676
v 0.990009 -1.189443 0.089685
v 1.000000 -1.189453 0.101586
v 1.010000 -1.189453 0.101886
v 1.019994 -1.189458 0.091244
v 1.029910 -1.189555 0.064749
v 1.036006 -1.182649 0.000000
v 1.039481 -1.190390 0.000000
v 1.140002 -1.189458 0.054982
v 1.130894 -1.190034 0.000000
v 1.149120 -1.188922 0.000000
v 1.155302 -1.184961 0.000000
v 0.980946 -1.199712 0.000000
v 0.974079 -1.196166 0.000000
v 0.990121 -1.200669 0.064208
v 1.000008 -1.200776 0.091202
v 1.010000 -1.200781 0.101903
v 1.020000 -1.200782 0.101856
v 1.029994 -1.200788 0.091984
v 1.039940 -1.200873 0.075185
v 1.049242 -1.193224 0.000000
v 1.049591 -1.201244 0.056881
v 1.055379 -1.194687 0.000000
v 1.056668 -1.201640 0.000000
v 1.124696 -1.193949 0.000000
v 1.130441 -1.200869 0.055684
v 1.123717 -1.201493 0.000000
v 1.139660 -1.200783 0.063957
v 1.146858 -1.200732 0.000000
v 0.990831 -1.211524 0.000000
v 0.984056 -1.207564 0.000000
v 1.000082 -1.212067 0.075112
v 1.010004 -1.212108 0.098095
v 1.020000 -1.212109 0.106406
v 1.030000 -1.212110 0.104746
v 1.039995 -1.212115 0.095388
v 1.049916 -1.212177 0.074377
v 1.059107 -1.212696 0.000000
v 1.130346 -1.212118 0.065986
v 1.123157 -1.212224 0.000000
v 1.139605 -1.212110 0.066873
v 1.146475 -1.212107 0.000000
v 1.000417 -1.223346 0.060594
v 0.993330 -1.222680 0.000000
v 1.010029 -1.223433 0.090549
v 1.020001 -1.223437 0.104449
v 1.030000 -1.223438 0.109226
v 1.039999 -1.223438 0.104378
v 1.049971 -1.223443 0.090552
v 1.059582 -1.223529 0.060596
v 1.065359 -1.216609 0.000000
v 1.066670 -1.224195 0.000000
v 1.130052 -1.223475 0.070874
v 1.120817 -1.223976 0.000000
v 1.139581 -1.223439 0.067857
v 1.146437 -1.223438 0.000000
v 1.000894 -1.234183 0.000000
v 0.994641 -1.230266 0.000000
v 1.010085 -1.234722 0.075039
v 1.020004 -1.234764 0.098585
v 1.030000 -1.234766 0.108603
v 1.040000 -1.234766 0.108537
v 1.049996 -1.234767 0.098692
v 1.059919 -1.234808 0.075195
v 1.069173 -1.235349 0.000000
v 1.114054 -1.227979 0.000000
v 1.120120 -1.234876 0.063405
v 1.110942 -1.235833 0.000000
v 1.129980 -1.234771 0.084578
v 1.139577 -1.234766 0.070604
v 1.146435 -1.234766 0.000000
v 1.010427 -1.245967 0.060164
v 1.003335 -1.245330 0.000000
v 1.020031 -1.246083 0.088758
v 1.030001 -1.246094 0.103016
v 1.040000 -1.246094 0.108207
v 1.050000 -1.246094 0.104394
v 1.059994 -1.246099 0.091749
v 1.069911 -1.246194 0.064871
v 1.076010 -1.239286 0.000000
v 1.079530 -1.246982 0.000000
v 1.104009 -1.239356 0.000000
v 1.110098 -1.246229 0.064284
v 1.100471 -1.246986 0.000000
v 1.120007 -1.246103 0.088320
v 1.129973 -1.246094 0.093340
v 1.139577 -1.246094 0.072283
v 1.146435 -1.246094 0.000000
v 1.011010 -1.256351 0.000000
v 1.004659 -1.252852 0.000000
v 1.020134 -1.257274 0.063701
v 1.030010 -1.257412 0.089902
v 1.040000 -1.257422 0.103055
v 1.050000 -1.257422 0.107217
v 1.060000 -1.257422 0.103370
v 1.069996 -1.257429 0.092699
v 1.079967 -1.257508 0.078929
v 1.090000 -1.249171 0.000000
v 1.090000 -1.257783 0.076127
v 1.100033 -1.257508 0.078919
v 1.110005 -1.257430 0.092416
v 1.119999 -1.257422 0.101049
v 1.129973 -1.257422 0.096907
v 1.139577 -1.257422 0.072846
v 1.146435 -1.257422 0.000000
v 1.020946 -1.267681 0.000000
v 1.014079 -1.264135 0.000000
v 1.030121 -1.268637 0.064259
v 1.040007 -1.268744 0.091708
v 1.050000 -1.268750 0.104469
v 1.060000 -1.268750 0.108928
v 1.070000 -1.268750 0.107016
v 1.079999 -1.268754 0.103481
v 1.090000 -1.268775 0.102799
v 1.100001 -1.268754 0.103636
v 1.110000 -1.268750 0.107091
v 1.119999 -1.268750 0.107903
v 1.129973 -1.268750 0.098641
v 1.139577 -1.268750 0.073076
v 1.146437 -1.268750 0.000000
v 1.030831 -1.279493 0.000000
v 1.024055 -1.275533 0.000000
v 1.040082 -1.280036 0.075202
v 1.050004 -1.280077 0.098828
v 1.060000 -1.280078 0.109674
v 1.070000 -1.280078 0.114163
v 1.080000 -1.280078 0.115472
v 1.090000 -1.280079 0.116463
v 1.100000 -1.280078 0.116800
v 1.110000 -1.280078 0.115988
v 1.119999 -1.280078 0.111207
v 1.129973 -1.280078 0.099259
v 1.139580 -1.280078 0.073165
v 1.146474 -1.280081 0.000000
v 1.040417 -1.291315 0.060598
v 1.033330 -1.290648 0.000000
v 1.050029 -1.291401 0.090607
v 1.060001 -1.291406 0.105011
v 1.070000 -1.291406 0.113296
v 1.080000 -1.291406 0.119052
v 1.090000 -1.291406 0.123354
v 1.100000 -1.291406 0.124542
v 1.110000 -1.291406 0.120968
v 1.119999 -1.291406 0.112663
v 1.129975 -1.291406 0.099592
v 1.139629 -1.291409 0.073642
v 1.146860 -1.291456 0.000000
v 1.040894 -1.302148 0.000000
v 1.034641 -1.298235 0.000000
v 1.050084 -1.302667 0.074385
v 1.060005 -1.302729 0.095533
v 1.070000 -1.302734 0.106131
v 1.080000 -1.302734 0.113639
v 1.090000 -1.302734 0.120301
v 1.100000 -1.302734 0.124385
v 1.110000 -1.302734 0.121892
v 1.120000 -1.302734 0.113458
v 1.129996 -1.302736 0.100898
v 1.139921 -1.302771 0.077216
v 1.149183 -1.303270 0.000000
v 1.050409 -1.313600 0.056882
v 1.043332 -1.313204 0.000000
v 1.060059 -1.313971 0.075210
v 1.070006 -1.314054 0.092331
v 1.080000 -1.314062 0.104487
v 1.090000 -1.314062 0.113192
v 1.100000 -1.314062 0.119524
v 1.110000 -1.314062 0.120734
v 1.120000 -1.314063 0.115353
v 1.130000 -1.314063 0.106185
v 1.139993 -1.314068 0.092063
v 1.149879 -1.314173 0.064304
v 1.155946 -1.307276 0.000000
v 1.159057 -1.315130 0.000000
v 1.050758 -1.321620 0.000000
v 1.044621 -1.320156 0.000000
v 1.060520 -1.324450 0.000000
v 1.070100 -1.325253 0.064388
v 1.080009 -1.325380 0.090090
v 1.090000 -1.325389 0.104059
v 1.100000 -1.325390 0.112136
v 1.110000 -1.325391 0.116385
v 1.120000 -1.325391 0.116417
v 1.130000 -1.325391 0.111939
v 1.140000 -1.325391 0.103950
v 1.149992 -1.325400 0.090054
v 1.159900 -1.325528 0.064396
v 1.165988 -1.318657 0.000000
v 1.169484 -1.326332 0.000000
v 1.070944 -1.335647 0.000000
v 1.064012 -1.332125 0.000000
v 1.080131 -1.336567 0.063780
v 1.090009 -1.336684 0.089321
v 1.100002 -1.336714 0.100549
v 1.110000 -1.336718 0.107328
v 1.120000 -1.336719 0.111872
v 1.130000 -1.336719 0.113265
v 1.140000 -1.336719 0.110441
v 1.150000 -1.336719 0.103783
v 1.159995 -1.336727 0.092342
v 1.169961 -1.336812 0.076115
v 1.179326 -1.329165 0.000000
v 1.179885 -1.337202 0.060219
v 1.185961 -1.330669 0.000000
v 1.188988 -1.337860 0.000000
v 1.080945 -1.346903 0.000000
v 1.074074 -1.343426 0.000000
v 1.090112 -1.347563 0.060561
v 1.100038 -1.347950 0.076303
v 1.110004 -1.348015 0.091850
v 1.120001 -1.348042 0.100738
v 1.130000 -1.348047 0.106751
v 1.140000 -1.348047 0.110217
v 1.150000 -1.348047 0.109978
v 1.160000 -1.348047 0.105541
v 1.169998 -1.348051 0.098284
v 1.179967 -1.348081 0.086070
v 1.189518 -1.348167 0.057592
v 1.195281 -1.341285 0.000000
v 1.196224 -1.348696 0.000000
v 1.090674 -1.355597 0.000000
v 1.084034 -1.354097 0.000000
v 1.100514 -1.358363 0.000000
v 1.110080 -1.358902 0.061128
v 1.120037 -1.359283 0.076410
v 1.130005 -1.359367 0.092482
v 1.140000 -1.359375 0.103662
v 1.150000 -1.359375 0.109241
v 1.160000 -1.359375 0.108209
v 1.169999 -1.359375 0.101097
v 1.179966 -1.359366 0.086695
v 1.189518 -1.359259 0.057655
v 1.196224 -1.358726 0.000000
v 1.110669 -1.366930 0.000000
v 1.103972 -1.365446 0.000000
v 1.120516 -1.369762 0.000000
v 1.130100 -1.370566 0.064389
v 1.140009 -1.370692 0.089779
v 1.150000 -1.370702 0.101623
v 1.160000 -1.370702 0.101490
v 1.169990 -1.370692 0.089475
v 1.179866 -1.370555 0.063480
v 1.188986 -1.369633 0.000000
v 1.195281 -1.366142 0.000000
v 1.130944 -1.380959 0.000000
v 1.124012 -1.377437 0.000000
v 1.140131 -1.381880 0.063502
v 1.150009 -1.381993 0.086780
v 1.159991 -1.381993 0.086770
v 1.169869 -1.381880 0.063483
v 1.179053 -1.380958 0.000000
v 1.185921 -1.377416 0.000000
v 1.140945 -1.392210 0.000000
v 1.134074 -1.388739 0.000000
v 1.150103 -1.392814 0.057661
v 1.159897 -1.392814 0.057661
v 1.169055 -1.392210 0.000000
v 1.175926 -1.388739 0.000000
v 1.150573 -1.400409 0.000000
v 1.144026 -1.399342 0.000000
v 1.159427 -1.400409 0.000000
v 1.165974 -1.399342 0.000000
f 747 800 799 746
f 26 40 41 27
f 4364 4379 4380 4365
f 4358 4370 4372 4371
f 2279 2340 2342 2341
f 4377 4390 4392 4378
f 3313 3369 3370 3314
f 3154 3215 3216 3155
f 93 118 119 94
f 4219 4233 4234 4221
f 12 30 31 14
f 4369 4384 4385 4370
f 4397 4408 4409 4398
f 1988 2035 2036 1989
f 429 477 478 430
f 2258 2259 2261 2260
f 4381 4395 4396 4382
f 4399 4410 4411 4400
f 123 140 141 124
f 1878 1922 1921 1877
f 399 447 448 400
f 3789 3839 3840 3790
f 8 28 29 10
f 489 539 540 490
f 4330 4344 4346 4332
f 2194 2244 2245 2195
f 4340 4354 4355 4341
f 4341 4355 4356 4343
f 4422 4429 4428 4424
f 2664 2727 2728 2665
f 130 147 148 132
f 3848 3850 3849 3801
f 4339 4353 4354 4340
f 977 1026 1027 978
f 23 25 24 4
f 970 1020 1021 971
f 1972 2020 2019 1971
f 392 394 393 351
f 573 629 628 574
f 513 563 564 514
f 4350 4363 4364 4351
f 4368 4383 4384 4369
f 2067 2116 2117 2068
f 4195 4208 4210 4197
f 24 38 40 26
f 4394 4405 4406 4395
f 471 515 516 472
f 14 31 33 32
f 39 52 54 38
f 32 33 34 18
f 2621 2689 2690 2622
f 227 228 230 229
f 67 80 81 68
f 1577 1625 1626 1578
f 5 6 8 7
f 46 61 62 47
f 31 45 46 33
f 241 280 281 242
f 4326 4338 4339 4327
f 2217 2278 2279 2218
f 76 89 90 77
f 53 66 65 52
f 2035 2090 2091 2036
f 7 8 10 9
f 4407 4416 4417 4408
f 3046 3107 3108 3047
f 98 123 124 99
f 293 295 294 257
f 3297 3356 3358 3299
f 4366 4381 4382 4367
f 62 75 76 63
f 4343 4356 4358 4357
f 2093 2096 2095 2094
f 725 781 782 726
f 2177 2228 2230 2179
f 543 592 593 544
f 4378 4392 4393 4379
f 54 67 68 55
f 4267 4268 4269 4253
f 30 44 45 31
f 63 76 77 64
f 267 305 307 269
f 4349 4362 4363 4350
f 87 100 101 88
f 3249 3303 3304 3250
f 99 124 125 100
f 69 82 83 70
f 4229 4243 4244 4230
f 4251 4253 4252 4237
f 4215 4229 4230 4216
f 3463 3522 3523 3464
f 1033 1090 1091 1034
f 2161 2215 2216 2162
f 116 133 135 118
f 165 188 189 166
f 56 69 70 57
f 325 370 372 324
f 61 74 75 62
f 29 43 44 30
f 3233 3288 3289 3234
f 3877 3913 3914 3878
f 111 112 115 114
f 2156 2210 2211 2157
f 3792 3842 3843 3793
f 179 201 202 180
f 1089 1135 1136 1090
f 615 673 674 616
f 4385 4399 4400 4386
f 3258 3316 3317 3259
f 103 104 107 106
f 2871 2929 2930 2872
f 1049 1101 1103 1048
f 3225 3279 3281 3226
f 2211 2272 2273 2212
f 19 20 22 21
f 71 84 85 72
f 120 137 138 121
f 630 685 687 632
f 347 389 390 348
f 147 165 166 148
f 148 166 167 150
f 109 130 132 131
f 1082 1128 1129 1083
f 70 83 84 71
f 104 127 129 107
f 217 263 264 218
f 10 29 30 12
f 2274 2335 2336 2275
f 134 152 151 133
f 72 85 86 73
f 178 200 201 179
f 3202 3260 3261 3203
f 2138 2194 2195 2139
f 1725 1774 1776 1775
f 1029 1086 1087 1030
f 397 445 446 398
f 687 746 748 688
f 133 151 153 135
f 2363 2422 2423 2364
f 4307 4320 4321 4308
f 2068 2117 2118 2069
f 2 3 6 5
f 459 460 462 461
f 2266 2327 2328 2267
f 4418 4425 4426 4419
f 102 105 104 103
f 127 144 146 129
f 2446 2511 2512 2447
f 282 319 320 283
f 157 180 181 158
f 159 182 183 160
f 1050 1051 1053 1052
f 144 162 164 146
f 1055 1106 1107 1057
f 505 555 556 506
f 2185 2236 2237 2186
f 52 65 67 54
f 141 159 160 142
f 2131 2185 2186 2132
f 4283 4297 4298 4284
f 175 197 196 174
f 274 312 313 275
f 463 507 508 464
f 493 543 544 494
f 3257 3315 3316 3258
f 117 134 133 116
f 158 181 182 159
f 167 190 191 169
f 160 183 184 161
f 2174 2225 2226 2175
f 45 60 61 46
f 182 204 205 183
f 3205 3263 3264 3206
f 1041 1098 1099 1042
f 4384 4398 4399 4385
f 135 153 154 136
f 1520 1556 1555 1522
f 203 246 247 204
f 4124 4137 4138 4125
f 759 816 817 760
f 2115 2170 2171 2116
f 79 92 91 78
f 2044 2099 2100 2046
f 920 970 971 922
f 1189 1242 1243 1190
f 42 57 58 43
f 1617 1667 1668 1618
f 2551 2623 2624 2552
f 467 511 512 468
f 3232 3287 3288 3233
f 4374 4387 4389 4388
f 228 270 271 230
f 549 608 609 550
f 3922 3954 3955 3923
f 222 223 226 225
f 191 217 218 192
f 192 218 219 193
f 757 814 816 759
f 258 297 298 259
f 2209 2270 2271 2210
f 176 198 199 177
f 36 49 50 37
f 250 287 289 252
f 2306 2365 2367 2307
f 190 216 217 191
f 168 169 171 170
f 1365 1391 1392 1366
f 823 879 880 824
f 166 189 190 167
f 80 93 94 81
f 2226 2285 2286 2227
f 477 521 522 478
f 547 607 608 549
f 251 288 287 250
f 3289 3346 3347 3290
f 34 47 48 35
f 110 113 112 111
f 2201 2263 2264 2203
f 1065 1113 1114 1067
f 260 299 300 261
f 2163 2217 2218 2164
f 611 669 670 612
f 2920 2984 2985 2919
f 2108 2164 2165 2109
f 2241 2304 2306 2243
f 637 690 691 639
f 3281 3338 3339 3282
f 315 360 362 317
f 230 271 272 232
f 223 267 269 226
f 224 268 267 223
f 895 948 949 896
f 2193 2243 2244 2194
f 189 215 216 190
f 254 290 292 291
f 215 261 262 216
f 256 296 297 258
f 4159 4172 4173 4160
f 1081 1127 1126 1080
f 283 320 321 284
f 231 232 234 233
f 2147 2203 2204 2150
f 2092 2142 2144 2143
f 2925 2990 2991 2926
f 173 193 195 194
f 82 95 96 83
f 3273 3330 3331 3274
f 2281 2344 2343 2280
f 272 310 311 273
f 2178 2229 2228 2177
f 1541 1576 1577 1542
f 3914 3948 3949 3915
f 300 345 346 301
f 4173 4186 4187 4174
f 685 747 746 687
f 75 88 89 76
f 4363 4378 4379 4364
f 1230 1265 1266 1231
f 271 309 310 272
f 270 308 309 271
f 264 303 304 265
f 926 975 976 927
f 2527 2595 2596 2528
f 74 87 88 75
f 2346 2405 2406 2347
f 261 300 301 262
f 262 301 302 263
f 335 336 338 337
f 691 751 752 693
f 3981 4008 4009 3982
f 187 213 214 188
f 975 1024 1025 976
f 333 334 336 335
f 238 275 277 276
f 4355 4368 4369 4356
f 232 272 273 234
f 2349 2408 2409 2350
f 2338 2398 2399 2339
f 181 203 204 182
f 59 72 73 60
f 1034 1091 1092 1035
f 303 348 349 304
f 3234 3289 3290 3235
f 3622 3682 3684 3623
f 289 326 327 290
f 3326 3381 3382 3327
f 309 354 355 310
f 196 239 241 198
f 2195 2245 2246 2196
f 295 339 340 294
f 2140 2196 2197 2141
f 410 456 457 411
f 479 523 524 480
f 302 347 348 303
f 296 341 342 297
f 1829 1874 1875 1830
f 765 822 823 766
f 4323 4335 4336 4324
f 301 346 347 302
f 326 373 374 327
f 279 316 315 278
f 328 375 376 330
f 2022 2077 2078 2023
f 771 828 829 772
f 1057 1107 1108 1059
f 801 856 857 802
f 2124 2178 2177 2123
f 199 242 243 200
f 2179 2230 2231 2180
f 344 386 387 345
f 183 205 206 184
f 153 176 177 154
f 363 407 408 364
f 364 408 409 365
f 269 307 308 270
f 342 384 385 343
f 1727 1728 1731 1730
f 336 379 380 338
f 386 433 434 387
f 2273 2334 2335 2274
f 3369 3425 3426 3370
f 221 224 223 222
f 334 378 379 336
f 4411 4420 4421 4412
f 107 129 130 109
f 310 355 356 311
f 837 893 894 838
f 2045 2046 2048 2047
f 1119 1186 1187 1120
f 341 383 384 342
f 246 285 286 247
f 327 374 375 328
f 312 357 358 313
f 1391 1424 1425 1392
f 835 891 892 836
f 2233 2296 2297 2234
f 3329 3384 3385 3330
f 413 416 415 414
f 94 119 120 95
f 367 411 412 368
f 240 279 278 239
f 47 62 63 48
f 657 658 659 599
f 395 443 444 396
f 396 444 445 397
f 91 116 118 93
f 366 410 411 367
f 4387 4401 4402 4389
f 755 807 809 808
f 2758 2813 2814 2759
f 2289 2290 2291 2229
f 3321 3377 3378 3322
f 381 428 429 382
f 1218 1219 1221 1220
f 383 430 431 384
f 96 121 122 97
f 2253 2254 2257 2256
f 1247 1279 1278 1248
f 2227 2286 2288 2287
f 375 422 423 376
f 4223 4236 4238 4222
f 3791 3841 3842 3792
f 825 881 882 826
f 909 959 958 908
f 1713 1767 1768 1714
f 2225 2284 2285 2226
f 373 420 421 374
f 3511 3584 3585 3512
f 343 385 386 344
f 2415 2482 2483 2416
f 915 965 966 916
f 154 177 178 155
f 428 476 477 429
f 357 401 402 358
f 390 437 438 391
f 2202 2262 2263 2201
f 2359 2418 2419 2360
f 648 704 705 649
f 81 94 95 82
f 981 1030 1031 982
f 2410 2477 2478 2411
f 18 34 35 17
f 414 415 417 371
f 20 36 37 22
f 2732 2788 2789 2733
f 2104 2160 2161 2105
f 466 510 511 467
f 170 171 173 172
f 1351 1352 1353 1330
f 1800 1840 1842 1841
f 2420 2487 2488 2421
f 2309 2369 2370 2310
f 339 381 382 340
f 2402 2471 2470 2404
f 155 178 179 156
f 1106 1174 1175 1107
f 407 453 454 408
f 376 423 424 377
f 488 538 539 489
f 2674 2737 2738 2675
f 1077 1124 1125 1078
f 461 462 463 416
f 2267 2328 2329 2268
f 431 479 480 432
f 3913 3947 3948 3914
f 3191 3250 3251 3192
f 995 1044 1045 996
f 3337 3392 3394 3336
f 422 470 471 423
f 4 24 26 3
f 2252 2255 2254 2253
f 4236 4254 4255 4238
f 401 449 450 402
f 1073 1120 1121 1074
f 1431 1434 1433 1432
f 445 491 492 446
f 454 500 501 455
f 455 501 502 456
f 440 486 488 442
f 4152 4166 4167 4154
f 602 603 605 604
f 483 527 528 484
f 1665 1707 1708 1666
f 139 157 158 140
f 2315 2316 2318 2255
f 447 493 494 448
f 464 508 509 465
f 2800 2854 2855 2801
f 2437 2504 2505 2440
f 202 245 246 203
f 492 542 543 493
f 1075 1122 1123 1076
f 1117 1183 1185 1118
f 415 464 465 417
f 470 514 515 471
f 2188 2239 2240 2190
f 317 362 363 318
f 313 358 359 314
f 2442 2507 2508 2443
f 469 513 514 470
f 499 549 550 500
f 351 393 395 350
f 522 572 573 523
f 2265 2326 2327 2266
f 491 541 542 492
f 1463 1496 1497 1464
f 453 499 500 454
f 462 506 507 463
f 255 257 256 212
f 480 524 525 481
f 901 954 955 902
f 2581 2652 2653 2582
f 497 547 549 499
f 3361 3417 3418 3362
f 421 469 470 422
f 430 478 479 431
f 4382 4396 4397 4383
f 472 516 517 473
f 245 284 285 246
f 1123 1190 1191 1124
f 523 573 574 524
f 524 574 575 525
f 365 409 410 366
f 374 421 422 375
f 448 494 495 449
f 3496 3567 3568 3497
f 1105 1173 1174 1106
f 2257 2320 2321 2259
f 3353 3410 3411 3355
f 229 230 232 231
f 2299 2360 2361 2300
f 501 551 552 502
f 1543 1578 1579 1544
f 180 202 203 181
f 2298 2359 2360 2299
f 3039 3100 3101 3040
f 384 431 432 385
f 1051 1104 1105 1053
f 1253 1284 1285 1254
f 3345 3402 3403 3346
f 307 352 353 308
f 502 552 553 503
f 535 580 582 581
f 2220 2281 2280 2222
f 1811 1857 1858 1812
f 604 605 606 548
f 122 139 140 123
f 512 562 563 513
f 1121 1188 1189 1122
f 2538 2539 2541 2540
f 1615 1665 1666 1616
f 2249 2312 2313 2251
f 541 590 591 542
f 526 576 577 527
f 332 377 378 334
f 544 593 594 545
f 2781 2836 2837 2782
f 1421 1457 1458 1422
f 563 622 623 564
f 2466 2531 2532 2467
f 533 579 578 532
f 2283 2346 2347 2284
f 487 537 536 486
f 2204 2265 2266 2205
f 3485 3543 3544 3486
f 57 70 71 58
f 234 273 274 236
f 468 512 513 469
f 509 559 560 510
f 550 609 610 551
f 2242 2305 2304 2241
f 58 71 72 59
f 1341 1365 1366 1342
f 610 668 669 611
f 1071 1118 1119 1072
f 542 591 592 543
f 2949 2952 2951 2950
f 1687 1741 1742 1688
f 3341 3398 3399 3342
f 552 611 612 553
f 1315 1338 1339 1316
f 226 269 270 228
f 1689 1743 1744 1690
f 211 258 259 213
f 510 560 561 511
f 84 97 98 85
f 600 601 603 602
f 2701 2765 2766 2702
f 451 497 499 453
f 612 670 671 613
f 551 610 611 552
f 1885 1929 1931 1930
f 591 647 648 592
f 1154 1205 1206 1156
f 350 395 396 352
f 773 830 831 774
f 557 616 617 558
f 2339 2399 2400 2340
f 68 81 82 69
f 520 571 570 521
f 198 241 242 199
f 553 612 613 554
f 171 192 193 173
f 3505 3507 3506 3447
f 589 645 646 590
f 582 633 635 634
f 599 659 660 598
f 3330 3385 3386 3331
f 2955 3019 3020 2956
f 714 772 773 716
f 3340 3397 3398 3341
f 1759 1801 1803 1760
f 235 236 238 237
f 606 664 665 607
f 655 656 658 657
f 2268 2329 2330 2269
f 790 847 848 791
f 559 618 619 560
f 2323 2383 2384 2324
f 592 648 649 593
f 1558 1589 1590 1559
f 3513 3586 3587 3514
f 613 671 672 614
f 495 545 546 496
f 3401 3455 3456 3402
f 1390 1423 1424 1391
f 624 682 683 625
f 3037 3098 3099 3038
f 2963 3027 3028 2964
f 660 724 725 661
f 605 663 664 606
f 622 680 681 623
f 124 141 142 125
f 2236 2299 2300 2237
f 718 774 775 719
f 1387 1420 1421 1388
f 565 624 625 566
f 614 672 673 615
f 4317 4331 4330 4319
f 1417 1453 1454 1418
f 517 567 568 518
f 590 646 647 591
f 259 298 299 260
f 640 696 698 642
f 281 318 319 282
f 667 731 732 668
f 3393 3447 3446 3392
f 645 701 702 646
f 518 568 569 519
f 623 681 682 624
f 632 687 688 633
f 1797 1838 1839 1798
f 698 760 761 699
f 1257 1288 1289 1258
f 1855 1900 1901 1854
f 653 720 721 656
f 382 429 430 383
f 647 703 704 648
f 608 666 667 609
f 2590 2659 2660 2591
f 3173 3232 3233 3174
f 1549 1584 1585 1550
f 3385 3440 3441 3386
f 243 282 283 244
f 118 135 136 119
f 100 125 126 101
f 536 586 587 538
f 669 733 734 670
f 671 735 736 672
f 400 448 449 401
f 4187 4203 4204 4188
f 1443 1481 1482 1444
f 1129 1193 1195 1130
f 661 725 726 662
f 663 727 728 664
f 700 762 763 701
f 3174 3233 3234 3175
f 664 728 729 665
f 1169 1226 1227 1168
f 723 779 780 724
f 2546 2617 2619 2547
f 709 712 711 710
f 2685 2751 2750 2687
f 631 686 685 630
f 2412 2479 2480 2413
f 3998 4016 4018 4017
f 1363 1389 1390 1364
f 1927 1978 1979 1928
f 3426 3483 3484 3427
f 2282 2345 2346 2283
f 1209 1251 1252 1210
f 2530 2598 2599 2531
f 1258 1289 1290 1259
f 156 179 180 157
f 704 766 767 705
f 3782 3832 3833 3783
f 1515 1553 1554 1516
f 3489 3547 3548 3490
f 636 637 639 638
f 106 107 109 108
f 3011 3014 3013 3012
f 695 753 755 754
f 696 759 760 698
f 3110 3173 3174 3111
f 225 226 228 227
f 1621 1671 1672 1622
f 3409 3462 3463 3410
f 331 332 334 333
f 2651 2718 2719 2652
f 719 775 776 720
f 672 736 737 673
f 2310 2370 2371 2311
f 762 819 820 763
f 2865 2923 2924 2866
f 1991 2050 2051 1993
f 693 752 753 695
f 1437 1475 1476 1438
f 3437 3496 3497 3438
f 1753 1754 1756 1755
f 733 789 790 734
f 654 719 720 653
f 140 158 159 141
f 3370 3426 3427 3371
f 751 804 805 752
f 1729 1777 1778 1728
f 2332 2392 2393 2333
f 1571 1619 1620 1572
f 2849 2907 2908 2850
f 275 313 314 277
f 735 791 792 736
f 728 784 785 729
f 607 665 666 608
f 585 641 640 584
f 1733 1780 1781 1735
f 772 829 830 773
f 749 802 803 750
f 2395 2461 2462 2396
f 727 783 784 728
f 808 809 811 810
f 916 966 967 917
f 842 898 899 843
f 665 729 730 666
f 2594 2663 2664 2595
f 741 797 798 742
f 734 790 791 735
f 703 765 766 704
f 2316 2377 2378 2318
f 1239 1271 1273 1240
f 3589 3654 3653 3591
f 787 844 845 788
f 2079 2129 2130 2080
f 701 763 764 702
f 766 823 824 767
f 639 691 693 692
f 768 825 826 769
f 2047 2048 2049 1992
f 1659 1700 1702 1660
f 338 380 381 339
f 3441 3500 3501 3442
f 717 718 719 654
f 2379 2445 2446 2380
f 503 553 554 504
f 760 817 818 761
f 1895 1896 1899 1898
f 561 620 621 562
f 1845 1848 1847 1846
f 736 792 793 737
f 767 824 825 768
f 1111 1179 1180 1112
f 826 882 883 827
f 2345 2404 2405 2346
f 820 876 877 821
f 525 575 576 526
f 782 839 840 783
f 324 372 373 326
f 311 356 357 312
f 819 875 876 820
f 4392 4404 4403 4393
f 3749 3793 3794 3750
f 2370 2429 2430 2371
f 774 831 832 775
f 680 744 745 681
f 2246 2309 2310 2247
f 1731 1779 1780 1733
f 2337 2397 2398 2338
f 3425 3482 3483 3426
f 443 489 490 444
f 750 803 804 751
f 807 862 863 809
f 2372 2431 2432 2373
f 715 716 718 717
f 1225 1260 1261 1226
f 1893 1937 1939 1938
f 2159 2213 2214 2160
f 186 212 211 185
f 662 726 727 663
f 799 854 856 801
f 792 849 850 793
f 2180 2231 2232 2181
f 1643 1688 1689 1644
f 2329 2389 2390 2330
f 3417 3472 3473 3418
f 821 877 878 822
f 2443 2508 2509 2444
f 775 832 833 776
f 824 880 881 825
f 3615 3677 3678 3616
f 1241 1274 1275 1242
f 859 912 913 860
f 860 913 914 861
f 603 662 663 605
f 814 870 872 816
f 2322 2382 2383 2323
f 2348 2407 2408 2349
f 40 55 56 41
f 2629 2697 2698 2630
f 838 894 895 839
f 840 896 897 841
f 4311 4324 4325 4312
f 545 594 595 546
f 370 418 419 372
f 2626 2694 2695 2627
f 781 838 839 782
f 2419 2486 2487 2420
f 236 274 275 238
f 832 888 889 833
f 3519 3589 3591 3520
f 1965 2013 2014 1966
f 138 156 157 139
f 831 887 888 832
f 854 909 908 856
f 800 855 854 799
f 2703 2767 2769 2705
f 898 951 952 899
f 362 406 407 363
f 2287 2288 2290 2289
f 371 417 418 370
f 846 902 903 847
f 863 916 917 864
f 3410 3463 3464 3411
f 1232 1267 1268 1233
f 4141 4153 4152 4140
f 763 820 821 764
f 2618 2686 2685 2617
f 845 901 902 846
f 822 878 879 823
f 212 256 258 211
f 2396 2462 2463 2397
f 1064 1112 1113 1065
f 1899 1946 1947 1900
f 554 613 614 555
f 740 796 797 741
f 877 930 931 878
f 1242 1275 1276 1243
f 879 932 933 880
f 864 917 918 865
f 3324 3379 3381 3326
f 305 350 352 307
f 2053 2106 2107 2054
f 1695 1750 1751 1697
f 355 399 400 356
f 2475 2549 2550 2476
f 871 924 923 870
f 893 946 947 894
f 452 498 497 451
f 878 931 932 879
f 839 895 896 840
f 888 941 942 889
f 1664 1706 1707 1665
f 994 1043 1044 995
f 1161 1162 1164 1163
f 2162 2216 2217 2163
f 885 938 939 886
f 902 955 956 903
f 783 840 841 784
f 2380 2446 2447 2381
f 3523 3594 3595 3524
f 931 980 981 932
f 861 914 915 862
f 2459 2524 2525 2460
f 268 306 305 267
f 912 962 963 913
f 2392 2458 2459 2393
f 4285 4299 4300 4286
f 2417 2484 2485 2418
f 1597 1600 1599 1598
f 789 846 847 790
f 918 968 969 919
f 903 956 957 904
f 896 949 950 897
f 2264 2325 2326 2265
f 1971 2019 2021 1973
f 2125 2179 2180 2126
f 3332 3387 3388 3333
f 411 457 458 412
f 910 960 961 911
f 927 976 977 928
f 872 925 926 873
f 1592 1642 1643 1593
f 329 330 332 331
f 2377 2443 2444 2378
f 2025 2080 2081 2026
f 917 967 968 918
f 886 939 940 887
f 776 833 834 777
f 978 1027 1028 979
f 941 990 991 942
f 830 886 887 831
f 816 872 873 817
f 2631 2699 2700 2632
f 38 54 55 40
f 979 1028 1029 980
f 972 1023 1022 974
f 387 434 435 388
f 670 734 735 671
f 252 289 290 254
f 688 748 749 689
f 3360 3416 3417 3361
f 2027 2082 2083 2028
f 1873 1917 1918 1874
f 942 991 992 943
f 943 992 993 944
f 408 454 455 409
f 213 259 260 214
f 713 714 716 715
f 2369 2428 2429 2370
f 2431 2498 2499 2432
f 1005 1006 1008 1007
f 2643 2711 2712 2644
f 935 984 985 936
f 2564 2635 2637 2566
f 3992 4011 4010 3991
f 1955 2004 2005 1956
f 2205 2266 2267 2206
f 1793 1834 1833 1792
f 949 998 999 950
f 1330 1353 1354 1329
f 911 961 962 912
f 3490 3548 3550 3549
f 4380 4394 4395 4381
f 1273 1302 1304 1274
f 2361 2420 2421 2362
f 982 1031 1032 983
f 2354 2413 2414 2355
f 2107 2163 2164 2108
f 1060 1061 1062 1004
f 974 1022 1024 975
f 984 1033 1034 985
f 145 163 162 144
f 298 343 344 299
f 2503 2575 2576 2504
f 1011 1068 1070 1012
f 950 999 1000 951
f 2724 2780 2781 2725
f 4308 4321 4322 4309
f 442 488 489 443
f 4113 4124 4125 4115
f 925 974 975 926
f 1274 1304 1305 1275
f 308 353 354 309
f 944 993 994 945
f 3880 3916 3917 3881
f 1074 1121 1122 1075
f 2285 2348 2349 2286
f 2954 3018 3019 2955
f 2611 2612 2614 2613
f 3442 3501 3502 3443
f 3072 3134 3136 3135
f 318 363 364 319
f 434 482 483 435
f 2321 2381 2382 2322
f 162 185 187 164
f 1054 1055 1057 1056
f 983 1032 1033 984
f 2540 2541 2543 2542
f 621 679 680 622
f 2171 2222 2223 2172
f 899 952 953 900
f 2559 2631 2632 2560
f 427 475 476 428
f 1022 1081 1080 1024
f 1015 1073 1074 1016
f 1008 1065 1067 1066
f 597 598 601 600
f 961 1011 1012 962
f 83 96 97 84
f 1032 1089 1090 1033
f 2385 2451 2452 2386
f 989 1038 1039 990
f 292 328 330 329
f 829 885 886 830
f 2357 2416 2417 2358
f 1037 1094 1095 1038
f 2531 2599 2600 2532
f 1039 1096 1097 1040
f 2452 2517 2518 2453
f 1229 1264 1265 1230
f 2693 2757 2758 2694
f 1076 1123 1124 1077
f 1038 1095 1096 1039
f 1031 1088 1089 1032
f 1048 1103 1104 1051
f 1109 1177 1178 1110
f 609 667 668 610
f 1113 1181 1182 1114
f 2730 2786 2787 2731
f 1061 1109 1110 1062
f 379 426 427 380
f 1040 1097 1098 1041
f 1170 1228 1229 1171
f 1091 1137 1138 1092
f 2639 2707 2708 2640
f 1053 1105 1106 1055
f 1030 1087 1088 1031
f 991 1040 1041 992
f 1016 1074 1075 1017
f 389 436 437 390
f 446 492 493 447
f 482 526 527 483
f 3497 3568 3569 3498
f 1013 1071 1072 1014
f 933 982 983 934
f 1006 1064 1065 1008
f 3000 3059 3061 3001
f 2421 2488 2489 2422
f 805 860 861 806
f 919 969 970 920
f 948 997 998 949
f 2409 2476 2477 2410
f 1085 1131 1132 1086
f 791 848 849 792
f 2117 2172 2173 2118
f 1107 1175 1176 1108
f 511 561 562 512
f 958 1010 1009 960
f 651 654 653 652
f 4398 4409 4410 4399
f 960 1009 1011 961
f 2477 2551 2552 2478
f 2243 2306 2307 2244
f 2401 2467 2469 2468
f 1124 1191 1192 1125
f 218 264 265 219
f 2579 2650 2651 2580
f 2434 2500 2502 2501
f 2500 2573 2574 2502
f 2413 2480 2481 2414
f 2485 2559 2560 2486
f 1101 1170 1171 1103
f 1086 1132 1133 1087
f 908 958 960 910
f 1080 1126 1128 1082
f 947 996 997 948
f 601 661 662 603
f 2393 2459 2460 2394
f 3561 3562 3563 3493
f 1112 1180 1181 1113
f 1589 1639 1640 1590
f 1162 1209 1210 1164
f 1171 1229 1230 1172
f 2727 2783 2784 2728
f 1157 1158 1160 1159
f 1110 1178 1179 1111
f 598 660 661 601
f 3553 3554 3556 3555
f 2555 2627 2628 2556
f 2484 2558 2559 2485
f 2307 2367 2368 2308
f 1164 1210 1211 1166
f 1134 1199 1200 1135
f 1128 1194 1193 1129
f 1289 1317 1318 1290
f 2762 2817 2818 2763
f 1118 1185 1186 1119
f 2823 2881 2882 2824
f 1142 1143 1146 1145
f 1120 1187 1188 1121
f 2439 2440 2441 2376
f 2754 2809 2810 2755
f 1314 1337 1338 1315
f 1088 1134 1135 1089
f 3069 3132 3133 3071
f 3474 3534 3535 3475
f 1313 1336 1337 1314
f 506 556 557 507
f 1036 1093 1094 1037
f 1093 1139 1140 1094
f 2627 2695 2696 2628
f 580 632 633 582
f 2548 2620 2621 2549
f 1216 1217 1219 1218
f 1087 1133 1134 1088
f 3005 3065 3066 3006
f 3813 3858 3859 3814
f 2557 2629 2630 2558
f 2311 2371 2372 2312
f 210 250 252 209
f 1166 1211 1213 1212
f 498 548 547 497
f 2879 2935 2936 2880
f 531 532 535 534
f 1174 1232 1233 1175
f 3449 3510 3511 3450
f 1176 1234 1235 1177
f 1275 1305 1306 1276
f 137 155 156 138
f 1059 1108 1109 1061
f 1133 1198 1199 1134
f 372 419 420 373
f 3277 3334 3335 3278
f 2069 2118 2119 2070
f 1205 1247 1248 1206
f 1175 1233 1234 1176
f 3621 3683 3682 3622
f 1250 1281 1282 1251
f 2101 2157 2158 2102
f 1737 1783 1784 1738
f 475 519 520 476
f 2603 2672 2673 2604
f 1215 1255 1256 1217
f 2524 2592 2593 2525
f 3541 3613 3614 3542
f 894 947 948 895
f 1206 1248 1249 1207
f 356 400 401 357
f 1208 1250 1251 1209
f 1555 1586 1588 1557
f 2451 2516 2517 2452
f 593 649 650 594
f 1231 1266 1267 1232
f 1184 1237 1236 1183
f 2861 2919 2921 2863
f 625 683 684 626
f 1259 1290 1291 1260
f 1260 1291 1292 1261
f 1221 1258 1259 1223
f 1190 1243 1244 1191
f 1223 1259 1260 1225
f 1224 1225 1226 1169
f 739 795 796 740
f 1338 1362 1363 1339
f 2497 2570 2571 2498
f 3593 3656 3657 3594
f 1213 1254 1255 1215
f 1214 1215 1217 1216
f 1183 1236 1238 1185
f 1104 1172 1173 1105
f 4253 4269 4270 4252
f 1014 1072 1073 1015
f 2709 2773 2774 2710
f 2959 3023 3024 2960
f 1173 1231 1232 1174
f 1151 1152 1154 1153
f 1859 1905 1906 1860
f 2523 2591 2592 2524
f 2449 2514 2515 2450
f 1102 1168 1170 1101
f 968 1018 1019 969
f 142 160 161 143
f 297 342 343 298
f 1291 1319 1320 1292
f 3537 3609 3611 3539
f 1141 1144 1143 1142
f 966 1016 1017 967
f 404 452 451 406
f 1248 1278 1280 1249
f 478 522 523 479
f 1322 1345 1346 1323
f 2441 2506 2507 2442
f 1308 1329 1331 1307
f 539 588 589 540
f 678 742 743 679
f 1255 1286 1287 1256
f 2708 2772 2773 2709
f 398 446 447 399
f 1222 1223 1225 1224
f 3554 3623 3624 3556
f 3529 3601 3602 3530
f 2797 2851 2852 2798
f 1261 1292 1293 1262
f 2787 2842 2843 2788
f 1287 1315 1316 1288
f 1296 1324 1325 1297
f 2139 2195 2196 2140
f 2595 2664 2665 2596
f 1249 1280 1281 1250
f 3047 3108 3109 3048
f 1293 1321 1322 1294
f 1394 1427 1428 1395
f 388 435 436 389
f 1288 1316 1317 1289
f 4101 4112 4113 4103
f 1329 1354 1355 1331
f 1331 1355 1356 1332
f 3521 3592 3593 3522
f 1311 1334 1335 1312
f 2499 2572 2573 2500
f 1062 1110 1111 1063
f 634 635 637 636
f 1340 1364 1365 1341
f 515 565 566 516
f 1310 1333 1334 1311
f 1295 1323 1324 1296
f 1256 1287 1288 1257
f 990 1039 1040 991
f 1353 1379 1380 1354
f 2869 2927 2928 2870
f 2834 2893 2894 2835
f 1317 1340 1341 1318
f 2939 3004 3005 2940
f 1263 1294 1295 1264
f 3506 3580 3581 3508
f 2667 2730 2731 2668
f 578 630 632 580
f 1262 1293 1294 1263
f 1370 1373 1372 1371
f 1309 1332 1333 1310
f 2612 2678 2679 2614
f 2411 2478 2479 2412
f 337 338 339 295
f 850 906 907 851
f 3111 3174 3175 3112
f 1269 1300 1301 1270
f 2699 2763 2764 2700
f 2418 2485 2486 2419
f 1320 1343 1344 1321
f 1318 1341 1342 1319
f 1386 1419 1420 1387
f 2457 2522 2523 2458
f 2826 2884 2885 2827
f 242 281 282 243
f 1342 1366 1367 1343
f 436 484 485 437
f 1352 1378 1379 1353
f 1204 1245 1247 1205
f 579 631 630 578
f 2596 2665 2666 2597
f 1510 1548 1549 1511
f 3545 3617 3618 3546
f 1349 1377 1378 1352
f 3199 3257 3258 3200
f 1335 1359 1360 1336
f 1368 1394 1395 1369
f 1694 1749 1750 1695
f 2747 2800 2801 2749
f 2933 2998 3000 2935
f 1777 1816 1817 1778
f 1397 1398 1401 1400
f 1358 1384 1385 1359
f 1367 1393 1394 1368
f 1360 1386 1387 1361
f 1614 1664 1665 1615
f 641 697 696 640
f 1185 1238 1239 1186
f 1412 1448 1449 1413
f 555 614 615 556
f 2675 2738 2739 2676
f 420 468 469 421
f 1336 1360 1361 1337
f 2707 2771 2772 2708
f 1498 1528 1530 1529
f 1435 1436 1437 1399
f 1383 1416 1417 1384
f 1264 1295 1296 1265
f 642 698 699 643
f 1375 1408 1409 1376
f 1382 1415 1416 1383
f 862 915 916 863
f 3013 3078 3079 3015
f 1381 1414 1415 1382
f 1366 1392 1393 1367
f 1343 1367 1368 1344
f 2660 2723 2724 2661
f 1939 1988 1989 1941
f 1670 1712 1713 1671
f 2481 2555 2556 2482
f 2882 2938 2939 2883
f 1373 1406 1407 1372
f 1374 1375 1376 1350
f 1271 1303 1302 1273
f 1384 1417 1418 1385
f 2577 2648 2649 2578
f 1427 1463 1464 1428
f 3263 3321 3322 3264
f 1357 1383 1384 1358
f 1278 1308 1307 1280
f 1159 1160 1162 1161
f 1408 1444 1445 1409
f 2987 3049 3050 2988
f 2811 2867 2868 2812
f 2473 2547 2548 2474
f 3585 3650 3651 3586
f 633 688 689 635
f 3077 3143 3144 3078
f 2739 2793 2794 2740
f 1474 1508 1509 1475
f 2502 2574 2575 2503
f 1444 1482 1483 1445
f 1285 1313 1314 1286
f 1406 1442 1443 1407
f 1399 1437 1438 1398
f 2628 2696 2697 2629
f 2902 2967 2968 2903
f 1894 1897 1896 1895
f 2465 2530 2531 2466
f 3577 3643 3644 3579
f 1149 1150 1152 1151
f 1470 1471 1472 1434
f 564 623 624 565
f 1424 1460 1461 1425
f 2830 2890 2891 2832
f 2498 2571 2572 2499
f 3275 3332 3333 3276
f 2891 2956 2957 2892
f 1499 1502 1501 1500
f 3327 3382 3383 3328
f 813 865 867 866
f 2723 2779 2780 2724
f 1447 1485 1486 1448
f 1416 1452 1453 1417
f 674 738 739 675
f 3569 3634 3635 3570
f 4400 4411 4412 4401
f 1476 1510 1511 1477
f 1439 1477 1478 1440
f 1392 1425 1426 1393
f 2102 2158 2159 2103
f 1377 1410 1411 1378
f 3141 3204 3205 3142
f 2914 2978 2979 2915
f 3972 3999 4001 3974
f 1446 1484 1485 1447
f 1407 1443 1444 1408
f 3538 3610 3609 3537
f 3462 3521 3522 3463
f 2795 2849 2850 2796
f 666 730 731 667
f 3399 3453 3454 3400
f 3398 3452 3453 3399
f 1379 1412 1413 1380
f 2906 2969 2971 2907
f 1188 1241 1242 1189
f 1438 1476 1477 1439
f 2450 2515 2516 2451
f 2692 2756 2757 2693
f 3571 3636 3637 3572
f 1393 1426 1427 1394
f 2637 2705 2706 2638
f 1372 1407 1408 1375
f 500 550 551 501
f 3694 3747 3748 3695
f 1414 1450 1451 1415
f 1413 1449 1450 1414
f 1471 1505 1506 1472
f 1464 1497 1498 1465
f 4190 4191 4193 4192
f 646 702 703 647
f 3213 3270 3271 3214
f 2943 2946 2945 2944
f 2425 2492 2491 2424
f 1378 1411 1412 1379
f 1535 1536 1538 1537
f 1496 1526 1527 1497
f 4078 4091 4092 4080
f 617 675 676 618
f 1217 1256 1257 1219
f 2676 2739 2740 2677
f 2690 2754 2755 2691
f 1539 1574 1575 1540
f 1020 1078 1079 1021
f 643 699 700 644
f 2771 2824 2825 2772
f 484 528 529 485
f 1512 1550 1551 1513
f 865 918 919 867
f 1605 1606 1608 1607
f 1504 1542 1543 1505
f 1494 1524 1525 1495
f 1525 1559 1560 1526
f 1472 1506 1507 1473
f 2134 2188 2190 2189
f 2561 2633 2634 2562
f 1548 1583 1584 1549
f 1522 1555 1557 1523
f 1526 1560 1561 1527
f 1511 1549 1550 1512
f 1432 1433 1436 1435
f 3899 3932 3933 3900
f 3027 3091 3092 3028
f 3285 3342 3343 3286
f 3657 3715 3716 3658
f 1533 1571 1572 1536
f 3527 3599 3601 3529
f 2521 2588 2590 2522
f 1565 1566 1569 1568
f 2755 2810 2811 2756
f 1503 1541 1542 1504
f 1280 1307 1309 1281
f 3254 3311 3312 3253
f 345 387 388 346
f 1603 1604 1606 1605
f 1445 1483 1484 1446
f 1542 1577 1578 1543
f 3059 3120 3122 3061
f 2513 2585 2586 2514
f 1501 1540 1541 1503
f 1479 1513 1514 1480
f 239 278 280 241
f 3349 3406 3407 3350
f 675 739 740 676
f 1415 1451 1452 1416
f 1534 1570 1571 1533
f 4235 4237 4236 4223
f 1642 1687 1688 1643
f 2505 2577 2578 2506
f 3617 3679 3680 3618
f 1557 1588 1589 1558
f 1502 1539 1540 1501
f 532 578 580 535
f 976 1025 1026 977
f 583 585 584 537
f 2278 2339 2340 2279
f 1587 1637 1636 1586
f 1588 1638 1639 1589
f 1613 1614 1615 1567
f 1422 1458 1459 1423
f 416 463 464 415
f 746 799 801 748
f 3099 3162 3163 3100
f 3609 3673 3672 3611
f 659 723 724 660
f 1286 1314 1315 1287
f 1559 1590 1591 1560
f 3626 3687 3688 3627
f 887 940 941 888
f 193 219 220 195
f 1566 1616 1617 1569
f 1575 1623 1624 1576
f 1618 1668 1669 1619
f 3623 3684 3685 3624
f 3316 3372 3373 3317
f 516 566 567 517
f 2414 2481 2482 2415
f 1865 1911 1912 1866
f 2931 2996 2997 2932
f 3036 3096 3098 3037
f 3187 3246 3247 3188
f 1620 1670 1671 1621
f 1482 1516 1517 1483
f 1647 1648 1651 1650
f 1536 1572 1573 1538
f 815 871 870 814
f 737 793 794 738
f 3413 3468 3467 3412
f 2986 3048 3049 2987
f 1581 1629 1630 1582
f 1606 1660 1661 1608
f 1591 1641 1642 1592
f 4097 4108 4109 4098
f 92 117 116 91
f 3075 3142 3143 3077
f 738 794 795 739
f 3727 3773 3774 3728
f 1507 1545 1546 1508
f 2978 3041 3042 2979
f 1646 1649 1648 1647
f 1607 1608 1610 1609
f 2780 2835 2836 2781
f 95 120 121 96
f 1425 1461 1462 1426
f 2529 2597 2598 2530
f 3282 3339 3340 3283
f 1527 1561 1562 1528
f 1608 1661 1662 1610
f 3549 3550 3552 3551
f 1573 1621 1622 1574
f 2474 2548 2549 2475
f 1640 1685 1686 1641
f 3251 3305 3306 3252
f 1233 1268 1269 1234
f 3625 3686 3687 3626
f 891 944 945 892
f 1574 1622 1623 1575
f 548 606 607 547
f 2756 2811 2812 2757
f 1455 1490 1489 1457
f 169 191 192 171
f 1675 1717 1718 1676
f 3815 3860 3861 3816
f 306 351 350 305
f 1426 1462 1463 1427
f 1623 1673 1674 1624
f 1696 1697 1699 1698
f 380 427 428 381
f 1682 1737 1738 1684
f 778 835 836 779
f 1648 1691 1693 1651
f 1663 1705 1706 1664
f 2710 2774 2775 2711
f 2843 2902 2903 2844
f 596 599 598 597
f 3315 3371 3372 3316
f 1849 1850 1852 1851
f 1638 1682 1684 1639
f 3565 3630 3631 3566
f 673 737 738 674
f 1708 1762 1763 1709
f 731 787 788 732
f 1726 1729 1728 1727
f 1719 1720 1723 1722
f 1616 1666 1667 1617
f 1751 1795 1796 1752
f 1810 1854 1856 1809
f 2553 2625 2626 2554
f 1653 1694 1695 1655
f 2827 2885 2886 2828
f 1671 1713 1714 1672
f 2151 2205 2206 2152
f 1707 1761 1762 1708
f 2071 2120 2122 2121
f 1639 1684 1685 1640
f 1544 1579 1580 1545
f 692 693 695 694
f 2870 2928 2929 2871
f 2609 2610 2612 2611
f 3018 3082 3083 3019
f 1685 1739 1740 1686
f 1686 1740 1741 1687
f 1567 1615 1616 1566
f 2812 2868 2869 2813
f 1319 1342 1343 1320
f 4315 4328 4329 4316
f 3145 3208 3209 3146
f 1680 1721 1720 1719
f 3629 3690 3691 3630
f 699 761 762 700
f 1423 1459 1460 1424
f 803 858 859 804
f 1712 1766 1767 1713
f 2537 2603 2604 2539
f 1709 1763 1764 1710
f 1167 1169 1168 1102
f 2796 2850 2851 2797
f 2951 3016 3017 2953
f 3395 3449 3450 3396
f 1747 1793 1792 1749
f 3895 3930 3929 3897
f 1693 1747 1749 1694
f 1734 1735 1736 1683
f 724 780 781 725
f 1728 1778 1779 1731
f 866 867 869 868
f 1661 1703 1704 1662
f 1662 1704 1705 1663
f 2578 2649 2650 2579
f 1720 1772 1773 1723
f 393 442 443 395
f 3649 3709 3710 3650
f 2149 2150 2151 2096
f 1743 1789 1790 1744
f 1688 1742 1743 1689
f 3319 3375 3376 3320
f 1786 1825 1826 1787
f 3725 3771 3772 3726
f 3602 3666 3667 3603
f 802 857 858 803
f 3014 3077 3078 3013
f 1780 1819 1820 1781
f 1405 1441 1442 1406
f 1582 1630 1631 1583
f 2852 2910 2911 2853
f 3255 3313 3314 3256
f 3459 3518 3517 3458
f 1651 1693 1694 1653
f 3641 3701 3703 3643
f 1741 1787 1788 1742
f 2883 2939 2940 2884
f 900 953 954 901
f 1752 1796 1797 1754
f 1284 1312 1313 1285
f 1441 1479 1480 1442
f 3229 3284 3285 3230
f 3975 4002 4003 3976
f 883 936 937 884
f 1742 1788 1789 1743
f 1703 1758 1757 1704
f 2495 2568 2569 2496
f 1776 1815 1816 1777
f 3379 3434 3436 3381
f 1355 1381 1382 1356
f 3633 3694 3695 3634
f 394 440 442 393
f 1782 1821 1822 1783
f 2820 2879 2880 2822
f 3967 3991 3993 3968
f 1789 1828 1829 1790
f 2859 2916 2918 2917
f 3887 3922 3923 3888
f 1781 1820 1821 1782
f 1457 1489 1491 1458
f 1572 1620 1621 1573
f 330 376 377 332
f 1820 1866 1867 1821
f 1749 1792 1794 1750
f 1798 1839 1840 1800
f 2514 2586 2587 2515
f 1792 1833 1835 1794
f 4239 4256 4257 4240
f 1886 1932 1934 1888
f 1827 1872 1873 1828
f 3066 3127 3128 3067
f 620 678 679 621
f 1784 1823 1824 1785
f 200 243 244 201
f 73 86 87 74
f 2633 2701 2702 2634
f 4071 4086 4085 4073
f 346 388 389 347
f 1790 1829 1830 1791
f 128 145 144 127
f 3909 3943 3944 3910
f 3050 3111 3112 3051
f 795 852 853 796
f 1750 1794 1795 1751
f 1783 1822 1823 1784
f 1760 1803 1804 1761
f 1898 1899 1900 1855
f 1704 1757 1759 1705
f 1823 1869 1868 1824
f 3294 3351 3352 3295
f 1668 1710 1711 1669
f 3611 3672 3674 3612
f 1458 1491 1492 1459
f 652 653 656 655
f 697 757 759 696
f 1847 1886 1888 1850
f 2915 2979 2980 2916
f 1560 1591 1592 1561
f 1924 1975 1976 1925
f 1954 2003 2004 1955
f 2593 2662 2663 2594
f 3487 3545 3546 3488
f 1853 1855 1854 1810
f 1830 1875 1876 1832
f 1839 1882 1883 1840
f 1824 1868 1870 1825
f 3711 3759 3758 3713
f 4175 4188 4189 4177
f 1854 1901 1902 1856
f 1791 1830 1832 1831
f 3028 3092 3093 3029
f 1012 1070 1071 1013
f 3430 3487 3488 3431
f 1883 1927 1928 1884
f 2899 2964 2965 2900
f 1837 1880 1881 1838
f 1711 1765 1766 1712
f 3706 3756 3757 3707
f 712 770 771 711
f 3699 3752 3753 3700
f 1409 1445 1446 1410
f 1817 1863 1864 1818
f 779 836 837 780
f 668 732 733 669
f 1870 1913 1915 1871
f 1872 1916 1917 1873
f 2260 2261 2262 2202
f 4005 4025 4026 4006
f 1877 1921 1923 1879
f 369 371 370 325
f 1862 1908 1909 1863
f 992 1041 1042 993
f 1864 1910 1911 1865
f 1321 1344 1345 1322
f 1908 1955 1956 1909
f 1861 1907 1908 1862
f 1838 1881 1882 1839
f 1863 1909 1910 1864
f 1840 1883 1884 1842
f 1400 1401 1403 1402
f 1922 1971 1973 1921
f 1915 1962 1963 1916
f 3737 3782 3783 3738
f 1813 1859 1860 1814
f 1774 1814 1815 1776
f 1887 1933 1932 1886
f 3566 3631 3632 3567
f 1328 1330 1329 1308
f 882 935 936 883
f 4247 4264 4265 4248
f 1 4 3 2
f 1590 1640 1641 1591
f 644 700 701 645
f 3642 3702 3701 3641
f 3787 3837 3836 3786
f 1481 1515 1516 1482
f 2476 2550 2551 2477
f 4109 4120 4121 4110
f 3689 3741 3743 3690
f 827 883 884 828
f 1294 1322 1323 1295
f 1911 1958 1959 1912
f 2940 3005 3006 2941
f 560 619 620 561
f 1901 1948 1949 1902
f 1948 1997 1998 1949
f 702 764 765 703
f 1903 1950 1951 1904
f 1896 1945 1946 1899
f 1952 2001 2002 1953
f 874 927 928 875
f 2367 2426 2427 2368
f 1928 1979 1980 1929
f 1871 1915 1916 1872
f 1880 1924 1925 1881
f 3675 3735 3736 3676
f 1186 1239 1240 1187
f 3665 3726 3727 3666
f 1925 1976 1977 1926
f 1389 1422 1423 1390
f 2554 2626 2627 2555
f 2916 2980 2981 2918
f 2788 2843 2844 2789
f 1497 1527 1528 1498
f 2601 2670 2671 2602
f 4319 4330 4332 4320
f 811 864 865 813
f 3235 3290 3291 3236
f 1944 1991 1993 1943
f 3867 3905 3906 3869
f 4189 4205 4206 4191
f 3721 3723 3722 3663
f 1949 1998 1999 1950
f 1902 1949 1950 1903
f 708 769 770 712
f 2184 2235 2236 2185
f 1980 2028 2029 1981
f 1265 1296 1297 1266
f 1933 1983 1982 1932
f 2985 3047 3048 2986
f 1935 1985 1986 1936
f 1936 1986 1987 1937
f 2512 2584 2585 2513
f 321 366 367 322
f 1987 2034 2035 1988
f 3138 3202 3203 3140
f 2979 3042 3043 2980
f 1904 1951 1952 1905
f 2456 2521 2522 2457
f 2010 2064 2063 2009
f 930 979 980 931
f 4383 4397 4398 4384
f 1909 1956 1957 1910
f 1967 2015 2016 1969
f 1848 1887 1886 1847
f 4261 4277 4278 4262
f 378 425 426 379
f 756 758 757 697
f 2972 3035 3036 2973
f 2039 2042 2041 2040
f 3092 3156 3157 3093
f 3910 3944 3945 3911
f 2625 2693 2694 2626
f 3130 3197 3198 3132
f 867 919 920 869
f 1958 2007 2008 1959
f 1975 2023 2024 1976
f 1976 2024 2025 1977
f 1736 1782 1783 1737
f 3931 3965 3967 3932
f 2011 2065 2066 2012
f 721 777 778 722
f 2276 2337 2338 2277
f 2617 2685 2687 2619
f 1868 1914 1913 1870
f 1973 2021 2022 1974
f 1982 2031 2030 1984
f 1943 1993 1994 1945
f 1992 2049 2050 1991
f 2956 3020 3021 2957
f 3697 3750 3751 3698
f 4325 4337 4338 4326
f 1997 2055 2056 1998
f 2746 2747 2749 2748
f 1879 1923 1924 1880
f 2016 2070 2071 2018
f 3761 3811 3812 3762
f 2146 2147 2150 2149
f 2681 2682 2684 2683
f 48 63 64 49
f 1775 1776 1777 1729
f 2014 2068 2069 2015
f 2000 2058 2059 2001
f 3356 3412 3414 3358
f 4134 4143 4145 4135
f 2051 2104 2105 2052
f 1833 1878 1877 1835
f 843 899 900 844
f 1998 2056 2057 1999
f 4027 4044 4045 4028
f 3296 3353 3355 3354
f 2052 2105 2106 2053
f 1966 2014 2015 1967
f 1984 2030 2032 1985
f 3648 3708 3709 3649
f 705 767 768 706
f 962 1012 1013 963
f 3186 3245 3246 3187
f 2021 2076 2077 2022
f 1910 1957 1958 1911
f 1999 2057 2058 2000
f 3690 3743 3744 3691
f 3568 3633 3634 3569
f 2082 2132 2133 2083
f 892 945 946 893
f 3668 3729 3730 3669
f 4286 4300 4301 4287
f 6 27 28 8
f 136 154 155 137
f 2013 2067 2068 2014
f 3019 3083 3084 3020
f 2658 2721 2720 2657
f 4115 4125 4127 4126
f 2864 2922 2923 2865
f 1002 1003 1006 1005
f 3729 3775 3776 3730
f 1989 2036 2038 2037
f 2094 2095 2097 2042
f 2063 2114 2113 2065
f 3068 3070 3069 3009
f 4320 4332 4333 4321
f 1505 1543 1544 1506
f 1963 2011 2012 1964
f 2070 2119 2120 2071
f 1917 1964 1965 1918
f 2055 2108 2109 2056
f 2032 2087 2088 2033
f 4248 4265 4266 4250
f 4003 4023 4024 4004
f 3821 3875 3876 3822
f 2100 2156 2157 2101
f 4036 4051 4052 4037
f 1545 1580 1581 1546
f 1461 1494 1495 1462
f 2080 2130 2131 2081
f 2015 2069 2070 2016
f 4370 4385 4386 4372
f 3054 3115 3116 3055
f 78 91 93 80
f 3713 3758 3760 3714
f 1773 1813 1814 1774
f 2995 3057 3058 2996
f 2602 2671 2672 2603
f 2988 3050 3051 2989
f 85 98 99 86
f 689 749 750 690
f 1281 1309 1310 1282
f 216 262 263 217
f 1035 1092 1093 1036
f 2086 2136 2135 2085
f 2154 2208 2209 2155
f 3 26 27 6
f 2123 2177 2179 2125
f 3705 3754 3756 3706
f 474 518 519 475
f 2078 2128 2129 2079
f 780 837 838 781
f 2096 2151 2152 2095
f 2132 2186 2187 2133
f 2705 2769 2770 2706
f 2109 2165 2166 2110
f 2046 2100 2101 2048
f 2087 2137 2138 2088
f 2088 2138 2139 2089
f 4361 4375 4377 4362
f 151 174 176 153
f 150 167 169 168
f 3226 3281 3282 3227
f 1219 1257 1258 1221
f 1546 1581 1582 1547
f 2048 2101 2102 2049
f 2119 2174 2175 2120
f 4064 4073 4074 4065
f 4275 4291 4290 4277
f 2657 2720 2722 2659
f 288 325 324 287
f 2077 2127 2128 2078
f 3051 3112 3113 3052
f 2040 2041 2044 2043
f 3218 3275 3276 3219
f 2155 2209 2210 2156
f 2118 2173 2174 2119
f 764 821 822 765
f 1856 1902 1903 1857
f 3436 3495 3496 3437
f 385 432 433 386
f 2649 2716 2717 2650
f 2028 2083 2084 2029
f 418 466 467 419
f 2142 2198 2199 2144
f 2135 2191 2193 2137
f 1576 1624 1625 1577
f 163 186 185 162
f 2234 2297 2298 2235
f 214 260 261 215
f 4191 4206 4207 4193
f 3164 3224 3223 3165
f 287 324 326 289
f 2641 2709 2710 2642
f 1644 1689 1690 1645
f 939 988 989 940
f 3035 3097 3096 3036
f 2127 2181 2182 2128
f 4347 4359 4361 4348
f 4425 4430 4431 4426
f 2187 2238 2239 2188
f 2722 2778 2779 2723
f 2133 2187 2188 2134
f 2158 2212 2213 2159
f 2095 2152 2153 2097
f 3762 3812 3813 3763
f 219 265 266 220
f 353 397 398 354
f 1026 1083 1084 1027
f 2196 2246 2247 2197
f 2168 2221 2220 2170
f 2023 2078 2079 2024
f 677 741 742 678
f 2210 2271 2272 2211
f 294 340 341 296
f 3825 3879 3880 3826
f 2173 2224 2225 2174
f 2150 2204 2205 2151
f 828 884 885 829
f 432 480 481 433
f 923 972 974 925
f 3300 3359 3360 3301
f 423 471 472 424
f 3817 3819 3818 3769
f 4419 4426 4427 4420
f 299 344 345 300
f 1018 1076 1077 1019
f 2212 2273 2274 2213
f 2197 2247 2248 2198
f 2126 2180 2181 2127
f 2175 2226 2227 2176
f 2136 2192 2191 2135
f 66 79 78 65
f 809 863 864 811
f 2099 2155 2156 2100
f 2009 2063 2065 2011
f 2181 2232 2233 2182
f 2054 2107 2108 2055
f 2199 2249 2251 2250
f 3722 3768 3770 3724
f 285 322 323 286
f 504 554 555 505
f 1918 1965 1966 1919
f 804 859 860 805
f 3084 3149 3148 3085
f 965 1015 1016 966
f 4331 4345 4344 4330
f 2355 2414 2415 2356
f 2215 2276 2277 2216
f 435 483 484 436
f 2141 2197 2198 2142
f 1929 1980 1981 1931
f 2198 2248 2249 2199
f 2207 2268 2269 2208
f 2256 2257 2259 2258
f 146 164 165 147
f 1569 1617 1618 1570
f 358 402 403 359
f 2244 2307 2308 2245
f 2085 2135 2137 2087
f 3227 3282 3283 3228
f 2183 2234 2235 2184
f 60 73 74 61
f 507 557 558 508
f 1297 1325 1326 1298
f 3314 3370 3371 3315
f 987 1036 1037 988
f 1626 1676 1677 1627
f 2642 2710 2711 2643
f 2224 2283 2284 2225
f 1333 1357 1358 1334
f 185 211 213 187
f 2259 2321 2322 2261
f 876 929 930 877
f 2238 2301 2302 2239
f 587 643 644 588
f 1090 1136 1137 1091
f 2213 2274 2275 2214
f 2230 2293 2294 2231
f 2231 2294 2295 2232
f 3060 3121 3120 3059
f 3901 3934 3935 3902
f 2290 2351 2352 2291
f 406 451 453 407
f 584 640 642 586
f 2245 2308 2309 2246
f 2206 2267 2268 2207
f 2255 2318 2319 2254
f 2248 2311 2312 2249
f 869 920 922 921
f 711 771 772 714
f 2697 2761 2762 2698
f 3298 3357 3356 3297
f 963 1013 1014 964
f 1586 1636 1638 1588
f 844 900 901 845
f 43 58 59 44
f 2232 2295 2296 2233
f 132 148 150 149
f 2291 2352 2353 2292
f 3570 3635 3636 3571
f 2269 2330 2331 2270
f 3123 3189 3190 3124
f 2208 2269 2270 2209
f 761 818 819 762
f 2689 2753 2754 2690
f 3769 3818 3820 3768
f 2261 2322 2323 2262
f 2262 2323 2324 2263
f 2271 2332 2333 2272
f 2200 2202 2201 2148
f 4417 4424 4425 4418
f 2378 2444 2445 2379
f 486 536 538 488
f 656 721 722 658
f 2229 2291 2292 2228
f 2286 2349 2350 2288
f 3116 3179 3180 3117
f 847 903 904 848
f 2673 2736 2737 2674
f 1881 1925 1926 1882
f 458 504 505 460
f 3107 3170 3171 3108
f 2263 2324 2325 2264
f 2280 2343 2345 2282
f 2302 2363 2364 2303
f 1019 1077 1078 1020
f 2324 2384 2385 2325
f 2294 2355 2356 2295
f 2239 2302 2303 2240
f 2304 2366 2365 2306
f 1092 1138 1139 1093
f 204 247 248 205
f 2331 2391 2392 2332
f 3362 3418 3419 3363
f 2293 2354 2355 2294
f 2270 2331 2332 2271
f 2191 2241 2243 2193
f 3100 3163 3164 3101
f 1957 2006 2007 1958
f 753 806 807 755
f 1146 1202 1201 1148
f 720 776 777 721
f 2317 2375 2377 2316
f 2214 2275 2276 2215
f 2031 2086 2085 2030
f 2320 2380 2381 2321
f 875 928 929 876
f 2362 2421 2422 2363
f 566 625 626 567
f 3809 3854 3856 3811
f 2312 2372 2373 2313
f 1735 1781 1782 1736
f 354 398 399 355
f 1047 1048 1051 1050
f 1130 1195 1196 1131
f 2356 2415 2416 2357
f 1003 1063 1064 1006
f 3179 3238 3239 3180
f 1103 1171 1172 1104
f 2288 2350 2351 2290
f 1509 1547 1548 1510
f 284 321 322 285
f 2235 2298 2299 2236
f 3801 3849 3851 3800
f 2333 2393 2394 2334
f 2318 2378 2379 2319
f 4406 4414 4416 4407
f 3802 3803 3805 3804
f 2277 2338 2339 2278
f 1593 1643 1644 1594
f 86 99 100 87
f 2350 2409 2410 2351
f 2325 2385 2386 2326
f 4408 4417 4418 4409
f 3148 3211 3210 3150
f 1027 1084 1085 1028
f 188 214 215 189
f 1947 1996 1997 1948
f 784 841 842 785
f 2301 2362 2363 2302
f 649 705 706 650
f 3793 3843 3844 3794
f 2665 2728 2729 2666
f 2344 2403 2402 2343
f 2319 2379 2380 2320
f 426 474 475 427
f 1625 1675 1676 1626
f 2387 2453 2454 2388
f 2388 2454 2455 2389
f 2237 2300 2301 2238
f 3155 3216 3217 3156
f 3601 3665 3666 3602
f 2368 2427 2428 2369
f 1155 1156 1158 1157
f 4334 4348 4349 4335
f 2777 2830 2832 2776
f 3402 3456 3457 3403
f 932 981 982 933
f 2366 2425 2424 2365
f 940 989 990 941
f 3132 3198 3199 3133
f 2549 2621 2622 2550
f 177 199 200 178
f 726 782 783 727
f 856 908 910 857
f 2365 2424 2426 2367
f 2358 2417 2418 2359
f 1493 1523 1524 1494
f 2384 2450 2451 2385
f 1203 1246 1245 1204
f 2426 2493 2494 2427
f 3394 3448 3449 3395
f 1211 1253 1254 1213
f 2326 2386 2387 2327
f 2391 2457 2458 2392
f 2376 2441 2442 2375
f 490 540 541 491
f 1359 1385 1386 1360
f 2737 2790 2792 2738
f 2300 2361 2362 2301
f 538 587 588 539
f 1610 1662 1663 1612
f 3890 3925 3926 3891
f 2352 2411 2412 2353
f 2157 2211 2212 2158
f 412 458 460 459
f 2427 2494 2495 2428
f 360 404 406 362
f 2405 2472 2473 2406
f 3211 3268 3267 3210
f 858 911 912 859
f 2296 2357 2358 2297
f 777 834 835 778
f 2729 2785 2786 2730
f 928 977 978 929
f 2397 2463 2464 2398
f 2398 2464 2465 2399
f 2407 2474 2475 2408
f 2152 2206 2207 2153
f 2506 2578 2579 2507
f 2373 2432 2434 2433
f 2422 2489 2490 2423
f 530 533 532 531
f 2408 2475 2476 2409
f 1371 1372 1375 1374
f 1495 1525 1526 1496
f 806 861 862 807
f 1897 1943 1945 1896
f 1147 1148 1150 1149
f 3195 3253 3255 3197
f 2399 2465 2466 2400
f 3292 3349 3350 3293
f 562 621 622 563
f 476 520 521 477
f 1401 1439 1440 1403
f 2460 2525 2526 2461
f 2438 2503 2504 2437
f 2375 2442 2443 2377
f 3826 3880 3881 3827
f 1411 1447 1448 1412
f 377 424 425 378
f 2467 2532 2533 2469
f 3905 3938 3940 3906
f 2429 2496 2497 2430
f 2430 2497 2498 2431
f 2327 2387 2388 2328
f 2448 2513 2514 2449
f 3133 3199 3200 3134
f 2482 2556 2557 2483
f 1234 1269 1270 1235
f 2445 2510 2511 2446
f 2406 2473 2474 2407
f 2440 2505 2506 2441
f 1655 1695 1697 1696
f 1056 1057 1059 1058
f 980 1029 1030 981
f 2334 2394 2395 2335
f 2416 2483 2484 2417
f 1483 1517 1518 1484
f 540 589 590 541
f 870 923 925 872
f 3865 3904 3903 3864
f 1083 1129 1130 1084
f 2222 2280 2282 2223
f 2447 2512 2513 2448
f 3778 3830 3829 3780
f 658 722 723 659
f 1649 1692 1691 1648
f 1226 1261 1262 1227
f 2492 2565 2564 2491
f 2469 2533 2535 2534
f 1926 1977 1978 1927
f 2471 2545 2544 2470
f 3212 3269 3270 3213
f 3857 3898 3899 3858
f 1506 1544 1545 1507
f 2461 2526 2527 2462
f 3371 3427 3428 3372
f 964 1014 1015 965
f 2536 2537 2539 2538
f 2749 2801 2803 2802
f 460 505 506 462
f 2745 2799 2800 2747
f 1072 1119 1120 1073
f 1690 1744 1746 1745
f 2487 2561 2562 2488
f 2488 2562 2563 2489
f 3405 3459 3458 3406
f 1673 1715 1716 1674
f 934 983 984 935
f 3841 3888 3889 3842
f 2501 2502 2503 2438
f 2494 2567 2568 2495
f 2479 2553 2554 2480
f 3196 3254 3253 3195
f 1627 1677 1678 1628
f 588 644 645 589
f 2455 2519 2521 2456
f 730 786 787 731
f 361 405 404 360
f 1337 1361 1362 1338
f 2532 2600 2601 2533
f 2381 2447 2448 2382
f 3507 3579 3580 3506
f 2698 2762 2763 2699
f 2504 2576 2577 2505
f 1691 1748 1747 1693
f 2570 2641 2642 2571
f 2539 2604 2605 2541
f 3466 3524 3526 3525
f 1115 1184 1183 1117
f 1004 1062 1063 1003
f 3717 3763 3764 3718
f 1266 1297 1298 1267
f 2493 2566 2567 2494
f 2511 2583 2584 2512
f 2535 2602 2603 2537
f 1771 1809 1811 1770
f 1046 1049 1048 1047
f 2533 2601 2602 2535
f 2496 2569 2570 2497
f 1951 2000 2001 1952
f 2769 2822 2823 2770
f 1160 1208 1209 1162
f 1163 1164 1166 1165
f 2534 2535 2537 2536
f 1052 1053 1055 1054
f 2472 2546 2547 2473
f 794 851 852 795
f 676 740 741 677
f 2571 2642 2643 2572
f 3458 3517 3519 3460
f 2613 2614 2616 2615
f 1658 1701 1700 1659
f 2607 2608 2610 2609
f 2424 2491 2493 2426
f 3309 3365 3367 3311
f 2541 2605 2606 2543
f 2428 2495 2496 2429
f 3267 3324 3326 3269
f 2543 2606 2608 2607
f 3244 3298 3297 3243
f 1243 1276 1277 1244
f 793 850 851 794
f 2761 2816 2817 2762
f 3873 3909 3910 3874
f 2509 2581 2582 2510
f 2526 2594 2595 2527
f 2519 2589 2588 2521
f 2544 2618 2617 2546
f 1950 1999 2000 1951
f 2666 2729 2730 2667
f 1070 1117 1118 1071
f 1240 1273 1274 1241
f 514 564 565 515
f 2566 2637 2638 2567
f 2463 2528 2529 2464
f 2568 2639 2640 2569
f 1187 1240 1241 1188
f 1913 1960 1962 1915
f 3307 3310 3309 3308
f 2335 2395 2396 2336
f 3228 3283 3284 3229
f 2857 2915 2916 2859
f 2103 2159 2160 2104
f 2753 2808 2809 2754
f 2604 2673 2674 2605
f 2565 2636 2635 2564
f 2582 2653 2654 2583
f 2567 2638 2639 2568
f 2584 2655 2656 2585
f 1995 2053 2054 1996
f 748 801 802 749
f 2619 2687 2688 2620
f 3498 3569 3570 3499
f 2589 2658 2657 2588
f 2574 2645 2646 2575
f 2576 2647 2648 2577
f 785 842 843 786
f 1312 1335 1336 1313
f 2550 2622 2623 2551
f 2552 2624 2625 2553
f 4405 4415 4414 4406
f 2650 2717 2718 2651
f 2075 2125 2126 2076
f 1298 1326 1327 1299
f 3897 3929 3931 3898
f 1131 1196 1197 1132
f 2470 2544 2546 2472
f 1172 1230 1231 1173
f 3866 3867 3869 3868
f 946 995 996 947
f 2247 2310 2311 2248
f 1158 1207 1208 1160
f 2636 2704 2703 2635
f 2605 2674 2675 2606
f 3299 3358 3359 3300
f 2786 2841 2842 2787
f 3276 3333 3334 3277
f 3941 3974 3975 3942
f 3889 3924 3925 3890
f 1290 1318 1319 1291
f 2597 2666 2667 2598
f 2606 2675 2676 2608
f 2623 2691 2692 2624
f 2608 2676 2677 2610
f 278 315 317 280
f 836 892 893 837
f 2507 2579 2580 2508
f 2630 2698 2699 2631
f 2599 2668 2669 2600
f 2632 2700 2701 2633
f 2203 2264 2265 2204
f 1697 1751 1752 1699
f 710 711 714 713
f 732 788 789 733
f 1058 1059 1061 1060
f 1238 1272 1271 1239
f 1376 1409 1410 1377
f 2573 2644 2645 2574
f 3283 3340 3341 3284
f 2575 2646 2647 2576
f 3260 3318 3319 3261
f 2275 2336 2337 2276
f 1705 1759 1760 1706
f 1361 1387 1388 1362
f 3881 3917 3918 3882
f 2525 2593 2594 2526
f 2646 2714 2713 2647
f 2738 2792 2793 2739
f 2648 2715 2716 2649
f 558 617 618 559
f 1063 1111 1112 1064
f 2691 2755 2756 2692
f 2684 2745 2747 2746
f 2389 2455 2456 2390
f 2638 2706 2707 2639
f 1084 1130 1131 1085
f 2640 2708 2709 2641
f 769 826 827 770
f 3530 3602 3603 3531
f 2971 3033 3035 2972
f 3885 3919 3921 3886
f 2647 2713 2715 2648
f 2616 2680 2682 2681
f 2347 2406 2407 2348
f 2353 2412 2413 2354
f 2841 2900 2901 2842
f 1448 1486 1487 1449
f 419 467 468 420
f 2614 2679 2680 2616
f 2679 2742 2743 2680
f 2560 2632 2633 2561
f 1122 1189 1190 1123
f 988 1037 1038 989
f 1334 1358 1359 1335
f 3522 3593 3594 3523
f 618 676 677 619
f 2432 2499 2500 2434
f 1068 1115 1117 1070
f 174 196 198 176
f 417 465 466 418
f 2801 2855 2856 2803
f 2580 2651 2652 2581
f 1795 1836 1837 1796
f 1730 1731 1733 1732
f 1514 1552 1553 1515
f 2160 2214 2215 2161
f 2794 2848 2849 2795
f 2731 2787 2788 2732
f 936 985 986 937
f 1531 1534 1533 1532
f 3347 3404 3405 3348
f 2695 2759 2760 2696
f 1632 1635 1634 1633
f 2483 2557 2558 2484
f 2671 2734 2735 2672
f 2793 2847 2848 2794
f 2284 2347 2348 2285
f 424 472 473 425
f 1210 1252 1253 1211
f 1100 1102 1101 1049
f 1398 1438 1439 1401
f 945 994 995 946
f 2661 2724 2725 2662
f 2678 2741 2742 2679
f 2687 2750 2752 2688
f 4416 4422 4424 4417
f 2547 2619 2620 2548
f 2785 2840 2841 2786
f 2569 2640 2641 2570
f 249 251 250 210
f 2726 2782 2783 2727
f 3604 3668 3669 3605
f 1150 1203 1204 1152
f 2778 2833 2834 2779
f 2763 2818 2819 2764
f 2772 2825 2826 2773
f 1267 1298 1299 1268
f 3331 3386 3387 3332
f 2663 2726 2727 2664
f 2688 2752 2753 2689
f 2635 2703 2705 2637
f 2839 2898 2899 2840
f 1402 1403 1405 1404
f 4265 4281 4282 4266
f 2583 2654 2655 2584
f 1282 1310 1311 1283
f 1148 1201 1203 1150
f 1478 1512 1513 1479
f 4001 4021 4022 4002
f 2725 2781 2782 2726
f 2750 2807 2806 2752
f 2757 2812 2813 2758
f 758 815 814 757
f 3348 3405 3406 3349
f 873 926 927 874
f 1362 1388 1389 1363
f 1600 1657 1656 1599
f 1251 1282 1283 1252
f 2742 2796 2797 2743
f 1132 1197 1198 1133
f 2752 2806 2808 2753
f 1462 1495 1496 1463
f 1028 1085 1086 1029
f 2659 2722 2723 2660
f 3929 3966 3965 3931
f 2694 2758 2759 2695
f 2776 2832 2833 2778
f 2779 2834 2835 2780
f 1153 1154 1156 1155
f 2809 2865 2866 2810
f 2860 2862 2861 2807
f 2829 2831 2830 2777
f 2622 2690 2691 2623
f 2743 2797 2798 2744
f 619 677 678 620
f 1354 1380 1381 1355
f 1598 1599 1602 1601
f 2773 2826 2827 2774
f 3921 3952 3954 3922
f 2783 2838 2839 2784
f 2478 2552 2553 2479
f 2792 2845 2847 2793
f 2851 2909 2910 2852
f 1228 1263 1264 1229
f 1385 1418 1419 1386
f 1672 1714 1715 1673
f 2741 2795 2796 2742
f 2782 2837 2838 2783
f 1108 1176 1177 1109
f 2784 2839 2840 2785
f 1846 1847 1850 1849
f 129 146 147 130
f 2001 2059 2060 2002
f 2669 2732 2733 2670
f 2836 2895 2896 2837
f 3499 3570 3571 3500
f 2807 2861 2863 2806
f 2760 2815 2816 2761
f 2923 2988 2989 2924
f 2850 2908 2909 2851
f 2835 2894 2895 2836
f 2799 2853 2854 2800
f 2759 2814 2815 2760
f 1794 1835 1836 1795
f 2696 2760 2761 2697
f 1466 1469 1468 1467
f 3151 3212 3213 3152
f 1410 1446 1447 1411
f 3594 3657 3658 3595
f 1307 1331 1332 1309
f 2822 2880 2881 2823
f 2770 2823 2824 2771
f 3388 3443 3444 3389
f 1350 1376 1377 1349
f 1348 1349 1352 1351
f 1622 1672 1673 1623
f 2805 2857 2859 2858
f 1212 1213 1215 1214
f 2816 2872 2873 2817
f 2435 2438 2437 2436
f 537 584 586 536
f 2833 2892 2893 2834
f 1744 1790 1791 1746
f 2837 2896 2897 2838
f 2814 2870 2871 2815
f 2887 2889 2888 2831
f 2840 2899 2900 2841
f 25 39 38 24
f 2867 2925 2926 2868
f 2790 2846 2845 2792
f 1283 1311 1312 1284
f 2847 2904 2906 2848
f 3372 3428 3429 3373
f 322 367 368 323
f 2946 3009 3008 2945
f 2825 2883 2884 2826
f 3586 3651 3652 3587
f 2853 2911 2912 2854
f 1738 1784 1785 1739
f 1156 1206 1207 1158
f 2856 2914 2915 2857
f 3131 3195 3197 3130
f 3427 3484 3485 3428
f 2845 2905 2904 2847
f 2863 2921 2922 2864
f 2848 2906 2907 2849
f 2382 2448 2449 2383
f 3287 3344 3345 3288
f 1710 1764 1765 1711
f 3858 3899 3900 3859
f 2813 2869 2870 2814
f 2855 2913 2914 2856
f 2824 2882 2883 2825
f 586 642 643 587
f 2854 2912 2913 2855
f 3219 3276 3277 3220
f 3906 3940 3941 3907
f 1380 1413 1414 1381
f 2817 2873 2874 2818
f 3945 3978 3979 3946
f 1339 1363 1364 1340
f 2878 2934 2933 2877
f 2831 2888 2890 2830
f 3428 3485 3486 3429
f 1594 1644 1645 1596
f 457 503 504 458
f 2907 2971 2972 2908
f 1816 1862 1863 1817
f 2877 2933 2935 2879
f 3411 3464 3466 3465
f 2880 2936 2937 2881
f 2930 2995 2996 2931
f 1442 1480 1481 1443
f 1945 1994 1995 1946
f 2893 2958 2959 2894
f 2894 2959 2960 2895
f 2767 2820 2822 2769
f 2896 2961 2962 2897
f 1974 2022 2023 1975
f 3423 3480 3481 3424
f 1814 1860 1861 1815
f 2924 2989 2990 2925
f 2950 2951 2953 2889
f 2862 2920 2919 2861
f 3412 3467 3469 3414
f 2591 2660 2661 2592
f 2662 2725 2726 2663
f 1500 1501 1503 1469
f 1434 1472 1473 1433
f 3634 3695 3696 3635
f 1347 1350 1349 1348
f 2798 2852 2853 2799
f 2343 2402 2404 2345
f 2912 2976 2977 2913
f 3363 3419 3420 3364
f 1761 1804 1805 1762
f 2803 2856 2857 2805
f 3451 3512 3513 3452
f 2909 2973 2974 2910
f 1396 1399 1398 1397
f 2904 2970 2969 2906
f 1666 1708 1709 1667
f 1404 1405 1406 1373
f 1254 1285 1286 1255
f 1888 1934 1935 1889
f 2901 2966 2967 2902
f 1785 1824 1825 1786
f 3491 3493 3492 3435
f 2491 2564 2566 2493
f 3993 4012 4013 3994
f 2944 2945 2948 2947
f 2866 2924 2925 2867
f 2974 3037 3038 2975
f 2295 2356 2357 2296
f 914 964 965 915
f 2964 3028 3029 2965
f 2885 2941 2942 2886
f 2918 2981 2983 2982
f 2935 3000 3001 2936
f 2832 2891 2892 2833
f 3555 3556 3558 3557
f 97 122 123 98
f 1227 1262 1263 1228
f 3977 4004 4005 3978
f 2821 2877 2879 2820
f 2934 2999 2998 2933
f 1508 1546 1547 1509
f 1754 1797 1798 1756
f 2913 2977 2978 2914
f 1960 2010 2009 1962
f 2677 2740 2741 2678
f 3435 3492 3494 3434
f 2895 2960 2961 2896
f 2704 2768 2767 2703
f 2558 2630 2631 2559
f 3002 3062 3063 3003
f 924 973 972 923
f 3969 3994 3995 3970
f 2941 3006 3007 2942
f 2810 2866 2867 2811
f 2936 3001 3002 2937
f 2106 2162 2163 2107
f 3751 3795 3796 3752
f 1721 1770 1772 1720
f 3004 3064 3065 3005
f 1491 1520 1522 1492
f 2966 3030 3031 2967
f 1268 1299 1300 1269
f 3596 3659 3660 3598
f 3659 3717 3718 3660
f 1604 1659 1660 1606
f 3003 3063 3064 3004
f 2958 3022 3023 2959
f 4002 4022 4023 4003
f 1826 1871 1872 1827
f 841 897 898 842
f 1601 1602 1604 1603
f 3674 3733 3735 3675
f 706 768 769 708
f 2982 2983 2984 2920
f 2024 2079 2080 2025
f 3747 3791 3792 3748
f 2992 3054 3055 2993
f 3534 3606 3607 3535
f 3114 3177 3178 3115
f 1778 1817 1818 1779
f 2989 3051 3052 2990
f 2967 3031 3032 2968
f 2984 3046 3047 2985
f 3819 3872 3873 3818
f 3919 3953 3952 3921
f 2030 2085 2087 2032
f 3666 3727 3728 3667
f 2981 3044 3045 2983
f 3483 3541 3542 3484
f 2991 3053 3054 2992
f 2952 3015 3016 2951
f 1938 1939 1941 1940
f 1732 1733 1735 1734
f 1473 1507 1508 1474
f 2900 2965 2966 2901
f 2957 3021 3022 2958
f 2998 3060 3059 3000
f 3043 3104 3105 3044
f 1568 1569 1570 1534
f 650 706 708 707
f 3022 3086 3087 3023
f 1252 1283 1284 1253
f 3946 3979 3980 3947
f 3142 3205 3206 3143
f 409 455 456 410
f 1538 1573 1574 1539
f 2120 2175 2176 2122
f 1403 1440 1441 1405
f 3467 3527 3529 3469
f 3023 3087 3088 3024
f 3500 3571 3572 3501
f 3854 3895 3897 3856
f 3098 3160 3162 3099
f 2110 2166 2167 2111
f 1969 2016 2018 2017
f 3021 3085 3086 3022
f 3038 3099 3100 3039
f 3015 3079 3080 3016
f 3016 3080 3081 3017
f 3979 4006 4007 3980
f 3076 3141 3142 3075
f 3481 3539 3540 3482
f 3045 3106 3107 3046
f 3030 3094 3095 3031
f 2975 3038 3039 2976
f 3048 3109 3110 3049
f 1978 2026 2027 1979
f 4103 4113 4115 4114
f 4067 4076 4077 4068
f 3006 3066 3067 3007
f 1395 1428 1430 1429
f 2911 2975 2976 2912
f 3484 3542 3543 3485
f 1316 1339 1340 1317
f 4254 4271 4272 4255
f 1818 1864 1865 1819
f 4089 4098 4099 4090
f 2873 2931 2932 2874
f 3061 3122 3123 3062
f 2926 2991 2992 2927
f 3055 3116 3117 3056
f 3064 3125 3126 3065
f 2192 2242 2241 2191
f 3053 3114 3115 3054
f 2806 2863 2864 2808
f 3135 3136 3138 3137
f 3056 3117 3118 3057
f 4163 4165 4164 4153
f 1796 1837 1838 1797
f 2182 2233 2234 2183
f 4049 4057 4058 4050
f 3029 3093 3094 3030
f 2486 2560 2561 2487
f 3024 3088 3089 3025
f 1841 1842 1844 1843
f 817 873 874 818
f 3108 3171 3172 3109
f 2965 3029 3030 2966
f 1934 1984 1985 1935
f 1292 1320 1321 1293
f 2960 3024 3025 2961
f 2050 2103 2104 2051
f 1660 1702 1703 1661
f 3115 3178 3179 3116
f 4033 4048 4049 4034
f 1467 1468 1471 1470
f 1858 1904 1905 1859
f 3087 3151 3152 3088
f 3540 3612 3613 3541
f 3750 3794 3795 3751
f 1809 1856 1857 1811
f 1578 1626 1627 1579
f 2272 2333 2334 2273
f 3085 3148 3150 3086
f 4179 4195 4197 4178
f 3079 3145 3146 3080
f 3531 3603 3604 3532
f 3088 3152 3153 3089
f 1884 1928 1929 1885
f 2254 2319 2320 2257
f 4025 4042 4043 4026
f 3109 3172 3173 3110
f 3843 3890 3891 3844
f 273 311 312 274
f 2897 2962 2963 2898
f 3170 3229 3230 3171
f 3140 3203 3204 3141
f 1419 1456 1455 1420
f 3070 3130 3132 3069
f 3112 3175 3176 3113
f 16 17 20 19
f 3746 3790 3791 3747
f 3125 3191 3192 3126
f 3121 3186 3187 3120
f 3063 3124 3125 3064
f 3524 3595 3596 3526
f 17 35 36 20
f 2336 2396 2397 2337
f 3563 3628 3629 3564
f 2842 2901 2902 2843
f 3136 3201 3202 3138
f 3473 3533 3534 3474
f 1964 2012 2013 1965
f 3171 3230 3231 3172
f 3738 3783 3784 3739
f 3117 3180 3181 3118
f 3126 3192 3193 3127
f 1356 1382 1383 1357
f 3044 3105 3106 3045
f 3093 3157 3158 3094
f 3150 3210 3212 3151
f 3183 3184 3186 3121
f 3120 3187 3188 3122
f 4379 4393 4394 4380
f 857 910 911 858
f 2889 2953 2954 2888
f 4057 4064 4065 4058
f 690 750 751 691
f 3539 3611 3612 3540
f 3159 3220 3222 3221
f 3096 3161 3160 3098
f 439 441 440 394
f 3274 3331 3332 3275
f 2374 2376 2375 2317
f 2400 2466 2467 2401
f 1475 1509 1510 1476
f 28 42 43 29
f 3978 4005 4006 3979
f 152 175 174 151
f 2881 2937 2938 2882
f 1985 2032 2033 1986
f 3157 3218 3219 3158
f 3166 3225 3226 3167
f 1332 1356 1357 1333
f 3572 3637 3638 3573
f 3204 3262 3263 3205
f 3203 3261 3262 3204
f 3181 3240 3242 3241
f 3158 3219 3220 3159
f 3175 3234 3235 3176
f 3168 3227 3228 3169
f 2186 2237 2238 2187
f 2036 2091 2092 2038
f 1602 1658 1659 1604
f 3770 3821 3822 3771
f 1459 1492 1493 1460
f 3134 3200 3201 3136
f 3167 3226 3227 3168
f 2390 2456 2457 2391
f 849 905 906 850
f 2464 2529 2530 2465
f 3197 3255 3256 3198
f 3078 3144 3145 3079
f 3143 3206 3207 3144
f 3192 3251 3252 3193
f 15 18 17 16
f 3250 3304 3305 3251
f 1650 1651 1653 1652
f 4073 4085 4087 4074
f 3071 3133 3134 3072
f 679 743 744 680
f 320 365 366 321
f 3091 3155 3156 3092
f 3236 3291 3292 3237
f 3189 3248 3249 3190
f 3603 3667 3668 3604
f 2919 2985 2986 2921
f 3556 3624 3625 3558
f 164 187 188 165
f 2116 2171 2172 2117
f 1942 1944 1943 1897
f 4081 4084 4083 4082
f 3165 3223 3225 3166
f 3198 3256 3257 3199
f 3207 3265 3266 3208
f 3216 3273 3274 3217
f 2528 2596 2597 2529
f 2454 2520 2519 2455
f 3101 3164 3165 3102
f 3230 3285 3286 3231
f 1532 1533 1536 1535
f 3200 3258 3259 3201
f 2314 2317 2316 2315
f 1825 1870 1871 1826
f 1433 1473 1474 1436
f 3259 3317 3318 3260
f 4065 4074 4075 4066
f 3579 3644 3645 3580
f 2973 3036 3037 2974
f 2938 3003 3004 2939
f 3176 3235 3236 3177
f 244 283 284 245
f 2020 2073 2075 2019
f 2977 3040 3041 2978
f 3268 3325 3324 3267
f 1757 1802 1801 1759
f 3246 3300 3301 3247
f 3247 3301 3302 3248
f 3104 3167 3168 3105
f 3810 3855 3854 3809
f 2510 2582 2583 2511
f 1635 1681 1680 1634
f 3238 3293 3294 3239
f 3239 3294 3295 3240
f 2976 3039 3040 2977
f 967 1017 1018 968
f 1857 1903 1904 1858
f 2937 3002 3003 2938
f 2600 2669 2670 2601
f 770 827 828 771
f 2720 2776 2778 2722
f 3215 3272 3273 3216
f 316 361 360 315
f 3471 3531 3532 3472
f 3291 3348 3349 3292
f 3794 3844 3845 3795
f 3269 3326 3327 3270
f 3206 3264 3265 3207
f 2890 2955 2956 2891
f 3788 3838 3839 3789
f 2330 2390 2391 2331
f 833 889 890 834
f 2929 2994 2995 2930
f 3180 3239 3240 3181
f 1787 1826 1827 1788
f 1890 1891 1893 1892
f 1420 1455 1457 1421
f 4090 4099 4100 4091
f 3338 3395 3396 3339
f 567 626 627 568
f 2598 2667 2668 2599
f 2128 2182 2183 2129
f 3237 3292 3293 3238
f 3643 3703 3704 3644
f 3271 3328 3329 3272
f 3288 3345 3346 3289
f 3270 3327 3328 3271
f 722 778 779 723
f 3295 3352 3353 3296
f 3956 3987 3988 3957
f 2682 2744 2745 2684
f 616 674 675 617
f 2921 2986 2987 2922
f 2884 2940 2941 2885
f 1547 1582 1583 1548
f 3302 3361 3362 3303
f 1388 1421 1422 1389
f 3256 3314 3315 3257
f 444 490 491 445
f 3293 3350 3351 3294
f 3346 3403 3404 3347
f 3627 3688 3689 3628
f 3311 3367 3368 3312
f 4026 4043 4044 4027
f 2394 2460 2461 2395
f 2228 2292 2293 2230
f 3339 3396 3397 3340
f 1524 1558 1559 1525
f 3317 3373 3374 3318
f 3318 3374 3375 3319
f 3303 3362 3363 3304
f 508 558 559 509
f 3660 3718 3720 3719
f 449 495 496 450
f 1722 1723 1725 1724
f 4153 4164 4166 4152
f 1523 1557 1558 1524
f 3310 3366 3365 3309
f 3279 3336 3338 3281
f 3312 3368 3369 3313
f 1599 1656 1658 1602
f 3434 3494 3495 3436
f 2670 2733 2734 2671
f 1477 1511 1512 1478
f 3333 3388 3389 3334
f 3286 3343 3344 3287
f 3223 3280 3279 3225
f 3336 3394 3395 3338
f 556 615 616 557
f 3325 3380 3379 3324
f 2297 2358 2359 2298
f 3214 3271 3272 3215
f 1460 1493 1494 1461
f 3636 3697 3698 3637
f 2458 2523 2524 2459
f 752 805 806 753
f 1674 1716 1717 1675
f 3086 3150 3151 3087
f 3301 3360 3361 3302
f 3391 3393 3392 3337
f 3352 3409 3410 3353
f 1207 1249 1250 1208
f 2308 2368 2369 2309
f 3243 3297 3299 3245
f 3380 3435 3434 3379
f 3245 3299 3300 3246
f 3342 3399 3400 3343
f 3359 3415 3416 3360
f 3344 3401 3402 3345
f 2153 2207 2208 2154
f 2945 3008 3010 2948
f 1611 1612 1614 1613
f 3827 3881 3882 3828
f 1436 1474 1475 1437
f 3320 3376 3377 3321
f 1919 1966 1967 1920
f 425 473 474 426
f 2774 2827 2828 2775
f 2808 2864 2865 2809
f 3357 3413 3412 3356
f 716 773 774 718
f 3264 3322 3323 3265
f 3418 3473 3474 3419
f 1449 1487 1488 1450
f 2073 2123 2125 2075
f 3381 3436 3437 3382
f 1946 1995 1996 1947
f 3375 3431 3432 3376
f 3716 3762 3763 3717
f 2522 2590 2591 2523
f 880 933 934 881
f 1563 1594 1596 1595
f 3382 3437 3438 3383
f 3367 3423 3424 3368
f 3376 3432 3433 3377
f 788 845 846 789
f 2436 2437 2440 2439
f 3419 3474 3475 3420
f 3397 3451 3452 3398
f 3420 3475 3477 3476
f 3374 3430 3431 3375
f 3343 3400 3401 3344
f 3400 3454 3455 3401
f 2223 2282 2283 2224
f 1001 1004 1003 1002
f 1706 1760 1761 1707
f 3898 3931 3932 3899
f 3350 3407 3408 3351
f 3389 3444 3445 3390
f 2922 2987 2988 2923
f 3676 3736 3737 3677
f 884 937 938 885
f 2292 2353 2354 2293
f 2838 2897 2898 2839
f 2872 2930 2931 2873
f 3365 3421 3423 3367
f 1882 1926 1927 1883
f 1484 1518 1519 1485
f 3416 3471 3472 3417
f 2969 3034 3033 2971
f 3443 3502 3503 3444
f 1889 1935 1936 1891
f 290 327 328 292
f 810 811 813 812
f 3739 3784 3785 3740
f 3407 3460 3461 3408
f 3408 3461 3462 3409
f 2610 2677 2678 2612
f 2444 2509 2510 2445
f 2961 3025 3026 2962
f 4178 4197 4198 4180
f 1815 1861 1862 1816
f 3431 3488 3489 3432
f 3414 3469 3470 3415
f 3384 3439 3440 3385
f 348 390 391 349
f 201 244 245 202
f 2910 2974 2975 2911
f 4121 4134 4135 4122
f 1619 1669 1670 1620
f 3438 3497 3498 3439
f 2953 3017 3018 2954
f 3482 3540 3541 3483
f 2928 2993 2994 2929
f 3421 3478 3480 3423
f 3715 3761 3762 3716
f 1468 1504 1505 1471
f 4066 4075 4076 4067
f 1168 1227 1228 1170
f 1145 1146 1148 1147
f 3475 3535 3536 3477
f 3453 3514 3515 3454
f 3454 3515 3516 3455
f 3447 3506 3508 3446
f 3772 3823 3824 3773
f 65 78 80 67
f 2508 2580 2581 2509
f 1770 1811 1812 1772
f 3446 3508 3509 3448
f 3440 3499 3500 3441
f 1562 1593 1594 1563
f 889 942 943 890
f 2990 3052 3053 2991
f 3492 3564 3565 3494
f 1579 1627 1628 1580
f 3422 3479 3478 3421
f 3439 3498 3499 3440
f 3472 3532 3533 3473
f 1669 1711 1712 1670
f 3562 3627 3628 3563
f 3469 3529 3530 3470
f 3415 3470 3471 3416
f 2815 2871 2872 2816
f 1762 1805 1806 1763
f 3461 3520 3521 3462
f 3351 3408 3409 3352
f 1220 1221 1223 1222
f 3429 3486 3487 3430
f 3938 3973 3972 3940
f 3358 3414 3415 3359
f 3231 3286 3287 3232
f 3748 3792 3793 3749
f 2802 2803 2805 2804
f 1344 1368 1369 1345
f 3387 3442 3443 3388
f 3008 3071 3072 3010
f 3373 3429 3430 3374
f 3771 3822 3823 3772
f 2927 2992 2993 2928
f 3488 3546 3547 3489
f 2462 2527 2528 2463
f 2588 2657 2659 2590
f 4145 4157 4158 4146
f 3253 3312 3313 3255
f 3478 3538 3537 3480
f 2351 2410 2411 2352
f 3480 3537 3539 3481
f 2383 2449 2450 2384
f 881 934 935 882
f 3557 3558 3560 3559
f 3074 3075 3077 3014
f 3448 3509 3510 3449
f 3103 3166 3167 3104
f 3546 3618 3619 3547
f 3139 3140 3141 3076
f 3532 3604 3605 3533
f 3502 3573 3574 3503
f 3392 3446 3448 3394
f 2172 2223 2224 2173
f 1364 1390 1391 1365
f 1480 1514 1515 1481
f 729 785 786 730
f 4137 4147 4148 4138
f 1779 1818 1819 1780
f 3755 3807 3806 3754
f 1860 1906 1907 1861
f 2668 2731 2732 2669
f 2818 2874 2875 2819
f 3547 3619 3620 3548
f 3080 3146 3147 3081
f 834 890 891 835
f 3526 3596 3598 3597
f 3551 3552 3554 3553
f 3272 3329 3330 3273
f 1428 1464 1465 1430
f 1905 1952 1953 1906
f 3041 3102 3103 3042
f 4129 4140 4142 4131
f 3510 3583 3584 3511
f 3512 3585 3586 3513
f 2572 2643 2644 2573
f 3564 3629 3630 3565
f 3486 3544 3545 3487
f 3948 3981 3982 3949
f 1921 1973 1974 1923
f 3182 3185 3184 3183
f 3970 3995 3996 3971
f 3533 3605 3606 3534
f 1970 1972 1971 1922
f 3745 3789 3790 3746
f 4170 4182 4184 4171
f 3383 3438 3439 3384
f 352 396 397 353
f 3001 3061 3062 3002
f 3152 3213 3214 3153
f 3517 3590 3589 3519
f 3560 3626 3627 3562
f 233 234 236 235
f 1492 1522 1523 1493
f 3595 3658 3659 3596
f 3962 3990 3989 3961
f 3493 3563 3564 3492
f 3811 3856 3857 3812
f 1556 1587 1586 1555
f 3552 3622 3623 3554
f 2898 2963 2964 2899
f 3618 3680 3681 3619
f 786 843 844 787
f 3535 3607 3608 3536
f 3520 3591 3592 3521
f 2983 3045 3046 2984
f 1808 1810 1809 1771
f 2993 3055 3056 2994
f 3460 3519 3520 3461
f 1683 1736 1737 1682
f 4106 4119 4118 4108
f 3583 3648 3649 3584
f 3290 3347 3348 3291
f 2876 2878 2877 2821
f 3190 3249 3250 3191
f 2680 2743 2744 2682
f 3573 3638 3639 3574
f 3550 3621 3622 3552
f 1636 1683 1682 1638
f 1561 1592 1593 1562
f 3240 3295 3296 3242
f 3661 3663 3662 3600
f 3582 3647 3648 3583
f 1540 1575 1576 1541
f 3844 3891 3892 3845
f 2962 3026 3027 2963
f 913 963 964 914
f 1667 1709 1710 1668
f 3795 3845 3846 3796
f 3599 3664 3665 3601
f 3584 3649 3650 3585
f 1756 1798 1800 1799
f 3714 3760 3761 3715
f 3635 3696 3697 3636
f 2041 2098 2099 2044
f 3613 3675 3676 3614
f 3614 3676 3677 3615
f 3591 3653 3655 3592
f 3616 3678 3679 3617
f 4063 4072 4071 4062
f 1920 1967 1969 1968
f 1850 1888 1889 1852
f 3644 3704 3705 3645
f 3605 3669 3670 3606
f 3606 3670 3671 3607
f 2908 2972 2973 2909
f 1836 1879 1880 1837
f 3262 3320 3321 3263
f 4241 4258 4260 4243
f 3581 3646 3647 3582
f 3558 3625 3626 3560
f 3543 3615 3616 3544
f 3820 3874 3875 3821
f 3042 3103 3104 3043
f 3494 3565 3566 3495
f 3501 3572 3573 3502
f 3559 3560 3562 3561
f 3632 3693 3694 3633
f 3567 3632 3633 3568
f 441 487 486 440
f 1842 1884 1885 1844
f 3304 3363 3364 3305
f 4375 4391 4390 4377
f 1652 1653 1655 1654
f 3366 3422 3421 3365
f 3624 3685 3686 3625
f 1996 2054 2055 1997
f 3698 3751 3752 3699
f 2098 2154 2155 2099
f 4185 4201 4202 4186
f 1723 1773 1774 1725
f 3094 3158 3159 3095
f 3592 3655 3656 3593
f 2056 2109 2110 2057
f 3009 3069 3071 3008
f 3692 3745 3746 3693
f 3637 3698 3699 3638
f 3995 4014 4015 3996
f 3631 3692 3693 3632
f 3528 3600 3599 3527
f 3194 3196 3195 3131
f 2980 3043 3044 2981
f 3334 3389 3390 3335
f 4177 4189 4191 4190
f 3669 3730 3731 3670
f 2026 2081 2082 2027
f 3663 3722 3724 3662
f 3900 3933 3934 3901
f 2076 2126 2127 2077
f 1937 1987 1988 1939
f 1489 1521 1520 1491
f 3664 3725 3726 3665
f 280 317 318 281
f 2892 2957 2958 2893
f 1580 1628 1629 1581
f 2148 2201 2203 2147
f 1953 2002 2003 1954
f 3723 3769 3768 3722
f 3368 3424 3425 3369
f 1699 1752 1754 1753
f 3678 3738 3739 3679
f 3696 3749 3750 3697
f 1874 1918 1919 1875
f 3052 3113 3114 3053
f 4161 4174 4175 4162
f 3693 3746 3747 3694
f 4171 4184 4185 4172
f 3695 3748 3749 3696
f 3876 3912 3913 3877
f 3210 3267 3269 3212
f 433 481 482 434
f 3646 3706 3707 3647
f 3677 3737 3738 3678
f 3679 3739 3740 3680
f 3720 3765 3767 3766
f 4271 4286 4287 4272
f 3754 3806 3808 3756
f 3406 3458 3460 3407
f 3645 3705 3706 3646
f 3647 3707 3708 3648
f 3704 3755 3754 3705
f 1564 1567 1566 1565
f 2360 2419 2420 2361
f 3025 3089 3090 3026
f 3764 3814 3815 3765
f 818 874 875 819
f 1962 2009 2011 1963
f 2994 3056 3057 2995
f 3672 3734 3733 3674
f 3891 3926 3927 3892
f 1628 1678 1679 1629
f 3124 3190 3191 3125
f 3763 3813 3814 3764
f 937 986 987 938
f 3726 3772 3773 3727
f 4146 4158 4159 4147
f 9 10 12 11
f 3842 3889 3890 3843
f 3017 3081 3082 3018
f 4058 4065 4066 4059
f 1763 1806 1807 1764
f 4105 4117 4116 4104
f 2340 2400 2401 2342
f 3932 3967 3968 3933
f 2480 2554 2555 2481
f 3470 3530 3531 3471
f 3432 3489 3490 3433
f 3733 3778 3780 3735
f 3798 3801 3800 3799
f 3735 3780 3781 3736
f 3744 3788 3789 3745
f 3188 3247 3248 3189
f 4050 4058 4059 4051
f 3765 3815 3816 3767
f 3875 3911 3912 3876
f 3799 3800 3803 3802
f 3768 3820 3821 3770
f 3073 3076 3075 3074
f 929 978 979 930
f 3612 3674 3675 3613
f 1739 1785 1786 1740
f 3774 3825 3826 3775
f 1612 1663 1664 1614
f 3916 3950 3951 3917
f 848 904 905 849
f 3818 3873 3874 3820
f 3803 3852 3853 3805
f 4201 4212 4214 4202
f 3784 3834 3835 3785
f 2404 2470 2472 2405
f 3776 3827 3828 3777
f 1914 1961 1960 1913
f 2624 2692 2693 2625
f 3386 3441 3442 3387
f 3542 3614 3615 3543
f 3576 3577 3579 3507
f 3781 3831 3832 3782
f 3758 3810 3809 3760
f 3783 3833 3834 3784
f 3734 3779 3778 3733
f 3775 3826 3827 3776
f 3308 3309 3311 3254
f 2057 2110 2111 2058
f 3654 3712 3711 3653
f 1906 1953 1954 1907
f 1977 2025 2026 1978
f 3836 3883 3885 3838
f 3773 3824 3825 3774
f 3923 3955 3956 3924
f 3743 3786 3788 3744
f 3752 3796 3797 3753
f 456 502 503 457
f 3172 3231 3232 3173
f 3691 3744 3745 3692
f 3741 3787 3786 3743
f 4098 4109 4110 4099
f 3814 3859 3860 3815
f 3655 3713 3714 3656
f 3688 3742 3741 3689
f 1152 1204 1205 1154
f 1993 2051 2052 1994
f 3062 3123 3124 3063
f 3640 3642 3641 3578
f 3653 3711 3713 3655
f 3822 3876 3877 3823
f 3495 3566 3567 3496
f 3907 3941 3942 3908
f 3544 3616 3617 3545
f 2556 2628 2629 2557
f 1528 1562 1563 1530
f 3630 3691 3692 3631
f 4233 4247 4248 4234
f 3450 3511 3512 3451
f 3280 3337 3336 3279
f 1537 1538 1539 1502
f 3509 3582 3583 3510
f 3863 3864 3867 3866
f 2728 2784 2785 2729
f 2620 2688 2689 2621
f 897 950 951 898
f 3883 3920 3919 3885
f 3892 3927 3928 3893
f 3261 3319 3320 3262
f 3846 3893 3894 3847
f 1852 1889 1891 1890
f 4234 4248 4250 4249
f 1440 1478 1479 1441
f 3113 3176 3177 3114
f 1469 1503 1504 1468
f 3838 3885 3886 3839
f 3106 3169 3170 3107
f 197 240 239 196
f 2700 2764 2765 2701
f 635 689 690 637
f 3718 3764 3765 3720
f 4217 4231 4232 4218
f 3879 3915 3916 3880
f 3514 3587 3588 3515
f 2888 2954 2955 2890
f 3065 3126 3127 3066
f 3656 3714 3715 3657
f 1069 1116 1115 1068
f 3862 3865 3864 3863
f 3871 3907 3908 3872
f 1024 1080 1082 1025
f 3396 3450 3451 3397
f 3915 3949 3950 3916
f 4209 4223 4222 4208
f 2371 2430 2431 2372
f 2002 2060 2061 2003
f 3823 3877 3878 3824
f 4284 4298 4299 4285
f 3874 3910 3911 3875
f 481 525 526 482
f 3057 3118 3119 3058
f 3924 3956 3957 3925
f 3026 3090 3091 3027
f 2868 2926 2927 2869
f 4010 4030 4032 4012
f 3790 3840 3841 3791
f 4138 4148 4149 4139
f 2091 2141 2142 2092
f 1740 1786 1787 1741
f 3824 3878 3879 3825
f 3578 3641 3643 3577
f 3049 3110 3111 3050
f 3736 3781 3782 3737
f 3837 3884 3883 3836
f 3971 3996 3998 3997
f 3903 3939 3938 3905
f 3040 3101 3102 3041
f 4130 4141 4140 4129
f 2721 2777 2776 2720
f 3886 3921 3922 3887
f 3959 3962 3961 3960
f 4409 4418 4419 4410
f 3012 3013 3015 2952
f 3468 3528 3527 3467
f 3955 3986 3987 3956
f 3812 3857 3858 3813
f 1835 1877 1879 1836
f 4012 4032 4033 4013
f 257 294 296 256
f 1994 2052 2053 1995
f 3248 3302 3303 3249
f 3994 4013 4014 3995
f 3925 3957 3958 3926
f 1684 1738 1739 1685
f 3912 3946 3947 3913
f 2072 2074 2073 2020
f 3184 3243 3245 3186
f 3878 3914 3915 3879
f 3949 3982 3983 3950
f 3444 3503 3504 3445
f 3934 3969 3970 3935
f 3943 3976 3977 3944
f 3952 3985 3984 3954
f 3020 3084 3085 3021
f 3548 3620 3621 3550
f 1986 2033 2034 1987
f 1017 1075 1076 1018
f 1819 1865 1866 1820
f 3996 4015 4016 3998
f 3935 3970 3971 3937
f 3658 3716 3717 3659
f 1025 1082 1083 1026
f 3859 3900 3901 3860
f 4004 4024 4025 4005
f 3947 3980 3981 3948
f 3976 4003 4004 3977
f 3911 3945 3946 3912
f 1624 1674 1675 1625
f 3452 3513 3514 3453
f 3129 3131 3130 3070
f 4329 4341 4343 4342
f 3973 4000 3999 3972
f 3974 4001 4002 3975
f 3839 3886 3887 3840
f 3968 3993 3994 3969
f 4006 4026 4027 4007
f 2033 2088 2089 2034
f 3888 3923 3924 3889
f 3965 3992 3991 3967
f 3942 3975 3976 3943
f 1788 1827 1828 1789
f 3960 3961 3964 3963
f 3933 3968 3969 3934
f 3902 3935 3937 3936
f 3991 4010 4012 3993
f 3840 3887 3888 3841
f 2328 2388 2389 2329
f 3628 3689 3690 3629
f 1513 1551 1552 1514
f 3870 3871 3872 3819
f 4068 4077 4078 4070
f 3156 3217 3218 3157
f 209 252 254 253
f 4051 4059 4060 4052
f 4281 4295 4296 4282
f 3845 3892 3893 3846
f 3662 3724 3725 3664
f 4008 4028 4029 4009
f 3730 3776 3777 3731
f 4074 4087 4088 4075
f 2034 2089 2090 2035
f 4060 4067 4068 4061
f 4032 4046 4048 4033
f 4015 4035 4036 4016
f 3220 3277 3278 3222
f 3464 3523 3524 3466
f 4094 4105 4104 4093
f 4273 4288 4289 4274
f 1891 1936 1937 1893
f 1772 1812 1813 1773
f 4014 4034 4035 4015
f 4052 4060 4061 4054
f 2592 2661 2662 2593
f 3724 3770 3771 3725
f 3105 3168 3169 3106
f 4000 4020 4019 3999
f 4155 4168 4170 4157
f 3284 3341 3342 3285
f 4055 4062 4064 4057
f 3786 3836 3838 3788
f 969 1019 1020 970
f 4091 4100 4101 4092
f 2137 2193 2194 2138
f 4013 4033 4034 4014
f 2090 2140 2141 2091
f 4092 4101 4103 4102
f 4061 4068 4070 4069
f 4023 4040 4041 4024
f 4056 4063 4062 4055
f 2216 2277 2278 2217
f 4194 4196 4195 4179
f 3089 3153 3154 3090
f 4210 4224 4225 4211
f 4070 4078 4080 4079
f 4048 4055 4057 4049
f 3999 4019 4021 4001
f 2740 2794 2795 2741
f 3600 3662 3664 3599
f 4182 4200 4199 4184
f 4088 4097 4098 4089
f 1875 1919 1920 1876
f 3090 3154 3155 3091
f 41 56 57 42
f 3868 3869 3871 3870
f 4202 4214 4215 4203
f 4085 4096 4095 4087
f 4062 4071 4073 4064
f 1828 1873 1874 1829
f 4016 4036 4037 4018
f 2706 2770 2771 2707
f 3137 3138 3140 3139
f 4218 4232 4233 4219
f 4077 4090 4091 4078
f 4022 4038 4040 4023
f 4100 4111 4112 4101
f 3508 3581 3582 3509
f 521 570 572 522
f 4139 4149 4151 4150
f 35 48 49 36
f 4021 4039 4038 4022
f 4162 4175 4177 4176
f 3144 3207 3208 3145
f 4297 4310 4311 4298
f 2042 2097 2098 2041
f 4087 4095 4097 4088
f 4096 4107 4106 4095
f 3580 3645 3646 3581
f 3760 3809 3811 3761
f 2066 2115 2116 2067
f 890 943 944 891
f 4160 4173 4174 4161
f 4120 4132 4134 4121
f 4111 4122 4123 4112
f 3954 3984 3986 3955
f 3908 3942 3943 3909
f 4262 4278 4279 4263
f 2089 2139 2140 2090
f 1923 1974 1975 1924
f 2058 2111 2112 2059
f 2768 2821 2820 2767
f 4084 4094 4093 4083
f 4164 4178 4180 4166
f 4011 4031 4030 4010
f 4117 4129 4131 4116
f 4059 4066 4067 4060
f 1812 1858 1859 1813
f 4144 4156 4155 4143
f 3424 3481 3482 3425
f 2049 2102 2103 2050
f 4149 4161 4162 4151
f 4242 4259 4258 4241
f 4110 4121 4122 4111
f 4136 4146 4147 4137
f 3796 3846 3847 3797
f 3638 3699 3700 3639
f 4256 4273 4274 4257
f 1907 1954 1955 1908
f 4158 4171 4172 4159
f 4143 4155 4157 4145
f 3780 3829 3831 3781
f 4035 4050 4051 4036
f 2065 2113 2115 2066
f 3667 3728 3729 3668
f 2672 2735 2736 2673
f 4174 4187 4188 4175
f 4112 4123 4124 4113
f 4034 4049 4050 4035
f 121 138 139 122
f 1570 1618 1619 1571
f 4321 4333 4334 4322
f 4165 4179 4178 4164
f 4135 4145 4146 4136
f 4313 4326 4327 4314
f 4203 4215 4216 4204
f 4157 4170 4171 4158
f 4095 4106 4108 4097
f 3860 3901 3902 3861
f 4226 4242 4241 4228
f 3217 3274 3275 3218
f 4298 4311 4312 4299
f 4125 4138 4139 4127
f 4166 4180 4181 4167
f 4007 4027 4028 4008
f 3728 3774 3775 3729
f 4024 4041 4042 4025
f 4128 4130 4129 4117
f 4037 4052 4054 4053
f 4336 4350 4351 4337
f 4118 4133 4132 4120
f 3855 3896 3895 3854
f 3856 3897 3898 3857
f 3940 3972 3974 3941
f 4076 4089 4090 4077
f 4414 4423 4422 4416
f 3153 3214 3215 3154
f 3575 3578 3577 3576
f 4030 4047 4046 4032
f 4168 4183 4182 4170
f 985 1034 1035 986
f 4204 4216 4217 4205
f 3869 3906 3907 3871
f 4099 4110 4111 4100
f 2012 2066 2067 2013
f 4268 4283 4284 4269
f 4122 4135 4136 4123
f 4314 4327 4328 4315
f 4243 4260 4261 4244
f 4197 4210 4211 4198
f 4282 4296 4297 4283
f 4206 4218 4219 4207
f 3178 3237 3238 3179
f 4280 4294 4295 4281
f 3328 3383 3384 3329
f 1769 1771 1770 1721
f 4228 4241 4243 4229
f 2083 2133 2134 2084
f 4230 4244 4245 4231
f 4231 4245 4246 4232
f 4306 4319 4320 4307
f 4148 4160 4161 4149
f 55 68 69 56
f 986 1035 1036 987
f 4212 4226 4228 4214
f 4075 4088 4089 4076
f 2164 2218 2219 2165
f 4232 4246 4247 4233
f 473 517 518 474
f 4352 4365 4366 4353
f 4245 4262 4263 4246
f 4246 4263 4264 4247
f 4199 4213 4212 4201
f 4224 4239 4240 4225
f 51 53 52 39
f 2081 2131 2132 2082
f 4140 4152 4154 4142
f 4237 4252 4254 4236
f 4238 4255 4256 4239
f 3122 3188 3189 3123
f 4184 4199 4201 4185
f 4108 4118 4120 4109
f 1641 1686 1687 1642
f 4205 4217 4218 4206
f 4214 4228 4229 4215
f 1916 1963 1964 1917
f 4250 4266 4268 4267
f 4186 4202 4203 4187
f 4290 4305 4304 4292
f 4299 4312 4313 4300
f 3800 3851 3852 3803
f 938 987 988 939
f 2074 2124 2123 2073
f 4255 4272 4273 4256
f 4172 4185 4186 4173
f 4305 4318 4317 4304
f 4252 4270 4271 4254
f 2043 2044 2046 2045
f 4147 4159 4160 4148
f 4279 4293 4294 4280
f 4264 4280 4281 4265
f 4188 4204 4205 4189
f 4328 4340 4341 4329
f 2130 2184 2185 2131
f 27 41 42 28
f 4269 4284 4285 4270
f 4270 4285 4286 4271
f 4196 4209 4208 4195
f 4288 4302 4303 4289
f 4132 4144 4143 4134
f 119 136 137 120
f 4401 4412 4413 4402
f 4293 4306 4307 4294
f 4294 4307 4308 4295
f 1900 1947 1948 1901
f 4156 4169 4168 4155
f 4266 4282 4283 4268
f 2145 2148 2147 2146
f 2114 2169 2168 2113
f 1979 2027 2028 1980
f 4295 4308 4309 4296
f 4304 4317 4319 4306
f 4258 4276 4275 4260
f 2097 2153 2154 2098
f 2386 2452 2453 2387
f 4300 4313 4314 4301
f 4309 4322 4323 4310
f 4123 4136 4137 4124
f 4287 4301 4302 4288
f 4296 4309 4310 4297
f 3944 3977 3978 3945
f 3169 3228 3229 3170
f 4244 4261 4262 4245
f 4292 4304 4306 4293
f 4301 4314 4315 4302
f 4310 4323 4324 4311
f 4263 4279 4280 4264
f 4272 4287 4288 4273
f 4348 4361 4362 4349
f 1009 1069 1068 1011
f 207 210 209 208
f 4260 4275 4277 4261
f 4277 4290 4292 4278
f 4207 4219 4221 4220
f 4354 4367 4368 4355
f 1609 1610 1612 1611
f 4353 4366 4367 4354
f 4213 4227 4226 4212
f 4302 4315 4316 4303
f 1956 2005 2006 1957
f 4208 4222 4224 4210
f 4338 4352 4353 4339
f 4337 4351 4352 4338
f 4371 4372 4374 4373
f 4362 4377 4378 4363
f 4278 4292 4293 4279
f 2170 2220 2222 2171
f 4327 4339 4340 4328
f 465 509 510 466
f 4324 4336 4337 4325
f 263 302 303 264
f 4332 4346 4347 4333
f 2019 2075 2076 2021
f 4222 4238 4239 4224
f 4351 4364 4365 4352
f 4216 4230 4231 4217
f 4393 4403 4405 4394
f 2129 2183 2184 2130
f 4356 4369 4370 4358
f 4046 4056 4055 4048
f 1932 1982 1984 1934
f 125 142 143 126
f 4386 4400 4401 4387
f 3201 3259 3260 3202
f 4346 4360 4359 4347
f 4333 4347 4348 4334
f 3670 3731 3732 3671
f 4367 4382 4383 4368
f 3864 3903 3905 3867
f 4410 4419 4420 4411
f 2113 2168 2170 2115
f 4395 4406 4407 4396
f 3872 3908 3909 3873
f 993 1042 1043 994
f 4396 4407 4408 4397
f 3185 3244 3243 3184
f 4372 4386 4387 4374
f 4365 4380 4381 4366
f 3102 3165 3166 3103
f 4359 4376 4375 4361
f 2736 2791 2790 2737
f 4322 4334 4335 4323
f 2003 2061 2062 2004
f 1990 1992 1991 1944
f 4335 4349 4350 4336
f 2744 2798 2799 2745
f 3980 4007 4008 3981
f 2105 2161 2162 2106
f 319 364 365 320
f 340 382 383 341
f 494 544 545 495
f 33 46 47 34
f 11 12 14 13
f 3177 3236 3237 3178
f 44 59 60 45
f 4312 4325 4326 4313
f 105 128 127 104
f 4424 4428 4430 4425
