# exported by blender_batch_chars_to_s.py fallback
v 0.764677 -0.050255 0.000000
v 0.770720 -0.049223 0.000000
v 0.770460 -0.056734 0.052308
v 0.763773 -0.056989 0.000000
v 0.780064 -0.049031 0.000000
v 0.780031 -0.056724 0.065794
v 0.790003 -0.049012 0.000000
v 0.790001 -0.056726 0.070450
v 0.800000 -0.049011 0.000000
v 0.800000 -0.056726 0.072508
v 0.810000 -0.049011 0.000000
v 0.810000 -0.056726 0.073139
v 0.819997 -0.049012 0.000000
v 0.820000 -0.056726 0.073167
v 0.829942 -0.049031 0.000000
v 0.829995 -0.056728 0.071094
v 0.839374 -0.049226 0.000000
v 0.839922 -0.056778 0.059400
v 0.846032 -0.050287 0.000000
v 0.849486 -0.057260 0.000000
v 0.770463 -0.067077 0.052677
v 0.763774 -0.066767 0.000000
v 0.780062 -0.067440 0.068670
v 0.790006 -0.067522 0.083706
v 0.800000 -0.067531 0.093036
v 0.810000 -0.067531 0.096742
v 0.820000 -0.067531 0.098183
v 0.830000 -0.067531 0.096947
v 0.839996 -0.067535 0.089599
v 0.849963 -0.067595 0.074652
v 0.859331 -0.060000 0.000000
v 0.859919 -0.067970 0.059813
v 0.866028 -0.061471 0.000000
v 0.869482 -0.068505 0.000000
v 0.770763 -0.075007 0.000000
v 0.764681 -0.073561 0.000000
v 0.780521 -0.077816 0.000000
v 0.790100 -0.078615 0.062312
v 0.800009 -0.078740 0.086882
v 0.810000 -0.078751 0.099061
v 0.820000 -0.078751 0.105146
v 0.830000 -0.078751 0.106756
v 0.840000 -0.078751 0.104055
v 0.849999 -0.078754 0.098338
v 0.859995 -0.078782 0.089539
v 0.869941 -0.078845 0.073525
v 0.879242 -0.071249 0.000000
v 0.879591 -0.079210 0.055712
v 0.885379 -0.072698 0.000000
v 0.886668 -0.079602 0.000000
v 0.790944 -0.088936 0.000000
v 0.784012 -0.085438 0.000000
v 0.800130 -0.089853 0.062417
v 0.810009 -0.089990 0.087790
v 0.820000 -0.090000 0.101036
v 0.830000 -0.090000 0.107825
v 0.840000 -0.090000 0.110701
v 0.850000 -0.090000 0.109150
v 0.860000 -0.090001 0.103430
v 0.869995 -0.090006 0.093406
v 0.879916 -0.090067 0.072833
v 0.889106 -0.090583 0.000000
v 0.800946 -0.100188 0.000000
v 0.794074 -0.096667 0.000000
v 0.810121 -0.101140 0.062939
v 0.820007 -0.101245 0.089989
v 0.830000 -0.101250 0.103386
v 0.840000 -0.101250 0.111333
v 0.850000 -0.101250 0.114631
v 0.860000 -0.101250 0.110898
v 0.869999 -0.101250 0.102747
v 0.879972 -0.101256 0.088673
v 0.889582 -0.101341 0.059347
v 0.895359 -0.094468 0.000000
v 0.896666 -0.102003 0.000000
v 0.810817 -0.111968 0.000000
v 0.804054 -0.107990 0.000000
v 0.820079 -0.112463 0.075592
v 0.830004 -0.112499 0.098568
v 0.840000 -0.112500 0.110238
v 0.850000 -0.112500 0.116792
v 0.860000 -0.112500 0.115643
v 0.870000 -0.112500 0.108585
v 0.879996 -0.112502 0.096859
v 0.889915 -0.112542 0.073509
v 0.899102 -0.113078 0.000000
v 0.820371 -0.123747 0.072120
v 0.813140 -0.123701 0.000000
v 0.830025 -0.123750 0.097382
v 0.840001 -0.123750 0.109958
v 0.850000 -0.123750 0.117821
v 0.860000 -0.123750 0.118900
v 0.870000 -0.123750 0.112664
v 0.879999 -0.123750 0.103242
v 0.889969 -0.123755 0.088603
v 0.899531 -0.123837 0.058876
v 0.905301 -0.116965 0.000000
v 0.906243 -0.124455 0.000000
v 0.820419 -0.135000 0.071662
v 0.813526 -0.134997 0.000000
v 0.830027 -0.135000 0.097241
v 0.840001 -0.135000 0.109996
v 0.850000 -0.135000 0.118631
v 0.860000 -0.135000 0.121929
v 0.870000 -0.135000 0.116690
v 0.879999 -0.135000 0.108139
v 0.889973 -0.135000 0.095529
v 0.899575 -0.135006 0.069684
v 0.906417 -0.135065 0.000000
v 0.820423 -0.146250 0.071480
v 0.813564 -0.146247 0.000000
v 0.830027 -0.146250 0.097057
v 0.840001 -0.146250 0.109803
v 0.850000 -0.146250 0.118748
v 0.860000 -0.146250 0.123512
v 0.870000 -0.146250 0.118748
v 0.879999 -0.146250 0.109803
v 0.889973 -0.146250 0.097056
v 0.899577 -0.146250 0.071480
v 0.906434 -0.146253 0.000000
v 0.820425 -0.157494 0.069685
v 0.813583 -0.157435 0.000000
v 0.830028 -0.157500 0.095536
v 0.840001 -0.157500 0.108151
v 0.850000 -0.157500 0.116714
v 0.860000 -0.157500 0.121983
v 0.870000 -0.157500 0.118644
v 0.879999 -0.157500 0.109993
v 0.889973 -0.157500 0.097232
v 0.899577 -0.157500 0.071631
v 0.906435 -0.157500 0.000000
v 0.820469 -0.168664 0.058904
v 0.813757 -0.168045 0.000000
v 0.830031 -0.168745 0.088760
v 0.840001 -0.168750 0.103436
v 0.850000 -0.168750 0.112951
v 0.860000 -0.168750 0.119354
v 0.870000 -0.168750 0.117955
v 0.879999 -0.168750 0.109915
v 0.889973 -0.168750 0.097237
v 0.899577 -0.168750 0.071637
v 0.906435 -0.168750 0.000000
v 0.820884 -0.179471 0.000000
v 0.814698 -0.175539 0.000000
v 0.830082 -0.179963 0.075455
v 0.840004 -0.179999 0.098578
v 0.850000 -0.180000 0.110511
v 0.860000 -0.180000 0.117883
v 0.870000 -0.180000 0.117578
v 0.879999 -0.180000 0.109869
v 0.889973 -0.180000 0.097234
v 0.899577 -0.180000 0.071637
v 0.906435 -0.180000 0.000000
v 0.830371 -0.191247 0.072112
v 0.823143 -0.191201 0.000000
v 0.840025 -0.191250 0.097380
v 0.850001 -0.191250 0.109932
v 0.860000 -0.191250 0.117536
v 0.870000 -0.191250 0.117500
v 0.879999 -0.191250 0.109861
v 0.889973 -0.191250 0.097234
v 0.899577 -0.191250 0.071637
v 0.906435 -0.191250 0.000000
v 0.830419 -0.202500 0.071668
v 0.823526 -0.202498 0.000000
v 0.840027 -0.202500 0.097242
v 0.850001 -0.202500 0.109864
v 0.860000 -0.202500 0.117494
v 0.870000 -0.202500 0.117492
v 0.879999 -0.202500 0.109860
v 0.889973 -0.202500 0.097234
v 0.899577 -0.202500 0.071637
v 0.906435 -0.202500 0.000000
v 0.830423 -0.213750 0.071638
v 0.823563 -0.213750 0.000000
v 0.840027 -0.213750 0.097234
v 0.850001 -0.213750 0.109860
v 0.860000 -0.213750 0.117492
v 0.870000 -0.213750 0.117491
v 0.879999 -0.213750 0.109860
v 0.889973 -0.213750 0.097234
v 0.899577 -0.213750 0.071637
v 0.906435 -0.213750 0.000000
v 0.830423 -0.225000 0.071637
v 0.823565 -0.225000 0.000000
v 0.840027 -0.225000 0.097234
v 0.850001 -0.225000 0.109860
v 0.860000 -0.225000 0.117491
v 0.870000 -0.225000 0.117491
v 0.879999 -0.225000 0.109860
v 0.889973 -0.225000 0.097234
v 0.899577 -0.225000 0.071637
v 0.906435 -0.225000 0.000000
v 0.830423 -0.236250 0.071637
v 0.823565 -0.236250 0.000000
v 0.840027 -0.236250 0.097234
v 0.850001 -0.236250 0.109860
v 0.860000 -0.236250 0.117491
v 0.870000 -0.236250 0.117491
v 0.879999 -0.236250 0.109860
v 0.889973 -0.236250 0.097234
v 0.899577 -0.236250 0.071637
v 0.906435 -0.236250 0.000000
v 0.830423 -0.247500 0.071637
v 0.823565 -0.247500 0.000000
v 0.840027 -0.247500 0.097234
v 0.850001 -0.247500 0.109860
v 0.860000 -0.247500 0.117491
v 0.870000 -0.247500 0.117491
v 0.879999 -0.247500 0.109860
v 0.889973 -0.247500 0.097234
v 0.899577 -0.247500 0.071637
v 0.906435 -0.247500 0.000000
v 0.830423 -0.258750 0.071637
v 0.823565 -0.258750 0.000000
v 0.840027 -0.258750 0.097234
v 0.850001 -0.258750 0.109860
v 0.860000 -0.258750 0.117491
v 0.870000 -0.258750 0.117491
v 0.879999 -0.258750 0.109860
v 0.889973 -0.258750 0.097234
v 0.899577 -0.258750 0.071637
v 0.906435 -0.258750 0.000000
v 0.830423 -0.270000 0.071637
v 0.823565 -0.270000 0.000000
v 0.840027 -0.270000 0.097234
v 0.850001 -0.270000 0.109860
v 0.860000 -0.270000 0.117491
v 0.870000 -0.270000 0.117488
v 0.879999 -0.270000 0.109859
v 0.889973 -0.270000 0.097234
v 0.899577 -0.270000 0.071637
v 0.906435 -0.270000 0.000000
v 0.830423 -0.281250 0.071637
v 0.823565 -0.281250 0.000000
v 0.840027 -0.281250 0.097234
v 0.850001 -0.281250 0.109859
v 0.860000 -0.281250 0.117480
v 0.870000 -0.281250 0.117438
v 0.879999 -0.281250 0.109836
v 0.889973 -0.281250 0.097222
v 0.899577 -0.281250 0.071631
v 0.906435 -0.281250 0.000000
v 0.830423 -0.292500 0.071637
v 0.823565 -0.292500 0.000000
v 0.840027 -0.292500 0.097233
v 0.850001 -0.292500 0.109846
v 0.860000 -0.292500 0.117371
v 0.870000 -0.292500 0.117050
v 0.879999 -0.292500 0.109575
v 0.889973 -0.292500 0.097040
v 0.899577 -0.292500 0.071479
v 0.906434 -0.292497 0.000000
v 0.830423 -0.303750 0.071630
v 0.823565 -0.303750 0.000000
v 0.840027 -0.303750 0.097216
v 0.850001 -0.303750 0.109759
v 0.860000 -0.303750 0.116841
v 0.870000 -0.303750 0.115420
v 0.879999 -0.303750 0.107989
v 0.889972 -0.303750 0.095525
v 0.899575 -0.303744 0.069684
v 0.906417 -0.303685 0.000000
v 0.830423 -0.315000 0.071478
v 0.823566 -0.314997 0.000000
v 0.840027 -0.315000 0.097026
v 0.850001 -0.315000 0.109378
v 0.860000 -0.315000 0.115577
v 0.870000 -0.315000 0.112170
v 0.879999 -0.315000 0.103354
v 0.889969 -0.314995 0.088756
v 0.899531 -0.314914 0.058903
v 0.906243 -0.314295 0.000000
v 0.830425 -0.326244 0.069684
v 0.823583 -0.326185 0.000000
v 0.840028 -0.326250 0.095507
v 0.850001 -0.326250 0.107729
v 0.860000 -0.326250 0.113444
v 0.870000 -0.326250 0.109566
v 0.879996 -0.326249 0.098474
v 0.889917 -0.326213 0.075449
v 0.899116 -0.325721 0.000000
v 0.905302 -0.321789 0.000000
v 0.830469 -0.337414 0.058903
v 0.823757 -0.336796 0.000000
v 0.840031 -0.337495 0.088738
v 0.850001 -0.337500 0.103095
v 0.860000 -0.337500 0.110191
v 0.869999 -0.337500 0.108179
v 0.879975 -0.337500 0.097164
v 0.889629 -0.337497 0.072098
v 0.896857 -0.337451 0.000000
v 0.830884 -0.348221 0.000000
v 0.824698 -0.344289 0.000000
v 0.840082 -0.348713 0.075436
v 0.850004 -0.348749 0.098279
v 0.860000 -0.348750 0.108057
v 0.869999 -0.348750 0.107605
v 0.879973 -0.348750 0.096963
v 0.889580 -0.348750 0.071649
v 0.896474 -0.348748 0.000000
v 0.840371 -0.359997 0.072093
v 0.833143 -0.359951 0.000000
v 0.850025 -0.360000 0.097088
v 0.860001 -0.360000 0.107545
v 0.869999 -0.360000 0.107492
v 0.879973 -0.360000 0.096944
v 0.889577 -0.360000 0.071619
v 0.896437 -0.360000 0.000000
v 1.063965 -0.354035 0.000000
v 1.070624 -0.352977 0.000000
v 1.070076 -0.360528 0.059054
v 1.060470 -0.360994 0.000000
v 1.080000 -0.352802 0.000000
v 1.079999 -0.360482 0.068280
v 1.089372 -0.352979 0.000000
v 1.089888 -0.360539 0.058055
v 1.095965 -0.354057 0.000000
v 1.098988 -0.361137 0.000000
v 0.840419 -0.371250 0.071649
v 0.833526 -0.371248 0.000000
v 0.850027 -0.371250 0.096952
v 0.860001 -0.371250 0.107485
v 0.869999 -0.371250 0.107481
v 0.879973 -0.371250 0.096943
v 0.889577 -0.371250 0.071619
v 0.896437 -0.371250 0.000000
v 1.003969 -0.365287 0.000000
v 1.010626 -0.364226 0.000000
v 1.010078 -0.371778 0.059350
v 1.000514 -0.372260 0.000000
v 1.020058 -0.364031 0.000000
v 1.020005 -0.371728 0.070933
v 1.030003 -0.364010 0.000000
v 1.030000 -0.371726 0.072976
v 1.040002 -0.363967 0.000000
v 1.040000 -0.371722 0.073149
v 1.050043 -0.363536 0.000000
v 1.050003 -0.371667 0.073342
v 1.060033 -0.371343 0.076011
v 1.070004 -0.371284 0.087729
v 1.079999 -0.371280 0.091001
v 1.089966 -0.371282 0.081354
v 1.099519 -0.371345 0.055835
v 1.105281 -0.364535 0.000000
v 1.106224 -0.371889 0.000000
v 0.840423 -0.382500 0.071619
v 0.833563 -0.382500 0.000000
v 0.850027 -0.382500 0.096943
v 0.860001 -0.382500 0.107481
v 0.869999 -0.382500 0.107485
v 0.879973 -0.382500 0.096952
v 0.889581 -0.382500 0.071651
v 0.896476 -0.382502 0.000000
v 0.983972 -0.376471 0.000000
v 0.990669 -0.375000 0.000000
v 0.990080 -0.382970 0.059778
v 0.980514 -0.383505 0.000000
v 1.000037 -0.382595 0.074427
v 1.010004 -0.382535 0.089005
v 1.020000 -0.382531 0.095588
v 1.030000 -0.382531 0.096596
v 1.040000 -0.382530 0.096296
v 1.050000 -0.382527 0.094734
v 1.060000 -0.382500 0.092627
v 1.070000 -0.382473 0.092947
v 1.079995 -0.382466 0.087335
v 1.089938 -0.382406 0.071623
v 1.099537 -0.382051 0.053276
v 1.106227 -0.381761 0.000000
v 0.840423 -0.393750 0.071618
v 0.833565 -0.393750 0.000000
v 0.850027 -0.393750 0.096944
v 0.860001 -0.393750 0.107492
v 0.869999 -0.393750 0.107546
v 0.879975 -0.393750 0.097092
v 0.889632 -0.393752 0.072150
v 0.896903 -0.393784 0.000000
v 0.963972 -0.387721 0.000000
v 0.970669 -0.386250 0.000000
v 0.970080 -0.394220 0.059754
v 0.960514 -0.394755 0.000000
v 0.980037 -0.393845 0.074378
v 0.990004 -0.393782 0.089088
v 1.000001 -0.393754 0.096436
v 1.010000 -0.393751 0.100219
v 1.020000 -0.393750 0.100277
v 1.029999 -0.393747 0.097349
v 1.040000 -0.393723 0.095056
v 1.049996 -0.393716 0.088358
v 1.059967 -0.393657 0.075859
v 1.069992 -0.393330 0.071034
v 1.079922 -0.393226 0.059209
v 1.089482 -0.392740 0.000000
v 1.099237 -0.390002 0.000000
v 1.105320 -0.388560 0.000000
v 0.373968 -0.399037 0.000000
v 0.380624 -0.397977 0.000000
v 0.380078 -0.405528 0.059191
v 0.370514 -0.406010 0.000000
v 0.390000 -0.397802 0.000000
v 0.390000 -0.405481 0.068780
v 0.399377 -0.397977 0.000000
v 0.399924 -0.405528 0.059232
v 0.406035 -0.399035 0.000000
v 0.409530 -0.405994 0.000000
v 0.840423 -0.405000 0.071618
v 0.833565 -0.405000 0.000000
v 0.850027 -0.405000 0.096955
v 0.860001 -0.405000 0.107601
v 0.870000 -0.405000 0.108062
v 0.879997 -0.405001 0.098357
v 0.889953 -0.405026 0.076159
v 0.899656 -0.405387 0.000000
v 0.943968 -0.398970 0.000000
v 0.950669 -0.397500 0.000000
v 0.950079 -0.405469 0.059734
v 0.940471 -0.405990 0.000000
v 0.960037 -0.405095 0.074317
v 0.970004 -0.405032 0.088805
v 0.980001 -0.405004 0.095924
v 0.990000 -0.405000 0.100095
v 1.000000 -0.404999 0.100206
v 1.009999 -0.404996 0.096445
v 1.019996 -0.404968 0.089285
v 1.029967 -0.404907 0.076456
v 1.039992 -0.404580 0.071296
v 1.049924 -0.404476 0.059335
v 1.059528 -0.404005 0.000000
v 1.069899 -0.401443 0.000000
v 1.079372 -0.400818 0.000000
v 1.086031 -0.399717 0.000000
v 0.354034 -0.410242 0.000000
v 0.360674 -0.408752 0.000000
v 0.360112 -0.416730 0.059289
v 0.350945 -0.417386 0.000000
v 0.370038 -0.416346 0.074592
v 0.380004 -0.416285 0.089410
v 0.390000 -0.416281 0.095238
v 0.399996 -0.416285 0.089638
v 0.409967 -0.416343 0.077038
v 0.419957 -0.408536 0.000000
v 0.419997 -0.416667 0.073971
v 0.429998 -0.408967 0.000000
v 0.430000 -0.416722 0.073578
v 0.440000 -0.409009 0.000000
v 0.440000 -0.416726 0.073542
v 0.449997 -0.409012 0.000000
v 0.450000 -0.416726 0.073322
v 0.459942 -0.409032 0.000000
v 0.459994 -0.416729 0.071087
v 0.469369 -0.409228 0.000000
v 0.469891 -0.416789 0.058861
v 0.475969 -0.410307 0.000000
v 0.479055 -0.417391 0.000000
v 0.840423 -0.416250 0.071624
v 0.833563 -0.416250 0.000000
v 0.850027 -0.416250 0.097019
v 0.860001 -0.416250 0.108119
v 0.870000 -0.416250 0.110261
v 0.880000 -0.416250 0.103780
v 0.889997 -0.416253 0.092676
v 0.899977 -0.416302 0.077450
v 0.909970 -0.408481 0.000000
v 0.909998 -0.416664 0.073733
v 0.920001 -0.408921 0.000000
v 0.920000 -0.416718 0.073201
v 0.930043 -0.408534 0.000000
v 0.930003 -0.416667 0.073347
v 0.940033 -0.416343 0.076071
v 0.950004 -0.416281 0.088413
v 0.960001 -0.416253 0.095396
v 0.970000 -0.416250 0.098229
v 0.979999 -0.416246 0.097058
v 0.990000 -0.416222 0.095640
v 0.999996 -0.416215 0.089008
v 1.009963 -0.416155 0.074428
v 1.019921 -0.415781 0.059816
v 1.029527 -0.415259 0.000000
v 1.039899 -0.412693 0.000000
v 1.049372 -0.412068 0.000000
v 1.056035 -0.410968 0.000000
v 0.344074 -0.420839 0.000000
v 0.350131 -0.427651 0.062436
v 0.340947 -0.428566 0.000000
v 0.360009 -0.427535 0.087304
v 0.370001 -0.427504 0.098004
v 0.380000 -0.427501 0.104297
v 0.390000 -0.427501 0.107503
v 0.400000 -0.427501 0.104692
v 0.409999 -0.427504 0.100849
v 0.420000 -0.427528 0.100009
v 0.430000 -0.427531 0.100027
v 0.440000 -0.427531 0.100026
v 0.450000 -0.427531 0.099650
v 0.460000 -0.427531 0.097101
v 0.469991 -0.427538 0.087237
v 0.479869 -0.427651 0.062434
v 0.485926 -0.420839 0.000000
v 0.489053 -0.428566 0.000000
v 0.840419 -0.427500 0.071664
v 0.833524 -0.427502 0.000000
v 0.850027 -0.427500 0.097149
v 0.860001 -0.427500 0.109047
v 0.870000 -0.427500 0.113858
v 0.880000 -0.427500 0.110604
v 0.890000 -0.427500 0.104983
v 0.899999 -0.427503 0.099778
v 0.910000 -0.427528 0.097666
v 0.920000 -0.427531 0.096466
v 0.930000 -0.427527 0.094762
v 0.940000 -0.427500 0.092824
v 0.950000 -0.427473 0.094552
v 0.960000 -0.427469 0.094674
v 0.969996 -0.427465 0.088867
v 0.979967 -0.427407 0.076410
v 0.989992 -0.427080 0.071357
v 0.999922 -0.426976 0.059377
v 1.009486 -0.426490 0.000000
v 1.019331 -0.423750 0.000000
v 1.026031 -0.422280 0.000000
v 0.334074 -0.432083 0.000000
v 0.340131 -0.438897 0.062504
v 0.330944 -0.439814 0.000000
v 0.350010 -0.438761 0.087958
v 0.360000 -0.438751 0.101050
v 0.370000 -0.438750 0.108001
v 0.380000 -0.438750 0.112065
v 0.390000 -0.438750 0.114186
v 0.400000 -0.438750 0.112815
v 0.410000 -0.438750 0.111757
v 0.420000 -0.438751 0.112210
v 0.430000 -0.438751 0.113098
v 0.440000 -0.438751 0.113400
v 0.450000 -0.438751 0.112702
v 0.460000 -0.438751 0.109048
v 0.470000 -0.438751 0.101544
v 0.479990 -0.438761 0.088029
v 0.489866 -0.438897 0.062370
v 0.495921 -0.432083 0.000000
v 0.498986 -0.439813 0.000000
v 0.840368 -0.438752 0.072168
v 0.833097 -0.438784 0.000000
v 0.850025 -0.438750 0.097366
v 0.860001 -0.438750 0.109735
v 0.870000 -0.438750 0.116517
v 0.880000 -0.438750 0.115835
v 0.890000 -0.438750 0.111621
v 0.900000 -0.438750 0.106576
v 0.910000 -0.438751 0.101477
v 0.919999 -0.438747 0.095974
v 0.929996 -0.438719 0.088467
v 0.939967 -0.438657 0.076064
v 0.949997 -0.438333 0.073137
v 0.959995 -0.438275 0.070862
v 0.969924 -0.438223 0.059361
v 0.979527 -0.437755 0.000000
v 0.989899 -0.435193 0.000000
v 0.999371 -0.434568 0.000000
v 1.006031 -0.433467 0.000000
v 0.324009 -0.443311 0.000000
v 0.330098 -0.450136 0.063074
v 0.320475 -0.450920 0.000000
v 0.340009 -0.450011 0.087953
v 0.350000 -0.450000 0.100670
v 0.360000 -0.450000 0.106580
v 0.370000 -0.450000 0.109610
v 0.380000 -0.449999 0.111073
v 0.390000 -0.449999 0.111759
v 0.400000 -0.450000 0.111728
v 0.410000 -0.450000 0.113069
v 0.420000 -0.450000 0.116153
v 0.430000 -0.450000 0.119776
v 0.440000 -0.450000 0.121872
v 0.450000 -0.450000 0.121821
v 0.460000 -0.450000 0.117214
v 0.470000 -0.450000 0.110194
v 0.479999 -0.450000 0.101333
v 0.489966 -0.450010 0.086764
v 0.499521 -0.450122 0.058456
v 0.505282 -0.443284 0.000000
v 0.506242 -0.450710 0.000000
v 0.840047 -0.450026 0.076167
v 0.830346 -0.450387 0.000000
v 0.850003 -0.450001 0.098625
v 0.860000 -0.450000 0.110222
v 0.870000 -0.450000 0.116418
v 0.880000 -0.450000 0.114949
v 0.890000 -0.450000 0.109248
v 0.900000 -0.450000 0.101431
v 0.909995 -0.449992 0.090105
v 0.919963 -0.449908 0.074468
v 0.929921 -0.449531 0.059742
v 0.939530 -0.449010 0.000000
v 0.949954 -0.446463 0.000000
v 0.959940 -0.446012 0.000000
v 0.969374 -0.445776 0.000000
v 0.976035 -0.444715 0.000000
v 0.204673 -0.455257 0.000000
v 0.210662 -0.454245 0.000000
v 0.210456 -0.461761 0.050860
v 0.203773 -0.461995 0.000000
v 0.219437 -0.454247 0.000000
v 0.219954 -0.461779 0.055396
v 0.226039 -0.455287 0.000000
v 0.229531 -0.462244 0.000000
v 0.293965 -0.455282 0.000000
v 0.300628 -0.454182 0.000000
v 0.300076 -0.461774 0.059470
v 0.290470 -0.462244 0.000000
v 0.310102 -0.453553 0.000000
v 0.310008 -0.461670 0.071552
v 0.320033 -0.461339 0.076864
v 0.330005 -0.461258 0.090446
v 0.340000 -0.461250 0.100665
v 0.350000 -0.461250 0.104760
v 0.360000 -0.461250 0.103272
v 0.369999 -0.461246 0.100452
v 0.380000 -0.461222 0.099864
v 0.390000 -0.461222 0.099969
v 0.400001 -0.461247 0.100900
v 0.410000 -0.461250 0.105297
v 0.420000 -0.461250 0.111130
v 0.430000 -0.461250 0.117709
v 0.440000 -0.461250 0.123652
v 0.450000 -0.461250 0.126867
v 0.460000 -0.461250 0.123386
v 0.470000 -0.461250 0.116387
v 0.479999 -0.461250 0.107890
v 0.489972 -0.461250 0.095369
v 0.499574 -0.461257 0.069660
v 0.506417 -0.461315 0.000000
v 0.803969 -0.455283 0.000000
v 0.810628 -0.454180 0.000000
v 0.810078 -0.461774 0.059298
v 0.800514 -0.462260 0.000000
v 0.820088 -0.453504 0.000000
v 0.820007 -0.461667 0.071348
v 0.830023 -0.461302 0.077098
v 0.840003 -0.461253 0.092548
v 0.850000 -0.461250 0.103913
v 0.860000 -0.461250 0.111799
v 0.870000 -0.461250 0.114380
v 0.880000 -0.461250 0.109934
v 0.890000 -0.461250 0.101755
v 0.899992 -0.461241 0.088098
v 0.909901 -0.461114 0.063030
v 0.919484 -0.460315 0.000000
v 0.929331 -0.457503 0.000000
v 0.936032 -0.456030 0.000000
v 0.210481 -0.472408 0.055054
v 0.203777 -0.471861 0.000000
v 0.220029 -0.472501 0.075424
v 0.229970 -0.472588 0.070610
v 0.239957 -0.464786 0.000000
v 0.239997 -0.472916 0.070958
v 0.249998 -0.465217 0.000000
v 0.250000 -0.472972 0.072277
v 0.260000 -0.465256 0.000000
v 0.260000 -0.472976 0.072893
v 0.270002 -0.465217 0.000000
v 0.270000 -0.472972 0.073219
v 0.280043 -0.464786 0.000000
v 0.280003 -0.472917 0.073825
v 0.290033 -0.472593 0.077021
v 0.300004 -0.472535 0.089850
v 0.310000 -0.472528 0.097311
v 0.320001 -0.472504 0.100075
v 0.330000 -0.472500 0.103241
v 0.340000 -0.472500 0.104759
v 0.350000 -0.472500 0.100665
v 0.359995 -0.472492 0.090457
v 0.369967 -0.472411 0.077092
v 0.379997 -0.472087 0.073993
v 0.390002 -0.472090 0.074034
v 0.400023 -0.472448 0.077579
v 0.410002 -0.472497 0.092719
v 0.420000 -0.472500 0.104144
v 0.430000 -0.472500 0.113369
v 0.440000 -0.472500 0.121684
v 0.450000 -0.472500 0.127604
v 0.460000 -0.472500 0.126319
v 0.470000 -0.472500 0.119140
v 0.479999 -0.472500 0.109820
v 0.489973 -0.472500 0.097051
v 0.499577 -0.472500 0.071479
v 0.506434 -0.472503 0.000000
v 0.783969 -0.466470 0.000000
v 0.790669 -0.465000 0.000000
v 0.790079 -0.472969 0.059477
v 0.780473 -0.473491 0.000000
v 0.800037 -0.472595 0.073772
v 0.810004 -0.472534 0.088174
v 0.820000 -0.472528 0.095220
v 0.830001 -0.472503 0.098441
v 0.840000 -0.472500 0.103955
v 0.850000 -0.472500 0.110126
v 0.860000 -0.472500 0.114335
v 0.870000 -0.472500 0.111776
v 0.880000 -0.472500 0.103658
v 0.889993 -0.472495 0.090055
v 0.899879 -0.472390 0.062960
v 0.909058 -0.471440 0.000000
v 0.915988 -0.467938 0.000000
v 0.211012 -0.482617 0.000000
v 0.204719 -0.479215 0.000000
v 0.220115 -0.483271 0.057623
v 0.230037 -0.483659 0.069532
v 0.240004 -0.483746 0.083227
v 0.250001 -0.483776 0.090492
v 0.260000 -0.483781 0.094587
v 0.270000 -0.483781 0.096973
v 0.280000 -0.483778 0.098673
v 0.290001 -0.483754 0.100456
v 0.300000 -0.483751 0.104435
v 0.310000 -0.483751 0.107992
v 0.320000 -0.483750 0.108925
v 0.330000 -0.483750 0.106496
v 0.340000 -0.483750 0.100665
v 0.349991 -0.483739 0.087953
v 0.359902 -0.483614 0.063076
v 0.369527 -0.482833 0.000000
v 0.379958 -0.480264 0.000000
v 0.390028 -0.480310 0.000000
v 0.400344 -0.483363 0.000000
v 0.410047 -0.483724 0.076022
v 0.420003 -0.483749 0.098481
v 0.430000 -0.483750 0.110508
v 0.440000 -0.483750 0.119629
v 0.450000 -0.483750 0.126491
v 0.460000 -0.483750 0.126732
v 0.470000 -0.483750 0.119714
v 0.479999 -0.483750 0.110118
v 0.489973 -0.483750 0.097240
v 0.499577 -0.483750 0.071631
v 0.506435 -0.483750 0.000000
v 0.753969 -0.477783 0.000000
v 0.760629 -0.476682 0.000000
v 0.760078 -0.484274 0.059249
v 0.750514 -0.484760 0.000000
v 0.770101 -0.476057 0.000000
v 0.770008 -0.484170 0.070994
v 0.780033 -0.483843 0.075446
v 0.790004 -0.483781 0.086389
v 0.800000 -0.483750 0.091094
v 0.810000 -0.483727 0.094645
v 0.820001 -0.483747 0.097312
v 0.830000 -0.483750 0.101829
v 0.840000 -0.483750 0.107577
v 0.850000 -0.483750 0.113345
v 0.860000 -0.483750 0.115687
v 0.870000 -0.483750 0.110076
v 0.879996 -0.483749 0.098569
v 0.889921 -0.483713 0.075594
v 0.899183 -0.483218 0.000000
v 0.905946 -0.479240 0.000000
v 0.220674 -0.491248 0.000000
v 0.214039 -0.489758 0.000000
v 0.230514 -0.493995 0.000000
v 0.240080 -0.494531 0.059141
v 0.250037 -0.494909 0.073798
v 0.260005 -0.494993 0.088966
v 0.270000 -0.495001 0.099334
v 0.280000 -0.495001 0.105740
v 0.290000 -0.495000 0.109272
v 0.300000 -0.495000 0.110152
v 0.310000 -0.495000 0.109720
v 0.320000 -0.494999 0.107470
v 0.330000 -0.494999 0.100990
v 0.339990 -0.494989 0.087955
v 0.349869 -0.494853 0.062504
v 0.359056 -0.493936 0.000000
v 0.365991 -0.490439 0.000000
v 0.410370 -0.494992 0.070216
v 0.403115 -0.494901 0.000000
v 0.420025 -0.495000 0.095686
v 0.430001 -0.495000 0.108244
v 0.440000 -0.495000 0.117050
v 0.450000 -0.495000 0.124152
v 0.460000 -0.495000 0.126140
v 0.470000 -0.495000 0.119693
v 0.479999 -0.495000 0.110137
v 0.489973 -0.495000 0.097252
v 0.499577 -0.495000 0.071638
v 0.506435 -0.495000 0.000000
v 0.733968 -0.488970 0.000000
v 0.740669 -0.487500 0.000000
v 0.740079 -0.495469 0.059218
v 0.730471 -0.495990 0.000000
v 0.750037 -0.495094 0.073683
v 0.760004 -0.495034 0.087724
v 0.770000 -0.495027 0.092780
v 0.780000 -0.495000 0.090879
v 0.789996 -0.494969 0.086386
v 0.799967 -0.494911 0.075680
v 0.810000 -0.494641 0.073735
v 0.820033 -0.494914 0.076746
v 0.830004 -0.494993 0.090357
v 0.840000 -0.495000 0.101746
v 0.850000 -0.495000 0.109655
v 0.860000 -0.495000 0.113663
v 0.869999 -0.495000 0.109071
v 0.879975 -0.495000 0.097274
v 0.889629 -0.494997 0.072108
v 0.896860 -0.494951 0.000000
v 1.094031 -0.489058 0.000000
v 1.100631 -0.487978 0.000000
v 1.100109 -0.495539 0.058860
v 1.090945 -0.496141 0.000000
v 1.110058 -0.487782 0.000000
v 1.110006 -0.495479 0.071075
v 1.120000 -0.487763 0.000000
v 1.120000 -0.495476 0.073093
v 1.129942 -0.487781 0.000000
v 1.129995 -0.495478 0.071120
v 1.139374 -0.487976 0.000000
v 1.139924 -0.495528 0.059444
v 1.146035 -0.489035 0.000000
v 1.149530 -0.495994 0.000000
v 0.240669 -0.502503 0.000000
v 0.233972 -0.501029 0.000000
v 0.250516 -0.505315 0.000000
v 0.260100 -0.506114 0.062917
v 0.270009 -0.506239 0.087792
v 0.280000 -0.506249 0.100706
v 0.290000 -0.506249 0.106005
v 0.300000 -0.506249 0.104167
v 0.309999 -0.506246 0.100274
v 0.320000 -0.506222 0.097039
v 0.329991 -0.506212 0.087198
v 0.339869 -0.506099 0.062430
v 0.349053 -0.505184 0.000000
v 0.355926 -0.501667 0.000000
v 0.410465 -0.506164 0.058936
v 0.403715 -0.505544 0.000000
v 0.420031 -0.506245 0.088769
v 0.430001 -0.506250 0.103459
v 0.440000 -0.506250 0.113222
v 0.450000 -0.506250 0.121410
v 0.460000 -0.506250 0.125386
v 0.470000 -0.506250 0.119595
v 0.479999 -0.506250 0.110131
v 0.489973 -0.506250 0.097252
v 0.499577 -0.506250 0.071638
v 0.506435 -0.506250 0.000000
v 0.544704 -0.500162 0.000000
v 0.550725 -0.499213 0.000000
v 0.550514 -0.506639 0.042395
v 0.543949 -0.506350 0.000000
v 0.560064 -0.499030 0.000000
v 0.560035 -0.506691 0.061969
v 0.570003 -0.499010 0.000000
v 0.570001 -0.506695 0.066911
v 0.580000 -0.499009 0.000000
v 0.580000 -0.506698 0.067556
v 0.590000 -0.499011 0.000000
v 0.590001 -0.506721 0.068137
v 0.600000 -0.499011 0.000000
v 0.600000 -0.506725 0.070598
v 0.610000 -0.499011 0.000000
v 0.610000 -0.506725 0.072204
v 0.620000 -0.499011 0.000000
v 0.620000 -0.506725 0.072578
v 0.630000 -0.499011 0.000000
v 0.630000 -0.506725 0.072621
v 0.640000 -0.499011 0.000000
v 0.640000 -0.506726 0.072668
v 0.650000 -0.499011 0.000000
v 0.650000 -0.506726 0.072927
v 0.660000 -0.499011 0.000000
v 0.660000 -0.506726 0.073131
v 0.670000 -0.499011 0.000000
v 0.670000 -0.506726 0.073172
v 0.680000 -0.499011 0.000000
v 0.680000 -0.506726 0.073172
v 0.690000 -0.499011 0.000000
v 0.690000 -0.506726 0.073131
v 0.700000 -0.499009 0.000000
v 0.700000 -0.506726 0.072926
v 0.710002 -0.498967 0.000000
v 0.710000 -0.506722 0.072652
v 0.720044 -0.498536 0.000000
v 0.720003 -0.506666 0.072625
v 0.730033 -0.506342 0.074005
v 0.740003 -0.506278 0.083928
v 0.750001 -0.506227 0.090336
v 0.760000 -0.506220 0.092729
v 0.769996 -0.506216 0.087724
v 0.779963 -0.506155 0.073728
v 0.789921 -0.505782 0.059481
v 0.799531 -0.505293 0.000000
v 0.810000 -0.503191 0.000000
v 0.820470 -0.505368 0.000000
v 0.830088 -0.506152 0.063521
v 0.840006 -0.506245 0.090065
v 0.850000 -0.506250 0.103445
v 0.860000 -0.506250 0.110195
v 0.869999 -0.506250 0.107950
v 0.879973 -0.506250 0.096845
v 0.889580 -0.506250 0.071496
v 0.896473 -0.506244 0.000000
v 1.084074 -0.499589 0.000000
v 1.090131 -0.506401 0.062436
v 1.080944 -0.507315 0.000000
v 1.100009 -0.506288 0.087229
v 1.110000 -0.506281 0.097046
v 1.120000 -0.506281 0.099223
v 1.130000 -0.506281 0.097368
v 1.139996 -0.506285 0.089889
v 1.149967 -0.506343 0.077052
v 1.159957 -0.498536 0.000000
v 1.159997 -0.506667 0.073961
v 1.169998 -0.498967 0.000000
v 1.170000 -0.506722 0.073532
v 1.180000 -0.499009 0.000000
v 1.180000 -0.506726 0.073372
v 1.189997 -0.499012 0.000000
v 1.189999 -0.506726 0.072834
v 1.199936 -0.499031 0.000000
v 1.199970 -0.506728 0.069657
v 1.209280 -0.499224 0.000000
v 1.209542 -0.506765 0.054648
v 1.215324 -0.500260 0.000000
v 1.216244 -0.507057 0.000000
v 0.260944 -0.516436 0.000000
v 0.254012 -0.512938 0.000000
v 0.270130 -0.517349 0.062402
v 0.280009 -0.517462 0.086940
v 0.290000 -0.517469 0.094843
v 0.299996 -0.517465 0.089568
v 0.309967 -0.517407 0.076797
v 0.319991 -0.517079 0.071506
v 0.329891 -0.516965 0.058886
v 0.339055 -0.516359 0.000000
v 0.345926 -0.512911 0.000000
v 0.410884 -0.516971 0.000000
v 0.404695 -0.513039 0.000000
v 0.420083 -0.517463 0.075456
v 0.430004 -0.517499 0.098597
v 0.440000 -0.517500 0.110778
v 0.450000 -0.517500 0.119930
v 0.460000 -0.517500 0.125004
v 0.470000 -0.517500 0.119547
v 0.479999 -0.517500 0.110127
v 0.489973 -0.517500 0.097252
v 0.499577 -0.517500 0.071638
v 0.506435 -0.517500 0.000000
v 0.551014 -0.516397 0.000000
v 0.544745 -0.513067 0.000000
v 0.560112 -0.516992 0.054761
v 0.570006 -0.517056 0.065605
v 0.580003 -0.517113 0.067790
v 0.590033 -0.517438 0.070944
v 0.600004 -0.517496 0.083292
v 0.610000 -0.517500 0.089895
v 0.620000 -0.517500 0.091438
v 0.630000 -0.517503 0.091683
v 0.640001 -0.517527 0.092240
v 0.650000 -0.517530 0.094695
v 0.660000 -0.517530 0.096296
v 0.670000 -0.517530 0.096667
v 0.680000 -0.517530 0.096667
v 0.690000 -0.517530 0.096295
v 0.700000 -0.517530 0.094681
v 0.709999 -0.517526 0.092035
v 0.720000 -0.517500 0.090001
v 0.729997 -0.517469 0.083891
v 0.739967 -0.517408 0.073996
v 0.749997 -0.517083 0.072461
v 0.759995 -0.517025 0.070603
v 0.769922 -0.516972 0.059223
v 0.779486 -0.516490 0.000000
v 0.789331 -0.513750 0.000000
v 0.796032 -0.512283 0.000000
v 0.830813 -0.516969 0.000000
v 0.823989 -0.513015 0.000000
v 0.840079 -0.517463 0.075577
v 0.850004 -0.517499 0.098276
v 0.860000 -0.517500 0.107734
v 0.869999 -0.517500 0.106292
v 0.879973 -0.517500 0.095322
v 0.889575 -0.517494 0.069672
v 0.896418 -0.517435 0.000000
v 1.074012 -0.510813 0.000000
v 1.080100 -0.517636 0.063049
v 1.070516 -0.518435 0.000000
v 1.090009 -0.517511 0.088075
v 1.100000 -0.517501 0.101423
v 1.110000 -0.517501 0.108624
v 1.120000 -0.517501 0.111417
v 1.130000 -0.517501 0.109423
v 1.140000 -0.517501 0.104936
v 1.149999 -0.517504 0.100816
v 1.160000 -0.517528 0.099841
v 1.170000 -0.517531 0.099459
v 1.180000 -0.517531 0.098487
v 1.189999 -0.517531 0.096165
v 1.199972 -0.517531 0.089230
v 1.209572 -0.517527 0.066920
v 1.216398 -0.517506 0.000000
v 0.270945 -0.527609 0.000000
v 0.264074 -0.524161 0.000000
v 0.280109 -0.528211 0.058646
v 0.290001 -0.528268 0.068730
v 0.299924 -0.528222 0.059227
v 0.309527 -0.527755 0.000000
v 0.319898 -0.525193 0.000000
v 0.329367 -0.524566 0.000000
v 0.335969 -0.523446 0.000000
v 0.420371 -0.528747 0.072113
v 0.413143 -0.528701 0.000000
v 0.430025 -0.528750 0.097398
v 0.440001 -0.528750 0.110198
v 0.450000 -0.528750 0.119579
v 0.460000 -0.528750 0.124919
v 0.470000 -0.528750 0.119535
v 0.479999 -0.528750 0.110126
v 0.489973 -0.528750 0.097252
v 0.499577 -0.528750 0.071638
v 0.506435 -0.528750 0.000000
v 0.560632 -0.524526 0.000000
v 0.554036 -0.523445 0.000000
v 0.570060 -0.524764 0.000000
v 0.580046 -0.525214 0.000000
v 0.590470 -0.527757 0.000000
v 0.600076 -0.528224 0.058753
v 0.610005 -0.528273 0.070314
v 0.620000 -0.528279 0.072438
v 0.630003 -0.528334 0.073028
v 0.640033 -0.528658 0.076020
v 0.650004 -0.528716 0.088360
v 0.660000 -0.528720 0.094962
v 0.670000 -0.528720 0.096489
v 0.680000 -0.528720 0.096489
v 0.690000 -0.528720 0.094961
v 0.699996 -0.528716 0.088349
v 0.709967 -0.528658 0.075811
v 0.719992 -0.528331 0.070734
v 0.729924 -0.528226 0.058828
v 0.739529 -0.527756 0.000000
v 0.749954 -0.525213 0.000000
v 0.759940 -0.524762 0.000000
v 0.769374 -0.524526 0.000000
v 0.776031 -0.523463 0.000000
v 0.840371 -0.528747 0.072088
v 0.833140 -0.528701 0.000000
v 0.850025 -0.528750 0.096904
v 0.860001 -0.528750 0.106141
v 0.869999 -0.528750 0.102286
v 0.879969 -0.528745 0.088651
v 0.889532 -0.528665 0.058902
v 0.896244 -0.528046 0.000000
v 1.053969 -0.522720 0.000000
v 1.060669 -0.521247 0.000000
v 1.060079 -0.529219 0.059856
v 1.050473 -0.529741 0.000000
v 1.070037 -0.528842 0.074697
v 1.080005 -0.528758 0.090401
v 1.090000 -0.528750 0.101626
v 1.100000 -0.528750 0.109111
v 1.110000 -0.528750 0.114443
v 1.120000 -0.528750 0.117389
v 1.130000 -0.528750 0.115728
v 1.140000 -0.528750 0.112949
v 1.150000 -0.528750 0.111336
v 1.160000 -0.528751 0.110881
v 1.170000 -0.528751 0.109429
v 1.180000 -0.528751 0.105729
v 1.189999 -0.528751 0.098986
v 1.199966 -0.528741 0.085922
v 1.209521 -0.528629 0.058214
v 1.216241 -0.528043 0.000000
v 0.280628 -0.535771 0.000000
v 0.274031 -0.534692 0.000000
v 0.290000 -0.535948 0.000000
v 0.299377 -0.535773 0.000000
v 0.306035 -0.534715 0.000000
v 0.420420 -0.540000 0.071662
v 0.413526 -0.539997 0.000000
v 0.430027 -0.540000 0.097248
v 0.440001 -0.540000 0.110106
v 0.450000 -0.540000 0.119469
v 0.460000 -0.540000 0.124815
v 0.470000 -0.540000 0.119467
v 0.479999 -0.540000 0.110102
v 0.489973 -0.540000 0.097240
v 0.499577 -0.540000 0.071631
v 0.506435 -0.540000 0.000000
v 0.600626 -0.535774 0.000000
v 0.593965 -0.534715 0.000000
v 0.610058 -0.535971 0.000000
v 0.620005 -0.536032 0.000000
v 0.630044 -0.536464 0.000000
v 0.640470 -0.539006 0.000000
v 0.650076 -0.539473 0.059309
v 0.660005 -0.539522 0.070868
v 0.670000 -0.539524 0.072956
v 0.680000 -0.539524 0.072956
v 0.689995 -0.539522 0.070868
v 0.699924 -0.539473 0.059307
v 0.709527 -0.539005 0.000000
v 0.719899 -0.536443 0.000000
v 0.729372 -0.535818 0.000000
v 0.736035 -0.534718 0.000000
v 0.840419 -0.540000 0.071629
v 0.833526 -0.539998 0.000000
v 0.850027 -0.540000 0.096661
v 0.860001 -0.540000 0.105181
v 0.869996 -0.539999 0.097877
v 0.879920 -0.539963 0.075434
v 0.889145 -0.539473 0.000000
v 0.895304 -0.535539 0.000000
v 1.023965 -0.534032 0.000000
v 1.030628 -0.532933 0.000000
v 1.030076 -0.540524 0.059461
v 1.020470 -0.540994 0.000000
v 1.040102 -0.532307 0.000000
v 1.040008 -0.540420 0.071524
v 1.050033 -0.540093 0.076698
v 1.060004 -0.540032 0.089671
v 1.070001 -0.540004 0.097911
v 1.080000 -0.540000 0.103824
v 1.090000 -0.540000 0.108197
v 1.100000 -0.540000 0.110940
v 1.110000 -0.540000 0.111946
v 1.120000 -0.539999 0.112676
v 1.130000 -0.539999 0.112113
v 1.140000 -0.539999 0.111380
v 1.150000 -0.540000 0.111159
v 1.160000 -0.540000 0.111110
v 1.170000 -0.540000 0.107856
v 1.180000 -0.539999 0.100950
v 1.189990 -0.539989 0.087761
v 1.199866 -0.539853 0.062303
v 1.208986 -0.538937 0.000000
v 1.215282 -0.535466 0.000000
v 0.420423 -0.551250 0.071480
v 0.413564 -0.551247 0.000000
v 0.430027 -0.551250 0.097058
v 0.440001 -0.551250 0.109823
v 0.450000 -0.551250 0.118917
v 0.460000 -0.551250 0.124100
v 0.470000 -0.551250 0.118917
v 0.479999 -0.551250 0.109822
v 0.489973 -0.551250 0.097057
v 0.499577 -0.551250 0.071479
v 0.506434 -0.551247 0.000000
v 0.650626 -0.547024 0.000000
v 0.643965 -0.545965 0.000000
v 0.660058 -0.547219 0.000000
v 0.670003 -0.547238 0.000000
v 0.679997 -0.547238 0.000000
v 0.689942 -0.547219 0.000000
v 0.699374 -0.547024 0.000000
v 0.706035 -0.545965 0.000000
v 0.840423 -0.551250 0.071598
v 0.833563 -0.551250 0.000000
v 0.850027 -0.551250 0.096636
v 0.860000 -0.551250 0.104999
v 0.869978 -0.551250 0.096904
v 0.879681 -0.551250 0.072554
v 0.887281 -0.551250 0.000000
v 0.983965 -0.545285 0.000000
v 0.990626 -0.544224 0.000000
v 0.990076 -0.551776 0.058757
v 0.980470 -0.552243 0.000000
v 1.000060 -0.543988 0.000000
v 1.000005 -0.551725 0.070389
v 1.010046 -0.543537 0.000000
v 1.010003 -0.551667 0.073161
v 1.020033 -0.551343 0.076712
v 1.030004 -0.551285 0.089710
v 1.040000 -0.551278 0.097053
v 1.050001 -0.551254 0.099302
v 1.060000 -0.551251 0.102400
v 1.070000 -0.551250 0.105720
v 1.080000 -0.551249 0.107874
v 1.090000 -0.551249 0.107406
v 1.100000 -0.551249 0.104458
v 1.109999 -0.551246 0.100874
v 1.120000 -0.551222 0.100088
v 1.130000 -0.551219 0.099906
v 1.140000 -0.551222 0.099886
v 1.150001 -0.551246 0.100515
v 1.160000 -0.551249 0.102275
v 1.169999 -0.551245 0.097748
v 1.179991 -0.551215 0.087282
v 1.189869 -0.551099 0.062422
v 1.199053 -0.550184 0.000000
v 1.205921 -0.546667 0.000000
v 0.420425 -0.562494 0.069685
v 0.413584 -0.562435 0.000000
v 0.430028 -0.562500 0.095536
v 0.440001 -0.562500 0.108148
v 0.450000 -0.562500 0.116655
v 0.460000 -0.562500 0.121476
v 0.470000 -0.562500 0.116655
v 0.479999 -0.562500 0.108148
v 0.489973 -0.562500 0.095536
v 0.499575 -0.562494 0.069685
v 0.506417 -0.562435 0.000000
v 0.840423 -0.562500 0.071599
v 0.833563 -0.562500 0.000000
v 0.850027 -0.562500 0.096653
v 0.860001 -0.562500 0.105179
v 0.869996 -0.562501 0.097897
v 0.879924 -0.562537 0.075566
v 0.889216 -0.563026 0.000000
v 0.943965 -0.556535 0.000000
v 0.950626 -0.555474 0.000000
v 0.950075 -0.563023 0.055591
v 0.940472 -0.563494 0.000000
v 0.960060 -0.555236 0.000000
v 0.960005 -0.562947 0.065662
v 0.970046 -0.554786 0.000000
v 0.970003 -0.562887 0.067792
v 0.980033 -0.562562 0.070946
v 0.990004 -0.562508 0.083347
v 1.000000 -0.562528 0.090532
v 1.010000 -0.562528 0.094853
v 1.020001 -0.562504 0.098168
v 1.030000 -0.562501 0.103375
v 1.040000 -0.562501 0.106620
v 1.050000 -0.562500 0.105697
v 1.060000 -0.562500 0.102438
v 1.069999 -0.562496 0.099594
v 1.080000 -0.562472 0.099069
v 1.090000 -0.562469 0.097129
v 1.099996 -0.562465 0.089840
v 1.109967 -0.562407 0.077055
v 1.119997 -0.562083 0.073979
v 1.130000 -0.562032 0.073595
v 1.140003 -0.562083 0.073919
v 1.150033 -0.562407 0.076335
v 1.160000 -0.562461 0.083973
v 1.169962 -0.562404 0.073903
v 1.179888 -0.562020 0.059243
v 1.189055 -0.561364 0.000000
v 1.195926 -0.557911 0.000000
v 0.420469 -0.573664 0.058904
v 0.413757 -0.573045 0.000000
v 0.430031 -0.573745 0.088760
v 0.440001 -0.573750 0.103423
v 0.450000 -0.573750 0.112755
v 0.460000 -0.573750 0.117887
v 0.470000 -0.573750 0.112755
v 0.479999 -0.573750 0.103423
v 0.489969 -0.573745 0.088760
v 0.499531 -0.573664 0.058904
v 0.506243 -0.573045 0.000000
v 0.840419 -0.573750 0.071636
v 0.833526 -0.573752 0.000000
v 0.850027 -0.573750 0.096767
v 0.860001 -0.573750 0.106097
v 0.870000 -0.573750 0.102469
v 0.879994 -0.573754 0.089820
v 0.889914 -0.573825 0.063443
v 0.896015 -0.566939 0.000000
v 0.899561 -0.574317 0.000000
v 0.913963 -0.567733 0.000000
v 0.920628 -0.566679 0.000000
v 0.920074 -0.574245 0.055656
v 0.910437 -0.574393 0.000000
v 0.930102 -0.566056 0.000000
v 0.930008 -0.574141 0.065470
v 0.940029 -0.573808 0.066196
v 0.949971 -0.573692 0.066355
v 0.959997 -0.573363 0.067374
v 0.970000 -0.573306 0.067583
v 0.980001 -0.573283 0.068166
v 0.990000 -0.573337 0.071061
v 1.000000 -0.573700 0.076212
v 1.010000 -0.573748 0.091109
v 1.020000 -0.573750 0.101094
v 1.030000 -0.573750 0.106643
v 1.040000 -0.573750 0.106512
v 1.050000 -0.573749 0.101002
v 1.059995 -0.573742 0.090367
v 1.069967 -0.573661 0.076980
v 1.079997 -0.573333 0.073702
v 1.089995 -0.573275 0.071141
v 1.099924 -0.573223 0.059443
v 1.109530 -0.572756 0.000000
v 1.119957 -0.570216 0.000000
v 1.130000 -0.569827 0.000000
v 1.140043 -0.570216 0.000000
v 1.150464 -0.572753 0.000000
v 1.159998 -0.573170 0.047198
v 1.169492 -0.572737 0.000000
v 1.179326 -0.569998 0.000000
v 1.185966 -0.568508 0.000000
v 0.420884 -0.584471 0.000000
v 0.414698 -0.580539 0.000000
v 0.430083 -0.584963 0.075455
v 0.440004 -0.584999 0.098560
v 0.450000 -0.585000 0.110250
v 0.460000 -0.585000 0.115896
v 0.470000 -0.585000 0.110250
v 0.479996 -0.584999 0.098560
v 0.489917 -0.584963 0.075455
v 0.499116 -0.584471 0.000000
v 0.505302 -0.580539 0.000000
v 0.840371 -0.585003 0.072099
v 0.833140 -0.585049 0.000000
v 0.850025 -0.585000 0.097048
v 0.860001 -0.585000 0.107243
v 0.870000 -0.585000 0.106935
v 0.880000 -0.585000 0.100236
v 0.889996 -0.585004 0.088922
v 0.899970 -0.585038 0.073899
v 0.910025 -0.585035 0.067353
v 0.919971 -0.584943 0.066275
v 0.929992 -0.584608 0.065470
v 0.939925 -0.584481 0.055580
v 0.949530 -0.584007 0.000000
v 0.959957 -0.581465 0.000000
v 0.969998 -0.581037 0.000000
v 0.980000 -0.581038 0.000000
v 0.990000 -0.581518 0.000000
v 1.000002 -0.584640 0.000000
v 1.010000 -0.584976 0.075977
v 1.020000 -0.584998 0.096170
v 1.030000 -0.584999 0.101257
v 1.039999 -0.584996 0.097492
v 1.049992 -0.584966 0.087291
v 1.059902 -0.584861 0.063000
v 1.069527 -0.584081 0.000000
v 1.079954 -0.581466 0.000000
v 1.089940 -0.581012 0.000000
v 1.099374 -0.580776 0.000000
v 1.106035 -0.579715 0.000000
v 1.160000 -0.580557 0.000000
v 1.153878 -0.579684 0.000000
v 1.166118 -0.579682 0.000000
v 0.430371 -0.596247 0.072112
v 0.423143 -0.596201 0.000000
v 0.440025 -0.596250 0.097361
v 0.450001 -0.596250 0.109661
v 0.460000 -0.596250 0.115440
v 0.469999 -0.596250 0.109661
v 0.479975 -0.596250 0.097361
v 0.489629 -0.596247 0.072112
v 0.496857 -0.596201 0.000000
v 0.840079 -0.596287 0.075561
v 0.830813 -0.596781 0.000000
v 0.850004 -0.596251 0.098131
v 0.860000 -0.596250 0.107316
v 0.870000 -0.596250 0.107071
v 0.880000 -0.596250 0.101593
v 0.889998 -0.596246 0.093882
v 0.899991 -0.596217 0.082113
v 0.909903 -0.596112 0.059176
v 0.919525 -0.595331 0.000000
v 0.929899 -0.592698 0.000000
v 0.939372 -0.592068 0.000000
v 0.946035 -0.590968 0.000000
v 1.010000 -0.596270 0.072331
v 1.000044 -0.596625 0.000000
v 1.020000 -0.596223 0.089607
v 1.029996 -0.596215 0.088247
v 1.039962 -0.596154 0.074453
v 1.049888 -0.595770 0.059282
v 1.059059 -0.595115 0.000000
v 1.065991 -0.591683 0.000000
v 0.430420 -0.607500 0.071667
v 0.423526 -0.607498 0.000000
v 0.440027 -0.607500 0.097224
v 0.450001 -0.607500 0.109592
v 0.460000 -0.607500 0.115388
v 0.469999 -0.607500 0.109592
v 0.479973 -0.607500 0.097224
v 0.489581 -0.607500 0.071667
v 0.496474 -0.607498 0.000000
v 0.823992 -0.600739 0.000000
v 0.830090 -0.607600 0.063448
v 0.820515 -0.608431 0.000000
v 0.840006 -0.607505 0.089880
v 0.850000 -0.607500 0.102145
v 0.860000 -0.607500 0.105794
v 0.870000 -0.607500 0.101065
v 0.879995 -0.607492 0.090073
v 0.889962 -0.607408 0.074193
v 0.899888 -0.607020 0.058737
v 0.909059 -0.606365 0.000000
v 0.915991 -0.602933 0.000000
v 0.984031 -0.601488 0.000000
v 0.990631 -0.599948 0.000000
v 0.990107 -0.607973 0.054968
v 0.980945 -0.608635 0.000000
v 1.000001 -0.607522 0.065014
v 1.009967 -0.607410 0.068545
v 1.019992 -0.607080 0.069690
v 1.029922 -0.606976 0.059166
v 1.039486 -0.606490 0.000000
v 1.049326 -0.603748 0.000000
v 1.055966 -0.602258 0.000000
v 0.430423 -0.618750 0.071637
v 0.423563 -0.618750 0.000000
v 0.440027 -0.618750 0.097216
v 0.450001 -0.618750 0.109588
v 0.460000 -0.618750 0.115384
v 0.469999 -0.618750 0.109588
v 0.479973 -0.618750 0.097216
v 0.489577 -0.618750 0.071637
v 0.496437 -0.618750 0.000000
v 0.803969 -0.612720 0.000000
v 0.810669 -0.611247 0.000000
v 0.810079 -0.619218 0.059191
v 0.800473 -0.619740 0.000000
v 0.820037 -0.618842 0.073959
v 0.830005 -0.618757 0.089811
v 0.840000 -0.618750 0.100719
v 0.850000 -0.618750 0.104632
v 0.860000 -0.618750 0.100682
v 0.869992 -0.618741 0.087995
v 0.879901 -0.618614 0.063024
v 0.889484 -0.617815 0.000000
v 0.899326 -0.615002 0.000000
v 0.905966 -0.613508 0.000000
v 0.974074 -0.612089 0.000000
v 0.980126 -0.618868 0.053558
v 0.970942 -0.619810 0.000000
v 0.989972 -0.618689 0.062527
v 0.999921 -0.618284 0.055285
v 1.009527 -0.617760 0.000000
v 1.019899 -0.615193 0.000000
v 1.029372 -0.614568 0.000000
v 1.036031 -0.613467 0.000000
v 0.064703 -0.623903 0.000000
v 0.070724 -0.622932 0.000000
v 0.070496 -0.630059 0.040018
v 0.063946 -0.630006 0.000000
v 0.080062 -0.622776 0.000000
v 0.080065 -0.630387 0.052232
v 0.089945 -0.622782 0.000000
v 0.090001 -0.630472 0.062331
v 0.099374 -0.622976 0.000000
v 0.099924 -0.630527 0.057462
v 0.106035 -0.624035 0.000000
v 0.109530 -0.630994 0.000000
v 0.430423 -0.630000 0.071636
v 0.423565 -0.630000 0.000000
v 0.440027 -0.630000 0.097215
v 0.450001 -0.630000 0.109588
v 0.460000 -0.630000 0.115384
v 0.469999 -0.630000 0.109588
v 0.479973 -0.630000 0.097215
v 0.489577 -0.630000 0.071636
v 0.496435 -0.630000 0.000000
v 0.773965 -0.624032 0.000000
v 0.780628 -0.622932 0.000000
v 0.780076 -0.630524 0.058411
v 0.770470 -0.630994 0.000000
v 0.790101 -0.622307 0.000000
v 0.790008 -0.630419 0.068712
v 0.800032 -0.630089 0.071348
v 0.810004 -0.630007 0.083493
v 0.820002 -0.630002 0.091514
v 0.830000 -0.630000 0.099395
v 0.840000 -0.630000 0.104387
v 0.850000 -0.630000 0.101812
v 0.859993 -0.629995 0.089820
v 0.869880 -0.629890 0.062950
v 0.879058 -0.628940 0.000000
v 0.885988 -0.625438 0.000000
v 0.964009 -0.623311 0.000000
v 0.970061 -0.630044 0.042761
v 0.960468 -0.630911 0.000000
v 0.979928 -0.629541 0.050268
v 0.989486 -0.628996 0.000000
v 0.999331 -0.626250 0.000000
v 1.006031 -0.624780 0.000000
v 0.070766 -0.637552 0.000000
v 0.064707 -0.636163 0.000000
v 0.080519 -0.640351 0.000000
v 0.090090 -0.641179 0.058471
v 0.100002 -0.641279 0.078114
v 0.109968 -0.641343 0.074231
v 0.119956 -0.633536 0.000000
v 0.119997 -0.641667 0.073118
v 0.129995 -0.633968 0.000000
v 0.130000 -0.641722 0.072991
v 0.139942 -0.634029 0.000000
v 0.139995 -0.641728 0.071046
v 0.149374 -0.634226 0.000000
v 0.149922 -0.641778 0.059388
v 0.156032 -0.635287 0.000000
v 0.159486 -0.642260 0.000000
v 0.430423 -0.641250 0.071637
v 0.423563 -0.641250 0.000000
v 0.440027 -0.641250 0.097216
v 0.450001 -0.641250 0.109588
v 0.460000 -0.641250 0.115384
v 0.469999 -0.641250 0.109588
v 0.479973 -0.641250 0.097215
v 0.489577 -0.641250 0.071636
v 0.496435 -0.641250 0.000000
v 0.734030 -0.635307 0.000000
v 0.740631 -0.634226 0.000000
v 0.740109 -0.641788 0.058518
v 0.730941 -0.642390 0.000000
v 0.750060 -0.633988 0.000000
v 0.750006 -0.641725 0.070310
v 0.760046 -0.633537 0.000000
v 0.760003 -0.641667 0.072400
v 0.770033 -0.641342 0.073785
v 0.780003 -0.641281 0.082142
v 0.789996 -0.641246 0.081650
v 0.799969 -0.641165 0.071370
v 0.809999 -0.640895 0.071470
v 0.820022 -0.641201 0.076293
v 0.830002 -0.641247 0.091639
v 0.840000 -0.641250 0.100236
v 0.849996 -0.641249 0.096484
v 0.859924 -0.641213 0.075386
v 0.869214 -0.640719 0.000000
v 0.875948 -0.636740 0.000000
v 0.924031 -0.635307 0.000000
v 0.930631 -0.634226 0.000000
v 0.930109 -0.641787 0.057202
v 0.920945 -0.642390 0.000000
v 0.940060 -0.633988 0.000000
v 0.940005 -0.641721 0.065496
v 0.950046 -0.633532 0.000000
v 0.949995 -0.641633 0.062127
v 0.959933 -0.641199 0.044613
v 0.969489 -0.640324 0.000000
v 0.979331 -0.637504 0.000000
v 0.986028 -0.636029 0.000000
v 0.090827 -0.651917 0.000000
v 0.083994 -0.648009 0.000000
v 0.100081 -0.652434 0.071236
v 0.110004 -0.652499 0.087594
v 0.120000 -0.652528 0.094039
v 0.130000 -0.652531 0.096655
v 0.140000 -0.652531 0.096439
v 0.149996 -0.652535 0.089427
v 0.159963 -0.652595 0.074604
v 0.169331 -0.645000 0.000000
v 0.169920 -0.652970 0.059821
v 0.176028 -0.646471 0.000000
v 0.179486 -0.653505 0.000000
v 0.430419 -0.652500 0.071669
v 0.423524 -0.652502 0.000000
v 0.440027 -0.652500 0.097224
v 0.450001 -0.652500 0.109592
v 0.460000 -0.652500 0.115385
v 0.469999 -0.652500 0.109588
v 0.479973 -0.652500 0.097215
v 0.489577 -0.652500 0.071636
v 0.496435 -0.652500 0.000000
v 0.724009 -0.645817 0.000000
v 0.730098 -0.652640 0.061905
v 0.720475 -0.653420 0.000000
v 0.740008 -0.652536 0.084045
v 0.749999 -0.652527 0.090077
v 0.760000 -0.652500 0.089772
v 0.769997 -0.652469 0.083668
v 0.779963 -0.652406 0.071706
v 0.789921 -0.652033 0.058763
v 0.799531 -0.651545 0.000000
v 0.809986 -0.649490 0.000000
v 0.820313 -0.652148 0.000000
v 0.830043 -0.652476 0.075808
v 0.840002 -0.652499 0.095442
v 0.849978 -0.652500 0.094595
v 0.859684 -0.652499 0.072313
v 0.867328 -0.652485 0.000000
v 0.914074 -0.645837 0.000000
v 0.920130 -0.652620 0.057531
v 0.910944 -0.653537 0.000000
v 0.930005 -0.652503 0.075587
v 0.939962 -0.652435 0.068088
v 0.949889 -0.652048 0.055145
v 0.959060 -0.651369 0.000000
v 0.965988 -0.647932 0.000000
v 0.100409 -0.663290 0.055580
v 0.093329 -0.662898 0.000000
v 0.110059 -0.663659 0.072908
v 0.120006 -0.663743 0.088805
v 0.130000 -0.663751 0.099102
v 0.140000 -0.663751 0.104077
v 0.150000 -0.663751 0.102756
v 0.159999 -0.663754 0.097796
v 0.169996 -0.663782 0.089577
v 0.179963 -0.663845 0.074622
v 0.189331 -0.656250 0.000000
v 0.189920 -0.664220 0.059830
v 0.196028 -0.657721 0.000000
v 0.199486 -0.664755 0.000000
v 0.293965 -0.657785 0.000000
v 0.300626 -0.656726 0.000000
v 0.300076 -0.664278 0.059445
v 0.290470 -0.664744 0.000000
v 0.310058 -0.656531 0.000000
v 0.310005 -0.664228 0.071120
v 0.320000 -0.656513 0.000000
v 0.320000 -0.664226 0.073095
v 0.329942 -0.656531 0.000000
v 0.329995 -0.664228 0.071120
v 0.339374 -0.656726 0.000000
v 0.339924 -0.664277 0.059444
v 0.346035 -0.657785 0.000000
v 0.349530 -0.664744 0.000000
v 0.430368 -0.663752 0.072168
v 0.423097 -0.663783 0.000000
v 0.440025 -0.663750 0.097364
v 0.450001 -0.663750 0.109652
v 0.460000 -0.663750 0.115396
v 0.469999 -0.663750 0.109588
v 0.479973 -0.663750 0.097215
v 0.489577 -0.663750 0.071636
v 0.496435 -0.663750 0.000000
v 0.693969 -0.657783 0.000000
v 0.700629 -0.656682 0.000000
v 0.700078 -0.664274 0.059004
v 0.690514 -0.664760 0.000000
v 0.710101 -0.656053 0.000000
v 0.710008 -0.664170 0.070350
v 0.720033 -0.663838 0.073645
v 0.730003 -0.663754 0.082731
v 0.739996 -0.663719 0.084637
v 0.749967 -0.663658 0.075189
v 0.759992 -0.663331 0.070676
v 0.769922 -0.663226 0.058786
v 0.779486 -0.662740 0.000000
v 0.789331 -0.660000 0.000000
v 0.796032 -0.658533 0.000000
v 0.830316 -0.663751 0.072315
v 0.822672 -0.663766 0.000000
v 0.840022 -0.663750 0.094568
v 0.849998 -0.663751 0.095320
v 0.859957 -0.663776 0.075710
v 0.869686 -0.664133 0.000000
v 0.904006 -0.657053 0.000000
v 0.910095 -0.663468 0.042159
v 0.900440 -0.664578 0.000000
v 0.920003 -0.663286 0.060559
v 0.929923 -0.663223 0.057071
v 0.939486 -0.662741 0.000000
v 0.949326 -0.659999 0.000000
v 0.955966 -0.658508 0.000000
v 0.100758 -0.671255 0.000000
v 0.094621 -0.669802 0.000000
v 0.110520 -0.674065 0.000000
v 0.120100 -0.674864 0.062899
v 0.130009 -0.674989 0.087758
v 0.140000 -0.674999 0.100449
v 0.150000 -0.675000 0.105438
v 0.160000 -0.675000 0.105832
v 0.170000 -0.675001 0.103062
v 0.179999 -0.675004 0.097953
v 0.189996 -0.675032 0.089701
v 0.199963 -0.675095 0.074658
v 0.209331 -0.667500 0.000000
v 0.209921 -0.675469 0.059875
v 0.216032 -0.668970 0.000000
v 0.219530 -0.675988 0.000000
v 0.253965 -0.669035 0.000000
v 0.260626 -0.667974 0.000000
v 0.260076 -0.675527 0.059446
v 0.250470 -0.675993 0.000000
v 0.270060 -0.667738 0.000000
v 0.270005 -0.675475 0.071160
v 0.280046 -0.667287 0.000000
v 0.280003 -0.675417 0.073754
v 0.290033 -0.675093 0.077059
v 0.300004 -0.675035 0.089899
v 0.310000 -0.675031 0.097372
v 0.320000 -0.675031 0.099250
v 0.330000 -0.675031 0.097369
v 0.339996 -0.675035 0.089889
v 0.349967 -0.675093 0.077050
v 0.359956 -0.667286 0.000000
v 0.359997 -0.675417 0.073942
v 0.369995 -0.667718 0.000000
v 0.370000 -0.675472 0.073315
v 0.379942 -0.667779 0.000000
v 0.379995 -0.675478 0.071100
v 0.389374 -0.667976 0.000000
v 0.389924 -0.675526 0.059423
v 0.396035 -0.669033 0.000000
v 0.399531 -0.675960 0.000000
v 0.430046 -0.675024 0.076162
v 0.420342 -0.675354 0.000000
v 0.440003 -0.675001 0.098613
v 0.450000 -0.675000 0.110163
v 0.460000 -0.675000 0.115504
v 0.469999 -0.675000 0.109599
v 0.479973 -0.675000 0.097216
v 0.489577 -0.675000 0.071636
v 0.496435 -0.675000 0.000000
v 0.673969 -0.668970 0.000000
v 0.680669 -0.667500 0.000000
v 0.680079 -0.675469 0.059175
v 0.670473 -0.675990 0.000000
v 0.690037 -0.675094 0.073296
v 0.700004 -0.675034 0.085928
v 0.709999 -0.675023 0.088775
v 0.719997 -0.674972 0.083528
v 0.729963 -0.674905 0.071742
v 0.739921 -0.674531 0.059061
v 0.749527 -0.674009 0.000000
v 0.759899 -0.671443 0.000000
v 0.769371 -0.670818 0.000000
v 0.776031 -0.669717 0.000000
v 0.830076 -0.675037 0.075330
v 0.820783 -0.675529 0.000000
v 0.840004 -0.675001 0.096108
v 0.850000 -0.675000 0.099275
v 0.859998 -0.675003 0.090772
v 0.869978 -0.675051 0.074979
v 0.879973 -0.667190 0.000000
v 0.879995 -0.675405 0.064751
v 0.890037 -0.667227 0.000000
v 0.889938 -0.675315 0.042856
v 0.899564 -0.674174 0.000000
v 0.909960 -0.671477 0.000000
v 0.919940 -0.671013 0.000000
v 0.929374 -0.670776 0.000000
v 0.936032 -0.669713 0.000000
v 0.120944 -0.685186 0.000000
v 0.114012 -0.681688 0.000000
v 0.130130 -0.686099 0.062421
v 0.140009 -0.686215 0.087232
v 0.150001 -0.686246 0.097561
v 0.160000 -0.686250 0.103086
v 0.170000 -0.686250 0.106403
v 0.180000 -0.686250 0.106941
v 0.190000 -0.686251 0.104020
v 0.199999 -0.686254 0.098328
v 0.209996 -0.686282 0.089995
v 0.219967 -0.686343 0.077077
v 0.229959 -0.678493 0.000000
v 0.229997 -0.686664 0.074010
v 0.240041 -0.678493 0.000000
v 0.240003 -0.686664 0.074010
v 0.250033 -0.686343 0.077074
v 0.260004 -0.686285 0.089915
v 0.270000 -0.686281 0.097436
v 0.280000 -0.686278 0.099776
v 0.290001 -0.686254 0.101062
v 0.300000 -0.686251 0.105095
v 0.310000 -0.686251 0.109488
v 0.320000 -0.686251 0.111549
v 0.330000 -0.686251 0.109434
v 0.340000 -0.686251 0.104935
v 0.349999 -0.686254 0.100792
v 0.360000 -0.686278 0.099714
v 0.370000 -0.686281 0.099135
v 0.380000 -0.686281 0.096917
v 0.389996 -0.686285 0.089487
v 0.399967 -0.686339 0.076715
v 0.409987 -0.678010 0.000000
v 0.409999 -0.686606 0.074072
v 0.420023 -0.686299 0.077252
v 0.430003 -0.686253 0.092411
v 0.440000 -0.686250 0.103818
v 0.450000 -0.686250 0.112273
v 0.460000 -0.686250 0.116008
v 0.469999 -0.686250 0.109662
v 0.479973 -0.686250 0.097220
v 0.489577 -0.686250 0.071637
v 0.496437 -0.686250 0.000000
v 0.643969 -0.680283 0.000000
v 0.650629 -0.679182 0.000000
v 0.650078 -0.686774 0.059004
v 0.640514 -0.687260 0.000000
v 0.660102 -0.678557 0.000000
v 0.660008 -0.686670 0.070361
v 0.670033 -0.686342 0.073785
v 0.680003 -0.686278 0.083723
v 0.690001 -0.686226 0.088785
v 0.699996 -0.686216 0.085928
v 0.709963 -0.686155 0.073295
v 0.719920 -0.685780 0.059137
v 0.729486 -0.685245 0.000000
v 0.739331 -0.682500 0.000000
v 0.746031 -0.681030 0.000000
v 0.813990 -0.679489 0.000000
v 0.820089 -0.686350 0.063423
v 0.810515 -0.687181 0.000000
v 0.830006 -0.686255 0.089439
v 0.840000 -0.686250 0.099865
v 0.850000 -0.686250 0.100358
v 0.859999 -0.686247 0.094981
v 0.869998 -0.686227 0.087199
v 0.879969 -0.686239 0.069008
v 0.889531 -0.685773 0.000000
v 0.896059 -0.681772 0.000000
v 0.130945 -0.696364 0.000000
v 0.124074 -0.692911 0.000000
v 0.140112 -0.697020 0.059289
v 0.150038 -0.697408 0.074642
v 0.160005 -0.697492 0.090286
v 0.170000 -0.697500 0.101222
v 0.180000 -0.697500 0.107594
v 0.190000 -0.697500 0.110234
v 0.200000 -0.697500 0.108916
v 0.210000 -0.697501 0.104967
v 0.219999 -0.697504 0.101086
v 0.230000 -0.697528 0.100186
v 0.240000 -0.697528 0.100199
v 0.250001 -0.697504 0.101162
v 0.260000 -0.697501 0.105322
v 0.270000 -0.697501 0.109945
v 0.280000 -0.697501 0.112712
v 0.290000 -0.697500 0.113419
v 0.300000 -0.697500 0.114223
v 0.310000 -0.697500 0.116236
v 0.320000 -0.697500 0.117760
v 0.330000 -0.697500 0.115770
v 0.340000 -0.697500 0.112929
v 0.350000 -0.697500 0.111131
v 0.360000 -0.697501 0.110053
v 0.370000 -0.697501 0.108459
v 0.380000 -0.697501 0.105636
v 0.390000 -0.697500 0.101553
v 0.399999 -0.697503 0.097720
v 0.410000 -0.697524 0.096936
v 0.420001 -0.697503 0.097918
v 0.430000 -0.697500 0.102783
v 0.440000 -0.697500 0.109058
v 0.450000 -0.697500 0.115150
v 0.460000 -0.697500 0.116790
v 0.469999 -0.697500 0.109775
v 0.479973 -0.697500 0.097237
v 0.489581 -0.697500 0.071668
v 0.496474 -0.697502 0.000000
v 0.623972 -0.691471 0.000000
v 0.630669 -0.690001 0.000000
v 0.630080 -0.697970 0.059396
v 0.620514 -0.698505 0.000000
v 0.640037 -0.697595 0.073340
v 0.650004 -0.697534 0.085931
v 0.659999 -0.697523 0.088785
v 0.669997 -0.697472 0.083723
v 0.679967 -0.697408 0.073785
v 0.689992 -0.697080 0.070361
v 0.699922 -0.696976 0.059004
v 0.709486 -0.696490 0.000000
v 0.719331 -0.693750 0.000000
v 0.726028 -0.692279 0.000000
v 0.793972 -0.691471 0.000000
v 0.800669 -0.689997 0.000000
v 0.800081 -0.697969 0.058758
v 0.790519 -0.698501 0.000000
v 0.810037 -0.697592 0.074164
v 0.820005 -0.697507 0.089852
v 0.830000 -0.697500 0.099589
v 0.840000 -0.697500 0.100021
v 0.849998 -0.697497 0.091701
v 0.859977 -0.697451 0.076580
v 0.870001 -0.697145 0.070160
v 0.880030 -0.697438 0.057034
v 0.889972 -0.697842 0.000000
v 0.140674 -0.705002 0.000000
v 0.134034 -0.703508 0.000000
v 0.150516 -0.707815 0.000000
v 0.160099 -0.708614 0.063040
v 0.170009 -0.708739 0.088042
v 0.180000 -0.708750 0.101323
v 0.190000 -0.708750 0.108792
v 0.200000 -0.708750 0.112799
v 0.210000 -0.708750 0.113440
v 0.220000 -0.708750 0.113500
v 0.230000 -0.708751 0.113683
v 0.240000 -0.708751 0.113863
v 0.250000 -0.708750 0.114315
v 0.260000 -0.708750 0.116149
v 0.270000 -0.708750 0.119148
v 0.280000 -0.708750 0.121001
v 0.290000 -0.708750 0.119735
v 0.300000 -0.708750 0.116605
v 0.310000 -0.708750 0.114221
v 0.320000 -0.708750 0.113144
v 0.330000 -0.708749 0.112156
v 0.340000 -0.708749 0.111276
v 0.350000 -0.708749 0.110357
v 0.360000 -0.708749 0.108160
v 0.370000 -0.708749 0.104068
v 0.379999 -0.708746 0.099610
v 0.390000 -0.708722 0.097694
v 0.400000 -0.708719 0.096885
v 0.410000 -0.708723 0.096846
v 0.420001 -0.708747 0.097913
v 0.430000 -0.708750 0.102783
v 0.440000 -0.708750 0.109057
v 0.450000 -0.708750 0.115150
v 0.460000 -0.708750 0.116797
v 0.469999 -0.708750 0.109834
v 0.479975 -0.708750 0.097374
v 0.489629 -0.708753 0.072119
v 0.496860 -0.708799 0.000000
v 0.603969 -0.702720 0.000000
v 0.610669 -0.701250 0.000000
v 0.610079 -0.709219 0.059434
v 0.600473 -0.709741 0.000000
v 0.620037 -0.708845 0.073343
v 0.630004 -0.708781 0.085982
v 0.640000 -0.708750 0.089318
v 0.649996 -0.708719 0.085979
v 0.659963 -0.708656 0.073298
v 0.669921 -0.708281 0.059175
v 0.679527 -0.707760 0.000000
v 0.689899 -0.705193 0.000000
v 0.699372 -0.704568 0.000000
v 0.706031 -0.703467 0.000000
v 0.774707 -0.702587 0.000000
v 0.780766 -0.701206 0.000000
v 0.780498 -0.708750 0.040451
v 0.773946 -0.708750 0.000000
v 0.790097 -0.708754 0.055876
v 0.800010 -0.708774 0.080167
v 0.810002 -0.708753 0.093468
v 0.820000 -0.708750 0.100755
v 0.830000 -0.708750 0.103857
v 0.839997 -0.708749 0.097297
v 0.849954 -0.708726 0.076015
v 0.859658 -0.708396 0.000000
v 0.870013 -0.705744 0.000000
v 0.880472 -0.707868 0.000000
v 0.890097 -0.708663 0.045146
v 0.899999 -0.700980 0.000000
v 0.900008 -0.709130 0.062340
v 0.910000 -0.701464 0.000000
v 0.910001 -0.709217 0.067524
v 0.920000 -0.701508 0.000000
v 0.920000 -0.709224 0.070552
v 0.929997 -0.701512 0.000000
v 0.930000 -0.709226 0.072042
v 0.939942 -0.701531 0.000000
v 0.939995 -0.709228 0.070588
v 0.949374 -0.701726 0.000000
v 0.949924 -0.709278 0.059300
v 0.956035 -0.702785 0.000000
v 0.959530 -0.709744 0.000000
v 1.103968 -0.702787 0.000000
v 1.110623 -0.701727 0.000000
v 1.110074 -0.709275 0.053275
v 1.100514 -0.709760 0.000000
v 1.119993 -0.701548 0.000000
v 1.119949 -0.709175 0.050832
v 1.129279 -0.701683 0.000000
v 1.129505 -0.708812 0.039888
v 1.135297 -0.702653 0.000000
v 1.136054 -0.708756 0.000000
v 0.160944 -0.718936 0.000000
v 0.154012 -0.715438 0.000000
v 0.170131 -0.719853 0.062512
v 0.180009 -0.719990 0.088067
v 0.190000 -0.720000 0.101707
v 0.200000 -0.720000 0.109816
v 0.210000 -0.720000 0.115676
v 0.220000 -0.720000 0.120395
v 0.230000 -0.720000 0.123003
v 0.240000 -0.720000 0.124270
v 0.250000 -0.720000 0.124831
v 0.260000 -0.720000 0.125524
v 0.270000 -0.720000 0.125683
v 0.280000 -0.720000 0.123100
v 0.290000 -0.720000 0.117620
v 0.300000 -0.720000 0.111166
v 0.310000 -0.720000 0.105439
v 0.319999 -0.719997 0.101096
v 0.330000 -0.719972 0.100007
v 0.340000 -0.719969 0.099768
v 0.350000 -0.719969 0.099377
v 0.360000 -0.719969 0.097235
v 0.369996 -0.719965 0.089801
v 0.379967 -0.719907 0.076916
v 0.389997 -0.719583 0.073698
v 0.400000 -0.719532 0.073245
v 0.410002 -0.719586 0.073645
v 0.420023 -0.719948 0.077225
v 0.430003 -0.719997 0.092404
v 0.440000 -0.720000 0.103806
v 0.450000 -0.720000 0.112261
v 0.460000 -0.720000 0.116073
v 0.470000 -0.720000 0.110215
v 0.479996 -0.720001 0.098561
v 0.489921 -0.720037 0.075565
v 0.499187 -0.720528 0.000000
v 0.573965 -0.714032 0.000000
v 0.580629 -0.712932 0.000000
v 0.580076 -0.720524 0.058826
v 0.570470 -0.720994 0.000000
v 0.590101 -0.712307 0.000000
v 0.590008 -0.720419 0.070691
v 0.600033 -0.720092 0.075384
v 0.610004 -0.720031 0.086177
v 0.620000 -0.720000 0.089328
v 0.629996 -0.719969 0.085982
v 0.639963 -0.719905 0.073342
v 0.649920 -0.719530 0.059396
v 0.659486 -0.718995 0.000000
v 0.669331 -0.716250 0.000000
v 0.676032 -0.714780 0.000000
v 0.780766 -0.716298 0.000000
v 0.774707 -0.714913 0.000000
v 0.790522 -0.719070 0.000000
v 0.800100 -0.719861 0.061818
v 0.810008 -0.719966 0.086277
v 0.820001 -0.719997 0.096346
v 0.829999 -0.720000 0.100763
v 0.839975 -0.720000 0.095439
v 0.849632 -0.719998 0.071952
v 0.856903 -0.719967 0.000000
v 0.890941 -0.718868 0.000000
v 0.884009 -0.715436 0.000000
v 0.900112 -0.719547 0.055206
v 0.910038 -0.719935 0.069001
v 0.920004 -0.719999 0.083164
v 0.930001 -0.720028 0.090304
v 0.940000 -0.720031 0.092959
v 0.949996 -0.720035 0.088487
v 0.959967 -0.720093 0.076766
v 0.969957 -0.712286 0.000000
v 0.969997 -0.720417 0.073939
v 0.979998 -0.712717 0.000000
v 0.980000 -0.720472 0.073565
v 0.989997 -0.712760 0.000000
v 0.990000 -0.720476 0.073325
v 0.999942 -0.712781 0.000000
v 0.999995 -0.720478 0.071133
v 1.009374 -0.712976 0.000000
v 1.009924 -0.720528 0.059445
v 1.016035 -0.714035 0.000000
v 1.019530 -0.720994 0.000000
v 1.083968 -0.713970 0.000000
v 1.090669 -0.712500 0.000000
v 1.090079 -0.720469 0.058891
v 1.080470 -0.720990 0.000000
v 1.100034 -0.720094 0.068613
v 1.109954 -0.720004 0.064303
v 1.119595 -0.719580 0.000000
v 1.129246 -0.716349 0.000000
v 1.135294 -0.714917 0.000000
v 0.170946 -0.730188 0.000000
v 0.164074 -0.726667 0.000000
v 0.180121 -0.731138 0.062930
v 0.190007 -0.731244 0.089903
v 0.200000 -0.731250 0.103585
v 0.210000 -0.731250 0.112792
v 0.220000 -0.731250 0.120677
v 0.230000 -0.731250 0.127184
v 0.240000 -0.731250 0.131516
v 0.250000 -0.731250 0.132960
v 0.260000 -0.731250 0.131672
v 0.270000 -0.731250 0.127678
v 0.280000 -0.731250 0.121095
v 0.290000 -0.731250 0.113064
v 0.300000 -0.731250 0.103957
v 0.309997 -0.731247 0.092577
v 0.319977 -0.731196 0.077565
v 0.329998 -0.730836 0.074008
v 0.340000 -0.730778 0.073551
v 0.350000 -0.730774 0.073305
v 0.359995 -0.730772 0.071121
v 0.369924 -0.730722 0.059440
v 0.379530 -0.730256 0.000000
v 0.389957 -0.727716 0.000000
v 0.399999 -0.727329 0.000000
v 0.410030 -0.727769 0.000000
v 0.420344 -0.730861 0.000000
v 0.430047 -0.731224 0.076000
v 0.440003 -0.731249 0.098424
v 0.450000 -0.731250 0.109951
v 0.460000 -0.731250 0.115661
v 0.470000 -0.731250 0.112022
v 0.480000 -0.731250 0.103328
v 0.489994 -0.731254 0.089599
v 0.499913 -0.731325 0.062972
v 0.506013 -0.724439 0.000000
v 0.509561 -0.731816 0.000000
v 0.523963 -0.725237 0.000000
v 0.530626 -0.724223 0.000000
v 0.530075 -0.731752 0.058826
v 0.520437 -0.731892 0.000000
v 0.540058 -0.724029 0.000000
v 0.540005 -0.731726 0.070315
v 0.550005 -0.723968 0.000000
v 0.550000 -0.731721 0.072395
v 0.560044 -0.723536 0.000000
v 0.560003 -0.731666 0.072611
v 0.570033 -0.731342 0.074003
v 0.580003 -0.731281 0.083877
v 0.590000 -0.731250 0.089793
v 0.600001 -0.731223 0.090275
v 0.609996 -0.731216 0.086123
v 0.619963 -0.731155 0.073354
v 0.629920 -0.730780 0.059396
v 0.639486 -0.730245 0.000000
v 0.649331 -0.727500 0.000000
v 0.656028 -0.726029 0.000000
v 0.800941 -0.730115 0.000000
v 0.794012 -0.726682 0.000000
v 0.810111 -0.730773 0.059238
v 0.820029 -0.731195 0.074807
v 0.830002 -0.731247 0.090585
v 0.839973 -0.731250 0.092940
v 0.849581 -0.731250 0.071155
v 0.856476 -0.731248 0.000000
v 0.900674 -0.727499 0.000000
v 0.894034 -0.726008 0.000000
v 0.910514 -0.730246 0.000000
v 0.920080 -0.730785 0.059170
v 0.930026 -0.731196 0.074192
v 0.940003 -0.731248 0.090357
v 0.950000 -0.731251 0.098044
v 0.959999 -0.731254 0.099088
v 0.970000 -0.731278 0.099760
v 0.980000 -0.731281 0.099996
v 0.990000 -0.731281 0.099679
v 1.000000 -0.731281 0.097432
v 1.009996 -0.731285 0.089915
v 1.019967 -0.731343 0.077074
v 1.029956 -0.723536 0.000000
v 1.029997 -0.731667 0.073983
v 1.039998 -0.723967 0.000000
v 1.040000 -0.731722 0.073578
v 1.050000 -0.724006 0.000000
v 1.050000 -0.731726 0.073539
v 1.060002 -0.723967 0.000000
v 1.060000 -0.731722 0.073532
v 1.070044 -0.723536 0.000000
v 1.070003 -0.731667 0.073784
v 1.080033 -0.731343 0.076213
v 1.090003 -0.731282 0.085828
v 1.099973 -0.731250 0.081919
v 1.109586 -0.731162 0.057842
v 1.116711 -0.730512 0.000000
v 0.180831 -0.741919 0.000000
v 0.174056 -0.737986 0.000000
v 0.190081 -0.742458 0.073651
v 0.200004 -0.742499 0.096912
v 0.210000 -0.742500 0.108823
v 0.220000 -0.742500 0.117514
v 0.230000 -0.742500 0.125470
v 0.240000 -0.742500 0.132107
v 0.250000 -0.742500 0.134507
v 0.260000 -0.742500 0.130611
v 0.270000 -0.742500 0.124242
v 0.280000 -0.742500 0.116882
v 0.290000 -0.742500 0.108565
v 0.299997 -0.742499 0.096793
v 0.309951 -0.742468 0.074210
v 0.319643 -0.742064 0.000000
v 0.329969 -0.739014 0.000000
v 0.339998 -0.738535 0.000000
v 0.349997 -0.738490 0.000000
v 0.359942 -0.738469 0.000000
v 0.369374 -0.738274 0.000000
v 0.376035 -0.737215 0.000000
v 0.430370 -0.742492 0.070218
v 0.423115 -0.742401 0.000000
v 0.440025 -0.742500 0.095667
v 0.450001 -0.742500 0.107941
v 0.460000 -0.742500 0.114517
v 0.470000 -0.742500 0.113577
v 0.480000 -0.742500 0.106996
v 0.490000 -0.742500 0.097827
v 0.499995 -0.742501 0.084788
v 0.509970 -0.742512 0.071476
v 0.520030 -0.742513 0.071349
v 0.530004 -0.742502 0.083315
v 0.540000 -0.742500 0.089881
v 0.550000 -0.742500 0.091229
v 0.560000 -0.742497 0.089934
v 0.569997 -0.742469 0.083888
v 0.579967 -0.742408 0.073993
v 0.589997 -0.742084 0.072416
v 0.599995 -0.742025 0.070344
v 0.609922 -0.741972 0.059019
v 0.619486 -0.741490 0.000000
v 0.629331 -0.738750 0.000000
v 0.636028 -0.737279 0.000000
v 0.810661 -0.738801 0.000000
v 0.804033 -0.737262 0.000000
v 0.820388 -0.742095 0.000000
v 0.830047 -0.742473 0.074873
v 0.839975 -0.742498 0.089553
v 0.849577 -0.742499 0.070614
v 0.856436 -0.742497 0.000000
v 0.920655 -0.738802 0.000000
v 0.913971 -0.737283 0.000000
v 0.930356 -0.742099 0.000000
v 0.940045 -0.742474 0.075936
v 0.950002 -0.742499 0.097610
v 0.960000 -0.742500 0.107030
v 0.970000 -0.742501 0.111581
v 0.980000 -0.742501 0.113229
v 0.990000 -0.742501 0.112883
v 1.000000 -0.742501 0.109996
v 1.010000 -0.742501 0.105327
v 1.019999 -0.742504 0.101160
v 1.030000 -0.742528 0.100181
v 1.040000 -0.742531 0.100026
v 1.050000 -0.742531 0.099832
v 1.060000 -0.742531 0.099471
v 1.070000 -0.742528 0.098540
v 1.080001 -0.742504 0.096747
v 1.089996 -0.742499 0.092285
v 1.099915 -0.742457 0.072367
v 1.109107 -0.741922 0.000000
v 1.115362 -0.738033 0.000000
v 0.190417 -0.753661 0.059387
v 0.183330 -0.752997 0.000000
v 0.200028 -0.753745 0.088902
v 0.210001 -0.753750 0.103518
v 0.220000 -0.753750 0.113309
v 0.230000 -0.753750 0.122074
v 0.240000 -0.753750 0.129400
v 0.250000 -0.753750 0.131425
v 0.260000 -0.753750 0.125974
v 0.270000 -0.753750 0.118421
v 0.280000 -0.753750 0.110574
v 0.289999 -0.753750 0.101576
v 0.299970 -0.753741 0.086938
v 0.309576 -0.753626 0.058989
v 0.316712 -0.753007 0.000000
v 0.430444 -0.753666 0.059011
v 0.423712 -0.753044 0.000000
v 0.440029 -0.753745 0.088778
v 0.450001 -0.753750 0.103179
v 0.460000 -0.753750 0.110783
v 0.470000 -0.753750 0.110662
v 0.480000 -0.753750 0.103308
v 0.489998 -0.753747 0.091453
v 0.499977 -0.753698 0.074629
v 0.509997 -0.753337 0.068653
v 0.520001 -0.753280 0.068218
v 0.530000 -0.753275 0.070600
v 0.540000 -0.753275 0.072193
v 0.550000 -0.753275 0.072368
v 0.559995 -0.753273 0.070314
v 0.569924 -0.753223 0.058801
v 0.579530 -0.752756 0.000000
v 0.589954 -0.750213 0.000000
v 0.599940 -0.749762 0.000000
v 0.609374 -0.749526 0.000000
v 0.616032 -0.748464 0.000000
v 0.830369 -0.753714 0.068791
v 0.823117 -0.753644 0.000000
v 0.839997 -0.753719 0.085358
v 0.849576 -0.753716 0.068282
v 0.856417 -0.753679 0.000000
v 0.940313 -0.753750 0.072682
v 0.932633 -0.753750 0.000000
v 0.950022 -0.753750 0.097436
v 0.960001 -0.753750 0.109616
v 0.970000 -0.753750 0.117505
v 0.980000 -0.753750 0.122049
v 0.990000 -0.753750 0.122799
v 1.000000 -0.753750 0.119739
v 1.010000 -0.753750 0.116245
v 1.020000 -0.753750 0.114288
v 1.030000 -0.753751 0.113688
v 1.040000 -0.753751 0.113127
v 1.050000 -0.753751 0.111741
v 1.060000 -0.753751 0.109620
v 1.070000 -0.753751 0.105756
v 1.079999 -0.753750 0.099034
v 1.089969 -0.753740 0.086220
v 1.099573 -0.753624 0.058817
v 1.106665 -0.752992 0.000000
v 0.190880 -0.764468 0.000000
v 0.184640 -0.760535 0.000000
v 0.200082 -0.764963 0.075306
v 0.210004 -0.764999 0.098400
v 0.220000 -0.765000 0.110481
v 0.230000 -0.765000 0.119611
v 0.240000 -0.765000 0.126783
v 0.250000 -0.765000 0.128276
v 0.260000 -0.765000 0.122050
v 0.270000 -0.765000 0.113445
v 0.280000 -0.765000 0.103851
v 0.289993 -0.764995 0.090043
v 0.299876 -0.764890 0.062827
v 0.308991 -0.763941 0.000000
v 0.315344 -0.760463 0.000000
v 0.430572 -0.764508 0.000000
v 0.424652 -0.760542 0.000000
v 0.440038 -0.764966 0.075893
v 0.450001 -0.764999 0.098437
v 0.460000 -0.765000 0.108239
v 0.470000 -0.765000 0.108177
v 0.479998 -0.764999 0.098328
v 0.489954 -0.764974 0.076042
v 0.499656 -0.764613 0.000000
v 0.509970 -0.761516 0.000000
v 0.519999 -0.761036 0.000000
v 0.530000 -0.760992 0.000000
v 0.540000 -0.760989 0.000000
v 0.549997 -0.760988 0.000000
v 0.559942 -0.760969 0.000000
v 0.569374 -0.760774 0.000000
v 0.576035 -0.759715 0.000000
v 0.830453 -0.764485 0.054566
v 0.823714 -0.764188 0.000000
v 0.840000 -0.764520 0.066777
v 0.849543 -0.764485 0.054535
v 0.856245 -0.764190 0.000000
v 0.940045 -0.765026 0.076149
v 0.930360 -0.765401 0.000000
v 0.950002 -0.765001 0.098676
v 0.960000 -0.765000 0.110758
v 0.970000 -0.765000 0.120012
v 0.980000 -0.765000 0.127316
v 0.990000 -0.765000 0.130749
v 1.000000 -0.765000 0.129057
v 1.010000 -0.765000 0.126336
v 1.020000 -0.765000 0.124587
v 1.030000 -0.765000 0.123031
v 1.040000 -0.765000 0.120321
v 1.050000 -0.765000 0.115308
v 1.060000 -0.765000 0.109140
v 1.070000 -0.765000 0.101252
v 1.079991 -0.764990 0.087797
v 1.089866 -0.764853 0.062321
v 1.098990 -0.763937 0.000000
v 1.105341 -0.760462 0.000000
v 0.200374 -0.776240 0.070136
v 0.193162 -0.776136 0.000000
v 0.210025 -0.776250 0.095516
v 0.220001 -0.776250 0.107966
v 0.230000 -0.776250 0.116417
v 0.240000 -0.776250 0.123181
v 0.250000 -0.776250 0.125627
v 0.260000 -0.776250 0.119957
v 0.270000 -0.776250 0.110786
v 0.279996 -0.776249 0.098630
v 0.289921 -0.776213 0.075597
v 0.299184 -0.775718 0.000000
v 0.305941 -0.771740 0.000000
v 0.440035 -0.776284 0.076023
v 0.430508 -0.776745 0.000000
v 0.450001 -0.776251 0.098456
v 0.460000 -0.776250 0.108136
v 0.469999 -0.776250 0.107676
v 0.479975 -0.776250 0.097103
v 0.489632 -0.776248 0.072144
v 0.496903 -0.776216 0.000000
v 0.830717 -0.772025 0.000000
v 0.824673 -0.770990 0.000000
v 0.840000 -0.772198 0.000000
v 0.849283 -0.772025 0.000000
v 0.855324 -0.770990 0.000000
v 0.914616 -0.770193 0.000000
v 0.920743 -0.768696 0.000000
v 0.920405 -0.776706 0.055806
v 0.913285 -0.777088 0.000000
v 0.930048 -0.776304 0.074051
v 0.940003 -0.776253 0.092272
v 0.950000 -0.776250 0.104139
v 0.960000 -0.776250 0.113477
v 0.970000 -0.776250 0.122334
v 0.980000 -0.776250 0.130766
v 0.990000 -0.776250 0.136985
v 1.000000 -0.776250 0.137853
v 1.010000 -0.776250 0.135323
v 1.020000 -0.776250 0.131973
v 1.030000 -0.776250 0.127231
v 1.040000 -0.776250 0.120672
v 1.050000 -0.776250 0.112747
v 1.060000 -0.776250 0.103502
v 1.069993 -0.776244 0.089865
v 1.079879 -0.776138 0.062913
v 1.089054 -0.775188 0.000000
v 1.095921 -0.771667 0.000000
v 0.200475 -0.787378 0.058488
v 0.193719 -0.786788 0.000000
v 0.210033 -0.787491 0.086797
v 0.220001 -0.787500 0.101505
v 0.230000 -0.787500 0.110489
v 0.240000 -0.787500 0.117881
v 0.250000 -0.787500 0.122360
v 0.260000 -0.787500 0.118795
v 0.269999 -0.787500 0.110097
v 0.279975 -0.787500 0.097400
v 0.289632 -0.787497 0.072152
v 0.296899 -0.787454 0.000000
v 0.424016 -0.780757 0.000000
v 0.430102 -0.787609 0.062896
v 0.421006 -0.788559 0.000000
v 0.440005 -0.787505 0.090031
v 0.450000 -0.787500 0.103453
v 0.460000 -0.787500 0.110234
v 0.469999 -0.787500 0.108122
v 0.479973 -0.787500 0.097027
v 0.489581 -0.787500 0.071655
v 0.496476 -0.787498 0.000000
v 0.920048 -0.787556 0.073546
v 0.910357 -0.787940 0.000000
v 0.930003 -0.787504 0.093508
v 0.940000 -0.787500 0.103817
v 0.950000 -0.787500 0.111206
v 0.960000 -0.787500 0.118387
v 0.970000 -0.787500 0.126062
v 0.980000 -0.787500 0.134019
v 0.990000 -0.787500 0.140988
v 1.000000 -0.787500 0.143912
v 1.010000 -0.787500 0.140118
v 1.020000 -0.787500 0.133283
v 1.030000 -0.787500 0.125606
v 1.040000 -0.787500 0.117522
v 1.050000 -0.787500 0.108821
v 1.059996 -0.787498 0.096906
v 1.069919 -0.787458 0.073649
v 1.079169 -0.786919 0.000000
v 1.085945 -0.782986 0.000000
v 0.201013 -0.797691 0.000000
v 0.194715 -0.794216 0.000000
v 0.210123 -0.798640 0.062823
v 0.220007 -0.798744 0.090039
v 0.230000 -0.798750 0.103826
v 0.240000 -0.798750 0.113106
v 0.250000 -0.798750 0.119397
v 0.260000 -0.798750 0.118010
v 0.269999 -0.798750 0.109993
v 0.279975 -0.798750 0.097392
v 0.289632 -0.798753 0.072144
v 0.296896 -0.798797 0.000000
v 0.414656 -0.792037 0.000000
v 0.420424 -0.798874 0.058942
v 0.413291 -0.799494 0.000000
v 0.430030 -0.798759 0.086847
v 0.440001 -0.798750 0.101297
v 0.450000 -0.798750 0.109617
v 0.460000 -0.798750 0.113651
v 0.469999 -0.798750 0.109019
v 0.479973 -0.798750 0.097140
v 0.489577 -0.798750 0.071632
v 0.496437 -0.798750 0.000000
v 0.864614 -0.792763 0.000000
v 0.870715 -0.791724 0.000000
v 0.870403 -0.799267 0.055338
v 0.863285 -0.799594 0.000000
v 0.880063 -0.791529 0.000000
v 0.880027 -0.799228 0.069994
v 0.890005 -0.791466 0.000000
v 0.890001 -0.799222 0.073112
v 0.900031 -0.790986 0.000000
v 0.900002 -0.799164 0.073945
v 0.910023 -0.798804 0.077512
v 0.920003 -0.798754 0.092422
v 0.930000 -0.798750 0.103255
v 0.940000 -0.798750 0.111262
v 0.950000 -0.798750 0.117765
v 0.960000 -0.798750 0.123183
v 0.970000 -0.798750 0.128936
v 0.980000 -0.798750 0.135035
v 0.990000 -0.798750 0.140394
v 1.000000 -0.798750 0.143357
v 1.010000 -0.798750 0.139389
v 1.020000 -0.798750 0.131259
v 1.030000 -0.798750 0.122356
v 1.040000 -0.798750 0.113349
v 1.049999 -0.798750 0.103531
v 1.059972 -0.798745 0.088908
v 1.069583 -0.798661 0.059387
v 1.076670 -0.797997 0.000000
v 0.210788 -0.809470 0.000000
v 0.204057 -0.805490 0.000000
v 0.220076 -0.809963 0.075625
v 0.230004 -0.809999 0.098620
v 0.240000 -0.810000 0.110535
v 0.250000 -0.810000 0.117974
v 0.260000 -0.810000 0.117970
v 0.270000 -0.810000 0.110520
v 0.279996 -0.810001 0.098579
v 0.289918 -0.810037 0.075456
v 0.299118 -0.810529 0.000000
v 0.420051 -0.810032 0.073436
v 0.410401 -0.810451 0.000000
v 0.430003 -0.810001 0.095639
v 0.440000 -0.810000 0.106464
v 0.450000 -0.810000 0.113201
v 0.460000 -0.810000 0.115557
v 0.469999 -0.810000 0.109497
v 0.479973 -0.810000 0.097201
v 0.489577 -0.810000 0.071636
v 0.496435 -0.810000 0.000000
v 0.870048 -0.810059 0.073429
v 0.860357 -0.810440 0.000000
v 0.880003 -0.810032 0.092392
v 0.890000 -0.810031 0.098187
v 0.900000 -0.810028 0.099417
v 0.910001 -0.810003 0.100443
v 0.920000 -0.810000 0.104566
v 0.930000 -0.810000 0.109676
v 0.940000 -0.810000 0.115128
v 0.950000 -0.810000 0.119700
v 0.960000 -0.810000 0.122223
v 0.970000 -0.810000 0.124947
v 0.980000 -0.810000 0.128905
v 0.990000 -0.810000 0.133655
v 1.000000 -0.810000 0.137831
v 1.010000 -0.810000 0.136950
v 1.020000 -0.810000 0.129696
v 1.030000 -0.810000 0.120560
v 1.040000 -0.810000 0.110826
v 1.049996 -0.809999 0.098603
v 1.059917 -0.809963 0.075465
v 1.069120 -0.809471 0.000000
v 1.075360 -0.805535 0.000000
v 0.220319 -0.821250 0.072604
v 0.212716 -0.821250 0.000000
v 0.230022 -0.821250 0.097531
v 0.240001 -0.821250 0.110061
v 0.250000 -0.821250 0.118049
v 0.260000 -0.821250 0.119377
v 0.270000 -0.821250 0.112953
v 0.279999 -0.821250 0.103436
v 0.289969 -0.821255 0.088760
v 0.299531 -0.821336 0.058904
v 0.305302 -0.814461 0.000000
v 0.306243 -0.821955 0.000000
v 0.394033 -0.815238 0.000000
v 0.400662 -0.813702 0.000000
v 0.400111 -0.821727 0.057860
v 0.390945 -0.822386 0.000000
v 0.410028 -0.821304 0.070033
v 0.420003 -0.821228 0.085689
v 0.430001 -0.821247 0.095711
v 0.440000 -0.821250 0.103503
v 0.450000 -0.821250 0.110008
v 0.460000 -0.821250 0.113696
v 0.469999 -0.821250 0.109021
v 0.479973 -0.821250 0.097139
v 0.489577 -0.821250 0.071631
v 0.496435 -0.821250 0.000000
v 0.813969 -0.815287 0.000000
v 0.820626 -0.814226 0.000000
v 0.820078 -0.821778 0.059404
v 0.810514 -0.822260 0.000000
v 0.830058 -0.814029 0.000000
v 0.830005 -0.821728 0.071129
v 0.840004 -0.813966 0.000000
v 0.840000 -0.821722 0.073335
v 0.850031 -0.813486 0.000000
v 0.850002 -0.821664 0.073977
v 0.860023 -0.821304 0.077498
v 0.870003 -0.821254 0.092261
v 0.880000 -0.821251 0.102413
v 0.890000 -0.821251 0.107644
v 0.900000 -0.821251 0.108646
v 0.910000 -0.821250 0.108465
v 0.920000 -0.821249 0.109107
v 0.930000 -0.821249 0.110334
v 0.940000 -0.821249 0.111810
v 0.950000 -0.821249 0.113104
v 0.960000 -0.821250 0.113974
v 0.970000 -0.821250 0.116129
v 0.980000 -0.821250 0.120176
v 0.990000 -0.821250 0.125711
v 1.000000 -0.821250 0.131669
v 1.010000 -0.821250 0.134466
v 1.020000 -0.821250 0.128973
v 1.030000 -0.821250 0.120113
v 1.039999 -0.821250 0.110236
v 1.049975 -0.821250 0.097399
v 1.059629 -0.821247 0.072113
v 1.066857 -0.821201 0.000000
v 0.220076 -0.832537 0.075616
v 0.210788 -0.833030 0.000000
v 0.230004 -0.832501 0.098617
v 0.240000 -0.832500 0.110670
v 0.250000 -0.832500 0.119102
v 0.260000 -0.832500 0.122159
v 0.270000 -0.832500 0.116741
v 0.279999 -0.832500 0.108153
v 0.289973 -0.832500 0.095536
v 0.299575 -0.832506 0.069685
v 0.306417 -0.832565 0.000000
v 0.384074 -0.825839 0.000000
v 0.390130 -0.832650 0.060691
v 0.380947 -0.833566 0.000000
v 0.400006 -0.832532 0.077902
v 0.409978 -0.832452 0.071131
v 0.420000 -0.832147 0.071656
v 0.430023 -0.832451 0.076757
v 0.440003 -0.832497 0.092475
v 0.450000 -0.832500 0.103712
v 0.460000 -0.832500 0.110247
v 0.469999 -0.832500 0.108118
v 0.479973 -0.832500 0.097018
v 0.489577 -0.832500 0.071622
v 0.496435 -0.832500 0.000000
v 0.793969 -0.826470 0.000000
v 0.800669 -0.825000 0.000000
v 0.800079 -0.832969 0.059874
v 0.790473 -0.833490 0.000000
v 0.810037 -0.832595 0.074661
v 0.820004 -0.832535 0.089667
v 0.830000 -0.832531 0.097341
v 0.840000 -0.832531 0.099407
v 0.850000 -0.832528 0.099699
v 0.860001 -0.832503 0.100360
v 0.870000 -0.832500 0.103627
v 0.880000 -0.832500 0.106619
v 0.890000 -0.832500 0.107100
v 0.900000 -0.832499 0.104065
v 0.909999 -0.832496 0.100407
v 0.920000 -0.832472 0.099604
v 0.930000 -0.832469 0.099662
v 0.940000 -0.832469 0.099855
v 0.950000 -0.832472 0.100129
v 0.960001 -0.832497 0.101175
v 0.970000 -0.832500 0.105666
v 0.980000 -0.832500 0.111635
v 0.990000 -0.832500 0.118669
v 1.000000 -0.832500 0.126054
v 1.010000 -0.832500 0.131152
v 1.020000 -0.832500 0.128073
v 1.030000 -0.832500 0.119950
v 1.039999 -0.832500 0.110159
v 1.049973 -0.832500 0.097262
v 1.059580 -0.832500 0.071669
v 1.066474 -0.832498 0.000000
v 0.204052 -0.837010 0.000000
v 0.210120 -0.843860 0.062881
v 0.200946 -0.844812 0.000000
v 0.220007 -0.843755 0.089896
v 0.230000 -0.843750 0.103633
v 0.240000 -0.843750 0.113143
v 0.250000 -0.843750 0.121119
v 0.260000 -0.843750 0.124656
v 0.270000 -0.843750 0.118983
v 0.279999 -0.843750 0.109827
v 0.289973 -0.843750 0.097058
v 0.299577 -0.843750 0.071480
v 0.306436 -0.843753 0.000000
v 0.374074 -0.837083 0.000000
v 0.380131 -0.843897 0.061347
v 0.370947 -0.844816 0.000000
v 0.390007 -0.843760 0.080460
v 0.399952 -0.843722 0.070670
v 0.409644 -0.843349 0.000000
v 0.419999 -0.840790 0.000000
v 0.430342 -0.843398 0.000000
v 0.440046 -0.843726 0.076149
v 0.450003 -0.843749 0.098353
v 0.460000 -0.843750 0.108059
v 0.469999 -0.843750 0.107589
v 0.479973 -0.843750 0.096943
v 0.489577 -0.843750 0.071612
v 0.496435 -0.843750 0.000000
v 0.763969 -0.837783 0.000000
v 0.770629 -0.836682 0.000000
v 0.770078 -0.844274 0.059432
v 0.760514 -0.844760 0.000000
v 0.780101 -0.836057 0.000000
v 0.780008 -0.844170 0.071561
v 0.790033 -0.843843 0.076851
v 0.800004 -0.843782 0.090009
v 0.810001 -0.843754 0.098452
v 0.820000 -0.843751 0.104617
v 0.830000 -0.843751 0.109040
v 0.840000 -0.843751 0.110533
v 0.850000 -0.843751 0.110028
v 0.860000 -0.843750 0.108619
v 0.870000 -0.843750 0.106496
v 0.880000 -0.843749 0.103159
v 0.889999 -0.843746 0.097996
v 0.899996 -0.843718 0.089895
v 0.909967 -0.843657 0.077026
v 0.919997 -0.843333 0.073944
v 0.930000 -0.843278 0.073553
v 0.940000 -0.843278 0.073568
v 0.950002 -0.843336 0.074017
v 0.960023 -0.843698 0.077597
v 0.970003 -0.843747 0.092750
v 0.980000 -0.843750 0.104190
v 0.990000 -0.843750 0.113480
v 1.000000 -0.843750 0.122087
v 1.010000 -0.843750 0.128503
v 1.020000 -0.843750 0.127356
v 1.030000 -0.843750 0.119853
v 1.039999 -0.843750 0.110149
v 1.049973 -0.843750 0.097253
v 1.059577 -0.843750 0.071639
v 1.066437 -0.843750 0.000000
v 0.194079 -0.848333 0.000000
v 0.200134 -0.855147 0.061847
v 0.191014 -0.856063 0.000000
v 0.210009 -0.855010 0.087048
v 0.220000 -0.855000 0.100283
v 0.230000 -0.855000 0.108779
v 0.240000 -0.855000 0.116415
v 0.250000 -0.855000 0.123228
v 0.260000 -0.855000 0.125749
v 0.270000 -0.855000 0.119586
v 0.279999 -0.855000 0.110115
v 0.289973 -0.855000 0.097248
v 0.299581 -0.855000 0.071664
v 0.306476 -0.855002 0.000000
v 0.364074 -0.848333 0.000000
v 0.370131 -0.855147 0.061939
v 0.360947 -0.856066 0.000000
v 0.380009 -0.855011 0.084017
v 0.389972 -0.854996 0.083897
v 0.399585 -0.854911 0.058671
v 0.406713 -0.854264 0.000000
v 0.440368 -0.854998 0.072149
v 0.433097 -0.854967 0.000000
v 0.450025 -0.855000 0.097089
v 0.460001 -0.855000 0.107511
v 0.469999 -0.855000 0.107321
v 0.479973 -0.855000 0.096762
v 0.489577 -0.855000 0.071460
v 0.496434 -0.854997 0.000000
v 0.743968 -0.848970 0.000000
v 0.750669 -0.847500 0.000000
v 0.750079 -0.855469 0.059875
v 0.740471 -0.855990 0.000000
v 0.760037 -0.855096 0.074662
v 0.770004 -0.855035 0.089690
v 0.780000 -0.855028 0.097525
v 0.790001 -0.855004 0.100750
v 0.800000 -0.855001 0.105252
v 0.810000 -0.855000 0.109839
v 0.820000 -0.855000 0.112885
v 0.830000 -0.855000 0.113942
v 0.840000 -0.855000 0.112029
v 0.850000 -0.855000 0.108529
v 0.860000 -0.854999 0.103921
v 0.869999 -0.854996 0.097989
v 0.879996 -0.854968 0.089595
v 0.889963 -0.854905 0.074627
v 0.899921 -0.854531 0.059869
v 0.909530 -0.854010 0.000000
v 0.919957 -0.851464 0.000000
v 0.929998 -0.851035 0.000000
v 0.940001 -0.851038 0.000000
v 0.950030 -0.851516 0.000000
v 0.960344 -0.854613 0.000000
v 0.970047 -0.854974 0.076174
v 0.980003 -0.854999 0.098665
v 0.990000 -0.855000 0.110791
v 1.000000 -0.855000 0.120194
v 1.010000 -0.855000 0.127189
v 1.020000 -0.855000 0.127017
v 1.030000 -0.855000 0.119812
v 1.039999 -0.855000 0.110146
v 1.049973 -0.855000 0.097253
v 1.059577 -0.855000 0.071638
v 1.066435 -0.855000 0.000000
v 0.184715 -0.859534 0.000000
v 0.190475 -0.866372 0.057338
v 0.183719 -0.866963 0.000000
v 0.200032 -0.866259 0.081981
v 0.210002 -0.866249 0.093890
v 0.220000 -0.866250 0.101795
v 0.230000 -0.866250 0.108824
v 0.240000 -0.866250 0.115899
v 0.250000 -0.866250 0.122384
v 0.260000 -0.866250 0.125127
v 0.270000 -0.866250 0.119518
v 0.279999 -0.866250 0.110188
v 0.289975 -0.866250 0.097401
v 0.299632 -0.866252 0.072169
v 0.306903 -0.866284 0.000000
v 0.354074 -0.859583 0.000000
v 0.360131 -0.866397 0.062218
v 0.350944 -0.867314 0.000000
v 0.370010 -0.866261 0.085761
v 0.379996 -0.866249 0.090334
v 0.389915 -0.866207 0.072369
v 0.399106 -0.865672 0.000000
v 0.405363 -0.861783 0.000000
v 0.440419 -0.866250 0.071649
v 0.433524 -0.866248 0.000000
v 0.450027 -0.866250 0.096916
v 0.460001 -0.866250 0.107159
v 0.469999 -0.866250 0.106173
v 0.479973 -0.866250 0.095310
v 0.489576 -0.866244 0.069673
v 0.496417 -0.866185 0.000000
v 0.604610 -0.860264 0.000000
v 0.610651 -0.859245 0.000000
v 0.610373 -0.866769 0.051841
v 0.603286 -0.867095 0.000000
v 0.619343 -0.859245 0.000000
v 0.619568 -0.866762 0.050266
v 0.625327 -0.860257 0.000000
v 0.626228 -0.866995 0.000000
v 0.704030 -0.860307 0.000000
v 0.710631 -0.859226 0.000000
v 0.710109 -0.866789 0.058864
v 0.700941 -0.867390 0.000000
v 0.720060 -0.858988 0.000000
v 0.720006 -0.866725 0.071112
v 0.730046 -0.858537 0.000000
v 0.730003 -0.866668 0.073741
v 0.740033 -0.866343 0.077049
v 0.750004 -0.866282 0.090002
v 0.760001 -0.866254 0.098476
v 0.770000 -0.866251 0.104859
v 0.780000 -0.866251 0.109892
v 0.790000 -0.866250 0.113208
v 0.800000 -0.866250 0.115391
v 0.810000 -0.866250 0.116582
v 0.820000 -0.866250 0.114859
v 0.830000 -0.866250 0.110481
v 0.840000 -0.866250 0.104850
v 0.849999 -0.866247 0.098331
v 0.859996 -0.866218 0.089706
v 0.869963 -0.866155 0.074632
v 0.879920 -0.865780 0.059823
v 0.889486 -0.865245 0.000000
v 0.899331 -0.862500 0.000000
v 0.906032 -0.861030 0.000000
v 0.970368 -0.866248 0.072011
v 0.963098 -0.866212 0.000000
v 0.980025 -0.866250 0.097207
v 0.990001 -0.866250 0.109914
v 1.000000 -0.866250 0.119248
v 1.010000 -0.866250 0.126300
v 1.020000 -0.866250 0.126791
v 1.030000 -0.866250 0.119787
v 1.039999 -0.866250 0.110145
v 1.049973 -0.866250 0.097253
v 1.059577 -0.866250 0.071638
v 1.066435 -0.866250 0.000000
v 0.190369 -0.877505 0.062146
v 0.183158 -0.877614 0.000000
v 0.199995 -0.877461 0.070856
v 0.210031 -0.877461 0.076164
v 0.220004 -0.877496 0.090329
v 0.230000 -0.877500 0.101939
v 0.240000 -0.877500 0.110453
v 0.250000 -0.877500 0.117791
v 0.260000 -0.877500 0.122391
v 0.270000 -0.877500 0.119132
v 0.280000 -0.877500 0.110683
v 0.289998 -0.877501 0.098669
v 0.299954 -0.877526 0.076181
v 0.309656 -0.877885 0.000000
v 0.344009 -0.870811 0.000000
v 0.350098 -0.877636 0.062834
v 0.340473 -0.878417 0.000000
v 0.360009 -0.877511 0.086448
v 0.369999 -0.877500 0.093941
v 0.379969 -0.877490 0.085433
v 0.389573 -0.877374 0.058762
v 0.396665 -0.876742 0.000000
v 0.440423 -0.877500 0.071606
v 0.433563 -0.877500 0.000000
v 0.450027 -0.877500 0.096758
v 0.460001 -0.877500 0.106077
v 0.469999 -0.877500 0.102282
v 0.479971 -0.877496 0.088676
v 0.489553 -0.877416 0.058972
v 0.496247 -0.876796 0.000000
v 0.610021 -0.877555 0.063634
v 0.600400 -0.877956 0.000000
v 0.619555 -0.877450 0.053035
v 0.626228 -0.876867 0.000000
v 0.694012 -0.870818 0.000000
v 0.700099 -0.877640 0.062976
v 0.690516 -0.878435 0.000000
v 0.710008 -0.877537 0.087271
v 0.720000 -0.877531 0.097061
v 0.730000 -0.877528 0.099587
v 0.740001 -0.877504 0.100835
v 0.750000 -0.877501 0.104996
v 0.760000 -0.877500 0.109961
v 0.770000 -0.877500 0.114513
v 0.780000 -0.877500 0.118463
v 0.790000 -0.877500 0.121843
v 0.800000 -0.877500 0.122615
v 0.810000 -0.877500 0.119412
v 0.820000 -0.877500 0.112774
v 0.830000 -0.877500 0.104058
v 0.839997 -0.877497 0.092494
v 0.849974 -0.877445 0.075178
v 0.859921 -0.877033 0.059868
v 0.869486 -0.876495 0.000000
v 0.879331 -0.873750 0.000000
v 0.886028 -0.872279 0.000000
v 0.970422 -0.877494 0.069718
v 0.963542 -0.877433 0.000000
v 0.980027 -0.877500 0.095545
v 0.990001 -0.877500 0.108175
v 1.000000 -0.877500 0.117003
v 1.010000 -0.877500 0.124123
v 1.020000 -0.877500 0.126142
v 1.030000 -0.877500 0.119697
v 1.039999 -0.877500 0.110138
v 1.049973 -0.877500 0.097253
v 1.059577 -0.877500 0.071638
v 1.066435 -0.877500 0.000000
v 0.189983 -0.888676 0.044446
v 0.180810 -0.889276 0.000000
v 0.199564 -0.888183 0.000000
v 0.210439 -0.888186 0.000000
v 0.220087 -0.888675 0.063580
v 0.230006 -0.888746 0.090102
v 0.240000 -0.888750 0.103827
v 0.250000 -0.888750 0.113154
v 0.260000 -0.888750 0.119851
v 0.270000 -0.888750 0.119853
v 0.280000 -0.888750 0.113195
v 0.290000 -0.888750 0.104171
v 0.299998 -0.888753 0.092748
v 0.309977 -0.888802 0.077595
v 0.319972 -0.880940 0.000000
v 0.319998 -0.889160 0.074022
v 0.330042 -0.880986 0.000000
v 0.330003 -0.889163 0.073891
v 0.340033 -0.888839 0.076637
v 0.350005 -0.888758 0.088761
v 0.360000 -0.888750 0.094316
v 0.369990 -0.888739 0.086423
v 0.379866 -0.888603 0.062171
v 0.388990 -0.887687 0.000000
v 0.395341 -0.884212 0.000000
v 0.440423 -0.888750 0.071598
v 0.433565 -0.888750 0.000000
v 0.450027 -0.888750 0.096654
v 0.460001 -0.888750 0.105194
v 0.469999 -0.888749 0.097991
v 0.479961 -0.888716 0.075840
v 0.489426 -0.888258 0.000000
v 0.495345 -0.884292 0.000000
v 0.583967 -0.882716 0.000000
v 0.590657 -0.881200 0.000000
v 0.590078 -0.889216 0.059365
v 0.580471 -0.889740 0.000000
v 0.600027 -0.888806 0.070502
v 0.609967 -0.888719 0.068061
v 0.619461 -0.888248 0.000000
v 0.625346 -0.884296 0.000000
v 0.673972 -0.882721 0.000000
v 0.680669 -0.881247 0.000000
v 0.680080 -0.889220 0.059836
v 0.670514 -0.889755 0.000000
v 0.690037 -0.888842 0.074725
v 0.700005 -0.888758 0.090461
v 0.710000 -0.888751 0.101685
v 0.720000 -0.888751 0.108503
v 0.730000 -0.888751 0.111230
v 0.740000 -0.888750 0.111660
v 0.750000 -0.888750 0.113043
v 0.760000 -0.888750 0.116013
v 0.770000 -0.888750 0.119364
v 0.780000 -0.888750 0.122006
v 0.790000 -0.888750 0.124685
v 0.800000 -0.888750 0.124938
v 0.810000 -0.888750 0.119577
v 0.820000 -0.888750 0.110719
v 0.829998 -0.888749 0.098676
v 0.839955 -0.888724 0.076169
v 0.849642 -0.888350 0.000000
v 0.859345 -0.885052 0.000000
v 0.866029 -0.883533 0.000000
v 0.970469 -0.888664 0.058905
v 0.963755 -0.888045 0.000000
v 0.980031 -0.888745 0.088761
v 0.990001 -0.888750 0.103455
v 1.000000 -0.888750 0.113219
v 1.010000 -0.888750 0.121408
v 1.020000 -0.888750 0.125386
v 1.030000 -0.888750 0.119596
v 1.039999 -0.888750 0.110131
v 1.049973 -0.888750 0.097253
v 1.059577 -0.888750 0.071638
v 1.066435 -0.888750 0.000000
v 0.174054 -0.893260 0.000000
v 0.180000 -0.899998 0.033147
v 0.170939 -0.901056 0.000000
v 0.189065 -0.898948 0.000000
v 0.195994 -0.895488 0.000000
v 0.220813 -0.899472 0.000000
v 0.213987 -0.895561 0.000000
v 0.230079 -0.899963 0.075593
v 0.240004 -0.899999 0.098610
v 0.250000 -0.900000 0.110655
v 0.260000 -0.900000 0.119064
v 0.270000 -0.900000 0.122350
v 0.280000 -0.900000 0.118102
v 0.290000 -0.900000 0.111581
v 0.300000 -0.900000 0.105649
v 0.309999 -0.900003 0.101120
v 0.320000 -0.900028 0.099853
v 0.330000 -0.900028 0.099033
v 0.340001 -0.900004 0.097662
v 0.350000 -0.900000 0.096260
v 0.359991 -0.899990 0.086674
v 0.369869 -0.899853 0.062306
v 0.379053 -0.898934 0.000000
v 0.385921 -0.895417 0.000000
v 0.440423 -0.900000 0.071598
v 0.433565 -0.900000 0.000000
v 0.450027 -0.900000 0.096651
v 0.460001 -0.900000 0.105161
v 0.469999 -0.900001 0.097832
v 0.479961 -0.900034 0.075670
v 0.489426 -0.900492 0.000000
v 0.544677 -0.894005 0.000000
v 0.550721 -0.892972 0.000000
v 0.550461 -0.900508 0.052863
v 0.543774 -0.900745 0.000000
v 0.560066 -0.892738 0.000000
v 0.560030 -0.900474 0.068327
v 0.570047 -0.892287 0.000000
v 0.570004 -0.900417 0.072751
v 0.580033 -0.900093 0.076558
v 0.590004 -0.900032 0.088628
v 0.600001 -0.900004 0.090718
v 0.609998 -0.900023 0.075046
v 0.619965 -0.900348 0.000000
v 0.653968 -0.893970 0.000000
v 0.660669 -0.892500 0.000000
v 0.660079 -0.900469 0.059873
v 0.650471 -0.900988 0.000000
v 0.670037 -0.900095 0.074649
v 0.680004 -0.900032 0.089731
v 0.690001 -0.900004 0.098280
v 0.700000 -0.900000 0.104460
v 0.710000 -0.900000 0.109580
v 0.720000 -0.900000 0.113693
v 0.730000 -0.900000 0.114672
v 0.740000 -0.900000 0.112880
v 0.750000 -0.900000 0.111764
v 0.760000 -0.899999 0.112247
v 0.770000 -0.900000 0.113499
v 0.780000 -0.900000 0.115707
v 0.790000 -0.900000 0.119238
v 0.800000 -0.900000 0.121748
v 0.810000 -0.900000 0.118508
v 0.819999 -0.900000 0.110113
v 0.829978 -0.900000 0.097537
v 0.839684 -0.900001 0.072643
v 0.847322 -0.900014 0.000000
v 0.970884 -0.899471 0.000000
v 0.964698 -0.895539 0.000000
v 0.980083 -0.899963 0.075456
v 0.990004 -0.899999 0.098597
v 1.000000 -0.900000 0.110778
v 1.010000 -0.900000 0.119931
v 1.020000 -0.900000 0.125004
v 1.030000 -0.900000 0.119548
v 1.039999 -0.900000 0.110128
v 1.049973 -0.900000 0.097252
v 1.059577 -0.900000 0.071638
v 1.066435 -0.900000 0.000000
v 0.164074 -0.904583 0.000000
v 0.170049 -0.911355 0.042330
v 0.160943 -0.912314 0.000000
v 0.179179 -0.910679 0.000000
v 0.185945 -0.906737 0.000000
v 0.230371 -0.911247 0.071963
v 0.223141 -0.911198 0.000000
v 0.240025 -0.911250 0.097204
v 0.250001 -0.911250 0.109886
v 0.260000 -0.911250 0.118954
v 0.270000 -0.911250 0.124834
v 0.280000 -0.911250 0.124078
v 0.290000 -0.911250 0.119839
v 0.300000 -0.911250 0.115908
v 0.310000 -0.911250 0.113452
v 0.320000 -0.911251 0.111386
v 0.330000 -0.911251 0.107931
v 0.340000 -0.911250 0.101044
v 0.349993 -0.911244 0.089051
v 0.359879 -0.911138 0.062780
v 0.369054 -0.910188 0.000000
v 0.375926 -0.906667 0.000000
v 0.440423 -0.911250 0.071603
v 0.433565 -0.911250 0.000000
v 0.450027 -0.911250 0.096722
v 0.460001 -0.911250 0.105751
v 0.469999 -0.911250 0.100974
v 0.479971 -0.911254 0.087044
v 0.489551 -0.911329 0.057027
v 0.495344 -0.904453 0.000000
v 0.496228 -0.911889 0.000000
v 0.550481 -0.911162 0.055854
v 0.543777 -0.910612 0.000000
v 0.560033 -0.911272 0.081604
v 0.570001 -0.911277 0.093108
v 0.580001 -0.911254 0.097829
v 0.590000 -0.911251 0.102238
v 0.600000 -0.911250 0.101366
v 0.610000 -0.911253 0.092395
v 0.619999 -0.911301 0.077635
v 0.630000 -0.903438 0.000000
v 0.630000 -0.911660 0.074036
v 0.640043 -0.903490 0.000000
v 0.640003 -0.911664 0.073990
v 0.650033 -0.911343 0.077054
v 0.660004 -0.911282 0.089950
v 0.670001 -0.911254 0.098191
v 0.680000 -0.911251 0.104133
v 0.690000 -0.911250 0.108374
v 0.700000 -0.911250 0.110950
v 0.710000 -0.911250 0.111588
v 0.720000 -0.911250 0.111240
v 0.730000 -0.911249 0.109252
v 0.740000 -0.911249 0.104920
v 0.749999 -0.911246 0.100871
v 0.760000 -0.911225 0.100121
v 0.770001 -0.911246 0.101114
v 0.780000 -0.911250 0.105461
v 0.790000 -0.911250 0.111129
v 0.800000 -0.911250 0.116250
v 0.810000 -0.911250 0.116775
v 0.820000 -0.911250 0.110265
v 0.829996 -0.911251 0.098566
v 0.839921 -0.911287 0.075494
v 0.849151 -0.911778 0.000000
v 0.980371 -0.911247 0.072113
v 0.973143 -0.911201 0.000000
v 0.990025 -0.911250 0.097398
v 1.000001 -0.911250 0.110199
v 1.010000 -0.911250 0.119584
v 1.020000 -0.911250 0.124926
v 1.030000 -0.911250 0.119540
v 1.039999 -0.911250 0.110127
v 1.049973 -0.911250 0.097252
v 1.059577 -0.911250 0.071638
v 1.066435 -0.911250 0.000000
v 0.154074 -0.915833 0.000000
v 0.160102 -0.922642 0.053483
v 0.150946 -0.923566 0.000000
v 0.169593 -0.922422 0.050196
v 0.176670 -0.921748 0.000000
v 0.230422 -0.922494 0.069716
v 0.223545 -0.922432 0.000000
v 0.240027 -0.922500 0.095545
v 0.250001 -0.922500 0.108179
v 0.260000 -0.922500 0.117050
v 0.270000 -0.922500 0.124537
v 0.280000 -0.922500 0.128474
v 0.290000 -0.922500 0.126933
v 0.300000 -0.922500 0.123384
v 0.310000 -0.922500 0.119747
v 0.320000 -0.922500 0.114619
v 0.330000 -0.922500 0.107756
v 0.339996 -0.922498 0.096445
v 0.349918 -0.922457 0.073554
v 0.359169 -0.921919 0.000000
v 0.365944 -0.917986 0.000000
v 0.440423 -0.922500 0.071603
v 0.433565 -0.922500 0.000000
v 0.450027 -0.922500 0.096722
v 0.460001 -0.922500 0.105751
v 0.469999 -0.922500 0.100974
v 0.479971 -0.922496 0.087044
v 0.489551 -0.922422 0.057027
v 0.496228 -0.921861 0.000000
v 0.551013 -0.921442 0.000000
v 0.544719 -0.917971 0.000000
v 0.560124 -0.922391 0.062260
v 0.570007 -0.922495 0.088843
v 0.580000 -0.922500 0.101173
v 0.590000 -0.922500 0.107947
v 0.600000 -0.922500 0.108973
v 0.610000 -0.922500 0.105136
v 0.620000 -0.922503 0.100961
v 0.630000 -0.922528 0.099909
v 0.640000 -0.922528 0.099861
v 0.650001 -0.922504 0.100755
v 0.660000 -0.922501 0.104480
v 0.670000 -0.922500 0.107790
v 0.680000 -0.922500 0.109697
v 0.690000 -0.922500 0.109781
v 0.700000 -0.922499 0.108331
v 0.710000 -0.922499 0.104635
v 0.719999 -0.922496 0.100503
v 0.730000 -0.922472 0.097477
v 0.739996 -0.922465 0.089895
v 0.749967 -0.922411 0.077081
v 0.760000 -0.922141 0.074405
v 0.770033 -0.922414 0.077175
v 0.780005 -0.922493 0.090775
v 0.790000 -0.922500 0.102182
v 0.800000 -0.922500 0.110099
v 0.810000 -0.922500 0.114409
v 0.820000 -0.922500 0.111742
v 0.829999 -0.922500 0.103355
v 0.839972 -0.922505 0.088897
v 0.849584 -0.922589 0.059384
v 0.855362 -0.915715 0.000000
v 0.856666 -0.923253 0.000000
v 0.980420 -0.922500 0.071669
v 0.973526 -0.922498 0.000000
v 0.990027 -0.922500 0.097261
v 1.000001 -0.922500 0.110132
v 1.010000 -0.922500 0.119542
v 1.020000 -0.922500 0.124918
v 1.030000 -0.922500 0.119539
v 1.039999 -0.922500 0.110127
v 1.049973 -0.922500 0.097252
v 1.059577 -0.922500 0.071638
v 1.066435 -0.922500 0.000000
v 0.144074 -0.927083 0.000000
v 0.150127 -0.933896 0.058139
v 0.140947 -0.934816 0.000000
v 0.159927 -0.933724 0.063891
v 0.169120 -0.933219 0.000000
v 0.175360 -0.929285 0.000000
v 0.230468 -0.933665 0.058909
v 0.223755 -0.933045 0.000000
v 0.240031 -0.933745 0.088762
v 0.250001 -0.933750 0.103458
v 0.260000 -0.933750 0.113275
v 0.270000 -0.933750 0.121940
v 0.280000 -0.933750 0.128317
v 0.290000 -0.933750 0.128347
v 0.300000 -0.933750 0.123606
v 0.310000 -0.933750 0.117417
v 0.320000 -0.933750 0.110230
v 0.329999 -0.933750 0.101496
v 0.339970 -0.933741 0.086916
v 0.349573 -0.933625 0.058938
v 0.356668 -0.932992 0.000000
v 0.440423 -0.933750 0.071598
v 0.433565 -0.933750 0.000000
v 0.450027 -0.933750 0.096651
v 0.460001 -0.933750 0.105161
v 0.469999 -0.933749 0.097831
v 0.479961 -0.933716 0.075670
v 0.489426 -0.933258 0.000000
v 0.495344 -0.929297 0.000000
v 0.560818 -0.933215 0.000000
v 0.554059 -0.929240 0.000000
v 0.570079 -0.933712 0.075269
v 0.580004 -0.933748 0.097601
v 0.590000 -0.933750 0.108095
v 0.600000 -0.933750 0.113142
v 0.610000 -0.933750 0.113288
v 0.620000 -0.933750 0.112218
v 0.630000 -0.933751 0.111364
v 0.640000 -0.933751 0.110983
v 0.650000 -0.933750 0.110955
v 0.660000 -0.933750 0.110719
v 0.670000 -0.933750 0.108264
v 0.680000 -0.933750 0.104407
v 0.689999 -0.933746 0.100311
v 0.700000 -0.933722 0.097363
v 0.709996 -0.933715 0.089858
v 0.719967 -0.933657 0.076829
v 0.729992 -0.933330 0.071560
v 0.739924 -0.933228 0.059476
v 0.749531 -0.932789 0.000000
v 0.760000 -0.930691 0.000000
v 0.770470 -0.932868 0.000000
v 0.780088 -0.933652 0.063547
v 0.790006 -0.933745 0.090100
v 0.800000 -0.933750 0.103656
v 0.810000 -0.933750 0.111734
v 0.820000 -0.933750 0.114024
v 0.830000 -0.933750 0.108353
v 0.839996 -0.933751 0.096846
v 0.849915 -0.933792 0.073509
v 0.859102 -0.934328 0.000000
v 0.980423 -0.933750 0.071639
v 0.973563 -0.933750 0.000000
v 0.990027 -0.933750 0.097253
v 1.000001 -0.933750 0.110127
v 1.010000 -0.933750 0.119539
v 1.020000 -0.933750 0.124917
v 1.030000 -0.933750 0.119539
v 1.039999 -0.933750 0.110127
v 1.049973 -0.933750 0.097252
v 1.059577 -0.933750 0.071638
v 1.066435 -0.933750 0.000000
v 0.134074 -0.938333 0.000000
v 0.140130 -0.945147 0.061307
v 0.130944 -0.946064 0.000000
v 0.149985 -0.945011 0.079852
v 0.159627 -0.944992 0.067052
v 0.166838 -0.944886 0.000000
v 0.230853 -0.944472 0.000000
v 0.224696 -0.940539 0.000000
v 0.240079 -0.944963 0.075487
v 0.250004 -0.944999 0.098604
v 0.260000 -0.945000 0.110774
v 0.270000 -0.945000 0.119919
v 0.280000 -0.945000 0.125606
v 0.290000 -0.945000 0.123938
v 0.300000 -0.945000 0.118418
v 0.310000 -0.945000 0.111572
v 0.320000 -0.945000 0.103101
v 0.329993 -0.944993 0.089809
v 0.339875 -0.944888 0.062794
v 0.348991 -0.943941 0.000000
v 0.355341 -0.940462 0.000000
v 0.440423 -0.945000 0.071599
v 0.433563 -0.945000 0.000000
v 0.450027 -0.945000 0.096654
v 0.460001 -0.945000 0.105192
v 0.469999 -0.945001 0.097978
v 0.479961 -0.945034 0.075829
v 0.489426 -0.945492 0.000000
v 0.570373 -0.944966 0.069478
v 0.563159 -0.944880 0.000000
v 0.580026 -0.944996 0.092202
v 0.590001 -0.945000 0.103001
v 0.600000 -0.945000 0.109890
v 0.610000 -0.945000 0.114027
v 0.620000 -0.945000 0.114739
v 0.630000 -0.945000 0.112797
v 0.640000 -0.945000 0.111216
v 0.650000 -0.944999 0.110317
v 0.660000 -0.944999 0.107850
v 0.670000 -0.944999 0.101467
v 0.679995 -0.944992 0.090633
v 0.689967 -0.944911 0.076891
v 0.699992 -0.944580 0.071556
v 0.709924 -0.944476 0.059470
v 0.719527 -0.944005 0.000000
v 0.729899 -0.941443 0.000000
v 0.739372 -0.940818 0.000000
v 0.746035 -0.939720 0.000000
v 0.780814 -0.944467 0.000000
v 0.773989 -0.940515 0.000000
v 0.790079 -0.944963 0.075439
v 0.800004 -0.944999 0.098375
v 0.810000 -0.945000 0.109820
v 0.820000 -0.945000 0.115199
v 0.830000 -0.945000 0.111833
v 0.839999 -0.945000 0.103151
v 0.849969 -0.945005 0.088605
v 0.859534 -0.945087 0.058906
v 0.865304 -0.938215 0.000000
v 0.866282 -0.945707 0.000000
v 0.980423 -0.945000 0.071638
v 0.973565 -0.945000 0.000000
v 0.990027 -0.945000 0.097252
v 1.000001 -0.945000 0.110127
v 1.010000 -0.945000 0.119539
v 1.020000 -0.945000 0.124917
v 1.030000 -0.945000 0.119539
v 1.039999 -0.945000 0.110127
v 1.049973 -0.945000 0.097252
v 1.059577 -0.945000 0.071638
v 1.066435 -0.945000 0.000000
v 0.124012 -0.949562 0.000000
v 0.130099 -0.956386 0.062530
v 0.120516 -0.957185 0.000000
v 0.140008 -0.956260 0.084213
v 0.149969 -0.956246 0.083994
v 0.159536 -0.956164 0.058239
v 0.166282 -0.955543 0.000000
v 0.240316 -0.956249 0.072643
v 0.232678 -0.956236 0.000000
v 0.250022 -0.956250 0.097537
v 0.260001 -0.956250 0.110114
v 0.270000 -0.956250 0.118492
v 0.280000 -0.956250 0.121451
v 0.290000 -0.956250 0.117435
v 0.300000 -0.956250 0.110960
v 0.310000 -0.956250 0.103673
v 0.319995 -0.956244 0.093449
v 0.329919 -0.956183 0.072964
v 0.339169 -0.955665 0.000000
v 0.345940 -0.951736 0.000000
v 0.374589 -0.950291 0.000000
v 0.380089 -0.949443 0.000000
v 0.380349 -0.956828 0.042026
v 0.373746 -0.957062 0.000000
v 0.386065 -0.950339 0.000000
v 0.389086 -0.957394 0.000000
v 0.440419 -0.956250 0.071638
v 0.433524 -0.956252 0.000000
v 0.450027 -0.956250 0.096763
v 0.460001 -0.956250 0.106043
v 0.469999 -0.956250 0.102111
v 0.479971 -0.956254 0.088495
v 0.489553 -0.956334 0.058814
v 0.495345 -0.949458 0.000000
v 0.496246 -0.956951 0.000000
v 0.570457 -0.955793 0.055271
v 0.563716 -0.955443 0.000000
v 0.580062 -0.956159 0.073458
v 0.590006 -0.956242 0.090186
v 0.600000 -0.956249 0.101652
v 0.610000 -0.956249 0.107952
v 0.620000 -0.956249 0.108584
v 0.630000 -0.956249 0.104830
v 0.639999 -0.956246 0.100773
v 0.650000 -0.956222 0.099467
v 0.660000 -0.956219 0.096985
v 0.669992 -0.956213 0.087252
v 0.679902 -0.956110 0.063013
v 0.689525 -0.955330 0.000000
v 0.699899 -0.952697 0.000000
v 0.709372 -0.952068 0.000000
v 0.716035 -0.950968 0.000000
v 0.790374 -0.956240 0.070143
v 0.783158 -0.956136 0.000000
v 0.800025 -0.956250 0.095500
v 0.810001 -0.956250 0.107700
v 0.820000 -0.956250 0.114279
v 0.830000 -0.956250 0.114271
v 0.839999 -0.956250 0.107823
v 0.849975 -0.956250 0.095643
v 0.859627 -0.956259 0.070158
v 0.866838 -0.956364 0.000000
v 0.980423 -0.956250 0.071638
v 0.973565 -0.956250 0.000000
v 0.990027 -0.956250 0.097252
v 1.000001 -0.956250 0.110127
v 1.010000 -0.956250 0.119539
v 1.020000 -0.956250 0.124917
v 1.030000 -0.956250 0.119539
v 1.039999 -0.956250 0.110127
v 1.049973 -0.956250 0.097253
v 1.059577 -0.956250 0.071639
v 1.066437 -0.956250 0.000000
v 0.104039 -0.961492 0.000000
v 0.110674 -0.959998 0.000000
v 0.110115 -0.967980 0.059142
v 0.101012 -0.968634 0.000000
v 0.120038 -0.967592 0.074477
v 0.130005 -0.967508 0.088767
v 0.139996 -0.967499 0.092145
v 0.149921 -0.967463 0.074350
v 0.159147 -0.966972 0.000000
v 0.165307 -0.963039 0.000000
v 0.240045 -0.967526 0.076168
v 0.230358 -0.967900 0.000000
v 0.250002 -0.967501 0.098638
v 0.260000 -0.967500 0.110265
v 0.270000 -0.967500 0.116763
v 0.280000 -0.967500 0.116118
v 0.290000 -0.967500 0.110249
v 0.300000 -0.967500 0.102008
v 0.309994 -0.967492 0.090274
v 0.319941 -0.967409 0.073597
v 0.329591 -0.967040 0.055724
v 0.336671 -0.966648 0.000000
v 0.380419 -0.967534 0.059857
v 0.373602 -0.967506 0.000000
v 0.389897 -0.967650 0.057183
v 0.395928 -0.960839 0.000000
v 0.399057 -0.968564 0.000000
v 0.440368 -0.967502 0.072146
v 0.433097 -0.967533 0.000000
v 0.450025 -0.967500 0.097011
v 0.460001 -0.967500 0.106849
v 0.469999 -0.967500 0.104865
v 0.479972 -0.967500 0.093677
v 0.489573 -0.967500 0.067725
v 0.496398 -0.967500 0.000000
v 0.570763 -0.963755 0.000000
v 0.564676 -0.962305 0.000000
v 0.580521 -0.966565 0.000000
v 0.590099 -0.967360 0.062951
v 0.600008 -0.967463 0.087243
v 0.610000 -0.967469 0.096689
v 0.620000 -0.967469 0.096981
v 0.629996 -0.967465 0.089855
v 0.639967 -0.967407 0.077038
v 0.649997 -0.967083 0.073732
v 0.659994 -0.967025 0.071108
v 0.669891 -0.966962 0.058863
v 0.679059 -0.966360 0.000000
v 0.685991 -0.962933 0.000000
v 0.790475 -0.967378 0.058487
v 0.783719 -0.966787 0.000000
v 0.800034 -0.967490 0.086770
v 0.810001 -0.967500 0.101275
v 0.820000 -0.967500 0.109486
v 0.830000 -0.967500 0.113022
v 0.840000 -0.967500 0.109120
v 0.849996 -0.967501 0.098248
v 0.859917 -0.967537 0.075289
v 0.869115 -0.968032 0.000000
v 0.980423 -0.967500 0.071638
v 0.973565 -0.967500 0.000000
v 0.990027 -0.967500 0.097252
v 1.000001 -0.967500 0.110127
v 1.010000 -0.967500 0.119539
v 1.020000 -0.967500 0.124918
v 1.030000 -0.967500 0.119542
v 1.039999 -0.967500 0.110132
v 1.049973 -0.967500 0.097261
v 1.059580 -0.967500 0.071669
v 1.066474 -0.967502 0.000000
v 0.094718 -0.972040 0.000000
v 0.100479 -0.978876 0.058377
v 0.093758 -0.979460 0.000000
v 0.110033 -0.978784 0.085980
v 0.120002 -0.978754 0.097216
v 0.129999 -0.978750 0.101053
v 0.139978 -0.978750 0.095428
v 0.149684 -0.978749 0.072377
v 0.157324 -0.978735 0.000000
v 0.214033 -0.972738 0.000000
v 0.220659 -0.971199 0.000000
v 0.220111 -0.979227 0.059331
v 0.210941 -0.979885 0.000000
v 0.230027 -0.978805 0.075145
v 0.240003 -0.978753 0.092504
v 0.250000 -0.978750 0.103958
v 0.260000 -0.978750 0.111759
v 0.270000 -0.978750 0.114389
v 0.280000 -0.978750 0.110060
v 0.290000 -0.978750 0.101848
v 0.299992 -0.978741 0.088140
v 0.309900 -0.978614 0.063035
v 0.319480 -0.977815 0.000000
v 0.329242 -0.975005 0.000000
v 0.335379 -0.973552 0.000000
v 0.380479 -0.978629 0.056401
v 0.373759 -0.978043 0.000000
v 0.390025 -0.978751 0.074307
v 0.399903 -0.978884 0.060405
v 0.405991 -0.972059 0.000000
v 0.409528 -0.979634 0.000000
v 0.440046 -0.978774 0.076139
v 0.430342 -0.979104 0.000000
v 0.450002 -0.978751 0.098066
v 0.460000 -0.978750 0.106262
v 0.469999 -0.978750 0.102123
v 0.479969 -0.978745 0.088469
v 0.489531 -0.978665 0.058740
v 0.496242 -0.978049 0.000000
v 0.590941 -0.977610 0.000000
v 0.584012 -0.974182 0.000000
v 0.600109 -0.978211 0.058851
v 0.610006 -0.978271 0.070858
v 0.619995 -0.978271 0.070901
v 0.629924 -0.978222 0.059433
v 0.639530 -0.977756 0.000000
v 0.649954 -0.975213 0.000000
v 0.659940 -0.974762 0.000000
v 0.669369 -0.974524 0.000000
v 0.675970 -0.973443 0.000000
v 0.791014 -0.977687 0.000000
v 0.784715 -0.974216 0.000000
v 0.800134 -0.978603 0.062372
v 0.810009 -0.978740 0.088051
v 0.820000 -0.978750 0.101650
v 0.830000 -0.978750 0.108701
v 0.840000 -0.978750 0.109489
v 0.849999 -0.978750 0.102867
v 0.859969 -0.978755 0.088706
v 0.869531 -0.978836 0.058901
v 0.875302 -0.971961 0.000000
v 0.876243 -0.979455 0.000000
v 0.980423 -0.978750 0.071638
v 0.973565 -0.978750 0.000000
v 0.990027 -0.978750 0.097252
v 1.000001 -0.978750 0.110127
v 1.010000 -0.978750 0.119540
v 1.020000 -0.978750 0.124926
v 1.030000 -0.978750 0.119583
v 1.039999 -0.978750 0.110199
v 1.049975 -0.978750 0.097398
v 1.059629 -0.978753 0.072113
v 1.066857 -0.978799 0.000000
v 0.100426 -0.990007 0.069483
v 0.093584 -0.990062 0.000000
v 0.110028 -0.990001 0.094896
v 0.120001 -0.990000 0.105405
v 0.130000 -0.990000 0.106566
v 0.139998 -0.990001 0.098016
v 0.149957 -0.990026 0.076154
v 0.159686 -0.990385 0.000000
v 0.204009 -0.983317 0.000000
v 0.210098 -0.990139 0.063025
v 0.200473 -0.990919 0.000000
v 0.220008 -0.990034 0.087395
v 0.230001 -0.990003 0.098204
v 0.240000 -0.990000 0.105091
v 0.250000 -0.990000 0.110607
v 0.260000 -0.990000 0.114017
v 0.270000 -0.990000 0.111495
v 0.280000 -0.990000 0.103467
v 0.289993 -0.989994 0.089903
v 0.299879 -0.989888 0.062934
v 0.309057 -0.988940 0.000000
v 0.315988 -0.985438 0.000000
v 0.381014 -0.988937 0.000000
v 0.374718 -0.985466 0.000000
v 0.390134 -0.989854 0.060058
v 0.400004 -0.989999 0.076924
v 0.409968 -0.990085 0.073378
v 0.419987 -0.981757 0.000000
v 0.419999 -0.990356 0.073535
v 0.430023 -0.990049 0.077412
v 0.440003 -0.990003 0.092592
v 0.450000 -0.990000 0.102945
v 0.460000 -0.990000 0.106352
v 0.469996 -0.989999 0.097974
v 0.479917 -0.989963 0.075394
v 0.489116 -0.989471 0.000000
v 0.495302 -0.985539 0.000000
v 0.600631 -0.985772 0.000000
v 0.594030 -0.984693 0.000000
v 0.610055 -0.985967 0.000000
v 0.619945 -0.985968 0.000000
v 0.629374 -0.985774 0.000000
v 0.636035 -0.984715 0.000000
v 0.800946 -0.988938 0.000000
v 0.794079 -0.985417 0.000000
v 0.810121 -0.989888 0.062928
v 0.820007 -0.989994 0.089861
v 0.830000 -0.990000 0.103023
v 0.840000 -0.990000 0.108978
v 0.849999 -0.990000 0.106540
v 0.859973 -0.990000 0.095346
v 0.869575 -0.990006 0.069667
v 0.876417 -0.990065 0.000000
v 0.980423 -0.990000 0.071638
v 0.973565 -0.990000 0.000000
v 0.990027 -0.990000 0.097252
v 1.000001 -0.990000 0.110127
v 1.010000 -0.990000 0.119548
v 1.020000 -0.990000 0.125002
v 1.030000 -0.990000 0.119917
v 1.040000 -0.990000 0.110763
v 1.049996 -0.990001 0.098583
v 1.059917 -0.990037 0.075444
v 1.069116 -0.990529 0.000000
v 0.100425 -1.001245 0.069515
v 0.093584 -1.001188 0.000000
v 0.110028 -1.001250 0.095160
v 0.120001 -1.001250 0.106349
v 0.130000 -1.001250 0.108998
v 0.140000 -1.001250 0.103457
v 0.149998 -1.001253 0.092673
v 0.159978 -1.001302 0.077596
v 0.169971 -0.993482 0.000000
v 0.169998 -1.001664 0.074020
v 0.180001 -0.993921 0.000000
v 0.180000 -1.001718 0.073609
v 0.190043 -0.993530 0.000000
v 0.190003 -1.001667 0.073987
v 0.200033 -1.001339 0.077149
v 0.210005 -1.001258 0.090738
v 0.220000 -1.001251 0.101906
v 0.230000 -1.001250 0.109368
v 0.240000 -1.001250 0.114027
v 0.250000 -1.001250 0.115782
v 0.260000 -1.001250 0.114295
v 0.270000 -1.001250 0.108141
v 0.279996 -1.001248 0.096713
v 0.289918 -1.001207 0.073626
v 0.299169 -1.000669 0.000000
v 0.305945 -0.996737 0.000000
v 0.390944 -1.000189 0.000000
v 0.384079 -0.996667 0.000000
v 0.400099 -1.001142 0.061381
v 0.410004 -1.001249 0.084483
v 0.420000 -1.001275 0.094856
v 0.430001 -1.001253 0.099518
v 0.440000 -1.001250 0.104889
v 0.450000 -1.001250 0.108799
v 0.459999 -1.001250 0.107466
v 0.469975 -1.001250 0.096905
v 0.479629 -1.001247 0.071935
v 0.486856 -1.001198 0.000000
v 0.810831 -1.000669 0.000000
v 0.804056 -0.996737 0.000000
v 0.820081 -1.001208 0.073634
v 0.830004 -1.001248 0.096640
v 0.840000 -1.001250 0.106549
v 0.849999 -1.001250 0.106874
v 0.859973 -1.001250 0.096544
v 0.869577 -1.001250 0.071301
v 0.876433 -1.001250 0.000000
v 0.980423 -1.001250 0.071638
v 0.973565 -1.001250 0.000000
v 0.990027 -1.001250 0.097252
v 1.000001 -1.001250 0.110131
v 1.010000 -1.001250 0.119593
v 1.020000 -1.001250 0.125348
v 1.030000 -1.001250 0.121220
v 1.040000 -1.001250 0.113004
v 1.049999 -1.001250 0.103247
v 1.059969 -1.001255 0.088577
v 1.069531 -1.001335 0.058746
v 1.075302 -0.994461 0.000000
v 1.076243 -1.001951 0.000000
v 0.100469 -1.012413 0.058867
v 0.093757 -1.011796 0.000000
v 0.110031 -1.012495 0.088544
v 0.120001 -1.012500 0.102679
v 0.130000 -1.012500 0.109359
v 0.140000 -1.012500 0.109176
v 0.150000 -1.012500 0.105149
v 0.159999 -1.012503 0.101105
v 0.170000 -1.012528 0.100172
v 0.180000 -1.012531 0.100079
v 0.190000 -1.012528 0.100173
v 0.200001 -1.012504 0.101135
v 0.210000 -1.012500 0.105400
v 0.220000 -1.012500 0.110939
v 0.230000 -1.012500 0.116377
v 0.240000 -1.012500 0.118592
v 0.250000 -1.012500 0.115581
v 0.260000 -1.012500 0.109814
v 0.269999 -1.012500 0.101354
v 0.279969 -1.012490 0.086908
v 0.289573 -1.012374 0.058940
v 0.296668 -1.011742 0.000000
v 0.400508 -1.012005 0.000000
v 0.394011 -1.007993 0.000000
v 0.410035 -1.012466 0.075400
v 0.420001 -1.012500 0.097384
v 0.430000 -1.012500 0.107323
v 0.440000 -1.012500 0.112581
v 0.450000 -1.012500 0.112890
v 0.459999 -1.012500 0.107441
v 0.469973 -1.012500 0.095478
v 0.479578 -1.012494 0.069712
v 0.486455 -1.012432 0.000000
v 0.820417 -1.012409 0.059348
v 0.813330 -1.011747 0.000000
v 0.830028 -1.012494 0.088555
v 0.840001 -1.012499 0.101541
v 0.849999 -1.012499 0.104264
v 0.859972 -1.012499 0.094895
v 0.869574 -1.012493 0.069622
v 0.876417 -1.012435 0.000000
v 0.980423 -1.012500 0.071638
v 0.973565 -1.012500 0.000000
v 0.990027 -1.012500 0.097253
v 1.000001 -1.012500 0.110136
v 1.010000 -1.012500 0.119659
v 1.020000 -1.012500 0.125790
v 1.030000 -1.012500 0.122723
v 1.040000 -1.012500 0.115341
v 1.049999 -1.012500 0.106525
v 1.059972 -1.012500 0.093866
v 1.069572 -1.012500 0.067735
v 1.076398 -1.012500 0.000000
v 0.100898 -1.023172 0.000000
v 0.094699 -1.019285 0.000000
v 0.110085 -1.023707 0.073480
v 0.120004 -1.023748 0.096616
v 0.130000 -1.023750 0.107655
v 0.140000 -1.023750 0.112623
v 0.150000 -1.023750 0.113368
v 0.160000 -1.023750 0.113392
v 0.170000 -1.023751 0.113532
v 0.180000 -1.023751 0.113596
v 0.190000 -1.023751 0.113555
v 0.200000 -1.023750 0.113772
v 0.210000 -1.023750 0.115127
v 0.220000 -1.023750 0.117248
v 0.230000 -1.023750 0.118905
v 0.240000 -1.023750 0.116287
v 0.250000 -1.023750 0.110092
v 0.260000 -1.023750 0.101683
v 0.269990 -1.023739 0.088043
v 0.279866 -1.023603 0.062379
v 0.288990 -1.022687 0.000000
v 0.295341 -1.019212 0.000000
v 0.410038 -1.023784 0.075687
v 0.400572 -1.024242 0.000000
v 0.420001 -1.023751 0.098384
v 0.430000 -1.023750 0.109712
v 0.440000 -1.023750 0.115226
v 0.450000 -1.023750 0.111882
v 0.459999 -1.023750 0.103299
v 0.469969 -1.023745 0.088752
v 0.479531 -1.023664 0.058904
v 0.486245 -1.023046 0.000000
v 0.820894 -1.023167 0.000000
v 0.814641 -1.019282 0.000000
v 0.830084 -1.023680 0.072698
v 0.840004 -1.023718 0.091989
v 0.849999 -1.023719 0.095397
v 0.859967 -1.023713 0.085792
v 0.869521 -1.023624 0.058371
v 0.876242 -1.023040 0.000000
v 0.980423 -1.023750 0.071638
v 0.973565 -1.023750 0.000000
v 0.990027 -1.023750 0.097252
v 1.000001 -1.023750 0.110129
v 1.010000 -1.023750 0.119588
v 1.020000 -1.023750 0.125341
v 1.030000 -1.023750 0.121219
v 1.040000 -1.023750 0.113004
v 1.049999 -1.023750 0.103247
v 1.059969 -1.023745 0.088577
v 1.069531 -1.023665 0.058746
v 1.076242 -1.023049 0.000000
v 0.110427 -1.034874 0.058932
v 0.103335 -1.034242 0.000000
v 0.120031 -1.034990 0.086902
v 0.130001 -1.035000 0.101297
v 0.140000 -1.035000 0.109531
v 0.150000 -1.035000 0.115129
v 0.160000 -1.035000 0.119552
v 0.170000 -1.035000 0.121839
v 0.180000 -1.035000 0.122440
v 0.190000 -1.035000 0.121854
v 0.200000 -1.035000 0.120826
v 0.210000 -1.035000 0.119599
v 0.220000 -1.035000 0.117165
v 0.230000 -1.035000 0.114231
v 0.240000 -1.035000 0.109359
v 0.250000 -1.034999 0.101582
v 0.259990 -1.034989 0.088064
v 0.269869 -1.034853 0.062510
v 0.279053 -1.033934 0.000000
v 0.285921 -1.030417 0.000000
v 0.394656 -1.028203 0.000000
v 0.400450 -1.035078 0.057029
v 0.393772 -1.035639 0.000000
v 0.410029 -1.035004 0.087118
v 0.420001 -1.035000 0.101828
v 0.430000 -1.035000 0.111158
v 0.440000 -1.035000 0.115724
v 0.450000 -1.035000 0.110163
v 0.459996 -1.034999 0.098550
v 0.469917 -1.034963 0.075454
v 0.479116 -1.034471 0.000000
v 0.485302 -1.030539 0.000000
v 0.830406 -1.034482 0.055271
v 0.823332 -1.034142 0.000000
v 0.840027 -1.034522 0.069767
v 0.849995 -1.034521 0.070640
v 0.859888 -1.034461 0.058691
v 0.868988 -1.033862 0.000000
v 0.875282 -1.030460 0.000000
v 0.980423 -1.035000 0.071631
v 0.973565 -1.035000 0.000000
v 0.990027 -1.035000 0.097240
v 1.000001 -1.035000 0.110102
v 1.010000 -1.035000 0.119476
v 1.020000 -1.035000 0.124912
v 1.030000 -1.035000 0.119898
v 1.040000 -1.035000 0.110762
v 1.049996 -1.034999 0.098583
v 1.059917 -1.034963 0.075444
v 1.069116 -1.034471 0.000000
v 1.075302 -1.030539 0.000000
v 0.111010 -1.045187 0.000000
v 0.104659 -1.041712 0.000000
v 0.120134 -1.046103 0.062380
v 0.130009 -1.046240 0.088063
v 0.140000 -1.046250 0.101818
v 0.150000 -1.046250 0.110338
v 0.160000 -1.046250 0.117452
v 0.170000 -1.046250 0.122710
v 0.180000 -1.046250 0.124049
v 0.190000 -1.046250 0.121890
v 0.200000 -1.046250 0.118301
v 0.210000 -1.046250 0.114536
v 0.220000 -1.046250 0.110087
v 0.230000 -1.046249 0.104854
v 0.239999 -1.046246 0.098171
v 0.249991 -1.046215 0.087348
v 0.259869 -1.046099 0.062441
v 0.269053 -1.045184 0.000000
v 0.275926 -1.041667 0.000000
v 0.400471 -1.046168 0.056930
v 0.393775 -1.045611 0.000000
v 0.410031 -1.046245 0.086941
v 0.420001 -1.046250 0.101644
v 0.430000 -1.046250 0.110918
v 0.440000 -1.046250 0.115324
v 0.449999 -1.046250 0.109571
v 0.459975 -1.046250 0.097340
v 0.469629 -1.046247 0.072105
v 0.476857 -1.046201 0.000000
v 0.830715 -1.042026 0.000000
v 0.824618 -1.040986 0.000000
v 0.840061 -1.042218 0.000000
v 0.849945 -1.042217 0.000000
v 0.859369 -1.042022 0.000000
v 0.865964 -1.040943 0.000000
v 0.980423 -1.046250 0.071479
v 0.973566 -1.046247 0.000000
v 0.990027 -1.046250 0.097057
v 1.000001 -1.046250 0.109823
v 1.010000 -1.046250 0.118930
v 1.020000 -1.046250 0.124225
v 1.030000 -1.046250 0.119402
v 1.039999 -1.046250 0.110179
v 1.049975 -1.046250 0.097397
v 1.059629 -1.046247 0.072114
v 1.066859 -1.046201 0.000000
v 0.120946 -1.056438 0.000000
v 0.114079 -1.052917 0.000000
v 0.130121 -1.057388 0.062930
v 0.140007 -1.057494 0.089909
v 0.150000 -1.057500 0.103602
v 0.160000 -1.057500 0.112641
v 0.170000 -1.057500 0.118417
v 0.180000 -1.057500 0.118301
v 0.190000 -1.057500 0.114837
v 0.200000 -1.057500 0.110242
v 0.210000 -1.057499 0.104902
v 0.219999 -1.057496 0.098478
v 0.229996 -1.057468 0.089792
v 0.239962 -1.057404 0.074623
v 0.249888 -1.057020 0.059291
v 0.259055 -1.056364 0.000000
v 0.265926 -1.052911 0.000000
v 0.400898 -1.056922 0.000000
v 0.394701 -1.053040 0.000000
v 0.410085 -1.057458 0.073325
v 0.420004 -1.057498 0.096648
v 0.430000 -1.057500 0.108151
v 0.440000 -1.057500 0.113383
v 0.449999 -1.057500 0.108833
v 0.459973 -1.057500 0.096965
v 0.469580 -1.057500 0.071505
v 0.476473 -1.057494 0.000000
v 0.980425 -1.057494 0.069685
v 0.973584 -1.057435 0.000000
v 0.990028 -1.057500 0.095536
v 1.000001 -1.057500 0.108153
v 1.010000 -1.057500 0.116733
v 1.020000 -1.057500 0.122074
v 1.030000 -1.057500 0.118721
v 1.039999 -1.057500 0.110027
v 1.049973 -1.057500 0.097262
v 1.059584 -1.057500 0.071699
v 1.066513 -1.057500 0.000000
v 0.130831 -1.068169 0.000000
v 0.124056 -1.064236 0.000000
v 0.140082 -1.068707 0.073622
v 0.150004 -1.068748 0.096655
v 0.160000 -1.068750 0.107665
v 0.170000 -1.068750 0.112032
v 0.180000 -1.068750 0.109920
v 0.190000 -1.068749 0.104903
v 0.199999 -1.068746 0.098488
v 0.209996 -1.068718 0.089795
v 0.219963 -1.068655 0.074667
v 0.229920 -1.068280 0.059835
v 0.239486 -1.067745 0.000000
v 0.249326 -1.064998 0.000000
v 0.255966 -1.063508 0.000000
v 0.410417 -1.068661 0.059366
v 0.403334 -1.067997 0.000000
v 0.420028 -1.068745 0.088861
v 0.430001 -1.068750 0.103102
v 0.440000 -1.068750 0.109852
v 0.449999 -1.068750 0.106804
v 0.459972 -1.068750 0.095385
v 0.469575 -1.068744 0.069676
v 0.476418 -1.068685 0.000000
v 0.980469 -1.068665 0.058904
v 0.973757 -1.068046 0.000000
v 0.990031 -1.068745 0.088760
v 1.000001 -1.068750 0.103436
v 1.010000 -1.068750 0.112953
v 1.020000 -1.068750 0.119369
v 1.030000 -1.068750 0.118004
v 1.039999 -1.068750 0.109988
v 1.049975 -1.068750 0.097383
v 1.059629 -1.068753 0.072113
v 1.066859 -1.068799 0.000000
v 0.140427 -1.079874 0.058928
v 0.133332 -1.079242 0.000000
v 0.150031 -1.079990 0.086730
v 0.160001 -1.079999 0.099825
v 0.170000 -1.079999 0.102680
v 0.179999 -1.079996 0.098229
v 0.189996 -1.079968 0.089779
v 0.199963 -1.079905 0.074667
v 0.209920 -1.079530 0.059835
v 0.219486 -1.078995 0.000000
v 0.229331 -1.076250 0.000000
v 0.236028 -1.074779 0.000000
v 0.410881 -1.079468 0.000000
v 0.404640 -1.075535 0.000000
v 0.420082 -1.079963 0.075273
v 0.430004 -1.079999 0.097916
v 0.440000 -1.080000 0.106479
v 0.449999 -1.080000 0.102350
v 0.459969 -1.079995 0.088652
v 0.469531 -1.079915 0.058897
v 0.476243 -1.079295 0.000000
v 0.980884 -1.079471 0.000000
v 0.974698 -1.075539 0.000000
v 0.990083 -1.079963 0.075455
v 1.000004 -1.079999 0.098579
v 1.010000 -1.080000 0.110519
v 1.020000 -1.080000 0.117968
v 1.030000 -1.080000 0.117956
v 1.040000 -1.080000 0.110505
v 1.049996 -1.080001 0.098565
v 1.059917 -1.080037 0.075444
v 1.069116 -1.080529 0.000000
v 0.141010 -1.090187 0.000000
v 0.134659 -1.086712 0.000000
v 0.150134 -1.091100 0.062067
v 0.160009 -1.091212 0.085194
v 0.169996 -1.091215 0.087371
v 0.179963 -1.091155 0.074406
v 0.189920 -1.090780 0.059818
v 0.199486 -1.090245 0.000000
v 0.209331 -1.087500 0.000000
v 0.216028 -1.086029 0.000000
v 0.420373 -1.091241 0.070125
v 0.413162 -1.091136 0.000000
v 0.430025 -1.091250 0.095154
v 0.440001 -1.091250 0.103879
v 0.449996 -1.091249 0.097397
v 0.459917 -1.091213 0.075214
v 0.469115 -1.090719 0.000000
v 0.475302 -1.086789 0.000000
v 0.990371 -1.091247 0.072112
v 0.983143 -1.091201 0.000000
v 1.000025 -1.091250 0.097383
v 1.010001 -1.091250 0.109986
v 1.020000 -1.091250 0.117966
v 1.030000 -1.091250 0.119181
v 1.040000 -1.091250 0.112738
v 1.049999 -1.091250 0.103229
v 1.059969 -1.091255 0.088576
v 1.069531 -1.091335 0.058746
v 1.075302 -1.084461 0.000000
v 1.076243 -1.091951 0.000000
v 0.150945 -1.101359 0.000000
v 0.144079 -1.097911 0.000000
v 0.160104 -1.101959 0.056523
v 0.169929 -1.101969 0.057026
v 0.179486 -1.101490 0.000000
v 0.189331 -1.098750 0.000000
v 0.196028 -1.097279 0.000000
v 0.420466 -1.102412 0.058875
v 0.413718 -1.101793 0.000000
v 0.430031 -1.102494 0.088119
v 0.440000 -1.102499 0.099078
v 0.449975 -1.102499 0.093827
v 0.459626 -1.102490 0.069945
v 0.466838 -1.102386 0.000000
v 0.990420 -1.102500 0.071668
v 0.983526 -1.102498 0.000000
v 1.000027 -1.102500 0.097251
v 1.010001 -1.102500 0.109984
v 1.020000 -1.102500 0.118367
v 1.030000 -1.102500 0.120676
v 1.040000 -1.102500 0.115074
v 1.049999 -1.102500 0.106507
v 1.059972 -1.102500 0.093867
v 1.069573 -1.102500 0.067738
v 1.076398 -1.102500 0.000000
v 0.160573 -1.109502 0.000000
v 0.154026 -1.108441 0.000000
v 0.169432 -1.109503 0.000000
v 0.176036 -1.108462 0.000000
v 0.420898 -1.113167 0.000000
v 0.414696 -1.109285 0.000000
v 0.430084 -1.113680 0.072436
v 0.440003 -1.113718 0.089796
v 0.449967 -1.113713 0.084798
v 0.459525 -1.113624 0.058295
v 0.466281 -1.113037 0.000000
v 0.990423 -1.113750 0.071638
v 0.983563 -1.113750 0.000000
v 1.000027 -1.113750 0.097238
v 1.010001 -1.113750 0.109914
v 1.020000 -1.113750 0.117922
v 1.030000 -1.113750 0.119175
v 1.040000 -1.113750 0.112742
v 1.049999 -1.113750 0.103237
v 1.059971 -1.113745 0.088604
v 1.069553 -1.113666 0.058820
v 1.076246 -1.113049 0.000000
v 0.430406 -1.124482 0.055067
v 0.423332 -1.124141 0.000000
v 0.440021 -1.124519 0.067586
v 0.449889 -1.124461 0.058324
v 0.458988 -1.123862 0.000000
v 0.465285 -1.120460 0.000000
v 0.990423 -1.125000 0.071637
v 0.983565 -1.125000 0.000000
v 1.000027 -1.125000 0.097234
v 1.010001 -1.125000 0.109869
v 1.020000 -1.125000 0.117584
v 1.030000 -1.125000 0.117914
v 1.040000 -1.125000 0.110568
v 1.049999 -1.124999 0.098708
v 1.059961 -1.124966 0.075892
v 1.069426 -1.124508 0.000000
v 1.075345 -1.120542 0.000000
v 0.430712 -1.132025 0.000000
v 0.424617 -1.130986 0.000000
v 0.440005 -1.132198 0.000000
v 0.449372 -1.132021 0.000000
v 0.455965 -1.130943 0.000000
v 0.764616 -1.130194 0.000000
v 0.770093 -1.129433 0.000000
v 0.770396 -1.136741 0.030749
v 0.763938 -1.136361 0.000000
v 0.776065 -1.130338 0.000000
v 0.779090 -1.137389 0.000000
v 0.990423 -1.136250 0.071637
v 0.983565 -1.136250 0.000000
v 1.000027 -1.136250 0.097234
v 1.010001 -1.136250 0.109869
v 1.020000 -1.136250 0.117584
v 1.030000 -1.136250 0.117914
v 1.040000 -1.136250 0.110568
v 1.049999 -1.136251 0.098708
v 1.059961 -1.136284 0.075892
v 1.069426 -1.136742 0.000000
v 0.770891 -1.146964 0.000000
v 0.764726 -1.143143 0.000000
v 0.779954 -1.147609 0.042302
v 0.785928 -1.140839 0.000000
v 0.789057 -1.148564 0.000000
v 0.990423 -1.147500 0.071637
v 0.983565 -1.147500 0.000000
v 1.000027 -1.147500 0.097237
v 1.010001 -1.147500 0.109913
v 1.020000 -1.147500 0.117922
v 1.030000 -1.147500 0.119175
v 1.040000 -1.147500 0.112742
v 1.049999 -1.147500 0.103237
v 1.059971 -1.147505 0.088604
v 1.069553 -1.147584 0.058820
v 1.075345 -1.140708 0.000000
v 1.076246 -1.148201 0.000000
v 0.780408 -1.158670 0.050170
v 0.773333 -1.157999 0.000000
v 0.789898 -1.158892 0.053362
v 0.795926 -1.152083 0.000000
v 0.799057 -1.159814 0.000000
v 0.990423 -1.158750 0.071638
v 0.983563 -1.158750 0.000000
v 1.000027 -1.158750 0.097243
v 1.010001 -1.158750 0.109980
v 1.020000 -1.158750 0.118365
v 1.030000 -1.158750 0.120675
v 1.040000 -1.158750 0.115074
v 1.049999 -1.158750 0.106507
v 1.059972 -1.158750 0.093867
v 1.069573 -1.158750 0.067738
v 1.076398 -1.158750 0.000000
v 0.780893 -1.169422 0.000000
v 0.774641 -1.165532 0.000000
v 0.790077 -1.169967 0.062359
v 0.799905 -1.170134 0.057936
v 0.805988 -1.163313 0.000000
v 0.809484 -1.170935 0.000000
v 0.990420 -1.170000 0.071668
v 0.983526 -1.170002 0.000000
v 1.000027 -1.170000 0.097246
v 1.010001 -1.170000 0.109918
v 1.020000 -1.170000 0.117924
v 1.030000 -1.170000 0.119173
v 1.040000 -1.170000 0.112737
v 1.049999 -1.170000 0.103229
v 1.059969 -1.169995 0.088576
v 1.069531 -1.169915 0.058746
v 1.076243 -1.169299 0.000000
v 0.790427 -1.181121 0.056808
v 0.783335 -1.180492 0.000000
v 0.800025 -1.181225 0.075587
v 0.809965 -1.181337 0.068651
v 0.819331 -1.173747 0.000000
v 0.819920 -1.181719 0.058066
v 0.826028 -1.175221 0.000000
v 0.829486 -1.182255 0.000000
v 0.990371 -1.181253 0.072121
v 0.983140 -1.181299 0.000000
v 1.000025 -1.181250 0.097382
v 1.010001 -1.181250 0.109941
v 1.020000 -1.181250 0.117621
v 1.030000 -1.181250 0.117877
v 1.040000 -1.181250 0.110497
v 1.049996 -1.181249 0.098564
v 1.059917 -1.181213 0.075444
v 1.069116 -1.180721 0.000000
v 1.075302 -1.176789 0.000000
v 0.791008 -1.191366 0.000000
v 0.784659 -1.187957 0.000000
v 0.800115 -1.192020 0.057590
v 0.810037 -1.192409 0.068780
v 0.820000 -1.192500 0.077462
v 0.829964 -1.192591 0.068814
v 0.839331 -1.185001 0.000000
v 0.839920 -1.192970 0.058116
v 0.846028 -1.186471 0.000000
v 0.849486 -1.193505 0.000000
v 0.990079 -1.192537 0.075597
v 0.980817 -1.193032 0.000000
v 1.000004 -1.192501 0.098612
v 1.010000 -1.192500 0.110521
v 1.020000 -1.192500 0.117885
v 1.030000 -1.192500 0.117618
v 1.039999 -1.192500 0.109939
v 1.049975 -1.192500 0.097379
v 1.059629 -1.192497 0.072112
v 1.066857 -1.192451 0.000000
v 0.800674 -1.199998 0.000000
v 0.794039 -1.198508 0.000000
v 0.810514 -1.202745 0.000000
v 0.820080 -1.203282 0.058076
v 0.830036 -1.203663 0.068863
v 0.840001 -1.203774 0.077977
v 0.849963 -1.203845 0.071004
v 0.859331 -1.196251 0.000000
v 0.859920 -1.204220 0.058971
v 0.866028 -1.197721 0.000000
v 0.869486 -1.204755 0.000000
v 0.974054 -1.197010 0.000000
v 0.980121 -1.203860 0.062962
v 0.970942 -1.204810 0.000000
v 0.990007 -1.203755 0.090072
v 1.000000 -1.203750 0.103833
v 1.010000 -1.203750 0.113078
v 1.020000 -1.203750 0.119277
v 1.030000 -1.203750 0.117886
v 1.039999 -1.203750 0.109895
v 1.049973 -1.203750 0.097233
v 1.059580 -1.203750 0.071662
v 1.066474 -1.203748 0.000000
v 0.820669 -1.211253 0.000000
v 0.813972 -1.209779 0.000000
v 0.830516 -1.214065 0.000000
v 0.840099 -1.214865 0.061076
v 0.850007 -1.214994 0.080754
v 0.859996 -1.215031 0.084271
v 0.869963 -1.215095 0.073141
v 0.879331 -1.207500 0.000000
v 0.879921 -1.215469 0.059421
v 0.886032 -1.208970 0.000000
v 0.889530 -1.215990 0.000000
v 0.964009 -1.208311 0.000000
v 0.970098 -1.215136 0.063098
v 0.960473 -1.215919 0.000000
v 0.980008 -1.215009 0.088146
v 0.990000 -1.215000 0.101901
v 1.000000 -1.215000 0.110600
v 1.010000 -1.215000 0.117596
v 1.020000 -1.215000 0.121443
v 1.030000 -1.215000 0.118044
v 1.039999 -1.215000 0.109692
v 1.049973 -1.215000 0.097043
v 1.059577 -1.215000 0.071480
v 1.066436 -1.214997 0.000000
v 0.840944 -1.225186 0.000000
v 0.834012 -1.221687 0.000000
v 0.850130 -1.226100 0.061391
v 0.860009 -1.226216 0.083873
v 0.870000 -1.226250 0.089130
v 0.879996 -1.226281 0.086180
v 0.889967 -1.226343 0.075640
v 0.899957 -1.218536 0.000000
v 0.899997 -1.226667 0.073308
v 0.909998 -1.218967 0.000000
v 0.910000 -1.226722 0.073218
v 0.920000 -1.219009 0.000000
v 0.920000 -1.226726 0.073397
v 0.930000 -1.219009 0.000000
v 0.930000 -1.226726 0.073507
v 0.940002 -1.218967 0.000000
v 0.940000 -1.226722 0.073565
v 0.950043 -1.218533 0.000000
v 0.950003 -1.226667 0.073983
v 0.960033 -1.226339 0.077150
v 0.970005 -1.226258 0.090752
v 0.980000 -1.226250 0.102065
v 0.990000 -1.226250 0.110390
v 1.000000 -1.226250 0.117239
v 1.010000 -1.226250 0.121671
v 1.020000 -1.226250 0.121440
v 1.030000 -1.226250 0.116052
v 1.039999 -1.226250 0.107865
v 1.049972 -1.226250 0.095369
v 1.059574 -1.226243 0.069660
v 1.066417 -1.226185 0.000000
v 0.850945 -1.236364 0.000000
v 0.844074 -1.232911 0.000000
v 0.860112 -1.237020 0.058893
v 0.870038 -1.237404 0.073323
v 0.880004 -1.237469 0.086190
v 0.890000 -1.237500 0.091085
v 0.900000 -1.237527 0.094640
v 0.910000 -1.237531 0.096969
v 0.920000 -1.237531 0.098567
v 0.930000 -1.237531 0.099474
v 0.940000 -1.237531 0.099833
v 0.950000 -1.237528 0.100120
v 0.960001 -1.237504 0.101140
v 0.970000 -1.237500 0.105484
v 0.980000 -1.237500 0.111312
v 0.990000 -1.237500 0.117659
v 1.000000 -1.237500 0.122603
v 1.010000 -1.237500 0.122598
v 1.020000 -1.237500 0.117715
v 1.030000 -1.237500 0.110453
v 1.039999 -1.237500 0.101499
v 1.049967 -1.237491 0.086788
v 1.059521 -1.237378 0.058457
v 1.066242 -1.236790 0.000000
v 0.860674 -1.244998 0.000000
v 0.854034 -1.243508 0.000000
v 0.870514 -1.247745 0.000000
v 0.880080 -1.248280 0.059442
v 0.890037 -1.248658 0.073846
v 0.900005 -1.248743 0.088969
v 0.910000 -1.248751 0.099335
v 0.920000 -1.248751 0.105770
v 0.930000 -1.248751 0.109600
v 0.940000 -1.248751 0.111666
v 0.950000 -1.248751 0.112988
v 0.960000 -1.248750 0.113816
v 0.970000 -1.248750 0.115927
v 0.980000 -1.248750 0.119864
v 0.990000 -1.248750 0.124501
v 1.000000 -1.248750 0.126199
v 1.010000 -1.248750 0.121405
v 1.020000 -1.248750 0.113351
v 1.030000 -1.248750 0.103841
v 1.039992 -1.248744 0.090038
v 1.049876 -1.248640 0.062818
v 1.058987 -1.247691 0.000000
v 1.065282 -1.244216 0.000000
v 0.880669 -1.256253 0.000000
v 0.873972 -1.254779 0.000000
v 0.890516 -1.259065 0.000000
v 0.900100 -1.259864 0.062918
v 0.910009 -1.259990 0.087820
v 0.920000 -1.260000 0.101094
v 0.930000 -1.260000 0.108864
v 0.940000 -1.260000 0.114593
v 0.950000 -1.260000 0.118830
v 0.960000 -1.260000 0.121000
v 0.970000 -1.260000 0.123468
v 0.980000 -1.260000 0.127146
v 0.990000 -1.260000 0.130244
v 1.000000 -1.260000 0.127766
v 1.010000 -1.260000 0.120234
v 1.020000 -1.260000 0.110790
v 1.029996 -1.259999 0.098618
v 1.039921 -1.259963 0.075589
v 1.049183 -1.259468 0.000000
v 1.055941 -1.255490 0.000000
v 0.184590 -1.265287 0.000000
v 0.190089 -1.264442 0.000000
v 0.190348 -1.271821 0.040430
v 0.183764 -1.272000 0.000000
v 0.196060 -1.265338 0.000000
v 0.199020 -1.272390 0.000000
v 0.900944 -1.270186 0.000000
v 0.894012 -1.266688 0.000000
v 0.910131 -1.271103 0.062496
v 0.920010 -1.271239 0.088017
v 0.930000 -1.271249 0.101444
v 0.940000 -1.271250 0.109141
v 0.950000 -1.271250 0.114368
v 0.960000 -1.271250 0.118560
v 0.970000 -1.271250 0.123440
v 0.980000 -1.271250 0.128941
v 0.990000 -1.271250 0.132316
v 1.000000 -1.271250 0.127650
v 1.010000 -1.271250 0.119369
v 1.019999 -1.271250 0.109906
v 1.029975 -1.271250 0.097198
v 1.039629 -1.271247 0.071962
v 1.046859 -1.271198 0.000000
v 0.190448 -1.282414 0.049189
v 0.183775 -1.281862 0.000000
v 0.199552 -1.282586 0.049189
v 0.205283 -1.275785 0.000000
v 0.206225 -1.283139 0.000000
v 0.910947 -1.281434 0.000000
v 0.904074 -1.277917 0.000000
v 0.920131 -1.282350 0.062439
v 0.930009 -1.282465 0.087340
v 0.940001 -1.282496 0.098165
v 0.950000 -1.282500 0.105004
v 0.960000 -1.282500 0.111155
v 0.970000 -1.282500 0.117695
v 0.980000 -1.282500 0.124152
v 0.990000 -1.282500 0.127930
v 1.000000 -1.282500 0.123699
v 1.010000 -1.282500 0.116426
v 1.019999 -1.282500 0.107896
v 1.029972 -1.282500 0.095378
v 1.039578 -1.282493 0.069691
v 1.046455 -1.282432 0.000000
v 0.190980 -1.292610 0.000000
v 0.184717 -1.289215 0.000000
v 0.199652 -1.293179 0.040430
v 0.206236 -1.293000 0.000000
v 0.920945 -1.292614 0.000000
v 0.914074 -1.289161 0.000000
v 0.930112 -1.293270 0.059294
v 0.940038 -1.293658 0.074694
v 0.950005 -1.293742 0.090519
v 0.960000 -1.293750 0.102044
v 0.970000 -1.293750 0.110369
v 0.980000 -1.293750 0.117154
v 0.990000 -1.293750 0.120775
v 1.000000 -1.293750 0.117091
v 1.010000 -1.293750 0.110186
v 1.019999 -1.293750 0.101333
v 1.029966 -1.293740 0.086764
v 1.039521 -1.293628 0.058457
v 1.046244 -1.293040 0.000000
v 0.199911 -1.300558 0.000000
v 0.193940 -1.299662 0.000000
v 0.205410 -1.299713 0.000000
v 0.930674 -1.301252 0.000000
v 0.924034 -1.299758 0.000000
v 0.940516 -1.304065 0.000000
v 0.950099 -1.304863 0.063055
v 0.960009 -1.304989 0.088107
v 0.970000 -1.304999 0.101549
v 0.980000 -1.304999 0.108942
v 0.990000 -1.304999 0.111756
v 1.000000 -1.304999 0.108937
v 1.010000 -1.304999 0.101536
v 1.019990 -1.304989 0.088029
v 1.029866 -1.304853 0.062370
v 1.038986 -1.303937 0.000000
v 1.045282 -1.300465 0.000000
v 0.950944 -1.315185 0.000000
v 0.944012 -1.311687 0.000000
v 0.960130 -1.316099 0.062437
v 0.970009 -1.316212 0.087236
v 0.980000 -1.316219 0.097067
v 0.990000 -1.316219 0.099229
v 1.000000 -1.316219 0.097067
v 1.009991 -1.316212 0.087235
v 1.019869 -1.316099 0.062433
v 1.029053 -1.315184 0.000000
v 1.035921 -1.311667 0.000000
v 0.960945 -1.326359 0.000000
v 0.954074 -1.322911 0.000000
v 0.970109 -1.326961 0.058860
v 0.980006 -1.327021 0.071075
v 0.990000 -1.327024 0.073092
v 0.999994 -1.327021 0.071075
v 1.009891 -1.326961 0.058860
v 1.019055 -1.326359 0.000000
v 1.025926 -1.322911 0.000000
v 0.970631 -1.334522 0.000000
v 0.964031 -1.333443 0.000000
v 0.980058 -1.334719 0.000000
v 0.990000 -1.334737 0.000000
v 0.999942 -1.334719 0.000000
v 1.009369 -1.334522 0.000000
v 1.015969 -1.333443 0.000000
f 2604 2667 2668 2605
f 4264 4288 4289 4265
f 4352 4373 4374 4353
f 4435 4443 4444 4436
f 1060 1124 1125 1061
f 4228 4260 4261 4230
f 42 56 57 43
f 4422 4432 4433 4423
f 1742 1808 1809 1743
f 1781 1849 1850 1783
f 2193 2254 2255 2194
f 4397 4414 4415 4398
f 4423 4433 4434 4424
f 4348 4369 4370 4349
f 4374 4393 4394 4375
f 4429 4439 4438 4431
f 4415 4427 4428 4416
f 4394 4411 4412 4395
f 1689 1761 1762 1690
f 4414 4426 4427 4415
f 2211 2271 2272 2212
f 83 93 94 84
f 4390 4407 4408 4391
f 4391 4408 4409 4392
f 3845 3890 3891 3846
f 3816 3865 3866 3817
f 2201 2262 2263 2202
f 44 58 59 45
f 4420 4429 4431 4421
f 14 27 28 16
f 3354 3430 3431 3355
f 13 14 16 15
f 2306 2355 2356 2307
f 21 35 37 23
f 6 23 24 8
f 60 71 72 61
f 2260 2316 2317 2261
f 2496 2555 2556 2497
f 51 64 63 53
f 4332 4356 4357 4333
f 2282 2337 2336 2284
f 59 70 71 60
f 4189 4212 4213 4190
f 16 28 29 18
f 1025 1090 1089 1026
f 37 52 51 38
f 4413 4425 4426 4414
f 31 32 34 33
f 40 54 55 41
f 72 84 85 73
f 497 537 538 498
f 67 79 80 68
f 15 16 18 17
f 29 43 44 30
f 4333 4357 4358 4334
f 39 53 54 40
f 2629 2693 2694 2630
f 106 117 118 107
f 34 46 48 47
f 1793 1857 1859 1794
f 5 6 8 7
f 4205 4230 4231 4207
f 28 42 43 29
f 2244 2300 2299 2243
f 4206 4228 4230 4205
f 2578 2635 2637 2577
f 2435 2438 2437 2436
f 63 77 76 65
f 56 67 68 57
f 3811 3860 3861 3812
f 157 167 168 158
f 4412 4424 4425 4413
f 3297 3373 3374 3298
f 4368 4386 4388 4369
f 1202 1251 1253 1204
f 48 61 62 50
f 55 66 67 56
f 2045 2138 2139 2046
f 123 134 135 124
f 2233 2293 2294 2234
f 79 89 90 80
f 115 126 127 116
f 78 87 89 79
f 23 37 38 24
f 24 38 39 25
f 777 837 838 778
f 107 118 119 108
f 61 72 73 62
f 2547 2603 2604 2548
f 4398 4415 4416 4399
f 4399 4416 4417 4400
f 1132 1187 1188 1133
f 1017 1085 1086 1018
f 2217 2277 2278 2218
f 116 127 128 117
f 391 429 430 392
f 46 60 61 48
f 3927 3961 3962 3928
f 197 207 208 198
f 27 41 42 28
f 53 63 65 54
f 2338 2387 2388 2339
f 93 105 106 94
f 1146 1200 1201 1147
f 87 99 101 89
f 4100 4115 4116 4101
f 3704 3758 3757 3706
f 2209 2269 2270 2210
f 143 155 154 145
f 99 110 112 101
f 2307 2356 2357 2308
f 204 214 216 206
f 4255 4256 4258 4257
f 2743 2820 2821 2744
f 41 55 56 42
f 117 128 129 118
f 3321 3394 3396 3322
f 102 113 114 103
f 2426 2475 2474 2425
f 1501 1553 1555 1500
f 590 646 647 591
f 113 124 125 114
f 147 157 158 148
f 148 158 159 149
f 101 112 113 102
f 127 138 139 128
f 22 36 35 21
f 170 180 181 171
f 82 92 93 83
f 3313 3391 3392 3314
f 69 81 82 70
f 126 137 138 127
f 119 130 131 120
f 3335 3408 3409 3336
f 133 144 143 132
f 469 511 512 470
f 215 225 224 214
f 90 102 103 91
f 2275 2330 2331 2276
f 95 107 108 96
f 2868 2946 2947 2869
f 498 538 539 500
f 291 300 301 292
f 155 165 164 154
f 3305 3383 3384 3306
f 150 160 161 151
f 2354 2396 2397 2355
f 2580 2639 2640 2581
f 2342 2391 2392 2343
f 561 563 562 524
f 66 78 79 67
f 180 190 191 181
f 124 135 136 125
f 134 145 146 135
f 96 108 109 98
f 903 987 988 905
f 250 260 261 251
f 43 57 58 44
f 2394 2445 2446 2393
f 141 152 153 142
f 110 121 123 112
f 359 385 386 360
f 4041 4063 4064 4042
f 613 668 669 614
f 3712 3764 3765 3713
f 295 302 304 296
f 165 175 174 164
f 326 353 354 327
f 151 161 162 152
f 2340 2389 2390 2341
f 993 1065 1066 994
f 347 371 373 349
f 2386 2428 2429 2387
f 139 150 151 140
f 2331 2379 2380 2332
f 175 185 184 174
f 168 178 179 169
f 2014 2108 2109 2015
f 265 275 274 264
f 189 199 200 190
f 92 104 105 93
f 174 184 186 176
f 108 119 120 109
f 192 202 203 193
f 3237 3307 3308 3238
f 234 244 246 236
f 545 586 587 546
f 4222 4244 4245 4224
f 199 209 210 200
f 198 208 209 199
f 2324 2372 2371 2323
f 1557 1624 1625 1558
f 749 799 800 750
f 227 237 238 228
f 367 393 394 368
f 181 191 192 182
f 1194 1243 1244 1195
f 688 691 690 689
f 208 218 219 209
f 427 480 481 428
f 2329 2377 2378 2330
f 1625 1705 1706 1626
f 149 159 160 150
f 214 224 226 216
f 191 201 202 192
f 200 210 211 201
f 285 294 293 284
f 1113 1116 1115 1114
f 244 254 256 246
f 85 95 96 86
f 206 216 217 207
f 159 169 170 160
f 176 186 187 177
f 2455 2499 2500 2456
f 331 359 360 330
f 1533 1579 1580 1534
f 1650 1727 1728 1651
f 182 192 193 183
f 103 114 115 104
f 104 115 116 105
f 3104 3176 3177 3105
f 1065 1129 1130 1066
f 2273 2328 2329 2274
f 439 489 490 440
f 156 166 167 157
f 1186 1236 1237 1187
f 2380 2421 2422 2381
f 797 893 894 798
f 491 531 532 492
f 267 277 278 268
f 3369 3443 3442 3368
f 4220 4242 4243 4221
f 2371 2412 2414 2373
f 501 542 544 503
f 232 242 243 233
f 257 267 268 258
f 2265 2321 2322 2266
f 276 286 287 277
f 4090 4104 4106 4093
f 238 248 249 239
f 231 241 242 232
f 256 266 267 257
f 365 391 392 366
f 1387 1388 1390 1358
f 769 830 831 770
f 178 188 189 179
f 262 272 273 263
f 255 265 264 254
f 2364 2406 2407 2365
f 2800 2870 2871 2801
f 763 824 825 764
f 511 552 553 512
f 2355 2397 2398 2356
f 140 151 152 141
f 272 282 283 273
f 3879 3917 3918 3880
f 1069 1133 1134 1070
f 1121 1176 1177 1122
f 467 510 511 469
f 279 289 290 280
f 264 274 276 266
f 3005 3006 3008 3007
f 603 604 606 605
f 307 325 326 308
f 3345 3421 3422 3346
f 278 288 289 279
f 271 281 282 272
f 1053 1056 1055 1054
f 308 326 327 309
f 239 249 250 240
f 270 280 281 271
f 240 250 251 241
f 3779 3830 3831 3780
f 450 451 453 452
f 154 164 166 156
f 2458 2502 2503 2459
f 3434 3507 3508 3435
f 4157 4176 4177 4159
f 575 626 627 576
f 246 256 257 247
f 2404 2456 2457 2405
f 1245 1297 1298 1246
f 1174 1224 1225 1175
f 296 304 305 297
f 445 493 494 447
f 229 239 240 230
f 2402 2454 2455 2403
f 2731 2812 2813 2732
f 336 337 339 338
f 627 682 683 628
f 146 156 157 147
f 3353 3429 3430 3354
f 2417 2467 2468 2418
f 638 694 695 639
f 410 459 460 411
f 220 230 231 221
f 2289 2342 2343 2290
f 529 569 570 530
f 235 245 244 234
f 188 198 199 189
f 3989 4020 4019 3991
f 509 550 551 510
f 3377 3450 3452 3379
f 293 303 302 295
f 190 200 201 191
f 311 312 315 314
f 2436 2437 2440 2439
f 639 695 696 640
f 1057 1121 1122 1058
f 333 361 362 335
f 302 320 322 304
f 335 362 363 337
f 320 347 349 322
f 2341 2390 2391 2342
f 363 389 390 364
f 1713 1714 1716 1715
f 2531 2588 2589 2532
f 219 229 230 220
f 172 182 183 173
f 312 341 342 315
f 3526 3595 3597 3527
f 402 439 440 404
f 186 196 197 187
f 2882 2958 2960 2884
f 349 373 374 350
f 1298 1340 1341 1299
f 351 375 376 352
f 304 322 323 305
f 3222 3294 3295 3223
f 341 366 367 342
f 358 383 384 357
f 1942 1943 1945 1944
f 637 638 639 584
f 807 808 811 810
f 2313 2362 2363 2314
f 317 343 344 319
f 350 374 375 351
f 343 368 369 344
f 248 258 259 249
f 207 217 218 208
f 303 321 320 302
f 112 123 124 113
f 334 335 337 336
f 237 247 248 238
f 247 257 258 248
f 360 386 387 361
f 1543 1605 1607 1545
f 1421 1469 1470 1423
f 411 460 461 412
f 735 784 785 736
f 275 285 284 274
f 1226 1279 1280 1227
f 975 1046 1045 977
f 2572 2630 2631 2573
f 1231 1284 1285 1232
f 1116 1171 1172 1115
f 699 752 753 700
f 3538 3603 3604 3539
f 111 122 121 110
f 1097 1151 1152 1098
f 3409 3479 3480 3410
f 2427 2476 2477 2428
f 659 660 662 661
f 452 453 455 454
f 374 410 411 375
f 392 430 431 393
f 1169 1170 1171 1116
f 3401 3471 3472 3402
f 384 422 423 385
f 356 357 359 331
f 3571 3640 3641 3572
f 205 215 214 204
f 2305 2353 2354 2304
f 775 835 834 774
f 397 400 399 398
f 406 441 443 442
f 368 394 395 369
f 4074 4096 4097 4075
f 3385 3458 3459 3386
f 474 516 517 475
f 2213 2273 2274 2214
f 669 718 719 670
f 428 481 482 429
f 389 427 428 390
f 426 479 480 427
f 2482 2531 2532 2483
f 2689 2755 2756 2690
f 3575 3644 3645 3576
f 2419 2469 2470 2420
f 1051 1111 1112 1052
f 2546 2602 2603 2547
f 435 486 487 437
f 831 934 935 832
f 218 228 229 219
f 259 269 270 260
f 414 463 465 464
f 407 456 458 409
f 2468 2511 2512 2469
f 2311 2360 2361 2312
f 717 768 769 718
f 421 474 475 422
f 484 525 526 486
f 344 369 370 346
f 210 220 221 211
f 413 462 463 414
f 415 418 417 416
f 2685 2752 2753 2687
f 408 457 456 407
f 2886 2962 2963 2887
f 339 364 365 340
f 2538 2596 2597 2540
f 373 409 410 374
f 446 447 449 448
f 3417 3488 3489 3419
f 1560 1627 1628 1561
f 221 231 232 222
f 162 172 173 163
f 382 419 420 381
f 252 262 263 253
f 440 490 491 441
f 216 226 227 217
f 2415 2465 2466 2416
f 813 907 908 815
f 348 372 371 347
f 315 342 343 317
f 630 685 686 631
f 1853 1920 1921 1854
f 453 497 498 455
f 375 411 412 376
f 2475 2523 2524 2474
f 447 494 495 449
f 2452 2496 2497 2453
f 3023 3100 3101 3024
f 899 981 982 900
f 1081 1140 1141 1082
f 76 88 87 78
f 477 519 520 478
f 462 507 508 463
f 471 513 514 472
f 472 514 515 473
f 4324 4348 4349 4325
f 1027 1091 1092 1028
f 817 909 910 819
f 486 526 527 487
f 299 307 308 300
f 236 246 247 237
f 456 501 503 458
f 4016 4042 4043 4018
f 538 578 579 539
f 515 556 557 516
f 516 557 558 517
f 493 533 534 494
f 2459 2503 2504 2460
f 495 535 536 496
f 464 465 467 466
f 2656 2721 2722 2657
f 2005 2100 2101 2006
f 2409 2461 2462 2410
f 3489 3561 3562 3490
f 485 523 525 484
f 502 543 542 501
f 357 384 385 359
f 1015 1083 1084 1016
f 893 976 975 894
f 461 506 507 462
f 494 534 535 495
f 487 527 528 488
f 376 412 413 377
f 1141 1195 1196 1142
f 987 1059 1060 988
f 2361 2403 2404 2362
f 3441 3513 3515 3514
f 381 420 421 383
f 470 512 513 471
f 455 498 500 499
f 2500 2559 2560 2501
f 981 1050 1051 982
f 657 658 660 659
f 547 588 589 548
f 861 955 956 863
f 383 421 422 384
f 1274 1322 1323 1275
f 504 545 546 505
f 277 287 288 278
f 875 962 963 877
f 2353 2395 2396 2354
f 3433 3506 3507 3434
f 517 558 559 518
f 2507 2565 2567 2509
f 284 293 295 286
f 536 576 577 537
f 3400 3470 3471 3401
f 3034 3111 3112 3035
f 274 284 286 276
f 1127 1182 1183 1128
f 527 567 568 528
f 2484 2544 2545 2486
f 2337 2384 2386 2336
f 551 592 593 552
f 552 593 594 553
f 563 613 614 562
f 290 299 300 291
f 1059 1123 1124 1060
f 1087 1146 1147 1088
f 459 504 505 460
f 526 566 567 527
f 268 278 279 269
f 544 585 586 545
f 2871 2949 2950 2872
f 89 101 102 90
f 1045 1105 1107 1047
f 1785 1852 1853 1786
f 242 252 253 243
f 550 591 592 551
f 607 610 609 608
f 512 553 554 513
f 3537 3601 3603 3538
f 602 652 651 601
f 314 315 317 316
f 588 644 645 589
f 2757 2833 2834 2758
f 2309 2358 2359 2310
f 565 616 617 566
f 3506 3578 3579 3507
f 599 602 601 600
f 3541 3606 3607 3542
f 1131 1186 1187 1132
f 475 517 518 476
f 2594 2657 2658 2595
f 549 590 591 550
f 2491 2550 2551 2492
f 535 575 576 536
f 2548 2604 2605 2549
f 3381 3454 3455 3382
f 417 471 472 419
f 2693 2759 2760 2694
f 1215 1216 1217 1166
f 574 625 626 575
f 2466 2509 2510 2467
f 1877 1966 1967 1878
f 2377 2418 2419 2378
f 525 565 566 526
f 332 333 335 334
f 690 744 745 692
f 286 295 296 287
f 2650 2651 2654 2653
f 194 204 206 196
f 566 617 618 567
f 583 640 641 585
f 568 619 620 569
f 1170 1220 1221 1171
f 2461 2505 2506 2462
f 1157 1203 1202 1156
f 2858 2933 2934 2859
f 403 404 406 405
f 534 574 575 535
f 663 664 665 610
f 592 648 649 593
f 3139 3214 3215 3140
f 1219 1272 1273 1220
f 1105 1156 1158 1107
f 3457 3529 3530 3458
f 589 645 646 590
f 1806 1871 1872 1807
f 316 317 319 318
f 2516 2574 2575 2518
f 726 774 776 727
f 1255 1307 1308 1256
f 643 699 700 644
f 478 520 521 479
f 623 678 679 624
f 624 679 680 625
f 1518 1521 1520 1519
f 353 377 378 354
f 338 339 340 313
f 1697 1773 1774 1698
f 621 676 677 622
f 342 367 368 343
f 615 670 671 616
f 2553 2609 2610 2554
f 1221 1274 1275 1222
f 379 382 381 380
f 70 82 83 71
f 616 671 672 617
f 682 731 732 683
f 2626 2690 2691 2627
f 1370 1402 1403 1371
f 576 627 628 577
f 1342 1372 1373 1343
f 2653 2654 2655 2593
f 2401 2453 2454 2402
f 1335 1365 1367 1337
f 645 701 702 646
f 3131 3206 3205 3130
f 591 647 648 592
f 528 568 569 529
f 662 712 713 664
f 1275 1323 1324 1276
f 683 732 733 684
f 3481 3554 3555 3482
f 629 684 685 630
f 2851 2922 2923 2852
f 543 584 583 542
f 416 417 419 382
f 4293 4316 4317 4294
f 1161 1207 1208 1162
f 2393 2446 2447 2395
f 692 745 746 693
f 661 662 664 663
f 622 677 678 623
f 1821 1886 1887 1822
f 1203 1252 1251 1202
f 533 573 574 534
f 1325 1362 1363 1326
f 1177 1227 1228 1178
f 3473 3544 3546 3545
f 419 472 473 420
f 2961 3040 3041 2962
f 967 1039 1040 968
f 1312 1353 1354 1313
f 2494 2553 2554 2495
f 784 844 845 785
f 2441 2442 2444 2443
f 1391 1425 1426 1392
f 677 726 727 678
f 2587 2646 2647 2588
f 4363 4384 4385 4365
f 715 766 767 716
f 3465 3536 3535 3464
f 693 746 747 694
f 678 727 728 679
f 647 703 704 648
f 2700 2765 2767 2699
f 3062 3138 3139 3063
f 65 76 78 66
f 386 424 425 387
f 732 781 782 733
f 709 760 761 710
f 702 755 756 703
f 476 518 519 477
f 3642 3699 3700 3643
f 3846 3891 3892 3847
f 701 754 755 702
f 2571 2629 2630 2572
f 2570 2628 2629 2571
f 712 763 764 713
f 3686 3739 3740 3687
f 754 804 805 755
f 1437 1438 1440 1439
f 2658 2723 2724 2659
f 685 734 735 686
f 718 769 770 719
f 719 770 771 720
f 2869 2947 2948 2870
f 362 388 389 363
f 1463 1516 1517 1464
f 619 674 675 620
f 710 761 762 711
f 711 762 763 712
f 2852 2923 2924 2853
f 2990 3068 3069 2991
f 1467 1527 1528 1469
f 917 918 920 919
f 2714 2715 2717 2652
f 226 236 237 227
f 686 735 736 687
f 671 720 721 672
f 664 713 714 665
f 2198 2259 2260 2199
f 633 636 635 634
f 886 969 970 887
f 388 426 427 389
f 874 875 877 876
f 636 692 693 635
f 2619 2682 2683 2620
f 3562 3626 3627 3563
f 743 793 794 744
f 2612 2675 2676 2613
f 631 686 687 632
f 3125 3127 3126 3051
f 355 358 357 356
f 943 1016 1017 944
f 443 492 493 445
f 742 792 793 743
f 364 390 391 365
f 744 794 795 745
f 324 351 352 325
f 1595 1596 1598 1597
f 3492 3564 3565 3493
f 372 408 407 371
f 814 815 817 816
f 760 820 822 761
f 135 146 147 136
f 297 305 306 298
f 3633 3691 3692 3635
f 1615 1616 1619 1618
f 725 775 774 726
f 2603 2666 2667 2604
f 759 821 820 760
f 1 4 3 2
f 774 834 836 776
f 751 801 802 752
f 1659 1662 1661 1660
f 860 861 863 862
f 766 827 828 767
f 776 836 837 777
f 1571 1636 1638 1570
f 3553 3617 3618 3554
f 750 800 801 751
f 768 829 830 769
f 1523 1573 1574 1525
f 1623 1703 1704 1624
f 827 930 931 828
f 752 802 803 753
f 1225 1278 1279 1226
f 780 840 841 781
f 2643 2707 2708 2644
f 672 721 722 673
f 1699 1775 1776 1700
f 765 826 827 766
f 796 892 893 797
f 854 855 857 856
f 679 728 729 680
f 2636 2699 2701 2635
f 1079 1138 1137 1078
f 209 219 220 210
f 3585 3586 3587 3517
f 3505 3577 3578 3506
f 483 485 484 436
f 878 879 881 880
f 412 461 462 413
f 864 865 867 866
f 1839 1906 1907 1840
f 898 980 981 899
f 1948 2040 2039 1950
f 1727 1795 1796 1728
f 2627 2691 2692 2628
f 1711 1786 1787 1712
f 792 888 889 793
f 3019 3096 3097 3020
f 789 884 885 788
f 783 843 844 784
f 999 1071 1072 1000
f 3017 3093 3094 3016
f 799 895 896 800
f 4411 4423 4424 4412
f 2002 2096 2098 2003
f 781 841 842 782
f 444 445 447 446
f 2102 2183 2184 2103
f 798 894 895 799
f 826 929 930 827
f 3626 3686 3687 3627
f 3713 3765 3766 3714
f 1685 1756 1757 1684
f 1386 1389 1388 1387
f 3497 3567 3569 3496
f 836 938 939 837
f 790 886 887 791
f 911 912 914 913
f 730 779 780 731
f 3469 3540 3541 3470
f 2522 2577 2579 2521
f 733 782 783 734
f 862 863 865 864
f 3151 3225 3226 3152
f 808 905 906 811
f 2316 2365 2366 2317
f 2390 2432 2433 2391
f 2649 2652 2651 2650
f 884 967 968 885
f 3431 3504 3505 3432
f 800 896 897 801
f 942 1015 1016 943
f 741 742 743 691
f 815 908 909 817
f 4191 4214 4215 4192
f 2686 2750 2752 2685
f 1525 1574 1575 1526
f 847 848 851 850
f 4031 4053 4054 4032
f 3386 3459 3460 3387
f 541 580 582 581
f 2554 2610 2611 2555
f 3415 3418 3417 3416
f 1805 1870 1871 1806
f 587 643 644 588
f 436 484 486 435
f 3147 3221 3220 3146
f 161 171 172 162
f 2730 2811 2812 2731
f 306 324 325 307
f 1222 1275 1276 1223
f 855 952 953 857
f 872 873 875 874
f 920 998 999 922
f 1787 1854 1855 1788
f 877 963 964 879
f 806 809 808 807
f 879 964 965 881
f 3618 3676 3677 3619
f 3570 3639 3640 3571
f 593 649 650 594
f 737 740 739 738
f 1783 1850 1851 1784
f 2668 2733 2734 2669
f 848 948 950 851
f 420 473 474 421
f 3468 3539 3540 3469
f 978 1047 1048 979
f 1917 2005 2006 1918
f 2722 2803 2804 2723
f 747 797 798 748
f 830 933 934 831
f 984 986 985 904
f 3669 3723 3725 3671
f 1559 1626 1627 1560
f 2843 2914 2915 2844
f 2652 2717 2718 2651
f 1939 1940 1943 1942
f 837 939 940 838
f 895 977 978 896
f 912 994 995 914
f 1416 1464 1465 1417
f 585 641 642 586
f 1885 1974 1975 1886
f 988 1060 1061 989
f 258 268 269 259
f 904 985 987 903
f 962 1034 1035 963
f 1861 1950 1951 1862
f 1847 1913 1914 1846
f 523 564 565 525
f 1442 1490 1489 1441
f 887 970 971 888
f 888 971 972 889
f 2208 2268 2267 2207
f 3797 3848 3849 3798
f 1753 1819 1820 1755
f 918 997 998 920
f 863 956 957 865
f 880 881 883 882
f 2016 2110 2111 2017
f 1923 2009 2011 1925
f 1909 1912 1911 1910
f 964 1036 1037 965
f 909 992 993 910
f 910 993 994 912
f 791 887 888 792
f 680 729 730 681
f 1336 1366 1365 1335
f 1241 1293 1292 1240
f 971 1043 1044 972
f 2762 2838 2839 2763
f 941 1014 1015 942
f 838 940 941 839
f 2191 2252 2253 2192
f 936 1011 1010 938
f 488 528 529 489
f 1835 1902 1903 1836
f 2457 2501 2502 2458
f 695 748 749 696
f 2511 2569 2570 2512
f 1257 1309 1310 1259
f 1925 2011 2012 1927
f 1903 1996 1997 1904
f 507 548 549 508
f 2723 2804 2805 2724
f 965 1037 1038 966
f 958 1030 1031 959
f 2637 2702 2703 2638
f 3240 3310 3311 3241
f 2449 2493 2494 2450
f 940 1013 1014 941
f 957 1029 1030 958
f 982 1051 1052 983
f 399 438 439 402
f 2844 2915 2916 2845
f 269 279 280 270
f 1607 1686 1687 1608
f 1003 1073 1075 1004
f 1004 1075 1076 1005
f 925 1002 1001 927
f 2699 2767 2768 2701
f 2618 2681 2682 2619
f 3784 3835 3836 3785
f 514 555 556 515
f 3529 3599 3600 3530
f 853 951 952 855
f 2013 2107 2108 2014
f 4117 4134 4135 4118
f 1967 2057 2058 1968
f 989 1061 1062 990
f 990 1062 1063 991
f 1164 1165 1168 1167
f 3706 3757 3759 3707
f 45 59 60 46
f 2067 2157 2158 2068
f 506 547 548 507
f 4396 4413 4414 4397
f 337 363 364 339
f 2465 2507 2509 2466
f 3521 3592 3593 3522
f 579 630 631 580
f 1054 1055 1057 986
f 764 825 826 765
f 992 1064 1065 993
f 4200 4201 4203 4202
f 1138 1192 1191 1137
f 1977 2067 2068 1978
f 1621 1701 1702 1622
f 539 579 580 541
f 966 1038 1039 967
f 951 1023 1024 952
f 1214 1268 1269 1216
f 1029 1093 1094 1030
f 3561 3625 3626 3562
f 968 1040 1041 969
f 2952 3033 3034 2953
f 4261 4285 4286 4262
f 1195 1244 1245 1196
f 653 707 708 654
f 2131 2205 2206 2132
f 1013 1081 1082 1014
f 944 1017 1018 945
f 524 562 564 523
f 573 624 625 574
f 329 330 333 332
f 1145 1199 1200 1146
f 1036 1100 1101 1037
f 997 1069 1070 998
f 2755 2831 2832 2756
f 1031 1095 1096 1032
f 3658 3713 3714 3659
f 251 261 262 252
f 1122 1177 1178 1123
f 1083 1142 1143 1084
f 2055 2148 2149 2056
f 298 306 307 299
f 1030 1094 1095 1031
f 1055 1120 1121 1057
f 508 549 550 509
f 3148 3222 3223 3149
f 2740 2817 2818 2741
f 885 968 969 886
f 1247 1299 1300 1248
f 2545 2601 2602 2546
f 2810 2880 2881 2811
f 3137 3212 3213 3138
f 1062 1126 1127 1063
f 1071 1135 1136 1072
f 2739 2816 2817 2740
f 1063 1127 1128 1064
f 1048 1108 1109 1049
f 1309 1350 1351 1310
f 4421 4431 4432 4422
f 2181 2243 2245 2182
f 1855 1922 1923 1856
f 2203 2264 2265 2204
f 1261 1262 1265 1264
f 2489 2548 2549 2490
f 876 877 879 878
f 571 622 623 572
f 1086 1145 1146 1087
f 1115 1172 1173 1118
f 620 675 676 621
f 1039 1103 1104 1040
f 531 571 572 532
f 2330 2378 2379 2331
f 2537 2538 2540 2539
f 1070 1134 1135 1071
f 959 1031 1032 960
f 1080 1139 1140 1081
f 437 487 488 438
f 681 730 731 682
f 2229 2289 2290 2230
f 3771 3822 3823 3772
f 1117 1118 1119 1056
f 1038 1102 1103 1039
f 564 615 616 565
f 2716 2796 2797 2715
f 2936 2937 2939 2862
f 2115 2194 2195 2116
f 2481 2530 2531 2482
f 1652 1729 1730 1653
f 1109 1160 1161 1110
f 1466 1468 1467 1422
f 1297 1339 1340 1298
f 1156 1202 1204 1158
f 1171 1221 1222 1172
f 3476 3549 3550 3477
f 611 612 613 563
f 2827 2895 2894 2826
f 1095 1148 1150 1096
f 1120 1175 1176 1121
f 2133 2208 2207 2135
f 2267 2324 2323 2269
f 1133 1188 1189 1134
f 2089 2173 2174 2090
f 1118 1173 1174 1119
f 548 589 590 549
f 1096 1150 1151 1097
f 2541 2542 2543 2485
f 2429 2478 2479 2430
f 145 154 156 146
f 1125 1180 1181 1126
f 556 597 598 557
f 1142 1196 1197 1143
f 1061 1125 1126 1062
f 1056 1119 1120 1055
f 1709 1784 1785 1710
f 634 635 638 637
f 1945 2037 2038 1947
f 1005 1076 1077 1006
f 2803 2873 2874 2804
f 1143 1197 1198 1144
f 952 1024 1025 953
f 1107 1158 1159 1108
f 254 264 266 256
f 2285 2338 2339 2286
f 2319 2368 2369 2320
f 1509 1561 1562 1510
f 1166 1217 1218 1165
f 1167 1168 1170 1169
f 1160 1206 1207 1161
f 902 904 903 809
f 2339 2388 2389 2340
f 578 629 630 579
f 1865 1954 1955 1866
f 2908 2909 2911 2910
f 2602 2665 2666 2603
f 1651 1728 1729 1652
f 2323 2371 2373 2325
f 387 425 426 388
f 418 470 471 417
f 1213 1214 1216 1215
f 1158 1204 1205 1159
f 604 653 654 606
f 2772 2848 2850 2774
f 2497 2556 2557 2498
f 1306 1347 1348 1307
f 2431 2480 2481 2432
f 739 791 792 742
f 1126 1181 1182 1127
f 1175 1225 1226 1176
f 1192 1241 1240 1191
f 2439 2440 2442 2441
f 442 443 445 444
f 1184 1234 1235 1185
f 4233 4264 4265 4234
f 2357 2399 2400 2358
f 1798 1863 1864 1799
f 1168 1219 1220 1170
f 3021 3098 3099 3022
f 390 428 429 391
f 1209 1212 1211 1210
f 3114 3188 3190 3116
f 1205 1254 1255 1206
f 1046 1106 1105 1045
f 1199 1248 1249 1200
f 3690 3743 3744 3691
f 1483 1484 1486 1485
f 2403 2455 2456 2404
f 1235 1288 1289 1236
f 2433 2482 2483 2434
f 1197 1246 1247 1198
f 894 975 977 895
f 580 631 632 582
f 2836 2904 2905 2837
f 3293 3369 3368 3292
f 609 666 667 612
f 618 673 674 619
f 2463 2508 2507 2465
f 1165 1218 1219 1168
f 3701 3754 3755 3702
f 1981 2071 2072 1982
f 1282 1330 1331 1283
f 2437 2484 2486 2440
f 3370 3444 3445 3371
f 322 349 350 323
f 2987 3065 3066 2988
f 3143 3218 3219 3144
f 1264 1265 1266 1212
f 3629 3689 3690 3631
f 977 1045 1047 978
f 2529 2586 2587 2530
f 651 705 707 653
f 1246 1298 1299 1247
f 1223 1276 1277 1224
f 1232 1285 1286 1233
f 1741 1807 1808 1742
f 1749 1815 1816 1750
f 1207 1256 1257 1208
f 3123 3197 3198 3124
f 2837 2905 2906 2838
f 542 583 585 544
f 2485 2543 2544 2484
f 1276 1324 1325 1277
f 1229 1282 1283 1230
f 1206 1255 1256 1207
f 1183 1233 1234 1184
f 1256 1308 1309 1257
f 3347 3423 3424 3348
f 2539 2540 2542 2541
f 2513 2571 2572 2514
f 2906 2984 2985 2907
f 1253 1305 1306 1254
f 1458 1511 1512 1459
f 1119 1174 1175 1120
f 1248 1300 1301 1249
f 4253 4254 4256 4255
f 1313 1354 1355 1314
f 1655 1656 1658 1657
f 1216 1269 1270 1217
f 2591 2592 2594 2536
f 2899 2977 2978 2900
f 1263 1311 1312 1262
f 1176 1226 1227 1177
f 2035 2131 2132 2036
f 2443 2444 2445 2394
f 1307 1348 1349 1308
f 3625 3685 3686 3626
f 960 1032 1033 961
f 812 813 815 814
f 86 96 98 97
f 1337 1367 1368 1338
f 666 715 716 667
f 1324 1361 1362 1325
f 635 693 694 638
f 1262 1312 1313 1265
f 2682 2747 2748 2683
f 2560 2616 2617 2561
f 422 475 476 423
f 3853 3898 3899 3854
f 696 749 750 697
f 366 392 393 367
f 137 148 149 138
f 2565 2624 2625 2567
f 3617 3675 3676 3618
f 1277 1325 1326 1278
f 1294 1335 1337 1295
f 3746 3797 3798 3747
f 1303 1344 1346 1305
f 2315 2364 2365 2316
f 1362 1395 1396 1363
f 658 710 711 660
f 2599 2662 2663 2600
f 1269 1317 1318 1270
f 2883 2959 2958 2882
f 1326 1363 1364 1327
f 4077 4099 4100 4078
f 3460 3532 3533 3461
f 870 871 873 872
f 1211 1267 1268 1214
f 3609 3667 3668 3610
f 1237 1290 1291 1238
f 1310 1351 1352 1311
f 1295 1337 1338 1296
f 3156 3228 3230 3157
f 1725 1793 1794 1726
f 537 577 578 538
f 1270 1318 1319 1271
f 1173 1223 1224 1174
f 1271 1319 1320 1272
f 1288 1332 1334 1289
f 998 1070 1071 999
f 689 690 692 636
f 2218 2278 2279 2219
f 691 743 744 690
f 2698 2700 2699 2636
f 1371 1403 1404 1372
f 1094 1149 1148 1095
f 1498 1501 1500 1499
f 2228 2288 2289 2229
f 1380 1415 1416 1381
f 1510 1562 1563 1511
f 668 717 718 669
f 4249 4250 4252 4251
f 1351 1383 1384 1352
f 2595 2658 2659 2596
f 1402 1446 1447 1403
f 825 928 929 826
f 2930 3009 3010 2929
f 1341 1371 1372 1342
f 2931 3011 3012 2932
f 1407 1408 1410 1376
f 2671 2736 2737 2672
f 1365 1397 1399 1367
f 3002 3003 3006 3005
f 1350 1382 1383 1351
f 1383 1418 1419 1384
f 2892 2968 2969 2893
f 1669 1744 1745 1670
f 675 724 725 676
f 1382 1417 1418 1383
f 3091 3092 3093 3017
f 601 651 653 604
f 1389 1421 1423 1388
f 2915 2991 2992 2916
f 1381 1416 1417 1382
f 1375 1411 1412 1377
f 1352 1384 1385 1353
f 1550 1612 1613 1551
f 1733 1801 1802 1735
f 1451 1452 1455 1454
f 1236 1289 1290 1237
f 1185 1235 1236 1186
f 2601 2664 2665 2602
f 1430 1431 1434 1433
f 2907 2985 2986 2909
f 1392 1426 1427 1393
f 1134 1189 1190 1135
f 2701 2768 2769 2702
f 2135 2207 2209 2136
f 1349 1381 1382 1350
f 1390 1424 1425 1391
f 1359 1392 1393 1360
f 2876 2954 2955 2877
f 2795 2865 2866 2796
f 1358 1390 1391 1357
f 434 435 437 400
f 1279 1327 1328 1280
f 1408 1457 1458 1410
f 1400 1444 1445 1401
f 700 753 754 701
f 1361 1394 1395 1362
f 1817 1882 1883 1818
f 1514 1566 1567 1515
f 1360 1393 1394 1361
f 1399 1443 1444 1400
f 2651 2718 2719 2654
f 2569 2627 2628 2570
f 731 780 781 732
f 2667 2732 2733 2668
f 1026 1089 1091 1027
f 1499 1500 1503 1502
f 1452 1507 1508 1455
f 1397 1441 1443 1399
f 2971 3052 3053 2973
f 1431 1473 1475 1434
f 1296 1338 1339 1297
f 1377 1412 1413 1378
f 2561 2617 2618 2562
f 1414 1462 1463 1415
f 2940 3021 3022 2941
f 1485 1486 1488 1487
f 3721 3773 3774 3722
f 684 733 734 685
f 1432 1474 1473 1431
f 4159 4177 4178 4161
f 2875 2953 2954 2876
f 2765 2843 2844 2767
f 2815 2883 2882 2814
f 707 757 759 708
f 1446 1494 1495 1447
f 1447 1495 1496 1448
f 2947 3028 3029 2948
f 1479 1480 1482 1481
f 313 340 341 312
f 3665 3719 3720 3666
f 1476 1530 1532 1477
f 1265 1313 1314 1266
f 1453 1506 1507 1452
f 1539 1540 1542 1541
f 3657 3712 3713 3658
f 1445 1493 1494 1446
f 1462 1515 1516 1463
f 1504 1505 1506 1453
f 1530 1578 1577 1532
f 2887 2963 2964 2888
f 1502 1503 1505 1504
f 2916 2992 2993 2917
f 786 789 788 787
f 2902 2980 2981 2903
f 3105 3177 3178 3106
f 2845 2916 2917 2846
f 2924 2999 3000 2925
f 1413 1461 1462 1414
f 1422 1467 1469 1421
f 1082 1141 1142 1083
f 1480 1534 1535 1482
f 1456 1509 1510 1457
f 1357 1391 1392 1359
f 3641 3698 3699 3642
f 1415 1463 1464 1416
f 2430 2479 2480 2431
f 1438 1477 1478 1440
f 1459 1512 1513 1460
f 1532 1577 1579 1533
f 1968 2058 2059 1969
f 1782 1848 1849 1781
f 2666 2731 2732 2667
f 1440 1478 1480 1479
f 2774 2850 2851 2775
f 2939 3020 3021 2940
f 986 1057 1058 985
f 3675 3729 3730 3676
f 3499 3571 3572 3500
f 3770 3821 3822 3771
f 2577 2637 2638 2579
f 1181 1231 1232 1182
f 1406 1409 1408 1407
f 665 714 715 666
f 3010 3085 3086 3011
f 869 959 960 871
f 1486 1537 1538 1488
f 740 790 791 739
f 2980 3058 3059 2981
f 2030 2033 2032 2031
f 1674 1675 1677 1676
f 2951 3032 3033 2952
f 3115 3189 3188 3114
f 2941 3022 3023 2942
f 1519 1520 1523 1522
f 1552 1554 1553 1501
f 1217 1270 1271 1218
f 4076 4098 4099 4077
f 1535 1581 1582 1536
f 3382 3455 3456 3383
f 1536 1582 1583 1537
f 716 767 768 717
f 3286 3357 3358 3287
f 1574 1641 1642 1575
f 1555 1622 1623 1556
f 2994 3071 3073 2996
f 1412 1460 1461 1413
f 1602 1672 1673 1604
f 1542 1586 1588 1587
f 1599 1600 1602 1601
f 3011 3086 3087 3012
f 641 697 698 642
f 3273 3343 3345 3272
f 762 823 824 763
f 3106 3178 3179 3107
f 2820 2888 2889 2821
f 1534 1580 1581 1535
f 1591 1594 1593 1592
f 2964 3043 3044 2965
f 3029 3106 3107 3030
f 1604 1673 1675 1674
f 2794 2795 2796 2716
f 1494 1548 1549 1495
f 1503 1556 1557 1505
f 2593 2655 2656 2592
f 1193 1242 1243 1194
f 1594 1667 1668 1593
f 3031 3108 3109 3032
f 2087 2171 2172 2088
f 1618 1619 1620 1554
f 1766 1767 1770 1769
f 3606 3664 3665 3607
f 3101 3173 3174 3102
f 1833 1899 1900 1832
f 71 83 84 72
f 3027 3104 3105 3028
f 1423 1470 1471 1424
f 1544 1606 1605 1543
f 4038 4060 4061 4039
f 3067 3143 3144 3068
f 1660 1661 1664 1663
f 1558 1625 1626 1559
f 2183 2246 2247 2184
f 3601 3661 3660 3603
f 3042 3118 3119 3043
f 1287 1333 1332 1288
f 3942 3974 3975 3943
f 1433 1434 1436 1435
f 4131 4148 4149 4132
f 3087 3161 3162 3088
f 1582 1648 1649 1583
f 1592 1593 1596 1595
f 2995 3072 3071 2994
f 1572 1639 1640 1573
f 1409 1456 1457 1408
f 1612 1691 1692 1613
f 1598 1670 1671 1600
f 1512 1564 1565 1513
f 1590 1654 1656 1655
f 503 544 545 504
f 2754 2830 2831 2755
f 1448 1496 1497 1449
f 3150 3224 3225 3151
f 606 654 656 655
f 1619 1699 1700 1620
f 3697 3750 3751 3698
f 612 667 668 613
f 1566 1632 1633 1567
f 3275 3347 3348 3276
f 1304 1345 1344 1303
f 2585 2644 2645 2586
f 3159 3232 3233 3160
f 1573 1640 1641 1574
f 1774 1840 1841 1775
f 1108 1159 1160 1109
f 1600 1671 1672 1602
f 423 476 477 424
f 3059 3135 3136 3060
f 4089 4090 4093 4092
f 916 996 997 918
f 3132 3207 3208 3133
f 767 828 829 768
f 625 680 681 626
f 727 776 777 728
f 3173 3246 3247 3174
f 2830 2898 2899 2831
f 3689 3742 3743 3690
f 1606 1685 1684 1605
f 1567 1633 1634 1568
f 3814 3863 3864 3815
f 1630 1708 1707 1629
f 1737 1803 1804 1738
f 3874 3912 3911 3873
f 260 270 271 261
f 463 508 509 465
f 843 945 946 844
f 1668 1743 1744 1669
f 2606 2669 2670 2607
f 3043 3119 3120 3044
f 1632 1710 1711 1633
f 3243 3313 3314 3244
f 1646 1722 1724 1647
f 1624 1704 1705 1625
f 1638 1719 1720 1639
f 2524 2581 2582 2525
f 1680 1681 1683 1682
f 401 402 404 403
f 1965 2055 2056 1966
f 3074 3149 3150 3075
f 1538 1584 1585 1540
f 839 941 942 840
f 868 869 871 870
f 3810 3859 3860 3811
f 2695 2761 2762 2696
f 1587 1588 1590 1589
f 3179 3252 3253 3180
f 1631 1709 1710 1632
f 2921 2996 2997 2922
f 2709 2776 2777 2710
f 1786 1853 1854 1787
f 1240 1292 1294 1242
f 3223 3295 3296 3224
f 1694 1695 1697 1617
f 2692 2758 2759 2693
f 3060 3136 3137 3061
f 7 8 10 9
f 3358 3434 3435 3359
f 3245 3315 3316 3246
f 1653 1730 1731 1654
f 1586 1652 1653 1588
f 652 706 705 651
f 1736 1737 1738 1662
f 1671 1746 1747 1672
f 1311 1352 1353 1312
f 2166 2233 2234 2167
f 1233 1286 1287 1234
f 3066 3142 3143 3067
f 4366 4387 4386 4368
f 3099 3171 3172 3100
f 3039 3114 3116 3040
f 2759 2835 2836 2760
f 1731 1799 1800 1732
f 158 168 169 159
f 1662 1738 1739 1661
f 852 853 855 854
f 1688 1760 1761 1689
f 3299 3377 3379 3301
f 1220 1273 1274 1221
f 1770 1836 1837 1771
f 873 961 962 875
f 782 842 843 783
f 1702 1778 1779 1703
f 1695 1772 1773 1697
f 3028 3105 3106 3029
f 532 572 573 533
f 1762 1827 1828 1763
f 2673 2738 2739 2674
f 1740 1806 1807 1741
f 2691 2757 2758 2692
f 1679 1751 1752 1681
f 2706 2773 2772 2705
f 2350 2351 2353 2305
f 3301 3379 3380 3302
f 3785 3836 3837 3786
f 2625 2689 2690 2626
f 3075 3150 3151 3076
f 1639 1720 1721 1640
f 1712 1787 1788 1714
f 1951 2041 2042 1952
f 3387 3460 3461 3388
f 1691 1763 1764 1692
f 3343 3420 3421 3345
f 1339 1369 1370 1340
f 1726 1794 1795 1727
f 1583 1649 1650 1584
f 1696 1771 1772 1695
f 1887 1976 1977 1888
f 1763 1828 1829 1764
f 3745 3796 3797 3746
f 3093 3165 3166 3094
f 1710 1785 1786 1711
f 804 900 901 805
f 1664 1740 1741 1666
f 3513 3583 3584 3515
f 753 803 804 754
f 2617 2680 2681 2618
f 1686 1758 1759 1687
f 1735 1802 1803 1737
f 1608 1687 1688 1609
f 1759 1824 1825 1760
f 2985 3063 3064 2986
f 3389 3462 3463 3390
f 1844 1847 1846 1845
f 2099 2180 2181 2100
f 2207 2267 2269 2209
f 788 885 886 790
f 3076 3151 3152 3077
f 3737 3787 3789 3738
f 2835 2903 2904 2836
f 1622 1702 1703 1623
f 68 80 81 69
f 1767 1835 1836 1770
f 1752 1818 1819 1753
f 1159 1205 1206 1160
f 1677 1750 1751 1679
f 2609 2672 2673 2610
f 3439 3512 3513 3441
f 1831 1832 1834 1768
f 2314 2363 2364 2315
f 3467 3538 3539 3468
f 1803 1868 1869 1804
f 1937 2017 2019 2018
f 1728 1796 1797 1729
f 1526 1575 1576 1527
f 1743 1809 1810 1744
f 1776 1842 1843 1777
f 1846 1914 1915 1848
f 169 179 180 170
f 834 936 938 836
f 1812 1877 1878 1813
f 883 966 967 884
f 1230 1283 1284 1231
f 2738 2814 2816 2739
f 3834 3881 3882 3835
f 1837 1904 1905 1838
f 1834 1901 1902 1835
f 3445 3519 3520 3446
f 3138 3213 3214 3139
f 1809 1874 1875 1810
f 654 708 709 656
f 900 982 983 901
f 1800 1865 1866 1801
f 2807 2877 2878 2808
f 2614 2677 2678 2615
f 802 898 899 803
f 3519 3590 3591 3520
f 546 587 588 547
f 985 1058 1059 987
f 1791 1858 1857 1793
f 1784 1851 1852 1785
f 3135 3210 3211 3136
f 3555 3619 3620 3556
f 3253 3322 3323 3254
f 3130 3205 3207 3132
f 1815 1880 1881 1816
f 1760 1825 1826 1761
f 3071 3146 3148 3073
f 3850 3895 3896 3851
f 697 750 751 698
f 2641 2706 2705 2642
f 3402 3472 3473 3403
f 1901 1994 1995 1902
f 3443 3517 3516 3442
f 844 946 947 845
f 3108 3180 3181 3109
f 1813 1878 1879 1814
f 1830 1833 1832 1831
f 1895 1898 1897 1896
f 3025 3102 3103 3026
f 1824 1889 1890 1825
f 1524 1525 1526 1468
f 1914 2002 2003 1915
f 3549 3613 3614 3550
f 3753 3804 3805 3754
f 490 530 531 491
f 3171 3244 3245 3172
f 1823 1888 1889 1824
f 1840 1907 1908 1841
f 3583 3650 3651 3584
f 1838 1905 1906 1839
f 3092 3164 3165 3093
f 2742 2819 2820 2743
f 1881 1970 1971 1882
f 1854 1921 1922 1855
f 3635 3692 3693 3636
f 1249 1301 1302 1250
f 2874 2952 2953 2875
f 1856 1923 1925 1924
f 1867 1956 1957 1868
f 1868 1957 1958 1869
f 1893 1982 1983 1894
f 1934 1935 1937 1936
f 1799 1864 1865 1800
f 1848 1915 1916 1849
f 2391 2433 2434 2392
f 409 458 459 410
f 914 995 996 916
f 3170 3243 3244 3171
f 939 1012 1013 940
f 1926 1927 1929 1928
f 1751 1817 1818 1752
f 1896 1897 1899 1833
f 3727 3779 3780 3728
f 1890 1979 1980 1891
f 3637 3694 3695 3638
f 3663 3717 3718 3664
f 907 990 991 908
f 1910 1911 1913 1847
f 2167 2234 2235 2168
f 1768 1834 1835 1767
f 3655 3710 3711 3656
f 3707 3759 3760 3708
f 2665 2730 2731 2666
f 3777 3828 3829 3778
f 2101 2182 2183 2102
f 2054 2147 2148 2055
f 2842 2912 2913 2841
f 1616 1698 1699 1619
f 1756 1821 1822 1757
f 1513 1565 1566 1514
f 1899 1992 1993 1900
f 803 899 900 804
f 931 1006 1007 932
f 2552 2608 2609 2553
f 3951 3983 3984 3952
f 3735 3788 3787 3737
f 3619 3677 3678 3620
f 4351 4372 4373 4352
f 2657 2722 2723 2658
f 3761 3813 3814 3762
f 1869 1958 1959 1870
f 3235 3305 3306 3236
f 932 1007 1008 933
f 3938 3970 3969 3937
f 3452 3525 3524 3453
f 1100 1154 1155 1101
f 4271 4296 4295 4273
f 1521 1570 1572 1520
f 3709 3761 3762 3710
f 2020 2021 2023 2022
f 522 524 523 485
f 1870 1959 1960 1871
f 1863 1952 1953 1864
f 1750 1816 1817 1751
f 2713 2716 2715 2714
f 2077 2078 2081 2080
f 2778 2854 2855 2779
f 2124 2125 2127 2126
f 1955 2045 2046 1956
f 979 1048 1049 980
f 980 1049 1050 981
f 3511 3581 3580 3510
f 1970 2060 2061 1971
f 3210 3282 3283 3211
f 1902 1995 1996 1903
f 3292 3368 3370 3294
f 3182 3255 3256 3183
f 3195 3267 3268 3196
f 1911 1999 2001 1913
f 1973 2063 2064 1974
f 3791 3842 3843 3792
f 1935 2016 2017 1937
f 1212 1266 1267 1211
f 3202 3275 3276 3203
f 2022 2023 2025 2024
f 956 1028 1029 957
f 1872 1961 1962 1873
f 400 437 438 399
f 3843 3888 3889 3844
f 946 1019 1020 947
f 1924 1925 1927 1926
f 963 1035 1036 964
f 1918 2006 2007 1919
f 829 932 933 830
f 3890 3927 3928 3891
f 2356 2398 2399 2357
f 3140 3215 3216 3141
f 3773 3824 3825 3774
f 3295 3371 3372 3296
f 1959 2049 2050 1960
f 1878 1967 1968 1879
f 1943 2036 2037 1945
f 2909 2986 2987 2911
f 720 771 772 721
f 713 764 765 714
f 938 1010 1012 939
f 2530 2587 2588 2531
f 2085 2169 2170 2086
f 1658 1733 1735 1734
f 1368 1400 1401 1369
f 3196 3268 3269 3197
f 1128 1183 1184 1129
f 1690 1762 1763 1691
f 1851 1918 1919 1852
f 3887 3924 3925 3888
f 1681 1752 1753 1683
f 3267 3338 3339 3268
f 2031 2032 2034 1941
f 1985 1986 1989 1988
f 1941 2034 2035 1940
f 2024 2025 2027 2026
f 2066 2155 2157 2067
f 2004 2099 2100 2005
f 1747 1813 1814 1748
f 3326 3400 3401 3327
f 1933 2015 2016 1935
f 1958 2048 2049 1959
f 1919 2007 2008 1920
f 1976 2066 2067 1977
f 1016 1084 1085 1017
f 3939 3971 3972 3940
f 1515 1567 1568 1516
f 2684 2686 2685 2623
f 369 395 396 370
f 1172 1222 1223 1173
f 3865 3909 3910 3866
f 530 570 571 531
f 1982 2072 2073 1983
f 1871 1960 1961 1872
f 280 290 291 281
f 2019 2112 2113 2021
f 3959 3991 3992 3960
f 2069 2159 2160 2070
f 3251 3319 3321 3252
f 1012 1080 1081 1013
f 3180 3253 3254 3181
f 1797 1862 1863 1798
f 2753 2829 2830 2754
f 1011 1079 1078 1010
f 1983 2073 2075 2074
f 1648 1725 1726 1649
f 3933 3967 3968 3934
f 2053 2146 2147 2054
f 2006 2101 2102 2007
f 1992 2091 2092 1993
f 2050 2143 2144 2051
f 3809 3858 3857 3808
f 1990 2089 2090 1991
f 2900 2978 2979 2901
f 2080 2081 2083 2082
f 3566 3568 3567 3497
f 2705 2772 2774 2707
f 2015 2109 2110 2016
f 1904 1997 1998 1905
f 4011 4037 4038 4012
f 2051 2144 2145 2052
f 2052 2145 2146 2053
f 995 1067 1068 996
f 1966 2056 2057 1967
f 996 1068 1069 997
f 1952 2042 2043 1953
f 2368 2410 2411 2369
f 1601 1602 1604 1603
f 1773 1839 1840 1774
f 3801 3852 3853 3802
f 2749 2751 2750 2686
f 2406 2458 2459 2407
f 2039 2134 2133 2041
f 1880 1969 1970 1881
f 2288 2341 2342 2289
f 3915 3950 3951 3916
f 4013 4039 4040 4014
f 4039 4061 4062 4040
f 3164 3237 3238 3165
f 81 91 92 82
f 1345 1375 1377 1344
f 3793 3844 3845 3794
f 2029 2117 2119 2118
f 1886 1975 1976 1887
f 2023 2114 2115 2025
f 3236 3306 3307 3237
f 1488 1538 1540 1539
f 2083 2168 2169 2085
f 1991 2090 2091 1992
f 2126 2127 2128 2033
f 2412 2464 2463 2414
f 1010 1078 1080 1012
f 2021 2113 2114 2023
f 3435 3508 3509 3436
f 2826 2894 2896 2828
f 2032 2129 2130 2034
f 3881 3919 3920 3882
f 4091 4105 4104 4090
f 4093 4106 4108 4107
f 2100 2181 2182 2101
f 2072 2162 2163 2073
f 361 387 388 362
f 1441 1489 1491 1443
f 1457 1510 1511 1458
f 1989 2088 2089 1990
f 1722 1792 1791 1724
f 2130 2204 2205 2131
f 1314 1355 1356 1315
f 4135 4152 4153 4136
f 1163 1166 1165 1164
f 2086 2170 2171 2087
f 1068 1132 1133 1069
f 3220 3292 3294 3222
f 3516 3588 3589 3518
f 4179 4180 4182 4181
f 2721 2802 2803 2722
f 3274 3346 3347 3275
f 2017 2111 2112 2019
f 2071 2161 2162 2072
f 3176 3249 3250 3177
f 4165 4186 4187 4166
f 2141 2214 2215 2142
f 2818 2886 2887 2819
f 2096 2179 2178 2098
f 3560 3624 3625 3561
f 729 778 779 730
f 1281 1329 1330 1282
f 610 665 666 609
f 2119 2197 2198 2121
f 2088 2172 2173 2089
f 3488 3560 3561 3489
f 2250 2306 2307 2251
f 2147 2220 2221 2148
f 1980 2070 2071 1981
f 2245 2301 2302 2246
f 2078 2166 2167 2081
f 2079 2165 2166 2078
f 2048 2141 2142 2049
f 3804 3855 3856 3805
f 3982 4010 4011 3983
f 1050 1110 1111 1051
f 4199 4220 4221 4201
f 4229 4259 4260 4228
f 2125 2200 2201 2127
f 2046 2139 2140 2047
f 2007 2102 2103 2008
f 3922 3958 3957 3924
f 2720 2801 2802 2721
f 4251 4252 4254 4253
f 2745 2822 2823 2746
f 1913 2001 2002 1914
f 1461 1514 1515 1462
f 1714 1788 1789 1716
f 4424 4434 4435 4425
f 3268 3339 3340 3269
f 4096 4111 4112 4097
f 721 772 773 722
f 2187 2249 2248 2188
f 2180 2244 2243 2181
f 562 614 615 564
f 3331 3404 3406 3333
f 3306 3384 3385 3307
f 2237 2297 2298 2238
f 2142 2215 2216 2143
f 1879 1968 1969 1880
f 2737 2815 2814 2738
f 4279 4302 4303 4280
f 1099 1153 1154 1100
f 2174 2241 2242 2175
f 1663 1664 1666 1665
f 2136 2209 2210 2137
f 4140 4156 4157 4142
f 2226 2286 2287 2227
f 4301 4322 4323 4302
f 3857 3901 3903 3859
f 2389 2431 2432 2390
f 3307 3385 3386 3308
f 991 1063 1064 992
f 2168 2235 2236 2169
f 91 103 104 92
f 4166 4187 4188 4167
f 2729 2810 2811 2730
f 2212 2272 2273 2213
f 3252 3321 3322 3253
f 4278 4301 4302 4279
f 125 136 137 126
f 4299 4320 4321 4300
f 2219 2279 2280 2220
f 3849 3894 3895 3850
f 1067 1131 1132 1068
f 2190 2251 2252 2191
f 2710 2777 2778 2711
f 2200 2261 2262 2201
f 171 181 182 172
f 2215 2275 2276 2216
f 1098 1152 1153 1099
f 4359 4380 4381 4360
f 1978 2068 2069 1979
f 2182 2245 2246 2183
f 2192 2253 2254 2193
f 2385 2425 2427 2384
f 1585 1651 1652 1586
f 4389 4406 4407 4390
f 1670 1745 1746 1671
f 2157 2224 2225 2158
f 2158 2225 2226 2159
f 3864 3908 3909 3865
f 2144 2217 2218 2145
f 58 69 70 59
f 4211 4235 4236 4212
f 1066 1130 1131 1067
f 3841 3886 3887 3842
f 2197 2258 2259 2198
f 2252 2308 2309 2253
f 2123 2199 2200 2125
f 2189 2250 2251 2190
f 2398 2450 2451 2399
f 3944 3976 3977 3945
f 2056 2149 2150 2057
f 1593 1668 1669 1596
f 3861 3905 3906 3862
f 3346 3422 3423 3347
f 2165 2232 2233 2166
f 3379 3452 3453 3380
f 2143 2216 2217 2144
f 1888 1977 1978 1889
f 3588 3654 3655 3589
f 2894 2973 2974 2896
f 30 44 45 32
f 8 24 25 10
f 1123 1178 1179 1124
f 2222 2282 2284 2224
f 3729 3781 3782 3730
f 2224 2284 2285 2225
f 323 350 351 324
f 1305 1346 1347 1306
f 2301 2346 2347 2302
f 2254 2310 2311 2255
f 1140 1194 1195 1141
f 3444 3518 3519 3445
f 138 149 150 139
f 705 758 757 707
f 2299 2344 2346 2301
f 3338 3411 3412 3339
f 2261 2317 2318 2262
f 2270 2325 2326 2271
f 1549 1611 1612 1550
f 47 48 50 49
f 2156 2223 2222 2155
f 2277 2332 2333 2278
f 2262 2318 2319 2263
f 2271 2326 2327 2272
f 4010 4036 4037 4011
f 371 407 409 373
f 3895 3932 3933 3896
f 2817 2885 2886 2818
f 2373 2414 2415 2374
f 2230 2290 2291 2231
f 2269 2323 2325 2270
f 1746 1812 1813 1747
f 451 496 497 453
f 2272 2327 2328 2273
f 20 30 32 31
f 94 106 107 95
f 1836 1903 1904 1837
f 586 642 643 587
f 3419 3489 3490 3420
f 4050 4066 4068 4051
f 2264 2320 2321 2265
f 202 212 213 203
f 1701 1777 1778 1702
f 2777 2853 2854 2778
f 2898 2975 2977 2899
f 1179 1229 1230 1180
f 2286 2339 2340 2287
f 2287 2340 2341 2288
f 2232 2292 2293 2233
f 2332 2380 2381 2333
f 2769 2846 2847 2770
f 2365 2407 2408 2366
f 2310 2359 2360 2311
f 2279 2334 2335 2280
f 3954 3986 3987 3955
f 325 352 353 326
f 2442 2487 2488 2444
f 166 176 177 167
f 3937 3969 3971 3939
f 2317 2366 2367 2318
f 2255 2311 2312 2256
f 1037 1101 1102 1038
f 3356 3432 3433 3357
f 167 177 178 168
f 2761 2837 2838 2762
f 160 170 171 161
f 1139 1193 1194 1140
f 3395 3465 3464 3394
f 2312 2361 2362 2313
f 2159 2226 2227 2160
f 555 596 597 556
f 100 111 110 99
f 2363 2405 2406 2364
f 3889 3926 3927 3890
f 2333 2381 2382 2334
f 2326 2374 2375 2327
f 1180 1230 1231 1181
f 2336 2386 2387 2338
f 266 276 277 267
f 1581 1647 1648 1582
f 1178 1228 1229 1179
f 2372 2413 2412 2371
f 2677 2742 2743 2678
f 2318 2367 2368 2319
f 2327 2375 2376 2328
f 3332 3405 3404 3331
f 2081 2167 2168 2083
f 230 240 241 231
f 2325 2373 2374 2326
f 2302 2347 2348 2303
f 2359 2401 2402 2360
f 2360 2402 2403 2361
f 667 716 717 668
f 1975 2065 2066 1976
f 617 672 673 618
f 224 234 236 226
f 2352 2394 2393 2351
f 2515 2573 2574 2516
f 2320 2369 2370 2321
f 2418 2468 2469 2419
f 1078 1137 1139 1080
f 2009 2105 2104 2011
f 2349 2352 2351 2350
f 3367 3439 3441 3440
f 2003 2098 2099 2004
f 2259 2315 2316 2260
f 2396 2448 2449 2397
f 2375 2416 2417 2376
f 1429 1432 1431 1430
f 2785 2858 2859 2787
f 319 344 346 345
f 787 788 790 740
f 310 313 312 311
f 3426 3498 3499 3425
f 2253 2309 2310 2254
f 1493 1547 1548 1494
f 2367 2409 2410 2368
f 2248 2304 2306 2250
f 330 360 361 333
f 164 174 176 166
f 1321 1357 1359 1322
f 288 297 298 289
f 2445 2489 2490 2446
f 2246 2302 2303 2247
f 2383 2385 2384 2337
f 3388 3461 3462 3389
f 933 1008 1009 934
f 3418 3486 3488 3417
f 2070 2160 2161 2071
f 2890 2966 2967 2891
f 2424 2426 2425 2385
f 211 221 222 212
f 377 413 414 378
f 1218 1271 1272 1219
f 3738 3789 3790 3739
f 1347 1379 1380 1348
f 3611 3669 3671 3613
f 84 94 95 85
f 130 141 142 131
f 398 399 402 401
f 3897 3934 3935 3898
f 738 739 742 741
f 1850 1917 1918 1851
f 1260 1263 1262 1261
f 3372 3446 3447 3373
f 1300 1342 1343 1301
f 2422 2472 2473 2423
f 2421 2471 2472 2422
f 3380 3453 3454 3381
f 913 914 916 915
f 352 376 377 353
f 2501 2560 2561 2502
f 3763 3815 3816 3764
f 2399 2451 2452 2400
f 2416 2466 2467 2417
f 1957 2047 2048 1958
f 185 195 194 184
f 2809 2879 2880 2810
f 2460 2504 2505 2461
f 2405 2457 2458 2406
f 2374 2415 2416 2375
f 1196 1245 1246 1197
f 2384 2427 2428 2386
f 1019 1087 1088 1020
f 655 656 658 657
f 2467 2510 2511 2468
f 3466 3537 3538 3467
f 626 681 682 627
f 1204 1253 1254 1205
f 955 1027 1028 956
f 300 308 309 301
f 2801 2871 2872 2802
f 448 449 451 450
f 1243 1295 1296 1244
f 1794 1859 1860 1795
f 2447 2491 2492 2448
f 3994 4023 4024 3995
f 2498 2557 2558 2499
f 2407 2459 2460 2408
f 3420 3490 3491 3421
f 438 488 489 439
f 1605 1684 1686 1607
f 3929 3963 3964 3930
f 2493 2552 2553 2494
f 3491 3563 3564 3492
f 2351 2393 2395 2353
f 2448 2492 2493 2449
f 2109 2188 2189 2110
f 2634 2636 2635 2578
f 2469 2512 2513 2470
f 2446 2490 2491 2447
f 1187 1237 1238 1188
f 2793 2864 2865 2795
f 1227 1280 1281 1228
f 2533 2536 2535 2534
f 2492 2551 2552 2493
f 2478 2527 2528 2479
f 2783 2857 2856 2782
f 2520 2521 2523 2475
f 570 621 622 571
f 2473 2516 2518 2517
f 2499 2558 2559 2500
f 3913 3948 3949 3914
f 2669 2734 2735 2670
f 3475 3548 3547 3474
f 2471 2514 2515 2472
f 3404 3474 3476 3406
f 1251 1303 1305 1253
f 380 381 383 358
f 1266 1314 1315 1267
f 496 536 537 497
f 2477 2526 2527 2478
f 2486 2545 2546 2487
f 1404 1448 1449 1405
f 2488 2547 2548 2489
f 3905 3940 3941 3906
f 518 559 560 519
f 2453 2497 2498 2454
f 2534 2535 2538 2537
f 2954 3035 3036 2955
f 2387 2429 2430 2388
f 2621 2623 2622 2566
f 761 822 823 762
f 2512 2570 2571 2513
f 2540 2597 2598 2542
f 2480 2529 2530 2481
f 842 944 945 843
f 1259 1310 1311 1263
f 1242 1294 1295 1243
f 2223 2283 2282 2222
f 1267 1315 1316 1268
f 2454 2498 2499 2455
f 2378 2419 2420 2379
f 2456 2500 2501 2457
f 642 698 699 643
f 823 925 927 824
f 2395 2447 2448 2396
f 2654 2719 2720 2655
f 2503 2562 2563 2504
f 2400 2452 2453 2401
f 2495 2554 2555 2496
f 2562 2618 2619 2563
f 3498 3570 3571 3499
f 3547 3611 3613 3549
f 2519 2522 2521 2520
f 2256 2312 2313 2257
f 2173 2240 2241 2174
f 871 960 961 873
f 38 51 53 39
f 608 609 612 611
f 2573 2631 2632 2574
f 2510 2568 2569 2511
f 2914 2990 2991 2915
f 4408 4420 4421 4409
f 660 711 712 662
f 468 469 470 418
f 2107 2185 2187 2108
f 3490 3562 3563 3491
f 2525 2582 2583 2526
f 2542 2598 2599 2543
f 1292 1336 1335 1294
f 1984 1987 1986 1985
f 835 937 936 834
f 1633 1711 1712 1634
f 673 722 723 674
f 2521 2579 2580 2523
f 3515 3584 3586 3585
f 2557 2613 2614 2558
f 2535 2595 2596 2538
f 1320 1358 1357 1321
f 714 765 766 715
f 340 365 366 341
f 2579 2638 2639 2580
f 2444 2488 2489 2445
f 2661 2726 2727 2662
f 2558 2614 2615 2559
f 1649 1726 1727 1650
f 4214 4238 4239 4215
f 1635 1637 1636 1571
f 2865 2943 2944 2866
f 88 100 99 87
f 2549 2605 2606 2550
f 2550 2606 2607 2551
f 2559 2615 2616 2560
f 152 162 163 153
f 3197 3269 3270 3198
f 177 187 188 178
f 670 719 720 671
f 640 696 697 641
f 1757 1822 1823 1758
f 2610 2673 2674 2611
f 674 723 724 675
f 778 838 839 779
f 3748 3799 3800 3749
f 1191 1240 1242 1193
f 2841 2913 2914 2843
f 1969 2059 2060 1970
f 1323 1360 1361 1324
f 2526 2583 2584 2527
f 2583 2642 2643 2584
f 2528 2585 2586 2529
f 2789 2790 2793 2792
f 572 623 624 573
f 2611 2674 2675 2612
f 4033 4055 4057 4035
f 2645 2709 2710 2646
f 1826 1891 1892 1827
f 2567 2625 2626 2568
f 4393 4410 4411 4394
f 3437 3510 3512 3439
f 793 889 890 794
f 1481 1482 1484 1483
f 728 777 778 729
f 2597 2660 2661 2598
f 3587 3653 3654 3588
f 2543 2599 2600 2544
f 3500 3572 3573 3501
f 1819 1884 1885 1820
f 2690 2756 2757 2691
f 734 783 784 735
f 3969 4000 3999 3971
f 2479 2528 2529 2480
f 2582 2641 2642 2583
f 2592 2656 2657 2594
f 794 890 891 795
f 1367 1399 1400 1368
f 2635 2701 2702 2637
f 3961 3993 3994 3962
f 1299 1341 1342 1300
f 1818 1883 1884 1819
f 1340 1370 1371 1341
f 2616 2679 2680 2617
f 644 700 701 645
f 856 857 859 858
f 1346 1378 1379 1347
f 2613 2676 2677 2614
f 2622 2687 2688 2624
f 1883 1972 1973 1884
f 393 431 432 394
f 846 849 848 847
f 3953 3985 3986 3954
f 3917 3952 3953 3918
f 2598 2661 2662 2599
f 2607 2670 2671 2608
f 3765 3817 3818 3766
f 2674 2739 2740 2675
f 2660 2725 2726 2661
f 1338 1368 1369 1339
f 2958 3037 3039 2960
f 2631 2695 2696 2632
f 771 832 833 772
f 1971 2061 2062 1972
f 1511 1563 1564 1512
f 1610 1689 1690 1611
f 3586 3652 3653 3587
f 2605 2668 2669 2606
f 2590 2593 2592 2591
f 1308 1349 1350 1309
f 2632 2696 2697 2633
f 930 1005 1006 931
f 708 759 760 709
f 321 348 347 320
f 840 942 943 841
f 2581 2640 2641 2582
f 2638 2703 2704 2639
f 2655 2720 2721 2656
f 2624 2688 2689 2625
f 3333 3406 3407 3334
f 1769 1770 1771 1696
f 822 926 925 823
f 897 979 980 898
f 2509 2567 2568 2510
f 3747 3798 3799 3748
f 2647 2711 2712 2648
f 2600 2663 2664 2601
f 1435 1436 1438 1437
f 628 683 684 629
f 2397 2449 2450 2398
f 1898 1990 1991 1897
f 1928 1929 1931 1930
f 2615 2678 2679 2616
f 2536 2594 2595 2535
f 3474 3547 3549 3476
f 1729 1797 1798 1730
f 851 950 951 853
f 1490 1544 1543 1489
f 810 811 813 812
f 2678 2743 2744 2679
f 1085 1144 1145 1086
f 3548 3612 3611 3547
f 2702 2769 2770 2703
f 2588 2647 2648 2589
f 2715 2797 2798 2717
f 1995 2094 2095 1996
f 2225 2285 2286 2226
f 2938 3018 3019 2937
f 994 1066 1067 995
f 3049 3051 3050 2972
f 1495 1549 1550 1496
f 3985 4013 4014 3986
f 2797 2867 2868 2798
f 2381 2422 2423 2382
f 1420 1422 1421 1389
f 928 1003 1004 929
f 1683 1753 1755 1754
f 2672 2737 2738 2673
f 1993 2092 2093 1994
f 2681 2746 2747 2682
f 2696 2762 2763 2697
f 385 423 424 386
f 2724 2805 2806 2725
f 1378 1413 1414 1379
f 1411 1459 1460 1412
f 2670 2735 2736 2671
f 2679 2744 2745 2680
f 3524 3596 3595 3526
f 2163 2230 2231 2164
f 2746 2823 2824 2747
f 950 1021 1023 951
f 3650 3704 3706 3651
f 2773 2849 2848 2772
f 2646 2710 2711 2647
f 2711 2778 2779 2712
f 2792 2793 2795 2794
f 4373 4392 4393 4374
f 1807 1872 1873 1808
f 2857 2931 2932 2856
f 2235 2295 2296 2236
f 828 931 932 829
f 2747 2824 2825 2748
f 1032 1096 1097 1033
f 2717 2798 2799 2718
f 1938 1941 1940 1939
f 1372 1404 1405 1373
f 2784 2785 2787 2786
f 1058 1122 1123 1059
f 809 903 905 808
f 1845 1846 1848 1782
f 2727 2808 2809 2728
f 3667 3721 3722 3668
f 2680 2745 2746 2681
f 3957 3989 3991 3959
f 2850 2921 2922 2851
f 1014 1082 1083 1015
f 4009 4035 4036 4010
f 1403 1447 1448 1404
f 2718 2799 2800 2719
f 2719 2800 2801 2720
f 4066 4083 4085 4068
f 222 232 233 223
f 1927 2012 2013 1929
f 3580 3649 3648 3582
f 2750 2826 2828 2752
f 2741 2818 2819 2742
f 2687 2753 2754 2688
f 2744 2821 2822 2745
f 2379 2420 2421 2380
f 2981 3059 3060 2982
f 2860 2862 2861 2791
f 3643 3700 3701 3644
f 2623 2685 2687 2622
f 2840 2842 2841 2766
f 1210 1211 1214 1213
f 948 1022 1021 950
f 3327 3401 3402 3328
f 2766 2841 2843 2765
f 2451 2495 2496 2452
f 4001 4028 4029 4002
f 2487 2546 2547 2488
f 2758 2834 2835 2759
f 510 551 552 511
f 1369 1401 1402 1370
f 3674 3728 3729 3675
f 1469 1528 1529 1470
f 2726 2807 2808 2727
f 1556 1623 1624 1557
f 3564 3628 3629 3565
f 2523 2580 2581 2524
f 801 897 898 802
f 2819 2887 2888 2820
f 3993 4022 4023 3994
f 2781 2782 2785 2784
f 4262 4286 4287 4263
f 554 595 596 555
f 2776 2852 2853 2777
f 1234 1287 1288 1235
f 2834 2902 2903 2835
f 2799 2869 2870 2800
f 3699 3752 3753 3700
f 2768 2845 2846 2769
f 118 129 130 119
f 2111 2190 2191 2112
f 1410 1458 1459 1411
f 2828 2896 2897 2829
f 2853 2924 2925 2854
f 2790 2863 2864 2793
f 1708 1781 1783 1707
f 2752 2828 2829 2753
f 1110 1161 1162 1111
f 1028 1092 1093 1029
f 3682 3735 3737 3684
f 1507 1559 1560 1508
f 3683 3736 3735 3682
f 2767 2844 2845 2768
f 2688 2754 2755 2689
f 1634 1712 1714 1713
f 1745 1811 1812 1746
f 2849 2920 2919 2848
f 1208 1257 1259 1258
f 1443 1491 1492 1444
f 3691 3744 3745 3692
f 2978 3056 3057 2979
f 3698 3751 3752 3699
f 2822 2890 2891 2823
f 795 891 892 796
f 1322 1359 1360 1323
f 2675 2740 2741 2676
f 2780 2783 2782 2781
f 2829 2897 2898 2830
f 2798 2868 2869 2799
f 1434 1475 1476 1436
f 2544 2600 2601 2545
f 1761 1826 1827 1762
f 614 669 670 615
f 656 709 710 658
f 2965 3044 3045 2966
f 1882 1971 1972 1883
f 1460 1513 1514 1461
f 2816 2884 2885 2817
f 1450 1453 1452 1451
f 3740 3791 3792 3741
f 927 1001 1003 928
f 2823 2891 2892 2824
f 4162 4183 4185 4164
f 3731 3783 3784 3732
f 2821 2889 2890 2822
f 2927 2930 2929 2928
f 2856 2932 2933 2858
f 694 747 748 695
f 433 436 435 434
f 1182 1232 1233 1183
f 2420 2470 2471 2421
f 746 796 797 747
f 2910 2911 2912 2842
f 1444 1492 1493 1445
f 2928 2929 2931 2857
f 1398 1442 1441 1397
f 3163 3236 3237 3164
f 1393 1427 1428 1394
f 2884 2960 2961 2885
f 1491 1545 1546 1492
f 2862 2939 2940 2861
f 2891 2967 2968 2892
f 2490 2549 2550 2491
f 4129 4146 4147 4130
f 3277 3350 3349 3279
f 3715 3767 3769 3717
f 2863 2941 2942 2864
f 2824 2892 2893 2825
f 2979 3057 3058 2980
f 1188 1238 1239 1189
f 2953 3034 3035 2954
f 1344 1377 1378 1346
f 441 491 492 443
f 2935 2938 2937 2936
f 2878 2956 2957 2879
f 1522 1523 1525 1524
f 2962 3041 3042 2963
f 1254 1306 1307 1255
f 1629 1707 1709 1631
f 2877 2955 2956 2878
f 2764 2766 2765 2700
f 2831 2899 2900 2832
f 4106 4121 4123 4108
f 1687 1759 1760 1688
f 2551 2607 2608 2552
f 2897 2976 2975 2898
f 2527 2584 2585 2528
f 2775 2851 2852 2776
f 3652 3707 3708 3653
f 1673 1748 1749 1675
f 1252 1304 1303 1251
f 2923 2998 2999 2924
f 2932 3012 3013 2933
f 2872 2950 2951 2873
f 1484 1536 1537 1486
f 2707 2774 2775 2708
f 241 251 252 242
f 2889 2965 2966 2890
f 1661 1739 1740 1664
f 3035 3112 3113 3036
f 2946 3027 3028 2947
f 1475 1531 1530 1476
f 2895 2971 2973 2894
f 2703 2770 2771 2704
f 1654 1731 1732 1656
f 1374 1376 1375 1345
f 4057 4074 4075 4058
f 2870 2948 2949 2871
f 2919 2994 2996 2921
f 1348 1380 1381 1349
f 3107 3179 3180 3108
f 2873 2951 2952 2874
f 1424 1471 1472 1425
f 2901 2979 2980 2902
f 2846 2917 2918 2847
f 1468 1526 1527 1467
f 2912 2988 2989 2913
f 1554 1620 1621 1553
f 881 965 966 883
f 2963 3042 3043 2964
f 2073 2163 2164 2075
f 2725 2806 2807 2726
f 2966 3045 3046 2967
f 3015 3016 3018 2938
f 3636 3693 3694 3637
f 1278 1326 1327 1279
f 1228 1281 1282 1229
f 3007 3008 3009 2930
f 2806 2876 2877 2807
f 2944 3025 3026 2945
f 2563 2619 2620 2564
f 1137 1191 1193 1139
f 1506 1558 1559 1507
f 2972 3050 3052 2971
f 2885 2961 2962 2886
f 2662 2727 2728 2663
f 2903 2981 2982 2904
f 2920 2995 2994 2919
f 25 39 40 26
f 3762 3814 3815 3763
f 1454 1455 1456 1409
f 3018 3095 3096 3019
f 3073 3148 3149 3074
f 1436 1476 1477 1438
f 1482 1535 1536 1484
f 1496 1550 1551 1497
f 2861 2940 2941 2863
f 2414 2463 2465 2415
f 1540 1585 1586 1542
f 2888 2964 2965 2889
f 3339 3412 3413 3340
f 129 140 141 130
f 2867 2945 2946 2868
f 3754 3805 3806 3755
f 2805 2875 2876 2806
f 2082 2083 2085 2084
f 2959 3038 3037 2958
f 3001 3004 3003 3002
f 3026 3103 3104 3027
f 3882 3920 3921 3883
f 2949 3030 3031 2950
f 4355 4376 4377 4356
f 2983 3061 3062 2984
f 2832 2900 2901 2833
f 4073 4095 4094 4072
f 1478 1533 1534 1480
f 4067 4084 4083 4066
f 3692 3745 3746 3693
f 1273 1321 1322 1274
f 2975 3055 3054 2977
f 1401 1445 1446 1402
f 1584 1650 1651 1585
f 1675 1749 1750 1677
f 3427 3500 3501 3428
f 811 906 907 813
f 201 211 212 202
f 2968 3047 3048 2969
f 1500 1555 1556 1503
f 1546 1608 1609 1547
f 2025 2115 2116 2027
f 866 867 869 868
f 2942 3023 3024 2943
f 1508 1560 1561 1509
f 3008 3083 3084 3009
f 2274 2329 2330 2275
f 569 620 621 570
f 1614 1617 1616 1615
f 3044 3120 3121 3045
f 3013 3088 3090 3089
f 3803 3854 3855 3804
f 2999 3076 3077 3000
f 3676 3730 3731 3677
f 2566 2622 2624 2565
f 1849 1916 1917 1850
f 2945 3026 3027 2946
f 2997 3074 3075 2998
f 2991 3069 3070 2992
f 3024 3101 3102 3025
f 3603 3660 3662 3604
f 3111 3183 3184 3112
f 3051 3126 3128 3050
f 3802 3853 3854 3803
f 3117 3191 3192 3118
f 3006 3082 3083 3008
f 2967 3046 3047 2968
f 770 831 832 771
f 2937 3019 3020 2939
f 1580 1646 1647 1581
f 2911 2987 2988 2912
f 3030 3107 3108 3031
f 3016 3094 3095 3018
f 1802 1867 1868 1803
f 489 529 530 490
f 1678 1679 1681 1680
f 1656 1732 1733 1658
f 1563 1630 1629 1564
f 3787 3838 3840 3789
f 3319 3395 3394 3321
f 2984 3062 3063 2985
f 2854 2925 2926 2855
f 3090 3163 3164 3092
f 2929 3010 3011 2931
f 4121 4137 4139 4123
f 4146 4165 4166 4147
f 3098 3170 3171 3099
f 3739 3790 3791 3740
f 3247 3317 3318 3248
f 3083 3157 3158 3084
f 1744 1810 1811 1745
f 3037 3115 3114 3039
f 1866 1955 1956 1867
f 3724 3776 3775 3723
f 1636 1718 1719 1638
f 1578 1644 1643 1577
f 4097 4112 4113 4098
f 3061 3137 3138 3062
f 3054 3130 3132 3056
f 1564 1629 1631 1565
f 3056 3132 3133 3057
f 1825 1890 1891 1826
f 3100 3172 3173 3101
f 1547 1609 1610 1548
f 3046 3122 3123 3047
f 1780 1782 1781 1708
f 3080 3154 3156 3082
f 2470 2513 2514 2471
f 3673 3727 3728 3674
f 1734 1735 1737 1736
f 3842 3887 3888 3843
f 3085 3159 3160 3086
f 3022 3099 3100 3023
f 3047 3123 3124 3048
f 3708 3760 3761 3709
f 17 18 20 19
f 2751 2827 2826 2750
f 1570 1638 1639 1572
f 1816 1881 1882 1817
f 3077 3152 3153 3079
f 2950 3031 3032 2951
f 3050 3128 3129 3052
f 3096 3168 3169 3097
f 3891 3928 3929 3892
f 3003 3080 3082 3006
f 2127 2201 2202 2128
f 2117 2196 2197 2119
f 3269 3340 3341 3270
f 3835 3882 3883 3836
f 1596 1669 1670 1598
f 3088 3162 3163 3090
f 3193 3265 3266 3194
f 105 116 117 106
f 1198 1247 1248 1199
f 3095 3167 3168 3096
f 3119 3193 3194 3120
f 3094 3166 3167 3095
f 3064 3140 3141 3065
f 2659 2724 2725 2660
f 3154 3229 3228 3156
f 3012 3087 3088 3013
f 3045 3121 3122 3046
f 1962 2052 2053 1963
f 1588 1653 1654 1590
f 3000 3077 3079 3078
f 1667 1742 1743 1668
f 3543 3608 3609 3544
f 1034 1098 1099 1035
f 1492 1546 1547 1493
f 1579 1645 1646 1580
f 3118 3192 3193 3119
f 1244 1296 1297 1245
f 1268 1316 1317 1269
f 1796 1861 1862 1797
f 3134 3209 3210 3135
f 3109 3181 3182 3110
f 3819 3867 3869 3821
f 3373 3447 3448 3374
f 2848 2919 2921 2850
f 849 949 948 848
f 1280 1328 1329 1281
f 3141 3216 3217 3142
f 3142 3217 3218 3143
f 3127 3200 3202 3126
f 3760 3812 3813 3761
f 3185 3258 3259 3187
f 3250 3320 3319 3251
f 1801 1866 1867 1802
f 4161 4178 4180 4179
f 858 859 861 860
f 3126 3202 3203 3128
f 3199 3201 3200 3127
f 3892 3929 3930 3893
f 3454 3526 3527 3455
f 3687 3740 3741 3688
f 1124 1179 1180 1125
f 2041 2133 2135 2042
f 3157 3230 3231 3158
f 3102 3174 3175 3103
f 3103 3175 3176 3104
f 4242 4271 4273 4243
f 4051 4068 4069 4052
f 1932 1933 1935 1934
f 1489 1543 1545 1491
f 3188 3260 3262 3190
f 3149 3223 3224 3150
f 1954 2044 2045 1955
f 3055 3131 3130 3054
f 3168 3241 3242 3169
f 915 916 918 917
f 3261 3332 3331 3260
f 4209 4233 4234 4210
f 3875 3913 3914 3876
f 1620 1700 1701 1621
f 4068 4085 4086 4069
f 305 323 324 306
f 425 478 479 426
f 3211 3283 3284 3212
f 1912 2000 1999 1911
f 850 851 853 852
f 3167 3240 3241 3168
f 3758 3808 3810 3757
f 3128 3203 3204 3129
f 3234 3304 3305 3235
f 3166 3239 3240 3167
f 1715 1716 1717 1637
f 3191 3263 3264 3192
f 4178 4197 4198 4180
f 4203 4222 4224 4223
f 3823 3871 3872 3824
f 1617 1697 1698 1616
f 3898 3935 3936 3899
f 3181 3254 3255 3182
f 3190 3262 3263 3191
f 1676 1677 1679 1678
f 3796 3847 3848 3797
f 2098 2178 2180 2099
f 1900 1993 1994 1901
f 3205 3277 3279 3207
f 3228 3300 3299 3230
f 3851 3896 3897 3852
f 3207 3279 3280 3208
f 3192 3264 3265 3193
f 4267 4291 4292 4268
f 4145 4164 4165 4146
f 3214 3286 3287 3215
f 3271 3273 3272 3201
f 3216 3288 3289 3217
f 4134 4151 4152 4135
f 1873 1962 1963 1874
f 1862 1951 1952 1863
f 2120 2121 2123 2122
f 1611 1690 1691 1612
f 3206 3278 3277 3205
f 3175 3248 3249 3176
f 3780 3831 3832 3781
f 4323 4347 4348 4324
f 1852 1919 1920 1853
f 1537 1583 1584 1538
f 4137 4155 4154 4139
f 3221 3293 3292 3220
f 3174 3247 3248 3175
f 3082 3156 3157 3083
f 1889 1978 1979 1890
f 3259 3328 3330 3329
f 3260 3331 3333 3262
f 3213 3285 3286 3214
f 3110 3182 3183 3111
f 1684 1757 1758 1686
f 3232 3302 3303 3233
f 2170 2237 2238 2171
f 2076 2079 2078 2077
f 3577 3646 3647 3578
f 3909 3944 3945 3910
f 3914 3949 3950 3915
f 3574 3643 3644 3575
f 3231 3301 3302 3232
f 3224 3296 3297 3225
f 3654 3709 3710 3655
f 289 298 299 290
f 1950 2039 2041 1951
f 2128 2202 2203 2129
f 3189 3261 3260 3188
f 3971 3999 4001 3972
f 458 503 504 459
f 3200 3274 3275 3202
f 3362 3365 3364 3363
f 3281 3352 3353 3282
f 3133 3208 3209 3134
f 3255 3324 3325 3256
f 3136 3211 3212 3137
f 1666 1741 1742 1667
f 2068 2158 2159 2069
f 1922 2010 2009 1923
f 3906 3941 3942 3907
f 2989 3067 3068 2990
f 2058 2151 2152 2059
f 3279 3349 3351 3280
f 3264 3335 3336 3265
f 3569 3638 3639 3570
f 865 957 958 867
f 2118 2119 2121 2120
f 906 989 990 907
f 1864 1953 1954 1865
f 3342 3344 3343 3273
f 3263 3334 3335 3264
f 3884 3923 3922 3886
f 132 143 145 134
f 3394 3464 3466 3396
f 4169 4190 4191 4170
f 921 922 924 923
f 1987 2086 2087 1986
f 4059 4076 4077 4060
f 3239 3309 3310 3240
f 3812 3861 3862 3813
f 287 296 297 288
f 4311 4332 4333 4312
f 3323 3397 3398 3324
f 2216 2276 2277 2217
f 1827 1892 1893 1828
f 3246 3316 3317 3247
f 3183 3256 3257 3184
f 3296 3372 3373 3297
f 196 206 207 197
f 2164 2231 2232 2165
f 136 147 148 137
f 2362 2404 2405 2363
f 857 953 954 859
f 1698 1774 1775 1699
f 2057 2150 2151 2058
f 3405 3475 3474 3404
f 1994 2093 2094 1995
f 3063 3139 3140 3064
f 3288 3359 3360 3289
f 3340 3413 3414 3341
f 2110 2189 2190 2111
f 882 883 884 789
f 3963 3995 3996 3964
f 2791 2861 2863 2790
f 3272 3345 3346 3274
f 4326 4350 4351 4327
f 3378 3451 3450 3377
f 819 910 912 911
f 3946 3978 3980 3948
f 3162 3235 3236 3163
f 4226 4246 4248 4247
f 3876 3914 3915 3877
f 2308 2357 2358 2309
f 567 618 619 568
f 32 45 46 34
f 3371 3445 3446 3372
f 3302 3380 3381 3303
f 1739 1805 1806 1740
f 1964 2054 2055 1965
f 3355 3431 3432 3356
f 2474 2524 2525 2476
f 2236 2296 2297 2237
f 1972 2062 2063 1973
f 2304 2354 2355 2306
f 3309 3387 3388 3310
f 1366 1398 1397 1365
f 3303 3381 3382 3304
f 3349 3425 3427 3351
f 4201 4221 4222 4203
f 2905 2983 2984 2906
f 2450 2494 2495 2451
f 3328 3402 3403 3330
f 2913 2989 2990 2914
f 3089 3090 3092 3091
f 3925 3959 3960 3926
f 3352 3428 3429 3353
f 3334 3407 3408 3335
f 1897 1991 1992 1899
f 404 440 441 406
f 2214 2274 2275 2215
f 2408 2460 2461 2409
f 1707 1783 1784 1709
f 3947 3979 3978 3946
f 3873 3911 3913 3875
f 3344 3419 3420 3343
f 919 920 922 921
f 3833 3880 3881 3834
f 3009 3084 3085 3010
f 2376 2417 2418 2377
f 3365 3438 3437 3364
f 3411 3481 3482 3412
f 1929 2013 2014 1931
f 4177 4196 4197 4178
f 3357 3433 3434 3358
f 3374 3448 3449 3376
f 1748 1814 1815 1749
f 3852 3897 3898 3853
f 460 505 506 461
f 3287 3358 3359 3288
f 3589 3655 3656 3590
f 3412 3482 3483 3413
f 3350 3426 3425 3349
f 3351 3427 3428 3352
f 3384 3457 3458 3385
f 2514 2572 2573 2515
f 841 943 944 842
f 1738 1804 1805 1739
f 3986 4014 4015 3987
f 3325 3399 3400 3326
f 1771 1837 1838 1772
f 3442 3516 3518 3444
f 228 238 239 229
f 2278 2333 2334 2279
f 2440 2486 2487 2442
f 3397 3467 3468 3398
f 3310 3388 3389 3311
f 3254 3323 3324 3255
f 3399 3469 3470 3400
f 328 331 330 329
f 2866 2944 2945 2867
f 1730 1798 1799 1731
f 3978 4008 4007 3980
f 3485 3487 3486 3418
f 4003 4030 4031 4004
f 1732 1800 1801 1733
f 3368 3442 3444 3370
f 1693 1696 1695 1694
f 2388 2430 2431 2389
f 3363 3364 3367 3366
f 3406 3476 3477 3407
f 1755 1820 1821 1756
f 3495 3496 3498 3426
f 2586 2645 2646 2587
f 1758 1823 1824 1759
f 473 515 516 474
f 3308 3386 3387 3309
f 3429 3502 3503 3430
f 3430 3503 3504 3431
f 3407 3477 3478 3408
f 3336 3409 3410 3337
f 3212 3284 3285 3213
f 3421 3491 3492 3422
f 3987 4015 4016 3988
f 3359 3435 3436 3360
f 3280 3351 3352 3281
f 676 725 726 677
f 3554 3618 3619 3555
f 2358 2400 2401 2359
f 2996 3073 3074 2997
f 3573 3642 3643 3574
f 1455 1508 1509 1456
f 3152 3226 3227 3153
f 424 477 478 425
f 1505 1557 1558 1506
f 3458 3530 3531 3459
f 890 973 974 891
f 3446 3520 3521 3447
f 3311 3389 3390 3312
f 3432 3505 3506 3433
f 748 798 799 749
f 3483 3556 3557 3484
f 1953 2043 2044 1954
f 1716 1789 1790 1717
f 1811 1876 1877 1812
f 3438 3511 3510 3437
f 1788 1855 1856 1789
f 4060 4077 4078 4061
f 2642 2705 2707 2643
f 449 495 496 451
f 3097 3169 3170 3098
f 3447 3521 3522 3448
f 3422 3492 3493 3423
f 4306 4327 4328 4307
f 1047 1107 1108 1048
f 3522 3593 3594 3523
f 2438 2485 2484 2437
f 4297 4319 4318 4298
f 2042 2135 2136 2043
f 1775 1841 1842 1776
f 3480 3553 3554 3481
f 584 639 640 583
f 3057 3133 3134 3058
f 1597 1598 1600 1599
f 3453 3524 3526 3454
f 4035 4057 4058 4036
f 3479 3552 3553 3480
f 3472 3543 3544 3473
f 908 991 992 909
f 2508 2566 2565 2507
f 1772 1838 1839 1773
f 3478 3551 3552 3479
f 3448 3522 3523 3449
f 1565 1631 1632 1566
f 3539 3604 3605 3540
f 577 628 629 578
f 3477 3550 3551 3478
f 2425 2474 2476 2427
f 3502 3574 3575 3503
f 3503 3575 3576 3504
f 4258 4282 4283 4259
f 2047 2140 2141 2048
f 969 1041 1042 970
f 3540 3605 3606 3541
f 4019 4045 4044 4021
f 3487 3559 3558 3486
f 3948 3980 3981 3949
f 1084 1143 1144 1085
f 3455 3527 3528 3456
f 2802 2872 2873 2803
f 2428 2477 2478 2429
f 3041 3117 3118 3042
f 2257 2313 2314 2258
f 1795 1860 1861 1796
f 3518 3589 3590 3519
f 3146 3220 3222 3148
f 3504 3576 3577 3505
f 2664 2729 2730 2665
f 2502 2561 2562 2503
f 3517 3587 3588 3516
f 3510 3580 3582 3512
f 1820 1885 1886 1821
f 3528 3598 3599 3529
f 1647 1724 1725 1648
f 1961 2051 2052 1962
f 3033 3110 3111 3034
f 2161 2228 2229 2162
f 3527 3597 3598 3528
f 3486 3558 3560 3488
f 3932 3966 3967 3933
f 500 539 541 540
f 2596 2659 2660 2597
f 1765 1768 1767 1766
f 3572 3641 3642 3573
f 3501 3573 3574 3502
f 3494 3497 3496 3495
f 3552 3616 3617 3553
f 225 235 234 224
f 3544 3609 3610 3546
f 3551 3615 3616 3552
f 73 85 86 75
f 698 751 752 699
f 3563 3627 3628 3564
f 4058 4075 4076 4059
f 3901 3938 3937 3903
f 4254 4280 4281 4256
f 1804 1869 1870 1805
f 3512 3582 3583 3513
f 1974 2064 2065 1975
f 2728 2809 2810 2729
f 3262 3333 3334 3263
f 3567 3637 3638 3569
f 3456 3528 3529 3457
f 896 978 979 897
f 2574 2632 2633 2575
f 466 467 469 468
f 3461 3533 3534 3462
f 4227 4229 4228 4206
f 3559 3623 3622 3558
f 3988 4016 4018 4017
f 3165 3238 3239 3166
f 1810 1875 1876 1811
f 4338 4341 4340 4339
f 3413 3483 3484 3414
f 2138 2211 2212 2139
f 3535 3602 3601 3537
f 3568 3636 3637 3567
f 2663 2728 2729 2664
f 4265 4289 4290 4266
f 3459 3531 3532 3460
f 3565 3629 3631 3630
f 3590 3656 3657 3591
f 3471 3542 3543 3472
f 3592 3658 3659 3593
f 1388 1423 1424 1390
f 2644 2708 2709 2645
f 1569 1571 1570 1521
f 2808 2878 2879 2809
f 1979 2069 2070 1980
f 3919 3954 3955 3920
f 4347 4368 4369 4348
f 3972 4001 4002 3973
f 2922 2997 2998 2923
f 2628 2692 2693 2629
f 2630 2694 2695 2631
f 1129 1184 1185 1130
f 970 1042 1043 971
f 3591 3657 3658 3592
f 2263 2319 2320 2264
f 859 954 955 861
f 3644 3701 3702 3645
f 3621 3679 3681 3680
f 3558 3622 3624 3560
f 1956 2046 2047 1957
f 3616 3674 3675 3617
f 2943 3024 3025 2944
f 3730 3782 3783 3731
f 3651 3706 3707 3652
f 4098 4113 4114 4099
f 3613 3671 3672 3614
f 3608 3666 3667 3609
f 1064 1128 1129 1065
f 1930 1931 1933 1932
f 2864 2942 2943 2865
f 3725 3777 3778 3726
f 2090 2174 2175 2091
f 3242 3312 3313 3243
f 3576 3645 3646 3577
f 1548 1610 1611 1549
f 2788 2791 2790 2789
f 4289 4312 4313 4290
f 4123 4139 4140 4125
f 3639 3696 3697 3640
f 4290 4313 4314 4291
f 2986 3064 3065 2987
f 889 972 973 890
f 2694 2760 2761 2695
f 3622 3682 3684 3624
f 922 999 1000 924
f 3631 3690 3691 3633
f 4036 4058 4059 4037
f 1379 1414 1415 1380
f 1035 1099 1100 1036
f 3081 3155 3154 3080
f 3684 3737 3738 3685
f 1875 1964 1965 1876
f 3662 3715 3717 3663
f 3607 3665 3666 3608
f 2977 3054 3056 2978
f 1224 1277 1278 1225
f 4281 4304 4305 4282
f 3645 3702 3703 3646
f 4099 4114 4115 4100
f 3178 3251 3252 3179
f 3648 3705 3704 3650
f 3215 3287 3288 3216
f 2804 2874 2875 2805
f 2814 2882 2884 2816
f 2960 3039 3040 2961
f 3677 3731 3732 3678
f 3678 3732 3733 3679
f 1876 1965 1966 1877
f 3672 3726 3727 3673
f 1700 1776 1777 1701
f 1144 1198 1199 1145
f 2782 2856 2858 2785
f 4273 4295 4297 4274
f 1859 1949 1948 1860
f 3670 3724 3723 3669
f 4012 4038 4039 4013
f 2708 2775 2776 2709
f 1637 1717 1718 1636
f 3716 3768 3767 3715
f 3693 3746 3747 3694
f 3638 3695 3696 3639
f 3671 3725 3726 3672
f 3696 3749 3750 3697
f 3058 3134 3135 3059
f 4130 4147 4148 4131
f 3723 3775 3777 3725
f 3685 3738 3739 3686
f 3630 3631 3633 3632
f 3695 3748 3749 3696
f 3688 3741 3742 3689
f 2839 2907 2909 2908
f 3040 3116 3117 3041
f 3065 3141 3142 3066
f 3893 3930 3931 3894
f 4155 4174 4173 4154
f 1860 1948 1950 1861
f 3656 3711 3712 3657
f 3410 3480 3481 3411
f 2001 2097 2096 2002
f 2838 2906 2907 2839
f 4122 4138 4137 4121
f 3653 3708 3709 3654
f 3719 3771 3772 3720
f 1828 1893 1894 1829
f 80 90 91 81
f 1874 1963 1964 1875
f 3620 3678 3679 3621
f 1915 2003 2004 1916
f 3702 3755 3756 3703
f 3711 3763 3764 3712
f 3584 3651 3652 3586
f 3122 3196 3197 3123
f 3794 3845 3846 3795
f 3627 3687 3688 3628
f 2576 2578 2577 2522
f 3717 3769 3770 3718
f 3726 3778 3779 3727
f 3679 3733 3734 3681
f 3464 3535 3537 3466
f 1884 1973 1974 1885
f 3778 3829 3830 3779
f 3615 3673 3674 3616
f 4139 4154 4156 4140
f 3741 3792 3793 3742
f 1988 1989 1990 1898
f 4384 4401 4403 4385
f 3783 3834 3835 3784
f 1520 1572 1573 1523
f 2366 2408 2409 2367
f 3112 3184 3185 3113
f 1891 1980 1981 1892
f 3743 3794 3795 3744
f 1892 1981 1982 1893
f 2948 3029 3030 2949
f 3283 3354 3355 3284
f 2121 2198 2199 2123
f 3757 3810 3811 3759
f 3160 3233 3234 3161
f 3759 3811 3812 3760
f 3194 3266 3267 3195
f 929 1004 1005 930
f 745 795 796 746
f 3788 3839 3838 3787
f 3749 3800 3801 3750
f 3750 3801 3802 3751
f 3769 3819 3821 3770
f 4370 4389 4390 4371
f 3383 3456 3457 3384
f 4377 4396 4397 4378
f 3795 3846 3847 3796
f 3877 3915 3916 3878
f 3742 3793 3794 3743
f 3775 3826 3828 3777
f 261 271 272 262
f 4127 4144 4143 4126
f 2033 2128 2129 2032
f 3121 3195 3196 3122
f 3184 3257 3258 3185
f 954 1026 1027 955
f 3710 3762 3763 3711
f 3767 3820 3819 3769
f 4372 4391 4392 4373
f 2116 2195 2196 2117
f 1672 1747 1748 1673
f 2998 3075 3076 2999
f 4321 4344 4346 4322
f 3266 3337 3338 3267
f 3728 3780 3781 3729
f 3020 3097 3098 3021
f 1553 1621 1622 1555
f 3820 3868 3867 3819
f 1963 2053 2054 1964
f 2114 2193 2194 2115
f 3751 3802 3803 3752
f 122 133 132 121
f 4313 4334 4335 4314
f 3827 3874 3873 3826
f 3781 3832 3833 3782
f 4195 4217 4216 4196
f 3218 3290 3291 3219
f 3113 3185 3187 3186
f 465 509 510 467
f 4210 4234 4235 4211
f 3813 3862 3863 3814
f 3790 3841 3842 3791
f 1940 2035 2036 1943
f 4132 4149 4150 4133
f 2196 2257 2258 2197
f 3858 3902 3901 3857
f 3086 3160 3161 3087
f 3822 3870 3871 3823
f 3800 3851 3852 3801
f 4431 4438 4440 4432
f 1832 1900 1901 1834
f 1609 1688 1689 1610
f 4305 4326 4327 4306
f 1931 2014 2015 1933
f 4163 4184 4183 4162
f 3799 3850 3851 3800
f 3832 3879 3880 3833
f 2276 2331 2332 2277
f 3084 3158 3159 3085
f 3859 3903 3904 3860
f 3860 3904 3905 3861
f 3829 3876 3877 3830
f 3838 3885 3884 3840
f 4113 4130 4131 4114
f 3322 3396 3397 3323
f 2026 2027 2029 2028
f 4218 4241 4240 4219
f 3821 3869 3870 3822
f 3830 3877 3878 3831
f 3831 3878 3879 3832
f 4108 4123 4125 4124
f 3991 4019 4021 3992
f 3004 3081 3080 3003
f 1724 1791 1793 1725
f 3158 3231 3232 3159
f 3312 3390 3391 3313
f 1814 1879 1880 1815
f 3798 3849 3850 3799
f 1916 2004 2005 1917
f 3848 3893 3894 3849
f 9 10 12 11
f 1272 1320 1321 1273
f 4234 4265 4266 4235
f 3718 3770 3771 3719
f 3863 3907 3908 3864
f 3840 3884 3886 3841
f 4257 4258 4259 4229
f 3172 3245 3246 3173
f 2018 2019 2021 2020
f 3764 3816 3817 3765
f 3789 3840 3841 3790
f 4246 4276 4277 4248
f 3847 3892 3893 3848
f 3808 3857 3859 3810
f 2476 2525 2526 2477
f 1944 1945 1947 1946
f 3733 3785 3786 3734
f 3815 3864 3865 3816
f 3744 3795 3796 3745
f 600 601 604 603
f 3930 3964 3965 3931
f 2258 2314 2315 2259
f 4329 4353 4354 4330
f 3605 3663 3664 3606
f 4164 4185 4186 4165
f 3807 3809 3808 3758
f 2556 2612 2613 2557
f 2160 2227 2228 2161
f 3161 3234 3235 3162
f 3408 3478 3479 3409
f 3285 3356 3357 3286
f 3862 3906 3907 3863
f 128 139 140 129
f 3888 3925 3926 3889
f 3244 3314 3315 3245
f 2137 2210 2211 2138
f 4185 4208 4209 4186
f 4331 4355 4356 4332
f 3623 3683 3682 3622
f 3912 3947 3946 3911
f 3482 3555 3556 3483
f 953 1025 1026 954
f 3230 3299 3301 3231
f 3940 3972 3973 3941
f 2555 2611 2612 2556
f 4026 4048 4050 4028
f 184 194 196 186
f 1545 1607 1608 1546
f 4250 4278 4279 4252
f 2251 2307 2308 2252
f 2234 2294 2295 2235
f 2140 2213 2214 2141
f 4148 4167 4168 4149
f 3955 3987 3988 3956
f 2328 2376 2377 2329
f 3496 3569 3570 3498
f 4029 4051 4052 4030
f 3926 3960 3961 3927
f 3298 3374 3376 3375
f 3928 3962 3963 3929
f 824 927 928 825
f 3324 3398 3399 3325
f 1986 2087 2088 1989
f 3918 3953 3954 3919
f 2833 2901 2902 2834
f 3943 3975 3976 3944
f 3920 3955 3956 3921
f 2676 2741 2742 2677
f 945 1018 1019 946
f 3294 3370 3371 3295
f 4369 4388 4389 4370
f 2027 2116 2117 2029
f 3634 3635 3636 3568
f 3931 3965 3966 3932
f 3980 4007 4009 3981
f 3941 3973 3974 3942
f 3878 3916 3917 3879
f 2300 2345 2344 2299
f 3896 3933 3934 3897
f 4002 4029 4030 4003
f 4361 4382 4384 4363
f 3965 3997 3998 3966
f 2162 2229 2230 2163
f 3903 3937 3939 3904
f 4354 4375 4376 4355
f 2756 2832 2833 2757
f 2472 2515 2516 2473
f 3995 4024 4025 3996
f 3632 3633 3635 3634
f 2011 2104 2106 2012
f 3258 3327 3328 3259
f 4196 4216 4218 4197
f 1200 1249 1250 1201
f 3396 3466 3467 3397
f 3177 3250 3251 3178
f 3960 3992 3993 3961
f 2012 2106 2107 2013
f 2796 2866 2867 2797
f 2049 2142 2143 2050
f 3398 3468 3469 3399
f 4353 4374 4375 4354
f 3992 4021 4022 3993
f 3975 4004 4005 3976
f 3666 3720 3721 3667
f 3300 3378 3377 3299
f 3169 3242 3243 3170
f 4028 4050 4051 4029
f 3981 4009 4010 3982
f 4259 4283 4284 4260
f 3999 4026 4028 4001
f 4204 4206 4205 4184
f 4027 4049 4048 4026
f 3973 4002 4003 3974
f 3958 3990 3989 3957
f 2034 2130 2131 2035
f 2065 2156 2155 2066
f 4282 4305 4306 4283
f 4197 4218 4219 4198
f 4014 4040 4041 4015
f 2084 2085 2086 1987
f 961 1033 1034 962
f 816 817 819 818
f 3470 3541 3542 3471
f 3640 3697 3698 3641
f 3949 3981 3982 3950
f 4235 4266 4267 4236
f 4015 4041 4042 4016
f 4008 4034 4033 4007
f 4042 4064 4065 4043
f 905 988 989 906
f 4000 4027 4026 3999
f 779 839 840 780
f 2122 2123 2125 2124
f 4274 4297 4298 4275
f 2059 2152 2153 2060
f 3976 4005 4006 3977
f 4007 4033 4035 4009
f 2988 3066 3067 2989
f 2760 2836 2837 2761
f 3238 3308 3309 3239
f 3916 3951 3952 3917
f 4021 4044 4046 4022
f 4030 4052 4053 4031
f 3983 4011 4012 3984
f 3904 3939 3940 3905
f 3014 3017 3016 3015
f 3556 3620 3621 3557
f 3120 3194 3195 3121
f 4053 4070 4071 4054
f 3752 3803 3804 3753
f 217 227 228 218
f 3068 3144 3145 3069
f 4048 4067 4066 4050
f 513 554 555 514
f 3542 3607 3608 3543
f 3604 3662 3663 3605
f 2043 2136 2137 2044
f 4022 4046 4047 4023
f 3911 3946 3948 3913
f 4356 4377 4378 4357
f 1577 1643 1645 1579
f 4170 4191 4192 4171
f 4069 4086 4087 4070
f 2060 2153 2154 2061
f 3974 4003 4004 3975
f 11 12 14 13
f 1808 1873 1874 1809
f 2904 2982 2983 2905
f 4115 4132 4133 4116
f 1001 1074 1073 1003
f 4061 4078 4079 4062
f 3886 3922 3924 3887
f 4055 4072 4074 4057
f 4080 4102 4103 4081
f 3628 3688 3689 3629
f 4116 4133 4134 4117
f 4291 4314 4315 4292
f 1477 1532 1533 1478
f 4095 4110 4109 4094
f 4072 4094 4096 4074
f 3116 3190 3191 3117
f 281 291 292 282
f 3265 3336 3337 3266
f 26 40 41 27
f 1018 1086 1087 1019
f 4078 4100 4101 4079
f 4154 4173 4175 4156
f 3826 3873 3875 3828
f 3614 3672 3673 3615
f 2091 2175 2176 2092
f 2044 2137 2138 2045
f 4110 4127 4126 4109
f 4056 4073 4072 4055
f 1376 1410 1411 1375
f 3072 3147 3146 3071
f 3217 3289 3290 3218
f 3792 3843 3844 3793
f 4101 4116 4117 4102
f 4275 4298 4299 4276
f 4111 4128 4129 4112
f 2112 2191 2192 2113
f 4147 4166 4167 4148
f 4425 4435 4436 4426
f 4126 4143 4145 4128
f 4118 4135 4136 4120
f 4386 4405 4404 4388
f 4103 4118 4120 4119
f 3284 3355 3356 3285
f 3700 3753 3754 3701
f 3209 3281 3282 3210
f 4156 4175 4176 4157
f 4125 4140 4142 4141
f 4094 4109 4111 4096
f 4063 4080 4081 4064
f 4268 4292 4293 4269
f 3694 3747 3748 3695
f 1049 1109 1110 1050
f 4409 4421 4422 4410
f 2075 2164 2165 2079
f 3282 3353 3354 3283
f 457 502 501 456
f 3201 3272 3274 3200
f 4187 4210 4211 4188
f 3612 3670 3669 3611
f 3880 3918 3919 3881
f 4149 4168 4169 4150
f 2210 2270 2271 2211
f 2108 2187 2188 2109
f 4112 4129 4130 4113
f 3364 3437 3439 3367
f 2113 2192 2193 2114
f 4133 4150 4151 4134
f 4143 4162 4164 4145
f 4152 4171 4172 4153
f 2432 2481 2482 2433
f 3772 3823 3824 3773
f 2249 2305 2304 2248
f 4339 4340 4343 4342
f 4252 4279 4280 4254
f 4188 4211 4212 4189
f 4176 4195 4196 4177
f 4167 4188 4189 4168
f 3428 3501 3502 3429
f 249 259 260 250
f 1645 1723 1722 1646
f 4346 4366 4368 4347
f 62 73 75 74
f 4158 4159 4161 4160
f 2092 2176 2177 2093
f 3782 3833 3834 3783
f 3952 3984 3985 3953
f 4109 4126 4128 4111
f 4182 4199 4201 4200
f 4183 4207 4208 4185
f 3962 3994 3995 3963
f 2106 2186 2185 2107
f 4175 4193 4195 4176
f 4075 4097 4098 4076
f 4307 4328 4329 4308
f 4037 4059 4060 4038
f 4151 4170 4171 4152
f 4168 4189 4190 4169
f 1960 2050 2051 1961
f 1822 1887 1888 1823
f 3225 3297 3298 3226
f 4330 4354 4355 4331
f 4173 4194 4193 4175
f 4198 4219 4220 4199
f 3416 3417 3419 3344
f 3854 3899 3900 3855
f 187 197 198 188
f 2243 2299 2301 2245
f 4190 4213 4214 4191
f 4128 4145 4146 4129
f 3844 3889 3890 3845
f 4079 4101 4102 4080
f 4034 4056 4055 4033
f 1665 1666 1667 1594
f 1130 1185 1186 1131
f 2568 2626 2627 2569
f 57 68 69 58
f 4221 4243 4244 4222
f 4433 4441 4442 4434
f 4150 4169 4170 4151
f 4223 4224 4226 4225
f 4064 4081 4082 4065
f 2970 2972 2971 2895
f 3256 3325 3326 3257
f 4243 4273 4274 4244
f 4040 4062 4063 4041
f 4213 4237 4238 4214
f 4102 4117 4118 4103
f 4300 4321 4322 4301
f 4314 4335 4336 4315
f 2146 2219 2220 2147
f 2169 2236 2237 2170
f 4325 4349 4350 4326
f 2199 2260 2261 2200
f 4208 4232 4233 4209
f 3520 3591 3592 3521
f 4260 4284 4285 4261
f 3894 3931 3932 3895
f 4240 4272 4271 4242
f 3924 3957 3959 3925
f 3950 3982 3983 3951
f 4378 4397 4398 4379
f 1114 1115 1118 1117
f 3582 3648 3650 3583
f 2284 2336 2338 2285
f 4284 4307 4308 4285
f 3660 3716 3715 3662
f 553 594 595 554
f 3257 3326 3327 3258
f 4104 4122 4121 4106
f 2155 2222 2224 2157
f 867 958 959 869
f 3032 3109 3110 3033
f 4298 4318 4320 4299
f 4283 4306 4307 4284
f 18 29 30 20
f 4237 4268 4269 4238
f 2982 3060 3061 2983
f 4263 4287 4288 4264
f 4256 4281 4282 4258
f 3732 3784 3785 3733
f 3664 3718 3719 3665
f 3241 3311 3312 3242
f 4292 4315 4316 4293
f 4269 4293 4294 4270
f 492 532 533 493
f 4231 4262 4263 4232
f 4248 4277 4278 4250
f 4114 4131 4132 4115
f 4004 4031 4032 4005
f 4062 4079 4080 4063
f 10 25 26 12
f 2139 2212 2213 2140
f 2608 2671 2672 2609
f 2129 2203 2204 2130
f 3233 3303 3304 3234
f 4184 4205 4207 4183
f 4285 4308 4309 4286
f 212 222 223 213
f 4207 4231 4232 4208
f 4224 4245 4246 4226
f 3304 3382 3383 3305
f 3908 3943 3944 3909
f 4315 4336 4337 4316
f 2 3 6 5
f 4277 4300 4301 4278
f 4230 4261 4262 4231
f 3314 3392 3393 3315
f 4426 4436 4437 4427
f 3828 3875 3876 3829
f 2145 2218 2219 2146
f 2202 2263 2264 2203
f 2504 2563 2564 2505
f 4142 4157 4159 4158
f 4340 4361 4363 4343
f 4186 4209 4210 4187
f 121 132 134 123
f 2194 2255 2256 2195
f 4418 4430 4429 4420
f 54 65 66 55
f 3425 3499 3500 3427
f 2188 2248 2250 2189
f 4288 4311 4312 4289
f 3964 3996 3997 3965
f 4362 4383 4382 4361
f 4219 4240 4242 4220
f 4328 4352 4353 4329
f 4245 4275 4276 4246
f 4395 4412 4413 4396
f 4287 4310 4311 4288
f 2195 2256 2257 2196
f 4280 4303 4304 4281
f 4327 4351 4352 4328
f 4304 4325 4326 4305
f 3984 4012 4013 3985
f 3550 3614 3615 3551
f 4410 4422 4423 4411
f 4309 4330 4331 4310
f 4302 4323 4324 4303
f 2172 2239 2240 2173
f 4232 4263 4264 4233
f 3624 3684 3685 3625
f 4180 4198 4199 4182
f 3907 3942 3943 3908
f 4236 4267 4268 4237
f 4341 4362 4361 4340
f 4334 4358 4359 4335
f 4343 4363 4365 4364
f 2231 2291 2292 2232
f 4052 4069 4070 4053
f 1754 1755 1756 1685
f 4371 4390 4391 4372
f 4088 4091 4090 4089
f 4266 4290 4291 4267
f 3 21 23 6
f 4379 4398 4399 4380
f 3720 3772 3773 3721
f 2171 2238 2239 2172
f 4358 4379 4380 4359
f 4335 4359 4360 4336
f 245 255 254 244
f 3208 3280 3281 3209
f 4144 4163 4162 4143
f 3337 3410 3411 3338
f 4344 4367 4366 4346
f 4350 4371 4372 4351
f 4376 4395 4396 4377
f 4244 4274 4275 4245
f 179 189 190 180
f 4357 4378 4379 4358
f 4310 4331 4332 4311
f 4303 4324 4325 4304
f 3776 3827 3826 3775
f 195 205 204 194
f 505 546 547 506
f 4286 4309 4310 4287
f 114 125 126 115
f 4349 4370 4371 4350
f 4238 4269 4270 4239
f 4247 4248 4250 4249
f 12 26 27 14
f 2220 2280 2281 2221
f 4392 4409 4410 4393
f 4212 4236 4237 4213
f 4434 4442 4443 4435
f 3289 3360 3361 3290
f 4388 4404 4406 4389
f 646 702 703 647
f 4382 4402 4401 4384
f 4375 4394 4395 4376
f 4320 4345 4344 4321
f 4380 4399 4400 4381
f 1106 1157 1156 1105
f 4406 4419 4418 4407
f 4407 4418 4420 4408
f 2584 2643 2644 2585
f 4322 4346 4347 4323
f 4308 4329 4330 4309
f 2227 2287 2288 2228
f 2204 2265 2266 2205
f 4312 4333 4334 4313
f 4276 4299 4300 4277
f 1033 1097 1098 1034
f 4 22 21 3
f 4432 4440 4441 4433
