# exported by blender_batch_chars_to_s.py fallback
v 0.953645 -0.004719 0.000000
v 0.956355 -0.004719 0.000000
v 0.956755 -0.009688 0.000000
v 0.953245 -0.009688 0.000000
v 0.956355 -0.014656 0.000000
v 0.953645 -0.014656 0.000000
v 0.673061 -0.033908 0.000000
v 0.676866 -0.033925 0.000000
v 0.679154 -0.039784 0.000000
v 0.670342 -0.039668 0.000000
v 0.624031 -0.043320 0.000000
v 0.630631 -0.042391 0.000000
v 0.630109 -0.048901 0.058544
v 0.620945 -0.049420 0.000000
v 0.640058 -0.042220 0.000000
v 0.640006 -0.048850 0.069941
v 0.650005 -0.042167 0.000000
v 0.650000 -0.048844 0.071883
v 0.660037 -0.041798 0.000000
v 0.660003 -0.048797 0.071914
v 0.670024 -0.048523 0.069404
v 0.679905 -0.048562 0.058529
v 0.685995 -0.042687 0.000000
v 0.689484 -0.049243 0.000000
v 0.614079 -0.052387 0.000000
v 0.620135 -0.058251 0.058959
v 0.611017 -0.059013 0.000000
v 0.630009 -0.058157 0.084149
v 0.640000 -0.058152 0.093276
v 0.650000 -0.058151 0.095833
v 0.660000 -0.058149 0.096946
v 0.670001 -0.058129 0.095798
v 0.679995 -0.058132 0.088927
v 0.689963 -0.058204 0.073998
v 0.699331 -0.051664 0.000000
v 0.699921 -0.058529 0.059785
v 0.706032 -0.052932 0.000000
v 0.709527 -0.058978 0.000000
v 0.604745 -0.061937 0.000000
v 0.610517 -0.067525 0.042982
v 0.603949 -0.067731 0.000000
v 0.620068 -0.067740 0.065709
v 0.630005 -0.067786 0.085408
v 0.640001 -0.067810 0.094345
v 0.650000 -0.067813 0.100311
v 0.660000 -0.067813 0.104973
v 0.670000 -0.067813 0.106201
v 0.680000 -0.067813 0.103131
v 0.689999 -0.067816 0.097344
v 0.699996 -0.067840 0.089330
v 0.709967 -0.067892 0.075874
v 0.719899 -0.061188 0.000000
v 0.719992 -0.068174 0.070736
v 0.729371 -0.061727 0.000000
v 0.729922 -0.068264 0.059320
v 0.736031 -0.062675 0.000000
v 0.739482 -0.068682 0.000000
v 0.610767 -0.074282 0.000000
v 0.604707 -0.073111 0.000000
v 0.620518 -0.076635 0.000000
v 0.630081 -0.077096 0.059368
v 0.640037 -0.077421 0.073797
v 0.650005 -0.077494 0.089819
v 0.660000 -0.077500 0.101343
v 0.670000 -0.077500 0.107712
v 0.680000 -0.077500 0.110020
v 0.690000 -0.077500 0.108513
v 0.700000 -0.077501 0.104006
v 0.709999 -0.077504 0.099207
v 0.720000 -0.077524 0.096317
v 0.729995 -0.077530 0.088958
v 0.739941 -0.077582 0.073267
v 0.749242 -0.071041 0.000000
v 0.749591 -0.077896 0.055975
v 0.755379 -0.072289 0.000000
v 0.756668 -0.078234 0.000000
v 0.630669 -0.083961 0.000000
v 0.623972 -0.082692 0.000000
v 0.640515 -0.086386 0.000000
v 0.650090 -0.087100 0.063681
v 0.660006 -0.087183 0.090331
v 0.670000 -0.087187 0.103873
v 0.680000 -0.087187 0.111494
v 0.690000 -0.087187 0.114564
v 0.700000 -0.087188 0.113422
v 0.710000 -0.087188 0.111380
v 0.720000 -0.087188 0.108656
v 0.730000 -0.087189 0.103052
v 0.739995 -0.087192 0.093550
v 0.749915 -0.087245 0.073252
v 0.759102 -0.087689 0.000000
v 0.650827 -0.096376 0.000000
v 0.643993 -0.093006 0.000000
v 0.660081 -0.096839 0.074426
v 0.670004 -0.096874 0.097821
v 0.680000 -0.096875 0.109186
v 0.690000 -0.096875 0.116269
v 0.700000 -0.096875 0.119878
v 0.710000 -0.096875 0.120227
v 0.720000 -0.096875 0.116810
v 0.730000 -0.096875 0.110649
v 0.739999 -0.096875 0.101911
v 0.749969 -0.096880 0.087345
v 0.759528 -0.096945 0.057325
v 0.765299 -0.091028 0.000000
v 0.766225 -0.097426 0.000000
v 0.660417 -0.106486 0.059925
v 0.653330 -0.105914 0.000000
v 0.670028 -0.106558 0.089632
v 0.680001 -0.106562 0.104536
v 0.690000 -0.106562 0.114500
v 0.700000 -0.106562 0.122242
v 0.710000 -0.106563 0.125868
v 0.720000 -0.106563 0.121405
v 0.730000 -0.106563 0.113173
v 0.739999 -0.106562 0.102927
v 0.749969 -0.106559 0.087634
v 0.759529 -0.106494 0.057365
v 0.766225 -0.106012 0.000000
v 0.660881 -0.115792 0.000000
v 0.654640 -0.112405 0.000000
v 0.670082 -0.116218 0.076290
v 0.680004 -0.116249 0.099844
v 0.690000 -0.116250 0.112205
v 0.700000 -0.116250 0.121413
v 0.710000 -0.116250 0.126458
v 0.720000 -0.116250 0.121297
v 0.730000 -0.116250 0.112042
v 0.739996 -0.116249 0.099652
v 0.749917 -0.116218 0.076068
v 0.759115 -0.115792 0.000000
v 0.765300 -0.112413 0.000000
v 0.670373 -0.125930 0.071117
v 0.663162 -0.125839 0.000000
v 0.680025 -0.125937 0.096832
v 0.690001 -0.125938 0.109268
v 0.700000 -0.125938 0.118166
v 0.710000 -0.125938 0.123234
v 0.720000 -0.125938 0.118104
v 0.729999 -0.125938 0.109233
v 0.739975 -0.125937 0.096810
v 0.749627 -0.125930 0.071099
v 0.756838 -0.125839 0.000000
v 0.670444 -0.135552 0.059574
v 0.663715 -0.135016 0.000000
v 0.680029 -0.135621 0.089552
v 0.690001 -0.135625 0.104521
v 0.700000 -0.135625 0.114249
v 0.710000 -0.135625 0.119125
v 0.720000 -0.135625 0.113787
v 0.729999 -0.135625 0.104205
v 0.739969 -0.135621 0.089338
v 0.749534 -0.135550 0.059466
v 0.756282 -0.135016 0.000000
v 0.854030 -0.130508 0.000000
v 0.860631 -0.129578 0.000000
v 0.860109 -0.136089 0.058865
v 0.850941 -0.136606 0.000000
v 0.870058 -0.129409 0.000000
v 0.870006 -0.136037 0.070230
v 0.880000 -0.129393 0.000000
v 0.880000 -0.136035 0.071950
v 0.889942 -0.129409 0.000000
v 0.889995 -0.136037 0.070255
v 0.899374 -0.129577 0.000000
v 0.899924 -0.136079 0.059319
v 0.906035 -0.130489 0.000000
v 0.909530 -0.136481 0.000000
v 0.670574 -0.144889 0.000000
v 0.664652 -0.141473 0.000000
v 0.680039 -0.145283 0.076882
v 0.690001 -0.145311 0.100102
v 0.700000 -0.145312 0.111272
v 0.710000 -0.145313 0.114490
v 0.720000 -0.145312 0.108872
v 0.729996 -0.145311 0.097632
v 0.739915 -0.145275 0.074289
v 0.749102 -0.144815 0.000000
v 0.755304 -0.141468 0.000000
v 0.844009 -0.139558 0.000000
v 0.850098 -0.145433 0.063139
v 0.840475 -0.146105 0.000000
v 0.860008 -0.145345 0.087103
v 0.870000 -0.145339 0.095802
v 0.880000 -0.145339 0.097413
v 0.890000 -0.145339 0.095969
v 0.899996 -0.145343 0.089106
v 0.909967 -0.145392 0.075982
v 0.919957 -0.138670 0.000000
v 0.919997 -0.145672 0.072683
v 0.929995 -0.139042 0.000000
v 0.930000 -0.145719 0.071917
v 0.939942 -0.139095 0.000000
v 0.939994 -0.145725 0.069745
v 0.949369 -0.139266 0.000000
v 0.949888 -0.145776 0.057879
v 0.955964 -0.140195 0.000000
v 0.958985 -0.146286 0.000000
v 0.680039 -0.155029 0.076866
v 0.670574 -0.155424 0.000000
v 0.690001 -0.155001 0.099878
v 0.700000 -0.155000 0.109681
v 0.710000 -0.155000 0.109177
v 0.719999 -0.155000 0.101765
v 0.729970 -0.154992 0.087409
v 0.739573 -0.154892 0.059426
v 0.746665 -0.154347 0.000000
v 0.814031 -0.149880 0.000000
v 0.820633 -0.148915 0.000000
v 0.820109 -0.155461 0.058894
v 0.810945 -0.155982 0.000000
v 0.830102 -0.148372 0.000000
v 0.830009 -0.155362 0.070704
v 0.840033 -0.155077 0.075950
v 0.850005 -0.155007 0.090196
v 0.860000 -0.155001 0.101115
v 0.870000 -0.155001 0.106571
v 0.880000 -0.155001 0.107977
v 0.890000 -0.155001 0.106800
v 0.900000 -0.155001 0.102927
v 0.909999 -0.155004 0.098707
v 0.920000 -0.155024 0.097366
v 0.930000 -0.155026 0.095758
v 0.939999 -0.155026 0.091663
v 0.949961 -0.155024 0.078329
v 0.959465 -0.155003 0.046281
v 0.965255 -0.149138 0.000000
v 0.966048 -0.155000 0.000000
v 0.664655 -0.158839 0.000000
v 0.670447 -0.164760 0.059542
v 0.663753 -0.165294 0.000000
v 0.680029 -0.164691 0.089480
v 0.690001 -0.164688 0.103744
v 0.700000 -0.164687 0.109386
v 0.710000 -0.164687 0.104015
v 0.719995 -0.164683 0.090543
v 0.729899 -0.164594 0.063296
v 0.738994 -0.163776 0.000000
v 0.745341 -0.160780 0.000000
v 0.804074 -0.158952 0.000000
v 0.810130 -0.164817 0.062688
v 0.800944 -0.165604 0.000000
v 0.820009 -0.164720 0.087086
v 0.830000 -0.164712 0.095928
v 0.840001 -0.164691 0.098681
v 0.850000 -0.164688 0.102722
v 0.860000 -0.164688 0.106322
v 0.870000 -0.164687 0.108015
v 0.880000 -0.164687 0.108472
v 0.890000 -0.164687 0.108148
v 0.900000 -0.164687 0.107088
v 0.910000 -0.164687 0.106111
v 0.920000 -0.164687 0.104826
v 0.930000 -0.164687 0.100210
v 0.939992 -0.164683 0.088607
v 0.949875 -0.164592 0.062082
v 0.958984 -0.163783 0.000000
v 0.965255 -0.160867 0.000000
v 0.670424 -0.174380 0.070657
v 0.663582 -0.174431 0.000000
v 0.680027 -0.174375 0.096512
v 0.690001 -0.174375 0.107443
v 0.700000 -0.174375 0.109343
v 0.709999 -0.174374 0.099868
v 0.719967 -0.174345 0.077010
v 0.729527 -0.173939 0.000000
v 0.735986 -0.170493 0.000000
v 0.794009 -0.168615 0.000000
v 0.800098 -0.174492 0.063266
v 0.790475 -0.175167 0.000000
v 0.810009 -0.174384 0.088218
v 0.820000 -0.174376 0.100946
v 0.830000 -0.174376 0.106500
v 0.840000 -0.174375 0.107675
v 0.850000 -0.174375 0.106286
v 0.860000 -0.174375 0.102738
v 0.869999 -0.174371 0.098935
v 0.880000 -0.174351 0.098015
v 0.890000 -0.174349 0.097860
v 0.900000 -0.174348 0.097707
v 0.910000 -0.174348 0.097553
v 0.920000 -0.174348 0.096853
v 0.929996 -0.174347 0.092193
v 0.939919 -0.174315 0.073295
v 0.949169 -0.173871 0.000000
v 0.955939 -0.170489 0.000000
v 0.670420 -0.184063 0.072645
v 0.663527 -0.184067 0.000000
v 0.680027 -0.184062 0.098382
v 0.690001 -0.184062 0.109194
v 0.700000 -0.184062 0.109847
v 0.710000 -0.184063 0.099932
v 0.719998 -0.184082 0.077417
v 0.729967 -0.184362 0.000000
v 0.763965 -0.178923 0.000000
v 0.770628 -0.177976 0.000000
v 0.770076 -0.184513 0.059347
v 0.760470 -0.184917 0.000000
v 0.780102 -0.177435 0.000000
v 0.780008 -0.184424 0.070742
v 0.790033 -0.184139 0.075983
v 0.800005 -0.184070 0.090248
v 0.810000 -0.184063 0.100990
v 0.820000 -0.184062 0.106094
v 0.830000 -0.184062 0.107663
v 0.840000 -0.184062 0.106506
v 0.850000 -0.184061 0.101109
v 0.859995 -0.184055 0.090203
v 0.869967 -0.183986 0.076119
v 0.879997 -0.183703 0.072754
v 0.890000 -0.183656 0.072314
v 0.900000 -0.183653 0.072274
v 0.910000 -0.183653 0.072256
v 0.919999 -0.183653 0.072023
v 0.929973 -0.183651 0.069524
v 0.939594 -0.183616 0.055526
v 0.946671 -0.183323 0.000000
v 0.670371 -0.193753 0.073247
v 0.663140 -0.193792 0.000000
v 0.680025 -0.193750 0.098765
v 0.690001 -0.193750 0.109732
v 0.700000 -0.193750 0.110851
v 0.710000 -0.193750 0.103973
v 0.720000 -0.193752 0.092236
v 0.729999 -0.193794 0.076362
v 0.740001 -0.187023 0.000000
v 0.740000 -0.194103 0.072493
v 0.750044 -0.187068 0.000000
v 0.750003 -0.194106 0.072458
v 0.760033 -0.193830 0.075783
v 0.770004 -0.193780 0.089093
v 0.780000 -0.193774 0.096287
v 0.790001 -0.193754 0.099081
v 0.800000 -0.193750 0.103162
v 0.810000 -0.193750 0.105303
v 0.820000 -0.193750 0.102743
v 0.830000 -0.193748 0.098701
v 0.840000 -0.193726 0.095930
v 0.849992 -0.193718 0.087110
v 0.859902 -0.193630 0.063139
v 0.869527 -0.192958 0.000000
v 0.879956 -0.190708 0.000000
v 0.889998 -0.190334 0.000000
v 0.900000 -0.190298 0.000000
v 0.910000 -0.190296 0.000000
v 0.919997 -0.190295 0.000000
v 0.929937 -0.190279 0.000000
v 0.939285 -0.190112 0.000000
v 0.945383 -0.189217 0.000000
v 0.670079 -0.203469 0.076466
v 0.660813 -0.203894 0.000000
v 0.680004 -0.203439 0.099407
v 0.690000 -0.203438 0.109138
v 0.700000 -0.203437 0.110007
v 0.710000 -0.203437 0.106105
v 0.720000 -0.203437 0.100809
v 0.730000 -0.203439 0.096220
v 0.740000 -0.203460 0.095169
v 0.750000 -0.203461 0.095347
v 0.760001 -0.203441 0.097246
v 0.770000 -0.203438 0.102852
v 0.780000 -0.203438 0.108237
v 0.790000 -0.203438 0.110407
v 0.800000 -0.203438 0.109333
v 0.810000 -0.203437 0.103604
v 0.820000 -0.203435 0.092434
v 0.829999 -0.203394 0.076516
v 0.839994 -0.203078 0.070750
v 0.849891 -0.202977 0.058897
v 0.859059 -0.202456 0.000000
v 0.865991 -0.199505 0.000000
v 0.653989 -0.207302 0.000000
v 0.660088 -0.213210 0.063533
v 0.650474 -0.213914 0.000000
v 0.670006 -0.213129 0.089584
v 0.680000 -0.213125 0.101155
v 0.690000 -0.213124 0.105667
v 0.700000 -0.213124 0.103221
v 0.709999 -0.213121 0.098448
v 0.720000 -0.213101 0.096201
v 0.730000 -0.213099 0.095229
v 0.740000 -0.213102 0.095163
v 0.750000 -0.213123 0.096244
v 0.760000 -0.213125 0.101082
v 0.770000 -0.213125 0.107671
v 0.780000 -0.213125 0.114165
v 0.790000 -0.213125 0.116568
v 0.800000 -0.213125 0.111405
v 0.810000 -0.213124 0.100102
v 0.819997 -0.213105 0.077443
v 0.829965 -0.212823 0.000000
v 0.839940 -0.210109 0.000000
v 0.849369 -0.209524 0.000000
v 0.855970 -0.208558 0.000000
v 0.623965 -0.217674 0.000000
v 0.630628 -0.216726 0.000000
v 0.630076 -0.223264 0.059199
v 0.620473 -0.223669 0.000000
v 0.640101 -0.216185 0.000000
v 0.640008 -0.223174 0.070397
v 0.650033 -0.222889 0.075232
v 0.660004 -0.222818 0.088271
v 0.670000 -0.222812 0.096243
v 0.679999 -0.222809 0.096595
v 0.690000 -0.222789 0.095743
v 0.699996 -0.222782 0.089124
v 0.709967 -0.222733 0.075938
v 0.719997 -0.222453 0.072524
v 0.730000 -0.222409 0.072027
v 0.740000 -0.222456 0.072464
v 0.750001 -0.222769 0.076364
v 0.760000 -0.222810 0.092289
v 0.770000 -0.222812 0.104487
v 0.780000 -0.222813 0.113550
v 0.790000 -0.222813 0.117718
v 0.800000 -0.222813 0.112045
v 0.809999 -0.222814 0.100206
v 0.819967 -0.222843 0.077035
v 0.829531 -0.223247 0.000000
v 0.593965 -0.227361 0.000000
v 0.600628 -0.226414 0.000000
v 0.600076 -0.232951 0.059200
v 0.590470 -0.233356 0.000000
v 0.610101 -0.225875 0.000000
v 0.610008 -0.232862 0.070392
v 0.620033 -0.232580 0.075151
v 0.630004 -0.232530 0.087567
v 0.640000 -0.232523 0.093260
v 0.650001 -0.232503 0.093580
v 0.659999 -0.232496 0.092578
v 0.669996 -0.232472 0.087937
v 0.679967 -0.232420 0.075529
v 0.689992 -0.232138 0.070681
v 0.699924 -0.232049 0.059349
v 0.709530 -0.231644 0.000000
v 0.719957 -0.229457 0.000000
v 0.729998 -0.229124 0.000000
v 0.740002 -0.229504 0.000000
v 0.750035 -0.232199 0.000000
v 0.760002 -0.232480 0.077388
v 0.770000 -0.232499 0.099989
v 0.780000 -0.232500 0.111297
v 0.790000 -0.232500 0.116101
v 0.800000 -0.232500 0.112524
v 0.810000 -0.232500 0.104272
v 0.819996 -0.232504 0.090575
v 0.829935 -0.232584 0.063855
v 0.836057 -0.226675 0.000000
v 0.839531 -0.233288 0.000000
v 0.533965 -0.237051 0.000000
v 0.540626 -0.236139 0.000000
v 0.540076 -0.242642 0.059323
v 0.530470 -0.243044 0.000000
v 0.550058 -0.235972 0.000000
v 0.550005 -0.242600 0.070272
v 0.560003 -0.235953 0.000000
v 0.560000 -0.242597 0.072116
v 0.570002 -0.235916 0.000000
v 0.570000 -0.242594 0.072234
v 0.580043 -0.235545 0.000000
v 0.580003 -0.242547 0.072471
v 0.590033 -0.242267 0.075329
v 0.600004 -0.242218 0.087575
v 0.610000 -0.242211 0.093270
v 0.620001 -0.242190 0.093721
v 0.629999 -0.242185 0.093721
v 0.640000 -0.242164 0.093264
v 0.649996 -0.242157 0.087415
v 0.659963 -0.242105 0.073366
v 0.669921 -0.241783 0.059651
v 0.679527 -0.241335 0.000000
v 0.689899 -0.239125 0.000000
v 0.699372 -0.238586 0.000000
v 0.706035 -0.237639 0.000000
v 0.760036 -0.242218 0.076415
v 0.750535 -0.242621 0.000000
v 0.770001 -0.242189 0.098219
v 0.780000 -0.242187 0.107348
v 0.790000 -0.242187 0.110485
v 0.800000 -0.242188 0.110548
v 0.810000 -0.242188 0.107940
v 0.820000 -0.242188 0.101721
v 0.829996 -0.242193 0.090383
v 0.839967 -0.242264 0.076157
v 0.849957 -0.235542 0.000000
v 0.849997 -0.242547 0.072714
v 0.859995 -0.235917 0.000000
v 0.860000 -0.242594 0.071922
v 0.869942 -0.235970 0.000000
v 0.869994 -0.242600 0.069745
v 0.879369 -0.236141 0.000000
v 0.879888 -0.242651 0.057879
v 0.885964 -0.237070 0.000000
v 0.888985 -0.243161 0.000000
v 0.483965 -0.246739 0.000000
v 0.490626 -0.245827 0.000000
v 0.490076 -0.252329 0.059298
v 0.480470 -0.252731 0.000000
v 0.500058 -0.245657 0.000000
v 0.500005 -0.252287 0.070242
v 0.510005 -0.245604 0.000000
v 0.510000 -0.252281 0.072128
v 0.520044 -0.245233 0.000000
v 0.520003 -0.252234 0.072720
v 0.530033 -0.251955 0.075995
v 0.540004 -0.251905 0.089171
v 0.550000 -0.251902 0.096124
v 0.560000 -0.251902 0.097641
v 0.570000 -0.251901 0.097203
v 0.580000 -0.251899 0.095784
v 0.590001 -0.251879 0.094086
v 0.599999 -0.251872 0.093750
v 0.610000 -0.251852 0.093271
v 0.619996 -0.251845 0.087568
v 0.629967 -0.251795 0.075151
v 0.639992 -0.251513 0.070391
v 0.649922 -0.251424 0.059172
v 0.659486 -0.251005 0.000000
v 0.669331 -0.248645 0.000000
v 0.676032 -0.247380 0.000000
v 0.744594 -0.246030 0.000000
v 0.750394 -0.251951 0.059378
v 0.743327 -0.252523 0.000000
v 0.760026 -0.251879 0.086140
v 0.770000 -0.251872 0.094525
v 0.780000 -0.251854 0.097511
v 0.790001 -0.251873 0.099321
v 0.800000 -0.251875 0.103803
v 0.810000 -0.251875 0.107694
v 0.820000 -0.251875 0.107964
v 0.830000 -0.251875 0.103932
v 0.839999 -0.251879 0.099369
v 0.850000 -0.251899 0.097732
v 0.860000 -0.251902 0.095862
v 0.869999 -0.251902 0.091680
v 0.879961 -0.251899 0.078330
v 0.889465 -0.251878 0.046281
v 0.895255 -0.246013 0.000000
v 0.896048 -0.251875 0.000000
v 0.394703 -0.256312 0.000000
v 0.400724 -0.255476 0.000000
v 0.400496 -0.261613 0.040087
v 0.393946 -0.261568 0.000000
v 0.410065 -0.255341 0.000000
v 0.410065 -0.261892 0.051821
v 0.420003 -0.255328 0.000000
v 0.420005 -0.261945 0.063001
v 0.430000 -0.255329 0.000000
v 0.430001 -0.261968 0.066697
v 0.440000 -0.255329 0.000000
v 0.440000 -0.261971 0.069618
v 0.450000 -0.255327 0.000000
v 0.450000 -0.261971 0.071065
v 0.460002 -0.255291 0.000000
v 0.460000 -0.261969 0.071455
v 0.470044 -0.254920 0.000000
v 0.470003 -0.261922 0.072194
v 0.480033 -0.261642 0.075630
v 0.490004 -0.261593 0.088787
v 0.500000 -0.261589 0.095670
v 0.510000 -0.261589 0.097357
v 0.520000 -0.261586 0.097711
v 0.530001 -0.261566 0.098846
v 0.540000 -0.261564 0.103463
v 0.550000 -0.261563 0.107889
v 0.560000 -0.261563 0.108485
v 0.570000 -0.261563 0.105539
v 0.580000 -0.261563 0.099297
v 0.589996 -0.261557 0.088801
v 0.599967 -0.261486 0.075280
v 0.609992 -0.261201 0.070399
v 0.619924 -0.261111 0.059200
v 0.629527 -0.260706 0.000000
v 0.639899 -0.258500 0.000000
v 0.649371 -0.257961 0.000000
v 0.656031 -0.257013 0.000000
v 0.750080 -0.261598 0.070944
v 0.740831 -0.262063 0.000000
v 0.759999 -0.261557 0.082771
v 0.769967 -0.261489 0.074894
v 0.779999 -0.261256 0.073134
v 0.790023 -0.261520 0.076669
v 0.800002 -0.261560 0.092566
v 0.810000 -0.261562 0.104160
v 0.820000 -0.261562 0.110978
v 0.830000 -0.261562 0.112498
v 0.840000 -0.261563 0.110986
v 0.850000 -0.261563 0.107898
v 0.860000 -0.261563 0.101374
v 0.869992 -0.261559 0.088920
v 0.879876 -0.261469 0.062124
v 0.888984 -0.260658 0.000000
v 0.895254 -0.257742 0.000000
v 0.400766 -0.268063 0.000000
v 0.394707 -0.266870 0.000000
v 0.410518 -0.270411 0.000000
v 0.420081 -0.270872 0.055456
v 0.430037 -0.271194 0.068381
v 0.440004 -0.271246 0.082473
v 0.450000 -0.271253 0.088651
v 0.460001 -0.271273 0.090546
v 0.470000 -0.271273 0.093368
v 0.480001 -0.271253 0.095820
v 0.490000 -0.271250 0.100318
v 0.500000 -0.271250 0.104256
v 0.510000 -0.271250 0.105750
v 0.520000 -0.271250 0.106115
v 0.530000 -0.271250 0.106772
v 0.540000 -0.271250 0.109423
v 0.550000 -0.271250 0.112622
v 0.560000 -0.271250 0.111224
v 0.570000 -0.271250 0.103828
v 0.579996 -0.271246 0.090284
v 0.589934 -0.271166 0.063691
v 0.599529 -0.270461 0.000000
v 0.609899 -0.268190 0.000000
v 0.619372 -0.267649 0.000000
v 0.626035 -0.266701 0.000000
v 0.734056 -0.265449 0.000000
v 0.740121 -0.271346 0.060827
v 0.730946 -0.272164 0.000000
v 0.749999 -0.271247 0.076895
v 0.759902 -0.271134 0.061367
v 0.769528 -0.270488 0.000000
v 0.779987 -0.268661 0.000000
v 0.790342 -0.270945 0.000000
v 0.800046 -0.271229 0.077035
v 0.810003 -0.271249 0.100088
v 0.820000 -0.271250 0.111918
v 0.830000 -0.271250 0.118184
v 0.840000 -0.271250 0.117629
v 0.850000 -0.271250 0.111204
v 0.859996 -0.271249 0.099679
v 0.869921 -0.271218 0.076417
v 0.879183 -0.270792 0.000000
v 0.885940 -0.267367 0.000000
v 0.420669 -0.277709 0.000000
v 0.413972 -0.276443 0.000000
v 0.430514 -0.280069 0.000000
v 0.440078 -0.280487 0.058632
v 0.450008 -0.280577 0.069885
v 0.460033 -0.280858 0.074824
v 0.470004 -0.280908 0.087564
v 0.480000 -0.280911 0.093747
v 0.490000 -0.280911 0.095874
v 0.500000 -0.280911 0.097088
v 0.510000 -0.280911 0.097522
v 0.520000 -0.280914 0.097725
v 0.530001 -0.280935 0.098895
v 0.540000 -0.280937 0.103863
v 0.550000 -0.280937 0.109160
v 0.560000 -0.280937 0.109567
v 0.569999 -0.280936 0.099853
v 0.579965 -0.280908 0.076957
v 0.589496 -0.280513 0.000000
v 0.596054 -0.277075 0.000000
v 0.724074 -0.275197 0.000000
v 0.730130 -0.281064 0.061083
v 0.720947 -0.281855 0.000000
v 0.740002 -0.280941 0.077037
v 0.749880 -0.280843 0.060851
v 0.759058 -0.280025 0.000000
v 0.765991 -0.277012 0.000000
v 0.800368 -0.280936 0.073313
v 0.793096 -0.280909 0.000000
v 0.810025 -0.280937 0.099096
v 0.820001 -0.280937 0.112085
v 0.830000 -0.280937 0.119876
v 0.840000 -0.280937 0.119662
v 0.849999 -0.280937 0.111907
v 0.859975 -0.280937 0.099035
v 0.869629 -0.280935 0.073260
v 0.876860 -0.280895 0.000000
v 0.440629 -0.287023 0.000000
v 0.433969 -0.286076 0.000000
v 0.450101 -0.287562 0.000000
v 0.460473 -0.289768 0.000000
v 0.470076 -0.290171 0.059172
v 0.480005 -0.290213 0.069999
v 0.490000 -0.290215 0.071900
v 0.500000 -0.290215 0.072200
v 0.510000 -0.290219 0.072289
v 0.520002 -0.290268 0.072773
v 0.530023 -0.290580 0.076612
v 0.540003 -0.290623 0.092541
v 0.550000 -0.290625 0.103905
v 0.560000 -0.290625 0.108164
v 0.569999 -0.290626 0.099651
v 0.579962 -0.290654 0.076853
v 0.589428 -0.291049 0.000000
v 0.714074 -0.284884 0.000000
v 0.720131 -0.290751 0.062052
v 0.710944 -0.291542 0.000000
v 0.730006 -0.290633 0.082183
v 0.739921 -0.290593 0.072669
v 0.749182 -0.290165 0.000000
v 0.755946 -0.286741 0.000000
v 0.800419 -0.290625 0.072854
v 0.793522 -0.290624 0.000000
v 0.810027 -0.290625 0.098983
v 0.820001 -0.290625 0.112078
v 0.830000 -0.290625 0.119956
v 0.840000 -0.290625 0.119373
v 0.849999 -0.290625 0.111453
v 0.859973 -0.290625 0.098662
v 0.869581 -0.290625 0.072664
v 0.876473 -0.290620 0.000000
v 0.470626 -0.296673 0.000000
v 0.463965 -0.295761 0.000000
v 0.480058 -0.296841 0.000000
v 0.490003 -0.296858 0.000000
v 0.500000 -0.296861 0.000000
v 0.510001 -0.296899 0.000000
v 0.520030 -0.297313 0.000000
v 0.530344 -0.299980 0.000000
v 0.540047 -0.300290 0.076984
v 0.550003 -0.300312 0.099552
v 0.560000 -0.300312 0.108033
v 0.569999 -0.300313 0.103464
v 0.579971 -0.300316 0.089452
v 0.589556 -0.300385 0.059569
v 0.595348 -0.294464 0.000000
v 0.596286 -0.300921 0.000000
v 0.704012 -0.294554 0.000000
v 0.710100 -0.300430 0.062965
v 0.700520 -0.301117 0.000000
v 0.720008 -0.300322 0.086170
v 0.729975 -0.300312 0.090566
v 0.739626 -0.300304 0.070154
v 0.746841 -0.300214 0.000000
v 0.800419 -0.300313 0.072853
v 0.793524 -0.300315 0.000000
v 0.810027 -0.300312 0.098976
v 0.820001 -0.300312 0.111984
v 0.830000 -0.300312 0.119276
v 0.840000 -0.300312 0.117081
v 0.849999 -0.300312 0.109075
v 0.859973 -0.300312 0.096699
v 0.869575 -0.300308 0.070666
v 0.876418 -0.300256 0.000000
v 0.540368 -0.309998 0.073098
v 0.533098 -0.309968 0.000000
v 0.550025 -0.310000 0.098394
v 0.560001 -0.310000 0.108476
v 0.569999 -0.310000 0.107210
v 0.579975 -0.310000 0.096596
v 0.589627 -0.310008 0.071109
v 0.596842 -0.310098 0.000000
v 0.684617 -0.304788 0.000000
v 0.690758 -0.303537 0.000000
v 0.690406 -0.310395 0.056017
v 0.683288 -0.310722 0.000000
v 0.700059 -0.310079 0.073168
v 0.710006 -0.310007 0.088463
v 0.719999 -0.310000 0.094410
v 0.729967 -0.309991 0.085840
v 0.739525 -0.309895 0.058851
v 0.746281 -0.309386 0.000000
v 0.800371 -0.310003 0.073272
v 0.793143 -0.310042 0.000000
v 0.810025 -0.310000 0.099084
v 0.820001 -0.310000 0.111924
v 0.830000 -0.310000 0.118469
v 0.840000 -0.310000 0.114089
v 0.849999 -0.310000 0.104489
v 0.859969 -0.309996 0.089518
v 0.869531 -0.309926 0.059470
v 0.876244 -0.309393 0.000000
v 0.540422 -0.319681 0.070652
v 0.533542 -0.319630 0.000000
v 0.550027 -0.319687 0.096295
v 0.560001 -0.319687 0.106912
v 0.570000 -0.319688 0.108204
v 0.579996 -0.319689 0.099262
v 0.589921 -0.319719 0.076346
v 0.599182 -0.320148 0.000000
v 0.690050 -0.319736 0.073765
v 0.680401 -0.320080 0.000000
v 0.700004 -0.319692 0.092016
v 0.710000 -0.319687 0.095567
v 0.719990 -0.319678 0.086842
v 0.729866 -0.319561 0.062516
v 0.738986 -0.318772 0.000000
v 0.745285 -0.315783 0.000000
v 0.800083 -0.319719 0.076470
v 0.790884 -0.320143 0.000000
v 0.810004 -0.319689 0.100121
v 0.820000 -0.319688 0.112290
v 0.830000 -0.319687 0.118129
v 0.840000 -0.319687 0.112290
v 0.849996 -0.319686 0.100121
v 0.859918 -0.319656 0.076470
v 0.869116 -0.319232 0.000000
v 0.875302 -0.315846 0.000000
v 0.540479 -0.329270 0.058976
v 0.533756 -0.328764 0.000000
v 0.550033 -0.329367 0.087239
v 0.560001 -0.329375 0.101229
v 0.570000 -0.329375 0.106540
v 0.580000 -0.329375 0.103010
v 0.589993 -0.329380 0.090377
v 0.599879 -0.329470 0.063302
v 0.605946 -0.323571 0.000000
v 0.609058 -0.330288 0.000000
v 0.664033 -0.324198 0.000000
v 0.670662 -0.322875 0.000000
v 0.670111 -0.329786 0.059359
v 0.660941 -0.330352 0.000000
v 0.680029 -0.329424 0.074360
v 0.690003 -0.329378 0.090560
v 0.700000 -0.329375 0.095900
v 0.709991 -0.329367 0.087023
v 0.719869 -0.329249 0.062634
v 0.729053 -0.328457 0.000000
v 0.735921 -0.325428 0.000000
v 0.784695 -0.323529 0.000000
v 0.790465 -0.329449 0.059499
v 0.783718 -0.329984 0.000000
v 0.800031 -0.329379 0.089525
v 0.810001 -0.329375 0.104493
v 0.820000 -0.329375 0.114091
v 0.830000 -0.329375 0.118469
v 0.839999 -0.329375 0.111924
v 0.849975 -0.329375 0.099084
v 0.859629 -0.329372 0.073273
v 0.866859 -0.329333 0.000000
v 1.063965 -0.324239 0.000000
v 1.070626 -0.323327 0.000000
v 1.070076 -0.329829 0.059316
v 1.060473 -0.330232 0.000000
v 1.080055 -0.323160 0.000000
v 1.080005 -0.329787 0.070105
v 1.089945 -0.323160 0.000000
v 1.089995 -0.329787 0.070106
v 1.099374 -0.323327 0.000000
v 1.099924 -0.329829 0.059317
v 1.106035 -0.324239 0.000000
v 1.109530 -0.330231 0.000000
v 0.541013 -0.338151 0.000000
v 0.534718 -0.335158 0.000000
v 0.550125 -0.338966 0.063160
v 0.560008 -0.339058 0.090193
v 0.570000 -0.339062 0.102785
v 0.580000 -0.339063 0.106187
v 0.590000 -0.339063 0.101324
v 0.599992 -0.339070 0.088315
v 0.609902 -0.339179 0.063276
v 0.615991 -0.333303 0.000000
v 0.619527 -0.339853 0.000000
v 0.654009 -0.333307 0.000000
v 0.660098 -0.339183 0.063140
v 0.650473 -0.339853 0.000000
v 0.670008 -0.339092 0.087115
v 0.680001 -0.339065 0.095962
v 0.690000 -0.339063 0.097806
v 0.699993 -0.339058 0.088956
v 0.709879 -0.338966 0.063092
v 0.719054 -0.338148 0.000000
v 0.725926 -0.335116 0.000000
v 0.790373 -0.339070 0.071114
v 0.783162 -0.339161 0.000000
v 0.800025 -0.339063 0.096822
v 0.810001 -0.339063 0.109134
v 0.820000 -0.339063 0.117120
v 0.830000 -0.339063 0.119285
v 0.839999 -0.339063 0.111987
v 0.849973 -0.339063 0.098983
v 0.859584 -0.339063 0.072882
v 0.866515 -0.339062 0.000000
v 1.033965 -0.333924 0.000000
v 1.040628 -0.332977 0.000000
v 1.040076 -0.339514 0.059349
v 1.030470 -0.339919 0.000000
v 1.050102 -0.332438 0.000000
v 1.050008 -0.339424 0.070723
v 1.060033 -0.339143 0.075846
v 1.070004 -0.339093 0.089166
v 1.080000 -0.339089 0.095919
v 1.090000 -0.339089 0.095926
v 1.099996 -0.339093 0.089190
v 1.109967 -0.339142 0.076034
v 1.119957 -0.332420 0.000000
v 1.119997 -0.339422 0.072769
v 1.129998 -0.332791 0.000000
v 1.130000 -0.339469 0.072330
v 1.139997 -0.332828 0.000000
v 1.140000 -0.339472 0.072139
v 1.149942 -0.332847 0.000000
v 1.149995 -0.339475 0.070275
v 1.159374 -0.333014 0.000000
v 1.159922 -0.339517 0.059296
v 1.166031 -0.333927 0.000000
v 1.169486 -0.339932 0.000000
v 0.550831 -0.348250 0.000000
v 0.544060 -0.344863 0.000000
v 0.560081 -0.348714 0.074391
v 0.570004 -0.348749 0.097413
v 0.580000 -0.348750 0.106602
v 0.590000 -0.348750 0.107524
v 0.600000 -0.348750 0.101684
v 0.609995 -0.348757 0.090381
v 0.619967 -0.348827 0.076164
v 0.629959 -0.342067 0.000000
v 0.629997 -0.349106 0.072807
v 0.640041 -0.342067 0.000000
v 0.640003 -0.349106 0.072803
v 0.650033 -0.348827 0.076126
v 0.660005 -0.348757 0.090151
v 0.670000 -0.348751 0.100526
v 0.680000 -0.348750 0.103143
v 0.689996 -0.348749 0.096212
v 0.699918 -0.348713 0.074195
v 0.709169 -0.348250 0.000000
v 0.715944 -0.344863 0.000000
v 0.790082 -0.348782 0.076290
v 0.780880 -0.349208 0.000000
v 0.800004 -0.348751 0.099831
v 0.810000 -0.348750 0.111994
v 0.820000 -0.348750 0.119723
v 0.830000 -0.348750 0.120073
v 0.839999 -0.348750 0.112141
v 0.849975 -0.348750 0.099101
v 0.859632 -0.348752 0.073314
v 0.866905 -0.348779 0.000000
v 0.983965 -0.343614 0.000000
v 0.990626 -0.342702 0.000000
v 0.990076 -0.349204 0.059298
v 0.980470 -0.349606 0.000000
v 1.000058 -0.342532 0.000000
v 1.000005 -0.349162 0.070242
v 1.010005 -0.342479 0.000000
v 1.010000 -0.349156 0.072128
v 1.020044 -0.342108 0.000000
v 1.020003 -0.349109 0.072720
v 1.030033 -0.348830 0.075985
v 1.040004 -0.348780 0.089115
v 1.050000 -0.348774 0.096120
v 1.060001 -0.348754 0.098909
v 1.070000 -0.348751 0.103700
v 1.080000 -0.348751 0.107998
v 1.090000 -0.348751 0.108088
v 1.100000 -0.348751 0.103959
v 1.109999 -0.348754 0.099446
v 1.120000 -0.348774 0.098347
v 1.130000 -0.348776 0.098204
v 1.140000 -0.348777 0.097952
v 1.150000 -0.348777 0.096186
v 1.159996 -0.348780 0.089040
v 1.169962 -0.348833 0.073984
v 1.179326 -0.342294 0.000000
v 1.179888 -0.349164 0.059327
v 1.185966 -0.343576 0.000000
v 1.189055 -0.349729 0.000000
v 0.560417 -0.358361 0.059920
v 0.553330 -0.357789 0.000000
v 0.570028 -0.358434 0.089549
v 0.580001 -0.358437 0.103722
v 0.590000 -0.358438 0.110164
v 0.600000 -0.358438 0.109255
v 0.610000 -0.358438 0.104202
v 0.619999 -0.358441 0.099491
v 0.630000 -0.358461 0.098371
v 0.640000 -0.358461 0.098306
v 0.650001 -0.358441 0.099061
v 0.660000 -0.358438 0.102582
v 0.670000 -0.358438 0.104686
v 0.679999 -0.358437 0.100391
v 0.689969 -0.358429 0.087191
v 0.699573 -0.358329 0.059415
v 0.706668 -0.357785 0.000000
v 0.774640 -0.352595 0.000000
v 0.780417 -0.358514 0.059919
v 0.773334 -0.359086 0.000000
v 0.790028 -0.358442 0.089636
v 0.800001 -0.358438 0.104578
v 0.810000 -0.358438 0.114614
v 0.820000 -0.358438 0.121490
v 0.830000 -0.358438 0.120685
v 0.840000 -0.358438 0.112628
v 0.849998 -0.358438 0.100182
v 0.859954 -0.358460 0.077034
v 0.869656 -0.358770 0.000000
v 0.933965 -0.353301 0.000000
v 0.940626 -0.352389 0.000000
v 0.940076 -0.358892 0.059265
v 0.930470 -0.359294 0.000000
v 0.950058 -0.352220 0.000000
v 0.950005 -0.358849 0.070064
v 0.960005 -0.352167 0.000000
v 0.960000 -0.358844 0.071833
v 0.970044 -0.351795 0.000000
v 0.970003 -0.358797 0.072403
v 0.980033 -0.358517 0.075666
v 0.990004 -0.358468 0.088789
v 1.000000 -0.358464 0.095670
v 1.010000 -0.358464 0.097356
v 1.020000 -0.358461 0.097701
v 1.030001 -0.358441 0.098742
v 1.040000 -0.358438 0.102935
v 1.050000 -0.358438 0.106903
v 1.060000 -0.358438 0.108937
v 1.070000 -0.358438 0.111554
v 1.080000 -0.358438 0.114940
v 1.090000 -0.358438 0.115599
v 1.100000 -0.358438 0.113395
v 1.110000 -0.358438 0.111565
v 1.120000 -0.358438 0.111158
v 1.130000 -0.358438 0.111068
v 1.140000 -0.358438 0.110636
v 1.150000 -0.358438 0.108598
v 1.160000 -0.358438 0.103750
v 1.169999 -0.358441 0.097234
v 1.179991 -0.358467 0.087240
v 1.189869 -0.358567 0.062667
v 1.195926 -0.352701 0.000000
v 1.199053 -0.359355 0.000000
v 0.560881 -0.367667 0.000000
v 0.554640 -0.364280 0.000000
v 0.570082 -0.368093 0.076275
v 0.580004 -0.368124 0.099620
v 0.590000 -0.368125 0.110467
v 0.600000 -0.368125 0.114423
v 0.610000 -0.368125 0.113455
v 0.620000 -0.368125 0.111890
v 0.630000 -0.368126 0.111393
v 0.640000 -0.368126 0.110818
v 0.650000 -0.368125 0.109231
v 0.660000 -0.368125 0.106594
v 0.670000 -0.368125 0.101006
v 0.679991 -0.368117 0.088183
v 0.689866 -0.367999 0.062705
v 0.698990 -0.367210 0.000000
v 0.705341 -0.364217 0.000000
v 0.780085 -0.368161 0.074327
v 0.770894 -0.368623 0.000000
v 0.790004 -0.368126 0.097871
v 0.800000 -0.368125 0.109647
v 0.810000 -0.368125 0.118004
v 0.820000 -0.368125 0.122942
v 0.830000 -0.368125 0.121309
v 0.840000 -0.368125 0.114293
v 0.850000 -0.368125 0.104770
v 0.859998 -0.368127 0.092571
v 0.869977 -0.368170 0.076606
v 0.879970 -0.361437 0.000000
v 0.879998 -0.368482 0.072772
v 0.889999 -0.361851 0.000000
v 0.890000 -0.368531 0.072290
v 0.900000 -0.361887 0.000000
v 0.900000 -0.368534 0.072208
v 0.910002 -0.361854 0.000000
v 0.910000 -0.368531 0.072090
v 0.920043 -0.361483 0.000000
v 0.920003 -0.368484 0.072425
v 0.930033 -0.368205 0.075635
v 0.940004 -0.368155 0.088478
v 0.950000 -0.368152 0.094301
v 0.960000 -0.368151 0.095022
v 0.970000 -0.368148 0.095146
v 0.980001 -0.368128 0.096165
v 0.990000 -0.368125 0.100353
v 1.000000 -0.368125 0.104258
v 1.010000 -0.368125 0.105747
v 1.020000 -0.368125 0.106058
v 1.030000 -0.368124 0.106268
v 1.040000 -0.368124 0.107103
v 1.050000 -0.368124 0.108224
v 1.060000 -0.368125 0.109190
v 1.070000 -0.368125 0.111647
v 1.080000 -0.368125 0.115431
v 1.090000 -0.368125 0.117677
v 1.100000 -0.368125 0.118242
v 1.110000 -0.368125 0.118463
v 1.120000 -0.368125 0.118856
v 1.130000 -0.368125 0.118906
v 1.140000 -0.368125 0.118422
v 1.150000 -0.368125 0.116533
v 1.160000 -0.368125 0.113082
v 1.170000 -0.368125 0.108523
v 1.180000 -0.368126 0.101248
v 1.189990 -0.368134 0.087804
v 1.199866 -0.368251 0.062192
v 1.205921 -0.362384 0.000000
v 1.208986 -0.369039 0.000000
v 0.570373 -0.377805 0.071112
v 0.563162 -0.377714 0.000000
v 0.580025 -0.377812 0.096785
v 0.590001 -0.377813 0.108847
v 0.600000 -0.377813 0.116141
v 0.610000 -0.377813 0.119848
v 0.620000 -0.377813 0.121020
v 0.630000 -0.377813 0.120824
v 0.640000 -0.377813 0.118283
v 0.650000 -0.377813 0.112513
v 0.660000 -0.377812 0.104076
v 0.669993 -0.377808 0.090471
v 0.679880 -0.377718 0.063308
v 0.689054 -0.376898 0.000000
v 0.695921 -0.373866 0.000000
v 0.764641 -0.371973 0.000000
v 0.770417 -0.377890 0.059893
v 0.763330 -0.378461 0.000000
v 0.780029 -0.377817 0.089443
v 0.790001 -0.377813 0.104148
v 0.800000 -0.377813 0.113416
v 0.810000 -0.377813 0.119444
v 0.820000 -0.377813 0.120826
v 0.830000 -0.377813 0.119121
v 0.840000 -0.377813 0.115128
v 0.850000 -0.377813 0.109299
v 0.860000 -0.377813 0.103473
v 0.869999 -0.377815 0.098801
v 0.880000 -0.377836 0.097715
v 0.890000 -0.377839 0.097522
v 0.900000 -0.377839 0.097100
v 0.910000 -0.377839 0.096049
v 0.920000 -0.377836 0.095324
v 0.930001 -0.377815 0.096017
v 0.940000 -0.377813 0.099067
v 0.950000 -0.377812 0.099067
v 0.959999 -0.377810 0.096000
v 0.970000 -0.377789 0.095147
v 0.980000 -0.377786 0.095220
v 0.990000 -0.377786 0.096042
v 1.000000 -0.377786 0.097099
v 1.010000 -0.377786 0.097515
v 1.020000 -0.377786 0.097591
v 1.030000 -0.377786 0.097614
v 1.040000 -0.377786 0.097716
v 1.050000 -0.377789 0.097987
v 1.060001 -0.377809 0.099152
v 1.070000 -0.377811 0.103773
v 1.080000 -0.377812 0.108530
v 1.090000 -0.377812 0.111068
v 1.100000 -0.377812 0.113439
v 1.110000 -0.377813 0.116388
v 1.120000 -0.377813 0.118374
v 1.130000 -0.377812 0.118931
v 1.140000 -0.377813 0.119086
v 1.150000 -0.377813 0.119183
v 1.160000 -0.377813 0.118123
v 1.170000 -0.377813 0.113695
v 1.180000 -0.377813 0.106760
v 1.189999 -0.377813 0.097499
v 1.199965 -0.377817 0.082467
v 1.209519 -0.377891 0.056235
v 1.215281 -0.372025 0.000000
v 1.216224 -0.378362 0.000000
v 0.570466 -0.387425 0.059467
v 0.563718 -0.386891 0.000000
v 0.580031 -0.387496 0.089337
v 0.590001 -0.387500 0.104186
v 0.600000 -0.387500 0.113854
v 0.610000 -0.387500 0.121343
v 0.620000 -0.387500 0.126187
v 0.630000 -0.387500 0.126922
v 0.640000 -0.387500 0.121542
v 0.650000 -0.387500 0.112541
v 0.659996 -0.387499 0.100120
v 0.669924 -0.387468 0.076604
v 0.679214 -0.387043 0.000000
v 0.685948 -0.383617 0.000000
v 0.770081 -0.387536 0.074415
v 0.760827 -0.387999 0.000000
v 0.780004 -0.387501 0.097695
v 0.790000 -0.387500 0.108513
v 0.800000 -0.387500 0.114354
v 0.810000 -0.387500 0.115967
v 0.820000 -0.387500 0.113783
v 0.830000 -0.387500 0.111570
v 0.840000 -0.387499 0.110182
v 0.850000 -0.387499 0.108594
v 0.860000 -0.387499 0.107159
v 0.870000 -0.387499 0.106272
v 0.880000 -0.387500 0.106058
v 0.890000 -0.387500 0.105747
v 0.900000 -0.387500 0.104258
v 0.910000 -0.387500 0.100353
v 0.919999 -0.387497 0.096169
v 0.930000 -0.387476 0.095138
v 0.940000 -0.387473 0.094308
v 0.949996 -0.387470 0.088478
v 0.959967 -0.387420 0.075634
v 0.969997 -0.387141 0.072408
v 0.980000 -0.387094 0.071996
v 0.990000 -0.387090 0.072062
v 1.000000 -0.387090 0.072206
v 1.010000 -0.387090 0.072258
v 1.020000 -0.387090 0.072266
v 1.030000 -0.387090 0.072268
v 1.040000 -0.387094 0.072303
v 1.050003 -0.387141 0.072745
v 1.060033 -0.387420 0.076016
v 1.070004 -0.387470 0.089200
v 1.080000 -0.387476 0.096315
v 1.090001 -0.387496 0.099183
v 1.100000 -0.387499 0.103993
v 1.110000 -0.387499 0.108592
v 1.120000 -0.387499 0.110635
v 1.130000 -0.387499 0.111126
v 1.140000 -0.387500 0.111639
v 1.150000 -0.387500 0.113371
v 1.160000 -0.387500 0.114430
v 1.170000 -0.387500 0.109717
v 1.180000 -0.387500 0.101615
v 1.189994 -0.387493 0.089311
v 1.199938 -0.387422 0.071567
v 1.209537 -0.387113 0.053467
v 1.216227 -0.386864 0.000000
v 0.570898 -0.396690 0.000000
v 0.564696 -0.393343 0.000000
v 0.580085 -0.397150 0.074290
v 0.590004 -0.397186 0.097653
v 0.600000 -0.397187 0.109204
v 0.610000 -0.397187 0.117350
v 0.620000 -0.397187 0.123965
v 0.630000 -0.397188 0.127239
v 0.640000 -0.397188 0.122043
v 0.649999 -0.397188 0.112436
v 0.659978 -0.397187 0.099240
v 0.669684 -0.397187 0.073768
v 0.677328 -0.397175 0.000000
v 0.753990 -0.391368 0.000000
v 0.760089 -0.397274 0.063703
v 0.750474 -0.397976 0.000000
v 0.770006 -0.397192 0.090233
v 0.780000 -0.397188 0.103118
v 0.790000 -0.397188 0.108732
v 0.800000 -0.397187 0.109845
v 0.810000 -0.397187 0.108491
v 0.820000 -0.397186 0.104030
v 0.829999 -0.397184 0.099443
v 0.840000 -0.397164 0.098229
v 0.850000 -0.397161 0.097902
v 0.860000 -0.397161 0.097713
v 0.870000 -0.397161 0.097614
v 0.880000 -0.397161 0.097579
v 0.890000 -0.397161 0.097349
v 0.900000 -0.397161 0.095670
v 0.909996 -0.397157 0.088789
v 0.919967 -0.397108 0.075661
v 0.929997 -0.396828 0.072263
v 0.939995 -0.396779 0.070092
v 0.949924 -0.396733 0.059265
v 0.959530 -0.396331 0.000000
v 0.969957 -0.394142 0.000000
v 0.979998 -0.393772 0.000000
v 0.990000 -0.393736 0.000000
v 1.000000 -0.393734 0.000000
v 1.010000 -0.393734 0.000000
v 1.020000 -0.393734 0.000000
v 1.030000 -0.393736 0.000000
v 1.040002 -0.393771 0.000000
v 1.050043 -0.394142 0.000000
v 1.060470 -0.396331 0.000000
v 1.070076 -0.396737 0.059354
v 1.080008 -0.396826 0.070736
v 1.090033 -0.397107 0.075866
v 1.100004 -0.397157 0.089202
v 1.110000 -0.397161 0.096191
v 1.120000 -0.397161 0.097959
v 1.130000 -0.397164 0.098328
v 1.140001 -0.397184 0.099438
v 1.150000 -0.397186 0.103775
v 1.160000 -0.397187 0.106535
v 1.170000 -0.397186 0.101371
v 1.179991 -0.397178 0.088294
v 1.189901 -0.397070 0.063174
v 1.199480 -0.396383 0.000000
v 1.209237 -0.393963 0.000000
v 1.215320 -0.392719 0.000000
v 0.580427 -0.406767 0.059427
v 0.573335 -0.406222 0.000000
v 0.590030 -0.406868 0.087421
v 0.600001 -0.406875 0.101971
v 0.610000 -0.406875 0.111044
v 0.620000 -0.406875 0.118963
v 0.630000 -0.406875 0.124433
v 0.640000 -0.406875 0.121565
v 0.650000 -0.406875 0.112764
v 0.659998 -0.406876 0.100201
v 0.669957 -0.406897 0.077062
v 0.679686 -0.407206 0.000000
v 0.723965 -0.401736 0.000000
v 0.730628 -0.400789 0.000000
v 0.730076 -0.407326 0.059301
v 0.720470 -0.407731 0.000000
v 0.740102 -0.400247 0.000000
v 0.740008 -0.407237 0.070531
v 0.750033 -0.406952 0.075647
v 0.760005 -0.406881 0.089929
v 0.770000 -0.406875 0.100856
v 0.780000 -0.406875 0.105058
v 0.790000 -0.406875 0.103080
v 0.799999 -0.406871 0.099006
v 0.810000 -0.406851 0.096305
v 0.819996 -0.406845 0.089217
v 0.829967 -0.406795 0.076035
v 0.839997 -0.406516 0.072761
v 0.850000 -0.406469 0.072316
v 0.860000 -0.406465 0.072274
v 0.870000 -0.406465 0.072267
v 0.880000 -0.406465 0.072259
v 0.890000 -0.406465 0.072098
v 0.899995 -0.406463 0.070241
v 0.909924 -0.406421 0.059298
v 0.919530 -0.406019 0.000000
v 0.929954 -0.403829 0.000000
v 0.939940 -0.403441 0.000000
v 0.949374 -0.403238 0.000000
v 0.956035 -0.402324 0.000000
v 1.070629 -0.403274 0.000000
v 1.063965 -0.402327 0.000000
v 1.080101 -0.403812 0.000000
v 1.090473 -0.406018 0.000000
v 1.100076 -0.406421 0.059324
v 1.110005 -0.406463 0.070276
v 1.120000 -0.406469 0.072168
v 1.130003 -0.406516 0.072761
v 1.140033 -0.406795 0.076022
v 1.150004 -0.406845 0.088996
v 1.160000 -0.406848 0.094194
v 1.169991 -0.406842 0.086929
v 1.179869 -0.406745 0.062680
v 1.189056 -0.405958 0.000000
v 1.195988 -0.402946 0.000000
v 0.581006 -0.415651 0.000000
v 0.574659 -0.412655 0.000000
v 0.590102 -0.416469 0.063286
v 0.600005 -0.416558 0.090610
v 0.610000 -0.416562 0.104844
v 0.620000 -0.416562 0.114830
v 0.630000 -0.416562 0.122070
v 0.640000 -0.416562 0.121883
v 0.650000 -0.416562 0.114622
v 0.660000 -0.416563 0.104857
v 0.669998 -0.416565 0.092583
v 0.679978 -0.416607 0.076612
v 0.689971 -0.409873 0.000000
v 0.689998 -0.416919 0.072774
v 0.700001 -0.410251 0.000000
v 0.700000 -0.416966 0.072334
v 0.710044 -0.409918 0.000000
v 0.710003 -0.416922 0.072734
v 0.720033 -0.416642 0.075899
v 0.730004 -0.416593 0.088598
v 0.740000 -0.416586 0.094442
v 0.750001 -0.416566 0.096166
v 0.760000 -0.416562 0.100353
v 0.770000 -0.416562 0.103678
v 0.780000 -0.416561 0.100609
v 0.789995 -0.416555 0.090213
v 0.799967 -0.416486 0.075976
v 0.809992 -0.416201 0.070743
v 0.819924 -0.416111 0.059355
v 0.829530 -0.415706 0.000000
v 0.839957 -0.413517 0.000000
v 0.849998 -0.413147 0.000000
v 0.860000 -0.413111 0.000000
v 0.870000 -0.413109 0.000000
v 0.880000 -0.413109 0.000000
v 0.889997 -0.413108 0.000000
v 0.899942 -0.413091 0.000000
v 0.909374 -0.412923 0.000000
v 0.916035 -0.412011 0.000000
v 1.100626 -0.412923 0.000000
v 1.093965 -0.412011 0.000000
v 1.110058 -0.413093 0.000000
v 1.120005 -0.413146 0.000000
v 1.130044 -0.413517 0.000000
v 1.140470 -0.415706 0.000000
v 1.150076 -0.416108 0.059160
v 1.159999 -0.416148 0.068245
v 1.169891 -0.416099 0.058703
v 1.179055 -0.415580 0.000000
v 1.185926 -0.412611 0.000000
v 0.590505 -0.425824 0.000000
v 0.584016 -0.422369 0.000000
v 0.600035 -0.426221 0.077008
v 0.610001 -0.426249 0.100293
v 0.620000 -0.426250 0.112717
v 0.630000 -0.426250 0.120903
v 0.640000 -0.426250 0.122466
v 0.650000 -0.426250 0.117139
v 0.660000 -0.426250 0.109965
v 0.670000 -0.426250 0.103587
v 0.679999 -0.426252 0.098813
v 0.690000 -0.426274 0.097740
v 0.700000 -0.426276 0.097714
v 0.710000 -0.426274 0.097855
v 0.720001 -0.426254 0.098211
v 0.730000 -0.426251 0.100118
v 0.740000 -0.426251 0.099280
v 0.749999 -0.426246 0.096199
v 0.760000 -0.426226 0.095961
v 0.770000 -0.426223 0.095272
v 0.779992 -0.426218 0.087029
v 0.789902 -0.426130 0.063139
v 0.799525 -0.425458 0.000000
v 0.809899 -0.423190 0.000000
v 0.819372 -0.422649 0.000000
v 0.826035 -0.421702 0.000000
v 1.150623 -0.422610 0.000000
v 1.143965 -0.421699 0.000000
v 1.160000 -0.422761 0.000000
v 1.169372 -0.422608 0.000000
v 1.175969 -0.421680 0.000000
v 0.600035 -0.435967 0.076990
v 0.590501 -0.436362 0.000000
v 0.610001 -0.435939 0.100170
v 0.620000 -0.435938 0.111997
v 0.630000 -0.435938 0.118513
v 0.640000 -0.435938 0.119211
v 0.650000 -0.435937 0.115838
v 0.660000 -0.435937 0.111064
v 0.670000 -0.435937 0.107674
v 0.680000 -0.435937 0.106349
v 0.690000 -0.435938 0.106289
v 0.700000 -0.435938 0.107055
v 0.710000 -0.435938 0.107617
v 0.720000 -0.435938 0.105501
v 0.730000 -0.435937 0.100022
v 0.739996 -0.435932 0.089679
v 0.749967 -0.435861 0.075772
v 0.759997 -0.435578 0.072363
v 0.769994 -0.435528 0.070215
v 0.779891 -0.435474 0.058862
v 0.789059 -0.434956 0.000000
v 0.795991 -0.432005 0.000000
v 0.583946 -0.439800 0.000000
v 0.590066 -0.445709 0.063783
v 0.580471 -0.446414 0.000000
v 0.600004 -0.445629 0.090355
v 0.610000 -0.445625 0.103748
v 0.620000 -0.445625 0.110863
v 0.630000 -0.445625 0.112504
v 0.640000 -0.445625 0.111160
v 0.650000 -0.445624 0.108565
v 0.660000 -0.445624 0.103690
v 0.669999 -0.445621 0.098954
v 0.680000 -0.445604 0.097871
v 0.690001 -0.445623 0.098784
v 0.700000 -0.445625 0.103104
v 0.710000 -0.445625 0.106400
v 0.720000 -0.445625 0.102737
v 0.729996 -0.445621 0.090235
v 0.739934 -0.445541 0.063775
v 0.749531 -0.444837 0.000000
v 0.759954 -0.442582 0.000000
v 0.769940 -0.442191 0.000000
v 0.779369 -0.441986 0.000000
v 0.785970 -0.441055 0.000000
v 0.553965 -0.450173 0.000000
v 0.560629 -0.449226 0.000000
v 0.560076 -0.455764 0.059325
v 0.550470 -0.456169 0.000000
v 0.570101 -0.448685 0.000000
v 0.570008 -0.455674 0.070668
v 0.580033 -0.455389 0.075711
v 0.590004 -0.455318 0.089688
v 0.600000 -0.455313 0.100009
v 0.610000 -0.455312 0.105394
v 0.620000 -0.455312 0.106909
v 0.630000 -0.455312 0.103721
v 0.639999 -0.455309 0.099174
v 0.650000 -0.455289 0.096317
v 0.659996 -0.455282 0.089195
v 0.669967 -0.455236 0.076031
v 0.679999 -0.455006 0.073232
v 0.690023 -0.455269 0.076577
v 0.700003 -0.455310 0.091994
v 0.710000 -0.455312 0.101123
v 0.719999 -0.455311 0.097811
v 0.729965 -0.455283 0.076714
v 0.739499 -0.454888 0.000000
v 0.746054 -0.451450 0.000000
v 0.494030 -0.459883 0.000000
v 0.500631 -0.458953 0.000000
v 0.500109 -0.465464 0.058850
v 0.490941 -0.465981 0.000000
v 0.510058 -0.458784 0.000000
v 0.510006 -0.465412 0.070179
v 0.520003 -0.458765 0.000000
v 0.520000 -0.465410 0.071898
v 0.530002 -0.458729 0.000000
v 0.530000 -0.465406 0.071989
v 0.540043 -0.458358 0.000000
v 0.540003 -0.465359 0.072410
v 0.550033 -0.465080 0.075665
v 0.560004 -0.465030 0.088758
v 0.570000 -0.465024 0.095427
v 0.580001 -0.465004 0.096837
v 0.590000 -0.465000 0.099444
v 0.600000 -0.464999 0.100117
v 0.609999 -0.464996 0.097986
v 0.620000 -0.464976 0.096058
v 0.629996 -0.464970 0.089178
v 0.639967 -0.464920 0.075865
v 0.649992 -0.464638 0.070736
v 0.659924 -0.464550 0.059358
v 0.669531 -0.464174 0.000000
v 0.679988 -0.462406 0.000000
v 0.690356 -0.464653 0.000000
v 0.700049 -0.464973 0.074583
v 0.710003 -0.464999 0.095228
v 0.719999 -0.465001 0.096320
v 0.729965 -0.465029 0.076490
v 0.739499 -0.465425 0.000000
v 0.484012 -0.468934 0.000000
v 0.490099 -0.474808 0.063058
v 0.480516 -0.475492 0.000000
v 0.500008 -0.474720 0.086880
v 0.510000 -0.474714 0.095170
v 0.520000 -0.474714 0.095833
v 0.530000 -0.474714 0.095207
v 0.540000 -0.474711 0.095158
v 0.550001 -0.474690 0.096152
v 0.560000 -0.474688 0.100165
v 0.570000 -0.474687 0.102834
v 0.580000 -0.474687 0.100162
v 0.589999 -0.474684 0.095452
v 0.599996 -0.474660 0.088706
v 0.609967 -0.474608 0.075738
v 0.619992 -0.474326 0.070716
v 0.629924 -0.474236 0.059352
v 0.639527 -0.473831 0.000000
v 0.649899 -0.471624 0.000000
v 0.659372 -0.471086 0.000000
v 0.666035 -0.470141 0.000000
v 0.700424 -0.474580 0.059391
v 0.693288 -0.474049 0.000000
v 0.710031 -0.474679 0.086512
v 0.720001 -0.474687 0.096033
v 0.729996 -0.474692 0.088837
v 0.739932 -0.474772 0.063591
v 0.746051 -0.468863 0.000000
v 0.749487 -0.475489 0.000000
v 0.463972 -0.479183 0.000000
v 0.470669 -0.477914 0.000000
v 0.470080 -0.484779 0.059678
v 0.460514 -0.485241 0.000000
v 0.480037 -0.484454 0.073813
v 0.490005 -0.484382 0.089456
v 0.500000 -0.484376 0.099441
v 0.510000 -0.484376 0.102826
v 0.520000 -0.484375 0.100169
v 0.529999 -0.484372 0.096152
v 0.540000 -0.484352 0.095158
v 0.550000 -0.484349 0.095207
v 0.560000 -0.484348 0.095839
v 0.570000 -0.484348 0.095309
v 0.579996 -0.484345 0.088606
v 0.589963 -0.484293 0.073787
v 0.599921 -0.483971 0.059731
v 0.609527 -0.483522 0.000000
v 0.619899 -0.481312 0.000000
v 0.629372 -0.480774 0.000000
v 0.636035 -0.479826 0.000000
v 0.701010 -0.483460 0.000000
v 0.694656 -0.480468 0.000000
v 0.710134 -0.484249 0.062564
v 0.720009 -0.484367 0.086925
v 0.730000 -0.484375 0.094890
v 0.739996 -0.484381 0.088776
v 0.749963 -0.484454 0.073962
v 0.759331 -0.477914 0.000000
v 0.759920 -0.484779 0.059754
v 0.766028 -0.479183 0.000000
v 0.769486 -0.485241 0.000000
v 0.443969 -0.488870 0.000000
v 0.450669 -0.487604 0.000000
v 0.450079 -0.494467 0.059696
v 0.440473 -0.494916 0.000000
v 0.460037 -0.494145 0.073650
v 0.470004 -0.494090 0.088156
v 0.480001 -0.494066 0.094696
v 0.490000 -0.494062 0.099095
v 0.500000 -0.494062 0.099876
v 0.509999 -0.494059 0.096295
v 0.519996 -0.494035 0.088863
v 0.529967 -0.493983 0.075671
v 0.539997 -0.493703 0.072410
v 0.550000 -0.493656 0.071989
v 0.560000 -0.493653 0.071898
v 0.569995 -0.493650 0.070202
v 0.579922 -0.493608 0.059267
v 0.589486 -0.493193 0.000000
v 0.599331 -0.490833 0.000000
v 0.606031 -0.489568 0.000000
v 0.710944 -0.493148 0.000000
v 0.704079 -0.490116 0.000000
v 0.720099 -0.493969 0.063179
v 0.730005 -0.494058 0.089018
v 0.740000 -0.494063 0.097891
v 0.749999 -0.494066 0.096333
v 0.759996 -0.494090 0.089060
v 0.769962 -0.494145 0.073987
v 0.779326 -0.487606 0.000000
v 0.779888 -0.494476 0.059330
v 0.785966 -0.488889 0.000000
v 0.789059 -0.495040 0.000000
v 0.873965 -0.488926 0.000000
v 0.880626 -0.488014 0.000000
v 0.880076 -0.494517 0.059297
v 0.870473 -0.494919 0.000000
v 0.890058 -0.487847 0.000000
v 0.890005 -0.494475 0.070241
v 0.900003 -0.487830 0.000000
v 0.900000 -0.494472 0.072098
v 0.910000 -0.487829 0.000000
v 0.910000 -0.494472 0.072252
v 0.919997 -0.487830 0.000000
v 0.920000 -0.494472 0.072098
v 0.929942 -0.487847 0.000000
v 0.929995 -0.494475 0.070247
v 0.939374 -0.488014 0.000000
v 0.939922 -0.494517 0.059287
v 0.946032 -0.488927 0.000000
v 0.949486 -0.494932 0.000000
v 0.413965 -0.498611 0.000000
v 0.420628 -0.497664 0.000000
v 0.420076 -0.504201 0.059203
v 0.410470 -0.504606 0.000000
v 0.430101 -0.497125 0.000000
v 0.430008 -0.504112 0.070438
v 0.440033 -0.503830 0.075432
v 0.450004 -0.503778 0.088270
v 0.460001 -0.503754 0.094326
v 0.470000 -0.503750 0.097180
v 0.479999 -0.503746 0.095626
v 0.490000 -0.503726 0.094386
v 0.499996 -0.503720 0.088432
v 0.509963 -0.503668 0.073895
v 0.519921 -0.503346 0.059754
v 0.529529 -0.502898 0.000000
v 0.539957 -0.500705 0.000000
v 0.549998 -0.500334 0.000000
v 0.559997 -0.500297 0.000000
v 0.569942 -0.500279 0.000000
v 0.579374 -0.500111 0.000000
v 0.586032 -0.499198 0.000000
v 0.720505 -0.503324 0.000000
v 0.714011 -0.499869 0.000000
v 0.730035 -0.503721 0.076745
v 0.740001 -0.503749 0.098464
v 0.750000 -0.503750 0.105333
v 0.760000 -0.503751 0.103249
v 0.769999 -0.503754 0.097216
v 0.779992 -0.503780 0.087292
v 0.789902 -0.503870 0.063157
v 0.795991 -0.497995 0.000000
v 0.799527 -0.504542 0.000000
v 0.843965 -0.498611 0.000000
v 0.850628 -0.497664 0.000000
v 0.850076 -0.504201 0.059203
v 0.840470 -0.504606 0.000000
v 0.860101 -0.497126 0.000000
v 0.860008 -0.504112 0.070442
v 0.870033 -0.503830 0.075506
v 0.880004 -0.503780 0.088782
v 0.890000 -0.503777 0.095670
v 0.900000 -0.503777 0.097349
v 0.910000 -0.503777 0.097561
v 0.920000 -0.503777 0.097366
v 0.930000 -0.503777 0.095776
v 0.939996 -0.503780 0.088887
v 0.949963 -0.503832 0.073982
v 0.959331 -0.497292 0.000000
v 0.959920 -0.504155 0.059754
v 0.966028 -0.498558 0.000000
v 0.969486 -0.504616 0.000000
v 0.353965 -0.508301 0.000000
v 0.360626 -0.507389 0.000000
v 0.360076 -0.513892 0.059301
v 0.350473 -0.514294 0.000000
v 0.370058 -0.507222 0.000000
v 0.370005 -0.513849 0.070203
v 0.380003 -0.507203 0.000000
v 0.380000 -0.513847 0.071898
v 0.390002 -0.507166 0.000000
v 0.390000 -0.513844 0.071985
v 0.400043 -0.506795 0.000000
v 0.400003 -0.513797 0.072359
v 0.410033 -0.513517 0.075313
v 0.420004 -0.513468 0.087611
v 0.430000 -0.513461 0.093630
v 0.440001 -0.513440 0.095460
v 0.450000 -0.513437 0.097164
v 0.459999 -0.513434 0.094325
v 0.469996 -0.513410 0.088271
v 0.479967 -0.513358 0.075447
v 0.489992 -0.513076 0.070519
v 0.499922 -0.512986 0.059272
v 0.509486 -0.512568 0.000000
v 0.519331 -0.510208 0.000000
v 0.526031 -0.508943 0.000000
v 0.730035 -0.513467 0.076969
v 0.720505 -0.513864 0.000000
v 0.740001 -0.513439 0.099836
v 0.750000 -0.513438 0.109920
v 0.760000 -0.513438 0.111939
v 0.770000 -0.513438 0.108748
v 0.780000 -0.513439 0.101833
v 0.789995 -0.513445 0.090358
v 0.799967 -0.513514 0.076114
v 0.809957 -0.506790 0.000000
v 0.809997 -0.513797 0.072675
v 0.820000 -0.507128 0.000000
v 0.820000 -0.513841 0.072117
v 0.830043 -0.506793 0.000000
v 0.830003 -0.513797 0.072377
v 0.840033 -0.513517 0.075314
v 0.850004 -0.513468 0.087614
v 0.860000 -0.513461 0.093679
v 0.870001 -0.513440 0.095997
v 0.880000 -0.513438 0.100341
v 0.890000 -0.513438 0.104257
v 0.900000 -0.513438 0.105744
v 0.910000 -0.513438 0.106022
v 0.920000 -0.513438 0.105939
v 0.930000 -0.513438 0.105291
v 0.940000 -0.513438 0.102338
v 0.949999 -0.513441 0.097081
v 0.959996 -0.513465 0.089123
v 0.969962 -0.513520 0.073970
v 0.979326 -0.506981 0.000000
v 0.979885 -0.513851 0.059224
v 0.985961 -0.508264 0.000000
v 0.988992 -0.514414 0.000000
v 0.323969 -0.517987 0.000000
v 0.330629 -0.517039 0.000000
v 0.330078 -0.523576 0.059305
v 0.320514 -0.523995 0.000000
v 0.340101 -0.516500 0.000000
v 0.340008 -0.523487 0.070693
v 0.350033 -0.523205 0.075753
v 0.360004 -0.523155 0.088856
v 0.370000 -0.523152 0.095332
v 0.380000 -0.523152 0.095838
v 0.390000 -0.523151 0.095168
v 0.400000 -0.523148 0.094750
v 0.410001 -0.523128 0.093901
v 0.419999 -0.523122 0.093890
v 0.430000 -0.523102 0.094580
v 0.440000 -0.523098 0.093666
v 0.449996 -0.523095 0.088042
v 0.459963 -0.523043 0.073643
v 0.469921 -0.522721 0.059695
v 0.479527 -0.522272 0.000000
v 0.489899 -0.520062 0.000000
v 0.499371 -0.519523 0.000000
v 0.506031 -0.518575 0.000000
v 0.714011 -0.517319 0.000000
v 0.720099 -0.523219 0.063391
v 0.710940 -0.524038 0.000000
v 0.730005 -0.523130 0.090623
v 0.740000 -0.523125 0.104752
v 0.750000 -0.523125 0.114032
v 0.760000 -0.523125 0.118796
v 0.770000 -0.523125 0.116453
v 0.780000 -0.523125 0.110352
v 0.790000 -0.523125 0.103830
v 0.799999 -0.523129 0.098795
v 0.810000 -0.523149 0.097232
v 0.820000 -0.523151 0.096017
v 0.830000 -0.523149 0.094928
v 0.840001 -0.523128 0.093918
v 0.849999 -0.523122 0.093902
v 0.860000 -0.523102 0.094751
v 0.870000 -0.523099 0.095181
v 0.880000 -0.523098 0.096040
v 0.890000 -0.523098 0.097100
v 0.900000 -0.523099 0.097522
v 0.910000 -0.523101 0.097707
v 0.920001 -0.523123 0.098706
v 0.930000 -0.523125 0.102796
v 0.940000 -0.523125 0.106394
v 0.950000 -0.523125 0.107004
v 0.960000 -0.523126 0.103355
v 0.969998 -0.523129 0.096989
v 0.979970 -0.523154 0.086309
v 0.989573 -0.523236 0.059310
v 0.995341 -0.517350 0.000000
v 0.996668 -0.523778 0.000000
v 0.303968 -0.527620 0.000000
v 0.310669 -0.526355 0.000000
v 0.310079 -0.533216 0.059756
v 0.300470 -0.533665 0.000000
v 0.320037 -0.532895 0.073928
v 0.330004 -0.532843 0.088738
v 0.340000 -0.532836 0.095721
v 0.350001 -0.532816 0.097986
v 0.360000 -0.532813 0.101170
v 0.370000 -0.532813 0.103023
v 0.380000 -0.532812 0.100171
v 0.389999 -0.532810 0.095984
v 0.400000 -0.532789 0.093679
v 0.409996 -0.532782 0.087613
v 0.419967 -0.532733 0.075306
v 0.429997 -0.532453 0.072199
v 0.439995 -0.532404 0.070022
v 0.449922 -0.532358 0.059213
v 0.459486 -0.531943 0.000000
v 0.469331 -0.529583 0.000000
v 0.476031 -0.528318 0.000000
v 0.704009 -0.527053 0.000000
v 0.710098 -0.532929 0.063275
v 0.700473 -0.533604 0.000000
v 0.720007 -0.532820 0.088392
v 0.730000 -0.532813 0.102178
v 0.740000 -0.532812 0.111046
v 0.750000 -0.532812 0.118674
v 0.760000 -0.532812 0.123232
v 0.770000 -0.532812 0.120728
v 0.780000 -0.532812 0.114927
v 0.790000 -0.532812 0.109680
v 0.800000 -0.532812 0.106464
v 0.810000 -0.532812 0.104322
v 0.820000 -0.532812 0.100189
v 0.829999 -0.532809 0.094703
v 0.839996 -0.532785 0.087730
v 0.849967 -0.532733 0.075320
v 0.859997 -0.532453 0.072360
v 0.870000 -0.532406 0.071992
v 0.880000 -0.532403 0.072062
v 0.890000 -0.532403 0.072207
v 0.900000 -0.532406 0.072290
v 0.910002 -0.532456 0.072770
v 0.920023 -0.532766 0.076563
v 0.930003 -0.532810 0.092268
v 0.940000 -0.532812 0.103674
v 0.950000 -0.532812 0.110170
v 0.960000 -0.532812 0.111026
v 0.970000 -0.532813 0.107254
v 0.979996 -0.532815 0.097367
v 0.989918 -0.532850 0.074375
v 0.999169 -0.533313 0.000000
v 0.253965 -0.537364 0.000000
v 0.260626 -0.536452 0.000000
v 0.260076 -0.542954 0.059305
v 0.250470 -0.543356 0.000000
v 0.270058 -0.536282 0.000000
v 0.270005 -0.542912 0.070242
v 0.280005 -0.536229 0.000000
v 0.280000 -0.542906 0.072119
v 0.290044 -0.535858 0.000000
v 0.290003 -0.542859 0.072659
v 0.300033 -0.542580 0.075784
v 0.310004 -0.542528 0.088892
v 0.320001 -0.542504 0.096460
v 0.330000 -0.542501 0.101138
v 0.340000 -0.542501 0.104126
v 0.350000 -0.542499 0.104126
v 0.360000 -0.542499 0.101138
v 0.369999 -0.542496 0.096459
v 0.379996 -0.542472 0.088867
v 0.389967 -0.542420 0.075511
v 0.399992 -0.542138 0.070442
v 0.409924 -0.542049 0.059203
v 0.419530 -0.541644 0.000000
v 0.429954 -0.539454 0.000000
v 0.439940 -0.539066 0.000000
v 0.449374 -0.538863 0.000000
v 0.456032 -0.537948 0.000000
v 0.653965 -0.537364 0.000000
v 0.660626 -0.536452 0.000000
v 0.660076 -0.542954 0.059170
v 0.650470 -0.543356 0.000000
v 0.670058 -0.536282 0.000000
v 0.670005 -0.542912 0.070000
v 0.680005 -0.536229 0.000000
v 0.680000 -0.542906 0.071930
v 0.690044 -0.535854 0.000000
v 0.690003 -0.542859 0.072667
v 0.700033 -0.542577 0.076104
v 0.710005 -0.542507 0.090315
v 0.720000 -0.542500 0.101938
v 0.730000 -0.542500 0.110254
v 0.740000 -0.542500 0.117424
v 0.750000 -0.542500 0.123176
v 0.760000 -0.542500 0.124057
v 0.770000 -0.542500 0.118515
v 0.780000 -0.542500 0.110974
v 0.790000 -0.542500 0.104047
v 0.799999 -0.542498 0.098661
v 0.810000 -0.542476 0.095799
v 0.819996 -0.542470 0.088636
v 0.829963 -0.542418 0.073708
v 0.839921 -0.542096 0.059634
v 0.849530 -0.541648 0.000000
v 0.859957 -0.539455 0.000000
v 0.869998 -0.539084 0.000000
v 0.880000 -0.539048 0.000000
v 0.890000 -0.539048 0.000000
v 0.900002 -0.539086 0.000000
v 0.910031 -0.539498 0.000000
v 0.920357 -0.542125 0.000000
v 0.930049 -0.542474 0.074873
v 0.940003 -0.542499 0.097777
v 0.950000 -0.542500 0.108696
v 0.960000 -0.542500 0.113798
v 0.970000 -0.542500 0.112189
v 0.980000 -0.542500 0.104256
v 0.989993 -0.542505 0.090398
v 0.999879 -0.542596 0.063282
v 1.005944 -0.536699 0.000000
v 1.009054 -0.543414 0.000000
v 0.213965 -0.547051 0.000000
v 0.220626 -0.546137 0.000000
v 0.220076 -0.552642 0.059316
v 0.210470 -0.553044 0.000000
v 0.230060 -0.545934 0.000000
v 0.230005 -0.552596 0.070277
v 0.240046 -0.545546 0.000000
v 0.240003 -0.552547 0.072551
v 0.250033 -0.552267 0.075916
v 0.260004 -0.552218 0.088901
v 0.270000 -0.552214 0.095680
v 0.280000 -0.552214 0.097276
v 0.290000 -0.552211 0.097203
v 0.300001 -0.552191 0.097175
v 0.310000 -0.552188 0.100377
v 0.320000 -0.552187 0.103041
v 0.330000 -0.552186 0.101171
v 0.339999 -0.552184 0.097986
v 0.350000 -0.552163 0.095721
v 0.359996 -0.552157 0.088738
v 0.369963 -0.552105 0.073928
v 0.379921 -0.551783 0.059755
v 0.389527 -0.551335 0.000000
v 0.399899 -0.549125 0.000000
v 0.409372 -0.548586 0.000000
v 0.416035 -0.547639 0.000000
v 0.604677 -0.547025 0.000000
v 0.610721 -0.546136 0.000000
v 0.610460 -0.552602 0.052347
v 0.603773 -0.552824 0.000000
v 0.620064 -0.545969 0.000000
v 0.620030 -0.552575 0.064513
v 0.630005 -0.545917 0.000000
v 0.630002 -0.552590 0.066968
v 0.640044 -0.545545 0.000000
v 0.640003 -0.552546 0.070079
v 0.650033 -0.552267 0.074640
v 0.660004 -0.552217 0.087536
v 0.670000 -0.552214 0.093746
v 0.680000 -0.552214 0.095881
v 0.690000 -0.552211 0.097212
v 0.700001 -0.552191 0.098689
v 0.710000 -0.552188 0.103261
v 0.720000 -0.552188 0.108976
v 0.730000 -0.552188 0.115132
v 0.740000 -0.552188 0.121317
v 0.750000 -0.552188 0.125659
v 0.760000 -0.552188 0.123020
v 0.770000 -0.552188 0.114936
v 0.780000 -0.552187 0.104997
v 0.789998 -0.552185 0.092633
v 0.799977 -0.552142 0.076448
v 0.809993 -0.551829 0.070747
v 0.819922 -0.551736 0.059300
v 0.829486 -0.551318 0.000000
v 0.839331 -0.548958 0.000000
v 0.846032 -0.547693 0.000000
v 0.930415 -0.552110 0.059927
v 0.923287 -0.551552 0.000000
v 0.940028 -0.552183 0.089440
v 0.950001 -0.552187 0.104046
v 0.960000 -0.552188 0.112386
v 0.970000 -0.552188 0.114834
v 0.980000 -0.552188 0.110375
v 0.990000 -0.552188 0.102124
v 0.999991 -0.552196 0.088351
v 1.009866 -0.552314 0.062712
v 1.015921 -0.546447 0.000000
v 1.018986 -0.553103 0.000000
v 0.163965 -0.556739 0.000000
v 0.170626 -0.555827 0.000000
v 0.170076 -0.562329 0.059315
v 0.160470 -0.562731 0.000000
v 0.180058 -0.555657 0.000000
v 0.180005 -0.562287 0.070262
v 0.190005 -0.555605 0.000000
v 0.190000 -0.562281 0.072145
v 0.200044 -0.555233 0.000000
v 0.200003 -0.562234 0.072726
v 0.210033 -0.561955 0.075977
v 0.220004 -0.561905 0.089046
v 0.230000 -0.561902 0.095782
v 0.240000 -0.561899 0.097408
v 0.250001 -0.561879 0.098228
v 0.260000 -0.561876 0.101373
v 0.270000 -0.561876 0.104417
v 0.280000 -0.561875 0.105434
v 0.290000 -0.561875 0.104240
v 0.300000 -0.561874 0.100532
v 0.309999 -0.561871 0.096986
v 0.320000 -0.561851 0.095455
v 0.329996 -0.561845 0.088863
v 0.339967 -0.561795 0.075753
v 0.349992 -0.561513 0.070693
v 0.359922 -0.561423 0.059305
v 0.369486 -0.561005 0.000000
v 0.379331 -0.558645 0.000000
v 0.386031 -0.557380 0.000000
v 0.610460 -0.561464 0.052373
v 0.603773 -0.561239 0.000000
v 0.620033 -0.561540 0.064900
v 0.630034 -0.561821 0.069884
v 0.640004 -0.561869 0.082651
v 0.650001 -0.561852 0.089248
v 0.660000 -0.561852 0.093211
v 0.670001 -0.561872 0.095809
v 0.680000 -0.561875 0.100318
v 0.690000 -0.561875 0.104274
v 0.700000 -0.561874 0.105947
v 0.710000 -0.561874 0.107168
v 0.720000 -0.561875 0.109068
v 0.730000 -0.561875 0.112668
v 0.740000 -0.561875 0.117834
v 0.750000 -0.561875 0.122420
v 0.760000 -0.561875 0.120878
v 0.770000 -0.561875 0.112621
v 0.779997 -0.561874 0.100172
v 0.789953 -0.561853 0.077029
v 0.799654 -0.561541 0.000000
v 0.809912 -0.558857 0.000000
v 0.819372 -0.558276 0.000000
v 0.826032 -0.557325 0.000000
v 0.930894 -0.561377 0.000000
v 0.924638 -0.558028 0.000000
v 0.940085 -0.561839 0.074326
v 0.950004 -0.561874 0.097832
v 0.960000 -0.561875 0.109205
v 0.970000 -0.561875 0.115478
v 0.980000 -0.561875 0.115684
v 0.990000 -0.561875 0.110216
v 0.999999 -0.561875 0.101672
v 1.009966 -0.561884 0.087263
v 1.019521 -0.561980 0.058976
v 1.025282 -0.556092 0.000000
v 1.026242 -0.562487 0.000000
v 0.064704 -0.566320 0.000000
v 0.070725 -0.565503 0.000000
v 0.070514 -0.571897 0.042475
v 0.063949 -0.571649 0.000000
v 0.080064 -0.565345 0.000000
v 0.080036 -0.571945 0.061510
v 0.090003 -0.565330 0.000000
v 0.090002 -0.571968 0.066577
v 0.100000 -0.565329 0.000000
v 0.100000 -0.571971 0.069617
v 0.110000 -0.565329 0.000000
v 0.110000 -0.571972 0.071114
v 0.120000 -0.565329 0.000000
v 0.120000 -0.571972 0.071701
v 0.130000 -0.565327 0.000000
v 0.130000 -0.571972 0.071911
v 0.140002 -0.565291 0.000000
v 0.140000 -0.571969 0.071977
v 0.150043 -0.564920 0.000000
v 0.150003 -0.571922 0.072426
v 0.160033 -0.571643 0.075779
v 0.170004 -0.571593 0.089046
v 0.180000 -0.571589 0.095972
v 0.190000 -0.571589 0.097613
v 0.200000 -0.571586 0.097806
v 0.210001 -0.571566 0.098678
v 0.220000 -0.571563 0.102433
v 0.230000 -0.571563 0.105247
v 0.240000 -0.571563 0.105628
v 0.250000 -0.571562 0.104434
v 0.260000 -0.571562 0.101374
v 0.269999 -0.571559 0.098227
v 0.280000 -0.571539 0.097391
v 0.290000 -0.571536 0.095671
v 0.299996 -0.571532 0.088800
v 0.309967 -0.571483 0.075615
v 0.319992 -0.571201 0.070664
v 0.329924 -0.571112 0.059331
v 0.339527 -0.570706 0.000000
v 0.349899 -0.568500 0.000000
v 0.359371 -0.567961 0.000000
v 0.366031 -0.567013 0.000000
v 0.610723 -0.567964 0.000000
v 0.604677 -0.567040 0.000000
v 0.620107 -0.568501 0.000000
v 0.630473 -0.570706 0.000000
v 0.640076 -0.571109 0.058632
v 0.650005 -0.571154 0.069523
v 0.660003 -0.571203 0.072035
v 0.670033 -0.571483 0.075623
v 0.680004 -0.571532 0.088786
v 0.690000 -0.571536 0.095671
v 0.700000 -0.571536 0.097374
v 0.710000 -0.571539 0.097828
v 0.720001 -0.571560 0.099185
v 0.730000 -0.571562 0.104442
v 0.740000 -0.571563 0.111224
v 0.750000 -0.571563 0.117611
v 0.760000 -0.571563 0.118683
v 0.769999 -0.571563 0.111413
v 0.779975 -0.571562 0.098775
v 0.789632 -0.571561 0.073124
v 0.796903 -0.571530 0.000000
v 0.940417 -0.571486 0.059920
v 0.933334 -0.570914 0.000000
v 0.950028 -0.571559 0.089640
v 0.960001 -0.571562 0.104527
v 0.970000 -0.571563 0.114063
v 0.980000 -0.571563 0.119136
v 0.990000 -0.571563 0.116250
v 0.999999 -0.571563 0.108606
v 1.009972 -0.571563 0.096480
v 1.019574 -0.571569 0.070634
v 1.026417 -0.571619 0.000000
v 0.071014 -0.580304 0.000000
v 0.064745 -0.577433 0.000000
v 0.080115 -0.580863 0.055070
v 0.090038 -0.581194 0.068363
v 0.100004 -0.581249 0.082529
v 0.110001 -0.581273 0.089237
v 0.120000 -0.581276 0.093088
v 0.130000 -0.581276 0.094664
v 0.140000 -0.581276 0.095008
v 0.150000 -0.581274 0.095334
v 0.160001 -0.581254 0.097188
v 0.170000 -0.581251 0.102426
v 0.180000 -0.581251 0.106672
v 0.190000 -0.581251 0.107818
v 0.200000 -0.581251 0.107045
v 0.210000 -0.581250 0.106133
v 0.220000 -0.581249 0.105298
v 0.230000 -0.581249 0.102416
v 0.239999 -0.581246 0.098415
v 0.250000 -0.581226 0.095803
v 0.259996 -0.581220 0.088908
v 0.269967 -0.581170 0.075917
v 0.279997 -0.580891 0.072550
v 0.289995 -0.580841 0.070270
v 0.299924 -0.580796 0.059299
v 0.309527 -0.580393 0.000000
v 0.319899 -0.578187 0.000000
v 0.329372 -0.577649 0.000000
v 0.336035 -0.576701 0.000000
v 0.640626 -0.577613 0.000000
v 0.633965 -0.576699 0.000000
v 0.650060 -0.577816 0.000000
v 0.660046 -0.578204 0.000000
v 0.670470 -0.580394 0.000000
v 0.680076 -0.580796 0.059298
v 0.690005 -0.580838 0.070242
v 0.700000 -0.580844 0.072130
v 0.710002 -0.580893 0.072773
v 0.720023 -0.581205 0.076635
v 0.730003 -0.581248 0.092655
v 0.740000 -0.581250 0.104831
v 0.750000 -0.581250 0.113280
v 0.760000 -0.581250 0.115381
v 0.769999 -0.581250 0.108852
v 0.779973 -0.581250 0.096691
v 0.789579 -0.581245 0.070698
v 0.796458 -0.581192 0.000000
v 0.940880 -0.580794 0.000000
v 0.934640 -0.577406 0.000000
v 0.950082 -0.581218 0.076478
v 0.960004 -0.581249 0.100145
v 0.970000 -0.581250 0.112555
v 0.980000 -0.581250 0.120048
v 0.990000 -0.581250 0.119209
v 0.999999 -0.581250 0.111339
v 1.009973 -0.581250 0.098619
v 1.019577 -0.581250 0.072625
v 1.026434 -0.581253 0.000000
v 0.080674 -0.587708 0.000000
v 0.074039 -0.586426 0.000000
v 0.090514 -0.590073 0.000000
v 0.100080 -0.590534 0.059050
v 0.110037 -0.590856 0.073024
v 0.120004 -0.590908 0.087393
v 0.130000 -0.590912 0.093553
v 0.140000 -0.590914 0.094974
v 0.150001 -0.590935 0.096171
v 0.160000 -0.590937 0.100545
v 0.170000 -0.590937 0.105246
v 0.180000 -0.590937 0.107497
v 0.190000 -0.590937 0.106718
v 0.200000 -0.590937 0.102904
v 0.209999 -0.590934 0.098513
v 0.220000 -0.590914 0.095905
v 0.229996 -0.590907 0.089046
v 0.239967 -0.590858 0.075808
v 0.249992 -0.590576 0.070702
v 0.259924 -0.590487 0.059334
v 0.269530 -0.590081 0.000000
v 0.279954 -0.587892 0.000000
v 0.289940 -0.587504 0.000000
v 0.299374 -0.587300 0.000000
v 0.306035 -0.586386 0.000000
v 0.680626 -0.587298 0.000000
v 0.673965 -0.586386 0.000000
v 0.690058 -0.587468 0.000000
v 0.700004 -0.587523 0.000000
v 0.710031 -0.587938 0.000000
v 0.720344 -0.590605 0.000000
v 0.730047 -0.590915 0.077022
v 0.740003 -0.590937 0.099940
v 0.750000 -0.590937 0.110570
v 0.760000 -0.590937 0.111948
v 0.769999 -0.590937 0.104215
v 0.779971 -0.590934 0.089524
v 0.789553 -0.590865 0.059545
v 0.796249 -0.590331 0.000000
v 0.950371 -0.590935 0.073273
v 0.943143 -0.590895 0.000000
v 0.960025 -0.590937 0.099099
v 0.970001 -0.590937 0.112132
v 0.980000 -0.590937 0.119976
v 0.990000 -0.590937 0.119305
v 0.999999 -0.590937 0.111386
v 1.009973 -0.590937 0.098631
v 1.019577 -0.590937 0.072626
v 1.026434 -0.590935 0.000000
v 0.100669 -0.597395 0.000000
v 0.093972 -0.596129 0.000000
v 0.110514 -0.599755 0.000000
v 0.120078 -0.600170 0.059144
v 0.130005 -0.600216 0.070011
v 0.140003 -0.600266 0.072248
v 0.150033 -0.600545 0.075661
v 0.160004 -0.600595 0.088806
v 0.170000 -0.600598 0.095764
v 0.180000 -0.600598 0.097359
v 0.190000 -0.600598 0.095961
v 0.199996 -0.600595 0.089099
v 0.209967 -0.600545 0.075817
v 0.219992 -0.600263 0.070708
v 0.229924 -0.600174 0.059344
v 0.239527 -0.599768 0.000000
v 0.249899 -0.597562 0.000000
v 0.259372 -0.597023 0.000000
v 0.266035 -0.596076 0.000000
v 0.730368 -0.600623 0.073293
v 0.723097 -0.600596 0.000000
v 0.740025 -0.600625 0.098802
v 0.750001 -0.600625 0.109727
v 0.760000 -0.600625 0.110101
v 0.769999 -0.600624 0.099954
v 0.779962 -0.600596 0.076878
v 0.789428 -0.600201 0.000000
v 0.795345 -0.596786 0.000000
v 0.950419 -0.600625 0.072852
v 0.943526 -0.600623 0.000000
v 0.960027 -0.600625 0.098976
v 0.970001 -0.600625 0.111984
v 0.980000 -0.600625 0.119277
v 0.990000 -0.600625 0.117076
v 0.999999 -0.600625 0.109071
v 1.009972 -0.600625 0.096698
v 1.019575 -0.600620 0.070665
v 1.026417 -0.600569 0.000000
v 0.120626 -0.606675 0.000000
v 0.113968 -0.605760 0.000000
v 0.130060 -0.606879 0.000000
v 0.140046 -0.607266 0.000000
v 0.150470 -0.609456 0.000000
v 0.160076 -0.609858 0.059298
v 0.170005 -0.609900 0.070241
v 0.180000 -0.609903 0.071947
v 0.189995 -0.609901 0.070255
v 0.199924 -0.609858 0.059318
v 0.209527 -0.609456 0.000000
v 0.219899 -0.607249 0.000000
v 0.229372 -0.606711 0.000000
v 0.236035 -0.605764 0.000000
v 0.444699 -0.605072 0.000000
v 0.450667 -0.604271 0.000000
v 0.450509 -0.610652 0.040850
v 0.443949 -0.610399 0.000000
v 0.459438 -0.604279 0.000000
v 0.459961 -0.610739 0.050469
v 0.466042 -0.605136 0.000000
v 0.469564 -0.610869 0.000000
v 0.483963 -0.605135 0.000000
v 0.490626 -0.604261 0.000000
v 0.490075 -0.610746 0.059218
v 0.480437 -0.610869 0.000000
v 0.500055 -0.604097 0.000000
v 0.500005 -0.610724 0.069931
v 0.509945 -0.604097 0.000000
v 0.509995 -0.610725 0.070043
v 0.519374 -0.604264 0.000000
v 0.519924 -0.610767 0.059295
v 0.526035 -0.605176 0.000000
v 0.529530 -0.611169 0.000000
v 0.730419 -0.610312 0.072834
v 0.723524 -0.610311 0.000000
v 0.740027 -0.610313 0.098684
v 0.750001 -0.610313 0.109678
v 0.760000 -0.610313 0.110095
v 0.769999 -0.610314 0.099975
v 0.779965 -0.610342 0.076984
v 0.789496 -0.610737 0.000000
v 0.950423 -0.610313 0.072824
v 0.943563 -0.610313 0.000000
v 0.960027 -0.610313 0.098961
v 0.970001 -0.610313 0.111872
v 0.980000 -0.610313 0.118460
v 0.990000 -0.610313 0.114088
v 0.999999 -0.610312 0.104489
v 1.009969 -0.610309 0.089518
v 1.019531 -0.610239 0.059470
v 1.026243 -0.609706 0.000000
v 0.160626 -0.616361 0.000000
v 0.153965 -0.615449 0.000000
v 0.170058 -0.616529 0.000000
v 0.180000 -0.616545 0.000000
v 0.189942 -0.616529 0.000000
v 0.199374 -0.616361 0.000000
v 0.206035 -0.615449 0.000000
v 0.451016 -0.619115 0.000000
v 0.444745 -0.616188 0.000000
v 0.460130 -0.619901 0.053972
v 0.469980 -0.620028 0.065010
v 0.480031 -0.620036 0.073004
v 0.490004 -0.620028 0.087379
v 0.500000 -0.620027 0.094339
v 0.510000 -0.620027 0.095162
v 0.519996 -0.620030 0.088852
v 0.529967 -0.620080 0.075921
v 0.539954 -0.613359 0.000000
v 0.539997 -0.620359 0.072569
v 0.549940 -0.613746 0.000000
v 0.549995 -0.620409 0.070301
v 0.559374 -0.613950 0.000000
v 0.559922 -0.620455 0.059296
v 0.566032 -0.614865 0.000000
v 0.569486 -0.620870 0.000000
v 0.730423 -0.620000 0.072809
v 0.723561 -0.620000 0.000000
v 0.740027 -0.620000 0.098729
v 0.750001 -0.620000 0.110096
v 0.760000 -0.620000 0.111891
v 0.770000 -0.620000 0.104483
v 0.779996 -0.620004 0.090630
v 0.789934 -0.620084 0.063847
v 0.796054 -0.614175 0.000000
v 0.799531 -0.620788 0.000000
v 0.950423 -0.620000 0.072824
v 0.943563 -0.620000 0.000000
v 0.960027 -0.620000 0.098958
v 0.970001 -0.620000 0.111819
v 0.980000 -0.620000 0.118033
v 0.990000 -0.620000 0.112281
v 0.999996 -0.619999 0.100121
v 1.009917 -0.619968 0.076470
v 1.019116 -0.619544 0.000000
v 1.025302 -0.616159 0.000000
v 0.460947 -0.628771 0.000000
v 0.454079 -0.625743 0.000000
v 0.470129 -0.629559 0.058713
v 0.480010 -0.629659 0.081730
v 0.490002 -0.629685 0.092798
v 0.500000 -0.629687 0.099665
v 0.510000 -0.629688 0.102979
v 0.520000 -0.629689 0.101203
v 0.529999 -0.629691 0.098329
v 0.540000 -0.629711 0.097683
v 0.550000 -0.629714 0.096117
v 0.559996 -0.629718 0.089035
v 0.569962 -0.629770 0.073985
v 0.579326 -0.623231 0.000000
v 0.579888 -0.630101 0.059328
v 0.585966 -0.624514 0.000000
v 0.589055 -0.630666 0.000000
v 0.730419 -0.629688 0.072845
v 0.723524 -0.629689 0.000000
v 0.740027 -0.629687 0.098846
v 0.750001 -0.629688 0.110945
v 0.760000 -0.629688 0.115183
v 0.770000 -0.629688 0.110575
v 0.780000 -0.629688 0.102341
v 0.789996 -0.629693 0.090452
v 0.799967 -0.629764 0.076158
v 0.809957 -0.623042 0.000000
v 0.809997 -0.630047 0.072760
v 0.819998 -0.623416 0.000000
v 0.820000 -0.630094 0.072311
v 0.829997 -0.623453 0.000000
v 0.830000 -0.630097 0.072118
v 0.839942 -0.623472 0.000000
v 0.839994 -0.630100 0.070222
v 0.849369 -0.623641 0.000000
v 0.849888 -0.630151 0.058760
v 0.855965 -0.624570 0.000000
v 0.858992 -0.630668 0.000000
v 0.950419 -0.629688 0.072852
v 0.943526 -0.629690 0.000000
v 0.960027 -0.629687 0.098964
v 0.970001 -0.629687 0.111814
v 0.980000 -0.629687 0.117945
v 0.989999 -0.629687 0.111862
v 0.999975 -0.629687 0.099080
v 1.009629 -0.629685 0.073272
v 1.016857 -0.629645 0.000000
v 0.470945 -0.638397 0.000000
v 0.464074 -0.635424 0.000000
v 0.480112 -0.638961 0.058729
v 0.490038 -0.639293 0.073478
v 0.500004 -0.639347 0.088678
v 0.510001 -0.639371 0.096469
v 0.520000 -0.639375 0.101368
v 0.530000 -0.639375 0.105483
v 0.540000 -0.639376 0.107895
v 0.550000 -0.639376 0.107869
v 0.560000 -0.639376 0.103666
v 0.569999 -0.639379 0.097255
v 0.579991 -0.639405 0.087269
v 0.589869 -0.639505 0.062701
v 0.595926 -0.633639 0.000000
v 0.599053 -0.640293 0.000000
v 0.730368 -0.639377 0.073311
v 0.723097 -0.639405 0.000000
v 0.740025 -0.639375 0.099071
v 0.750001 -0.639375 0.111837
v 0.760000 -0.639375 0.118580
v 0.770000 -0.639375 0.116870
v 0.780000 -0.639375 0.110838
v 0.790000 -0.639375 0.104365
v 0.799999 -0.639379 0.099366
v 0.810000 -0.639399 0.098115
v 0.820000 -0.639401 0.097913
v 0.830000 -0.639402 0.097642
v 0.839999 -0.639402 0.095646
v 0.849970 -0.639407 0.086117
v 0.859573 -0.639486 0.059261
v 0.865341 -0.633600 0.000000
v 0.866665 -0.640028 0.000000
v 0.950371 -0.639378 0.073272
v 0.943143 -0.639417 0.000000
v 0.960025 -0.639375 0.099080
v 0.970001 -0.639375 0.111861
v 0.980000 -0.639375 0.117939
v 0.989999 -0.639375 0.111809
v 0.999973 -0.639375 0.098963
v 1.009580 -0.639375 0.072852
v 1.016474 -0.639373 0.000000
v 0.480674 -0.645832 0.000000
v 0.474034 -0.644549 0.000000
v 0.490514 -0.648197 0.000000
v 0.500080 -0.648658 0.059733
v 0.510037 -0.648984 0.074055
v 0.520005 -0.649056 0.089946
v 0.530000 -0.649062 0.101530
v 0.540000 -0.649063 0.108755
v 0.550000 -0.649063 0.113236
v 0.560000 -0.649063 0.112655
v 0.570000 -0.649063 0.108851
v 0.580000 -0.649064 0.101692
v 0.589990 -0.649072 0.088322
v 0.599869 -0.649189 0.062820
v 0.605926 -0.643322 0.000000
v 0.609053 -0.649980 0.000000
v 0.730047 -0.649085 0.077017
v 0.720346 -0.649396 0.000000
v 0.740003 -0.649063 0.100181
v 0.750000 -0.649063 0.112664
v 0.760000 -0.649063 0.120901
v 0.770000 -0.649063 0.122556
v 0.780000 -0.649063 0.118382
v 0.790000 -0.649063 0.113765
v 0.800000 -0.649063 0.110686
v 0.810000 -0.649063 0.109286
v 0.820000 -0.649063 0.108717
v 0.830000 -0.649063 0.108188
v 0.840000 -0.649063 0.105661
v 0.849996 -0.649065 0.096572
v 0.859915 -0.649100 0.073709
v 0.869102 -0.649559 0.000000
v 0.950083 -0.649094 0.076470
v 0.940884 -0.649518 0.000000
v 0.960004 -0.649064 0.100119
v 0.970000 -0.649063 0.112260
v 0.980000 -0.649063 0.117934
v 0.989999 -0.649063 0.111746
v 0.999973 -0.649063 0.098932
v 1.009577 -0.649063 0.072815
v 1.016437 -0.649062 0.000000
v 0.500669 -0.655524 0.000000
v 0.493972 -0.654254 0.000000
v 0.510515 -0.657949 0.000000
v 0.520090 -0.658664 0.063722
v 0.530006 -0.658746 0.090555
v 0.540000 -0.658750 0.104508
v 0.550000 -0.658750 0.113542
v 0.560000 -0.658750 0.118200
v 0.570000 -0.658750 0.116571
v 0.580000 -0.658750 0.110435
v 0.590000 -0.658750 0.101969
v 0.599990 -0.658760 0.088345
v 0.609869 -0.658877 0.062822
v 0.615926 -0.653009 0.000000
v 0.619056 -0.659666 0.000000
v 0.693965 -0.653611 0.000000
v 0.700628 -0.652662 0.000000
v 0.700076 -0.659200 0.058663
v 0.690470 -0.659605 0.000000
v 0.710088 -0.652080 0.000000
v 0.710007 -0.659109 0.070000
v 0.720023 -0.658795 0.075933
v 0.730003 -0.658752 0.092327
v 0.740000 -0.658750 0.104783
v 0.750000 -0.658750 0.114831
v 0.760000 -0.658750 0.123370
v 0.770000 -0.658750 0.127282
v 0.780000 -0.658750 0.124078
v 0.790000 -0.658750 0.119432
v 0.800000 -0.658750 0.114898
v 0.810000 -0.658750 0.111186
v 0.820000 -0.658750 0.109128
v 0.830000 -0.658749 0.108276
v 0.840000 -0.658749 0.106034
v 0.849999 -0.658749 0.098962
v 0.859967 -0.658750 0.084375
v 0.869528 -0.658799 0.056681
v 0.875299 -0.652903 0.000000
v 0.876225 -0.659295 0.000000
v 0.934695 -0.652904 0.000000
v 0.940466 -0.658824 0.059499
v 0.933718 -0.659359 0.000000
v 0.950031 -0.658754 0.089524
v 0.960001 -0.658750 0.104471
v 0.970000 -0.658750 0.113890
v 0.980000 -0.658750 0.117697
v 0.989999 -0.658750 0.111234
v 0.999973 -0.658750 0.098641
v 1.009577 -0.658750 0.072634
v 1.016434 -0.658747 0.000000
v 0.520813 -0.667981 0.000000
v 0.513992 -0.664572 0.000000
v 0.530079 -0.668406 0.076571
v 0.540004 -0.668436 0.100123
v 0.550000 -0.668437 0.112486
v 0.560000 -0.668437 0.120448
v 0.570000 -0.668437 0.122237
v 0.580000 -0.668437 0.117594
v 0.590000 -0.668437 0.110545
v 0.600000 -0.668438 0.101956
v 0.609991 -0.668447 0.088340
v 0.619902 -0.668553 0.063207
v 0.625991 -0.662676 0.000000
v 0.629529 -0.669201 0.000000
v 0.653965 -0.663299 0.000000
v 0.660626 -0.662387 0.000000
v 0.660076 -0.668890 0.058289
v 0.650469 -0.669265 0.000000
v 0.670060 -0.662184 0.000000
v 0.670005 -0.668845 0.067701
v 0.680046 -0.661796 0.000000
v 0.680002 -0.668793 0.067370
v 0.690033 -0.668494 0.070082
v 0.700004 -0.668444 0.082666
v 0.710001 -0.668458 0.089385
v 0.720001 -0.668440 0.094491
v 0.730000 -0.668438 0.101632
v 0.740000 -0.668437 0.109340
v 0.750000 -0.668437 0.117631
v 0.760000 -0.668437 0.125220
v 0.770000 -0.668437 0.128025
v 0.780000 -0.668437 0.123439
v 0.790000 -0.668437 0.117075
v 0.800000 -0.668437 0.110429
v 0.810000 -0.668437 0.104039
v 0.819999 -0.668434 0.099158
v 0.830000 -0.668414 0.097789
v 0.840000 -0.668411 0.095881
v 0.849995 -0.668407 0.088312
v 0.859938 -0.668356 0.071608
v 0.869537 -0.668049 0.053487
v 0.876227 -0.667801 0.000000
v 0.940373 -0.668445 0.071113
v 0.933162 -0.668536 0.000000
v 0.950025 -0.668438 0.096813
v 0.960001 -0.668437 0.109007
v 0.970000 -0.668437 0.116184
v 0.980000 -0.668437 0.116179
v 0.989999 -0.668437 0.108955
v 0.999972 -0.668437 0.096691
v 1.009575 -0.668433 0.070665
v 1.016417 -0.668381 0.000000
v 0.530371 -0.678122 0.073090
v 0.523141 -0.678080 0.000000
v 0.540025 -0.678125 0.098795
v 0.550001 -0.678125 0.111719
v 0.560000 -0.678125 0.120977
v 0.570000 -0.678125 0.126129
v 0.580000 -0.678125 0.123873
v 0.590000 -0.678125 0.117626
v 0.600000 -0.678125 0.110268
v 0.610000 -0.678125 0.101695
v 0.619995 -0.678132 0.089469
v 0.629967 -0.678199 0.073573
v 0.640000 -0.671072 0.000000
v 0.639999 -0.678431 0.067991
v 0.650033 -0.678178 0.069947
v 0.660004 -0.678129 0.081134
v 0.669996 -0.678121 0.081134
v 0.679967 -0.678069 0.069919
v 0.689998 -0.677773 0.067549
v 0.700003 -0.677770 0.070121
v 0.710033 -0.678049 0.074786
v 0.720005 -0.678119 0.088925
v 0.730000 -0.678125 0.100520
v 0.740000 -0.678125 0.109198
v 0.750000 -0.678125 0.117508
v 0.760000 -0.678125 0.124428
v 0.770000 -0.678125 0.125207
v 0.780000 -0.678125 0.118976
v 0.790000 -0.678125 0.111032
v 0.800000 -0.678125 0.102342
v 0.809996 -0.678119 0.090427
v 0.819967 -0.678048 0.076138
v 0.829997 -0.677766 0.072587
v 0.839995 -0.677716 0.070285
v 0.849922 -0.677670 0.059236
v 0.859482 -0.677256 0.000000
v 0.869237 -0.674897 0.000000
v 0.875319 -0.673656 0.000000
v 0.940083 -0.678157 0.076282
v 0.930885 -0.678583 0.000000
v 0.950004 -0.678126 0.099802
v 0.960000 -0.678125 0.111674
v 0.970000 -0.678125 0.117679
v 0.980000 -0.678125 0.113822
v 0.989999 -0.678125 0.104442
v 0.999969 -0.678121 0.089508
v 1.009531 -0.678051 0.059469
v 1.016243 -0.677518 0.000000
v 0.530422 -0.687808 0.070694
v 0.523545 -0.687754 0.000000
v 0.540027 -0.687812 0.096716
v 0.550001 -0.687813 0.109237
v 0.560000 -0.687813 0.118472
v 0.570000 -0.687813 0.125860
v 0.580000 -0.687813 0.127901
v 0.590000 -0.687813 0.122725
v 0.600000 -0.687813 0.115368
v 0.610000 -0.687813 0.107297
v 0.620000 -0.687813 0.097862
v 0.629994 -0.687810 0.084470
v 0.639967 -0.687757 0.070267
v 0.649998 -0.687457 0.067380
v 0.659995 -0.687405 0.067701
v 0.669924 -0.687359 0.058285
v 0.679530 -0.686959 0.000000
v 0.689959 -0.684805 0.000000
v 0.700041 -0.684808 0.000000
v 0.710472 -0.687026 0.000000
v 0.720088 -0.687727 0.063632
v 0.730006 -0.687808 0.090410
v 0.740000 -0.687812 0.104586
v 0.750000 -0.687813 0.114567
v 0.760000 -0.687813 0.121906
v 0.770000 -0.687813 0.122090
v 0.780000 -0.687813 0.114823
v 0.790000 -0.687812 0.104836
v 0.799994 -0.687808 0.090628
v 0.809913 -0.687727 0.063777
v 0.819528 -0.687025 0.000000
v 0.829954 -0.684770 0.000000
v 0.839940 -0.684379 0.000000
v 0.849374 -0.684175 0.000000
v 0.856031 -0.683260 0.000000
v 0.924698 -0.681966 0.000000
v 0.930469 -0.687886 0.059470
v 0.923755 -0.688419 0.000000
v 0.940031 -0.687817 0.089506
v 0.950001 -0.687813 0.104416
v 0.960000 -0.687813 0.113691
v 0.970000 -0.687813 0.117539
v 0.980000 -0.687813 0.111628
v 0.989996 -0.687811 0.099790
v 0.999917 -0.687781 0.076281
v 1.009115 -0.687355 0.000000
v 1.015302 -0.683971 0.000000
v 0.530469 -0.697426 0.059471
v 0.523755 -0.696893 0.000000
v 0.540031 -0.697496 0.089522
v 0.550001 -0.697500 0.104571
v 0.560000 -0.697500 0.114997
v 0.570000 -0.697500 0.123987
v 0.580000 -0.697500 0.128787
v 0.590000 -0.697500 0.123371
v 0.600000 -0.697500 0.114522
v 0.610000 -0.697500 0.104383
v 0.619994 -0.697496 0.090107
v 0.629913 -0.697415 0.063135
v 0.639528 -0.696713 0.000000
v 0.649954 -0.694457 0.000000
v 0.659940 -0.694066 0.000000
v 0.669374 -0.693863 0.000000
v 0.676035 -0.692949 0.000000
v 0.720814 -0.697041 0.000000
v 0.713989 -0.693635 0.000000
v 0.730079 -0.697468 0.076381
v 0.740004 -0.697499 0.099835
v 0.750000 -0.697500 0.111994
v 0.760000 -0.697500 0.119794
v 0.770000 -0.697500 0.120367
v 0.780000 -0.697500 0.112625
v 0.789996 -0.697499 0.100176
v 0.799924 -0.697468 0.076612
v 0.809218 -0.697044 0.000000
v 0.816013 -0.693636 0.000000
v 0.930422 -0.697505 0.070693
v 0.923542 -0.697558 0.000000
v 0.940027 -0.697500 0.096671
v 0.950001 -0.697500 0.108705
v 0.960000 -0.697500 0.115178
v 0.970000 -0.697500 0.115168
v 0.979999 -0.697500 0.108518
v 0.989975 -0.697500 0.096594
v 0.999626 -0.697491 0.071083
v 1.006838 -0.697402 0.000000
v 0.530884 -0.706732 0.000000
v 0.524698 -0.703346 0.000000
v 0.540083 -0.707156 0.076463
v 0.550004 -0.707186 0.100141
v 0.560000 -0.707187 0.112847
v 0.570000 -0.707187 0.122598
v 0.580000 -0.707187 0.128192
v 0.590000 -0.707187 0.122627
v 0.600000 -0.707187 0.112882
v 0.609996 -0.707186 0.100164
v 0.619924 -0.707156 0.076578
v 0.629216 -0.706732 0.000000
v 0.636013 -0.703323 0.000000
v 0.730373 -0.707180 0.071119
v 0.723158 -0.707089 0.000000
v 0.740025 -0.707187 0.096823
v 0.750001 -0.707187 0.109134
v 0.760000 -0.707187 0.117127
v 0.770000 -0.707187 0.119328
v 0.779999 -0.707187 0.112091
v 0.789978 -0.707187 0.099218
v 0.799684 -0.707187 0.073767
v 0.807328 -0.707175 0.000000
v 0.930368 -0.707189 0.073112
v 0.923098 -0.707220 0.000000
v 0.940025 -0.707188 0.098597
v 0.950001 -0.707187 0.110042
v 0.960000 -0.707187 0.113598
v 0.970000 -0.707187 0.109817
v 0.979999 -0.707187 0.101637
v 0.989967 -0.707179 0.087268
v 0.999525 -0.707082 0.059005
v 1.006281 -0.706574 0.000000
v 0.540371 -0.716872 0.073084
v 0.533144 -0.716830 0.000000
v 0.550025 -0.716875 0.098798
v 0.560001 -0.716875 0.111774
v 0.570000 -0.716875 0.121370
v 0.580000 -0.716875 0.127038
v 0.590000 -0.716875 0.122142
v 0.599999 -0.716875 0.112466
v 0.609978 -0.716875 0.099242
v 0.619681 -0.716875 0.073733
v 0.627284 -0.716875 0.000000
v 0.730466 -0.716801 0.059499
v 0.723718 -0.716266 0.000000
v 0.740031 -0.716871 0.089525
v 0.750001 -0.716875 0.104493
v 0.760000 -0.716875 0.114101
v 0.770000 -0.716875 0.118559
v 0.780000 -0.716875 0.112352
v 0.789998 -0.716876 0.100180
v 0.799957 -0.716897 0.077066
v 0.809686 -0.717206 0.000000
v 0.930047 -0.716897 0.076982
v 0.920344 -0.717208 0.000000
v 0.940003 -0.716876 0.099592
v 0.950000 -0.716875 0.108909
v 0.960000 -0.716875 0.108665
v 0.970000 -0.716875 0.101747
v 0.979990 -0.716866 0.088309
v 0.989866 -0.716749 0.062710
v 0.998986 -0.715960 0.000000
v 1.005285 -0.712970 0.000000
v 0.540422 -0.726558 0.070694
v 0.533545 -0.726504 0.000000
v 0.550027 -0.726562 0.096715
v 0.560001 -0.726562 0.109225
v 0.570000 -0.726562 0.118294
v 0.580000 -0.726562 0.124345
v 0.590000 -0.726562 0.121572
v 0.600000 -0.726562 0.112777
v 0.609996 -0.726564 0.100186
v 0.619924 -0.726594 0.076609
v 0.629212 -0.727019 0.000000
v 0.730882 -0.726107 0.000000
v 0.724695 -0.722721 0.000000
v 0.740083 -0.726531 0.076471
v 0.750004 -0.726561 0.100125
v 0.760000 -0.726562 0.112343
v 0.770000 -0.726562 0.118569
v 0.780000 -0.726562 0.114190
v 0.790000 -0.726563 0.104956
v 0.799998 -0.726565 0.092675
v 0.809978 -0.726608 0.076662
v 0.819971 -0.719875 0.000000
v 0.819998 -0.726919 0.072815
v 0.829999 -0.720289 0.000000
v 0.830000 -0.726969 0.072340
v 0.840000 -0.720327 0.000000
v 0.840000 -0.726972 0.072309
v 0.850000 -0.720329 0.000000
v 0.850000 -0.726972 0.072308
v 0.860000 -0.720329 0.000000
v 0.860000 -0.726972 0.072308
v 0.870000 -0.720329 0.000000
v 0.870000 -0.726972 0.072308
v 0.880000 -0.720329 0.000000
v 0.880000 -0.726972 0.072308
v 0.890000 -0.720327 0.000000
v 0.890000 -0.726972 0.072309
v 0.900001 -0.720289 0.000000
v 0.900000 -0.726969 0.072338
v 0.910030 -0.719875 0.000000
v 0.910002 -0.726919 0.072806
v 0.920023 -0.726608 0.076628
v 0.930002 -0.726565 0.092444
v 0.940000 -0.726563 0.103210
v 0.950000 -0.726562 0.106636
v 0.960000 -0.726562 0.101507
v 0.969991 -0.726554 0.088319
v 0.979869 -0.726436 0.062820
v 0.989053 -0.725645 0.000000
v 0.995921 -0.722616 0.000000
v 0.540469 -0.736176 0.059470
v 0.533755 -0.735643 0.000000
v 0.550031 -0.736246 0.089513
v 0.560001 -0.736250 0.104528
v 0.570000 -0.736250 0.114671
v 0.580000 -0.736250 0.121979
v 0.590000 -0.736250 0.121957
v 0.600000 -0.736250 0.114790
v 0.610000 -0.736250 0.104832
v 0.619993 -0.736255 0.090581
v 0.629877 -0.736345 0.063209
v 0.635943 -0.730446 0.000000
v 0.638987 -0.737162 0.000000
v 0.740368 -0.736247 0.073302
v 0.733102 -0.736209 0.000000
v 0.750025 -0.736250 0.099099
v 0.760001 -0.736250 0.112048
v 0.770000 -0.736250 0.119424
v 0.780000 -0.736250 0.117831
v 0.790000 -0.736250 0.111330
v 0.800000 -0.736250 0.104627
v 0.809999 -0.736252 0.099536
v 0.820000 -0.736274 0.098370
v 0.830000 -0.736276 0.098243
v 0.840000 -0.736277 0.098235
v 0.850000 -0.736277 0.098235
v 0.860000 -0.736277 0.098235
v 0.870000 -0.736277 0.098235
v 0.880000 -0.736277 0.098233
v 0.890000 -0.736277 0.098221
v 0.900000 -0.736276 0.098199
v 0.910000 -0.736274 0.098228
v 0.920001 -0.736252 0.099207
v 0.930000 -0.736250 0.103530
v 0.940000 -0.736250 0.106463
v 0.950000 -0.736250 0.102805
v 0.959993 -0.736245 0.090216
v 0.969879 -0.736154 0.063271
v 0.979054 -0.735336 0.000000
v 0.985926 -0.732303 0.000000
v 0.540885 -0.745480 0.000000
v 0.534698 -0.742096 0.000000
v 0.550083 -0.745906 0.076282
v 0.560004 -0.745936 0.099821
v 0.570000 -0.745938 0.112041
v 0.580000 -0.745938 0.120364
v 0.590000 -0.745938 0.123080
v 0.600000 -0.745938 0.118537
v 0.610000 -0.745938 0.110959
v 0.619999 -0.745938 0.101914
v 0.629967 -0.745945 0.087302
v 0.639525 -0.746043 0.059007
v 0.645285 -0.740155 0.000000
v 0.646283 -0.746550 0.000000
v 0.740365 -0.745939 0.073342
v 0.733058 -0.745965 0.000000
v 0.750025 -0.745938 0.099113
v 0.760001 -0.745938 0.112225
v 0.770000 -0.745938 0.120757
v 0.780000 -0.745938 0.122709
v 0.790000 -0.745938 0.118662
v 0.800000 -0.745938 0.114318
v 0.810000 -0.745938 0.111984
v 0.820000 -0.745938 0.111460
v 0.830000 -0.745938 0.111400
v 0.840000 -0.745938 0.111397
v 0.850000 -0.745938 0.111396
v 0.860000 -0.745938 0.111396
v 0.870000 -0.745938 0.111394
v 0.880000 -0.745938 0.111362
v 0.890000 -0.745938 0.111191
v 0.900000 -0.745938 0.110864
v 0.910000 -0.745938 0.110138
v 0.920000 -0.745938 0.109491
v 0.930000 -0.745938 0.109415
v 0.940000 -0.745937 0.106718
v 0.949996 -0.745936 0.097268
v 0.959918 -0.745900 0.074366
v 0.969169 -0.745437 0.000000
v 0.975945 -0.742051 0.000000
v 0.550374 -0.755616 0.071083
v 0.543162 -0.755527 0.000000
v 0.560025 -0.755625 0.096608
v 0.570001 -0.755625 0.108730
v 0.580000 -0.755625 0.116842
v 0.590000 -0.755625 0.122020
v 0.600000 -0.755625 0.121969
v 0.610000 -0.755625 0.116789
v 0.619999 -0.755625 0.108713
v 0.629975 -0.755625 0.096607
v 0.639629 -0.755633 0.071123
v 0.646885 -0.755711 0.000000
v 0.740046 -0.755647 0.077039
v 0.730342 -0.755958 0.000000
v 0.750003 -0.755626 0.100211
v 0.760000 -0.755625 0.112875
v 0.770000 -0.755625 0.122333
v 0.780000 -0.755625 0.127508
v 0.790000 -0.755625 0.125720
v 0.800000 -0.755625 0.122890
v 0.810000 -0.755625 0.121489
v 0.820000 -0.755625 0.121174
v 0.830000 -0.755625 0.121137
v 0.840000 -0.755625 0.121134
v 0.850000 -0.755625 0.121134
v 0.860000 -0.755625 0.121133
v 0.870000 -0.755625 0.121101
v 0.880000 -0.755625 0.120816
v 0.890000 -0.755625 0.119635
v 0.900000 -0.755625 0.117717
v 0.910000 -0.755625 0.114520
v 0.920000 -0.755625 0.110877
v 0.930000 -0.755625 0.107390
v 0.939999 -0.755624 0.101070
v 0.949969 -0.755616 0.087315
v 0.959573 -0.755517 0.059427
v 0.966668 -0.754972 0.000000
v 0.550475 -0.765207 0.059006
v 0.543719 -0.764699 0.000000
v 0.560033 -0.765305 0.087301
v 0.570001 -0.765312 0.101905
v 0.580000 -0.765312 0.110923
v 0.590000 -0.765312 0.118338
v 0.600000 -0.765312 0.122466
v 0.610000 -0.765312 0.119791
v 0.620000 -0.765312 0.111805
v 0.629997 -0.765313 0.099803
v 0.639953 -0.765335 0.076821
v 0.649656 -0.765647 0.000000
v 0.693965 -0.760176 0.000000
v 0.700626 -0.759262 0.000000
v 0.700076 -0.765767 0.059299
v 0.690470 -0.766169 0.000000
v 0.710060 -0.759057 0.000000
v 0.710005 -0.765721 0.070272
v 0.720033 -0.758626 0.000000
v 0.720002 -0.765669 0.072604
v 0.730023 -0.765357 0.076610
v 0.740003 -0.765315 0.092641
v 0.750000 -0.765313 0.105003
v 0.760000 -0.765312 0.115019
v 0.770000 -0.765312 0.123757
v 0.780000 -0.765312 0.129120
v 0.790000 -0.765312 0.128745
v 0.800000 -0.765312 0.127391
v 0.810000 -0.765312 0.126847
v 0.820000 -0.765312 0.126751
v 0.830000 -0.765312 0.126742
v 0.840000 -0.765312 0.126742
v 0.850000 -0.765312 0.126741
v 0.860000 -0.765312 0.126730
v 0.870000 -0.765312 0.126586
v 0.880000 -0.765312 0.125542
v 0.890000 -0.765312 0.121843
v 0.900000 -0.765312 0.116555
v 0.910000 -0.765312 0.110319
v 0.920000 -0.765312 0.103785
v 0.929999 -0.765309 0.097118
v 0.939991 -0.765283 0.087217
v 0.949866 -0.765183 0.062594
v 0.958990 -0.764397 0.000000
v 0.965341 -0.761405 0.000000
v 0.551013 -0.774088 0.000000
v 0.544715 -0.771095 0.000000
v 0.560125 -0.774904 0.063172
v 0.570008 -0.774995 0.090385
v 0.580000 -0.775000 0.104407
v 0.590000 -0.775000 0.113411
v 0.600000 -0.775000 0.118642
v 0.610000 -0.775000 0.118497
v 0.620000 -0.775000 0.112864
v 0.630000 -0.775000 0.104203
v 0.639997 -0.775002 0.092220
v 0.649977 -0.775045 0.076286
v 0.659970 -0.768310 0.000000
v 0.659998 -0.775356 0.072455
v 0.670001 -0.768689 0.000000
v 0.670000 -0.775403 0.072009
v 0.680043 -0.768356 0.000000
v 0.680003 -0.775359 0.072410
v 0.690033 -0.775080 0.075666
v 0.700004 -0.775030 0.088789
v 0.710000 -0.775027 0.095677
v 0.720000 -0.775024 0.097485
v 0.730001 -0.775002 0.098890
v 0.740000 -0.775000 0.104065
v 0.750000 -0.775000 0.110969
v 0.760000 -0.775000 0.118468
v 0.770000 -0.775000 0.124112
v 0.780000 -0.775000 0.125128
v 0.790000 -0.775000 0.123069
v 0.800000 -0.775000 0.121572
v 0.810000 -0.775000 0.121186
v 0.820000 -0.775000 0.121138
v 0.830000 -0.775000 0.121134
v 0.840000 -0.775000 0.121134
v 0.850000 -0.775000 0.121134
v 0.860000 -0.775000 0.121127
v 0.870000 -0.775000 0.121018
v 0.880000 -0.775000 0.120147
v 0.890000 -0.775000 0.116633
v 0.900000 -0.775000 0.110328
v 0.910000 -0.775000 0.102096
v 0.919995 -0.774993 0.090227
v 0.929962 -0.774921 0.074103
v 0.939888 -0.774587 0.059333
v 0.949055 -0.774022 0.000000
v 0.955921 -0.771049 0.000000
v 0.560831 -0.784187 0.000000
v 0.554060 -0.780801 0.000000
v 0.570082 -0.784650 0.074372
v 0.580004 -0.784685 0.097342
v 0.590000 -0.784687 0.107116
v 0.600000 -0.784687 0.110896
v 0.610000 -0.784688 0.112269
v 0.620000 -0.784688 0.110517
v 0.630000 -0.784687 0.106153
v 0.640000 -0.784687 0.100810
v 0.649999 -0.784689 0.096216
v 0.660000 -0.784710 0.095144
v 0.670000 -0.784713 0.095032
v 0.680000 -0.784711 0.095142
v 0.690001 -0.784690 0.096165
v 0.700000 -0.784688 0.100353
v 0.710000 -0.784688 0.104262
v 0.720000 -0.784688 0.105821
v 0.730000 -0.784688 0.106759
v 0.740000 -0.784688 0.109721
v 0.750000 -0.784688 0.114919
v 0.760000 -0.784688 0.120408
v 0.770000 -0.784688 0.121926
v 0.780000 -0.784688 0.118501
v 0.790000 -0.784688 0.114330
v 0.800000 -0.784687 0.111991
v 0.810000 -0.784687 0.111461
v 0.820000 -0.784687 0.111400
v 0.830000 -0.784687 0.111397
v 0.840000 -0.784687 0.111396
v 0.850000 -0.784687 0.111396
v 0.860000 -0.784687 0.111393
v 0.870000 -0.784687 0.111341
v 0.880000 -0.784687 0.110851
v 0.890000 -0.784687 0.108371
v 0.900000 -0.784686 0.101627
v 0.909992 -0.784678 0.088341
v 0.919901 -0.784570 0.063248
v 0.929484 -0.783883 0.000000
v 0.939326 -0.781460 0.000000
v 0.945966 -0.780174 0.000000
v 0.570427 -0.794264 0.059303
v 0.563332 -0.793722 0.000000
v 0.580030 -0.794343 0.086187
v 0.590001 -0.794351 0.095916
v 0.600001 -0.794371 0.098972
v 0.610000 -0.794374 0.102474
v 0.620000 -0.794374 0.102216
v 0.629999 -0.794371 0.098303
v 0.640000 -0.794351 0.096190
v 0.650000 -0.794349 0.095222
v 0.660000 -0.794349 0.095036
v 0.670000 -0.794349 0.095020
v 0.680000 -0.794349 0.095036
v 0.690000 -0.794348 0.095213
v 0.700000 -0.794348 0.096042
v 0.710000 -0.794348 0.097107
v 0.720000 -0.794351 0.097650
v 0.730001 -0.794372 0.098900
v 0.740000 -0.794375 0.104050
v 0.750000 -0.794375 0.110744
v 0.760000 -0.794375 0.116701
v 0.770000 -0.794375 0.116905
v 0.780000 -0.794375 0.111198
v 0.790000 -0.794375 0.104620
v 0.799999 -0.794372 0.099536
v 0.810000 -0.794351 0.098370
v 0.820000 -0.794348 0.098243
v 0.830000 -0.794348 0.098235
v 0.840000 -0.794348 0.098235
v 0.850000 -0.794348 0.098235
v 0.860000 -0.794348 0.098234
v 0.870000 -0.794348 0.098215
v 0.880000 -0.794348 0.097961
v 0.890000 -0.794348 0.096021
v 0.899991 -0.794342 0.087137
v 0.909870 -0.794245 0.062694
v 0.919056 -0.793458 0.000000
v 0.925988 -0.790446 0.000000
v 0.571008 -0.803082 0.000000
v 0.564659 -0.800150 0.000000
v 0.580112 -0.803602 0.058792
v 0.590009 -0.803700 0.070679
v 0.600033 -0.803982 0.075664
v 0.610004 -0.804032 0.087437
v 0.619996 -0.804032 0.087422
v 0.629967 -0.803982 0.075742
v 0.639997 -0.803703 0.072510
v 0.650000 -0.803656 0.071995
v 0.660000 -0.803653 0.071950
v 0.670000 -0.803653 0.071948
v 0.680000 -0.803653 0.071950
v 0.690000 -0.803653 0.071966
v 0.700000 -0.803653 0.072062
v 0.710000 -0.803656 0.072237
v 0.720002 -0.803706 0.072765
v 0.730023 -0.804017 0.076616
v 0.740003 -0.804060 0.092621
v 0.750000 -0.804062 0.104696
v 0.760000 -0.804062 0.112451
v 0.770000 -0.804062 0.112465
v 0.780000 -0.804062 0.104726
v 0.789997 -0.804060 0.092659
v 0.799977 -0.804017 0.076658
v 0.809998 -0.803706 0.072815
v 0.820000 -0.803656 0.072340
v 0.830000 -0.803653 0.072309
v 0.840000 -0.803653 0.072308
v 0.850000 -0.803653 0.072308
v 0.860000 -0.803653 0.072308
v 0.870000 -0.803653 0.072301
v 0.880000 -0.803653 0.072138
v 0.889994 -0.803650 0.070250
v 0.899891 -0.803599 0.058867
v 0.909055 -0.803080 0.000000
v 0.915926 -0.800111 0.000000
v 0.580634 -0.810147 0.000000
v 0.574035 -0.809183 0.000000
v 0.590102 -0.810687 0.000000
v 0.600472 -0.812893 0.000000
v 0.610071 -0.813293 0.057325
v 0.619929 -0.813293 0.057324
v 0.629530 -0.812894 0.000000
v 0.639957 -0.810705 0.000000
v 0.649998 -0.810334 0.000000
v 0.660000 -0.810298 0.000000
v 0.670000 -0.810296 0.000000
v 0.680000 -0.810296 0.000000
v 0.690000 -0.810296 0.000000
v 0.700000 -0.810298 0.000000
v 0.710001 -0.810336 0.000000
v 0.720030 -0.810750 0.000000
v 0.730344 -0.813417 0.000000
v 0.740047 -0.813728 0.077017
v 0.750003 -0.813749 0.099887
v 0.760000 -0.813750 0.110142
v 0.770000 -0.813750 0.110143
v 0.779997 -0.813749 0.099889
v 0.789954 -0.813728 0.077020
v 0.799658 -0.813417 0.000000
v 0.809970 -0.810750 0.000000
v 0.819999 -0.810336 0.000000
v 0.830000 -0.810298 0.000000
v 0.840000 -0.810296 0.000000
v 0.850000 -0.810296 0.000000
v 0.860000 -0.810296 0.000000
v 0.870000 -0.810296 0.000000
v 0.879997 -0.810295 0.000000
v 0.889942 -0.810279 0.000000
v 0.899369 -0.810109 0.000000
v 0.905969 -0.809180 0.000000
v 0.610568 -0.819781 0.000000
v 0.603961 -0.818885 0.000000
v 0.619432 -0.819780 0.000000
v 0.626039 -0.818885 0.000000
v 0.740368 -0.823436 0.073292
v 0.733097 -0.823408 0.000000
v 0.750025 -0.823437 0.098793
v 0.760001 -0.823438 0.109631
v 0.769999 -0.823438 0.109634
v 0.779976 -0.823438 0.098800
v 0.789635 -0.823436 0.073322
v 0.796945 -0.823409 0.000000
v 0.740419 -0.833125 0.072834
v 0.733522 -0.833124 0.000000
v 0.750027 -0.833125 0.098675
v 0.760001 -0.833125 0.109582
v 0.769999 -0.833125 0.109625
v 0.779976 -0.833125 0.098799
v 0.789635 -0.833127 0.073322
v 0.796945 -0.833153 0.000000
v 0.740419 -0.842813 0.072834
v 0.733524 -0.842815 0.000000
v 0.750027 -0.842812 0.098684
v 0.760001 -0.842812 0.109670
v 0.770000 -0.842812 0.110045
v 0.779997 -0.842813 0.099879
v 0.789954 -0.842835 0.077019
v 0.799658 -0.843145 0.000000
v 0.740371 -0.852503 0.073262
v 0.733140 -0.852542 0.000000
v 0.750025 -0.852500 0.098853
v 0.760001 -0.852500 0.110154
v 0.770000 -0.852500 0.111932
v 0.780000 -0.852500 0.104663
v 0.789997 -0.852502 0.092655
v 0.799977 -0.852545 0.076658
v 0.809970 -0.845812 0.000000
v 0.809998 -0.852857 0.072815
v 0.819999 -0.846226 0.000000
v 0.820000 -0.852906 0.072332
v 0.829997 -0.846265 0.000000
v 0.830000 -0.852910 0.072140
v 0.839942 -0.846284 0.000000
v 0.839995 -0.852911 0.070279
v 0.849374 -0.846449 0.000000
v 0.849925 -0.852933 0.059399
v 0.856037 -0.847322 0.000000
v 0.859563 -0.853056 0.000000
v 0.873963 -0.847322 0.000000
v 0.880623 -0.846450 0.000000
v 0.880074 -0.852933 0.059141
v 0.870437 -0.853056 0.000000
v 0.889994 -0.846302 0.000000
v 0.889975 -0.852913 0.067427
v 0.899283 -0.846451 0.000000
v 0.899542 -0.852943 0.054916
v 0.905324 -0.847342 0.000000
v 0.906245 -0.853198 0.000000
v 0.740079 -0.862219 0.076573
v 0.730817 -0.862646 0.000000
v 0.750004 -0.862189 0.100032
v 0.760000 -0.862188 0.111481
v 0.770000 -0.862188 0.115536
v 0.780000 -0.862188 0.111014
v 0.790000 -0.862188 0.104607
v 0.799999 -0.862190 0.099536
v 0.810000 -0.862211 0.098370
v 0.820000 -0.862214 0.098223
v 0.830000 -0.862214 0.097970
v 0.840000 -0.862214 0.096203
v 0.849996 -0.862215 0.089238
v 0.859970 -0.862225 0.076466
v 0.870030 -0.862225 0.076389
v 0.880003 -0.862215 0.088287
v 0.889973 -0.862214 0.089599
v 0.899575 -0.862217 0.069480
v 0.906417 -0.862249 0.000000
v 0.724054 -0.866071 0.000000
v 0.730121 -0.871970 0.063317
v 0.720943 -0.872788 0.000000
v 0.740007 -0.871880 0.090602
v 0.750000 -0.871875 0.104808
v 0.760000 -0.871875 0.114485
v 0.770000 -0.871875 0.120300
v 0.780000 -0.871875 0.118298
v 0.790000 -0.871875 0.114343
v 0.800000 -0.871875 0.112023
v 0.810000 -0.871876 0.111485
v 0.820000 -0.871876 0.111368
v 0.830000 -0.871876 0.110906
v 0.840000 -0.871876 0.108760
v 0.850000 -0.871876 0.104076
v 0.859999 -0.871876 0.099574
v 0.870001 -0.871876 0.099239
v 0.879999 -0.871876 0.101280
v 0.889973 -0.871876 0.096015
v 0.899577 -0.871876 0.072286
v 0.906434 -0.871878 0.000000
v 0.714012 -0.875804 0.000000
v 0.720100 -0.881680 0.063251
v 0.710516 -0.882367 0.000000
v 0.730008 -0.881570 0.088402
v 0.740000 -0.881563 0.102202
v 0.750000 -0.881562 0.111114
v 0.760000 -0.881562 0.119137
v 0.770000 -0.881562 0.125485
v 0.780000 -0.881562 0.125979
v 0.790000 -0.881562 0.123608
v 0.800000 -0.881562 0.122055
v 0.810000 -0.881562 0.121579
v 0.820000 -0.881562 0.121356
v 0.830000 -0.881562 0.120585
v 0.840000 -0.881562 0.117868
v 0.850000 -0.881562 0.114173
v 0.860000 -0.881562 0.111815
v 0.870000 -0.881562 0.110835
v 0.879999 -0.881562 0.108211
v 0.889973 -0.881562 0.098220
v 0.899577 -0.881562 0.072745
v 0.906435 -0.881563 0.000000
v 0.693968 -0.886057 0.000000
v 0.700669 -0.884789 0.000000
v 0.700079 -0.891654 0.059793
v 0.690471 -0.892102 0.000000
v 0.710037 -0.891329 0.074139
v 0.720005 -0.891257 0.090251
v 0.730000 -0.891250 0.102150
v 0.740000 -0.891250 0.110604
v 0.750000 -0.891250 0.118017
v 0.760000 -0.891250 0.125209
v 0.770000 -0.891250 0.131611
v 0.780000 -0.891250 0.133975
v 0.790000 -0.891250 0.132559
v 0.800000 -0.891250 0.131028
v 0.810000 -0.891250 0.129911
v 0.820000 -0.891250 0.129118
v 0.830000 -0.891250 0.128066
v 0.840000 -0.891250 0.125444
v 0.850000 -0.891250 0.122583
v 0.860000 -0.891250 0.120269
v 0.870000 -0.891250 0.117661
v 0.879999 -0.891250 0.111173
v 0.889973 -0.891250 0.098842
v 0.899577 -0.891250 0.072815
v 0.906435 -0.891250 0.000000
v 0.613965 -0.895801 0.000000
v 0.620626 -0.894889 0.000000
v 0.620076 -0.901392 0.059304
v 0.610473 -0.901794 0.000000
v 0.630058 -0.894722 0.000000
v 0.630005 -0.901350 0.070259
v 0.640003 -0.894705 0.000000
v 0.640000 -0.901347 0.072119
v 0.650000 -0.894704 0.000000
v 0.650000 -0.901347 0.072281
v 0.660000 -0.894702 0.000000
v 0.660000 -0.901347 0.072289
v 0.670002 -0.894666 0.000000
v 0.670000 -0.901344 0.072318
v 0.680043 -0.894295 0.000000
v 0.680003 -0.901297 0.072753
v 0.690033 -0.901017 0.076035
v 0.700004 -0.900965 0.089340
v 0.710001 -0.900941 0.097461
v 0.720000 -0.900938 0.104129
v 0.730000 -0.900938 0.110912
v 0.740000 -0.900938 0.117943
v 0.750000 -0.900938 0.124916
v 0.760000 -0.900938 0.131866
v 0.770000 -0.900938 0.137902
v 0.780000 -0.900938 0.140169
v 0.790000 -0.900938 0.138488
v 0.800000 -0.900938 0.135879
v 0.810000 -0.900938 0.132679
v 0.820000 -0.900938 0.130238
v 0.830000 -0.900938 0.128928
v 0.840000 -0.900938 0.127809
v 0.850000 -0.900938 0.126271
v 0.860000 -0.900938 0.123169
v 0.870000 -0.900938 0.118850
v 0.879999 -0.900938 0.111282
v 0.889973 -0.900938 0.098795
v 0.899577 -0.900938 0.072800
v 0.906435 -0.900937 0.000000
v 0.583965 -0.905486 0.000000
v 0.590629 -0.904539 0.000000
v 0.590076 -0.911076 0.058987
v 0.580473 -0.911482 0.000000
v 0.600101 -0.904001 0.000000
v 0.600008 -0.910987 0.070407
v 0.610033 -0.910705 0.075521
v 0.620004 -0.910655 0.088895
v 0.630000 -0.910652 0.095927
v 0.640000 -0.910652 0.097659
v 0.650000 -0.910652 0.097896
v 0.660000 -0.910652 0.097915
v 0.670000 -0.910651 0.097932
v 0.680000 -0.910649 0.098114
v 0.690001 -0.910629 0.099333
v 0.700000 -0.910626 0.104032
v 0.710000 -0.910625 0.109173
v 0.720000 -0.910625 0.113552
v 0.730000 -0.910625 0.118524
v 0.740000 -0.910625 0.124562
v 0.750000 -0.910625 0.130911
v 0.760000 -0.910625 0.137026
v 0.770000 -0.910625 0.140745
v 0.780000 -0.910625 0.138936
v 0.790000 -0.910625 0.134996
v 0.800000 -0.910625 0.131125
v 0.810000 -0.910625 0.126825
v 0.820000 -0.910625 0.123424
v 0.830000 -0.910625 0.121787
v 0.840000 -0.910625 0.121224
v 0.850000 -0.910625 0.120350
v 0.860000 -0.910625 0.117536
v 0.870000 -0.910625 0.113257
v 0.879999 -0.910625 0.107811
v 0.889973 -0.910624 0.097550
v 0.899577 -0.910624 0.072480
v 0.906434 -0.910622 0.000000
v 0.553965 -0.915172 0.000000
v 0.560629 -0.914225 0.000000
v 0.560076 -0.920737 0.055065
v 0.550473 -0.921142 0.000000
v 0.570101 -0.913687 0.000000
v 0.570008 -0.920650 0.065292
v 0.580034 -0.920389 0.070545
v 0.590004 -0.920342 0.085793
v 0.600000 -0.920336 0.093349
v 0.610001 -0.920316 0.096157
v 0.620000 -0.920313 0.101363
v 0.630000 -0.920313 0.106338
v 0.640000 -0.920313 0.108242
v 0.650000 -0.920313 0.108612
v 0.660000 -0.920313 0.108662
v 0.670000 -0.920313 0.108764
v 0.680000 -0.920313 0.109279
v 0.690000 -0.920313 0.110577
v 0.700000 -0.920313 0.113158
v 0.710000 -0.920313 0.116670
v 0.720000 -0.920313 0.120097
v 0.730000 -0.920313 0.123660
v 0.740000 -0.920313 0.128056
v 0.750000 -0.920313 0.132628
v 0.760000 -0.920313 0.136692
v 0.770000 -0.920313 0.137017
v 0.780000 -0.920313 0.132454
v 0.790000 -0.920313 0.127209
v 0.800000 -0.920313 0.122801
v 0.810000 -0.920313 0.118396
v 0.820000 -0.920313 0.114299
v 0.830000 -0.920312 0.111999
v 0.840000 -0.920312 0.111417
v 0.850000 -0.920312 0.110893
v 0.860000 -0.920312 0.108735
v 0.870000 -0.920312 0.103931
v 0.879998 -0.920309 0.098311
v 0.889972 -0.920289 0.091518
v 0.899575 -0.920283 0.069692
v 0.906417 -0.920251 0.000000
v 0.524703 -0.924746 0.000000
v 0.530726 -0.923872 0.000000
v 0.530493 -0.929997 0.039799
v 0.523946 -0.930000 0.000000
v 0.540107 -0.923340 0.000000
v 0.540036 -0.929950 0.049532
v 0.550034 -0.929670 0.053318
v 0.560004 -0.929624 0.063094
v 0.570003 -0.929665 0.066562
v 0.580034 -0.929924 0.070652
v 0.590004 -0.929971 0.085798
v 0.600000 -0.929977 0.093349
v 0.610001 -0.929996 0.096157
v 0.620000 -0.929999 0.101363
v 0.630000 -0.929999 0.106338
v 0.640000 -0.929999 0.108242
v 0.650000 -0.929999 0.108615
v 0.660000 -0.929999 0.108709
v 0.670000 -0.930000 0.109167
v 0.680000 -0.930000 0.111112
v 0.690000 -0.930000 0.114262
v 0.700000 -0.930000 0.116761
v 0.710000 -0.930000 0.118221
v 0.720000 -0.930000 0.119289
v 0.730000 -0.930000 0.120536
v 0.740000 -0.930000 0.122987
v 0.750000 -0.930000 0.126782
v 0.760000 -0.930000 0.130615
v 0.770000 -0.930000 0.130255
v 0.780000 -0.930000 0.125008
v 0.790000 -0.930000 0.118954
v 0.800000 -0.930000 0.113874
v 0.810000 -0.930000 0.109360
v 0.820000 -0.929999 0.104138
v 0.829999 -0.929996 0.099481
v 0.840000 -0.929976 0.098348
v 0.850000 -0.929973 0.097977
v 0.860000 -0.929973 0.096201
v 0.869996 -0.929970 0.089197
v 0.879966 -0.929920 0.075760
v 0.889967 -0.929639 0.069888
v 0.899542 -0.929560 0.055109
v 0.906245 -0.929302 0.000000
v 0.530724 -0.936091 0.000000
v 0.524703 -0.935251 0.000000
v 0.540064 -0.936249 0.000000
v 0.550005 -0.936240 0.000000
v 0.560002 -0.936273 0.000000
v 0.570044 -0.936644 0.000000
v 0.580470 -0.938831 0.000000
v 0.590076 -0.939237 0.058988
v 0.600008 -0.939326 0.070407
v 0.610033 -0.939607 0.075521
v 0.620004 -0.939657 0.088895
v 0.630000 -0.939661 0.095927
v 0.640000 -0.939661 0.097659
v 0.650000 -0.939661 0.097903
v 0.660000 -0.939664 0.098046
v 0.670001 -0.939684 0.099149
v 0.680000 -0.939686 0.103705
v 0.690000 -0.939687 0.108315
v 0.700000 -0.939687 0.110416
v 0.710000 -0.939687 0.110974
v 0.720000 -0.939687 0.111211
v 0.730000 -0.939687 0.111855
v 0.740000 -0.939687 0.114330
v 0.750000 -0.939687 0.118824
v 0.760000 -0.939687 0.123403
v 0.770000 -0.939687 0.123240
v 0.780000 -0.939687 0.117819
v 0.790000 -0.939687 0.110939
v 0.800000 -0.939687 0.104151
v 0.809999 -0.939684 0.097472
v 0.819996 -0.939660 0.089346
v 0.829967 -0.939608 0.076043
v 0.839997 -0.939328 0.072762
v 0.850000 -0.939281 0.072169
v 0.859995 -0.939276 0.070277
v 0.869924 -0.939233 0.059324
v 0.879527 -0.938831 0.000000
v 0.889893 -0.936625 0.000000
v 0.899277 -0.936088 0.000000
v 0.905324 -0.935161 0.000000
v 0.590629 -0.945773 0.000000
v 0.583965 -0.944826 0.000000
v 0.600101 -0.946312 0.000000
v 0.610473 -0.948518 0.000000
v 0.620076 -0.948921 0.059304
v 0.630005 -0.948963 0.070259
v 0.640000 -0.948965 0.072120
v 0.650000 -0.948969 0.072310
v 0.660003 -0.949016 0.072749
v 0.670033 -0.949295 0.076015
v 0.680004 -0.949345 0.089189
v 0.690000 -0.949348 0.096172
v 0.700000 -0.949348 0.097936
v 0.710000 -0.949348 0.098197
v 0.720000 -0.949351 0.098352
v 0.730001 -0.949373 0.099526
v 0.740000 -0.949375 0.104620
v 0.750000 -0.949375 0.111228
v 0.760000 -0.949375 0.117065
v 0.770000 -0.949375 0.116987
v 0.780000 -0.949375 0.110836
v 0.790000 -0.949375 0.102347
v 0.799995 -0.949369 0.090281
v 0.809963 -0.949296 0.074141
v 0.819921 -0.948971 0.059793
v 0.829530 -0.948523 0.000000
v 0.839956 -0.946330 0.000000
v 0.849995 -0.945958 0.000000
v 0.859942 -0.945905 0.000000
v 0.869374 -0.945736 0.000000
v 0.876035 -0.944824 0.000000
v 0.620626 -0.955423 0.000000
v 0.613965 -0.954511 0.000000
v 0.630058 -0.955591 0.000000
v 0.640003 -0.955610 0.000000
v 0.650002 -0.955647 0.000000
v 0.660043 -0.956017 0.000000
v 0.670470 -0.958206 0.000000
v 0.680076 -0.958608 0.059324
v 0.690005 -0.958650 0.070275
v 0.700000 -0.958653 0.072138
v 0.710000 -0.958656 0.072331
v 0.720002 -0.958706 0.072814
v 0.730023 -0.959017 0.076657
v 0.740003 -0.959060 0.092658
v 0.750000 -0.959063 0.104715
v 0.760000 -0.959063 0.112358
v 0.770000 -0.959063 0.112017
v 0.780000 -0.959062 0.104249
v 0.789994 -0.959058 0.090422
v 0.799910 -0.958975 0.063711
v 0.809485 -0.958261 0.000000
v 0.819331 -0.955836 0.000000
v 0.826032 -0.954568 0.000000
v 0.680626 -0.965111 0.000000
v 0.673965 -0.964199 0.000000
v 0.690058 -0.965279 0.000000
v 0.700003 -0.965297 0.000000
v 0.710002 -0.965336 0.000000
v 0.720030 -0.965750 0.000000
v 0.730344 -0.968417 0.000000
v 0.740047 -0.968728 0.077014
v 0.750003 -0.968749 0.099808
v 0.760000 -0.968750 0.109516
v 0.770000 -0.968750 0.107939
v 0.779996 -0.968749 0.097699
v 0.789919 -0.968714 0.074421
v 0.799173 -0.968251 0.000000
v 0.806007 -0.964881 0.000000
v 0.740368 -0.978436 0.073277
v 0.733097 -0.978408 0.000000
v 0.750025 -0.978437 0.098572
v 0.760001 -0.978437 0.107964
v 0.769999 -0.978437 0.103517
v 0.779972 -0.978433 0.089546
v 0.789583 -0.978361 0.059921
v 0.796670 -0.977789 0.000000
v 0.740419 -0.988125 0.072812
v 0.733524 -0.988124 0.000000
v 0.750027 -0.988125 0.098366
v 0.760001 -0.988125 0.107128
v 0.769996 -0.988124 0.099430
v 0.779917 -0.988093 0.076427
v 0.789120 -0.987669 0.000000
v 0.795360 -0.984280 0.000000
v 0.740423 -0.997813 0.072782
v 0.733563 -0.997813 0.000000
v 0.750027 -0.997813 0.098345
v 0.760000 -0.997813 0.106961
v 0.769975 -0.997812 0.098459
v 0.779629 -0.997810 0.073231
v 0.786859 -0.997770 0.000000
v 0.953965 -0.992676 0.000000
v 0.960626 -0.991764 0.000000
v 0.960076 -0.998267 0.059325
v 0.950470 -0.998669 0.000000
v 0.970058 -0.991597 0.000000
v 0.970005 -0.998225 0.070276
v 0.980003 -0.991580 0.000000
v 0.980000 -0.998222 0.072139
v 0.990000 -0.991579 0.000000
v 0.990000 -0.998222 0.072294
v 0.999997 -0.991580 0.000000
v 1.000000 -0.998222 0.072139
v 1.009942 -0.991597 0.000000
v 1.009995 -0.998224 0.070276
v 1.019374 -0.991764 0.000000
v 1.019924 -0.998267 0.059325
v 1.026035 -0.992676 0.000000
v 1.029530 -0.998669 0.000000
v 0.740423 -1.007500 0.072782
v 0.733563 -1.007500 0.000000
v 0.750027 -1.007500 0.098344
v 0.760000 -1.007500 0.106946
v 0.769973 -1.007500 0.098356
v 0.779584 -1.007500 0.072840
v 0.786515 -1.007499 0.000000
v 0.903968 -1.002365 0.000000
v 0.910626 -1.001452 0.000000
v 0.910078 -1.007955 0.059296
v 0.900514 -1.008370 0.000000
v 0.920058 -1.001282 0.000000
v 0.920005 -1.007912 0.070276
v 0.930005 -1.001230 0.000000
v 0.930000 -1.007906 0.072169
v 0.940044 -1.000858 0.000000
v 0.940003 -1.007859 0.072762
v 0.950033 -1.007580 0.076036
v 0.960004 -1.007530 0.089212
v 0.970000 -1.007527 0.096202
v 0.980000 -1.007527 0.097970
v 0.990000 -1.007527 0.098197
v 1.000000 -1.007527 0.097970
v 1.010000 -1.007527 0.096202
v 1.019996 -1.007530 0.089212
v 1.029967 -1.007580 0.076036
v 1.039957 -1.000858 0.000000
v 1.039997 -1.007859 0.072769
v 1.049998 -1.001229 0.000000
v 1.050000 -1.007906 0.072338
v 1.060000 -1.001264 0.000000
v 1.060000 -1.007910 0.072303
v 1.070000 -1.001266 0.000000
v 1.070000 -1.007910 0.072244
v 1.079997 -1.001267 0.000000
v 1.079999 -1.007910 0.071847
v 1.089936 -1.001284 0.000000
v 1.089970 -1.007912 0.069209
v 1.099280 -1.001450 0.000000
v 1.099542 -1.007943 0.054901
v 1.105324 -1.002342 0.000000
v 1.106244 -1.008195 0.000000
v 0.740419 -1.017188 0.072812
v 0.733524 -1.017189 0.000000
v 0.750027 -1.017188 0.098351
v 0.760000 -1.017188 0.106964
v 0.769975 -1.017188 0.098461
v 0.779632 -1.017190 0.073271
v 0.786905 -1.017217 0.000000
v 0.883968 -1.011995 0.000000
v 0.890669 -1.010730 0.000000
v 0.890079 -1.017592 0.059786
v 0.880471 -1.018040 0.000000
v 0.900037 -1.017270 0.074011
v 0.910004 -1.017218 0.089043
v 0.920000 -1.017214 0.096195
v 0.930000 -1.017214 0.097978
v 0.940000 -1.017211 0.098349
v 0.950001 -1.017191 0.099478
v 0.960000 -1.017189 0.104075
v 0.970000 -1.017189 0.108770
v 0.980000 -1.017189 0.110920
v 0.990000 -1.017189 0.111328
v 1.000000 -1.017188 0.110920
v 1.010000 -1.017188 0.108770
v 1.020000 -1.017189 0.104074
v 1.029999 -1.017191 0.099478
v 1.040000 -1.017211 0.098367
v 1.050000 -1.017214 0.098229
v 1.060000 -1.017214 0.098131
v 1.070000 -1.017214 0.097582
v 1.079999 -1.017214 0.095621
v 1.089972 -1.017214 0.089503
v 1.099573 -1.017212 0.067577
v 1.106398 -1.017193 0.000000
v 0.740368 -1.026877 0.073271
v 0.733097 -1.026905 0.000000
v 0.750025 -1.026875 0.098484
v 0.760001 -1.026875 0.107179
v 0.769997 -1.026876 0.099483
v 0.779953 -1.026897 0.076989
v 0.789656 -1.027208 0.000000
v 0.843965 -1.021739 0.000000
v 0.850626 -1.020825 0.000000
v 0.850076 -1.027329 0.059325
v 0.840470 -1.027731 0.000000
v 0.860060 -1.020621 0.000000
v 0.860005 -1.027284 0.070306
v 0.870046 -1.020234 0.000000
v 0.870003 -1.027235 0.072600
v 0.880033 -1.026955 0.076036
v 0.890004 -1.026902 0.089344
v 0.900001 -1.026879 0.097444
v 0.910000 -1.026876 0.103808
v 0.920000 -1.026876 0.108750
v 0.930000 -1.026876 0.110926
v 0.940000 -1.026876 0.111446
v 0.950000 -1.026875 0.112018
v 0.960000 -1.026875 0.114279
v 0.970000 -1.026875 0.118033
v 0.980000 -1.026875 0.120846
v 0.990000 -1.026875 0.121518
v 1.000000 -1.026875 0.120838
v 1.010000 -1.026875 0.118028
v 1.020000 -1.026875 0.114276
v 1.030000 -1.026875 0.112016
v 1.040000 -1.026876 0.111458
v 1.050000 -1.026876 0.111219
v 1.060000 -1.026876 0.110490
v 1.070000 -1.026876 0.107771
v 1.079999 -1.026876 0.101300
v 1.089969 -1.026872 0.088377
v 1.099531 -1.026802 0.059161
v 1.106243 -1.026271 0.000000
v 0.740047 -1.036585 0.077003
v 0.730344 -1.036895 0.000000
v 0.750003 -1.036563 0.099661
v 0.760000 -1.036562 0.108427
v 0.770000 -1.036562 0.104009
v 0.779997 -1.036565 0.092587
v 0.789977 -1.036608 0.076653
v 0.799970 -1.029875 0.000000
v 0.799998 -1.036919 0.072815
v 0.809999 -1.030287 0.000000
v 0.810000 -1.036969 0.072340
v 0.820002 -1.030289 0.000000
v 0.820000 -1.036969 0.072339
v 0.830044 -1.029920 0.000000
v 0.830003 -1.036922 0.072769
v 0.840033 -1.036642 0.076036
v 0.850004 -1.036593 0.089212
v 0.860000 -1.036589 0.096209
v 0.870000 -1.036586 0.098102
v 0.880001 -1.036566 0.099462
v 0.890000 -1.036563 0.104137
v 0.900000 -1.036562 0.109352
v 0.910000 -1.036562 0.113754
v 0.920000 -1.036562 0.117970
v 0.930000 -1.036562 0.120838
v 0.940000 -1.036562 0.121659
v 0.950000 -1.036562 0.122125
v 0.960000 -1.036562 0.123746
v 0.970000 -1.036562 0.127006
v 0.980000 -1.036562 0.130315
v 0.990000 -1.036562 0.131223
v 1.000000 -1.036562 0.130217
v 1.010000 -1.036562 0.126918
v 1.020000 -1.036562 0.123692
v 1.030000 -1.036562 0.122036
v 1.040000 -1.036562 0.121282
v 1.050000 -1.036562 0.120030
v 1.060000 -1.036562 0.117078
v 1.070000 -1.036562 0.110577
v 1.079996 -1.036561 0.099356
v 1.089918 -1.036531 0.076174
v 1.099115 -1.036105 0.000000
v 1.105302 -1.032721 0.000000
v 0.683965 -1.041114 0.000000
v 0.690626 -1.040202 0.000000
v 0.690076 -1.046704 0.059325
v 0.680470 -1.047106 0.000000
v 0.700058 -1.040032 0.000000
v 0.700005 -1.046662 0.070277
v 0.710004 -1.039977 0.000000
v 0.710000 -1.046656 0.072170
v 0.720030 -1.039562 0.000000
v 0.720002 -1.046607 0.072807
v 0.730023 -1.046295 0.076657
v 0.740003 -1.046252 0.092651
v 0.750000 -1.046250 0.104619
v 0.760000 -1.046250 0.111684
v 0.770000 -1.046250 0.110051
v 0.780000 -1.046250 0.104483
v 0.789999 -1.046252 0.099527
v 0.800000 -1.046274 0.098370
v 0.810000 -1.046276 0.098243
v 0.820000 -1.046276 0.098243
v 0.830000 -1.046274 0.098367
v 0.840001 -1.046254 0.099477
v 0.850000 -1.046251 0.104071
v 0.860000 -1.046251 0.108764
v 0.870000 -1.046251 0.110970
v 0.880000 -1.046250 0.111950
v 0.890000 -1.046250 0.114296
v 0.900000 -1.046250 0.118393
v 0.910000 -1.046250 0.122755
v 0.920000 -1.046250 0.126756
v 0.930000 -1.046250 0.130111
v 0.940000 -1.046250 0.131236
v 0.950000 -1.046250 0.131699
v 0.960000 -1.046250 0.133025
v 0.970000 -1.046250 0.135863
v 0.980000 -1.046250 0.139151
v 0.990000 -1.046250 0.140035
v 1.000000 -1.046250 0.138420
v 1.010000 -1.046250 0.135122
v 1.020000 -1.046250 0.132464
v 1.030000 -1.046250 0.130836
v 1.040000 -1.046250 0.128516
v 1.050000 -1.046250 0.124217
v 1.060000 -1.046250 0.117592
v 1.069999 -1.046250 0.109043
v 1.079975 -1.046250 0.096781
v 1.089627 -1.046242 0.071107
v 1.096838 -1.046152 0.000000
v 0.643965 -1.050801 0.000000
v 0.650626 -1.049887 0.000000
v 0.650076 -1.056392 0.059325
v 0.640470 -1.056794 0.000000
v 0.660060 -1.049684 0.000000
v 0.660005 -1.056346 0.070306
v 0.670046 -1.049296 0.000000
v 0.670003 -1.056297 0.072600
v 0.680033 -1.056018 0.076028
v 0.690004 -1.055968 0.089211
v 0.700000 -1.055964 0.096201
v 0.710000 -1.055964 0.097975
v 0.720000 -1.055961 0.098341
v 0.730001 -1.055940 0.099519
v 0.740000 -1.055938 0.104599
v 0.750000 -1.055938 0.111185
v 0.760000 -1.055938 0.116961
v 0.770000 -1.055938 0.117208
v 0.780000 -1.055938 0.114134
v 0.790000 -1.055938 0.111972
v 0.800000 -1.055938 0.111460
v 0.810000 -1.055938 0.111400
v 0.820000 -1.055938 0.111400
v 0.830000 -1.055938 0.111460
v 0.840000 -1.055938 0.111976
v 0.850000 -1.055938 0.114198
v 0.860000 -1.055938 0.117872
v 0.870000 -1.055938 0.120624
v 0.880000 -1.055938 0.121716
v 0.890000 -1.055938 0.123419
v 0.900000 -1.055938 0.126819
v 0.910000 -1.055938 0.131060
v 0.920000 -1.055938 0.134582
v 0.930000 -1.055938 0.137548
v 0.940000 -1.055938 0.138775
v 0.950000 -1.055938 0.139242
v 0.960000 -1.055938 0.140225
v 0.970000 -1.055938 0.142301
v 0.980000 -1.055938 0.144632
v 0.990000 -1.055938 0.144566
v 1.000000 -1.055938 0.141887
v 1.010000 -1.055938 0.138991
v 1.020000 -1.055938 0.137167
v 1.030000 -1.055938 0.135217
v 1.040000 -1.055938 0.130253
v 1.050000 -1.055938 0.122982
v 1.060000 -1.055938 0.114250
v 1.069999 -1.055937 0.104236
v 1.079969 -1.055933 0.089339
v 1.089534 -1.055862 0.059467
v 1.096282 -1.055329 0.000000
v 0.583965 -1.060489 0.000000
v 0.590626 -1.059577 0.000000
v 0.590076 -1.066079 0.059324
v 0.580470 -1.066481 0.000000
v 0.600058 -1.059409 0.000000
v 0.600005 -1.066037 0.070276
v 0.610003 -1.059390 0.000000
v 0.610000 -1.066035 0.072139
v 0.620002 -1.059354 0.000000
v 0.620000 -1.066031 0.072331
v 0.630044 -1.058983 0.000000
v 0.630003 -1.065984 0.072769
v 0.640033 -1.065705 0.076036
v 0.650004 -1.065655 0.089212
v 0.660000 -1.065651 0.096209
v 0.670000 -1.065649 0.098100
v 0.680001 -1.065629 0.099448
v 0.690000 -1.065626 0.104054
v 0.700000 -1.065626 0.108740
v 0.710000 -1.065626 0.110866
v 0.720000 -1.065626 0.111275
v 0.730000 -1.065625 0.111752
v 0.740000 -1.065625 0.114045
v 0.750000 -1.065625 0.118429
v 0.760000 -1.065625 0.123119
v 0.770000 -1.065625 0.124286
v 0.780000 -1.065625 0.122671
v 0.790000 -1.065625 0.121471
v 0.800000 -1.065625 0.121173
v 0.810000 -1.065625 0.121137
v 0.820000 -1.065625 0.121137
v 0.830000 -1.065625 0.121174
v 0.840000 -1.065625 0.121482
v 0.850000 -1.065625 0.122824
v 0.860000 -1.065625 0.125465
v 0.870000 -1.065625 0.128036
v 0.880000 -1.065625 0.129046
v 0.890000 -1.065625 0.130252
v 0.900000 -1.065625 0.132653
v 0.910000 -1.065625 0.135653
v 0.920000 -1.065625 0.137516
v 0.930000 -1.065625 0.138583
v 0.940000 -1.065625 0.138962
v 0.950000 -1.065625 0.139080
v 0.960000 -1.065625 0.139336
v 0.970000 -1.065625 0.139882
v 0.980000 -1.065625 0.140317
v 0.990000 -1.065625 0.139175
v 1.000000 -1.065625 0.135813
v 1.010000 -1.065625 0.132853
v 1.020000 -1.065625 0.131321
v 1.030000 -1.065625 0.129960
v 1.040000 -1.065625 0.125879
v 1.050000 -1.065625 0.118645
v 1.060000 -1.065625 0.109727
v 1.069996 -1.065624 0.097869
v 1.079915 -1.065589 0.074320
v 1.089103 -1.065127 0.000000
v 1.095304 -1.061780 0.000000
v 0.543965 -1.070176 0.000000
v 0.550626 -1.069262 0.000000
v 0.550076 -1.075767 0.059325
v 0.540470 -1.076169 0.000000
v 0.560060 -1.069059 0.000000
v 0.560005 -1.075721 0.070305
v 0.570046 -1.068671 0.000000
v 0.570003 -1.075672 0.072599
v 0.580033 -1.075392 0.076028
v 0.590004 -1.075343 0.089211
v 0.600000 -1.075339 0.096201
v 0.610000 -1.075339 0.097969
v 0.620000 -1.075339 0.098223
v 0.630000 -1.075336 0.098365
v 0.640001 -1.075316 0.099468
v 0.650000 -1.075314 0.104055
v 0.660000 -1.075313 0.108744
v 0.670000 -1.075313 0.110926
v 0.680000 -1.075313 0.111790
v 0.690000 -1.075313 0.113965
v 0.700000 -1.075313 0.117574
v 0.710000 -1.075313 0.120077
v 0.720000 -1.075313 0.120082
v 0.730000 -1.075312 0.119757
v 0.740000 -1.075312 0.120778
v 0.750000 -1.075312 0.123495
v 0.760000 -1.075312 0.126546
v 0.770000 -1.075313 0.127485
v 0.780000 -1.075313 0.127123
v 0.790000 -1.075313 0.126817
v 0.800000 -1.075313 0.126749
v 0.810000 -1.075312 0.126742
v 0.820000 -1.075312 0.126742
v 0.830000 -1.075312 0.126749
v 0.840000 -1.075312 0.126819
v 0.850000 -1.075313 0.127163
v 0.860000 -1.075313 0.127893
v 0.870000 -1.075313 0.128662
v 0.880000 -1.075313 0.128921
v 0.890000 -1.075312 0.129230
v 0.900000 -1.075312 0.129883
v 0.910000 -1.075312 0.130715
v 0.920000 -1.075312 0.131148
v 0.930000 -1.075313 0.131327
v 0.940000 -1.075313 0.131378
v 0.950000 -1.075313 0.131390
v 0.960000 -1.075313 0.131422
v 0.970000 -1.075312 0.131484
v 0.980000 -1.075312 0.131408
v 0.990000 -1.075312 0.130330
v 1.000000 -1.075312 0.127003
v 1.010000 -1.075313 0.123734
v 1.020000 -1.075313 0.122079
v 1.030000 -1.075313 0.121339
v 1.040000 -1.075313 0.119217
v 1.050000 -1.075312 0.113435
v 1.059999 -1.075312 0.104188
v 1.069972 -1.075308 0.089449
v 1.079582 -1.075234 0.059887
v 1.086666 -1.074664 0.000000
v 0.484030 -1.079883 0.000000
v 0.490631 -1.078953 0.000000
v 0.490109 -1.085464 0.058834
v 0.480941 -1.085981 0.000000
v 0.500058 -1.078784 0.000000
v 0.500006 -1.085413 0.070215
v 0.510003 -1.078765 0.000000
v 0.510000 -1.085410 0.072099
v 0.520002 -1.078729 0.000000
v 0.520000 -1.085406 0.072296
v 0.530043 -1.078358 0.000000
v 0.530003 -1.085359 0.072745
v 0.540033 -1.085080 0.076015
v 0.550004 -1.085030 0.089189
v 0.560000 -1.085027 0.096180
v 0.570000 -1.085024 0.098069
v 0.580001 -1.085004 0.099431
v 0.590000 -1.085001 0.104050
v 0.600000 -1.085001 0.108741
v 0.610000 -1.085001 0.110887
v 0.620000 -1.085001 0.111345
v 0.630000 -1.085001 0.111432
v 0.640000 -1.085000 0.111844
v 0.650000 -1.085000 0.113968
v 0.660000 -1.085000 0.117576
v 0.670000 -1.085000 0.120114
v 0.680000 -1.085000 0.120391
v 0.690000 -1.085000 0.121090
v 0.700000 -1.085000 0.123284
v 0.710000 -1.085000 0.124994
v 0.720000 -1.085000 0.123215
v 0.730000 -1.085000 0.120752
v 0.740000 -1.085000 0.119764
v 0.750000 -1.085000 0.120201
v 0.760000 -1.085000 0.120997
v 0.770000 -1.085000 0.121225
v 0.780000 -1.085000 0.121181
v 0.790000 -1.085000 0.121142
v 0.800000 -1.085000 0.121135
v 0.810000 -1.085000 0.121134
v 0.820000 -1.085000 0.121134
v 0.830000 -1.085000 0.121135
v 0.840000 -1.085000 0.121142
v 0.850000 -1.085000 0.121185
v 0.860000 -1.085000 0.121282
v 0.870000 -1.085000 0.121390
v 0.880000 -1.085000 0.121418
v 0.890000 -1.085000 0.121456
v 0.900000 -1.085000 0.121541
v 0.910000 -1.085000 0.121654
v 0.920000 -1.085000 0.121705
v 0.930000 -1.085000 0.121720
v 0.940000 -1.085000 0.121723
v 0.950000 -1.085000 0.121724
v 0.960000 -1.085000 0.121726
v 0.970000 -1.085000 0.121724
v 0.980000 -1.085000 0.121628
v 0.990000 -1.085000 0.120853
v 1.000000 -1.085000 0.118034
v 1.010000 -1.085000 0.114278
v 1.020000 -1.085000 0.112015
v 1.030000 -1.084999 0.111401
v 1.040000 -1.084999 0.110567
v 1.050000 -1.084999 0.107067
v 1.059996 -1.084998 0.097319
v 1.069915 -1.084963 0.074269
v 1.079106 -1.084502 0.000000
v 1.085359 -1.081153 0.000000
v 0.474009 -1.088933 0.000000
v 0.480098 -1.094808 0.062506
v 0.470475 -1.095479 0.000000
v 0.490008 -1.094720 0.086626
v 0.500000 -1.094714 0.095475
v 0.510000 -1.094714 0.097358
v 0.520000 -1.094714 0.097698
v 0.530000 -1.094711 0.097985
v 0.540001 -1.094691 0.099141
v 0.550000 -1.094689 0.103704
v 0.560000 -1.094688 0.108319
v 0.570000 -1.094688 0.110479
v 0.580000 -1.094687 0.111542
v 0.590000 -1.094687 0.113898
v 0.600000 -1.094687 0.117589
v 0.610000 -1.094687 0.120298
v 0.620000 -1.094687 0.121010
v 0.630000 -1.094687 0.120942
v 0.640000 -1.094687 0.120493
v 0.650000 -1.094687 0.121096
v 0.660000 -1.094687 0.123285
v 0.670000 -1.094687 0.125001
v 0.680000 -1.094687 0.123284
v 0.690000 -1.094687 0.121090
v 0.700000 -1.094687 0.120391
v 0.710000 -1.094687 0.120114
v 0.720000 -1.094687 0.117569
v 0.730000 -1.094687 0.113925
v 0.740000 -1.094687 0.111747
v 0.750000 -1.094687 0.111329
v 0.760000 -1.094687 0.111382
v 0.770000 -1.094687 0.111403
v 0.780000 -1.094687 0.111399
v 0.790000 -1.094687 0.111397
v 0.800000 -1.094687 0.111396
v 0.810000 -1.094687 0.111396
v 0.820000 -1.094687 0.111396
v 0.830000 -1.094687 0.111396
v 0.840000 -1.094687 0.111397
v 0.850000 -1.094687 0.111400
v 0.860000 -1.094687 0.111406
v 0.870000 -1.094687 0.111414
v 0.880000 -1.094687 0.111416
v 0.890000 -1.094687 0.111418
v 0.900000 -1.094687 0.111424
v 0.910000 -1.094687 0.111432
v 0.920000 -1.094687 0.111435
v 0.930000 -1.094687 0.111436
v 0.940000 -1.094687 0.111436
v 0.950000 -1.094687 0.111436
v 0.960000 -1.094687 0.111436
v 0.970000 -1.094687 0.111433
v 0.980000 -1.094687 0.111382
v 0.990000 -1.094687 0.110923
v 1.000000 -1.094687 0.108770
v 1.010000 -1.094687 0.104075
v 1.019999 -1.094684 0.099478
v 1.030000 -1.094664 0.098346
v 1.040000 -1.094661 0.097933
v 1.049999 -1.094661 0.095797
v 1.059970 -1.094656 0.086179
v 1.069573 -1.094576 0.059297
v 1.076665 -1.094034 0.000000
v 0.444677 -1.099210 0.000000
v 0.450723 -1.098286 0.000000
v 0.450460 -1.104786 0.052374
v 0.443773 -1.105011 0.000000
v 0.460107 -1.097746 0.000000
v 0.460033 -1.104710 0.064910
v 0.470034 -1.104428 0.070066
v 0.480006 -1.104378 0.084387
v 0.490000 -1.104375 0.097125
v 0.500000 -1.104375 0.103763
v 0.510000 -1.104376 0.105895
v 0.520000 -1.104376 0.107065
v 0.530000 -1.104376 0.108212
v 0.540000 -1.104375 0.109085
v 0.550000 -1.104375 0.111105
v 0.560000 -1.104375 0.114264
v 0.570000 -1.104375 0.116793
v 0.580000 -1.104375 0.118489
v 0.590000 -1.104375 0.120513
v 0.600000 -1.104375 0.123305
v 0.610000 -1.104375 0.125855
v 0.620000 -1.104375 0.126511
v 0.630000 -1.104375 0.125863
v 0.640000 -1.104375 0.123399
v 0.650000 -1.104375 0.121098
v 0.660000 -1.104375 0.120391
v 0.670000 -1.104375 0.120114
v 0.680000 -1.104375 0.117576
v 0.690000 -1.104375 0.113965
v 0.700000 -1.104375 0.111790
v 0.710000 -1.104374 0.110926
v 0.720000 -1.104374 0.108743
v 0.730000 -1.104374 0.104052
v 0.739999 -1.104371 0.099461
v 0.750000 -1.104351 0.098358
v 0.760000 -1.104349 0.098242
v 0.770000 -1.104348 0.098236
v 0.780000 -1.104348 0.098235
v 0.790000 -1.104348 0.098235
v 0.800000 -1.104348 0.098235
v 0.810000 -1.104348 0.098235
v 0.820000 -1.104348 0.098235
v 0.830000 -1.104348 0.098235
v 0.840000 -1.104348 0.098235
v 0.850000 -1.104348 0.098235
v 0.860000 -1.104348 0.098235
v 0.870000 -1.104348 0.098236
v 0.880000 -1.104348 0.098236
v 0.890000 -1.104348 0.098236
v 0.900000 -1.104348 0.098236
v 0.910000 -1.104348 0.098236
v 0.920000 -1.104348 0.098236
v 0.930000 -1.104348 0.098236
v 0.940000 -1.104348 0.098236
v 0.950000 -1.104348 0.098236
v 0.960000 -1.104348 0.098236
v 0.970000 -1.104348 0.098236
v 0.980000 -1.104348 0.098217
v 0.990000 -1.104348 0.097970
v 1.000000 -1.104348 0.096202
v 1.009996 -1.104345 0.089212
v 1.019967 -1.104295 0.076036
v 1.029997 -1.104016 0.072762
v 1.040000 -1.103969 0.072166
v 1.049994 -1.103963 0.070232
v 1.059888 -1.103911 0.058763
v 1.068992 -1.103395 0.000000
v 1.075341 -1.100462 0.000000
v 0.450460 -1.113648 0.052347
v 0.443773 -1.113426 0.000000
v 0.460030 -1.113678 0.064542
v 0.470005 -1.113707 0.067403
v 0.480033 -1.113983 0.073410
v 0.490004 -1.114033 0.088239
v 0.500000 -1.114038 0.095722
v 0.510001 -1.114059 0.098491
v 0.520000 -1.114062 0.102913
v 0.530000 -1.114062 0.106846
v 0.540000 -1.114062 0.108434
v 0.550000 -1.114062 0.109243
v 0.560000 -1.114063 0.110573
v 0.570000 -1.114063 0.113125
v 0.580000 -1.114063 0.116397
v 0.590000 -1.114063 0.118787
v 0.600000 -1.114063 0.120065
v 0.610000 -1.114063 0.120896
v 0.620000 -1.114063 0.121008
v 0.630000 -1.114063 0.120299
v 0.640000 -1.114063 0.117598
v 0.650000 -1.114063 0.113966
v 0.660000 -1.114063 0.111790
v 0.670000 -1.114062 0.110926
v 0.680000 -1.114062 0.108744
v 0.690000 -1.114061 0.104054
v 0.699999 -1.114059 0.099448
v 0.710000 -1.114039 0.098100
v 0.720000 -1.114036 0.096209
v 0.729996 -1.114032 0.089212
v 0.739967 -1.113983 0.076035
v 0.749997 -1.113703 0.072769
v 0.760000 -1.113656 0.072338
v 0.770000 -1.113653 0.072309
v 0.780000 -1.113653 0.072308
v 0.790000 -1.113653 0.072308
v 0.800000 -1.113653 0.072308
v 0.810000 -1.113653 0.072308
v 0.820000 -1.113653 0.072308
v 0.830000 -1.113653 0.072308
v 0.840000 -1.113653 0.072308
v 0.850000 -1.113653 0.072308
v 0.860000 -1.113653 0.072308
v 0.870000 -1.113653 0.072308
v 0.880000 -1.113653 0.072308
v 0.890000 -1.113653 0.072308
v 0.900000 -1.113653 0.072308
v 0.910000 -1.113653 0.072308
v 0.920000 -1.113653 0.072308
v 0.930000 -1.113653 0.072308
v 0.940000 -1.113653 0.072308
v 0.950000 -1.113653 0.072308
v 0.960000 -1.113653 0.072308
v 0.970000 -1.113653 0.072308
v 0.980000 -1.113653 0.072301
v 0.990000 -1.113653 0.072139
v 0.999995 -1.113651 0.070276
v 1.009924 -1.113608 0.059325
v 1.019530 -1.113206 0.000000
v 1.029956 -1.111017 0.000000
v 1.039995 -1.110646 0.000000
v 1.049942 -1.110593 0.000000
v 1.059369 -1.110422 0.000000
v 1.065965 -1.109492 0.000000
v 0.450720 -1.120116 0.000000
v 0.444677 -1.119225 0.000000
v 0.460066 -1.120317 0.000000
v 0.470047 -1.120704 0.000000
v 0.480470 -1.122894 0.000000
v 0.490076 -1.123299 0.059277
v 0.500008 -1.123388 0.070697
v 0.510033 -1.123670 0.075816
v 0.520004 -1.123720 0.089100
v 0.530000 -1.123724 0.095989
v 0.540000 -1.123724 0.097685
v 0.550000 -1.123726 0.098095
v 0.560001 -1.123746 0.099329
v 0.570000 -1.123749 0.103969
v 0.580000 -1.123749 0.108593
v 0.590000 -1.123749 0.110681
v 0.600000 -1.123749 0.111212
v 0.610000 -1.123749 0.111366
v 0.620000 -1.123749 0.111341
v 0.630000 -1.123749 0.110886
v 0.640000 -1.123749 0.108742
v 0.650000 -1.123749 0.104054
v 0.659999 -1.123746 0.099448
v 0.670000 -1.123726 0.098100
v 0.680000 -1.123724 0.096209
v 0.689996 -1.123720 0.089212
v 0.699967 -1.123670 0.076028
v 0.709997 -1.123390 0.072600
v 0.719995 -1.123341 0.070306
v 0.729924 -1.123296 0.059325
v 0.739530 -1.122894 0.000000
v 0.749957 -1.120705 0.000000
v 0.759998 -1.120334 0.000000
v 0.770000 -1.120298 0.000000
v 0.780000 -1.120296 0.000000
v 0.790000 -1.120296 0.000000
v 0.800000 -1.120296 0.000000
v 0.810000 -1.120296 0.000000
v 0.820000 -1.120296 0.000000
v 0.830000 -1.120296 0.000000
v 0.840000 -1.120296 0.000000
v 0.850000 -1.120296 0.000000
v 0.860000 -1.120296 0.000000
v 0.870000 -1.120296 0.000000
v 0.880000 -1.120296 0.000000
v 0.890000 -1.120296 0.000000
v 0.900000 -1.120296 0.000000
v 0.910000 -1.120296 0.000000
v 0.920000 -1.120296 0.000000
v 0.930000 -1.120296 0.000000
v 0.940000 -1.120296 0.000000
v 0.950000 -1.120296 0.000000
v 0.960000 -1.120296 0.000000
v 0.970000 -1.120296 0.000000
v 0.980000 -1.120296 0.000000
v 0.989997 -1.120295 0.000000
v 0.999942 -1.120278 0.000000
v 1.009374 -1.120111 0.000000
v 1.016035 -1.119199 0.000000
v 0.490628 -1.129836 0.000000
v 0.483965 -1.128889 0.000000
v 0.500101 -1.130375 0.000000
v 0.510473 -1.132581 0.000000
v 0.520076 -1.132983 0.059318
v 0.530005 -1.133026 0.070263
v 0.540000 -1.133031 0.072149
v 0.550003 -1.133078 0.072746
v 0.560033 -1.133358 0.076027
v 0.570004 -1.133407 0.089207
v 0.580000 -1.133411 0.096191
v 0.590000 -1.133411 0.097954
v 0.600000 -1.133411 0.098206
v 0.610000 -1.133411 0.098232
v 0.620000 -1.133411 0.098215
v 0.630000 -1.133411 0.097969
v 0.640000 -1.133411 0.096201
v 0.649996 -1.133407 0.089211
v 0.659967 -1.133358 0.076029
v 0.669997 -1.133078 0.072600
v 0.679995 -1.133029 0.070306
v 0.689924 -1.132983 0.059325
v 0.699530 -1.132581 0.000000
v 0.709954 -1.130392 0.000000
v 0.719940 -1.130004 0.000000
v 0.729374 -1.129800 0.000000
v 0.736035 -1.128886 0.000000
v 0.520626 -1.139486 0.000000
v 0.513965 -1.138574 0.000000
v 0.530058 -1.139655 0.000000
v 0.540005 -1.139708 0.000000
v 0.550044 -1.140080 0.000000
v 0.560470 -1.142269 0.000000
v 0.570076 -1.142671 0.059324
v 0.580005 -1.142713 0.070275
v 0.590000 -1.142715 0.072138
v 0.600000 -1.142715 0.072301
v 0.610000 -1.142715 0.072308
v 0.620000 -1.142715 0.072301
v 0.630000 -1.142715 0.072139
v 0.639995 -1.142713 0.070276
v 0.649924 -1.142671 0.059325
v 0.659530 -1.142269 0.000000
v 0.669954 -1.140079 0.000000
v 0.679940 -1.139691 0.000000
v 0.689374 -1.139488 0.000000
v 0.696035 -1.138574 0.000000
v 0.570626 -1.149173 0.000000
v 0.563965 -1.148261 0.000000
v 0.580058 -1.149341 0.000000
v 0.590003 -1.149358 0.000000
v 0.600000 -1.149359 0.000000
v 0.610000 -1.149359 0.000000
v 0.620000 -1.149359 0.000000
v 0.629997 -1.149358 0.000000
v 0.639942 -1.149341 0.000000
v 0.649374 -1.149173 0.000000
v 0.656035 -1.148261 0.000000
f 1149 1210 1212 1151
f 12 13 16 15
f 4315 4370 4371 4316
f 4233 4297 4298 4234
f 2138 2195 2196 2139
f 4390 4405 4406 4391
f 1935 1936 1939 1938
f 4244 4308 4309 4245
f 233 262 263 234
f 1494 1522 1523 1495
f 3549 3577 3578 3550
f 1050 1115 1116 1052
f 4272 4336 4337 4273
f 2180 2227 2228 2181
f 42 60 61 43
f 15 16 18 17
f 3992 4060 4061 3993
f 2291 2328 2329 2293
f 4359 4383 4384 4360
f 4217 4282 4283 4218
f 4382 4396 4398 4383
f 2073 2137 2138 2074
f 533 588 589 534
f 2130 2187 2188 2131
f 3948 4009 4010 3949
f 4381 4397 4396 4382
f 4318 4373 4374 4319
f 16 29 30 18
f 2280 2281 2283 2282
f 291 322 323 292
f 4259 4323 4324 4260
f 22 33 34 24
f 3894 3953 3954 3895
f 2267 2314 2316 2268
f 4175 4240 4241 4176
f 2164 2215 2214 2166
f 1041 1109 1110 1042
f 3416 3456 3457 3417
f 87 100 101 88
f 3898 3957 3958 3899
f 38 51 53 52
f 2154 2204 2205 2155
f 32 47 48 33
f 2349 2397 2399 2351
f 203 235 236 204
f 985 1056 1057 988
f 4361 4385 4386 4362
f 20 31 32 21
f 3878 3937 3938 3879
f 2742 2773 2774 2743
f 1585 1639 1640 1586
f 691 693 692 659
f 30 45 46 31
f 39 41 40 27
f 24 34 36 35
f 1733 1789 1790 1732
f 1065 1128 1129 1066
f 513 571 572 514
f 84 97 98 85
f 355 379 380 356
f 4389 4404 4405 4390
f 55 71 72 57
f 4367 4391 4392 4368
f 395 398 397 396
f 4 6 5 3
f 3282 3304 3305 3283
f 3047 3089 3088 3049
f 225 256 257 226
f 91 104 106 105
f 3289 3311 3312 3290
f 4388 4403 4404 4389
f 4277 4341 4342 4278
f 71 88 89 72
f 2228 2264 2265 2229
f 4316 4371 4372 4317
f 122 133 135 123
f 2169 2218 2219 2170
f 191 192 194 193
f 4149 4217 4218 4150
f 63 80 81 64
f 64 81 82 65
f 3408 3448 3449 3409
f 821 864 865 822
f 61 77 79 62
f 3249 3270 3271 3248
f 2281 2323 2324 2283
f 62 79 80 63
f 31 46 47 32
f 88 101 102 89
f 116 129 130 117
f 2121 2178 2179 2122
f 99 113 114 100
f 2459 2498 2499 2460
f 4358 4382 4383 4359
f 2212 2250 2251 2213
f 2495 2543 2544 2496
f 443 479 480 444
f 123 135 136 124
f 3241 3267 3268 3243
f 69 86 87 70
f 1138 1200 1201 1139
f 104 118 119 106
f 505 563 564 506
f 2113 2171 2172 2114
f 255 284 285 256
f 109 122 123 110
f 110 123 124 111
f 4190 4255 4256 4191
f 96 110 111 97
f 318 350 352 320
f 226 257 258 228
f 102 116 117 103
f 83 96 97 84
f 3934 3995 3996 3935
f 72 89 90 74
f 4109 4177 4178 4110
f 957 1020 1021 958
f 141 152 153 142
f 3233 3263 3264 3235
f 125 137 138 126
f 70 87 88 71
f 1105 1167 1168 1106
f 148 173 174 149
f 172 201 202 173
f 1437 1465 1466 1438
f 147 172 173 148
f 117 130 131 118
f 2078 2142 2143 2079
f 4383 4398 4399 4384
f 515 573 574 516
f 4305 4360 4361 4306
f 2218 2256 2257 2219
f 85 98 99 86
f 1082 1145 1146 1084
f 2290 2291 2293 2292
f 4215 4280 4281 4216
f 695 729 730 696
f 319 351 350 318
f 2363 2409 2410 2364
f 4296 4351 4352 4297
f 128 140 141 129
f 497 559 560 500
f 2210 2248 2249 2211
f 134 145 144 133
f 2380 2426 2427 2381
f 139 150 151 140
f 159 160 162 161
f 79 93 92 80
f 205 237 238 206
f 1846 1847 1848 1788
f 4297 4352 4353 4298
f 44 62 63 45
f 165 166 168 167
f 158 181 183 157
f 324 356 357 325
f 3354 3393 3394 3356
f 2949 2994 2995 2950
f 168 188 190 189
f 1016 1082 1084 1083
f 3257 3276 3278 3256
f 2387 2388 2390 2389
f 189 190 192 191
f 103 117 118 104
f 160 184 185 162
f 376 404 405 377
f 210 243 244 213
f 234 263 264 235
f 383 411 412 384
f 174 203 204 175
f 136 147 148 137
f 1093 1157 1158 1094
f 1601 1650 1652 1651
f 166 187 188 168
f 115 128 129 116
f 3314 3339 3340 3315
f 2186 2233 2234 2187
f 2183 2230 2231 2184
f 579 623 624 580
f 2129 2186 2187 2130
f 220 251 252 221
f 181 215 216 183
f 142 153 154 143
f 2268 2316 2317 2269
f 277 309 310 278
f 1081 1144 1145 1082
f 173 202 203 174
f 86 99 100 87
f 92 108 107 94
f 184 217 218 185
f 2848 2888 2889 2849
f 483 531 532 484
f 1057 1120 1121 1058
f 2258 2310 2311 2259
f 149 174 175 150
f 2411 2452 2453 2412
f 175 204 205 176
f 240 242 241 211
f 581 625 626 582
f 1097 1161 1162 1098
f 215 246 247 216
f 198 226 228 227
f 2252 2304 2306 2254
f 269 302 303 271
f 4356 4380 4381 4357
f 243 272 273 244
f 495 498 497 496
f 4313 4368 4369 4314
f 3281 3303 3304 3282
f 3890 3949 3950 3891
f 2552 2602 2604 2603
f 4369 4393 4394 4370
f 252 281 282 253
f 195 196 198 197
f 222 253 254 223
f 68 85 86 69
f 224 255 256 225
f 3647 3675 3676 3649
f 2135 2192 2193 2136
f 373 402 403 375
f 3273 3294 3295 3274
f 213 244 245 214
f 2379 2425 2426 2380
f 231 260 259 230
f 216 247 248 217
f 543 595 594 542
f 2161 2211 2212 2162
f 245 274 275 246
f 246 275 276 247
f 223 254 255 224
f 192 223 224 194
f 2637 2684 2685 2638
f 183 216 217 184
f 144 169 171 146
f 275 307 308 276
f 230 259 261 232
f 163 164 166 165
f 111 124 125 112
f 2332 2368 2369 2334
f 1237 1303 1304 1238
f 747 775 776 748
f 2153 2203 2204 2154
f 3265 3286 3287 3266
f 261 289 290 262
f 206 238 239 207
f 124 136 137 125
f 256 285 286 257
f 3829 3880 3881 3830
f 273 305 306 274
f 445 481 482 446
f 292 323 324 293
f 272 304 305 273
f 263 291 292 264
f 894 955 954 896
f 378 406 407 379
f 2137 2194 2195 2138
f 2330 2367 2368 2332
f 253 282 283 254
f 1122 1184 1185 1123
f 2443 2484 2485 2444
f 2308 2353 2354 2309
f 1549 1583 1584 1550
f 614 655 656 615
f 623 662 663 624
f 221 252 253 222
f 270 301 302 269
f 279 311 312 280
f 288 319 318 287
f 3685 3722 3723 3687
f 795 839 841 797
f 315 347 348 316
f 2306 2351 2352 2307
f 157 183 184 160
f 326 327 329 328
f 108 121 120 107
f 280 312 313 281
f 2021 2100 2101 2022
f 161 162 164 163
f 26 42 43 28
f 188 221 222 190
f 303 335 336 304
f 2427 2469 2470 2428
f 264 292 293 265
f 3326 3365 3366 3327
f 354 378 379 355
f 509 567 568 510
f 95 109 110 96
f 4304 4359 4360 4305
f 287 318 320 289
f 3022 3064 3065 3023
f 1701 1759 1760 1702
f 18 30 31 20
f 2098 2156 2157 2099
f 293 324 325 294
f 310 342 343 311
f 295 298 297 296
f 3386 3387 3388 3346
f 1630 1691 1692 1631
f 883 944 945 885
f 211 241 243 210
f 817 860 862 819
f 356 380 381 357
f 2226 2263 2262 2227
f 302 334 335 303
f 2356 2404 2405 2357
f 4142 4210 4211 4143
f 585 629 630 586
f 4364 4388 4389 4365
f 3345 3389 3390 3348
f 339 369 370 340
f 278 310 311 279
f 180 182 181 158
f 312 344 345 313
f 1255 1313 1312 1256
f 827 830 829 828
f 589 633 634 590
f 775 801 802 776
f 50 68 69 51
f 214 245 246 215
f 327 358 359 329
f 352 376 377 353
f 967 1030 1031 968
f 1073 1136 1137 1074
f 3313 3338 3339 3314
f 359 383 384 360
f 94 107 109 95
f 357 381 382 358
f 156 157 160 159
f 2340 2377 2376 2339
f 4014 4082 4083 4015
f 849 902 904 903
f 387 415 416 388
f 388 416 417 389
f 333 363 364 334
f 4165 4230 4231 4166
f 399 400 401 374
f 368 392 393 369
f 2414 2455 2456 2415
f 939 1002 1003 940
f 2257 2309 2310 2258
f 3305 3330 3331 3306
f 301 333 334 302
f 2421 2461 2463 2462
f 847 901 902 849
f 4385 4400 4401 4386
f 360 384 385 361
f 1210 1273 1272 1212
f 251 280 281 252
f 320 352 353 321
f 1877 1951 1952 1878
f 65 82 83 66
f 661 696 697 662
f 1689 1747 1748 1690
f 381 409 410 382
f 3035 3077 3078 3036
f 367 391 392 368
f 296 297 300 299
f 3383 3384 3387 3386
f 458 459 461 460
f 2193 2240 2241 2194
f 460 461 462 423
f 397 427 428 400
f 2739 2770 2769 2738
f 335 365 366 336
f 152 177 178 153
f 2007 2086 2085 2006
f 2061 2062 2063 1980
f 451 452 455 454
f 1011 1078 1079 1012
f 2185 2232 2233 2186
f 358 382 383 359
f 4223 4288 4289 4224
f 401 429 430 402
f 2394 2435 2436 2396
f 271 303 304 272
f 2857 2898 2899 2858
f 112 125 126 113
f 506 564 565 507
f 725 754 755 727
f 983 986 985 984
f 235 264 265 236
f 2507 2561 2562 2506
f 127 139 140 128
f 2516 2570 2571 2517
f 1680 1681 1683 1682
f 2157 2207 2208 2158
f 407 435 436 408
f 3434 3477 3478 3435
f 1280 1335 1336 1281
f 1091 1155 1156 1092
f 2177 2225 2224 2178
f 2386 2431 2432 2388
f 413 441 442 414
f 414 442 443 415
f 316 348 349 317
f 4311 4366 4367 4312
f 405 433 434 406
f 2354 2402 2403 2355
f 2783 2834 2835 2784
f 499 500 502 501
f 447 483 484 449
f 432 471 472 433
f 98 112 113 99
f 389 417 418 390
f 439 476 475 440
f 309 341 342 310
f 2642 2689 2690 2643
f 415 443 444 416
f 3976 4044 4045 3977
f 789 822 823 790
f 283 315 316 284
f 430 469 470 431
f 2266 2315 2314 2267
f 2676 2716 2715 2675
f 3996 4064 4065 3997
f 313 345 346 314
f 90 103 104 91
f 3353 3354 3356 3355
f 485 486 488 487
f 2491 2540 2539 2492
f 2408 2448 2450 2409
f 975 1037 1038 976
f 363 387 388 364
f 461 510 511 462
f 462 511 512 463
f 236 265 266 237
f 400 428 429 401
f 133 144 146 135
f 554 555 557 556
f 2209 2247 2248 2210
f 1673 1674 1677 1676
f 446 482 483 447
f 3370 3407 3408 3371
f 2309 2354 2355 2310
f 540 543 542 541
f 454 455 457 456
f 2426 2468 2469 2427
f 299 300 301 270
f 2436 2478 2479 2438
f 1171 1233 1234 1172
f 1063 1126 1127 1064
f 366 390 391 367
f 464 513 514 465
f 1137 1199 1200 1138
f 3337 3376 3377 3338
f 1067 1130 1131 1068
f 861 916 915 860
f 508 566 567 509
f 2539 2592 2591 2541
f 544 545 547 546
f 749 752 751 750
f 1153 1214 1215 1154
f 925 928 927 926
f 3329 3368 3369 3330
f 477 525 526 478
f 486 533 534 488
f 503 504 505 453
f 2412 2453 2454 2413
f 53 70 71 55
f 1 4 3 2
f 1089 1153 1154 1090
f 1127 1189 1190 1128
f 469 518 519 470
f 531 586 587 532
f 49 67 68 50
f 3321 3359 3360 3320
f 501 502 504 503
f 502 561 562 504
f 479 527 528 480
f 504 562 563 505
f 3128 3163 3165 3129
f 578 620 622 577
f 138 149 150 139
f 564 609 610 565
f 34 49 50 36
f 2523 2577 2578 2524
f 204 236 237 205
f 552 553 555 554
f 2639 2686 2688 2641
f 527 582 583 528
f 526 581 582 527
f 1851 1924 1925 1852
f 989 990 992 991
f 323 355 356 324
f 511 569 570 512
f 2557 2558 2560 2559
f 2249 2302 2303 2250
f 517 575 576 518
f 510 568 569 511
f 455 507 508 457
f 480 528 529 481
f 3261 3282 3283 3262
f 2605 2652 2653 2606
f 571 616 617 572
f 2458 2497 2498 2459
f 549 598 599 551
f 494 537 539 538
f 423 462 463 422
f 408 436 437 409
f 3093 3131 3132 3094
f 1315 1367 1366 1316
f 2233 2269 2270 2234
f 1183 1245 1246 1184
f 1053 1054 1055 986
f 553 600 601 555
f 2445 2486 2487 2446
f 2217 2255 2256 2218
f 2450 2490 2489 2451
f 307 339 340 308
f 1194 1256 1257 1195
f 260 288 287 259
f 2508 2509 2510 2465
f 1581 1635 1636 1582
f 682 713 714 683
f 603 644 645 604
f 476 522 524 475
f 565 610 611 566
f 2563 2611 2612 2564
f 551 599 600 553
f 719 745 746 720
f 557 602 603 558
f 558 603 604 559
f 583 627 628 584
f 536 591 592 537
f 54 55 57 56
f 2765 2796 2797 2766
f 194 224 225 196
f 1263 1320 1321 1264
f 525 580 581 526
f 590 634 635 591
f 244 273 274 245
f 584 628 629 585
f 4245 4309 4310 4246
f 1395 1425 1426 1396
f 1069 1132 1133 1070
f 1633 1694 1695 1634
f 453 505 506 452
f 2603 2604 2605 2556
f 3043 3085 3086 3044
f 325 357 358 327
f 628 666 667 629
f 606 647 648 607
f 599 640 641 600
f 265 293 294 266
f 186 219 220 187
f 3417 3457 3458 3418
f 4312 4367 4368 4313
f 598 639 640 599
f 591 635 636 592
f 2452 2491 2492 2453
f 470 519 520 471
f 658 694 695 660
f 559 604 605 560
f 608 649 650 609
f 1166 1228 1229 1167
f 2909 2947 2948 2910
f 507 565 566 508
f 1335 1384 1385 1336
f 475 524 525 477
f 566 611 612 567
f 2338 2371 2373 2372
f 600 641 642 601
f 1038 1106 1107 1039
f 1467 1500 1501 1468
f 597 637 639 598
f 3377 3414 3415 3378
f 130 142 143 131
f 550 551 553 552
f 187 220 221 188
f 3308 3333 3334 3309
f 1177 1239 1240 1178
f 668 702 703 669
f 645 680 681 646
f 398 426 427 397
f 560 605 606 561
f 1379 1408 1410 1380
f 3481 3521 3522 3482
f 3369 3406 3407 3370
f 651 686 687 652
f 374 401 402 373
f 300 332 333 301
f 3410 3450 3451 3411
f 605 646 647 606
f 630 668 669 631
f 631 669 670 632
f 2492 2539 2541 2493
f 3957 4018 4019 3958
f 1193 1255 1256 1194
f 3051 3091 3092 3052
f 1447 1475 1476 1448
f 74 90 91 76
f 2731 2763 2764 2732
f 671 705 706 672
f 648 683 684 649
f 1517 1549 1550 1518
f 1571 1572 1574 1541
f 3361 3398 3399 3362
f 403 431 432 404
f 700 733 734 701
f 1282 1337 1338 1283
f 284 316 317 285
f 1425 1449 1450 1426
f 177 206 207 178
f 2522 2576 2577 2523
f 669 703 704 670
f 686 717 718 687
f 687 718 719 688
f 680 711 712 681
f 2246 2299 2300 2247
f 754 780 781 755
f 731 759 761 733
f 1511 1542 1543 1510
f 693 725 727 692
f 678 708 710 679
f 679 710 711 680
f 2476 2522 2523 2477
f 4139 4207 4208 4140
f 379 407 408 380
f 646 681 682 647
f 1226 1292 1293 1227
f 717 743 744 718
f 639 675 674 640
f 704 737 738 705
f 2886 2925 2926 2887
f 2514 2568 2569 2515
f 1257 1314 1315 1258
f 701 734 735 702
f 2643 2690 2691 2644
f 567 612 613 568
f 688 719 720 689
f 3622 3630 3631 3623
f 3229 3259 3260 3230
f 1261 1318 1319 1262
f 718 744 745 719
f 677 709 708 678
f 431 470 471 432
f 664 698 700 666
f 3462 3503 3502 3461
f 1627 1688 1689 1628
f 1169 1231 1232 1170
f 568 613 614 569
f 135 146 147 136
f 2790 2840 2839 2789
f 569 614 615 570
f 763 789 790 764
f 604 645 646 605
f 613 654 655 614
f 416 444 445 417
f 3942 4003 4004 3943
f 1950 2017 2018 1951
f 834 879 880 836
f 3449 3492 3493 3450
f 3385 3425 3426 3384
f 427 466 467 428
f 734 762 763 735
f 2418 2459 2460 2419
f 3365 3402 3403 3366
f 375 403 404 376
f 1373 1405 1406 1374
f 1583 1637 1638 1584
f 733 761 762 734
f 2619 2666 2667 2620
f 908 965 966 909
f 736 764 765 737
f 765 791 792 766
f 766 792 793 767
f 1707 1764 1765 1709
f 247 276 277 248
f 2873 2914 2915 2874
f 1665 1721 1722 1666
f 419 447 449 448
f 742 770 769 741
f 2668 2713 2714 2669
f 561 606 607 562
f 332 362 363 333
f 1157 1218 1219 1158
f 828 829 832 831
f 805 808 807 806
f 750 751 753 726
f 596 638 637 597
f 3514 3548 3549 3515
f 1705 1763 1764 1707
f 2570 2618 2619 2571
f 727 755 756 728
f 839 895 894 841
f 1445 1473 1474 1446
f 1663 1719 1720 1664
f 689 720 721 690
f 773 799 800 774
f 654 689 690 655
f 3425 3468 3469 3426
f 816 818 817 786
f 1575 1629 1630 1576
f 818 861 860 817
f 3409 3449 3450 3410
f 3509 3542 3544 3510
f 776 802 804 803
f 364 388 389 365
f 1439 1467 1468 1440
f 1779 1833 1834 1780
f 819 862 863 820
f 820 863 864 821
f 741 769 771 743
f 1217 1278 1279 1218
f 767 793 794 768
f 298 330 331 297
f 3401 3441 3442 3402
f 114 127 128 115
f 2675 2715 2717 2677
f 791 824 825 792
f 744 772 773 745
f 4294 4350 4349 4295
f 782 814 815 783
f 807 853 854 809
f 1691 1749 1750 1692
f 822 865 866 823
f 459 509 510 461
f 3450 3493 3494 3451
f 1233 1299 1300 1234
f 1735 1791 1792 1736
f 2659 2703 2705 2660
f 2365 2411 2412 2366
f 3393 3433 3434 3394
f 830 876 877 829
f 2572 2620 2621 2573
f 545 596 597 547
f 372 374 373 351
f 1942 1943 1944 1868
f 906 963 964 907
f 1525 1557 1558 1526
f 852 907 908 851
f 797 841 842 798
f 870 873 872 871
f 871 872 875 874
f 699 732 731 698
f 823 866 867 824
f 2108 2166 2167 2109
f 2602 2650 2651 2604
f 2329 2366 2367 2330
f 829 877 878 832
f 790 823 824 791
f 831 832 834 833
f 808 851 853 807
f 3215 3223 3224 3216
f 491 492 494 493
f 1871 1872 1874 1873
f 1266 1323 1324 1267
f 735 763 764 736
f 888 889 891 890
f 3911 3975 3976 3910
f 3797 3846 3847 3798
f 931 932 934 933
f 2594 2642 2643 2595
f 853 909 910 854
f 2715 2748 2750 2717
f 3767 3819 3820 3766
f 2321 2360 2359 2323
f 845 899 900 846
f 3119 3157 3158 3120
f 2556 2605 2606 2555
f 1597 1648 1649 1599
f 772 798 799 773
f 813 858 859 814
f 846 900 901 847
f 420 423 422 421
f 864 919 920 865
f 2391 2392 2394 2393
f 2305 2350 2349 2304
f 757 783 784 758
f 903 904 906 905
f 720 746 747 721
f 899 958 959 900
f 621 658 660 620
f 926 927 930 929
f 2691 2730 2731 2692
f 856 912 913 857
f 512 570 571 513
f 1923 1998 1999 1924
f 330 360 361 331
f 1279 1334 1335 1280
f 933 934 935 873
f 950 951 953 952
f 824 867 868 825
f 305 337 338 306
f 1677 1738 1739 1679
f 452 506 507 455
f 643 678 679 644
f 878 940 941 879
f 879 941 942 880
f 752 778 777 751
f 322 354 355 323
f 2178 2224 2226 2179
f 835 836 838 837
f 218 249 250 219
f 854 910 911 855
f 380 408 409 381
f 2612 2659 2660 2613
f 3292 3314 3315 3293
f 1002 1069 1070 1003
f 1141 1203 1204 1142
f 911 968 969 912
f 896 954 956 897
f 1741 1797 1798 1742
f 909 966 967 910
f 887 946 947 889
f 920 978 979 921
f 855 911 912 856
f 3925 3986 3987 3926
f 3611 3619 3621 3613
f 798 842 843 799
f 2402 2444 2445 2403
f 2596 2644 2645 2597
f 1152 1213 1214 1153
f 1979 2064 2065 1982
f 1129 1191 1192 1130
f 1341 1342 1344 1343
f 901 960 961 902
f 670 704 705 671
f 428 467 468 429
f 928 993 994 927
f 1952 2019 2020 1953
f 281 313 314 282
f 955 1018 1017 954
f 3300 3325 3326 3301
f 877 939 940 878
f 991 992 993 928
f 1808 1875 1876 1807
f 2409 2450 2451 2410
f 986 1055 1056 985
f 1945 2012 2013 1946
f 146 171 172 147
f 382 410 411 383
f 943 1006 1007 944
f 984 985 988 987
f 1088 1152 1153 1089
f 4069 4133 4134 4070
f 1813 1881 1882 1814
f 972 1034 1036 974
f 547 597 598 549
f 2875 2916 2917 2876
f 412 440 441 413
f 904 962 963 906
f 232 261 262 233
f 941 1004 1005 942
f 1809 1877 1878 1810
f 1354 1400 1401 1355
f 959 1022 1023 960
f 3490 3530 3531 3491
f 2279 2322 2321 2278
f 2091 2149 2150 2092
f 2353 2401 2402 2354
f 2015 2094 2095 2016
f 965 1028 1029 966
f 966 1029 1030 967
f 523 578 577 522
f 951 1013 1014 953
f 2984 3031 3032 2985
f 995 1062 1063 996
f 981 1043 1044 982
f 681 712 713 682
f 45 63 64 46
f 1737 1793 1794 1738
f 3027 3069 3070 3028
f 2652 2699 2700 2653
f 3552 3580 3581 3553
f 2051 2052 2054 2053
f 2393 2394 2396 2395
f 1004 1071 1072 1005
f 973 1035 1034 972
f 918 976 977 919
f 927 994 995 930
f 960 1023 1024 961
f 4240 4304 4305 4241
f 1273 1328 1327 1272
f 1885 1959 1960 1886
f 250 279 280 251
f 949 1012 1013 951
f 1298 1356 1357 1299
f 863 918 919 864
f 992 1059 1060 993
f 4104 4172 4173 4105
f 2171 2220 2221 2172
f 2385 2386 2388 2387
f 2111 2169 2170 2112
f 885 945 946 887
f 2795 2845 2846 2796
f 2636 2683 2684 2637
f 3472 3512 3513 3473
f 1027 1094 1095 1028
f 4009 4077 4078 4010
f 619 621 620 578
f 990 1058 1059 992
f 743 771 772 744
f 1008 1075 1076 1009
f 2696 2735 2736 2697
f 137 148 149 138
f 418 446 447 419
f 2938 2983 2984 2939
f 997 1064 1065 998
f 1014 1081 1082 1016
f 1047 1048 1050 1049
f 2297 2340 2339 2296
f 1965 2030 2032 1967
f 1058 1121 1122 1059
f 2191 2238 2239 2192
f 1021 1088 1089 1022
f 2771 2802 2803 2772
f 588 632 633 589
f 1000 1067 1068 1001
f 429 468 469 430
f 14 26 28 13
f 410 438 439 411
f 977 1039 1040 978
f 1030 1097 1098 1031
f 968 1031 1032 969
f 2259 2311 2312 2260
f 1060 1123 1124 1061
f 1022 1089 1090 1023
f 2482 2532 2533 2483
f 912 969 970 913
f 365 389 390 366
f 609 650 651 610
f 987 988 990 989
f 2722 2755 2756 2723
f 563 608 609 564
f 998 1065 1066 999
f 1039 1107 1108 1040
f 760 786 785 759
f 107 120 122 109
f 1146 1208 1209 1148
f 2361 2406 2408 2362
f 2287 2325 2326 2286
f 1037 1105 1106 1038
f 934 997 998 935
f 1031 1098 1099 1032
f 456 457 459 458
f 653 688 689 654
f 150 175 176 151
f 2037 2112 2113 2038
f 3473 3513 3514 3474
f 1029 1096 1097 1030
f 2827 2869 2870 2829
f 999 1066 1067 1000
f 4231 4295 4296 4232
f 1045 1046 1048 1047
f 2339 2376 2378 2341
f 1092 1156 1157 1093
f 1054 1117 1118 1055
f 1005 1072 1073 1006
f 2434 2476 2477 2435
f 3634 3637 3636 3635
f 917 975 976 918
f 601 642 643 602
f 1145 1207 1208 1146
f 3465 3505 3506 3466
f 202 234 235 203
f 1078 1141 1142 1079
f 548 549 551 550
f 3284 3306 3307 3285
f 411 439 440 412
f 2811 2861 2862 2813
f 611 652 653 612
f 1071 1134 1135 1072
f 2964 3009 3010 2965
f 229 231 230 200
f 1130 1192 1193 1131
f 1115 1177 1178 1116
f 2351 2399 2400 2352
f 1077 1140 1141 1078
f 1094 1158 1159 1095
f 1095 1159 1160 1096
f 1048 1114 1115 1050
f 2616 2663 2664 2617
f 294 325 327 326
f 434 473 474 435
f 3457 3500 3501 3458
f 1101 1163 1165 1103
f 1086 1150 1149 1085
f 492 536 537 494
f 3993 4061 4062 3994
f 956 1019 1020 957
f 2419 2460 2461 2421
f 2125 2182 2183 2126
f 1132 1194 1195 1133
f 587 631 632 588
f 1062 1125 1126 1063
f 1111 1173 1174 1112
f 2740 2771 2772 2741
f 1869 1870 1872 1871
f 1289 1347 1348 1290
f 2401 2443 2444 2402
f 2754 2785 2786 2755
f 1117 1179 1180 1118
f 1338 1387 1388 1340
f 1103 1165 1166 1104
f 1104 1166 1167 1105
f 2205 2244 2243 2206
f 2307 2352 2353 2308
f 1155 1216 1217 1156
f 2431 2473 2474 2432
f 1109 1171 1172 1110
f 2859 2900 2901 2860
f 1079 1142 1143 1080
f 1128 1190 1191 1129
f 2117 2176 2175 2119
f 1305 1363 1364 1306
f 1118 1180 1181 1119
f 1085 1149 1151 1087
f 1007 1074 1075 1008
f 2716 2749 2748 2715
f 979 1041 1042 980
f 3557 3585 3586 3558
f 2377 2423 2422 2376
f 2746 2777 2778 2747
f 1013 1080 1081 1014
f 1142 1204 1205 1143
f 516 574 575 517
f 1144 1206 1207 1145
f 1135 1197 1198 1136
f 1036 1104 1105 1037
f 2221 2259 2260 2222
f 893 949 951 950
f 2843 2883 2884 2844
f 1159 1220 1221 1160
f 1136 1198 1199 1137
f 1349 1395 1396 1350
f 129 141 142 130
f 2369 2415 2416 2370
f 1887 1961 1962 1888
f 629 667 668 630
f 1158 1219 1220 1159
f 500 560 561 502
f 1112 1174 1175 1113
f 2797 2847 2848 2798
f 1202 1264 1265 1203
f 1187 1249 1250 1188
f 2503 2550 2552 2551
f 4352 4377 4376 4353
f 1150 1211 1210 1149
f 1167 1229 1230 1168
f 1056 1119 1120 1057
f 2725 2759 2758 2727
f 582 626 627 583
f 490 535 536 492
f 1713 1768 1769 1714
f 3836 3887 3888 3837
f 1126 1188 1189 1127
f 1223 1225 1224 1164
f 2772 2803 2804 2773
f 1283 1338 1340 1339
f 2547 2598 2599 2548
f 2293 2329 2330 2295
f 1204 1266 1267 1205
f 1172 1234 1235 1173
f 1070 1133 1134 1071
f 1143 1205 1206 1144
f 1168 1230 1231 1169
f 3005 3050 3051 3006
f 633 671 672 634
f 482 530 531 483
f 3553 3581 3582 3554
f 923 981 982 924
f 942 1005 1006 943
f 2466 2512 2513 2467
f 1192 1254 1255 1193
f 1290 1348 1349 1291
f 2583 2631 2632 2584
f 2417 2458 2459 2418
f 1182 1244 1245 1183
f 572 617 618 573
f 2756 2787 2788 2757
f 3405 3445 3446 3406
f 726 753 754 725
f 1075 1138 1139 1076
f 3513 3547 3548 3514
f 683 714 715 684
f 1228 1294 1295 1229
f 1205 1267 1268 1206
f 1208 1270 1271 1209
f 3357 3358 3359 3321
f 1200 1262 1263 1201
f 2611 2658 2659 2612
f 1757 1811 1812 1758
f 3497 3537 3538 3498
f 1221 1282 1283 1222
f 3019 3061 3062 3020
f 1191 1253 1254 1192
f 1176 1238 1239 1177
f 1579 1633 1634 1580
f 297 331 332 300
f 1469 1502 1503 1470
f 2647 2694 2695 2648
f 1490 1518 1519 1491
f 1458 1491 1492 1459
f 1215 1276 1277 1216
f 3586 3603 3604 3587
f 2573 2621 2622 2574
f 1274 1329 1330 1275
f 577 622 623 579
f 3489 3529 3530 3490
f 532 587 588 533
f 2780 2830 2831 2779
f 779 811 812 780
f 862 917 918 863
f 1267 1324 1325 1268
f 1268 1325 1326 1269
f 1229 1295 1296 1230
f 1230 1296 1297 1231
f 1239 1305 1306 1240
f 1224 1291 1292 1226
f 3893 3952 3953 3894
f 2683 2723 2724 2684
f 2473 2519 2520 2474
f 2794 2844 2845 2795
f 1883 1957 1958 1884
f 1256 1312 1314 1257
f 1329 1377 1379 1330
f 2453 2492 2493 2454
f 2727 2758 2760 2728
f 1285 1286 1289 1288
f 1214 1275 1276 1215
f 1231 1297 1298 1232
f 2820 2821 2823 2822
f 4181 4246 4247 4182
f 2587 2635 2636 2588
f 2433 2475 2476 2434
f 1291 1349 1350 1292
f 1165 1227 1228 1166
f 1199 1261 1262 1200
f 1151 1212 1213 1152
f 1190 1252 1253 1191
f 182 214 215 181
f 1345 1391 1392 1346
f 2425 2467 2468 2426
f 2786 2837 2838 2787
f 1133 1195 1196 1134
f 1394 1424 1425 1395
f 1023 1090 1091 1024
f 1272 1327 1329 1274
f 118 131 132 119
f 2763 2794 2795 2764
f 2509 2563 2564 2510
f 1180 1242 1243 1181
f 739 767 768 740
f 2931 2977 2978 2933
f 751 777 779 753
f 1264 1321 1322 1265
f 2219 2257 2258 2220
f 289 320 321 290
f 1241 1307 1308 1242
f 3521 3555 3556 3522
f 1277 1332 1333 1278
f 1278 1333 1334 1279
f 756 782 783 757
f 1232 1298 1299 1233
f 3757 3800 3801 3758
f 1346 1392 1393 1347
f 1331 1380 1381 1332
f 2791 2841 2842 2792
f 2562 2610 2611 2563
f 774 800 801 775
f 1134 1196 1197 1135
f 562 607 608 563
f 1729 1782 1784 1783
f 1301 1359 1360 1302
f 1302 1360 1361 1303
f 1319 1370 1371 1320
f 1184 1246 1247 1185
f 694 728 729 695
f 2835 2876 2877 2836
f 1348 1394 1395 1349
f 2915 2953 2954 2916
f 1064 1127 1128 1065
f 2515 2569 2570 2516
f 649 684 685 650
f 2581 2629 2631 2583
f 2858 2899 2900 2859
f 715 742 741 716
f 1334 1383 1384 1335
f 900 959 960 901
f 1304 1362 1363 1305
f 974 1036 1037 975
f 1466 1499 1500 1467
f 530 585 586 531
f 882 883 885 884
f 2855 2896 2897 2856
f 1333 1382 1383 1334
f 1318 1369 1370 1319
f 1342 1389 1390 1344
f 2441 2482 2483 2442
f 3545 3574 3573 3546
f 1317 1368 1369 1318
f 1286 1346 1347 1289
f 1343 1344 1345 1287
f 2956 3001 3003 2958
f 1238 1304 1305 1239
f 1294 1352 1353 1295
f 2645 2692 2693 2646
f 1396 1426 1427 1397
f 514 572 573 515
f 1198 1260 1261 1199
f 2554 2555 2558 2557
f 3706 3745 3746 3707
f 2803 2854 2855 2804
f 2907 2945 2946 2908
f 1185 1247 1248 1186
f 3537 3571 3572 3538
f 274 306 307 275
f 2971 3019 3020 2970
f 1374 1406 1407 1375
f 534 589 590 535
f 1384 1414 1415 1385
f 641 676 677 642
f 1419 1443 1444 1420
f 2919 2956 2958 2921
f 771 797 798 772
f 1398 1428 1429 1399
f 644 679 680 645
f 1352 1398 1399 1353
f 1971 2036 2037 1972
f 1442 1470 1471 1443
f 602 643 644 603
f 3529 3563 3564 3530
f 1381 1411 1412 1382
f 2947 2992 2993 2948
f 1351 1397 1398 1352
f 1320 1371 1372 1321
f 2429 2471 2472 2430
f 1478 1479 1482 1481
f 2733 2765 2766 2734
f 1413 1437 1438 1414
f 1414 1438 1439 1415
f 3075 3115 3116 3076
f 3682 3683 3685 3684
f 1415 1439 1440 1416
f 2166 2214 2216 2167
f 2979 3026 3027 2980
f 2465 2510 2511 2464
f 1444 1472 1473 1445
f 755 781 782 756
f 1430 1432 1431 1409
f 620 660 661 622
f 2876 2917 2918 2877
f 2574 2622 2623 2575
f 1377 1409 1408 1379
f 1483 1484 1486 1485
f 2890 2929 2930 2892
f 1453 1456 1455 1454
f 1382 1412 1413 1383
f 1431 1460 1461 1433
f 1421 1445 1446 1422
f 1434 1462 1463 1435
f 2494 2542 2543 2495
f 2505 2506 2509 2508
f 1389 1419 1420 1390
f 1423 1447 1448 1424
f 1416 1440 1441 1417
f 1383 1413 1414 1384
f 2883 2922 2923 2884
f 2805 2856 2857 2806
f 2975 3022 3023 2976
f 1781 1835 1836 1782
f 3003 3047 3049 3004
f 1287 1345 1346 1286
f 1440 1468 1469 1441
f 3363 3400 3401 3364
f 1393 1423 1424 1394
f 2457 2496 2497 2458
f 2882 2921 2922 2883
f 1293 1351 1352 1294
f 1438 1466 1467 1439
f 684 715 716 685
f 2860 2901 2902 2861
f 1718 1773 1774 1719
f 334 364 365 335
f 1477 1480 1479 1478
f 1464 1497 1498 1465
f 1487 1488 1489 1456
f 657 659 658 621
f 1324 1375 1376 1325
f 1462 1495 1496 1463
f 1456 1489 1490 1455
f 3166 3199 3198 3167
f 2666 2711 2712 2667
f 1499 1527 1528 1500
f 2559 2560 2561 2507
f 915 974 975 917
f 2987 3034 3035 2988
f 1471 1504 1505 1472
f 1424 1448 1449 1425
f 3102 3140 3141 3103
f 1766 1820 1821 1767
f 642 677 678 643
f 1028 1095 1096 1029
f 660 695 696 661
f 1336 1385 1386 1337
f 3667 3668 3669 3637
f 3107 3145 3146 3108
f 2885 2924 2925 2886
f 873 935 936 872
f 337 367 368 338
f 634 672 673 635
f 1495 1523 1524 1496
f 1486 1515 1516 1488
f 2916 2954 2955 2917
f 3398 3438 3439 3399
f 1578 1632 1633 1579
f 1387 1417 1418 1388
f 1524 1556 1557 1525
f 362 386 387 363
f 1470 1503 1504 1471
f 1479 1512 1513 1482
f 1488 1516 1517 1489
f 3758 3801 3802 3759
f 1902 1970 1971 1903
f 2373 2418 2419 2375
f 3673 3714 3715 3674
f 1493 1521 1522 1494
f 2957 3002 3001 2956
f 3203 3211 3210 3202
f 3135 3171 3172 3136
f 1509 1511 1510 1480
f 1446 1474 1475 1447
f 1455 1490 1491 1458
f 3662 3705 3706 3661
f 1390 1420 1421 1391
f 169 200 199 171
f 1201 1263 1264 1202
f 1485 1486 1488 1487
f 3617 3625 3626 3618
f 1206 1268 1269 1207
f 2530 2582 2581 2529
f 1512 1544 1545 1513
f 3971 3972 3974 3973
f 1602 1605 1604 1603
f 1563 1593 1594 1564
f 1564 1594 1595 1565
f 306 338 339 307
f 958 1021 1022 959
f 716 741 743 717
f 2900 2938 2939 2901
f 2950 2995 2996 2951
f 2046 2118 2117 2045
f 1519 1551 1552 1520
f 3139 3175 3176 3140
f 3259 3280 3281 3260
f 2545 2596 2597 2546
f 3585 3602 3603 3586
f 843 897 898 844
f 1551 1585 1586 1552
f 4214 4279 4280 4215
f 390 418 419 391
f 761 787 788 762
f 3021 3063 3064 3022
f 1951 2018 2019 1952
f 1544 1578 1579 1545
f 3155 3191 3192 3156
f 3223 3231 3232 3224
f 2066 2130 2131 2067
f 1520 1552 1553 1521
f 1873 1874 1875 1808
f 1533 1562 1563 1534
f 1496 1524 1525 1497
f 1565 1595 1596 1567
f 1580 1634 1635 1581
f 3315 3340 3341 3316
f 692 727 728 694
f 3698 3731 3732 3699
f 4171 4236 4237 4172
f 1457 1458 1459 1432
f 2553 2556 2555 2554
f 2962 3007 3008 2963
f 811 856 857 812
f 1534 1563 1564 1535
f 1567 1596 1597 1569
f 2940 2985 2986 2941
f 151 176 177 152
f 3355 3356 3358 3357
f 2977 3024 3025 2978
f 1616 1617 1619 1618
f 535 590 591 536
f 145 170 169 144
f 1611 1663 1664 1613
f 3319 3320 3322 3298
f 1573 1626 1627 1572
f 1559 1591 1590 1561
f 487 488 490 489
f 1621 1622 1625 1624
f 3067 3107 3108 3068
f 100 114 115 101
f 1541 1574 1575 1540
f 2954 2999 3000 2955
f 1535 1564 1565 1537
f 4086 4150 4151 4087
f 2497 2545 2546 2498
f 2569 2617 2618 2570
f 1463 1496 1497 1464
f 1119 1181 1182 1120
f 3101 3139 3140 3102
f 3250 3251 3253 3252
f 1584 1638 1639 1585
f 1055 1118 1119 1056
f 3665 3666 3668 3667
f 1574 1628 1629 1575
f 2972 2973 2975 2974
f 1642 1698 1697 1644
f 1295 1353 1354 1296
f 1654 1655 1658 1657
f 396 397 400 399
f 2382 2428 2429 2383
f 2481 2529 2531 2480
f 3359 3396 3397 3360
f 875 937 938 876
f 2658 2704 2703 2659
f 1599 1649 1650 1601
f 1672 1675 1674 1673
f 1327 1378 1377 1329
f 3387 3427 3428 3388
f 705 738 739 706
f 1761 1815 1816 1762
f 1653 1656 1655 1654
f 1622 1685 1686 1625
f 876 938 939 877
f 1592 1642 1644 1593
f 1727 1781 1782 1729
f 1722 1777 1778 1723
f 1708 1709 1711 1710
f 2542 2593 2594 2543
f 2994 3041 3042 2995
f 1678 1679 1681 1680
f 1624 1625 1626 1573
f 2674 2676 2675 2630
f 3451 3494 3495 3452
f 1667 1723 1724 1669
f 3463 3464 3465 3422
f 1629 1690 1691 1630
f 1582 1636 1637 1583
f 1647 1701 1702 1648
f 1504 1530 1532 1505
f 1655 1713 1714 1658
f 385 413 414 386
f 738 766 767 739
f 867 922 923 868
f 1631 1692 1693 1632
f 1566 1567 1569 1568
f 1698 1754 1756 1697
f 3205 3213 3214 3206
f 3099 3137 3138 3100
f 706 739 740 707
f 2694 2733 2734 2695
f 1661 1717 1718 1662
f 1607 1661 1662 1609
f 652 687 688 653
f 1531 1560 1559 1530
f 3657 3699 3700 3658
f 1645 1699 1700 1646
f 1710 1711 1712 1656
f 2578 2626 2627 2579
f 1344 1390 1391 1345
f 919 977 978 920
f 3531 3565 3566 3532
f 2513 2567 2568 2514
f 1700 1758 1759 1701
f 1605 1659 1660 1604
f 4235 4299 4300 4236
f 1441 1469 1470 1442
f 3121 3159 3160 3122
f 3269 3290 3291 3270
f 3649 3676 3677 3651
f 338 368 369 339
f 1734 1735 1736 1675
f 796 840 839 795
f 1072 1135 1136 1073
f 851 908 909 853
f 1225 1290 1291 1224
f 907 964 965 908
f 1671 1725 1727 1726
f 3092 3130 3131 3093
f 2575 2623 2624 2576
f 3435 3478 3479 3436
f 1723 1778 1779 1724
f 3495 3535 3536 3496
f 1685 1743 1744 1686
f 3083 3123 3124 3084
f 1703 1761 1762 1704
f 3770 3823 3824 3771
f 2911 2949 2950 2912
f 1465 1498 1499 1466
f 770 796 795 769
f 3641 3672 3673 3643
f 1709 1765 1766 1711
f 788 821 822 789
f 2847 2887 2888 2848
f 1220 1281 1282 1221
f 1510 1543 1544 1512
f 891 948 949 893
f 1740 1796 1797 1741
f 1719 1774 1775 1720
f 1712 1767 1768 1713
f 2103 2161 2162 2104
f 73 74 76 75
f 3325 3364 3365 3326
f 3034 3076 3077 3035
f 1725 1780 1781 1727
f 1702 1760 1761 1703
f 1711 1766 1767 1712
f 3276 3299 3300 3278
f 3487 3527 3528 3488
f 1770 1824 1825 1771
f 2537 2589 2590 2538
f 3591 3608 3609 3592
f 1686 1744 1745 1687
f 1763 1817 1818 1764
f 2990 3037 3038 2991
f 3026 3068 3069 3027
f 1717 1772 1773 1718
f 1662 1718 1719 1663
f 1679 1739 1740 1681
f 1656 1712 1713 1655
f 3415 3455 3456 3416
f 3683 3721 3722 3685
f 2529 2581 2583 2531
f 1628 1689 1690 1629
f 1693 1751 1752 1694
f 1506 1533 1534 1507
f 1615 1665 1666 1617
f 3722 3761 3762 3723
f 1540 1575 1576 1542
f 729 757 758 730
f 3413 3453 3454 3414
f 3063 3103 3104 3064
f 1613 1664 1665 1615
f 3131 3167 3168 3132
f 836 880 881 838
f 3012 3057 3058 3014
f 3711 3750 3751 3712
f 1914 1915 1916 1841
f 2521 2575 2576 2522
f 3655 3697 3698 3656
f 1173 1235 1236 1174
f 1806 1808 1807 1755
f 1774 1828 1829 1775
f 1743 1799 1800 1744
f 3134 3170 3171 3135
f 1777 1831 1832 1778
f 3115 3153 3154 3116
f 1796 1857 1858 1797
f 1795 1856 1857 1796
f 1125 1187 1188 1126
f 1838 1841 1840 1839
f 1775 1829 1830 1776
f 1744 1800 1801 1745
f 4039 4103 4104 4040
f 3739 3783 3784 3741
f 850 852 851 808
f 3777 3778 3780 3779
f 1059 1122 1123 1060
f 1782 1836 1837 1784
f 812 857 858 813
f 1776 1830 1831 1777
f 3975 4043 4044 3976
f 329 359 360 330
f 1820 1888 1889 1821
f 1826 1894 1895 1827
f 426 465 466 427
f 1791 1852 1853 1792
f 3287 3309 3310 3288
f 2996 3043 3044 2997
f 1839 1840 1843 1842
f 1020 1087 1088 1021
f 3294 3316 3317 3295
f 3477 3517 3518 3478
f 3719 3758 3759 3720
f 1797 1858 1859 1798
f 1758 1812 1813 1759
f 1759 1813 1814 1760
f 1800 1861 1862 1801
f 176 205 206 177
f 3811 3866 3867 3814
f 802 846 847 804
f 3697 3730 3731 3698
f 1227 1293 1294 1228
f 1726 1727 1729 1728
f 2610 2657 2658 2611
f 1792 1853 1854 1793
f 2156 2206 2207 2157
f 1489 1517 1518 1490
f 1699 1757 1758 1700
f 1836 1904 1905 1837
f 1765 1819 1820 1766
f 1542 1576 1577 1543
f 860 915 917 862
f 1760 1814 1815 1761
f 440 475 477 441
f 3731 3770 3771 3732
f 2965 3010 3011 2966
f 3689 3724 3725 3691
f 386 414 415 387
f 3783 3832 3833 3784
f 963 1026 1027 964
f 1664 1720 1721 1665
f 1505 1532 1533 1506
f 872 936 937 875
f 3044 3086 3087 3045
f 1371 1404 1403 1372
f 1821 1889 1890 1822
f 1807 1876 1877 1809
f 1824 1892 1893 1825
f 792 825 826 793
f 3875 3934 3935 3876
f 290 321 322 291
f 3681 3720 3721 3683
f 1909 1910 1913 1912
f 1798 1859 1860 1799
f 1831 1899 1900 1832
f 1840 1917 1918 1843
f 2444 2485 2486 2445
f 321 353 354 322
f 1867 1945 1946 1870
f 3307 3332 3333 3308
f 844 898 899 845
f 1898 1965 1967 1899
f 1868 1944 1945 1867
f 1610 1611 1613 1612
f 3098 3136 3137 3099
f 2617 2664 2665 2618
f 1934 1937 1936 1935
f 3028 3070 3071 3029
f 3582 3599 3600 3583
f 3637 3669 3670 3636
f 3855 3906 3907 3856
f 947 1010 1011 948
f 1854 1927 1928 1855
f 1855 1928 1929 1856
f 1856 1929 1930 1857
f 40 58 60 42
f 3939 4000 4001 3940
f 2577 2625 2626 2578
f 3090 3128 3129 3091
f 1853 1926 1927 1854
f 1814 1882 1883 1815
f 1847 1920 1921 1848
f 1848 1921 1922 1849
f 1472 1505 1506 1473
f 1392 1422 1423 1393
f 745 773 774 746
f 1907 1974 1976 1975
f 1780 1834 1835 1781
f 1845 1919 1920 1847
f 1530 1559 1561 1532
f 1815 1883 1884 1816
f 1832 1900 1901 1833
f 2748 2779 2781 2750
f 1417 1441 1442 1418
f 1720 1775 1776 1721
f 2018 2097 2098 2019
f 1829 1897 1898 1830
f 1767 1821 1822 1768
f 2080 2144 2145 2081
f 1623 1684 1685 1622
f 3227 3257 3256 3226
f 2016 2095 2096 2017
f 3709 3748 3749 3710
f 3705 3744 3745 3706
f 1773 1827 1828 1774
f 1878 1952 1953 1879
f 1303 1361 1362 1304
f 3762 3805 3806 3763
f 3020 3062 3063 3021
f 3710 3749 3750 3711
f 1321 1372 1373 1322
f 3919 3980 3981 3920
f 1003 1070 1071 1004
f 1910 1988 1989 1913
f 759 785 787 761
f 3076 3116 3117 3077
f 1216 1277 1278 1217
f 2236 2272 2273 2237
f 1888 1962 1963 1889
f 1947 2014 2015 1948
f 1901 1969 1970 1902
f 3950 4011 4012 3951
f 1928 2003 2004 1929
f 3745 3788 3789 3746
f 3995 4063 4064 3996
f 866 921 922 867
f 1801 1862 1863 1802
f 1925 2000 2001 1926
f 3211 3219 3218 3210
f 4360 4384 4385 4361
f 3060 3100 3101 3061
f 3324 3363 3364 3325
f 737 765 766 738
f 3813 3814 3816 3815
f 1972 2037 2038 1973
f 1051 1052 1054 1053
f 1926 2001 2002 1927
f 3704 3742 3743 3703
f 1944 2011 2012 1945
f 2920 2957 2956 2919
f 1918 1993 1994 1919
f 1949 2016 2017 1950
f 1903 1971 1972 1904
f 1936 2006 2008 1939
f 3296 3298 3297 3277
f 2002 2083 2084 2003
f 842 896 897 843
f 3130 3166 3167 3131
f 1941 2009 2010 1943
f 1886 1960 1961 1887
f 1904 1972 1973 1905
f 1154 1215 1216 1155
f 3983 4051 4052 3984
f 3561 3589 3590 3562
f 3216 3224 3225 3217
f 2585 2633 2634 2586
f 1981 1982 1984 1983
f 948 1011 1012 949
f 3604 3613 3614 3605
f 3837 3888 3889 3838
f 450 453 452 451
f 3729 3768 3769 3730
f 1265 1322 1323 1266
f 1822 1890 1891 1823
f 1912 1913 1915 1914
f 3854 3905 3906 3855
f 1995 2076 2077 1996
f 1996 2077 2078 1997
f 1035 1101 1103 1034
f 3275 3277 3276 3257
f 1197 1259 1260 1198
f 1688 1746 1747 1689
f 2472 2518 2519 2473
f 4075 4139 4140 4076
f 930 995 996 932
f 3721 3760 3761 3722
f 1973 2038 2039 1974
f 1966 2031 2030 1965
f 2055 2056 2058 2057
f 1968 2033 2034 1969
f 3840 3891 3892 3841
f 1521 1553 1554 1522
f 3866 3925 3926 3867
f 1990 2071 2072 1991
f 3268 3289 3290 3269
f 3768 3821 3822 3769
f 3979 4047 4048 3980
f 3901 3960 3961 3902
f 4047 4111 4112 4048
f 1989 2070 2071 1990
f 3243 3268 3269 3245
f 1999 2080 2081 2000
f 3834 3885 3886 3835
f 3860 3920 3921 3859
f 1545 1579 1580 1546
f 2609 2656 2657 2610
f 3713 3752 3753 3714
f 1019 1085 1087 1020
f 2006 2085 2087 2008
f 1991 2072 2073 1992
f 2008 2087 2088 2009
f 4040 4104 4105 4041
f 1998 2079 2080 1999
f 2000 2081 2082 2001
f 4236 4300 4301 4237
f 2750 2781 2782 2751
f 2067 2131 2132 2068
f 2052 2121 2122 2054
f 2013 2092 2093 2014
f 1974 2039 2040 1976
f 1967 2032 2033 1968
f 1976 2040 2042 2041
f 1562 1592 1593 1563
f 1997 2078 2079 1998
f 3786 3835 3836 3787
f 721 747 748 723
f 3202 3210 3212 3204
f 3291 3313 3314 3292
f 3148 3184 3185 3149
f 2090 2148 2149 2091
f 4111 4179 4180 4112
f 2030 2107 2106 2032
f 1983 1984 1986 1985
f 2032 2106 2108 2033
f 35 36 38 37
f 4118 4186 4187 4119
f 2601 2649 2650 2602
f 3154 3190 3191 3155
f 2053 2054 2056 2055
f 2054 2122 2123 2056
f 980 1042 1043 981
f 2056 2123 2124 2058
f 4132 4200 4201 4133
f 4203 4268 4269 4204
f 4037 4038 4039 3970
f 1924 1999 2000 1925
f 1917 1992 1993 1918
f 3267 3288 3289 3268
f 2023 2102 2103 2024
f 3132 3168 3169 3133
f 2072 2136 2137 2073
f 3648 3649 3651 3650
f 377 405 406 378
f 2593 2641 2642 2594
f 3671 3712 3713 3672
f 940 1003 1004 941
f 2070 2134 2135 2071
f 2071 2135 2136 2072
f 2064 2128 2129 2065
f 3420 3421 3424 3423
f 3629 3654 3655 3630
f 2107 2165 2164 2106
f 1668 1669 1671 1670
f 2045 2117 2119 2048
f 2062 2126 2127 2063
f 964 1027 1028 965
f 2040 2115 2116 2042
f 962 1025 1026 963
f 4254 4318 4319 4255
f 2706 2740 2741 2707
f 1219 1280 1281 1220
f 2038 2113 2114 2039
f 2095 2153 2154 2096
f 1984 2066 2067 1986
f 171 199 201 172
f 4267 4331 4332 4268
f 4045 4109 4110 4046
f 498 558 559 497
f 2079 2143 2144 2080
f 3212 3220 3221 3213
f 4281 4345 4346 4282
f 353 377 378 354
f 954 1017 1019 956
f 2132 2189 2190 2133
f 2109 2167 2168 2110
f 1982 2065 2066 1984
f 2039 2114 2115 2040
f 2096 2154 2155 2097
f 259 287 289 261
f 2162 2212 2213 2163
f 2059 2060 2062 2061
f 3785 3834 3835 3786
f 2101 2159 2160 2102
f 1830 1898 1899 1831
f 2682 2722 2723 2683
f 2120 2177 2178 2121
f 541 542 545 544
f 47 65 66 48
f 3565 3593 3594 3566
f 4247 4311 4312 4248
f 2069 2133 2134 2070
f 1550 1584 1585 1551
f 1012 1079 1080 1013
f 3180 3202 3204 3181
f 331 361 362 332
f 4387 4402 4403 4388
f 4117 4185 4186 4118
f 3753 3796 3797 3754
f 442 478 479 443
f 3427 3470 3471 3428
f 2119 2175 2177 2120
f 2136 2193 2194 2137
f 10 21 22 9
f 825 868 869 826
f 2172 2221 2222 2173
f 1650 1704 1705 1652
f 2151 2200 2202 2152
f 2128 2185 2186 2129
f 101 115 116 102
f 4251 4315 4316 4252
f 1281 1336 1337 1282
f 1937 2007 2006 1936
f 1123 1185 1186 1124
f 781 813 814 782
f 4243 4307 4308 4244
f 2187 2234 2235 2188
f 4319 4374 4375 4320
f 2133 2190 2191 2134
f 2158 2208 2209 2159
f 996 1063 1064 997
f 2104 2162 2163 2105
f 467 516 517 468
f 60 78 77 61
f 2697 2736 2737 2698
f 1881 1955 1956 1882
f 2173 2222 2223 2174
f 3603 3611 3613 3604
f 2167 2216 2217 2168
f 3818 3869 3870 3819
f 82 95 96 83
f 193 194 196 195
f 1107 1169 1170 1108
f 2110 2168 2169 2111
f 2159 2209 2210 2160
f 3228 3258 3259 3229
f 555 601 602 557
f 2234 2270 2271 2235
f 4189 4254 4255 4190
f 2220 2258 2259 2221
f 2127 2184 2185 2128
f 1586 1640 1641 1587
f 2168 2217 2218 2169
f 1061 1124 1125 1062
f 351 373 375 350
f 2641 2688 2689 2642
f 3266 3287 3288 3267
f 2189 2236 2237 2190
f 3339 3378 3379 3340
f 140 151 152 141
f 2235 2271 2272 2236
f 48 66 67 49
f 2181 2228 2229 2182
f 2190 2237 2238 2191
f 2063 2127 2128 2064
f 2208 2246 2247 2209
f 627 664 666 628
f 777 810 811 779
f 2633 2680 2681 2634
f 3258 3279 3280 3259
f 2141 2198 2199 2142
f 2222 2260 2261 2223
f 3530 3564 3565 3531
f 2077 2141 2142 2078
f 3236 3237 3239 3238
f 3761 3804 3805 3762
f 1163 1226 1227 1165
f 2232 2268 2269 2233
f 2362 2408 2409 2363
f 120 134 133 122
f 1817 1885 1886 1818
f 4253 4317 4318 4254
f 2229 2265 2266 2230
f 3323 3362 3363 3324
f 1911 1987 1988 1910
f 2216 2254 2255 2217
f 162 185 186 164
f 2285 2286 2289 2288
f 2260 2312 2313 2261
f 2238 2274 2275 2239
f 2207 2245 2246 2208
f 2184 2231 2232 2185
f 685 716 717 686
f 463 512 513 464
f 2625 2672 2673 2626
f 3306 3331 3332 3307
f 196 225 226 198
f 2283 2324 2325 2287
f 208 211 210 209
f 1139 1201 1202 1140
f 2230 2266 2267 2231
f 1164 1224 1226 1163
f 2778 2809 2811 2810
f 2206 2243 2245 2207
f 67 84 85 68
f 1042 1110 1111 1043
f 2271 2319 2320 2272
f 2126 2183 2184 2127
f 4273 4337 4338 4274
f 4365 4389 4390 4366
f 2253 2305 2304 2252
f 2255 2307 2308 2256
f 1034 1103 1104 1036
f 2245 2298 2299 2246
f 2215 2253 2252 2214
f 1076 1139 1140 1077
f 2112 2170 2171 2113
f 769 795 797 771
f 2155 2205 2206 2156
f 3769 3822 3823 3770
f 2237 2273 2274 2238
f 3419 3422 3421 3420
f 2730 2762 2763 2731
f 1669 1724 1725 1671
f 1992 2073 2074 1993
f 2346 2383 2384 2348
f 2649 2696 2697 2650
f 2324 2361 2362 2325
f 546 547 549 548
f 2270 2318 2319 2271
f 1068 1131 1132 1069
f 1704 1762 1763 1705
f 971 973 972 916
f 46 64 65 47
f 3817 3818 3819 3767
f 1195 1257 1258 1196
f 2302 2345 2346 2303
f 2295 2330 2332 2331
f 1080 1143 1144 1081
f 314 346 347 315
f 647 682 683 648
f 248 277 278 249
f 3371 3408 3409 3372
f 4239 4303 4304 4240
f 276 308 309 277
f 3809 3812 3811 3810
f 2348 2384 2386 2385
f 1297 1355 1356 1298
f 2333 2334 2336 2335
f 2326 2363 2364 2327
f 2311 2356 2357 2312
f 4368 4392 4393 4369
f 1213 1274 1275 1214
f 1593 1644 1645 1594
f 3338 3377 3378 3339
f 1957 2024 2025 1958
f 2355 2403 2404 2356
f 2325 2362 2363 2326
f 1052 1116 1117 1054
f 1043 1111 1112 1044
f 2310 2355 2356 2311
f 1179 1241 1242 1180
f 2343 2380 2381 2344
f 3532 3566 3567 3533
f 402 430 431 403
f 212 213 214 182
f 1074 1137 1138 1075
f 304 336 337 305
f 2327 2364 2365 2328
f 1131 1193 1194 1132
f 1657 1658 1659 1605
f 126 138 139 127
f 3330 3369 3370 3331
f 2389 2390 2392 2391
f 2278 2321 2323 2281
f 2335 2336 2338 2337
f 2256 2308 2309 2257
f 2269 2317 2318 2270
f 3886 3945 3946 3887
f 2689 2728 2729 2690
f 2341 2378 2379 2342
f 2231 2267 2268 2232
f 1203 1265 1266 1204
f 4129 4197 4198 4130
f 153 178 179 154
f 2403 2445 2446 2404
f 2292 2293 2295 2294
f 2301 2344 2345 2302
f 1634 1695 1696 1635
f 1108 1170 1171 1109
f 3316 3341 3342 3317
f 2410 2451 2452 2411
f 4191 4256 4257 4192
f 3411 3451 3452 3412
f 2352 2400 2401 2353
f 935 998 999 936
f 384 412 413 385
f 2350 2398 2397 2349
f 2277 2278 2281 2280
f 2359 2407 2406 2361
f 2384 2430 2431 2386
f 466 515 516 467
f 404 432 433 405
f 2681 2721 2722 2682
f 1833 1901 1902 1834
f 2390 2433 2434 2392
f 659 692 694 658
f 1837 1905 1907 1906
f 833 834 836 835
f 190 222 223 192
f 2428 2470 2471 2429
f 2093 2151 2152 2094
f 3395 3435 3436 3396
f 2383 2429 2430 2384
f 2400 2442 2443 2401
f 890 891 893 892
f 2498 2546 2547 2499
f 2665 2710 2711 2666
f 3621 3629 3630 3622
f 1084 1146 1148 1147
f 2406 2449 2448 2408
f 2392 2434 2435 2394
f 1355 1401 1402 1356
f 1087 1151 1152 1088
f 2435 2477 2478 2436
f 3865 3924 3925 3866
f 1789 1850 1851 1790
f 2398 2440 2439 2397
f 2415 2456 2457 2416
f 2368 2414 2415 2369
f 522 577 579 524
f 484 532 533 486
f 1114 1176 1177 1115
f 496 497 500 499
f 2296 2339 2341 2298
f 2399 2441 2442 2400
f 1435 1463 1464 1436
f 369 393 394 370
f 262 290 291 263
f 3857 3860 3859 3858
f 586 630 631 587
f 2366 2412 2413 2367
f 2474 2520 2521 2475
f 1106 1168 1169 1107
f 2460 2499 2500 2461
f 1843 1918 1919 1845
f 2286 2326 2327 2289
f 2367 2413 2414 2368
f 3348 3390 3391 3350
f 2869 2910 2911 2870
f 1207 1269 1270 1208
f 2323 2359 2361 2324
f 3801 3850 3851 3802
f 1523 1555 1556 1524
f 2762 2793 2794 2763
f 2424 2466 2467 2425
f 1539 1540 1542 1511
f 528 583 584 529
f 626 665 664 627
f 2456 2495 2496 2457
f 524 579 580 525
f 4125 4193 4194 4126
f 3793 3842 3843 3794
f 2381 2427 2428 2382
f 2134 2191 2192 2135
f 1140 1202 1203 1141
f 3332 3371 3372 3333
f 2477 2523 2524 2478
f 1617 1666 1667 1619
f 2043 2046 2045 2044
f 2484 2534 2535 2485
f 2561 2609 2610 2562
f 2430 2472 2473 2431
f 2439 2480 2482 2441
f 2464 2511 2512 2466
f 3181 3204 3205 3182
f 2504 2507 2506 2505
f 468 517 518 469
f 665 699 698 664
f 3402 3442 3443 3403
f 1275 1330 1331 1276
f 3587 3604 3605 3588
f 2471 2517 2518 2472
f 2499 2547 2548 2500
f 640 674 676 641
f 2461 2500 2501 2463
f 1714 1769 1770 1715
f 1124 1186 1187 1125
f 2432 2474 2475 2433
f 1675 1736 1737 1674
f 1625 1686 1687 1626
f 2777 2808 2809 2778
f 3394 3434 3435 3395
f 2485 2535 2536 2486
f 2487 2537 2538 2488
f 698 731 733 700
f 612 653 654 613
f 1259 1316 1317 1260
f 2479 2525 2527 2526
f 406 434 435 407
f 361 385 386 362
f 2501 2549 2550 2503
f 2486 2536 2537 2487
f 2455 2494 2495 2456
f 3882 3941 3942 3883
f 1747 1803 1804 1748
f 2546 2597 2598 2547
f 2729 2761 2762 2730
f 2396 2436 2438 2437
f 2493 2541 2542 2494
f 2478 2524 2525 2479
f 2375 2419 2421 2420
f 3380 3417 3418 3381
f 3469 3509 3510 3470
f 1543 1577 1578 1544
f 2531 2583 2584 2532
f 3825 3876 3877 3826
f 2469 2515 2516 2470
f 724 726 725 693
f 1819 1887 1888 1820
f 2721 2754 2755 2722
f 728 756 757 729
f 2397 2439 2441 2399
f 2446 2487 2488 2447
f 2247 2300 2301 2248
f 2480 2531 2532 2482
f 786 817 819 785
f 478 526 527 479
f 1299 1357 1358 1300
f 1658 1714 1715 1659
f 1919 1994 1995 1920
f 2520 2574 2575 2521
f 3053 3093 3094 3054
f 809 854 855 810
f 1409 1431 1433 1408
f 1849 1922 1923 1850
f 2517 2571 2572 2518
f 3483 3523 3524 3484
f 3364 3401 3402 3365
f 2555 2606 2607 2558
f 2564 2612 2613 2565
f 1186 1248 1249 1187
f 2518 2572 2573 2519
f 2544 2595 2596 2545
f 1243 1309 1310 1244
f 2634 2681 2682 2635
f 542 594 596 545
f 3442 3485 3486 3443
f 2541 2591 2593 2542
f 2550 2601 2602 2552
f 1300 1358 1359 1301
f 2536 2588 2589 2537
f 787 820 821 788
f 1687 1745 1746 1688
f 1178 1240 1241 1179
f 800 844 845 801
f 1339 1340 1342 1341
f 3467 3507 3508 3468
f 2842 2882 2883 2843
f 2496 2544 2545 2497
f 2865 2906 2907 2866
f 780 812 813 781
f 1474 1507 1508 1475
f 2566 2614 2615 2567
f 2565 2613 2614 2566
f 2567 2615 2616 2568
f 2440 2481 2480 2439
f 2019 2098 2099 2020
f 801 845 846 802
f 2745 2776 2777 2746
f 3849 3900 3901 3850
f 2549 2600 2601 2550
f 2304 2349 2351 2306
f 1492 1520 1521 1493
f 4029 4098 4099 4032
f 2618 2665 2666 2619
f 622 661 662 623
f 2604 2651 2652 2605
f 2525 2579 2580 2527
f 2558 2607 2608 2560
f 2511 2565 2566 2512
f 2568 2616 2617 2569
f 2123 2180 2181 2124
f 1823 1891 1892 1824
f 3841 3892 3893 3842
f 570 615 616 571
f 2534 2586 2587 2535
f 2818 2819 2821 2820
f 3524 3558 3559 3525
f 946 1009 1010 947
f 884 885 887 886
f 1337 1386 1387 1338
f 880 942 943 881
f 1347 1393 1394 1348
f 2454 2493 2494 2455
f 1212 1272 1274 1213
f 3970 4039 4040 3969
f 3701 3704 3703 3702
f 1649 1703 1704 1650
f 2635 2682 2683 2636
f 3833 3884 3885 3834
f 2589 2637 2638 2590
f 3523 3557 3558 3524
f 2591 2639 2641 2593
f 2608 2655 2656 2609
f 4357 4381 4382 4358
f 764 790 791 765
f 2598 2646 2647 2599
f 2613 2660 2661 2614
f 2615 2662 2663 2616
f 2600 2648 2649 2601
f 2331 2332 2334 2333
f 1681 1740 1741 1683
f 1218 1279 1280 1219
f 2644 2691 2692 2645
f 1323 1374 1375 1324
f 2576 2624 2625 2577
f 1196 1258 1259 1197
f 1026 1093 1094 1027
f 703 736 737 704
f 702 735 736 703
f 3482 3522 3523 3483
f 2629 2677 2678 2631
f 2622 2669 2670 2623
f 2631 2678 2679 2632
f 3922 3983 3984 3923
f 2371 2417 2418 2373
f 785 819 820 787
f 2769 2800 2802 2771
f 944 1007 1008 945
f 2621 2668 2669 2622
f 3499 3539 3540 3500
f 3059 3099 3100 3060
f 2667 2712 2713 2668
f 3474 3514 3515 3475
f 2597 2645 2646 2598
f 2646 2693 2694 2647
f 2623 2670 2671 2624
f 3436 3479 3480 3437
f 254 283 284 255
f 2345 2382 2383 2346
f 2761 2792 2793 2762
f 2532 2584 2585 2533
f 424 425 426 398
f 806 807 809 778
f 2533 2585 2586 2534
f 2630 2675 2677 2629
f 2599 2647 2648 2600
f 2632 2679 2680 2633
f 2451 2489 2491 2452
f 988 1057 1058 990
f 2753 2784 2785 2754
f 2519 2573 2574 2520
f 2606 2653 2654 2607
f 2664 2709 2710 2665
f 1090 1154 1155 1091
f 417 445 446 418
f 2707 2741 2742 2708
f 2276 2279 2278 2277
f 2413 2454 2455 2414
f 1690 1748 1749 1691
f 1236 1302 1303 1237
f 3460 3461 3464 3463
f 4213 4278 4279 4214
f 2663 2708 2709 2664
f 1482 1513 1514 1484
f 2810 2811 2813 2812
f 1258 1315 1316 1259
f 961 1024 1025 962
f 2653 2700 2701 2654
f 3563 3591 3592 3564
f 2695 2734 2735 2696
f 2688 2727 2728 2689
f 2732 2764 2765 2733
f 886 887 889 888
f 1515 1547 1548 1516
f 2678 2718 2719 2679
f 1284 1287 1286 1285
f 2680 2720 2721 2681
f 2571 2619 2620 2572
f 2303 2346 2348 2347
f 1242 1308 1309 1243
f 666 700 701 667
f 2711 2745 2746 2712
f 2640 2687 2686 2639
f 1170 1232 1233 1171
f 1044 1112 1113 1046
f 2595 2643 2644 2596
f 3929 3990 3991 3930
f 2717 2750 2751 2718
f 2710 2744 2745 2711
f 2703 2739 2738 2705
f 350 375 376 352
f 201 233 234 202
f 1096 1160 1161 1097
f 2709 2743 2744 2710
f 3547 3575 3576 3548
f 2679 2719 2720 2680
f 2584 2632 2633 2585
f 2651 2698 2699 2652
f 2770 2801 2800 2769
f 2661 2706 2707 2662
f 3889 3948 3949 3890
f 2734 2766 2767 2735
f 2802 2852 2854 2803
f 3476 3516 3517 3477
f 838 881 883 882
f 2463 2501 2503 2502
f 902 961 962 904
f 2764 2795 2796 2765
f 1276 1331 1332 1277
f 2718 2751 2752 2719
f 2720 2753 2754 2721
f 2723 2756 2757 2724
f 1116 1178 1179 1117
f 1353 1399 1400 1354
f 3881 3940 3941 3882
f 610 651 652 611
f 2686 2725 2727 2688
f 2735 2767 2768 2736
f 881 943 944 883
f 1234 1300 1301 1235
f 2779 2831 2832 2781
f 1160 1221 1222 1161
f 1427 1451 1452 1428
f 2614 2661 2662 2615
f 2759 2790 2789 2758
f 2752 2783 2784 2753
f 422 463 464 425
f 1100 1102 1101 1035
f 1121 1183 1184 1122
f 1929 2004 2005 1930
f 2470 2516 2517 2471
f 3452 3495 3496 3453
f 1188 1250 1251 1189
f 2828 2829 2830 2780
f 2150 2201 2200 2151
f 2776 2807 2808 2777
f 113 126 127 114
f 3562 3590 3591 3563
f 1288 1289 1290 1225
f 2849 2889 2890 2851
f 2741 2772 2773 2742
f 1598 1599 1601 1600
f 1260 1317 1318 1261
f 2760 2791 2792 2761
f 1102 1164 1163 1101
f 2834 2875 2876 2835
f 1778 1832 1833 1779
f 2773 2804 2805 2774
f 2775 2806 2807 2776
f 2728 2760 2761 2729
f 2867 2908 2909 2868
f 2751 2782 2783 2752
f 982 1044 1046 1045
f 3554 3582 3583 3555
f 1411 1435 1436 1412
f 4131 4199 4200 4132
f 2767 2798 2799 2768
f 3954 4015 4016 3955
f 1244 1310 1311 1245
f 2809 2860 2861 2811
f 3850 3901 3902 3851
f 2789 2839 2841 2791
f 3859 3921 3922 3862
f 2743 2774 2775 2744
f 3508 3543 3542 3509
f 1306 1364 1365 1307
f 2819 2865 2866 2821
f 2781 2832 2833 2782
f 2687 2726 2725 2686
f 2939 2984 2985 2940
f 2793 2843 2844 2794
f 2749 2780 2779 2748
f 2535 2587 2588 2536
f 1422 1446 1447 1423
f 1046 1113 1114 1048
f 2677 2717 2718 2678
f 2766 2797 2798 2767
f 2799 2849 2851 2850
f 2784 2835 2836 2785
f 3011 3056 3057 3012
f 537 592 593 539
f 2785 2836 2837 2786
f 3897 3956 3957 3898
f 2808 2859 2860 2809
f 1484 1514 1515 1486
f 1410 1434 1435 1411
f 2922 2959 2960 2923
f 2851 2890 2892 2891
f 1296 1354 1355 1297
f 1459 1492 1493 1460
f 3113 3151 3152 3114
f 2914 2952 2953 2915
f 3492 3532 3533 3493
f 1006 1073 1074 1007
f 1330 1379 1380 1331
f 2813 2862 2863 2815
f 1897 1966 1965 1898
f 3659 3662 3661 3660
f 2839 2879 2881 2841
f 2840 2880 2879 2839
f 2483 2533 2534 2484
f 2879 2920 2919 2881
f 1110 1172 1173 1111
f 2868 2909 2910 2869
f 2845 2885 2886 2846
f 2806 2857 2858 2807
f 2831 2872 2873 2832
f 2832 2873 2874 2833
f 25 27 26 14
f 1332 1381 1382 1333
f 1322 1373 1374 1323
f 3642 3643 3645 3644
f 1443 1471 1472 1444
f 2854 2895 2896 2855
f 2807 2858 2859 2808
f 2792 2842 2843 2793
f 282 314 315 283
f 489 490 492 491
f 2755 2786 2787 2756
f 1408 1433 1434 1410
f 2866 2907 2908 2867
f 3235 3264 3265 3237
f 2906 2944 2945 2907
f 2817 2864 2865 2819
f 3921 3982 3983 3922
f 2861 2902 2903 2862
f 3635 3636 3639 3638
f 1372 1403 1405 1373
f 2744 2775 2776 2745
f 2014 2093 2094 2015
f 3007 3052 3053 3008
f 2870 2911 2912 2871
f 2853 2894 2893 2852
f 2863 2904 2905 2864
f 2592 2640 2639 2591
f 3299 3324 3325 3300
f 1420 1444 1445 1421
f 1174 1236 1237 1175
f 2908 2946 2947 2909
f 2821 2866 2867 2823
f 2862 2903 2904 2863
f 2887 2926 2927 2888
f 2312 2357 2358 2313
f 1570 1573 1572 1571
f 1721 1776 1777 1722
f 1385 1415 1416 1386
f 3913 3977 3978 3915
f 650 685 686 651
f 2830 2871 2872 2831
f 1340 1388 1389 1342
f 3668 3709 3710 3669
f 1590 1643 1642 1592
f 1316 1366 1368 1317
f 2923 2960 2961 2924
f 1480 1510 1512 1479
f 4042 4106 4107 4043
f 2903 2941 2942 2904
f 2334 2369 2370 2336
f 1785 1788 1787 1786
f 1386 1416 1417 1387
f 3905 3964 3965 3906
f 1507 1534 1535 1508
f 2774 2805 2806 2775
f 2895 2933 2934 2896
f 2912 2950 2951 2913
f 3459 3462 3461 3460
f 3828 3879 3880 3829
f 1594 1645 1646 1595
f 2932 2976 2977 2931
f 3675 3716 3717 3676
f 3674 3715 3716 3675
f 1262 1319 1320 1263
f 2893 2931 2933 2895
f 2902 2940 2941 2903
f 2871 2912 2913 2872
f 2872 2913 2914 2873
f 3491 3531 3532 3492
f 1879 1953 1954 1880
f 2841 2881 2882 2842
f 1608 1609 1611 1610
f 2925 2962 2963 2926
f 2974 2975 2976 2932
f 2815 2863 2864 2817
f 3986 4054 4055 3987
f 2654 2701 2702 2655
f 81 94 95 82
f 2963 3008 3009 2964
f 3666 3708 3709 3668
f 1491 1519 1520 1492
f 3643 3673 3674 3645
f 1412 1436 1437 1413
f 3588 3605 3606 3589
f 3579 3597 3596 3580
f 2978 3025 3026 2979
f 2941 2986 2987 2942
f 2844 2884 2885 2845
f 2942 2987 2988 2943
f 2927 2964 2965 2928
f 2968 2971 2970 2969
f 1666 1722 1723 1667
f 3343 3346 3345 3344
f 2833 2874 2875 2834
f 1040 1108 1109 1041
f 2933 2978 2979 2934
f 2934 2979 2980 2935
f 2951 2996 2997 2952
f 2901 2939 2940 2902
f 1388 1418 1419 1389
f 2214 2252 2254 2216
f 1350 1396 1397 1351
f 1620 1623 1622 1621
f 2829 2870 2871 2830
f 2967 3012 3014 3013
f 2952 2997 2998 2953
f 2050 2120 2121 2052
f 857 913 914 858
f 2825 2868 2869 2827
f 1632 1693 1694 1633
f 2693 2732 2733 2694
f 2910 2948 2949 2911
f 2959 3004 3005 2960
f 3564 3592 3593 3565
f 3715 3754 3755 3716
f 3066 3106 3107 3067
f 2995 3042 3043 2996
f 1977 1980 1979 1978
f 1461 1494 1495 1462
f 1762 1816 1817 1763
f 2935 2980 2981 2936
f 2976 3023 3024 2977
f 1738 1794 1795 1739
f 3447 3490 3491 3448
f 1426 1450 1451 1427
f 3004 3049 3050 3005
f 1683 1741 1742 1684
f 3707 3746 3747 3708
f 3771 3824 3825 3772
f 1454 1455 1458 1457
f 3985 4053 4054 3986
f 762 788 789 763
f 2966 3011 3012 2967
f 2898 2936 2937 2899
f 2960 3005 3006 2961
f 3262 3283 3284 3263
f 1644 1697 1699 1645
f 1418 1442 1443 1419
f 1736 1792 1793 1737
f 2998 3045 3046 2999
f 2936 2981 2982 2937
f 409 437 438 410
f 2899 2937 2938 2900
f 3953 4014 4015 3954
f 2997 3044 3045 2998
f 3691 3725 3726 3693
f 1460 1493 1494 1461
f 2888 2927 2928 2889
f 3843 3894 3895 3844
f 3050 3090 3091 3051
f 910 967 968 911
f 3036 3078 3079 3037
f 1835 1903 1904 1836
f 3014 3058 3059 3016
f 2983 3030 3031 2984
f 3644 3645 3647 3646
f 1802 1863 1864 1803
f 3623 3631 3632 3624
f 2579 2627 2628 2580
f 3945 4006 4007 3946
f 3013 3014 3016 3015
f 3006 3051 3052 3007
f 3023 3065 3066 3024
f 3008 3053 3054 3009
f 2846 2886 2887 2847
f 1724 1779 1780 1725
f 922 980 981 923
f 1816 1884 1885 1817
f 1436 1464 1465 1437
f 3534 3568 3569 3535
f 1745 1801 1802 1746
f 1235 1301 1302 1236
f 3937 3998 3999 3938
f 690 721 723 722
f 2982 3029 3030 2983
f 3039 3081 3082 3040
f 3032 3074 3075 3033
f 4027 4030 4029 4028
f 1676 1677 1679 1678
f 2913 2951 2952 2914
f 3068 3108 3109 3069
f 1603 1604 1607 1606
f 2926 2963 2964 2927
f 3031 3073 3074 3032
f 3612 3620 3619 3611
f 1858 1931 1932 1859
f 1769 1823 1824 1770
f 932 996 997 934
f 3754 3797 3798 3755
f 3029 3071 3072 3030
f 2814 2815 2817 2816
f 2991 3038 3039 2992
f 3056 3096 3097 3057
f 4043 4107 4108 4044
f 1844 1845 1847 1846
f 1697 1756 1757 1699
f 1880 1954 1955 1881
f 3061 3101 3102 3062
f 3038 3080 3081 3039
f 2943 2988 2989 2944
f 3040 3082 3083 3041
f 3822 3873 3874 3823
f 249 278 279 250
f 3091 3129 3130 3092
f 3746 3789 3790 3747
f 4107 4175 4176 4108
f 3016 3059 3060 3018
f 3114 3152 3153 3115
f 1561 1590 1592 1562
f 2980 3027 3028 2981
f 1547 1581 1582 1548
f 3851 3902 3903 3852
f 2823 2867 2868 2825
f 4018 4086 4087 4019
f 1954 2021 2022 1955
f 3887 3946 3947 3888
f 1646 1700 1701 1647
f 3961 4022 4023 3962
f 3077 3117 3118 3078
f 1834 1902 1903 1835
f 2543 2594 2595 2544
f 3684 3685 3687 3686
f 3430 3473 3474 3431
f 1852 1925 1926 1853
f 1473 1506 1507 1474
f 1960 2027 2028 1961
f 3069 3109 3110 3070
f 3094 3132 3133 3095
f 1927 2002 2003 1928
f 3080 3120 3121 3081
f 3619 3627 3629 3621
f 929 930 932 931
f 3123 3161 3162 3124
f 1913 1989 1990 1915
f 3037 3079 3080 3038
f 3078 3118 3119 3079
f 2986 3033 3034 2987
f 3104 3142 3143 3105
f 9 22 24 23
f 3242 3243 3245 3244
f 1498 1526 1527 1499
f 3054 3094 3095 3055
f 3660 3661 3664 3663
f 3433 3476 3477 3434
f 4007 4075 4076 4008
f 1742 1798 1799 1743
f 3140 3176 3177 3141
f 2973 3021 3022 2975
f 1794 1855 1856 1795
f 2100 2158 2159 2101
f 3120 3158 3159 3121
f 4307 4362 4363 4308
f 1948 2015 2016 1949
f 3441 3484 3485 3442
f 3778 3828 3829 3780
f 1619 1667 1669 1668
f 3763 3806 3807 3764
f 1772 1826 1827 1773
f 3112 3150 3151 3113
f 7 10 9 8
f 865 920 921 866
f 1786 1787 1789 1733
f 2024 2103 2104 2025
f 3109 3147 3148 3110
f 3118 3156 3157 3119
f 3071 3111 3112 3072
f 3088 3126 3128 3090
f 28 43 44 29
f 3218 3226 3228 3220
f 2881 2919 2921 2882
f 3977 4045 4046 3978
f 3141 3177 3178 3142
f 3142 3178 3179 3143
f 3737 3781 3782 3736
f 3024 3066 3067 3025
f 3747 3790 3791 3748
f 1532 1561 1562 1533
f 2896 2934 2935 2897
f 1790 1851 1852 1791
f 3204 3212 3213 3205
f 1595 1646 1647 1596
f 3158 3194 3195 3159
f 3143 3179 3180 3144
f 3144 3180 3181 3145
f 2122 2179 2180 2123
f 841 894 896 842
f 4135 4203 4204 4136
f 3969 4040 4041 3972
f 3157 3193 3194 3158
f 3150 3186 3187 3151
f 3167 3198 3200 3168
f 3820 3871 3872 3821
f 3219 3227 3226 3218
f 2020 2099 2100 2021
f 2088 2147 2146 2089
f 3149 3185 3186 3150
f 3126 3164 3163 3128
f 1516 1548 1549 1517
f 4098 4166 4167 4099
f 1522 1554 1555 1523
f 1793 1854 1855 1794
f 4033 4034 4036 4035
f 3117 3155 3156 3118
f 3062 3102 3103 3063
f 3207 3215 3216 3208
f 3208 3216 3217 3209
f 3982 4050 4051 3983
f 1916 1991 1992 1917
f 3252 3253 3255 3254
f 3803 3852 3853 3804
f 3184 3207 3208 3185
f 1865 1868 1867 1866
f 3206 3214 3215 3207
f 3183 3206 3207 3184
f 3055 3095 3096 3056
f 3858 3859 3862 3861
f 1870 1946 1947 1872
f 905 906 907 852
f 2160 2210 2211 2161
f 746 774 775 747
f 3238 3239 3241 3240
f 3151 3187 3188 3152
f 3152 3188 3189 3153
f 311 343 344 312
f 2905 2943 2944 2906
f 1731 1732 1735 1734
f 3079 3119 3120 3080
f 164 186 187 166
f 3251 3272 3273 3253
f 3213 3221 3222 3214
f 2194 2241 2242 2195
f 4058 4122 4123 4059
f 2897 2935 2936 2898
f 3237 3265 3266 3239
f 1958 2025 2026 1959
f 268 270 269 242
f 3732 3771 3772 3733
f 3290 3312 3313 3291
f 2889 2928 2929 2890
f 3802 3851 3852 3803
f 1659 1715 1716 1660
f 3787 3836 3837 3788
f 1612 1613 1615 1614
f 3240 3241 3243 3242
f 607 648 649 608
f 80 92 94 81
f 3283 3305 3306 3284
f 3108 3146 3147 3109
f 3253 3273 3274 3255
f 3230 3260 3261 3231
f 3247 3248 3251 3250
f 3256 3278 3279 3258
f 308 340 341 309
f 3716 3755 3756 3717
f 3245 3269 3270 3249
f 1648 1702 1703 1649
f 3246 3249 3248 3247
f 3263 3284 3285 3264
f 3272 3293 3294 3273
f 2298 2341 2342 2299
f 2188 2235 2236 2189
f 1554 1588 1589 1555
f 2804 2855 2856 2805
f 3221 3229 3230 3222
f 3214 3222 3223 3215
f 1548 1582 1583 1549
f 3264 3285 3286 3265
f 199 232 233 201
f 449 484 486 485
f 2022 2101 2102 2023
f 3298 3322 3323 3297
f 3133 3169 3170 3134
f 1818 1886 1887 1819
f 3835 3886 3887 3836
f 3279 3301 3302 3280
f 3362 3399 3400 3363
f 2650 2697 2698 2651
f 1546 1580 1581 1547
f 1500 1528 1529 1501
f 2981 3028 3029 2982
f 3278 3300 3301 3279
f 3271 3292 3293 3272
f 3232 3262 3263 3233
f 444 480 481 445
f 200 230 232 199
f 3179 3203 3202 3180
f 4057 4121 4122 4058
f 3277 3297 3299 3276
f 3318 3321 3320 3319
f 3231 3261 3262 3232
f 3160 3196 3197 3161
f 2378 2424 2425 2379
f 2244 2297 2296 2243
f 1518 1550 1551 1519
f 1189 1251 1252 1190
f 2970 3020 3021 2973
f 3772 3825 3826 3774
f 2094 2152 2153 2095
f 1827 1895 1896 1828
f 1596 1647 1648 1597
f 556 557 558 498
f 1433 1461 1462 1434
f 874 875 876 830
f 1175 1237 1238 1176
f 3288 3310 3311 3289
f 425 464 465 426
f 3331 3370 3371 3332
f 2289 2327 2328 2291
f 3349 3350 3352 3351
f 3819 3870 3871 3820
f 3303 3328 3329 3304
f 3344 3345 3348 3347
f 580 624 625 581
f 3346 3388 3389 3345
f 3017 3018 3019 2971
f 3340 3379 3380 3341
f 3309 3334 3335 3310
f 3310 3335 3336 3311
f 3351 3352 3354 3353
f 3756 3799 3800 3757
f 2442 2483 2484 2443
f 336 366 367 337
f 2182 2229 2230 2183
f 2097 2155 2156 2098
f 3285 3307 3308 3286
f 3302 3327 3328 3303
f 1572 1627 1628 1574
f 2372 2373 2375 2374
f 969 1032 1033 970
f 799 843 844 800
f 2416 2457 2458 2417
f 3286 3308 3309 3287
f 3328 3367 3368 3329
f 2284 2287 2286 2285
f 1993 2074 2075 1994
f 3222 3230 3231 3223
f 3335 3374 3375 3336
f 3320 3360 3361 3322
f 1503 1531 1530 1504
f 1825 1893 1894 1826
f 2969 2970 2973 2972
f 3372 3409 3410 3373
f 778 809 810 777
f 3070 3110 3111 3071
f 3327 3366 3367 3328
f 3304 3329 3330 3305
f 732 760 759 731
f 2404 2446 2447 2405
f 3379 3416 3417 3380
f 3874 3933 3934 3875
f 1739 1795 1796 1740
f 2822 2823 2825 2824
f 3311 3336 3337 3312
f 4090 4154 4155 4091
f 2506 2562 2563 2509
f 185 218 219 186
f 2929 2966 2967 2930
f 2528 2530 2529 2481
f 2254 2306 2307 2255
f 242 269 271 241
f 3239 3266 3267 3241
f 804 847 849 848
f 3804 3853 3854 3805
f 2921 2958 2959 2922
f 4114 4182 4183 4115
f 3333 3372 3373 3334
f 4035 4036 4038 4037
f 3095 3133 3134 3096
f 3360 3397 3398 3361
f 1799 1860 1861 1800
f 3426 3469 3470 3427
f 3403 3443 3444 3404
f 4017 4085 4086 4018
f 3373 3410 3411 3374
f 1978 1979 1982 1981
f 3367 3404 3405 3368
f 3384 3426 3427 3387
f 868 923 924 869
f 672 706 707 673
f 1626 1687 1688 1627
f 2560 2608 2609 2561
f 1715 1770 1771 1716
f 3390 3430 3431 3391
f 1764 1818 1819 1765
f 3788 3837 3838 3789
f 2586 2634 2635 2587
f 2468 2514 2515 2469
f 2342 2379 2380 2343
f 1113 1175 1176 1114
f 3397 3437 3438 3398
f 4123 4191 4192 4124
f 3058 3098 3099 3059
f 3400 3440 3441 3401
f 1391 1421 1422 1392
f 1682 1683 1684 1623
f 3428 3471 3472 3429
f 3407 3447 3448 3408
f 3350 3391 3392 3352
f 3389 3429 3430 3390
f 3392 3432 3433 3393
f 340 370 371 341
f 897 956 957 898
f 3347 3348 3350 3349
f 3906 3965 3966 3907
f 3341 3380 3381 3342
f 1850 1923 1924 1851
f 3399 3439 3440 3400
f 3368 3405 3406 3369
f 57 72 74 73
f 3522 3556 3557 3523
f 2937 2982 2983 2938
f 2624 2671 2672 2625
f 3293 3315 3316 3294
f 3899 3958 3959 3900
f 3375 3412 3413 3376
f 3312 3337 3338 3313
f 1538 1541 1540 1539
f 832 878 879 834
f 2422 2464 2466 2424
f 4049 4113 4114 4050
f 1771 1825 1826 1772
f 3414 3454 3455 3415
f 3010 3055 3056 3011
f 3168 3200 3201 3169
f 1397 1427 1428 1398
f 2548 2599 2600 2549
f 1481 1482 1484 1483
f 3468 3508 3509 3469
f 3421 3466 3467 3424
f 3438 3481 3482 3439
f 1660 1716 1717 1661
f 2904 2942 2943 2905
f 2423 2465 2464 2422
f 3883 3942 3943 3884
f 3445 3488 3489 3446
f 2328 2365 2366 2329
f 1156 1217 1218 1157
f 889 947 948 891
f 3475 3515 3516 3476
f 4041 4105 4106 4042
f 1755 1807 1809 1754
f 3454 3497 3498 3455
f 3431 3474 3475 3432
f 4170 4235 4236 4171
f 2738 2769 2771 2740
f 3498 3538 3539 3499
f 1706 1707 1709 1708
f 2712 2746 2747 2713
f 3461 3502 3504 3464
f 3446 3489 3490 3447
f 3455 3498 3499 3456
f 29 44 45 30
f 2047 2048 2050 2049
f 976 1038 1039 977
f 2510 2564 2565 2511
f 4025 4093 4094 4026
f 3453 3496 3497 3454
f 3422 3465 3466 3421
f 1652 1705 1707 1706
f 4084 4148 4149 4085
f 2719 2752 2753 2720
f 2620 2667 2668 2621
f 2961 3006 3007 2962
f 3500 3540 3541 3501
f 3429 3472 3473 3430
f 3358 3395 3396 3359
f 3479 3519 3520 3480
f 3432 3475 3476 3433
f 1292 1350 1351 1293
f 1841 1916 1917 1840
f 3515 3549 3550 3516
f 3946 4007 4008 3947
f 2824 2825 2827 2826
f 810 855 856 811
f 3931 3992 3993 3932
f 3471 3511 3512 3472
f 4265 4329 4330 4266
f 2826 2827 2829 2828
f 2524 2578 2579 2525
f 2953 2998 2999 2954
f 3938 3999 4000 3939
f 1811 1879 1880 1812
f 3478 3518 3519 3479
f 3439 3482 3483 3440
f 3916 3917 3919 3918
f 1380 1410 1411 1381
f 1857 1930 1931 1858
f 2582 2630 2629 2581
f 3404 3444 3445 3405
f 3485 3525 3526 3486
f 3510 3544 3545 3511
f 3423 3424 3425 3385
f 3488 3528 3529 3489
f 3015 3016 3018 3017
f 4183 4248 4249 4184
f 2945 2990 2991 2946
f 2248 2301 2302 2249
f 3517 3551 3552 3518
f 3915 3978 3979 3917
f 1716 1771 1772 1717
f 3520 3554 3555 3521
f 1468 1501 1502 1469
f 2874 2915 2916 2875
f 209 210 213 212
f 3555 3583 3584 3556
f 2856 2897 2898 2857
f 1787 1849 1850 1789
f 3526 3560 3561 3527
f 3511 3545 3546 3512
f 3852 3903 3904 3853
f 2607 2654 2655 2608
f 3602 3612 3611 3603
f 1674 1737 1738 1677
f 1961 2028 2029 1962
f 3533 3567 3568 3534
f 3518 3552 3553 3519
f 3535 3569 3570 3536
f 3536 3570 3571 3537
f 3226 3256 3258 3228
f 1240 1306 1307 1241
f 2662 2707 2708 2663
f 3580 3596 3598 3581
f 3525 3559 3560 3526
f 3486 3526 3527 3487
f 1730 1733 1732 1731
f 4121 4189 4190 4122
f 3493 3533 3534 3494
f 1882 1956 1957 1883
f 1692 1750 1751 1693
f 3528 3562 3563 3529
f 1604 1660 1661 1607
f 2812 2813 2815 2814
f 3443 3486 3487 3444
f 2928 2965 2966 2929
f 3437 3480 3481 3438
f 3963 4024 4025 3964
f 3559 3587 3588 3560
f 3496 3536 3537 3497
f 937 1000 1001 938
f 2102 2160 2161 2103
f 4081 4145 4146 4082
f 3301 3326 3327 3302
f 3558 3586 3587 3559
f 3551 3579 3580 3552
f 3440 3483 3484 3441
f 3620 3628 3627 3619
f 3147 3183 3184 3148
f 2989 3036 3037 2990
f 3590 3607 3608 3591
f 3519 3553 3554 3520
f 3884 3943 3944 3885
f 2946 2991 2992 2947
f 4073 4137 4138 4074
f 753 779 780 754
f 1181 1243 1244 1182
f 3947 4008 4009 3948
f 3042 3084 3085 3043
f 3584 3601 3602 3585
f 3714 3753 3754 3715
f 3627 3652 3654 3629
f 3614 3622 3623 3615
f 3616 3624 3625 3617
f 1432 1459 1460 1431
f 2992 3039 3040 2993
f 3606 3615 3616 3607
f 3868 3927 3928 3869
f 4065 4129 4130 4066
f 3041 3083 3084 3042
f 1577 1631 1632 1578
f 3566 3594 3595 3567
f 1748 1804 1805 1749
f 3640 3641 3643 3642
f 2798 2848 2849 2799
f 3636 3670 3671 3639
f 3607 3616 3617 3608
f 1684 1742 1743 1685
f 2993 3040 3041 2994
f 2475 2521 2522 2476
f 4010 4078 4079 4011
f 3631 3656 3657 3632
f 3583 3600 3601 3584
f 3651 3677 3679 3678
f 2139 2196 2197 2140
f 1732 1790 1791 1735
f 1756 1810 1811 1757
f 2985 3032 3033 2986
f 3494 3534 3535 3495
f 3624 3632 3633 3625
f 2852 2893 2895 2854
f 3072 3112 3113 3073
f 3366 3403 3404 3367
f 3592 3609 3610 3593
f 441 477 478 442
f 3581 3598 3599 3582
f 4002 4070 4071 4003
f 3646 3647 3649 3648
f 3639 3671 3672 3641
f 4146 4214 4215 4147
f 3018 3060 3061 3019
f 2705 2738 2740 2706
f 4115 4183 4184 4116
f 2010 2089 2090 2011
f 1875 1949 1950 1876
f 3932 3993 3994 3933
f 3738 3739 3741 3740
f 3548 3576 3577 3549
f 3645 3674 3675 3647
f 3702 3703 3705 3662
f 3663 3664 3666 3665
f 3680 3681 3683 3682
f 3159 3195 3196 3160
f 1576 1630 1631 1577
f 2894 2932 2931 2893
f 4089 4153 4154 4090
f 3661 3706 3707 3664
f 3615 3623 3624 3616
f 3847 3898 3899 3848
f 1553 1587 1588 1554
f 1859 1932 1933 1860
f 3527 3561 3562 3528
f 1884 1958 1959 1885
f 3699 3732 3733 3700
f 3391 3431 3432 3392
f 3654 3696 3697 3655
f 3664 3707 3708 3666
f 3082 3122 3123 3083
f 2924 2961 2962 2925
f 1754 1809 1810 1756
f 3630 3655 3656 3631
f 3103 3141 3142 3104
f 1889 1963 1964 1890
f 3136 3172 3173 3137
f 3900 3959 3960 3901
f 1900 1968 1969 1901
f 1980 2063 2064 1979
f 2836 2877 2878 2837
f 2958 3003 3004 2959
f 2049 2050 2052 2051
f 3677 3718 3719 3679
f 1946 2013 2014 1947
f 3122 3160 3161 3123
f 3696 3729 3730 3697
f 4103 4171 4172 4104
f 1905 1973 1974 1907
f 1746 1802 1803 1747
f 3724 3763 3764 3725
f 3669 3710 3711 3670
f 4019 4087 4088 4020
f 3703 3743 3744 3705
f 3672 3713 3714 3673
f 2068 2132 2133 2069
f 2988 3035 3036 2989
f 2034 2109 2110 2035
f 4050 4114 4115 4051
f 3653 3695 3694 3652
f 3688 3689 3691 3690
f 2092 2150 2151 2093
f 3146 3182 3183 3147
f 433 472 473 434
f 3001 3048 3047 3003
f 3224 3232 3233 3225
f 3589 3606 3607 3590
f 1915 1990 1991 1916
f 3679 3719 3720 3681
f 3743 3786 3787 3744
f 3030 3072 3073 3031
f 1508 1535 1537 1536
f 3608 3617 3618 3609
f 1497 1525 1526 1498
f 3717 3756 3757 3718
f 3694 3727 3729 3696
f 3074 3114 3115 3075
f 3448 3491 3492 3449
f 17 18 20 19
f 3810 3811 3814 3813
f 3755 3798 3799 3756
f 4113 4181 4182 4114
f 3773 3774 3776 3775
f 3718 3757 3758 3719
f 1812 1880 1881 1813
f 3720 3759 3760 3721
f 4001 4069 4070 4002
f 1920 1995 1996 1921
f 1842 1843 1845 1844
f 3764 3807 3808 3765
f 1899 1967 1968 1900
f 4003 4071 4072 4004
f 3727 3766 3768 3729
f 4076 4140 4141 4077
f 2300 2343 2344 2301
f 3052 3092 3093 3053
f 3110 3148 3149 3111
f 4105 4173 4174 4106
f 328 329 330 298
f 953 1014 1016 1015
f 3749 3792 3793 3750
f 3751 3794 3795 3752
f 2364 2410 2411 2365
f 1788 1848 1849 1787
f 3750 3793 3794 3751
f 4234 4298 4299 4235
f 3322 3361 3362 3323
f 3842 3893 3894 3843
f 3033 3075 3076 3034
f 3280 3302 3303 3281
f 3742 3785 3786 3743
f 3760 3803 3804 3761
f 2048 2119 2120 2050
f 4097 4164 4165 4096
f 3741 3784 3785 3742
f 3734 3737 3736 3735
f 3815 3816 3818 3817
f 3752 3795 3796 3753
f 4271 4335 4336 4272
f 3116 3154 3155 3117
f 3795 3844 3845 3796
f 3796 3845 3846 3797
f 3725 3764 3765 3726
f 3678 3679 3681 3680
f 3759 3802 3803 3760
f 3728 3767 3766 3727
f 632 670 671 633
f 945 1008 1009 946
f 3025 3067 3068 3026
f 4082 4146 4147 4083
f 898 957 958 899
f 4067 4131 4132 4068
f 3775 3776 3778 3777
f 4178 4243 4244 4179
f 2500 2548 2549 2501
f 3826 3877 3878 3827
f 3182 3205 3206 3183
f 3352 3392 3393 3354
f 1955 2022 2023 1956
f 3774 3826 3827 3776
f 3378 3415 3416 3379
f 2192 2239 2240 2193
f 3781 3830 3831 3782
f 3687 3723 3724 3689
f 4074 4138 4139 4075
f 3009 3054 3055 3010
f 3798 3847 3848 3799
f 3988 4056 4057 3989
f 3220 3228 3229 3221
f 3827 3878 3879 3828
f 3740 3741 3742 3704
f 3805 3854 3855 3806
f 4051 4115 4116 4052
f 1908 1911 1910 1909
f 3784 3833 3834 3785
f 2588 2636 2637 2589
f 1985 1986 1987 1911
f 1810 1878 1879 1811
f 2864 2905 2906 2865
f 1939 2008 2009 1941
f 3814 3867 3868 3816
f 3791 3840 3841 3792
f 3816 3868 3869 3818
f 936 999 1000 937
f 3100 3138 3139 3101
f 3270 3291 3292 3271
f 3388 3428 3429 3389
f 3821 3872 3873 3822
f 3806 3855 3856 3807
f 3823 3874 3875 3824
f 3972 4041 4042 3974
f 2660 2705 2706 2661
f 1921 1996 1997 1922
f 1866 1867 1870 1869
f 1017 1086 1085 1019
f 3861 3862 3864 3863
f 3782 3831 3832 3783
f 1828 1896 1897 1829
f 3832 3883 3884 3833
f 3466 3506 3507 3467
f 1024 1091 1092 1025
f 3779 3780 3781 3737
f 3908 3911 3910 3909
f 3789 3838 3839 3790
f 1994 2075 2076 1995
f 3839 3890 3891 3840
f 4185 4250 4251 4186
f 3733 3772 3774 3773
f 3824 3875 3876 3825
f 921 979 980 922
f 3480 3520 3521 3481
f 4099 4167 4168 4100
f 4145 4213 4214 4146
f 2758 2789 2791 2760
f 3838 3889 3890 3839
f 3792 3841 3842 3793
f 488 534 535 490
f 667 701 702 668
f 3334 3373 3374 3335
f 3876 3935 3936 3877
f 3605 3614 3615 3606
f 3918 3919 3920 3860
f 3831 3882 3883 3832
f 3736 3782 3783 3739
f 3914 3915 3917 3916
f 2512 2566 2567 2513
f 1513 1545 1546 1514
f 4137 4205 4206 4138
f 3845 3896 3897 3846
f 4083 4147 4148 4084
f 3799 3848 3849 3800
f 4020 4088 4089 4021
f 2796 2846 2847 2797
f 3356 3394 3395 3358
f 3891 3950 3951 3892
f 3560 3588 3589 3561
f 2131 2188 2189 2132
f 3870 3929 3930 3871
f 3106 3144 3145 3107
f 3912 3913 3915 3914
f 3546 3573 3575 3547
f 521 523 522 476
f 3105 3143 3144 3106
f 2089 2146 2148 2090
f 994 1061 1062 995
f 3862 3922 3923 3864
f 1876 1950 1951 1877
f 3880 3939 3940 3881
f 2884 2923 2924 2885
f 3978 4046 4047 3979
f 3406 3446 3447 3407
f 3924 3985 3986 3925
f 3885 3944 3945 3886
f 3846 3897 3898 3847
f 3871 3930 3931 3872
f 4004 4072 4073 4005
f 1552 1586 1587 1553
f 2648 2695 2696 2649
f 3895 3954 3955 3896
f 3896 3955 3956 3897
f 3065 3105 3106 3066
f 3877 3936 3937 3878
f 1940 1941 1943 1942
f 3790 3839 3840 3791
f 2948 2993 2994 2949
f 3923 3984 3985 3924
f 3853 3904 3905 3854
f 3967 3970 3969 3968
f 3888 3947 3948 3889
f 3690 3691 3693 3692
f 3412 3452 3453 3413
f 3057 3097 3098 3058
f 4138 4206 4207 4139
f 938 1001 1002 939
f 3686 3687 3689 3688
f 3903 3962 3963 3904
f 3864 3923 3924 3865
f 1120 1182 1183 1121
f 241 271 272 243
f 3470 3510 3511 3471
f 3632 3657 3658 3633
f 2011 2090 2091 2012
f 3374 3411 3412 3375
f 3879 3938 3939 3880
f 4210 4275 4276 4211
f 1872 1947 1948 1874
f 3962 4023 4024 3963
f 3049 3088 3090 3050
f 4130 4198 4199 4131
f 3973 3974 3975 3911
f 2782 2833 2834 2783
f 3863 3864 3865 3812
f 4060 4124 4125 4061
f 3084 3124 3125 3085
f 2800 2853 2852 2802
f 3955 4016 4017 3956
f 43 61 62 44
f 3933 3994 3995 3934
f 1606 1607 1609 1608
f 3695 3728 3727 3694
f 3920 3981 3982 3921
f 3730 3769 3770 3731
f 3484 3524 3525 3485
f 1874 1948 1949 1875
f 465 514 515 466
f 1987 2068 2069 1988
f 52 53 55 54
f 3927 3988 3989 3928
f 3944 4005 4006 3945
f 3156 3192 3193 3157
f 1025 1092 1093 1026
f 3550 3578 3579 3551
f 3712 3751 3752 3713
f 1938 1939 1941 1940
f 2009 2088 2089 2010
f 2076 2140 2141 2077
f 2152 2202 2203 2153
f 3867 3926 3927 3868
f 3949 4010 4011 3950
f 3396 3436 3437 3397
f 3260 3281 3282 3261
f 3980 4048 4049 3981
f 3902 3961 3962 3903
f 3234 3235 3237 3236
f 4044 4108 4109 4045
f 3794 3843 3844 3795
f 1953 2020 2021 1954
f 3073 3113 3114 3074
f 4177 4242 4243 4178
f 3941 4002 4003 3942
f 3297 3323 3324 3299
f 4031 4032 4034 4033
f 3960 4021 4022 3961
f 1768 1822 1823 1769
f 3556 3584 3585 3557
f 3638 3639 3641 3640
f 3776 3827 3828 3778
f 3917 3979 3980 3919
f 4163 4228 4229 4164
f 3959 4020 4021 3960
f 3952 4013 4014 3953
f 2708 2742 2743 2709
f 217 248 249 218
f 1537 1565 1567 1566
f 4153 4221 4222 4154
f 3909 3910 3913 3912
f 3958 4019 4020 3959
f 3935 3996 3997 3936
f 3928 3989 3990 3929
f 41 59 58 40
f 4034 4100 4101 4036
f 4011 4079 4080 4012
f 4012 4080 4081 4013
f 2075 2139 2140 2076
f 3990 4058 4059 3991
f 3138 3174 3175 3139
f 3872 3931 3932 3873
f 2690 2729 2730 2691
f 3096 3134 3135 3097
f 1922 1997 1998 1923
f 4169 4234 4235 4170
f 3981 4049 4050 3982
f 4147 4215 4216 4148
f 2044 2045 2048 2047
f 3744 3787 3788 3745
f 3444 3487 3488 3445
f 3628 3653 3652 3627
f 3670 3711 3712 3671
f 3848 3899 3900 3849
f 4005 4073 4074 4006
f 4006 4074 4075 4007
f 3991 4059 4060 3992
f 3456 3499 3500 3457
f 2816 2817 2819 2818
f 4015 4083 4084 4016
f 4230 4294 4295 4231
f 2035 2110 2111 2036
f 4204 4269 4270 4205
f 1049 1050 1052 1051
f 4161 4227 4226 4160
f 3998 4066 4067 3999
f 1956 2023 2024 1957
f 4306 4361 4362 4307
f 3516 3550 3551 3517
f 4106 4174 4175 4107
f 3097 3135 3136 3098
f 4052 4116 4117 4053
f 4021 4089 4090 4022
f 3974 4042 4043 3975
f 4095 4097 4096 4030
f 4032 4099 4100 4034
f 3930 3991 3992 3931
f 3248 3271 3272 3251
f 4059 4123 4124 4060
f 4202 4267 4268 4203
f 4013 4081 4082 4014
f 3910 3976 3977 3913
f 4023 4091 4092 4024
f 21 32 33 22
f 2376 2422 2424 2378
f 3708 3747 3748 3709
f 3089 3127 3126 3088
f 3968 3969 3972 3971
f 3989 4057 4058 3990
f 4195 4260 4261 4196
f 3999 4067 4068 4000
f 4000 4068 4069 4001
f 3064 3104 3105 3065
f 529 584 585 530
f 3766 3820 3821 3768
f 4194 4259 4260 4195
f 978 1040 1041 979
f 4038 4102 4103 4039
f 3943 4004 4005 3944
f 4250 4314 4315 4251
f 3652 3694 3696 3654
f 4162 4163 4164 4097
f 3081 3121 3122 3082
f 3964 4025 4026 3965
f 2115 2173 2174 2116
f 4062 4126 4127 4063
f 2012 2091 2092 2013
f 4124 4192 4193 4125
f 3994 4062 4063 3995
f 3376 3413 3414 3377
f 4091 4155 4156 4092
f 3424 3467 3468 3425
f 4053 4117 4118 4054
f 4179 4244 4245 4180
f 4055 4119 4120 4056
f 4056 4120 4121 4057
f 3748 3791 3792 3749
f 3780 3829 3830 3781
f 1986 2067 2068 1987
f 3984 4052 4053 3985
f 4078 4142 4143 4079
f 4079 4143 4144 4080
f 1969 2034 2035 1970
f 3336 3375 3376 3337
f 4080 4144 4145 4081
f 3676 3717 3718 3677
f 3830 3881 3882 3831
f 2025 2104 2105 2026
f 4077 4141 4142 4078
f 4070 4134 4135 4071
f 1988 2069 2070 1989
f 4108 4176 4177 4109
f 3812 3865 3866 3811
f 2057 2058 2060 2059
f 1970 2035 2036 1971
f 4116 4184 4185 4117
f 2099 2157 2158 2100
f 4046 4110 4111 4047
f 4159 4160 4163 4162
f 4096 4165 4166 4098
f 4066 4130 4131 4067
f 2288 2289 2291 2290
f 3987 4055 4056 3988
f 4257 4321 4322 4258
f 4101 4169 4170 4102
f 2074 2138 2139 2075
f 4087 4151 4152 4088
f 4088 4152 4153 4089
f 2944 2989 2990 2945
f 97 111 112 98
f 3382 3385 3384 3383
f 4048 4112 4113 4049
f 4085 4149 4150 4086
f 4227 4291 4290 4226
f 4063 4127 4128 4064
f 4064 4128 4129 4065
f 51 69 70 53
f 4154 4222 4223 4155
f 3723 3762 3763 3724
f 4209 4274 4275 4210
f 4061 4125 4126 4062
f 4102 4170 4171 4103
f 3210 3218 3220 3212
f 4008 4076 4077 4009
f 3940 4001 4002 3941
f 3656 3698 3699 3657
f 1514 1546 1547 1515
f 4148 4216 4217 4149
f 3997 4065 4066 3998
f 4211 4276 4277 4212
f 2060 2125 2126 2062
f 4156 4224 4225 4157
f 4122 4190 4191 4123
f 3892 3951 3952 3893
f 4155 4223 4224 4156
f 4201 4266 4267 4202
f 3869 3928 3929 3870
f 4219 4284 4285 4220
f 4119 4187 4188 4120
f 4120 4188 4189 4121
f 4186 4251 4252 4187
f 993 1060 1061 994
f 3225 3233 3235 3234
f 4112 4180 4181 4113
f 3904 3963 3964 3905
f 4144 4212 4213 4145
f 916 972 974 915
f 4193 4258 4259 4194
f 3613 3621 3622 3614
f 4134 4202 4203 4135
f 4143 4211 4212 4144
f 4140 4208 4209 4141
f 4068 4132 4133 4069
f 4242 4306 4307 4243
f 3129 3165 3166 3130
f 4180 4245 4246 4181
f 2299 2342 2343 2300
f 4110 4178 4179 4111
f 2036 2111 2112 2037
f 4160 4226 4228 4163
f 3800 3849 3850 3801
f 4028 4029 4032 4031
f 4187 4252 4253 4188
f 4274 4338 4339 4275
f 1066 1129 1130 1067
f 4054 4118 4119 4055
f 4167 4232 4233 4168
f 4152 4220 4221 4153
f 3512 3546 3547 3513
f 1959 2026 2027 1960
f 1753 1755 1754 1698
f 4176 4241 4242 4177
f 4173 4238 4239 4174
f 3926 3987 3988 3927
f 4151 4219 4220 4152
f 4128 4196 4197 4129
f 4168 4233 4234 4169
f 4218 4283 4284 4219
f 4022 4090 4091 4023
f 4266 4330 4331 4267
f 2467 2513 2514 2468
f 4166 4231 4232 4167
f 4127 4195 4196 4128
f 4282 4346 4347 4283
f 4196 4261 4262 4197
f 3936 3997 3998 3937
f 1609 1662 1663 1611
f 4092 4156 4157 4093
f 4133 4201 4202 4134
f 36 50 51 38
f 4071 4135 4136 4072
f 4188 4253 4254 4189
f 4258 4322 4323 4259
f 4036 4101 4102 4038
f 1614 1615 1617 1616
f 4220 4285 4286 4221
f 1010 1077 1078 1011
f 2170 2219 2220 2171
f 3951 4012 4013 3952
f 4184 4249 4250 4185
f 4249 4313 4314 4250
f 2001 2082 2083 2002
f 4126 4194 4195 4127
f 4256 4320 4321 4257
f 2211 2249 2250 2212
f 4206 4271 4272 4207
f 3735 3736 3739 3738
f 4158 4161 4160 4159
f 4212 4277 4278 4213
f 4197 4262 4263 4198
f 4226 4290 4292 4228
f 3111 3149 3150 3112
f 4208 4273 4274 4209
f 4268 4332 4333 4269
f 3956 4017 4018 3957
f 2058 2124 2125 2060
f 4314 4369 4370 4315
f 4221 4286 4287 4222
f 4198 4263 4264 4199
f 1943 2010 2011 1944
f 4172 4237 4238 4173
f 4370 4394 4395 4371
f 2017 2096 2097 2018
f 2370 2416 2417 2371
f 4228 4292 4293 4229
f 2179 2226 2227 2180
f 4174 4239 4240 4175
f 2692 2731 2732 2693
f 4232 4296 4297 4233
f 4362 4386 4387 4363
f 4100 4168 4169 4101
f 3137 3173 3174 3138
f 4260 4324 4325 4261
f 4237 4301 4302 4238
f 2114 2172 2173 2115
f 2388 2432 2433 2390
f 4216 4281 4282 4217
f 4072 4136 4137 4073
f 457 508 509 459
f 4150 4218 4219 4151
f 4264 4328 4329 4265
f 4229 4293 4294 4230
f 4299 4354 4355 4300
f 4199 4264 4265 4200
f 4192 4257 4258 4193
f 3844 3895 3896 3845
f 4298 4353 4354 4299
f 1569 1597 1599 1598
f 4241 4305 4306 4242
f 4205 4270 4271 4206
f 4238 4302 4303 4239
f 3873 3932 3933 3874
f 4136 4204 4205 4137
f 33 48 49 34
f 4200 4265 4266 4201
f 4283 4347 4348 4284
f 19 20 21 10
f 4141 4209 4210 4142
f 4262 4326 4327 4263
f 2140 2197 2198 2141
f 4016 4084 4085 4017
f 89 102 103 90
f 4164 4229 4230 4165
f 2106 2164 2166 2108
f 4275 4339 4340 4276
f 4255 4319 4320 4256
f 4280 4344 4345 4281
f 4353 4376 4378 4354
f 1009 1076 1077 1010
f 4222 4287 4288 4223
f 4252 4316 4317 4253
f 2243 2296 2298 2245
f 4278 4342 4343 4279
f 4279 4343 4344 4280
f 4024 4092 4093 4025
f 237 266 267 238
f 27 40 42 26
f 3185 3208 3209 3186
f 4276 4340 4341 4277
f 4261 4325 4326 4262
f 4270 4334 4335 4271
f 2124 2181 2182 2125
f 3464 3504 3505 3465
f 155 158 157 156
f 4354 4378 4379 4355
f 4355 4379 4380 4356
f 4386 4401 4402 4387
f 4301 4356 4357 4302
f 4246 4310 4311 4247
f 4303 4358 4359 4304
f 2336 2370 2371 2338
f 481 529 530 482
f 2065 2129 2130 2066
f 3153 3189 3190 3154
f 4308 4363 4364 4309
f 2227 2262 2264 2228
f 4182 4247 4248 4183
f 4295 4349 4351 4296
f 2344 2381 2382 2345
f 66 83 84 67
f 4248 4312 4313 4249
f 4302 4357 4358 4303
f 4300 4355 4356 4301
f 4317 4372 4373 4318
f 4363 4387 4388 4364
f 4263 4327 4328 4264
f 4030 4096 4098 4029
f 421 422 425 424
f 2033 2108 2109 2034
f 4309 4364 4365 4310
f 4310 4365 4366 4311
f 4207 4272 4273 4208
f 1001 1068 1069 1002
f 219 250 251 220
f 11 14 13 12
f 3145 3181 3182 3146
f 13 28 29 16
f 4269 4333 4334 4270
f 4366 4390 4391 4367
f 4384 4399 4400 4385
