# exported by blender_batch_chars_to_s.py fallback
v 0.773949 -0.041260 0.000000
v 0.780005 -0.040316 0.000000
v 0.780036 -0.048123 0.043354
v 0.771009 -0.048696 0.000000
v 0.786122 -0.041237 0.000000
v 0.789535 -0.048554 0.000000
v 0.764745 -0.052189 0.000000
v 0.770535 -0.059379 0.043018
v 0.763952 -0.059375 0.000000
v 0.780035 -0.059408 0.069404
v 0.789969 -0.059472 0.069171
v 0.799899 -0.051255 0.000000
v 0.799992 -0.059818 0.067046
v 0.809372 -0.051915 0.000000
v 0.809924 -0.059928 0.056143
v 0.816035 -0.053076 0.000000
v 0.819530 -0.060424 0.000000
v 0.771017 -0.070137 0.000000
v 0.764745 -0.066567 0.000000
v 0.780134 -0.071093 0.057296
v 0.790008 -0.071218 0.077738
v 0.800001 -0.071275 0.084408
v 0.809996 -0.071287 0.082059
v 0.819967 -0.071348 0.072432
v 0.829954 -0.063109 0.000000
v 0.829997 -0.071691 0.070089
v 0.839940 -0.063584 0.000000
v 0.839995 -0.071751 0.067794
v 0.849374 -0.063834 0.000000
v 0.849922 -0.071807 0.056461
v 0.856032 -0.064955 0.000000
v 0.859486 -0.072316 0.000000
v 0.780945 -0.081926 0.000000
v 0.774079 -0.078282 0.000000
v 0.790112 -0.082618 0.055753
v 0.800038 -0.083029 0.069884
v 0.810005 -0.083117 0.082567
v 0.819999 -0.083129 0.089118
v 0.830000 -0.083154 0.091953
v 0.840000 -0.083158 0.091704
v 0.849996 -0.083162 0.085074
v 0.859962 -0.083226 0.071027
v 0.869326 -0.075211 0.000000
v 0.869888 -0.083632 0.056310
v 0.875966 -0.076783 0.000000
v 0.879055 -0.084324 0.000000
v 0.790674 -0.091043 0.000000
v 0.784034 -0.089467 0.000000
v 0.800516 -0.094013 0.000000
v 0.810099 -0.094856 0.059453
v 0.820009 -0.094989 0.082556
v 0.830000 -0.095001 0.093852
v 0.840000 -0.095001 0.098642
v 0.850000 -0.095001 0.097575
v 0.859999 -0.095005 0.092776
v 0.869991 -0.095037 0.082861
v 0.879869 -0.095159 0.059224
v 0.885926 -0.087969 0.000000
v 0.889053 -0.096125 0.000000
v 0.810944 -0.105751 0.000000
v 0.804012 -0.102059 0.000000
v 0.820131 -0.106720 0.059208
v 0.830009 -0.106865 0.083252
v 0.840000 -0.106875 0.095376
v 0.850000 -0.106875 0.100442
v 0.860000 -0.106875 0.100878
v 0.870000 -0.106876 0.095722
v 0.879990 -0.106887 0.083472
v 0.889869 -0.107030 0.059278
v 0.895926 -0.099838 0.000000
v 0.899053 -0.108000 0.000000
v 0.820946 -0.117629 0.000000
v 0.814074 -0.113912 0.000000
v 0.830121 -0.118634 0.059682
v 0.840007 -0.118744 0.085239
v 0.850000 -0.118750 0.097206
v 0.860000 -0.118750 0.102750
v 0.870000 -0.118750 0.102325
v 0.880000 -0.118750 0.096018
v 0.889990 -0.118762 0.083457
v 0.899866 -0.118905 0.059141
v 0.905921 -0.111713 0.000000
v 0.908986 -0.119872 0.000000
v 0.830817 -0.130064 0.000000
v 0.824054 -0.125865 0.000000
v 0.840079 -0.130586 0.071533
v 0.850004 -0.130624 0.092870
v 0.860000 -0.130625 0.102713
v 0.870000 -0.130625 0.106458
v 0.880000 -0.130625 0.103238
v 0.889999 -0.130625 0.095716
v 0.899966 -0.130636 0.082214
v 0.909521 -0.130754 0.055375
v 0.915282 -0.123536 0.000000
v 0.916242 -0.131374 0.000000
v 0.463968 -0.136205 0.000000
v 0.470623 -0.135087 0.000000
v 0.470078 -0.143058 0.056255
v 0.460514 -0.143566 0.000000
v 0.480000 -0.134902 0.000000
v 0.480000 -0.143008 0.065492
v 0.489377 -0.135087 0.000000
v 0.489924 -0.143057 0.056301
v 0.496035 -0.136204 0.000000
v 0.499530 -0.143550 0.000000
v 0.840371 -0.142497 0.068190
v 0.833140 -0.142448 0.000000
v 0.850025 -0.142500 0.091777
v 0.860001 -0.142500 0.102844
v 0.870000 -0.142500 0.108621
v 0.880000 -0.142500 0.107578
v 0.889999 -0.142500 0.101252
v 0.899972 -0.142500 0.090034
v 0.909574 -0.142507 0.065892
v 0.916417 -0.142569 0.000000
v 0.443968 -0.148010 0.000000
v 0.450669 -0.146459 0.000000
v 0.450079 -0.154870 0.056918
v 0.440470 -0.155420 0.000000
v 0.460037 -0.154476 0.071101
v 0.470004 -0.154412 0.085069
v 0.480000 -0.154408 0.090547
v 0.489996 -0.154412 0.085323
v 0.499967 -0.154473 0.073575
v 0.509956 -0.146233 0.000000
v 0.509997 -0.154816 0.070720
v 0.519995 -0.146688 0.000000
v 0.520000 -0.154873 0.070108
v 0.529942 -0.146753 0.000000
v 0.529994 -0.154880 0.067805
v 0.539369 -0.146963 0.000000
v 0.539891 -0.154944 0.055920
v 0.545970 -0.148102 0.000000
v 0.549059 -0.155578 0.000000
v 0.840420 -0.154375 0.067614
v 0.833527 -0.154369 0.000000
v 0.850027 -0.154375 0.091503
v 0.860001 -0.154375 0.102718
v 0.870000 -0.154375 0.109011
v 0.880000 -0.154375 0.109015
v 0.889999 -0.154375 0.102707
v 0.899973 -0.154375 0.091489
v 0.909577 -0.154375 0.067583
v 0.916434 -0.154378 0.000000
v 0.344036 -0.159975 0.000000
v 0.350631 -0.158838 0.000000
v 0.350113 -0.166814 0.052657
v 0.341014 -0.167418 0.000000
v 0.360058 -0.158630 0.000000
v 0.360006 -0.166754 0.065513
v 0.370003 -0.158610 0.000000
v 0.370000 -0.166751 0.068845
v 0.380000 -0.158609 0.000000
v 0.380000 -0.166752 0.069458
v 0.390000 -0.158609 0.000000
v 0.390000 -0.166752 0.069768
v 0.400000 -0.158608 0.000000
v 0.400000 -0.166752 0.070013
v 0.410000 -0.158606 0.000000
v 0.410000 -0.166752 0.070217
v 0.420002 -0.158562 0.000000
v 0.420000 -0.166748 0.070338
v 0.430043 -0.158108 0.000000
v 0.430003 -0.166691 0.070732
v 0.440033 -0.166348 0.073595
v 0.450004 -0.166284 0.085661
v 0.460001 -0.166255 0.093557
v 0.470000 -0.166251 0.099265
v 0.480000 -0.166251 0.102180
v 0.490000 -0.166251 0.099741
v 0.499999 -0.166255 0.096293
v 0.510000 -0.166279 0.095422
v 0.520000 -0.166282 0.094884
v 0.530000 -0.166283 0.092284
v 0.539992 -0.166289 0.082870
v 0.549902 -0.166397 0.059826
v 0.555991 -0.159195 0.000000
v 0.559527 -0.167219 0.000000
v 0.593878 -0.159987 0.000000
v 0.599995 -0.159066 0.000000
v 0.599964 -0.166873 0.044125
v 0.590463 -0.167302 0.000000
v 0.606051 -0.160010 0.000000
v 0.608994 -0.167455 0.000000
v 0.840425 -0.166244 0.065915
v 0.833582 -0.166181 0.000000
v 0.850028 -0.166250 0.090185
v 0.860001 -0.166250 0.101454
v 0.870000 -0.166250 0.107913
v 0.880000 -0.166250 0.108963
v 0.889999 -0.166250 0.102874
v 0.899973 -0.166250 0.091644
v 0.909577 -0.166250 0.067723
v 0.916435 -0.166250 0.000000
v 0.334745 -0.170929 0.000000
v 0.340517 -0.177776 0.040649
v 0.333949 -0.178026 0.000000
v 0.350068 -0.178064 0.062308
v 0.360005 -0.178121 0.078758
v 0.370000 -0.178128 0.085721
v 0.380001 -0.178155 0.087891
v 0.390000 -0.178157 0.090597
v 0.400000 -0.178158 0.092653
v 0.410000 -0.178158 0.094223
v 0.420000 -0.178157 0.095043
v 0.430000 -0.178154 0.095393
v 0.440001 -0.178130 0.096273
v 0.450000 -0.178126 0.099956
v 0.460000 -0.178125 0.104279
v 0.470000 -0.178125 0.108224
v 0.480000 -0.178125 0.110534
v 0.490000 -0.178125 0.109343
v 0.500000 -0.178125 0.108080
v 0.510000 -0.178126 0.107627
v 0.520000 -0.178126 0.106592
v 0.530000 -0.178126 0.103072
v 0.540000 -0.178126 0.096473
v 0.549995 -0.178134 0.086257
v 0.559967 -0.178219 0.073653
v 0.569959 -0.169933 0.000000
v 0.569997 -0.178561 0.070757
v 0.580041 -0.169937 0.000000
v 0.580003 -0.178562 0.070646
v 0.590032 -0.178223 0.072299
v 0.599971 -0.178168 0.076260
v 0.609522 -0.178258 0.054664
v 0.615283 -0.171042 0.000000
v 0.616244 -0.178875 0.000000
v 0.840469 -0.178035 0.055794
v 0.833756 -0.177381 0.000000
v 0.850031 -0.178120 0.084054
v 0.860001 -0.178125 0.097448
v 0.870000 -0.178125 0.105216
v 0.880000 -0.178125 0.108237
v 0.889999 -0.178125 0.102787
v 0.899973 -0.178125 0.091646
v 0.909577 -0.178125 0.067729
v 0.916435 -0.178125 0.000000
v 0.340767 -0.186055 0.000000
v 0.334707 -0.184620 0.000000
v 0.350518 -0.188936 0.000000
v 0.360078 -0.189448 0.055823
v 0.370007 -0.189561 0.067524
v 0.380022 -0.189946 0.072883
v 0.390002 -0.189998 0.086708
v 0.400000 -0.190001 0.096006
v 0.410000 -0.190001 0.102102
v 0.420000 -0.190001 0.105525
v 0.430000 -0.190001 0.106956
v 0.440000 -0.190000 0.107542
v 0.450000 -0.190000 0.108925
v 0.460000 -0.190000 0.111455
v 0.470000 -0.190000 0.114551
v 0.480000 -0.190000 0.116885
v 0.490000 -0.190000 0.116938
v 0.500000 -0.190000 0.116709
v 0.510000 -0.190000 0.116348
v 0.520000 -0.190000 0.114584
v 0.530000 -0.190000 0.110252
v 0.540000 -0.190000 0.105003
v 0.550000 -0.190000 0.100103
v 0.559999 -0.190004 0.096315
v 0.570000 -0.190029 0.095404
v 0.580000 -0.190029 0.094923
v 0.590000 -0.190005 0.093432
v 0.599973 -0.190001 0.088209
v 0.609578 -0.190008 0.065714
v 0.616455 -0.190072 0.000000
v 0.840884 -0.189441 0.000000
v 0.834698 -0.185291 0.000000
v 0.850083 -0.189961 0.071400
v 0.860004 -0.189999 0.092924
v 0.870000 -0.190000 0.103259
v 0.880000 -0.190000 0.107767
v 0.889999 -0.190000 0.102729
v 0.899973 -0.190000 0.091642
v 0.909577 -0.190000 0.067729
v 0.916435 -0.190000 0.000000
v 0.360628 -0.197463 0.000000
v 0.353969 -0.196298 0.000000
v 0.370087 -0.198176 0.000000
v 0.380317 -0.201468 0.000000
v 0.390043 -0.201848 0.072034
v 0.400002 -0.201874 0.092729
v 0.410000 -0.201875 0.102799
v 0.420000 -0.201875 0.108710
v 0.430000 -0.201875 0.111796
v 0.440000 -0.201875 0.112661
v 0.450000 -0.201875 0.113097
v 0.460000 -0.201875 0.113937
v 0.470000 -0.201875 0.115588
v 0.480000 -0.201875 0.117947
v 0.490000 -0.201875 0.120147
v 0.500000 -0.201875 0.121803
v 0.510000 -0.201875 0.122233
v 0.520000 -0.201875 0.120592
v 0.530000 -0.201875 0.116685
v 0.540000 -0.201875 0.112662
v 0.550000 -0.201875 0.109664
v 0.560000 -0.201875 0.108065
v 0.570000 -0.201876 0.107272
v 0.580000 -0.201876 0.105409
v 0.589999 -0.201875 0.100823
v 0.599975 -0.201875 0.091241
v 0.609629 -0.201879 0.068006
v 0.616856 -0.201930 0.000000
v 0.850371 -0.201872 0.068188
v 0.843143 -0.201823 0.000000
v 0.860025 -0.201875 0.091783
v 0.870001 -0.201875 0.102779
v 0.880000 -0.201875 0.107665
v 0.889999 -0.201875 0.102719
v 0.899973 -0.201875 0.091642
v 0.909577 -0.201875 0.067729
v 0.916435 -0.201875 0.000000
v 0.390316 -0.213750 0.068338
v 0.382676 -0.213764 0.000000
v 0.400022 -0.213749 0.091068
v 0.410001 -0.213749 0.100739
v 0.420000 -0.213749 0.105232
v 0.430000 -0.213749 0.106883
v 0.440000 -0.213749 0.107211
v 0.450000 -0.213749 0.107317
v 0.460000 -0.213750 0.107737
v 0.470000 -0.213750 0.109371
v 0.480000 -0.213750 0.112338
v 0.490000 -0.213750 0.115866
v 0.500000 -0.213750 0.119086
v 0.510000 -0.213750 0.121856
v 0.520000 -0.213750 0.123397
v 0.530000 -0.213750 0.121928
v 0.540000 -0.213750 0.119579
v 0.550000 -0.213750 0.117773
v 0.560000 -0.213750 0.116595
v 0.570000 -0.213750 0.114652
v 0.580000 -0.213750 0.110258
v 0.590000 -0.213750 0.103389
v 0.599996 -0.213751 0.092905
v 0.609918 -0.213789 0.071400
v 0.619120 -0.214309 0.000000
v 0.850420 -0.213750 0.067759
v 0.843526 -0.213747 0.000000
v 0.860027 -0.213750 0.091650
v 0.870001 -0.213750 0.102721
v 0.880000 -0.213750 0.107653
v 0.889999 -0.213750 0.102718
v 0.899973 -0.213750 0.091642
v 0.909577 -0.213750 0.067729
v 0.916435 -0.213750 0.000000
v 0.390080 -0.225631 0.067620
v 0.380855 -0.226145 0.000000
v 0.400004 -0.225594 0.086684
v 0.410000 -0.225592 0.093001
v 0.420000 -0.225592 0.094864
v 0.430000 -0.225592 0.095283
v 0.440000 -0.225593 0.095341
v 0.450000 -0.225596 0.095438
v 0.460001 -0.225620 0.096288
v 0.470000 -0.225624 0.100000
v 0.480000 -0.225625 0.104394
v 0.490000 -0.225625 0.108598
v 0.500000 -0.225625 0.112484
v 0.510000 -0.225625 0.116670
v 0.520000 -0.225625 0.120610
v 0.530000 -0.225625 0.122409
v 0.540000 -0.225625 0.122702
v 0.550000 -0.225625 0.122651
v 0.560000 -0.225625 0.121966
v 0.570000 -0.225625 0.118774
v 0.580000 -0.225625 0.113067
v 0.590000 -0.225625 0.106037
v 0.599999 -0.225625 0.097578
v 0.609972 -0.225630 0.084195
v 0.619586 -0.225718 0.056305
v 0.625363 -0.218461 0.000000
v 0.626711 -0.226405 0.000000
v 0.850423 -0.225625 0.067724
v 0.843563 -0.225625 0.000000
v 0.860027 -0.225625 0.091632
v 0.870001 -0.225625 0.102701
v 0.880000 -0.225625 0.107621
v 0.889999 -0.225625 0.102711
v 0.899973 -0.225625 0.091641
v 0.909577 -0.225625 0.067729
v 0.916435 -0.225625 0.000000
v 0.374723 -0.230220 0.000000
v 0.380503 -0.237047 0.040733
v 0.373947 -0.237388 0.000000
v 0.390034 -0.237000 0.061482
v 0.400001 -0.236998 0.068276
v 0.410000 -0.236998 0.069936
v 0.420000 -0.236998 0.070284
v 0.430000 -0.236998 0.070336
v 0.440000 -0.237002 0.070364
v 0.450003 -0.237059 0.070735
v 0.460033 -0.237402 0.073596
v 0.470004 -0.237466 0.085664
v 0.480001 -0.237495 0.093587
v 0.490000 -0.237500 0.099629
v 0.500000 -0.237500 0.104954
v 0.510000 -0.237500 0.110251
v 0.520000 -0.237500 0.114610
v 0.530000 -0.237500 0.116571
v 0.540000 -0.237500 0.117757
v 0.550000 -0.237500 0.119442
v 0.560000 -0.237500 0.120905
v 0.570000 -0.237500 0.119589
v 0.580000 -0.237500 0.115341
v 0.590000 -0.237500 0.109398
v 0.600000 -0.237500 0.102042
v 0.609997 -0.237501 0.091419
v 0.619950 -0.237533 0.070170
v 0.629595 -0.237976 0.000000
v 0.850423 -0.237500 0.067583
v 0.843566 -0.237497 0.000000
v 0.860027 -0.237500 0.091480
v 0.870001 -0.237500 0.102503
v 0.880000 -0.237500 0.107363
v 0.889999 -0.237500 0.102643
v 0.899973 -0.237500 0.091634
v 0.909577 -0.237500 0.067728
v 0.916435 -0.237500 0.000000
v 0.380724 -0.244926 0.000000
v 0.374704 -0.243926 0.000000
v 0.390064 -0.245120 0.000000
v 0.400003 -0.245140 0.000000
v 0.410000 -0.245141 0.000000
v 0.420000 -0.245142 0.000000
v 0.430000 -0.245144 0.000000
v 0.440002 -0.245188 0.000000
v 0.450043 -0.245642 0.000000
v 0.460470 -0.248330 0.000000
v 0.470079 -0.248880 0.056921
v 0.480037 -0.249278 0.071178
v 0.490005 -0.249366 0.086003
v 0.500000 -0.249374 0.096458
v 0.510000 -0.249374 0.103074
v 0.520000 -0.249374 0.106630
v 0.530000 -0.249375 0.107967
v 0.540000 -0.249375 0.109633
v 0.550000 -0.249375 0.112399
v 0.560000 -0.249375 0.115104
v 0.570000 -0.249375 0.115688
v 0.580000 -0.249375 0.114381
v 0.590000 -0.249375 0.110458
v 0.600000 -0.249375 0.104296
v 0.610000 -0.249375 0.096670
v 0.619996 -0.249378 0.086321
v 0.629947 -0.249433 0.069726
v 0.639249 -0.241404 0.000000
v 0.639540 -0.249852 0.052229
v 0.645322 -0.242979 0.000000
v 0.646244 -0.250220 0.000000
v 0.850425 -0.249369 0.065914
v 0.843584 -0.249306 0.000000
v 0.860027 -0.249375 0.090169
v 0.870001 -0.249375 0.101228
v 0.880000 -0.249375 0.106161
v 0.889999 -0.249375 0.102291
v 0.899973 -0.249375 0.091580
v 0.909577 -0.249375 0.067719
v 0.916435 -0.249375 0.000000
v 0.470669 -0.257295 0.000000
v 0.463968 -0.255740 0.000000
v 0.480516 -0.260263 0.000000
v 0.490099 -0.261102 0.059780
v 0.500008 -0.261211 0.082869
v 0.510000 -0.261217 0.092289
v 0.520000 -0.261221 0.094975
v 0.530001 -0.261245 0.096266
v 0.540000 -0.261249 0.099980
v 0.550000 -0.261249 0.104058
v 0.560000 -0.261249 0.106802
v 0.570000 -0.261250 0.107759
v 0.580000 -0.261250 0.108231
v 0.590000 -0.261250 0.106701
v 0.600000 -0.261250 0.102448
v 0.610000 -0.261249 0.096888
v 0.619998 -0.261246 0.090581
v 0.629972 -0.261224 0.082467
v 0.639573 -0.261247 0.062881
v 0.646398 -0.261250 0.000000
v 0.850468 -0.261160 0.055797
v 0.843757 -0.260506 0.000000
v 0.860031 -0.261245 0.084039
v 0.870001 -0.261250 0.097219
v 0.880000 -0.261250 0.103426
v 0.889999 -0.261250 0.101399
v 0.899973 -0.261250 0.091331
v 0.909577 -0.261250 0.067572
v 0.916434 -0.261247 0.000000
v 1.123965 -0.254954 0.000000
v 1.130623 -0.253837 0.000000
v 1.130075 -0.261807 0.054948
v 1.120473 -0.262300 0.000000
v 1.139994 -0.253652 0.000000
v 1.139971 -0.261752 0.059142
v 1.149279 -0.253825 0.000000
v 1.149496 -0.261701 0.040500
v 1.155297 -0.254824 0.000000
v 1.156053 -0.261362 0.000000
v 0.490941 -0.271922 0.000000
v 0.484012 -0.268303 0.000000
v 0.500109 -0.272557 0.055921
v 0.510006 -0.272624 0.067829
v 0.520003 -0.272684 0.070479
v 0.530033 -0.273027 0.073577
v 0.540004 -0.273088 0.085569
v 0.550000 -0.273092 0.092649
v 0.560000 -0.273096 0.095000
v 0.570001 -0.273120 0.096109
v 0.580000 -0.273124 0.098664
v 0.590000 -0.273124 0.098157
v 0.599999 -0.273120 0.093211
v 0.609996 -0.273091 0.085260
v 0.619966 -0.273027 0.072624
v 0.629967 -0.272682 0.066535
v 0.639542 -0.272587 0.051835
v 0.646244 -0.272273 0.000000
v 0.850855 -0.272568 0.000000
v 0.844696 -0.268416 0.000000
v 0.860080 -0.273086 0.071412
v 0.870004 -0.273124 0.092676
v 0.880000 -0.273125 0.101226
v 0.889999 -0.273125 0.099967
v 0.899972 -0.273125 0.090004
v 0.909575 -0.273119 0.065902
v 0.916417 -0.273056 0.000000
v 1.093965 -0.266826 0.000000
v 1.100629 -0.265665 0.000000
v 1.100076 -0.273678 0.056528
v 1.090471 -0.274174 0.000000
v 1.110101 -0.265005 0.000000
v 1.110008 -0.273569 0.068053
v 1.120033 -0.273223 0.071922
v 1.130000 -0.273160 0.078213
v 1.139915 -0.273114 0.064474
v 1.149100 -0.272552 0.000000
v 1.155273 -0.268526 0.000000
v 0.500631 -0.280540 0.000000
v 0.494030 -0.279398 0.000000
v 0.510060 -0.280791 0.000000
v 0.520046 -0.281266 0.000000
v 0.530470 -0.283950 0.000000
v 0.540076 -0.284443 0.056523
v 0.550005 -0.284499 0.067880
v 0.560003 -0.284559 0.070467
v 0.570033 -0.284902 0.073356
v 0.580004 -0.284963 0.083667
v 0.589996 -0.284963 0.083422
v 0.599963 -0.284899 0.070883
v 0.609921 -0.284505 0.056876
v 0.619527 -0.283954 0.000000
v 0.629893 -0.281246 0.000000
v 0.639277 -0.280587 0.000000
v 0.645324 -0.279451 0.000000
v 0.860319 -0.285000 0.068620
v 0.852723 -0.285000 0.000000
v 0.870022 -0.285000 0.091531
v 0.880001 -0.285000 0.099846
v 0.889999 -0.285000 0.096492
v 0.899969 -0.284995 0.083960
v 0.909532 -0.284910 0.055793
v 0.916244 -0.284256 0.000000
v 1.043965 -0.278704 0.000000
v 1.050626 -0.277586 0.000000
v 1.050076 -0.285557 0.056517
v 1.040470 -0.286050 0.000000
v 1.060058 -0.277378 0.000000
v 1.060005 -0.285505 0.067840
v 1.070005 -0.277314 0.000000
v 1.070000 -0.285498 0.070080
v 1.080044 -0.276858 0.000000
v 1.080003 -0.285441 0.070683
v 1.090033 -0.285098 0.073537
v 1.100004 -0.285037 0.085353
v 1.110000 -0.285029 0.091442
v 1.120000 -0.285004 0.090167
v 1.129972 -0.284996 0.081682
v 1.139583 -0.284907 0.055603
v 1.146666 -0.284207 0.000000
v 0.540626 -0.292416 0.000000
v 0.533965 -0.291296 0.000000
v 0.550060 -0.292666 0.000000
v 0.560046 -0.293141 0.000000
v 0.570470 -0.295825 0.000000
v 0.580071 -0.296315 0.054191
v 0.589927 -0.296315 0.054146
v 0.599486 -0.295809 0.000000
v 0.609331 -0.292916 0.000000
v 0.616031 -0.291365 0.000000
v 0.860080 -0.296914 0.071386
v 0.850855 -0.297432 0.000000
v 0.870004 -0.296876 0.092358
v 0.880000 -0.296875 0.099138
v 0.889996 -0.296874 0.092358
v 0.899920 -0.296836 0.071386
v 0.909145 -0.296318 0.000000
v 0.915304 -0.292166 0.000000
v 0.974673 -0.290553 0.000000
v 0.980720 -0.289459 0.000000
v 0.980454 -0.297419 0.052030
v 0.973714 -0.297732 0.000000
v 0.990064 -0.289255 0.000000
v 0.990030 -0.297380 0.066549
v 1.000003 -0.289235 0.000000
v 1.000001 -0.297377 0.069770
v 1.010000 -0.289231 0.000000
v 1.010000 -0.297377 0.070262
v 1.020002 -0.289187 0.000000
v 1.020000 -0.297373 0.070329
v 1.030043 -0.288733 0.000000
v 1.030003 -0.297316 0.070697
v 1.040033 -0.296973 0.073546
v 1.050004 -0.296912 0.085472
v 1.060000 -0.296908 0.092384
v 1.070000 -0.296907 0.094450
v 1.080000 -0.296904 0.094846
v 1.090001 -0.296880 0.095607
v 1.100000 -0.296876 0.098466
v 1.110000 -0.296876 0.098938
v 1.119996 -0.296874 0.091511
v 1.129918 -0.296836 0.070972
v 1.139120 -0.296314 0.000000
v 1.145360 -0.292162 0.000000
v 0.580568 -0.304267 0.000000
v 0.573961 -0.303169 0.000000
v 0.589432 -0.304267 0.000000
v 0.596036 -0.303168 0.000000
v 0.844696 -0.301584 0.000000
v 0.850468 -0.308840 0.055793
v 0.843756 -0.309494 0.000000
v 0.860031 -0.308755 0.083960
v 0.870001 -0.308750 0.096492
v 0.879999 -0.308750 0.099846
v 0.889978 -0.308750 0.091534
v 0.899681 -0.308750 0.068629
v 0.907281 -0.308750 0.000000
v 0.980370 -0.308788 0.065736
v 0.973115 -0.308862 0.000000
v 0.990025 -0.308783 0.086412
v 1.000001 -0.308783 0.092972
v 1.010000 -0.308783 0.094651
v 1.020000 -0.308782 0.094840
v 1.030000 -0.308779 0.094887
v 1.040001 -0.308755 0.095650
v 1.050000 -0.308751 0.098908
v 1.060000 -0.308751 0.101800
v 1.070000 -0.308751 0.102969
v 1.080000 -0.308751 0.102900
v 1.090000 -0.308749 0.102871
v 1.100000 -0.308749 0.102650
v 1.109999 -0.308749 0.099733
v 1.119975 -0.308749 0.089930
v 1.129626 -0.308739 0.066325
v 1.136838 -0.308629 0.000000
v 0.850425 -0.320631 0.065903
v 0.843582 -0.320694 0.000000
v 0.860027 -0.320625 0.090005
v 0.870001 -0.320625 0.099967
v 0.880000 -0.320625 0.101233
v 0.889996 -0.320626 0.092720
v 0.899924 -0.320664 0.071556
v 0.909216 -0.321183 0.000000
v 0.980047 -0.320653 0.071851
v 0.970347 -0.321037 0.000000
v 0.990003 -0.320627 0.092021
v 1.000000 -0.320626 0.100587
v 1.010000 -0.320626 0.103528
v 1.020000 -0.320626 0.103476
v 1.030000 -0.320626 0.102974
v 1.040000 -0.320624 0.102908
v 1.050000 -0.320624 0.102969
v 1.060000 -0.320624 0.101800
v 1.070000 -0.320624 0.098908
v 1.079999 -0.320621 0.095647
v 1.090000 -0.320596 0.094843
v 1.100000 -0.320593 0.094374
v 1.109999 -0.320592 0.091745
v 1.119967 -0.320586 0.081521
v 1.129525 -0.320492 0.055343
v 1.136281 -0.319873 0.000000
v 0.850420 -0.332500 0.067602
v 0.843527 -0.332506 0.000000
v 0.860027 -0.332500 0.091338
v 0.870001 -0.332500 0.101407
v 0.880000 -0.332500 0.103503
v 0.890000 -0.332500 0.097655
v 0.899994 -0.332505 0.085372
v 0.909913 -0.332603 0.060294
v 0.916013 -0.325360 0.000000
v 0.919530 -0.333431 0.000000
v 0.943965 -0.326198 0.000000
v 0.950628 -0.325037 0.000000
v 0.950076 -0.333051 0.056435
v 0.940469 -0.333515 0.000000
v 0.960088 -0.324324 0.000000
v 0.960007 -0.332940 0.068053
v 0.970023 -0.332555 0.073414
v 0.980003 -0.332503 0.087179
v 0.990000 -0.332500 0.095968
v 1.000000 -0.332499 0.101164
v 1.010000 -0.332499 0.101856
v 1.020000 -0.332499 0.098991
v 1.029999 -0.332495 0.095660
v 1.040000 -0.332471 0.094849
v 1.050000 -0.332468 0.094450
v 1.060000 -0.332467 0.092384
v 1.069996 -0.332463 0.085472
v 1.079967 -0.332402 0.073545
v 1.089997 -0.332059 0.070683
v 1.100000 -0.332002 0.070072
v 1.109994 -0.331995 0.067756
v 1.119888 -0.331932 0.055775
v 1.128989 -0.331299 0.000000
v 1.135285 -0.327708 0.000000
v 0.850371 -0.344378 0.068155
v 0.843143 -0.344427 0.000000
v 0.860025 -0.344375 0.091692
v 0.870001 -0.344375 0.102358
v 0.880000 -0.344375 0.106605
v 0.890000 -0.344375 0.103456
v 0.900000 -0.344375 0.096449
v 0.909995 -0.344382 0.085989
v 0.919967 -0.344465 0.073342
v 0.930000 -0.335729 0.000000
v 0.930000 -0.344754 0.070737
v 0.940033 -0.344469 0.072939
v 0.950004 -0.344412 0.084245
v 0.960000 -0.344403 0.090531
v 0.970001 -0.344377 0.092432
v 0.980000 -0.344374 0.093983
v 0.989999 -0.344370 0.093364
v 1.000000 -0.344346 0.093856
v 1.010000 -0.344342 0.092329
v 1.019996 -0.344338 0.085475
v 1.029967 -0.344277 0.073546
v 1.039997 -0.343934 0.070683
v 1.050000 -0.343877 0.070080
v 1.059995 -0.343870 0.067840
v 1.069924 -0.343818 0.056517
v 1.079530 -0.343325 0.000000
v 1.089957 -0.340642 0.000000
v 1.099995 -0.340187 0.000000
v 1.109942 -0.340122 0.000000
v 1.119369 -0.339912 0.000000
v 1.125965 -0.338773 0.000000
v 0.850083 -0.356289 0.070993
v 0.840884 -0.356807 0.000000
v 0.860004 -0.356251 0.092482
v 0.870000 -0.356250 0.102854
v 0.880000 -0.356250 0.108381
v 0.890000 -0.356250 0.107518
v 0.900000 -0.356250 0.102775
v 0.910000 -0.356250 0.097535
v 0.919999 -0.356254 0.093336
v 0.930000 -0.356275 0.092061
v 0.940001 -0.356253 0.090949
v 0.949999 -0.356247 0.090923
v 0.960000 -0.356222 0.091711
v 0.970000 -0.356218 0.090556
v 0.979996 -0.356213 0.084693
v 0.989967 -0.356152 0.073215
v 0.999997 -0.355809 0.070357
v 1.009995 -0.355749 0.067855
v 1.019924 -0.355693 0.056518
v 1.029530 -0.355200 0.000000
v 1.039957 -0.352517 0.000000
v 1.049995 -0.352062 0.000000
v 1.059942 -0.351997 0.000000
v 1.069374 -0.351789 0.000000
v 1.076035 -0.350671 0.000000
v 0.834699 -0.360953 0.000000
v 0.840471 -0.368183 0.053449
v 0.833775 -0.368793 0.000000
v 0.850032 -0.368127 0.080121
v 0.860001 -0.368125 0.093979
v 0.870000 -0.368125 0.102301
v 0.880000 -0.368125 0.107593
v 0.890000 -0.368125 0.107482
v 0.900000 -0.368125 0.102912
v 0.910000 -0.368125 0.097657
v 0.919999 -0.368122 0.093156
v 0.930000 -0.368097 0.090610
v 0.939996 -0.368088 0.084249
v 0.949967 -0.368027 0.072902
v 0.959997 -0.367684 0.070106
v 0.969995 -0.367624 0.067659
v 0.979924 -0.367568 0.056452
v 0.989529 -0.367075 0.000000
v 0.999954 -0.364391 0.000000
v 1.009940 -0.363916 0.000000
v 1.019374 -0.363666 0.000000
v 1.026035 -0.362546 0.000000
v 0.840462 -0.379527 0.050629
v 0.833773 -0.379220 0.000000
v 0.850053 -0.379943 0.068981
v 0.860003 -0.379997 0.086768
v 0.870000 -0.380000 0.097717
v 0.880000 -0.380000 0.104091
v 0.890000 -0.380000 0.104082
v 0.900000 -0.380000 0.097875
v 0.909998 -0.379997 0.087782
v 0.919977 -0.379945 0.073507
v 0.929993 -0.379560 0.068060
v 0.939924 -0.379447 0.056432
v 0.949530 -0.378951 0.000000
v 0.959954 -0.376266 0.000000
v 0.969940 -0.375791 0.000000
v 0.979374 -0.375541 0.000000
v 0.986035 -0.374421 0.000000
v 0.203968 -0.385580 0.000000
v 0.210623 -0.384462 0.000000
v 0.210078 -0.392433 0.056255
v 0.200514 -0.392941 0.000000
v 0.220000 -0.384277 0.000000
v 0.220000 -0.392383 0.065491
v 0.229377 -0.384462 0.000000
v 0.229924 -0.392432 0.056301
v 0.236035 -0.385579 0.000000
v 0.239530 -0.392925 0.000000
v 0.840750 -0.387974 0.000000
v 0.834679 -0.386401 0.000000
v 0.850391 -0.391451 0.000000
v 0.860048 -0.391847 0.071975
v 0.870003 -0.391874 0.092773
v 0.880000 -0.391875 0.101616
v 0.890000 -0.391875 0.101615
v 0.899997 -0.391874 0.092789
v 0.909953 -0.391848 0.072110
v 0.919654 -0.391466 0.000000
v 0.929912 -0.388176 0.000000
v 0.939372 -0.387463 0.000000
v 0.946035 -0.386300 0.000000
v 0.184034 -0.397408 0.000000
v 0.190674 -0.395836 0.000000
v 0.190112 -0.404257 0.056302
v 0.180941 -0.404948 0.000000
v 0.200038 -0.403851 0.071030
v 0.210004 -0.403787 0.085043
v 0.220000 -0.403783 0.090526
v 0.229996 -0.403787 0.085311
v 0.239967 -0.403848 0.073572
v 0.249957 -0.395608 0.000000
v 0.249997 -0.404191 0.070734
v 0.259998 -0.396062 0.000000
v 0.260000 -0.404248 0.070365
v 0.270000 -0.396106 0.000000
v 0.270000 -0.404252 0.070340
v 0.280000 -0.396109 0.000000
v 0.280000 -0.404252 0.070325
v 0.289997 -0.396110 0.000000
v 0.290000 -0.404252 0.070086
v 0.299942 -0.396130 0.000000
v 0.299995 -0.404255 0.067855
v 0.309374 -0.396336 0.000000
v 0.309924 -0.404307 0.056520
v 0.316035 -0.397454 0.000000
v 0.319527 -0.404800 0.000000
v 0.860368 -0.403748 0.068224
v 0.853099 -0.403713 0.000000
v 0.870025 -0.403750 0.091561
v 0.880001 -0.403750 0.101029
v 0.889999 -0.403750 0.101029
v 0.899975 -0.403750 0.091562
v 0.909632 -0.403748 0.068232
v 0.916903 -0.403714 0.000000
v 0.174009 -0.408570 0.000000
v 0.180098 -0.415772 0.059713
v 0.170473 -0.416595 0.000000
v 0.190008 -0.415661 0.082741
v 0.200001 -0.415630 0.092892
v 0.210000 -0.415626 0.098895
v 0.220000 -0.415626 0.101875
v 0.230000 -0.415626 0.099554
v 0.239999 -0.415630 0.096224
v 0.250000 -0.415654 0.095438
v 0.260000 -0.415657 0.095360
v 0.270000 -0.415658 0.095363
v 0.280000 -0.415658 0.095328
v 0.290000 -0.415658 0.094914
v 0.300000 -0.415658 0.092643
v 0.309996 -0.415662 0.085554
v 0.319967 -0.415723 0.073338
v 0.329899 -0.407505 0.000000
v 0.329992 -0.416068 0.068251
v 0.339372 -0.408165 0.000000
v 0.339924 -0.416178 0.056545
v 0.346035 -0.409326 0.000000
v 0.349527 -0.416675 0.000000
v 0.860419 -0.415625 0.067745
v 0.853524 -0.415623 0.000000
v 0.870027 -0.415625 0.091424
v 0.880001 -0.415625 0.100961
v 0.889999 -0.415625 0.100961
v 0.899973 -0.415625 0.091424
v 0.909581 -0.415625 0.067745
v 0.916476 -0.415623 0.000000
v 0.084703 -0.421064 0.000000
v 0.090724 -0.420034 0.000000
v 0.090493 -0.427500 0.037729
v 0.083946 -0.427500 0.000000
v 0.100064 -0.419836 0.000000
v 0.100033 -0.427500 0.047565
v 0.110003 -0.419816 0.000000
v 0.110001 -0.427504 0.049349
v 0.120000 -0.419819 0.000000
v 0.120003 -0.427562 0.049786
v 0.130002 -0.419852 0.000000
v 0.130033 -0.427908 0.051971
v 0.140000 -0.419856 0.000000
v 0.140005 -0.427993 0.061605
v 0.150002 -0.419812 0.000000
v 0.150000 -0.427997 0.067051
v 0.160044 -0.419354 0.000000
v 0.160003 -0.427939 0.069378
v 0.170033 -0.427593 0.072636
v 0.180005 -0.427508 0.084888
v 0.190000 -0.427501 0.094398
v 0.200000 -0.427500 0.100780
v 0.210000 -0.427500 0.105365
v 0.220000 -0.427500 0.108101
v 0.230000 -0.427500 0.107736
v 0.240000 -0.427500 0.107304
v 0.250000 -0.427501 0.107351
v 0.260000 -0.427501 0.107479
v 0.270000 -0.427501 0.107607
v 0.280000 -0.427501 0.107587
v 0.290000 -0.427501 0.106786
v 0.300000 -0.427501 0.104058
v 0.310000 -0.427501 0.099939
v 0.319999 -0.427505 0.095854
v 0.330000 -0.427529 0.092739
v 0.339996 -0.427537 0.085559
v 0.349967 -0.427598 0.073338
v 0.359899 -0.419380 0.000000
v 0.359992 -0.427944 0.068249
v 0.369371 -0.420040 0.000000
v 0.369922 -0.428053 0.056501
v 0.376031 -0.421202 0.000000
v 0.379486 -0.428566 0.000000
v 0.860423 -0.427500 0.067714
v 0.853563 -0.427500 0.000000
v 0.870027 -0.427500 0.091416
v 0.880001 -0.427500 0.100957
v 0.889999 -0.427500 0.100957
v 0.899973 -0.427500 0.091416
v 0.909577 -0.427500 0.067714
v 0.916437 -0.427500 0.000000
v 0.090724 -0.434966 0.000000
v 0.084703 -0.433936 0.000000
v 0.100064 -0.435167 0.000000
v 0.110005 -0.435231 0.000000
v 0.120044 -0.435690 0.000000
v 0.130473 -0.438438 0.000000
v 0.140098 -0.439260 0.055897
v 0.150008 -0.439368 0.077474
v 0.160000 -0.439372 0.085586
v 0.170001 -0.439347 0.087866
v 0.180000 -0.439346 0.090538
v 0.190001 -0.439370 0.093340
v 0.200000 -0.439374 0.098272
v 0.210000 -0.439375 0.103076
v 0.220000 -0.439375 0.106972
v 0.230000 -0.439375 0.109635
v 0.240000 -0.439375 0.112073
v 0.250000 -0.439375 0.113556
v 0.260000 -0.439375 0.114646
v 0.270000 -0.439375 0.115672
v 0.280000 -0.439375 0.116225
v 0.290000 -0.439375 0.115264
v 0.300000 -0.439375 0.112457
v 0.310000 -0.439375 0.109540
v 0.320000 -0.439375 0.107176
v 0.330000 -0.439376 0.104100
v 0.340000 -0.439376 0.099942
v 0.349999 -0.439380 0.095853
v 0.360000 -0.439404 0.092721
v 0.369996 -0.439412 0.085303
v 0.379962 -0.439476 0.071021
v 0.389326 -0.431461 0.000000
v 0.389885 -0.439882 0.056172
v 0.395961 -0.433033 0.000000
v 0.398988 -0.440572 0.000000
v 0.860423 -0.439375 0.067713
v 0.853565 -0.439375 0.000000
v 0.870027 -0.439375 0.091415
v 0.880001 -0.439375 0.100957
v 0.889999 -0.439375 0.100957
v 0.899973 -0.439375 0.091415
v 0.909577 -0.439375 0.067713
v 0.916435 -0.439375 0.000000
v 0.043948 -0.445008 0.000000
v 0.050000 -0.444067 0.000000
v 0.050000 -0.451852 0.040497
v 0.041007 -0.452418 0.000000
v 0.056052 -0.445008 0.000000
v 0.058993 -0.452418 0.000000
v 0.140941 -0.450048 0.000000
v 0.134009 -0.446432 0.000000
v 0.150109 -0.450683 0.055370
v 0.160006 -0.450746 0.067076
v 0.170000 -0.450752 0.069315
v 0.180003 -0.450809 0.070148
v 0.190033 -0.451152 0.073249
v 0.200004 -0.451216 0.085476
v 0.210001 -0.451245 0.093446
v 0.220000 -0.451249 0.099368
v 0.230000 -0.451250 0.104021
v 0.240000 -0.451250 0.108037
v 0.250000 -0.451250 0.111409
v 0.260000 -0.451250 0.115025
v 0.270000 -0.451250 0.118803
v 0.280000 -0.451250 0.121548
v 0.290000 -0.451250 0.121753
v 0.300000 -0.451250 0.119989
v 0.310000 -0.451250 0.117901
v 0.320000 -0.451250 0.115666
v 0.330000 -0.451250 0.112522
v 0.340000 -0.451250 0.109546
v 0.350000 -0.451250 0.107159
v 0.360000 -0.451251 0.103991
v 0.370000 -0.451251 0.099294
v 0.379998 -0.451255 0.092753
v 0.389967 -0.451286 0.081624
v 0.399525 -0.451383 0.055349
v 0.405285 -0.444167 0.000000
v 0.406281 -0.452002 0.000000
v 0.860423 -0.451250 0.067713
v 0.853565 -0.451250 0.000000
v 0.870027 -0.451250 0.091415
v 0.880001 -0.451250 0.100957
v 0.889999 -0.451250 0.100957
v 0.899973 -0.451250 0.091415
v 0.909577 -0.451250 0.067713
v 0.916435 -0.451250 0.000000
v 0.034745 -0.455929 0.000000
v 0.040513 -0.462715 0.039712
v 0.033949 -0.463019 0.000000
v 0.050000 -0.462663 0.053921
v 0.059487 -0.462715 0.039712
v 0.065255 -0.455929 0.000000
v 0.066051 -0.463019 0.000000
v 0.150631 -0.458662 0.000000
v 0.144030 -0.457523 0.000000
v 0.160058 -0.458872 0.000000
v 0.170005 -0.458937 0.000000
v 0.180044 -0.459392 0.000000
v 0.190470 -0.462080 0.000000
v 0.200079 -0.462630 0.056907
v 0.210037 -0.463024 0.071115
v 0.220004 -0.463091 0.085400
v 0.230001 -0.463120 0.093550
v 0.240000 -0.463125 0.099586
v 0.250000 -0.463125 0.104861
v 0.260000 -0.463125 0.110292
v 0.270000 -0.463125 0.115755
v 0.280000 -0.463125 0.120606
v 0.290000 -0.463125 0.124046
v 0.300000 -0.463125 0.125368
v 0.310000 -0.463125 0.125055
v 0.320000 -0.463125 0.123176
v 0.330000 -0.463125 0.120442
v 0.340000 -0.463125 0.117982
v 0.350000 -0.463125 0.115488
v 0.360000 -0.463125 0.111780
v 0.370000 -0.463125 0.107135
v 0.379999 -0.463125 0.100863
v 0.389975 -0.463126 0.090101
v 0.399626 -0.463136 0.066346
v 0.406838 -0.463246 0.000000
v 0.860423 -0.463125 0.067713
v 0.853565 -0.463125 0.000000
v 0.870027 -0.463125 0.091415
v 0.880001 -0.463125 0.100957
v 0.889999 -0.463125 0.100957
v 0.899973 -0.463125 0.091415
v 0.909577 -0.463125 0.067713
v 0.916435 -0.463125 0.000000
v 0.040722 -0.470552 0.000000
v 0.034704 -0.469551 0.000000
v 0.050000 -0.470725 0.000000
v 0.059278 -0.470552 0.000000
v 0.065296 -0.469551 0.000000
v 0.200669 -0.471041 0.000000
v 0.193968 -0.469490 0.000000
v 0.210514 -0.473939 0.000000
v 0.220080 -0.474504 0.056875
v 0.230037 -0.474903 0.071176
v 0.240005 -0.474991 0.086009
v 0.250000 -0.475000 0.096572
v 0.260000 -0.475000 0.104026
v 0.270000 -0.475000 0.110282
v 0.280000 -0.475000 0.116033
v 0.290000 -0.475000 0.121230
v 0.300000 -0.475000 0.125613
v 0.310000 -0.475000 0.128723
v 0.320000 -0.475000 0.129175
v 0.330000 -0.475000 0.127932
v 0.340000 -0.475000 0.125718
v 0.350000 -0.475000 0.122160
v 0.360000 -0.475000 0.117193
v 0.370000 -0.475000 0.110963
v 0.380000 -0.475000 0.103463
v 0.389996 -0.475001 0.092785
v 0.399917 -0.475039 0.071255
v 0.409115 -0.475561 0.000000
v 0.860423 -0.475000 0.067713
v 0.853565 -0.475000 0.000000
v 0.870027 -0.475000 0.091415
v 0.880001 -0.475000 0.100957
v 0.889999 -0.475000 0.100957
v 0.899973 -0.475000 0.091415
v 0.909577 -0.475000 0.067713
v 0.916435 -0.475000 0.000000
v 0.220669 -0.482920 0.000000
v 0.213972 -0.481364 0.000000
v 0.230516 -0.485888 0.000000
v 0.240100 -0.486731 0.059841
v 0.250009 -0.486864 0.083565
v 0.260000 -0.486875 0.096234
v 0.270000 -0.486875 0.104010
v 0.280000 -0.486875 0.110320
v 0.290000 -0.486875 0.116161
v 0.300000 -0.486875 0.121687
v 0.310000 -0.486875 0.126994
v 0.320000 -0.486875 0.131193
v 0.330000 -0.486875 0.133258
v 0.340000 -0.486875 0.131708
v 0.350000 -0.486875 0.126581
v 0.360000 -0.486875 0.120208
v 0.370000 -0.486875 0.113335
v 0.380000 -0.486875 0.106034
v 0.389999 -0.486875 0.097514
v 0.399969 -0.486880 0.084052
v 0.409531 -0.486965 0.055793
v 0.415302 -0.479709 0.000000
v 0.416243 -0.487619 0.000000
v 0.553940 -0.480635 0.000000
v 0.559911 -0.479689 0.000000
v 0.559651 -0.487478 0.038267
v 0.550976 -0.488079 0.000000
v 0.565410 -0.480580 0.000000
v 0.566236 -0.487667 0.000000
v 0.860423 -0.486875 0.067713
v 0.853565 -0.486875 0.000000
v 0.870027 -0.486875 0.091415
v 0.880001 -0.486875 0.100957
v 0.889999 -0.486875 0.100957
v 0.899973 -0.486875 0.091415
v 0.909577 -0.486875 0.067713
v 0.916435 -0.486875 0.000000
v 0.240944 -0.497626 0.000000
v 0.234012 -0.493934 0.000000
v 0.250131 -0.498595 0.059287
v 0.260009 -0.498740 0.083538
v 0.270000 -0.498750 0.096382
v 0.280000 -0.498750 0.104215
v 0.290000 -0.498750 0.110738
v 0.300000 -0.498750 0.117021
v 0.310000 -0.498750 0.123379
v 0.320000 -0.498750 0.129551
v 0.330000 -0.498750 0.134271
v 0.340000 -0.498750 0.134546
v 0.350000 -0.498750 0.129493
v 0.360000 -0.498750 0.122908
v 0.370000 -0.498750 0.116168
v 0.380000 -0.498750 0.109321
v 0.389999 -0.498750 0.101597
v 0.399972 -0.498750 0.090184
v 0.409575 -0.498756 0.065908
v 0.416416 -0.498819 0.000000
v 0.544657 -0.491671 0.000000
v 0.550394 -0.498877 0.046820
v 0.543330 -0.499550 0.000000
v 0.559549 -0.498663 0.046580
v 0.566225 -0.498076 0.000000
v 0.860423 -0.498750 0.067713
v 0.853565 -0.498750 0.000000
v 0.870027 -0.498750 0.091415
v 0.880001 -0.498750 0.100957
v 0.889999 -0.498750 0.100957
v 0.899973 -0.498750 0.091415
v 0.909577 -0.498750 0.067713
v 0.916435 -0.498750 0.000000
v 0.250946 -0.509504 0.000000
v 0.244074 -0.505787 0.000000
v 0.260121 -0.510509 0.059701
v 0.270007 -0.510619 0.085352
v 0.280000 -0.510625 0.097984
v 0.290000 -0.510625 0.106236
v 0.300000 -0.510625 0.113490
v 0.310000 -0.510625 0.120496
v 0.320000 -0.510625 0.127368
v 0.330000 -0.510625 0.133384
v 0.340000 -0.510625 0.135668
v 0.350000 -0.510625 0.131279
v 0.360000 -0.510625 0.124651
v 0.370000 -0.510625 0.117713
v 0.380000 -0.510625 0.110633
v 0.389999 -0.510625 0.102727
v 0.399973 -0.510625 0.091348
v 0.409577 -0.510625 0.067438
v 0.416433 -0.510625 0.000000
v 0.549958 -0.510554 0.040406
v 0.540823 -0.511232 0.000000
v 0.558991 -0.509510 0.000000
v 0.565281 -0.505844 0.000000
v 0.860423 -0.510625 0.067713
v 0.853565 -0.510625 0.000000
v 0.870027 -0.510625 0.091415
v 0.880001 -0.510625 0.100957
v 0.889999 -0.510625 0.100957
v 0.899973 -0.510625 0.091415
v 0.909577 -0.510625 0.067713
v 0.916435 -0.510625 0.000000
v 0.260818 -0.521936 0.000000
v 0.254054 -0.517739 0.000000
v 0.270079 -0.522461 0.071397
v 0.280004 -0.522498 0.092839
v 0.290000 -0.522500 0.103568
v 0.300000 -0.522500 0.111423
v 0.310000 -0.522500 0.118522
v 0.320000 -0.522500 0.125237
v 0.330000 -0.522500 0.131102
v 0.340000 -0.522500 0.133666
v 0.350000 -0.522500 0.129430
v 0.360000 -0.522500 0.122922
v 0.370000 -0.522500 0.116174
v 0.380000 -0.522500 0.109322
v 0.389999 -0.522500 0.101598
v 0.399972 -0.522500 0.090184
v 0.409575 -0.522494 0.065908
v 0.416416 -0.522431 0.000000
v 0.534055 -0.515389 0.000000
v 0.540042 -0.522579 0.041888
v 0.530942 -0.523619 0.000000
v 0.549190 -0.521942 0.000000
v 0.555941 -0.517740 0.000000
v 0.860423 -0.522500 0.067713
v 0.853565 -0.522500 0.000000
v 0.870027 -0.522500 0.091415
v 0.880001 -0.522500 0.100957
v 0.889999 -0.522500 0.100957
v 0.899973 -0.522500 0.091415
v 0.909577 -0.522500 0.067713
v 0.916435 -0.522500 0.000000
v 0.270374 -0.534364 0.066360
v 0.263159 -0.534254 0.000000
v 0.280025 -0.534375 0.090188
v 0.290001 -0.534375 0.101480
v 0.300000 -0.534375 0.109001
v 0.310000 -0.534375 0.115455
v 0.320000 -0.534375 0.121474
v 0.330000 -0.534375 0.127146
v 0.340000 -0.534375 0.130446
v 0.350000 -0.534375 0.126946
v 0.360000 -0.534375 0.120483
v 0.370000 -0.534375 0.113439
v 0.380000 -0.534375 0.106060
v 0.389999 -0.534375 0.097525
v 0.399969 -0.534370 0.084058
v 0.409531 -0.534285 0.055794
v 0.416243 -0.533631 0.000000
v 0.524074 -0.527338 0.000000
v 0.530106 -0.534530 0.054323
v 0.520946 -0.535500 0.000000
v 0.539636 -0.534376 0.056955
v 0.546842 -0.534255 0.000000
v 0.860423 -0.534375 0.067713
v 0.853565 -0.534375 0.000000
v 0.870027 -0.534375 0.091415
v 0.880001 -0.534375 0.100957
v 0.889999 -0.534375 0.100957
v 0.899973 -0.534375 0.091416
v 0.909577 -0.534375 0.067714
v 0.916437 -0.534375 0.000000
v 0.270475 -0.546121 0.055406
v 0.263719 -0.545498 0.000000
v 0.280033 -0.546241 0.082247
v 0.290001 -0.546250 0.095918
v 0.300000 -0.546250 0.104026
v 0.310000 -0.546250 0.110649
v 0.320000 -0.546250 0.116975
v 0.330000 -0.546250 0.123128
v 0.340000 -0.546250 0.127405
v 0.350000 -0.546250 0.125310
v 0.360000 -0.546250 0.119165
v 0.370000 -0.546250 0.111877
v 0.380000 -0.546250 0.103796
v 0.389996 -0.546249 0.092962
v 0.399917 -0.546211 0.071401
v 0.409116 -0.545691 0.000000
v 0.415302 -0.541541 0.000000
v 0.514074 -0.539213 0.000000
v 0.520130 -0.546405 0.057416
v 0.510947 -0.547375 0.000000
v 0.529979 -0.546257 0.071959
v 0.539534 -0.546158 0.053830
v 0.546282 -0.545504 0.000000
v 0.860423 -0.546250 0.067707
v 0.853565 -0.546250 0.000000
v 0.870027 -0.546250 0.091406
v 0.880001 -0.546250 0.100947
v 0.889999 -0.546250 0.100959
v 0.899973 -0.546250 0.091424
v 0.909581 -0.546250 0.067745
v 0.916476 -0.546252 0.000000
v 0.271013 -0.557007 0.000000
v 0.264715 -0.553339 0.000000
v 0.280124 -0.558009 0.059560
v 0.290007 -0.558119 0.085312
v 0.300000 -0.558125 0.097980
v 0.310000 -0.558125 0.106249
v 0.320000 -0.558125 0.113521
v 0.330000 -0.558125 0.120328
v 0.340000 -0.558125 0.125372
v 0.350000 -0.558125 0.124505
v 0.360000 -0.558125 0.118748
v 0.370000 -0.558125 0.111466
v 0.379999 -0.558125 0.103234
v 0.389975 -0.558125 0.091804
v 0.399629 -0.558122 0.068183
v 0.406857 -0.558073 0.000000
v 0.504074 -0.551088 0.000000
v 0.510130 -0.558280 0.058207
v 0.500944 -0.559249 0.000000
v 0.520006 -0.558135 0.076388
v 0.529916 -0.558081 0.066534
v 0.539102 -0.557515 0.000000
v 0.545304 -0.553412 0.000000
v 0.860423 -0.558125 0.067568
v 0.853566 -0.558122 0.000000
v 0.870027 -0.558125 0.091262
v 0.880001 -0.558125 0.100823
v 0.889999 -0.558125 0.100980
v 0.899975 -0.558125 0.091557
v 0.909632 -0.558127 0.068230
v 0.916901 -0.558162 0.000000
v 0.280817 -0.569439 0.000000
v 0.274059 -0.565240 0.000000
v 0.290079 -0.569961 0.071540
v 0.300004 -0.569999 0.093007
v 0.310000 -0.570000 0.103811
v 0.320000 -0.570000 0.111878
v 0.330000 -0.570000 0.119053
v 0.340000 -0.570000 0.124345
v 0.350000 -0.570000 0.123713
v 0.360000 -0.570000 0.118144
v 0.370000 -0.570000 0.111046
v 0.379999 -0.570000 0.102959
v 0.389973 -0.570000 0.091518
v 0.399580 -0.570000 0.067614
v 0.406473 -0.569994 0.000000
v 0.494012 -0.562941 0.000000
v 0.500100 -0.570144 0.059272
v 0.490516 -0.570987 0.000000
v 0.510008 -0.570011 0.079811
v 0.519972 -0.569995 0.079694
v 0.529582 -0.569904 0.055588
v 0.536666 -0.569206 0.000000
v 0.860425 -0.569994 0.065902
v 0.853584 -0.569931 0.000000
v 0.870027 -0.570000 0.090002
v 0.880001 -0.570000 0.099937
v 0.890000 -0.570000 0.101101
v 0.899997 -0.570001 0.092720
v 0.909952 -0.570028 0.072078
v 0.919613 -0.570424 0.000000
v 0.290371 -0.581872 0.068197
v 0.283140 -0.581823 0.000000
v 0.300025 -0.581875 0.091816
v 0.310001 -0.581875 0.103252
v 0.320000 -0.581875 0.111504
v 0.330000 -0.581875 0.118697
v 0.340000 -0.581875 0.123605
v 0.350000 -0.581875 0.121841
v 0.360000 -0.581875 0.116123
v 0.370000 -0.581875 0.109361
v 0.379999 -0.581875 0.101615
v 0.389972 -0.581875 0.090195
v 0.399575 -0.581869 0.065915
v 0.406419 -0.581806 0.000000
v 0.474034 -0.575533 0.000000
v 0.480674 -0.573957 0.000000
v 0.480112 -0.582382 0.056284
v 0.470945 -0.583075 0.000000
v 0.490038 -0.581972 0.070765
v 0.500005 -0.581884 0.083623
v 0.509996 -0.581874 0.085976
v 0.519915 -0.581831 0.068620
v 0.529106 -0.581265 0.000000
v 0.535359 -0.577159 0.000000
v 0.860469 -0.581785 0.055791
v 0.853757 -0.581131 0.000000
v 0.870031 -0.581870 0.083989
v 0.880001 -0.581875 0.096772
v 0.890000 -0.581875 0.101371
v 0.900000 -0.581875 0.097409
v 0.909997 -0.581878 0.087733
v 0.919971 -0.581933 0.071537
v 0.929339 -0.573905 0.000000
v 0.929889 -0.582379 0.056347
v 0.935967 -0.575529 0.000000
v 0.939055 -0.583074 0.000000
v 0.290420 -0.593750 0.067760
v 0.283526 -0.593747 0.000000
v 0.300027 -0.593750 0.091681
v 0.310001 -0.593750 0.103187
v 0.320000 -0.593750 0.111456
v 0.330000 -0.593750 0.118590
v 0.340000 -0.593750 0.123025
v 0.350000 -0.593750 0.119839
v 0.360000 -0.593750 0.113385
v 0.370000 -0.593750 0.106060
v 0.379999 -0.593750 0.097526
v 0.389969 -0.593745 0.084059
v 0.399532 -0.593660 0.055798
v 0.406244 -0.593006 0.000000
v 0.464074 -0.586719 0.000000
v 0.470131 -0.593909 0.059209
v 0.460947 -0.594875 0.000000
v 0.480009 -0.593787 0.082674
v 0.490001 -0.593755 0.091482
v 0.499999 -0.593750 0.092201
v 0.509971 -0.593745 0.082918
v 0.519582 -0.593654 0.056090
v 0.526666 -0.592955 0.000000
v 0.860885 -0.593189 0.000000
v 0.854698 -0.589041 0.000000
v 0.870083 -0.593710 0.071181
v 0.880004 -0.593748 0.092144
v 0.890000 -0.593750 0.100643
v 0.900000 -0.593750 0.101741
v 0.910000 -0.593750 0.098921
v 0.919999 -0.593753 0.093124
v 0.929991 -0.593787 0.082905
v 0.939870 -0.593909 0.059229
v 0.945926 -0.586719 0.000000
v 0.949056 -0.594874 0.000000
v 0.290423 -0.605625 0.067731
v 0.283563 -0.605625 0.000000
v 0.300027 -0.605625 0.091673
v 0.310001 -0.605625 0.103183
v 0.320000 -0.605625 0.111451
v 0.330000 -0.605625 0.118554
v 0.340000 -0.605625 0.122756
v 0.350000 -0.605625 0.118818
v 0.360000 -0.605625 0.111857
v 0.370000 -0.605625 0.103800
v 0.379996 -0.605623 0.092970
v 0.389921 -0.605586 0.071432
v 0.399147 -0.605068 0.000000
v 0.405304 -0.600916 0.000000
v 0.454074 -0.598588 0.000000
v 0.460131 -0.605780 0.059275
v 0.450947 -0.606750 0.000000
v 0.470010 -0.605637 0.083374
v 0.480000 -0.605626 0.094930
v 0.490000 -0.605625 0.097420
v 0.499996 -0.605623 0.090404
v 0.509915 -0.605581 0.069454
v 0.519106 -0.605015 0.000000
v 0.525359 -0.600909 0.000000
v 0.870373 -0.605589 0.065769
v 0.863162 -0.605498 0.000000
v 0.880026 -0.605622 0.087306
v 0.890001 -0.605625 0.097302
v 0.900000 -0.605625 0.102287
v 0.910000 -0.605625 0.104442
v 0.920000 -0.605625 0.102396
v 0.930000 -0.605626 0.095981
v 0.939991 -0.605636 0.083533
v 0.949902 -0.605768 0.059882
v 0.955991 -0.598565 0.000000
v 0.959527 -0.606595 0.000000
v 0.290423 -0.617500 0.067730
v 0.283565 -0.617500 0.000000
v 0.300027 -0.617500 0.091673
v 0.310001 -0.617500 0.103183
v 0.320000 -0.617500 0.111451
v 0.330000 -0.617500 0.118549
v 0.340000 -0.617500 0.122707
v 0.350000 -0.617500 0.118609
v 0.360000 -0.617500 0.111542
v 0.369999 -0.617500 0.103320
v 0.379978 -0.617500 0.091960
v 0.389684 -0.617499 0.068708
v 0.397324 -0.617485 0.000000
v 0.444074 -0.610463 0.000000
v 0.450131 -0.617655 0.059283
v 0.440944 -0.618623 0.000000
v 0.460010 -0.617512 0.083456
v 0.470000 -0.617500 0.095554
v 0.480000 -0.617500 0.099887
v 0.489999 -0.617500 0.096272
v 0.499972 -0.617495 0.084023
v 0.509583 -0.617406 0.056241
v 0.516666 -0.616706 0.000000
v 0.870456 -0.617021 0.052457
v 0.863716 -0.616649 0.000000
v 0.880053 -0.617441 0.070256
v 0.890004 -0.617496 0.087264
v 0.900000 -0.617500 0.097327
v 0.910000 -0.617500 0.103444
v 0.920000 -0.617500 0.105526
v 0.930000 -0.617500 0.102697
v 0.940000 -0.617500 0.096228
v 0.949995 -0.617509 0.086161
v 0.959967 -0.617594 0.073607
v 0.969957 -0.609354 0.000000
v 0.969997 -0.617940 0.070704
v 0.979998 -0.609812 0.000000
v 0.980000 -0.617998 0.070339
v 0.990000 -0.609856 0.000000
v 0.990000 -0.618002 0.070307
v 0.999997 -0.609860 0.000000
v 1.000000 -0.618002 0.070070
v 1.009942 -0.609880 0.000000
v 1.009995 -0.618005 0.067846
v 1.019374 -0.610086 0.000000
v 1.019924 -0.618057 0.056518
v 1.026035 -0.611204 0.000000
v 1.029530 -0.618550 0.000000
v 1.073965 -0.611204 0.000000
v 1.080626 -0.610086 0.000000
v 1.080076 -0.618057 0.056518
v 1.070470 -0.618550 0.000000
v 1.090058 -0.609880 0.000000
v 1.090005 -0.618005 0.067846
v 1.100003 -0.609860 0.000000
v 1.100000 -0.618002 0.070070
v 1.110000 -0.609859 0.000000
v 1.110000 -0.618002 0.070307
v 1.120000 -0.609859 0.000000
v 1.120000 -0.618002 0.070321
v 1.130000 -0.609859 0.000000
v 1.130000 -0.618002 0.070322
v 1.140000 -0.609859 0.000000
v 1.140000 -0.618002 0.070320
v 1.150000 -0.609859 0.000000
v 1.150000 -0.618002 0.070298
v 1.160000 -0.609859 0.000000
v 1.160000 -0.618002 0.070179
v 1.169997 -0.609860 0.000000
v 1.169999 -0.618002 0.069611
v 1.179936 -0.609880 0.000000
v 1.179970 -0.618005 0.066386
v 1.189280 -0.610084 0.000000
v 1.189542 -0.618043 0.051852
v 1.195324 -0.611178 0.000000
v 1.196244 -0.618352 0.000000
v 0.290423 -0.629375 0.067730
v 0.283565 -0.629375 0.000000
v 0.300027 -0.629375 0.091673
v 0.310001 -0.629375 0.103183
v 0.320000 -0.629375 0.111451
v 0.330000 -0.629375 0.118554
v 0.340000 -0.629375 0.122756
v 0.350000 -0.629375 0.118820
v 0.360000 -0.629375 0.111863
v 0.370000 -0.629375 0.103817
v 0.379998 -0.629376 0.093067
v 0.389956 -0.629402 0.072176
v 0.399686 -0.629779 0.000000
v 0.434009 -0.622315 0.000000
v 0.440098 -0.629518 0.059886
v 0.430473 -0.630343 0.000000
v 0.450009 -0.629386 0.083546
v 0.460000 -0.629375 0.095957
v 0.470000 -0.629375 0.101872
v 0.480000 -0.629375 0.101148
v 0.489996 -0.629374 0.092462
v 0.499918 -0.629336 0.071238
v 0.509120 -0.628814 0.000000
v 0.515360 -0.624662 0.000000
v 0.870751 -0.625471 0.000000
v 0.864675 -0.623896 0.000000
v 0.880405 -0.628894 0.000000
v 0.890050 -0.629315 0.069658
v 0.900004 -0.629369 0.088524
v 0.910000 -0.629374 0.097809
v 0.920000 -0.629375 0.102764
v 0.930000 -0.629375 0.104339
v 0.940000 -0.629375 0.102394
v 0.950000 -0.629375 0.098995
v 0.959999 -0.629379 0.095666
v 0.970000 -0.629404 0.094954
v 0.980000 -0.629407 0.094983
v 0.990000 -0.629408 0.095026
v 1.000000 -0.629408 0.094663
v 1.010000 -0.629408 0.092488
v 1.019996 -0.629412 0.085491
v 1.029967 -0.629473 0.073547
v 1.039957 -0.621231 0.000000
v 1.039997 -0.629815 0.070698
v 1.050000 -0.621641 0.000000
v 1.050000 -0.629869 0.070352
v 1.060043 -0.621231 0.000000
v 1.060003 -0.629815 0.070698
v 1.070033 -0.629473 0.073547
v 1.080004 -0.629412 0.085491
v 1.090000 -0.629408 0.092488
v 1.100000 -0.629408 0.094664
v 1.110000 -0.629408 0.095045
v 1.120000 -0.629408 0.095082
v 1.130000 -0.629408 0.095082
v 1.140000 -0.629408 0.095052
v 1.150000 -0.629408 0.094833
v 1.160000 -0.629408 0.094005
v 1.169999 -0.629408 0.091698
v 1.179973 -0.629407 0.084837
v 1.189573 -0.629405 0.063406
v 1.196398 -0.629382 0.000000
v 0.290423 -0.641250 0.067730
v 0.283565 -0.641250 0.000000
v 0.300027 -0.641250 0.091673
v 0.310001 -0.641250 0.103183
v 0.320000 -0.641250 0.111453
v 0.330000 -0.641250 0.118588
v 0.340000 -0.641250 0.123030
v 0.350000 -0.641250 0.119881
v 0.360000 -0.641250 0.113481
v 0.370000 -0.641250 0.106288
v 0.380000 -0.641250 0.098357
v 0.389998 -0.641253 0.088108
v 0.399978 -0.641305 0.074076
v 0.409973 -0.633006 0.000000
v 0.409998 -0.641683 0.070795
v 0.420042 -0.633055 0.000000
v 0.420003 -0.641686 0.070764
v 0.430033 -0.641344 0.073652
v 0.440005 -0.641259 0.086254
v 0.450000 -0.641250 0.096470
v 0.460000 -0.641250 0.103034
v 0.470000 -0.641250 0.105279
v 0.479999 -0.641250 0.100961
v 0.489975 -0.641250 0.090264
v 0.499627 -0.641241 0.066371
v 0.506838 -0.641130 0.000000
v 0.890406 -0.640766 0.052910
v 0.883288 -0.640365 0.000000
v 0.900059 -0.641150 0.069951
v 0.910005 -0.641216 0.085118
v 0.920001 -0.641245 0.093372
v 0.930000 -0.641249 0.098800
v 0.940000 -0.641249 0.101844
v 0.950000 -0.641249 0.102987
v 0.960000 -0.641250 0.103032
v 0.970000 -0.641251 0.103596
v 0.980000 -0.641251 0.104470
v 0.990000 -0.641251 0.105012
v 1.000000 -0.641251 0.104619
v 1.010000 -0.641251 0.102583
v 1.020000 -0.641251 0.099075
v 1.029999 -0.641255 0.095666
v 1.040000 -0.641279 0.094877
v 1.050000 -0.641282 0.094797
v 1.060000 -0.641279 0.094877
v 1.070001 -0.641255 0.095666
v 1.080000 -0.641251 0.099075
v 1.090000 -0.641251 0.102584
v 1.100000 -0.641251 0.104637
v 1.110000 -0.641251 0.105179
v 1.120000 -0.641251 0.105252
v 1.130000 -0.641251 0.105236
v 1.140000 -0.641251 0.105028
v 1.150000 -0.641251 0.103947
v 1.160000 -0.641251 0.100992
v 1.169999 -0.641251 0.095052
v 1.179969 -0.641245 0.083157
v 1.189530 -0.641159 0.055548
v 1.196243 -0.640510 0.000000
v 0.290423 -0.653125 0.067731
v 0.283563 -0.653125 0.000000
v 0.300027 -0.653125 0.091673
v 0.310001 -0.653125 0.103183
v 0.320000 -0.653125 0.111459
v 0.330000 -0.653125 0.118669
v 0.340000 -0.653125 0.123659
v 0.350000 -0.653125 0.122233
v 0.360000 -0.653125 0.116942
v 0.370000 -0.653125 0.110942
v 0.380000 -0.653125 0.105240
v 0.390000 -0.653125 0.100256
v 0.399999 -0.653128 0.096344
v 0.410000 -0.653154 0.095475
v 0.420000 -0.653154 0.095468
v 0.430001 -0.653129 0.096290
v 0.440000 -0.653125 0.099953
v 0.450000 -0.653125 0.104195
v 0.460000 -0.653125 0.106754
v 0.470000 -0.653125 0.104429
v 0.479999 -0.653125 0.097194
v 0.489969 -0.653120 0.083910
v 0.499534 -0.653033 0.055798
v 0.506282 -0.652379 0.000000
v 0.890758 -0.649168 0.000000
v 0.884617 -0.647639 0.000000
v 0.900518 -0.652064 0.000000
v 0.910081 -0.652629 0.056847
v 0.920037 -0.653024 0.071104
v 0.930004 -0.653088 0.085253
v 0.940000 -0.653092 0.092381
v 0.950000 -0.653096 0.094535
v 0.960001 -0.653120 0.095639
v 0.970000 -0.653124 0.099074
v 0.980000 -0.653124 0.102583
v 0.990000 -0.653124 0.104619
v 1.000000 -0.653124 0.105012
v 1.010000 -0.653124 0.104469
v 1.020000 -0.653124 0.103590
v 1.030000 -0.653124 0.102976
v 1.040000 -0.653125 0.102851
v 1.050000 -0.653125 0.102841
v 1.060000 -0.653125 0.102851
v 1.070000 -0.653124 0.102976
v 1.080000 -0.653124 0.103590
v 1.090000 -0.653124 0.104475
v 1.100000 -0.653124 0.105091
v 1.110000 -0.653124 0.105241
v 1.120000 -0.653124 0.105252
v 1.130000 -0.653124 0.105178
v 1.140000 -0.653124 0.104617
v 1.150000 -0.653124 0.102349
v 1.160000 -0.653124 0.097447
v 1.169995 -0.653119 0.088250
v 1.179916 -0.653054 0.068936
v 1.189102 -0.652510 0.000000
v 1.195301 -0.648412 0.000000
v 0.290420 -0.665000 0.067760
v 0.283526 -0.665003 0.000000
v 0.300027 -0.665000 0.091681
v 0.310001 -0.665000 0.103188
v 0.320000 -0.665000 0.111470
v 0.330000 -0.665000 0.118794
v 0.340000 -0.665000 0.124594
v 0.350000 -0.665000 0.125669
v 0.360000 -0.665000 0.121886
v 0.370000 -0.665000 0.117037
v 0.380000 -0.665000 0.112778
v 0.390000 -0.665000 0.109713
v 0.400000 -0.665000 0.108147
v 0.410000 -0.665001 0.107783
v 0.420000 -0.665001 0.107681
v 0.430000 -0.665000 0.107753
v 0.440000 -0.665000 0.108494
v 0.450000 -0.665000 0.109027
v 0.460000 -0.665000 0.107333
v 0.470000 -0.665000 0.101693
v 0.479996 -0.664998 0.091306
v 0.489915 -0.664955 0.069570
v 0.499102 -0.664390 0.000000
v 0.505304 -0.660287 0.000000
v 0.910669 -0.661041 0.000000
v 0.903972 -0.659489 0.000000
v 0.920514 -0.663934 0.000000
v 0.930078 -0.664443 0.056474
v 0.940005 -0.664499 0.067863
v 0.950003 -0.664559 0.070450
v 0.960033 -0.664902 0.073533
v 0.970004 -0.664963 0.085490
v 0.980000 -0.664967 0.092488
v 0.990000 -0.664967 0.094663
v 1.000000 -0.664967 0.095026
v 1.010000 -0.664967 0.094978
v 1.020000 -0.664967 0.094865
v 1.030000 -0.664967 0.094799
v 1.040000 -0.664967 0.094788
v 1.050000 -0.664967 0.094787
v 1.060000 -0.664967 0.094788
v 1.070000 -0.664967 0.094799
v 1.080000 -0.664967 0.094865
v 1.090000 -0.664967 0.094980
v 1.100000 -0.664967 0.095066
v 1.110000 -0.664967 0.095083
v 1.120000 -0.664967 0.095082
v 1.130000 -0.664967 0.095045
v 1.140000 -0.664967 0.094662
v 1.150000 -0.664967 0.092444
v 1.159995 -0.664963 0.084997
v 1.169941 -0.664900 0.069929
v 1.179591 -0.664515 0.052852
v 1.186668 -0.664100 0.000000
v 0.290371 -0.676878 0.068197
v 0.283140 -0.676927 0.000000
v 0.300025 -0.676875 0.091816
v 0.310001 -0.676875 0.103253
v 0.320000 -0.676875 0.111522
v 0.330000 -0.676875 0.118959
v 0.340000 -0.676875 0.125611
v 0.350000 -0.676875 0.129380
v 0.360000 -0.676875 0.127678
v 0.370000 -0.676875 0.123945
v 0.380000 -0.676875 0.120593
v 0.390000 -0.676875 0.118332
v 0.400000 -0.676875 0.117253
v 0.410000 -0.676875 0.116743
v 0.420000 -0.676875 0.115933
v 0.430000 -0.676875 0.114543
v 0.440000 -0.676875 0.112455
v 0.450000 -0.676875 0.108752
v 0.460000 -0.676875 0.103516
v 0.469999 -0.676875 0.095792
v 0.479969 -0.676864 0.082355
v 0.489573 -0.676742 0.055835
v 0.496665 -0.676075 0.000000
v 0.930626 -0.672416 0.000000
v 0.923968 -0.671295 0.000000
v 0.940060 -0.672666 0.000000
v 0.950046 -0.673141 0.000000
v 0.960470 -0.675825 0.000000
v 0.970076 -0.676318 0.056518
v 0.980005 -0.676370 0.067846
v 0.990000 -0.676373 0.070070
v 1.000000 -0.676373 0.070306
v 1.010000 -0.676373 0.070314
v 1.020000 -0.676373 0.070306
v 1.030000 -0.676373 0.070302
v 1.040000 -0.676373 0.070302
v 1.050000 -0.676373 0.070302
v 1.060000 -0.676373 0.070302
v 1.070000 -0.676373 0.070302
v 1.080000 -0.676373 0.070306
v 1.090000 -0.676373 0.070315
v 1.100000 -0.676373 0.070321
v 1.110000 -0.676373 0.070322
v 1.120000 -0.676373 0.070321
v 1.130000 -0.676373 0.070307
v 1.140000 -0.676373 0.070070
v 1.149995 -0.676370 0.067843
v 1.159922 -0.676318 0.056450
v 1.169482 -0.675809 0.000000
v 1.179242 -0.672918 0.000000
v 1.185379 -0.671388 0.000000
v 0.290079 -0.688789 0.071543
v 0.280817 -0.689311 0.000000
v 0.300004 -0.688751 0.093008
v 0.310000 -0.688750 0.103812
v 0.320000 -0.688750 0.111894
v 0.330000 -0.688750 0.119295
v 0.340000 -0.688750 0.126338
v 0.350000 -0.688750 0.131984
v 0.360000 -0.688750 0.133446
v 0.370000 -0.688750 0.131287
v 0.380000 -0.688750 0.128574
v 0.390000 -0.688750 0.126546
v 0.400000 -0.688750 0.125142
v 0.410000 -0.688750 0.123312
v 0.420000 -0.688750 0.120089
v 0.430000 -0.688750 0.115434
v 0.440000 -0.688750 0.110147
v 0.450000 -0.688750 0.104019
v 0.460000 -0.688750 0.096333
v 0.469991 -0.688740 0.083493
v 0.479866 -0.688595 0.059150
v 0.488990 -0.687628 0.000000
v 0.495341 -0.683960 0.000000
v 0.970626 -0.684289 0.000000
v 0.963965 -0.683171 0.000000
v 0.980058 -0.684495 0.000000
v 0.990003 -0.684515 0.000000
v 1.000000 -0.684517 0.000000
v 1.010000 -0.684517 0.000000
v 1.020000 -0.684517 0.000000
v 1.030000 -0.684517 0.000000
v 1.040000 -0.684517 0.000000
v 1.050000 -0.684517 0.000000
v 1.060000 -0.684517 0.000000
v 1.070000 -0.684517 0.000000
v 1.080000 -0.684517 0.000000
v 1.090000 -0.684517 0.000000
v 1.100000 -0.684517 0.000000
v 1.110000 -0.684517 0.000000
v 1.120000 -0.684517 0.000000
v 1.130000 -0.684517 0.000000
v 1.139997 -0.684515 0.000000
v 1.149942 -0.684495 0.000000
v 1.159374 -0.684289 0.000000
v 1.166031 -0.683170 0.000000
v 0.274054 -0.693510 0.000000
v 0.280121 -0.700741 0.059699
v 0.270946 -0.701746 0.000000
v 0.290007 -0.700631 0.085357
v 0.300000 -0.700625 0.097994
v 0.310000 -0.700625 0.106255
v 0.320000 -0.700625 0.113540
v 0.330000 -0.700625 0.120596
v 0.340000 -0.700625 0.127629
v 0.350000 -0.700625 0.134323
v 0.360000 -0.700625 0.138773
v 0.370000 -0.700625 0.138530
v 0.380000 -0.700625 0.136067
v 0.390000 -0.700625 0.133195
v 0.400000 -0.700625 0.129971
v 0.410000 -0.700625 0.125266
v 0.420000 -0.700625 0.119433
v 0.430000 -0.700625 0.112934
v 0.440000 -0.700625 0.105979
v 0.450000 -0.700625 0.097820
v 0.459993 -0.700619 0.085210
v 0.469879 -0.700507 0.059673
v 0.479054 -0.699504 0.000000
v 0.485921 -0.695787 0.000000
v 0.264079 -0.705463 0.000000
v 0.270134 -0.712655 0.059142
v 0.261014 -0.713622 0.000000
v 0.280009 -0.712510 0.083492
v 0.290000 -0.712500 0.096367
v 0.300000 -0.712500 0.104209
v 0.310000 -0.712500 0.110738
v 0.320000 -0.712500 0.117038
v 0.330000 -0.712500 0.123476
v 0.340000 -0.712500 0.130154
v 0.350000 -0.712500 0.136916
v 0.360000 -0.712500 0.142427
v 0.370000 -0.712500 0.143431
v 0.380000 -0.712500 0.140230
v 0.390000 -0.712500 0.135044
v 0.400000 -0.712500 0.129327
v 0.410000 -0.712500 0.123022
v 0.420000 -0.712500 0.116478
v 0.430000 -0.712500 0.109753
v 0.440000 -0.712500 0.102231
v 0.449996 -0.712498 0.091523
v 0.459918 -0.712456 0.069734
v 0.469169 -0.711887 0.000000
v 0.475944 -0.707736 0.000000
v 0.254715 -0.717286 0.000000
v 0.260475 -0.724504 0.055405
v 0.253719 -0.725127 0.000000
v 0.270033 -0.724386 0.082224
v 0.280001 -0.724375 0.095768
v 0.290000 -0.724375 0.103822
v 0.300000 -0.724375 0.110236
v 0.310000 -0.724375 0.116165
v 0.320000 -0.724375 0.121891
v 0.330000 -0.724375 0.127786
v 0.340000 -0.724375 0.133971
v 0.350000 -0.724375 0.139995
v 0.360000 -0.724375 0.143855
v 0.370000 -0.724375 0.142647
v 0.380000 -0.724375 0.137992
v 0.390000 -0.724375 0.132253
v 0.400000 -0.724375 0.126232
v 0.410000 -0.724375 0.119765
v 0.420000 -0.724375 0.113008
v 0.430000 -0.724375 0.105865
v 0.439999 -0.724375 0.097426
v 0.449971 -0.724370 0.084056
v 0.459583 -0.724279 0.056236
v 0.466670 -0.723580 0.000000
v 0.260374 -0.736261 0.066351
v 0.253162 -0.736371 0.000000
v 0.270025 -0.736250 0.090185
v 0.280001 -0.736250 0.101473
v 0.290000 -0.736250 0.108986
v 0.300000 -0.736250 0.115408
v 0.310000 -0.736250 0.121364
v 0.320000 -0.736250 0.127178
v 0.330000 -0.736250 0.132957
v 0.340000 -0.736250 0.138607
v 0.350000 -0.736250 0.142712
v 0.360000 -0.736250 0.142706
v 0.370000 -0.736250 0.138572
v 0.380000 -0.736250 0.132985
v 0.390000 -0.736250 0.127265
v 0.400000 -0.736250 0.121571
v 0.410000 -0.736250 0.115688
v 0.420000 -0.736250 0.109350
v 0.430000 -0.736250 0.102021
v 0.439996 -0.736248 0.091338
v 0.449915 -0.736204 0.069579
v 0.459106 -0.735640 0.000000
v 0.465359 -0.731534 0.000000
v 0.260083 -0.748164 0.071255
v 0.250885 -0.748686 0.000000
v 0.270004 -0.748126 0.092793
v 0.280000 -0.748125 0.103553
v 0.290000 -0.748125 0.111417
v 0.300000 -0.748125 0.118520
v 0.310000 -0.748125 0.125298
v 0.320000 -0.748125 0.131800
v 0.330000 -0.748125 0.137918
v 0.340000 -0.748125 0.142920
v 0.350000 -0.748125 0.143875
v 0.360000 -0.748125 0.139953
v 0.370000 -0.748125 0.133952
v 0.380000 -0.748125 0.127782
v 0.390000 -0.748125 0.121896
v 0.400000 -0.748125 0.116189
v 0.410000 -0.748125 0.110269
v 0.420000 -0.748125 0.103865
v 0.429999 -0.748125 0.095832
v 0.439969 -0.748114 0.082357
v 0.449573 -0.747992 0.055835
v 0.456665 -0.747325 0.000000
v 0.244698 -0.752834 0.000000
v 0.250469 -0.760090 0.055793
v 0.243757 -0.760744 0.000000
v 0.260031 -0.760005 0.084052
v 0.270001 -0.760000 0.097515
v 0.280000 -0.760000 0.106042
v 0.290000 -0.760000 0.113393
v 0.300000 -0.760000 0.120456
v 0.310000 -0.760000 0.127480
v 0.320000 -0.760000 0.134488
v 0.330000 -0.760000 0.141024
v 0.340000 -0.760000 0.144795
v 0.350000 -0.760000 0.142403
v 0.360000 -0.760000 0.136538
v 0.370000 -0.760000 0.129953
v 0.380000 -0.760000 0.123381
v 0.390000 -0.760000 0.116989
v 0.400000 -0.760000 0.110721
v 0.410000 -0.760000 0.104201
v 0.420000 -0.760000 0.096364
v 0.429991 -0.759990 0.083496
v 0.439866 -0.759845 0.059150
v 0.448990 -0.758878 0.000000
v 0.455341 -0.755210 0.000000
v 0.250425 -0.771881 0.065908
v 0.243584 -0.771944 0.000000
v 0.260027 -0.771875 0.090184
v 0.270001 -0.771875 0.101597
v 0.280000 -0.771875 0.109321
v 0.290000 -0.771875 0.116172
v 0.300000 -0.771875 0.122943
v 0.310000 -0.771875 0.129804
v 0.320000 -0.771875 0.136585
v 0.330000 -0.771875 0.142129
v 0.340000 -0.771875 0.142843
v 0.350000 -0.771875 0.138458
v 0.360000 -0.771875 0.132495
v 0.370000 -0.771875 0.126299
v 0.380000 -0.771875 0.119797
v 0.390000 -0.771875 0.113068
v 0.400000 -0.771875 0.106011
v 0.410000 -0.771875 0.097825
v 0.419993 -0.771869 0.085211
v 0.429879 -0.771757 0.059673
v 0.439054 -0.770754 0.000000
v 0.445921 -0.767037 0.000000
v 0.833965 -0.765579 0.000000
v 0.840626 -0.764461 0.000000
v 0.840076 -0.772432 0.056521
v 0.830470 -0.772925 0.000000
v 0.850058 -0.764256 0.000000
v 0.850005 -0.772380 0.067841
v 0.860000 -0.764236 0.000000
v 0.860000 -0.772377 0.069833
v 0.869942 -0.764255 0.000000
v 0.869995 -0.772380 0.067841
v 0.879374 -0.764461 0.000000
v 0.879924 -0.772432 0.056521
v 0.886035 -0.765579 0.000000
v 0.889530 -0.772925 0.000000
v 0.250423 -0.783750 0.067438
v 0.243567 -0.783750 0.000000
v 0.260027 -0.783750 0.091348
v 0.270001 -0.783750 0.102727
v 0.280000 -0.783750 0.110632
v 0.290000 -0.783750 0.117707
v 0.300000 -0.783750 0.124636
v 0.310000 -0.783750 0.131425
v 0.320000 -0.783750 0.137644
v 0.330000 -0.783750 0.141724
v 0.340000 -0.783750 0.139587
v 0.350000 -0.783750 0.133900
v 0.360000 -0.783750 0.127710
v 0.370000 -0.783750 0.121715
v 0.380000 -0.783750 0.115736
v 0.390000 -0.783750 0.109369
v 0.400000 -0.783750 0.102039
v 0.409996 -0.783748 0.091380
v 0.419918 -0.783704 0.069712
v 0.429169 -0.783137 0.000000
v 0.435944 -0.778986 0.000000
v 0.793969 -0.777455 0.000000
v 0.800627 -0.776334 0.000000
v 0.800078 -0.784307 0.056477
v 0.790514 -0.784816 0.000000
v 0.810060 -0.776084 0.000000
v 0.810005 -0.784251 0.067879
v 0.820046 -0.775609 0.000000
v 0.820003 -0.784191 0.070481
v 0.830033 -0.783848 0.073577
v 0.840004 -0.783787 0.085566
v 0.850000 -0.783783 0.092602
v 0.860000 -0.783783 0.094470
v 0.870000 -0.783783 0.092603
v 0.879996 -0.783787 0.085566
v 0.889967 -0.783848 0.073577
v 0.899954 -0.775609 0.000000
v 0.899997 -0.784191 0.070481
v 0.909940 -0.776084 0.000000
v 0.909995 -0.784251 0.067879
v 0.919374 -0.776334 0.000000
v 0.919922 -0.784307 0.056477
v 0.926032 -0.777455 0.000000
v 0.929486 -0.784816 0.000000
v 1.103943 -0.777441 0.000000
v 1.109908 -0.776513 0.000000
v 1.109622 -0.783813 0.026341
v 1.101021 -0.784384 0.000000
v 1.115384 -0.777346 0.000000
v 1.116064 -0.783755 0.000000
v 0.250425 -0.795619 0.065908
v 0.243584 -0.795556 0.000000
v 0.260027 -0.795625 0.090178
v 0.270001 -0.795625 0.101587
v 0.280000 -0.795625 0.109296
v 0.290000 -0.795625 0.116062
v 0.300000 -0.795625 0.122559
v 0.310000 -0.795625 0.128587
v 0.320000 -0.795625 0.133887
v 0.330000 -0.795625 0.137346
v 0.340000 -0.795625 0.135525
v 0.350000 -0.795625 0.129877
v 0.360000 -0.795625 0.123381
v 0.370000 -0.795625 0.116974
v 0.380000 -0.795625 0.110665
v 0.390000 -0.795625 0.104059
v 0.399999 -0.795625 0.095976
v 0.409970 -0.795616 0.082382
v 0.419573 -0.795493 0.055844
v 0.426668 -0.794825 0.000000
v 0.773969 -0.789260 0.000000
v 0.780669 -0.787709 0.000000
v 0.780079 -0.796120 0.056916
v 0.770473 -0.796671 0.000000
v 0.790037 -0.795726 0.071117
v 0.800004 -0.795662 0.085314
v 0.810000 -0.795658 0.092633
v 0.820000 -0.795654 0.095009
v 0.830001 -0.795630 0.096267
v 0.840000 -0.795626 0.099972
v 0.850000 -0.795626 0.103953
v 0.860000 -0.795626 0.105938
v 0.870000 -0.795626 0.103956
v 0.880000 -0.795626 0.099974
v 0.889999 -0.795630 0.096268
v 0.900000 -0.795654 0.095010
v 0.910000 -0.795658 0.092634
v 0.919996 -0.795662 0.085315
v 0.929963 -0.795726 0.071117
v 0.939331 -0.787709 0.000000
v 0.939921 -0.796120 0.056915
v 0.946032 -0.789260 0.000000
v 0.949527 -0.796671 0.000000
v 1.095014 -0.787310 0.000000
v 1.100742 -0.791353 0.000000
v 1.094976 -0.791144 0.000000
v 1.109349 -0.791206 0.000000
v 1.115302 -0.790185 0.000000
v 0.250469 -0.807408 0.055768
v 0.243757 -0.806756 0.000000
v 0.260031 -0.807495 0.083911
v 0.270001 -0.807500 0.097348
v 0.280000 -0.807500 0.105725
v 0.290000 -0.807500 0.112505
v 0.300000 -0.807500 0.118375
v 0.310000 -0.807500 0.123285
v 0.320000 -0.807500 0.127963
v 0.330000 -0.807500 0.131762
v 0.340000 -0.807500 0.131542
v 0.350000 -0.807500 0.126511
v 0.360000 -0.807500 0.119927
v 0.370000 -0.807500 0.113115
v 0.380000 -0.807500 0.106023
v 0.390000 -0.807500 0.097820
v 0.399992 -0.807494 0.085170
v 0.409876 -0.807382 0.059542
v 0.418991 -0.806382 0.000000
v 0.425341 -0.802710 0.000000
v 0.744030 -0.801224 0.000000
v 0.750633 -0.800042 0.000000
v 0.750109 -0.808065 0.055945
v 0.740941 -0.808703 0.000000
v 0.760102 -0.799380 0.000000
v 0.760009 -0.807944 0.068200
v 0.770033 -0.807598 0.073340
v 0.780004 -0.807534 0.085648
v 0.790001 -0.807505 0.093573
v 0.800000 -0.807501 0.099497
v 0.810000 -0.807501 0.103994
v 0.820000 -0.807501 0.106807
v 0.830000 -0.807500 0.107975
v 0.840000 -0.807500 0.109610
v 0.850000 -0.807500 0.112283
v 0.860000 -0.807500 0.114228
v 0.870000 -0.807500 0.112327
v 0.880000 -0.807500 0.109649
v 0.890000 -0.807500 0.108007
v 0.900000 -0.807501 0.106834
v 0.910000 -0.807501 0.104016
v 0.920000 -0.807501 0.099509
v 0.929999 -0.807505 0.093574
v 0.939996 -0.807534 0.085614
v 0.949967 -0.807598 0.073189
v 0.959899 -0.799380 0.000000
v 0.959991 -0.807944 0.067872
v 0.969367 -0.800042 0.000000
v 0.969888 -0.808064 0.055151
v 0.975964 -0.801224 0.000000
v 0.978986 -0.808694 0.000000
v 0.250898 -0.818765 0.000000
v 0.244699 -0.814662 0.000000
v 0.260085 -0.819329 0.069565
v 0.270004 -0.819372 0.091250
v 0.280000 -0.819375 0.101408
v 0.290000 -0.819375 0.107514
v 0.300000 -0.819375 0.112256
v 0.310000 -0.819375 0.116901
v 0.320000 -0.819375 0.121877
v 0.330000 -0.819375 0.126345
v 0.340000 -0.819375 0.127509
v 0.350000 -0.819375 0.122966
v 0.360000 -0.819375 0.116545
v 0.370000 -0.819375 0.109781
v 0.380000 -0.819375 0.102243
v 0.389996 -0.819373 0.091530
v 0.399919 -0.819331 0.069735
v 0.409169 -0.818762 0.000000
v 0.415940 -0.814611 0.000000
v 0.734009 -0.812321 0.000000
v 0.740098 -0.819522 0.059826
v 0.730473 -0.820345 0.000000
v 0.750008 -0.819414 0.082875
v 0.760000 -0.819404 0.092377
v 0.770001 -0.819380 0.095808
v 0.780000 -0.819376 0.099935
v 0.790000 -0.819375 0.104305
v 0.800000 -0.819375 0.108400
v 0.810000 -0.819375 0.112005
v 0.820000 -0.819375 0.115026
v 0.830000 -0.819375 0.116493
v 0.840000 -0.819375 0.117621
v 0.850000 -0.819375 0.119472
v 0.860000 -0.819375 0.121106
v 0.870000 -0.819375 0.119842
v 0.880000 -0.819375 0.118054
v 0.890000 -0.819375 0.116940
v 0.900000 -0.819375 0.115434
v 0.910000 -0.819375 0.112329
v 0.920000 -0.819375 0.108597
v 0.930000 -0.819375 0.104322
v 0.940000 -0.819376 0.099574
v 0.949999 -0.819380 0.094527
v 0.959999 -0.819404 0.089643
v 0.969966 -0.819409 0.076297
v 0.979497 -0.819419 0.044133
v 0.985255 -0.812189 0.000000
v 0.986053 -0.819381 0.000000
v 0.260427 -0.831114 0.055779
v 0.253335 -0.830450 0.000000
v 0.270030 -0.831214 0.081757
v 0.280002 -0.831245 0.092825
v 0.290000 -0.831250 0.099456
v 0.300000 -0.831250 0.104947
v 0.310000 -0.831250 0.110511
v 0.320000 -0.831250 0.116150
v 0.330000 -0.831250 0.121224
v 0.340000 -0.831250 0.123714
v 0.350000 -0.831250 0.119916
v 0.360000 -0.831250 0.113386
v 0.370000 -0.831250 0.106089
v 0.379999 -0.831250 0.097586
v 0.389974 -0.831245 0.084215
v 0.399606 -0.831157 0.056341
v 0.406673 -0.830456 0.000000
v 0.534703 -0.824824 0.000000
v 0.540722 -0.823824 0.000000
v 0.540514 -0.831664 0.040131
v 0.533949 -0.831356 0.000000
v 0.550006 -0.823652 0.000000
v 0.550031 -0.831747 0.057666
v 0.559377 -0.823837 0.000000
v 0.559925 -0.831807 0.054312
v 0.566035 -0.824954 0.000000
v 0.569530 -0.832300 0.000000
v 0.683965 -0.824954 0.000000
v 0.690626 -0.823836 0.000000
v 0.690076 -0.831807 0.056522
v 0.680470 -0.832300 0.000000
v 0.700058 -0.823628 0.000000
v 0.700005 -0.831755 0.067856
v 0.710005 -0.823563 0.000000
v 0.710000 -0.831748 0.070111
v 0.720044 -0.823104 0.000000
v 0.720003 -0.831690 0.070723
v 0.730033 -0.831344 0.073651
v 0.740005 -0.831259 0.086254
v 0.750000 -0.831251 0.096464
v 0.760000 -0.831251 0.103064
v 0.770000 -0.831250 0.106770
v 0.780000 -0.831250 0.109018
v 0.790000 -0.831250 0.111561
v 0.800000 -0.831250 0.114474
v 0.810000 -0.831250 0.117261
v 0.820000 -0.831250 0.119732
v 0.830000 -0.831250 0.121196
v 0.840000 -0.831250 0.121912
v 0.850000 -0.831250 0.123004
v 0.860000 -0.831250 0.124478
v 0.870000 -0.831250 0.124816
v 0.880000 -0.831250 0.124652
v 0.890000 -0.831250 0.124506
v 0.900000 -0.831250 0.122968
v 0.910000 -0.831250 0.119930
v 0.920000 -0.831250 0.116155
v 0.930000 -0.831250 0.111893
v 0.940000 -0.831250 0.107199
v 0.950000 -0.831250 0.101293
v 0.959999 -0.831250 0.092006
v 0.969961 -0.831216 0.070958
v 0.979422 -0.830739 0.000000
v 0.985317 -0.826648 0.000000
v 0.261008 -0.841928 0.000000
v 0.254659 -0.838329 0.000000
v 0.270115 -0.842618 0.056182
v 0.280038 -0.843028 0.071086
v 0.290005 -0.843116 0.085996
v 0.300000 -0.843125 0.096578
v 0.310000 -0.843125 0.104039
v 0.320000 -0.843125 0.110295
v 0.330000 -0.843125 0.115863
v 0.340000 -0.843125 0.119379
v 0.350000 -0.843125 0.117319
v 0.360000 -0.843125 0.111282
v 0.370000 -0.843125 0.103549
v 0.379999 -0.843124 0.092834
v 0.389964 -0.843088 0.071594
v 0.399463 -0.842593 0.000000
v 0.405406 -0.838414 0.000000
v 0.541017 -0.842040 0.000000
v 0.534745 -0.838452 0.000000
v 0.550134 -0.843003 0.054710
v 0.560005 -0.843152 0.072645
v 0.569968 -0.843223 0.069935
v 0.579957 -0.834983 0.000000
v 0.579997 -0.843566 0.069753
v 0.589998 -0.835437 0.000000
v 0.590000 -0.843623 0.070027
v 0.600000 -0.835481 0.000000
v 0.600000 -0.843627 0.070195
v 0.610000 -0.835484 0.000000
v 0.610000 -0.843627 0.070296
v 0.620000 -0.835484 0.000000
v 0.620000 -0.843627 0.070319
v 0.630000 -0.835484 0.000000
v 0.630000 -0.843627 0.070322
v 0.640000 -0.835484 0.000000
v 0.640000 -0.843627 0.070324
v 0.650000 -0.835481 0.000000
v 0.650000 -0.843627 0.070331
v 0.660002 -0.835437 0.000000
v 0.660000 -0.843623 0.070362
v 0.670043 -0.834983 0.000000
v 0.670003 -0.843566 0.070734
v 0.680033 -0.843223 0.073590
v 0.690004 -0.843162 0.085566
v 0.700000 -0.843158 0.092637
v 0.710000 -0.843157 0.094905
v 0.720000 -0.843154 0.095399
v 0.730001 -0.843129 0.096281
v 0.740000 -0.843125 0.100035
v 0.750000 -0.843125 0.104825
v 0.760000 -0.843125 0.109703
v 0.770000 -0.843125 0.113147
v 0.780000 -0.843125 0.114161
v 0.790000 -0.843125 0.114390
v 0.800000 -0.843125 0.114726
v 0.810000 -0.843125 0.115368
v 0.820000 -0.843125 0.116045
v 0.830000 -0.843125 0.116495
v 0.840000 -0.843125 0.116836
v 0.850000 -0.843125 0.117880
v 0.860000 -0.843125 0.120018
v 0.870000 -0.843125 0.122747
v 0.880000 -0.843125 0.125847
v 0.890000 -0.843125 0.128647
v 0.900000 -0.843125 0.128932
v 0.910000 -0.843125 0.126752
v 0.920000 -0.843125 0.122473
v 0.930000 -0.843125 0.117237
v 0.940000 -0.843125 0.110971
v 0.950000 -0.843125 0.103511
v 0.959999 -0.843126 0.093011
v 0.969962 -0.843161 0.071784
v 0.979426 -0.843644 0.000000
v 0.270674 -0.851043 0.000000
v 0.264039 -0.849467 0.000000
v 0.280516 -0.854013 0.000000
v 0.290100 -0.854856 0.059841
v 0.300009 -0.854989 0.083565
v 0.310000 -0.855000 0.096233
v 0.320000 -0.855000 0.103986
v 0.330000 -0.855000 0.110053
v 0.340000 -0.855000 0.114272
v 0.350000 -0.855000 0.113883
v 0.360000 -0.855000 0.108811
v 0.370000 -0.855000 0.101493
v 0.380000 -0.855001 0.090610
v 0.389995 -0.855020 0.069157
v 0.399917 -0.855356 0.000000
v 0.550946 -0.853881 0.000000
v 0.544079 -0.850165 0.000000
v 0.560121 -0.854883 0.058125
v 0.570006 -0.854998 0.080100
v 0.580000 -0.855029 0.089516
v 0.590000 -0.855032 0.092667
v 0.600000 -0.855033 0.094008
v 0.610000 -0.855033 0.094803
v 0.620000 -0.855033 0.095048
v 0.630000 -0.855033 0.095088
v 0.640000 -0.855033 0.095127
v 0.650000 -0.855033 0.095208
v 0.660000 -0.855032 0.095308
v 0.670000 -0.855029 0.095430
v 0.680001 -0.855005 0.096273
v 0.690000 -0.855001 0.099919
v 0.700000 -0.855001 0.103934
v 0.710000 -0.855001 0.106557
v 0.720000 -0.855001 0.107271
v 0.730000 -0.855000 0.107601
v 0.740000 -0.855000 0.108884
v 0.750000 -0.855000 0.111126
v 0.760000 -0.855000 0.113183
v 0.770000 -0.855000 0.113461
v 0.780000 -0.855000 0.111435
v 0.790000 -0.855000 0.109148
v 0.800000 -0.855000 0.107837
v 0.810000 -0.854999 0.107615
v 0.820000 -0.854999 0.107672
v 0.830000 -0.854999 0.107765
v 0.840000 -0.855000 0.108118
v 0.850000 -0.855000 0.109682
v 0.860000 -0.855000 0.112735
v 0.870000 -0.855000 0.116924
v 0.880000 -0.855000 0.121835
v 0.890000 -0.855000 0.126945
v 0.900000 -0.855000 0.130731
v 0.910000 -0.855000 0.131122
v 0.920000 -0.855000 0.126533
v 0.930000 -0.855000 0.120213
v 0.940000 -0.855000 0.113341
v 0.950000 -0.855000 0.106040
v 0.959999 -0.855000 0.097530
v 0.969971 -0.855005 0.084084
v 0.979553 -0.855089 0.055861
v 0.985345 -0.847831 0.000000
v 0.986249 -0.855744 0.000000
v 0.290944 -0.865751 0.000000
v 0.284012 -0.862059 0.000000
v 0.300131 -0.866720 0.059285
v 0.310010 -0.866863 0.083510
v 0.320000 -0.866874 0.096142
v 0.330000 -0.866875 0.103312
v 0.340000 -0.866875 0.107668
v 0.350000 -0.866875 0.108285
v 0.360000 -0.866875 0.103595
v 0.370000 -0.866875 0.095927
v 0.379995 -0.866866 0.084104
v 0.389966 -0.866784 0.066510
v 0.399964 -0.866488 0.050913
v 0.409276 -0.858850 0.000000
v 0.409507 -0.866814 0.038080
v 0.415297 -0.860365 0.000000
v 0.416054 -0.866869 0.000000
v 0.560831 -0.866257 0.000000
v 0.554056 -0.862111 0.000000
v 0.570081 -0.866804 0.068587
v 0.580005 -0.866870 0.087459
v 0.590000 -0.866876 0.095787
v 0.600000 -0.866876 0.100609
v 0.610000 -0.866876 0.103783
v 0.620000 -0.866876 0.105010
v 0.630000 -0.866876 0.105302
v 0.640000 -0.866876 0.105627
v 0.650000 -0.866876 0.106254
v 0.660000 -0.866876 0.106941
v 0.670000 -0.866876 0.107225
v 0.680000 -0.866875 0.107568
v 0.690000 -0.866875 0.108908
v 0.700000 -0.866875 0.111244
v 0.710000 -0.866875 0.113322
v 0.720000 -0.866875 0.113522
v 0.730000 -0.866875 0.113108
v 0.740000 -0.866875 0.112957
v 0.750000 -0.866875 0.112647
v 0.760000 -0.866875 0.110954
v 0.770000 -0.866875 0.108178
v 0.780000 -0.866875 0.104284
v 0.790000 -0.866874 0.099980
v 0.799999 -0.866870 0.096295
v 0.810000 -0.866846 0.095458
v 0.820000 -0.866843 0.095379
v 0.830000 -0.866846 0.095470
v 0.840001 -0.866872 0.096342
v 0.850000 -0.866875 0.100249
v 0.860000 -0.866875 0.105228
v 0.870000 -0.866875 0.110925
v 0.880000 -0.866875 0.117006
v 0.890000 -0.866875 0.123283
v 0.900000 -0.866875 0.129157
v 0.910000 -0.866875 0.132358
v 0.920000 -0.866875 0.129155
v 0.930000 -0.866875 0.122966
v 0.940000 -0.866875 0.116245
v 0.950000 -0.866875 0.109370
v 0.959999 -0.866875 0.101620
v 0.969973 -0.866875 0.090203
v 0.979579 -0.866881 0.065947
v 0.986456 -0.866946 0.000000
v 0.300947 -0.877625 0.000000
v 0.294074 -0.873912 0.000000
v 0.310131 -0.878591 0.059227
v 0.320009 -0.878713 0.082914
v 0.330001 -0.878745 0.093186
v 0.340000 -0.878749 0.099077
v 0.350000 -0.878749 0.101172
v 0.360000 -0.878749 0.095862
v 0.369991 -0.878739 0.083480
v 0.379902 -0.878607 0.059645
v 0.389525 -0.877779 0.000000
v 0.399893 -0.875004 0.000000
v 0.409274 -0.874382 0.000000
v 0.415296 -0.873315 0.000000
v 0.570409 -0.878265 0.052831
v 0.563329 -0.877850 0.000000
v 0.580060 -0.878654 0.069925
v 0.590006 -0.878741 0.085470
v 0.600000 -0.878749 0.095883
v 0.610000 -0.878749 0.101958
v 0.620000 -0.878749 0.104601
v 0.630000 -0.878750 0.105510
v 0.640000 -0.878750 0.106929
v 0.650000 -0.878750 0.109314
v 0.660000 -0.878750 0.111642
v 0.670000 -0.878750 0.112527
v 0.680000 -0.878750 0.112757
v 0.690000 -0.878750 0.113060
v 0.700000 -0.878750 0.113517
v 0.710000 -0.878750 0.113322
v 0.720000 -0.878750 0.111244
v 0.730000 -0.878750 0.108905
v 0.740000 -0.878750 0.107489
v 0.750000 -0.878749 0.106494
v 0.760000 -0.878749 0.103866
v 0.770000 -0.878749 0.099475
v 0.779999 -0.878745 0.093572
v 0.789996 -0.878716 0.085663
v 0.799967 -0.878652 0.073596
v 0.809997 -0.878310 0.070736
v 0.820000 -0.878256 0.070391
v 0.830002 -0.878313 0.070770
v 0.840023 -0.878693 0.074045
v 0.850003 -0.878747 0.087962
v 0.860000 -0.878750 0.098194
v 0.870000 -0.878750 0.106062
v 0.880000 -0.878750 0.113117
v 0.890000 -0.878750 0.119920
v 0.900000 -0.878750 0.126456
v 0.910000 -0.878750 0.131259
v 0.920000 -0.878750 0.130781
v 0.930000 -0.878750 0.125299
v 0.940000 -0.878750 0.118373
v 0.950000 -0.878750 0.111102
v 0.959999 -0.878750 0.103024
v 0.969975 -0.878750 0.091651
v 0.979629 -0.878754 0.068043
v 0.986856 -0.878805 0.000000
v 0.310945 -0.889426 0.000000
v 0.304074 -0.885781 0.000000
v 0.320112 -0.890118 0.056313
v 0.330038 -0.890524 0.071048
v 0.340004 -0.890588 0.085035
v 0.350000 -0.890592 0.090185
v 0.359991 -0.890585 0.082573
v 0.369870 -0.890466 0.059205
v 0.379056 -0.889501 0.000000
v 0.385991 -0.885810 0.000000
v 0.570758 -0.886672 0.000000
v 0.564621 -0.885138 0.000000
v 0.580520 -0.889638 0.000000
v 0.590099 -0.890477 0.059739
v 0.600008 -0.890586 0.082827
v 0.610000 -0.890592 0.092179
v 0.620000 -0.890596 0.094737
v 0.630001 -0.890620 0.095978
v 0.640000 -0.890624 0.099662
v 0.650000 -0.890624 0.103683
v 0.660000 -0.890624 0.106335
v 0.670000 -0.890624 0.107111
v 0.680000 -0.890624 0.107232
v 0.690000 -0.890624 0.107268
v 0.700000 -0.890624 0.107234
v 0.710000 -0.890624 0.106554
v 0.720000 -0.890624 0.103933
v 0.730000 -0.890624 0.099917
v 0.739999 -0.890620 0.096232
v 0.750000 -0.890596 0.094988
v 0.760000 -0.890592 0.092625
v 0.769996 -0.890588 0.085313
v 0.779963 -0.890524 0.071117
v 0.789921 -0.890130 0.056918
v 0.799529 -0.889580 0.000000
v 0.809957 -0.886895 0.000000
v 0.819999 -0.886486 0.000000
v 0.830031 -0.886948 0.000000
v 0.840357 -0.890165 0.000000
v 0.850049 -0.890593 0.070338
v 0.860003 -0.890624 0.091575
v 0.870000 -0.890625 0.102236
v 0.880000 -0.890625 0.109765
v 0.890000 -0.890625 0.116515
v 0.900000 -0.890625 0.123088
v 0.910000 -0.890625 0.128794
v 0.920000 -0.890625 0.130672
v 0.930000 -0.890625 0.126076
v 0.940000 -0.890625 0.119204
v 0.950000 -0.890625 0.111841
v 0.960000 -0.890625 0.103779
v 0.969996 -0.890626 0.092952
v 0.979918 -0.890664 0.071396
v 0.989116 -0.891184 0.000000
v 0.320674 -0.898539 0.000000
v 0.314034 -0.896967 0.000000
v 0.330514 -0.901434 0.000000
v 0.340078 -0.901942 0.056253
v 0.349999 -0.901992 0.065441
v 0.359891 -0.901931 0.055696
v 0.369055 -0.901296 0.000000
v 0.375926 -0.897656 0.000000
v 0.590941 -0.901297 0.000000
v 0.584012 -0.897678 0.000000
v 0.600109 -0.901932 0.055919
v 0.610006 -0.901998 0.067823
v 0.620003 -0.902059 0.070463
v 0.630033 -0.902402 0.073558
v 0.640004 -0.902463 0.085548
v 0.650000 -0.902467 0.092619
v 0.660000 -0.902467 0.094884
v 0.670000 -0.902467 0.095295
v 0.680000 -0.902467 0.095337
v 0.690000 -0.902467 0.095339
v 0.700000 -0.902467 0.095303
v 0.710000 -0.902467 0.094899
v 0.720000 -0.902467 0.092636
v 0.729996 -0.902463 0.085565
v 0.739967 -0.902402 0.073576
v 0.749997 -0.902059 0.070481
v 0.759995 -0.901999 0.067879
v 0.769922 -0.901943 0.056477
v 0.779486 -0.901434 0.000000
v 0.789331 -0.898541 0.000000
v 0.796032 -0.896990 0.000000
v 0.850415 -0.902406 0.056288
v 0.843287 -0.901721 0.000000
v 0.860029 -0.902495 0.084059
v 0.870001 -0.902500 0.097432
v 0.880000 -0.902500 0.105881
v 0.890000 -0.902500 0.113057
v 0.900000 -0.902500 0.119884
v 0.910000 -0.902500 0.126210
v 0.920000 -0.902500 0.129807
v 0.930000 -0.902500 0.126796
v 0.940000 -0.902500 0.120471
v 0.950000 -0.902500 0.113443
v 0.960000 -0.902500 0.106065
v 0.969999 -0.902500 0.097530
v 0.979969 -0.902505 0.084066
v 0.989534 -0.902590 0.055824
v 0.995305 -0.895334 0.000000
v 0.996282 -0.903246 0.000000
v 0.340623 -0.909913 0.000000
v 0.333968 -0.908795 0.000000
v 0.350000 -0.910098 0.000000
v 0.359372 -0.909911 0.000000
v 0.365970 -0.908773 0.000000
v 0.600631 -0.909914 0.000000
v 0.594030 -0.908773 0.000000
v 0.610060 -0.910166 0.000000
v 0.620046 -0.910641 0.000000
v 0.630470 -0.913325 0.000000
v 0.640076 -0.913818 0.056521
v 0.650005 -0.913870 0.067854
v 0.660000 -0.913873 0.070085
v 0.670000 -0.913873 0.070324
v 0.680000 -0.913873 0.070339
v 0.690000 -0.913873 0.070339
v 0.700000 -0.913873 0.070324
v 0.710000 -0.913873 0.070085
v 0.719995 -0.913870 0.067855
v 0.729924 -0.913818 0.056522
v 0.739530 -0.913325 0.000000
v 0.749954 -0.910641 0.000000
v 0.759940 -0.910166 0.000000
v 0.769374 -0.909916 0.000000
v 0.776031 -0.908795 0.000000
v 0.850893 -0.913765 0.000000
v 0.844638 -0.909660 0.000000
v 0.860085 -0.914331 0.069601
v 0.870004 -0.914373 0.091488
v 0.880000 -0.914375 0.102231
v 0.890000 -0.914375 0.109779
v 0.900000 -0.914375 0.116552
v 0.910000 -0.914375 0.123048
v 0.920000 -0.914375 0.128059
v 0.930000 -0.914375 0.128018
v 0.940000 -0.914375 0.122850
v 0.950000 -0.914375 0.116273
v 0.960000 -0.914375 0.109414
v 0.969999 -0.914375 0.101684
v 0.979975 -0.914375 0.090336
v 0.989627 -0.914384 0.066374
v 0.996838 -0.914495 0.000000
v 0.640626 -0.921789 0.000000
v 0.633965 -0.920671 0.000000
v 0.650058 -0.921995 0.000000
v 0.660003 -0.922015 0.000000
v 0.670000 -0.922017 0.000000
v 0.680000 -0.922017 0.000000
v 0.690000 -0.922017 0.000000
v 0.700000 -0.922017 0.000000
v 0.709997 -0.922015 0.000000
v 0.719942 -0.921995 0.000000
v 0.729374 -0.921789 0.000000
v 0.736035 -0.920671 0.000000
v 0.860417 -0.926156 0.056254
v 0.853334 -0.925456 0.000000
v 0.870028 -0.926245 0.084199
v 0.880001 -0.926250 0.097594
v 0.890000 -0.926250 0.106109
v 0.900000 -0.926250 0.113479
v 0.910000 -0.926250 0.120498
v 0.920000 -0.926250 0.126779
v 0.930000 -0.926250 0.129585
v 0.940000 -0.926250 0.125332
v 0.950000 -0.926250 0.118639
v 0.960000 -0.926250 0.111464
v 0.970000 -0.926250 0.103569
v 0.979996 -0.926251 0.092799
v 0.989917 -0.926289 0.071256
v 0.999115 -0.926811 0.000000
v 0.860880 -0.937566 0.000000
v 0.854640 -0.933412 0.000000
v 0.870082 -0.938086 0.071410
v 0.880004 -0.938124 0.092966
v 0.890000 -0.938125 0.103799
v 0.900000 -0.938125 0.111887
v 0.910000 -0.938125 0.119272
v 0.920000 -0.938125 0.126099
v 0.930000 -0.938125 0.130232
v 0.940000 -0.938125 0.126869
v 0.950000 -0.938125 0.120417
v 0.960000 -0.938125 0.113398
v 0.970000 -0.938125 0.106045
v 0.979999 -0.938125 0.097516
v 0.989969 -0.938130 0.084052
v 0.999531 -0.938215 0.055793
v 1.005302 -0.930959 0.000000
v 1.006244 -0.938869 0.000000
v 0.870371 -0.949997 0.068183
v 0.863143 -0.949948 0.000000
v 0.880025 -0.950000 0.091804
v 0.890001 -0.950000 0.103234
v 0.900000 -0.950000 0.111475
v 0.910000 -0.950000 0.118914
v 0.920000 -0.950000 0.125841
v 0.930000 -0.950000 0.130592
v 0.940000 -0.950000 0.128743
v 0.950000 -0.950000 0.122919
v 0.960000 -0.950000 0.116242
v 0.970000 -0.950000 0.109368
v 0.979999 -0.950000 0.101615
v 0.989972 -0.950000 0.090194
v 0.999575 -0.950006 0.065914
v 1.006417 -0.950069 0.000000
v 0.443965 -0.955579 0.000000
v 0.450626 -0.954461 0.000000
v 0.450076 -0.962432 0.056496
v 0.440473 -0.962925 0.000000
v 0.460058 -0.954255 0.000000
v 0.460005 -0.962380 0.067838
v 0.470003 -0.954235 0.000000
v 0.470000 -0.962377 0.070071
v 0.480000 -0.954234 0.000000
v 0.480000 -0.962377 0.070315
v 0.490000 -0.954234 0.000000
v 0.490000 -0.962377 0.070337
v 0.500000 -0.954234 0.000000
v 0.500000 -0.962377 0.070339
v 0.510000 -0.954234 0.000000
v 0.510000 -0.962377 0.070338
v 0.520000 -0.954234 0.000000
v 0.520000 -0.962377 0.070293
v 0.529997 -0.954235 0.000000
v 0.529999 -0.962377 0.069832
v 0.539937 -0.954255 0.000000
v 0.539973 -0.962380 0.066685
v 0.549285 -0.954459 0.000000
v 0.549594 -0.962422 0.052466
v 0.555383 -0.955556 0.000000
v 0.556671 -0.962781 0.000000
v 0.870420 -0.961875 0.067613
v 0.863527 -0.961869 0.000000
v 0.880027 -0.961875 0.091512
v 0.890001 -0.961875 0.102945
v 0.900000 -0.961875 0.111011
v 0.910000 -0.961875 0.118197
v 0.920000 -0.961875 0.124867
v 0.930000 -0.961875 0.130042
v 0.940000 -0.961875 0.130382
v 0.950000 -0.961875 0.125215
v 0.960000 -0.961875 0.118334
v 0.970000 -0.961875 0.111056
v 0.979999 -0.961875 0.102956
v 0.989973 -0.961875 0.091510
v 0.999577 -0.961875 0.067584
v 1.006434 -0.961879 0.000000
v 0.413965 -0.967451 0.000000
v 0.420628 -0.966290 0.000000
v 0.420076 -0.974302 0.055824
v 0.410473 -0.974799 0.000000
v 0.430101 -0.965630 0.000000
v 0.430008 -0.974193 0.067542
v 0.440033 -0.973848 0.072778
v 0.450004 -0.973787 0.085175
v 0.460000 -0.973783 0.092377
v 0.470000 -0.973783 0.094688
v 0.480000 -0.973783 0.095168
v 0.490000 -0.973783 0.095307
v 0.500000 -0.973783 0.095350
v 0.510000 -0.973783 0.095340
v 0.520000 -0.973783 0.095084
v 0.530000 -0.973783 0.093547
v 0.539996 -0.973784 0.087612
v 0.549919 -0.973824 0.069040
v 0.559169 -0.974368 0.000000
v 0.870426 -0.973743 0.065893
v 0.863582 -0.973681 0.000000
v 0.880028 -0.973750 0.090045
v 0.890001 -0.973750 0.101412
v 0.900000 -0.973750 0.108955
v 0.910000 -0.973750 0.115419
v 0.920000 -0.973750 0.121426
v 0.930000 -0.973750 0.126935
v 0.940000 -0.973750 0.129600
v 0.950000 -0.973750 0.125625
v 0.960000 -0.973750 0.118866
v 0.970000 -0.973750 0.111431
v 0.979999 -0.973750 0.103166
v 0.989973 -0.973750 0.091662
v 0.999577 -0.973750 0.067724
v 1.006435 -0.973750 0.000000
v 0.384981 -0.978226 0.000000
v 0.390808 -0.977960 0.000000
v 0.391058 -0.985067 0.000000
v 0.385017 -0.982070 0.000000
v 0.400117 -0.977487 0.000000
v 0.400140 -0.985910 0.040103
v 0.410042 -0.985683 0.062270
v 0.420004 -0.985633 0.078807
v 0.430001 -0.985650 0.086313
v 0.440001 -0.985629 0.091090
v 0.450000 -0.985626 0.096726
v 0.460000 -0.985626 0.101744
v 0.470000 -0.985626 0.104829
v 0.480000 -0.985626 0.106170
v 0.490000 -0.985626 0.107022
v 0.500000 -0.985626 0.107425
v 0.510000 -0.985626 0.107503
v 0.520000 -0.985626 0.106719
v 0.530000 -0.985626 0.103606
v 0.540000 -0.985626 0.097197
v 0.549993 -0.985632 0.085135
v 0.559879 -0.985743 0.059671
v 0.565944 -0.978515 0.000000
v 0.569054 -0.986746 0.000000
v 0.870479 -0.985496 0.055376
v 0.863758 -0.984876 0.000000
v 0.880033 -0.985616 0.082238
v 0.890001 -0.985625 0.095914
v 0.900000 -0.985625 0.104023
v 0.910000 -0.985625 0.110647
v 0.920000 -0.985625 0.116971
v 0.930000 -0.985625 0.123106
v 0.940000 -0.985625 0.127284
v 0.950000 -0.985625 0.125072
v 0.960000 -0.985625 0.118851
v 0.970000 -0.985625 0.111469
v 0.979999 -0.985625 0.103183
v 0.989973 -0.985625 0.091672
v 0.999577 -0.985625 0.067730
v 1.006435 -0.985625 0.000000
v 0.400945 -0.996326 0.000000
v 0.394082 -0.992724 0.000000
v 0.410110 -0.996940 0.052675
v 0.420009 -0.997057 0.065902
v 0.430033 -0.997407 0.072069
v 0.440005 -0.997491 0.084950
v 0.450000 -0.997499 0.095009
v 0.460000 -0.997500 0.101672
v 0.470000 -0.997500 0.106112
v 0.480000 -0.997500 0.109382
v 0.490000 -0.997500 0.112445
v 0.500000 -0.997500 0.114483
v 0.510000 -0.997500 0.115511
v 0.520000 -0.997500 0.114432
v 0.530000 -0.997500 0.110178
v 0.540000 -0.997500 0.104130
v 0.550000 -0.997500 0.096371
v 0.559991 -0.997510 0.083537
v 0.569869 -0.997655 0.059287
v 0.575926 -0.990463 0.000000
v 0.579056 -0.998623 0.000000
v 0.693965 -0.991204 0.000000
v 0.700626 -0.990086 0.000000
v 0.700076 -0.998057 0.056520
v 0.690472 -0.998550 0.000000
v 0.710058 -0.989880 0.000000
v 0.710005 -0.998005 0.067855
v 0.720003 -0.989860 0.000000
v 0.720000 -0.998002 0.070086
v 0.730000 -0.989859 0.000000
v 0.730000 -0.998002 0.070325
v 0.740000 -0.989859 0.000000
v 0.740000 -0.998002 0.070337
v 0.750000 -0.989859 0.000000
v 0.750000 -0.998002 0.070293
v 0.759997 -0.989860 0.000000
v 0.759999 -0.998002 0.069831
v 0.769937 -0.989880 0.000000
v 0.769973 -0.998005 0.066682
v 0.779285 -0.990084 0.000000
v 0.779594 -0.998047 0.052457
v 0.785383 -0.991181 0.000000
v 0.786668 -0.998406 0.000000
v 0.871013 -0.996382 0.000000
v 0.864718 -0.992714 0.000000
v 0.880124 -0.997384 0.059560
v 0.890007 -0.997494 0.085312
v 0.900000 -0.997500 0.097980
v 0.910000 -0.997500 0.106248
v 0.920000 -0.997500 0.113521
v 0.930000 -0.997500 0.120328
v 0.940000 -0.997500 0.125378
v 0.950000 -0.997500 0.124559
v 0.960000 -0.997500 0.118788
v 0.970000 -0.997500 0.111467
v 0.979999 -0.997500 0.103184
v 0.989973 -0.997500 0.091673
v 0.999577 -0.997500 0.067730
v 1.006435 -0.997500 0.000000
v 0.410633 -1.004959 0.000000
v 0.404031 -1.003778 0.000000
v 0.420102 -1.005624 0.000000
v 0.430475 -1.008404 0.000000
v 0.440098 -1.009228 0.059717
v 0.450008 -1.009339 0.082808
v 0.460001 -1.009372 0.093053
v 0.470000 -1.009375 0.099476
v 0.480000 -1.009375 0.104797
v 0.490000 -1.009375 0.110264
v 0.500000 -1.009375 0.115390
v 0.510000 -1.009375 0.119390
v 0.520000 -1.009375 0.119839
v 0.530000 -1.009375 0.115929
v 0.540000 -1.009375 0.110306
v 0.550000 -1.009375 0.104011
v 0.560000 -1.009375 0.096235
v 0.569991 -1.009386 0.083566
v 0.579902 -1.009518 0.059886
v 0.585991 -1.002315 0.000000
v 0.589527 -1.010345 0.000000
v 0.663965 -1.003076 0.000000
v 0.670628 -1.001915 0.000000
v 0.670076 -1.009928 0.056546
v 0.660470 -1.010424 0.000000
v 0.680102 -1.001255 0.000000
v 0.680008 -1.009819 0.068250
v 0.690033 -1.009473 0.073337
v 0.700004 -1.009412 0.085553
v 0.710000 -1.009408 0.092643
v 0.720000 -1.009408 0.094914
v 0.730000 -1.009408 0.095327
v 0.740000 -1.009408 0.095341
v 0.750000 -1.009408 0.095079
v 0.760000 -1.009408 0.093532
v 0.769996 -1.009409 0.087566
v 0.779916 -1.009449 0.068899
v 0.789102 -1.009990 0.000000
v 0.880817 -1.008814 0.000000
v 0.874059 -1.004615 0.000000
v 0.890079 -1.009336 0.071540
v 0.900004 -1.009374 0.093007
v 0.910000 -1.009375 0.103811
v 0.920000 -1.009375 0.111879
v 0.930000 -1.009375 0.119070
v 0.940000 -1.009375 0.124502
v 0.950000 -1.009375 0.124329
v 0.960000 -1.009375 0.118759
v 0.970000 -1.009375 0.111465
v 0.979999 -1.009375 0.103184
v 0.989973 -1.009375 0.091673
v 0.999577 -1.009375 0.067730
v 1.006435 -1.009375 0.000000
v 0.440941 -1.020052 0.000000
v 0.434009 -1.016430 0.000000
v 0.450111 -1.020746 0.056341
v 0.460029 -1.021192 0.071533
v 0.470003 -1.021247 0.087827
v 0.480000 -1.021250 0.098306
v 0.490000 -1.021250 0.106216
v 0.500000 -1.021250 0.113271
v 0.510000 -1.021250 0.119526
v 0.520000 -1.021250 0.123031
v 0.530000 -1.021250 0.120926
v 0.540000 -1.021250 0.116064
v 0.550000 -1.021250 0.110308
v 0.560000 -1.021250 0.104038
v 0.570000 -1.021250 0.096586
v 0.579995 -1.021259 0.086248
v 0.589967 -1.021344 0.073609
v 0.599957 -1.013104 0.000000
v 0.599997 -1.021690 0.070598
v 0.609998 -1.013562 0.000000
v 0.610000 -1.021748 0.070108
v 0.620000 -1.013606 0.000000
v 0.620000 -1.021752 0.070018
v 0.630000 -1.013606 0.000000
v 0.630000 -1.021752 0.070018
v 0.640002 -1.013562 0.000000
v 0.640000 -1.021748 0.070108
v 0.650043 -1.013108 0.000000
v 0.650003 -1.021691 0.070594
v 0.660033 -1.021348 0.073539
v 0.670004 -1.021287 0.085546
v 0.680000 -1.021279 0.092717
v 0.690001 -1.021255 0.095831
v 0.700000 -1.021251 0.099918
v 0.710000 -1.021251 0.104037
v 0.720000 -1.021251 0.106768
v 0.730000 -1.021251 0.107578
v 0.740000 -1.021251 0.107530
v 0.750000 -1.021251 0.106627
v 0.760000 -1.021251 0.103409
v 0.769999 -1.021251 0.096728
v 0.779969 -1.021256 0.083836
v 0.789531 -1.021343 0.055764
v 0.795301 -1.014088 0.000000
v 0.796245 -1.021994 0.000000
v 0.890371 -1.021247 0.068197
v 0.883140 -1.021198 0.000000
v 0.900025 -1.021250 0.091816
v 0.910001 -1.021250 0.103252
v 0.920000 -1.021250 0.111511
v 0.930000 -1.021250 0.118790
v 0.940000 -1.021250 0.124304
v 0.950000 -1.021250 0.124283
v 0.960000 -1.021250 0.118755
v 0.970000 -1.021250 0.111465
v 0.979999 -1.021250 0.103184
v 0.989973 -1.021250 0.091673
v 0.999577 -1.021250 0.067730
v 1.006435 -1.021250 0.000000
v 0.450661 -1.029220 0.000000
v 0.444033 -1.027596 0.000000
v 0.460388 -1.032698 0.000000
v 0.470048 -1.033097 0.071954
v 0.480003 -1.033124 0.092888
v 0.490000 -1.033125 0.103568
v 0.500000 -1.033125 0.111399
v 0.510000 -1.033125 0.118281
v 0.520000 -1.033125 0.123496
v 0.530000 -1.033125 0.124343
v 0.540000 -1.033125 0.121184
v 0.550000 -1.033125 0.116116
v 0.560000 -1.033125 0.110467
v 0.570000 -1.033125 0.104896
v 0.580000 -1.033125 0.099839
v 0.589999 -1.033129 0.095761
v 0.600000 -1.033154 0.094146
v 0.610000 -1.033157 0.093129
v 0.620000 -1.033157 0.092516
v 0.630000 -1.033158 0.092516
v 0.640000 -1.033157 0.093125
v 0.650000 -1.033154 0.094111
v 0.660001 -1.033129 0.095633
v 0.670000 -1.033126 0.099552
v 0.680000 -1.033126 0.103747
v 0.690000 -1.033125 0.106834
v 0.700000 -1.033125 0.109220
v 0.710000 -1.033125 0.112139
v 0.720000 -1.033125 0.115001
v 0.730000 -1.033125 0.116139
v 0.740000 -1.033125 0.115717
v 0.750000 -1.033125 0.113622
v 0.760000 -1.033125 0.108729
v 0.769999 -1.033125 0.101508
v 0.779973 -1.033125 0.090187
v 0.789578 -1.033131 0.065942
v 0.796455 -1.033197 0.000000
v 0.890419 -1.033125 0.067760
v 0.883526 -1.033123 0.000000
v 0.900027 -1.033125 0.091681
v 0.910001 -1.033125 0.103188
v 0.920000 -1.033125 0.111468
v 0.930000 -1.033125 0.118757
v 0.940000 -1.033125 0.124280
v 0.950000 -1.033125 0.124279
v 0.960000 -1.033125 0.118754
v 0.970000 -1.033125 0.111465
v 0.979999 -1.033125 0.103184
v 0.989973 -1.033125 0.091673
v 0.999577 -1.033125 0.067730
v 1.006435 -1.033125 0.000000
v 0.470371 -1.044990 0.066409
v 0.463117 -1.044894 0.000000
v 0.480025 -1.045000 0.090191
v 0.490001 -1.045000 0.101480
v 0.500000 -1.045000 0.108999
v 0.510000 -1.045000 0.115412
v 0.520000 -1.045000 0.121022
v 0.530000 -1.045000 0.124797
v 0.540000 -1.045000 0.124957
v 0.550000 -1.045000 0.121378
v 0.560000 -1.045000 0.116412
v 0.570000 -1.045000 0.111549
v 0.580000 -1.045000 0.107514
v 0.590000 -1.045000 0.104295
v 0.600000 -1.045001 0.100766
v 0.610000 -1.045001 0.096737
v 0.619999 -1.045000 0.093341
v 0.630001 -1.044999 0.093338
v 0.640000 -1.045000 0.096675
v 0.650000 -1.045001 0.100338
v 0.660000 -1.045000 0.103311
v 0.670000 -1.045000 0.106140
v 0.680000 -1.045000 0.109535
v 0.690000 -1.045000 0.112831
v 0.700000 -1.045000 0.115252
v 0.710000 -1.045000 0.117461
v 0.720000 -1.045000 0.119700
v 0.730000 -1.045000 0.120684
v 0.740000 -1.045000 0.119394
v 0.750000 -1.045000 0.115802
v 0.760000 -1.045000 0.110072
v 0.769999 -1.045000 0.102664
v 0.779975 -1.045000 0.091560
v 0.789629 -1.045003 0.067990
v 0.796856 -1.045055 0.000000
v 0.890423 -1.045000 0.067731
v 0.883563 -1.045000 0.000000
v 0.900027 -1.045000 0.091673
v 0.910001 -1.045000 0.103184
v 0.920000 -1.045000 0.111465
v 0.930000 -1.045000 0.118755
v 0.940000 -1.045000 0.124279
v 0.950000 -1.045000 0.124278
v 0.960000 -1.045000 0.118754
v 0.970000 -1.045000 0.111465
v 0.979999 -1.045000 0.103184
v 0.989973 -1.045000 0.091673
v 0.999577 -1.045000 0.067730
v 1.006435 -1.045000 0.000000
v 0.470475 -1.056746 0.055408
v 0.463717 -1.056124 0.000000
v 0.480033 -1.056866 0.082247
v 0.490001 -1.056875 0.095918
v 0.500000 -1.056875 0.104026
v 0.510000 -1.056875 0.110646
v 0.520000 -1.056875 0.116918
v 0.530000 -1.056875 0.122738
v 0.540000 -1.056875 0.126402
v 0.550000 -1.056875 0.125101
v 0.560000 -1.056875 0.120405
v 0.570000 -1.056875 0.114620
v 0.580000 -1.056875 0.108878
v 0.590000 -1.056875 0.103180
v 0.600000 -1.056875 0.096190
v 0.609996 -1.056871 0.085924
v 0.619970 -1.056833 0.073682
v 0.630030 -1.056829 0.073628
v 0.640004 -1.056844 0.085306
v 0.650001 -1.056870 0.093080
v 0.660000 -1.056874 0.098758
v 0.670000 -1.056875 0.103250
v 0.680000 -1.056875 0.107311
v 0.690000 -1.056875 0.110961
v 0.700000 -1.056875 0.113823
v 0.710000 -1.056875 0.115225
v 0.720000 -1.056875 0.115997
v 0.730000 -1.056875 0.116161
v 0.740000 -1.056875 0.114923
v 0.750000 -1.056875 0.111605
v 0.760000 -1.056875 0.107092
v 0.770000 -1.056875 0.101206
v 0.779996 -1.056875 0.091855
v 0.789917 -1.056912 0.070518
v 0.799113 -1.057425 0.000000
v 0.890423 -1.056875 0.067730
v 0.883565 -1.056875 0.000000
v 0.900027 -1.056875 0.091673
v 0.910001 -1.056875 0.103184
v 0.920000 -1.056875 0.111465
v 0.930000 -1.056875 0.118754
v 0.940000 -1.056875 0.124278
v 0.950000 -1.056875 0.124278
v 0.960000 -1.056875 0.118754
v 0.970000 -1.056875 0.111465
v 0.979999 -1.056875 0.103184
v 0.989973 -1.056875 0.091673
v 0.999577 -1.056875 0.067730
v 1.006435 -1.056875 0.000000
v 0.471013 -1.067632 0.000000
v 0.464715 -1.063964 0.000000
v 0.480124 -1.068634 0.059560
v 0.490007 -1.068744 0.085312
v 0.500000 -1.068750 0.097980
v 0.510000 -1.068750 0.106249
v 0.520000 -1.068750 0.113519
v 0.530000 -1.068750 0.120312
v 0.540000 -1.068750 0.125413
v 0.550000 -1.068750 0.125146
v 0.560000 -1.068750 0.119977
v 0.570000 -1.068750 0.113232
v 0.580000 -1.068750 0.106037
v 0.590000 -1.068750 0.097892
v 0.599994 -1.068746 0.085372
v 0.609913 -1.068671 0.060349
v 0.619561 -1.068152 0.000000
v 0.630437 -1.068076 0.000000
v 0.640078 -1.068280 0.056963
v 0.650037 -1.068650 0.071091
v 0.660004 -1.068716 0.085342
v 0.670001 -1.068745 0.093451
v 0.680000 -1.068749 0.099368
v 0.690000 -1.068749 0.103867
v 0.700000 -1.068749 0.106614
v 0.710000 -1.068749 0.107457
v 0.720000 -1.068749 0.107647
v 0.730000 -1.068749 0.107587
v 0.740000 -1.068749 0.106760
v 0.750000 -1.068749 0.103963
v 0.760000 -1.068749 0.099531
v 0.769999 -1.068745 0.094519
v 0.779999 -1.068721 0.089635
v 0.789963 -1.068716 0.076271
v 0.799475 -1.068707 0.044062
v 0.805274 -1.061480 0.000000
v 0.806049 -1.068744 0.000000
v 0.890423 -1.068750 0.067730
v 0.883565 -1.068750 0.000000
v 0.900027 -1.068750 0.091673
v 0.910001 -1.068750 0.103184
v 0.920000 -1.068750 0.111465
v 0.930000 -1.068750 0.118754
v 0.940000 -1.068750 0.124278
v 0.950000 -1.068750 0.124278
v 0.960000 -1.068750 0.118754
v 0.970000 -1.068750 0.111465
v 0.979999 -1.068750 0.103184
v 0.989973 -1.068750 0.091673
v 0.999577 -1.068750 0.067730
v 1.006435 -1.068750 0.000000
v 0.480817 -1.080064 0.000000
v 0.474059 -1.075865 0.000000
v 0.490079 -1.080586 0.071540
v 0.500004 -1.080624 0.093007
v 0.510000 -1.080625 0.103811
v 0.520000 -1.080625 0.111879
v 0.530000 -1.080625 0.119072
v 0.540000 -1.080625 0.124533
v 0.550000 -1.080625 0.124500
v 0.560000 -1.080625 0.119046
v 0.570000 -1.080625 0.111860
v 0.580000 -1.080625 0.103797
v 0.589996 -1.080624 0.093002
v 0.599921 -1.080586 0.071545
v 0.609187 -1.080068 0.000000
v 0.616013 -1.075939 0.000000
v 0.640669 -1.076670 0.000000
v 0.633966 -1.075167 0.000000
v 0.650514 -1.079564 0.000000
v 0.660081 -1.080129 0.056869
v 0.670037 -1.080524 0.071109
v 0.680004 -1.080588 0.085306
v 0.690000 -1.080592 0.092620
v 0.700000 -1.080593 0.094903
v 0.710000 -1.080593 0.095318
v 0.720000 -1.080593 0.095364
v 0.730000 -1.080593 0.095328
v 0.740000 -1.080593 0.094913
v 0.750000 -1.080593 0.092638
v 0.759996 -1.080588 0.085518
v 0.769967 -1.080527 0.073183
v 0.779991 -1.080181 0.067872
v 0.789888 -1.080061 0.055150
v 0.798985 -1.079431 0.000000
v 0.805255 -1.075936 0.000000
v 0.890423 -1.080625 0.067730
v 0.883565 -1.080625 0.000000
v 0.900027 -1.080625 0.091672
v 0.910001 -1.080625 0.103183
v 0.920000 -1.080625 0.111462
v 0.930000 -1.080625 0.118749
v 0.940000 -1.080625 0.124273
v 0.950000 -1.080625 0.124278
v 0.960000 -1.080625 0.118754
v 0.970000 -1.080625 0.111465
v 0.979999 -1.080625 0.103184
v 0.989973 -1.080625 0.091673
v 0.999577 -1.080625 0.067730
v 1.006435 -1.080625 0.000000
v 0.490371 -1.092497 0.068197
v 0.483140 -1.092448 0.000000
v 0.500025 -1.092500 0.091816
v 0.510001 -1.092500 0.103252
v 0.520000 -1.092500 0.111511
v 0.530000 -1.092500 0.118790
v 0.540000 -1.092500 0.124308
v 0.550000 -1.092500 0.124305
v 0.560000 -1.092500 0.118789
v 0.570000 -1.092500 0.111510
v 0.579999 -1.092500 0.103252
v 0.589975 -1.092500 0.091816
v 0.599629 -1.092497 0.068197
v 0.606860 -1.092448 0.000000
v 0.660669 -1.088541 0.000000
v 0.653972 -1.086989 0.000000
v 0.670514 -1.091434 0.000000
v 0.680078 -1.091943 0.056476
v 0.690005 -1.091995 0.067853
v 0.700000 -1.091998 0.070086
v 0.710000 -1.091998 0.070325
v 0.720000 -1.091998 0.070339
v 0.730000 -1.091998 0.070325
v 0.740000 -1.091998 0.070086
v 0.749995 -1.091995 0.067855
v 0.759924 -1.091943 0.056518
v 0.769527 -1.091449 0.000000
v 0.779898 -1.088745 0.000000
v 0.789367 -1.088083 0.000000
v 0.795964 -1.086901 0.000000
v 0.890423 -1.092500 0.067724
v 0.883565 -1.092500 0.000000
v 0.900027 -1.092500 0.091662
v 0.910001 -1.092500 0.103166
v 0.920000 -1.092500 0.111418
v 0.930000 -1.092500 0.118679
v 0.940000 -1.092500 0.124198
v 0.950000 -1.092500 0.124262
v 0.960000 -1.092500 0.118753
v 0.970000 -1.092500 0.111465
v 0.979999 -1.092500 0.103184
v 0.989973 -1.092500 0.091673
v 0.999577 -1.092500 0.067730
v 1.006435 -1.092500 0.000000
v 0.490419 -1.104375 0.067761
v 0.483524 -1.104373 0.000000
v 0.500027 -1.104375 0.091681
v 0.510001 -1.104375 0.103188
v 0.520000 -1.104375 0.111468
v 0.530000 -1.104375 0.118757
v 0.540000 -1.104375 0.124280
v 0.550000 -1.104375 0.124280
v 0.560000 -1.104375 0.118757
v 0.570000 -1.104375 0.111468
v 0.579999 -1.104375 0.103188
v 0.589973 -1.104375 0.091681
v 0.599581 -1.104375 0.067760
v 0.606474 -1.104373 0.000000
v 0.680626 -1.099914 0.000000
v 0.673968 -1.098795 0.000000
v 0.690058 -1.100120 0.000000
v 0.700003 -1.100140 0.000000
v 0.710000 -1.100142 0.000000
v 0.720000 -1.100142 0.000000
v 0.730000 -1.100142 0.000000
v 0.739997 -1.100140 0.000000
v 0.749942 -1.100120 0.000000
v 0.759374 -1.099914 0.000000
v 0.766035 -1.098796 0.000000
v 0.890423 -1.104375 0.067584
v 0.883566 -1.104372 0.000000
v 0.900027 -1.104375 0.091510
v 0.910001 -1.104375 0.102955
v 0.920000 -1.104375 0.111043
v 0.930000 -1.104375 0.118137
v 0.940000 -1.104375 0.123661
v 0.950000 -1.104375 0.124122
v 0.960000 -1.104375 0.118737
v 0.970000 -1.104375 0.111464
v 0.979999 -1.104375 0.103184
v 0.989973 -1.104375 0.091673
v 0.999577 -1.104375 0.067730
v 1.006435 -1.104375 0.000000
v 0.490419 -1.116250 0.067761
v 0.483524 -1.116253 0.000000
v 0.500027 -1.116250 0.091681
v 0.510001 -1.116250 0.103188
v 0.520000 -1.116250 0.111468
v 0.530000 -1.116250 0.118757
v 0.540000 -1.116250 0.124280
v 0.550000 -1.116250 0.124279
v 0.560000 -1.116250 0.118755
v 0.570000 -1.116250 0.111465
v 0.579999 -1.116250 0.103184
v 0.589972 -1.116250 0.091673
v 0.599577 -1.116250 0.067731
v 0.606437 -1.116250 0.000000
v 0.890425 -1.116244 0.065914
v 0.883584 -1.116181 0.000000
v 0.900028 -1.116250 0.090194
v 0.910001 -1.116250 0.101615
v 0.920000 -1.116250 0.109361
v 0.930000 -1.116250 0.116123
v 0.940000 -1.116250 0.121836
v 0.950000 -1.116250 0.123580
v 0.960000 -1.116250 0.118662
v 0.970000 -1.116250 0.111458
v 0.979999 -1.116250 0.103183
v 0.989973 -1.116250 0.091673
v 0.999577 -1.116250 0.067730
v 1.006435 -1.116250 0.000000
v 0.490371 -1.128128 0.068189
v 0.483143 -1.128177 0.000000
v 0.500025 -1.128125 0.091814
v 0.510001 -1.128125 0.103252
v 0.520000 -1.128125 0.111510
v 0.530000 -1.128125 0.118790
v 0.540000 -1.128125 0.124304
v 0.550000 -1.128125 0.124283
v 0.560000 -1.128125 0.118755
v 0.570000 -1.128125 0.111465
v 0.579999 -1.128125 0.103184
v 0.589972 -1.128125 0.091673
v 0.599577 -1.128125 0.067730
v 0.606435 -1.128125 0.000000
v 0.890469 -1.128035 0.055794
v 0.883757 -1.127381 0.000000
v 0.900031 -1.128120 0.084058
v 0.910001 -1.128125 0.097526
v 0.920000 -1.128125 0.106060
v 0.930000 -1.128125 0.113385
v 0.940000 -1.128125 0.119839
v 0.950000 -1.128125 0.123023
v 0.960000 -1.128125 0.118587
v 0.970000 -1.128125 0.111453
v 0.979999 -1.128125 0.103183
v 0.989973 -1.128125 0.091672
v 0.999577 -1.128125 0.067730
v 1.006435 -1.128125 0.000000
v 0.490082 -1.140039 0.071410
v 0.480880 -1.140559 0.000000
v 0.500004 -1.140001 0.092966
v 0.510000 -1.140000 0.103799
v 0.520000 -1.140000 0.111875
v 0.530000 -1.140000 0.119069
v 0.540000 -1.140000 0.124502
v 0.550000 -1.140000 0.124329
v 0.560000 -1.140000 0.118759
v 0.570000 -1.140000 0.111465
v 0.579999 -1.140000 0.103184
v 0.589972 -1.140000 0.091673
v 0.599577 -1.140000 0.067730
v 0.606435 -1.140000 0.000000
v 0.890884 -1.139441 0.000000
v 0.884698 -1.135291 0.000000
v 0.900083 -1.139961 0.071402
v 0.910004 -1.139998 0.092962
v 0.920000 -1.140000 0.103796
v 0.930000 -1.140000 0.111854
v 0.940000 -1.140000 0.118816
v 0.950000 -1.140000 0.122756
v 0.960000 -1.140000 0.118554
v 0.970000 -1.140000 0.111451
v 0.979999 -1.140000 0.103183
v 0.989973 -1.140000 0.091672
v 0.999577 -1.140000 0.067730
v 1.006435 -1.140000 0.000000
v 0.474640 -1.144712 0.000000
v 0.480417 -1.151969 0.056253
v 0.473334 -1.152670 0.000000
v 0.490028 -1.151880 0.084199
v 0.500001 -1.151875 0.097594
v 0.510000 -1.151875 0.106108
v 0.520000 -1.151875 0.113465
v 0.530000 -1.151875 0.120311
v 0.540000 -1.151875 0.125377
v 0.550000 -1.151875 0.124559
v 0.560000 -1.151875 0.118788
v 0.570000 -1.151875 0.111467
v 0.579999 -1.151875 0.103184
v 0.589972 -1.151875 0.091673
v 0.599577 -1.151875 0.067730
v 0.606435 -1.151875 0.000000
v 0.900371 -1.151872 0.068189
v 0.893143 -1.151824 0.000000
v 0.910025 -1.151875 0.091814
v 0.920001 -1.151875 0.103251
v 0.930000 -1.151875 0.111496
v 0.940000 -1.151875 0.118578
v 0.950000 -1.151875 0.122701
v 0.960000 -1.151875 0.118548
v 0.970000 -1.151875 0.111451
v 0.979999 -1.151875 0.103183
v 0.989973 -1.151875 0.091672
v 0.999577 -1.151875 0.067730
v 1.006435 -1.151875 0.000000
v 0.480085 -1.163794 0.069583
v 0.470898 -1.164360 0.000000
v 0.490004 -1.163752 0.091472
v 0.500000 -1.163750 0.102217
v 0.510000 -1.163750 0.109764
v 0.520000 -1.163750 0.116532
v 0.530000 -1.163750 0.122935
v 0.540000 -1.163750 0.127264
v 0.550000 -1.163750 0.125077
v 0.560000 -1.163750 0.118857
v 0.570000 -1.163750 0.111472
v 0.579999 -1.163750 0.103184
v 0.589972 -1.163750 0.091673
v 0.599577 -1.163750 0.067731
v 0.606437 -1.163750 0.000000
v 0.900419 -1.163750 0.067760
v 0.893526 -1.163748 0.000000
v 0.910027 -1.163750 0.091680
v 0.920001 -1.163750 0.103187
v 0.930000 -1.163750 0.111451
v 0.940000 -1.163750 0.118545
v 0.950000 -1.163750 0.122690
v 0.960000 -1.163750 0.118547
v 0.970000 -1.163750 0.111451
v 0.979999 -1.163750 0.103183
v 0.989973 -1.163750 0.091673
v 0.999577 -1.163750 0.067730
v 1.006435 -1.163750 0.000000
v 0.464699 -1.168463 0.000000
v 0.470469 -1.175717 0.055622
v 0.463758 -1.176365 0.000000
v 0.480031 -1.175630 0.083756
v 0.490001 -1.175625 0.097192
v 0.500000 -1.175625 0.105660
v 0.510000 -1.175625 0.112846
v 0.520000 -1.175625 0.119679
v 0.530000 -1.175625 0.126017
v 0.540000 -1.175625 0.129505
v 0.550000 -1.175625 0.125709
v 0.560000 -1.175625 0.118945
v 0.570000 -1.175625 0.111481
v 0.579999 -1.175625 0.103188
v 0.589973 -1.175625 0.091681
v 0.599581 -1.175625 0.067760
v 0.606474 -1.175627 0.000000
v 0.900423 -1.175625 0.067725
v 0.893563 -1.175625 0.000000
v 0.910028 -1.175625 0.091663
v 0.920001 -1.175625 0.103165
v 0.930000 -1.175625 0.111404
v 0.940000 -1.175625 0.118472
v 0.950000 -1.175625 0.122615
v 0.960000 -1.175625 0.118531
v 0.970000 -1.175625 0.111449
v 0.979999 -1.175625 0.103183
v 0.989973 -1.175625 0.091673
v 0.999577 -1.175625 0.067731
v 1.006437 -1.175625 0.000000
v 0.470428 -1.187500 0.064101
v 0.463602 -1.187500 0.000000
v 0.480028 -1.187500 0.088737
v 0.490001 -1.187500 0.100232
v 0.500000 -1.187500 0.107988
v 0.510000 -1.187500 0.114834
v 0.520000 -1.187500 0.121493
v 0.530000 -1.187500 0.127579
v 0.540000 -1.187500 0.130428
v 0.550000 -1.187500 0.125939
v 0.560000 -1.187500 0.118996
v 0.570000 -1.187500 0.111524
v 0.579999 -1.187500 0.103252
v 0.589975 -1.187500 0.091816
v 0.599629 -1.187503 0.068197
v 0.606860 -1.187552 0.000000
v 0.900423 -1.187500 0.067584
v 0.893566 -1.187497 0.000000
v 0.910028 -1.187500 0.091510
v 0.920001 -1.187500 0.102955
v 0.930000 -1.187500 0.111028
v 0.940000 -1.187500 0.117931
v 0.950000 -1.187500 0.122078
v 0.960000 -1.187500 0.118393
v 0.970000 -1.187500 0.111436
v 0.979999 -1.187500 0.103186
v 0.989973 -1.187500 0.091681
v 0.999581 -1.187500 0.067760
v 1.006474 -1.187503 0.000000
v 0.470469 -1.199285 0.055648
v 0.463758 -1.198635 0.000000
v 0.480031 -1.199370 0.083896
v 0.490001 -1.199375 0.097344
v 0.500000 -1.199375 0.105870
v 0.510000 -1.199375 0.113220
v 0.520000 -1.199375 0.120235
v 0.530000 -1.199375 0.126704
v 0.540000 -1.199375 0.130146
v 0.550000 -1.199375 0.125952
v 0.560000 -1.199375 0.119175
v 0.570000 -1.199375 0.111854
v 0.580000 -1.199375 0.103787
v 0.589996 -1.199376 0.092987
v 0.599921 -1.199414 0.071532
v 0.609187 -1.199935 0.000000
v 0.693965 -1.193079 0.000000
v 0.700626 -1.191961 0.000000
v 0.700076 -1.199932 0.056521
v 0.690470 -1.200425 0.000000
v 0.710058 -1.191756 0.000000
v 0.710005 -1.199880 0.067855
v 0.720003 -1.191735 0.000000
v 0.720000 -1.199877 0.070085
v 0.730000 -1.191734 0.000000
v 0.730000 -1.199877 0.070325
v 0.740000 -1.191734 0.000000
v 0.740000 -1.199877 0.070339
v 0.750000 -1.191734 0.000000
v 0.750000 -1.199877 0.070340
v 0.760000 -1.191734 0.000000
v 0.760000 -1.199877 0.070339
v 0.770000 -1.191734 0.000000
v 0.770000 -1.199877 0.070323
v 0.779997 -1.191735 0.000000
v 0.780000 -1.199877 0.070069
v 0.789942 -1.191756 0.000000
v 0.789994 -1.199881 0.067758
v 0.799369 -1.191963 0.000000
v 0.799888 -1.199944 0.055776
v 0.805965 -1.193102 0.000000
v 0.808988 -1.200577 0.000000
v 0.900424 -1.199369 0.065917
v 0.893583 -1.199306 0.000000
v 0.910028 -1.199375 0.090195
v 0.920001 -1.199375 0.101615
v 0.930000 -1.199375 0.109347
v 0.940000 -1.199375 0.115917
v 0.950000 -1.199375 0.120259
v 0.960000 -1.199375 0.117880
v 0.970000 -1.199375 0.111403
v 0.979999 -1.199375 0.103245
v 0.989975 -1.199375 0.091813
v 0.999629 -1.199378 0.068189
v 1.006857 -1.199427 0.000000
v 0.470885 -1.210689 0.000000
v 0.464698 -1.206541 0.000000
v 0.480083 -1.211211 0.071246
v 0.490004 -1.211248 0.092788
v 0.500000 -1.211250 0.103557
v 0.510000 -1.211250 0.111451
v 0.520000 -1.211250 0.118613
v 0.530000 -1.211250 0.125198
v 0.540000 -1.211250 0.128972
v 0.550000 -1.211250 0.125516
v 0.560000 -1.211250 0.119546
v 0.570000 -1.211250 0.113028
v 0.580000 -1.211250 0.105886
v 0.590000 -1.211250 0.097684
v 0.599994 -1.211255 0.085184
v 0.609912 -1.211353 0.060193
v 0.616011 -1.204110 0.000000
v 0.619530 -1.212181 0.000000
v 0.643965 -1.204951 0.000000
v 0.650626 -1.203836 0.000000
v 0.650076 -1.211806 0.056502
v 0.640469 -1.212265 0.000000
v 0.660058 -1.203628 0.000000
v 0.660005 -1.211755 0.067827
v 0.670005 -1.203564 0.000000
v 0.670000 -1.211748 0.070075
v 0.680044 -1.203108 0.000000
v 0.680003 -1.211691 0.070687
v 0.690033 -1.211348 0.073565
v 0.700004 -1.211287 0.085548
v 0.710000 -1.211283 0.092622
v 0.720000 -1.211282 0.094892
v 0.730000 -1.211282 0.095310
v 0.740000 -1.211282 0.095354
v 0.750000 -1.211282 0.095356
v 0.760000 -1.211282 0.095352
v 0.770000 -1.211282 0.095284
v 0.780000 -1.211282 0.094701
v 0.789999 -1.211283 0.091818
v 0.799967 -1.211289 0.081528
v 0.809525 -1.211383 0.055344
v 0.815285 -1.204167 0.000000
v 0.816281 -1.212002 0.000000
v 0.900447 -1.211161 0.055865
v 0.893753 -1.210506 0.000000
v 0.910029 -1.211245 0.084085
v 0.920001 -1.211250 0.097534
v 0.930000 -1.211250 0.106050
v 0.940000 -1.211250 0.113188
v 0.950000 -1.211250 0.118318
v 0.960000 -1.211250 0.117561
v 0.970000 -1.211250 0.111687
v 0.980000 -1.211250 0.103784
v 0.989996 -1.211251 0.092961
v 0.999917 -1.211289 0.071401
v 1.009116 -1.211808 0.000000
v 0.480374 -1.223116 0.066373
v 0.473162 -1.223005 0.000000
v 0.490025 -1.223125 0.090329
v 0.500001 -1.223125 0.101673
v 0.510000 -1.223125 0.109391
v 0.520000 -1.223125 0.116156
v 0.530000 -1.223125 0.122162
v 0.540000 -1.223125 0.125165
v 0.550000 -1.223125 0.122438
v 0.560000 -1.223125 0.118126
v 0.570000 -1.223125 0.113411
v 0.580000 -1.223125 0.107753
v 0.590000 -1.223125 0.101609
v 0.600000 -1.223125 0.094636
v 0.609995 -1.223132 0.084964
v 0.619967 -1.223215 0.073001
v 0.630000 -1.214479 0.000000
v 0.630000 -1.223504 0.070737
v 0.640033 -1.223220 0.073268
v 0.650004 -1.223162 0.085194
v 0.660000 -1.223158 0.092192
v 0.670000 -1.223157 0.094384
v 0.680000 -1.223154 0.094921
v 0.690001 -1.223130 0.095913
v 0.700000 -1.223126 0.099652
v 0.710000 -1.223126 0.103724
v 0.720000 -1.223126 0.106459
v 0.730000 -1.223126 0.107330
v 0.740000 -1.223126 0.107476
v 0.750000 -1.223126 0.107489
v 0.760000 -1.223126 0.107459
v 0.770000 -1.223126 0.107129
v 0.780000 -1.223126 0.105343
v 0.789999 -1.223126 0.100515
v 0.799975 -1.223126 0.090067
v 0.809626 -1.223136 0.066352
v 0.816841 -1.223246 0.000000
v 0.900572 -1.222606 0.000000
v 0.894655 -1.218419 0.000000
v 0.910038 -1.223089 0.071843
v 0.920001 -1.223124 0.093104
v 0.930000 -1.223125 0.103853
v 0.940000 -1.223125 0.111733
v 0.950000 -1.223125 0.117592
v 0.960000 -1.223125 0.118322
v 0.970000 -1.223125 0.113185
v 0.980000 -1.223125 0.106046
v 0.989999 -1.223125 0.097525
v 0.999969 -1.223130 0.084058
v 1.009531 -1.223215 0.055794
v 1.015302 -1.215959 0.000000
v 1.016243 -1.223869 0.000000
v 0.480466 -1.234908 0.055798
v 0.473718 -1.234254 0.000000
v 0.490031 -1.234995 0.083921
v 0.500001 -1.235000 0.097367
v 0.510000 -1.235000 0.105825
v 0.520000 -1.235000 0.112849
v 0.530000 -1.235000 0.118450
v 0.540000 -1.235000 0.120007
v 0.550000 -1.235000 0.116658
v 0.560000 -1.235000 0.112343
v 0.570000 -1.235000 0.108223
v 0.580000 -1.235000 0.103543
v 0.590000 -1.234999 0.098376
v 0.599999 -1.234998 0.093403
v 0.610001 -1.234999 0.091107
v 0.619999 -1.235003 0.090958
v 0.630000 -1.235025 0.092049
v 0.640001 -1.235003 0.093192
v 0.650000 -1.235000 0.096653
v 0.660000 -1.235000 0.100177
v 0.670000 -1.235001 0.102356
v 0.680000 -1.235001 0.103547
v 0.690000 -1.235000 0.104812
v 0.700000 -1.235000 0.106834
v 0.710000 -1.235000 0.109666
v 0.720000 -1.235000 0.112636
v 0.730000 -1.235000 0.114202
v 0.740000 -1.235000 0.114621
v 0.750000 -1.235000 0.114677
v 0.760000 -1.235000 0.114582
v 0.770000 -1.235000 0.113707
v 0.780000 -1.235000 0.109985
v 0.790000 -1.235000 0.103322
v 0.799996 -1.235001 0.092817
v 0.809921 -1.235039 0.071399
v 0.819186 -1.235563 0.000000
v 0.910035 -1.235036 0.071980
v 0.900504 -1.235521 0.000000
v 0.920001 -1.235001 0.093148
v 0.930000 -1.235000 0.103872
v 0.940000 -1.235000 0.111813
v 0.950000 -1.235000 0.118150
v 0.960000 -1.235000 0.120320
v 0.970000 -1.235000 0.115923
v 0.980000 -1.235000 0.109347
v 0.989999 -1.235000 0.101615
v 0.999972 -1.235000 0.090194
v 1.009575 -1.235006 0.065914
v 1.016417 -1.235069 0.000000
v 0.480898 -1.246265 0.000000
v 0.474696 -1.242162 0.000000
v 0.490085 -1.246831 0.069593
v 0.500004 -1.246873 0.091475
v 0.510000 -1.246875 0.102171
v 0.520000 -1.246875 0.109428
v 0.530000 -1.246875 0.114565
v 0.540000 -1.246875 0.115103
v 0.550000 -1.246875 0.110709
v 0.560000 -1.246875 0.105161
v 0.570000 -1.246875 0.099749
v 0.579999 -1.246872 0.093523
v 0.589996 -1.246844 0.085506
v 0.599970 -1.246829 0.073611
v 0.610030 -1.246829 0.073289
v 0.620004 -1.246841 0.084266
v 0.630000 -1.246843 0.090520
v 0.640000 -1.246843 0.092247
v 0.650000 -1.246843 0.093101
v 0.660000 -1.246846 0.094093
v 0.670001 -1.246871 0.095500
v 0.680000 -1.246874 0.099066
v 0.690000 -1.246874 0.102686
v 0.700000 -1.246875 0.105343
v 0.710000 -1.246875 0.107851
v 0.720000 -1.246875 0.110988
v 0.730000 -1.246875 0.113572
v 0.740000 -1.246875 0.114496
v 0.750000 -1.246875 0.114679
v 0.760000 -1.246875 0.114719
v 0.770000 -1.246875 0.114305
v 0.780000 -1.246875 0.111338
v 0.790000 -1.246875 0.105735
v 0.800000 -1.246875 0.097913
v 0.809994 -1.246880 0.085396
v 0.819912 -1.246980 0.060304
v 0.826011 -1.239737 0.000000
v 0.829528 -1.247841 0.000000
v 0.893946 -1.239734 0.000000
v 0.900066 -1.246978 0.060376
v 0.890469 -1.247841 0.000000
v 0.910004 -1.246880 0.085435
v 0.920000 -1.246875 0.098005
v 0.930000 -1.246875 0.106255
v 0.940000 -1.246875 0.113464
v 0.950000 -1.246875 0.119726
v 0.960000 -1.246875 0.122413
v 0.970000 -1.246875 0.117970
v 0.980000 -1.246875 0.111031
v 0.989999 -1.246875 0.102955
v 0.999973 -1.246875 0.091510
v 1.009577 -1.246875 0.067584
v 1.016434 -1.246879 0.000000
v 0.490418 -1.258654 0.056224
v 0.483334 -1.257956 0.000000
v 0.500028 -1.258744 0.083994
v 0.510001 -1.258750 0.097010
v 0.520000 -1.258750 0.104738
v 0.530000 -1.258750 0.110004
v 0.540000 -1.258750 0.110894
v 0.550000 -1.258750 0.105937
v 0.560000 -1.258750 0.098316
v 0.569997 -1.258747 0.087851
v 0.579973 -1.258693 0.071595
v 0.589923 -1.258284 0.057010
v 0.599563 -1.258073 0.000000
v 0.610437 -1.258068 0.000000
v 0.620075 -1.258219 0.056474
v 0.630005 -1.258246 0.067634
v 0.640000 -1.258248 0.069783
v 0.650000 -1.258252 0.070094
v 0.660003 -1.258309 0.070592
v 0.670033 -1.258652 0.073529
v 0.680004 -1.258713 0.085495
v 0.690000 -1.258721 0.092590
v 0.700001 -1.258745 0.095641
v 0.710000 -1.258749 0.099749
v 0.720000 -1.258749 0.103900
v 0.730000 -1.258749 0.106586
v 0.740000 -1.258749 0.107368
v 0.750000 -1.258749 0.107519
v 0.760000 -1.258750 0.107821
v 0.770000 -1.258750 0.108911
v 0.780000 -1.258750 0.109639
v 0.790000 -1.258750 0.108083
v 0.800000 -1.258750 0.103616
v 0.810000 -1.258750 0.096641
v 0.819996 -1.258757 0.086267
v 0.829967 -1.258844 0.073650
v 0.839957 -1.250604 0.000000
v 0.839997 -1.259190 0.070737
v 0.849998 -1.251062 0.000000
v 0.850000 -1.259248 0.070365
v 0.860000 -1.251104 0.000000
v 0.860000 -1.259252 0.070341
v 0.870002 -1.251062 0.000000
v 0.870000 -1.259248 0.070365
v 0.880043 -1.250604 0.000000
v 0.880003 -1.259191 0.070738
v 0.890033 -1.258844 0.073654
v 0.900004 -1.258757 0.086290
v 0.910000 -1.258750 0.096745
v 0.920000 -1.258750 0.104251
v 0.930000 -1.258750 0.110736
v 0.940000 -1.258750 0.116905
v 0.950000 -1.258750 0.122213
v 0.960000 -1.258750 0.123579
v 0.970000 -1.258750 0.118593
v 0.980000 -1.258750 0.111412
v 0.989999 -1.258750 0.103165
v 0.999973 -1.258750 0.091662
v 1.009577 -1.258750 0.067724
v 1.016435 -1.258750 0.000000
v 0.490894 -1.270010 0.000000
v 0.484641 -1.265908 0.000000
v 0.500084 -1.270554 0.068998
v 0.510005 -1.270619 0.088474
v 0.520000 -1.270625 0.098078
v 0.530000 -1.270625 0.104113
v 0.540000 -1.270625 0.106879
v 0.550000 -1.270625 0.102917
v 0.559997 -1.270624 0.092962
v 0.569952 -1.270597 0.072091
v 0.579613 -1.270201 0.000000
v 0.589344 -1.266726 0.000000
v 0.596035 -1.265170 0.000000
v 0.620626 -1.266168 0.000000
v 0.613963 -1.265097 0.000000
v 0.630058 -1.266370 0.000000
v 0.640003 -1.266393 0.000000
v 0.650002 -1.266438 0.000000
v 0.660043 -1.266892 0.000000
v 0.670470 -1.269576 0.000000
v 0.680076 -1.270072 0.056543
v 0.690008 -1.270181 0.068242
v 0.700033 -1.270527 0.073324
v 0.710004 -1.270588 0.085542
v 0.720000 -1.270592 0.092634
v 0.730000 -1.270592 0.094901
v 0.740000 -1.270593 0.095318
v 0.750000 -1.270596 0.095450
v 0.760001 -1.270621 0.096298
v 0.770000 -1.270625 0.100008
v 0.780000 -1.270625 0.104355
v 0.790000 -1.270625 0.107473
v 0.800000 -1.270625 0.107287
v 0.810000 -1.270625 0.104109
v 0.820000 -1.270625 0.099810
v 0.829999 -1.270629 0.096238
v 0.840000 -1.270654 0.095445
v 0.850000 -1.270657 0.095367
v 0.860000 -1.270658 0.095369
v 0.870000 -1.270658 0.095378
v 0.880000 -1.270654 0.095470
v 0.890001 -1.270629 0.096320
v 0.900000 -1.270625 0.100106
v 0.910000 -1.270625 0.105036
v 0.920000 -1.270625 0.110536
v 0.930000 -1.270625 0.116226
v 0.940000 -1.270625 0.121646
v 0.950000 -1.270625 0.125626
v 0.960000 -1.270625 0.124583
v 0.970000 -1.270625 0.118786
v 0.980000 -1.270625 0.111464
v 0.989999 -1.270625 0.103183
v 0.999973 -1.270625 0.091672
v 1.009577 -1.270625 0.067730
v 1.016435 -1.270625 0.000000
v 0.500409 -1.282015 0.052856
v 0.493332 -1.281600 0.000000
v 0.510059 -1.282404 0.070003
v 0.520006 -1.282491 0.085722
v 0.530000 -1.282500 0.096302
v 0.540000 -1.282500 0.102036
v 0.549999 -1.282500 0.101047
v 0.559975 -1.282500 0.091422
v 0.569632 -1.282497 0.068086
v 0.576900 -1.282459 0.000000
v 0.680628 -1.278085 0.000000
v 0.673965 -1.276924 0.000000
v 0.690101 -1.278746 0.000000
v 0.700473 -1.281450 0.000000
v 0.710076 -1.281943 0.056520
v 0.720005 -1.281995 0.067855
v 0.730000 -1.281998 0.070086
v 0.740000 -1.282002 0.070350
v 0.750003 -1.282060 0.070737
v 0.760033 -1.282406 0.073652
v 0.770005 -1.282491 0.086253
v 0.780000 -1.282499 0.096433
v 0.790000 -1.282500 0.102907
v 0.800000 -1.282500 0.106445
v 0.810000 -1.282500 0.107759
v 0.820000 -1.282500 0.107382
v 0.830000 -1.282500 0.107257
v 0.840000 -1.282501 0.107441
v 0.850000 -1.282501 0.107572
v 0.860000 -1.282501 0.107667
v 0.870000 -1.282501 0.107733
v 0.880000 -1.282501 0.107789
v 0.890000 -1.282500 0.108138
v 0.900000 -1.282500 0.109701
v 0.910000 -1.282500 0.112762
v 0.920000 -1.282500 0.117003
v 0.930000 -1.282500 0.121957
v 0.940000 -1.282500 0.126800
v 0.950000 -1.282500 0.129166
v 0.960000 -1.282500 0.125559
v 0.970000 -1.282500 0.118922
v 0.980000 -1.282500 0.111476
v 0.989999 -1.282500 0.103184
v 0.999973 -1.282500 0.091673
v 1.009577 -1.282500 0.067730
v 1.016435 -1.282500 0.000000
v 0.500758 -1.290422 0.000000
v 0.494621 -1.288888 0.000000
v 0.510520 -1.293388 0.000000
v 0.520100 -1.294231 0.059813
v 0.530009 -1.294364 0.083479
v 0.540000 -1.294374 0.095292
v 0.549999 -1.294374 0.098133
v 0.559973 -1.294374 0.089643
v 0.569578 -1.294367 0.065897
v 0.576458 -1.294304 0.000000
v 0.710626 -1.289914 0.000000
v 0.703965 -1.288796 0.000000
v 0.720058 -1.290120 0.000000
v 0.730003 -1.290143 0.000000
v 0.740002 -1.290188 0.000000
v 0.750044 -1.290646 0.000000
v 0.760473 -1.293405 0.000000
v 0.770098 -1.294228 0.059831
v 0.780008 -1.294339 0.082962
v 0.790001 -1.294370 0.093180
v 0.800000 -1.294375 0.099349
v 0.810000 -1.294375 0.104205
v 0.820000 -1.294375 0.108396
v 0.830000 -1.294375 0.112122
v 0.840000 -1.294375 0.114257
v 0.850000 -1.294375 0.115315
v 0.860000 -1.294375 0.116057
v 0.870000 -1.294375 0.116554
v 0.880000 -1.294375 0.116778
v 0.890000 -1.294375 0.117128
v 0.900000 -1.294375 0.118248
v 0.910000 -1.294375 0.120553
v 0.920000 -1.294375 0.123954
v 0.930000 -1.294375 0.128093
v 0.940000 -1.294375 0.131662
v 0.950000 -1.294375 0.131357
v 0.960000 -1.294375 0.126020
v 0.970000 -1.294375 0.118972
v 0.980000 -1.294375 0.111479
v 0.989999 -1.294375 0.103184
v 0.999973 -1.294375 0.091673
v 1.009577 -1.294375 0.067730
v 1.016435 -1.294375 0.000000
v 0.520944 -1.305126 0.000000
v 0.514012 -1.301434 0.000000
v 0.530131 -1.306091 0.059200
v 0.540009 -1.306210 0.082471
v 0.549999 -1.306217 0.089433
v 0.559967 -1.306211 0.081254
v 0.569521 -1.306117 0.055298
v 0.576244 -1.305500 0.000000
v 0.770941 -1.305052 0.000000
v 0.764009 -1.301430 0.000000
v 0.780112 -1.305743 0.056319
v 0.790038 -1.306153 0.071125
v 0.800005 -1.306241 0.085992
v 0.810000 -1.306250 0.096513
v 0.820000 -1.306250 0.103776
v 0.830000 -1.306250 0.109592
v 0.840000 -1.306250 0.114044
v 0.850000 -1.306250 0.117226
v 0.860000 -1.306250 0.119895
v 0.870000 -1.306250 0.121851
v 0.880000 -1.306250 0.123001
v 0.890000 -1.306250 0.124133
v 0.900000 -1.306250 0.125777
v 0.910000 -1.306250 0.128056
v 0.920000 -1.306250 0.131001
v 0.930000 -1.306250 0.134345
v 0.940000 -1.306250 0.136079
v 0.950000 -1.306250 0.132744
v 0.960000 -1.306250 0.126231
v 0.970000 -1.306250 0.118988
v 0.980000 -1.306250 0.111480
v 0.989999 -1.306250 0.103184
v 0.999973 -1.306250 0.091673
v 1.009577 -1.306250 0.067730
v 1.016435 -1.306250 0.000000
v 0.530945 -1.316921 0.000000
v 0.524074 -1.313281 0.000000
v 0.540109 -1.317556 0.055688
v 0.550000 -1.317616 0.065349
v 0.559888 -1.317557 0.055553
v 0.568988 -1.316924 0.000000
v 0.575282 -1.313333 0.000000
v 0.780674 -1.314168 0.000000
v 0.774034 -1.312592 0.000000
v 0.790516 -1.317138 0.000000
v 0.800099 -1.317981 0.059841
v 0.810009 -1.318114 0.083557
v 0.820000 -1.318124 0.096133
v 0.830000 -1.318125 0.103339
v 0.840000 -1.318125 0.108252
v 0.850000 -1.318125 0.112116
v 0.860000 -1.318125 0.115826
v 0.870000 -1.318125 0.119116
v 0.880000 -1.318125 0.122245
v 0.890000 -1.318125 0.125730
v 0.900000 -1.318125 0.129337
v 0.910000 -1.318125 0.132448
v 0.920000 -1.318125 0.135358
v 0.930000 -1.318125 0.138030
v 0.940000 -1.318125 0.138145
v 0.950000 -1.318125 0.133264
v 0.960000 -1.318125 0.126291
v 0.970000 -1.318125 0.118987
v 0.980000 -1.318125 0.111477
v 0.989999 -1.318125 0.103183
v 0.999973 -1.318125 0.091672
v 1.009577 -1.318125 0.067730
v 1.016435 -1.318125 0.000000
v 0.540628 -1.325536 0.000000
v 0.534030 -1.324398 0.000000
v 0.550000 -1.325723 0.000000
v 0.559372 -1.325536 0.000000
v 0.565965 -1.324398 0.000000
v 0.800944 -1.328876 0.000000
v 0.794012 -1.325184 0.000000
v 0.810130 -1.329841 0.059230
v 0.820009 -1.329963 0.082915
v 0.830001 -1.329995 0.093217
v 0.840000 -1.329999 0.099502
v 0.850000 -1.330000 0.104342
v 0.860000 -1.330000 0.108600
v 0.870000 -1.330000 0.112501
v 0.880000 -1.330000 0.116771
v 0.890000 -1.330000 0.121283
v 0.900000 -1.330000 0.125089
v 0.910000 -1.330000 0.127965
v 0.920000 -1.330000 0.130995
v 0.930000 -1.330000 0.134343
v 0.940000 -1.330000 0.136058
v 0.950000 -1.330000 0.132650
v 0.960000 -1.330000 0.126130
v 0.970000 -1.330000 0.118911
v 0.980000 -1.330000 0.111433
v 0.989999 -1.330000 0.103166
v 0.999973 -1.330000 0.091662
v 1.009577 -1.330000 0.067724
v 1.016435 -1.330000 0.000000
v 0.810945 -1.340676 0.000000
v 0.804074 -1.337031 0.000000
v 0.820112 -1.341368 0.056313
v 0.830038 -1.341774 0.071071
v 0.840004 -1.341841 0.085408
v 0.850001 -1.341872 0.093593
v 0.860000 -1.341875 0.099769
v 0.870000 -1.341875 0.105104
v 0.880000 -1.341875 0.110422
v 0.890000 -1.341875 0.114918
v 0.900000 -1.341875 0.117831
v 0.910000 -1.341875 0.120510
v 0.920000 -1.341875 0.123950
v 0.930000 -1.341875 0.128075
v 0.940000 -1.341875 0.131506
v 0.950000 -1.341875 0.130748
v 0.960000 -1.341875 0.125258
v 0.970000 -1.341875 0.118334
v 0.980000 -1.341875 0.111055
v 0.989999 -1.341875 0.102955
v 0.999973 -1.341875 0.091510
v 1.009577 -1.341875 0.067584
v 1.016434 -1.341872 0.000000
v 0.820674 -1.349790 0.000000
v 0.814034 -1.348217 0.000000
v 0.830514 -1.352689 0.000000
v 0.840080 -1.353257 0.056906
v 0.850028 -1.353690 0.071565
v 0.860003 -1.353746 0.087630
v 0.870000 -1.353749 0.097548
v 0.880000 -1.353749 0.103683
v 0.890000 -1.353750 0.107122
v 0.900000 -1.353750 0.109561
v 0.910000 -1.353750 0.112751
v 0.920000 -1.353750 0.116997
v 0.930000 -1.353750 0.121881
v 0.940000 -1.353750 0.126249
v 0.950000 -1.353750 0.127148
v 0.960000 -1.353750 0.122602
v 0.970000 -1.353750 0.116178
v 0.980000 -1.353750 0.109350
v 0.989999 -1.353750 0.101605
v 0.999972 -1.353750 0.090188
v 1.009575 -1.353744 0.065914
v 1.016417 -1.353681 0.000000
v 0.840657 -1.361719 0.000000
v 0.833971 -1.360118 0.000000
v 0.850401 -1.365144 0.000000
v 0.860050 -1.365562 0.069598
v 0.870003 -1.365592 0.087667
v 0.880000 -1.365596 0.093646
v 0.890001 -1.365620 0.096032
v 0.900000 -1.365625 0.100079
v 0.910000 -1.365625 0.105029
v 0.920000 -1.365625 0.110516
v 0.930000 -1.365625 0.116096
v 0.940000 -1.365625 0.120830
v 0.950000 -1.365625 0.122519
v 0.960000 -1.365625 0.119065
v 0.970000 -1.365625 0.112925
v 0.980000 -1.365625 0.105828
v 0.989999 -1.365625 0.097363
v 0.999969 -1.365620 0.083913
v 1.009531 -1.365533 0.055768
v 1.016243 -1.364881 0.000000
v 0.860403 -1.376954 0.052516
v 0.853287 -1.376608 0.000000
v 0.870027 -1.376999 0.066713
v 0.880004 -1.377059 0.070230
v 0.890033 -1.377406 0.073606
v 0.900005 -1.377491 0.086262
v 0.910000 -1.377500 0.096593
v 0.920000 -1.377500 0.104019
v 0.930000 -1.377500 0.110058
v 0.940000 -1.377500 0.114553
v 0.950000 -1.377500 0.116037
v 0.960000 -1.377500 0.114315
v 0.970000 -1.377500 0.109324
v 0.980000 -1.377500 0.102159
v 0.989996 -1.377498 0.091474
v 0.999915 -1.377456 0.069592
v 1.009102 -1.376890 0.000000
v 1.015301 -1.372787 0.000000
v 0.860715 -1.384918 0.000000
v 0.854614 -1.383820 0.000000
v 0.870066 -1.385166 0.000000
v 0.880047 -1.385645 0.000000
v 0.890473 -1.388405 0.000000
v 0.900098 -1.389232 0.059887
v 0.910009 -1.389364 0.083559
v 0.920000 -1.389374 0.096113
v 0.930000 -1.389374 0.103039
v 0.940000 -1.389374 0.106607
v 0.950000 -1.389375 0.107681
v 0.960000 -1.389375 0.107505
v 0.970000 -1.389375 0.104089
v 0.979999 -1.389375 0.096928
v 0.989972 -1.389369 0.083989
v 0.999582 -1.389279 0.056224
v 1.006666 -1.388581 0.000000
v 0.900944 -1.400126 0.000000
v 0.894009 -1.396435 0.000000
v 0.910131 -1.401091 0.059225
v 0.920009 -1.401210 0.082820
v 0.930000 -1.401217 0.092286
v 0.940000 -1.401221 0.094964
v 0.950001 -1.401245 0.096083
v 0.960000 -1.401249 0.098402
v 0.970000 -1.401249 0.096776
v 0.979995 -1.401244 0.088321
v 0.989916 -1.401179 0.068988
v 0.999106 -1.400635 0.000000
v 1.005359 -1.396533 0.000000
v 0.910945 -1.411921 0.000000
v 0.904074 -1.408281 0.000000
v 0.920109 -1.412557 0.055918
v 0.930006 -1.412624 0.067829
v 0.940003 -1.412684 0.070464
v 0.950033 -1.413027 0.073353
v 0.960004 -1.413088 0.083630
v 0.969995 -1.413088 0.083156
v 0.979941 -1.413025 0.069722
v 0.989591 -1.412640 0.052839
v 0.996668 -1.412225 0.000000
v 0.920631 -1.420540 0.000000
v 0.914031 -1.419398 0.000000
v 0.930060 -1.420791 0.000000
v 0.940046 -1.421266 0.000000
v 0.950470 -1.423950 0.000000
v 0.960071 -1.424440 0.054188
v 0.969927 -1.424440 0.054122
v 0.979482 -1.423934 0.000000
v 0.989242 -1.421043 0.000000
v 0.995379 -1.419513 0.000000
v 0.960568 -1.432392 0.000000
v 0.953961 -1.431294 0.000000
v 0.969432 -1.432392 0.000000
v 0.976036 -1.431293 0.000000
f 3570 3599 3600 3571
f 27 28 30 29
f 4126 4155 4156 4127
f 55 66 67 56
f 2105 2152 2154 2104
f 4261 4274 4275 4262
f 3209 3260 3261 3210
f 4285 4295 4296 4286
f 2239 2304 2305 2240
f 4287 4297 4298 4288
f 1025 1069 1070 1026
f 4244 4262 4263 4245
f 11 21 22 13
f 4262 4275 4276 4263
f 1606 1665 1666 1607
f 3629 3630 3632 3631
f 2285 2361 2362 2284
f 4260 4273 4274 4261
f 4210 4230 4231 4211
f 28 40 41 30
f 13 22 23 15
f 2139 2191 2192 2140
f 100 101 103 102
f 2052 2053 2055 2054
f 3852 3913 3914 3854
f 3201 3250 3251 3202
f 14 15 17 16
f 8 18 20 10
f 35 47 49 36
f 2520 2577 2578 2521
f 4297 4303 4304 4298
f 151 152 154 153
f 4282 4291 4293 4283
f 6 11 13 12
f 2290 2291 2292 2228
f 4295 4302 4301 4296
f 88 109 110 89
f 33 48 47 35
f 3193 3242 3243 3194
f 190 234 235 191
f 2389 2449 2450 2390
f 89 110 111 90
f 53 64 65 54
f 60 73 72 62
f 21 35 36 22
f 4269 4280 4282 4270
f 23 37 38 24
f 4263 4276 4277 4264
f 3934 3988 3989 3935
f 4289 4299 4300 4290
f 2210 2257 2258 2211
f 2195 2244 2245 2196
f 15 23 24 17
f 3186 3235 3236 3187
f 3595 3650 3651 3596
f 98 121 122 101
f 4218 4236 4237 4219
f 199 242 243 200
f 29 30 32 31
f 4270 4282 4283 4271
f 2092 2141 2142 2093
f 365 403 404 366
f 3704 3754 3755 3705
f 2202 2250 2251 2204
f 4276 4288 4289 4277
f 38 51 52 39
f 2186 2235 2236 2187
f 40 53 54 41
f 1893 1918 1919 1894
f 1009 1053 1054 1010
f 72 85 84 74
f 3239 3289 3290 3240
f 4259 4272 4273 4260
f 62 72 74 63
f 3958 4004 4005 3959
f 2649 2694 2695 2650
f 4 8 10 3
f 939 979 980 941
f 109 138 139 110
f 139 189 190 140
f 505 542 543 506
f 271 307 309 272
f 2 3 6 5
f 1585 1647 1648 1586
f 51 62 63 52
f 131 132 134 133
f 489 526 527 490
f 69 80 81 71
f 63 74 75 64
f 3696 3747 3748 3698
f 117 118 120 99
f 87 108 109 88
f 1538 1607 1608 1540
f 2209 2255 2257 2210
f 205 248 249 206
f 178 219 221 220
f 124 171 172 126
f 43 44 46 45
f 102 103 105 104
f 4275 4287 4288 4276
f 96 99 98 97
f 470 507 508 471
f 509 546 547 510
f 4157 4180 4181 4158
f 235 275 276 236
f 125 126 128 127
f 127 128 130 129
f 1554 1616 1615 1553
f 2145 2197 2198 2146
f 101 122 123 103
f 103 123 124 105
f 3211 3262 3263 3212
f 123 170 171 124
f 71 81 83 82
f 78 89 90 79
f 80 91 92 81
f 895 946 947 896
f 233 273 274 234
f 2137 2189 2190 2138
f 3289 3334 3335 3290
f 182 224 225 181
f 56 67 68 57
f 162 205 206 164
f 343 379 380 344
f 1114 1151 1152 1115
f 269 308 307 271
f 3249 3299 3300 3250
f 4271 4283 4284 4272
f 303 337 338 304
f 263 301 302 264
f 669 703 704 670
f 1121 1156 1157 1122
f 148 196 198 147
f 77 88 89 78
f 2227 2293 2294 2229
f 36 49 50 37
f 147 198 199 150
f 3241 3291 3292 3242
f 74 84 86 75
f 118 166 167 120
f 2616 2663 2664 2617
f 299 333 334 300
f 415 455 454 414
f 142 192 193 143
f 4135 4164 4165 4136
f 1057 1093 1094 1058
f 3233 3283 3284 3234
f 1349 1378 1379 1350
f 2219 2266 2267 2220
f 159 160 162 161
f 3831 3883 3884 3832
f 755 782 783 756
f 211 254 255 212
f 333 367 368 334
f 220 221 223 222
f 4284 4294 4295 4285
f 158 203 204 160
f 143 193 194 144
f 3295 3340 3341 3296
f 1073 1109 1108 1072
f 2266 2330 2331 2267
f 150 199 200 152
f 510 547 548 511
f 3972 4018 4019 3973
f 2668 2711 2712 2669
f 371 409 410 372
f 3005 3064 3065 3006
f 66 77 78 67
f 511 548 549 512
f 3834 3886 3887 3835
f 126 172 173 128
f 20 33 35 21
f 2388 2448 2449 2389
f 1616 1675 1674 1615
f 106 135 137 108
f 2258 2322 2323 2259
f 54 65 66 55
f 175 217 218 176
f 128 173 174 130
f 696 728 729 695
f 225 266 267 226
f 330 364 365 331
f 92 113 114 93
f 659 685 686 660
f 222 223 224 182
f 167 209 210 168
f 3889 3949 3950 3890
f 3505 3533 3534 3506
f 234 274 275 235
f 2201 2202 2204 2203
f 3257 3306 3307 3258
f 355 393 394 356
f 2379 2439 2440 2380
f 119 165 166 118
f 2156 2207 2209 2158
f 3112 3161 3162 3113
f 933 975 976 934
f 405 441 442 406
f 141 191 192 142
f 2218 2265 2266 2219
f 192 236 237 193
f 709 741 742 710
f 443 474 475 444
f 1226 1256 1257 1227
f 2345 2346 2348 2347
f 68 79 80 69
f 216 259 260 217
f 397 433 434 398
f 2325 2397 2398 2326
f 1065 1101 1102 1066
f 615 647 648 616
f 107 136 135 106
f 2832 2870 2871 2833
f 322 356 357 323
f 251 289 290 252
f 1601 1660 1661 1602
f 213 256 257 214
f 214 257 258 215
f 207 250 251 208
f 2140 2192 2193 2141
f 3911 3966 3967 3912
f 1093 1122 1123 1094
f 114 143 144 115
f 260 298 299 261
f 237 277 278 238
f 206 249 250 207
f 231 271 272 232
f 232 272 273 233
f 2773 2815 2816 2774
f 515 552 553 516
f 477 514 515 478
f 2314 2388 2389 2315
f 99 120 121 98
f 342 378 377 341
f 52 63 64 53
f 224 265 266 225
f 1657 1714 1715 1658
f 529 532 531 530
f 2193 2242 2243 2194
f 253 291 292 254
f 255 293 294 256
f 200 243 244 201
f 3853 3912 3913 3852
f 298 332 333 299
f 283 316 318 284
f 679 713 714 680
f 245 283 284 246
f 1221 1251 1252 1222
f 2185 2234 2235 2186
f 3281 3329 3330 3282
f 221 263 264 223
f 1162 1194 1195 1163
f 247 285 286 248
f 136 186 185 135
f 1589 1651 1652 1590
f 595 635 636 596
f 549 587 588 550
f 300 334 335 301
f 437 468 469 438
f 2291 2365 2366 2292
f 215 258 259 216
f 2204 2251 2252 2206
f 2785 2786 2788 2787
f 1097 1126 1127 1098
f 2169 2220 2221 2170
f 3273 3321 3322 3274
f 179 182 181 180
f 254 292 293 255
f 967 1011 1012 968
f 264 302 303 265
f 3725 3777 3778 3726
f 751 778 779 752
f 323 357 358 324
f 277 314 315 278
f 294 328 329 295
f 135 185 187 137
f 296 330 331 297
f 2109 2157 2156 2108
f 499 538 539 501
f 301 335 336 302
f 3265 3314 3315 3266
f 2347 2348 2350 2349
f 7 9 8 4
f 2188 2237 2238 2189
f 3366 3405 3406 3367
f 1113 1150 1151 1114
f 138 188 189 139
f 332 366 367 333
f 163 164 165 119
f 310 344 345 311
f 204 247 248 205
f 312 346 347 313
f 3078 3127 3128 3079
f 149 150 152 151
f 653 679 680 654
f 2346 2413 2414 2348
f 317 351 350 316
f 302 336 337 303
f 2306 2380 2381 2307
f 304 338 339 305
f 1758 1808 1810 1759
f 3826 3878 3879 3827
f 130 174 175 132
f 855 882 883 857
f 502 541 540 504
f 309 343 344 310
f 327 361 362 328
f 272 309 310 273
f 4246 4264 4265 4247
f 2327 2399 2400 2328
f 219 262 263 221
f 2338 2407 2409 2339
f 2782 2783 2786 2785
f 364 402 403 365
f 262 300 301 263
f 3258 3307 3308 3259
f 1273 1304 1305 1274
f 2618 2665 2666 2619
f 157 158 160 159
f 236 276 277 237
f 285 319 320 286
f 2315 2389 2390 2316
f 295 329 330 296
f 2228 2292 2293 2227
f 1223 1253 1254 1224
f 392 428 429 393
f 717 748 750 719
f 287 321 322 288
f 90 111 112 91
f 334 368 369 335
f 2242 2307 2308 2243
f 336 370 371 337
f 4086 4119 4120 4087
f 1939 1962 1963 1940
f 1089 1118 1119 1090
f 4235 4253 4254 4236
f 171 213 214 172
f 358 396 397 359
f 2371 2431 2432 2372
f 2478 2536 2537 2479
f 387 423 425 389
f 825 860 862 826
f 341 377 379 343
f 2705 2733 2734 2706
f 132 175 176 134
f 360 398 399 361
f 396 432 433 397
f 2281 2340 2342 2341
f 373 411 412 374
f 374 412 413 376
f 351 387 389 350
f 2220 2267 2268 2221
f 1949 1972 1973 1950
f 3169 3218 3220 3171
f 781 802 803 782
f 3369 3408 3409 3370
f 195 197 196 148
f 366 404 405 367
f 383 420 421 384
f 384 421 422 385
f 3649 3705 3706 3650
f 2385 2445 2446 2386
f 2273 2274 2277 2276
f 999 1045 1044 1001
f 389 425 426 390
f 494 536 537 497
f 108 137 138 109
f 368 406 407 369
f 1572 1637 1638 1573
f 907 908 910 909
f 419 459 460 420
f 3313 3357 3358 3314
f 381 418 419 382
f 1773 1824 1825 1774
f 399 435 436 400
f 1202 1232 1233 1203
f 344 380 381 345
f 544 583 582 545
f 666 699 700 665
f 2217 2264 2265 2218
f 436 467 468 437
f 357 395 396 358
f 288 322 323 289
f 1445 1481 1482 1446
f 2659 2702 2704 2661
f 845 877 878 847
f 3305 3349 3348 3304
f 773 775 774 749
f 2363 2423 2424 2364
f 391 427 428 392
f 736 766 767 737
f 3562 3591 3592 3563
f 1328 1359 1360 1329
f 497 537 538 499
f 2402 2462 2463 2403
f 293 327 328 294
f 398 434 435 399
f 359 397 398 360
f 408 444 445 409
f 248 286 287 249
f 459 488 489 460
f 639 665 667 641
f 438 469 470 439
f 2380 2440 2441 2381
f 2975 3025 3026 2977
f 955 1000 999 956
f 218 261 262 219
f 1689 1746 1747 1690
f 413 449 451 450
f 468 505 506 469
f 347 383 384 348
f 3338 3380 3381 3339
f 2305 2379 2380 2306
f 4092 4125 4126 4093
f 1757 1809 1808 1758
f 901 950 952 904
f 2410 2473 2474 2411
f 170 212 213 171
f 2331 2403 2404 2332
f 156 202 203 158
f 456 485 486 457
f 3976 4022 4023 3977
f 2053 2091 2092 2055
f 210 253 254 211
f 1151 1184 1185 1152
f 493 494 497 496
f 454 483 485 456
f 439 470 471 440
f 448 479 480 449
f 2688 2721 2722 2689
f 2426 2489 2490 2427
f 363 401 402 364
f 461 490 491 462
f 446 477 478 447
f 471 508 509 472
f 416 456 457 417
f 261 299 300 262
f 1035 1078 1079 1036
f 965 1009 1010 966
f 1075 1111 1112 1076
f 421 461 462 422
f 140 190 191 141
f 1686 1743 1744 1687
f 893 944 945 894
f 2233 2298 2299 2234
f 406 442 443 407
f 3290 3335 3336 3291
f 197 240 239 196
f 594 634 635 595
f 973 1017 1018 974
f 2666 2709 2710 2667
f 146 147 150 149
f 350 389 390 352
f 487 524 525 488
f 2300 2374 2375 2301
f 3408 3436 3437 3409
f 2213 2260 2261 2214
f 1105 1134 1135 1106
f 3321 3365 3366 3322
f 259 297 298 260
f 198 241 242 199
f 480 517 518 481
f 1139 1142 1141 1140
f 2429 2492 2493 2430
f 1231 1261 1262 1232
f 485 522 523 486
f 4221 4239 4240 4222
f 479 516 517 480
f 517 554 555 518
f 1290 1321 1322 1291
f 2831 2869 2870 2832
f 1101 1130 1131 1102
f 243 281 282 244
f 1633 1690 1691 1634
f 1061 1097 1098 1062
f 3035 3036 3038 3037
f 447 478 479 448
f 512 549 550 513
f 3122 3171 3172 3123
f 2284 2362 2363 2287
f 2549 2603 2604 2550
f 313 347 348 314
f 2257 2321 2322 2258
f 604 605 607 606
f 565 568 567 566
f 2691 2724 2725 2692
f 2274 2336 2338 2277
f 536 579 580 537
f 662 688 689 663
f 525 561 562 526
f 188 232 233 189
f 520 558 557 522
f 2545 2599 2600 2546
f 578 622 623 579
f 2261 2325 2326 2262
f 488 525 526 489
f 3165 3214 3215 3166
f 2442 2505 2506 2443
f 2881 2916 2918 2917
f 432 464 463 433
f 2333 2405 2406 2334
f 1311 1340 1342 1312
f 2332 2404 2405 2333
f 527 563 564 528
f 1179 1210 1209 1178
f 3353 3392 3393 3354
f 2427 2490 2491 2428
f 559 594 595 560
f 560 595 596 561
f 2477 2535 2536 2478
f 1153 1187 1186 1155
f 1157 1189 1190 1158
f 1525 1528 1527 1526
f 923 965 966 924
f 1133 1168 1169 1134
f 1399 1434 1435 1400
f 550 588 589 551
f 774 795 797 776
f 568 614 615 567
f 857 883 884 859
f 2241 2306 2307 2242
f 1359 1391 1392 1360
f 533 534 535 495
f 611 644 645 613
f 1456 1493 1494 1458
f 1309 1341 1340 1311
f 172 214 215 173
f 166 208 209 167
f 282 317 316 283
f 291 325 326 292
f 574 618 619 575
f 575 619 620 576
f 2316 2390 2391 2317
f 22 36 37 23
f 49 61 60 50
f 1189 1219 1220 1190
f 3329 3373 3374 3330
f 557 592 594 559
f 2411 2474 2475 2412
f 567 615 616 570
f 592 633 634 594
f 535 578 579 536
f 2987 3045 3046 2988
f 658 684 683 657
f 274 311 312 275
f 723 754 755 724
f 613 645 646 614
f 576 620 621 577
f 959 1003 1004 960
f 566 567 570 569
f 2669 2712 2713 2670
f 507 544 545 508
f 2466 2527 2528 2468
f 275 312 313 276
f 614 646 647 615
f 455 484 483 454
f 600 603 602 601
f 1334 1364 1365 1335
f 1323 1353 1354 1324
f 725 756 757 727
f 1431 1465 1467 1432
f 637 663 664 638
f 630 632 631 593
f 623 655 656 624
f 545 582 584 546
f 2755 2772 2773 2756
f 203 246 247 204
f 3337 3379 3380 3338
f 621 653 654 622
f 814 840 841 817
f 356 394 395 357
f 3322 3366 3367 3323
f 597 637 638 598
f 558 593 592 557
f 902 951 950 901
f 1209 1240 1242 1211
f 3997 4040 4041 3998
f 3661 3716 3717 3662
f 524 560 561 525
f 154 201 202 156
f 2459 2520 2521 2460
f 2370 2430 2431 2371
f 2364 2424 2425 2365
f 3490 3518 3519 3491
f 1435 1470 1471 1436
f 3521 3551 3552 3522
f 927 969 970 928
f 331 365 366 332
f 654 680 681 655
f 663 689 690 664
f 640 666 665 639
f 2326 2398 2399 2327
f 3409 3437 3438 3410
f 4087 4120 4121 4088
f 661 687 688 662
f 670 704 705 671
f 655 681 682 656
f 672 706 707 673
f 3555 3584 3585 3556
f 1725 1780 1781 1726
f 1649 1706 1707 1650
f 2443 2506 2507 2444
f 2348 2414 2415 2350
f 631 657 659 633
f 915 916 917 870
f 2001 2024 2025 2002
f 1469 1504 1505 1470
f 677 711 712 678
f 686 720 721 687
f 2322 2394 2395 2323
f 688 722 723 689
f 2846 2886 2887 2847
f 1765 1816 1817 1766
f 1351 1380 1381 1352
f 1639 1696 1697 1640
f 307 341 343 309
f 678 712 713 679
f 276 313 314 277
f 680 714 715 681
f 3646 3702 3703 3647
f 3037 3038 3039 2981
f 806 833 834 807
f 701 733 734 702
f 687 721 722 688
f 648 674 675 649
f 3542 3544 3543 3515
f 1467 1502 1503 1468
f 644 670 671 645
f 1583 1645 1646 1584
f 685 719 720 686
f 711 743 744 712
f 608 609 611 610
f 3803 3856 3857 3804
f 1451 1487 1488 1452
f 764 791 792 765
f 2514 2572 2573 2515
f 693 696 695 694
f 1274 1305 1306 1275
f 252 290 291 253
f 1368 1400 1401 1369
f 2038 2074 2075 2039
f 1387 1421 1423 1386
f 3667 3722 3723 3668
f 748 776 777 750
f 1333 1363 1362 1332
f 605 641 642 607
f 445 476 477 446
f 3401 3429 3431 3403
f 2499 2557 2558 2500
f 727 757 758 728
f 440 471 472 441
f 607 642 643 609
f 2397 2457 2458 2398
f 2889 2948 2949 2890
f 1655 1712 1713 1656
f 483 520 522 485
f 710 742 743 711
f 719 750 751 720
f 2516 2575 2574 2518
f 407 443 444 408
f 1595 1596 1598 1597
f 3227 3277 3278 3228
f 3393 3421 3422 3394
f 242 279 281 243
f 750 777 778 751
f 695 729 730 698
f 2483 2541 2542 2484
f 3426 3454 3455 3427
f 980 1024 1025 982
f 185 229 231 187
f 3590 3645 3646 3591
f 2538 2592 2593 2539
f 757 784 785 758
f 766 793 794 767
f 943 986 985 942
f 760 787 788 761
f 1063 1099 1100 1064
f 850 851 853 852
f 3417 3445 3446 3418
f 1759 1810 1811 1760
f 651 677 678 652
f 1719 1774 1775 1720
f 733 763 764 734
f 2660 2703 2702 2659
f 3269 3319 3318 3271
f 2530 2584 2586 2532
f 3929 3983 3984 3930
f 186 230 229 185
f 758 785 786 759
f 308 342 341 307
f 720 751 752 721
f 1775 1826 1827 1776
f 1627 1686 1687 1629
f 1134 1169 1170 1135
f 1487 1563 1564 1488
f 395 431 432 396
f 1110 1147 1148 1111
f 3051 3103 3104 3052
f 956 999 1001 957
f 759 786 787 760
f 718 749 748 717
f 1533 1534 1536 1535
f 2507 2565 2566 2508
f 789 810 811 790
f 1783 1834 1835 1784
f 694 695 698 697
f 3362 3401 3403 3364
f 601 602 605 604
f 1665 1722 1723 1666
f 798 825 826 799
f 2428 2491 2492 2429
f 816 817 819 818
f 991 1035 1036 992
f 1265 1267 1266 1237
f 3309 3353 3354 3310
f 868 870 869 838
f 805 832 833 806
f 2667 2710 2711 2668
f 2570 2624 2625 2571
f 1298 1329 1330 1299
f 379 416 417 380
f 799 826 827 800
f 856 857 859 858
f 111 140 141 112
f 3429 3457 3459 3431
f 2745 2761 2762 2746
f 829 865 866 830
f 292 326 327 293
f 1958 1981 1982 1959
f 2571 2625 2626 2572
f 821 843 845 844
f 839 872 873 840
f 995 1040 1041 998
f 1426 1462 1463 1427
f 813 814 817 816
f 815 839 840 814
f 1005 1049 1050 1006
f 1855 1902 1903 1856
f 830 866 867 831
f 775 796 795 774
f 2412 2475 2476 2413
f 2535 2589 2590 2536
f 1683 1740 1741 1684
f 1741 1795 1796 1742
f 3441 3469 3470 3442
f 2354 2417 2418 2356
f 3391 3419 3420 3392
f 1749 1803 1804 1750
f 435 466 467 436
f 340 374 376 375
f 4239 4257 4258 4240
f 2733 2749 2750 2734
f 854 855 857 856
f 853 881 882 855
f 887 888 890 889
f 840 873 874 841
f 3082 3131 3132 3083
f 914 957 958 916
f 883 931 932 884
f 884 932 933 886
f 909 910 912 911
f 926 968 969 927
f 911 912 914 913
f 824 861 860 825
f 3311 3355 3356 3312
f 906 953 954 908
f 410 446 447 411
f 3433 3461 3462 3434
f 870 917 918 869
f 800 827 828 801
f 3565 3594 3595 3566
f 728 758 759 729
f 1763 1814 1815 1764
f 2594 2644 2645 2595
f 2297 2371 2372 2298
f 411 447 448 412
f 2769 2811 2812 2770
f 324 358 359 325
f 880 928 929 881
f 2447 2510 2511 2448
f 2547 2601 2602 2548
f 877 925 926 878
f 2508 2566 2567 2509
f 1225 1255 1256 1226
f 3425 3453 3454 3426
f 894 945 946 895
f 2444 2507 2508 2445
f 2513 2571 2572 2514
f 924 966 967 925
f 869 918 919 871
f 886 933 934 888
f 879 927 928 880
f 904 952 953 906
f 1016 1060 1061 1017
f 3013 3071 3072 3014
f 2369 2429 2430 2370
f 2602 2652 2653 2603
f 885 886 888 887
f 1102 1131 1132 1103
f 871 919 920 872
f 896 947 948 897
f 1243 1273 1274 1244
f 577 621 622 578
f 2963 3013 3014 2964
f 2039 2075 2076 2040
f 226 267 268 228
f 878 926 927 879
f 863 894 895 864
f 3292 3337 3338 3293
f 2084 2134 2135 2086
f 467 504 505 468
f 917 959 960 918
f 2159 2210 2211 2160
f 2603 2653 2654 2604
f 888 934 935 890
f 2376 2436 2437 2377
f 3098 3147 3148 3099
f 1091 1120 1121 1092
f 2626 2673 2674 2627
f 2064 2114 2115 2065
f 978 1022 1023 979
f 81 92 93 83
f 844 845 847 846
f 941 980 982 981
f 918 960 961 919
f 783 804 805 784
f 3410 3438 3439 3411
f 2569 2623 2624 2570
f 3821 3873 3874 3822
f 1733 1787 1788 1734
f 732 762 763 733
f 451 481 482 453
f 942 985 987 944
f 647 673 674 648
f 1374 1410 1411 1375
f 496 497 499 498
f 1931 1954 1953 1930
f 1315 1345 1346 1316
f 508 545 546 509
f 957 1001 1002 958
f 1312 1342 1343 1313
f 319 353 354 320
f 2500 2558 2559 2501
f 2262 2326 2327 2263
f 305 339 340 306
f 1957 1980 1981 1958
f 2226 2228 2227 2179
f 1619 1678 1679 1620
f 928 970 971 929
f 1074 1110 1111 1075
f 1012 1056 1057 1013
f 1933 1956 1957 1934
f 3115 3164 3165 3116
f 981 982 984 983
f 2587 2636 2638 2588
f 2434 2497 2498 2435
f 925 967 968 926
f 1780 1831 1832 1781
f 2361 2421 2422 2362
f 966 1010 1011 967
f 972 1016 1017 973
f 3248 3298 3299 3249
f 3965 4011 4012 3966
f 1011 1055 1056 1012
f 2132 2184 2185 2133
f 1317 1347 1348 1318
f 958 1002 1003 959
f 676 710 711 677
f 976 1020 1021 977
f 189 233 234 190
f 1995 2019 2020 1996
f 2329 2401 2402 2330
f 2017 2040 2041 2018
f 861 892 891 860
f 1094 1123 1124 1095
f 935 977 978 937
f 2484 2542 2543 2485
f 3832 3884 3885 3833
f 273 310 311 274
f 466 502 504 467
f 1052 1088 1089 1053
f 989 1033 1034 990
f 1314 1344 1345 1315
f 3457 3488 3489 3459
f 1008 1052 1053 1009
f 4236 4254 4255 4237
f 1058 1094 1095 1059
f 2651 2696 2697 2652
f 643 669 670 644
f 404 440 441 405
f 984 1026 1028 1027
f 4164 4187 4188 4165
f 4117 4146 4147 4118
f 1169 1201 1202 1170
f 1007 1051 1052 1008
f 1006 1050 1051 1007
f 944 987 988 945
f 3768 3817 3818 3769
f 2896 2955 2956 2897
f 2067 2117 2118 2068
f 1059 1095 1096 1060
f 1841 1888 1889 1842
f 314 348 349 315
f 1030 1073 1072 1029
f 1031 1074 1075 1032
f 936 937 939 938
f 573 574 575 532
f 665 700 701 667
f 474 511 512 475
f 2247 2312 2313 2248
f 1029 1072 1074 1031
f 2627 2674 2676 2675
f 388 424 423 387
f 1360 1392 1393 1361
f 469 506 507 470
f 1979 2003 2004 1980
f 2061 2111 2112 2062
f 1777 1828 1829 1778
f 1021 1065 1066 1022
f 1054 1090 1091 1055
f 155 156 158 157
f 1032 1075 1076 1033
f 1289 1320 1321 1290
f 2029 2065 2066 2030
f 1092 1121 1122 1093
f 1037 1039 1038 996
f 1038 1080 1082 1040
f 1055 1091 1092 1056
f 2652 2697 2698 2653
f 765 792 793 766
f 2131 2182 2183 2130
f 1909 1934 1935 1910
f 346 382 383 347
f 258 296 297 259
f 1678 1735 1736 1679
f 1039 1081 1080 1038
f 3498 3526 3527 3499
f 1125 1160 1161 1126
f 145 148 147 146
f 2181 2230 2231 2182
f 2303 2377 2378 2304
f 531 576 577 534
f 1014 1058 1059 1015
f 1015 1059 1060 1016
f 1088 1116 1118 1089
f 1053 1089 1090 1054
f 1122 1157 1158 1123
f 1219 1248 1250 1220
f 1161 1193 1194 1162
f 4057 4092 4093 4058
f 1069 1105 1106 1070
f 2946 2999 3000 2947
f 934 976 977 935
f 1295 1297 1296 1267
f 1072 1108 1110 1074
f 403 439 440 404
f 2211 2258 2259 2212
f 846 847 849 848
f 1095 1124 1125 1096
f 1040 1082 1083 1041
f 325 359 360 326
f 617 649 650 618
f 1131 1166 1167 1132
f 2399 2459 2460 2400
f 523 559 560 524
f 2859 2860 2863 2862
f 484 521 520 483
f 3450 3478 3479 3451
f 3324 3368 3369 3325
f 1242 1272 1273 1243
f 514 551 552 515
f 897 948 949 898
f 571 572 574 573
f 1442 1478 1477 1441
f 420 460 461 421
f 2564 2618 2619 2565
f 1109 1146 1145 1108
f 1126 1161 1162 1127
f 1077 1113 1114 1078
f 286 320 321 287
f 1421 1458 1459 1423
f 2221 2268 2269 2222
f 1156 1188 1189 1157
f 741 771 772 742
f 3027 3028 3030 3029
f 1127 1162 1163 1128
f 2245 2310 2311 2246
f 2409 2471 2473 2410
f 2754 2771 2772 2755
f 587 626 628 588
f 1214 1245 1246 1215
f 1119 1153 1155 1120
f 1112 1149 1150 1113
f 2173 2224 2225 2174
f 2275 2337 2336 2274
f 2301 2375 2376 2302
f 2463 2524 2525 2464
f 1173 1175 1174 1142
f 2747 2766 2765 2749
f 1103 1132 1133 1104
f 1136 1171 1172 1138
f 2013 2036 2037 2014
f 609 643 644 611
f 2357 2358 2360 2359
f 2418 2481 2482 2419
f 1150 1183 1184 1151
f 2548 2602 2603 2549
f 2377 2437 2438 2378
f 1210 1241 1240 1209
f 1124 1159 1160 1125
f 563 598 599 564
f 1166 1198 1199 1167
f 476 513 514 477
f 1168 1200 1201 1169
f 414 454 456 416
f 1491 1569 1570 1493
f 579 623 624 580
f 2731 2747 2749 2733
f 1484 1560 1561 1485
f 1160 1192 1193 1161
f 3206 3257 3258 3207
f 1950 1973 1974 1951
f 1203 1233 1234 1204
f 1212 1243 1244 1213
f 1495 1572 1573 1496
f 1182 1213 1214 1183
f 1159 1191 1192 1160
f 1120 1155 1156 1121
f 2519 2576 2577 2520
f 2323 2395 2396 2324
f 610 611 613 612
f 2365 2425 2426 2366
f 1174 1205 1207 1176
f 1165 1197 1198 1166
f 1305 1336 1337 1306
f 1283 1314 1315 1284
f 562 597 598 563
f 3497 3525 3526 3498
f 1141 1176 1177 1144
f 1325 1327 1326 1297
f 1183 1214 1215 1184
f 3101 3150 3151 3102
f 2189 2238 2239 2190
f 2543 2597 2598 2544
f 290 324 325 291
f 1158 1190 1191 1159
f 492 495 494 493
f 1056 1092 1093 1057
f 3485 3487 3486 3458
f 2251 2316 2317 2252
f 947 990 991 948
f 3489 3517 3518 3490
f 619 651 652 620
f 1206 1236 1238 1205
f 1215 1246 1247 1216
f 1192 1222 1223 1193
f 3397 3425 3426 3398
f 1579 1642 1641 1580
f 1205 1238 1239 1207
f 1244 1274 1275 1245
f 2621 2668 2669 2622
f 2644 2689 2690 2645
f 1321 1351 1352 1322
f 864 895 896 865
f 2786 2831 2832 2788
f 1229 1259 1260 1230
f 2819 2854 2855 2820
f 1410 1445 1446 1411
f 2580 2633 2634 2581
f 3637 3638 3640 3639
f 1194 1224 1225 1195
f 2623 2670 2671 2624
f 603 640 639 602
f 2522 2579 2580 2523
f 1199 1229 1230 1200
f 1240 1270 1272 1242
f 2024 2060 2061 2025
f 113 142 143 114
f 1267 1296 1298 1266
f 2778 2820 2821 2779
f 2401 2461 2462 2402
f 1246 1276 1277 1247
f 1167 1199 1200 1168
f 1527 1602 1603 1530
f 2481 2539 2540 2482
f 734 764 765 735
f 2407 2472 2471 2409
f 1111 1148 1149 1112
f 1230 1260 1261 1231
f 1232 1262 1263 1233
f 636 662 663 637
f 2475 2533 2534 2476
f 2485 2543 2544 2486
f 2151 2153 2152 2105
f 1255 1285 1286 1256
f 1358 1390 1391 1359
f 1200 1230 1231 1201
f 3917 3972 3973 3918
f 1653 1710 1711 1654
f 2441 2504 2505 2442
f 3545 3574 3575 3546
f 1245 1275 1276 1246
f 2811 2846 2847 2812
f 668 702 703 669
f 3482 3511 3512 3483
f 1899 1924 1925 1900
f 1362 1394 1396 1364
f 1299 1330 1331 1300
f 2799 2800 2802 2801
f 1237 1266 1268 1236
f 4237 4255 4256 4238
f 2636 2683 2682 2638
f 1346 1375 1376 1347
f 2433 2496 2497 2434
f 1270 1301 1303 1272
f 1213 1244 1245 1214
f 2490 2548 2549 2491
f 1272 1303 1304 1273
f 318 352 353 319
f 1022 1066 1067 1023
f 2557 2611 2612 2558
f 1149 1182 1183 1150
f 1287 1318 1319 1288
f 968 1012 1013 969
f 230 270 269 229
f 2619 2666 2667 2620
f 1947 1970 1971 1948
f 1332 1362 1364 1334
f 1634 1691 1692 1635
f 2579 2632 2633 2580
f 1279 1310 1309 1278
f 1296 1328 1329 1298
f 2179 2227 2229 2178
f 1983 2007 2008 1984
f 1241 1271 1270 1240
f 1347 1376 1377 1348
f 1263 1293 1294 1264
f 1286 1317 1318 1287
f 2612 2660 2659 2613
f 3789 3838 3839 3790
f 1013 1057 1058 1014
f 3585 3614 3615 3586
f 2779 2821 2822 2780
f 1319 1349 1350 1320
f 1320 1350 1351 1321
f 838 869 871 837
f 697 698 699 666
f 2858 2861 2860 2859
f 1326 1358 1359 1328
f 2450 2513 2514 2451
f 1304 1335 1336 1305
f 2435 2498 2499 2436
f 851 880 881 853
f 642 668 669 643
f 2826 2864 2865 2825
f 749 774 776 748
f 1302 1333 1332 1301
f 548 586 587 549
f 1280 1311 1312 1281
f 1486 1562 1563 1487
f 1224 1254 1255 1225
f 1414 1449 1450 1415
f 3908 3909 3911 3910
f 1364 1396 1397 1365
f 1670 1727 1728 1671
f 1343 1372 1373 1344
f 2600 2650 2651 2601
f 2645 2690 2691 2646
f 1345 1374 1375 1346
f 3537 3567 3568 3538
f 2111 2159 2160 2112
f 1278 1309 1311 1280
f 1335 1365 1366 1336
f 1064 1100 1101 1065
f 1621 1680 1681 1622
f 1721 1776 1777 1722
f 634 660 661 635
f 971 1015 1016 972
f 2839 2877 2878 2840
f 3847 3899 3900 3848
f 1377 1413 1414 1378
f 1327 1356 1358 1326
f 752 779 780 753
f 1937 1960 1961 1938
f 1613 1672 1673 1614
f 754 781 782 755
f 3529 3559 3561 3531
f 1944 1967 1968 1945
f 1222 1252 1253 1223
f 2842 2882 2884 2844
f 2449 2512 2513 2450
f 974 1018 1019 975
f 2887 2946 2947 2888
f 2044 2047 2046 2045
f 1350 1379 1380 1351
f 1599 1600 1601 1528
f 2741 2757 2758 2742
f 289 323 324 290
f 2834 2872 2873 2835
f 1796 1847 1848 1797
f 2971 3021 3022 2972
f 596 636 637 597
f 3276 3324 3325 3277
f 726 727 728 696
f 2813 2848 2849 2814
f 209 252 253 210
f 1367 1399 1400 1368
f 1847 1894 1895 1848
f 2988 3046 3047 2989
f 1963 1986 1987 1964
f 1990 2014 2015 1991
f 1427 1463 1464 1428
f 2711 2739 2740 2712
f 1843 1890 1891 1844
f 2313 2387 2388 2314
f 580 624 625 581
f 1352 1381 1382 1353
f 1735 1789 1790 1736
f 859 884 886 885
f 2063 2113 2114 2064
f 1398 1433 1434 1399
f 2791 2792 2794 2793
f 1905 1907 1906 1883
f 4033 4074 4075 4034
f 1536 1606 1607 1538
f 2771 2813 2814 2772
f 674 708 709 675
f 3050 3102 3103 3051
f 588 628 629 589
f 2732 2748 2747 2731
f 1713 1768 1769 1714
f 1198 1228 1229 1199
f 690 724 725 692
f 3553 3582 3583 3554
f 4159 4182 4183 4160
f 1390 1426 1427 1391
f 1408 1443 1444 1409
f 1514 1589 1590 1516
f 2230 2295 2296 2231
f 2473 2530 2532 2474
f 3031 3032 3034 3033
f 2932 2990 2991 2934
f 1502 1579 1580 1503
f 1407 1442 1441 1406
f 1432 1467 1468 1433
f 2622 2669 2670 2623
f 1462 1498 1499 1463
f 2465 2526 2527 2466
f 1761 1812 1813 1762
f 2843 2883 2882 2842
f 2550 2604 2605 2551
f 2708 2736 2737 2709
f 649 675 676 650
f 2877 2913 2914 2878
f 1468 1503 1504 1469
f 2087 2136 2137 2088
f 1490 1492 1491 1457
f 1498 1575 1576 1499
f 3315 3359 3360 3316
f 2457 2518 2519 2458
f 2882 2941 2943 2884
f 3449 3477 3478 3450
f 2875 2911 2912 2876
f 1375 1411 1412 1376
f 1448 1484 1485 1449
f 835 838 837 836
f 1574 1639 1640 1575
f 3047 3099 3100 3048
f 2474 2532 2533 2475
f 3142 3191 3192 3143
f 1531 1532 1534 1533
f 1557 1619 1620 1558
f 652 678 679 653
f 3161 3210 3211 3162
f 1625 1684 1685 1626
f 1438 1473 1474 1440
f 3446 3474 3475 3447
f 714 746 747 715
f 700 732 733 701
f 1447 1483 1484 1448
f 3790 3839 3840 3791
f 2965 3015 3016 2966
f 985 1029 1031 987
f 1519 1520 1522 1521
f 3718 3770 3771 3719
f 1829 1876 1877 1830
f 3475 3504 3505 3476
f 1470 1505 1506 1471
f 1254 1284 1285 1255
f 1543 1544 1546 1545
f 1440 1474 1476 1475
f 1836 1884 1885 1838
f 2915 2973 2974 2916
f 1395 1430 1429 1394
f 2066 2116 2117 2067
f 2918 2975 2977 2976
f 2851 2891 2892 2852
f 1535 1536 1538 1537
f 1477 1553 1555 1479
f 1478 1554 1553 1477
f 3577 3606 3607 3578
f 2790 2833 2834 2792
f 785 806 807 786
f 1526 1527 1530 1529
f 1322 1352 1353 1323
f 1416 1451 1452 1417
f 3875 3935 3936 3876
f 1353 1382 1383 1354
f 3481 3510 3511 3482
f 1508 1585 1586 1509
f 1662 1719 1720 1663
f 1471 1506 1507 1472
f 1384 1387 1386 1385
f 2998 3057 3058 2999
f 2825 2865 2866 2828
f 2493 2551 2552 2494
f 3569 3598 3599 3570
f 737 767 768 738
f 1446 1482 1483 1447
f 2788 2832 2833 2790
f 657 683 685 659
f 3111 3160 3161 3112
f 2891 2950 2951 2892
f 1480 1556 1557 1481
f 478 515 516 479
f 3561 3590 3591 3562
f 1217 1249 1248 1219
f 3483 3512 3513 3484
f 2143 2195 2196 2144
f 1512 1588 1589 1514
f 1301 1332 1334 1303
f 1883 1906 1908 1882
f 1540 1608 1609 1542
f 1494 1571 1572 1495
f 2756 2773 2774 2757
f 2687 2719 2721 2688
f 2914 2972 2973 2915
f 2931 2932 2934 2933
f 1528 1601 1602 1527
f 1581 1643 1644 1582
f 3183 3232 3233 3184
f 2883 2942 2941 2882
f 337 371 372 338
f 3473 3501 3503 3474
f 1563 1625 1626 1564
f 2906 2964 2965 2907
f 532 575 576 531
f 1534 1605 1606 1536
f 1271 1302 1301 1270
f 1520 1592 1593 1522
f 39 52 53 40
f 1650 1707 1708 1651
f 2553 2607 2608 2554
f 1444 1480 1481 1445
f 2391 2451 2453 2452
f 1348 1377 1378 1349
f 1366 1398 1399 1367
f 1496 1573 1574 1497
f 2562 2616 2617 2563
f 4155 4178 4179 4156
f 3139 3188 3189 3140
f 3109 3158 3159 3110
f 2746 2762 2764 2763
f 433 463 465 434
f 1482 1558 1559 1483
f 2505 2563 2564 2506
f 881 929 930 882
f 1473 1508 1509 1474
f 2955 3008 3009 2956
f 964 1008 1009 965
f 699 731 732 700
f 335 369 370 336
f 1837 1882 1884 1836
f 1603 1662 1663 1604
f 1596 1657 1658 1598
f 1190 1220 1221 1191
f 1558 1620 1621 1559
f 804 831 832 805
f 2804 2840 2841 2806
f 735 765 766 736
f 1509 1586 1587 1510
f 3665 3720 3721 3666
f 1582 1644 1645 1583
f 1560 1622 1623 1561
f 671 705 706 672
f 2142 2194 2195 2143
f 2497 2555 2556 2498
f 3319 3363 3362 3318
f 1701 1755 1757 1702
f 2979 2980 2983 2982
f 1503 1580 1581 1504
f 1592 1654 1655 1593
f 180 181 184 183
f 3203 3252 3254 3253
f 3173 3222 3223 3174
f 3633 3634 3636 3635
f 1062 1098 1099 1063
f 3546 3575 3576 3547
f 1201 1231 1232 1202
f 4174 4196 4197 4175
f 2046 2088 2089 2049
f 2871 2907 2908 2872
f 1636 1693 1694 1637
f 2787 2788 2790 2789
f 1853 1900 1901 1854
f 2506 2564 2565 2507
f 1608 1667 1668 1609
f 660 686 687 661
f 2259 2323 2324 2260
f 2489 2547 2548 2490
f 3099 3148 3149 3100
f 2073 2123 2124 2074
f 1600 1659 1660 1601
f 1303 1334 1335 1304
f 1745 1799 1800 1746
f 1643 1700 1701 1644
f 3625 3626 3628 3627
f 1481 1557 1558 1482
f 1598 1658 1659 1600
f 724 755 756 725
f 3123 3172 3173 3124
f 412 448 449 413
f 818 819 821 820
f 3399 3427 3428 3400
f 86 106 108 87
f 1590 1652 1653 1591
f 1591 1653 1654 1592
f 1568 1632 1633 1567
f 1567 1633 1634 1569
f 1433 1468 1469 1434
f 3237 3287 3288 3238
f 1881 1883 1882 1837
f 622 654 655 623
f 1630 1631 1632 1568
f 708 740 741 709
f 1504 1581 1582 1505
f 1959 1982 1983 1960
f 161 162 164 163
f 786 807 808 787
f 1668 1725 1726 1669
f 2539 2593 2594 2540
f 2191 2240 2241 2192
f 1647 1704 1705 1648
f 1968 1991 1992 1969
f 1839 1886 1887 1840
f 1690 1747 1748 1691
f 922 964 965 923
f 2970 3020 3021 2971
f 2075 2125 2126 2076
f 1510 1587 1588 1512
f 1607 1666 1667 1608
f 1632 1689 1690 1633
f 3325 3369 3370 3326
f 2438 2501 2502 2439
f 3463 3493 3494 3464
f 826 862 863 827
f 1382 1418 1419 1383
f 1815 1862 1863 1816
f 2980 3040 3041 2983
f 684 718 717 683
f 3363 3402 3401 3362
f 1233 1263 1264 1234
f 2962 3012 3013 2963
f 1739 1793 1794 1740
f 1118 1154 1153 1119
f 756 783 784 757
f 3674 3677 3676 3675
f 1135 1170 1171 1136
f 681 715 716 682
f 1707 1762 1763 1708
f 3218 3270 3269 3220
f 2235 2300 2301 2236
f 526 562 563 527
f 1663 1720 1721 1664
f 1680 1737 1738 1681
f 3527 3557 3558 3528
f 1661 1718 1719 1662
f 2800 2838 2839 2802
f 1687 1744 1745 1688
f 1672 1729 1730 1673
f 4227 4245 4246 4228
f 1794 1845 1846 1795
f 842 875 876 843
f 1793 1844 1845 1794
f 3091 3140 3141 3092
f 1654 1711 1712 1655
f 740 770 771 741
f 1648 1705 1706 1649
f 394 430 431 395
f 2590 2640 2641 2591
f 3405 3433 3434 3406
f 1724 1779 1780 1725
f 402 438 439 403
f 3017 3075 3076 3018
f 1703 1758 1759 1704
f 3578 3607 3608 3579
f 2715 2743 2744 2716
f 3435 3463 3464 3436
f 561 596 597 562
f 3010 3070 3069 3012
f 257 295 296 258
f 3019 3077 3078 3020
f 1695 1752 1753 1696
f 2884 2943 2944 2885
f 3623 3624 3626 3625
f 2030 2066 2067 2031
f 2417 2480 2481 2418
f 988 1032 1033 989
f 2161 2212 2213 2162
f 1704 1759 1760 1705
f 3103 3152 3153 3104
f 1381 1417 1418 1382
f 2537 2591 2592 2538
f 401 437 438 402
f 1821 1868 1869 1822
f 1940 1963 1964 1941
f 1671 1728 1729 1672
f 2876 2912 2913 2877
f 977 1021 1022 978
f 377 414 416 379
f 3461 3491 3492 3462
f 1993 2017 2018 1994
f 899 902 901 900
f 1726 1781 1782 1727
f 2265 2329 2330 2266
f 1736 1790 1791 1737
f 393 429 430 394
f 2690 2723 2724 2691
f 812 815 814 813
f 1712 1767 1768 1713
f 3039 3091 3092 3040
f 1778 1829 1830 1779
f 2521 2578 2579 2522
f 1397 1432 1433 1398
f 2869 2905 2906 2870
f 1750 1804 1805 1751
f 1727 1782 1783 1728
f 1656 1713 1714 1657
f 1284 1315 1316 1285
f 3499 3527 3528 3500
f 1779 1830 1831 1780
f 3663 3718 3719 3664
f 1813 1859 1861 1814
f 1734 1788 1789 1735
f 780 801 802 781
f 2916 2974 2975 2918
f 2295 2369 2370 2296
f 1449 1485 1486 1450
f 890 935 937 936
f 3042 3094 3095 3043
f 891 942 944 893
f 1710 1765 1766 1711
f 788 809 810 789
f 3419 3447 3448 3420
f 3647 3703 3704 3648
f 3533 3563 3564 3534
f 3727 3779 3780 3729
f 1805 1856 1857 1806
f 1918 1943 1944 1919
f 1767 1818 1819 1768
f 1752 1806 1807 1753
f 3583 3612 3613 3584
f 1465 1500 1502 1467
f 882 930 931 883
f 3034 3088 3089 3036
f 875 923 924 876
f 1774 1825 1826 1775
f 1743 1797 1798 1744
f 2900 2957 2959 2901
f 1612 1671 1672 1613
f 1638 1695 1696 1639
f 1675 1732 1731 1674
f 1700 1756 1755 1701
f 2445 2508 2509 2446
f 3107 3156 3155 3106
f 3255 3304 3306 3257
f 1789 1840 1841 1790
f 1806 1857 1858 1807
f 2135 2187 2188 2136
f 2908 2966 2967 2909
f 3146 3195 3196 3147
f 3030 3086 3087 3032
f 3117 3166 3167 3118
f 3791 3840 3841 3792
f 1781 1832 1833 1782
f 1798 1849 1850 1799
f 1679 1736 1737 1680
f 1792 1843 1844 1793
f 1892 1917 1918 1893
f 3619 3685 3686 3622
f 1379 1415 1416 1380
f 1844 1891 1892 1845
f 706 738 739 707
f 1782 1833 1834 1783
f 1791 1842 1843 1792
f 1760 1811 1812 1761
f 3455 3483 3484 3456
f 3083 3132 3133 3084
f 1748 1802 1803 1749
f 3075 3124 3125 3076
f 2642 2687 2688 2643
f 1897 1922 1923 1898
f 1140 1141 1144 1143
f 1485 1561 1562 1486
f 1626 1685 1686 1627
f 3737 3788 3789 3738
f 2272 2275 2274 2273
f 1822 1869 1870 1823
f 1191 1221 1222 1192
f 2924 2986 2987 2926
f 2172 2223 2224 2173
f 1884 1909 1910 1885
f 3682 3683 3684 3620
f 3855 3915 3916 3856
f 1751 1805 1806 1752
f 1838 1885 1886 1839
f 836 837 839 815
f 1423 1459 1460 1424
f 2868 2904 2905 2869
f 2633 2680 2681 2634
f 1962 1985 1986 1963
f 1257 1287 1288 1258
f 1901 1926 1927 1902
f 1854 1901 1902 1855
f 2907 2965 2966 2908
f 1824 1871 1872 1825
f 776 797 798 777
f 2269 2333 2334 2270
f 3669 3724 3725 3670
f 3689 3740 3741 3690
f 506 543 544 507
f 1261 1291 1292 1262
f 1831 1878 1879 1832
f 1848 1895 1896 1849
f 2865 2901 2902 2866
f 3174 3223 3224 3175
f 2577 2630 2631 2578
f 2860 2899 2898 2863
f 1973 1996 1997 1974
f 1846 1893 1894 1847
f 1176 1207 1208 1177
f 1915 1940 1941 1916
f 3707 3757 3758 3708
f 3919 3974 3975 3920
f 1885 1910 1911 1886
f 1830 1877 1878 1831
f 1799 1850 1851 1800
f 1896 1921 1922 1897
f 1096 1125 1126 1097
f 329 363 364 330
f 1409 1444 1445 1410
f 3673 3727 3729 3728
f 1227 1257 1258 1228
f 2222 2269 2270 2223
f 2578 2631 2632 2579
f 1888 1913 1914 1889
f 2436 2499 2500 2437
f 3334 3377 3376 3335
f 3733 3784 3785 3734
f 1932 1955 1956 1933
f 458 487 488 459
f 1790 1841 1842 1791
f 1329 1360 1361 1330
f 1455 1457 1456 1422
f 3106 3155 3157 3108
f 1965 1988 1989 1966
f 1637 1694 1695 1638
f 860 891 893 862
f 1832 1879 1880 1833
f 2783 2830 2831 2786
f 3779 3828 3829 3780
f 962 1006 1007 963
f 2027 2063 2064 2028
f 987 1031 1032 988
f 3171 3220 3221 3172
f 1895 1920 1921 1896
f 1900 1925 1926 1901
f 320 354 355 321
f 1193 1223 1224 1194
f 1251 1281 1282 1252
f 4007 4050 4051 4008
f 963 1007 1008 964
f 1934 1957 1958 1935
f 1935 1958 1959 1936
f 3691 3742 3743 3692
f 1688 1745 1746 1689
f 3797 3846 3847 3798
f 946 989 990 947
f 2141 2193 2194 2142
f 1642 1699 1698 1641
f 828 864 865 829
f 1768 1819 1820 1769
f 2740 2756 2757 2741
f 65 76 77 66
f 994 995 998 997
f 1820 1867 1868 1821
f 979 1023 1024 980
f 1942 1965 1966 1943
f 1951 1974 1975 1952
f 2592 2642 2643 2593
f 1992 2016 2017 1993
f 3835 3887 3888 3836
f 1250 1280 1281 1251
f 4095 4128 4129 4096
f 1941 1964 1965 1942
f 3251 3301 3302 3252
f 2304 2378 2379 2305
f 2069 2119 2120 2070
f 321 355 356 322
f 2593 2643 2644 2594
f 2395 2454 2456 2396
f 1917 1942 1943 1918
f 1910 1935 1936 1911
f 2904 2962 2963 2905
f 1664 1721 1722 1665
f 3004 3063 3064 3005
f 982 1025 1026 984
f 3861 3921 3922 3862
f 2004 2027 2028 2005
f 530 531 534 533
f 1631 1688 1689 1632
f 1943 1966 1967 1944
f 3690 3741 3742 3691
f 2255 2319 2321 2257
f 2010 2033 2034 2011
f 1281 1312 1313 1282
f 1742 1796 1797 1743
f 3260 3309 3310 3261
f 1911 1936 1937 1912
f 1425 1461 1462 1426
f 3907 3964 3965 3909
f 2011 2034 2035 2012
f 3138 3187 3188 3139
f 2045 2046 2049 2048
f 1570 1635 1636 1571
f 1391 1427 1428 1392
f 3124 3173 3174 3125
f 2236 2301 2302 2237
f 721 752 753 722
f 1002 1046 1047 1003
f 4167 4191 4190 4169
f 1003 1047 1048 1004
f 3163 3212 3213 3164
f 1991 2015 2016 1992
f 1936 1959 1960 1937
f 3753 3803 3804 3754
f 2114 2162 2163 2115
f 3933 3987 3988 3934
f 3729 3780 3781 3730
f 2133 2185 2186 2134
f 3626 3688 3689 3628
f 3758 3808 3809 3759
f 2028 2064 2065 2029
f 1998 2000 1999 1977
f 948 991 992 949
f 2014 2037 2038 2015
f 2901 2959 2960 2902
f 3184 3233 3234 3185
f 3979 4025 4026 3980
f 1413 1448 1449 1414
f 3721 3773 3774 3722
f 2005 2028 2029 2006
f 2576 2628 2630 2577
f 876 924 925 877
f 3036 3089 3090 3038
f 2037 2073 2074 2038
f 713 745 746 714
f 2625 2672 2673 2626
f 4247 4265 4266 4248
f 2076 2126 2127 2077
f 3147 3196 3197 3148
f 2023 2059 2058 2022
f 1894 1919 1920 1895
f 3560 3589 3588 3559
f 2015 2038 2039 2016
f 2008 2031 2032 2009
f 2051 2090 2091 2053
f 1989 2013 2014 1990
f 1999 2022 2024 2001
f 2022 2058 2060 2024
f 3488 3516 3517 3489
f 2617 2664 2665 2618
f 490 527 528 491
f 932 974 975 933
f 3620 3684 3685 3619
f 2054 2055 2057 2056
f 2032 2068 2069 2033
f 2082 2132 2133 2081
f 1982 2006 2007 1983
f 2079 2082 2081 2080
f 4005 4048 4049 4006
f 3886 3946 3947 3887
f 2125 2173 2174 2126
f 2214 2261 2262 2215
f 1887 1912 1913 1888
f 3020 3078 3079 3021
f 2768 2810 2811 2769
f 1930 1953 1955 1932
f 2601 2651 2652 2602
f 3713 3765 3764 3712
f 1980 2004 2005 1981
f 2094 2095 2097 2096
f 2055 2092 2093 2057
f 2096 2097 2099 2098
f 1986 2010 2011 1987
f 4051 4086 4087 4052
f 1034 1077 1078 1035
f 1406 1441 1443 1408
f 2080 2081 2084 2083
f 4136 4165 4166 4137
f 1537 1538 1540 1539
f 4056 4091 4092 4057
f 3178 3227 3228 3179
f 3243 3293 3294 3244
f 916 958 959 917
f 2016 2039 2040 2017
f 3884 3944 3945 3885
f 3963 4009 4010 3964
f 4093 4126 4127 4094
f 32 42 44 43
f 1067 1103 1104 1068
f 2071 2121 2122 2072
f 4274 4286 4287 4275
f 1026 1070 1071 1028
f 2117 2165 2166 2118
f 1987 2011 2012 1988
f 2103 2104 2107 2106
f 59 69 71 70
f 1960 1983 1984 1961
f 1051 1087 1088 1052
f 3170 3219 3218 3169
f 3179 3228 3229 3180
f 2047 2087 2088 2046
f 3076 3125 3126 3077
f 4273 4285 4286 4274
f 1497 1574 1575 1498
f 3589 3644 3643 3588
f 1972 1995 1996 1973
f 2437 2500 2501 2438
f 2086 2135 2136 2087
f 2007 2030 2031 2008
f 2128 2131 2130 2129
f 3888 3948 3949 3889
f 2766 2808 2807 2765
f 4165 4188 4189 4166
f 3799 3848 3850 3849
f 2101 2146 2148 2147
f 2070 2120 2121 2071
f 2112 2160 2161 2113
f 3404 3432 3433 3405
f 1692 1749 1750 1693
f 1297 1326 1328 1296
f 689 723 724 690
f 2818 2853 2854 2819
f 2093 2142 2143 2095
f 2102 2105 2104 2103
f 4288 4298 4299 4289
f 3052 3104 3105 3054
f 187 231 232 188
f 2170 2221 2222 2171
f 2203 2204 2206 2205
f 2148 2199 2200 2150
f 2085 2086 2087 2047
f 1610 1669 1670 1611
f 1823 1870 1871 1824
f 2176 2179 2178 2177
f 50 60 62 51
f 4214 4233 4232 4215
f 3801 3852 3854 3800
f 3235 3286 3285 3236
f 267 305 306 268
f 2737 2753 2754 2738
f 1981 2005 2006 1982
f 184 226 228 227
f 1318 1348 1349 1319
f 1559 1621 1622 1560
f 2120 2168 2169 2121
f 1856 1903 1904 1857
f 4187 4209 4210 4188
f 4245 4263 4264 4246
f 1386 1423 1424 1388
f 1107 1136 1138 1137
f 2126 2174 2175 2127
f 1197 1227 1228 1198
f 2088 2137 2138 2089
f 645 671 672 646
f 369 407 408 370
f 1370 1406 1408 1372
f 3761 3811 3812 3763
f 586 627 626 587
f 2234 2299 2300 2235
f 2665 2708 2709 2666
f 79 90 91 80
f 2341 2342 2344 2343
f 2150 2200 2202 2201
f 975 1019 1020 976
f 3658 3712 3714 3659
f 339 373 374 340
f 4267 4281 4280 4269
f 1693 1750 1751 1694
f 2196 2245 2246 2197
f 1099 1128 1129 1100
f 2182 2231 2232 2183
f 4014 4057 4058 4015
f 3108 3157 3158 3109
f 122 169 170 123
f 345 381 382 346
f 30 41 42 32
f 2009 2032 2033 2010
f 2165 2216 2217 2166
f 2166 2217 2218 2167
f 2984 3042 3043 2985
f 2160 2211 2212 2161
f 2282 2285 2284 2283
f 256 294 295 257
f 2134 2186 2187 2135
f 3617 3620 3619 3618
f 229 269 271 231
f 223 264 265 224
f 1645 1702 1703 1646
f 1945 1968 1969 1946
f 522 557 559 523
f 2830 2868 2869 2831
f 1004 1048 1049 1005
f 2192 2241 2242 2193
f 475 512 513 476
f 44 56 57 46
f 2283 2284 2287 2286
f 2276 2277 2279 2278
f 2277 2338 2339 2279
f 2062 2112 2113 2063
f 3300 3345 3346 3301
f 3092 3141 3142 3093
f 202 245 246 203
f 3250 3300 3301 3251
f 1926 1951 1952 1927
f 841 874 875 842
f 2641 2686 2687 2642
f 3411 3439 3440 3412
f 2216 2263 2264 2217
f 4243 4261 4262 4244
f 328 362 363 329
f 110 139 140 111
f 1147 1180 1181 1148
f 1706 1761 1762 1707
f 2215 2262 2263 2216
f 2200 2249 2250 2202
f 547 585 586 548
f 1569 1634 1635 1570
f 1106 1135 1136 1107
f 3242 3292 3293 3243
f 1253 1283 1284 1254
f 2286 2287 2289 2288
f 3802 3855 3856 3803
f 2168 2219 2220 2169
f 1181 1212 1213 1182
f 116 119 118 117
f 2123 2171 2172 2124
f 3514 3545 3546 3516
f 1123 1158 1159 1124
f 3547 3576 3577 3548
f 2231 2296 2297 2232
f 2104 2154 2155 2107
f 635 661 662 636
f 137 187 188 138
f 2673 2716 2717 2674
f 3769 3818 3819 3770
f 2568 2622 2623 2569
f 2158 2209 2210 2159
f 266 304 305 267
f 2298 2372 2373 2299
f 2171 2222 2223 2172
f 400 436 437 401
f 2249 2314 2315 2250
f 1417 1452 1453 1418
f 2223 2270 2271 2224
f 2232 2297 2298 2233
f 1615 1674 1676 1617
f 551 589 590 552
f 174 216 217 175
f 969 1013 1014 970
f 2167 2218 2219 2168
f 2206 2252 2254 2253
f 1313 1343 1344 1314
f 164 206 207 165
f 2237 2302 2303 2238
f 1365 1397 1398 1366
f 797 824 825 798
f 2229 2294 2295 2230
f 2119 2167 2168 2120
f 91 112 113 92
f 2355 2356 2358 2357
f 2197 2246 2247 2198
f 1060 1096 1097 1061
f 42 55 56 44
f 1146 1179 1178 1145
f 2309 2383 2384 2310
f 2263 2327 2328 2264
f 37 50 51 38
f 2292 2366 2367 2293
f 2351 2352 2354 2353
f 1405 1438 1440 1439
f 246 284 285 247
f 3282 3330 3331 3283
f 1717 1772 1773 1718
f 3307 3351 3352 3308
f 1020 1064 1065 1021
f 3252 3302 3303 3254
f 450 451 453 452
f 761 788 789 762
f 2713 2741 2742 2714
f 472 509 510 473
f 2421 2484 2485 2422
f 2246 2311 2312 2247
f 2287 2363 2364 2289
f 3770 3819 3820 3771
f 1797 1848 1849 1798
f 2378 2438 2439 2379
f 378 415 414 377
f 3793 3842 3843 3794
f 1163 1195 1196 1164
f 2294 2368 2369 2295
f 2359 2360 2361 2285
f 2296 2370 2371 2297
f 1506 1583 1584 1507
f 703 735 736 704
f 326 360 361 327
f 2324 2396 2397 2325
f 2279 2339 2340 2281
f 3519 3549 3550 3520
f 244 282 283 245
f 2689 2722 2723 2690
f 3785 3834 3835 3786
f 837 871 872 839
f 3291 3336 3337 3292
f 2714 2742 2743 2715
f 2264 2328 2329 2265
f 1019 1063 1064 1020
f 753 780 781 754
f 2339 2409 2410 2340
f 552 590 591 553
f 570 616 617 572
f 2240 2305 2306 2241
f 2362 2422 2423 2363
f 1186 1218 1217 1188
f 3777 3826 3827 3778
f 2310 2384 2385 2311
f 3714 3766 3767 3715
f 903 904 906 905
f 2356 2418 2419 2358
f 2302 2376 2377 2303
f 3172 3221 3222 3173
f 316 350 352 318
f 3314 3358 3359 3315
f 2270 2334 2335 2271
f 2328 2400 2401 2329
f 498 499 501 500
f 1593 1655 1656 1594
f 390 426 427 391
f 632 658 657 631
f 2413 2476 2477 2414
f 2510 2568 2569 2511
f 1100 1129 1130 1101
f 2352 2416 2417 2354
f 1155 1186 1188 1156
f 212 255 256 213
f 1178 1209 1211 1180
f 3306 3350 3351 3307
f 1235 1237 1236 1206
f 3355 3394 3395 3356
f 2311 2385 2386 2312
f 3156 3205 3204 3155
f 2293 2367 2368 2294
f 1609 1668 1669 1610
f 2267 2331 2332 2268
f 2260 2324 2325 2261
f 1171 1203 1204 1172
f 2350 2415 2416 2352
f 2367 2427 2428 2368
f 2368 2428 2429 2369
f 1211 1242 1243 1212
f 3950 3996 3997 3951
f 4173 4195 4196 4174
f 120 167 168 121
f 1195 1225 1226 1196
f 2374 2434 2435 2375
f 1076 1112 1113 1077
f 121 168 169 122
f 2040 2076 2077 2041
f 704 736 737 705
f 2381 2441 2442 2382
f 2824 2825 2828 2827
f 2383 2443 2444 2384
f 2360 2420 2421 2361
f 2033 2069 2070 2034
f 1493 1570 1571 1494
f 1971 1994 1995 1972
f 1889 1914 1915 1890
f 2398 2458 2459 2399
f 3323 3367 3368 3324
f 641 667 668 642
f 2375 2435 2436 2376
f 546 584 585 547
f 1175 1206 1205 1174
f 2419 2482 2483 2420
f 2420 2483 2484 2421
f 3653 3709 3710 3654
f 2390 2450 2451 2391
f 2319 2393 2392 2321
f 2336 2408 2407 2338
f 1925 1950 1951 1926
f 460 489 490 461
f 2777 2819 2820 2778
f 3881 3941 3942 3882
f 2373 2433 2434 2374
f 2382 2442 2443 2383
f 2343 2344 2346 2345
f 2248 2313 2314 2249
f 3783 3832 3833 3784
f 1087 1117 1116 1088
f 534 577 578 535
f 784 805 806 785
f 250 288 289 251
f 2358 2419 2420 2360
f 2751 2768 2769 2752
f 3204 3255 3257 3206
f 1371 1407 1406 1370
f 2498 2556 2557 2499
f 2761 2778 2779 2762
f 3825 3877 3878 3826
f 2349 2350 2352 2351
f 1682 1739 1740 1683
f 1180 1211 1212 1181
f 2400 2460 2461 2401
f 618 650 651 619
f 1517 1518 1520 1519
f 2451 2514 2515 2453
f 2460 2521 2522 2461
f 2157 2208 2207 2156
f 3395 3423 3424 3396
f 2770 2812 2813 2771
f 2432 2495 2496 2433
f 1443 1479 1480 1444
f 612 613 614 568
f 819 842 843 821
f 2422 2485 2486 2423
f 3188 3237 3238 3189
f 2949 3002 3003 2950
f 361 399 400 362
f 646 672 673 647
f 3817 3869 3870 3818
f 4001 4044 4045 4002
f 2446 2509 2510 2447
f 2439 2502 2503 2440
f 2448 2511 2512 2449
f 1547 1548 1550 1549
f 1511 1512 1514 1513
f 3394 3422 3423 3395
f 1268 1299 1300 1269
f 698 730 731 699
f 620 652 653 621
f 1401 1436 1437 1403
f 3809 3862 3863 3810
f 418 458 459 419
f 3371 3410 3411 3372
f 2415 2478 2479 2416
f 2440 2503 2504 2441
f 2509 2567 2568 2510
f 707 739 740 708
f 2491 2549 2550 2492
f 2492 2550 2551 2493
f 1827 1874 1875 1828
f 2462 2523 2524 2463
f 2762 2779 2780 2764
f 2416 2479 2480 2417
f 3229 3279 3280 3230
f 516 553 554 517
f 1266 1298 1299 1268
f 3402 3430 3429 3401
f 2581 2634 2635 2582
f 2454 2517 2516 2456
f 1164 1196 1197 1165
f 3212 3263 3264 3213
f 1659 1716 1717 1660
f 1641 1698 1700 1643
f 702 734 735 703
f 920 962 963 921
f 1507 1584 1585 1508
f 2430 2493 2494 2431
f 2471 2531 2530 2473
f 2480 2538 2539 2481
f 778 799 800 779
f 692 725 727 726
f 2753 2770 2771 2754
f 3418 3446 3447 3419
f 2561 2615 2616 2562
f 2862 2863 2864 2826
f 2495 2553 2554 2496
f 2496 2554 2555 2497
f 1723 1778 1779 1724
f 1479 1555 1556 1480
f 2396 2456 2457 2397
f 2366 2426 2427 2367
f 2164 2215 2216 2165
f 3220 3269 3271 3221
f 3525 3555 3556 3526
f 1840 1887 1888 1841
f 1522 1593 1594 1524
f 3833 3885 3886 3834
f 1275 1306 1307 1276
f 782 803 804 783
f 2554 2608 2609 2555
f 1024 1068 1069 1025
f 2565 2619 2620 2566
f 2494 2552 2553 2495
f 1148 1181 1182 1149
f 2512 2570 2571 2513
f 1795 1846 1847 1796
f 2937 2938 2940 2939
f 1337 1367 1368 1338
f 1913 1938 1939 1914
f 2525 2582 2583 2526
f 3539 3569 3570 3540
f 2511 2569 2570 2512
f 2504 2562 2563 2505
f 827 863 864 828
f 731 761 762 732
f 2555 2609 2610 2556
f 2556 2610 2611 2557
f 1259 1289 1290 1260
f 1786 1837 1836 1785
f 2503 2561 2562 2504
f 2488 2546 2547 2489
f 3133 3182 3183 3134
f 817 841 842 819
f 1605 1664 1665 1606
f 3434 3462 3463 3435
f 2541 2595 2596 2542
f 2542 2596 2597 2543
f 2479 2537 2538 2480
f 2424 2487 2488 2425
f 930 972 973 931
f 2650 2695 2696 2651
f 862 893 894 863
f 1104 1133 1134 1105
f 2781 2784 2783 2782
f 2534 2588 2589 2535
f 2423 2486 2487 2424
f 4280 4292 4291 4282
f 2852 2892 2893 2853
f 1919 1944 1945 1920
f 297 331 332 298
f 3873 3933 3934 3874
f 2502 2560 2561 2503
f 1188 1217 1219 1189
f 2929 2930 2932 2931
f 852 853 855 854
f 1249 1279 1278 1248
f 2588 2638 2639 2589
f 2533 2587 2588 2534
f 801 828 829 802
f 2595 2645 2646 2596
f 3857 3917 3918 3858
f 2501 2559 2560 2502
f 1722 1777 1778 1723
f 1220 1250 1251 1221
f 2256 2320 2319 2255
f 2035 2071 2072 2036
f 265 303 304 266
f 434 465 466 435
f 1184 1215 1216 1185
f 1307 1338 1339 1308
f 3459 3489 3490 3460
f 2551 2605 2606 2552
f 1984 2008 2009 1985
f 4085 4118 4119 4086
f 354 392 393 355
f 910 955 956 912
f 3841 3893 3894 3842
f 2653 2698 2699 2654
f 2566 2620 2621 2567
f 2591 2641 2642 2592
f 2620 2667 2668 2621
f 2597 2647 2648 2598
f 2598 2648 2649 2599
f 1196 1226 1227 1197
f 1376 1412 1413 1377
f 2099 2145 2146 2101
f 908 954 955 910
f 2793 2794 2796 2795
f 3474 3503 3504 3475
f 1291 1322 1323 1292
f 3443 3471 3473 3445
f 2607 2657 2658 2608
f 176 218 219 178
f 1018 1062 1063 1019
f 1967 1990 1991 1968
f 2643 2688 2689 2644
f 2614 2661 2662 2615
f 2599 2649 2650 2600
f 3572 3601 3603 3574
f 3693 3744 3745 3694
f 1256 1286 1287 1257
f 2606 2656 2657 2607
f 2559 2613 2614 2560
f 2552 2606 2607 2553
f 134 176 178 177
f 787 808 809 788
f 1306 1337 1338 1307
f 2596 2646 2647 2597
f 2613 2659 2661 2614
f 2574 2629 2628 2576
f 2794 2835 2836 2796
f 4185 4207 4208 4186
f 2187 2236 2237 2188
f 1681 1738 1739 1682
f 998 1041 1043 1042
f 2532 2586 2587 2533
f 2757 2774 2775 2758
f 2814 2849 2850 2815
f 1252 1282 1283 1253
f 712 744 745 713
f 2801 2802 2804 2803
f 2605 2655 2656 2606
f 3491 3519 3520 3492
f 2631 2677 2679 2632
f 3316 3360 3361 3317
f 1098 1127 1128 1099
f 919 961 962 920
f 2531 2585 2584 2530
f 2244 2309 2310 2245
f 650 676 677 651
f 2638 2682 2684 2639
f 2655 2700 2701 2656
f 2632 2679 2680 2633
f 2299 2373 2374 2300
f 777 798 799 778
f 2662 2705 2706 2663
f 1236 1268 1269 1238
f 667 701 702 668
f 382 419 420 383
f 3003 3062 3063 3004
f 486 523 524 487
f 441 472 473 442
f 1363 1395 1394 1362
f 2686 2720 2719 2687
f 2671 2714 2715 2672
f 3308 3352 3353 3309
f 2670 2713 2714 2671
f 2672 2715 2716 2673
f 2307 2381 2382 2308
f 1420 1422 1421 1387
f 1070 1106 1107 1071
f 2716 2744 2745 2717
f 2749 2765 2767 2750
f 2646 2691 2692 2647
f 2663 2706 2707 2664
f 2640 2685 2686 2641
f 1170 1202 1203 1171
f 1068 1104 1105 1069
f 803 830 831 804
f 3953 3999 4000 3954
f 2693 2726 2727 2694
f 1400 1435 1436 1401
f 2739 2755 2756 2740
f 1355 1357 1356 1327
f 1770 1821 1822 1771
f 2639 2684 2685 2640
f 2560 2614 2615 2561
f 4277 4289 4290 4278
f 9 19 18 8
f 2873 2909 2910 2874
f 3905 3963 3964 3907
f 2717 2745 2746 2718
f 3523 3553 3554 3524
f 2567 2621 2622 2568
f 3356 3395 3396 3357
f 633 659 660 634
f 1541 1542 1544 1543
f 1142 1174 1176 1141
f 3077 3126 3127 3078
f 2702 2732 2731 2704
f 3287 3333 3332 3288
f 2704 2731 2733 2705
f 1282 1313 1314 1283
f 2487 2545 2546 2488
f 2817 2852 2853 2818
f 2772 2814 2815 2773
f 2709 2737 2738 2710
f 2742 2758 2759 2743
f 2431 2494 2495 2432
f 2744 2760 2761 2745
f 1258 1288 1289 1259
f 1132 1167 1168 1133
f 2661 2704 2705 2662
f 3507 3535 3536 3508
f 593 631 633 592
f 2795 2796 2798 2797
f 2589 2639 2640 2590
f 2874 2910 2911 2875
f 990 1034 1035 991
f 2809 2844 2845 2810
f 2821 2856 2857 2822
f 1628 1629 1631 1630
f 1338 1368 1369 1339
f 1394 1429 1431 1396
f 2758 2775 2776 2759
f 1483 1559 1560 1484
f 1412 1447 1448 1413
f 3340 3382 3383 3341
f 2563 2617 2618 2564
f 2810 2845 2846 2811
f 1369 1401 1403 1402
f 3897 3957 3958 3898
f 738 768 769 739
f 2750 2767 2768 2751
f 2735 2751 2752 2736
f 2760 2777 2778 2761
f 606 607 609 608
f 2802 2839 2840 2804
f 2827 2828 2829 2784
f 1292 1323 1324 1293
f 1488 1564 1565 1489
f 1418 1453 1454 1419
f 2752 2769 2770 2753
f 1731 1785 1787 1733
f 2647 2692 2693 2648
f 1472 1507 1508 1473
f 1850 1897 1898 1851
f 2712 2740 2741 2713
f 1228 1258 1259 1229
f 3538 3568 3569 3539
f 2710 2738 2739 2711
f 3818 3870 3871 3819
f 865 896 897 866
f 1544 1610 1611 1546
f 3396 3424 3425 3397
f 2767 2809 2810 2768
f 2803 2804 2806 2805
f 2289 2364 2365 2291
f 1262 1292 1293 1263
f 3530 3560 3559 3529
f 2765 2807 2809 2767
f 4006 4049 4050 4007
f 2823 2826 2825 2824
f 2784 2829 2830 2783
f 1378 1414 1415 1379
f 1108 1145 1147 1110
f 1434 1469 1470 1435
f 3786 3835 3836 3787
f 2933 2934 2936 2935
f 1145 1178 1180 1147
f 2707 2735 2736 2708
f 2654 2699 2700 2655
f 2695 2728 2729 2696
f 2923 2924 2926 2925
f 3913 3968 3969 3914
f 2797 2798 2800 2799
f 2518 2574 2576 2519
f 1316 1346 1347 1317
f 3372 3411 3412 3373
f 1542 1609 1610 1544
f 2866 2902 2903 2867
f 1342 1370 1372 1343
f 1624 1683 1684 1625
f 1403 1437 1438 1405
f 2278 2279 2281 2280
f 2815 2850 2851 2816
f 3388 3416 3415 3387
f 931 973 974 932
f 1385 1386 1388 1357
f 2911 2969 2970 2912
f 1953 1976 1978 1955
f 2925 2926 2928 2927
f 1882 1908 1909 1884
f 2807 2842 2844 2809
f 2816 2851 2852 2817
f 1458 1494 1495 1459
f 1380 1416 1417 1381
f 2867 2903 2904 2868
f 1 4 3 2
f 2837 2875 2876 2838
f 4107 4138 4140 4108
f 2775 2817 2818 2776
f 2792 2834 2835 2794
f 1890 1915 1916 1891
f 2743 2759 2760 2744
f 2736 2752 2753 2737
f 1738 1792 1793 1739
f 569 570 572 571
f 1450 1486 1487 1451
f 2405 2465 2466 2406
f 1411 1446 1447 1412
f 3819 3871 3872 3820
f 2060 2110 2111 2061
f 3152 3201 3202 3153
f 1402 1403 1405 1404
f 2938 2993 2994 2940
f 1422 1456 1458 1421
f 1728 1783 1784 1729
f 2853 2893 2894 2854
f 2798 2837 2838 2800
f 1372 1408 1409 1373
f 2467 2468 2470 2469
f 2847 2887 2888 2848
f 2848 2888 2889 2849
f 2849 2889 2890 2850
f 3061 3112 3113 3062
f 2879 2915 2916 2881
f 25 26 28 27
f 2841 2879 2881 2880
f 2845 2885 2886 2846
f 1356 1389 1390 1358
f 2546 2600 2601 2547
f 1518 1591 1592 1520
f 3071 3121 3120 3072
f 1696 1753 1754 1697
f 2829 2867 2868 2830
f 3081 3130 3131 3082
f 2927 2928 2930 2929
f 3564 3593 3594 3565
f 1586 1648 1649 1587
f 1452 1488 1489 1453
f 1566 1568 1567 1492
f 3945 3992 3991 3946
f 1459 1495 1496 1460
f 3635 3636 3638 3637
f 2919 2922 2921 2920
f 3890 3950 3951 3891
f 457 486 487 458
f 795 822 824 797
f 1976 2001 2002 1978
f 2870 2906 2907 2871
f 2855 2895 2896 2856
f 1622 1681 1682 1623
f 2110 2158 2159 2111
f 2922 2984 2985 2921
f 1996 2020 2021 1997
f 1776 1827 1828 1777
f 2973 3023 3024 2974
f 2894 2953 2954 2895
f 2850 2890 2891 2851
f 2888 2947 2948 2889
f 3195 3244 3245 3196
f 3207 3258 3259 3208
f 2833 2871 2872 2834
f 1744 1798 1799 1745
f 3579 3608 3609 3580
f 1524 1594 1596 1595
f 2947 3000 3001 2948
f 2910 2968 2969 2911
f 1737 1791 1792 1738
f 2006 2029 2030 2007
f 1816 1863 1864 1817
f 2902 2960 2961 2903
f 2920 2921 2924 2923
f 1436 1471 1472 1437
f 2948 3001 3002 2949
f 2878 2914 2915 2879
f 2856 2896 2897 2857
f 1769 1820 1821 1770
f 2893 2952 2953 2894
f 1388 1424 1425 1389
f 3850 3901 3903 3902
f 1718 1773 1774 1719
f 2095 2143 2144 2097
f 1474 1509 1510 1476
f 3594 3649 3650 3595
f 730 760 761 731
f 3110 3159 3160 3111
f 2895 2954 2955 2896
f 3468 3498 3499 3469
f 2406 2466 2468 2467
f 97 98 101 100
f 1550 1613 1614 1552
f 2928 2988 2989 2930
f 3403 3431 3432 3404
f 2994 3052 3054 3053
f 1466 1501 1500 1465
f 3602 3657 3656 3601
f 2941 2996 2995 2943
f 3675 3676 3679 3678
f 2943 2995 2997 2944
f 2952 3005 3006 2953
f 1658 1715 1716 1659
f 3487 3515 3514 3486
f 2835 2873 2874 2836
f 3618 3619 3622 3621
f 3045 3097 3098 3046
f 2926 2987 2988 2928
f 2706 2734 2735 2707
f 3467 3497 3498 3468
f 1078 1114 1115 1079
f 2909 2967 2968 2910
f 2967 3017 3018 2968
f 2734 2750 2751 2735
f 2523 2580 2581 2524
f 722 753 754 723
f 1539 1540 1542 1541
f 2836 2874 2875 2837
f 2951 3004 3005 2952
f 3452 3480 3481 3453
f 3531 3561 3562 3532
f 1652 1709 1710 1653
f 986 1030 1029 985
f 1344 1373 1374 1345
f 3021 3079 3080 3022
f 2966 3016 3017 2967
f 2903 2961 2962 2904
f 2968 3018 3019 2969
f 1746 1800 1801 1747
f 905 906 908 907
f 1800 1851 1852 1801
f 2981 3039 3040 2980
f 3603 3658 3659 3604
f 2863 2898 2900 2864
f 2960 3011 3010 2961
f 3275 3323 3324 3276
f 3074 3123 3124 3075
f 2945 2998 2999 2946
f 3977 4023 4024 3978
f 1515 1516 1518 1517
f 2990 3048 3049 2991
f 3279 3327 3328 3280
f 2936 2992 2993 2938
f 3591 3646 3647 3592
f 1969 1992 1993 1970
f 2997 3055 3057 2998
f 2974 3024 3025 2975
f 2983 3041 3042 2984
f 2864 2900 2901 2865
f 2130 2183 2184 2132
f 1708 1763 1764 1709
f 4115 4143 4145 4116
f 3028 3085 3086 3030
f 3645 3701 3702 3646
f 2934 2991 2992 2936
f 1564 1626 1627 1565
f 3516 3546 3547 3517
f 1842 1889 1890 1843
f 3066 3117 3118 3067
f 4025 4068 4069 4026
f 1826 1873 1874 1827
f 3000 3059 3060 3001
f 3058 3109 3110 3059
f 2000 2023 2022 1999
f 3659 3714 3715 3660
f 2930 2989 2990 2932
f 3024 3082 3083 3025
f 2886 2945 2946 2887
f 3751 3800 3802 3752
f 1802 1853 1854 1803
f 3634 3692 3693 3636
f 2989 3047 3048 2990
f 3014 3072 3073 3015
f 3023 3081 3082 3024
f 3492 3520 3521 3493
f 3739 3790 3791 3740
f 3601 3656 3658 3603
f 3059 3110 3111 3060
f 3060 3111 3112 3061
f 3040 3092 3093 3041
f 3015 3073 3074 3016
f 3294 3339 3340 3295
f 1785 1836 1838 1787
f 1553 1615 1617 1555
f 3969 4015 4016 3970
f 3029 3030 3032 3031
f 3038 3090 3091 3039
f 2991 3049 3050 2992
f 3032 3087 3088 3034
f 1946 1969 1970 1947
f 3593 3648 3649 3594
f 1766 1817 1818 1767
f 2890 2949 2950 2891
f 3008 3067 3068 3009
f 1914 1939 1940 1915
f 1801 1852 1853 1802
f 1814 1861 1862 1815
f 2072 2122 2123 2073
f 2885 2944 2945 2886
f 3643 3699 3701 3645
f 1476 1510 1512 1511
f 3874 3934 3935 3875
f 3563 3592 3593 3564
f 1373 1409 1410 1374
f 1709 1764 1765 1710
f 3961 4007 4008 3962
f 2789 2790 2792 2791
f 3062 3113 3114 3063
f 3055 3106 3108 3057
f 3548 3577 3578 3549
f 3678 3679 3681 3680
f 2425 2488 2489 2426
f 1629 1687 1688 1631
f 3100 3149 3150 3101
f 1667 1724 1725 1668
f 3046 3098 3099 3047
f 3079 3128 3129 3080
f 3064 3115 3116 3065
f 3947 3993 3994 3948
f 249 287 288 250
f 1546 1611 1612 1548
f 3650 3706 3707 3651
f 1677 1734 1735 1678
f 3022 3080 3081 3023
f 1460 1496 1497 1461
f 3088 3137 3138 3089
f 3067 3118 3119 3068
f 4031 4072 4073 4032
f 2144 2196 2197 2145
f 3093 3142 3143 3094
f 3422 3450 3451 3423
f 3095 3144 3145 3096
f 3532 3562 3563 3533
f 1978 2002 2003 1979
f 1916 1941 1942 1917
f 1646 1703 1704 1647
f 3642 3696 3698 3697
f 3189 3238 3239 3190
f 2950 3003 3004 2951
f 4011 4054 4055 4012
f 3104 3153 3154 3105
f 3681 3733 3734 3683
f 169 211 212 170
f 1920 1945 1946 1921
f 1819 1866 1867 1820
f 3094 3143 3144 3095
f 3087 3136 3137 3088
f 3096 3145 3146 3097
f 3910 3911 3912 3853
f 3210 3261 3262 3211
f 1886 1911 1912 1887
f 3985 4031 4032 3986
f 762 789 790 763
f 3811 3864 3865 3812
f 3063 3114 3115 3064
f 3072 3120 3122 3073
f 4083 4116 4117 4084
f 4199 4219 4220 4200
f 849 879 880 851
f 2288 2289 2291 2290
f 1571 1636 1637 1572
f 1954 1977 1976 1953
f 2999 3058 3059 3000
f 3016 3074 3075 3017
f 2034 2070 2071 2035
f 1437 1472 1473 1438
f 3155 3204 3206 3157
f 1977 1999 2001 1976
f 3181 3230 3231 3182
f 3134 3183 3184 3135
f 1516 1590 1591 1518
f 3752 3802 3803 3753
f 3486 3514 3516 3488
f 3164 3213 3214 3165
f 2921 2985 2986 2924
f 3141 3190 3191 3142
f 3126 3175 3176 3127
f 3127 3176 3177 3128
f 2872 2908 2909 2873
f 386 388 387 351
f 683 717 719 685
f 1966 1989 1990 1967
f 3706 3756 3757 3707
f 1555 1617 1618 1556
f 3102 3151 3152 3103
f 3151 3200 3201 3152
f 3194 3243 3244 3195
f 17 24 26 25
f 3131 3180 3181 3132
f 2312 2386 2387 2313
f 3157 3206 3207 3158
f 1906 1932 1933 1908
f 1500 1577 1579 1502
f 3692 3743 3744 3693
f 3465 3495 3496 3466
f 64 75 76 65
f 3187 3236 3237 3188
f 4017 4060 4061 4018
f 3357 3396 3397 3358
f 3731 3782 3783 3732
f 3167 3216 3217 3168
f 3970 4016 4017 3971
f 12 13 15 14
f 2068 2118 2119 2069
f 2913 2971 2972 2914
f 3196 3245 3246 3197
f 3149 3198 3199 3150
f 3158 3207 3208 3159
f 3159 3208 3209 3160
f 3176 3225 3226 3177
f 191 235 236 192
f 913 914 916 915
f 1594 1656 1657 1596
f 4009 4052 4053 4010
f 3125 3174 3175 3126
f 3182 3231 3232 3183
f 3135 3184 3185 3136
f 3844 3896 3897 3845
f 76 87 88 77
f 1389 1425 1426 1390
f 2905 2963 2964 2906
f 1611 1670 1671 1612
f 2384 2444 2445 2385
f 3715 3767 3768 3716
f 2978 2981 2980 2979
f 3136 3185 3186 3137
f 2194 2243 2244 2195
f 1825 1872 1873 1826
f 763 790 791 764
f 2464 2525 2526 2465
f 3245 3295 3296 3246
f 3198 3247 3248 3199
f 1548 1612 1613 1550
f 3914 3969 3970 3915
f 3247 3297 3298 3248
f 3228 3278 3279 3229
f 3205 3256 3255 3204
f 3190 3239 3240 3191
f 3191 3240 3241 3192
f 3612 3667 3668 3613
f 4054 4089 4090 4055
f 409 445 446 410
f 1602 1661 1662 1603
f 3738 3789 3790 3739
f 1587 1649 1650 1588
f 3166 3215 3216 3167
f 3215 3266 3267 3216
f 3200 3249 3250 3201
f 495 535 536 494
f 2118 2166 2167 2119
f 3746 3797 3798 3747
f 3221 3271 3272 3222
f 3406 3434 3435 3407
f 1532 1604 1605 1534
f 3224 3274 3275 3225
f 196 239 241 198
f 3266 3315 3316 3267
f 1618 1677 1678 1619
f 3730 3781 3782 3731
f 3349 3388 3387 3348
f 3771 3820 3821 3772
f 3231 3281 3282 3232
f 3596 3651 3652 3597
f 2250 2315 2316 2251
f 352 390 391 353
f 1902 1927 1928 1903
f 3140 3189 3190 3141
f 3240 3290 3291 3241
f 3223 3273 3274 3224
f 284 318 319 285
f 2212 2259 2260 2213
f 3043 3095 3096 3044
f 3044 3096 3097 3045
f 3213 3264 3265 3214
f 3222 3272 3273 3223
f 3199 3248 3249 3200
f 3232 3282 3283 3233
f 847 878 879 849
f 449 480 481 451
f 2190 2239 2240 2191
f 802 829 830 803
f 3143 3192 3193 3144
f 3208 3259 3260 3209
f 348 384 385 349
f 3354 3393 3394 3355
f 1441 1477 1479 1443
f 2820 2855 2856 2821
f 1651 1708 1709 1652
f 3246 3296 3297 3247
f 168 210 211 169
f 3144 3193 3194 3145
f 2330 2402 2403 2331
f 504 540 542 505
f 3007 3066 3067 3008
f 3644 3700 3699 3643
f 367 405 406 368
f 2268 2332 2333 2269
f 3299 3344 3345 3300
f 3274 3322 3323 3275
f 3341 3383 3384 3342
f 3747 3798 3799 3748
f 2759 2776 2777 2760
f 3264 3313 3314 3265
f 2674 2717 2718 2676
f 362 400 401 363
f 1501 1578 1577 1500
f 1276 1307 1308 1277
f 3277 3325 3326 3278
f 444 475 476 445
f 3288 3332 3334 3289
f 3330 3374 3375 3331
f 2238 2303 2304 2239
f 2664 2707 2708 2665
f 1635 1692 1693 1636
f 3278 3326 3327 3279
f 3002 3061 3062 3003
f 3628 3689 3690 3630
f 2394 2455 2454 2395
f 664 690 692 691
f 2969 3019 3020 2970
f 1357 1388 1389 1356
f 2180 2181 2182 2131
f 3262 3311 3312 3263
f 3304 3348 3350 3306
f 572 617 618 574
f 2340 2410 2411 2342
f 3339 3381 3382 3340
f 2353 2354 2356 2355
f 3301 3346 3347 3302
f 3230 3280 3281 3231
f 1812 1860 1859 1813
f 3296 3341 3342 3297
f 1415 1450 1451 1416
f 417 457 458 418
f 1938 1961 1962 1939
f 3263 3312 3313 3264
f 3272 3320 3321 3273
f 2482 2540 2541 2483
f 2252 2317 2318 2254
f 2961 3010 3012 2962
f 3348 3387 3389 3350
f 3613 3668 3669 3614
f 3851 3853 3852 3801
f 3745 3796 3797 3746
f 3293 3338 3339 3294
f 2177 2178 2181 2180
f 3318 3362 3364 3320
f 1604 1663 1664 1605
f 3954 4000 4001 3955
f 2458 2519 2520 2459
f 1849 1896 1897 1850
f 2342 2411 2412 2344
f 2696 2729 2730 2697
f 3261 3310 3311 3262
f 3342 3384 3385 3343
f 3327 3371 3372 3328
f 3676 3731 3732 3679
f 2953 3006 3007 2954
f 2404 2464 2465 2405
f 2065 2115 2116 2066
f 3197 3246 3247 3198
f 3787 3836 3837 3788
f 3351 3390 3391 3352
f 3328 3372 3373 3329
f 1023 1067 1068 1024
f 201 244 245 202
f 3387 3415 3417 3389
f 3810 3863 3864 3811
f 1285 1316 1317 1286
f 3358 3397 3398 3359
f 2808 2843 2842 2807
f 1674 1731 1733 1676
f 1803 1854 1855 1804
f 3350 3389 3390 3351
f 1588 1650 1651 1589
f 3360 3399 3400 3361
f 1711 1766 1767 1712
f 929 971 972 930
f 2414 2477 2478 2415
f 2776 2818 2819 2777
f 874 922 923 875
f 3326 3370 3371 3327
f 3367 3406 3407 3368
f 960 1004 1005 961
f 796 823 822 795
f 1666 1723 1724 1667
f 338 372 373 339
f 3389 3417 3418 3390
f 3998 4041 4042 3999
f 3359 3398 3399 3360
f 3660 3715 3716 3661
f 353 391 392 354
f 2476 2534 2535 2477
f 3267 3316 3317 3268
f 4066 4101 4102 4067
f 3477 3506 3507 3478
f 3392 3420 3421 3393
f 3335 3376 3378 3336
f 900 901 904 903
f 872 920 921 873
f 2977 3026 3028 3027
f 4065 4100 4101 4066
f 3373 3412 3413 3374
f 3238 3288 3289 3239
f 3271 3318 3320 3272
f 3368 3407 3408 3369
f 2031 2067 2068 2032
f 3506 3534 3535 3507
f 2486 2544 2545 2487
f 3118 3167 3168 3119
f 866 897 898 867
f 1644 1701 1702 1645
f 3336 3378 3379 3337
f 892 943 942 891
f 1128 1163 1164 1129
f 1457 1491 1493 1456
f 2840 2878 2879 2841
f 1715 1770 1771 1716
f 3955 4001 4002 3956
f 3407 3435 3436 3408
f 3280 3328 3329 3281
f 2586 2637 2636 2587
f 1049 1086 1085 1050
f 3451 3479 3480 3452
f 3469 3499 3500 3470
f 2018 2041 2042 2019
f 3431 3459 3460 3432
f 3744 3795 3796 3745
f 1623 1682 1683 1624
f 2540 2594 2595 2541
f 1714 1769 1770 1715
f 3460 3490 3491 3461
f 3437 3465 3466 3438
f 3438 3466 3467 3439
f 1620 1679 1680 1621
f 1691 1748 1749 1692
f 921 963 964 922
f 380 417 418 381
f 2558 2612 2613 2559
f 3842 3894 3895 3843
f 3453 3481 3482 3454
f 4099 4132 4133 4100
f 3447 3475 3476 3448
f 3424 3452 3453 3425
f 57 68 69 59
f 673 707 708 674
f 2993 3051 3052 2994
f 2912 2970 2971 2913
f 3605 3660 3661 3606
f 3439 3467 3468 3440
f 153 154 156 155
f 1288 1319 1320 1289
f 1597 1598 1600 1599
f 4089 4122 4123 4090
f 3445 3473 3474 3446
f 3398 3426 3427 3399
f 3415 3443 3445 3417
f 3836 3888 3889 3837
f 3001 3060 3061 3002
f 2604 2654 2655 2605
f 2985 3043 3044 2986
f 2986 3044 3045 2987
f 1970 1993 1994 1971
f 4050 4085 4086 4051
f 2615 2662 2663 2616
f 1929 1931 1930 1907
f 2630 2678 2677 2631
f 3508 3536 3537 3509
f 3421 3449 3450 3422
f 3867 3927 3926 3866
f 1676 1733 1734 1677
f 3480 3509 3510 3481
f 1260 1290 1291 1261
f 2524 2581 2582 2525
f 1549 1550 1552 1551
f 3462 3492 3493 3463
f 1747 1801 1802 1748
f 3471 3502 3501 3473
f 3464 3494 3495 3465
f 1565 1627 1629 1628
f 1921 1946 1947 1922
f 3515 3543 3545 3514
f 4081 4114 4115 4082
f 3549 3578 3579 3550
f 3494 3522 3523 3495
f 3495 3523 3524 3496
f 3432 3460 3461 3433
f 3843 3895 3896 3844
f 3033 3034 3036 3035
f 112 141 142 113
f 2992 3050 3051 2993
f 3501 3529 3531 3503
f 3510 3538 3539 3511
f 1660 1717 1718 1661
f 3986 4032 4033 3987
f 2207 2256 2255 2209
f 442 473 474 443
f 2694 2727 2728 2695
f 4073 4107 4108 4074
f 1685 1742 1743 1686
f 3502 3530 3529 3501
f 3511 3539 3540 3512
f 3554 3583 3584 3555
f 2935 2936 2938 2937
f 1762 1813 1814 1763
f 3540 3570 3571 3541
f 3517 3547 3548 3518
f 3478 3507 3508 3479
f 3503 3531 3532 3504
f 3740 3791 3792 3741
f 1396 1431 1432 1397
f 1584 1646 1647 1585
f 3427 3455 3456 3428
f 3866 3926 3928 3868
f 3504 3532 3533 3505
f 3479 3508 3509 3480
f 129 130 132 131
f 2796 2836 2837 2798
f 2198 2247 2248 2199
f 3056 3107 3106 3055
f 3597 3652 3653 3598
f 3686 3737 3738 3687
f 3423 3451 3452 3424
f 3536 3566 3567 3537
f 1492 1567 1569 1491
f 602 639 641 605
f 1562 1624 1625 1563
f 3858 3918 3919 3859
f 3509 3537 3538 3510
f 3724 3776 3777 3725
f 3823 3875 3876 3824
f 3175 3224 3225 3176
f 1851 1898 1899 1852
f 705 737 738 706
f 3436 3464 3465 3437
f 938 939 941 940
f 3899 3959 3960 3900
f 3535 3565 3566 3536
f 3552 3581 3582 3553
f 1556 1618 1619 1557
f 1720 1775 1776 1721
f 1787 1838 1839 1788
f 2544 2598 2599 2545
f 3526 3556 3557 3527
f 1804 1855 1856 1805
f 3544 3573 3572 3543
f 2898 2958 2957 2900
f 2844 2884 2885 2845
f 3627 3628 3630 3629
f 3120 3169 3171 3122
f 3413 3441 3442 3414
f 3566 3595 3596 3567
f 3026 3084 3085 3028
f 3512 3540 3541 3513
f 1340 1371 1370 1342
f 193 237 238 194
f 3226 3276 3277 3227
f 3610 3665 3666 3611
f 3573 3602 3601 3572
f 3575 3604 3605 3576
f 1684 1741 1742 1685
f 3041 3093 3094 3042
f 1771 1822 1823 1772
f 3567 3596 3597 3568
f 2954 3007 3008 2955
f 2854 2894 2895 2855
f 3621 3622 3624 3623
f 3543 3572 3574 3545
f 3581 3610 3611 3582
f 2025 2061 2062 2026
f 3883 3943 3944 3884
f 3018 3076 3077 3019
f 3440 3468 3469 3441
f 1740 1794 1795 1741
f 2964 3014 3015 2965
f 1521 1522 1524 1523
f 3604 3659 3660 3605
f 1694 1751 1752 1695
f 3582 3611 3612 3583
f 1732 1786 1785 1731
f 3921 3976 3977 3922
f 3719 3771 3772 3720
f 3611 3666 3667 3612
f 4177 4199 4200 4178
f 3557 3586 3587 3558
f 3574 3603 3604 3575
f 3631 3632 3634 3633
f 3780 3829 3830 3781
f 1764 1815 1816 1765
f 961 1005 1006 962
f 739 769 770 740
f 3192 3241 3242 3193
f 3493 3521 3522 3494
f 3534 3564 3565 3535
f 3599 3654 3655 3600
f 3576 3605 3606 3577
f 2828 2866 2867 2829
f 2982 2983 2984 2922
f 2002 2025 2026 2003
f 3608 3663 3664 3609
f 1961 1984 1985 1962
f 4129 4158 4159 4130
f 1505 1582 1583 1506
f 3931 3985 3986 3932
f 3764 3813 3815 3766
f 3012 3069 3071 3013
f 3636 3693 3694 3638
f 3606 3661 3662 3607
f 3680 3681 3683 3682
f 1912 1937 1938 1913
f 4121 4150 4151 4122
f 3622 3686 3687 3624
f 3616 3671 3673 3672
f 3666 3721 3722 3667
f 3256 3305 3304 3255
f 3651 3707 3708 3652
f 3365 3404 3405 3366
f 3915 3970 3971 3916
f 1716 1771 1772 1717
f 3584 3613 3614 3585
f 2321 2392 2394 2322
f 2184 2233 2234 2185
f 1818 1865 1866 1819
f 4105 4139 4138 4107
f 3085 3134 3135 3086
f 3638 3694 3695 3640
f 4018 4061 4062 4019
f 3084 3133 3134 3085
f 3006 3065 3066 3007
f 3668 3723 3724 3669
f 4097 4130 4131 4098
f 3630 3690 3691 3632
f 3615 3670 3671 3616
f 3820 3872 3873 3821
f 3343 3385 3386 3344
f 993 996 995 994
f 3025 3083 3084 3026
f 3946 3991 3993 3947
f 2403 2463 2464 2404
f 3614 3669 3670 3615
f 3607 3662 3663 3608
f 3999 4042 4043 4000
f 3640 3695 3696 3642
f 2115 2163 2164 2116
f 3320 3364 3365 3321
f 3639 3640 3642 3641
f 1956 1979 1980 1957
f 2122 2170 2171 2123
f 3930 3984 3985 3931
f 3749 3801 3800 3751
f 3982 4028 4027 3981
f 3551 3580 3581 3552
f 3664 3719 3720 3665
f 3090 3139 3140 3091
f 3778 3827 3828 3779
f 3049 3101 3102 3050
f 3580 3609 3610 3581
f 843 876 877 845
f 3550 3579 3580 3551
f 1772 1823 1824 1773
f 3796 3845 3846 3797
f 4145 4167 4169 4146
f 3086 3135 3136 3087
f 1891 1916 1917 1892
f 3662 3717 3718 3663
f 3671 3726 3727 3673
f 3688 3739 3740 3689
f 3202 3251 3252 3203
f 2344 2412 2413 2346
f 1513 1514 1516 1515
f 3416 3444 3443 3415
f 3677 3730 3731 3676
f 4091 4124 4125 4092
f 3695 3746 3747 3696
f 24 38 39 26
f 3728 3729 3730 3677
f 3148 3197 3198 3149
f 3723 3775 3776 3724
f 2049 2089 2090 2051
f 3701 3751 3752 3702
f 2090 2139 2140 2091
f 3609 3664 3665 3610
f 3648 3704 3705 3649
f 2108 2156 2158 2110
f 1845 1892 1893 1846
f 1898 1923 1924 1899
f 3732 3783 3784 3733
f 1530 1603 1604 1532
f 3710 3760 3761 3711
f 3711 3761 3763 3762
f 3162 3211 3212 3163
f 3754 3804 3805 3755
f 3150 3199 3200 3151
f 3978 4024 4025 3979
f 3717 3769 3770 3718
f 3702 3752 3753 3703
f 3703 3753 3754 3704
f 3592 3647 3648 3593
f 3879 3940 3939 3880
f 3236 3285 3287 3237
f 3073 3122 3123 3074
f 3496 3524 3525 3497
f 3709 3759 3760 3710
f 3670 3725 3726 3671
f 3679 3732 3733 3681
f 4264 4277 4278 4265
f 1580 1641 1643 1581
f 2461 2522 2523 2462
f 3755 3805 3806 3756
f 3885 3945 3946 3886
f 1429 1466 1465 1431
f 3448 3476 3477 3449
f 1461 1497 1498 1462
f 945 988 989 946
f 729 759 760 730
f 4169 4190 4192 4170
f 3685 3736 3737 3686
f 2026 2062 2063 2027
f 1788 1839 1840 1789
f 3160 3209 3210 3161
f 4049 4084 4085 4050
f 1923 1948 1949 1924
f 3772 3821 3822 3773
f 4003 4046 4047 4004
f 3735 3786 3787 3736
f 4122 4151 4152 4123
f 2308 2382 2383 2309
f 3132 3181 3182 3133
f 3214 3265 3266 3215
f 4161 4184 4185 4162
f 3741 3792 3793 3742
f 3734 3785 3786 3735
f 3759 3809 3810 3760
f 181 225 226 184
f 616 648 649 617
f 1985 2009 2010 1986
f 3057 3108 3109 3058
f 3568 3597 3598 3569
f 3765 3814 3813 3764
f 3766 3815 3816 3767
f 996 1038 1040 995
f 4132 4161 4162 4133
f 2372 2432 2433 2373
f 1336 1366 1367 1337
f 3795 3844 3845 3796
f 4153 4176 4177 4154
f 1907 1930 1932 1906
f 3987 4033 4034 3988
f 3775 3824 3825 3776
f 3720 3772 3773 3721
f 3298 3343 3344 3299
f 937 978 979 939
f 1922 1947 1948 1923
f 3804 3857 3858 3805
f 3781 3830 3831 3782
f 3782 3831 3832 3783
f 3767 3816 3817 3768
f 3310 3354 3355 3311
f 208 251 252 209
f 26 39 40 28
f 675 709 710 676
f 3065 3116 3117 3066
f 4010 4053 4054 4011
f 3773 3822 3823 3774
f 3774 3823 3824 3775
f 3743 3794 3795 3744
f 3876 3936 3937 3877
f 912 956 957 914
f 1702 1757 1758 1703
f 3699 3749 3751 3701
f 3877 3937 3938 3878
f 3687 3738 3739 3688
f 3784 3833 3834 3785
f 2468 2528 2529 2470
f 3364 3403 3404 3365
f 2774 2816 2817 2775
f 3632 3691 3692 3634
f 970 1014 1015 971
f 3742 3793 3794 3743
f 160 204 205 162
f 3808 3861 3862 3809
f 3370 3409 3410 3371
f 481 518 519 482
f 3374 3413 3414 3375
f 4002 4045 4046 4003
f 1955 1978 1979 1956
f 3974 4020 4021 3975
f 3559 3588 3590 3561
f 3860 3920 3921 3861
f 2572 2626 2627 2573
f 3898 3958 3959 3899
f 1529 1530 1532 1531
f 3708 3758 3759 3709
f 3805 3858 3859 3806
f 4043 4079 4078 4044
f 1964 1987 1988 1965
f 3824 3876 3877 3825
f 1248 1278 1280 1250
f 2944 2997 2998 2945
f 3859 3919 3920 3860
f 3128 3177 3178 3129
f 3829 3881 3882 3830
f 3806 3859 3860 3807
f 3130 3179 3180 3131
f 3816 3868 3869 3817
f 3444 3472 3471 3443
f 3838 3890 3891 3839
f 3792 3841 3842 3793
f 241 280 279 242
f 3412 3440 3441 3413
f 4019 4062 4063 4020
f 370 408 409 371
f 1041 1083 1084 1043
f 3902 3903 3905 3904
f 3839 3891 3892 3840
f 3736 3787 3788 3737
f 3466 3496 3497 3467
f 3882 3942 3943 3883
f 3153 3202 3203 3154
f 3868 3928 3929 3869
f 3845 3897 3898 3846
f 3846 3898 3899 3847
f 2124 2172 2173 2125
f 3916 3971 3972 3917
f 3454 3482 3483 3455
f 3080 3129 3130 3081
f 4241 4259 4260 4242
f 3837 3889 3890 3838
f 3822 3874 3875 3823
f 3807 3860 3861 3808
f 3848 3900 3901 3850
f 3458 3486 3488 3457
f 3524 3554 3555 3525
f 3113 3162 3163 3114
f 3776 3825 3826 3777
f 4205 4225 4226 4206
f 873 921 922 874
f 3864 3924 3925 3865
f 848 849 851 850
f 2199 2248 2249 2200
f 3891 3951 3952 3892
f 4201 4221 4222 4202
f 3813 3867 3866 3815
f 2074 2124 2125 2075
f 1852 1899 1900 1853
f 3892 3952 3953 3893
f 3794 3843 3844 3795
f 3420 3448 3449 3421
f 3097 3146 3147 3098
f 3900 3960 3961 3901
f 3757 3807 3808 3758
f 4075 4109 4110 4076
f 3863 3923 3924 3864
f 3880 3939 3941 3881
f 2812 2847 2848 2813
f 1129 1164 1165 1130
f 3518 3548 3549 3519
f 4193 4212 4214 4194
f 3869 3929 3930 3870
f 3887 3947 3948 3888
f 3522 3552 3553 3523
f 779 800 801 780
f 2147 2148 2150 2149
f 1828 1875 1876 1829
f 3872 3932 3933 3873
f 2892 2951 2952 2893
f 3588 3643 3645 3590
f 3923 3978 3979 3924
f 3840 3892 3893 3841
f 1066 1102 1103 1067
f 3862 3922 3923 3863
f 3903 3962 3963 3905
f 3904 3905 3907 3906
f 2995 3056 3055 2997
f 217 260 261 218
f 3089 3138 3139 3090
f 2121 2169 2170 2122
f 3894 3954 3955 3895
f 4098 4131 4132 4099
f 2972 3022 3023 2973
f 3962 4008 4009 3963
f 3598 3653 3654 3599
f 3948 3994 3995 3949
f 3909 3965 3966 3911
f 4059 4094 4095 4060
f 3895 3955 3956 3896
f 3586 3615 3616 3587
f 3352 3391 3392 3353
f 1994 2018 2019 1995
f 4090 4123 4124 4091
f 3901 3961 3962 3903
f 3926 3982 3981 3928
f 3871 3931 3932 3872
f 3956 4002 4003 3957
f 1424 1460 1461 1425
f 3652 3708 3709 3653
f 3827 3879 3880 3828
f 3896 3956 3957 3897
f 4021 4064 4065 4022
f 3918 3973 3974 3919
f 3815 3866 3868 3816
f 3912 3967 3968 3913
f 2136 2188 2189 2137
f 1001 1044 1046 1002
f 3121 3170 3169 3120
f 4082 4115 4116 4083
f 1010 1054 1055 1011
f 3870 3930 3931 3871
f 1908 1933 1934 1909
f 3952 3998 3999 3953
f 3116 3165 3166 3117
f 4058 4093 4094 4059
f 3654 3710 3711 3655
f 75 86 87 76
f 2019 2042 2043 2020
f 2183 2232 2233 2184
f 3935 3989 3990 3936
f 3932 3986 3987 3933
f 1573 1638 1639 1574
f 3520 3550 3551 3521
f 1545 1546 1548 1547
f 3830 3882 3883 3831
f 3949 3995 3996 3950
f 3967 4013 4014 3968
f 3968 4014 4015 3969
f 3180 3229 3230 3181
f 3716 3768 3769 3717
f 3995 4037 4039 3996
f 4209 4229 4230 4210
f 3973 4019 4020 3974
f 513 550 551 514
f 2050 2051 2053 2052
f 3984 4030 4031 3985
f 2003 2026 2027 2004
f 3694 3745 3746 3695
f 537 580 581 538
f 3960 4006 4007 3961
f 2456 2516 2518 2457
f 4034 4075 4076 4035
f 3726 3778 3779 3727
f 2081 2133 2134 2084
f 3989 4035 4036 3990
f 3430 3458 3457 3429
f 3983 4029 4030 3984
f 3920 3975 3976 3921
f 3244 3294 3295 3245
f 3656 3713 3712 3658
f 3145 3194 3195 3146
f 4020 4063 4064 4021
f 3981 4027 4029 3983
f 2838 2876 2877 2839
f 3975 4021 4022 3976
f 3856 3916 3917 3857
f 3722 3774 3775 3723
f 3788 3837 3838 3789
f 4035 4076 4077 4036
f 4130 4159 4160 4131
f 4197 4217 4218 4198
f 372 410 411 373
f 3951 3997 3998 3952
f 4240 4258 4259 4241
f 2048 2049 2051 2050
f 3957 4003 4004 3958
f 84 107 106 86
f 3114 3163 3164 3115
f 4000 4043 4044 4001
f 2692 2725 2726 2693
f 2041 2077 2078 2042
f 3137 3186 3187 3138
f 3798 3847 3848 3799
f 4064 4099 4100 4065
f 2059 2109 2108 2058
f 3966 4012 4013 3967
f 1948 1971 1972 1949
f 4124 4153 4154 4125
f 41 54 55 42
f 3700 3750 3749 3699
f 3129 3178 3179 3130
f 4233 4251 4250 4232
f 4013 4056 4057 4014
f 3297 3342 3343 3298
f 4015 4058 4059 4016
f 4194 4214 4215 4195
f 2738 2754 2755 2739
f 2057 2093 2095 2094
f 4067 4102 4103 4068
f 4208 4228 4229 4209
f 4045 4080 4081 4046
f 4147 4170 4171 4148
f 4047 4082 4083 4048
f 4048 4083 4084 4049
f 3476 3505 3506 3477
f 2536 2590 2591 2537
f 2058 2108 2110 2060
f 4225 4243 4244 4226
f 4030 4070 4072 4031
f 4032 4073 4074 4033
f 3048 3100 3101 3049
f 105 124 126 125
f 3854 3914 3915 3855
f 4152 4175 4176 4153
f 4062 4097 4098 4063
f 4008 4051 4052 4009
f 3556 3585 3586 3557
f 4114 4144 4143 4115
f 2098 2099 2101 2100
f 4216 4234 4235 4217
f 2083 2084 2086 2085
f 4123 4152 4153 4124
f 1924 1949 1950 1925
f 4146 4169 4170 4147
f 3906 3907 3909 3908
f 3928 3981 3983 3929
f 3971 4017 4018 3972
f 4170 4192 4193 4171
f 4061 4096 4097 4062
f 4078 4113 4112 4080
f 4063 4098 4099 4064
f 4044 4078 4080 4045
f 2648 2693 2694 2649
f 3924 3979 3980 3925
f 3390 3418 3419 3391
f 4084 4117 4118 4085
f 4053 4088 4089 4054
f 4070 4106 4105 4072
f 4055 4090 4091 4056
f 3312 3356 3357 3313
f 3683 3734 3735 3684
f 4224 4242 4243 4225
f 4181 4203 4204 4182
f 1017 1061 1062 1018
f 3259 3308 3309 3260
f 4162 4185 4186 4163
f 1050 1085 1087 1051
f 4046 4081 4082 4047
f 4023 4066 4067 4024
f 4072 4105 4107 4073
f 3684 3735 3736 3685
f 4202 4222 4223 4203
f 4131 4160 4161 4132
f 3996 4039 4040 3997
f 2091 2140 2141 2092
f 4286 4296 4297 4287
f 3959 4005 4006 3960
f 4096 4129 4130 4097
f 3922 3977 3978 3923
f 4088 4121 4122 4089
f 3225 3275 3276 3226
f 3712 3764 3766 3714
f 4101 4134 4135 4102
f 4179 4201 4202 4180
f 152 200 201 154
f 4012 4055 4056 4013
f 4103 4136 4137 4104
f 3756 3806 3807 3757
f 4004 4047 4048 4005
f 4022 4065 4066 4023
f 4108 4140 4141 4109
f 4125 4154 4155 4126
f 4102 4135 4136 4103
f 2116 2164 2165 2117
f 4128 4157 4158 4129
f 3624 3687 3688 3626
f 473 510 511 474
f 3177 3226 3227 3178
f 67 78 79 68
f 1669 1726 1727 1670
f 4134 4163 4164 4135
f 3705 3755 3756 3706
f 4120 4149 4150 4121
f 3828 3880 3881 3829
f 4186 4208 4209 4187
f 4171 4193 4194 4172
f 18 34 33 20
f 4149 4172 4173 4150
f 4151 4174 4175 4152
f 3994 4038 4037 3995
f 4178 4200 4201 4179
f 1705 1760 1761 1706
f 4156 4179 4180 4157
f 4133 4162 4163 4134
f 4163 4186 4187 4164
f 4143 4168 4167 4145
f 4080 4112 4114 4081
f 3216 3267 3268 3217
f 4217 4235 4236 4218
f 4094 4127 4128 4095
f 4148 4171 4172 4149
f 518 555 556 519
f 4158 4181 4182 4159
f 4119 4148 4149 4120
f 4016 4059 4060 4017
f 83 93 95 94
f 2129 2130 2132 2082
f 1617 1676 1677 1618
f 4232 4250 4252 4234
f 4076 4110 4111 4077
f 3964 4010 4011 3965
f 3988 4034 4035 3989
f 4203 4223 4224 4204
f 4265 4278 4279 4266
f 4109 4141 4142 4110
f 4150 4173 4174 4151
f 1817 1864 1865 1818
f 4160 4183 4184 4161
f 4074 4108 4109 4075
f 2089 2138 2139 2090
f 2146 2198 2199 2148
f 4258 4271 4272 4259
f 4029 4071 4070 4030
f 4118 4147 4148 4119
f 2012 2035 2036 2013
f 4192 4213 4212 4193
f 4052 4087 4088 4053
f 2097 2144 2145 2099
f 2162 2213 2214 2163
f 4175 4197 4198 4176
f 4200 4220 4221 4201
f 4060 4095 4096 4061
f 4100 4133 4134 4101
f 4182 4204 4205 4183
f 4180 4202 4203 4181
f 3893 3953 3954 3894
f 4219 4237 4238 4220
f 4207 4227 4228 4208
f 4176 4198 4199 4177
f 4116 4145 4146 4117
f 1033 1076 1077 1034
f 2138 2190 2191 2139
f 4204 4224 4225 4205
f 2243 2308 2309 2244
f 4198 4218 4219 4199
f 4154 4177 4178 4155
f 4184 4206 4207 4185
f 4242 4260 4261 4243
f 2386 2446 2447 2387
f 4234 4252 4253 4235
f 1130 1165 1166 1131
f 4222 4240 4241 4223
f 1988 2012 2013 1989
f 173 215 216 174
f 3800 3854 3855 3802
f 4257 4270 4271 4258
f 3185 3234 3235 3186
f 4228 4246 4247 4229
f 4229 4247 4248 4230
f 4195 4215 4216 4196
f 4223 4241 4242 4224
f 4238 4256 4257 4239
f 4215 4232 4234 4216
f 4024 4067 4068 4025
f 4196 4216 4217 4197
f 4172 4194 4195 4173
f 4254 4268 4267 4255
f 4220 4238 4239 4221
f 2387 2447 2448 2388
f 4230 4248 4249 4231
f 4183 4205 4206 4184
f 4256 4269 4270 4257
f 4226 4244 4245 4227
f 1561 1623 1624 1562
f 46 57 59 58
f 4206 4226 4227 4207
f 4127 4156 4157 4128
f 3760 3810 3811 3761
f 465 503 502 466
f 2113 2161 2162 2114
f 4283 4293 4294 4284
f 4188 4210 4211 4189
f 1090 1119 1120 1091
f 4272 4284 4285 4273
f 3 10 11 6
f 2178 2229 2230 2181
f 165 207 208 166
f 2163 2214 2215 2164
f 311 345 346 312
f 2036 2072 2073 2037
f 2624 2671 2672 2625
f 10 20 21 11
f 4255 4267 4269 4256
f 4068 4103 4104 4069
f 93 114 115 95
f 4296 4301 4303 4297
