# exported by blender_batch_chars_to_s.py fallback
v 0.543808 -0.051204 0.000000
v 0.547079 -0.051308 0.000000
v 0.550064 -0.057959 0.000000
v 0.543822 -0.057215 0.000000
v 0.583965 -0.050984 0.000000
v 0.590626 -0.049910 0.000000
v 0.590076 -0.057566 0.060294
v 0.580472 -0.058033 0.000000
v 0.600058 -0.049712 0.000000
v 0.600005 -0.057516 0.073054
v 0.610003 -0.049693 0.000000
v 0.610000 -0.057514 0.075585
v 0.620000 -0.049691 0.000000
v 0.620000 -0.057514 0.076025
v 0.630000 -0.049691 0.000000
v 0.630000 -0.057514 0.076154
v 0.639997 -0.049693 0.000000
v 0.640000 -0.057514 0.075960
v 0.649942 -0.049712 0.000000
v 0.649995 -0.057516 0.073647
v 0.659374 -0.049910 0.000000
v 0.659924 -0.057566 0.061438
v 0.666035 -0.050984 0.000000
v 0.669527 -0.058040 0.000000
v 0.550982 -0.067382 0.000000
v 0.544733 -0.063954 0.000000
v 0.560004 -0.060525 0.000000
v 0.560110 -0.068315 0.040449
v 0.570043 -0.060534 0.000000
v 0.570012 -0.068431 0.052174
v 0.580065 -0.068441 0.059564
v 0.590009 -0.068465 0.082975
v 0.600000 -0.068469 0.095948
v 0.610000 -0.068469 0.100387
v 0.620000 -0.068469 0.102392
v 0.630000 -0.068469 0.103458
v 0.640000 -0.068469 0.103494
v 0.650000 -0.068469 0.101177
v 0.659996 -0.068473 0.093176
v 0.669967 -0.068532 0.079613
v 0.679899 -0.060638 0.000000
v 0.679992 -0.068864 0.074088
v 0.689371 -0.061272 0.000000
v 0.689922 -0.068969 0.061397
v 0.696031 -0.062388 0.000000
v 0.699482 -0.069461 0.000000
v 0.560633 -0.075639 0.000000
v 0.554033 -0.074475 0.000000
v 0.570102 -0.076279 0.000000
v 0.580476 -0.078916 0.000000
v 0.590098 -0.079707 0.063958
v 0.600008 -0.079836 0.089895
v 0.610000 -0.079845 0.102975
v 0.620000 -0.079845 0.110293
v 0.630000 -0.079845 0.114847
v 0.640000 -0.079845 0.116601
v 0.650000 -0.079845 0.114524
v 0.660000 -0.079845 0.109627
v 0.669999 -0.079848 0.104807
v 0.680000 -0.079872 0.101249
v 0.689995 -0.079879 0.092640
v 0.699941 -0.079940 0.076018
v 0.709242 -0.072238 0.000000
v 0.709591 -0.080310 0.057500
v 0.715379 -0.073708 0.000000
v 0.716668 -0.080708 0.000000
v 0.590942 -0.090175 0.000000
v 0.584009 -0.086626 0.000000
v 0.600121 -0.091138 0.064939
v 0.610007 -0.091244 0.092899
v 0.620000 -0.091250 0.107104
v 0.630000 -0.091250 0.116408
v 0.640000 -0.091250 0.122856
v 0.650000 -0.091250 0.124054
v 0.660000 -0.091250 0.121432
v 0.670000 -0.091250 0.118435
v 0.680000 -0.091251 0.114210
v 0.690000 -0.091251 0.107309
v 0.699995 -0.091256 0.096487
v 0.709916 -0.091318 0.075022
v 0.719102 -0.091841 0.000000
v 0.600818 -0.102114 0.000000
v 0.594054 -0.098084 0.000000
v 0.610079 -0.102619 0.077914
v 0.620004 -0.102655 0.101915
v 0.630000 -0.102656 0.114812
v 0.640000 -0.102656 0.124350
v 0.650000 -0.102656 0.130334
v 0.660000 -0.102656 0.130763
v 0.670000 -0.102656 0.127638
v 0.680000 -0.102656 0.121821
v 0.690000 -0.102656 0.114154
v 0.699999 -0.102656 0.104625
v 0.709969 -0.102662 0.089645
v 0.719528 -0.102738 0.058728
v 0.725299 -0.095772 0.000000
v 0.726225 -0.103304 0.000000
v 0.610374 -0.114052 0.072420
v 0.603159 -0.113947 0.000000
v 0.620025 -0.114062 0.098875
v 0.630001 -0.114063 0.112280
v 0.640000 -0.114063 0.121780
v 0.650000 -0.114063 0.129537
v 0.660000 -0.114063 0.133076
v 0.670000 -0.114063 0.128861
v 0.680000 -0.114063 0.121492
v 0.690000 -0.114063 0.113219
v 0.699999 -0.114062 0.103390
v 0.709966 -0.114052 0.087981
v 0.719519 -0.113944 0.058324
v 0.726223 -0.113409 0.000000
v 0.610475 -0.125345 0.060373
v 0.603719 -0.124746 0.000000
v 0.620033 -0.125460 0.089766
v 0.630001 -0.125469 0.105313
v 0.640000 -0.125469 0.115179
v 0.650000 -0.125469 0.123497
v 0.660000 -0.125469 0.128361
v 0.670000 -0.125469 0.123418
v 0.680000 -0.125469 0.115184
v 0.690000 -0.125469 0.105580
v 0.699991 -0.125459 0.090925
v 0.709866 -0.125320 0.064233
v 0.718986 -0.124391 0.000000
v 0.725281 -0.120876 0.000000
v 0.611013 -0.135801 0.000000
v 0.604715 -0.132278 0.000000
v 0.620125 -0.136762 0.064857
v 0.630008 -0.136869 0.093014
v 0.640000 -0.136875 0.107588
v 0.650000 -0.136875 0.117495
v 0.660000 -0.136875 0.123034
v 0.670000 -0.136875 0.117675
v 0.680000 -0.136875 0.107788
v 0.689995 -0.136870 0.093233
v 0.699901 -0.136765 0.065099
v 0.709056 -0.135799 0.000000
v 0.715921 -0.132228 0.000000
v 0.620831 -0.147692 0.000000
v 0.614060 -0.143705 0.000000
v 0.630082 -0.148239 0.076083
v 0.640004 -0.148280 0.100348
v 0.650000 -0.148281 0.112742
v 0.660000 -0.148281 0.118826
v 0.670000 -0.148281 0.114187
v 0.679999 -0.148280 0.102212
v 0.689965 -0.148247 0.078558
v 0.699492 -0.147780 0.000000
v 0.705989 -0.143712 0.000000
v 0.630417 -0.159598 0.061306
v 0.623330 -0.158924 0.000000
v 0.640028 -0.159683 0.091930
v 0.650001 -0.159687 0.107046
v 0.660000 -0.159688 0.114862
v 0.670000 -0.159688 0.113075
v 0.679999 -0.159689 0.102025
v 0.689962 -0.159722 0.078403
v 0.699428 -0.160186 0.000000
v 0.630880 -0.170557 0.000000
v 0.624640 -0.166567 0.000000
v 0.640082 -0.171057 0.077928
v 0.650004 -0.171092 0.101859
v 0.660000 -0.171094 0.112974
v 0.670000 -0.171094 0.114745
v 0.679999 -0.171094 0.106959
v 0.689971 -0.171098 0.091798
v 0.699553 -0.171179 0.060878
v 0.705345 -0.164208 0.000000
v 0.706247 -0.171808 0.000000
v 0.640371 -0.182497 0.074285
v 0.633144 -0.182447 0.000000
v 0.650025 -0.182500 0.100517
v 0.660001 -0.182500 0.113110
v 0.670000 -0.182500 0.117739
v 0.679999 -0.182500 0.111847
v 0.689973 -0.182500 0.098842
v 0.699576 -0.182506 0.071942
v 0.706417 -0.182566 0.000000
v 0.640422 -0.193900 0.071971
v 0.633545 -0.193838 0.000000
v 0.650027 -0.193906 0.098850
v 0.660001 -0.193906 0.111850
v 0.670000 -0.193906 0.117727
v 0.679999 -0.193906 0.113037
v 0.689973 -0.193906 0.100359
v 0.699577 -0.193906 0.073788
v 0.706434 -0.193910 0.000000
v 0.640469 -0.205226 0.060801
v 0.633755 -0.204598 0.000000
v 0.650031 -0.205308 0.091769
v 0.660001 -0.205312 0.106936
v 0.670000 -0.205312 0.114602
v 0.679999 -0.205312 0.112319
v 0.689973 -0.205312 0.100412
v 0.699577 -0.205313 0.073935
v 0.706435 -0.205313 0.000000
v 0.494617 -0.210650 0.000000
v 0.500712 -0.209597 0.000000
v 0.500406 -0.217244 0.056841
v 0.493332 -0.217589 0.000000
v 0.510005 -0.209421 0.000000
v 0.510022 -0.217206 0.069909
v 0.519377 -0.209598 0.000000
v 0.519923 -0.217254 0.060954
v 0.526032 -0.210673 0.000000
v 0.529486 -0.217743 0.000000
v 0.640884 -0.216182 0.000000
v 0.634698 -0.212196 0.000000
v 0.650083 -0.216682 0.077920
v 0.660004 -0.216717 0.101779
v 0.670000 -0.216719 0.112267
v 0.679999 -0.216719 0.111757
v 0.689973 -0.216719 0.100352
v 0.699577 -0.216719 0.073937
v 0.706435 -0.216719 0.000000
v 0.500084 -0.228196 0.074847
v 0.490898 -0.228716 0.000000
v 0.510004 -0.228158 0.093403
v 0.519996 -0.228161 0.091603
v 0.529962 -0.228222 0.077112
v 0.539326 -0.220523 0.000000
v 0.539888 -0.228612 0.061252
v 0.545966 -0.222033 0.000000
v 0.549055 -0.229277 0.000000
v 0.650371 -0.228122 0.074432
v 0.643143 -0.228075 0.000000
v 0.660025 -0.228125 0.100496
v 0.670001 -0.228125 0.111694
v 0.679999 -0.228125 0.111633
v 0.689973 -0.228125 0.100340
v 0.699577 -0.228125 0.073937
v 0.706437 -0.228125 0.000000
v 0.484699 -0.232652 0.000000
v 0.490469 -0.239620 0.060752
v 0.483757 -0.240246 0.000000
v 0.500031 -0.239537 0.091315
v 0.510001 -0.239532 0.104558
v 0.520000 -0.239532 0.106892
v 0.529999 -0.239536 0.101686
v 0.539991 -0.239566 0.090409
v 0.549869 -0.239684 0.064508
v 0.555926 -0.232778 0.000000
v 0.559053 -0.240612 0.000000
v 0.650419 -0.239531 0.073962
v 0.643526 -0.239529 0.000000
v 0.660027 -0.239531 0.100336
v 0.670001 -0.239531 0.111613
v 0.679999 -0.239531 0.111623
v 0.689973 -0.239531 0.100348
v 0.699581 -0.239531 0.073968
v 0.706474 -0.239534 0.000000
v 0.490425 -0.250943 0.071934
v 0.483582 -0.251004 0.000000
v 0.500028 -0.250938 0.098769
v 0.510001 -0.250938 0.111360
v 0.520000 -0.250938 0.116395
v 0.530000 -0.250938 0.113570
v 0.540000 -0.250939 0.105440
v 0.549990 -0.250949 0.091146
v 0.559869 -0.251086 0.064580
v 0.565926 -0.244178 0.000000
v 0.569056 -0.252017 0.000000
v 0.650423 -0.250937 0.073774
v 0.643564 -0.250934 0.000000
v 0.660028 -0.250937 0.100150
v 0.670001 -0.250938 0.111447
v 0.679999 -0.250938 0.111644
v 0.689975 -0.250938 0.100491
v 0.699629 -0.250941 0.074432
v 0.706857 -0.250987 0.000000
v 0.490420 -0.262344 0.073826
v 0.483527 -0.262350 0.000000
v 0.500027 -0.262344 0.100458
v 0.510001 -0.262344 0.113831
v 0.520000 -0.262344 0.121520
v 0.530000 -0.262344 0.121351
v 0.540000 -0.262344 0.114901
v 0.550000 -0.262344 0.105613
v 0.559991 -0.262354 0.091206
v 0.569901 -0.262482 0.065157
v 0.575988 -0.255563 0.000000
v 0.579484 -0.263291 0.000000
v 0.650425 -0.262338 0.071924
v 0.643583 -0.262278 0.000000
v 0.660028 -0.262344 0.098639
v 0.670001 -0.262344 0.110309
v 0.680000 -0.262344 0.111755
v 0.689996 -0.262345 0.101691
v 0.699917 -0.262381 0.077903
v 0.709116 -0.262880 0.000000
v 0.924590 -0.256298 0.000000
v 0.930094 -0.255440 0.000000
v 0.930383 -0.262913 0.042235
v 0.923765 -0.263104 0.000000
v 0.936127 -0.256329 0.000000
v 0.939517 -0.263370 0.000000
v 0.490371 -0.273753 0.074457
v 0.483140 -0.273800 0.000000
v 0.500025 -0.273750 0.100826
v 0.510001 -0.273750 0.114516
v 0.520000 -0.273750 0.124025
v 0.530000 -0.273750 0.127616
v 0.540000 -0.273750 0.122951
v 0.550000 -0.273750 0.115140
v 0.560000 -0.273750 0.105984
v 0.569995 -0.273758 0.093789
v 0.579963 -0.273843 0.077374
v 0.589331 -0.266143 0.000000
v 0.589919 -0.274226 0.061843
v 0.596028 -0.267637 0.000000
v 0.599486 -0.274769 0.000000
v 0.650469 -0.273663 0.060797
v 0.643757 -0.273036 0.000000
v 0.660031 -0.273745 0.091710
v 0.670001 -0.273750 0.106398
v 0.680000 -0.273750 0.111955
v 0.689999 -0.273750 0.106227
v 0.699969 -0.273755 0.091527
v 0.709531 -0.273837 0.060635
v 0.715302 -0.266867 0.000000
v 0.716243 -0.274461 0.000000
v 0.930467 -0.273700 0.053366
v 0.923775 -0.273108 0.000000
v 0.939994 -0.273842 0.066391
v 0.949332 -0.266146 0.000000
v 0.949921 -0.274226 0.059950
v 0.956028 -0.267637 0.000000
v 0.959486 -0.274769 0.000000
v 0.490079 -0.285194 0.078097
v 0.480817 -0.285696 0.000000
v 0.500004 -0.285158 0.102182
v 0.510000 -0.285156 0.115372
v 0.520000 -0.285156 0.125723
v 0.530000 -0.285156 0.132375
v 0.540000 -0.285156 0.130333
v 0.550000 -0.285156 0.123568
v 0.560000 -0.285156 0.116190
v 0.570000 -0.285156 0.109393
v 0.579999 -0.285161 0.102329
v 0.589996 -0.285189 0.093043
v 0.599962 -0.285253 0.077213
v 0.609326 -0.277554 0.000000
v 0.609885 -0.285643 0.061106
v 0.615961 -0.279065 0.000000
v 0.618988 -0.286306 0.000000
v 0.650885 -0.284617 0.000000
v 0.644698 -0.280633 0.000000
v 0.660083 -0.285119 0.077750
v 0.670004 -0.285155 0.101469
v 0.680000 -0.285156 0.111208
v 0.689999 -0.285156 0.108859
v 0.699972 -0.285156 0.096927
v 0.709573 -0.285156 0.069914
v 0.716398 -0.285156 0.000000
v 0.930898 -0.284571 0.000000
v 0.924701 -0.280635 0.000000
v 0.940083 -0.285118 0.070400
v 0.950000 -0.285187 0.084779
v 0.959963 -0.285253 0.075829
v 0.969331 -0.277552 0.000000
v 0.969920 -0.285633 0.061673
v 0.976028 -0.279044 0.000000
v 0.979486 -0.286175 0.000000
v 0.474054 -0.289729 0.000000
v 0.480121 -0.296674 0.065039
v 0.470946 -0.297639 0.000000
v 0.490007 -0.296568 0.093220
v 0.500000 -0.296563 0.107844
v 0.510000 -0.296562 0.118389
v 0.520000 -0.296562 0.128167
v 0.530000 -0.296562 0.135871
v 0.540000 -0.296562 0.136597
v 0.550000 -0.296562 0.131714
v 0.560000 -0.296562 0.125761
v 0.570000 -0.296562 0.120477
v 0.580000 -0.296563 0.115084
v 0.590000 -0.296564 0.109009
v 0.599998 -0.296567 0.101487
v 0.609967 -0.296597 0.089004
v 0.619521 -0.296690 0.060270
v 0.625282 -0.289759 0.000000
v 0.626242 -0.297283 0.000000
v 0.660374 -0.296552 0.072381
v 0.653162 -0.296447 0.000000
v 0.670025 -0.296562 0.098420
v 0.680001 -0.296562 0.108556
v 0.689999 -0.296562 0.105467
v 0.699971 -0.296558 0.091466
v 0.709553 -0.296477 0.060706
v 0.716246 -0.295852 0.000000
v 0.940417 -0.296473 0.060529
v 0.933334 -0.295799 0.000000
v 0.950028 -0.296559 0.088669
v 0.960000 -0.296567 0.096510
v 0.969996 -0.296595 0.091962
v 0.979963 -0.296659 0.077174
v 0.989331 -0.288959 0.000000
v 0.989921 -0.297038 0.061873
v 0.996031 -0.290449 0.000000
v 0.999527 -0.297567 0.000000
v 0.464074 -0.301209 0.000000
v 0.470131 -0.308118 0.064582
v 0.460944 -0.309048 0.000000
v 0.480009 -0.307979 0.091181
v 0.490000 -0.307969 0.105790
v 0.500000 -0.307969 0.115363
v 0.510000 -0.307969 0.123804
v 0.520000 -0.307969 0.131620
v 0.530000 -0.307969 0.137592
v 0.540000 -0.307969 0.139129
v 0.550000 -0.307969 0.136698
v 0.560000 -0.307969 0.132721
v 0.570000 -0.307969 0.128634
v 0.580000 -0.307969 0.124006
v 0.590000 -0.307969 0.118591
v 0.599999 -0.307969 0.111221
v 0.609972 -0.307970 0.098580
v 0.619574 -0.307976 0.071906
v 0.626417 -0.308035 0.000000
v 0.660475 -0.307845 0.060349
v 0.653719 -0.307246 0.000000
v 0.670033 -0.307960 0.089401
v 0.680001 -0.307968 0.102142
v 0.689999 -0.307967 0.099536
v 0.699961 -0.307934 0.078088
v 0.709426 -0.307470 0.000000
v 0.715345 -0.303449 0.000000
v 0.940881 -0.307430 0.000000
v 0.934640 -0.303442 0.000000
v 0.950083 -0.307931 0.077270
v 0.960004 -0.307967 0.099148
v 0.970000 -0.307970 0.104758
v 0.979999 -0.307973 0.101418
v 0.989996 -0.308001 0.093159
v 0.999967 -0.308063 0.079596
v 1.009899 -0.300169 0.000000
v 1.009992 -0.308395 0.074088
v 1.019372 -0.300803 0.000000
v 1.019922 -0.308500 0.061424
v 1.026031 -0.301919 0.000000
v 1.029486 -0.308993 0.000000
v 0.354607 -0.313224 0.000000
v 0.360000 -0.312416 0.000000
v 0.360000 -0.319375 0.029247
v 0.353899 -0.319375 0.000000
v 0.365393 -0.313224 0.000000
v 0.366101 -0.319375 0.000000
v 0.454012 -0.312595 0.000000
v 0.460099 -0.319513 0.065157
v 0.450516 -0.320323 0.000000
v 0.470009 -0.319386 0.091203
v 0.480000 -0.319375 0.105606
v 0.490000 -0.319375 0.115007
v 0.500000 -0.319375 0.122666
v 0.510000 -0.319375 0.128601
v 0.520000 -0.319375 0.131752
v 0.530000 -0.319375 0.132144
v 0.540000 -0.319375 0.131625
v 0.550000 -0.319375 0.130777
v 0.560000 -0.319375 0.129662
v 0.570000 -0.319375 0.128417
v 0.580000 -0.319375 0.126271
v 0.590000 -0.319375 0.121606
v 0.599999 -0.319375 0.113475
v 0.609973 -0.319375 0.100355
v 0.619577 -0.319375 0.073780
v 0.626434 -0.319378 0.000000
v 0.661013 -0.318301 0.000000
v 0.654715 -0.314778 0.000000
v 0.670124 -0.319263 0.064705
v 0.680007 -0.319369 0.091323
v 0.689999 -0.319376 0.096642
v 0.699962 -0.319409 0.077665
v 0.709430 -0.319874 0.000000
v 0.950374 -0.319365 0.072346
v 0.943162 -0.319259 0.000000
v 0.960025 -0.319375 0.098266
v 0.970001 -0.319375 0.108873
v 0.980000 -0.319375 0.111105
v 0.990000 -0.319376 0.108563
v 0.999999 -0.319379 0.104495
v 1.010000 -0.319403 0.101247
v 1.019996 -0.319411 0.092944
v 1.029963 -0.319472 0.077299
v 1.039331 -0.311771 0.000000
v 1.039919 -0.319851 0.061839
v 1.046028 -0.313262 0.000000
v 1.049486 -0.320394 0.000000
v 0.360000 -0.326334 0.000000
v 0.354607 -0.325526 0.000000
v 0.365393 -0.325526 0.000000
v 0.434034 -0.324690 0.000000
v 0.440674 -0.323176 0.000000
v 0.440112 -0.331268 0.061263
v 0.430945 -0.331933 0.000000
v 0.450038 -0.330875 0.077322
v 0.460005 -0.330790 0.093771
v 0.470000 -0.330782 0.105917
v 0.480000 -0.330781 0.114853
v 0.490000 -0.330781 0.122168
v 0.500000 -0.330781 0.126755
v 0.510000 -0.330781 0.127664
v 0.520000 -0.330781 0.125194
v 0.530000 -0.330781 0.121815
v 0.540000 -0.330781 0.119825
v 0.550000 -0.330780 0.119284
v 0.560000 -0.330780 0.119088
v 0.570000 -0.330780 0.118904
v 0.580000 -0.330780 0.118382
v 0.590000 -0.330780 0.116375
v 0.599999 -0.330780 0.111027
v 0.609973 -0.330780 0.099652
v 0.619577 -0.330780 0.073691
v 0.626434 -0.330778 0.000000
v 0.670818 -0.330239 0.000000
v 0.664059 -0.326209 0.000000
v 0.680079 -0.330744 0.077161
v 0.690003 -0.330780 0.096166
v 0.699974 -0.330786 0.090106
v 0.709605 -0.330870 0.061192
v 0.715403 -0.323899 0.000000
v 0.716670 -0.331544 0.000000
v 0.950475 -0.330657 0.060367
v 0.943719 -0.330059 0.000000
v 0.960034 -0.330771 0.089662
v 0.970001 -0.330781 0.104486
v 0.980000 -0.330781 0.112028
v 0.990000 -0.330781 0.115649
v 1.000000 -0.330781 0.116166
v 1.010000 -0.330782 0.114158
v 1.020000 -0.330782 0.109126
v 1.029999 -0.330786 0.102318
v 1.039996 -0.330814 0.093044
v 1.049961 -0.330878 0.077213
v 1.059326 -0.323179 0.000000
v 1.059885 -0.331268 0.061106
v 1.065961 -0.324690 0.000000
v 1.068988 -0.331931 0.000000
v 0.424074 -0.335434 0.000000
v 0.430131 -0.342340 0.064506
v 0.420947 -0.343268 0.000000
v 0.440009 -0.342223 0.090416
v 0.450001 -0.342192 0.101921
v 0.460000 -0.342188 0.109112
v 0.470000 -0.342187 0.115403
v 0.480000 -0.342188 0.121160
v 0.490000 -0.342188 0.124864
v 0.500000 -0.342188 0.123735
v 0.510000 -0.342187 0.120174
v 0.520000 -0.342187 0.115237
v 0.530000 -0.342186 0.109748
v 0.539999 -0.342183 0.105288
v 0.550000 -0.342159 0.104258
v 0.560000 -0.342156 0.104136
v 0.570000 -0.342156 0.104117
v 0.580000 -0.342156 0.104048
v 0.590000 -0.342156 0.103587
v 0.599999 -0.342156 0.101526
v 0.609973 -0.342156 0.094198
v 0.619575 -0.342153 0.071118
v 0.626417 -0.342115 0.000000
v 0.680373 -0.342178 0.072069
v 0.673159 -0.342072 0.000000
v 0.690025 -0.342187 0.095804
v 0.699997 -0.342189 0.096663
v 0.709916 -0.342230 0.075505
v 0.719107 -0.342774 0.000000
v 0.951014 -0.341110 0.000000
v 0.944715 -0.337590 0.000000
v 0.960134 -0.342039 0.064420
v 0.970010 -0.342178 0.091071
v 0.980000 -0.342187 0.105350
v 0.990000 -0.342188 0.113843
v 1.000000 -0.342187 0.119591
v 1.010000 -0.342188 0.121822
v 1.020000 -0.342188 0.119821
v 1.030000 -0.342188 0.115115
v 1.040000 -0.342189 0.109040
v 1.049998 -0.342192 0.101496
v 1.059967 -0.342222 0.089013
v 1.069525 -0.342315 0.060302
v 1.075285 -0.335384 0.000000
v 1.076281 -0.342910 0.000000
v 0.414074 -0.346834 0.000000
v 0.420131 -0.353743 0.064564
v 0.410944 -0.354673 0.000000
v 0.430010 -0.353605 0.091093
v 0.440000 -0.353595 0.105289
v 0.450000 -0.353594 0.113511
v 0.460000 -0.353594 0.118344
v 0.470000 -0.353594 0.121014
v 0.480000 -0.353594 0.121504
v 0.490000 -0.353594 0.119509
v 0.500000 -0.353594 0.115007
v 0.510000 -0.353593 0.109232
v 0.519999 -0.353589 0.102340
v 0.529996 -0.353561 0.093309
v 0.539967 -0.353500 0.079866
v 0.549997 -0.353171 0.076662
v 0.560000 -0.353115 0.076247
v 0.570000 -0.353112 0.076219
v 0.580000 -0.353111 0.076213
v 0.590000 -0.353111 0.076152
v 0.599999 -0.353111 0.075630
v 0.609970 -0.353109 0.072228
v 0.619542 -0.353072 0.056571
v 0.626245 -0.352772 0.000000
v 0.680466 -0.353505 0.060707
v 0.673718 -0.352877 0.000000
v 0.690031 -0.353589 0.090497
v 0.700000 -0.353594 0.099803
v 0.709972 -0.353599 0.090622
v 0.719582 -0.353686 0.061169
v 0.725359 -0.346718 0.000000
v 0.726666 -0.354357 0.000000
v 0.960946 -0.352517 0.000000
v 0.954079 -0.348947 0.000000
v 0.970121 -0.353480 0.065005
v 0.980008 -0.353588 0.093023
v 0.990000 -0.353594 0.107449
v 1.000000 -0.353594 0.117199
v 1.010000 -0.353594 0.124230
v 1.020000 -0.353594 0.126898
v 1.030000 -0.353594 0.124444
v 1.040000 -0.353594 0.118940
v 1.049999 -0.353594 0.111365
v 1.059975 -0.353595 0.098744
v 1.069626 -0.353604 0.072402
v 1.076838 -0.353710 0.000000
v 0.404012 -0.358220 0.000000
v 0.410100 -0.365138 0.065094
v 0.400516 -0.365948 0.000000
v 0.420009 -0.365011 0.090948
v 0.430000 -0.365000 0.104921
v 0.440000 -0.365000 0.113288
v 0.450000 -0.365000 0.118794
v 0.460000 -0.365000 0.120425
v 0.470000 -0.365000 0.118449
v 0.480000 -0.365000 0.114575
v 0.490000 -0.364999 0.109150
v 0.499999 -0.364996 0.102313
v 0.509996 -0.364967 0.093059
v 0.519963 -0.364903 0.077306
v 0.529921 -0.364524 0.061884
v 0.539530 -0.363997 0.000000
v 0.549957 -0.361415 0.000000
v 0.559998 -0.360978 0.000000
v 0.570000 -0.360936 0.000000
v 0.580000 -0.360934 0.000000
v 0.590000 -0.360934 0.000000
v 0.599997 -0.360933 0.000000
v 0.609936 -0.360913 0.000000
v 0.619280 -0.360717 0.000000
v 0.625324 -0.359667 0.000000
v 0.680897 -0.364414 0.000000
v 0.674696 -0.360473 0.000000
v 0.690084 -0.364958 0.075514
v 0.700004 -0.364998 0.096843
v 0.709996 -0.365002 0.096847
v 0.719915 -0.365042 0.075521
v 0.729107 -0.365586 0.000000
v 0.970831 -0.364411 0.000000
v 0.964056 -0.360424 0.000000
v 0.980082 -0.364956 0.076060
v 0.990004 -0.364998 0.100198
v 1.000000 -0.365000 0.112856
v 1.010000 -0.365000 0.121594
v 1.020000 -0.365000 0.127472
v 1.030000 -0.365000 0.128704
v 1.040000 -0.365000 0.123746
v 1.050000 -0.365000 0.114751
v 1.059996 -0.365001 0.101896
v 1.069918 -0.365037 0.077776
v 1.079116 -0.365539 0.000000
v 0.384039 -0.370314 0.000000
v 0.390674 -0.368801 0.000000
v 0.390115 -0.376893 0.061081
v 0.381008 -0.377556 0.000000
v 0.400038 -0.376500 0.077050
v 0.410005 -0.376415 0.093008
v 0.420000 -0.376407 0.103689
v 0.430000 -0.376406 0.110164
v 0.440000 -0.376405 0.114255
v 0.450000 -0.376405 0.115745
v 0.460000 -0.376405 0.113943
v 0.470000 -0.376405 0.108953
v 0.479999 -0.376402 0.102267
v 0.489996 -0.376374 0.093054
v 0.499963 -0.376310 0.077305
v 0.509920 -0.375930 0.061840
v 0.519486 -0.375387 0.000000
v 0.529331 -0.372604 0.000000
v 0.536032 -0.371114 0.000000
v 0.690395 -0.376318 0.061275
v 0.683330 -0.375643 0.000000
v 0.700026 -0.376402 0.090811
v 0.710000 -0.376406 0.099987
v 0.719972 -0.376411 0.090676
v 0.729585 -0.376497 0.061235
v 0.735363 -0.369529 0.000000
v 0.736713 -0.377155 0.000000
v 0.980427 -0.376279 0.060845
v 0.973332 -0.375638 0.000000
v 0.990031 -0.376396 0.089883
v 1.000001 -0.376405 0.105091
v 1.010000 -0.376406 0.114006
v 1.020000 -0.376406 0.120086
v 1.030000 -0.376406 0.123915
v 1.040000 -0.376406 0.123524
v 1.050000 -0.376406 0.117134
v 1.059999 -0.376406 0.107103
v 1.069969 -0.376411 0.091731
v 1.079531 -0.376493 0.060790
v 1.085302 -0.369523 0.000000
v 1.086244 -0.377121 0.000000
v 0.374659 -0.381013 0.000000
v 0.380427 -0.387943 0.060718
v 0.373332 -0.388581 0.000000
v 0.390030 -0.387847 0.088738
v 0.400002 -0.387817 0.099586
v 0.410000 -0.387813 0.104091
v 0.420000 -0.387811 0.104811
v 0.430000 -0.387810 0.103317
v 0.440000 -0.387784 0.103492
v 0.450000 -0.387781 0.103397
v 0.460000 -0.387781 0.101119
v 0.469996 -0.387777 0.092926
v 0.479963 -0.387716 0.077296
v 0.489920 -0.387336 0.061840
v 0.499486 -0.386793 0.000000
v 0.509331 -0.384010 0.000000
v 0.516028 -0.382519 0.000000
v 0.690568 -0.387314 0.000000
v 0.684597 -0.383289 0.000000
v 0.700038 -0.387778 0.077968
v 0.710001 -0.387811 0.098437
v 0.719997 -0.387814 0.097492
v 0.729951 -0.387844 0.076374
v 0.739643 -0.388254 0.000000
v 0.981010 -0.386735 0.000000
v 0.974659 -0.383211 0.000000
v 0.990134 -0.387660 0.064364
v 1.000009 -0.387777 0.090391
v 1.010001 -0.387808 0.101966
v 1.020000 -0.387812 0.109315
v 1.030000 -0.387812 0.115623
v 1.040000 -0.387812 0.119931
v 1.050000 -0.387812 0.118121
v 1.059999 -0.387812 0.110684
v 1.069973 -0.387813 0.098156
v 1.079575 -0.387817 0.071703
v 1.086416 -0.387875 0.000000
v 0.380082 -0.399263 0.075463
v 0.370827 -0.399806 0.000000
v 0.390004 -0.399221 0.097395
v 0.400000 -0.399218 0.102833
v 0.409999 -0.399214 0.099930
v 0.420000 -0.399191 0.092549
v 0.429999 -0.399164 0.079632
v 0.440000 -0.398799 0.076591
v 0.450000 -0.398740 0.075981
v 0.459995 -0.398734 0.073645
v 0.469922 -0.398683 0.061395
v 0.479486 -0.398195 0.000000
v 0.489331 -0.395416 0.000000
v 0.496028 -0.393925 0.000000
v 0.700035 -0.399253 0.078309
v 0.690504 -0.399719 0.000000
v 0.710001 -0.399220 0.100037
v 0.720000 -0.399219 0.104175
v 0.729998 -0.399222 0.095487
v 0.739977 -0.399274 0.080338
v 0.749969 -0.391347 0.000000
v 0.749998 -0.399639 0.076698
v 0.759999 -0.391832 0.000000
v 0.760000 -0.399697 0.076244
v 0.770000 -0.391877 0.000000
v 0.770000 -0.399701 0.076189
v 0.779997 -0.391880 0.000000
v 0.780000 -0.399701 0.075941
v 0.789942 -0.391900 0.000000
v 0.789995 -0.399704 0.073614
v 0.799374 -0.392097 0.000000
v 0.799922 -0.399754 0.061348
v 0.806031 -0.393173 0.000000
v 0.809482 -0.400243 0.000000
v 0.990945 -0.398067 0.000000
v 0.984079 -0.394566 0.000000
v 1.000112 -0.398732 0.061261
v 1.010038 -0.399125 0.077324
v 1.020005 -0.399210 0.093764
v 1.030000 -0.399217 0.105641
v 1.040000 -0.399218 0.112467
v 1.050000 -0.399219 0.112521
v 1.059999 -0.399219 0.106441
v 1.069971 -0.399214 0.095069
v 1.079575 -0.399188 0.071066
v 1.086416 -0.399150 0.000000
v 0.363990 -0.403773 0.000000
v 0.370089 -0.410727 0.064411
v 0.360474 -0.411554 0.000000
v 0.380006 -0.410629 0.089164
v 0.389999 -0.410621 0.096375
v 0.399996 -0.410593 0.091735
v 0.409967 -0.410534 0.076998
v 0.419994 -0.410241 0.061791
v 0.429969 -0.410222 0.000000
v 0.439998 -0.407092 0.000000
v 0.449997 -0.406604 0.000000
v 0.459942 -0.406540 0.000000
v 0.469374 -0.406340 0.000000
v 0.476032 -0.405265 0.000000
v 0.683949 -0.403767 0.000000
v 0.690068 -0.410725 0.065690
v 0.680513 -0.411568 0.000000
v 0.700004 -0.410630 0.093191
v 0.710000 -0.410625 0.106760
v 0.720000 -0.410625 0.112189
v 0.730000 -0.410625 0.109475
v 0.739999 -0.410628 0.105274
v 0.750000 -0.410653 0.104236
v 0.760000 -0.410656 0.104065
v 0.770000 -0.410656 0.103825
v 0.780000 -0.410656 0.103226
v 0.790000 -0.410656 0.100684
v 0.799995 -0.410661 0.092310
v 0.809938 -0.410721 0.075806
v 0.819237 -0.403019 0.000000
v 0.819539 -0.411088 0.057003
v 0.825321 -0.404486 0.000000
v 0.826245 -0.411440 0.000000
v 1.000674 -0.406824 0.000000
v 0.994034 -0.405310 0.000000
v 1.010517 -0.409677 0.000000
v 1.020099 -0.410483 0.065080
v 1.030008 -0.410587 0.090320
v 1.040000 -0.410597 0.100357
v 1.050001 -0.410620 0.100535
v 1.059994 -0.410616 0.092458
v 1.069938 -0.410533 0.075854
v 1.079539 -0.410162 0.057008
v 1.086245 -0.409810 0.000000
v 0.334031 -0.416003 0.000000
v 0.340633 -0.414867 0.000000
v 0.340109 -0.422574 0.060430
v 0.330945 -0.423188 0.000000
v 0.350102 -0.414228 0.000000
v 0.350009 -0.422457 0.072752
v 0.360033 -0.422120 0.076168
v 0.370003 -0.422034 0.085538
v 0.379996 -0.421999 0.087495
v 0.389963 -0.421935 0.076101
v 0.399921 -0.421557 0.061674
v 0.409528 -0.421065 0.000000
v 0.419915 -0.419028 0.000000
v 0.429564 -0.422221 0.000000
v 0.663972 -0.415918 0.000000
v 0.670669 -0.414424 0.000000
v 0.670080 -0.422507 0.061843
v 0.660514 -0.423050 0.000000
v 0.680037 -0.422124 0.077376
v 0.690004 -0.422038 0.093817
v 0.700000 -0.422031 0.106126
v 0.710000 -0.422031 0.115028
v 0.720000 -0.422031 0.120992
v 0.730000 -0.422031 0.121099
v 0.740000 -0.422031 0.119665
v 0.750000 -0.422032 0.118987
v 0.760000 -0.422032 0.118332
v 0.770000 -0.422032 0.116754
v 0.780000 -0.422032 0.114484
v 0.790000 -0.422032 0.110631
v 0.799999 -0.422032 0.104548
v 0.809971 -0.422035 0.094408
v 0.819575 -0.422061 0.070979
v 0.826416 -0.422100 0.000000
v 1.020941 -0.420876 0.000000
v 1.014012 -0.417400 0.000000
v 1.030109 -0.421489 0.060797
v 1.040009 -0.421605 0.073222
v 1.050024 -0.421930 0.072507
v 1.059905 -0.421885 0.060564
v 1.069480 -0.421083 0.000000
v 1.079237 -0.418234 0.000000
v 1.085321 -0.416765 0.000000
v 0.324074 -0.426684 0.000000
v 0.330130 -0.433590 0.063396
v 0.320944 -0.434517 0.000000
v 0.340009 -0.433475 0.086672
v 0.349999 -0.433461 0.091731
v 0.359997 -0.433409 0.086393
v 0.369963 -0.433341 0.074165
v 0.379920 -0.432961 0.060969
v 0.389486 -0.432418 0.000000
v 0.399331 -0.429635 0.000000
v 0.406031 -0.428148 0.000000
v 0.436061 -0.426535 0.000000
v 0.439565 -0.434400 0.000000
v 0.430477 -0.434040 0.000000
v 0.643972 -0.427325 0.000000
v 0.650669 -0.425834 0.000000
v 0.650080 -0.433914 0.061840
v 0.640514 -0.434457 0.000000
v 0.660037 -0.433534 0.077305
v 0.670004 -0.433470 0.093061
v 0.680001 -0.433442 0.102340
v 0.690000 -0.433438 0.109413
v 0.700000 -0.433437 0.116217
v 0.710000 -0.433437 0.123555
v 0.720000 -0.433437 0.130056
v 0.730000 -0.433437 0.132146
v 0.740000 -0.433437 0.130996
v 0.750000 -0.433438 0.128782
v 0.760000 -0.433438 0.125642
v 0.770000 -0.433438 0.120149
v 0.780000 -0.433438 0.113937
v 0.790000 -0.433437 0.107608
v 0.799998 -0.433433 0.101287
v 0.809972 -0.433409 0.093621
v 0.819575 -0.433404 0.070889
v 0.826416 -0.433368 0.000000
v 1.030633 -0.429195 0.000000
v 1.024031 -0.428060 0.000000
v 1.040095 -0.429827 0.000000
v 1.050344 -0.432356 0.000000
v 1.059154 -0.432221 0.000000
v 1.065995 -0.428801 0.000000
v 0.314012 -0.438063 0.000000
v 0.320099 -0.444981 0.063066
v 0.310516 -0.445790 0.000000
v 0.330007 -0.444850 0.083444
v 0.339996 -0.444813 0.087110
v 0.349963 -0.444748 0.075613
v 0.359920 -0.444368 0.061081
v 0.369486 -0.443824 0.000000
v 0.379331 -0.441041 0.000000
v 0.386028 -0.439550 0.000000
v 0.424675 -0.437867 0.000000
v 0.430498 -0.444812 0.043084
v 0.423947 -0.444838 0.000000
v 0.440002 -0.444928 0.063583
v 0.449900 -0.437042 0.000000
v 0.449993 -0.445269 0.069857
v 0.459372 -0.437678 0.000000
v 0.459924 -0.445374 0.060529
v 0.466035 -0.438791 0.000000
v 0.469531 -0.445819 0.000000
v 0.493965 -0.438794 0.000000
v 0.500626 -0.437722 0.000000
v 0.500076 -0.445377 0.061410
v 0.490469 -0.445819 0.000000
v 0.510055 -0.437526 0.000000
v 0.510004 -0.445329 0.073186
v 0.519939 -0.437526 0.000000
v 0.519973 -0.445329 0.072152
v 0.529285 -0.437721 0.000000
v 0.529594 -0.445369 0.057065
v 0.535383 -0.438775 0.000000
v 0.536671 -0.445714 0.000000
v 0.623969 -0.438730 0.000000
v 0.630669 -0.437240 0.000000
v 0.630079 -0.445319 0.061882
v 0.620473 -0.445848 0.000000
v 0.640037 -0.444940 0.077305
v 0.650004 -0.444876 0.093059
v 0.660001 -0.444848 0.102321
v 0.670000 -0.444845 0.109263
v 0.680000 -0.444844 0.115269
v 0.690000 -0.444844 0.120761
v 0.700000 -0.444844 0.126146
v 0.710000 -0.444844 0.132400
v 0.720000 -0.444844 0.138688
v 0.730000 -0.444844 0.141178
v 0.740000 -0.444844 0.137712
v 0.750000 -0.444844 0.130866
v 0.760000 -0.444844 0.123297
v 0.770000 -0.444844 0.115032
v 0.780000 -0.444844 0.105914
v 0.789995 -0.444837 0.093801
v 0.799966 -0.444753 0.079189
v 0.809967 -0.444418 0.072621
v 0.819542 -0.444325 0.056588
v 0.826245 -0.444022 0.000000
v 1.056866 -0.439119 0.000000
v 1.053061 -0.439139 0.000000
v 0.294034 -0.450158 0.000000
v 0.300674 -0.448644 0.000000
v 0.300110 -0.456732 0.057275
v 0.290941 -0.457400 0.000000
v 0.310038 -0.456315 0.070625
v 0.320001 -0.456223 0.080525
v 0.329963 -0.456154 0.073382
v 0.339920 -0.455774 0.060906
v 0.349486 -0.455231 0.000000
v 0.359331 -0.452448 0.000000
v 0.366028 -0.450956 0.000000
v 0.431016 -0.455179 0.000000
v 0.424745 -0.451752 0.000000
v 0.440133 -0.456106 0.059971
v 0.450010 -0.456267 0.082872
v 0.459996 -0.456285 0.087331
v 0.469967 -0.456341 0.078394
v 0.480000 -0.447949 0.000000
v 0.480000 -0.456614 0.076642
v 0.490033 -0.456341 0.079739
v 0.500004 -0.456286 0.092997
v 0.510000 -0.456281 0.099663
v 0.519996 -0.456283 0.095343
v 0.529919 -0.456321 0.075242
v 0.539173 -0.456842 0.000000
v 0.594030 -0.450222 0.000000
v 0.600633 -0.449086 0.000000
v 0.600109 -0.456792 0.060845
v 0.590941 -0.457405 0.000000
v 0.610102 -0.448450 0.000000
v 0.610009 -0.456676 0.074032
v 0.620033 -0.456344 0.079594
v 0.630004 -0.456282 0.093267
v 0.640001 -0.456254 0.102308
v 0.650000 -0.456251 0.109216
v 0.660000 -0.456250 0.115116
v 0.670000 -0.456250 0.120459
v 0.680000 -0.456250 0.125560
v 0.690000 -0.456250 0.130823
v 0.700000 -0.456250 0.135490
v 0.710000 -0.456250 0.140132
v 0.720000 -0.456250 0.144255
v 0.730000 -0.456250 0.143927
v 0.740000 -0.456250 0.137060
v 0.750000 -0.456250 0.127666
v 0.760000 -0.456250 0.118035
v 0.770000 -0.456250 0.107618
v 0.779994 -0.456245 0.093094
v 0.789911 -0.456148 0.065617
v 0.799526 -0.455321 0.000000
v 0.809893 -0.452648 0.000000
v 0.819277 -0.452011 0.000000
v 0.825324 -0.450920 0.000000
v 0.284012 -0.460879 0.000000
v 0.290095 -0.467763 0.055892
v 0.280520 -0.468572 0.000000
v 0.299975 -0.467597 0.066474
v 0.309994 -0.467235 0.068027
v 0.319922 -0.467125 0.059619
v 0.329486 -0.466632 0.000000
v 0.339331 -0.463854 0.000000
v 0.346028 -0.462363 0.000000
v 0.440947 -0.466576 0.000000
v 0.434079 -0.463010 0.000000
v 0.450131 -0.467508 0.063424
v 0.460009 -0.467648 0.087547
v 0.469999 -0.467660 0.097009
v 0.480000 -0.467681 0.100838
v 0.490001 -0.467660 0.103936
v 0.500000 -0.467657 0.108883
v 0.510000 -0.467657 0.111650
v 0.520000 -0.467657 0.106279
v 0.529994 -0.467662 0.092955
v 0.539911 -0.467759 0.065625
v 0.546010 -0.460804 0.000000
v 0.549528 -0.468582 0.000000
v 0.584009 -0.460880 0.000000
v 0.590098 -0.467798 0.065111
v 0.580473 -0.468587 0.000000
v 0.600008 -0.467694 0.090315
v 0.610000 -0.467685 0.100783
v 0.620001 -0.467661 0.104442
v 0.630000 -0.467657 0.109275
v 0.640000 -0.467656 0.114778
v 0.650000 -0.467656 0.119902
v 0.660000 -0.467656 0.124278
v 0.670000 -0.467656 0.128661
v 0.680000 -0.467656 0.132700
v 0.690000 -0.467656 0.136585
v 0.700000 -0.467656 0.139298
v 0.710000 -0.467656 0.140901
v 0.720000 -0.467656 0.141695
v 0.730000 -0.467656 0.139560
v 0.740000 -0.467656 0.132386
v 0.750000 -0.467656 0.123129
v 0.760000 -0.467656 0.113268
v 0.769996 -0.467655 0.100383
v 0.779919 -0.467614 0.076089
v 0.789173 -0.467069 0.000000
v 0.796010 -0.463102 0.000000
v 0.264707 -0.472813 0.000000
v 0.270766 -0.471406 0.000000
v 0.270495 -0.479003 0.041134
v 0.263946 -0.479056 0.000000
v 0.280060 -0.478668 0.052110
v 0.289930 -0.478536 0.053414
v 0.299528 -0.478055 0.000000
v 0.309899 -0.475456 0.000000
v 0.319371 -0.474822 0.000000
v 0.326031 -0.473706 0.000000
v 0.450946 -0.477986 0.000000
v 0.444074 -0.474416 0.000000
v 0.460120 -0.478951 0.064628
v 0.470007 -0.479057 0.091986
v 0.480000 -0.479063 0.104989
v 0.490000 -0.479063 0.113057
v 0.500000 -0.479062 0.118520
v 0.510000 -0.479062 0.120402
v 0.520000 -0.479063 0.114939
v 0.530000 -0.479063 0.106126
v 0.539995 -0.479070 0.094060
v 0.549967 -0.479153 0.079934
v 0.559959 -0.471193 0.000000
v 0.559997 -0.479482 0.076676
v 0.570041 -0.471193 0.000000
v 0.570003 -0.479482 0.076659
v 0.580033 -0.479153 0.079860
v 0.590005 -0.479071 0.093776
v 0.600000 -0.479064 0.105139
v 0.610000 -0.479063 0.112171
v 0.620000 -0.479063 0.115561
v 0.630000 -0.479062 0.118087
v 0.640000 -0.479062 0.121587
v 0.650000 -0.479062 0.125239
v 0.660000 -0.479062 0.127176
v 0.670000 -0.479062 0.128539
v 0.680000 -0.479062 0.129668
v 0.690000 -0.479062 0.130737
v 0.700000 -0.479062 0.131414
v 0.710000 -0.479062 0.131705
v 0.720000 -0.479062 0.131855
v 0.730000 -0.479062 0.131090
v 0.740000 -0.479062 0.126615
v 0.750000 -0.479062 0.118033
v 0.759999 -0.479062 0.107433
v 0.769972 -0.479058 0.091956
v 0.779584 -0.478973 0.061311
v 0.786670 -0.478299 0.000000
v 0.270721 -0.486228 0.000000
v 0.264703 -0.485245 0.000000
v 0.280007 -0.486367 0.000000
v 0.289377 -0.486183 0.000000
v 0.296035 -0.485110 0.000000
v 0.460788 -0.489931 0.000000
v 0.454052 -0.485896 0.000000
v 0.470076 -0.490432 0.078029
v 0.480004 -0.490467 0.101861
v 0.490000 -0.490469 0.114508
v 0.500000 -0.490469 0.123283
v 0.510000 -0.490469 0.127397
v 0.520000 -0.490469 0.123151
v 0.530000 -0.490469 0.116218
v 0.540000 -0.490469 0.109860
v 0.549999 -0.490473 0.105212
v 0.560000 -0.490497 0.103984
v 0.570000 -0.490497 0.103740
v 0.580001 -0.490473 0.104339
v 0.590000 -0.490469 0.107649
v 0.600000 -0.490469 0.111412
v 0.610000 -0.490469 0.114350
v 0.620000 -0.490468 0.115700
v 0.630000 -0.490468 0.116384
v 0.640000 -0.490468 0.117319
v 0.650000 -0.490468 0.118348
v 0.660000 -0.490468 0.118742
v 0.670000 -0.490468 0.118938
v 0.680000 -0.490468 0.119086
v 0.690000 -0.490468 0.119228
v 0.700000 -0.490468 0.119315
v 0.710000 -0.490468 0.119389
v 0.720000 -0.490469 0.119791
v 0.730000 -0.490469 0.121105
v 0.740000 -0.490469 0.120943
v 0.750000 -0.490469 0.114456
v 0.759996 -0.490467 0.102067
v 0.769921 -0.490432 0.077979
v 0.779149 -0.489934 0.000000
v 0.785362 -0.485942 0.000000
v 0.470319 -0.501875 0.074965
v 0.462716 -0.501875 0.000000
v 0.480022 -0.501875 0.100989
v 0.490001 -0.501875 0.114719
v 0.500000 -0.501875 0.125174
v 0.510000 -0.501875 0.132204
v 0.520000 -0.501875 0.131151
v 0.530000 -0.501875 0.126047
v 0.540000 -0.501875 0.121566
v 0.550000 -0.501875 0.118855
v 0.560000 -0.501876 0.116895
v 0.570000 -0.501876 0.115131
v 0.580000 -0.501875 0.113319
v 0.590000 -0.501875 0.110896
v 0.600000 -0.501874 0.107614
v 0.609999 -0.501871 0.104472
v 0.620000 -0.501847 0.103821
v 0.630000 -0.501844 0.103809
v 0.640000 -0.501844 0.103925
v 0.650000 -0.501844 0.104066
v 0.660000 -0.501844 0.104106
v 0.670000 -0.501844 0.104120
v 0.680000 -0.501844 0.104130
v 0.690000 -0.501844 0.104140
v 0.700000 -0.501844 0.104152
v 0.710000 -0.501847 0.104266
v 0.720000 -0.501872 0.105306
v 0.730000 -0.501875 0.109728
v 0.740000 -0.501875 0.113808
v 0.749999 -0.501875 0.112036
v 0.759978 -0.501875 0.100670
v 0.769681 -0.501875 0.074930
v 0.777277 -0.501875 0.000000
v 0.470076 -0.513318 0.078131
v 0.460784 -0.513817 0.000000
v 0.480004 -0.513283 0.102193
v 0.490000 -0.513281 0.115421
v 0.500000 -0.513281 0.126224
v 0.510000 -0.513281 0.135250
v 0.520000 -0.513281 0.138350
v 0.530000 -0.513281 0.134664
v 0.540000 -0.513281 0.130090
v 0.550000 -0.513281 0.125868
v 0.560000 -0.513281 0.120180
v 0.570000 -0.513281 0.114098
v 0.580000 -0.513281 0.108242
v 0.589999 -0.513277 0.101777
v 0.599996 -0.513249 0.093072
v 0.609967 -0.513187 0.079801
v 0.619997 -0.512858 0.076634
v 0.630000 -0.512803 0.076225
v 0.640000 -0.512799 0.076206
v 0.650000 -0.512799 0.076216
v 0.660000 -0.512799 0.076218
v 0.670000 -0.512799 0.076218
v 0.680000 -0.512799 0.076218
v 0.690000 -0.512799 0.076220
v 0.700000 -0.512803 0.076248
v 0.710000 -0.512861 0.076709
v 0.720000 -0.513229 0.080474
v 0.730000 -0.513278 0.095979
v 0.740000 -0.513281 0.106806
v 0.750000 -0.513281 0.110311
v 0.759996 -0.513283 0.101439
v 0.769921 -0.513318 0.077921
v 0.779145 -0.513816 0.000000
v 0.453987 -0.517831 0.000000
v 0.460087 -0.524788 0.065665
v 0.450474 -0.525616 0.000000
v 0.470006 -0.524693 0.093271
v 0.480000 -0.524688 0.107849
v 0.490000 -0.524688 0.118437
v 0.500000 -0.524688 0.128560
v 0.510000 -0.524688 0.137864
v 0.520000 -0.524688 0.141929
v 0.530000 -0.524688 0.137018
v 0.540000 -0.524688 0.129897
v 0.550000 -0.524688 0.122676
v 0.560000 -0.524688 0.114761
v 0.570000 -0.524687 0.105759
v 0.579995 -0.524679 0.093685
v 0.589963 -0.524595 0.077335
v 0.599921 -0.524212 0.061873
v 0.609529 -0.523684 0.000000
v 0.619957 -0.521102 0.000000
v 0.629998 -0.520665 0.000000
v 0.640000 -0.520623 0.000000
v 0.650000 -0.520621 0.000000
v 0.660000 -0.520621 0.000000
v 0.670000 -0.520621 0.000000
v 0.680000 -0.520621 0.000000
v 0.690000 -0.520623 0.000000
v 0.700000 -0.520668 0.000000
v 0.710000 -0.521157 0.000000
v 0.720002 -0.524323 0.000000
v 0.730000 -0.524662 0.078781
v 0.740000 -0.524687 0.100925
v 0.750000 -0.524688 0.109247
v 0.759999 -0.524688 0.105610
v 0.769969 -0.524692 0.091605
v 0.779532 -0.524774 0.060795
v 0.785304 -0.517804 0.000000
v 0.786244 -0.525402 0.000000
v 0.424030 -0.530065 0.000000
v 0.430633 -0.528930 0.000000
v 0.430109 -0.536636 0.060844
v 0.420941 -0.537249 0.000000
v 0.440102 -0.528290 0.000000
v 0.440009 -0.536520 0.074035
v 0.450033 -0.536184 0.079664
v 0.460004 -0.536101 0.094021
v 0.470000 -0.536094 0.106136
v 0.480000 -0.536094 0.115429
v 0.490000 -0.536094 0.124156
v 0.500000 -0.536094 0.133012
v 0.510000 -0.536094 0.140331
v 0.520000 -0.536094 0.140213
v 0.530000 -0.536094 0.132865
v 0.540000 -0.536094 0.124060
v 0.550000 -0.536094 0.115378
v 0.560000 -0.536094 0.105773
v 0.569992 -0.536084 0.091218
v 0.579901 -0.535956 0.065153
v 0.589484 -0.535146 0.000000
v 0.599331 -0.532295 0.000000
v 0.606032 -0.530802 0.000000
v 0.730002 -0.536094 0.074752
v 0.720042 -0.536471 0.000000
v 0.740001 -0.536092 0.095768
v 0.750000 -0.536094 0.105853
v 0.759999 -0.536094 0.107664
v 0.769972 -0.536094 0.098121
v 0.779575 -0.536099 0.071874
v 0.786417 -0.536160 0.000000
v 0.414009 -0.540724 0.000000
v 0.420098 -0.547642 0.065098
v 0.410475 -0.548433 0.000000
v 0.430008 -0.547538 0.090310
v 0.440000 -0.547528 0.100783
v 0.450001 -0.547504 0.104451
v 0.460000 -0.547500 0.109408
v 0.470000 -0.547500 0.115731
v 0.480000 -0.547500 0.123025
v 0.490000 -0.547500 0.130637
v 0.500000 -0.547500 0.138151
v 0.510000 -0.547500 0.143032
v 0.520000 -0.547500 0.138144
v 0.530000 -0.547500 0.128582
v 0.540000 -0.547500 0.118432
v 0.550000 -0.547500 0.107846
v 0.559993 -0.547494 0.093220
v 0.569879 -0.547388 0.065042
v 0.579058 -0.546425 0.000000
v 0.585988 -0.542874 0.000000
v 0.704030 -0.541403 0.000000
v 0.710630 -0.539842 0.000000
v 0.710105 -0.547948 0.053069
v 0.700941 -0.548622 0.000000
v 0.719973 -0.547464 0.057316
v 0.729999 -0.547142 0.069293
v 0.740023 -0.547450 0.078359
v 0.750003 -0.547497 0.095090
v 0.759999 -0.547500 0.103609
v 0.769973 -0.547500 0.098327
v 0.779577 -0.547500 0.073551
v 0.786436 -0.547503 0.000000
v 0.384031 -0.552878 0.000000
v 0.390633 -0.551742 0.000000
v 0.390109 -0.559449 0.060840
v 0.380941 -0.560062 0.000000
v 0.400102 -0.551103 0.000000
v 0.400009 -0.559333 0.073995
v 0.410033 -0.558997 0.079506
v 0.420005 -0.558915 0.093613
v 0.430000 -0.558908 0.105054
v 0.440000 -0.558907 0.112157
v 0.450000 -0.558906 0.115562
v 0.460000 -0.558906 0.118119
v 0.470000 -0.558906 0.121932
v 0.480000 -0.558906 0.127156
v 0.490000 -0.558906 0.132882
v 0.500000 -0.558906 0.138822
v 0.510000 -0.558906 0.142361
v 0.520000 -0.558906 0.136523
v 0.530000 -0.558906 0.126412
v 0.540000 -0.558906 0.115431
v 0.549996 -0.558905 0.102185
v 0.559921 -0.558869 0.078097
v 0.569183 -0.558367 0.000000
v 0.575946 -0.554334 0.000000
v 0.694009 -0.552123 0.000000
v 0.700092 -0.558622 0.041578
v 0.690483 -0.559763 0.000000
v 0.709932 -0.558411 0.051266
v 0.719531 -0.557936 0.000000
v 0.729987 -0.555854 0.000000
v 0.740343 -0.558545 0.000000
v 0.750046 -0.558881 0.078127
v 0.760002 -0.558905 0.098491
v 0.769973 -0.558906 0.097465
v 0.779581 -0.558906 0.073619
v 0.786474 -0.558909 0.000000
v 0.374009 -0.563537 0.000000
v 0.380098 -0.570454 0.065090
v 0.370473 -0.571244 0.000000
v 0.390008 -0.570350 0.090239
v 0.400000 -0.570341 0.100326
v 0.410001 -0.570317 0.103085
v 0.420000 -0.570313 0.106476
v 0.430000 -0.570312 0.110644
v 0.440000 -0.570312 0.114194
v 0.450000 -0.570311 0.115688
v 0.460000 -0.570311 0.116436
v 0.470000 -0.570312 0.117820
v 0.480000 -0.570312 0.120968
v 0.490000 -0.570312 0.125890
v 0.500000 -0.570312 0.132113
v 0.510000 -0.570312 0.137158
v 0.520000 -0.570312 0.134718
v 0.530000 -0.570312 0.125727
v 0.539999 -0.570312 0.114737
v 0.549975 -0.570312 0.100851
v 0.559629 -0.570309 0.074464
v 0.566860 -0.570263 0.000000
v 0.673968 -0.564198 0.000000
v 0.680663 -0.562694 0.000000
v 0.679981 -0.570650 0.031667
v 0.670464 -0.571306 0.000000
v 0.689562 -0.569473 0.000000
v 0.699905 -0.566721 0.000000
v 0.709372 -0.566074 0.000000
v 0.716035 -0.564960 0.000000
v 0.750371 -0.570305 0.072154
v 0.743115 -0.570213 0.000000
v 0.760024 -0.570312 0.096030
v 0.769976 -0.570313 0.097035
v 0.779629 -0.570316 0.074021
v 0.786857 -0.570362 0.000000
v 0.333968 -0.575672 0.000000
v 0.340626 -0.574595 0.000000
v 0.340078 -0.582254 0.061389
v 0.330514 -0.582743 0.000000
v 0.350060 -0.574356 0.000000
v 0.350005 -0.582200 0.073632
v 0.360046 -0.573895 0.000000
v 0.360003 -0.582142 0.076249
v 0.370033 -0.581809 0.079588
v 0.380005 -0.581727 0.093485
v 0.390000 -0.581720 0.104490
v 0.400000 -0.581720 0.109505
v 0.410000 -0.581719 0.109355
v 0.420000 -0.581718 0.106342
v 0.429999 -0.581714 0.103556
v 0.440000 -0.581691 0.103528
v 0.450000 -0.581688 0.103723
v 0.460000 -0.581691 0.103922
v 0.470001 -0.581716 0.105098
v 0.480000 -0.581719 0.109966
v 0.490000 -0.581719 0.116521
v 0.500000 -0.581719 0.124285
v 0.510000 -0.581719 0.131538
v 0.520000 -0.581719 0.133130
v 0.530000 -0.581719 0.125466
v 0.539999 -0.581719 0.114644
v 0.549973 -0.581719 0.100700
v 0.559581 -0.581719 0.073992
v 0.566476 -0.581716 0.000000
v 0.644031 -0.575690 0.000000
v 0.650633 -0.574555 0.000000
v 0.650109 -0.582260 0.058457
v 0.640945 -0.582875 0.000000
v 0.660101 -0.573918 0.000000
v 0.659999 -0.582134 0.062795
v 0.669902 -0.581664 0.045494
v 0.679061 -0.580672 0.000000
v 0.685994 -0.577103 0.000000
v 0.750466 -0.581632 0.060658
v 0.743716 -0.581003 0.000000
v 0.760031 -0.581714 0.089980
v 0.769997 -0.581720 0.096262
v 0.779917 -0.581756 0.077169
v 0.789116 -0.582255 0.000000
v 0.313972 -0.587012 0.000000
v 0.320669 -0.585521 0.000000
v 0.320080 -0.593601 0.061826
v 0.310514 -0.594144 0.000000
v 0.330037 -0.593222 0.077255
v 0.340004 -0.593161 0.092797
v 0.350000 -0.593156 0.100650
v 0.360000 -0.593153 0.102201
v 0.370001 -0.593129 0.102337
v 0.380000 -0.593125 0.105501
v 0.390000 -0.593124 0.108621
v 0.400000 -0.593124 0.106804
v 0.409999 -0.593121 0.101460
v 0.419996 -0.593093 0.092899
v 0.429967 -0.593031 0.079685
v 0.439997 -0.592702 0.076607
v 0.450000 -0.592650 0.076248
v 0.460002 -0.592705 0.076679
v 0.470023 -0.593072 0.080382
v 0.480003 -0.593122 0.096089
v 0.490000 -0.593125 0.108203
v 0.500000 -0.593125 0.118356
v 0.510000 -0.593125 0.127483
v 0.520000 -0.593125 0.131966
v 0.530000 -0.593125 0.125308
v 0.539999 -0.593125 0.114633
v 0.549973 -0.593125 0.100700
v 0.559581 -0.593125 0.073994
v 0.566478 -0.593127 0.000000
v 0.634074 -0.586371 0.000000
v 0.640129 -0.593273 0.059575
v 0.630944 -0.594204 0.000000
v 0.650000 -0.593128 0.076245
v 0.659870 -0.593001 0.059256
v 0.669054 -0.592049 0.000000
v 0.675926 -0.588480 0.000000
v 0.750884 -0.592586 0.000000
v 0.744695 -0.588602 0.000000
v 0.760083 -0.593088 0.077010
v 0.770003 -0.593124 0.096117
v 0.779969 -0.593130 0.089949
v 0.789534 -0.593212 0.060654
v 0.795305 -0.586242 0.000000
v 0.796282 -0.593842 0.000000
v 0.293969 -0.598417 0.000000
v 0.300669 -0.596927 0.000000
v 0.300079 -0.605007 0.061856
v 0.290473 -0.605536 0.000000
v 0.310037 -0.604628 0.077238
v 0.320004 -0.604564 0.092824
v 0.330001 -0.604536 0.101725
v 0.340000 -0.604532 0.107767
v 0.350000 -0.604532 0.111018
v 0.360000 -0.604532 0.109774
v 0.370000 -0.604531 0.105638
v 0.379999 -0.604527 0.102112
v 0.390000 -0.604503 0.100314
v 0.399996 -0.604496 0.092663
v 0.409963 -0.604434 0.077229
v 0.419921 -0.604056 0.061857
v 0.429530 -0.603528 0.000000
v 0.439957 -0.600948 0.000000
v 0.449999 -0.600556 0.000000
v 0.460030 -0.601001 0.000000
v 0.470344 -0.604137 0.000000
v 0.480047 -0.604505 0.078557
v 0.490003 -0.604530 0.102030
v 0.500000 -0.604531 0.115053
v 0.510000 -0.604531 0.125052
v 0.520000 -0.604531 0.130811
v 0.530000 -0.604531 0.125114
v 0.539999 -0.604531 0.114686
v 0.549975 -0.604531 0.100852
v 0.559632 -0.604533 0.074516
v 0.566904 -0.604566 0.000000
v 0.624012 -0.597751 0.000000
v 0.630095 -0.604661 0.056128
v 0.620516 -0.605479 0.000000
v 0.639970 -0.604449 0.065131
v 0.649889 -0.604046 0.058746
v 0.659055 -0.603380 0.000000
v 0.665926 -0.599879 0.000000
v 0.760373 -0.604522 0.072043
v 0.753162 -0.604416 0.000000
v 0.770024 -0.604531 0.095622
v 0.779976 -0.604531 0.095618
v 0.789626 -0.604540 0.072042
v 0.796838 -0.604647 0.000000
v 0.904577 -0.598490 0.000000
v 0.910005 -0.597626 0.000000
v 0.910048 -0.605097 0.040999
v 0.903678 -0.605359 0.000000
v 0.915479 -0.598494 0.000000
v 0.916710 -0.605405 0.000000
v 0.263965 -0.609887 0.000000
v 0.270628 -0.608772 0.000000
v 0.270076 -0.616469 0.061441
v 0.260473 -0.616946 0.000000
v 0.280101 -0.608138 0.000000
v 0.280008 -0.616363 0.074033
v 0.290033 -0.616032 0.079438
v 0.300004 -0.615970 0.092887
v 0.310001 -0.615942 0.101486
v 0.320000 -0.615939 0.107130
v 0.330000 -0.615938 0.110757
v 0.340000 -0.615937 0.112507
v 0.350000 -0.615937 0.111104
v 0.360000 -0.615936 0.104837
v 0.369995 -0.615929 0.093510
v 0.379967 -0.615847 0.079375
v 0.389992 -0.615512 0.074008
v 0.399922 -0.615406 0.061406
v 0.409486 -0.614914 0.000000
v 0.419331 -0.612135 0.000000
v 0.426032 -0.610645 0.000000
v 0.480371 -0.615930 0.072497
v 0.473115 -0.615837 0.000000
v 0.490025 -0.615937 0.099051
v 0.500001 -0.615937 0.112559
v 0.510000 -0.615937 0.122187
v 0.520000 -0.615937 0.128353
v 0.530000 -0.615937 0.124774
v 0.540000 -0.615937 0.115256
v 0.549997 -0.615938 0.102220
v 0.559954 -0.615964 0.078707
v 0.569656 -0.616328 0.000000
v 0.603969 -0.609823 0.000000
v 0.610669 -0.608330 0.000000
v 0.610079 -0.616412 0.059276
v 0.600471 -0.616939 0.000000
v 0.620029 -0.616020 0.065165
v 0.629905 -0.615808 0.056129
v 0.639484 -0.614990 0.000000
v 0.649326 -0.612137 0.000000
v 0.655966 -0.610623 0.000000
v 0.760466 -0.615849 0.060625
v 0.753718 -0.615221 0.000000
v 0.770031 -0.615933 0.089790
v 0.779997 -0.615939 0.095962
v 0.789917 -0.615975 0.076979
v 0.799116 -0.616477 0.000000
v 0.910289 -0.616015 0.053438
v 0.903156 -0.616062 0.000000
v 0.919132 -0.616529 0.000000
v 0.233969 -0.621294 0.000000
v 0.240629 -0.620178 0.000000
v 0.240078 -0.627875 0.061399
v 0.230514 -0.628368 0.000000
v 0.250101 -0.619544 0.000000
v 0.250008 -0.627770 0.074031
v 0.260033 -0.627438 0.079432
v 0.270004 -0.627379 0.092784
v 0.280000 -0.627372 0.100542
v 0.290001 -0.627348 0.103079
v 0.300000 -0.627345 0.106304
v 0.310000 -0.627344 0.109410
v 0.320000 -0.627343 0.110019
v 0.330000 -0.627343 0.107426
v 0.339999 -0.627339 0.103887
v 0.350000 -0.627316 0.100631
v 0.359992 -0.627306 0.090287
v 0.369902 -0.627202 0.065092
v 0.379525 -0.626411 0.000000
v 0.389899 -0.623741 0.000000
v 0.399371 -0.623103 0.000000
v 0.406031 -0.621987 0.000000
v 0.480465 -0.627257 0.060836
v 0.473715 -0.626628 0.000000
v 0.490031 -0.627339 0.091805
v 0.500001 -0.627344 0.107350
v 0.510000 -0.627344 0.117891
v 0.520000 -0.627344 0.125618
v 0.530000 -0.627344 0.125640
v 0.540000 -0.627344 0.118077
v 0.550000 -0.627344 0.108090
v 0.559997 -0.627347 0.095876
v 0.569977 -0.627397 0.079935
v 0.579972 -0.619425 0.000000
v 0.579998 -0.627760 0.075590
v 0.590042 -0.619476 0.000000
v 0.590003 -0.627763 0.073486
v 0.600031 -0.627433 0.073048
v 0.609995 -0.627341 0.078341
v 0.619871 -0.627196 0.059756
v 0.629056 -0.626265 0.000000
v 0.635988 -0.622718 0.000000
v 0.760898 -0.626758 0.000000
v 0.754696 -0.622817 0.000000
v 0.770085 -0.627301 0.075200
v 0.780003 -0.627342 0.094865
v 0.789969 -0.627348 0.089645
v 0.799534 -0.627431 0.060620
v 0.805305 -0.620461 0.000000
v 0.806282 -0.628061 0.000000
v 0.910054 -0.627387 0.068213
v 0.900880 -0.627883 0.000000
v 0.919586 -0.627437 0.057400
v 0.925361 -0.620468 0.000000
v 0.926666 -0.628107 0.000000
v 0.213968 -0.632636 0.000000
v 0.220669 -0.631146 0.000000
v 0.220079 -0.639226 0.061849
v 0.210470 -0.639753 0.000000
v 0.230037 -0.638847 0.077202
v 0.240004 -0.638786 0.092570
v 0.250000 -0.638778 0.100531
v 0.260001 -0.638754 0.103078
v 0.270000 -0.638751 0.106290
v 0.280000 -0.638751 0.109253
v 0.290000 -0.638749 0.109253
v 0.300000 -0.638749 0.106291
v 0.309999 -0.638746 0.103092
v 0.320000 -0.638722 0.100627
v 0.329996 -0.638715 0.092933
v 0.339967 -0.638656 0.079538
v 0.349991 -0.638324 0.074021
v 0.359891 -0.638208 0.060843
v 0.369059 -0.637595 0.000000
v 0.375991 -0.634120 0.000000
v 0.480884 -0.638214 0.000000
v 0.474695 -0.634227 0.000000
v 0.490083 -0.638713 0.077943
v 0.500004 -0.638749 0.102132
v 0.510000 -0.638750 0.115240
v 0.520000 -0.638750 0.124779
v 0.530000 -0.638750 0.128500
v 0.540000 -0.638750 0.123244
v 0.550000 -0.638750 0.115383
v 0.560000 -0.638750 0.108000
v 0.569999 -0.638753 0.101520
v 0.580000 -0.638778 0.096544
v 0.589995 -0.638770 0.086685
v 0.599963 -0.638661 0.071945
v 0.609888 -0.638264 0.059543
v 0.619055 -0.637598 0.000000
v 0.625926 -0.634098 0.000000
v 0.770418 -0.638658 0.061038
v 0.763334 -0.637987 0.000000
v 0.780028 -0.638745 0.089509
v 0.789976 -0.638750 0.094088
v 0.799627 -0.638759 0.071837
v 0.806841 -0.638866 0.000000
v 0.894640 -0.631870 0.000000
v 0.900417 -0.638840 0.060593
v 0.893330 -0.639513 0.000000
v 0.910025 -0.638756 0.085268
v 0.919916 -0.638793 0.073463
v 0.929106 -0.639336 0.000000
v 0.173965 -0.644109 0.000000
v 0.180626 -0.643033 0.000000
v 0.180076 -0.650691 0.061405
v 0.170473 -0.651165 0.000000
v 0.190060 -0.642793 0.000000
v 0.190005 -0.650638 0.073589
v 0.200046 -0.642336 0.000000
v 0.200003 -0.650580 0.076112
v 0.210033 -0.650250 0.079436
v 0.220004 -0.650189 0.092772
v 0.230001 -0.650161 0.101202
v 0.240000 -0.650157 0.106053
v 0.250000 -0.650157 0.109237
v 0.260000 -0.650155 0.109253
v 0.270000 -0.650155 0.106290
v 0.279999 -0.650152 0.103078
v 0.290000 -0.650128 0.100542
v 0.299996 -0.650121 0.092783
v 0.309967 -0.650062 0.079433
v 0.319992 -0.649730 0.074038
v 0.329924 -0.649625 0.061451
v 0.339527 -0.649147 0.000000
v 0.349898 -0.646550 0.000000
v 0.359367 -0.645914 0.000000
v 0.365969 -0.644778 0.000000
v 0.490371 -0.650153 0.074456
v 0.483141 -0.650107 0.000000
v 0.500025 -0.650156 0.100847
v 0.510001 -0.650156 0.114672
v 0.520000 -0.650156 0.125014
v 0.530000 -0.650156 0.130748
v 0.540000 -0.650156 0.126986
v 0.550000 -0.650156 0.119530
v 0.560000 -0.650156 0.111649
v 0.570000 -0.650156 0.103062
v 0.579991 -0.650147 0.089933
v 0.589900 -0.650019 0.064382
v 0.599484 -0.649209 0.000000
v 0.609326 -0.646356 0.000000
v 0.615966 -0.644842 0.000000
v 0.770894 -0.649570 0.000000
v 0.764641 -0.645626 0.000000
v 0.780085 -0.650113 0.074850
v 0.790000 -0.650156 0.091866
v 0.799921 -0.650194 0.076307
v 0.809182 -0.650698 0.000000
v 0.900081 -0.650199 0.075532
v 0.890831 -0.650745 0.000000
v 0.910003 -0.650158 0.095547
v 0.919972 -0.650161 0.089857
v 0.929582 -0.650248 0.061080
v 0.935359 -0.643280 0.000000
v 0.936666 -0.650920 0.000000
v 0.143965 -0.655512 0.000000
v 0.150628 -0.654397 0.000000
v 0.150076 -0.662094 0.061320
v 0.140470 -0.662571 0.000000
v 0.160101 -0.653763 0.000000
v 0.160008 -0.661988 0.073802
v 0.170033 -0.661657 0.079203
v 0.180004 -0.661598 0.092650
v 0.190000 -0.661594 0.100161
v 0.200000 -0.661591 0.101162
v 0.210001 -0.661567 0.101579
v 0.220000 -0.661563 0.105265
v 0.230000 -0.661561 0.108119
v 0.240000 -0.661561 0.106136
v 0.249999 -0.661558 0.103067
v 0.260000 -0.661534 0.100542
v 0.269996 -0.661527 0.092783
v 0.279967 -0.661468 0.079432
v 0.289992 -0.661137 0.074032
v 0.299924 -0.661031 0.061440
v 0.309527 -0.660554 0.000000
v 0.319899 -0.657956 0.000000
v 0.329372 -0.657322 0.000000
v 0.336035 -0.656207 0.000000
v 0.490416 -0.661563 0.074023
v 0.483487 -0.661563 0.000000
v 0.500027 -0.661563 0.100700
v 0.510001 -0.661563 0.114510
v 0.520000 -0.661563 0.124324
v 0.530000 -0.661562 0.128394
v 0.540000 -0.661562 0.123181
v 0.550000 -0.661562 0.114917
v 0.560000 -0.661562 0.105375
v 0.569991 -0.661553 0.090901
v 0.579870 -0.661414 0.064482
v 0.589056 -0.660483 0.000000
v 0.595988 -0.656937 0.000000
v 0.780427 -0.661435 0.060444
v 0.773335 -0.660794 0.000000
v 0.790030 -0.661554 0.086377
v 0.799994 -0.661568 0.087535
v 0.809876 -0.661674 0.064008
v 0.815941 -0.654729 0.000000
v 0.818991 -0.662636 0.000000
v 0.884055 -0.654732 0.000000
v 0.890121 -0.661676 0.064980
v 0.880946 -0.662639 0.000000
v 0.900007 -0.661568 0.092580
v 0.910000 -0.661563 0.103494
v 0.919996 -0.661564 0.098450
v 0.929915 -0.661605 0.075718
v 0.939102 -0.662149 0.000000
v 0.054703 -0.666787 0.000000
v 0.060724 -0.665802 0.000000
v 0.060496 -0.673028 0.041313
v 0.053946 -0.672975 0.000000
v 0.070065 -0.665644 0.000000
v 0.070065 -0.673357 0.054112
v 0.080003 -0.665628 0.000000
v 0.080005 -0.673419 0.065913
v 0.090000 -0.665629 0.000000
v 0.090001 -0.673447 0.069987
v 0.100000 -0.665629 0.000000
v 0.100000 -0.673450 0.073007
v 0.110000 -0.665627 0.000000
v 0.110000 -0.673450 0.074758
v 0.120002 -0.665585 0.000000
v 0.120000 -0.673446 0.075191
v 0.130043 -0.665148 0.000000
v 0.130003 -0.673391 0.075639
v 0.140033 -0.673062 0.078721
v 0.150004 -0.673003 0.091513
v 0.160000 -0.672996 0.098615
v 0.170001 -0.672972 0.101199
v 0.180000 -0.672969 0.105220
v 0.190000 -0.672969 0.107948
v 0.200000 -0.672969 0.105250
v 0.209999 -0.672964 0.101578
v 0.220000 -0.672941 0.101163
v 0.230000 -0.672938 0.100176
v 0.239996 -0.672933 0.092748
v 0.249967 -0.672875 0.079430
v 0.259992 -0.672543 0.074032
v 0.269924 -0.672438 0.061440
v 0.279527 -0.671960 0.000000
v 0.289899 -0.669362 0.000000
v 0.299372 -0.668728 0.000000
v 0.306035 -0.667613 0.000000
v 0.490371 -0.672972 0.074464
v 0.483138 -0.673018 0.000000
v 0.500025 -0.672969 0.100833
v 0.510001 -0.672969 0.114462
v 0.520000 -0.672969 0.123472
v 0.530000 -0.672969 0.125094
v 0.540000 -0.672969 0.117990
v 0.550000 -0.672969 0.107789
v 0.559993 -0.672963 0.093192
v 0.569879 -0.672857 0.065022
v 0.579054 -0.671892 0.000000
v 0.585926 -0.668322 0.000000
v 0.781009 -0.671895 0.000000
v 0.774659 -0.668368 0.000000
v 0.790124 -0.672857 0.064008
v 0.800006 -0.672963 0.087536
v 0.809970 -0.672978 0.086379
v 0.819576 -0.673095 0.060501
v 0.825344 -0.666162 0.000000
v 0.826712 -0.673723 0.000000
v 0.874074 -0.666209 0.000000
v 0.880131 -0.673118 0.064580
v 0.870944 -0.674048 0.000000
v 0.890009 -0.672979 0.091147
v 0.900000 -0.672969 0.105267
v 0.910000 -0.672969 0.111174
v 0.919999 -0.672969 0.106030
v 0.929969 -0.672974 0.091524
v 0.939530 -0.673057 0.060766
v 0.945301 -0.666089 0.000000
v 0.946243 -0.673683 0.000000
v 0.060766 -0.680622 0.000000
v 0.054707 -0.679218 0.000000
v 0.070518 -0.683388 0.000000
v 0.080081 -0.683930 0.057468
v 0.090037 -0.684310 0.071372
v 0.100004 -0.684371 0.086001
v 0.110000 -0.684375 0.093169
v 0.120000 -0.684375 0.094837
v 0.130000 -0.684372 0.095100
v 0.140001 -0.684348 0.095677
v 0.150000 -0.684345 0.098225
v 0.160000 -0.684345 0.099953
v 0.170000 -0.684344 0.100496
v 0.180000 -0.684344 0.101051
v 0.190000 -0.684344 0.100155
v 0.199996 -0.684339 0.092662
v 0.209967 -0.684281 0.079430
v 0.219997 -0.683952 0.076112
v 0.229995 -0.683894 0.073589
v 0.239924 -0.683840 0.061411
v 0.249527 -0.683366 0.000000
v 0.259899 -0.680769 0.000000
v 0.269372 -0.680135 0.000000
v 0.276035 -0.679019 0.000000
v 0.490079 -0.684412 0.078096
v 0.480817 -0.684914 0.000000
v 0.500004 -0.684376 0.102162
v 0.510000 -0.684375 0.115076
v 0.520000 -0.684375 0.123428
v 0.530000 -0.684375 0.123428
v 0.540000 -0.684375 0.115076
v 0.549996 -0.684374 0.102161
v 0.559921 -0.684338 0.078096
v 0.569183 -0.683836 0.000000
v 0.575946 -0.679802 0.000000
v 0.790818 -0.683833 0.000000
v 0.784059 -0.679802 0.000000
v 0.800079 -0.684338 0.076309
v 0.810001 -0.684375 0.091922
v 0.819951 -0.684407 0.075555
v 0.829643 -0.684815 0.000000
v 0.864009 -0.677593 0.000000
v 0.870098 -0.684513 0.065201
v 0.860473 -0.685305 0.000000
v 0.880009 -0.684386 0.091205
v 0.890000 -0.684375 0.105562
v 0.900000 -0.684375 0.114328
v 0.910000 -0.684375 0.117998
v 0.919999 -0.684375 0.111876
v 0.929972 -0.684375 0.098838
v 0.939575 -0.684381 0.071938
v 0.946416 -0.684441 0.000000
v 0.080669 -0.691980 0.000000
v 0.073972 -0.690490 0.000000
v 0.090514 -0.694758 0.000000
v 0.100078 -0.695247 0.060666
v 0.110005 -0.695297 0.072772
v 0.120000 -0.695300 0.074987
v 0.130000 -0.695300 0.075202
v 0.140000 -0.695299 0.075259
v 0.150000 -0.695299 0.075528
v 0.160000 -0.695299 0.075749
v 0.170000 -0.695299 0.075797
v 0.180000 -0.695299 0.075669
v 0.189995 -0.695296 0.073560
v 0.199924 -0.695246 0.061406
v 0.209530 -0.694773 0.000000
v 0.219954 -0.692195 0.000000
v 0.229940 -0.691738 0.000000
v 0.239374 -0.691499 0.000000
v 0.246035 -0.690423 0.000000
v 0.474054 -0.688947 0.000000
v 0.480121 -0.695893 0.065040
v 0.470942 -0.696856 0.000000
v 0.490007 -0.695787 0.093210
v 0.500000 -0.695781 0.107800
v 0.510000 -0.695781 0.117994
v 0.520000 -0.695781 0.125093
v 0.530000 -0.695781 0.123472
v 0.539999 -0.695781 0.114462
v 0.549975 -0.695781 0.100833
v 0.559629 -0.695778 0.074463
v 0.566860 -0.695732 0.000000
v 0.800373 -0.695772 0.071866
v 0.793159 -0.695666 0.000000
v 0.810025 -0.695781 0.094498
v 0.819998 -0.695784 0.093068
v 0.829977 -0.695836 0.079889
v 0.839971 -0.687865 0.000000
v 0.839998 -0.696197 0.076668
v 0.850042 -0.687910 0.000000
v 0.850003 -0.696200 0.076690
v 0.860033 -0.695871 0.079936
v 0.870005 -0.695790 0.094037
v 0.880000 -0.695782 0.105985
v 0.890000 -0.695781 0.114950
v 0.900000 -0.695781 0.121471
v 0.910000 -0.695781 0.121885
v 0.919999 -0.695781 0.113929
v 0.929973 -0.695781 0.100460
v 0.939577 -0.695781 0.073794
v 0.946434 -0.695785 0.000000
v 0.100626 -0.702903 0.000000
v 0.093968 -0.701828 0.000000
v 0.110058 -0.703100 0.000000
v 0.120003 -0.703120 0.000000
v 0.130000 -0.703121 0.000000
v 0.140000 -0.703121 0.000000
v 0.150000 -0.703121 0.000000
v 0.160000 -0.703121 0.000000
v 0.170000 -0.703121 0.000000
v 0.179997 -0.703120 0.000000
v 0.189942 -0.703100 0.000000
v 0.199374 -0.702903 0.000000
v 0.206035 -0.701829 0.000000
v 0.464012 -0.700407 0.000000
v 0.470099 -0.707326 0.065129
v 0.460516 -0.708135 0.000000
v 0.480008 -0.707197 0.091174
v 0.490000 -0.707188 0.105634
v 0.500000 -0.707187 0.115076
v 0.510000 -0.707187 0.123239
v 0.520000 -0.707187 0.128388
v 0.530000 -0.707187 0.124318
v 0.539999 -0.707187 0.114505
v 0.549973 -0.707187 0.100691
v 0.559581 -0.707187 0.073991
v 0.566474 -0.707185 0.000000
v 0.800464 -0.707101 0.060726
v 0.793718 -0.706471 0.000000
v 0.810031 -0.707183 0.090653
v 0.820001 -0.707187 0.101374
v 0.829999 -0.707190 0.102861
v 0.840000 -0.707215 0.103741
v 0.850000 -0.707215 0.104196
v 0.860001 -0.707192 0.105294
v 0.870000 -0.707188 0.109892
v 0.880000 -0.707187 0.116228
v 0.890000 -0.707187 0.123152
v 0.900000 -0.707187 0.127600
v 0.910000 -0.707187 0.124008
v 0.919999 -0.707187 0.114442
v 0.929973 -0.707187 0.100666
v 0.939577 -0.707187 0.073951
v 0.946435 -0.707188 0.000000
v 0.443972 -0.712481 0.000000
v 0.450669 -0.710986 0.000000
v 0.450080 -0.719070 0.061782
v 0.440514 -0.719613 0.000000
v 0.460037 -0.718687 0.077146
v 0.470005 -0.718602 0.093329
v 0.480000 -0.718594 0.105216
v 0.490000 -0.718594 0.113580
v 0.500000 -0.718594 0.120694
v 0.510000 -0.718594 0.127388
v 0.520000 -0.718594 0.130675
v 0.530000 -0.718594 0.124930
v 0.539999 -0.718594 0.114586
v 0.549973 -0.718594 0.100688
v 0.559577 -0.718594 0.073960
v 0.566437 -0.718594 0.000000
v 0.800855 -0.718059 0.000000
v 0.794693 -0.714071 0.000000
v 0.810080 -0.718557 0.077823
v 0.820004 -0.718592 0.101035
v 0.830000 -0.718594 0.111304
v 0.840000 -0.718595 0.116569
v 0.850000 -0.718595 0.118763
v 0.860000 -0.718594 0.119805
v 0.870000 -0.718594 0.122037
v 0.880000 -0.718594 0.126250
v 0.890000 -0.718594 0.130985
v 0.900000 -0.718594 0.132023
v 0.910000 -0.718594 0.125118
v 0.919999 -0.718594 0.114582
v 0.929973 -0.718594 0.100676
v 0.939577 -0.718594 0.073952
v 0.946435 -0.718594 0.000000
v 0.423969 -0.723886 0.000000
v 0.430669 -0.722396 0.000000
v 0.430079 -0.730476 0.061821
v 0.420473 -0.731004 0.000000
v 0.440037 -0.730097 0.077047
v 0.450004 -0.730032 0.092299
v 0.460001 -0.730004 0.100227
v 0.470000 -0.730000 0.105497
v 0.480000 -0.729999 0.110547
v 0.490000 -0.730000 0.114881
v 0.500000 -0.730000 0.119075
v 0.510000 -0.730000 0.124181
v 0.520000 -0.730000 0.127836
v 0.530000 -0.730000 0.124102
v 0.539999 -0.730000 0.114471
v 0.549973 -0.730000 0.100680
v 0.559577 -0.730000 0.073958
v 0.566435 -0.730000 0.000000
v 0.810319 -0.730000 0.074950
v 0.802719 -0.730000 0.000000
v 0.820022 -0.730000 0.100886
v 0.830001 -0.730000 0.114088
v 0.840000 -0.730000 0.123123
v 0.850000 -0.730000 0.128914
v 0.860000 -0.730000 0.131740
v 0.870000 -0.730000 0.133637
v 0.880000 -0.730000 0.136144
v 0.890000 -0.730000 0.137180
v 0.900000 -0.730000 0.133576
v 0.910000 -0.730000 0.124883
v 0.919999 -0.730000 0.114298
v 0.929973 -0.730000 0.100479
v 0.939577 -0.730000 0.073795
v 0.946434 -0.729997 0.000000
v 0.393969 -0.735357 0.000000
v 0.400629 -0.734241 0.000000
v 0.400078 -0.741938 0.061418
v 0.390514 -0.742430 0.000000
v 0.410101 -0.733606 0.000000
v 0.410008 -0.741832 0.074045
v 0.420033 -0.741500 0.079401
v 0.430004 -0.741439 0.092546
v 0.440001 -0.741411 0.100067
v 0.450000 -0.741407 0.104048
v 0.460000 -0.741405 0.104285
v 0.469999 -0.741402 0.102221
v 0.480000 -0.741381 0.102728
v 0.490001 -0.741403 0.104617
v 0.500000 -0.741406 0.109699
v 0.510000 -0.741406 0.116128
v 0.520000 -0.741406 0.122156
v 0.530000 -0.741406 0.122528
v 0.539999 -0.741406 0.114260
v 0.549973 -0.741406 0.100665
v 0.559577 -0.741406 0.073958
v 0.566435 -0.741406 0.000000
v 0.810076 -0.741443 0.078128
v 0.800788 -0.741944 0.000000
v 0.820004 -0.741408 0.102187
v 0.830000 -0.741406 0.115356
v 0.840000 -0.741406 0.125935
v 0.850000 -0.741406 0.135012
v 0.860000 -0.741406 0.141058
v 0.870000 -0.741406 0.142891
v 0.880000 -0.741406 0.142162
v 0.890000 -0.741406 0.137566
v 0.900000 -0.741406 0.130488
v 0.910000 -0.741406 0.121854
v 0.919999 -0.741406 0.112208
v 0.929972 -0.741406 0.098717
v 0.939574 -0.741399 0.071915
v 0.946416 -0.741340 0.000000
v 0.374034 -0.746721 0.000000
v 0.380674 -0.745211 0.000000
v 0.380112 -0.753299 0.061259
v 0.370941 -0.753963 0.000000
v 0.390038 -0.752910 0.077226
v 0.400004 -0.752848 0.092832
v 0.410000 -0.752841 0.100740
v 0.420001 -0.752817 0.102901
v 0.430000 -0.752814 0.104777
v 0.440000 -0.752812 0.104128
v 0.449999 -0.752808 0.100068
v 0.459996 -0.752780 0.092513
v 0.469967 -0.752722 0.079530
v 0.479999 -0.752452 0.076971
v 0.490023 -0.752763 0.080368
v 0.500003 -0.752810 0.096074
v 0.510000 -0.752812 0.108100
v 0.520000 -0.752813 0.117268
v 0.530000 -0.752813 0.121238
v 0.539999 -0.752813 0.114092
v 0.549973 -0.752813 0.100653
v 0.559577 -0.752813 0.073957
v 0.566435 -0.752813 0.000000
v 0.794052 -0.745979 0.000000
v 0.800120 -0.752924 0.065044
v 0.790946 -0.753889 0.000000
v 0.810007 -0.752818 0.093221
v 0.820000 -0.752813 0.107848
v 0.830000 -0.752813 0.118437
v 0.840000 -0.752813 0.128520
v 0.850000 -0.752813 0.137929
v 0.860000 -0.752813 0.143965
v 0.870000 -0.752813 0.143622
v 0.880000 -0.752813 0.138835
v 0.890000 -0.752813 0.131505
v 0.900000 -0.752813 0.123401
v 0.910000 -0.752813 0.114935
v 0.919999 -0.752812 0.105144
v 0.929966 -0.752802 0.089732
v 0.939521 -0.752688 0.060339
v 0.946242 -0.752093 0.000000
v 0.364012 -0.757444 0.000000
v 0.370099 -0.764361 0.065071
v 0.360516 -0.765166 0.000000
v 0.380008 -0.764253 0.090401
v 0.390001 -0.764223 0.101621
v 0.400000 -0.764220 0.107999
v 0.410000 -0.764220 0.111043
v 0.420000 -0.764219 0.109441
v 0.430000 -0.764219 0.103598
v 0.439995 -0.764210 0.093004
v 0.449963 -0.764126 0.077115
v 0.459921 -0.763744 0.061828
v 0.469531 -0.763250 0.000000
v 0.479987 -0.761167 0.000000
v 0.490342 -0.763860 0.000000
v 0.500046 -0.764194 0.078722
v 0.510002 -0.764218 0.102182
v 0.520000 -0.764219 0.114670
v 0.530000 -0.764219 0.120618
v 0.539999 -0.764219 0.114017
v 0.549973 -0.764219 0.100648
v 0.559577 -0.764219 0.073957
v 0.566435 -0.764219 0.000000
v 0.784074 -0.757459 0.000000
v 0.790130 -0.764368 0.064582
v 0.780944 -0.765298 0.000000
v 0.800009 -0.764228 0.091182
v 0.810000 -0.764219 0.105798
v 0.820000 -0.764219 0.115445
v 0.830000 -0.764219 0.124199
v 0.840000 -0.764219 0.132624
v 0.850000 -0.764219 0.138800
v 0.860000 -0.764219 0.139745
v 0.870000 -0.764219 0.136196
v 0.880000 -0.764219 0.130585
v 0.890000 -0.764219 0.123312
v 0.900000 -0.764219 0.115123
v 0.910000 -0.764218 0.105610
v 0.919990 -0.764208 0.091114
v 0.929866 -0.764070 0.064424
v 0.938986 -0.763141 0.000000
v 0.945282 -0.759621 0.000000
v 0.164026 -0.769602 0.000000
v 0.170568 -0.768526 0.000000
v 0.170079 -0.776173 0.056816
v 0.160944 -0.776782 0.000000
v 0.179338 -0.768523 0.000000
v 0.179547 -0.776145 0.052454
v 0.185327 -0.769549 0.000000
v 0.186227 -0.776381 0.000000
v 0.343969 -0.769511 0.000000
v 0.350669 -0.768017 0.000000
v 0.350079 -0.776101 0.061870
v 0.340473 -0.776629 0.000000
v 0.360037 -0.775718 0.077311
v 0.370005 -0.775634 0.093514
v 0.380000 -0.775626 0.104964
v 0.390000 -0.775625 0.111442
v 0.400000 -0.775625 0.113671
v 0.410000 -0.775625 0.111408
v 0.420000 -0.775624 0.104593
v 0.429991 -0.775614 0.090919
v 0.439900 -0.775487 0.065093
v 0.449484 -0.774677 0.000000
v 0.459331 -0.771826 0.000000
v 0.466032 -0.770335 0.000000
v 0.500368 -0.775623 0.074515
v 0.493097 -0.775592 0.000000
v 0.510025 -0.775625 0.100810
v 0.520001 -0.775625 0.114077
v 0.530000 -0.775625 0.120492
v 0.539999 -0.775625 0.114004
v 0.549973 -0.775625 0.100648
v 0.559577 -0.775625 0.073957
v 0.566435 -0.775625 0.000000
v 0.774012 -0.768845 0.000000
v 0.780100 -0.775763 0.065157
v 0.770516 -0.776573 0.000000
v 0.790009 -0.775636 0.091205
v 0.800000 -0.775625 0.105626
v 0.810000 -0.775625 0.115139
v 0.820000 -0.775625 0.123473
v 0.830000 -0.775625 0.131230
v 0.840000 -0.775625 0.136684
v 0.850000 -0.775625 0.136848
v 0.860000 -0.775625 0.132194
v 0.870000 -0.775625 0.126222
v 0.880000 -0.775625 0.120601
v 0.890000 -0.775625 0.114224
v 0.900000 -0.775624 0.105495
v 0.909990 -0.775614 0.091147
v 0.919869 -0.775476 0.064575
v 0.929053 -0.774545 0.000000
v 0.935921 -0.770978 0.000000
v 0.154079 -0.780277 0.000000
v 0.160133 -0.787184 0.062536
v 0.151014 -0.788109 0.000000
v 0.169980 -0.787065 0.078154
v 0.179552 -0.786980 0.057206
v 0.186228 -0.786390 0.000000
v 0.313969 -0.780982 0.000000
v 0.320629 -0.779866 0.000000
v 0.320078 -0.787563 0.061422
v 0.310514 -0.788055 0.000000
v 0.330101 -0.779231 0.000000
v 0.330008 -0.787457 0.074077
v 0.340033 -0.787125 0.079556
v 0.350004 -0.787064 0.093039
v 0.360001 -0.787036 0.101570
v 0.370000 -0.787031 0.107142
v 0.380000 -0.787031 0.110669
v 0.390000 -0.787031 0.111253
v 0.400000 -0.787030 0.108017
v 0.409999 -0.787027 0.101620
v 0.419991 -0.786996 0.090351
v 0.429870 -0.786879 0.064494
v 0.439056 -0.785952 0.000000
v 0.445988 -0.782405 0.000000
v 0.500419 -0.787031 0.073992
v 0.493524 -0.787030 0.000000
v 0.510027 -0.787031 0.100657
v 0.520001 -0.787031 0.114008
v 0.530000 -0.787031 0.120480
v 0.539999 -0.787031 0.114003
v 0.549973 -0.787031 0.100648
v 0.559577 -0.787031 0.073957
v 0.566435 -0.787031 0.000000
v 0.754034 -0.780940 0.000000
v 0.760674 -0.779426 0.000000
v 0.760112 -0.787518 0.061263
v 0.750945 -0.788183 0.000000
v 0.770038 -0.787125 0.077322
v 0.780005 -0.787040 0.093773
v 0.790000 -0.787031 0.105952
v 0.800000 -0.787031 0.115102
v 0.810000 -0.787031 0.123247
v 0.820000 -0.787031 0.130977
v 0.830000 -0.787031 0.137020
v 0.840000 -0.787031 0.138066
v 0.850000 -0.787031 0.132545
v 0.860000 -0.787031 0.124416
v 0.870000 -0.787031 0.116524
v 0.880000 -0.787031 0.109552
v 0.889999 -0.787028 0.102006
v 0.899991 -0.786996 0.090429
v 0.909869 -0.786879 0.064508
v 0.919053 -0.785951 0.000000
v 0.925926 -0.782384 0.000000
v 0.144718 -0.791629 0.000000
v 0.150479 -0.798562 0.059696
v 0.143758 -0.799157 0.000000
v 0.160032 -0.798446 0.083820
v 0.169965 -0.798403 0.074796
v 0.179459 -0.797929 0.000000
v 0.185346 -0.793922 0.000000
v 0.293969 -0.792324 0.000000
v 0.300669 -0.790834 0.000000
v 0.300079 -0.798913 0.061881
v 0.290473 -0.799442 0.000000
v 0.310037 -0.798534 0.077290
v 0.320004 -0.798473 0.092892
v 0.330000 -0.798466 0.101077
v 0.340001 -0.798442 0.104056
v 0.350000 -0.798439 0.107488
v 0.360000 -0.798438 0.110179
v 0.370000 -0.798437 0.110146
v 0.380000 -0.798436 0.107107
v 0.389999 -0.798433 0.101699
v 0.399996 -0.798405 0.092937
v 0.409962 -0.798340 0.077232
v 0.419888 -0.797951 0.061257
v 0.429055 -0.797285 0.000000
v 0.435926 -0.793785 0.000000
v 0.500423 -0.798437 0.073958
v 0.493563 -0.798437 0.000000
v 0.510027 -0.798437 0.100648
v 0.520001 -0.798437 0.114003
v 0.530000 -0.798437 0.120479
v 0.539999 -0.798437 0.114003
v 0.549973 -0.798437 0.100648
v 0.559577 -0.798437 0.073957
v 0.566435 -0.798437 0.000000
v 0.744074 -0.791684 0.000000
v 0.750130 -0.798590 0.064509
v 0.740944 -0.799517 0.000000
v 0.760009 -0.798473 0.090416
v 0.770001 -0.798442 0.101922
v 0.780000 -0.798438 0.109144
v 0.790000 -0.798437 0.115716
v 0.800000 -0.798437 0.122733
v 0.810000 -0.798437 0.129335
v 0.820000 -0.798437 0.135132
v 0.830000 -0.798437 0.138288
v 0.840000 -0.798437 0.135740
v 0.850000 -0.798437 0.128032
v 0.860000 -0.798437 0.118415
v 0.870000 -0.798437 0.108206
v 0.879997 -0.798434 0.095852
v 0.889972 -0.798381 0.077790
v 0.899889 -0.797954 0.061298
v 0.909055 -0.797285 0.000000
v 0.915926 -0.793785 0.000000
v 0.150426 -0.809851 0.071075
v 0.143584 -0.809910 0.000000
v 0.160027 -0.809845 0.091444
v 0.169997 -0.809868 0.077582
v 0.179921 -0.810214 0.000000
v 0.263969 -0.803794 0.000000
v 0.270629 -0.802678 0.000000
v 0.270078 -0.810375 0.061419
v 0.260514 -0.810868 0.000000
v 0.280101 -0.802044 0.000000
v 0.280008 -0.810270 0.074078
v 0.290033 -0.809938 0.079595
v 0.300004 -0.809876 0.093251
v 0.310001 -0.809848 0.102163
v 0.320000 -0.809845 0.108513
v 0.330000 -0.809845 0.112776
v 0.340000 -0.809844 0.113700
v 0.350000 -0.809844 0.111293
v 0.360000 -0.809844 0.107226
v 0.369999 -0.809839 0.101564
v 0.379996 -0.809811 0.092808
v 0.389963 -0.809747 0.077252
v 0.399920 -0.809367 0.061834
v 0.409486 -0.808825 0.000000
v 0.419326 -0.806040 0.000000
v 0.425966 -0.804529 0.000000
v 0.500423 -0.809844 0.073957
v 0.493565 -0.809844 0.000000
v 0.510027 -0.809844 0.100648
v 0.520001 -0.809844 0.114003
v 0.530000 -0.809844 0.120479
v 0.539999 -0.809844 0.114003
v 0.549973 -0.809844 0.100648
v 0.559577 -0.809844 0.073957
v 0.566435 -0.809844 0.000000
v 0.734012 -0.803063 0.000000
v 0.740100 -0.809982 0.065142
v 0.730516 -0.810791 0.000000
v 0.750009 -0.809855 0.091143
v 0.760000 -0.809845 0.105292
v 0.770000 -0.809844 0.113521
v 0.780000 -0.809844 0.118492
v 0.790000 -0.809844 0.122139
v 0.800000 -0.809844 0.125988
v 0.810000 -0.809844 0.128516
v 0.820000 -0.809844 0.130235
v 0.830000 -0.809844 0.130940
v 0.840000 -0.809844 0.129191
v 0.850000 -0.809844 0.123861
v 0.860000 -0.809844 0.114988
v 0.869998 -0.809843 0.102203
v 0.879955 -0.809817 0.078706
v 0.889642 -0.809438 0.000000
v 0.899341 -0.806093 0.000000
v 0.905967 -0.804533 0.000000
v 0.150423 -0.821249 0.073045
v 0.143567 -0.821250 0.000000
v 0.160027 -0.821250 0.095469
v 0.170001 -0.821253 0.093302
v 0.179994 -0.821304 0.077421
v 0.189373 -0.813591 0.000000
v 0.189924 -0.821722 0.061845
v 0.196035 -0.815132 0.000000
v 0.199530 -0.822253 0.000000
v 0.243968 -0.815136 0.000000
v 0.250669 -0.813646 0.000000
v 0.250079 -0.821726 0.061870
v 0.240470 -0.822253 0.000000
v 0.260037 -0.821347 0.077259
v 0.270004 -0.821285 0.092845
v 0.280000 -0.821278 0.101087
v 0.290001 -0.821254 0.104450
v 0.300000 -0.821251 0.109109
v 0.310000 -0.821250 0.113676
v 0.320000 -0.821250 0.115944
v 0.330000 -0.821250 0.115691
v 0.340000 -0.821250 0.112291
v 0.350000 -0.821249 0.105147
v 0.359995 -0.821241 0.093534
v 0.369963 -0.821157 0.077311
v 0.379920 -0.820774 0.061827
v 0.389486 -0.820231 0.000000
v 0.399331 -0.817448 0.000000
v 0.406028 -0.815957 0.000000
v 0.500423 -0.821250 0.073957
v 0.493565 -0.821250 0.000000
v 0.510027 -0.821250 0.100648
v 0.520001 -0.821250 0.114003
v 0.530000 -0.821250 0.120479
v 0.539999 -0.821250 0.114003
v 0.549973 -0.821250 0.100648
v 0.559577 -0.821250 0.073957
v 0.566435 -0.821250 0.000000
v 0.714034 -0.815158 0.000000
v 0.720674 -0.813644 0.000000
v 0.720112 -0.821737 0.061243
v 0.710945 -0.822402 0.000000
v 0.730038 -0.821343 0.077260
v 0.740005 -0.821258 0.093541
v 0.750000 -0.821250 0.105292
v 0.760000 -0.821250 0.113322
v 0.770000 -0.821250 0.118804
v 0.780000 -0.821250 0.120546
v 0.790000 -0.821250 0.119431
v 0.800000 -0.821250 0.118876
v 0.810000 -0.821249 0.118965
v 0.820000 -0.821249 0.119165
v 0.830000 -0.821249 0.119276
v 0.840000 -0.821250 0.119079
v 0.850000 -0.821250 0.117944
v 0.859999 -0.821250 0.112871
v 0.869978 -0.821250 0.100756
v 0.879684 -0.821251 0.074993
v 0.887322 -0.821264 0.000000
v 0.150425 -0.832625 0.071116
v 0.143584 -0.832584 0.000000
v 0.160029 -0.832652 0.094161
v 0.170001 -0.832656 0.101072
v 0.180000 -0.832659 0.099293
v 0.189996 -0.832689 0.092384
v 0.199967 -0.832750 0.079491
v 0.209957 -0.824833 0.000000
v 0.209997 -0.833079 0.076488
v 0.220000 -0.825228 0.000000
v 0.220000 -0.833131 0.076208
v 0.230043 -0.824833 0.000000
v 0.230003 -0.833079 0.076613
v 0.240033 -0.832750 0.079786
v 0.250004 -0.832689 0.093069
v 0.260001 -0.832661 0.101765
v 0.270000 -0.832657 0.108064
v 0.280000 -0.832657 0.112776
v 0.290000 -0.832656 0.115559
v 0.300000 -0.832656 0.117399
v 0.310000 -0.832656 0.117853
v 0.320000 -0.832656 0.114211
v 0.330000 -0.832656 0.108808
v 0.340000 -0.832653 0.101795
v 0.349992 -0.832622 0.090424
v 0.359901 -0.832514 0.065073
v 0.369484 -0.831709 0.000000
v 0.379331 -0.828858 0.000000
v 0.386028 -0.827363 0.000000
v 0.500423 -0.832656 0.073957
v 0.493565 -0.832656 0.000000
v 0.510027 -0.832656 0.100648
v 0.520001 -0.832656 0.114003
v 0.530000 -0.832656 0.120479
v 0.539999 -0.832656 0.114003
v 0.549973 -0.832656 0.100648
v 0.559577 -0.832656 0.073957
v 0.566435 -0.832656 0.000000
v 0.704074 -0.825903 0.000000
v 0.710131 -0.832809 0.064408
v 0.700947 -0.833737 0.000000
v 0.720009 -0.832691 0.090105
v 0.730001 -0.832661 0.101179
v 0.740000 -0.832656 0.107198
v 0.750000 -0.832656 0.111390
v 0.760000 -0.832656 0.114465
v 0.770000 -0.832655 0.115764
v 0.780000 -0.832655 0.113982
v 0.790000 -0.832655 0.109401
v 0.799999 -0.832652 0.105202
v 0.810000 -0.832628 0.104235
v 0.820000 -0.832625 0.104148
v 0.830000 -0.832628 0.104255
v 0.840001 -0.832652 0.105158
v 0.850000 -0.832656 0.108641
v 0.860000 -0.832656 0.109559
v 0.869996 -0.832658 0.101020
v 0.879920 -0.832693 0.077856
v 0.889147 -0.833192 0.000000
v 0.150461 -0.843600 0.057009
v 0.143755 -0.843247 0.000000
v 0.160062 -0.843970 0.075805
v 0.170006 -0.844054 0.092334
v 0.180000 -0.844061 0.101686
v 0.190000 -0.844064 0.103830
v 0.199999 -0.844067 0.102156
v 0.210000 -0.844091 0.102555
v 0.220000 -0.844094 0.103257
v 0.230000 -0.844091 0.103510
v 0.240001 -0.844067 0.104244
v 0.250000 -0.844064 0.107553
v 0.260000 -0.844063 0.110888
v 0.270000 -0.844062 0.113295
v 0.280000 -0.844061 0.114886
v 0.290000 -0.844061 0.115706
v 0.300000 -0.844061 0.115722
v 0.310000 -0.844062 0.113720
v 0.320000 -0.844062 0.107140
v 0.330000 -0.844060 0.095728
v 0.339993 -0.844008 0.077845
v 0.349891 -0.843579 0.061306
v 0.359059 -0.842912 0.000000
v 0.365988 -0.839431 0.000000
v 0.500423 -0.844063 0.073957
v 0.493565 -0.844063 0.000000
v 0.510027 -0.844063 0.100648
v 0.520001 -0.844063 0.114003
v 0.530000 -0.844063 0.120479
v 0.539999 -0.844063 0.114003
v 0.549973 -0.844063 0.100648
v 0.559577 -0.844063 0.073957
v 0.566435 -0.844063 0.000000
v 0.694074 -0.837303 0.000000
v 0.700130 -0.844210 0.063892
v 0.690944 -0.845141 0.000000
v 0.710010 -0.844073 0.089867
v 0.720000 -0.844063 0.102631
v 0.730000 -0.844062 0.108760
v 0.740000 -0.844061 0.109957
v 0.750000 -0.844061 0.107505
v 0.759999 -0.844058 0.104449
v 0.770000 -0.844034 0.103501
v 0.780000 -0.844031 0.101138
v 0.789996 -0.844027 0.093171
v 0.799967 -0.843968 0.079856
v 0.809997 -0.843639 0.076662
v 0.820000 -0.843588 0.076275
v 0.830003 -0.843640 0.076666
v 0.840033 -0.843972 0.079911
v 0.850004 -0.844055 0.093700
v 0.860000 -0.844062 0.103352
v 0.869999 -0.844063 0.103124
v 0.879969 -0.844067 0.091122
v 0.889535 -0.844149 0.060779
v 0.895307 -0.837179 0.000000
v 0.896282 -0.844779 0.000000
v 0.150763 -0.851672 0.000000
v 0.144679 -0.850202 0.000000
v 0.160521 -0.854521 0.000000
v 0.170100 -0.855327 0.064949
v 0.180008 -0.855434 0.089860
v 0.190001 -0.855464 0.099936
v 0.200000 -0.855468 0.105389
v 0.210000 -0.855470 0.109917
v 0.220000 -0.855470 0.112806
v 0.230000 -0.855470 0.113358
v 0.240000 -0.855469 0.112491
v 0.250000 -0.855468 0.110731
v 0.260000 -0.855468 0.107553
v 0.269999 -0.855464 0.104332
v 0.280000 -0.855441 0.103710
v 0.290000 -0.855438 0.103720
v 0.300000 -0.855441 0.103612
v 0.310001 -0.855464 0.102691
v 0.320000 -0.855468 0.098309
v 0.329996 -0.855445 0.078471
v 0.339924 -0.855099 0.000000
v 0.349368 -0.851720 0.000000
v 0.355970 -0.850158 0.000000
v 0.500423 -0.855469 0.073957
v 0.493565 -0.855469 0.000000
v 0.510027 -0.855469 0.100648
v 0.520001 -0.855469 0.114003
v 0.530000 -0.855469 0.120479
v 0.539999 -0.855469 0.114003
v 0.549973 -0.855469 0.100648
v 0.559577 -0.855469 0.073957
v 0.566435 -0.855469 0.000000
v 0.684009 -0.848687 0.000000
v 0.690098 -0.855578 0.060805
v 0.680472 -0.856396 0.000000
v 0.700009 -0.855448 0.084799
v 0.710000 -0.855438 0.096259
v 0.720000 -0.855438 0.100362
v 0.730000 -0.855438 0.101908
v 0.740000 -0.855437 0.100505
v 0.749996 -0.855433 0.092941
v 0.759967 -0.855375 0.079782
v 0.769997 -0.855045 0.076396
v 0.779995 -0.854988 0.073674
v 0.789924 -0.854934 0.061440
v 0.799530 -0.854461 0.000000
v 0.809957 -0.851886 0.000000
v 0.820000 -0.851491 0.000000
v 0.830044 -0.851889 0.000000
v 0.840472 -0.854541 0.000000
v 0.850088 -0.855367 0.065557
v 0.860006 -0.855464 0.092217
v 0.869999 -0.855469 0.101975
v 0.879975 -0.855469 0.096877
v 0.889627 -0.855478 0.072189
v 0.896838 -0.855585 0.000000
v 0.170941 -0.865724 0.000000
v 0.164012 -0.862244 0.000000
v 0.180112 -0.866388 0.061212
v 0.190038 -0.866778 0.077032
v 0.200004 -0.866843 0.092597
v 0.210001 -0.866871 0.101484
v 0.220000 -0.866874 0.106681
v 0.230000 -0.866874 0.107029
v 0.239999 -0.866871 0.103852
v 0.250000 -0.866847 0.100809
v 0.259996 -0.866839 0.092965
v 0.269967 -0.866781 0.079785
v 0.279997 -0.866452 0.076627
v 0.290000 -0.866400 0.076245
v 0.300003 -0.866452 0.076565
v 0.310033 -0.866785 0.078968
v 0.320004 -0.866868 0.087136
v 0.329967 -0.866910 0.075187
v 0.339526 -0.867387 0.000000
v 0.500423 -0.866875 0.073957
v 0.493565 -0.866875 0.000000
v 0.510027 -0.866875 0.100648
v 0.520001 -0.866875 0.114003
v 0.530000 -0.866875 0.120479
v 0.539999 -0.866875 0.114003
v 0.549973 -0.866875 0.100648
v 0.559577 -0.866875 0.073957
v 0.566435 -0.866875 0.000000
v 0.644677 -0.860797 0.000000
v 0.650720 -0.859748 0.000000
v 0.650460 -0.867363 0.053905
v 0.643773 -0.867624 0.000000
v 0.660066 -0.859510 0.000000
v 0.660030 -0.867324 0.066927
v 0.670046 -0.859050 0.000000
v 0.670000 -0.867262 0.066138
v 0.680000 -0.866871 0.058781
v 0.690002 -0.866460 0.066971
v 0.700000 -0.866397 0.072617
v 0.710000 -0.866393 0.075051
v 0.720000 -0.866393 0.075750
v 0.730000 -0.866393 0.075786
v 0.739995 -0.866390 0.073594
v 0.749924 -0.866340 0.061424
v 0.759530 -0.865867 0.000000
v 0.769954 -0.863289 0.000000
v 0.779940 -0.862832 0.000000
v 0.789374 -0.862592 0.000000
v 0.796035 -0.861516 0.000000
v 0.850827 -0.866287 0.000000
v 0.843990 -0.862321 0.000000
v 0.860082 -0.866831 0.075686
v 0.870004 -0.866873 0.097066
v 0.879996 -0.866876 0.097950
v 0.889917 -0.866912 0.077294
v 0.899119 -0.867414 0.000000
v 0.180674 -0.874477 0.000000
v 0.174034 -0.872967 0.000000
v 0.190514 -0.877262 0.000000
v 0.200080 -0.877805 0.061794
v 0.210037 -0.878184 0.076997
v 0.220004 -0.878245 0.090690
v 0.229996 -0.878246 0.090909
v 0.239967 -0.878187 0.079302
v 0.249992 -0.877855 0.074042
v 0.259924 -0.877750 0.061454
v 0.269530 -0.877273 0.000000
v 0.279957 -0.874698 0.000000
v 0.290000 -0.874304 0.000000
v 0.300043 -0.874702 0.000000
v 0.310473 -0.877349 0.000000
v 0.320098 -0.878144 0.063270
v 0.330004 -0.878276 0.079157
v 0.339902 -0.878392 0.062406
v 0.345991 -0.871446 0.000000
v 0.349060 -0.879356 0.000000
v 0.500423 -0.878281 0.073957
v 0.493565 -0.878281 0.000000
v 0.510027 -0.878281 0.100648
v 0.520001 -0.878281 0.114003
v 0.530000 -0.878281 0.120475
v 0.539999 -0.878281 0.114002
v 0.549973 -0.878281 0.100647
v 0.559577 -0.878281 0.073957
v 0.566435 -0.878281 0.000000
v 0.650460 -0.877793 0.053758
v 0.643773 -0.877532 0.000000
v 0.660025 -0.877825 0.065371
v 0.669925 -0.877774 0.056894
v 0.679531 -0.877277 0.000000
v 0.689957 -0.874696 0.000000
v 0.699998 -0.874259 0.000000
v 0.710000 -0.874217 0.000000
v 0.720000 -0.874215 0.000000
v 0.729997 -0.874214 0.000000
v 0.739942 -0.874194 0.000000
v 0.749374 -0.873996 0.000000
v 0.756035 -0.872922 0.000000
v 0.860427 -0.878154 0.060754
v 0.853332 -0.877513 0.000000
v 0.870031 -0.878272 0.088857
v 0.880000 -0.878281 0.098717
v 0.889972 -0.878286 0.090425
v 0.899583 -0.878371 0.061151
v 0.905360 -0.871402 0.000000
v 0.906666 -0.879044 0.000000
v 0.200669 -0.885885 0.000000
v 0.193972 -0.884394 0.000000
v 0.210514 -0.888663 0.000000
v 0.220073 -0.889149 0.058923
v 0.229929 -0.889150 0.058964
v 0.239528 -0.888678 0.000000
v 0.249899 -0.886081 0.000000
v 0.259372 -0.885447 0.000000
v 0.266035 -0.884332 0.000000
v 0.320944 -0.888608 0.000000
v 0.314009 -0.885063 0.000000
v 0.330130 -0.889539 0.062017
v 0.340002 -0.889686 0.077387
v 0.349901 -0.889825 0.062371
v 0.355988 -0.882907 0.000000
v 0.359484 -0.890635 0.000000
v 0.500423 -0.889687 0.073957
v 0.493565 -0.889687 0.000000
v 0.510027 -0.889687 0.100647
v 0.520001 -0.889687 0.113991
v 0.530000 -0.889687 0.120421
v 0.539999 -0.889687 0.113978
v 0.549973 -0.889688 0.100635
v 0.559577 -0.889688 0.073950
v 0.566435 -0.889687 0.000000
v 0.650718 -0.885405 0.000000
v 0.644677 -0.884359 0.000000
v 0.660006 -0.885581 0.000000
v 0.669377 -0.885403 0.000000
v 0.676035 -0.884329 0.000000
v 0.861009 -0.888614 0.000000
v 0.854659 -0.885087 0.000000
v 0.870124 -0.889576 0.064629
v 0.880007 -0.889682 0.090773
v 0.889996 -0.889689 0.095067
v 0.899915 -0.889730 0.075220
v 0.909102 -0.890274 0.000000
v 0.220568 -0.896788 0.000000
v 0.213964 -0.895732 0.000000
v 0.229432 -0.896788 0.000000
v 0.236039 -0.895733 0.000000
v 0.330947 -0.900013 0.000000
v 0.324074 -0.896447 0.000000
v 0.340130 -0.900945 0.062052
v 0.350005 -0.901091 0.079217
v 0.359963 -0.901186 0.073267
v 0.369331 -0.893486 0.000000
v 0.369920 -0.901570 0.060901
v 0.376028 -0.894981 0.000000
v 0.379486 -0.902113 0.000000
v 0.500423 -0.901094 0.073958
v 0.493563 -0.901094 0.000000
v 0.510027 -0.901094 0.100634
v 0.520001 -0.901094 0.113876
v 0.530000 -0.901094 0.119999
v 0.539999 -0.901094 0.113694
v 0.549973 -0.901094 0.100444
v 0.559577 -0.901094 0.073794
v 0.566434 -0.901090 0.000000
v 0.870817 -0.900554 0.000000
v 0.864059 -0.896521 0.000000
v 0.880079 -0.901056 0.077264
v 0.890003 -0.901092 0.096127
v 0.899969 -0.901098 0.089826
v 0.909534 -0.901182 0.060628
v 0.915304 -0.894214 0.000000
v 0.916282 -0.901811 0.000000
v 0.340947 -0.911420 0.000000
v 0.334074 -0.907853 0.000000
v 0.350131 -0.912351 0.062623
v 0.360008 -0.912493 0.083417
v 0.369996 -0.912532 0.087158
v 0.379962 -0.912597 0.075902
v 0.389326 -0.904898 0.000000
v 0.389888 -0.912987 0.061073
v 0.395966 -0.906408 0.000000
v 0.399059 -0.913651 0.000000
v 0.500419 -0.912500 0.073984
v 0.493526 -0.912503 0.000000
v 0.510027 -0.912500 0.100572
v 0.520001 -0.912500 0.113350
v 0.530000 -0.912500 0.118207
v 0.539999 -0.912500 0.111973
v 0.549972 -0.912500 0.098855
v 0.559575 -0.912494 0.071939
v 0.566417 -0.912434 0.000000
v 0.880371 -0.912497 0.073867
v 0.873141 -0.912447 0.000000
v 0.890024 -0.912500 0.096869
v 0.899976 -0.912500 0.095973
v 0.909627 -0.912509 0.072097
v 0.916842 -0.912616 0.000000
v 0.350947 -0.922826 0.000000
v 0.344074 -0.919259 0.000000
v 0.360131 -0.923757 0.063453
v 0.370009 -0.923898 0.087309
v 0.379999 -0.923910 0.094840
v 0.389992 -0.923941 0.088951
v 0.399901 -0.924048 0.064875
v 0.405988 -0.917131 0.000000
v 0.409484 -0.924854 0.000000
v 0.500371 -0.923910 0.074447
v 0.493140 -0.923956 0.000000
v 0.510025 -0.923906 0.100585
v 0.520001 -0.923906 0.112419
v 0.530000 -0.923906 0.114673
v 0.539999 -0.923906 0.106950
v 0.549969 -0.923902 0.091769
v 0.559531 -0.923820 0.060800
v 0.566243 -0.923192 0.000000
v 0.880422 -0.923900 0.071645
v 0.873545 -0.923838 0.000000
v 0.890027 -0.923906 0.096028
v 0.899997 -0.923908 0.097912
v 0.909921 -0.923944 0.077438
v 0.919182 -0.924448 0.000000
v 0.360946 -0.934236 0.000000
v 0.354074 -0.930666 0.000000
v 0.370121 -0.935199 0.064513
v 0.380007 -0.935306 0.090868
v 0.390000 -0.935314 0.098731
v 0.399995 -0.935321 0.092097
v 0.409963 -0.935405 0.076944
v 0.419331 -0.927705 0.000000
v 0.419921 -0.935788 0.061731
v 0.426031 -0.929199 0.000000
v 0.429527 -0.936317 0.000000
v 0.500079 -0.935350 0.078078
v 0.490813 -0.935850 0.000000
v 0.510004 -0.935314 0.101834
v 0.520000 -0.935313 0.112414
v 0.530000 -0.935313 0.112409
v 0.539996 -0.935311 0.101793
v 0.549917 -0.935275 0.077921
v 0.559116 -0.934776 0.000000
v 0.565302 -0.930790 0.000000
v 0.880469 -0.935224 0.060680
v 0.873755 -0.934598 0.000000
v 0.890031 -0.935308 0.090541
v 0.900001 -0.935313 0.100128
v 0.909993 -0.935318 0.091821
v 0.919876 -0.935424 0.064747
v 0.925941 -0.928479 0.000000
v 0.928987 -0.936386 0.000000
v 0.370831 -0.946125 0.000000
v 0.364056 -0.942142 0.000000
v 0.380081 -0.946651 0.075123
v 0.390005 -0.946713 0.095130
v 0.400000 -0.946718 0.101031
v 0.409999 -0.946722 0.098855
v 0.419996 -0.946751 0.091590
v 0.429967 -0.946813 0.078830
v 0.439899 -0.938919 0.000000
v 0.439992 -0.947145 0.073787
v 0.449372 -0.939553 0.000000
v 0.449924 -0.947249 0.061414
v 0.456035 -0.940665 0.000000
v 0.459531 -0.947693 0.000000
v 0.483989 -0.939860 0.000000
v 0.490088 -0.946818 0.065666
v 0.480470 -0.947613 0.000000
v 0.500006 -0.946724 0.093243
v 0.510000 -0.946719 0.107404
v 0.520000 -0.946719 0.114747
v 0.529999 -0.946719 0.112424
v 0.539975 -0.946719 0.100583
v 0.549629 -0.946716 0.074439
v 0.556859 -0.946669 0.000000
v 0.880898 -0.946133 0.000000
v 0.874699 -0.942192 0.000000
v 0.890085 -0.946676 0.075594
v 0.900004 -0.946717 0.097551
v 0.909999 -0.946719 0.100663
v 0.919967 -0.946728 0.089033
v 0.929521 -0.946843 0.060279
v 0.935282 -0.939910 0.000000
v 0.936244 -0.947439 0.000000
v 0.380409 -0.957659 0.057505
v 0.373329 -0.957261 0.000000
v 0.390059 -0.958029 0.075860
v 0.400005 -0.958089 0.091656
v 0.410000 -0.958097 0.098216
v 0.420001 -0.958123 0.098641
v 0.429999 -0.958129 0.098831
v 0.440000 -0.958153 0.098743
v 0.449996 -0.958160 0.092558
v 0.459967 -0.958216 0.079795
v 0.470000 -0.949820 0.000000
v 0.470000 -0.958489 0.077102
v 0.480033 -0.958212 0.079963
v 0.490004 -0.958132 0.094060
v 0.500000 -0.958125 0.106105
v 0.510000 -0.958125 0.114657
v 0.520000 -0.958125 0.118757
v 0.529999 -0.958125 0.113410
v 0.539973 -0.958125 0.100583
v 0.549584 -0.958125 0.074015
v 0.556513 -0.958125 0.000000
v 0.890418 -0.958033 0.061195
v 0.883334 -0.957362 0.000000
v 0.900028 -0.958120 0.090915
v 0.910000 -0.958125 0.101588
v 0.919973 -0.958125 0.096581
v 0.929578 -0.958132 0.071703
v 0.936455 -0.958194 0.000000
v 0.380758 -0.965731 0.000000
v 0.374621 -0.964261 0.000000
v 0.390518 -0.968508 0.000000
v 0.400078 -0.969000 0.061316
v 0.410007 -0.969109 0.073789
v 0.420023 -0.969478 0.079337
v 0.430003 -0.969528 0.094212
v 0.440000 -0.969532 0.103546
v 0.450000 -0.969532 0.106126
v 0.459999 -0.969535 0.104512
v 0.470000 -0.969556 0.104263
v 0.480001 -0.969535 0.105282
v 0.490000 -0.969531 0.109870
v 0.500000 -0.969531 0.116042
v 0.510000 -0.969531 0.121704
v 0.520000 -0.969531 0.122032
v 0.529999 -0.969531 0.114191
v 0.539975 -0.969531 0.100786
v 0.549629 -0.969534 0.074407
v 0.556859 -0.969581 0.000000
v 0.890894 -0.968945 0.000000
v 0.884641 -0.965001 0.000000
v 0.900085 -0.969489 0.075547
v 0.910003 -0.969530 0.097012
v 0.919975 -0.969531 0.097053
v 0.929629 -0.969535 0.073878
v 0.936856 -0.969584 0.000000
v 0.400628 -0.976700 0.000000
v 0.393969 -0.975581 0.000000
v 0.410088 -0.977385 0.000000
v 0.420346 -0.980542 0.000000
v 0.430047 -0.980911 0.078357
v 0.440003 -0.980937 0.101172
v 0.450000 -0.980937 0.111528
v 0.460000 -0.980938 0.116168
v 0.470000 -0.980938 0.118418
v 0.480000 -0.980938 0.119545
v 0.490000 -0.980937 0.121860
v 0.500000 -0.980937 0.125795
v 0.510000 -0.980937 0.128423
v 0.520000 -0.980937 0.124422
v 0.530000 -0.980937 0.114959
v 0.539996 -0.980939 0.101776
v 0.549917 -0.980975 0.077217
v 0.559113 -0.981467 0.000000
v 0.900417 -0.980847 0.061118
v 0.893334 -0.980174 0.000000
v 0.910028 -0.980933 0.090104
v 0.919997 -0.980939 0.096271
v 0.929918 -0.980975 0.077163
v 0.939116 -0.981474 0.000000
v 0.430371 -0.992336 0.072485
v 0.423115 -0.992243 0.000000
v 0.440025 -0.992343 0.098959
v 0.450001 -0.992344 0.111983
v 0.460000 -0.992344 0.120352
v 0.470000 -0.992344 0.126441
v 0.480000 -0.992344 0.129641
v 0.490000 -0.992344 0.132322
v 0.500000 -0.992344 0.135048
v 0.510000 -0.992344 0.133733
v 0.520000 -0.992344 0.126278
v 0.530000 -0.992344 0.116184
v 0.539999 -0.992344 0.104506
v 0.549965 -0.992344 0.085921
v 0.559485 -0.992344 0.048513
v 0.565274 -0.985361 0.000000
v 0.566051 -0.992344 0.000000
v 0.900880 -0.991805 0.000000
v 0.894640 -0.987817 0.000000
v 0.910082 -0.992306 0.077018
v 0.920003 -0.992342 0.096117
v 0.929969 -0.992348 0.089949
v 0.939534 -0.992431 0.060654
v 0.945305 -0.985460 0.000000
v 0.946282 -0.993061 0.000000
v 0.430466 -1.003663 0.060834
v 0.423716 -1.003034 0.000000
v 0.440031 -1.003745 0.091787
v 0.450001 -1.003750 0.107223
v 0.460000 -1.003750 0.117421
v 0.470000 -1.003750 0.125772
v 0.480000 -1.003750 0.132163
v 0.490000 -1.003750 0.137246
v 0.500000 -1.003750 0.140031
v 0.510000 -1.003750 0.134760
v 0.520000 -1.003750 0.125362
v 0.530000 -1.003750 0.114807
v 0.539996 -1.003749 0.101577
v 0.549917 -1.003713 0.077053
v 0.559113 -1.003218 0.000000
v 0.565274 -0.999326 0.000000
v 0.910373 -1.003741 0.072043
v 0.903162 -1.003634 0.000000
v 0.920024 -1.003750 0.095622
v 0.929976 -1.003750 0.095618
v 0.939627 -1.003759 0.072042
v 0.946838 -1.003866 0.000000
v 0.430884 -1.014617 0.000000
v 0.424695 -1.010633 0.000000
v 0.440083 -1.015118 0.077686
v 0.450004 -1.015154 0.101167
v 0.460000 -1.015156 0.112279
v 0.470000 -1.015156 0.119479
v 0.480000 -1.015156 0.125591
v 0.490000 -1.015156 0.131740
v 0.500000 -1.015156 0.135667
v 0.510000 -1.015156 0.130462
v 0.520000 -1.015156 0.121926
v 0.529999 -1.015156 0.112282
v 0.539975 -1.015156 0.098853
v 0.549626 -1.015146 0.072364
v 0.556838 -1.015041 0.000000
v 0.910466 -1.015068 0.060625
v 0.903718 -1.014439 0.000000
v 0.920031 -1.015152 0.089789
v 0.929997 -1.015157 0.095956
v 0.939918 -1.015194 0.076972
v 0.949119 -1.015695 0.000000
v 0.440373 -1.026525 0.071621
v 0.433162 -1.026441 0.000000
v 0.450025 -1.026534 0.094476
v 0.460002 -1.026560 0.102782
v 0.470000 -1.026562 0.109535
v 0.480000 -1.026562 0.116433
v 0.490000 -1.026562 0.123878
v 0.500000 -1.026562 0.128715
v 0.510000 -1.026562 0.123591
v 0.520000 -1.026562 0.115189
v 0.529999 -1.026562 0.105314
v 0.539967 -1.026554 0.089765
v 0.549525 -1.026438 0.060371
v 0.556281 -1.025840 0.000000
v 0.910898 -1.025976 0.000000
v 0.904696 -1.022036 0.000000
v 0.920085 -1.026519 0.075176
v 0.930003 -1.026561 0.094716
v 0.939972 -1.026567 0.089564
v 0.949583 -1.026653 0.061040
v 0.955360 -1.019683 0.000000
v 0.956670 -1.027326 0.000000
v 0.440454 -1.037451 0.056632
v 0.433716 -1.037145 0.000000
v 0.450032 -1.037547 0.072718
v 0.460024 -1.037914 0.079785
v 0.470003 -1.037966 0.095871
v 0.480000 -1.037969 0.107964
v 0.490000 -1.037969 0.117518
v 0.500000 -1.037969 0.122973
v 0.510000 -1.037969 0.117477
v 0.520000 -1.037969 0.107581
v 0.529992 -1.037963 0.093013
v 0.539875 -1.037855 0.064857
v 0.548987 -1.036895 0.000000
v 0.555285 -1.033371 0.000000
v 0.920427 -1.037842 0.060614
v 0.913335 -1.037200 0.000000
v 0.930030 -1.037960 0.087765
v 0.939997 -1.037970 0.093494
v 0.949919 -1.038011 0.074941
v 0.959169 -1.038558 0.000000
v 0.440722 -1.045139 0.000000
v 0.434673 -1.044045 0.000000
v 0.450095 -1.045820 0.000000
v 0.460360 -1.048933 0.000000
v 0.470049 -1.049342 0.076679
v 0.480003 -1.049374 0.100227
v 0.490000 -1.049375 0.112438
v 0.500000 -1.049375 0.118003
v 0.510000 -1.049375 0.112435
v 0.519996 -1.049373 0.100175
v 0.529918 -1.049331 0.076058
v 0.539169 -1.048786 0.000000
v 0.545940 -1.044799 0.000000
v 0.921009 -1.048301 0.000000
v 0.914659 -1.044774 0.000000
v 0.930125 -1.049262 0.064270
v 0.940007 -1.049369 0.088673
v 0.949993 -1.049381 0.088667
v 0.959875 -1.049489 0.064260
v 0.965940 -1.042545 0.000000
v 0.968991 -1.050449 0.000000
v 0.470424 -1.060655 0.060896
v 0.463288 -1.060027 0.000000
v 0.480031 -1.060771 0.089858
v 0.490001 -1.060780 0.104663
v 0.500000 -1.060780 0.110457
v 0.509999 -1.060780 0.104663
v 0.519969 -1.060771 0.089855
v 0.529573 -1.060654 0.060844
v 0.536668 -1.060013 0.000000
v 0.930831 -1.060192 0.000000
v 0.924060 -1.056205 0.000000
v 0.940082 -1.060737 0.074917
v 0.950003 -1.060780 0.093335
v 0.959970 -1.060790 0.087610
v 0.969573 -1.060909 0.060582
v 0.975341 -1.053976 0.000000
v 0.976665 -1.061550 0.000000
v 0.471010 -1.071110 0.000000
v 0.464656 -1.067588 0.000000
v 0.480134 -1.072035 0.064338
v 0.490009 -1.072149 0.089974
v 0.500000 -1.072156 0.098146
v 0.509991 -1.072149 0.089974
v 0.519866 -1.072035 0.064338
v 0.528990 -1.071110 0.000000
v 0.535341 -1.067586 0.000000
v 0.940427 -1.072060 0.060585
v 0.933332 -1.071419 0.000000
v 0.950030 -1.072179 0.087610
v 0.959997 -1.072189 0.093331
v 0.969915 -1.072231 0.074851
v 0.979106 -1.072774 0.000000
v 0.480945 -1.082437 0.000000
v 0.474079 -1.078941 0.000000
v 0.490109 -1.083048 0.060584
v 0.500000 -1.083105 0.071062
v 0.509891 -1.083048 0.060584
v 0.519055 -1.082437 0.000000
v 0.525921 -1.078941 0.000000
v 0.941009 -1.082520 0.000000
v 0.934659 -1.078993 0.000000
v 0.950125 -1.083480 0.064257
v 0.960007 -1.083588 0.088610
v 0.969972 -1.083598 0.088032
v 0.979583 -1.083686 0.060844
v 0.985359 -1.076718 0.000000
v 0.986670 -1.084357 0.000000
v 0.490628 -1.090712 0.000000
v 0.484031 -1.089619 0.000000
v 0.500000 -1.090891 0.000000
v 0.509372 -1.090712 0.000000
v 0.515970 -1.089619 0.000000
v 0.950831 -1.094411 0.000000
v 0.944060 -1.090424 0.000000
v 0.960082 -1.094958 0.074642
v 0.970000 -1.095000 0.090781
v 0.979919 -1.095042 0.074642
v 0.989169 -1.095589 0.000000
v 0.960418 -1.106315 0.060844
v 0.953331 -1.105643 0.000000
v 0.970028 -1.106401 0.088032
v 0.979994 -1.106412 0.088610
v 0.989875 -1.106520 0.064255
v 0.995940 -1.099576 0.000000
v 0.998987 -1.107480 0.000000
v 0.960894 -1.117226 0.000000
v 0.954641 -1.113282 0.000000
v 0.970085 -1.117769 0.074851
v 0.980003 -1.117811 0.093327
v 0.989967 -1.117821 0.087547
v 0.999525 -1.117937 0.060137
v 1.005285 -1.111004 0.000000
v 1.006283 -1.118534 0.000000
v 0.970427 -1.129092 0.060580
v 0.963335 -1.128450 0.000000
v 0.980030 -1.129210 0.087554
v 0.989976 -1.129219 0.092697
v 0.999629 -1.129228 0.071571
v 1.006883 -1.129321 0.000000
v 0.971009 -1.139551 0.000000
v 0.964659 -1.136024 0.000000
v 0.980124 -1.140512 0.063960
v 0.990005 -1.140620 0.085939
v 0.999952 -1.140652 0.075440
v 1.009608 -1.141035 0.000000
v 0.980831 -1.151442 0.000000
v 0.974060 -1.147455 0.000000
v 0.990081 -1.151989 0.073459
v 1.000000 -1.152033 0.086881
v 1.009950 -1.152087 0.075215
v 1.019255 -1.144372 0.000000
v 1.019592 -1.152494 0.057434
v 1.025380 -1.145892 0.000000
v 1.026671 -1.152895 0.000000
v 0.990418 -1.163346 0.060700
v 0.983330 -1.162674 0.000000
v 1.000028 -1.163433 0.087974
v 1.009996 -1.163442 0.092132
v 1.019919 -1.163505 0.074713
v 1.029169 -1.164031 0.000000
v 0.990894 -1.174257 0.000000
v 0.984641 -1.170314 0.000000
v 1.000085 -1.174800 0.074987
v 1.010004 -1.174842 0.094492
v 1.019993 -1.174850 0.090425
v 1.029879 -1.174957 0.064680
v 1.035944 -1.168014 0.000000
v 1.039054 -1.175920 0.000000
v 1.000427 -1.186123 0.060682
v 0.993335 -1.185481 0.000000
v 1.010031 -1.186240 0.088438
v 1.020001 -1.186250 0.097337
v 1.029991 -1.186260 0.089375
v 1.039869 -1.186399 0.064337
v 1.045926 -1.179491 0.000000
v 1.049053 -1.187330 0.000000
v 1.144031 -1.180226 0.000000
v 1.150568 -1.179152 0.000000
v 1.150082 -1.186798 0.057420
v 1.141011 -1.187404 0.000000
v 1.159338 -1.179148 0.000000
v 1.159549 -1.186775 0.054203
v 1.165329 -1.180179 0.000000
v 1.166245 -1.187072 0.000000
v 1.001010 -1.196578 0.000000
v 0.994659 -1.193055 0.000000
v 1.010134 -1.197507 0.064217
v 1.020010 -1.197645 0.089356
v 1.030000 -1.197656 0.097366
v 1.039990 -1.197667 0.089356
v 1.049866 -1.197805 0.064217
v 1.055921 -1.190897 0.000000
v 1.058990 -1.198734 0.000000
v 1.134718 -1.190853 0.000000
v 1.140478 -1.197784 0.059610
v 1.133756 -1.198376 0.000000
v 1.150005 -1.197694 0.082800
v 1.159576 -1.197691 0.069285
v 1.166417 -1.197729 0.000000
v 1.010947 -1.207982 0.000000
v 1.004079 -1.204416 0.000000
v 1.020131 -1.208914 0.064337
v 1.030009 -1.209053 0.089375
v 1.039999 -1.209063 0.097337
v 1.049969 -1.209073 0.088440
v 1.059576 -1.209189 0.060732
v 1.065344 -1.202256 0.000000
v 1.066710 -1.209817 0.000000
v 1.140421 -1.209070 0.071048
v 1.133545 -1.209131 0.000000
v 1.150000 -1.209064 0.090627
v 1.159578 -1.209064 0.072548
v 1.166434 -1.209066 0.000000
v 0.943645 -1.214618 0.000000
v 0.946355 -1.214618 0.000000
v 0.946755 -1.220469 0.000000
v 0.943245 -1.220469 0.000000
v 1.020946 -1.219392 0.000000
v 1.014074 -1.215822 0.000000
v 1.030121 -1.220355 0.064680
v 1.040007 -1.220462 0.090426
v 1.049997 -1.220470 0.094532
v 1.059949 -1.220502 0.075583
v 1.069599 -1.220926 0.000000
v 1.140370 -1.220472 0.073341
v 1.133141 -1.220522 0.000000
v 1.149997 -1.220469 0.092068
v 1.159578 -1.220469 0.072982
v 1.166435 -1.220469 0.000000
v 0.946355 -1.226319 0.000000
v 0.943645 -1.226319 0.000000
v 1.030831 -1.231282 0.000000
v 1.024055 -1.227299 0.000000
v 1.040081 -1.231807 0.074726
v 1.050004 -1.231871 0.092400
v 1.059997 -1.231878 0.090841
v 1.069971 -1.231933 0.076670
v 1.079339 -1.224222 0.000000
v 1.079889 -1.232359 0.061155
v 1.085968 -1.225780 0.000000
v 1.089059 -1.233026 0.000000
v 1.140078 -1.231912 0.076957
v 1.130813 -1.232413 0.000000
v 1.149976 -1.231876 0.092875
v 1.159577 -1.231875 0.073076
v 1.166437 -1.231875 0.000000
v 1.040408 -1.242818 0.057467
v 1.033329 -1.242417 0.000000
v 1.050050 -1.243224 0.075710
v 1.060003 -1.243278 0.091362
v 1.069999 -1.243284 0.096320
v 1.079992 -1.243316 0.089341
v 1.089902 -1.243421 0.065001
v 1.095991 -1.236503 0.000000
v 1.099529 -1.244180 0.000000
v 1.123989 -1.236423 0.000000
v 1.130088 -1.243380 0.065480
v 1.120470 -1.244176 0.000000
v 1.140005 -1.243286 0.091322
v 1.149973 -1.243281 0.095818
v 1.159581 -1.243281 0.073428
v 1.166474 -1.243284 0.000000
v 1.040745 -1.250938 0.000000
v 1.034620 -1.249421 0.000000
v 1.050405 -1.254230 0.000000
v 1.060050 -1.254656 0.075957
v 1.070003 -1.254686 0.097187
v 1.080000 -1.254689 0.100989
v 1.089995 -1.254696 0.093097
v 1.099967 -1.254774 0.079835
v 1.110000 -1.246379 0.000000
v 1.110000 -1.255051 0.077088
v 1.120033 -1.254774 0.079931
v 1.130004 -1.254694 0.093624
v 1.139999 -1.254688 0.102543
v 1.149975 -1.254688 0.098361
v 1.159629 -1.254691 0.074177
v 1.166857 -1.254737 0.000000
v 1.060415 -1.266003 0.061242
v 1.053289 -1.265345 0.000000
v 1.070029 -1.266089 0.091078
v 1.080001 -1.266094 0.103305
v 1.090000 -1.266094 0.105936
v 1.099999 -1.266098 0.104286
v 1.110000 -1.266119 0.104053
v 1.120001 -1.266098 0.105139
v 1.130000 -1.266094 0.108881
v 1.140000 -1.266094 0.110034
v 1.149996 -1.266095 0.101283
v 1.159918 -1.266131 0.077871
v 1.169116 -1.266630 0.000000
v 1.060894 -1.276914 0.000000
v 1.054638 -1.272971 0.000000
v 1.070085 -1.277456 0.075823
v 1.080004 -1.277498 0.099421
v 1.090000 -1.277500 0.109790
v 1.100000 -1.277500 0.114397
v 1.110000 -1.277501 0.116851
v 1.120000 -1.277500 0.118697
v 1.130000 -1.277500 0.119438
v 1.140000 -1.277500 0.116077
v 1.149999 -1.277500 0.107106
v 1.159969 -1.277505 0.091788
v 1.169534 -1.277587 0.060833
v 1.175305 -1.270617 0.000000
v 1.176282 -1.278217 0.000000
v 1.070427 -1.288779 0.060832
v 1.063335 -1.288138 0.000000
v 1.080031 -1.288897 0.089837
v 1.090001 -1.288906 0.104920
v 1.100000 -1.288906 0.113706
v 1.110000 -1.288906 0.120666
v 1.120000 -1.288906 0.126291
v 1.130000 -1.288906 0.127558
v 1.140000 -1.288906 0.121887
v 1.149999 -1.288906 0.112523
v 1.159975 -1.288906 0.099045
v 1.169627 -1.288915 0.072437
v 1.176838 -1.289022 0.000000
v 1.071009 -1.299239 0.000000
v 1.064659 -1.295712 0.000000
v 1.080124 -1.300199 0.064862
v 1.090008 -1.300307 0.092981
v 1.100000 -1.300312 0.107437
v 1.110000 -1.300313 0.117420
v 1.120000 -1.300313 0.125393
v 1.130000 -1.300313 0.129083
v 1.140000 -1.300313 0.124343
v 1.150000 -1.300313 0.114930
v 1.159996 -1.300314 0.101934
v 1.169918 -1.300350 0.077789
v 1.179119 -1.300852 0.000000
v 1.080831 -1.311130 0.000000
v 1.074060 -1.307143 0.000000
v 1.090082 -1.311675 0.076049
v 1.100004 -1.311716 0.100070
v 1.110000 -1.311719 0.112009
v 1.120000 -1.311719 0.119256
v 1.130000 -1.311719 0.123872
v 1.140000 -1.311719 0.123625
v 1.150000 -1.311719 0.117342
v 1.159999 -1.311719 0.107339
v 1.169971 -1.311723 0.091944
v 1.179583 -1.311809 0.061306
v 1.185360 -1.304839 0.000000
v 1.186670 -1.312482 0.000000
v 1.090427 -1.322994 0.060776
v 1.083332 -1.322356 0.000000
v 1.100030 -1.323091 0.089164
v 1.110002 -1.323121 0.101580
v 1.120000 -1.323125 0.109185
v 1.130000 -1.323125 0.115660
v 1.140000 -1.323125 0.120325
v 1.150000 -1.323125 0.119626
v 1.160000 -1.323125 0.112661
v 1.169996 -1.323127 0.100313
v 1.179919 -1.323167 0.076084
v 1.189173 -1.323713 0.000000
v 1.091008 -1.333382 0.000000
v 1.084659 -1.329925 0.000000
v 1.100115 -1.334044 0.061118
v 1.110039 -1.334438 0.077288
v 1.120005 -1.334524 0.093796
v 1.130000 -1.334531 0.106049
v 1.140000 -1.334531 0.114445
v 1.150000 -1.334531 0.118643
v 1.160000 -1.334531 0.115550
v 1.170000 -1.334531 0.107095
v 1.179994 -1.334537 0.093021
v 1.189910 -1.334634 0.065552
v 1.196006 -1.327680 0.000000
v 1.199481 -1.335475 0.000000
v 1.100674 -1.342137 0.000000
v 1.094039 -1.340623 0.000000
v 1.110515 -1.344994 0.000000
v 1.120090 -1.345835 0.065584
v 1.130006 -1.345931 0.093001
v 1.140000 -1.345936 0.106702
v 1.150000 -1.345937 0.113909
v 1.160000 -1.345937 0.115587
v 1.170000 -1.345937 0.112318
v 1.180000 -1.345938 0.105313
v 1.189995 -1.345945 0.093334
v 1.199938 -1.346030 0.075944
v 1.209237 -1.338328 0.000000
v 1.209539 -1.346400 0.057018
v 1.215321 -1.339798 0.000000
v 1.216245 -1.346753 0.000000
v 0.334677 -1.351266 0.000000
v 0.340720 -1.350219 0.000000
v 0.340460 -1.357832 0.053939
v 0.333773 -1.358093 0.000000
v 0.350064 -1.350024 0.000000
v 0.350030 -1.357800 0.067454
v 0.360003 -1.350005 0.000000
v 0.360002 -1.357822 0.070281
v 0.370000 -1.350004 0.000000
v 0.370000 -1.357826 0.073079
v 0.380000 -1.350004 0.000000
v 0.380000 -1.357826 0.075071
v 0.389997 -1.350005 0.000000
v 0.390000 -1.357826 0.075537
v 0.399942 -1.350025 0.000000
v 0.399995 -1.357829 0.073549
v 0.409374 -1.350222 0.000000
v 0.409924 -1.357878 0.061422
v 0.416035 -1.351296 0.000000
v 0.419527 -1.358353 0.000000
v 0.744703 -1.351162 0.000000
v 0.750724 -1.350177 0.000000
v 0.750496 -1.357403 0.041313
v 0.743946 -1.357350 0.000000
v 0.760065 -1.350019 0.000000
v 0.760065 -1.357732 0.054110
v 0.770003 -1.350003 0.000000
v 0.770005 -1.357790 0.065860
v 0.780000 -1.350003 0.000000
v 0.780000 -1.357798 0.069424
v 0.790000 -1.350004 0.000000
v 0.790001 -1.357822 0.070457
v 0.800000 -1.350004 0.000000
v 0.800000 -1.357826 0.073088
v 0.810000 -1.350004 0.000000
v 0.810000 -1.357826 0.075078
v 0.819997 -1.350005 0.000000
v 0.820000 -1.357826 0.075549
v 0.829942 -1.350025 0.000000
v 0.829995 -1.357829 0.073563
v 0.839374 -1.350222 0.000000
v 0.839924 -1.357878 0.061432
v 0.846035 -1.351296 0.000000
v 0.849530 -1.358352 0.000000
v 1.120827 -1.356751 0.000000
v 1.113993 -1.352789 0.000000
v 1.130081 -1.357273 0.075274
v 1.140004 -1.357314 0.095792
v 1.150001 -1.357339 0.103218
v 1.160000 -1.357343 0.108512
v 1.170000 -1.357344 0.111833
v 1.180000 -1.357344 0.111438
v 1.189999 -1.357344 0.106141
v 1.199971 -1.357348 0.095161
v 1.209575 -1.357375 0.071215
v 1.216417 -1.357416 0.000000
v 0.340460 -1.368266 0.053964
v 0.333773 -1.368001 0.000000
v 0.350033 -1.368356 0.067834
v 0.360034 -1.368691 0.073241
v 0.370005 -1.368773 0.086796
v 0.380000 -1.368781 0.096421
v 0.390000 -1.368781 0.100147
v 0.400000 -1.368781 0.100099
v 0.409996 -1.368786 0.092927
v 0.419967 -1.368844 0.079570
v 0.429899 -1.360950 0.000000
v 0.429992 -1.369176 0.074086
v 0.439371 -1.361584 0.000000
v 0.439922 -1.369282 0.061423
v 0.446031 -1.362700 0.000000
v 0.449486 -1.369774 0.000000
v 0.750766 -1.364997 0.000000
v 0.744707 -1.363593 0.000000
v 0.760518 -1.367758 0.000000
v 0.770078 -1.368250 0.057064
v 0.780008 -1.368355 0.068273
v 0.790033 -1.368691 0.073272
v 0.800004 -1.368774 0.086822
v 0.810000 -1.368781 0.096583
v 0.820000 -1.368781 0.100338
v 0.830000 -1.368781 0.100302
v 0.839996 -1.368786 0.093054
v 0.849967 -1.368844 0.079783
v 0.859953 -1.360930 0.000000
v 0.859996 -1.369173 0.076074
v 0.869934 -1.361387 0.000000
v 0.869970 -1.369231 0.072257
v 0.879280 -1.361625 0.000000
v 0.879542 -1.369272 0.056572
v 0.885324 -1.362677 0.000000
v 0.886247 -1.369572 0.000000
v 1.130406 -1.368228 0.057105
v 1.123329 -1.367880 0.000000
v 1.140030 -1.368325 0.072834
v 1.150034 -1.368660 0.079413
v 1.160005 -1.368742 0.093853
v 1.170000 -1.368749 0.104984
v 1.180000 -1.368749 0.110364
v 1.189999 -1.368749 0.108712
v 1.199973 -1.368749 0.098855
v 1.209577 -1.368750 0.073454
v 1.216433 -1.368750 0.000000
v 0.340723 -1.375919 0.000000
v 0.334677 -1.374831 0.000000
v 0.350107 -1.376555 0.000000
v 0.360475 -1.379225 0.000000
v 0.370098 -1.380020 0.064416
v 0.380008 -1.380148 0.089920
v 0.390000 -1.380157 0.102725
v 0.400000 -1.380157 0.108418
v 0.410000 -1.380157 0.107624
v 0.419999 -1.380161 0.104309
v 0.430000 -1.380185 0.101213
v 0.439996 -1.380192 0.092916
v 0.449962 -1.380254 0.077209
v 0.459326 -1.372554 0.000000
v 0.459885 -1.380643 0.061114
v 0.465961 -1.374065 0.000000
v 0.468992 -1.381306 0.000000
v 0.770629 -1.375917 0.000000
v 0.763969 -1.374802 0.000000
v 0.780102 -1.376555 0.000000
v 0.790474 -1.379229 0.000000
v 0.800088 -1.380057 0.064873
v 0.810006 -1.380152 0.091912
v 0.820000 -1.380157 0.104448
v 0.830000 -1.380157 0.109997
v 0.840000 -1.380157 0.108578
v 0.849999 -1.380161 0.104606
v 0.859999 -1.380184 0.101641
v 0.869973 -1.380188 0.094214
v 0.879578 -1.380191 0.071151
v 0.886455 -1.380231 0.000000
v 1.130717 -1.375918 0.000000
v 1.124617 -1.374822 0.000000
v 1.140107 -1.376554 0.000000
v 1.150475 -1.379223 0.000000
v 1.160098 -1.380015 0.065114
v 1.170008 -1.380118 0.090269
v 1.180000 -1.380125 0.100219
v 1.189999 -1.380125 0.100908
v 1.199972 -1.380125 0.094107
v 1.209575 -1.380122 0.071106
v 1.216417 -1.380084 0.000000
v 0.370942 -1.390487 0.000000
v 0.364009 -1.386938 0.000000
v 0.380121 -1.391449 0.064909
v 0.390007 -1.391557 0.092681
v 0.400000 -1.391562 0.106302
v 0.410000 -1.391562 0.113103
v 0.420000 -1.391563 0.115494
v 0.430000 -1.391564 0.113848
v 0.440000 -1.391564 0.108736
v 0.449998 -1.391567 0.101496
v 0.459970 -1.391597 0.089142
v 0.469573 -1.391693 0.060772
v 0.475341 -1.384763 0.000000
v 0.476668 -1.392331 0.000000
v 0.800814 -1.391022 0.000000
v 0.793989 -1.387012 0.000000
v 0.810079 -1.391525 0.077817
v 0.820004 -1.391561 0.101423
v 0.830000 -1.391562 0.112633
v 0.840000 -1.391562 0.116934
v 0.850000 -1.391563 0.116172
v 0.859999 -1.391564 0.111073
v 0.869975 -1.391564 0.099805
v 0.879629 -1.391567 0.074191
v 0.886856 -1.391616 0.000000
v 1.160941 -1.390407 0.000000
v 1.154009 -1.386932 0.000000
v 1.170109 -1.391016 0.060813
v 1.180006 -1.391077 0.073527
v 1.189999 -1.391080 0.075372
v 1.199970 -1.391078 0.072213
v 1.209542 -1.391040 0.056570
v 1.216245 -1.390741 0.000000
v 0.380831 -1.402380 0.000000
v 0.374055 -1.398392 0.000000
v 0.390081 -1.402926 0.076060
v 0.400004 -1.402967 0.100217
v 0.410000 -1.402969 0.112200
v 0.420000 -1.402969 0.118718
v 0.430000 -1.402969 0.119944
v 0.440000 -1.402969 0.116962
v 0.450000 -1.402969 0.111159
v 0.459996 -1.402971 0.099747
v 0.469918 -1.403013 0.075951
v 0.479169 -1.403558 0.000000
v 0.810373 -1.402960 0.072438
v 0.803158 -1.402853 0.000000
v 0.820025 -1.402969 0.098969
v 0.830001 -1.402969 0.111929
v 0.840000 -1.402969 0.118953
v 0.850000 -1.402969 0.119783
v 0.860000 -1.402969 0.113679
v 0.869996 -1.402970 0.101712
v 0.879917 -1.403006 0.077858
v 0.889116 -1.403505 0.000000
v 1.170631 -1.398682 0.000000
v 1.164030 -1.397588 0.000000
v 1.180058 -1.398881 0.000000
v 1.190000 -1.398900 0.000000
v 1.199937 -1.398881 0.000000
v 1.209280 -1.398686 0.000000
v 1.215324 -1.397635 0.000000
v 0.390417 -1.414283 0.061272
v 0.383330 -1.413612 0.000000
v 0.400028 -1.414369 0.091684
v 0.410001 -1.414374 0.106290
v 0.420000 -1.414374 0.113856
v 0.430000 -1.414374 0.116334
v 0.440000 -1.414374 0.115569
v 0.450000 -1.414374 0.112170
v 0.460000 -1.414374 0.104712
v 0.469993 -1.414380 0.091771
v 0.479876 -1.414487 0.064284
v 0.485940 -1.407545 0.000000
v 0.488991 -1.415448 0.000000
v 0.810466 -1.414286 0.060799
v 0.803718 -1.413658 0.000000
v 0.820031 -1.414369 0.091537
v 0.830001 -1.414374 0.106244
v 0.840000 -1.414374 0.113828
v 0.850000 -1.414374 0.115772
v 0.860000 -1.414374 0.112495
v 0.869999 -1.414374 0.104755
v 0.879969 -1.414379 0.090905
v 0.889531 -1.414461 0.060550
v 0.895302 -1.407492 0.000000
v 0.896242 -1.415086 0.000000
v 0.390894 -1.425190 0.000000
v 0.384641 -1.421251 0.000000
v 0.400084 -1.425710 0.075120
v 0.410004 -1.425748 0.095642
v 0.420000 -1.425750 0.102161
v 0.430000 -1.425750 0.103640
v 0.440000 -1.425750 0.103622
v 0.450000 -1.425750 0.102791
v 0.460000 -1.425750 0.100654
v 0.469999 -1.425750 0.096395
v 0.479970 -1.425759 0.084377
v 0.489573 -1.425877 0.057544
v 0.495340 -1.418973 0.000000
v 0.496663 -1.426506 0.000000
v 0.810898 -1.425190 0.000000
v 0.804696 -1.421255 0.000000
v 0.820084 -1.425710 0.075111
v 0.830004 -1.425748 0.095638
v 0.840000 -1.425750 0.102151
v 0.850000 -1.425750 0.103495
v 0.860000 -1.425750 0.102732
v 0.869999 -1.425750 0.099987
v 0.879972 -1.425750 0.092475
v 0.889573 -1.425753 0.069105
v 0.896398 -1.425775 0.000000
v 0.400406 -1.436662 0.057068
v 0.393332 -1.436317 0.000000
v 0.410027 -1.436703 0.072386
v 0.420001 -1.436705 0.075703
v 0.430000 -1.436705 0.076160
v 0.440000 -1.436705 0.076179
v 0.450000 -1.436705 0.076080
v 0.460000 -1.436705 0.075774
v 0.470000 -1.436705 0.074879
v 0.479996 -1.436707 0.070573
v 0.489912 -1.436746 0.053879
v 0.499059 -1.437229 0.000000
v 0.574607 -1.431036 0.000000
v 0.580000 -1.430229 0.000000
v 0.580000 -1.437188 0.029247
v 0.573899 -1.437188 0.000000
v 0.585393 -1.431036 0.000000
v 0.586101 -1.437188 0.000000
v 0.820406 -1.436662 0.057068
v 0.813332 -1.436317 0.000000
v 0.830027 -1.436703 0.072385
v 0.840001 -1.436705 0.075703
v 0.850000 -1.436705 0.076145
v 0.860000 -1.436705 0.076055
v 0.869999 -1.436705 0.075433
v 0.879970 -1.436703 0.072037
v 0.889542 -1.436666 0.056408
v 0.896244 -1.436369 0.000000
v 0.400715 -1.444311 0.000000
v 0.394618 -1.443257 0.000000
v 0.410063 -1.444507 0.000000
v 0.420003 -1.444526 0.000000
v 0.430000 -1.444528 0.000000
v 0.440000 -1.444528 0.000000
v 0.450000 -1.444528 0.000000
v 0.460000 -1.444528 0.000000
v 0.470000 -1.444528 0.000000
v 0.479997 -1.444527 0.000000
v 0.489930 -1.444516 0.000000
v 0.499207 -1.444458 0.000000
v 0.505002 -1.440531 0.000000
v 0.505021 -1.444282 0.000000
v 0.580000 -1.444147 0.000000
v 0.574607 -1.443339 0.000000
v 0.585393 -1.443339 0.000000
v 0.820715 -1.444311 0.000000
v 0.814618 -1.443257 0.000000
v 0.830063 -1.444507 0.000000
v 0.840003 -1.444526 0.000000
v 0.850000 -1.444528 0.000000
v 0.860000 -1.444528 0.000000
v 0.869997 -1.444526 0.000000
v 0.879936 -1.444507 0.000000
v 0.889280 -1.444311 0.000000
v 0.895324 -1.443260 0.000000
f 526 571 572 527
f 3748 3776 3775 3747
f 3589 3628 3629 3590
f 2808 2832 2833 2810
f 3692 3717 3718 3693
f 3740 3768 3769 3741
f 3686 3711 3712 3687
f 1711 1766 1767 1712
f 1865 1867 1866 1803
f 3688 3713 3714 3689
f 12 34 35 14
f 27 28 30 29
f 3753 3780 3781 3754
f 10 33 34 12
f 1804 1869 1870 1805
f 1834 1892 1893 1835
f 19 20 22 21
f 1882 1932 1933 1883
f 3445 3457 3459 3458
f 3743 3771 3772 3744
f 473 519 520 474
f 151 160 159 150
f 3117 3137 3138 3118
f 8 31 32 7
f 2990 3014 3015 2991
f 5 8 7 6
f 1861 1914 1915 1862
f 1866 1920 1921 1868
f 2027 2062 2063 2028
f 3699 3725 3726 3700
f 1788 1852 1853 1789
f 661 699 701 700
f 3520 3569 3568 3522
f 3737 3765 3766 3738
f 3667 3697 3696 3666
f 43 44 46 45
f 1010 1059 1061 1060
f 3758 3785 3786 3759
f 24 40 42 41
f 355 392 391 357
f 2777 2811 2813 2779
f 30 49 50 31
f 31 50 51 32
f 75 89 90 76
f 1849 1904 1905 1850
f 231 250 251 232
f 13 14 16 15
f 2163 2205 2206 2164
f 3683 3708 3710 3685
f 16 36 37 18
f 1734 1786 1787 1735
f 105 119 120 106
f 2816 2843 2844 2817
f 1377 1421 1422 1379
f 37 56 57 38
f 3757 3784 3785 3758
f 3751 3778 3780 3753
f 77 91 92 78
f 3 25 28 27
f 986 989 988 987
f 63 64 66 65
f 2770 2803 2802 2772
f 408 456 457 409
f 98 112 114 100
f 961 962 964 903
f 84 98 100 85
f 61 78 79 62
f 1915 1962 1963 1916
f 39 58 59 40
f 1836 1894 1895 1837
f 2959 2986 2988 2961
f 317 351 352 318
f 1922 1972 1973 1923
f 53 70 71 54
f 54 71 72 55
f 15 16 18 17
f 56 73 74 57
f 1174 1207 1209 1176
f 147 157 158 148
f 99 113 112 98
f 303 335 336 304
f 21 22 24 23
f 78 92 93 79
f 3702 3728 3729 3703
f 1953 1998 1999 1954
f 425 473 474 426
f 2825 2851 2852 2827
f 3696 3722 3724 3698
f 1947 1949 1948 1901
f 3747 3775 3777 3750
f 80 94 95 81
f 69 82 84 70
f 194 213 214 195
f 157 166 167 158
f 116 130 131 117
f 3456 3469 3470 3457
f 94 109 110 95
f 3069 3089 3090 3070
f 1820 1881 1882 1822
f 453 500 501 454
f 1889 1939 1940 1890
f 2817 2844 2845 2818
f 3396 3409 3410 3397
f 86 101 102 87
f 79 93 94 80
f 104 118 119 105
f 2453 2512 2514 2455
f 219 238 239 220
f 131 143 144 132
f 62 79 80 64
f 88 103 104 89
f 3440 3452 3453 3441
f 273 299 300 274
f 1881 1931 1932 1882
f 375 413 414 376
f 203 204 206 205
f 6 7 10 9
f 103 117 118 104
f 64 80 81 66
f 229 248 249 230
f 106 120 121 107
f 1955 2000 2001 1956
f 3731 3759 3760 3732
f 3759 3786 3787 3760
f 511 558 559 512
f 170 179 181 172
f 1873 1926 1927 1875
f 135 147 148 136
f 118 132 133 119
f 3615 3648 3649 3616
f 3654 3684 3683 3656
f 605 652 653 606
f 163 173 174 164
f 2793 2820 2822 2794
f 133 145 146 134
f 142 152 153 143
f 119 133 134 120
f 838 881 882 839
f 283 312 314 285
f 82 99 98 84
f 172 181 182 173
f 339 376 377 340
f 1931 1978 1980 1932
f 87 102 103 88
f 325 326 328 327
f 905 967 968 906
f 1962 2007 2008 1963
f 93 108 109 94
f 158 167 169 168
f 1890 1940 1941 1891
f 128 139 141 129
f 2375 2376 2379 2378
f 455 502 503 456
f 74 88 89 75
f 50 68 67 51
f 150 159 161 152
f 20 38 39 22
f 2012 2045 2046 2013
f 1552 1607 1608 1555
f 195 214 215 196
f 107 121 122 108
f 126 140 139 128
f 1000 1050 1051 1001
f 67 83 82 69
f 165 175 176 166
f 1954 1999 2000 1955
f 978 1033 1034 979
f 159 171 170 161
f 2866 2892 2893 2867
f 2023 2059 2060 2025
f 929 991 992 931
f 1905 1954 1955 1906
f 184 193 194 185
f 183 192 193 184
f 9 10 12 11
f 52 69 70 53
f 2011 2044 2045 2012
f 197 200 199 198
f 4 26 25 3
f 2374 2377 2376 2375
f 33 52 53 34
f 397 398 400 399
f 3670 3700 3701 3671
f 91 106 107 92
f 182 191 192 183
f 1253 1295 1296 1254
f 957 1009 1010 959
f 176 185 186 177
f 250 269 270 251
f 913 975 976 914
f 3499 3549 3548 3498
f 206 220 222 221
f 136 148 149 137
f 917 979 980 918
f 3136 3154 3155 3137
f 235 253 252 234
f 705 743 744 706
f 221 222 224 223
f 1971 2014 2015 1972
f 199 216 218 202
f 114 128 129 115
f 435 481 482 437
f 244 263 265 246
f 189 208 207 188
f 222 240 241 224
f 191 210 211 192
f 2810 2833 2835 2834
f 2213 2214 2216 2215
f 485 486 488 487
f 173 182 183 174
f 2889 2920 2922 2888
f 214 231 232 215
f 167 177 178 169
f 1916 1963 1965 1964
f 3725 3753 3754 3726
f 441 484 486 485
f 101 115 116 102
f 599 646 647 600
f 198 199 202 201
f 95 110 111 97
f 216 236 237 218
f 3397 3410 3411 3398
f 330 365 367 329
f 1937 1985 1986 1938
f 2857 2880 2881 2858
f 134 146 147 135
f 248 267 268 249
f 3710 3733 3735 3711
f 2013 2046 2047 2014
f 1069 1118 1119 1070
f 291 294 293 292
f 292 293 296 295
f 139 151 150 141
f 1921 1971 1972 1922
f 2849 2873 2874 2850
f 1900 1950 1951 1902
f 239 257 258 240
f 357 391 393 358
f 515 563 562 517
f 517 562 564 518
f 695 734 733 694
f 237 255 256 238
f 14 35 36 16
f 204 219 220 206
f 264 284 283 263
f 217 234 236 216
f 1465 1511 1512 1466
f 300 332 333 301
f 1913 1959 1961 1914
f 269 289 290 270
f 246 265 266 247
f 2002 2035 2036 2003
f 256 275 276 257
f 2046 2080 2081 2047
f 314 348 349 315
f 2155 2197 2198 2156
f 123 137 138 124
f 224 241 243 242
f 285 314 315 286
f 1229 1264 1265 1230
f 678 717 719 677
f 307 339 340 309
f 2042 2076 2077 2043
f 277 303 304 278
f 1074 1123 1124 1075
f 279 305 306 280
f 144 154 155 145
f 3342 3357 3359 3358
f 587 634 635 588
f 154 163 164 155
f 245 264 263 244
f 271 297 299 273
f 294 323 322 293
f 1159 1193 1194 1160
f 1940 1988 1989 1941
f 953 1007 1008 955
f 581 628 629 583
f 743 789 790 744
f 90 105 106 91
f 286 315 316 287
f 247 266 267 248
f 146 156 157 147
f 499 546 547 500
f 2034 2069 2070 2035
f 254 273 274 255
f 288 317 318 289
f 312 346 348 314
f 2274 2330 2331 2275
f 977 1032 1033 978
f 815 861 862 814
f 211 228 229 212
f 2865 2891 2892 2866
f 171 180 179 170
f 1026 1076 1077 1027
f 1930 1979 1978 1931
f 1924 1974 1975 1925
f 3126 3145 3147 3146
f 643 691 692 644
f 85 100 101 86
f 823 870 871 824
f 301 333 334 302
f 92 107 108 93
f 1454 1496 1497 1455
f 233 235 234 217
f 1401 1447 1448 1400
f 333 370 371 334
f 2075 2113 2114 2076
f 311 341 343 342
f 360 361 363 362
f 3575 3617 3618 3576
f 889 932 933 890
f 155 164 165 156
f 318 352 353 319
f 343 379 380 345
f 3255 3261 3263 3262
f 465 512 513 466
f 349 385 386 350
f 1879 1928 1930 1880
f 350 386 387 351
f 341 378 379 343
f 76 90 91 77
f 328 359 361 360
f 696 735 736 697
f 394 431 432 395
f 379 417 418 380
f 380 418 419 382
f 309 340 341 311
f 2059 2097 2098 2060
f 359 394 395 361
f 296 324 326 325
f 2168 2222 2223 2170
f 1525 1576 1577 1526
f 2033 2068 2069 2034
f 2074 2112 2113 2075
f 2850 2874 2875 2851
f 351 387 388 352
f 1872 1925 1926 1873
f 779 780 782 781
f 781 782 784 783
f 919 981 982 920
f 253 272 271 252
f 1996 2029 2030 1997
f 319 353 354 321
f 544 590 591 545
f 457 504 505 458
f 1993 2025 2026 1992
f 2913 2914 2916 2915
f 366 402 404 365
f 368 406 407 369
f 404 452 453 405
f 358 393 394 359
f 482 530 531 483
f 403 449 451 402
f 392 429 428 391
f 1969 2012 2013 1970
f 1685 1738 1739 1686
f 2881 2908 2909 2882
f 3704 3730 3731 3705
f 326 358 359 328
f 255 274 275 256
f 1956 2001 2002 1957
f 2615 2669 2670 2616
f 803 852 853 804
f 829 875 876 831
f 999 1048 1050 1000
f 365 404 405 367
f 262 280 282 281
f 132 144 145 133
f 448 450 449 403
f 1318 1355 1356 1319
f 449 497 498 451
f 331 368 369 332
f 2873 2899 2900 2874
f 2107 2146 2147 2108
f 383 420 422 385
f 400 435 437 436
f 213 230 231 214
f 444 489 491 447
f 438 439 441 440
f 415 463 464 416
f 376 414 415 377
f 2960 2987 2986 2959
f 466 513 514 467
f 1025 1075 1076 1026
f 186 195 196 187
f 108 122 123 109
f 821 868 869 822
f 421 469 468 420
f 413 461 462 414
f 2106 2145 2146 2107
f 1079 1128 1129 1080
f 373 411 412 374
f 1829 1887 1888 1830
f 1565 1618 1619 1566
f 459 506 507 460
f 2098 2137 2138 2099
f 122 136 137 123
f 422 470 471 423
f 431 477 478 432
f 304 336 337 305
f 1389 1432 1433 1390
f 891 934 935 892
f 226 245 244 225
f 340 377 378 341
f 243 260 262 261
f 2091 2130 2131 2090
f 423 471 472 424
f 152 161 162 153
f 773 774 776 775
f 1001 1051 1052 1002
f 527 572 573 528
f 454 501 502 455
f 391 428 430 393
f 3623 3654 3656 3624
f 3684 3709 3708 3683
f 795 839 840 796
f 1167 1201 1202 1168
f 893 936 937 894
f 445 490 489 444
f 430 475 477 431
f 1970 2013 2014 1971
f 3023 3048 3049 3024
f 2773 2804 2805 2774
f 1017 1067 1068 1018
f 218 237 238 219
f 1457 1458 1460 1415
f 406 454 455 407
f 1775 1842 1843 1776
f 180 189 188 179
f 498 545 546 499
f 463 510 511 464
f 1058 1105 1106 1059
f 2612 2666 2667 2613
f 2613 2667 2668 2614
f 669 708 709 670
f 2001 2034 2035 2002
f 508 555 556 509
f 461 508 509 462
f 2139 2180 2181 2140
f 535 536 538 537
f 2324 2381 2382 2326
f 2187 2239 2240 2188
f 3538 3585 3586 3539
f 965 1020 1021 966
f 2969 2993 2995 2970
f 227 246 247 228
f 478 526 527 479
f 164 174 175 165
f 432 478 479 433
f 3229 3233 3235 3230
f 969 1024 1025 970
f 501 548 549 502
f 502 549 550 503
f 503 550 551 504
f 3481 3534 3535 3483
f 1231 1266 1267 1232
f 531 576 577 532
f 477 525 526 478
f 2123 2164 2165 2124
f 495 540 542 494
f 2068 2106 2107 2069
f 230 249 250 231
f 554 600 601 555
f 266 286 287 267
f 2921 2950 2951 2920
f 493 494 496 450
f 518 564 565 519
f 504 551 552 505
f 2133 2174 2175 2134
f 528 573 574 529
f 389 426 427 390
f 548 594 595 549
f 510 557 558 511
f 471 517 518 472
f 2092 2093 2094 2057
f 102 116 117 103
f 1043 1093 1094 1044
f 1029 1079 1080 1030
f 2905 2939 2938 2907
f 275 301 302 276
f 486 533 534 488
f 407 455 456 408
f 584 586 585 541
f 3133 3151 3152 3134
f 265 285 286 266
f 2025 2060 2061 2026
f 1303 1335 1336 1304
f 525 570 571 526
f 414 462 463 415
f 263 283 285 265
f 536 580 581 538
f 571 618 619 572
f 634 682 683 635
f 2897 2929 2931 2899
f 549 595 596 550
f 278 304 305 279
f 3718 3742 3743 3719
f 512 559 560 513
f 2277 2333 2334 2278
f 2017 2050 2051 2018
f 580 627 628 581
f 267 287 288 268
f 22 39 40 24
f 3046 3068 3069 3047
f 456 503 504 457
f 2309 2364 2365 2310
f 1107 1149 1150 1109
f 1125 1165 1166 1126
f 2210 2211 2214 2213
f 565 611 612 566
f 3125 3144 3145 3126
f 241 259 260 243
f 3552 3598 3599 3553
f 2009 2042 2043 2010
f 1367 1404 1405 1368
f 557 603 604 558
f 3736 3764 3765 3737
f 2066 2104 2105 2067
f 2108 2147 2148 2109
f 3387 3401 3402 3388
f 618 662 664 619
f 603 650 651 604
f 2162 2204 2205 2163
f 533 578 579 534
f 3532 3579 3581 3534
f 828 829 831 830
f 560 606 607 561
f 1878 1929 1928 1879
f 2405 2467 2468 2407
f 298 330 329 297
f 476 524 523 475
f 162 172 173 163
f 550 596 597 551
f 2614 2668 2669 2615
f 592 639 640 593
f 1171 1205 1206 1172
f 1205 1238 1239 1206
f 2929 2960 2959 2931
f 315 349 350 316
f 2084 2122 2123 2085
f 577 624 625 578
f 290 319 321 320
f 1447 1490 1491 1448
f 589 636 637 590
f 2505 2561 2562 2506
f 468 516 515 470
f 608 655 657 610
f 2446 2507 2508 2447
f 1091 1137 1138 1092
f 507 554 555 508
f 1425 1469 1470 1426
f 677 719 720 679
f 636 684 685 637
f 600 647 648 601
f 543 589 590 544
f 1814 1878 1879 1816
f 1057 1104 1105 1058
f 1269 1300 1302 1270
f 2186 2238 2239 2187
f 613 660 661 615
f 2203 2256 2257 2204
f 2977 3002 3003 2978
f 568 617 616 570
f 1062 1064 1063 1014
f 1235 1270 1271 1236
f 993 1046 1047 994
f 1503 1556 1557 1502
f 252 271 273 254
f 207 226 225 209
f 121 135 136 122
f 667 706 707 668
f 2961 2988 2989 2962
f 299 331 332 300
f 3284 3298 3299 3285
f 2922 2952 2953 2923
f 55 72 73 56
f 690 731 732 691
f 2097 2136 2137 2098
f 716 718 717 678
f 637 685 686 638
f 638 686 687 639
f 623 668 669 624
f 2140 2181 2182 2141
f 796 840 841 797
f 2733 2779 2780 2734
f 2953 2980 2981 2954
f 2290 2345 2346 2291
f 621 666 667 622
f 655 695 694 657
f 632 679 680 631
f 687 728 729 688
f 1347 1382 1383 1348
f 1333 1369 1370 1334
f 1591 1642 1644 1593
f 597 644 645 598
f 670 709 710 671
f 236 254 255 237
f 672 711 712 673
f 1439 1483 1484 1440
f 497 544 545 498
f 679 720 721 680
f 662 703 702 664
f 2124 2165 2166 2125
f 1295 1325 1326 1296
f 786 827 829 828
f 2089 2090 2093 2092
f 671 710 711 672
f 606 653 654 607
f 688 729 730 689
f 591 638 639 592
f 2893 2926 2927 2894
f 723 759 760 724
f 2945 2973 2974 2946
f 541 585 587 540
f 558 604 605 559
f 631 680 681 633
f 680 721 722 681
f 3462 3521 3520 3463
f 2227 2281 2282 2228
f 405 453 454 406
f 551 597 598 552
f 640 688 689 641
f 918 980 981 919
f 1435 1479 1480 1436
f 2049 2083 2084 2050
f 740 788 787 742
f 3712 3736 3737 3713
f 694 733 735 696
f 276 302 303 277
f 576 623 624 577
f 2479 2538 2539 2480
f 3554 3600 3601 3555
f 703 741 740 702
f 464 511 512 465
f 2052 2086 2087 2053
f 481 529 530 482
f 1445 1446 1447 1401
f 258 277 278 259
f 727 763 764 728
f 3103 3124 3125 3104
f 2041 2075 2076 2042
f 947 1002 1004 1003
f 268 288 289 269
f 2226 2280 2281 2227
f 718 754 753 717
f 775 776 778 777
f 712 750 751 713
f 112 126 128 114
f 770 818 819 771
f 755 803 804 756
f 1647 1696 1697 1649
f 675 678 677 676
f 2267 2270 2269 2268
f 735 767 769 736
f 711 749 750 712
f 3037 3060 3061 3038
f 3727 3755 3756 3728
f 378 416 417 379
f 2202 2255 2256 2203
f 685 726 727 686
f 742 787 789 743
f 2050 2084 2085 2051
f 2316 2369 2371 2318
f 3031 3056 3057 3033
f 1507 1561 1562 1508
f 1469 1515 1516 1470
f 2105 2144 2145 2106
f 3018 3043 3042 3017
f 316 350 351 317
f 2175 2228 2229 2176
f 1073 1122 1123 1074
f 370 408 409 371
f 620 665 666 621
f 726 762 763 727
f 760 808 809 761
f 1419 1463 1464 1420
f 1175 1208 1207 1174
f 702 740 742 704
f 744 790 791 745
f 1089 1135 1134 1088
f 364 366 365 330
f 635 683 684 636
f 387 424 425 388
f 1114 1154 1155 1115
f 751 797 798 752
f 720 756 757 721
f 1272 1304 1305 1273
f 1917 1919 1918 1867
f 2057 2094 2095 2056
f 1746 1794 1796 1747
f 749 795 796 750
f 1573 1624 1625 1574
f 2763 2799 2798 2764
f 767 816 817 769
f 1128 1168 1169 1129
f 2962 2989 2990 2963
f 113 127 126 112
f 1009 1058 1059 1010
f 3081 3101 3102 3082
f 789 832 834 790
f 2315 2317 2316 2263
f 3260 3276 3277 3261
f 834 878 877 835
f 284 313 312 283
f 774 821 822 776
f 2268 2269 2272 2271
f 1712 1767 1768 1713
f 3357 3371 3372 3359
f 827 874 875 829
f 3276 3290 3291 3277
f 371 409 410 372
f 806 855 856 807
f 847 848 849 801
f 784 826 827 786
f 2472 2531 2532 2473
f 1659 1714 1715 1660
f 402 451 452 404
f 805 854 855 806
f 513 560 561 514
f 1661 1716 1717 1662
f 1825 1826 1827 1760
f 797 841 842 798
f 2243 2299 2300 2245
f 791 835 836 792
f 816 863 864 817
f 2328 2384 2385 2329
f 822 869 870 823
f 814 862 863 816
f 757 805 806 758
f 2204 2257 2258 2205
f 1624 1677 1678 1625
f 914 976 977 915
f 2081 2119 2120 2082
f 900 903 902 901
f 709 747 748 710
f 840 883 884 841
f 1609 1665 1666 1610
f 411 459 460 412
f 1887 1937 1938 1888
f 867 912 913 868
f 837 880 881 838
f 782 825 826 784
f 799 801 800 754
f 824 871 872 825
f 848 890 891 849
f 3509 3554 3555 3511
f 2073 2111 2110 2072
f 1521 1571 1573 1522
f 901 902 904 860
f 710 748 749 711
f 719 755 756 720
f 792 836 837 793
f 2103 2142 2143 2104
f 1731 1783 1784 1732
f 1717 1772 1773 1718
f 443 444 447 446
f 559 605 606 560
f 728 764 765 729
f 2211 2264 2265 2214
f 257 276 277 258
f 2244 2298 2299 2243
f 864 909 910 865
f 839 882 883 840
f 733 768 767 735
f 954 955 957 956
f 2065 2103 2104 2066
f 948 951 950 949
f 869 914 915 870
f 3685 3710 3711 3686
f 907 969 970 908
f 1803 1866 1868 1802
f 566 612 613 567
f 928 930 929 888
f 2298 2353 2354 2299
f 861 906 907 862
f 2228 2282 2283 2229
f 1113 1153 1154 1114
f 1959 2004 2006 1961
f 944 945 947 946
f 141 150 152 142
f 460 507 508 461
f 846 887 889 845
f 888 929 931 887
f 509 556 557 510
f 1715 1770 1771 1716
f 450 496 497 449
f 3657 3685 3686 3658
f 845 889 890 848
f 2443 2504 2505 2444
f 2130 2171 2172 2131
f 872 917 918 873
f 437 482 483 439
f 1129 1169 1170 1130
f 1789 1853 1854 1790
f 2578 2635 2636 2579
f 234 252 254 236
f 1202 1235 1236 1203
f 903 964 965 902
f 3002 3023 3024 3003
f 475 523 525 477
f 1891 1941 1942 1892
f 434 480 481 435
f 249 268 269 250
f 115 129 130 116
f 843 846 845 844
f 3017 3042 3044 3019
f 949 950 953 952
f 910 972 973 911
f 2031 2066 2067 2032
f 1285 1315 1316 1286
f 925 985 984 926
f 887 931 932 889
f 3272 3288 3287 3274
f 539 541 540 495
f 2195 2248 2249 2196
f 863 908 909 864
f 902 965 966 904
f 1117 1157 1158 1118
f 1011 1014 1013 1012
f 451 498 499 452
f 2161 2203 2204 2162
f 873 918 919 874
f 2082 2120 2121 2083
f 1949 1992 1994 1948
f 1002 1052 1053 1004
f 972 1027 1028 973
f 941 999 1000 943
f 862 907 908 863
f 388 425 426 389
f 2300 2355 2356 2301
f 1021 1071 1072 1022
f 190 209 210 191
f 2121 2162 2163 2122
f 2346 2401 2402 2347
f 933 994 995 934
f 1154 1188 1189 1155
f 943 1000 1001 945
f 904 966 967 905
f 395 432 433 396
f 1963 2008 2009 1965
f 1019 1069 1070 1020
f 2111 2150 2152 2110
f 909 971 972 910
f 2355 2411 2412 2356
f 967 1022 1023 968
f 853 895 896 854
f 3073 3093 3094 3074
f 950 1006 1007 953
f 372 410 411 373
f 968 1023 1024 969
f 1325 1362 1363 1326
f 717 753 755 719
f 1039 1041 1040 989
f 2276 2332 2333 2277
f 1709 1765 1766 1711
f 545 591 592 546
f 1020 1070 1071 1021
f 973 1028 1029 974
f 982 1037 1038 983
f 975 1030 1031 976
f 992 1045 1046 993
f 1645 1694 1695 1646
f 1082 1131 1132 1083
f 2331 2387 2388 2332
f 1006 1055 1056 1007
f 627 672 673 628
f 976 1031 1032 977
f 699 738 739 701
f 334 371 372 335
f 1185 1218 1219 1186
f 3049 3071 3072 3050
f 322 355 357 324
f 990 1043 1044 991
f 951 1005 1006 950
f 912 974 975 913
f 877 923 922 879
f 2051 2085 2086 2052
f 2029 2064 2065 2030
f 2183 2235 2236 2184
f 1013 1065 1066 1016
f 966 1021 1022 967
f 871 916 917 872
f 880 924 925 881
f 3200 3207 3206 3202
f 529 574 575 530
f 870 915 916 871
f 412 460 461 413
f 2237 2289 2290 2238
f 736 769 770 737
f 1066 1115 1116 1067
f 1105 1147 1148 1106
f 3025 3050 3051 3026
f 472 518 519 473
f 494 542 543 496
f 1059 1106 1107 1061
f 1108 1109 1111 1110
f 1005 1054 1055 1006
f 2387 2447 2448 2388
f 1007 1056 1057 1008
f 2444 2505 2506 2445
f 971 1026 1027 972
f 2115 2156 2157 2116
f 538 581 583 582
f 981 1036 1037 982
f 2434 2435 2437 2377
f 1022 1072 1073 1023
f 3082 3102 3103 3083
f 1087 1088 1090 1041
f 2533 2588 2589 2534
f 1153 1187 1188 1154
f 2101 2140 2141 2102
f 2255 2310 2311 2256
f 274 300 301 275
f 1054 1101 1102 1055
f 436 437 439 438
f 1056 1103 1104 1057
f 2933 2962 2963 2934
f 2035 2070 2071 2036
f 530 575 576 531
f 2370 2425 2424 2369
f 547 593 594 548
f 2371 2426 2427 2372
f 1063 1113 1114 1065
f 2604 2658 2659 2605
f 2861 2883 2885 2884
f 1169 1203 1204 1170
f 794 838 839 795
f 1291 1321 1322 1292
f 1024 1074 1075 1025
f 3077 3097 3098 3078
f 2129 2168 2170 2128
f 3034 3059 3058 3036
f 505 552 553 506
f 2173 2226 2227 2174
f 940 998 997 939
f 1053 1100 1101 1054
f 1070 1119 1120 1071
f 1055 1102 1103 1056
f 2364 2420 2421 2365
f 2093 2132 2133 2094
f 3088 3110 3111 3089
f 1041 1090 1091 1040
f 1077 1126 1127 1078
f 1023 1073 1074 1024
f 1080 1129 1130 1081
f 3541 3588 3589 3543
f 2235 2287 2288 2236
f 1123 1163 1164 1124
f 1735 1787 1788 1736
f 523 568 570 525
f 1110 1111 1112 1064
f 2114 2155 2156 2115
f 1104 1146 1147 1105
f 3469 3527 3528 3470
f 297 329 331 299
f 570 616 618 571
f 2327 2383 2384 2328
f 1109 1150 1151 1111
f 1030 1080 1081 1031
f 492 495 494 493
f 2404 2406 2405 2351
f 1603 1659 1660 1602
f 1210 1245 1246 1211
f 2245 2300 2301 2246
f 1497 1542 1543 1499
f 2153 2195 2196 2154
f 1101 1143 1144 1102
f 1186 1219 1220 1187
f 1103 1145 1146 1104
f 1120 1160 1161 1121
f 38 57 58 39
f 974 1029 1030 975
f 1155 1189 1190 1156
f 1156 1190 1191 1157
f 1061 1107 1109 1108
f 2427 2486 2487 2428
f 1127 1167 1168 1128
f 1112 1152 1153 1113
f 374 412 413 375
f 2307 2362 2363 2308
f 2145 2186 2187 2146
f 3161 3177 3178 3162
f 989 1040 1042 988
f 1118 1158 1159 1119
f 428 476 475 430
f 1088 1134 1136 1090
f 302 334 335 303
f 161 170 172 162
f 2317 2370 2369 2316
f 2463 2464 2466 2406
f 579 626 627 580
f 1150 1184 1185 1151
f 1151 1185 1186 1152
f 1032 1082 1083 1033
f 1923 1973 1974 1924
f 1194 1227 1228 1195
f 2137 2178 2179 2138
f 1143 1177 1178 1144
f 2411 2472 2473 2412
f 2396 2454 2453 2395
f 3301 3304 3303 3302
f 1142 1176 1177 1143
f 1187 1220 1221 1188
f 3113 3133 3134 3114
f 1141 1174 1176 1142
f 1166 1200 1201 1167
f 1111 1151 1152 1112
f 1152 1186 1187 1153
f 1075 1124 1125 1076
f 2395 2453 2455 2397
f 602 649 650 603
f 1196 1229 1230 1197
f 1165 1199 1200 1166
f 1158 1192 1193 1159
f 1031 1081 1082 1032
f 1176 1209 1210 1177
f 3308 3321 3322 3309
f 641 689 690 642
f 2381 2441 2442 2382
f 3097 3119 3120 3098
f 563 609 608 562
f 1126 1166 1167 1127
f 879 922 924 880
f 2380 2440 2441 2381
f 1278 1279 1282 1281
f 2291 2346 2347 2292
f 594 641 642 595
f 2487 2546 2547 2488
f 1189 1222 1223 1190
f 1192 1225 1226 1193
f 1184 1217 1218 1185
f 567 613 615 614
f 1598 1651 1650 1597
f 881 925 926 882
f 1099 1141 1142 1100
f 3089 3111 3112 3090
f 1181 1214 1215 1182
f 1086 1089 1088 1087
f 604 651 652 605
f 1160 1194 1195 1161
f 1510 1564 1565 1511
f 2475 2534 2535 2476
f 1869 1922 1923 1870
f 1228 1263 1264 1229
f 1149 1183 1184 1150
f 942 943 945 944
f 2178 2231 2232 2179
f 3066 3085 3087 3067
f 2507 2563 2564 2508
f 89 104 105 90
f 2469 2528 2529 2470
f 2458 2517 2518 2459
f 306 338 339 307
f 574 621 622 575
f 1215 1250 1251 1216
f 2492 2493 2495 2494
f 750 796 797 751
f 1274 1306 1307 1276
f 1065 1114 1115 1066
f 2551 2608 2609 2552
f 611 658 659 612
f 2579 2636 2637 2580
f 780 824 825 782
f 1213 1248 1249 1214
f 1282 1312 1313 1283
f 2182 2233 2235 2183
f 1422 1466 1467 1423
f 2110 2152 2153 2112
f 1251 1293 1294 1252
f 2442 2503 2504 2443
f 1237 1272 1273 1238
f 1238 1273 1274 1239
f 1183 1216 1217 1184
f 1208 1241 1243 1207
f 2843 2867 2868 2844
f 2539 2594 2595 2540
f 2225 2279 2280 2226
f 1124 1164 1165 1125
f 595 642 643 596
f 2755 2793 2794 2756
f 2146 2187 2188 2147
f 1232 1267 1268 1233
f 3121 3140 3142 3123
f 1245 1287 1288 1246
f 1198 1231 1232 1199
f 524 569 568 523
f 2420 2481 2482 2421
f 2390 2450 2451 2391
f 417 465 466 418
f 2623 2675 2674 2622
f 1256 1298 1299 1257
f 1239 1274 1276 1275
f 1370 1407 1406 1371
f 2541 2596 2598 2597
f 1505 1559 1560 1506
f 1277 1280 1279 1278
f 1218 1253 1254 1219
f 1271 1303 1304 1272
f 1248 1290 1291 1249
f 2806 2831 2832 2808
f 1542 1595 1596 1543
f 2169 2221 2222 2168
f 1300 1333 1334 1302
f 1221 1256 1257 1222
f 2499 2555 2556 2500
f 500 547 548 501
f 1216 1251 1252 1217
f 1168 1202 1203 1169
f 2710 2758 2760 2759
f 1157 1191 1192 1158
f 2506 2562 2563 2507
f 1254 1296 1297 1255
f 1287 1317 1318 1288
f 1040 1091 1092 1042
f 3123 3142 3143 3124
f 2603 2657 2658 2604
f 2719 2767 2768 2720
f 997 1049 1048 999
f 1288 1318 1319 1289
f 1294 1324 1325 1295
f 725 761 762 726
f 1279 1311 1312 1282
f 2596 2653 2654 2598
f 1950 1995 1996 1951
f 345 380 382 381
f 1323 1360 1361 1324
f 3153 3170 3171 3154
f 787 833 832 789
f 2483 2542 2544 2485
f 1247 1289 1290 1248
f 3178 3191 3192 3179
f 2323 2324 2326 2270
f 1346 1381 1382 1347
f 2217 2220 2219 2218
f 1364 1366 1365 1331
f 442 445 444 443
f 3145 3161 3162 3147
f 2629 2681 2682 2630
f 1694 1746 1747 1695
f 2823 2849 2850 2824
f 1317 1354 1355 1318
f 1310 1346 1347 1309
f 1191 1224 1225 1192
f 1312 1349 1350 1313
f 3422 3434 3436 3423
f 2667 2722 2723 2668
f 1344 1345 1346 1310
f 556 602 603 557
f 1302 1334 1335 1303
f 3419 3431 3433 3432
f 1209 1244 1245 1210
f 2209 2212 2211 2210
f 3137 3155 3156 3138
f 939 997 999 941
f 1270 1302 1303 1271
f 1311 1348 1349 1312
f 1296 1326 1327 1297
f 3734 3762 3761 3733
f 2587 2644 2645 2588
f 1371 1406 1408 1372
f 1372 1408 1409 1373
f 1293 1323 1324 1294
f 1214 1249 1250 1215
f 1343 1377 1379 1342
f 3114 3134 3135 3115
f 367 405 406 368
f 2531 2586 2587 2532
f 540 587 588 542
f 1342 1379 1380 1345
f 338 375 376 339
f 1359 1394 1395 1360
f 1225 1260 1261 1226
f 674 713 715 714
f 2538 2593 2594 2539
f 683 724 725 684
f 1398 1401 1400 1399
f 2887 2912 2914 2913
f 1349 1384 1385 1350
f 2508 2564 2565 2509
f 534 579 580 536
f 57 74 75 58
f 287 316 317 288
f 2709 2757 2758 2710
f 2530 2585 2586 2531
f 1373 1409 1410 1374
f 2515 2569 2570 2516
f 1351 1386 1387 1352
f 1376 1378 1377 1343
f 3715 3739 3740 3716
f 1410 1454 1455 1411
f 666 705 706 667
f 1308 1310 1309 1280
f 659 697 698 660
f 1374 1410 1411 1375
f 1319 1356 1357 1320
f 1416 1417 1419 1418
f 3222 3228 3227 3221
f 2006 2039 2040 2007
f 1227 1262 1263 1228
f 2335 2391 2392 2336
f 991 1044 1045 992
f 2875 2901 2902 2876
f 1381 1424 1425 1382
f 911 973 974 912
f 2484 2543 2542 2483
f 2218 2219 2221 2169
f 1366 1402 1403 1365
f 1392 1435 1436 1393
f 260 279 280 262
f 601 648 649 602
f 1384 1427 1428 1385
f 1223 1258 1259 1224
f 588 635 636 589
f 1350 1385 1386 1351
f 1575 1626 1627 1576
f 2177 2230 2231 2178
f 916 978 979 917
f 1413 1414 1417 1416
f 1250 1292 1293 1251
f 1383 1426 1427 1384
f 1352 1387 1388 1353
f 1551 1552 1555 1554
f 1514 1568 1569 1515
f 2781 2815 2816 2782
f 761 809 810 762
f 1357 1392 1393 1358
f 2563 2620 2621 2564
f 1415 1460 1461 1414
f 1328 1331 1330 1329
f 532 577 578 533
f 2190 2192 2191 2151
f 1081 1130 1131 1082
f 1444 1486 1488 1443
f 1301 1332 1333 1300
f 1406 1450 1452 1408
f 572 619 620 573
f 739 772 774 773
f 3257 3273 3272 3256
f 1451 1493 1492 1450
f 1430 1474 1475 1431
f 1431 1475 1476 1432
f 706 744 745 707
f 2939 2967 2966 2938
f 3039 3062 3063 3041
f 1421 1465 1466 1422
f 2547 2604 2605 2548
f 1423 1467 1468 1424
f 3209 3216 3217 3210
f 1485 1487 1486 1444
f 2869 2895 2896 2870
f 289 318 319 290
f 1468 1514 1515 1469
f 707 745 746 708
f 1446 1489 1490 1447
f 1391 1434 1435 1392
f 2540 2595 2596 2541
f 783 784 786 785
f 1554 1555 1556 1503
f 2201 2254 2255 2202
f 3177 3190 3191 3178
f 1501 1502 1504 1459
f 1438 1482 1483 1439
f 1335 1371 1372 1336
f 1456 1459 1458 1457
f 3491 3539 3540 3493
f 2286 2341 2340 2285
f 1483 1529 1530 1484
f 3111 3131 3132 3112
f 1453 1495 1496 1454
f 1414 1461 1462 1417
f 1199 1232 1233 1200
f 1464 1510 1511 1465
f 2641 2700 2701 2642
f 3019 3044 3045 3020
f 2193 2246 2247 2194
f 2941 2969 2970 2942
f 1455 1497 1499 1498
f 1358 1393 1394 1359
f 2524 2579 2580 2525
f 836 879 880 837
f 1593 1644 1645 1594
f 1222 1257 1258 1223
f 772 820 821 774
f 1480 1526 1527 1481
f 2399 2457 2458 2400
f 1472 1518 1519 1473
f 2815 2842 2843 2816
f 1470 1516 1517 1471
f 2258 2313 2314 2259
f 1281 1282 1283 1242
f 1495 1540 1541 1496
f 2731 2777 2779 2733
f 1424 1468 1469 1425
f 2695 2748 2749 2696
f 2923 2953 2954 2924
f 2185 2237 2238 2186
f 1524 1575 1576 1525
f 1429 1473 1474 1430
f 1354 1389 1390 1355
f 1487 1532 1534 1486
f 3162 3178 3179 3164
f 1180 1213 1214 1181
f 1249 1291 1292 1250
f 1523 1574 1575 1524
f 2580 2637 2638 2581
f 1951 1996 1997 1952
f 3091 3113 3114 3092
f 754 800 802 753
f 2602 2655 2657 2603
f 386 423 424 387
f 1502 1557 1558 1504
f 1463 1509 1510 1464
f 1544 1547 1546 1545
f 3431 3444 3445 3433
f 1550 1553 1552 1551
f 2242 2244 2243 2192
f 763 811 812 764
f 3191 3203 3204 3192
f 1478 1524 1525 1479
f 644 692 693 645
f 3013 3036 3037 3014
f 209 225 227 210
f 2594 2651 2652 2595
f 1477 1523 1524 1478
f 1306 1338 1339 1307
f 746 792 793 747
f 1586 1639 1640 1587
f 1520 1572 1571 1521
f 3367 3380 3379 3366
f 2882 2909 2910 2883
f 1500 1503 1502 1501
f 2556 2613 2614 2557
f 1427 1471 1472 1428
f 3217 3224 3225 3218
f 1533 1586 1587 1532
f 2683 2686 2685 2684
f 1511 1565 1566 1512
f 1600 1603 1602 1601
f 3639 3669 3670 3640
f 2566 2622 2624 2568
f 2477 2536 2537 2478
f 3263 3278 3280 3279
f 747 793 794 748
f 1582 1585 1584 1583
f 1535 1589 1590 1536
f 1601 1602 1605 1604
f 1083 1132 1133 1084
f 1557 1610 1611 1558
f 1558 1611 1612 1559
f 676 677 679 632
f 1528 1579 1580 1529
f 272 298 297 271
f 3171 3185 3186 3172
f 553 599 600 554
f 1596 1647 1649 1648
f 1541 1594 1595 1542
f 192 211 212 193
f 1587 1640 1641 1588
f 1772 1839 1840 1773
f 1504 1558 1559 1505
f 625 670 671 626
f 2297 2350 2352 2296
f 1432 1476 1477 1433
f 1567 1620 1621 1568
f 3183 3197 3198 3184
f 1666 1721 1722 1667
f 3149 3166 3165 3148
f 2634 2693 2694 2635
f 2611 2665 2666 2612
f 1509 1563 1564 1510
f 1559 1612 1613 1560
f 1527 1578 1579 1528
f 1304 1336 1337 1305
f 2257 2312 2313 2258
f 2742 2788 2789 2743
f 1437 1481 1482 1438
f 1574 1625 1626 1575
f 1471 1517 1518 1472
f 1048 1097 1096 1050
f 908 970 971 909
f 3259 3275 3276 3260
f 1627 1680 1681 1628
f 3375 3388 3389 3376
f 1341 1342 1345 1344
f 1566 1619 1620 1567
f 684 725 726 685
f 480 528 529 481
f 768 814 816 767
f 1599 1652 1654 1653
f 1534 1588 1589 1535
f 3274 3287 3289 3275
f 2076 2114 2115 2077
f 609 656 655 608
f 2249 2304 2305 2250
f 3265 3266 3269 3268
f 1581 1632 1634 1633
f 1486 1534 1535 1488
f 1615 1671 1672 1616
f 3268 3269 3271 3270
f 1650 1701 1702 1652
f 1644 1692 1694 1645
f 931 992 993 932
f 2659 2714 2715 2660
f 668 707 708 669
f 2942 2970 2971 2943
f 3233 3243 3242 3235
f 474 520 522 521
f 1614 1670 1671 1615
f 1631 1684 1685 1632
f 3323 3337 3338 3324
f 3237 3245 3246 3239
f 1289 1319 1320 1290
f 3439 3451 3452 3440
f 2924 2954 2955 2925
f 1064 1112 1113 1063
f 3225 3231 3232 3226
f 1638 1689 1690 1639
f 3243 3249 3248 3242
f 1400 1448 1449 1402
f 1177 1210 1211 1178
f 1668 1723 1724 1669
f 1637 1688 1689 1638
f 2643 2702 2703 2644
f 1623 1676 1675 1622
f 1584 1638 1639 1586
f 1320 1357 1358 1321
f 1305 1337 1338 1306
f 1675 1730 1729 1677
f 2666 2721 2722 2667
f 1629 1682 1683 1630
f 1710 1711 1712 1658
f 1655 1658 1657 1656
f 3641 3671 3672 3642
f 818 865 866 819
f 1597 1650 1652 1599
f 1646 1695 1696 1647
f 2234 2286 2285 2233
f 2652 2708 2709 2653
f 2372 2427 2428 2373
f 1750 1804 1805 1752
f 3293 3310 3311 3295
f 3511 3555 3556 3513
f 410 458 459 411
f 1622 1675 1677 1624
f 748 794 795 749
f 1704 1707 1706 1705
f 616 663 662 618
f 835 877 879 836
f 2658 2713 2714 2659
f 1338 1374 1375 1339
f 1663 1718 1719 1664
f 1680 1733 1734 1681
f 1564 1617 1618 1565
f 858 859 861 815
f 1669 1724 1725 1670
f 2707 2755 2756 2708
f 1687 1740 1741 1688
f 1693 1745 1744 1692
f 1678 1731 1732 1679
f 2040 2074 2075 2041
f 1090 1136 1137 1091
f 593 640 641 594
f 819 866 867 820
f 724 760 761 725
f 2684 2685 2688 2687
f 1968 2011 2012 1969
f 1738 1790 1791 1739
f 2265 2320 2321 2266
f 2983 3008 3009 2984
f 1757 1760 1759 1758
f 1702 1753 1754 1703
f 1703 1754 1756 1755
f 1696 1748 1749 1697
f 2660 2715 2716 2661
f 3278 3292 3293 3280
f 3405 3418 3419 3406
f 3583 3621 3623 3584
f 3451 3464 3465 3452
f 2256 2311 2312 2257
f 1121 1161 1162 1122
f 1561 1614 1615 1562
f 1701 1752 1753 1702
f 2675 2732 2731 2674
f 1695 1747 1748 1696
f 1688 1741 1742 1689
f 2616 2670 2671 2617
f 337 374 375 338
f 1747 1796 1797 1748
f 1748 1797 1798 1749
f 1664 1719 1720 1665
f 1826 1884 1885 1827
f 866 911 912 867
f 3337 3353 3354 3338
f 1677 1729 1731 1678
f 2544 2601 2602 2545
f 1671 1726 1727 1672
f 1718 1773 1774 1719
f 1592 1643 1642 1591
f 2980 3005 3006 2981
f 3454 3467 3468 3455
f 1784 1848 1849 1785
f 3523 3570 3571 3524
f 1605 1661 1662 1606
f 1607 1663 1664 1608
f 2156 2198 2199 2157
f 3485 3536 3537 3487
f 875 920 921 876
f 1479 1525 1526 1480
f 3353 3366 3368 3354
f 2692 2745 2746 2693
f 1207 1243 1244 1209
f 305 337 338 306
f 2289 2344 2345 2290
f 3663 3691 3692 3664
f 1733 1785 1786 1734
f 1758 1759 1762 1761
f 575 622 623 576
f 1736 1788 1789 1737
f 2363 2419 2420 2364
f 1802 1868 1869 1804
f 1787 1851 1852 1788
f 3297 3313 3312 3296
f 1821 1822 1824 1823
f 1686 1739 1740 1687
f 3054 3076 3077 3055
f 1760 1827 1828 1759
f 1630 1683 1684 1631
f 859 905 906 861
f 3744 3772 3774 3773
f 2668 2723 2724 2669
f 3512 3513 3515 3514
f 3614 3646 3648 3615
f 2281 2337 2338 2282
f 1796 1859 1860 1797
f 1773 1840 1841 1774
f 1494 1538 1540 1495
f 1116 1156 1157 1117
f 3557 3603 3604 3558
f 3603 3639 3640 3604
f 3289 3305 3307 3290
f 1765 1832 1833 1766
f 1230 1265 1266 1231
f 1776 1843 1844 1777
f 3756 3783 3784 3757
f 2273 2329 2330 2274
f 713 751 752 715
f 3735 3763 3764 3736
f 1749 1798 1800 1799
f 630 632 631 586
f 1751 1802 1804 1750
f 1768 1835 1836 1769
f 3281 3283 3282 3267
f 1827 1885 1886 1828
f 1426 1470 1471 1427
f 1744 1795 1794 1746
f 3507 3553 3554 3509
f 1828 1886 1887 1829
f 3379 3395 3394 3381
f 3258 3274 3275 3259
f 1345 1380 1381 1346
f 938 940 939 899
f 2754 2792 2791 2753
f 458 505 506 459
f 3075 3095 3096 3076
f 3169 3183 3184 3170
f 2740 2786 2788 2742
f 35 54 55 36
f 3675 3705 3707 3706
f 3637 3666 3668 3638
f 40 59 60 42
f 915 977 978 916
f 1774 1841 1842 1775
f 820 867 868 821
f 1808 1873 1875 1874
f 2633 2691 2692 2632
f 1797 1860 1861 1798
f 1791 1855 1856 1792
f 1832 1890 1891 1833
f 3628 3660 3661 3629
f 153 162 163 154
f 890 933 934 891
f 2738 2784 2785 2739
f 1837 1895 1896 1838
f 2835 2858 2859 2837
f 3048 3070 3071 3049
f 1723 1778 1779 1724
f 1724 1779 1780 1725
f 899 939 941 898
f 1830 1888 1889 1831
f 1853 1908 1909 1854
f 3085 3107 3109 3087
f 1906 1955 1956 1907
f 3305 3320 3319 3307
f 1845 1900 1902 1847
f 1854 1909 1910 1855
f 1839 1897 1898 1840
f 2716 2764 2765 2717
f 293 322 324 296
f 2795 2823 2824 2796
f 3562 3563 3565 3564
f 1848 1903 1904 1849
f 179 188 190 181
f 175 184 185 176
f 3733 3761 3763 3735
f 120 134 135 121
f 1805 1870 1871 1806
f 1870 1923 1924 1871
f 1871 1924 1925 1872
f 1840 1898 1899 1841
f 58 75 76 59
f 3755 3782 3783 3756
f 1145 1179 1180 1146
f 1633 1634 1636 1635
f 1813 1814 1816 1815
f 1862 1915 1916 1864
f 1847 1902 1903 1848
f 1907 1956 1957 1908
f 1613 1669 1670 1614
f 1908 1957 1958 1909
f 1838 1896 1897 1839
f 1807 1872 1873 1808
f 1816 1879 1880 1818
f 259 278 279 260
f 665 704 705 666
f 2433 2436 2435 2434
f 2802 2829 2828 2804
f 1815 1816 1818 1817
f 573 620 621 574
f 2010 2043 2044 2011
f 46 62 64 63
f 200 217 216 199
f 3329 3346 3347 3331
f 1782 1846 1845 1781
f 860 904 905 859
f 2867 2893 2894 2868
f 1752 1805 1806 1753
f 323 356 355 322
f 335 372 373 336
f 2337 2393 2394 2338
f 1932 1980 1981 1933
f 1309 1347 1348 1311
f 1894 1944 1945 1895
f 60 77 78 61
f 1939 1987 1988 1940
f 3321 3334 3336 3322
f 3728 3756 3757 3729
f 1918 1969 1970 1920
f 1895 1945 1946 1896
f 1656 1657 1659 1603
f 130 142 143 131
f 657 694 696 658
f 2329 2385 2386 2330
f 280 306 307 282
f 117 131 132 118
f 1919 1968 1969 1918
f 1571 1622 1624 1573
f 3313 3330 3329 3312
f 2851 2875 2876 2852
f 852 894 895 853
f 1888 1938 1939 1889
f 181 190 191 182
f 1994 2027 2028 1995
f 110 124 125 111
f 1972 2015 2016 1973
f 1219 1254 1255 1220
f 2948 2949 2950 2921
f 1991 1993 1992 1949
f 3388 3402 3403 3389
f 479 527 528 480
f 2305 2360 2361 2306
f 1885 1935 1936 1886
f 1935 1983 1984 1936
f 3346 3362 3363 3347
f 483 531 532 484
f 156 165 166 157
f 1995 2028 2029 1996
f 2842 2866 2867 2843
f 2233 2285 2287 2235
f 1934 1982 1983 1935
f 1903 1952 1953 1904
f 1960 2005 2004 1959
f 963 1017 1018 962
f 1926 1976 1977 1927
f 210 227 228 211
f 1952 1997 1998 1953
f 1361 1396 1397 1362
f 970 1025 1026 971
f 352 388 389 353
f 1957 2002 2003 1958
f 1902 1951 1952 1903
f 2306 2361 2362 2307
f 1904 1953 1954 1905
f 555 601 602 556
f 44 61 62 46
f 2021 2024 2023 2022
f 2818 2845 2846 2819
f 1442 1443 1446 1445
f 956 957 959 958
f 3290 3307 3308 3291
f 1197 1230 1231 1198
f 1385 1428 1429 1386
f 174 183 184 175
f 1884 1934 1935 1885
f 955 1008 1009 957
f 2891 2924 2925 2892
f 1967 2010 2011 1968
f 2820 2848 2847 2822
f 619 664 665 620
f 2998 3019 3020 2999
f 962 1018 1019 964
f 2022 2023 2025 1993
f 2007 2040 2041 2008
f 1992 2026 2027 1994
f 892 935 936 893
f 282 307 309 308
f 145 155 156 146
f 1883 1933 1934 1884
f 3591 3630 3631 3593
f 2005 2038 2037 2004
f 2014 2047 2048 2015
f 2055 2056 2058 2024
f 2016 2049 2050 2017
f 813 815 814 768
f 2058 2096 2097 2059
f 2345 2400 2401 2346
f 1997 2030 2031 1998
f 2015 2048 2049 2016
f 2804 2828 2830 2805
f 1461 1507 1508 1462
f 759 807 808 760
f 238 256 257 239
f 1604 1605 1606 1553
f 1965 2009 2010 1967
f 2883 2910 2911 2885
f 1975 2018 2019 1976
f 2032 2067 2068 2033
f 771 819 820 772
f 308 309 311 310
f 1161 1195 1196 1162
f 2330 2386 2387 2331
f 2024 2058 2059 2023
f 346 384 383 348
f 2060 2098 2099 2061
f 851 893 894 852
f 2000 2033 2034 2001
f 681 722 723 682
f 2067 2105 2106 2068
f 3409 3420 3422 3410
f 1893 1943 1944 1894
f 2030 2065 2066 2031
f 1911 1960 1959 1913
f 1920 1970 1971 1921
f 1781 1845 1847 1783
f 2138 2179 2180 2139
f 1018 1068 1069 1019
f 496 543 544 497
f 1027 1077 1078 1028
f 2054 2057 2056 2055
f 987 988 990 930
f 2868 2894 2895 2869
f 1015 1016 1017 963
f 342 343 345 344
f 3361 3374 3375 3362
f 2037 2073 2072 2039
f 1998 2031 2032 1999
f 1823 1824 1826 1825
f 2088 2091 2090 2089
f 418 466 467 419
f 348 383 385 349
f 2369 2424 2426 2371
f 2100 2139 2140 2101
f 2069 2107 2108 2070
f 1966 1967 1968 1919
f 1790 1854 1855 1791
f 2039 2072 2074 2040
f 2099 2138 2139 2100
f 329 367 368 331
f 979 1034 1035 980
f 2070 2108 2109 2071
f 1100 1142 1143 1101
f 2072 2110 2112 2074
f 1365 1403 1404 1367
f 2122 2163 2164 2123
f 2361 2417 2418 2362
f 1817 1818 1820 1819
f 2085 2123 2124 2086
f 3067 3087 3088 3068
f 2410 2471 2472 2411
f 2844 2868 2869 2845
f 363 396 398 397
f 1119 1159 1160 1120
f 398 434 435 400
f 552 598 599 553
f 2077 2115 2116 2078
f 2095 2134 2135 2096
f 1506 1560 1561 1507
f 2096 2135 2136 2097
f 202 218 219 204
f 420 468 470 422
f 2353 2409 2410 2354
f 1689 1742 1743 1690
f 2045 2079 2080 2046
f 2102 2141 2142 2103
f 2127 2128 2130 2091
f 2080 2118 2119 2081
f 2385 2445 2446 2386
f 1441 1444 1443 1442
f 2131 2172 2173 2132
f 2132 2173 2174 2133
f 2047 2081 2082 2048
f 1139 1175 1174 1141
f 2056 2095 2096 2058
f 332 369 370 333
f 1050 1096 1098 1051
f 2914 2945 2946 2916
f 546 592 593 547
f 2094 2133 2134 2095
f 2354 2410 2411 2355
f 3330 3344 3346 3329
f 2429 2430 2432 2431
f 1409 1453 1454 1410
f 470 515 517 471
f 624 669 670 625
f 1067 1116 1117 1068
f 2078 2116 2117 2079
f 980 1035 1036 981
f 2908 2940 2941 2909
f 1203 1236 1237 1204
f 484 532 533 486
f 1042 1092 1093 1043
f 1450 1492 1494 1452
f 2119 2160 2161 2120
f 2963 2990 2991 2964
f 2120 2161 2162 2121
f 586 631 633 585
f 313 347 346 312
f 2043 2077 2078 2044
f 2898 2930 2929 2897
f 2149 2151 2150 2111
f 2134 2175 2176 2135
f 2143 2184 2185 2144
f 2144 2185 2186 2145
f 1973 2016 2017 1974
f 2170 2223 2224 2171
f 3741 3769 3770 3742
f 3210 3217 3218 3212
f 2141 2182 2183 2142
f 2693 2746 2747 2694
f 1407 1451 1450 1406
f 1051 1098 1099 1052
f 1387 1430 1431 1388
f 564 610 611 565
f 658 696 697 659
f 2892 2925 2926 2893
f 697 736 737 698
f 1707 1763 1764 1706
f 3369 3382 3383 3370
f 2165 2207 2208 2166
f 2150 2193 2194 2152
f 964 1019 1020 965
f 2160 2202 2203 2161
f 1467 1513 1514 1468
f 2322 2325 2324 2323
f 2157 2199 2200 2158
f 2947 2975 2976 2949
f 2159 2201 2202 2160
f 2152 2194 2195 2153
f 3005 3026 3027 3006
f 1583 1584 1586 1533
f 562 608 610 564
f 704 742 743 705
f 628 673 674 629
f 2128 2170 2171 2130
f 2151 2191 2193 2150
f 1547 1598 1597 1546
f 689 730 731 690
f 3705 3731 3732 3707
f 1617 1673 1674 1618
f 2117 2158 2159 2118
f 2174 2227 2228 2175
f 2167 2169 2168 2129
f 2064 2102 2103 2065
f 738 771 772 739
f 2250 2305 2306 2251
f 844 845 848 847
f 2212 2262 2264 2211
f 2061 2099 2100 2062
f 2158 2200 2201 2159
f 1901 1948 1950 1900
f 2954 2981 2982 2955
f 1481 1527 1528 1482
f 2142 2183 2184 2143
f 2219 2274 2275 2221
f 776 822 823 778
f 2063 2101 2102 2064
f 3401 3414 3415 3402
f 1321 1358 1359 1322
f 2181 2234 2233 2182
f 2086 2124 2125 2087
f 1028 1078 1079 1029
f 1936 1984 1985 1937
f 2573 2629 2630 2574
f 1679 1732 1733 1680
f 686 727 728 687
f 2236 2288 2289 2237
f 1211 1246 1247 1212
f 708 746 747 709
f 1098 1139 1141 1099
f 1233 1268 1269 1234
f 3385 3399 3400 3386
f 626 671 672 627
f 3011 3034 3036 3013
f 2191 2245 2246 2193
f 1608 1664 1665 1609
f 2206 2259 2260 2207
f 2223 2277 2278 2224
f 856 899 898 897
f 2251 2306 2307 2252
f 2229 2283 2284 2230
f 2238 2290 2291 2239
f 1004 1053 1054 1005
f 3052 3074 3075 3053
f 1699 1750 1752 1701
f 1417 1462 1463 1419
f 3665 3693 3695 3694
f 3377 3390 3391 3378
f 2221 2275 2276 2222
f 2979 3004 3005 2980
f 2295 2296 2298 2244
f 3410 3422 3423 3411
f 802 851 852 803
f 612 659 660 613
f 758 806 807 759
f 2239 2291 2292 2240
f 2246 2301 2302 2247
f 2248 2303 2304 2249
f 1763 1830 1831 1764
f 1433 1477 1478 1434
f 3009 3030 3031 3010
f 2294 2297 2296 2295
f 2197 2250 2251 2198
f 3252 3259 3260 3253
f 3629 3661 3662 3630
f 519 565 566 520
f 1418 1419 1420 1378
f 2292 2347 2348 2293
f 578 625 626 579
f 2214 2265 2266 2216
f 2199 2252 2253 2200
f 2192 2243 2245 2191
f 1851 1906 1907 1852
f 673 712 713 674
f 1482 1528 1529 1483
f 1131 1171 1172 1132
f 2386 2446 2447 2387
f 3362 3375 3376 3363
f 882 926 927 883
f 3522 3568 3570 3523
f 1769 1836 1837 1770
f 2986 3012 3011 2988
f 2253 2308 2309 2254
f 3189 3200 3202 3190
f 2972 2997 2998 2973
f 1999 2032 2033 2000
f 886 888 887 846
f 960 963 962 961
f 2285 2340 2342 2287
f 3051 3073 3074 3052
f 1068 1117 1118 1069
f 2272 2328 2329 2273
f 166 176 177 167
f 868 913 914 869
f 721 757 758 722
f 2978 3003 3004 2979
f 1115 1155 1156 1116
f 2270 2326 2327 2269
f 2263 2316 2318 2262
f 2296 2352 2353 2298
f 2301 2356 2357 2302
f 2188 2240 2241 2189
f 2302 2357 2358 2303
f 2303 2358 2359 2304
f 3027 3052 3053 3028
f 1052 1099 1100 1053
f 401 403 402 366
f 2349 2351 2350 2297
f 424 472 473 425
f 2318 2371 2372 2319
f 2319 2372 2373 2320
f 2956 2983 2984 2957
f 2019 2052 2053 2020
f 2418 2479 2480 2419
f 2347 2402 2403 2348
f 1008 1057 1058 1009
f 2269 2327 2328 2272
f 2310 2365 2366 2311
f 2311 2366 2367 2312
f 2312 2367 2368 2313
f 930 990 991 929
f 2205 2258 2259 2206
f 1705 1706 1709 1708
f 2278 2334 2335 2279
f 2279 2335 2336 2280
f 2304 2359 2360 2305
f 2083 2121 2122 2084
f 2135 2176 2177 2136
f 1146 1180 1181 1147
f 2356 2412 2413 2357
f 2271 2272 2273 2220
f 2222 2276 2277 2223
f 2280 2336 2337 2281
f 462 509 510 463
f 1012 1013 1016 1015
f 934 995 996 935
f 3473 3530 3531 3475
f 1163 1197 1198 1164
f 2126 2129 2128 2127
f 2079 2117 2118 2080
f 2200 2253 2254 2201
f 2147 2188 2189 2148
f 193 212 213 194
f 2425 2484 2483 2424
f 1072 1121 1122 1073
f 2325 2380 2381 2324
f 1798 1861 1862 1800
f 2402 2460 2461 2403
f 1034 1084 1085 1035
f 2379 2439 2440 2380
f 3441 3453 3454 3442
f 2357 2413 2414 2358
f 1147 1181 1182 1148
f 70 84 85 71
f 2287 2342 2343 2288
f 1579 1630 1631 1580
f 3004 3025 3026 3005
f 2417 2478 2479 2418
f 2388 2448 2449 2389
f 2373 2428 2430 2429
f 3235 3242 3244 3236
f 1759 1828 1829 1762
f 2344 2399 2400 2345
f 25 48 47 28
f 1044 1094 1095 1045
f 1014 1063 1065 1013
f 3425 3438 3439 3426
f 2365 2421 2422 2366
f 1594 1645 1646 1595
f 1252 1294 1295 1253
f 1144 1178 1179 1145
f 2409 2470 2471 2410
f 2333 2389 2390 2334
f 2382 2442 2443 2383
f 2498 2554 2555 2499
f 2376 2438 2439 2379
f 3452 3465 3466 3453
f 769 817 818 770
f 3371 3384 3385 3372
f 2391 2451 2452 2392
f 2342 2397 2398 2343
f 610 657 658 611
f 1396 1439 1440 1397
f 2988 3011 3013 2989
f 1078 1127 1128 1079
f 932 993 994 933
f 2419 2480 2481 2420
f 3417 3429 3430 3418
f 1195 1228 1229 1196
f 1522 1573 1574 1523
f 2343 2398 2399 2344
f 2400 2458 2459 2401
f 2435 2497 2498 2437
f 1489 1536 1537 1490
f 1178 1211 1212 1179
f 2428 2487 2488 2430
f 1162 1196 1197 1163
f 2384 2444 2445 2385
f 1132 1172 1173 1133
f 1102 1144 1145 1103
f 3058 3079 3081 3060
f 3115 3135 3136 3116
f 2352 2408 2409 2353
f 177 186 187 178
f 1240 1242 1241 1208
f 2462 2465 2464 2463
f 3050 3072 3073 3051
f 1170 1204 1205 1171
f 2389 2449 2450 2390
f 2430 2488 2489 2432
f 2426 2485 2486 2427
f 3394 3407 3409 3396
f 622 667 668 623
f 2474 2533 2534 2475
f 2299 2354 2355 2300
f 2332 2388 2389 2333
f 2413 2474 2475 2414
f 3099 3122 3121 3101
f 1164 1198 1199 1165
f 3036 3058 3060 3037
f 1382 1425 1426 1383
f 2438 2499 2500 2439
f 1179 1212 1213 1180
f 2407 2468 2469 2408
f 2424 2483 2485 2426
f 2571 2627 2628 2572
f 2631 2633 2632 2577
f 542 588 589 543
f 3449 3462 3463 3450
f 1226 1261 1262 1227
f 2635 2694 2695 2636
f 2448 2509 2510 2449
f 1212 1247 1248 1213
f 1182 1215 1216 1183
f 1280 1309 1311 1279
f 2445 2506 2507 2446
f 2494 2495 2496 2436
f 2447 2508 2509 2448
f 3020 3045 3046 3021
f 1662 1717 1718 1663
f 729 765 766 730
f 1201 1234 1235 1202
f 1665 1720 1721 1666
f 2437 2498 2499 2438
f 2406 2466 2467 2405
f 1148 1182 1183 1149
f 2464 2524 2525 2466
f 2715 2763 2764 2716
f 2500 2556 2557 2501
f 2491 2549 2550 2493
f 2397 2455 2456 2398
f 2350 2407 2408 2352
f 2471 2530 2531 2472
f 2456 2515 2516 2457
f 1314 1351 1352 1315
f 2497 2553 2554 2498
f 2341 2396 2395 2340
f 2455 2514 2515 2456
f 2432 2489 2491 2490
f 1286 1316 1317 1287
f 2570 2626 2627 2571
f 1246 1288 1289 1247
f 3090 3112 3113 3091
f 2261 2263 2262 2212
f 3155 3172 3173 3156
f 2415 2476 2477 2416
f 2360 2416 2417 2361
f 1706 1764 1765 1709
f 2743 2789 2790 2744
f 2521 2523 2522 2465
f 1336 1372 1373 1337
f 2899 2931 2932 2900
f 2224 2278 2279 2225
f 1284 1314 1315 1285
f 2523 2576 2578 2522
f 3465 3523 3524 3466
f 1925 1975 1976 1926
f 2470 2529 2530 2471
f 2351 2405 2407 2350
f 1204 1237 1238 1205
f 2457 2516 2517 2458
f 409 457 458 410
f 2532 2587 2588 2533
f 1395 1438 1439 1396
f 2502 2558 2559 2503
f 2495 2551 2552 2496
f 2488 2547 2548 2489
f 1378 1420 1421 1377
f 2554 2611 2612 2555
f 1334 1370 1371 1335
f 3497 3498 3501 3500
f 698 737 738 699
f 3131 3148 3150 3132
f 2575 2577 2576 2523
f 3244 3250 3251 3245
f 2971 2996 2997 2972
f 2927 2957 2958 2928
f 2449 2510 2511 2450
f 1408 1452 1453 1409
f 2525 2580 2581 2526
f 1188 1221 1222 1189
f 2526 2581 2582 2527
f 3506 3507 3509 3508
f 2254 2309 2310 2255
f 1348 1383 1384 1349
f 2555 2612 2613 2556
f 3457 3470 3471 3459
f 1563 1616 1617 1564
f 2518 2572 2573 2519
f 2535 2590 2591 2536
f 2536 2591 2592 2537
f 3059 3080 3079 3058
f 1545 1546 1549 1548
f 1242 1283 1284 1241
f 2572 2628 2629 2573
f 2485 2544 2545 2486
f 2478 2537 2538 2479
f 2527 2582 2583 2528
f 2528 2583 2584 2529
f 1458 1505 1506 1460
f 1268 1301 1300 1269
f 1390 1433 1434 1391
f 2503 2559 2560 2504
f 1578 1629 1630 1579
f 2496 2552 2553 2497
f 1846 1901 1900 1845
f 1513 1567 1568 1514
f 1234 1269 1270 1235
f 3154 3171 3172 3155
f 642 690 691 643
f 2466 2525 2526 2467
f 2534 2589 2590 2535
f 3426 3439 3440 3427
f 1719 1774 1775 1720
f 2467 2526 2527 2468
f 1496 1541 1542 1497
f 1283 1313 1314 1284
f 3203 3208 3209 3204
f 1236 1271 1272 1237
f 3108 3128 3127 3107
f 3227 3234 3233 3229
f 81 95 97 96
f 2465 2522 2524 2464
f 3130 3149 3148 3131
f 2549 2606 2607 2550
f 2550 2607 2608 2551
f 2559 2616 2617 2560
f 2560 2617 2618 2561
f 1538 1591 1593 1540
f 2618 2672 2673 2619
f 1462 1508 1509 1463
f 2468 2527 2528 2469
f 3291 3308 3309 3292
f 3223 3229 3230 3224
f 1217 1252 1253 1218
f 1016 1066 1067 1017
f 2581 2638 2639 2582
f 2582 2639 2640 2583
f 2583 2640 2641 2584
f 2584 2641 2642 2585
f 2910 2942 2943 2911
f 1492 1539 1538 1494
f 2627 2679 2680 2628
f 2164 2206 2207 2165
f 1243 1285 1286 1244
f 3179 3192 3194 3193
f 1220 1255 1256 1221
f 3084 3104 3106 3105
f 3355 3369 3370 3356
f 777 778 780 779
f 2607 2661 2662 2608
f 2606 2660 2661 2607
f 2608 2662 2663 2609
f 1626 1679 1680 1627
f 2706 2753 2755 2707
f 1290 1320 1321 1291
f 849 891 892 850
f 2605 2659 2660 2606
f 1526 1577 1578 1527
f 2636 2695 2696 2637
f 2591 2648 2649 2592
f 2414 2475 2476 2415
f 2779 2813 2814 2780
f 2592 2649 2650 2593
f 3399 3412 3413 3400
f 2489 2548 2549 2491
f 3553 3599 3600 3554
f 2589 2646 2647 2590
f 2590 2647 2648 2591
f 2567 2623 2622 2566
f 2568 2624 2625 2569
f 1 4 3 2
f 1572 1623 1622 1571
f 2651 2707 2708 2652
f 2504 2560 2561 2505
f 3001 3022 3023 3002
f 361 395 396 363
f 2481 2540 2541 2482
f 1632 1685 1686 1634
f 2557 2614 2615 2558
f 2519 2573 2574 2520
f 3563 3607 3608 3565
f 2690 2743 2744 2691
f 1606 1662 1663 1607
f 3505 3552 3553 3507
f 2493 2550 2551 2495
f 2558 2615 2616 2559
f 2359 2415 2416 2360
f 3140 3158 3157 3142
f 3574 3616 3617 3575
f 3535 3582 3583 3536
f 2473 2532 2533 2474
f 2676 2733 2734 2677
f 1331 1365 1367 1330
f 2486 2545 2546 2487
f 2687 2688 2690 2689
f 2632 2692 2693 2634
f 3643 3673 3674 3644
f 2691 2744 2745 2692
f 1708 1709 1711 1710
f 3489 3538 3539 3491
f 2637 2696 2697 2638
f 2358 2414 2415 2359
f 1388 1431 1432 1389
f 2664 2719 2720 2665
f 1762 1829 1830 1763
f 2638 2697 2698 2639
f 2669 2724 2725 2670
f 3124 3143 3144 3125
f 1529 1580 1581 1530
f 1330 1367 1368 1332
f 1720 1775 1776 1721
f 1315 1352 1353 1316
f 3363 3376 3377 3364
f 2562 2619 2620 2563
f 2680 2737 2738 2681
f 3094 3116 3117 3095
f 1556 1609 1610 1557
f 2672 2727 2728 2673
f 1553 1606 1607 1552
f 1670 1725 1726 1671
f 1809 1812 1811 1810
f 2685 2740 2742 2688
f 1658 1712 1713 1657
f 143 153 154 144
f 1732 1784 1785 1733
f 1322 1359 1360 1323
f 2732 2778 2777 2731
f 2677 2734 2735 2678
f 2694 2747 2748 2695
f 2679 2736 2737 2680
f 2640 2699 2700 2641
f 2653 2709 2710 2654
f 2686 2741 2740 2685
f 2671 2726 2727 2672
f 3482 3483 3485 3484
f 353 389 390 354
f 3250 3256 3258 3251
f 2595 2652 2653 2596
f 682 723 724 683
f 2662 2717 2718 2663
f 2639 2698 2699 2640
f 3212 3218 3220 3219
f 28 47 49 30
f 2778 2812 2811 2777
f 1379 1422 1423 1380
f 1800 1862 1864 1863
f 1610 1666 1667 1611
f 2514 2568 2569 2515
f 72 86 87 73
f 1850 1905 1906 1851
f 1190 1223 1224 1191
f 3242 3248 3250 3244
f 2717 2765 2766 2718
f 3283 3297 3296 3282
f 2275 2331 2332 2276
f 3466 3524 3525 3467
f 2741 2787 2786 2740
f 1812 1877 1876 1811
f 3513 3556 3557 3515
f 1355 1390 1391 1356
f 2726 2770 2772 2727
f 2704 2754 2753 2706
f 1340 1343 1342 1341
f 753 802 803 755
f 100 114 115 101
f 633 681 682 634
f 1880 1930 1931 1881
f 2765 2800 2801 2766
f 2758 2796 2797 2760
f 2727 2772 2773 2728
f 2736 2782 2783 2737
f 2807 2808 2810 2809
f 439 483 484 441
f 2874 2900 2901 2875
f 2811 2838 2840 2813
f 1713 1768 1769 1714
f 2757 2795 2796 2758
f 240 258 259 241
f 2812 2839 2838 2811
f 2725 2771 2770 2726
f 3267 3282 3284 3266
f 3180 3196 3195 3182
f 1892 1942 1943 1893
f 745 791 792 746
f 3282 3296 3298 3284
f 2569 2625 2626 2570
f 2661 2716 2717 2662
f 2782 2816 2817 2783
f 1292 1322 1323 1293
f 2784 2818 2819 2785
f 188 207 209 190
f 2858 2881 2882 2859
f 1976 2019 2020 1977
f 2774 2805 2806 2776
f 2791 2821 2820 2793
f 2776 2806 2808 2807
f 1938 1986 1987 1939
f 3545 3590 3591 3547
f 2734 2780 2781 2735
f 2783 2817 2818 2784
f 2720 2768 2769 2721
f 7 32 33 10
f 1822 1882 1883 1824
f 2501 2557 2558 2502
f 2735 2781 2782 2736
f 2670 2725 2726 2671
f 2648 2705 2704 2649
f 2282 2338 2339 2283
f 384 421 420 383
f 2529 2584 2585 2530
f 2884 2885 2887 2886
f 2797 2825 2827 2826
f 2512 2566 2568 2514
f 2655 2712 2711 2657
f 324 357 358 326
f 1948 1994 1995 1950
f 2859 2882 2883 2861
f 1555 1608 1609 1556
f 1332 1368 1369 1333
f 2240 2292 2293 2241
f 2026 2061 2062 2027
f 1577 1628 1629 1578
f 2513 2567 2566 2512
f 778 823 824 780
f 3537 3584 3585 3538
f 2831 2855 2856 2832
f 3315 3332 3333 3316
f 1616 1672 1673 1617
f 396 433 434 398
f 1868 1921 1922 1869
f 1886 1936 1937 1887
f 2048 2082 2083 2049
f 2853 2878 2877 2855
f 488 534 536 535
f 2855 2877 2879 2856
f 1071 1120 1121 1072
f 1585 1637 1638 1584
f 1313 1350 1351 1314
f 3529 3576 3577 3530
f 2845 2869 2870 2846
f 1324 1361 1362 1325
f 1783 1847 1848 1784
f 452 499 500 453
f 2975 3000 3001 2976
f 2915 2916 2918 2917
f 2805 2830 2831 2806
f 2871 2897 2899 2873
f 2090 2131 2132 2093
f 1394 1437 1438 1395
f 2863 2889 2888 2862
f 639 687 688 640
f 737 770 771 738
f 1974 2017 2018 1975
f 2900 2932 2933 2901
f 722 758 759 723
f 2822 2847 2849 2823
f 2938 2966 2968 2940
f 1399 1400 1402 1366
f 1386 1429 1430 1387
f 3322 3336 3337 3323
f 1459 1504 1505 1458
f 2862 2888 2890 2864
f 2832 2856 2857 2833
f 596 643 644 597
f 1682 1735 1736 1683
f 2112 2153 2154 2113
f 2877 2906 2905 2879
f 3299 3315 3316 3300
f 2839 2863 2862 2838
f 42 60 61 44
f 664 702 704 665
f 3314 3331 3332 3315
f 2902 2934 2935 2904
f 2780 2814 2815 2781
f 2154 2196 2197 2155
f 3292 3309 3310 3293
f 2116 2157 2158 2117
f 2537 2592 2593 2538
f 1576 1627 1628 1577
f 2901 2933 2934 2902
f 2894 2927 2928 2895
f 2546 2603 2604 2547
f 660 698 699 661
f 2062 2100 2101 2063
f 2176 2229 2230 2177
f 1443 1488 1489 1446
f 2830 2853 2855 2831
f 1412 1415 1414 1413
f 1241 1284 1285 1243
f 393 430 431 394
f 1729 1781 1783 1731
f 2925 2955 2956 2926
f 1698 1700 1699 1651
f 2919 2921 2920 2889
f 598 645 646 599
f 1639 1690 1691 1640
f 3026 3051 3052 3027
f 2955 2982 2983 2956
f 2909 2941 2942 2910
f 3347 3363 3364 3348
f 2935 2964 2965 2937
f 2920 2951 2952 2922
f 756 804 805 757
f 800 850 851 802
f 1434 1478 1479 1435
f 2964 2991 2992 2965
f 2885 2911 2912 2887
f 1003 1004 1005 951
f 1356 1391 1392 1357
f 2194 2247 2248 2195
f 2196 2249 2250 2197
f 2118 2159 2160 2119
f 3625 3657 3658 3626
f 2952 2979 2980 2953
f 1255 1297 1298 1256
f 369 407 408 370
f 2561 2618 2619 2562
f 2264 2319 2320 2265
f 2813 2840 2841 2814
f 2926 2956 2957 2927
f 2951 2978 2979 2952
f 2944 2972 2973 2945
f 228 247 248 229
f 3010 3031 3033 3032
f 3003 3024 3025 3004
f 3577 3619 3620 3578
f 1531 1533 1532 1487
f 2950 2977 2978 2951
f 2943 2971 2972 2944
f 2904 2935 2937 2936
f 920 982 983 921
f 2996 3018 3017 2997
f 2949 2976 2977 2950
f 3331 3347 3348 3332
f 2911 2943 2944 2912
f 3569 3611 3610 3568
f 2981 3006 3007 2982
f 2982 3007 3008 2983
f 2847 2871 2873 2849
f 2840 2864 2865 2841
f 41 42 44 43
f 2252 2307 2308 2253
f 2553 2610 2611 2554
f 2336 2392 2393 2337
f 1475 1521 1522 1476
f 2974 2999 3000 2975
f 2663 2718 2719 2664
f 3340 3356 3357 3342
f 1122 1162 1163 1123
f 865 910 911 866
f 3561 3606 3607 3563
f 2198 2251 2252 2199
f 2997 3017 3019 2998
f 2934 2963 2964 2935
f 2383 2443 2444 2384
f 2976 3001 3002 2977
f 2172 2225 2226 2173
f 988 1042 1043 990
f 2545 2602 2603 2546
f 3028 3053 3054 3029
f 2989 3013 3014 2990
f 2838 2862 2864 2840
f 1767 1834 1835 1768
f 3008 3029 3030 3009
f 2247 2302 2303 2248
f 1625 1678 1679 1626
f 3043 3065 3064 3042
f 3386 3400 3401 3387
f 2957 2984 2985 2958
f 2678 2735 2736 2679
f 2626 2678 2679 2627
f 2340 2395 2397 2342
f 2416 2477 2478 2417
f 762 810 811 763
f 2366 2422 2423 2367
f 2044 2078 2079 2045
f 1474 1520 1521 1475
f 201 202 204 203
f 3378 3391 3393 3392
f 1539 1592 1591 1538
f 1806 1871 1872 1807
f 1716 1771 1772 1717
f 3324 3338 3339 3326
f 1076 1125 1126 1077
f 3074 3094 3095 3075
f 2262 2318 2319 2264
f 2932 2961 2962 2933
f 3021 3046 3047 3022
f 590 637 638 591
f 2991 3015 3016 2992
f 1466 1512 1513 1467
f 1224 1259 1260 1225
f 3585 3624 3625 3586
f 3045 3067 3068 3046
f 220 239 240 222
f 3024 3049 3050 3025
f 2412 2473 2474 2413
f 2931 2959 2961 2932
f 2480 2539 2540 2481
f 1515 1569 1570 1516
f 3659 3687 3688 3660
f 3345 3360 3361 3344
f 3016 3039 3041 3040
f 2362 2418 2419 2363
f 801 849 850 800
f 1766 1833 1834 1767
f 1801 1803 1802 1751
f 3061 3082 3083 3062
f 2984 3009 3010 2985
f 1452 1494 1495 1453
f 1831 1889 1890 1832
f 3202 3206 3208 3203
f 2326 2382 2383 2327
f 3092 3114 3115 3093
f 3014 3037 3038 3015
f 3053 3075 3076 3054
f 3047 3069 3070 3048
f 3530 3577 3578 3531
f 2543 2600 2599 2542
f 1360 1395 1396 1361
f 1273 1305 1306 1274
f 3418 3430 3431 3419
f 3029 3054 3055 3030
f 2841 2865 2866 2842
f 3079 3099 3101 3081
f 3372 3385 3386 3373
f 1244 1286 1287 1245
f 3107 3127 3129 3109
f 2973 2998 2999 2974
f 3411 3423 3424 3412
f 1436 1480 1481 1437
f 3072 3092 3093 3073
f 2552 2609 2610 2553
f 2689 2690 2691 2633
f 2837 2859 2861 2860
f 3070 3090 3091 3071
f 3095 3117 3118 3096
f 3096 3118 3119 3097
f 2490 2491 2493 2492
f 2476 2535 2536 2477
f 2398 2456 2457 2399
f 3617 3650 3651 3618
f 2517 2571 2572 2518
f 3102 3123 3124 3103
f 793 837 838 794
f 1316 1353 1354 1317
f 2593 2650 2651 2594
f 3132 3150 3151 3133
f 1933 1981 1982 1934
f 3395 3408 3407 3394
f 3170 3184 3185 3171
f 3147 3162 3164 3163
f 3601 3637 3638 3602
f 850 892 893 851
f 3118 3138 3139 3119
f 3087 3109 3110 3088
f 3356 3370 3371 3357
f 2879 2905 2907 2880
f 2624 2676 2677 2625
f 3110 3130 3131 3111
f 3055 3077 3078 3056
f 3112 3132 3133 3113
f 1380 1423 1424 1381
f 2585 2642 2643 2586
f 2171 2224 2225 2172
f 3593 3631 3632 3595
f 3086 3108 3107 3085
f 2999 3020 3021 3000
f 3104 3125 3126 3106
f 2522 2578 2579 2524
f 1512 1566 1567 1513
f 2454 2513 2512 2453
f 1867 1918 1920 1866
f 1476 1522 1523 1477
f 3080 3100 3099 3079
f 2439 2500 2501 2440
f 2548 2605 2606 2549
f 3093 3115 3116 3094
f 3135 3153 3154 3136
f 3000 3021 3022 3001
f 2890 2923 2924 2891
f 1657 1713 1714 1659
f 2577 2632 2634 2576
f 3159 3174 3176 3160
f 3022 3047 3048 3023
f 2848 2872 2871 2847
f 1540 1593 1594 1541
f 2460 2519 2520 2461
f 3187 3201 3200 3189
f 3204 3209 3210 3205
f 3443 3455 3456 3444
f 1460 1506 1507 1461
f 3152 3169 3170 3153
f 1562 1615 1616 1563
f 2377 2437 2438 2376
f 3142 3157 3159 3143
f 3175 3188 3187 3174
f 3524 3571 3572 3525
f 3658 3686 3687 3659
f 1681 1734 1735 1682
f 2542 2599 2601 2544
f 3450 3463 3464 3451
f 1595 1646 1647 1596
f 3167 3180 3182 3168
f 3182 3195 3197 3183
f 3192 3204 3205 3194
f 2586 2643 2644 2587
f 416 464 465 417
f 2696 2749 2750 2697
f 3157 3175 3174 3159
f 3143 3159 3160 3144
f 3184 3198 3199 3185
f 1628 1681 1682 1629
f 185 194 195 186
f 3427 3440 3441 3428
f 3205 3210 3212 3211
f 2610 2664 2665 2611
f 3160 3176 3177 3161
f 3503 3551 3552 3505
f 1546 1597 1599 1549
f 1635 1636 1637 1585
f 3206 3213 3215 3208
f 1532 1587 1588 1534
f 3586 3625 3626 3587
f 3190 3202 3203 3191
f 1692 1744 1746 1694
f 3083 3103 3104 3084
f 3442 3454 3455 3443
f 3221 3227 3229 3223
f 3207 3214 3213 3206
f 2601 2656 2655 2602
f 3266 3284 3285 3269
f 3068 3088 3089 3069
f 3213 3222 3221 3215
f 3150 3167 3168 3151
f 3231 3236 3237 3232
f 3444 3456 3457 3445
f 1824 1883 1884 1826
f 2622 2674 2676 2624
f 2184 2236 2237 2185
f 3165 3181 3180 3167
f 1508 1562 1563 1509
f 3216 3223 3224 3217
f 2650 2706 2707 2651
f 2764 2798 2800 2765
f 3071 3091 3092 3072
f 3248 3257 3256 3250
f 2708 2756 2757 2709
f 1329 1330 1332 1301
f 2946 2974 2975 2947
f 3101 3121 3123 3102
f 3247 3253 3255 3254
f 32 51 52 33
f 3275 3289 3290 3276
f 817 864 865 818
f 1651 1699 1701 1650
f 3428 3441 3442 3429
f 3354 3368 3369 3355
f 1602 1660 1661 1605
f 1420 1464 1465 1421
f 3245 3251 3252 3246
f 1730 1782 1781 1729
f 3256 3272 3274 3258
f 2718 2766 2767 2719
f 2008 2041 2042 2009
f 2459 2518 2519 2460
f 3269 3285 3286 3271
f 1611 1667 1668 1612
f 3239 3246 3247 3241
f 1852 1907 1908 1853
f 2796 2824 2825 2797
f 2625 2677 2678 2626
f 1941 1989 1990 1942
f 3285 3299 3300 3286
f 2730 2774 2776 2775
f 3264 3267 3266 3265
f 385 422 423 386
f 3307 3319 3321 3308
f 3224 3230 3231 3225
f 1964 1965 1967 1966
f 2617 2671 2672 2618
f 2113 2154 2155 2114
f 3277 3291 3292 3278
f 3483 3535 3536 3485
f 3215 3221 3223 3216
f 3253 3260 3261 3255
f 336 373 374 337
f 3168 3182 3183 3169
f 3338 3354 3355 3339
f 2814 2841 2842 2815
f 3151 3168 3169 3152
f 2004 2037 2039 2006
f 2136 2177 2178 2137
f 2609 2663 2664 2610
f 3332 3348 3349 3333
f 3238 3239 3241 3240
f 3492 3493 3495 3494
f 3007 3028 3029 3008
f 2876 2902 2904 2903
f 2834 2835 2837 2836
f 3339 3355 3356 3340
f 1961 2006 2007 1962
f 3287 3306 3305 3289
f 3310 3323 3324 3311
f 3296 3312 3314 3298
f 3695 3719 3721 3720
f 1761 1762 1763 1707
f 1642 1693 1692 1644
f 2968 2994 2993 2969
f 3459 3471 3473 3472
f 3334 3350 3352 3336
f 1428 1472 1473 1429
f 3328 3340 3342 3341
f 2772 2802 2804 2773
f 2918 2947 2949 2948
f 1857 1912 1911 1859
f 3476 3479 3478 3477
f 17 18 20 19
f 1721 1776 1777 1722
f 1634 1686 1687 1636
f 3364 3377 3378 3365
f 826 873 874 827
f 1700 1751 1750 1699
f 3344 3361 3362 3346
f 3649 3678 3679 3650
f 2940 2968 2969 2941
f 3251 3258 3259 3252
f 1106 1148 1149 1107
f 2698 2751 2752 2699
f 3326 3339 3340 3328
f 3336 3352 3353 3337
f 2220 2273 2274 2219
f 377 415 416 378
f 2334 2390 2391 2335
f 3064 3086 3085 3066
f 1683 1736 1737 1684
f 3246 3252 3253 3247
f 3359 3372 3373 3360
f 3304 3318 3317 3303
f 952 953 955 954
f 3402 3415 3416 3403
f 2907 2938 2940 2908
f 3309 3322 3323 3310
f 3174 3187 3189 3176
f 3335 3351 3350 3334
f 3642 3672 3673 3643
f 2308 2363 2364 2309
f 2440 2501 2502 2441
f 1130 1170 1171 1131
f 506 553 554 507
f 3373 3386 3387 3374
f 3030 3055 3056 3031
f 3311 3324 3326 3325
f 3403 3416 3417 3404
f 3012 3035 3034 3011
f 59 76 77 60
f 1667 1722 1723 1668
f 3366 3379 3381 3368
f 2642 2701 2702 2643
f 3468 3526 3527 3469
f 2970 2995 2996 2971
f 841 884 885 842
f 2697 2750 2751 2698
f 2401 2459 2460 2402
f 3389 3403 3404 3390
f 1612 1668 1669 1613
f 520 566 567 522
f 3514 3515 3517 3516
f 3062 3083 3084 3063
f 3144 3160 3161 3145
f 3381 3394 3396 3382
f 3651 3680 3681 3652
f 3383 3397 3398 3384
f 3368 3381 3382 3369
f 1200 1233 1234 1201
f 2576 2634 2635 2578
f 2649 2704 2706 2650
f 1033 1083 1084 1034
f 1818 1880 1881 1820
f 3407 3421 3420 3409
f 3400 3413 3414 3401
f 2436 2496 2497 2435
f 3076 3096 3097 3077
f 3435 3447 3446 3434
f 3436 3448 3449 3437
f 3325 3326 3328 3327
f 3414 3426 3427 3415
f 1580 1631 1632 1581
f 1473 1519 1520 1474
f 825 872 873 826
f 3570 3612 3613 3571
f 3261 3277 3278 3263
f 3398 3411 3412 3399
f 3423 3436 3437 3424
f 3508 3509 3511 3510
f 3042 3064 3066 3044
f 3490 3491 3493 3492
f 3134 3152 3153 3135
f 3208 3215 3216 3209
f 3109 3129 3130 3110
f 3374 3387 3388 3375
f 3424 3437 3438 3425
f 2516 2570 2571 2517
f 2728 2773 2774 2730
f 1393 1436 1437 1394
f 3697 3723 3722 3696
f 3413 3425 3426 3414
f 1810 1811 1814 1813
f 3415 3427 3428 3416
f 3416 3428 3429 3417
f 1488 1535 1536 1489
f 3467 3525 3526 3468
f 3376 3389 3390 3377
f 3484 3485 3487 3486
f 1859 1911 1913 1860
f 3312 3329 3331 3314
f 3148 3165 3167 3150
f 3689 3714 3715 3690
f 3555 3601 3602 3556
f 3176 3189 3190 3177
f 1737 1789 1790 1738
f 3280 3293 3295 3294
f 2856 2879 2880 2857
f 2588 2645 2646 2589
f 3673 3703 3704 3674
f 3438 3450 3451 3439
f 3716 3740 3741 3717
f 3060 3081 3082 3061
f 3516 3517 3519 3518
f 3486 3487 3489 3488
f 3730 3758 3759 3731
f 1753 1806 1807 1754
f 3626 3658 3659 3627
f 3539 3586 3587 3540
f 3391 3405 3406 3393
f 3504 3505 3507 3506
f 3122 3141 3140 3121
f 1560 1613 1614 1561
f 1722 1777 1778 1723
f 3360 3373 3374 3361
f 906 968 969 907
f 3510 3511 3513 3512
f 3319 3335 3334 3321
f 1096 1140 1139 1098
f 1652 1702 1703 1654
f 3502 3503 3505 3504
f 3498 3548 3550 3501
f 3230 3235 3236 3231
f 3477 3478 3481 3480
f 3455 3468 3469 3456
f 2756 2794 2795 2757
f 1714 1769 1770 1715
f 3453 3466 3467 3454
f 3479 3533 3532 3478
f 3446 3461 3460 3448
f 109 123 124 110
f 2018 2051 2052 2019
f 857 860 859 858
f 3429 3442 3443 3430
f 1636 1687 1688 1637
f 3218 3225 3226 3220
f 2657 2711 2713 2658
f 874 919 920 875
f 3495 3541 3543 3542
f 2828 2854 2853 2830
f 3358 3359 3360 3345
f 1819 1820 1822 1821
f 3487 3537 3538 3489
f 3472 3473 3475 3474
f 804 853 854 805
f 3618 3651 3652 3619
f 3674 3704 3705 3675
f 2441 2502 2503 2442
f 1337 1373 1374 1338
f 3412 3424 3425 3413
f 3493 3540 3541 3495
f 3382 3396 3397 3383
f 3463 3520 3522 3464
f 3604 3640 3641 3605
f 2104 2143 2144 2105
f 3348 3364 3365 3349
f 3517 3558 3559 3519
f 2824 2850 2851 2825
f 3595 3632 3634 3633
f 2674 2731 2733 2676
f 3544 3545 3547 3546
f 2916 2946 2947 2918
f 433 479 480 434
f 3547 3591 3593 3592
f 3448 3460 3462 3449
f 1739 1791 1792 1740
f 1684 1737 1738 1685
f 3298 3314 3315 3299
f 1754 1807 1808 1756
f 3528 3575 3576 3529
f 3478 3532 3534 3481
f 3519 3559 3561 3560
f 3572 3614 3615 3573
f 1672 1727 1728 1673
f 3666 3696 3698 3668
f 3430 3443 3444 3431
f 1785 1849 1850 1786
f 3533 3580 3579 3532
f 3534 3581 3582 3535
f 3543 3589 3590 3545
f 2408 2469 2470 2409
f 2681 2738 2739 2682
f 3525 3572 3573 3526
f 3044 3066 3067 3045
f 3592 3593 3595 3594
f 3232 3237 3239 3238
f 3587 3626 3627 3588
f 3588 3627 3628 3589
f 3501 3550 3551 3503
f 3571 3613 3614 3572
f 1660 1715 1716 1661
f 3536 3583 3584 3537
f 3370 3383 3384 3371
f 3558 3604 3605 3559
f 3559 3605 3606 3561
f 3560 3561 3563 3562
f 3116 3136 3137 3117
f 3420 3435 3434 3422
f 2673 2728 2730 2729
f 34 53 54 35
f 3437 3449 3450 3438
f 3550 3597 3596 3551
f 3551 3596 3598 3552
f 2688 2742 2743 2690
f 3470 3528 3529 3471
f 3527 3574 3575 3528
f 3480 3481 3483 3482
f 3236 3244 3245 3237
f 225 244 246 227
f 2665 2720 2721 2666
f 3464 3522 3523 3465
f 1795 1858 1857 1794
f 3542 3543 3545 3544
f 3471 3529 3530 3473
f 3660 3688 3689 3661
f 3565 3608 3609 3567
f 1794 1857 1859 1796
f 3343 3345 3344 3330
f 3576 3618 3619 3577
f 3434 3446 3448 3436
f 3650 3679 3680 3651
f 3627 3659 3660 3628
f 3605 3641 3642 3606
f 3015 3038 3039 3016
f 3608 3644 3645 3609
f 2288 2343 2344 2289
f 3384 3398 3399 3385
f 1786 1850 1851 1787
f 3729 3757 3758 3730
f 1771 1838 1839 1772
f 3635 3667 3666 3637
f 1860 1913 1914 1861
f 3644 3674 3675 3645
f 3582 3622 3621 3583
f 3621 3655 3654 3623
f 3590 3629 3630 3591
f 2794 2822 2823 2795
f 3624 3656 3657 3625
f 2628 2680 2681 2629
f 3500 3501 3503 3502
f 1770 1837 1838 1771
f 3652 3681 3682 3653
f 3630 3662 3663 3631
f 3616 3649 3650 3617
f 73 87 88 74
f 945 1001 1002 947
f 3515 3557 3558 3517
f 3745 3748 3747 3746
f 3619 3652 3653 3620
f 3584 3623 3624 3585
f 2378 2379 2380 2325
f 3404 3417 3418 3405
f 3006 3027 3028 3007
f 3568 3610 3612 3570
f 3613 3647 3646 3614
f 3646 3677 3676 3648
f 3631 3663 3664 3632
f 3648 3676 3678 3649
f 790 834 835 791
f 3662 3690 3691 3663
f 1193 1226 1227 1194
f 3713 3737 3738 3714
f 3573 3615 3616 3574
f 3638 3668 3669 3639
f 2028 2063 2064 2029
f 3656 3683 3685 3657
f 3352 3367 3366 3353
f 3556 3602 3603 3557
f 1353 1388 1389 1354
f 3714 3738 3739 3715
f 3691 3716 3717 3692
f 898 941 943 942
f 3606 3642 3643 3607
f 3599 3636 3635 3600
f 3600 3635 3637 3601
f 3564 3565 3567 3566
f 129 141 142 130
f 2833 2857 2858 2835
f 3664 3692 3693 3665
f 1835 1893 1894 1836
f 2714 2761 2763 2715
f 3602 3638 3639 3603
f 3488 3489 3491 3490
f 3722 3752 3751 3724
f 3742 3770 3771 3743
f 3640 3670 3671 3641
f 3661 3689 3690 3662
f 3526 3573 3574 3527
f 1764 1831 1832 1765
f 3496 3499 3498 3497
f 2912 2944 2945 2914
f 3698 3724 3725 3699
f 3390 3404 3405 3391
f 3671 3701 3702 3672
f 2864 2890 2891 2865
f 3632 3664 3665 3634
f 3746 3747 3750 3749
f 2753 2791 2793 2755
f 3540 3587 3588 3541
f 3693 3718 3719 3695
f 3038 3061 3062 3039
f 3703 3729 3730 3704
f 3708 3734 3733 3710
f 3700 3726 3727 3701
f 585 633 634 587
f 11 12 14 13
f 1811 1876 1878 1814
f 36 55 56 37
f 1740 1792 1793 1741
f 2872 2898 2897 2871
f 3690 3715 3716 3691
f 51 67 69 52
f 3739 3767 3768 3740
f 1914 1961 1962 1915
f 3717 3741 3742 3718
f 3719 3743 3744 3721
f 2880 2907 2908 2881
f 18 37 38 20
f 3754 3781 3782 3755
f 2737 2783 2784 2738
f 3672 3702 3703 3673
f 3701 3727 3728 3702
f 3726 3754 3755 3727
f 3711 3735 3736 3712
f 2888 2922 2923 2890
f 3724 3751 3753 3725
f 71 85 86 72
f 3668 3698 3699 3669
f 3687 3712 3713 3688
f 29 30 31 8
f 1833 1891 1892 1834
f 2713 2762 2761 2714
f 3738 3766 3767 3739
f 3669 3699 3700 3670
f 212 229 230 213
f 3607 3643 3644 3608
f 3752 3779 3778 3751
