# exported by blender_batch_chars_to_s.py fallback
v 0.624026 -0.030046 0.000000
v 0.630573 -0.029412 0.000000
v 0.630103 -0.033917 0.056346
v 0.620941 -0.034274 0.000000
v 0.639427 -0.029412 0.000000
v 0.639897 -0.033917 0.056346
v 0.645974 -0.030046 0.000000
v 0.649059 -0.034274 0.000000
v 0.614012 -0.036322 0.000000
v 0.620099 -0.040396 0.062783
v 0.610516 -0.040871 0.000000
v 0.630008 -0.040335 0.085870
v 0.639992 -0.040335 0.085871
v 0.649902 -0.040396 0.062810
v 0.655991 -0.036321 0.000000
v 0.659525 -0.040862 0.000000
v 0.594039 -0.043443 0.000000
v 0.600674 -0.042551 0.000000
v 0.600115 -0.047318 0.058439
v 0.591012 -0.047708 0.000000
v 0.610039 -0.047086 0.073243
v 0.620005 -0.047036 0.090334
v 0.630000 -0.047032 0.100727
v 0.640000 -0.047032 0.100746
v 0.649995 -0.047036 0.090501
v 0.659967 -0.047085 0.074981
v 0.669899 -0.042435 0.000000
v 0.669992 -0.047282 0.069449
v 0.679372 -0.042810 0.000000
v 0.679922 -0.047344 0.058586
v 0.686031 -0.043468 0.000000
v 0.689486 -0.047634 0.000000
v 0.584719 -0.049740 0.000000
v 0.590481 -0.053822 0.056239
v 0.583777 -0.054135 0.000000
v 0.600033 -0.053770 0.084800
v 0.610002 -0.053753 0.095463
v 0.620000 -0.053750 0.103316
v 0.630000 -0.053750 0.109421
v 0.640000 -0.053750 0.109621
v 0.650000 -0.053750 0.103917
v 0.659999 -0.053753 0.097579
v 0.670000 -0.053767 0.094918
v 0.679996 -0.053771 0.088803
v 0.689962 -0.053807 0.073128
v 0.699326 -0.049272 0.000000
v 0.699888 -0.054037 0.058695
v 0.705966 -0.050162 0.000000
v 0.709055 -0.054429 0.000000
v 0.590472 -0.060421 0.057056
v 0.583775 -0.060087 0.000000
v 0.600031 -0.060466 0.088527
v 0.610001 -0.060469 0.101735
v 0.620000 -0.060469 0.108577
v 0.630000 -0.060469 0.114386
v 0.640000 -0.060469 0.115873
v 0.650000 -0.060469 0.112525
v 0.660000 -0.060469 0.109204
v 0.670000 -0.060469 0.107310
v 0.680000 -0.060469 0.103105
v 0.689999 -0.060471 0.096305
v 0.699991 -0.060489 0.087332
v 0.709866 -0.060559 0.062461
v 0.715921 -0.056490 0.000000
v 0.718986 -0.061104 0.000000
v 0.590898 -0.066840 0.000000
v 0.584701 -0.064524 0.000000
v 0.600084 -0.067148 0.074654
v 0.610005 -0.067184 0.093618
v 0.620000 -0.067187 0.103347
v 0.630000 -0.067188 0.111135
v 0.640000 -0.067188 0.116822
v 0.650000 -0.067188 0.118630
v 0.660000 -0.067188 0.118006
v 0.670000 -0.067188 0.116530
v 0.680000 -0.067188 0.112460
v 0.690000 -0.067188 0.108041
v 0.699999 -0.067188 0.101962
v 0.709966 -0.067194 0.088270
v 0.719521 -0.067261 0.059401
v 0.725282 -0.063177 0.000000
v 0.726242 -0.067612 0.000000
v 0.334030 -0.070357 0.000000
v 0.340631 -0.069713 0.000000
v 0.340109 -0.074228 0.058147
v 0.330941 -0.074587 0.000000
v 0.350055 -0.069596 0.000000
v 0.350005 -0.074192 0.068696
v 0.359939 -0.069596 0.000000
v 0.359973 -0.074192 0.068249
v 0.369285 -0.069710 0.000000
v 0.369597 -0.074215 0.055250
v 0.375386 -0.070331 0.000000
v 0.376713 -0.074411 0.000000
v 0.600409 -0.073632 0.055758
v 0.593332 -0.073397 0.000000
v 0.610059 -0.073852 0.072829
v 0.620005 -0.073902 0.090692
v 0.630000 -0.073906 0.103888
v 0.640000 -0.073906 0.114133
v 0.650000 -0.073906 0.121973
v 0.660000 -0.073906 0.125462
v 0.670000 -0.073906 0.124954
v 0.680000 -0.073906 0.120975
v 0.690000 -0.073906 0.116971
v 0.699999 -0.073906 0.110775
v 0.709973 -0.073906 0.099438
v 0.719574 -0.073910 0.073347
v 0.726417 -0.073945 0.000000
v 0.324009 -0.076634 0.000000
v 0.330098 -0.080708 0.062921
v 0.320475 -0.081174 0.000000
v 0.340008 -0.080647 0.087138
v 0.350000 -0.080644 0.094226
v 0.359997 -0.080644 0.092142
v 0.369950 -0.080661 0.075196
v 0.379599 -0.080897 0.000000
v 0.600758 -0.078388 0.000000
v 0.594621 -0.077521 0.000000
v 0.610519 -0.080069 0.000000
v 0.620090 -0.080566 0.064009
v 0.630006 -0.080622 0.093236
v 0.640000 -0.080625 0.110180
v 0.650000 -0.080625 0.122407
v 0.660000 -0.080625 0.130810
v 0.670000 -0.080625 0.132545
v 0.680000 -0.080625 0.129194
v 0.690000 -0.080625 0.124883
v 0.699999 -0.080625 0.117201
v 0.709973 -0.080625 0.104162
v 0.719577 -0.080625 0.076763
v 0.726434 -0.080627 0.000000
v 0.293969 -0.083780 0.000000
v 0.300629 -0.083123 0.000000
v 0.300078 -0.087657 0.058535
v 0.290518 -0.087947 0.000000
v 0.310102 -0.082747 0.000000
v 0.310008 -0.087595 0.069410
v 0.320033 -0.087397 0.074953
v 0.330005 -0.087349 0.090618
v 0.340000 -0.087344 0.101987
v 0.350000 -0.087344 0.106550
v 0.360000 -0.087344 0.104522
v 0.369997 -0.087346 0.093545
v 0.379971 -0.087378 0.074075
v 0.389338 -0.082836 0.000000
v 0.389889 -0.087629 0.058776
v 0.395967 -0.083753 0.000000
v 0.399055 -0.088022 0.000000
v 0.620813 -0.087027 0.000000
v 0.613993 -0.084663 0.000000
v 0.630079 -0.087322 0.080562
v 0.640004 -0.087343 0.106760
v 0.650000 -0.087344 0.121874
v 0.660000 -0.087344 0.133312
v 0.670000 -0.087344 0.138923
v 0.680000 -0.087344 0.136764
v 0.690000 -0.087344 0.130826
v 0.699999 -0.087344 0.120522
v 0.709973 -0.087344 0.105620
v 0.719577 -0.087344 0.077299
v 0.726435 -0.087344 0.000000
v 0.274681 -0.090443 0.000000
v 0.280763 -0.089582 0.000000
v 0.280463 -0.094331 0.052539
v 0.273774 -0.094504 0.000000
v 0.290062 -0.094119 0.070990
v 0.300005 -0.094083 0.088059
v 0.310000 -0.094079 0.094324
v 0.320001 -0.094065 0.097016
v 0.330000 -0.094063 0.103643
v 0.340000 -0.094063 0.110844
v 0.350000 -0.094063 0.115001
v 0.360000 -0.094063 0.112404
v 0.370000 -0.094063 0.104685
v 0.379999 -0.094064 0.096501
v 0.389991 -0.094083 0.087256
v 0.399866 -0.094152 0.062240
v 0.405921 -0.090084 0.000000
v 0.408986 -0.094697 0.000000
v 0.630371 -0.094061 0.077735
v 0.623140 -0.094033 0.000000
v 0.640025 -0.094062 0.106011
v 0.650001 -0.094063 0.121821
v 0.660000 -0.094062 0.134708
v 0.670000 -0.094062 0.143628
v 0.680000 -0.094062 0.142208
v 0.690000 -0.094062 0.133721
v 0.699999 -0.094062 0.121501
v 0.709973 -0.094062 0.105875
v 0.719577 -0.094063 0.077349
v 0.726435 -0.094063 0.000000
v 0.280481 -0.100727 0.055592
v 0.273777 -0.100400 0.000000
v 0.290035 -0.100778 0.082593
v 0.300001 -0.100781 0.097145
v 0.310000 -0.100781 0.102351
v 0.320000 -0.100781 0.104479
v 0.330000 -0.100781 0.109195
v 0.340000 -0.100781 0.116203
v 0.350000 -0.100781 0.121215
v 0.360000 -0.100781 0.119084
v 0.370000 -0.100781 0.113043
v 0.380000 -0.100781 0.107812
v 0.389999 -0.100782 0.101099
v 0.399966 -0.100787 0.086320
v 0.409519 -0.100851 0.056425
v 0.415281 -0.096768 0.000000
v 0.416223 -0.101166 0.000000
v 0.630419 -0.100781 0.077379
v 0.623526 -0.100780 0.000000
v 0.640027 -0.100781 0.105933
v 0.650001 -0.100781 0.121826
v 0.660000 -0.100781 0.135016
v 0.670000 -0.100781 0.144765
v 0.680000 -0.100781 0.142997
v 0.690000 -0.100781 0.133479
v 0.699999 -0.100781 0.121093
v 0.709973 -0.100781 0.105686
v 0.719577 -0.100781 0.077303
v 0.726435 -0.100781 0.000000
v 0.281014 -0.106866 0.000000
v 0.274719 -0.104795 0.000000
v 0.290134 -0.107410 0.061822
v 0.300009 -0.107478 0.086608
v 0.310000 -0.107483 0.094215
v 0.320001 -0.107498 0.097148
v 0.330000 -0.107500 0.104635
v 0.340000 -0.107500 0.114246
v 0.350000 -0.107500 0.122599
v 0.360000 -0.107500 0.124495
v 0.370000 -0.107500 0.120322
v 0.380000 -0.107500 0.114872
v 0.389999 -0.107500 0.106226
v 0.399969 -0.107497 0.089814
v 0.409528 -0.107453 0.057228
v 0.416225 -0.107118 0.000000
v 0.630423 -0.107500 0.077356
v 0.623561 -0.107500 0.000000
v 0.640027 -0.107500 0.105928
v 0.650001 -0.107500 0.121818
v 0.660000 -0.107500 0.134942
v 0.670000 -0.107500 0.144153
v 0.680000 -0.107500 0.140484
v 0.690000 -0.107500 0.130290
v 0.699999 -0.107500 0.118720
v 0.709973 -0.107500 0.104410
v 0.719577 -0.107500 0.076784
v 0.726434 -0.107498 0.000000
v 0.290945 -0.113537 0.000000
v 0.284079 -0.111478 0.000000
v 0.300109 -0.113899 0.058159
v 0.310008 -0.113970 0.069473
v 0.320023 -0.114187 0.075865
v 0.330002 -0.114217 0.094969
v 0.340000 -0.114219 0.110269
v 0.350000 -0.114219 0.122056
v 0.360000 -0.114219 0.128405
v 0.370000 -0.114219 0.124961
v 0.380000 -0.114219 0.116985
v 0.389996 -0.114218 0.104635
v 0.399917 -0.114197 0.079632
v 0.409115 -0.113901 0.000000
v 0.415300 -0.111557 0.000000
v 0.630419 -0.114219 0.077379
v 0.623526 -0.114220 0.000000
v 0.640027 -0.114219 0.105932
v 0.650001 -0.114219 0.121813
v 0.660000 -0.114219 0.134831
v 0.670000 -0.114219 0.143339
v 0.680000 -0.114219 0.137666
v 0.690000 -0.114219 0.126436
v 0.699999 -0.114219 0.114553
v 0.709973 -0.114219 0.100471
v 0.719575 -0.114215 0.073487
v 0.726417 -0.114180 0.000000
v 0.300633 -0.118440 0.000000
v 0.294031 -0.117770 0.000000
v 0.310089 -0.118845 0.000000
v 0.320346 -0.120706 0.000000
v 0.330047 -0.120922 0.080929
v 0.340003 -0.120937 0.106510
v 0.350000 -0.120937 0.120718
v 0.360000 -0.120937 0.128507
v 0.370000 -0.120937 0.124231
v 0.379999 -0.120937 0.114177
v 0.389975 -0.120937 0.100491
v 0.399626 -0.120932 0.073846
v 0.406838 -0.120869 0.000000
v 0.630371 -0.120939 0.077733
v 0.623143 -0.120967 0.000000
v 0.640025 -0.120938 0.106011
v 0.650001 -0.120937 0.121830
v 0.660000 -0.120937 0.134673
v 0.670000 -0.120937 0.142425
v 0.680000 -0.120937 0.135551
v 0.690000 -0.120937 0.123488
v 0.699999 -0.120937 0.110246
v 0.709969 -0.120935 0.092621
v 0.719531 -0.120886 0.060316
v 0.726243 -0.120517 0.000000
v 0.330368 -0.127655 0.077196
v 0.323098 -0.127634 0.000000
v 0.340025 -0.127656 0.104457
v 0.350001 -0.127656 0.118172
v 0.360000 -0.127656 0.125618
v 0.370000 -0.127656 0.121483
v 0.379999 -0.127656 0.110028
v 0.389969 -0.127654 0.092612
v 0.399534 -0.127605 0.060339
v 0.406282 -0.127234 0.000000
v 0.630083 -0.127678 0.080510
v 0.620884 -0.127972 0.000000
v 0.640004 -0.127657 0.106774
v 0.650000 -0.127656 0.122065
v 0.660000 -0.127656 0.134315
v 0.670000 -0.127656 0.140567
v 0.680000 -0.127656 0.133463
v 0.690000 -0.127656 0.121434
v 0.699996 -0.127655 0.106539
v 0.709917 -0.127634 0.080458
v 0.719116 -0.127340 0.000000
v 0.725302 -0.124992 0.000000
v 0.330422 -0.134372 0.073510
v 0.323542 -0.134335 0.000000
v 0.340027 -0.134375 0.100442
v 0.350001 -0.134375 0.114042
v 0.360000 -0.134375 0.122173
v 0.370000 -0.134375 0.119394
v 0.379996 -0.134374 0.106463
v 0.389917 -0.134353 0.080490
v 0.399116 -0.134059 0.000000
v 0.405305 -0.131711 0.000000
v 0.614698 -0.130320 0.000000
v 0.620469 -0.134426 0.060317
v 0.613755 -0.134796 0.000000
v 0.630031 -0.134378 0.092623
v 0.640001 -0.134375 0.110251
v 0.650000 -0.134375 0.123356
v 0.660000 -0.134375 0.134144
v 0.670000 -0.134375 0.137324
v 0.680000 -0.134375 0.129775
v 0.689999 -0.134375 0.118697
v 0.699975 -0.134375 0.104490
v 0.709629 -0.134373 0.077162
v 0.716856 -0.134344 0.000000
v 0.330469 -0.141043 0.060316
v 0.323755 -0.140673 0.000000
v 0.340031 -0.141091 0.092594
v 0.350001 -0.141094 0.109806
v 0.360000 -0.141094 0.119676
v 0.369999 -0.141094 0.118496
v 0.379975 -0.141094 0.105620
v 0.389629 -0.141092 0.077708
v 0.396857 -0.141065 0.000000
v 0.620422 -0.141097 0.073511
v 0.613545 -0.141134 0.000000
v 0.630027 -0.141094 0.100475
v 0.640001 -0.141094 0.114527
v 0.650000 -0.141094 0.126023
v 0.660000 -0.141094 0.134662
v 0.670000 -0.141094 0.133552
v 0.680000 -0.141094 0.125073
v 0.689999 -0.141094 0.114217
v 0.699973 -0.141094 0.100416
v 0.709578 -0.141090 0.073506
v 0.716455 -0.141053 0.000000
v 0.330884 -0.147496 0.000000
v 0.324698 -0.145148 0.000000
v 0.340083 -0.147791 0.080482
v 0.350004 -0.147812 0.106343
v 0.360000 -0.147813 0.118421
v 0.369999 -0.147812 0.118180
v 0.379973 -0.147813 0.105506
v 0.389581 -0.147812 0.077351
v 0.396474 -0.147811 0.000000
v 0.620371 -0.147815 0.077162
v 0.613144 -0.147844 0.000000
v 0.630025 -0.147813 0.104491
v 0.640001 -0.147812 0.118679
v 0.650000 -0.147812 0.129427
v 0.660000 -0.147813 0.135270
v 0.670000 -0.147813 0.129808
v 0.680000 -0.147813 0.119938
v 0.689999 -0.147812 0.108612
v 0.699969 -0.147810 0.092036
v 0.709531 -0.147760 0.060223
v 0.716245 -0.147392 0.000000
v 0.340371 -0.154529 0.077703
v 0.333143 -0.154502 0.000000
v 0.350025 -0.154531 0.105561
v 0.360001 -0.154531 0.118094
v 0.369999 -0.154531 0.118067
v 0.379973 -0.154531 0.105478
v 0.389577 -0.154531 0.077325
v 0.396437 -0.154531 0.000000
v 0.620083 -0.154553 0.080458
v 0.610884 -0.154847 0.000000
v 0.630004 -0.154532 0.106522
v 0.640000 -0.154531 0.121183
v 0.650000 -0.154531 0.131570
v 0.660000 -0.154531 0.133856
v 0.670000 -0.154531 0.125862
v 0.680000 -0.154531 0.114690
v 0.689996 -0.154530 0.101282
v 0.699915 -0.154506 0.076656
v 0.709102 -0.154186 0.000000
v 0.715301 -0.151865 0.000000
v 0.340419 -0.161250 0.077300
v 0.333526 -0.161249 0.000000
v 0.350027 -0.161250 0.105279
v 0.360001 -0.161250 0.117604
v 0.369999 -0.161250 0.117602
v 0.379973 -0.161250 0.105275
v 0.389577 -0.161250 0.077276
v 0.396435 -0.161250 0.000000
v 0.604698 -0.157195 0.000000
v 0.610469 -0.161301 0.060316
v 0.603757 -0.161671 0.000000
v 0.620031 -0.161253 0.092619
v 0.630001 -0.161250 0.110200
v 0.640000 -0.161250 0.122906
v 0.650000 -0.161250 0.131734
v 0.660000 -0.161250 0.130806
v 0.670000 -0.161250 0.122139
v 0.679999 -0.161250 0.109958
v 0.689972 -0.161247 0.092646
v 0.699583 -0.161197 0.060690
v 0.706666 -0.160801 0.000000
v 0.340423 -0.167969 0.076762
v 0.333564 -0.167967 0.000000
v 0.350027 -0.167969 0.104052
v 0.360001 -0.167969 0.115587
v 0.369999 -0.167969 0.115587
v 0.379973 -0.167969 0.104052
v 0.389577 -0.167969 0.076762
v 0.396434 -0.167967 0.000000
v 0.610425 -0.167972 0.073487
v 0.603582 -0.168008 0.000000
v 0.620028 -0.167969 0.100463
v 0.630001 -0.167969 0.114399
v 0.640000 -0.167969 0.124971
v 0.650000 -0.167969 0.130371
v 0.660000 -0.167969 0.126171
v 0.670000 -0.167969 0.117754
v 0.679996 -0.167968 0.105032
v 0.689918 -0.167947 0.079924
v 0.699119 -0.167651 0.000000
v 0.705360 -0.165302 0.000000
v 0.340424 -0.174684 0.073466
v 0.333583 -0.174649 0.000000
v 0.350027 -0.174687 0.100096
v 0.360001 -0.174688 0.111307
v 0.369999 -0.174688 0.111307
v 0.379972 -0.174687 0.100095
v 0.389575 -0.174684 0.073463
v 0.396416 -0.174649 0.000000
v 0.610420 -0.174688 0.076807
v 0.603527 -0.174691 0.000000
v 0.620027 -0.174688 0.104382
v 0.630001 -0.174688 0.118268
v 0.640000 -0.174688 0.126903
v 0.650000 -0.174688 0.127436
v 0.660000 -0.174688 0.120372
v 0.669999 -0.174688 0.111553
v 0.679975 -0.174687 0.099605
v 0.689626 -0.174681 0.073731
v 0.696838 -0.174619 0.000000
v 0.340447 -0.181356 0.060358
v 0.333753 -0.180986 0.000000
v 0.350029 -0.181404 0.092229
v 0.360001 -0.181406 0.106690
v 0.369999 -0.181406 0.106687
v 0.379969 -0.181404 0.092209
v 0.389531 -0.181355 0.060290
v 0.396243 -0.180985 0.000000
v 0.610371 -0.181408 0.077676
v 0.603143 -0.181436 0.000000
v 0.620025 -0.181406 0.105667
v 0.630001 -0.181406 0.120024
v 0.640000 -0.181406 0.127090
v 0.650000 -0.181406 0.123777
v 0.660000 -0.181406 0.114598
v 0.669999 -0.181406 0.103759
v 0.679967 -0.181401 0.088510
v 0.689525 -0.181333 0.059441
v 0.696281 -0.180981 0.000000
v 0.340574 -0.187831 0.000000
v 0.334655 -0.185463 0.000000
v 0.350039 -0.188105 0.080408
v 0.360001 -0.188124 0.102963
v 0.369996 -0.188124 0.102902
v 0.379918 -0.188103 0.080070
v 0.389116 -0.187809 0.000000
v 0.395302 -0.185461 0.000000
v 0.610083 -0.188147 0.080489
v 0.600884 -0.188441 0.000000
v 0.620004 -0.188126 0.106467
v 0.630000 -0.188125 0.119546
v 0.640000 -0.188125 0.123358
v 0.650000 -0.188125 0.118304
v 0.660000 -0.188125 0.108420
v 0.669993 -0.188122 0.092613
v 0.679875 -0.188058 0.063470
v 0.688987 -0.187493 0.000000
v 0.695285 -0.185417 0.000000
v 0.873965 -0.184563 0.000000
v 0.880626 -0.183930 0.000000
v 0.880076 -0.188440 0.058570
v 0.870470 -0.188719 0.000000
v 0.890055 -0.183815 0.000000
v 0.890005 -0.188411 0.068757
v 0.899945 -0.183815 0.000000
v 0.899995 -0.188411 0.068757
v 0.909374 -0.183930 0.000000
v 0.909924 -0.188440 0.058570
v 0.916035 -0.184563 0.000000
v 0.919530 -0.188718 0.000000
v 0.953061 -0.184767 0.000000
v 0.956866 -0.184778 0.000000
v 0.959151 -0.188843 0.000000
v 0.950342 -0.188761 0.000000
v 0.350039 -0.194864 0.080184
v 0.340574 -0.195138 0.000000
v 0.360000 -0.194845 0.102737
v 0.369975 -0.194844 0.102163
v 0.379629 -0.194842 0.077297
v 0.386857 -0.194815 0.000000
v 0.594698 -0.190789 0.000000
v 0.600469 -0.194895 0.060316
v 0.593755 -0.195265 0.000000
v 0.610031 -0.194846 0.092588
v 0.620001 -0.194844 0.109730
v 0.630000 -0.194844 0.119296
v 0.640000 -0.194844 0.118524
v 0.650000 -0.194844 0.111491
v 0.659996 -0.194843 0.100324
v 0.669918 -0.194818 0.076574
v 0.679169 -0.194497 0.000000
v 0.685940 -0.192148 0.000000
v 0.834031 -0.191295 0.000000
v 0.840631 -0.190649 0.000000
v 0.840109 -0.195165 0.058146
v 0.830945 -0.195525 0.000000
v 0.850060 -0.190507 0.000000
v 0.850006 -0.195128 0.068892
v 0.860046 -0.190238 0.000000
v 0.860003 -0.195093 0.071065
v 0.870033 -0.194899 0.074911
v 0.880004 -0.194865 0.088921
v 0.890000 -0.194862 0.094610
v 0.900000 -0.194862 0.094611
v 0.909996 -0.194865 0.088924
v 0.919967 -0.194899 0.074928
v 0.929959 -0.190211 0.000000
v 0.929997 -0.195091 0.071210
v 0.940035 -0.190213 0.000000
v 0.940003 -0.195091 0.070458
v 0.950023 -0.194903 0.068046
v 0.959874 -0.194936 0.057405
v 0.965933 -0.190868 0.000000
v 0.969053 -0.195480 0.000000
v 0.334656 -0.197503 0.000000
v 0.340450 -0.201609 0.057370
v 0.333772 -0.201944 0.000000
v 0.350029 -0.201565 0.090143
v 0.360000 -0.201563 0.104953
v 0.369973 -0.201562 0.102426
v 0.379580 -0.201562 0.076979
v 0.386474 -0.201561 0.000000
v 0.600422 -0.201566 0.073507
v 0.593545 -0.201603 0.000000
v 0.610027 -0.201563 0.100393
v 0.620001 -0.201562 0.113528
v 0.630000 -0.201562 0.119576
v 0.640000 -0.201562 0.114051
v 0.649999 -0.201562 0.103758
v 0.659970 -0.201557 0.088590
v 0.669573 -0.201488 0.059799
v 0.676668 -0.201110 0.000000
v 0.824074 -0.197584 0.000000
v 0.830130 -0.201652 0.062467
v 0.820944 -0.202198 0.000000
v 0.840009 -0.201585 0.086998
v 0.850000 -0.201581 0.094327
v 0.860000 -0.201579 0.095678
v 0.870001 -0.201565 0.097397
v 0.880000 -0.201563 0.103133
v 0.890000 -0.201563 0.107029
v 0.900000 -0.201563 0.107049
v 0.910000 -0.201563 0.103200
v 0.919999 -0.201565 0.097592
v 0.930000 -0.201579 0.096060
v 0.940000 -0.201579 0.095760
v 0.950001 -0.201565 0.094525
v 0.959990 -0.201569 0.087085
v 0.969869 -0.201650 0.062493
v 0.975926 -0.197581 0.000000
v 0.979053 -0.202199 0.000000
v 0.340471 -0.208234 0.057304
v 0.333775 -0.207899 0.000000
v 0.350031 -0.208279 0.090123
v 0.360000 -0.208281 0.104948
v 0.369973 -0.208281 0.102422
v 0.379577 -0.208281 0.076956
v 0.386437 -0.208281 0.000000
v 0.600371 -0.208283 0.077147
v 0.593144 -0.208312 0.000000
v 0.610025 -0.208281 0.104245
v 0.620001 -0.208281 0.116494
v 0.630000 -0.208281 0.118951
v 0.640000 -0.208281 0.109765
v 0.649995 -0.208278 0.093205
v 0.659898 -0.208216 0.063636
v 0.668994 -0.207649 0.000000
v 0.675341 -0.205571 0.000000
v 0.814009 -0.204287 0.000000
v 0.820098 -0.208362 0.063039
v 0.810473 -0.208830 0.000000
v 0.830009 -0.208288 0.088446
v 0.840000 -0.208282 0.100593
v 0.850000 -0.208282 0.104840
v 0.860000 -0.208282 0.106006
v 0.870000 -0.208281 0.107652
v 0.880000 -0.208281 0.111793
v 0.890000 -0.208281 0.115877
v 0.900000 -0.208281 0.116141
v 0.910000 -0.208281 0.112568
v 0.920000 -0.208281 0.109348
v 0.930000 -0.208282 0.108495
v 0.940000 -0.208282 0.108250
v 0.950000 -0.208281 0.107087
v 0.960000 -0.208281 0.101909
v 0.969990 -0.208288 0.088853
v 0.979869 -0.208369 0.062686
v 0.985926 -0.204300 0.000000
v 0.989053 -0.208918 0.000000
v 0.340884 -0.214684 0.000000
v 0.334700 -0.212339 0.000000
v 0.350083 -0.214978 0.079830
v 0.360003 -0.214999 0.102650
v 0.369973 -0.215000 0.102074
v 0.379577 -0.215000 0.076919
v 0.386435 -0.215000 0.000000
v 0.600083 -0.215022 0.080427
v 0.590884 -0.215316 0.000000
v 0.610004 -0.215001 0.106088
v 0.620000 -0.215000 0.117883
v 0.630000 -0.215000 0.118245
v 0.639999 -0.214999 0.106385
v 0.649965 -0.214980 0.080885
v 0.659495 -0.214705 0.000000
v 0.665984 -0.212308 0.000000
v 0.774030 -0.211451 0.000000
v 0.780631 -0.210805 0.000000
v 0.780109 -0.215322 0.058103
v 0.770941 -0.215681 0.000000
v 0.790060 -0.210663 0.000000
v 0.790006 -0.215284 0.068734
v 0.800046 -0.210392 0.000000
v 0.800003 -0.215249 0.070782
v 0.810033 -0.215053 0.074731
v 0.820005 -0.215005 0.089854
v 0.830000 -0.215000 0.099931
v 0.840000 -0.215000 0.104055
v 0.850000 -0.214999 0.105620
v 0.860000 -0.215000 0.106716
v 0.870000 -0.215000 0.110135
v 0.880000 -0.215000 0.115984
v 0.890000 -0.215000 0.121503
v 0.900000 -0.215000 0.123347
v 0.910000 -0.215000 0.120858
v 0.920000 -0.215000 0.118568
v 0.930000 -0.215000 0.117950
v 0.940000 -0.215000 0.117692
v 0.950000 -0.215000 0.116302
v 0.960000 -0.215000 0.111162
v 0.970000 -0.215000 0.102678
v 0.979990 -0.215007 0.088724
v 0.989866 -0.215088 0.062389
v 0.995921 -0.211018 0.000000
v 0.998986 -0.215635 0.000000
v 0.350371 -0.221717 0.077273
v 0.343143 -0.221690 0.000000
v 0.360024 -0.221719 0.102051
v 0.369973 -0.221719 0.101989
v 0.379577 -0.221719 0.076911
v 0.386435 -0.221719 0.000000
v 0.584695 -0.217664 0.000000
v 0.590465 -0.221770 0.060334
v 0.583718 -0.222141 0.000000
v 0.600031 -0.221722 0.092516
v 0.610001 -0.221719 0.109237
v 0.620000 -0.221719 0.118096
v 0.630000 -0.221719 0.117483
v 0.639999 -0.221720 0.106048
v 0.649965 -0.221739 0.080823
v 0.659499 -0.222013 0.000000
v 0.764009 -0.217727 0.000000
v 0.770098 -0.221802 0.062685
v 0.760475 -0.222268 0.000000
v 0.780008 -0.221741 0.086513
v 0.790000 -0.221737 0.092959
v 0.800000 -0.221735 0.093188
v 0.810001 -0.221721 0.094326
v 0.820000 -0.221718 0.098761
v 0.830000 -0.221718 0.099869
v 0.839999 -0.221716 0.096663
v 0.850000 -0.221704 0.095903
v 0.860001 -0.221716 0.097406
v 0.870000 -0.221719 0.103866
v 0.880000 -0.221719 0.111691
v 0.890000 -0.221719 0.119638
v 0.900000 -0.221719 0.126055
v 0.910000 -0.221719 0.127834
v 0.920000 -0.221719 0.127208
v 0.930000 -0.221719 0.126870
v 0.940000 -0.221719 0.126499
v 0.950000 -0.221719 0.124539
v 0.960000 -0.221719 0.118596
v 0.970000 -0.221719 0.110355
v 0.979999 -0.221719 0.100763
v 0.989966 -0.221725 0.085864
v 0.999518 -0.221788 0.056345
v 1.005281 -0.217705 0.000000
v 1.006224 -0.222104 0.000000
v 0.350419 -0.228437 0.076934
v 0.343526 -0.228436 0.000000
v 0.360026 -0.228437 0.101984
v 0.369974 -0.228437 0.101980
v 0.379577 -0.228438 0.076910
v 0.386435 -0.228438 0.000000
v 0.590373 -0.228443 0.073806
v 0.583162 -0.228506 0.000000
v 0.600025 -0.228438 0.099903
v 0.610001 -0.228437 0.110913
v 0.620000 -0.228437 0.115296
v 0.630000 -0.228437 0.114492
v 0.640000 -0.228438 0.107390
v 0.649996 -0.228440 0.092596
v 0.659934 -0.228496 0.064004
v 0.666054 -0.224397 0.000000
v 0.669531 -0.228984 0.000000
v 0.733965 -0.224873 0.000000
v 0.740628 -0.224217 0.000000
v 0.740076 -0.228750 0.058514
v 0.730470 -0.229031 0.000000
v 0.750101 -0.223841 0.000000
v 0.750008 -0.228688 0.069009
v 0.760033 -0.228491 0.073934
v 0.770005 -0.228442 0.088436
v 0.780000 -0.228438 0.097557
v 0.790000 -0.228437 0.098381
v 0.799999 -0.228436 0.094292
v 0.810000 -0.228421 0.093194
v 0.820000 -0.228419 0.093125
v 0.829996 -0.228417 0.088423
v 0.839967 -0.228384 0.074869
v 0.850000 -0.228223 0.071753
v 0.860033 -0.228386 0.075161
v 0.870004 -0.228433 0.090883
v 0.880000 -0.228437 0.103989
v 0.890000 -0.228437 0.114914
v 0.900000 -0.228437 0.125272
v 0.910000 -0.228437 0.132801
v 0.920000 -0.228437 0.135351
v 0.930000 -0.228437 0.135609
v 0.940000 -0.228437 0.134664
v 0.950000 -0.228437 0.130857
v 0.960000 -0.228437 0.122908
v 0.970000 -0.228437 0.112677
v 0.979999 -0.228437 0.101559
v 0.989967 -0.228432 0.085983
v 0.999518 -0.228369 0.056354
v 1.006223 -0.228053 0.000000
v 0.350423 -0.235156 0.076911
v 0.343563 -0.235156 0.000000
v 0.360026 -0.235156 0.101980
v 0.369974 -0.235156 0.101980
v 0.379577 -0.235156 0.076910
v 0.386435 -0.235156 0.000000
v 0.590083 -0.235178 0.079623
v 0.580884 -0.235474 0.000000
v 0.600004 -0.235157 0.102745
v 0.610000 -0.235156 0.108771
v 0.620000 -0.235156 0.108583
v 0.630000 -0.235156 0.107795
v 0.640000 -0.235156 0.105521
v 0.650000 -0.235156 0.100521
v 0.659996 -0.235160 0.089973
v 0.669967 -0.235209 0.074904
v 0.679957 -0.230547 0.000000
v 0.679997 -0.235405 0.071180
v 0.689998 -0.230807 0.000000
v 0.690000 -0.235438 0.070703
v 0.700000 -0.230830 0.000000
v 0.700000 -0.235440 0.070678
v 0.710002 -0.230807 0.000000
v 0.710000 -0.235438 0.070676
v 0.720044 -0.230549 0.000000
v 0.720003 -0.235406 0.071044
v 0.730033 -0.235212 0.074526
v 0.740004 -0.235177 0.087800
v 0.750000 -0.235173 0.091058
v 0.760000 -0.235156 0.089549
v 0.770000 -0.235140 0.091898
v 0.780000 -0.235138 0.092914
v 0.789996 -0.235135 0.088244
v 0.799967 -0.235101 0.074544
v 0.809997 -0.234907 0.070771
v 0.819995 -0.234873 0.068757
v 0.829924 -0.234842 0.058539
v 0.839531 -0.234582 0.000000
v 0.850000 -0.233329 0.000000
v 0.860470 -0.234629 0.000000
v 0.870088 -0.235098 0.064043
v 0.880006 -0.235153 0.093245
v 0.890000 -0.235156 0.110309
v 0.900000 -0.235156 0.123349
v 0.910000 -0.235156 0.134631
v 0.920000 -0.235156 0.141692
v 0.930000 -0.235156 0.142894
v 0.940000 -0.235156 0.140187
v 0.950000 -0.235156 0.132849
v 0.960000 -0.235156 0.122274
v 0.970000 -0.235156 0.109793
v 0.979993 -0.235153 0.092908
v 0.989876 -0.235090 0.063290
v 0.998987 -0.234524 0.000000
v 1.005281 -0.232451 0.000000
v 0.350423 -0.241875 0.076910
v 0.343565 -0.241875 0.000000
v 0.360027 -0.241875 0.101980
v 0.369974 -0.241875 0.101980
v 0.379577 -0.241875 0.076910
v 0.386435 -0.241875 0.000000
v 0.574695 -0.237821 0.000000
v 0.580465 -0.241926 0.060244
v 0.573718 -0.242297 0.000000
v 0.590031 -0.241878 0.091529
v 0.600001 -0.241875 0.103691
v 0.610000 -0.241875 0.102672
v 0.619999 -0.241873 0.097541
v 0.630000 -0.241860 0.096162
v 0.640001 -0.241872 0.096840
v 0.650000 -0.241874 0.099946
v 0.660000 -0.241875 0.099063
v 0.669999 -0.241877 0.095710
v 0.680000 -0.241892 0.095397
v 0.690000 -0.241893 0.095637
v 0.700000 -0.241893 0.095735
v 0.710000 -0.241893 0.095376
v 0.720000 -0.241892 0.094428
v 0.730001 -0.241878 0.094243
v 0.740000 -0.241875 0.095985
v 0.749995 -0.241871 0.088191
v 0.759967 -0.241822 0.074045
v 0.769997 -0.241626 0.070633
v 0.779995 -0.241592 0.068739
v 0.789924 -0.241560 0.058523
v 0.799530 -0.241281 0.000000
v 0.809954 -0.239762 0.000000
v 0.819940 -0.239493 0.000000
v 0.829374 -0.239352 0.000000
v 0.836035 -0.238720 0.000000
v 0.870813 -0.241558 0.000000
v 0.863989 -0.239196 0.000000
v 0.880079 -0.241853 0.080563
v 0.890004 -0.241874 0.106782
v 0.900000 -0.241875 0.122143
v 0.910000 -0.241875 0.135055
v 0.920000 -0.241875 0.144598
v 0.930000 -0.241875 0.144998
v 0.940000 -0.241875 0.139327
v 0.950000 -0.241875 0.129976
v 0.960000 -0.241875 0.118964
v 0.969996 -0.241874 0.105243
v 0.979921 -0.241853 0.079976
v 0.989182 -0.241556 0.000000
v 0.995941 -0.239182 0.000000
v 0.350423 -0.248594 0.076910
v 0.343565 -0.248594 0.000000
v 0.360027 -0.248594 0.101980
v 0.369974 -0.248594 0.101980
v 0.379577 -0.248594 0.076910
v 0.386435 -0.248594 0.000000
v 0.580373 -0.248599 0.073478
v 0.573159 -0.248662 0.000000
v 0.590025 -0.248594 0.097367
v 0.600001 -0.248594 0.100160
v 0.609996 -0.248590 0.090405
v 0.619967 -0.248543 0.075144
v 0.630000 -0.248379 0.071770
v 0.640033 -0.248540 0.074892
v 0.650004 -0.248575 0.088609
v 0.660001 -0.248591 0.094706
v 0.670000 -0.248594 0.099882
v 0.680000 -0.248594 0.104058
v 0.690000 -0.248594 0.106319
v 0.700000 -0.248594 0.107058
v 0.710000 -0.248594 0.105123
v 0.720000 -0.248594 0.100153
v 0.729999 -0.248592 0.093710
v 0.739992 -0.248573 0.086413
v 0.749902 -0.248510 0.062660
v 0.759527 -0.248045 0.000000
v 0.769954 -0.246483 0.000000
v 0.779940 -0.246212 0.000000
v 0.789374 -0.246071 0.000000
v 0.796035 -0.245437 0.000000
v 0.880371 -0.248592 0.077735
v 0.873140 -0.248565 0.000000
v 0.890025 -0.248594 0.106012
v 0.900001 -0.248594 0.121837
v 0.910000 -0.248594 0.134802
v 0.920000 -0.248594 0.143652
v 0.930000 -0.248594 0.141224
v 0.940000 -0.248594 0.133862
v 0.950000 -0.248594 0.124906
v 0.959999 -0.248594 0.114301
v 0.969975 -0.248594 0.100528
v 0.979627 -0.248588 0.073865
v 0.986842 -0.248526 0.000000
v 0.350423 -0.255313 0.076910
v 0.343565 -0.255313 0.000000
v 0.360027 -0.255313 0.101980
v 0.369974 -0.255313 0.101980
v 0.379577 -0.255313 0.076911
v 0.386437 -0.255313 0.000000
v 0.580079 -0.255335 0.078848
v 0.570818 -0.255632 0.000000
v 0.590004 -0.255313 0.098148
v 0.599994 -0.255309 0.091030
v 0.609912 -0.255253 0.063802
v 0.619530 -0.254786 0.000000
v 0.630000 -0.253486 0.000000
v 0.640469 -0.254741 0.000000
v 0.650079 -0.255033 0.059090
v 0.660037 -0.255258 0.073149
v 0.670005 -0.255307 0.090042
v 0.680000 -0.255312 0.101510
v 0.690000 -0.255313 0.108166
v 0.700000 -0.255313 0.110645
v 0.710000 -0.255312 0.105892
v 0.719997 -0.255311 0.093484
v 0.729971 -0.255278 0.073810
v 0.739889 -0.255028 0.058704
v 0.749059 -0.254635 0.000000
v 0.755991 -0.252585 0.000000
v 0.880419 -0.255312 0.077378
v 0.873526 -0.255311 0.000000
v 0.890027 -0.255313 0.105925
v 0.900001 -0.255313 0.121694
v 0.910000 -0.255313 0.133913
v 0.920000 -0.255313 0.140274
v 0.930000 -0.255313 0.135557
v 0.940000 -0.255313 0.127305
v 0.950000 -0.255313 0.119077
v 0.959999 -0.255312 0.109050
v 0.969969 -0.255310 0.092450
v 0.979535 -0.255261 0.060327
v 0.986282 -0.254890 0.000000
v 0.350423 -0.262031 0.076909
v 0.343565 -0.262031 0.000000
v 0.360027 -0.262031 0.101973
v 0.369974 -0.262031 0.101983
v 0.379581 -0.262031 0.076934
v 0.386474 -0.262033 0.000000
v 0.564059 -0.258006 0.000000
v 0.570124 -0.262097 0.062799
v 0.561009 -0.262664 0.000000
v 0.580007 -0.262034 0.089317
v 0.589996 -0.262030 0.095353
v 0.599918 -0.262005 0.075951
v 0.609173 -0.261685 0.000000
v 0.616010 -0.259350 0.000000
v 0.650669 -0.259794 0.000000
v 0.643968 -0.258915 0.000000
v 0.660516 -0.261473 0.000000
v 0.670099 -0.261950 0.063054
v 0.680009 -0.262025 0.088724
v 0.690000 -0.262030 0.101406
v 0.700000 -0.262031 0.105031
v 0.709997 -0.262030 0.098977
v 0.719949 -0.262012 0.076789
v 0.729599 -0.261762 0.000000
v 0.739338 -0.259820 0.000000
v 0.745967 -0.258903 0.000000
v 0.880423 -0.262031 0.077355
v 0.873561 -0.262031 0.000000
v 0.890027 -0.262031 0.105897
v 0.900001 -0.262031 0.121393
v 0.910000 -0.262031 0.132005
v 0.920000 -0.262031 0.134664
v 0.930000 -0.262031 0.129418
v 0.940000 -0.262031 0.120756
v 0.950000 -0.262031 0.112440
v 0.959996 -0.262030 0.102669
v 0.969917 -0.262009 0.079477
v 0.979115 -0.261714 0.000000
v 0.985305 -0.259367 0.000000
v 0.350423 -0.268750 0.076872
v 0.343565 -0.268750 0.000000
v 0.360027 -0.268750 0.101886
v 0.369976 -0.268750 0.102030
v 0.379629 -0.268752 0.077288
v 0.386860 -0.268779 0.000000
v 0.554659 -0.264741 0.000000
v 0.560427 -0.268824 0.058739
v 0.553332 -0.269202 0.000000
v 0.570030 -0.268755 0.084372
v 0.579999 -0.268748 0.090842
v 0.589970 -0.268730 0.085865
v 0.599573 -0.268673 0.059502
v 0.606668 -0.268297 0.000000
v 0.670944 -0.268114 0.000000
v 0.664012 -0.266025 0.000000
v 0.680130 -0.268660 0.062487
v 0.690009 -0.268727 0.086999
v 0.699999 -0.268731 0.093215
v 0.709970 -0.268728 0.086490
v 0.719576 -0.268673 0.059604
v 0.726709 -0.268305 0.000000
v 0.880419 -0.268750 0.077373
v 0.873526 -0.268751 0.000000
v 0.890027 -0.268750 0.105829
v 0.900001 -0.268750 0.120732
v 0.910000 -0.268750 0.128892
v 0.920000 -0.268750 0.128214
v 0.930000 -0.268750 0.123319
v 0.940000 -0.268750 0.114548
v 0.949999 -0.268750 0.104680
v 0.959974 -0.268748 0.093625
v 0.969627 -0.268730 0.072220
v 0.976838 -0.268678 0.000000
v 0.350423 -0.275469 0.076431
v 0.343566 -0.275467 0.000000
v 0.360027 -0.275469 0.101262
v 0.369997 -0.275470 0.102472
v 0.379921 -0.275491 0.080070
v 0.389187 -0.275786 0.000000
v 0.560082 -0.275476 0.069550
v 0.550827 -0.275796 0.000000
v 0.570000 -0.275449 0.082779
v 0.579962 -0.275412 0.072040
v 0.589885 -0.275182 0.058521
v 0.598992 -0.274792 0.000000
v 0.605341 -0.272755 0.000000
v 0.680945 -0.274787 0.000000
v 0.674074 -0.272728 0.000000
v 0.690109 -0.275147 0.058012
v 0.700000 -0.275181 0.067062
v 0.709888 -0.275147 0.057965
v 0.718992 -0.274789 0.000000
v 0.725344 -0.272756 0.000000
v 0.880371 -0.275471 0.077715
v 0.873143 -0.275498 0.000000
v 0.890025 -0.275469 0.105726
v 0.900001 -0.275469 0.119386
v 0.910000 -0.275469 0.123824
v 0.920000 -0.275469 0.120768
v 0.930000 -0.275469 0.116202
v 0.940000 -0.275469 0.108037
v 0.949997 -0.275467 0.094167
v 0.959947 -0.275435 0.073605
v 0.969544 -0.275198 0.055504
v 0.976284 -0.274987 0.000000
v 0.350424 -0.282184 0.073309
v 0.343583 -0.282149 0.000000
v 0.360027 -0.282187 0.098677
v 0.370001 -0.282188 0.104320
v 0.379994 -0.282191 0.092433
v 0.389912 -0.282247 0.063978
v 0.396011 -0.278149 0.000000
v 0.399528 -0.282734 0.000000
v 0.543994 -0.278116 0.000000
v 0.550090 -0.281964 0.041575
v 0.540523 -0.282452 0.000000
v 0.560001 -0.281905 0.061589
v 0.569923 -0.281872 0.057424
v 0.579486 -0.281584 0.000000
v 0.589326 -0.279947 0.000000
v 0.595961 -0.279057 0.000000
v 0.690628 -0.279662 0.000000
v 0.684030 -0.279018 0.000000
v 0.700000 -0.279767 0.000000
v 0.709372 -0.279662 0.000000
v 0.715965 -0.279018 0.000000
v 0.880082 -0.282209 0.080480
v 0.870880 -0.282504 0.000000
v 0.890004 -0.282188 0.106269
v 0.900000 -0.282188 0.118080
v 0.910000 -0.282187 0.118435
v 0.920000 -0.282187 0.112998
v 0.930000 -0.282187 0.107781
v 0.939997 -0.282186 0.099453
v 0.949949 -0.282168 0.076861
v 0.959595 -0.281918 0.000000
v 0.969249 -0.279979 0.000000
v 0.975325 -0.279087 0.000000
v 0.350447 -0.288856 0.060325
v 0.343753 -0.288486 0.000000
v 0.360029 -0.288904 0.091863
v 0.370001 -0.288906 0.104704
v 0.380000 -0.288906 0.102203
v 0.389996 -0.288910 0.090723
v 0.399967 -0.288959 0.075136
v 0.409957 -0.284297 0.000000
v 0.409997 -0.289155 0.071236
v 0.419998 -0.284557 0.000000
v 0.420000 -0.289188 0.070711
v 0.429997 -0.284582 0.000000
v 0.429999 -0.289190 0.070501
v 0.439936 -0.284595 0.000000
v 0.439970 -0.289192 0.068335
v 0.449280 -0.284710 0.000000
v 0.449546 -0.289214 0.054871
v 0.455327 -0.285329 0.000000
v 0.456284 -0.289392 0.000000
v 0.524979 -0.284584 0.000000
v 0.530821 -0.284003 0.000000
v 0.530782 -0.286759 0.000000
v 0.524976 -0.286464 0.000000
v 0.540111 -0.286579 0.000000
v 0.550007 -0.286516 0.000000
v 0.559942 -0.286499 0.000000
v 0.569374 -0.286382 0.000000
v 0.576032 -0.285749 0.000000
v 0.864640 -0.284854 0.000000
v 0.870417 -0.288959 0.060692
v 0.863330 -0.289356 0.000000
v 0.880028 -0.288909 0.092607
v 0.890001 -0.288906 0.109269
v 0.900000 -0.288906 0.117136
v 0.910000 -0.288906 0.113447
v 0.920000 -0.288906 0.104871
v 0.929998 -0.288904 0.096493
v 0.939970 -0.288886 0.086830
v 0.949576 -0.288830 0.059625
v 0.956709 -0.288462 0.000000
v 0.350572 -0.295331 0.000000
v 0.344655 -0.292963 0.000000
v 0.360038 -0.295605 0.080512
v 0.370001 -0.295624 0.103878
v 0.380000 -0.295625 0.108764
v 0.390000 -0.295625 0.103841
v 0.399999 -0.295628 0.097680
v 0.410000 -0.295642 0.096068
v 0.420000 -0.295643 0.095843
v 0.429999 -0.295643 0.095434
v 0.439975 -0.295644 0.091647
v 0.449627 -0.295647 0.071990
v 0.456838 -0.295697 0.000000
v 0.870082 -0.295650 0.076631
v 0.860831 -0.295972 0.000000
v 0.880004 -0.295626 0.100768
v 0.890000 -0.295625 0.111877
v 0.900000 -0.295625 0.114919
v 0.910000 -0.295625 0.108052
v 0.919997 -0.295623 0.094231
v 0.929971 -0.295591 0.074143
v 0.939886 -0.295340 0.058737
v 0.948992 -0.294948 0.000000
v 0.955344 -0.292912 0.000000
v 0.360035 -0.302364 0.080783
v 0.350508 -0.302639 0.000000
v 0.370001 -0.302345 0.105500
v 0.380000 -0.302344 0.114487
v 0.390000 -0.302344 0.112483
v 0.400000 -0.302344 0.109325
v 0.410000 -0.302344 0.108434
v 0.420000 -0.302344 0.108126
v 0.430000 -0.302344 0.107196
v 0.439996 -0.302345 0.101459
v 0.449917 -0.302366 0.079127
v 0.459115 -0.302661 0.000000
v 0.854060 -0.298321 0.000000
v 0.860124 -0.302411 0.063351
v 0.851009 -0.302976 0.000000
v 0.870008 -0.302347 0.091906
v 0.880000 -0.302344 0.106071
v 0.890000 -0.302344 0.111967
v 0.900000 -0.302344 0.110010
v 0.909997 -0.302343 0.100181
v 0.919949 -0.302324 0.076960
v 0.929599 -0.302074 0.000000
v 0.939338 -0.300133 0.000000
v 0.945962 -0.299215 0.000000
v 0.344011 -0.305036 0.000000
v 0.350099 -0.309127 0.063683
v 0.340944 -0.309696 0.000000
v 0.360005 -0.309066 0.093199
v 0.370000 -0.309063 0.109704
v 0.380000 -0.309063 0.119053
v 0.390000 -0.309063 0.119578
v 0.400000 -0.309063 0.117903
v 0.410000 -0.309063 0.117097
v 0.420000 -0.309063 0.115916
v 0.430000 -0.309063 0.113762
v 0.439999 -0.309063 0.106804
v 0.449969 -0.309065 0.090272
v 0.459529 -0.309110 0.057307
v 0.465300 -0.305005 0.000000
v 0.466225 -0.309444 0.000000
v 0.844659 -0.305054 0.000000
v 0.850427 -0.309137 0.059638
v 0.843332 -0.309515 0.000000
v 0.860030 -0.309068 0.087427
v 0.870001 -0.309063 0.099383
v 0.880000 -0.309062 0.104977
v 0.890000 -0.309062 0.106250
v 0.899999 -0.309062 0.101752
v 0.909969 -0.309056 0.088336
v 0.919576 -0.308988 0.059814
v 0.926710 -0.308618 0.000000
v 0.334074 -0.311800 0.000000
v 0.340130 -0.315869 0.062719
v 0.330944 -0.316417 0.000000
v 0.350009 -0.315787 0.089112
v 0.360000 -0.315781 0.103839
v 0.370000 -0.315781 0.114468
v 0.380000 -0.315781 0.122411
v 0.390000 -0.315781 0.123838
v 0.400000 -0.315781 0.122684
v 0.410000 -0.315781 0.121270
v 0.420000 -0.315781 0.117916
v 0.430000 -0.315781 0.114077
v 0.439999 -0.315781 0.106333
v 0.449969 -0.315778 0.089888
v 0.459528 -0.315732 0.057231
v 0.466225 -0.315399 0.000000
v 0.850082 -0.315807 0.075296
v 0.840831 -0.316128 0.000000
v 0.860004 -0.315782 0.094137
v 0.869999 -0.315779 0.095187
v 0.880000 -0.315765 0.095396
v 0.890000 -0.315763 0.094501
v 0.899991 -0.315759 0.087126
v 0.909866 -0.315691 0.062452
v 0.918990 -0.315146 0.000000
v 0.925344 -0.313072 0.000000
v 0.324012 -0.318506 0.000000
v 0.330099 -0.322581 0.063097
v 0.320516 -0.323058 0.000000
v 0.340009 -0.322506 0.088978
v 0.350000 -0.322500 0.102895
v 0.360000 -0.322500 0.111809
v 0.370000 -0.322500 0.118854
v 0.380000 -0.322500 0.122257
v 0.390000 -0.322500 0.120232
v 0.400000 -0.322500 0.117847
v 0.410000 -0.322500 0.116086
v 0.420000 -0.322500 0.112084
v 0.430000 -0.322500 0.107461
v 0.439996 -0.322498 0.099254
v 0.449915 -0.322474 0.076182
v 0.459102 -0.322155 0.000000
v 0.465299 -0.319837 0.000000
v 0.834060 -0.318477 0.000000
v 0.840124 -0.322567 0.062082
v 0.831009 -0.323132 0.000000
v 0.850007 -0.322503 0.086583
v 0.859995 -0.322495 0.087439
v 0.869967 -0.322447 0.074632
v 0.879997 -0.322251 0.071035
v 0.889994 -0.322216 0.068905
v 0.899891 -0.322178 0.058154
v 0.909055 -0.321819 0.000000
v 0.915921 -0.319759 0.000000
v 0.303969 -0.325617 0.000000
v 0.310669 -0.324738 0.000000
v 0.310079 -0.329499 0.059101
v 0.300473 -0.329810 0.000000
v 0.320037 -0.329273 0.073303
v 0.330005 -0.329224 0.090480
v 0.340000 -0.329219 0.102721
v 0.350000 -0.329219 0.111342
v 0.360000 -0.329219 0.118164
v 0.370000 -0.329219 0.121127
v 0.380000 -0.329219 0.118514
v 0.390000 -0.329219 0.113056
v 0.400000 -0.329219 0.109231
v 0.410000 -0.329218 0.107281
v 0.420000 -0.329218 0.103080
v 0.429998 -0.329216 0.096242
v 0.439970 -0.329199 0.086803
v 0.449573 -0.329142 0.059576
v 0.456665 -0.328766 0.000000
v 0.824659 -0.325210 0.000000
v 0.830427 -0.329294 0.058180
v 0.823332 -0.329672 0.000000
v 0.840029 -0.329222 0.080690
v 0.849993 -0.329198 0.083420
v 0.859902 -0.329135 0.062311
v 0.869527 -0.328670 0.000000
v 0.879954 -0.327108 0.000000
v 0.889940 -0.326837 0.000000
v 0.899369 -0.326695 0.000000
v 0.905969 -0.326049 0.000000
v 0.274031 -0.332387 0.000000
v 0.280633 -0.331718 0.000000
v 0.280109 -0.336257 0.058185
v 0.270941 -0.336618 0.000000
v 0.290102 -0.331343 0.000000
v 0.290009 -0.336189 0.069372
v 0.300033 -0.335993 0.074609
v 0.310004 -0.335957 0.088701
v 0.320001 -0.335940 0.095819
v 0.330000 -0.335938 0.102624
v 0.340000 -0.335938 0.109215
v 0.350000 -0.335938 0.115788
v 0.360000 -0.335938 0.120523
v 0.370000 -0.335938 0.118525
v 0.380000 -0.335938 0.111904
v 0.390000 -0.335937 0.104209
v 0.399999 -0.335935 0.097597
v 0.410000 -0.335921 0.094918
v 0.419996 -0.335917 0.088802
v 0.429962 -0.335880 0.073124
v 0.439885 -0.335651 0.058646
v 0.448992 -0.335260 0.000000
v 0.455341 -0.333224 0.000000
v 0.830079 -0.335962 0.067958
v 0.820831 -0.336284 0.000000
v 0.839975 -0.335904 0.068919
v 0.849890 -0.335653 0.058030
v 0.859059 -0.335260 0.000000
v 0.865991 -0.333210 0.000000
v 0.264009 -0.338665 0.000000
v 0.270098 -0.342740 0.062911
v 0.260473 -0.343205 0.000000
v 0.280008 -0.342678 0.087083
v 0.290000 -0.342673 0.094266
v 0.300001 -0.342659 0.095730
v 0.310000 -0.342657 0.099702
v 0.320000 -0.342656 0.102829
v 0.330000 -0.342656 0.104951
v 0.340000 -0.342656 0.107479
v 0.350000 -0.342656 0.112143
v 0.360000 -0.342656 0.116511
v 0.370000 -0.342656 0.113080
v 0.380000 -0.342656 0.103807
v 0.389996 -0.342652 0.090887
v 0.399967 -0.342603 0.075007
v 0.409992 -0.342405 0.069450
v 0.419922 -0.342343 0.058586
v 0.429486 -0.342053 0.000000
v 0.439326 -0.340415 0.000000
v 0.445961 -0.339526 0.000000
v 0.814055 -0.338633 0.000000
v 0.820119 -0.342722 0.058984
v 0.810942 -0.343288 0.000000
v 0.829958 -0.342641 0.066852
v 0.839599 -0.342387 0.000000
v 0.849338 -0.340445 0.000000
v 0.855967 -0.339528 0.000000
v 0.223969 -0.345813 0.000000
v 0.230626 -0.345179 0.000000
v 0.230078 -0.349690 0.058549
v 0.220514 -0.349978 0.000000
v 0.240060 -0.345038 0.000000
v 0.240005 -0.349658 0.068920
v 0.250046 -0.344767 0.000000
v 0.250003 -0.349624 0.071076
v 0.260033 -0.349428 0.075076
v 0.270005 -0.349380 0.090460
v 0.280000 -0.349376 0.101221
v 0.290000 -0.349376 0.103927
v 0.300000 -0.349375 0.100365
v 0.309999 -0.349373 0.095871
v 0.320000 -0.349359 0.095273
v 0.330000 -0.349359 0.095652
v 0.340001 -0.349373 0.097590
v 0.350000 -0.349375 0.104585
v 0.360000 -0.349375 0.110917
v 0.370000 -0.349375 0.107691
v 0.379994 -0.349372 0.092949
v 0.389912 -0.349316 0.064020
v 0.399526 -0.348828 0.000000
v 0.409899 -0.347253 0.000000
v 0.419371 -0.346877 0.000000
v 0.426031 -0.346220 0.000000
v 0.763964 -0.345814 0.000000
v 0.770568 -0.345193 0.000000
v 0.770073 -0.349692 0.056767
v 0.760514 -0.349978 0.000000
v 0.779432 -0.345190 0.000000
v 0.779930 -0.349677 0.056864
v 0.786042 -0.345785 0.000000
v 0.789563 -0.349759 0.000000
v 0.804006 -0.345351 0.000000
v 0.810096 -0.349441 0.061648
v 0.800440 -0.349716 0.000000
v 0.819982 -0.349377 0.077643
v 0.829608 -0.349324 0.058315
v 0.836714 -0.348934 0.000000
v 0.204034 -0.352506 0.000000
v 0.210674 -0.351616 0.000000
v 0.210112 -0.356381 0.058695
v 0.200941 -0.356772 0.000000
v 0.220038 -0.356151 0.073122
v 0.230004 -0.356115 0.088745
v 0.240000 -0.356112 0.094537
v 0.250000 -0.356110 0.095646
v 0.260001 -0.356096 0.097075
v 0.270000 -0.356094 0.102480
v 0.280000 -0.356094 0.106877
v 0.290000 -0.356094 0.104883
v 0.299997 -0.356092 0.093511
v 0.309977 -0.356061 0.075714
v 0.319998 -0.355849 0.071288
v 0.330002 -0.355849 0.071324
v 0.340023 -0.356061 0.075914
v 0.350003 -0.356092 0.094059
v 0.360000 -0.356094 0.105517
v 0.369996 -0.356093 0.103240
v 0.379921 -0.356072 0.080157
v 0.389187 -0.355777 0.000000
v 0.396011 -0.353414 0.000000
v 0.744034 -0.352506 0.000000
v 0.750674 -0.351616 0.000000
v 0.750112 -0.356381 0.058689
v 0.740941 -0.356772 0.000000
v 0.760038 -0.356151 0.073019
v 0.770004 -0.356115 0.087643
v 0.779996 -0.356113 0.087808
v 0.789970 -0.356120 0.075319
v 0.800030 -0.356117 0.075148
v 0.810003 -0.356096 0.085915
v 0.819962 -0.356074 0.076036
v 0.829432 -0.355800 0.000000
v 0.835407 -0.353430 0.000000
v 0.194009 -0.358821 0.000000
v 0.200098 -0.362896 0.062934
v 0.190473 -0.363361 0.000000
v 0.210008 -0.362833 0.087346
v 0.220001 -0.362815 0.096211
v 0.230000 -0.362813 0.102560
v 0.240000 -0.362813 0.105545
v 0.250000 -0.362813 0.105677
v 0.260000 -0.362813 0.105082
v 0.270000 -0.362812 0.105080
v 0.280000 -0.362812 0.104956
v 0.289997 -0.362811 0.098837
v 0.299951 -0.362793 0.076797
v 0.309643 -0.362553 0.000000
v 0.319970 -0.360758 0.000000
v 0.330030 -0.360758 0.000000
v 0.340357 -0.362553 0.000000
v 0.350049 -0.362794 0.076902
v 0.360002 -0.362812 0.099024
v 0.369975 -0.362812 0.101093
v 0.379629 -0.362811 0.077158
v 0.386860 -0.362783 0.000000
v 0.734009 -0.358821 0.000000
v 0.740098 -0.362896 0.062908
v 0.730473 -0.363362 0.000000
v 0.750008 -0.362833 0.087318
v 0.760001 -0.362815 0.096139
v 0.770000 -0.362813 0.101906
v 0.780000 -0.362813 0.102030
v 0.789999 -0.362813 0.097601
v 0.800001 -0.362813 0.097092
v 0.809999 -0.362813 0.097399
v 0.819965 -0.362833 0.079062
v 0.829492 -0.363108 0.000000
v 0.123965 -0.365969 0.000000
v 0.130626 -0.365336 0.000000
v 0.130076 -0.369846 0.058576
v 0.120470 -0.370125 0.000000
v 0.140058 -0.365220 0.000000
v 0.140005 -0.369817 0.068896
v 0.150003 -0.365208 0.000000
v 0.150000 -0.369815 0.070543
v 0.160000 -0.365207 0.000000
v 0.160000 -0.369815 0.070677
v 0.170002 -0.365182 0.000000
v 0.170000 -0.369813 0.070718
v 0.180044 -0.364922 0.000000
v 0.180003 -0.369780 0.071235
v 0.190033 -0.369584 0.075126
v 0.200005 -0.369536 0.090632
v 0.210000 -0.369532 0.101986
v 0.220000 -0.369531 0.107161
v 0.230000 -0.369531 0.109074
v 0.240000 -0.369531 0.108386
v 0.250000 -0.369531 0.105630
v 0.260000 -0.369531 0.101933
v 0.269999 -0.369529 0.096904
v 0.279999 -0.369515 0.094507
v 0.289970 -0.369509 0.086583
v 0.299576 -0.369455 0.059609
v 0.306712 -0.369087 0.000000
v 0.350414 -0.369479 0.060609
v 0.343287 -0.369090 0.000000
v 0.360027 -0.369529 0.091209
v 0.369974 -0.369531 0.099276
v 0.379581 -0.369531 0.076594
v 0.386474 -0.369530 0.000000
v 0.683968 -0.365970 0.000000
v 0.690626 -0.365336 0.000000
v 0.690078 -0.369847 0.058530
v 0.680514 -0.370134 0.000000
v 0.700058 -0.365219 0.000000
v 0.700005 -0.369817 0.068836
v 0.710005 -0.365182 0.000000
v 0.710000 -0.369813 0.070401
v 0.720044 -0.364922 0.000000
v 0.720003 -0.369780 0.070918
v 0.730033 -0.369584 0.074777
v 0.740005 -0.369536 0.090242
v 0.750000 -0.369532 0.101704
v 0.760000 -0.369531 0.107537
v 0.770000 -0.369531 0.110989
v 0.780000 -0.369531 0.111243
v 0.790000 -0.369531 0.109185
v 0.800000 -0.369531 0.108349
v 0.810000 -0.369531 0.105894
v 0.819995 -0.369534 0.092558
v 0.829898 -0.369596 0.063557
v 0.835984 -0.365504 0.000000
v 0.838989 -0.370164 0.000000
v 0.074030 -0.372701 0.000000
v 0.080631 -0.372056 0.000000
v 0.080109 -0.376572 0.058153
v 0.070941 -0.376931 0.000000
v 0.090058 -0.371938 0.000000
v 0.090006 -0.376536 0.068874
v 0.100005 -0.371901 0.000000
v 0.100000 -0.376532 0.070578
v 0.110044 -0.371643 0.000000
v 0.110003 -0.376499 0.071218
v 0.120033 -0.376305 0.074928
v 0.130004 -0.376271 0.088930
v 0.140000 -0.376268 0.094718
v 0.150000 -0.376268 0.095759
v 0.160000 -0.376268 0.095858
v 0.170000 -0.376268 0.095866
v 0.180000 -0.376267 0.096050
v 0.190001 -0.376253 0.097618
v 0.200000 -0.376250 0.103737
v 0.210000 -0.376250 0.109952
v 0.220000 -0.376250 0.112405
v 0.230000 -0.376250 0.109232
v 0.240000 -0.376250 0.103306
v 0.249999 -0.376247 0.096236
v 0.259996 -0.376231 0.088988
v 0.269967 -0.376195 0.074756
v 0.279991 -0.375999 0.069398
v 0.289888 -0.375931 0.058139
v 0.298992 -0.375570 0.000000
v 0.305344 -0.373537 0.000000
v 0.350880 -0.375934 0.000000
v 0.344636 -0.373584 0.000000
v 0.360081 -0.376228 0.079385
v 0.369976 -0.376249 0.097044
v 0.379577 -0.376250 0.076349
v 0.386437 -0.376250 0.000000
v 0.664034 -0.372662 0.000000
v 0.670674 -0.371772 0.000000
v 0.670112 -0.376537 0.058688
v 0.660941 -0.376928 0.000000
v 0.680038 -0.376307 0.073058
v 0.690004 -0.376271 0.088488
v 0.700000 -0.376269 0.093946
v 0.710000 -0.376268 0.094112
v 0.720000 -0.376267 0.093307
v 0.730001 -0.376252 0.094546
v 0.740000 -0.376250 0.100536
v 0.750000 -0.376250 0.107797
v 0.760000 -0.376250 0.114097
v 0.770000 -0.376250 0.118371
v 0.780000 -0.376250 0.119502
v 0.790000 -0.376250 0.118248
v 0.800000 -0.376250 0.116845
v 0.810000 -0.376250 0.112650
v 0.819999 -0.376250 0.103277
v 0.829968 -0.376255 0.088158
v 0.839521 -0.376323 0.059088
v 0.845282 -0.372239 0.000000
v 0.846241 -0.376672 0.000000
v 0.064012 -0.378978 0.000000
v 0.070099 -0.383052 0.062888
v 0.060516 -0.383527 0.000000
v 0.080008 -0.382991 0.087143
v 0.090000 -0.382987 0.094567
v 0.100000 -0.382987 0.095763
v 0.110000 -0.382985 0.096059
v 0.120001 -0.382971 0.097592
v 0.130000 -0.382969 0.103210
v 0.140000 -0.382969 0.107202
v 0.150000 -0.382969 0.108234
v 0.160000 -0.382969 0.108321
v 0.170000 -0.382969 0.108198
v 0.180000 -0.382969 0.108163
v 0.190000 -0.382969 0.108528
v 0.200000 -0.382969 0.110358
v 0.210000 -0.382969 0.112633
v 0.220000 -0.382969 0.111056
v 0.230000 -0.382969 0.103244
v 0.239995 -0.382965 0.090662
v 0.249963 -0.382914 0.073345
v 0.259921 -0.382689 0.059121
v 0.269527 -0.382377 0.000000
v 0.279898 -0.380844 0.000000
v 0.289367 -0.380470 0.000000
v 0.295965 -0.379801 0.000000
v 0.360370 -0.382967 0.076680
v 0.353143 -0.382940 0.000000
v 0.369997 -0.382969 0.096575
v 0.379578 -0.382969 0.076311
v 0.386435 -0.382969 0.000000
v 0.654009 -0.378977 0.000000
v 0.660098 -0.383052 0.062919
v 0.650473 -0.383518 0.000000
v 0.670008 -0.382989 0.087219
v 0.680001 -0.382971 0.095514
v 0.690000 -0.382969 0.100558
v 0.700000 -0.382969 0.101858
v 0.710000 -0.382969 0.099292
v 0.719999 -0.382967 0.094423
v 0.730000 -0.382954 0.093520
v 0.740001 -0.382967 0.096193
v 0.750000 -0.382969 0.104304
v 0.760000 -0.382969 0.113751
v 0.770000 -0.382969 0.122195
v 0.780000 -0.382969 0.126602
v 0.790000 -0.382969 0.126470
v 0.800000 -0.382969 0.124370
v 0.810000 -0.382969 0.118359
v 0.819999 -0.382969 0.109315
v 0.829972 -0.382969 0.096746
v 0.839572 -0.382970 0.070180
v 0.846398 -0.382969 0.000000
v 0.044039 -0.386099 0.000000
v 0.050674 -0.385207 0.000000
v 0.050115 -0.389974 0.058401
v 0.041012 -0.390364 0.000000
v 0.060038 -0.389743 0.073144
v 0.070005 -0.389693 0.090361
v 0.080000 -0.389688 0.101825
v 0.090000 -0.389688 0.106905
v 0.100000 -0.389688 0.108184
v 0.110000 -0.389688 0.108462
v 0.120000 -0.389688 0.109331
v 0.130000 -0.389688 0.112595
v 0.140000 -0.389688 0.116442
v 0.150000 -0.389688 0.117457
v 0.160000 -0.389688 0.117126
v 0.170000 -0.389688 0.116099
v 0.180000 -0.389688 0.115166
v 0.190000 -0.389688 0.113418
v 0.200000 -0.389688 0.110408
v 0.210000 -0.389687 0.108032
v 0.220000 -0.389687 0.104474
v 0.229994 -0.389684 0.091897
v 0.239910 -0.389627 0.063844
v 0.249485 -0.389132 0.000000
v 0.259331 -0.387450 0.000000
v 0.266031 -0.386570 0.000000
v 0.360419 -0.389687 0.076333
v 0.353526 -0.389686 0.000000
v 0.370000 -0.389688 0.096533
v 0.379578 -0.389688 0.076309
v 0.386435 -0.389688 0.000000
v 0.593965 -0.386125 0.000000
v 0.600626 -0.385493 0.000000
v 0.600076 -0.390003 0.058575
v 0.590470 -0.390281 0.000000
v 0.610058 -0.385376 0.000000
v 0.610005 -0.389973 0.068895
v 0.620003 -0.385363 0.000000
v 0.620000 -0.389972 0.070541
v 0.630002 -0.385338 0.000000
v 0.630000 -0.389969 0.070700
v 0.640044 -0.385078 0.000000
v 0.640003 -0.389937 0.071207
v 0.650033 -0.389741 0.075069
v 0.660005 -0.389693 0.090410
v 0.670000 -0.389688 0.100907
v 0.680000 -0.389688 0.103268
v 0.690000 -0.389687 0.100840
v 0.699999 -0.389685 0.095506
v 0.709996 -0.389668 0.088649
v 0.719967 -0.389634 0.074622
v 0.729999 -0.389475 0.071548
v 0.740023 -0.389658 0.075900
v 0.750003 -0.389686 0.094946
v 0.760000 -0.389687 0.110278
v 0.770000 -0.389688 0.122517
v 0.780000 -0.389688 0.131108
v 0.790000 -0.389688 0.132297
v 0.800000 -0.389688 0.128696
v 0.810000 -0.389688 0.120489
v 0.819999 -0.389687 0.108994
v 0.829969 -0.389685 0.092079
v 0.839531 -0.389636 0.059967
v 0.846243 -0.389269 0.000000
v 0.034719 -0.392396 0.000000
v 0.040482 -0.396477 0.056164
v 0.033777 -0.396791 0.000000
v 0.050033 -0.396426 0.084352
v 0.060002 -0.396409 0.094662
v 0.070000 -0.396406 0.102506
v 0.080000 -0.396406 0.109443
v 0.090000 -0.396406 0.114701
v 0.100000 -0.396406 0.116892
v 0.110000 -0.396406 0.117468
v 0.120000 -0.396406 0.118298
v 0.130000 -0.396406 0.120970
v 0.140000 -0.396406 0.124529
v 0.150000 -0.396406 0.124585
v 0.160000 -0.396406 0.122112
v 0.170000 -0.396406 0.118149
v 0.180000 -0.396406 0.114845
v 0.190000 -0.396406 0.110324
v 0.200000 -0.396406 0.103750
v 0.209999 -0.396404 0.097268
v 0.219996 -0.396389 0.092428
v 0.229919 -0.396365 0.074818
v 0.239173 -0.396057 0.000000
v 0.246007 -0.393723 0.000000
v 0.360422 -0.396406 0.076310
v 0.353563 -0.396406 0.000000
v 0.370000 -0.396406 0.096531
v 0.379578 -0.396406 0.076309
v 0.386435 -0.396406 0.000000
v 0.554030 -0.392857 0.000000
v 0.560631 -0.392211 0.000000
v 0.560109 -0.396728 0.058124
v 0.550941 -0.397087 0.000000
v 0.570060 -0.392069 0.000000
v 0.570006 -0.396690 0.068894
v 0.580046 -0.391800 0.000000
v 0.580003 -0.396656 0.071081
v 0.590033 -0.396462 0.074920
v 0.600004 -0.396427 0.088912
v 0.610000 -0.396425 0.094683
v 0.620000 -0.396425 0.095693
v 0.630000 -0.396425 0.095660
v 0.640000 -0.396423 0.095637
v 0.650001 -0.396409 0.096915
v 0.660000 -0.396406 0.102128
v 0.670000 -0.396406 0.105203
v 0.680000 -0.396406 0.101036
v 0.689995 -0.396401 0.090130
v 0.699963 -0.396352 0.073260
v 0.709921 -0.396127 0.059103
v 0.719531 -0.395836 0.000000
v 0.729987 -0.394608 0.000000
v 0.740342 -0.396195 0.000000
v 0.750046 -0.396392 0.080984
v 0.760002 -0.396406 0.106767
v 0.770000 -0.396406 0.121669
v 0.780000 -0.396406 0.131589
v 0.790000 -0.396406 0.132042
v 0.800000 -0.396406 0.126114
v 0.810000 -0.396406 0.117575
v 0.819996 -0.396405 0.104935
v 0.829917 -0.396384 0.079884
v 0.839116 -0.396089 0.000000
v 0.845302 -0.393742 0.000000
v 0.040482 -0.403056 0.056310
v 0.033777 -0.402740 0.000000
v 0.050034 -0.403120 0.085469
v 0.060001 -0.403124 0.098572
v 0.070000 -0.403125 0.104839
v 0.080000 -0.403125 0.110579
v 0.090000 -0.403125 0.117041
v 0.100000 -0.403125 0.121296
v 0.110000 -0.403125 0.123067
v 0.120000 -0.403125 0.124877
v 0.130000 -0.403125 0.127750
v 0.140000 -0.403125 0.129851
v 0.150000 -0.403125 0.126730
v 0.160000 -0.403125 0.119900
v 0.170000 -0.403125 0.112897
v 0.180000 -0.403125 0.107877
v 0.190000 -0.403124 0.102059
v 0.199995 -0.403120 0.090629
v 0.209966 -0.403072 0.074949
v 0.219970 -0.402874 0.068941
v 0.229594 -0.402818 0.055260
v 0.236671 -0.402612 0.000000
v 0.360422 -0.403125 0.076309
v 0.353565 -0.403125 0.000000
v 0.370000 -0.403125 0.096531
v 0.379578 -0.403125 0.076309
v 0.386435 -0.403125 0.000000
v 0.544012 -0.399134 0.000000
v 0.550099 -0.403209 0.062235
v 0.540521 -0.403683 0.000000
v 0.560008 -0.403147 0.086692
v 0.570000 -0.403143 0.094340
v 0.580000 -0.403142 0.095884
v 0.590001 -0.403128 0.097511
v 0.600000 -0.403126 0.102937
v 0.610000 -0.403126 0.106682
v 0.620000 -0.403126 0.107419
v 0.630000 -0.403126 0.106471
v 0.640000 -0.403126 0.104971
v 0.650000 -0.403125 0.103898
v 0.660000 -0.403124 0.103916
v 0.670000 -0.403124 0.100856
v 0.679991 -0.403119 0.088648
v 0.689901 -0.403043 0.063058
v 0.699484 -0.402567 0.000000
v 0.709331 -0.400887 0.000000
v 0.716032 -0.400009 0.000000
v 0.750368 -0.403124 0.077766
v 0.743097 -0.403106 0.000000
v 0.760025 -0.403125 0.105967
v 0.770001 -0.403125 0.121217
v 0.780000 -0.403125 0.130372
v 0.790000 -0.403125 0.128453
v 0.800000 -0.403125 0.120489
v 0.809999 -0.403125 0.111550
v 0.819975 -0.403125 0.099600
v 0.829626 -0.403119 0.073729
v 0.836838 -0.403057 0.000000
v 0.041014 -0.409209 0.000000
v 0.034719 -0.407139 0.000000
v 0.050134 -0.409754 0.062165
v 0.060009 -0.409823 0.086948
v 0.070001 -0.409842 0.096126
v 0.080000 -0.409844 0.104410
v 0.090000 -0.409844 0.112390
v 0.100000 -0.409844 0.116925
v 0.110000 -0.409844 0.120223
v 0.120000 -0.409844 0.124869
v 0.130000 -0.409844 0.129345
v 0.140000 -0.409844 0.129760
v 0.150000 -0.409844 0.124025
v 0.160000 -0.409844 0.114679
v 0.170000 -0.409844 0.104979
v 0.179999 -0.409842 0.096532
v 0.189992 -0.409823 0.087367
v 0.199902 -0.409760 0.062934
v 0.209525 -0.409294 0.000000
v 0.219893 -0.407722 0.000000
v 0.229283 -0.407347 0.000000
v 0.235383 -0.406702 0.000000
v 0.360422 -0.409844 0.076309
v 0.353565 -0.409844 0.000000
v 0.370000 -0.409844 0.096531
v 0.379578 -0.409844 0.076309
v 0.386435 -0.409844 0.000000
v 0.524680 -0.406224 0.000000
v 0.530763 -0.405361 0.000000
v 0.530463 -0.410096 0.051732
v 0.523773 -0.410281 0.000000
v 0.540062 -0.409882 0.067335
v 0.550007 -0.409847 0.084490
v 0.560000 -0.409844 0.098115
v 0.570000 -0.409844 0.104932
v 0.580000 -0.409844 0.107532
v 0.590000 -0.409844 0.108450
v 0.600000 -0.409844 0.110254
v 0.610000 -0.409844 0.112388
v 0.620000 -0.409844 0.112119
v 0.630000 -0.409844 0.108456
v 0.640000 -0.409844 0.102642
v 0.649999 -0.409841 0.096850
v 0.660000 -0.409827 0.094379
v 0.669991 -0.409821 0.087050
v 0.679870 -0.409754 0.062487
v 0.689056 -0.409208 0.000000
v 0.695988 -0.407119 0.000000
v 0.750419 -0.409844 0.077374
v 0.743524 -0.409843 0.000000
v 0.760027 -0.409844 0.105823
v 0.770001 -0.409844 0.120625
v 0.780000 -0.409844 0.127958
v 0.790000 -0.409844 0.124009
v 0.800000 -0.409844 0.114623
v 0.809999 -0.409844 0.103760
v 0.819967 -0.409839 0.088510
v 0.829525 -0.409771 0.059441
v 0.836281 -0.409418 0.000000
v 0.050945 -0.415884 0.000000
v 0.044079 -0.413822 0.000000
v 0.060111 -0.416278 0.058755
v 0.070029 -0.416528 0.074050
v 0.080003 -0.416560 0.093544
v 0.090000 -0.416562 0.104769
v 0.100000 -0.416562 0.108843
v 0.110000 -0.416562 0.113056
v 0.120000 -0.416562 0.119162
v 0.130000 -0.416562 0.124142
v 0.140000 -0.416562 0.124131
v 0.150000 -0.416562 0.118346
v 0.160000 -0.416562 0.108551
v 0.169997 -0.416561 0.094270
v 0.179971 -0.416528 0.074147
v 0.189889 -0.416278 0.058786
v 0.199059 -0.415885 0.000000
v 0.205991 -0.413835 0.000000
v 0.360422 -0.416562 0.076309
v 0.353565 -0.416562 0.000000
v 0.370000 -0.416562 0.096531
v 0.379578 -0.416562 0.076309
v 0.386435 -0.416562 0.000000
v 0.530460 -0.416276 0.051317
v 0.523773 -0.416121 0.000000
v 0.540033 -0.416316 0.064467
v 0.550025 -0.416530 0.073773
v 0.560003 -0.416561 0.093354
v 0.570000 -0.416562 0.106275
v 0.580000 -0.416562 0.112666
v 0.590000 -0.416562 0.113049
v 0.600000 -0.416562 0.110389
v 0.610000 -0.416562 0.108278
v 0.620000 -0.416562 0.106660
v 0.630000 -0.416562 0.101716
v 0.639995 -0.416557 0.090500
v 0.649967 -0.416509 0.074935
v 0.659991 -0.416311 0.069400
v 0.669891 -0.416243 0.058185
v 0.679055 -0.415881 0.000000
v 0.685926 -0.413822 0.000000
v 0.750423 -0.416562 0.077338
v 0.743561 -0.416562 0.000000
v 0.760027 -0.416562 0.105642
v 0.770001 -0.416562 0.119326
v 0.780000 -0.416562 0.123414
v 0.790000 -0.416562 0.118323
v 0.800000 -0.416562 0.108422
v 0.809992 -0.416559 0.092613
v 0.819875 -0.416496 0.063470
v 0.828987 -0.415930 0.000000
v 0.835285 -0.413854 0.000000
v 0.060662 -0.421070 0.000000
v 0.054033 -0.420153 0.000000
v 0.070401 -0.423009 0.000000
v 0.080050 -0.423246 0.075213
v 0.090003 -0.423264 0.092460
v 0.100001 -0.423279 0.097346
v 0.110000 -0.423281 0.104120
v 0.120000 -0.423281 0.111311
v 0.130000 -0.423281 0.116107
v 0.140000 -0.423281 0.116084
v 0.150000 -0.423281 0.110875
v 0.159997 -0.423281 0.100272
v 0.169949 -0.423262 0.076965
v 0.179599 -0.423012 0.000000
v 0.189338 -0.421070 0.000000
v 0.195967 -0.420153 0.000000
v 0.360422 -0.423281 0.076309
v 0.353565 -0.423281 0.000000
v 0.370000 -0.423281 0.096531
v 0.379578 -0.423281 0.076309
v 0.386435 -0.423281 0.000000
v 0.530722 -0.420787 0.000000
v 0.524677 -0.420145 0.000000
v 0.540095 -0.421187 0.000000
v 0.550360 -0.423021 0.000000
v 0.560049 -0.423263 0.077012
v 0.570003 -0.423281 0.100579
v 0.580000 -0.423281 0.110305
v 0.590000 -0.423281 0.109566
v 0.600000 -0.423281 0.103679
v 0.609999 -0.423279 0.097494
v 0.620000 -0.423265 0.094748
v 0.629992 -0.423259 0.087148
v 0.639902 -0.423198 0.062914
v 0.649525 -0.422732 0.000000
v 0.659898 -0.421159 0.000000
v 0.669367 -0.420782 0.000000
v 0.675969 -0.420113 0.000000
v 0.750419 -0.423281 0.077348
v 0.743526 -0.423283 0.000000
v 0.760027 -0.423281 0.105457
v 0.770001 -0.423281 0.117892
v 0.780000 -0.423281 0.118222
v 0.790000 -0.423281 0.111456
v 0.799996 -0.423280 0.100322
v 0.809918 -0.423255 0.076574
v 0.819169 -0.422934 0.000000
v 0.825940 -0.420586 0.000000
v 0.080403 -0.429693 0.055292
v 0.073287 -0.429496 0.000000
v 0.090030 -0.429749 0.068942
v 0.100034 -0.429947 0.074953
v 0.110005 -0.429995 0.090650
v 0.120000 -0.429999 0.102043
v 0.130000 -0.429999 0.106944
v 0.140000 -0.429999 0.106936
v 0.149999 -0.429999 0.101857
v 0.159969 -0.429994 0.088343
v 0.169576 -0.429926 0.059814
v 0.176709 -0.429556 0.000000
v 0.360422 -0.430000 0.076308
v 0.353565 -0.430000 0.000000
v 0.370000 -0.430000 0.096524
v 0.379578 -0.430000 0.076308
v 0.386435 -0.430000 0.000000
v 0.560414 -0.429948 0.060687
v 0.553287 -0.429559 0.000000
v 0.570028 -0.429997 0.092089
v 0.580001 -0.430000 0.105303
v 0.590000 -0.430000 0.102322
v 0.599996 -0.429996 0.090712
v 0.609967 -0.429947 0.074993
v 0.619991 -0.429749 0.069426
v 0.629891 -0.429681 0.058190
v 0.639059 -0.429319 0.000000
v 0.645991 -0.427273 0.000000
v 0.750371 -0.430002 0.077690
v 0.743143 -0.430029 0.000000
v 0.760025 -0.430000 0.105359
v 0.770001 -0.430000 0.116589
v 0.780000 -0.430000 0.113364
v 0.789999 -0.430000 0.103670
v 0.799970 -0.429995 0.088581
v 0.809573 -0.429925 0.059798
v 0.816668 -0.429547 0.000000
v 0.080717 -0.434222 0.000000
v 0.074614 -0.433578 0.000000
v 0.090107 -0.434597 0.000000
v 0.100475 -0.436169 0.000000
v 0.110098 -0.436635 0.062923
v 0.120008 -0.436696 0.087152
v 0.130000 -0.436700 0.094467
v 0.140000 -0.436700 0.094466
v 0.149991 -0.436696 0.087127
v 0.159866 -0.436629 0.062453
v 0.168990 -0.436084 0.000000
v 0.175344 -0.434009 0.000000
v 0.360422 -0.436719 0.076287
v 0.353565 -0.436719 0.000000
v 0.370000 -0.436719 0.096429
v 0.379578 -0.436719 0.076271
v 0.386435 -0.436719 0.000000
v 0.560880 -0.436403 0.000000
v 0.554636 -0.434053 0.000000
v 0.570082 -0.436697 0.079687
v 0.580004 -0.436718 0.100009
v 0.589994 -0.436716 0.091842
v 0.599913 -0.436660 0.063929
v 0.609526 -0.436172 0.000000
v 0.619898 -0.434597 0.000000
v 0.629367 -0.434220 0.000000
v 0.635969 -0.433551 0.000000
v 0.750082 -0.436741 0.080443
v 0.740884 -0.437035 0.000000
v 0.760004 -0.436720 0.105860
v 0.770000 -0.436719 0.115378
v 0.780000 -0.436719 0.109004
v 0.789992 -0.436715 0.093081
v 0.799876 -0.436653 0.063559
v 0.808991 -0.436086 0.000000
v 0.815341 -0.434009 0.000000
v 0.110941 -0.442757 0.000000
v 0.104009 -0.440710 0.000000
v 0.120109 -0.443116 0.058148
v 0.130006 -0.443151 0.068734
v 0.139994 -0.443151 0.068734
v 0.149891 -0.443116 0.058147
v 0.159055 -0.442756 0.000000
v 0.165921 -0.440697 0.000000
v 0.360422 -0.443438 0.076089
v 0.353563 -0.443438 0.000000
v 0.370000 -0.443438 0.095715
v 0.379578 -0.443437 0.075822
v 0.386434 -0.443436 0.000000
v 0.570371 -0.443435 0.076239
v 0.563144 -0.443406 0.000000
v 0.580021 -0.443437 0.096311
v 0.589925 -0.443416 0.079246
v 0.599218 -0.443121 0.000000
v 0.606013 -0.440757 0.000000
v 0.734695 -0.439383 0.000000
v 0.740466 -0.443489 0.060331
v 0.733718 -0.443860 0.000000
v 0.750031 -0.443440 0.092462
v 0.760001 -0.443438 0.108573
v 0.770000 -0.443437 0.113828
v 0.779996 -0.443437 0.104603
v 0.789921 -0.443415 0.079947
v 0.799182 -0.443118 0.000000
v 0.805941 -0.440744 0.000000
v 0.120631 -0.447631 0.000000
v 0.114030 -0.446986 0.000000
v 0.130055 -0.447748 0.000000
v 0.139945 -0.447748 0.000000
v 0.149369 -0.447631 0.000000
v 0.155969 -0.446986 0.000000
v 0.360419 -0.450156 0.075245
v 0.353526 -0.450158 0.000000
v 0.370000 -0.450156 0.092744
v 0.379576 -0.450153 0.072658
v 0.386417 -0.450117 0.000000
v 0.570421 -0.450153 0.072686
v 0.563545 -0.450116 0.000000
v 0.580006 -0.450156 0.092836
v 0.589685 -0.450156 0.075999
v 0.597325 -0.450148 0.000000
v 0.740373 -0.450162 0.073843
v 0.733159 -0.450224 0.000000
v 0.750025 -0.450156 0.100174
v 0.760001 -0.450156 0.111318
v 0.769999 -0.450156 0.111318
v 0.779975 -0.450156 0.100174
v 0.789627 -0.450151 0.073843
v 0.796842 -0.450088 0.000000
v 0.360370 -0.456877 0.073956
v 0.353140 -0.456904 0.000000
v 0.369993 -0.456872 0.085724
v 0.379532 -0.456824 0.059596
v 0.386243 -0.456454 0.000000
v 0.570469 -0.456824 0.059634
v 0.563755 -0.456454 0.000000
v 0.580029 -0.456873 0.086218
v 0.589956 -0.456891 0.077128
v 0.599642 -0.457114 0.000000
v 0.740079 -0.456897 0.079947
v 0.730818 -0.457194 0.000000
v 0.750004 -0.456876 0.104603
v 0.760000 -0.456875 0.113828
v 0.769999 -0.456875 0.108573
v 0.779969 -0.456872 0.092463
v 0.789536 -0.456824 0.060335
v 0.796283 -0.456453 0.000000
v 0.360075 -0.463615 0.074482
v 0.350817 -0.463911 0.000000
v 0.369921 -0.463573 0.074445
v 0.379116 -0.463278 0.000000
v 0.385302 -0.460930 0.000000
v 0.570884 -0.463278 0.000000
v 0.564698 -0.460930 0.000000
v 0.580082 -0.463572 0.076836
v 0.590001 -0.463595 0.088371
v 0.599972 -0.463627 0.073543
v 0.609340 -0.459084 0.000000
v 0.609886 -0.463879 0.058700
v 0.615963 -0.460003 0.000000
v 0.618992 -0.464271 0.000000
v 0.724059 -0.459568 0.000000
v 0.730124 -0.463659 0.063555
v 0.721013 -0.464226 0.000000
v 0.740008 -0.463597 0.093080
v 0.750000 -0.463594 0.109004
v 0.760000 -0.463594 0.115380
v 0.769996 -0.463593 0.105864
v 0.779920 -0.463572 0.080465
v 0.789145 -0.463279 0.000000
v 0.795307 -0.460930 0.000000
v 1.174580 -0.460035 0.000000
v 1.180000 -0.459526 0.000000
v 1.180000 -0.463925 0.039929
v 1.173711 -0.464080 0.000000
v 1.185420 -0.460035 0.000000
v 1.186287 -0.464080 0.000000
v 0.344054 -0.466287 0.000000
v 0.350120 -0.470378 0.062716
v 0.340946 -0.470946 0.000000
v 0.359983 -0.470316 0.086119
v 0.369629 -0.470311 0.073969
v 0.376857 -0.470283 0.000000
v 0.580371 -0.470311 0.075962
v 0.573143 -0.470283 0.000000
v 0.590025 -0.470313 0.096746
v 0.599999 -0.470314 0.095501
v 0.609970 -0.470333 0.086760
v 0.619573 -0.470390 0.059591
v 0.625341 -0.466307 0.000000
v 0.626668 -0.470766 0.000000
v 0.714715 -0.466302 0.000000
v 0.720475 -0.470386 0.059441
v 0.713719 -0.470738 0.000000
v 0.730033 -0.470318 0.088506
v 0.740001 -0.470313 0.103656
v 0.750000 -0.470313 0.113368
v 0.759999 -0.470313 0.116616
v 0.769978 -0.470313 0.105435
v 0.779681 -0.470313 0.078053
v 0.787277 -0.470313 0.000000
v 1.179997 -0.470334 0.051351
v 1.173507 -0.470357 0.000000
v 1.186453 -0.470353 0.000000
v 0.334074 -0.473050 0.000000
v 0.340131 -0.477118 0.061736
v 0.330947 -0.477668 0.000000
v 0.350008 -0.477037 0.086551
v 0.359973 -0.477031 0.094441
v 0.369581 -0.477031 0.075258
v 0.376474 -0.477030 0.000000
v 0.580419 -0.477031 0.076740
v 0.573526 -0.477030 0.000000
v 0.590027 -0.477031 0.101620
v 0.600001 -0.477031 0.105862
v 0.609996 -0.477033 0.099238
v 0.619918 -0.477057 0.076456
v 0.629169 -0.477378 0.000000
v 0.720374 -0.477037 0.073730
v 0.713162 -0.477099 0.000000
v 0.730025 -0.477031 0.099588
v 0.740001 -0.477031 0.111298
v 0.750000 -0.477031 0.118246
v 0.760000 -0.477031 0.118110
v 0.769996 -0.477032 0.106164
v 0.779921 -0.477053 0.080270
v 0.789145 -0.477346 0.000000
v 1.179945 -0.477030 0.051585
v 1.173107 -0.477062 0.000000
v 1.186449 -0.476994 0.000000
v 0.324074 -0.479769 0.000000
v 0.330129 -0.483835 0.057964
v 0.320944 -0.484386 0.000000
v 0.340010 -0.483742 0.081540
v 0.350000 -0.483749 0.091934
v 0.359973 -0.483750 0.095221
v 0.369577 -0.483750 0.075305
v 0.376437 -0.483750 0.000000
v 0.580423 -0.483750 0.077147
v 0.573563 -0.483750 0.000000
v 0.590027 -0.483750 0.104034
v 0.600001 -0.483750 0.112243
v 0.610000 -0.483750 0.107356
v 0.619992 -0.483753 0.092508
v 0.629875 -0.483817 0.063464
v 0.635940 -0.479727 0.000000
v 0.638987 -0.484382 0.000000
v 0.720083 -0.483772 0.079923
v 0.710880 -0.484068 0.000000
v 0.730004 -0.483751 0.105006
v 0.740000 -0.483750 0.117386
v 0.750000 -0.483750 0.123413
v 0.760000 -0.483750 0.120152
v 0.769999 -0.483750 0.108750
v 0.779969 -0.483753 0.090571
v 0.789530 -0.483798 0.057334
v 0.795303 -0.479692 0.000000
v 0.796225 -0.484132 0.000000
v 1.179604 -0.483699 0.041714
v 1.170850 -0.484061 0.000000
v 1.186247 -0.483327 0.000000
v 0.314012 -0.486475 0.000000
v 0.320095 -0.490546 0.053558
v 0.310516 -0.491027 0.000000
v 0.329976 -0.490424 0.063429
v 0.339999 -0.490257 0.069086
v 0.350022 -0.490440 0.074689
v 0.359975 -0.490467 0.087812
v 0.369577 -0.490469 0.073733
v 0.376435 -0.490469 0.000000
v 0.580423 -0.490469 0.077290
v 0.573565 -0.490469 0.000000
v 0.590027 -0.490469 0.105081
v 0.600001 -0.490469 0.115884
v 0.610000 -0.490469 0.113076
v 0.619999 -0.490469 0.103598
v 0.629967 -0.490474 0.088500
v 0.639525 -0.490542 0.059441
v 0.645285 -0.486458 0.000000
v 0.646281 -0.490894 0.000000
v 0.704637 -0.486416 0.000000
v 0.710414 -0.490521 0.060724
v 0.703289 -0.490910 0.000000
v 0.720028 -0.490471 0.092642
v 0.730001 -0.490469 0.109884
v 0.740000 -0.490469 0.121511
v 0.750000 -0.490469 0.127338
v 0.760000 -0.490469 0.121304
v 0.769999 -0.490469 0.108902
v 0.779969 -0.490466 0.090580
v 0.789529 -0.490421 0.057331
v 0.796225 -0.490087 0.000000
v 1.164696 -0.486414 0.000000
v 1.170345 -0.490454 0.029855
v 1.163745 -0.490885 0.000000
v 1.179019 -0.489839 0.000000
v 1.185284 -0.487761 0.000000
v 0.293972 -0.493587 0.000000
v 0.300669 -0.492706 0.000000
v 0.300080 -0.497468 0.057720
v 0.290514 -0.497788 0.000000
v 0.310031 -0.497239 0.064116
v 0.319916 -0.497133 0.054056
v 0.329530 -0.496662 0.000000
v 0.339987 -0.495392 0.000000
v 0.350341 -0.496976 0.000000
v 0.360019 -0.497173 0.074392
v 0.369580 -0.497187 0.071384
v 0.376435 -0.497187 0.000000
v 0.580423 -0.497187 0.077322
v 0.573565 -0.497187 0.000000
v 0.590027 -0.497187 0.105433
v 0.600001 -0.497187 0.117801
v 0.610000 -0.497187 0.118173
v 0.619999 -0.497187 0.111290
v 0.629975 -0.497188 0.099588
v 0.639626 -0.497194 0.073732
v 0.646842 -0.497256 0.000000
v 0.710050 -0.497206 0.077096
v 0.700401 -0.497457 0.000000
v 0.720003 -0.497188 0.101223
v 0.730000 -0.497187 0.114173
v 0.740000 -0.497187 0.123774
v 0.750000 -0.497187 0.127870
v 0.760000 -0.497187 0.120476
v 0.769996 -0.497187 0.106328
v 0.779917 -0.497166 0.080224
v 0.789116 -0.496872 0.000000
v 0.795301 -0.494526 0.000000
v 1.169616 -0.496873 0.000000
v 1.163468 -0.497197 0.000000
v 1.175994 -0.494494 0.000000
v 0.274034 -0.500318 0.000000
v 0.280674 -0.499428 0.000000
v 0.280112 -0.504193 0.058559
v 0.270945 -0.504585 0.000000
v 0.290038 -0.503963 0.072042
v 0.300000 -0.503924 0.082804
v 0.309920 -0.503883 0.069886
v 0.319173 -0.503560 0.000000
v 0.326010 -0.501225 0.000000
v 0.360341 -0.503905 0.071252
v 0.353095 -0.503887 0.000000
v 0.369602 -0.503906 0.070892
v 0.376436 -0.503906 0.000000
v 0.580423 -0.503906 0.077337
v 0.573563 -0.503906 0.000000
v 0.590027 -0.503906 0.105640
v 0.600001 -0.503906 0.119303
v 0.610000 -0.503906 0.123237
v 0.620000 -0.503906 0.117366
v 0.629996 -0.503907 0.105007
v 0.639921 -0.503928 0.079972
v 0.649186 -0.504223 0.000000
v 0.684033 -0.500316 0.000000
v 0.690662 -0.499398 0.000000
v 0.690111 -0.504191 0.058784
v 0.680941 -0.504582 0.000000
v 0.700029 -0.503940 0.074129
v 0.710003 -0.503908 0.094163
v 0.720000 -0.503906 0.108031
v 0.730000 -0.503906 0.117063
v 0.740000 -0.503906 0.122835
v 0.750000 -0.503906 0.123842
v 0.759999 -0.503906 0.117475
v 0.769975 -0.503906 0.104346
v 0.779629 -0.503904 0.077139
v 0.786856 -0.503875 0.000000
v 1.167424 -0.503877 0.000000
v 1.163071 -0.503905 0.000000
v 0.264074 -0.506647 0.000000
v 0.270130 -0.510715 0.062380
v 0.260944 -0.511261 0.000000
v 0.280009 -0.510646 0.086247
v 0.290000 -0.510628 0.090842
v 0.299970 -0.510620 0.084370
v 0.309573 -0.510550 0.058759
v 0.316668 -0.510172 0.000000
v 0.360392 -0.510625 0.070871
v 0.353523 -0.510624 0.000000
v 0.369604 -0.510625 0.070848
v 0.376436 -0.510625 0.000000
v 0.580419 -0.510625 0.077373
v 0.573526 -0.510626 0.000000
v 0.590027 -0.510625 0.105817
v 0.600001 -0.510625 0.120541
v 0.610000 -0.510625 0.127312
v 0.620000 -0.510625 0.121560
v 0.630000 -0.510625 0.109940
v 0.639994 -0.510627 0.093185
v 0.649913 -0.510670 0.064108
v 0.656013 -0.506557 0.000000
v 0.659561 -0.510962 0.000000
v 0.674006 -0.506605 0.000000
v 0.680097 -0.510694 0.063000
v 0.670440 -0.510964 0.000000
v 0.690008 -0.510645 0.087319
v 0.700001 -0.510627 0.096261
v 0.710000 -0.510625 0.103867
v 0.720000 -0.510625 0.110693
v 0.730000 -0.510625 0.115109
v 0.740000 -0.510625 0.117042
v 0.750000 -0.510625 0.116617
v 0.759999 -0.510625 0.111995
v 0.769973 -0.510625 0.100108
v 0.779578 -0.510622 0.073482
v 0.786455 -0.510585 0.000000
v 1.167048 -0.510624 0.000000
v 1.162997 -0.510625 0.000000
v 0.254012 -0.513350 0.000000
v 0.260100 -0.517425 0.062985
v 0.250516 -0.517902 0.000000
v 0.270009 -0.517350 0.087910
v 0.280000 -0.517344 0.096857
v 0.289993 -0.517340 0.089089
v 0.299875 -0.517277 0.062728
v 0.308991 -0.516711 0.000000
v 0.315341 -0.514634 0.000000
v 0.360395 -0.517344 0.070847
v 0.353562 -0.517344 0.000000
v 0.369605 -0.517344 0.070847
v 0.376436 -0.517344 0.000000
v 0.580371 -0.517346 0.077731
v 0.573143 -0.517373 0.000000
v 0.590025 -0.517344 0.105949
v 0.600001 -0.517344 0.121000
v 0.610000 -0.517344 0.129004
v 0.620000 -0.517344 0.124355
v 0.630000 -0.517344 0.114594
v 0.640000 -0.517344 0.103899
v 0.649996 -0.517346 0.090901
v 0.659970 -0.517367 0.075642
v 0.670030 -0.517367 0.075600
v 0.680005 -0.517347 0.090514
v 0.690000 -0.517344 0.101510
v 0.700000 -0.517344 0.105907
v 0.710000 -0.517344 0.107466
v 0.720000 -0.517344 0.107560
v 0.730000 -0.517343 0.108047
v 0.740000 -0.517343 0.108283
v 0.750000 -0.517343 0.107848
v 0.759999 -0.517343 0.104478
v 0.769969 -0.517340 0.091299
v 0.779531 -0.517292 0.060151
v 0.786245 -0.516923 0.000000
v 1.167011 -0.517344 0.000000
v 1.162989 -0.517344 0.000000
v 0.234034 -0.520474 0.000000
v 0.240674 -0.519583 0.000000
v 0.240112 -0.524349 0.058699
v 0.230945 -0.524741 0.000000
v 0.250038 -0.524118 0.073234
v 0.260005 -0.524068 0.089836
v 0.270000 -0.524063 0.098745
v 0.279996 -0.524062 0.096546
v 0.289918 -0.524037 0.075834
v 0.299169 -0.523715 0.000000
v 0.305940 -0.521367 0.000000
v 0.360395 -0.524063 0.070846
v 0.353564 -0.524063 0.000000
v 0.369605 -0.524063 0.070847
v 0.376436 -0.524063 0.000000
v 0.580082 -0.524084 0.080504
v 0.570884 -0.524379 0.000000
v 0.590004 -0.524063 0.106666
v 0.600000 -0.524063 0.120941
v 0.610000 -0.524063 0.128224
v 0.620000 -0.524063 0.125063
v 0.630000 -0.524063 0.118111
v 0.640000 -0.524063 0.111019
v 0.650000 -0.524063 0.103727
v 0.659999 -0.524063 0.097436
v 0.670001 -0.524063 0.097153
v 0.680000 -0.524063 0.102514
v 0.690000 -0.524063 0.107317
v 0.700000 -0.524063 0.107442
v 0.710000 -0.524062 0.103049
v 0.719999 -0.524060 0.097464
v 0.730000 -0.524046 0.096033
v 0.740000 -0.524044 0.095856
v 0.750000 -0.524044 0.095513
v 0.759996 -0.524043 0.092229
v 0.769916 -0.524021 0.074754
v 0.779102 -0.523714 0.000000
v 0.785301 -0.521396 0.000000
v 1.167006 -0.524063 0.000000
v 1.162952 -0.524064 0.000000
v 0.224074 -0.526803 0.000000
v 0.230130 -0.530871 0.062503
v 0.220944 -0.531417 0.000000
v 0.240009 -0.530802 0.087213
v 0.250001 -0.530784 0.095613
v 0.260000 -0.530781 0.100586
v 0.269999 -0.530781 0.099297
v 0.279970 -0.530776 0.087705
v 0.289573 -0.530706 0.059694
v 0.296668 -0.530328 0.000000
v 0.360395 -0.530781 0.070831
v 0.353564 -0.530781 0.000000
v 0.369605 -0.530781 0.070845
v 0.376436 -0.530781 0.000000
v 0.564698 -0.526727 0.000000
v 0.570469 -0.530832 0.060316
v 0.563757 -0.531202 0.000000
v 0.580031 -0.530784 0.092600
v 0.590001 -0.530781 0.109905
v 0.600000 -0.530781 0.120688
v 0.610000 -0.530781 0.123994
v 0.620000 -0.530781 0.120449
v 0.630000 -0.530781 0.116478
v 0.640000 -0.530781 0.113423
v 0.650000 -0.530781 0.109347
v 0.660000 -0.530781 0.105644
v 0.670000 -0.530781 0.104092
v 0.680000 -0.530781 0.104839
v 0.690000 -0.530781 0.105224
v 0.700000 -0.530781 0.101438
v 0.709995 -0.530776 0.090544
v 0.719967 -0.530728 0.075114
v 0.729997 -0.530532 0.071234
v 0.740000 -0.530499 0.070711
v 0.749999 -0.530497 0.070506
v 0.759973 -0.530496 0.068387
v 0.769594 -0.530472 0.055222
v 0.776668 -0.530269 0.000000
v 1.166970 -0.530786 0.000000
v 1.162584 -0.530811 0.000000
v 0.214012 -0.533506 0.000000
v 0.220100 -0.537582 0.063084
v 0.210520 -0.538058 0.000000
v 0.230009 -0.537506 0.088723
v 0.240000 -0.537501 0.100878
v 0.250000 -0.537500 0.103853
v 0.260000 -0.537500 0.102102
v 0.269992 -0.537496 0.091178
v 0.279876 -0.537433 0.063298
v 0.288991 -0.536868 0.000000
v 0.295341 -0.534790 0.000000
v 0.360395 -0.537500 0.070577
v 0.353565 -0.537498 0.000000
v 0.369605 -0.537500 0.070793
v 0.376436 -0.537500 0.000000
v 0.570425 -0.537503 0.073483
v 0.563584 -0.537539 0.000000
v 0.580028 -0.537500 0.100384
v 0.590001 -0.537500 0.113537
v 0.600000 -0.537500 0.120258
v 0.610000 -0.537500 0.118576
v 0.620000 -0.537500 0.113066
v 0.630000 -0.537500 0.109147
v 0.640000 -0.537499 0.107703
v 0.650000 -0.537499 0.105821
v 0.660000 -0.537499 0.102002
v 0.669999 -0.537497 0.096874
v 0.680000 -0.537484 0.095521
v 0.690000 -0.537482 0.094380
v 0.699992 -0.537478 0.087106
v 0.709902 -0.537417 0.062917
v 0.719527 -0.536951 0.000000
v 0.729957 -0.535390 0.000000
v 0.739998 -0.535131 0.000000
v 0.749997 -0.535105 0.000000
v 0.759937 -0.535092 0.000000
v 0.769285 -0.534977 0.000000
v 0.775383 -0.534356 0.000000
v 1.166977 -0.537559 0.000000
v 1.160505 -0.537818 0.000000
v 0.194621 -0.540605 0.000000
v 0.200758 -0.539737 0.000000
v 0.200409 -0.544493 0.055778
v 0.193329 -0.544728 0.000000
v 0.210059 -0.544273 0.072839
v 0.220006 -0.544224 0.090425
v 0.230000 -0.544219 0.101665
v 0.240000 -0.544219 0.105369
v 0.250000 -0.544219 0.101840
v 0.259995 -0.544215 0.093535
v 0.269919 -0.544179 0.074925
v 0.279169 -0.543869 0.000000
v 0.285940 -0.541523 0.000000
v 0.360398 -0.544215 0.068218
v 0.353582 -0.544180 0.000000
v 0.369605 -0.544219 0.070175
v 0.376436 -0.544219 0.000000
v 0.570423 -0.544219 0.076763
v 0.563566 -0.544221 0.000000
v 0.580027 -0.544219 0.104076
v 0.590001 -0.544219 0.115862
v 0.600000 -0.544219 0.117372
v 0.610000 -0.544219 0.111753
v 0.620000 -0.544219 0.104202
v 0.629999 -0.544216 0.097683
v 0.640000 -0.544202 0.095911
v 0.650000 -0.544200 0.094573
v 0.659996 -0.544198 0.088807
v 0.669967 -0.544163 0.074869
v 0.679997 -0.543969 0.071055
v 0.689994 -0.543935 0.068897
v 0.699891 -0.543897 0.058153
v 0.709059 -0.543538 0.000000
v 0.715991 -0.541491 0.000000
v 1.154650 -0.540164 0.000000
v 1.160386 -0.544292 0.042019
v 1.153749 -0.544641 0.000000
v 1.169149 -0.544538 0.000000
v 0.200081 -0.550977 0.075005
v 0.190827 -0.551286 0.000000
v 0.210005 -0.550941 0.093942
v 0.220000 -0.550938 0.102760
v 0.230000 -0.550937 0.106398
v 0.240000 -0.550937 0.102045
v 0.249995 -0.550933 0.090401
v 0.259941 -0.550883 0.072810
v 0.269591 -0.550663 0.055774
v 0.276671 -0.550428 0.000000
v 0.360442 -0.550886 0.056303
v 0.353755 -0.550517 0.000000
v 0.369608 -0.550935 0.066394
v 0.376436 -0.550937 0.000000
v 0.570423 -0.550937 0.077263
v 0.563565 -0.550938 0.000000
v 0.580027 -0.550937 0.105081
v 0.590001 -0.550937 0.116213
v 0.600000 -0.550937 0.113249
v 0.610000 -0.550937 0.103841
v 0.619995 -0.550933 0.090896
v 0.629967 -0.550884 0.075140
v 0.639997 -0.550688 0.071094
v 0.649995 -0.550654 0.068922
v 0.659924 -0.550623 0.058569
v 0.669530 -0.550344 0.000000
v 0.679954 -0.548825 0.000000
v 0.689940 -0.548556 0.000000
v 0.699369 -0.548414 0.000000
v 0.705970 -0.547768 0.000000
v 1.160391 -0.550944 0.063781
v 1.153543 -0.550978 0.000000
v 1.169559 -0.550989 0.055583
v 1.175304 -0.546883 0.000000
v 1.176245 -0.551358 0.000000
v 0.183993 -0.553621 0.000000
v 0.190090 -0.557717 0.063849
v 0.180515 -0.558212 0.000000
v 0.200006 -0.557660 0.091945
v 0.210000 -0.557656 0.104710
v 0.220000 -0.557656 0.108323
v 0.230000 -0.557656 0.105533
v 0.239994 -0.557653 0.092190
v 0.249910 -0.557596 0.063874
v 0.259481 -0.557101 0.000000
v 0.269242 -0.555420 0.000000
v 0.275379 -0.554552 0.000000
v 0.360856 -0.557340 0.000000
v 0.354696 -0.554992 0.000000
v 0.369660 -0.557634 0.056724
v 0.376440 -0.557655 0.000000
v 0.570423 -0.557656 0.077302
v 0.563565 -0.557656 0.000000
v 0.580027 -0.557656 0.105155
v 0.590001 -0.557656 0.115621
v 0.600000 -0.557656 0.109192
v 0.609994 -0.557653 0.093155
v 0.619912 -0.557597 0.064035
v 0.629528 -0.557110 0.000000
v 0.639954 -0.555546 0.000000
v 0.649940 -0.555275 0.000000
v 0.659374 -0.555134 0.000000
v 0.666035 -0.554500 0.000000
v 1.160344 -0.557658 0.070276
v 1.153143 -0.557687 0.000000
v 1.169600 -0.557660 0.068207
v 1.176418 -0.557695 0.000000
v 0.164034 -0.560787 0.000000
v 0.170674 -0.559895 0.000000
v 0.170112 -0.564662 0.058708
v 0.160941 -0.565053 0.000000
v 0.180038 -0.564430 0.073342
v 0.190005 -0.564379 0.090690
v 0.200000 -0.564375 0.103137
v 0.210000 -0.564375 0.109663
v 0.220000 -0.564375 0.108237
v 0.229996 -0.564374 0.099672
v 0.239918 -0.564349 0.076507
v 0.249173 -0.564029 0.000000
v 0.256006 -0.561692 0.000000
v 0.369948 -0.564373 0.054523
v 0.363105 -0.564346 0.000000
v 0.376468 -0.564375 0.000000
v 0.570423 -0.564375 0.077301
v 0.563565 -0.564375 0.000000
v 0.580027 -0.564375 0.105115
v 0.590001 -0.564375 0.115108
v 0.599996 -0.564374 0.105905
v 0.609921 -0.564353 0.080504
v 0.619187 -0.564058 0.000000
v 0.626011 -0.561695 0.000000
v 1.160055 -0.564397 0.073861
v 1.150883 -0.564691 0.000000
v 1.169581 -0.564376 0.071089
v 1.176436 -0.564377 0.000000
v 0.154009 -0.567102 0.000000
v 0.160098 -0.571177 0.062936
v 0.150473 -0.571643 0.000000
v 0.170008 -0.571114 0.087364
v 0.180001 -0.571096 0.096393
v 0.190000 -0.571094 0.103794
v 0.200000 -0.571094 0.109754
v 0.210000 -0.571094 0.110181
v 0.219999 -0.571094 0.102909
v 0.229970 -0.571089 0.088486
v 0.239573 -0.571019 0.059793
v 0.246668 -0.570641 0.000000
v 0.369993 -0.571094 0.054266
v 0.363450 -0.571094 0.000000
v 0.376472 -0.571094 0.000000
v 0.570423 -0.571094 0.077301
v 0.563565 -0.571094 0.000000
v 0.580027 -0.571094 0.105107
v 0.590000 -0.571094 0.115005
v 0.599975 -0.571094 0.105185
v 0.609629 -0.571092 0.077681
v 0.616860 -0.571065 0.000000
v 1.144698 -0.567039 0.000000
v 1.150468 -0.571145 0.059594
v 1.143757 -0.571515 0.000000
v 1.160004 -0.571096 0.085679
v 1.169582 -0.571094 0.073591
v 1.176474 -0.571095 0.000000
v 0.094676 -0.574235 0.000000
v 0.100720 -0.573617 0.000000
v 0.100458 -0.578120 0.054518
v 0.093756 -0.578295 0.000000
v 0.110064 -0.573501 0.000000
v 0.110030 -0.578098 0.067997
v 0.120003 -0.573488 0.000000
v 0.120001 -0.578097 0.070318
v 0.130002 -0.573463 0.000000
v 0.130000 -0.578094 0.070657
v 0.140044 -0.573204 0.000000
v 0.140003 -0.578062 0.071214
v 0.150033 -0.577866 0.075118
v 0.160005 -0.577817 0.090661
v 0.170000 -0.577813 0.102149
v 0.180000 -0.577813 0.107898
v 0.190000 -0.577812 0.111582
v 0.200000 -0.577812 0.113063
v 0.210000 -0.577812 0.107288
v 0.219992 -0.577809 0.092478
v 0.229876 -0.577746 0.063465
v 0.238991 -0.577180 0.000000
v 0.245341 -0.575102 0.000000
v 0.369948 -0.577814 0.054523
v 0.363105 -0.577842 0.000000
v 0.376468 -0.577813 0.000000
v 0.570423 -0.577812 0.077302
v 0.563563 -0.577813 0.000000
v 0.580027 -0.577812 0.105106
v 0.590000 -0.577812 0.114995
v 0.599973 -0.577812 0.105110
v 0.609581 -0.577812 0.077325
v 0.616474 -0.577811 0.000000
v 1.150424 -0.577816 0.072660
v 1.143584 -0.577852 0.000000
v 1.160003 -0.577813 0.092787
v 1.169630 -0.577814 0.075594
v 1.176860 -0.577842 0.000000
v 0.100428 -0.584547 0.068418
v 0.093602 -0.584535 0.000000
v 0.110028 -0.584550 0.088683
v 0.120001 -0.584550 0.093768
v 0.130000 -0.584550 0.095187
v 0.140000 -0.584548 0.095745
v 0.150001 -0.584534 0.097509
v 0.160000 -0.584531 0.104069
v 0.170000 -0.584531 0.111194
v 0.180000 -0.584531 0.115566
v 0.190000 -0.584531 0.115173
v 0.200000 -0.584531 0.110429
v 0.209996 -0.584530 0.100170
v 0.219918 -0.584505 0.076563
v 0.229169 -0.584184 0.000000
v 0.235940 -0.581836 0.000000
v 0.369660 -0.584553 0.056724
v 0.360856 -0.584847 0.000000
v 0.376440 -0.584532 0.000000
v 0.570419 -0.584531 0.077325
v 0.563526 -0.584533 0.000000
v 0.580027 -0.584531 0.105110
v 0.590000 -0.584531 0.114995
v 0.599973 -0.584531 0.105106
v 0.609577 -0.584531 0.077302
v 0.616437 -0.584531 0.000000
v 1.150423 -0.584531 0.075861
v 1.143566 -0.584533 0.000000
v 1.160024 -0.584532 0.096231
v 1.169922 -0.584553 0.079213
v 1.179183 -0.584849 0.000000
v 0.100479 -0.591178 0.058755
v 0.093759 -0.590828 0.000000
v 0.110034 -0.591245 0.086347
v 0.120001 -0.591250 0.098596
v 0.130000 -0.591251 0.103793
v 0.140000 -0.591251 0.105782
v 0.150000 -0.591250 0.107690
v 0.160000 -0.591250 0.112298
v 0.170000 -0.591250 0.117940
v 0.180000 -0.591250 0.119319
v 0.190000 -0.591250 0.113422
v 0.199999 -0.591250 0.103599
v 0.209970 -0.591245 0.088573
v 0.219573 -0.591175 0.059798
v 0.226668 -0.590797 0.000000
v 0.354696 -0.587195 0.000000
v 0.360442 -0.591301 0.056303
v 0.353755 -0.591671 0.000000
v 0.369608 -0.591253 0.066393
v 0.376436 -0.591250 0.000000
v 0.570371 -0.591252 0.077679
v 0.563143 -0.591279 0.000000
v 0.580025 -0.591250 0.105185
v 0.590000 -0.591250 0.115005
v 0.599973 -0.591250 0.105107
v 0.609577 -0.591250 0.077301
v 0.616435 -0.591250 0.000000
v 1.150423 -0.591250 0.076533
v 1.143565 -0.591250 0.000000
v 1.160027 -0.591250 0.099216
v 1.169994 -0.591253 0.091704
v 1.179876 -0.591316 0.063446
v 1.185941 -0.587225 0.000000
v 1.188991 -0.591882 0.000000
v 0.101014 -0.597334 0.000000
v 0.094718 -0.595261 0.000000
v 0.110134 -0.597881 0.062429
v 0.120010 -0.597962 0.088291
v 0.130000 -0.597968 0.100667
v 0.140000 -0.597969 0.105722
v 0.150000 -0.597969 0.110013
v 0.160000 -0.597969 0.115885
v 0.170000 -0.597969 0.120416
v 0.180000 -0.597969 0.117715
v 0.190000 -0.597969 0.108386
v 0.199993 -0.597965 0.092614
v 0.209876 -0.597902 0.063474
v 0.218991 -0.597336 0.000000
v 0.225341 -0.595259 0.000000
v 0.360398 -0.597972 0.068216
v 0.353582 -0.598008 0.000000
v 0.369605 -0.597969 0.070159
v 0.376436 -0.597969 0.000000
v 0.570082 -0.597991 0.080450
v 0.560884 -0.598285 0.000000
v 0.580004 -0.597970 0.105902
v 0.589999 -0.597969 0.115112
v 0.599973 -0.597969 0.105116
v 0.609577 -0.597969 0.077301
v 0.616435 -0.597969 0.000000
v 1.150423 -0.597969 0.076800
v 1.143563 -0.597969 0.000000
v 1.160027 -0.597969 0.101318
v 1.170000 -0.597969 0.101532
v 1.179970 -0.597974 0.088361
v 1.189573 -0.598044 0.059783
v 1.195341 -0.593960 0.000000
v 1.196665 -0.598422 0.000000
v 0.110947 -0.604051 0.000000
v 0.104079 -0.601950 0.000000
v 0.120131 -0.604598 0.062469
v 0.130009 -0.604667 0.087202
v 0.140001 -0.604685 0.096140
v 0.150000 -0.604687 0.103727
v 0.160000 -0.604688 0.111265
v 0.170000 -0.604688 0.116340
v 0.180000 -0.604687 0.112712
v 0.189996 -0.604687 0.101066
v 0.199919 -0.604663 0.076695
v 0.209169 -0.604341 0.000000
v 0.215940 -0.601992 0.000000
v 0.360395 -0.604688 0.070523
v 0.353565 -0.604689 0.000000
v 0.369605 -0.604687 0.070523
v 0.376435 -0.604686 0.000000
v 0.554698 -0.600633 0.000000
v 0.560469 -0.604739 0.060312
v 0.553757 -0.605108 0.000000
v 0.570031 -0.604690 0.092532
v 0.580001 -0.604688 0.109140
v 0.589999 -0.604688 0.115663
v 0.599973 -0.604688 0.105172
v 0.609577 -0.604688 0.077305
v 0.616435 -0.604688 0.000000
v 1.150419 -0.604688 0.077049
v 1.143526 -0.604689 0.000000
v 1.160027 -0.604688 0.103062
v 1.170001 -0.604688 0.108206
v 1.179996 -0.604688 0.099934
v 1.189915 -0.604713 0.076496
v 1.199102 -0.605033 0.000000
v 0.120945 -0.610728 0.000000
v 0.114074 -0.608666 0.000000
v 0.130112 -0.611120 0.058699
v 0.140038 -0.611351 0.073325
v 0.150005 -0.611402 0.090700
v 0.160000 -0.611406 0.103390
v 0.170000 -0.611406 0.110504
v 0.179999 -0.611406 0.107352
v 0.189972 -0.611403 0.092334
v 0.199583 -0.611353 0.060672
v 0.206670 -0.610957 0.000000
v 0.360395 -0.611406 0.070159
v 0.353564 -0.611406 0.000000
v 0.369602 -0.611403 0.068216
v 0.376418 -0.611367 0.000000
v 0.560425 -0.611410 0.073477
v 0.553584 -0.611445 0.000000
v 0.570028 -0.611406 0.100302
v 0.580001 -0.611406 0.112840
v 0.589999 -0.611406 0.116525
v 0.599973 -0.611406 0.105270
v 0.609577 -0.611406 0.077310
v 0.616435 -0.611406 0.000000
v 1.150371 -0.611408 0.077597
v 1.143144 -0.611436 0.000000
v 1.160025 -0.611406 0.104576
v 1.170001 -0.611406 0.113376
v 1.179999 -0.611406 0.107658
v 1.189969 -0.611409 0.091961
v 1.199531 -0.611458 0.060220
v 1.205301 -0.607354 0.000000
v 1.206244 -0.611827 0.000000
v 0.130674 -0.615886 0.000000
v 0.124034 -0.614995 0.000000
v 0.140515 -0.617569 0.000000
v 0.150090 -0.618064 0.063843
v 0.160006 -0.618121 0.091844
v 0.170000 -0.618124 0.103593
v 0.179996 -0.618124 0.101104
v 0.189918 -0.618102 0.079324
v 0.199120 -0.617807 0.000000
v 0.205360 -0.615459 0.000000
v 0.360392 -0.618122 0.066393
v 0.353564 -0.618125 0.000000
v 0.369559 -0.618074 0.056303
v 0.376245 -0.617704 0.000000
v 0.560423 -0.618125 0.076764
v 0.553566 -0.618127 0.000000
v 0.570027 -0.618125 0.104097
v 0.580001 -0.618125 0.116007
v 0.589999 -0.618125 0.117122
v 0.599973 -0.618125 0.105211
v 0.609577 -0.618125 0.077272
v 0.616435 -0.618125 0.000000
v 1.150082 -0.618147 0.080455
v 1.140884 -0.618441 0.000000
v 1.160004 -0.618126 0.106016
v 1.170000 -0.618125 0.116421
v 1.179999 -0.618125 0.112694
v 1.189972 -0.618125 0.100258
v 1.199575 -0.618128 0.073474
v 1.206419 -0.618164 0.000000
v 0.150827 -0.624495 0.000000
v 0.143993 -0.622161 0.000000
v 0.160081 -0.624802 0.074784
v 0.170003 -0.624825 0.091817
v 0.179975 -0.624825 0.091303
v 0.189627 -0.624822 0.071985
v 0.196838 -0.624772 0.000000
v 0.360340 -0.624822 0.056724
v 0.353558 -0.624843 0.000000
v 0.369144 -0.624528 0.000000
v 0.375304 -0.622180 0.000000
v 0.560423 -0.624844 0.077222
v 0.553565 -0.624844 0.000000
v 0.570027 -0.624844 0.105002
v 0.580001 -0.624844 0.116723
v 0.589999 -0.624844 0.115947
v 0.599973 -0.624844 0.104103
v 0.609577 -0.624844 0.076766
v 0.616434 -0.624842 0.000000
v 1.134695 -0.620789 0.000000
v 1.140465 -0.624895 0.060339
v 1.133718 -0.625266 0.000000
v 1.150031 -0.624846 0.092592
v 1.160001 -0.624844 0.109722
v 1.170000 -0.624844 0.119041
v 1.179999 -0.624844 0.116491
v 1.189973 -0.624844 0.104168
v 1.199580 -0.624844 0.076793
v 1.206473 -0.624847 0.000000
v 0.160406 -0.631253 0.055216
v 0.153329 -0.631050 0.000000
v 0.170026 -0.631277 0.068206
v 0.179971 -0.631277 0.068158
v 0.189546 -0.631255 0.054864
v 0.196284 -0.631077 0.000000
v 0.360049 -0.631561 0.054540
v 0.353493 -0.631564 0.000000
v 0.366893 -0.631533 0.000000
v 0.560423 -0.631562 0.076750
v 0.553566 -0.631561 0.000000
v 0.570027 -0.631562 0.103900
v 0.580001 -0.631562 0.114569
v 0.589999 -0.631562 0.112265
v 0.599973 -0.631562 0.100228
v 0.609576 -0.631559 0.073476
v 0.616417 -0.631524 0.000000
v 1.140373 -0.631568 0.073864
v 1.133162 -0.631631 0.000000
v 1.150025 -0.631563 0.100521
v 1.160001 -0.631562 0.114056
v 1.170000 -0.631562 0.122010
v 1.179999 -0.631562 0.118707
v 1.189975 -0.631563 0.105485
v 1.199629 -0.631564 0.077662
v 1.206857 -0.631592 0.000000
v 0.160715 -0.635758 0.000000
v 0.154617 -0.635137 0.000000
v 0.170060 -0.635873 0.000000
v 0.179939 -0.635873 0.000000
v 0.189280 -0.635758 0.000000
v 0.195327 -0.635140 0.000000
v 0.359952 -0.638283 0.054539
v 0.353107 -0.638310 0.000000
v 0.366507 -0.638280 0.000000
v 0.560425 -0.638278 0.073455
v 0.553584 -0.638242 0.000000
v 0.570028 -0.638281 0.099979
v 0.580001 -0.638281 0.110397
v 0.589999 -0.638281 0.107598
v 0.599971 -0.638279 0.092344
v 0.609553 -0.638231 0.060366
v 0.616247 -0.637861 0.000000
v 1.140082 -0.638303 0.079943
v 1.130880 -0.638599 0.000000
v 1.150004 -0.638282 0.105218
v 1.160000 -0.638281 0.118402
v 1.170000 -0.638281 0.125333
v 1.180000 -0.638281 0.120099
v 1.189996 -0.638282 0.106472
v 1.199918 -0.638303 0.080460
v 1.209116 -0.638597 0.000000
v 0.359660 -0.645022 0.056708
v 0.350856 -0.645316 0.000000
v 0.366442 -0.645001 0.000000
v 0.560469 -0.644949 0.060286
v 0.553757 -0.644579 0.000000
v 0.570031 -0.644997 0.092152
v 0.580001 -0.645000 0.106141
v 0.589999 -0.644999 0.103526
v 0.599962 -0.644980 0.080480
v 0.609426 -0.644706 0.000000
v 0.615345 -0.642338 0.000000
v 1.124640 -0.640948 0.000000
v 1.130417 -0.645053 0.060690
v 1.123334 -0.645450 0.000000
v 1.140028 -0.645003 0.092647
v 1.150001 -0.645000 0.109946
v 1.160000 -0.645000 0.121766
v 1.170000 -0.645000 0.127647
v 1.180000 -0.645000 0.121079
v 1.189999 -0.645000 0.109252
v 1.199969 -0.645003 0.092133
v 1.209531 -0.645051 0.059973
v 1.215302 -0.640945 0.000000
v 1.216243 -0.645419 0.000000
v 0.344693 -0.647664 0.000000
v 0.350438 -0.651770 0.056267
v 0.343716 -0.652141 0.000000
v 0.359608 -0.651721 0.066124
v 0.366435 -0.651717 0.000000
v 0.560884 -0.651403 0.000000
v 0.554698 -0.649055 0.000000
v 0.570082 -0.651697 0.080070
v 0.580004 -0.651718 0.102902
v 0.589999 -0.651720 0.102970
v 0.599962 -0.651739 0.080423
v 0.609426 -0.652013 0.000000
v 1.130085 -0.651744 0.076660
v 1.120893 -0.652064 0.000000
v 1.140004 -0.651720 0.101264
v 1.150000 -0.651719 0.114425
v 1.160000 -0.651719 0.123840
v 1.170000 -0.651719 0.126249
v 1.180000 -0.651719 0.119135
v 1.189999 -0.651719 0.109434
v 1.199972 -0.651719 0.096755
v 1.209572 -0.651718 0.070180
v 1.216398 -0.651719 0.000000
v 0.350346 -0.658443 0.067835
v 0.343157 -0.658506 0.000000
v 0.359599 -0.658434 0.067571
v 0.366418 -0.658399 0.000000
v 0.570371 -0.658436 0.077354
v 0.563143 -0.658408 0.000000
v 0.580025 -0.658437 0.102722
v 0.590000 -0.658438 0.106016
v 0.599971 -0.658440 0.092161
v 0.609553 -0.658488 0.060354
v 0.615345 -0.654381 0.000000
v 0.616247 -0.658858 0.000000
v 1.114641 -0.654387 0.000000
v 1.120417 -0.658492 0.060604
v 1.113331 -0.658887 0.000000
v 1.130029 -0.658440 0.092114
v 1.140001 -0.658438 0.108568
v 1.150000 -0.658437 0.119241
v 1.160000 -0.658437 0.125612
v 1.170000 -0.658437 0.123296
v 1.180000 -0.658437 0.114404
v 1.189999 -0.658437 0.103486
v 1.199967 -0.658432 0.088168
v 1.209521 -0.658365 0.059088
v 1.216241 -0.658015 0.000000
v 0.350048 -0.665176 0.068608
v 0.340817 -0.665475 0.000000
v 0.359535 -0.665106 0.056582
v 0.366244 -0.664736 0.000000
v 0.570419 -0.665156 0.077075
v 0.563526 -0.665155 0.000000
v 0.580027 -0.665156 0.103426
v 0.590000 -0.665156 0.109553
v 0.599973 -0.665156 0.099877
v 0.609576 -0.665160 0.073452
v 0.616419 -0.665195 0.000000
v 1.120081 -0.665181 0.076703
v 1.110831 -0.665503 0.000000
v 1.130004 -0.665157 0.101215
v 1.140000 -0.665156 0.114193
v 1.150000 -0.665156 0.123257
v 1.160000 -0.665156 0.125605
v 1.170000 -0.665156 0.119245
v 1.180000 -0.665156 0.108608
v 1.189992 -0.665153 0.092613
v 1.199875 -0.665089 0.063448
v 1.208987 -0.664524 0.000000
v 1.215282 -0.662448 0.000000
v 0.334059 -0.667850 0.000000
v 0.340120 -0.671940 0.059656
v 0.331013 -0.672507 0.000000
v 0.349925 -0.671856 0.069299
v 0.359118 -0.671559 0.000000
v 0.365302 -0.669211 0.000000
v 0.570423 -0.671875 0.076703
v 0.563564 -0.671873 0.000000
v 0.580027 -0.671875 0.103392
v 0.590000 -0.671875 0.111727
v 0.599973 -0.671875 0.103396
v 0.609581 -0.671875 0.076726
v 0.616473 -0.671878 0.000000
v 1.104060 -0.667852 0.000000
v 1.110125 -0.671942 0.063475
v 1.101009 -0.672507 0.000000
v 1.120008 -0.671878 0.092633
v 1.130000 -0.671875 0.108630
v 1.140000 -0.671875 0.119369
v 1.150000 -0.671875 0.126109
v 1.160000 -0.671875 0.123778
v 1.170000 -0.671875 0.114417
v 1.179996 -0.671874 0.101266
v 1.189919 -0.671850 0.076707
v 1.199169 -0.671528 0.000000
v 1.205940 -0.669179 0.000000
v 0.324719 -0.674580 0.000000
v 0.330480 -0.678663 0.055924
v 0.323777 -0.678979 0.000000
v 0.340009 -0.678599 0.081280
v 0.349634 -0.678592 0.072822
v 0.356896 -0.678566 0.000000
v 0.570425 -0.678590 0.073448
v 0.563584 -0.678555 0.000000
v 0.580028 -0.678594 0.099875
v 0.590000 -0.678594 0.109555
v 0.599975 -0.678594 0.103499
v 0.609629 -0.678596 0.077431
v 0.616860 -0.678623 0.000000
v 1.094659 -0.674585 0.000000
v 1.100427 -0.678669 0.059798
v 1.093332 -0.679047 0.000000
v 1.110031 -0.678599 0.088585
v 1.120001 -0.678594 0.103771
v 1.130000 -0.678594 0.114586
v 1.140000 -0.678594 0.123748
v 1.150000 -0.678594 0.127395
v 1.160000 -0.678594 0.121487
v 1.169999 -0.678594 0.109897
v 1.179971 -0.678591 0.092644
v 1.189583 -0.678541 0.060692
v 1.196670 -0.678144 0.000000
v 0.330470 -0.685266 0.056581
v 0.323775 -0.684931 0.000000
v 0.340007 -0.685310 0.083628
v 0.349633 -0.685314 0.073519
v 0.356896 -0.685340 0.000000
v 0.570469 -0.685261 0.060282
v 0.563757 -0.684892 0.000000
v 0.580031 -0.685310 0.092111
v 0.590001 -0.685312 0.106014
v 0.599996 -0.685313 0.103404
v 0.609921 -0.685335 0.080173
v 0.619183 -0.685630 0.000000
v 1.100082 -0.685338 0.076575
v 1.090827 -0.685659 0.000000
v 1.110004 -0.685314 0.100337
v 1.120000 -0.685313 0.111678
v 1.130000 -0.685313 0.120051
v 1.140000 -0.685313 0.125994
v 1.150000 -0.685313 0.124799
v 1.160000 -0.685313 0.117559
v 1.169996 -0.685312 0.105018
v 1.179918 -0.685290 0.079923
v 1.189120 -0.684995 0.000000
v 1.195360 -0.682646 0.000000
v 0.330855 -0.691716 0.000000
v 0.324697 -0.689370 0.000000
v 0.340076 -0.692010 0.074240
v 0.349921 -0.692052 0.074408
v 0.359122 -0.692347 0.000000
v 0.570885 -0.691714 0.000000
v 0.564698 -0.689367 0.000000
v 0.580083 -0.692009 0.079638
v 0.590004 -0.692030 0.102589
v 0.600000 -0.692031 0.105769
v 0.609993 -0.692035 0.092670
v 0.619879 -0.692097 0.063580
v 0.625946 -0.688006 0.000000
v 0.629054 -0.692665 0.000000
v 1.083994 -0.687996 0.000000
v 1.090090 -0.692092 0.063916
v 1.080519 -0.692587 0.000000
v 1.100006 -0.692034 0.092638
v 1.110000 -0.692031 0.108433
v 1.120000 -0.692031 0.118489
v 1.130000 -0.692031 0.124902
v 1.140000 -0.692031 0.125998
v 1.150000 -0.692031 0.120041
v 1.159999 -0.692031 0.111519
v 1.169975 -0.692031 0.099603
v 1.179626 -0.692025 0.073731
v 1.186838 -0.691963 0.000000
v 0.340318 -0.698750 0.074318
v 0.332723 -0.698750 0.000000
v 0.349993 -0.698753 0.085837
v 0.359584 -0.698803 0.059963
v 0.365360 -0.694698 0.000000
v 0.366666 -0.699200 0.000000
v 0.580373 -0.698745 0.073771
v 0.573162 -0.698682 0.000000
v 0.590025 -0.698750 0.099447
v 0.600001 -0.698750 0.107608
v 0.610000 -0.698750 0.102577
v 0.619991 -0.698756 0.088963
v 0.629869 -0.698838 0.062708
v 0.635926 -0.694768 0.000000
v 0.639053 -0.699386 0.000000
v 1.064621 -0.695136 0.000000
v 1.070758 -0.694268 0.000000
v 1.070409 -0.699024 0.055779
v 1.063329 -0.699259 0.000000
v 1.080060 -0.698804 0.072859
v 1.090006 -0.698754 0.090724
v 1.100000 -0.698750 0.103949
v 1.110000 -0.698750 0.114572
v 1.120000 -0.698750 0.123632
v 1.130000 -0.698750 0.127476
v 1.140000 -0.698750 0.123691
v 1.150000 -0.698750 0.114663
v 1.159999 -0.698750 0.103793
v 1.169967 -0.698745 0.088514
v 1.179525 -0.698677 0.059441
v 1.186281 -0.698325 0.000000
v 0.340079 -0.705491 0.078392
v 0.330855 -0.705784 0.000000
v 0.350000 -0.705471 0.093924
v 0.359915 -0.705494 0.075635
v 0.369102 -0.705814 0.000000
v 0.580466 -0.705417 0.060224
v 0.573718 -0.705047 0.000000
v 0.590031 -0.705466 0.091691
v 0.600001 -0.705469 0.105740
v 0.610000 -0.705469 0.107648
v 0.620000 -0.705469 0.101983
v 0.629990 -0.705475 0.088839
v 0.639869 -0.705557 0.062698
v 0.645926 -0.701487 0.000000
v 0.649053 -0.706105 0.000000
v 1.070081 -0.705509 0.075014
v 1.060827 -0.705818 0.000000
v 1.080005 -0.705472 0.094072
v 1.090000 -0.705469 0.103872
v 1.100000 -0.705469 0.112097
v 1.110000 -0.705469 0.120080
v 1.120000 -0.705469 0.126000
v 1.130000 -0.705469 0.124962
v 1.140000 -0.705469 0.118776
v 1.150000 -0.705469 0.109090
v 1.159993 -0.705465 0.093043
v 1.169876 -0.705403 0.063551
v 1.178987 -0.704836 0.000000
v 1.185285 -0.702761 0.000000
v 0.324696 -0.708133 0.000000
v 0.330468 -0.712239 0.059894
v 0.323757 -0.712606 0.000000
v 0.340031 -0.712190 0.091059
v 0.350000 -0.712188 0.101356
v 0.359969 -0.712190 0.089293
v 0.369528 -0.712236 0.057191
v 0.375299 -0.708132 0.000000
v 0.376225 -0.712569 0.000000
v 0.580898 -0.711842 0.000000
v 0.574696 -0.709521 0.000000
v 0.590085 -0.712162 0.076459
v 0.600004 -0.712187 0.099628
v 0.610000 -0.712188 0.107569
v 0.620000 -0.712188 0.107460
v 0.630000 -0.712188 0.101792
v 0.639990 -0.712194 0.088805
v 0.649869 -0.712275 0.062697
v 0.655926 -0.708206 0.000000
v 0.659056 -0.712823 0.000000
v 1.053990 -0.708151 0.000000
v 1.060089 -0.712248 0.063880
v 1.050472 -0.712734 0.000000
v 1.070006 -0.712191 0.092035
v 1.080000 -0.712188 0.105540
v 1.090000 -0.712188 0.112582
v 1.100000 -0.712188 0.119287
v 1.110000 -0.712188 0.124995
v 1.120000 -0.712188 0.126010
v 1.130000 -0.712188 0.120157
v 1.140000 -0.712188 0.112387
v 1.149996 -0.712187 0.102670
v 1.159921 -0.712165 0.079529
v 1.169182 -0.711868 0.000000
v 1.175941 -0.709494 0.000000
v 0.330428 -0.718906 0.070176
v 0.323602 -0.718906 0.000000
v 0.340028 -0.718906 0.096259
v 0.350000 -0.718906 0.103202
v 0.359969 -0.718904 0.089883
v 0.369529 -0.718859 0.057285
v 0.376225 -0.718525 0.000000
v 0.590427 -0.718831 0.059776
v 0.583335 -0.718454 0.000000
v 0.600031 -0.718900 0.088274
v 0.610001 -0.718905 0.101398
v 0.620000 -0.718906 0.105780
v 0.630000 -0.718906 0.106283
v 0.640000 -0.718906 0.101532
v 0.649991 -0.718913 0.088800
v 0.659902 -0.718987 0.063116
v 0.665991 -0.714912 0.000000
v 0.669525 -0.719456 0.000000
v 0.993965 -0.715344 0.000000
v 1.000626 -0.714711 0.000000
v 1.000076 -0.719221 0.058576
v 0.990470 -0.719500 0.000000
v 1.010058 -0.714595 0.000000
v 1.010005 -0.719192 0.068895
v 1.020003 -0.714582 0.000000
v 1.020000 -0.719190 0.070543
v 1.030002 -0.714557 0.000000
v 1.030000 -0.719188 0.070712
v 1.040044 -0.714297 0.000000
v 1.040003 -0.719155 0.071235
v 1.050033 -0.718959 0.075144
v 1.060004 -0.718910 0.090878
v 1.070000 -0.718906 0.103683
v 1.080000 -0.718906 0.112933
v 1.090000 -0.718906 0.119283
v 1.100000 -0.718906 0.124480
v 1.110000 -0.718906 0.127522
v 1.120000 -0.718906 0.123682
v 1.130000 -0.718906 0.114668
v 1.139999 -0.718906 0.104694
v 1.149974 -0.718904 0.093626
v 1.159627 -0.718886 0.072222
v 1.166842 -0.718835 0.000000
v 0.330469 -0.725574 0.059878
v 0.323758 -0.725206 0.000000
v 0.340031 -0.725622 0.090930
v 0.349997 -0.725624 0.099866
v 0.359918 -0.725603 0.079483
v 0.369116 -0.725309 0.000000
v 0.375300 -0.722964 0.000000
v 0.591010 -0.724990 0.000000
v 0.584659 -0.722915 0.000000
v 0.600134 -0.725535 0.062461
v 0.610009 -0.725604 0.087287
v 0.620001 -0.725622 0.096096
v 0.630000 -0.725625 0.102567
v 0.640000 -0.725625 0.105476
v 0.650000 -0.725625 0.101563
v 0.659995 -0.725630 0.090555
v 0.669966 -0.725678 0.074936
v 0.679893 -0.721028 0.000000
v 0.679970 -0.725876 0.068940
v 0.689283 -0.721403 0.000000
v 0.689597 -0.725932 0.055292
v 0.695386 -0.722047 0.000000
v 0.696715 -0.726129 0.000000
v 0.944030 -0.722076 0.000000
v 0.950631 -0.721431 0.000000
v 0.950109 -0.725947 0.058154
v 0.940941 -0.726306 0.000000
v 0.960058 -0.721313 0.000000
v 0.960006 -0.725911 0.068875
v 0.970005 -0.721276 0.000000
v 0.970000 -0.725907 0.070578
v 0.980044 -0.721018 0.000000
v 0.980003 -0.725874 0.071217
v 0.990033 -0.725680 0.074928
v 1.000004 -0.725646 0.088928
v 1.010000 -0.725644 0.094706
v 1.020000 -0.725643 0.095742
v 1.030000 -0.725643 0.095855
v 1.040000 -0.725642 0.096054
v 1.050001 -0.725628 0.097683
v 1.060000 -0.725625 0.104136
v 1.070000 -0.725625 0.111512
v 1.080000 -0.725625 0.117773
v 1.090000 -0.725625 0.122020
v 1.100000 -0.725625 0.124058
v 1.110000 -0.725625 0.123970
v 1.120000 -0.725625 0.118640
v 1.130000 -0.725625 0.108659
v 1.139997 -0.725623 0.094242
v 1.149947 -0.725591 0.073610
v 1.159544 -0.725354 0.055504
v 1.166284 -0.725143 0.000000
v 0.330884 -0.732028 0.000000
v 0.324698 -0.729680 0.000000
v 0.340082 -0.732322 0.079368
v 0.349979 -0.732343 0.097104
v 0.359629 -0.732342 0.076710
v 0.366859 -0.732315 0.000000
v 0.600945 -0.731665 0.000000
v 0.594079 -0.729603 0.000000
v 0.610112 -0.732057 0.058705
v 0.620038 -0.732289 0.073312
v 0.630005 -0.732339 0.090423
v 0.640000 -0.732344 0.101558
v 0.650000 -0.732344 0.105481
v 0.660000 -0.732344 0.102660
v 0.669999 -0.732346 0.097029
v 0.679997 -0.732361 0.092403
v 0.689952 -0.732379 0.075229
v 0.699643 -0.732607 0.000000
v 0.934009 -0.728352 0.000000
v 0.940098 -0.732427 0.062923
v 0.930473 -0.732893 0.000000
v 0.950008 -0.732366 0.087158
v 0.960000 -0.732362 0.094579
v 0.970000 -0.732362 0.095763
v 0.980000 -0.732360 0.096047
v 0.990001 -0.732346 0.097572
v 1.000000 -0.732344 0.103157
v 1.010000 -0.732344 0.107011
v 1.020000 -0.732344 0.107978
v 1.030000 -0.732344 0.108105
v 1.040000 -0.732344 0.108219
v 1.050000 -0.732344 0.109075
v 1.060000 -0.732344 0.112378
v 1.070000 -0.732344 0.116392
v 1.080000 -0.732344 0.117653
v 1.090000 -0.732344 0.117580
v 1.100000 -0.732344 0.117500
v 1.110000 -0.732344 0.116658
v 1.120000 -0.732344 0.112183
v 1.129997 -0.732343 0.100942
v 1.139950 -0.732325 0.077074
v 1.149595 -0.732074 0.000000
v 1.159249 -0.730135 0.000000
v 1.165325 -0.729244 0.000000
v 0.340370 -0.739061 0.076640
v 0.333143 -0.739033 0.000000
v 0.349997 -0.739062 0.096477
v 0.359585 -0.739062 0.076334
v 0.366513 -0.739062 0.000000
v 0.610674 -0.736824 0.000000
v 0.604034 -0.735932 0.000000
v 0.620516 -0.738504 0.000000
v 0.630100 -0.738981 0.063091
v 0.640009 -0.739056 0.088800
v 0.650000 -0.739062 0.101540
v 0.660000 -0.739062 0.106389
v 0.670000 -0.739063 0.106536
v 0.680000 -0.739063 0.104126
v 0.689997 -0.739065 0.093519
v 0.699977 -0.739095 0.075830
v 0.709969 -0.734426 0.000000
v 0.709998 -0.739310 0.071288
v 0.719998 -0.734711 0.000000
v 0.720000 -0.739344 0.070697
v 0.729997 -0.734738 0.000000
v 0.730000 -0.739347 0.070526
v 0.739942 -0.734751 0.000000
v 0.739995 -0.739348 0.068884
v 0.749374 -0.734868 0.000000
v 0.749924 -0.739377 0.058574
v 0.756035 -0.735500 0.000000
v 0.759530 -0.739656 0.000000
v 0.823965 -0.735500 0.000000
v 0.830626 -0.734868 0.000000
v 0.830076 -0.739378 0.058575
v 0.820470 -0.739656 0.000000
v 0.840058 -0.734751 0.000000
v 0.840005 -0.739348 0.068895
v 0.850003 -0.734740 0.000000
v 0.850000 -0.739347 0.070542
v 0.860000 -0.734739 0.000000
v 0.860000 -0.739347 0.070676
v 0.870000 -0.734739 0.000000
v 0.870000 -0.739347 0.070681
v 0.880000 -0.734739 0.000000
v 0.880000 -0.739347 0.070681
v 0.890000 -0.734739 0.000000
v 0.890000 -0.739347 0.070681
v 0.900000 -0.734738 0.000000
v 0.900000 -0.739347 0.070682
v 0.910002 -0.734713 0.000000
v 0.910000 -0.739344 0.070718
v 0.920044 -0.734453 0.000000
v 0.920003 -0.739312 0.071235
v 0.930033 -0.739116 0.075129
v 0.940005 -0.739067 0.090657
v 0.950000 -0.739063 0.102051
v 0.960000 -0.739063 0.107076
v 0.970000 -0.739063 0.108187
v 0.980000 -0.739063 0.108294
v 0.990000 -0.739063 0.109035
v 1.000000 -0.739063 0.111964
v 1.010000 -0.739063 0.114816
v 1.020000 -0.739063 0.115384
v 1.030000 -0.739063 0.115419
v 1.040000 -0.739063 0.115474
v 1.050000 -0.739062 0.115863
v 1.060000 -0.739062 0.116924
v 1.070000 -0.739063 0.116268
v 1.080000 -0.739063 0.112451
v 1.090000 -0.739062 0.109297
v 1.100000 -0.739062 0.108443
v 1.110000 -0.739062 0.107858
v 1.119999 -0.739062 0.104493
v 1.129972 -0.739059 0.091380
v 1.139585 -0.739009 0.060563
v 1.146711 -0.738621 0.000000
v 0.340419 -0.745781 0.075845
v 0.333527 -0.745778 0.000000
v 0.350003 -0.745781 0.095740
v 0.359630 -0.745783 0.076422
v 0.366859 -0.745811 0.000000
v 0.630944 -0.745146 0.000000
v 0.624012 -0.743056 0.000000
v 0.640131 -0.745693 0.062697
v 0.650010 -0.745775 0.088808
v 0.660000 -0.745781 0.101836
v 0.670000 -0.745781 0.107752
v 0.680000 -0.745781 0.108609
v 0.690000 -0.745781 0.103198
v 0.699999 -0.745783 0.097194
v 0.710000 -0.745798 0.095743
v 0.720000 -0.745800 0.095576
v 0.730000 -0.745800 0.095482
v 0.740000 -0.745800 0.094533
v 0.749996 -0.745802 0.088884
v 0.759967 -0.745837 0.074923
v 0.769957 -0.741174 0.000000
v 0.769997 -0.746031 0.071222
v 0.779998 -0.741432 0.000000
v 0.780000 -0.746063 0.070717
v 0.790000 -0.741455 0.000000
v 0.790000 -0.746065 0.070683
v 0.800002 -0.741432 0.000000
v 0.800000 -0.746063 0.070717
v 0.810044 -0.741174 0.000000
v 0.810003 -0.746031 0.071222
v 0.820033 -0.745837 0.074927
v 0.830004 -0.745802 0.088923
v 0.840000 -0.745800 0.094702
v 0.850000 -0.745800 0.095741
v 0.860000 -0.745800 0.095842
v 0.870000 -0.745800 0.095848
v 0.880000 -0.745800 0.095848
v 0.890000 -0.745800 0.095848
v 0.900000 -0.745800 0.095848
v 0.910000 -0.745800 0.095860
v 0.920000 -0.745798 0.096054
v 0.930001 -0.745784 0.097682
v 0.940000 -0.745781 0.104120
v 0.950000 -0.745781 0.111268
v 0.960000 -0.745781 0.116040
v 0.970000 -0.745781 0.116939
v 0.980000 -0.745781 0.116183
v 0.990000 -0.745781 0.116007
v 1.000000 -0.745781 0.117019
v 1.010000 -0.745781 0.117006
v 1.020000 -0.745781 0.115869
v 1.030000 -0.745781 0.115474
v 1.040000 -0.745781 0.115419
v 1.050000 -0.745781 0.115374
v 1.060000 -0.745781 0.114673
v 1.070000 -0.745781 0.110821
v 1.080000 -0.745781 0.104063
v 1.089999 -0.745779 0.097693
v 1.100000 -0.745765 0.096052
v 1.110000 -0.745763 0.095525
v 1.119996 -0.745762 0.092230
v 1.129916 -0.745739 0.074758
v 1.139107 -0.745433 0.000000
v 1.145362 -0.743113 0.000000
v 0.340426 -0.752496 0.072634
v 0.333582 -0.752461 0.000000
v 0.350024 -0.752500 0.092880
v 0.359918 -0.752522 0.077698
v 0.369116 -0.752816 0.000000
v 0.640947 -0.751864 0.000000
v 0.634074 -0.749763 0.000000
v 0.650131 -0.752412 0.062693
v 0.660010 -0.752493 0.088762
v 0.670000 -0.752499 0.101395
v 0.680000 -0.752499 0.105576
v 0.690000 -0.752500 0.105210
v 0.700000 -0.752500 0.105088
v 0.710000 -0.752501 0.105639
v 0.720000 -0.752501 0.105823
v 0.730000 -0.752501 0.105876
v 0.740000 -0.752501 0.105573
v 0.750000 -0.752501 0.102673
v 0.759999 -0.752503 0.097486
v 0.770000 -0.752517 0.096025
v 0.780000 -0.752518 0.095842
v 0.790000 -0.752518 0.095831
v 0.800000 -0.752518 0.095843
v 0.810000 -0.752517 0.096029
v 0.820001 -0.752503 0.097543
v 0.830000 -0.752501 0.103090
v 0.840000 -0.752501 0.106953
v 0.850000 -0.752501 0.107966
v 0.860000 -0.752501 0.108097
v 0.870000 -0.752501 0.108107
v 0.880000 -0.752501 0.108107
v 0.890000 -0.752501 0.108107
v 0.900000 -0.752501 0.108107
v 0.910000 -0.752501 0.108114
v 0.920000 -0.752501 0.108221
v 0.930000 -0.752500 0.109117
v 0.940000 -0.752500 0.112812
v 0.950000 -0.752500 0.118583
v 0.960000 -0.752500 0.122459
v 0.970000 -0.752500 0.121711
v 0.980000 -0.752500 0.118255
v 0.990000 -0.752500 0.116002
v 1.000000 -0.752500 0.114888
v 1.010000 -0.752500 0.111968
v 1.020000 -0.752500 0.109022
v 1.030000 -0.752499 0.108215
v 1.040000 -0.752499 0.108105
v 1.050000 -0.752499 0.107972
v 1.060000 -0.752499 0.106903
v 1.070000 -0.752499 0.102008
v 1.079995 -0.752495 0.090653
v 1.089967 -0.752447 0.075130
v 1.099997 -0.752251 0.071229
v 1.109999 -0.752218 0.070541
v 1.119973 -0.752215 0.068389
v 1.129594 -0.752191 0.055222
v 1.136668 -0.751987 0.000000
v 0.340479 -0.759143 0.059027
v 0.333758 -0.758795 0.000000
v 0.350032 -0.759199 0.084655
v 0.359971 -0.759219 0.082889
v 0.369528 -0.759265 0.056019
v 0.375300 -0.755161 0.000000
v 0.376225 -0.759601 0.000000
v 0.650947 -0.758582 0.000000
v 0.644074 -0.756481 0.000000
v 0.660131 -0.759129 0.062496
v 0.670009 -0.759196 0.087105
v 0.680000 -0.759202 0.094596
v 0.690001 -0.759216 0.096910
v 0.700000 -0.759218 0.101845
v 0.710000 -0.759218 0.104932
v 0.720000 -0.759218 0.105812
v 0.730000 -0.759219 0.106534
v 0.740000 -0.759219 0.108508
v 0.750000 -0.759219 0.109201
v 0.760000 -0.759219 0.108270
v 0.770000 -0.759219 0.107908
v 0.780000 -0.759219 0.107852
v 0.790000 -0.759219 0.107848
v 0.800000 -0.759219 0.107854
v 0.810000 -0.759219 0.107946
v 0.820000 -0.759219 0.108673
v 0.830000 -0.759219 0.111388
v 0.840000 -0.759219 0.114364
v 0.850000 -0.759219 0.115275
v 0.860000 -0.759219 0.115404
v 0.870000 -0.759219 0.115413
v 0.880000 -0.759219 0.115413
v 0.890000 -0.759219 0.115413
v 0.900000 -0.759219 0.115414
v 0.910000 -0.759219 0.115418
v 0.920000 -0.759219 0.115485
v 0.930000 -0.759219 0.116031
v 0.940000 -0.759219 0.118254
v 0.950000 -0.759219 0.121711
v 0.960000 -0.759219 0.122459
v 0.970000 -0.759219 0.118583
v 0.980000 -0.759219 0.112803
v 0.990000 -0.759219 0.108988
v 1.000000 -0.759218 0.107126
v 1.010000 -0.759218 0.103164
v 1.019999 -0.759216 0.097571
v 1.030000 -0.759202 0.096047
v 1.040000 -0.759200 0.095854
v 1.050000 -0.759200 0.095736
v 1.060000 -0.759200 0.094567
v 1.069992 -0.759196 0.087156
v 1.079902 -0.759135 0.062923
v 1.089527 -0.758670 0.000000
v 1.099957 -0.757109 0.000000
v 1.109995 -0.756849 0.000000
v 1.119937 -0.756812 0.000000
v 1.129285 -0.756696 0.000000
v 1.135383 -0.756075 0.000000
v 0.341012 -0.765260 0.000000
v 0.334718 -0.763226 0.000000
v 0.350114 -0.765651 0.057580
v 0.360005 -0.765877 0.064453
v 0.369524 -0.765863 0.051181
v 0.376224 -0.765552 0.000000
v 0.660945 -0.765256 0.000000
v 0.654074 -0.763197 0.000000
v 0.670109 -0.765618 0.058187
v 0.680009 -0.765686 0.069404
v 0.690033 -0.765882 0.074745
v 0.700004 -0.765917 0.088785
v 0.710000 -0.765919 0.094464
v 0.720000 -0.765921 0.095669
v 0.730001 -0.765935 0.097348
v 0.740000 -0.765937 0.103391
v 0.750000 -0.765938 0.109096
v 0.760000 -0.765938 0.112393
v 0.770000 -0.765938 0.113273
v 0.780000 -0.765938 0.113394
v 0.790000 -0.765938 0.113403
v 0.800000 -0.765938 0.113404
v 0.810000 -0.765938 0.113421
v 0.820000 -0.765938 0.113583
v 0.830000 -0.765938 0.114275
v 0.840000 -0.765938 0.115149
v 0.850000 -0.765938 0.115385
v 0.860000 -0.765938 0.115412
v 0.870000 -0.765938 0.115413
v 0.880000 -0.765938 0.115413
v 0.890000 -0.765938 0.115413
v 0.900000 -0.765938 0.115414
v 0.910000 -0.765938 0.115414
v 0.920000 -0.765938 0.115427
v 0.930000 -0.765938 0.115551
v 0.940000 -0.765938 0.116122
v 0.950000 -0.765938 0.116935
v 0.960000 -0.765938 0.116040
v 0.970000 -0.765938 0.111268
v 0.980000 -0.765937 0.104114
v 0.989999 -0.765935 0.097576
v 1.000000 -0.765921 0.094912
v 1.009996 -0.765917 0.088940
v 1.019967 -0.765882 0.074928
v 1.029997 -0.765688 0.071222
v 1.040000 -0.765656 0.070712
v 1.050000 -0.765653 0.070543
v 1.059994 -0.765652 0.068873
v 1.069891 -0.765616 0.058154
v 1.079059 -0.765257 0.000000
v 1.085991 -0.763210 0.000000
v 0.350668 -0.770413 0.000000
v 0.344039 -0.769526 0.000000
v 0.360383 -0.772010 0.000000
v 0.369085 -0.771940 0.000000
v 0.375288 -0.769945 0.000000
v 0.670633 -0.770157 0.000000
v 0.664031 -0.769488 0.000000
v 0.680102 -0.770532 0.000000
v 0.690473 -0.772062 0.000000
v 0.700076 -0.772341 0.058568
v 0.710005 -0.772373 0.068915
v 0.720003 -0.772407 0.071077
v 0.730033 -0.772603 0.075102
v 0.740005 -0.772651 0.090593
v 0.750000 -0.772655 0.101792
v 0.760000 -0.772656 0.106605
v 0.770000 -0.772656 0.107702
v 0.780000 -0.772656 0.107838
v 0.790000 -0.772656 0.107847
v 0.800000 -0.772656 0.107847
v 0.810000 -0.772656 0.107849
v 0.820000 -0.772656 0.107865
v 0.830000 -0.772656 0.107955
v 0.840000 -0.772656 0.108078
v 0.850000 -0.772656 0.108105
v 0.860000 -0.772656 0.108107
v 0.870000 -0.772656 0.108107
v 0.880000 -0.772656 0.108107
v 0.890000 -0.772656 0.108107
v 0.900000 -0.772656 0.108107
v 0.910000 -0.772656 0.108107
v 0.920000 -0.772656 0.108108
v 0.930000 -0.772656 0.108120
v 0.940000 -0.772656 0.108185
v 0.950000 -0.772656 0.108180
v 0.960000 -0.772656 0.107076
v 0.970000 -0.772655 0.102050
v 0.979995 -0.772651 0.090651
v 0.989967 -0.772603 0.074990
v 0.999992 -0.772405 0.069449
v 1.009924 -0.772343 0.058612
v 1.019530 -0.772062 0.000000
v 1.029956 -0.770544 0.000000
v 1.039998 -0.770287 0.000000
v 1.049997 -0.770262 0.000000
v 1.059942 -0.770249 0.000000
v 1.069369 -0.770131 0.000000
v 1.075970 -0.769486 0.000000
v 0.366861 -0.776003 0.000000
v 0.363064 -0.776014 0.000000
v 0.700626 -0.776852 0.000000
v 0.693965 -0.776218 0.000000
v 0.710060 -0.776994 0.000000
v 0.720047 -0.777265 0.000000
v 0.730473 -0.778826 0.000000
v 0.740098 -0.779292 0.062921
v 0.750008 -0.779353 0.087142
v 0.760000 -0.779356 0.094546
v 0.770000 -0.779357 0.095718
v 0.780000 -0.779357 0.095825
v 0.790000 -0.779357 0.095830
v 0.800000 -0.779357 0.095830
v 0.810000 -0.779357 0.095830
v 0.820000 -0.779357 0.095831
v 0.830000 -0.779357 0.095837
v 0.840000 -0.779357 0.095847
v 0.850000 -0.779357 0.095848
v 0.860000 -0.779357 0.095848
v 0.870000 -0.779357 0.095848
v 0.880000 -0.779357 0.095848
v 0.890000 -0.779357 0.095848
v 0.900000 -0.779357 0.095848
v 0.910000 -0.779357 0.095848
v 0.920000 -0.779357 0.095848
v 0.930000 -0.779357 0.095849
v 0.940000 -0.779357 0.095848
v 0.950000 -0.779357 0.095751
v 0.960000 -0.779356 0.094579
v 0.969992 -0.779353 0.087158
v 0.979902 -0.779292 0.062923
v 0.989525 -0.778826 0.000000
v 0.999899 -0.777253 0.000000
v 1.009372 -0.776877 0.000000
v 1.016035 -0.776220 0.000000
v 0.740941 -0.785413 0.000000
v 0.734009 -0.783366 0.000000
v 0.750109 -0.785772 0.058153
v 0.760006 -0.785808 0.068872
v 0.770000 -0.785810 0.070541
v 0.780000 -0.785810 0.070675
v 0.790000 -0.785810 0.070681
v 0.800000 -0.785810 0.070681
v 0.810000 -0.785810 0.070681
v 0.820000 -0.785810 0.070681
v 0.830000 -0.785810 0.070681
v 0.840000 -0.785810 0.070681
v 0.850000 -0.785810 0.070681
v 0.860000 -0.785810 0.070681
v 0.870000 -0.785810 0.070681
v 0.880000 -0.785810 0.070681
v 0.890000 -0.785810 0.070681
v 0.900000 -0.785810 0.070681
v 0.910000 -0.785810 0.070681
v 0.920000 -0.785810 0.070681
v 0.930000 -0.785810 0.070681
v 0.940000 -0.785810 0.070676
v 0.950000 -0.785810 0.070542
v 0.959994 -0.785808 0.068874
v 0.969891 -0.785772 0.058154
v 0.979059 -0.785413 0.000000
v 0.985991 -0.783366 0.000000
v 0.750631 -0.790288 0.000000
v 0.744030 -0.789643 0.000000
v 0.760058 -0.790405 0.000000
v 0.770003 -0.790417 0.000000
v 0.780000 -0.790417 0.000000
v 0.790000 -0.790417 0.000000
v 0.800000 -0.790417 0.000000
v 0.810000 -0.790417 0.000000
v 0.820000 -0.790417 0.000000
v 0.830000 -0.790417 0.000000
v 0.840000 -0.790417 0.000000
v 0.850000 -0.790417 0.000000
v 0.860000 -0.790417 0.000000
v 0.870000 -0.790417 0.000000
v 0.880000 -0.790417 0.000000
v 0.890000 -0.790417 0.000000
v 0.900000 -0.790417 0.000000
v 0.910000 -0.790417 0.000000
v 0.920000 -0.790417 0.000000
v 0.930000 -0.790417 0.000000
v 0.940000 -0.790417 0.000000
v 0.949997 -0.790417 0.000000
v 0.959942 -0.790405 0.000000
v 0.969369 -0.790288 0.000000
v 0.975970 -0.789643 0.000000
f 28 43 44 30
f 2323 2360 2359 2322
f 173 201 202 174
f 1437 1484 1485 1438
f 1409 1445 1446 1410
f 141 172 173 142
f 3541 3604 3605 3542
f 3823 3853 3854 3824
f 3460 3531 3532 3461
f 3770 3812 3813 3771
f 422 442 443 423
f 3828 3858 3859 3829
f 3718 3767 3768 3719
f 3762 3803 3805 3763
f 38 54 55 39
f 3775 3817 3818 3776
f 157 187 188 158
f 3860 3886 3887 3861
f 2657 2685 2686 2658
f 3742 3791 3792 3743
f 2259 2296 2295 2258
f 3852 3878 3879 3853
f 1209 1235 1236 1210
f 3814 3844 3845 3815
f 3695 3751 3752 3696
f 851 900 901 852
f 3748 3797 3798 3749
f 3750 3799 3800 3751
f 281 302 304 282
f 2036 2066 2068 2037
f 142 173 174 143
f 3664 3720 3721 3665
f 19 36 37 21
f 1449 1495 1494 1450
f 3738 3787 3788 3739
f 970 1011 1012 972
f 1874 1926 1927 1875
f 3457 3529 3528 3458
f 1644 1708 1709 1645
f 1873 1925 1926 1874
f 57 73 74 58
f 3694 3750 3751 3695
f 3826 3856 3857 3827
f 76 104 105 77
f 3217 3248 3247 3216
f 121 150 152 122
f 625 669 670 626
f 2890 2921 2923 2892
f 50 66 68 52
f 22 38 39 23
f 100 123 124 101
f 160 190 191 161
f 234 261 262 235
f 630 674 675 631
f 269 294 295 270
f 2985 3011 3012 2986
f 1889 1940 1941 1890
f 2299 2339 2340 2300
f 423 443 444 424
f 1115 1151 1152 1117
f 75 103 104 76
f 3846 3872 3873 3847
f 92 116 117 94
f 1045 1081 1082 1046
f 493 527 528 494
f 3508 3572 3573 3509
f 745 746 749 748
f 165 193 195 167
f 126 156 157 127
f 55 71 72 56
f 2898 2929 2931 2900
f 1690 1754 1755 1691
f 261 287 288 262
f 2001 2038 2039 2002
f 2977 3003 3004 2978
f 3810 3840 3841 3811
f 1939 1985 1986 1940
f 47 62 63 49
f 40 56 57 41
f 1995 2032 2033 1996
f 134 135 138 137
f 61 77 78 62
f 32 45 47 46
f 171 199 200 172
f 63 79 80 65
f 152 181 183 153
f 23 39 40 24
f 3002 3022 3021 3001
f 155 185 186 156
f 969 971 970 931
f 87 88 90 89
f 53 69 70 54
f 2569 2604 2605 2570
f 3782 3824 3825 3783
f 2044 2075 2076 2046
f 3817 3847 3848 3818
f 139 170 171 140
f 245 272 273 246
f 71 99 100 72
f 2347 2349 2348 2312
f 1971 2009 2008 1970
f 1316 1344 1345 1317
f 3065 3090 3092 3067
f 140 171 172 141
f 1210 1236 1237 1211
f 205 234 235 206
f 2497 2537 2538 2498
f 3854 3880 3881 3855
f 2553 2589 2590 2554
f 309 331 332 310
f 2108 2126 2127 2109
f 90 115 116 92
f 405 427 428 406
f 130 160 161 131
f 2969 2995 2996 2970
f 3850 3876 3877 3851
f 102 125 126 103
f 1417 1453 1454 1418
f 2882 2913 2914 2883
f 1699 1701 1700 1638
f 357 378 377 356
f 413 434 435 414
f 461 480 481 462
f 143 174 175 144
f 320 344 345 321
f 215 243 244 216
f 213 241 242 214
f 469 488 490 471
f 1914 1964 1965 1915
f 3858 3884 3885 3859
f 110 112 111 86
f 1986 2023 2024 1987
f 2076 2101 2102 2077
f 899 942 943 900
f 441 461 462 442
f 3 12 13 6
f 62 78 79 63
f 128 158 159 129
f 3820 3850 3851 3821
f 613 651 652 614
f 389 409 411 391
f 175 203 204 176
f 1010 1043 1042 1009
f 2011 2047 2048 2012
f 127 157 158 128
f 120 151 150 121
f 1994 2031 2032 1995
f 182 211 210 181
f 125 155 156 126
f 111 140 141 113
f 88 114 115 90
f 1154 1180 1181 1156
f 573 609 610 574
f 1929 1978 1979 1930
f 399 421 422 400
f 101 124 125 102
f 270 295 296 271
f 1906 1956 1957 1907
f 2132 2162 2163 2133
f 3290 3322 3323 3291
f 1987 2024 2025 1988
f 199 228 229 200
f 174 202 203 175
f 1905 1955 1956 1906
f 1972 2010 2011 1973
f 2914 2942 2943 2915
f 3515 3579 3580 3516
f 307 329 330 308
f 533 574 575 534
f 697 740 741 698
f 43 59 60 44
f 166 194 193 165
f 1898 1948 1950 1900
f 749 804 805 750
f 2410 2450 2451 2411
f 2107 2125 2124 2106
f 2834 2868 2870 2836
f 341 362 363 342
f 2155 2184 2185 2157
f 172 200 201 173
f 312 337 338 314
f 436 456 457 437
f 709 759 760 710
f 937 978 977 938
f 255 281 282 256
f 146 147 149 148
f 158 188 189 159
f 191 220 221 192
f 227 254 255 228
f 645 692 693 647
f 3009 3032 3033 3011
f 197 226 227 198
f 262 288 289 263
f 183 212 213 184
f 2148 2151 2150 2149
f 1546 1602 1603 1547
f 30 44 45 32
f 605 643 644 606
f 1425 1460 1461 1426
f 946 986 987 947
f 184 213 214 185
f 763 818 819 764
f 945 985 986 946
f 154 184 185 155
f 1473 1474 1476 1475
f 138 169 170 139
f 2099 2117 2116 2098
f 167 195 196 168
f 176 204 205 177
f 242 269 270 243
f 3740 3789 3790 3741
f 1937 1983 1984 1938
f 1735 1795 1796 1736
f 1922 1971 1970 1921
f 938 977 979 939
f 304 326 327 305
f 822 873 874 823
f 515 516 518 517
f 1985 2022 2023 1986
f 359 380 381 360
f 226 253 254 227
f 582 620 621 584
f 220 248 249 221
f 2954 2981 2982 2955
f 274 299 300 275
f 1962 2003 2004 1963
f 331 354 355 332
f 2075 2100 2101 2076
f 391 411 412 392
f 2172 2198 2199 2173
f 2013 2049 2050 2014
f 459 478 477 458
f 685 729 730 686
f 295 317 318 296
f 325 348 347 324
f 238 265 267 240
f 1057 1090 1089 1056
f 669 712 713 670
f 210 238 240 212
f 3017 3039 3041 3040
f 74 102 103 75
f 230 257 258 231
f 204 233 234 205
f 2930 2957 2959 2929
f 1075 1107 1109 1108
f 545 546 548 547
f 717 767 768 718
f 432 452 453 433
f 525 567 568 526
f 853 902 903 854
f 371 391 392 372
f 4 10 12 3
f 99 122 123 100
f 206 235 236 207
f 303 325 324 302
f 3056 3081 3082 3057
f 757 812 813 758
f 1197 1225 1226 1198
f 3198 3225 3226 3199
f 83 86 85 84
f 150 182 181 152
f 212 240 241 213
f 2156 2182 2184 2155
f 3115 3140 3142 3114
f 643 687 688 644
f 275 300 301 276
f 551 589 590 552
f 375 395 396 376
f 1042 1079 1080 1044
f 272 297 298 273
f 350 371 372 351
f 635 679 680 637
f 693 736 737 694
f 559 595 596 560
f 1993 2030 2029 1992
f 334 336 335 313
f 406 428 429 407
f 3841 3867 3868 3842
f 256 282 283 257
f 1357 1360 1359 1358
f 581 583 582 544
f 1481 1540 1541 1482
f 91 92 94 93
f 310 332 333 311
f 247 274 275 248
f 232 259 260 233
f 3691 3747 3748 3692
f 293 315 316 294
f 3073 3098 3099 3074
f 302 324 326 304
f 383 403 404 384
f 168 196 197 169
f 668 711 712 669
f 1421 1422 1424 1386
f 51 67 66 50
f 24 40 41 25
f 252 277 279 253
f 793 849 850 795
f 1237 1266 1267 1238
f 921 960 961 922
f 623 667 668 624
f 285 307 308 286
f 2331 2334 2333 2332
f 228 255 256 229
f 3583 3641 3642 3584
f 1738 1798 1799 1739
f 201 230 231 202
f 961 1000 1001 962
f 253 279 280 254
f 2243 2282 2283 2244
f 1938 1984 1985 1939
f 2935 2964 2965 2936
f 2827 2862 2863 2829
f 1229 1256 1257 1230
f 98 121 122 99
f 2786 2820 2821 2787
f 994 1029 1030 995
f 236 263 264 237
f 2508 2551 2552 2509
f 2818 2851 2852 2819
f 1109 1148 1149 1111
f 917 956 957 918
f 703 753 754 704
f 123 153 154 124
f 2195 2224 2226 2197
f 2348 2389 2390 2350
f 233 260 261 234
f 411 432 433 412
f 687 731 732 688
f 1921 1970 1972 1923
f 2561 2596 2598 2563
f 415 436 437 416
f 1469 1534 1535 1472
f 1756 1815 1816 1757
f 2129 2161 2160 2131
f 695 738 739 696
f 485 504 505 486
f 574 610 611 575
f 351 372 373 352
f 464 483 484 465
f 2386 2388 2387 2349
f 9 11 10 4
f 2225 2258 2260 2224
f 2171 2197 2198 2172
f 373 393 394 374
f 343 364 365 344
f 3657 3713 3714 3658
f 3058 3083 3084 3059
f 723 773 774 724
f 869 913 914 870
f 1838 1896 1897 1839
f 374 394 395 375
f 365 386 387 366
f 319 343 344 320
f 2244 2283 2284 2245
f 3354 3406 3408 3356
f 1637 1702 1703 1639
f 997 1032 1033 998
f 364 385 386 365
f 477 496 498 479
f 366 387 388 367
f 225 252 253 226
f 1818 1877 1878 1819
f 2089 2107 2106 2088
f 631 675 676 632
f 122 152 153 123
f 342 363 364 343
f 471 490 491 472
f 1005 1039 1040 1006
f 2161 2189 2188 2160
f 479 498 499 480
f 147 177 178 149
f 149 178 180 179
f 231 258 259 232
f 3561 3619 3620 3562
f 1497 1556 1557 1498
f 1773 1831 1832 1774
f 250 278 277 252
f 751 806 807 752
f 103 126 127 104
f 486 505 506 487
f 2356 2396 2395 2355
f 1670 1671 1673 1672
f 145 176 177 147
f 818 869 870 819
f 727 776 778 729
f 3662 3718 3719 3663
f 1018 1049 1051 1019
f 632 676 677 633
f 131 161 162 132
f 891 934 935 892
f 266 291 290 265
f 3097 3122 3123 3098
f 106 129 130 107
f 2291 2327 2328 2292
f 1505 1565 1566 1507
f 1429 1464 1465 1430
f 1941 1987 1988 1942
f 2754 2785 2786 2755
f 163 166 165 164
f 478 497 496 477
f 575 611 612 576
f 2228 2263 2264 2229
f 481 500 501 482
f 1901 1951 1952 1902
f 799 852 853 801
f 789 846 847 790
f 2235 2272 2273 2237
f 2010 2046 2047 2011
f 424 444 445 425
f 3666 3722 3723 3667
f 1845 1900 1901 1846
f 258 284 285 259
f 558 594 595 559
f 453 472 473 454
f 348 369 368 347
f 400 422 423 401
f 338 359 360 339
f 1733 1794 1795 1735
f 1101 1141 1143 1103
f 2227 2262 2263 2228
f 445 465 466 446
f 447 467 468 448
f 368 390 389 370
f 451 470 469 450
f 497 530 532 496
f 435 455 456 436
f 823 874 875 824
f 421 441 442 422
f 462 481 482 463
f 1013 1046 1047 1014
f 337 358 359 338
f 916 955 956 917
f 1485 1544 1545 1486
f 2049 2079 2080 2050
f 567 603 604 568
f 3042 3044 3043 3019
f 1315 1343 1344 1316
f 1077 1125 1126 1079
f 767 822 823 768
f 397 420 421 399
f 434 454 455 435
f 771 826 827 772
f 2276 2314 2315 2278
f 885 928 929 886
f 298 320 321 299
f 887 930 932 889
f 349 370 371 350
f 446 466 467 447
f 3209 3240 3241 3210
f 2260 2297 2298 2261
f 243 270 271 244
f 2251 2290 2291 2252
f 973 1013 1014 974
f 985 1022 1023 986
f 2529 2571 2572 2530
f 203 232 233 204
f 624 668 669 625
f 1174 1200 1201 1175
f 911 950 952 913
f 526 568 569 527
f 1205 1207 1206 1179
f 1961 2002 2003 1962
f 2021 2053 2055 2022
f 3548 3608 3609 3550
f 1181 1210 1211 1182
f 919 958 959 920
f 1683 1747 1748 1684
f 629 673 674 630
f 1146 1169 1170 1147
f 316 340 341 317
f 1157 1182 1183 1158
f 2149 2150 2153 2152
f 1465 1519 1520 1466
f 218 246 247 219
f 518 554 556 555
f 308 330 331 309
f 3010 3030 3032 3009
f 1709 1772 1773 1710
f 1051 1084 1086 1052
f 557 558 559 522
f 504 539 540 505
f 3105 3132 3133 3106
f 2133 2163 2164 2135
f 959 998 999 960
f 509 550 551 512
f 510 549 550 509
f 719 769 770 720
f 496 532 533 498
f 1589 1645 1646 1590
f 65 80 82 81
f 983 1020 1021 984
f 542 543 546 545
f 300 322 323 301
f 608 646 645 607
f 2381 2419 2420 2382
f 621 665 666 622
f 2138 2140 2139 2117
f 543 584 585 546
f 2284 2320 2321 2285
f 947 987 988 948
f 2114 2132 2133 2115
f 746 803 804 749
f 565 601 600 564
f 502 537 538 503
f 527 569 570 528
f 2324 2361 2362 2325
f 858 907 908 859
f 1179 1206 1208 1178
f 2113 2131 2132 2114
f 1715 1778 1779 1716
f 511 512 514 513
f 414 435 436 415
f 2300 2340 2341 2301
f 2203 2232 2234 2233
f 1139 1163 1164 1140
f 473 492 493 474
f 2106 2124 2126 2108
f 235 262 263 236
f 294 316 317 295
f 3057 3082 3083 3058
f 952 991 992 953
f 187 216 217 188
f 1267 1298 1299 1268
f 1309 1337 1338 1310
f 2066 2093 2095 2068
f 211 239 238 210
f 356 377 379 358
f 898 941 942 899
f 2332 2333 2335 2296
f 2125 2155 2157 2124
f 1317 1345 1346 1318
f 420 440 441 421
f 837 839 838 783
f 584 621 622 585
f 340 361 362 341
f 618 663 664 620
f 1243 1275 1276 1245
f 1397 1400 1399 1398
f 1095 1137 1138 1096
f 219 247 248 220
f 6 13 14 8
f 3269 3305 3306 3270
f 711 761 762 712
f 2249 2288 2289 2250
f 2210 2242 2243 2211
f 314 338 339 315
f 2413 2453 2454 2414
f 1476 1537 1538 1478
f 597 634 635 599
f 2005 2042 2043 2006
f 2738 2769 2771 2740
f 576 612 613 577
f 45 61 62 47
f 2289 2325 2326 2290
f 2073 2098 2100 2075
f 1399 1436 1437 1401
f 1058 1091 1092 1059
f 2571 2606 2607 2572
f 607 645 647 609
f 552 590 591 553
f 2731 2762 2764 2733
f 2315 2353 2354 2316
f 1285 1319 1320 1286
f 549 587 588 550
f 646 690 692 645
f 480 499 500 481
f 686 730 731 687
f 2733 2764 2765 2734
f 2057 2085 2086 2058
f 3011 3033 3034 3012
f 702 752 753 703
f 186 215 216 187
f 599 635 637 636
f 2364 2404 2405 2365
f 1674 1675 1677 1676
f 2217 2249 2250 2218
f 370 389 391 371
f 513 514 516 515
f 3347 3399 3400 3348
f 696 739 740 697
f 1525 1585 1586 1528
f 267 292 293 268
f 638 684 683 640
f 2034 2067 2066 2036
f 3106 3133 3134 3107
f 2184 2211 2212 2185
f 1395 1431 1432 1396
f 1533 1589 1590 1534
f 1183 1212 1213 1184
f 1977 2015 2016 1978
f 1706 1769 1770 1707
f 3049 3069 3071 3050
f 680 723 724 682
f 3732 3781 3782 3733
f 1435 1481 1482 1434
f 1009 1042 1044 1011
f 620 664 665 621
f 773 828 829 774
f 1386 1424 1425 1385
f 2026 2059 2060 2027
f 760 815 816 761
f 2845 2877 2878 2846
f 2602 2639 2640 2603
f 2973 2999 2998 2972
f 677 720 721 678
f 878 922 923 879
f 1063 1096 1097 1064
f 1453 1498 1499 1454
f 1451 1496 1497 1452
f 1247 1278 1279 1248
f 265 290 292 267
f 641 685 686 642
f 1748 1808 1809 1749
f 672 715 716 673
f 156 186 187 157
f 2369 2408 2409 2372
f 664 707 708 665
f 1882 1932 1934 1883
f 2695 2734 2735 2696
f 661 704 705 662
f 2202 2231 2232 2203
f 678 721 722 679
f 679 722 723 680
f 648 694 695 649
f 2330 2367 2369 2368
f 1507 1566 1567 1509
f 1573 1627 1628 1574
f 3121 3147 3148 3122
f 765 820 821 766
f 670 713 714 671
f 671 714 715 672
f 3050 3071 3072 3051
f 2050 2080 2081 2051
f 3005 3025 3026 3006
f 553 591 592 554
f 1351 1394 1395 1353
f 202 231 232 203
f 58 74 75 59
f 647 693 694 648
f 2372 2409 2410 2371
f 1599 1655 1656 1600
f 2949 2976 2975 2948
f 1597 1653 1654 1598
f 1359 1402 1403 1362
f 3034 3058 3059 3035
f 831 881 883 833
f 2290 2326 2327 2291
f 3061 3086 3087 3062
f 1645 1709 1710 1646
f 2355 2395 2397 2357
f 299 321 322 300
f 583 618 620 582
f 3254 3287 3288 3255
f 612 650 651 613
f 1587 1643 1644 1588
f 1669 1736 1737 1668
f 1367 1407 1408 1368
f 291 313 312 290
f 452 471 472 453
f 944 984 985 945
f 3165 3189 3191 3167
f 2186 2213 2214 2187
f 1273 1306 1307 1272
f 2380 2418 2419 2381
f 1677 1741 1742 1678
f 1261 1290 1292 1260
f 1997 2034 2036 1999
f 870 914 915 871
f 2690 2729 2728 2689
f 728 777 776 727
f 2170 2196 2195 2169
f 2957 2983 2985 2959
f 2337 2376 2377 2338
f 660 661 662 619
f 194 223 222 193
f 3610 3668 3669 3611
f 428 448 449 429
f 720 770 771 721
f 3582 3640 3641 3583
f 2709 2710 2712 2711
f 2353 2393 2394 2354
f 1439 1486 1487 1440
f 741 790 791 743
f 798 799 801 800
f 444 464 465 445
f 704 754 755 705
f 2370 2372 2371 2334
f 257 283 284 258
f 691 734 733 690
f 2226 2261 2262 2227
f 733 782 784 735
f 734 783 782 733
f 2530 2572 2573 2531
f 3066 3091 3090 3065
f 1915 1965 1966 1916
f 1741 1801 1802 1742
f 1495 1554 1553 1494
f 701 750 751 700
f 743 791 793 792
f 854 903 904 855
f 2444 2485 2486 2445
f 3825 3855 3856 3826
f 3421 3463 3464 3422
f 529 531 530 497
f 1511 1569 1570 1512
f 637 680 682 681
f 3225 3255 3256 3226
f 839 888 887 838
f 460 479 480 461
f 1781 1839 1840 1782
f 1193 1221 1222 1194
f 2090 2108 2109 2091
f 2116 2141 2142 2118
f 1739 1799 1800 1740
f 1805 1866 1867 1806
f 1519 1577 1578 1520
f 1233 1260 1262 1232
f 2395 2435 2437 2397
f 508 509 512 511
f 3537 3600 3601 3538
f 1956 1998 1997 1957
f 3477 3542 3544 3543
f 1033 1065 1066 1034
f 780 835 836 781
f 1039 1071 1072 1040
f 824 875 876 825
f 1596 1652 1653 1597
f 1037 1069 1068 1036
f 2169 2195 2197 2171
f 1388 1426 1427 1390
f 845 894 895 846
f 2921 2948 2950 2923
f 2074 2099 2098 2073
f 928 967 968 929
f 2418 2458 2459 2419
f 3389 3433 3434 3390
f 1757 1816 1817 1758
f 1615 1678 1679 1614
f 816 866 868 817
f 1111 1149 1150 1113
f 3594 3651 3653 3595
f 1819 1878 1879 1820
f 1965 2006 2007 1966
f 484 503 504 485
f 1206 1232 1234 1208
f 808 860 861 809
f 2900 2931 2932 2901
f 1803 1864 1865 1804
f 1869 1921 1923 1871
f 729 778 779 730
f 2449 2490 2491 2450
f 2371 2410 2411 2373
f 807 859 860 808
f 784 841 842 785
f 3492 3493 3495 3494
f 3621 3679 3680 3622
f 1877 1929 1930 1878
f 1647 1711 1712 1648
f 821 872 873 822
f 241 268 269 242
f 783 838 840 782
f 920 959 960 921
f 3442 3517 3518 3443
f 1907 1957 1958 1908
f 1025 1057 1056 1024
f 1671 1738 1739 1673
f 1875 1927 1928 1876
f 1679 1743 1744 1680
f 931 970 972 930
f 806 858 859 807
f 927 966 967 928
f 3082 3105 3106 3083
f 2844 2875 2877 2845
f 3773 3815 3816 3774
f 1909 1959 1960 1910
f 2250 2289 2290 2251
f 651 697 698 652
f 774 829 830 775
f 3693 3749 3750 3694
f 1336 1371 1372 1337
f 2193 2220 2221 2194
f 1623 1687 1688 1624
f 933 974 975 934
f 2484 2524 2525 2485
f 2154 2156 2155 2125
f 3098 3123 3124 3099
f 3581 3639 3640 3582
f 1885 1936 1937 1886
f 1463 1517 1518 1464
f 498 533 534 499
f 718 768 769 719
f 588 625 626 589
f 2476 2517 2518 2477
f 1052 1086 1087 1053
f 3285 3319 3318 3287
f 650 696 697 651
f 737 786 787 738
f 387 407 408 388
f 2427 2465 2467 2426
f 3113 3115 3114 3091
f 1600 1656 1657 1601
f 1630 1694 1695 1631
f 2468 2509 2510 2469
f 3401 3445 3446 3402
f 3746 3795 3796 3747
f 1963 2004 2005 1964
f 482 501 502 483
f 324 347 349 326
f 1053 1087 1088 1054
f 1537 1593 1594 1538
f 516 553 554 518
f 896 939 940 897
f 3104 3131 3132 3105
f 2131 2160 2162 2132
f 363 384 385 364
f 3249 3280 3281 3250
f 1014 1047 1048 1015
f 903 946 947 904
f 888 931 930 887
f 59 75 76 60
f 993 1028 1029 994
f 2067 2094 2093 2066
f 1746 1806 1807 1747
f 379 399 400 380
f 1178 1208 1209 1180
f 178 206 207 180
f 2091 2109 2110 2092
f 3128 3153 3155 3127
f 3563 3621 3622 3564
f 1771 1829 1830 1772
f 918 957 958 919
f 895 938 939 896
f 848 897 898 849
f 229 256 257 230
f 214 242 243 215
f 2045 2073 2075 2044
f 2802 2835 2834 2801
f 902 945 946 903
f 768 823 824 769
f 3706 3756 3757 3707
f 2115 2133 2135 2134
f 979 1017 1016 980
f 97 120 121 98
f 877 921 922 878
f 1006 1040 1041 1007
f 2122 2146 2147 2123
f 640 683 685 641
f 893 936 937 894
f 1759 1818 1819 1760
f 602 640 641 603
f 507 510 509 508
f 958 997 998 959
f 572 608 607 571
f 984 1021 1022 985
f 2077 2102 2103 2078
f 46 47 49 48
f 1895 1946 1947 1896
f 965 1004 1005 966
f 2451 2492 2493 2452
f 2417 2457 2458 2418
f 1903 1953 1955 1905
f 427 447 448 428
f 673 716 717 674
f 1719 1782 1783 1720
f 1080 1127 1128 1081
f 523 566 567 525
f 1198 1226 1227 1199
f 2025 2058 2059 2026
f 556 593 594 558
f 1008 1010 1009 971
f 282 304 305 283
f 398 418 420 397
f 569 605 606 570
f 385 405 406 386
f 89 90 92 91
f 2435 2474 2476 2437
f 564 600 602 566
f 522 559 560 521
f 585 622 623 586
f 1975 2013 2014 1976
f 403 425 426 404
f 982 1019 1020 983
f 11 21 22 10
f 699 701 700 657
f 2157 2185 2186 2158
f 1983 2020 2021 1984
f 989 1024 1026 991
f 974 1014 1015 975
f 2820 2853 2854 2821
f 430 450 452 432
f 2165 2193 2194 2167
f 2346 2385 2384 2345
f 981 1018 1019 982
f 950 989 991 952
f 466 485 486 467
f 2668 2695 2696 2669
f 550 588 589 551
f 546 585 586 548
f 2055 2082 2084 2056
f 443 463 464 444
f 1170 1196 1197 1171
f 967 1006 1007 968
f 1120 1123 1122 1121
f 1813 1872 1873 1814
f 2275 2276 2278 2240
f 467 486 487 468
f 2279 2316 2317 2280
f 2547 2583 2582 2546
f 943 983 984 944
f 1697 1761 1762 1698
f 354 375 376 355
f 3265 3301 3302 3266
f 2197 2226 2227 2198
f 318 342 343 319
f 193 222 224 195
f 1029 1061 1062 1030
f 2483 2523 2524 2484
f 1445 1492 1493 1446
f 2205 2236 2235 2204
f 2119 2143 2144 2120
f 1021 1053 1054 1022
f 483 502 503 484
f 2564 2599 2600 2565
f 589 626 627 590
f 2229 2264 2265 2230
f 2303 2343 2344 2304
f 957 996 997 958
f 1190 1219 1220 1192
f 855 904 905 856
f 3491 3559 3560 3493
f 3612 3670 3671 3613
f 778 833 834 779
f 499 534 535 500
f 1116 1117 1119 1118
f 1062 1095 1096 1063
f 735 784 785 736
f 1232 1262 1263 1234
f 2209 2239 2241 2208
f 2269 2271 2270 2236
f 2378 2416 2417 2379
f 1329 1331 1330 1303
f 2532 2574 2575 2533
f 1225 1252 1253 1226
f 1172 1198 1199 1173
f 2548 2584 2585 2549
f 2301 2341 2342 2302
f 1046 1082 1083 1047
f 1133 1157 1158 1134
f 1199 1227 1228 1200
f 1056 1089 1091 1058
f 770 825 826 771
f 3564 3622 3623 3565
f 1459 1513 1514 1460
f 538 579 580 539
f 897 940 941 898
f 491 525 526 492
f 1038 1070 1071 1039
f 2314 2352 2353 2315
f 1024 1056 1058 1026
f 2401 2441 2442 2402
f 1162 1187 1188 1163
f 1117 1152 1153 1119
f 900 943 944 901
f 3178 3204 3206 3177
f 418 438 440 420
f 566 602 603 567
f 2173 2199 2200 2174
f 1213 1239 1240 1214
f 1175 1201 1202 1176
f 762 817 818 763
f 1003 1037 1036 1002
f 1141 1166 1165 1143
f 2325 2362 2363 2326
f 940 980 981 941
f 2095 2113 2114 2096
f 362 383 384 363
f 1913 1963 1964 1914
f 756 811 812 757
f 2596 2633 2635 2598
f 1019 1051 1052 1020
f 966 1005 1006 967
f 2333 2373 2374 2335
f 1149 1172 1173 1150
f 1191 1217 1219 1190
f 2588 2625 2626 2589
f 882 925 924 881
f 2387 2429 2430 2389
f 2357 2397 2398 2358
f 3241 3270 3271 3242
f 1041 1073 1075 1074
f 1857 1910 1911 1858
f 3305 3349 3350 3306
f 3218 3249 3250 3219
f 1787 1845 1846 1788
f 2373 2411 2412 2374
f 2563 2598 2599 2564
f 825 876 877 826
f 1093 1135 1136 1094
f 3524 3588 3587 3523
f 676 719 720 677
f 1224 1251 1252 1225
f 1723 1785 1787 1725
f 2531 2573 2574 2532
f 1069 1102 1101 1068
f 1250 1281 1282 1251
f 547 548 549 510
f 329 352 353 330
f 1144 1167 1168 1145
f 1603 1659 1660 1604
f 2625 2660 2661 2626
f 562 597 599 598
f 2239 2279 2280 2241
f 2121 2145 2146 2122
f 2515 2557 2559 2517
f 1223 1250 1251 1224
f 1136 1160 1161 1137
f 1413 1449 1450 1414
f 2389 2430 2431 2390
f 926 965 966 927
f 2450 2491 2492 2451
f 555 556 558 557
f 1150 1173 1174 1151
f 628 672 673 629
f 3170 3194 3196 3172
f 85 113 114 88
f 2604 2641 2642 2605
f 1167 1193 1194 1168
f 1134 1158 1159 1135
f 3162 3186 3187 3163
f 501 536 537 502
f 33 35 34 20
f 586 623 624 587
f 2271 2307 2306 2270
f 1173 1199 1200 1174
f 1094 1136 1137 1095
f 1159 1184 1185 1160
f 3154 3178 3177 3153
f 2163 2191 2192 2164
f 1350 1352 1351 1324
f 1135 1159 1160 1136
f 1022 1054 1055 1023
f 1192 1220 1221 1193
f 14 25 26 16
f 1358 1359 1362 1361
f 2453 2494 2495 2454
f 3233 3262 3264 3235
f 1165 1192 1193 1167
f 894 937 938 895
f 1281 1315 1316 1282
f 2675 2703 2704 2676
f 1707 1770 1771 1708
f 2429 2469 2470 2430
f 2223 2254 2256 2255
f 1189 1191 1190 1166
f 1202 1230 1231 1204
f 2274 2277 2276 2275
f 1216 1218 1217 1191
f 554 592 593 556
f 1110 1111 1113 1112
f 2485 2525 2526 2486
f 3257 3290 3291 3258
f 1253 1284 1285 1254
f 1266 1297 1298 1267
f 609 647 648 610
f 3722 3771 3772 3723
f 1176 1202 1204 1203
f 1478 1538 1539 1480
f 2557 2592 2594 2559
f 2674 2700 2702 2673
f 3157 3181 3182 3158
f 2899 2930 2929 2898
f 700 751 752 702
f 2587 2624 2625 2588
f 3129 3156 3157 3130
f 2351 2391 2392 2352
f 2565 2600 2601 2566
f 587 624 625 588
f 1318 1346 1347 1319
f 1375 1415 1416 1376
f 1096 1138 1139 1097
f 353 374 375 354
f 1274 1308 1309 1275
f 2517 2559 2560 2518
f 3289 3321 3322 3290
f 1277 1311 1312 1278
f 1310 1338 1339 1311
f 692 735 736 693
f 1304 1305 1306 1273
f 2795 2828 2827 2794
f 1405 1441 1442 1406
f 2407 2447 2448 2408
f 2579 2612 2614 2581
f 1271 1272 1274 1244
f 2740 2771 2772 2741
f 2707 2743 2745 2710
f 1222 1249 1250 1223
f 2493 2533 2534 2494
f 2431 2471 2472 2432
f 571 607 609 573
f 1368 1408 1409 1369
f 2339 2378 2379 2340
f 3609 3667 3668 3610
f 1246 1277 1278 1247
f 626 670 671 627
f 2439 2481 2482 2441
f 1333 1368 1369 1334
f 1270 1273 1272 1271
f 1239 1268 1269 1240
f 1408 1444 1445 1409
f 1226 1253 1254 1227
f 1622 1686 1687 1623
f 1114 1115 1117 1116
f 2391 2432 2433 2392
f 579 615 616 580
f 2619 2653 2654 2618
f 1311 1339 1340 1312
f 402 424 425 403
f 2755 2786 2787 2756
f 1561 1616 1617 1563
f 1245 1276 1277 1246
f 1486 1545 1546 1487
f 1166 1190 1192 1165
f 2194 2221 2223 2222
f 2603 2640 2641 2604
f 1374 1414 1415 1375
f 2883 2914 2915 2884
f 2717 2749 2750 2718
f 1444 1491 1492 1445
f 330 353 354 331
f 1286 1320 1321 1287
f 1553 1609 1608 1555
f 2684 2723 2724 2685
f 3123 3149 3150 3124
f 2851 2883 2884 2852
f 1949 1993 1992 1948
f 2367 2407 2408 2369
f 595 632 633 596
f 1305 1333 1334 1306
f 3329 3332 3331 3330
f 1272 1307 1308 1274
f 1278 1312 1313 1279
f 2298 2338 2339 2299
f 2693 2732 2731 2692
f 627 671 672 628
f 1238 1267 1268 1239
f 1373 1413 1414 1374
f 2723 2755 2756 2724
f 3450 3523 3525 3452
f 1113 1150 1151 1115
f 490 523 525 491
f 1710 1773 1774 1711
f 1479 1480 1481 1435
f 1365 1405 1406 1366
f 2699 2701 2700 2674
f 724 774 775 726
f 3166 3190 3189 3165
f 1594 1650 1651 1595
f 1646 1710 1711 1647
f 1371 1411 1412 1372
f 2511 2554 2555 2512
f 619 662 663 618
f 2665 2692 2694 2667
f 2282 2319 2318 2283
f 1264 1295 1296 1265
f 2550 2586 2587 2551
f 1550 1606 1607 1551
f 425 445 446 426
f 1400 1434 1436 1399
f 1725 1787 1788 1726
f 716 766 767 717
f 3202 3228 3230 3229
f 1711 1774 1775 1712
f 1642 1706 1707 1643
f 1989 2026 2027 1990
f 3546 3607 3608 3548
f 2732 2763 2762 2731
f 1391 1393 1392 1352
f 1289 1291 1290 1261
f 777 832 831 776
f 683 727 729 685
f 2659 2687 2688 2660
f 1383 1386 1385 1384
f 1488 1547 1548 1489
f 2838 2872 2873 2839
f 633 677 678 634
f 2789 2791 2790 2760
f 1423 1456 1458 1422
f 611 649 650 612
f 1494 1553 1555 1496
f 1319 1347 1348 1320
f 3194 3223 3222 3196
f 1682 1746 1747 1683
f 1662 1724 1723 1661
f 2583 2618 2620 2582
f 1341 1376 1377 1342
f 694 737 738 695
f 2102 2120 2121 2103
f 772 827 828 773
f 1342 1377 1378 1343
f 662 705 706 663
f 2716 2748 2749 2717
f 3003 3023 3024 3004
f 2765 2797 2798 2766
f 3715 3764 3765 3716
f 1376 1416 1417 1377
f 1279 1313 1314 1280
f 932 973 974 933
f 2014 2050 2051 2015
f 2805 2838 2839 2807
f 2522 2564 2565 2523
f 1325 1354 1355 1326
f 1334 1369 1370 1335
f 1207 1233 1232 1206
f 1360 1401 1402 1359
f 1850 1903 1905 1852
f 2094 2112 2111 2093
f 2781 2815 2816 2782
f 2519 2561 2563 2521
f 1293 1326 1327 1294
f 1265 1296 1297 1266
f 892 935 936 893
f 1344 1379 1380 1345
f 3417 3459 3460 3418
f 3185 3213 3214 3186
f 820 871 872 821
f 2683 2722 2723 2684
f 1480 1539 1540 1481
f 1970 2008 2010 1972
f 2030 2062 2061 2029
f 666 709 710 667
f 137 138 139 112
f 1221 1248 1249 1222
f 1422 1458 1459 1424
f 682 724 726 725
f 3337 3338 3340 3339
f 3153 3177 3179 3155
f 335 356 358 337
f 2877 2907 2909 2878
f 1061 1094 1095 1062
f 1543 1599 1600 1544
f 2893 2924 2925 2894
f 1950 1994 1995 1951
f 1577 1631 1632 1578
f 1549 1605 1606 1550
f 1798 1859 1860 1799
f 1324 1351 1353 1323
f 3226 3256 3257 3227
f 3646 3704 3705 3647
f 417 419 418 398
f 2901 2932 2933 2902
f 2791 2824 2823 2790
f 386 406 407 387
f 12 23 24 13
f 2062 2089 2088 2061
f 2829 2863 2864 2830
f 2719 2751 2752 2720
f 1105 1145 1146 1106
f 2743 2774 2776 2745
f 915 954 955 916
f 2804 2837 2838 2805
f 3147 3172 3173 3148
f 2554 2590 2591 2555
f 3651 3709 3708 3653
f 3625 3683 3684 3626
f 2198 2227 2228 2199
f 2653 2681 2682 2654
f 1452 1497 1498 1453
f 1541 1597 1598 1542
f 3554 3612 3613 3555
f 1471 1472 1474 1473
f 1576 1630 1631 1577
f 500 535 536 501
f 2142 2173 2174 2143
f 1097 1139 1140 1098
f 2679 2717 2718 2678
f 1372 1412 1413 1373
f 2098 2116 2118 2100
f 3029 3031 3030 3010
f 1430 1465 1466 1431
f 1461 1515 1516 1462
f 2748 2779 2780 2749
f 3251 3282 3284 3283
f 1151 1174 1175 1152
f 1414 1450 1451 1415
f 1456 1511 1512 1458
f 2322 2359 2361 2324
f 3219 3250 3251 3221
f 3245 3274 3275 3246
f 2807 2839 2841 2840
f 378 398 397 377
f 1406 1442 1443 1407
f 1535 1591 1592 1536
f 3314 3357 3358 3315
f 804 856 857 805
f 3809 3839 3840 3810
f 1547 1603 1604 1548
f 2586 2623 2624 2587
f 2218 2250 2251 2219
f 1346 1381 1382 1347
f 1504 1505 1507 1506
f 1335 1370 1371 1336
f 2414 2454 2455 2415
f 812 864 865 813
f 1568 1622 1623 1569
f 1489 1548 1549 1490
f 1326 1355 1356 1327
f 2058 2086 2087 2059
f 3037 3061 3062 3038
f 675 718 719 676
f 2713 2714 2716 2715
f 1703 1766 1767 1704
f 3242 3271 3272 3243
f 3611 3669 3670 3612
f 2302 2342 2343 2303
f 1531 1532 1533 1470
f 1569 1623 1624 1570
f 2257 2259 2258 2225
f 905 948 949 906
f 788 845 846 789
f 2796 2829 2830 2797
f 2278 2315 2316 2279
f 2739 2770 2769 2738
f 1510 1568 1569 1511
f 1701 1764 1763 1700
f 2780 2814 2815 2781
f 1846 1901 1902 1847
f 2847 2879 2880 2848
f 659 703 704 661
f 2891 2922 2921 2890
f 1503 1563 1564 1502
f 3032 3056 3057 3033
f 2419 2459 2460 2420
f 2558 2593 2592 2557
f 2981 3007 3008 2982
f 2871 2901 2902 2872
f 1517 1575 1576 1518
f 2787 2821 2822 2788
f 1559 1562 1561 1560
f 1536 1592 1593 1537
f 1935 1980 1982 1936
f 3403 3447 3448 3404
f 3141 3166 3165 3140
f 2879 2910 2911 2880
f 1509 1567 1568 1510
f 2824 2856 2855 2823
f 1343 1378 1379 1344
f 3101 3129 3130 3103
f 3297 3342 3343 3299
f 1501 1502 1505 1504
f 410 431 430 409
f 3371 3372 3374 3373
f 1260 1292 1293 1262
f 3109 3136 3137 3110
f 2823 2855 2857 2825
f 2145 2176 2177 2146
f 1282 1316 1317 1283
f 1527 1528 1530 1529
f 1528 1586 1587 1530
f 2634 2666 2665 2633
f 3395 3439 3440 3396
f 730 779 780 731
f 3313 3356 3357 3314
f 1693 1757 1758 1694
f 1542 1598 1599 1543
f 2242 2281 2282 2243
f 1520 1578 1579 1522
f 2570 2605 2606 2571
f 3379 3427 3428 3382
f 3173 3197 3198 3174
f 3197 3224 3225 3198
f 1252 1283 1284 1253
f 1496 1555 1556 1497
f 844 893 894 845
f 876 920 921 877
f 2718 2750 2751 2719
f 3205 3235 3236 3204
f 1673 1739 1740 1675
f 2361 2401 2402 2362
f 1614 1679 1680 1616
f 3177 3206 3207 3179
f 1416 1452 1453 1417
f 1028 1060 1061 1029
f 2614 2647 2648 2616
f 2385 2423 2422 2384
f 3015 3037 3038 3016
f 1565 1619 1620 1566
f 3324 3367 3368 3325
f 1695 1759 1760 1696
f 1248 1279 1280 1249
f 1812 1871 1872 1813
f 2486 2526 2527 2487
f 3357 3409 3410 3358
f 924 963 965 926
f 960 999 1000 961
f 3451 3524 3523 3450
f 3133 3160 3161 3134
f 3459 3530 3531 3460
f 1539 1595 1596 1540
f 1782 1840 1841 1783
f 3482 3483 3485 3484
f 3531 3594 3595 3532
f 3207 3238 3239 3208
f 721 771 772 722
f 2771 2803 2804 2772
f 1704 1767 1768 1705
f 2746 2777 2778 2747
f 3507 3571 3572 3508
f 1089 1132 1133 1091
f 3039 3063 3064 3041
f 1613 1615 1614 1562
f 1598 1654 1655 1599
f 1591 1647 1648 1592
f 3378 3379 3382 3381
f 2986 3012 3013 2987
f 2966 2992 2994 2968
f 1129 1131 1130 1090
f 817 868 869 818
f 1291 1324 1323 1290
f 1574 1628 1629 1575
f 1583 1640 1641 1585
f 1672 1673 1675 1674
f 3631 3689 3690 3632
f 3325 3368 3369 3326
f 1534 1590 1591 1535
f 1685 1749 1750 1686
f 3161 3185 3186 3162
f 3140 3165 3167 3142
f 2962 2988 2989 2963
f 2910 2937 2939 2911
f 3341 3393 3394 3342
f 1625 1689 1690 1626
f 1629 1693 1694 1630
f 1306 1334 1335 1307
f 2266 2303 2304 2267
f 1696 1760 1761 1697
f 2068 2095 2096 2069
f 3427 3502 3503 3428
f 3349 3401 3402 3350
f 3087 3110 3111 3088
f 755 810 811 756
f 2859 2861 2860 2828
f 1585 1641 1642 1586
f 2836 2870 2871 2837
f 2978 3004 3005 2979
f 2472 2513 2514 2473
f 2137 2165 2167 2166
f 2258 2295 2297 2260
f 2860 2890 2892 2862
f 3721 3770 3771 3722
f 1732 1733 1735 1734
f 3095 3120 3119 3094
f 2803 2836 2837 2804
f 1981 2018 2017 1980
f 3103 3130 3131 3104
f 2426 2467 2468 2428
f 2474 2515 2517 2476
f 129 159 160 130
f 739 788 789 740
f 1774 1832 1833 1775
f 860 909 910 861
f 1880 1933 1932 1882
f 712 762 763 713
f 2494 2534 2535 2495
f 290 312 314 292
f 3135 3162 3163 3136
f 1661 1723 1725 1663
f 2811 2844 2845 2812
f 1663 1725 1726 1664
f 1680 1744 1745 1681
f 3114 3142 3143 3116
f 2913 2941 2942 2914
f 3517 3581 3582 3518
f 1716 1779 1780 1717
f 1653 1717 1718 1654
f 1734 1735 1736 1669
f 1655 1719 1720 1656
f 1728 1731 1730 1729
f 1032 1064 1065 1033
f 1621 1685 1686 1622
f 3183 3211 3212 3184
f 1654 1718 1719 1655
f 1631 1695 1696 1632
f 1664 1726 1727 1665
f 2764 2796 2797 2765
f 1393 1428 1429 1392
f 3453 3526 3527 3454
f 3191 3216 3218 3192
f 1557 1611 1612 1558
f 3498 3499 3500 3426
f 1567 1621 1622 1568
f 1640 1704 1705 1641
f 2708 2744 2743 2707
f 3667 3723 3724 3668
f 3429 3504 3505 3430
f 3159 3183 3184 3160
f 787 844 845 788
f 1330 1366 1367 1332
f 1407 1443 1444 1408
f 1776 1834 1835 1777
f 2706 2707 2710 2709
f 3549 3550 3552 3551
f 2185 2212 2213 2186
f 2875 2908 2907 2877
f 1314 1342 1343 1315
f 3861 3887 3888 3862
f 3278 3312 3311 3277
f 1829 1887 1888 1830
f 1071 1104 1105 1072
f 3330 3331 3334 3333
f 3186 3214 3215 3187
f 3214 3245 3246 3215
f 3501 3565 3566 3502
f 3489 3558 3559 3491
f 474 493 494 475
f 3086 3109 3110 3087
f 439 459 458 438
f 2948 2975 2977 2950
f 2292 2328 2329 2293
f 292 314 315 293
f 1161 1186 1187 1162
f 372 392 393 373
f 3094 3119 3121 3096
f 3665 3721 3722 3666
f 1990 2027 2028 1991
f 3731 3780 3781 3732
f 617 619 618 583
f 3239 3268 3269 3240
f 1387 1388 1390 1389
f 2835 2869 2868 2834
f 1588 1644 1645 1589
f 1872 1924 1925 1873
f 3343 3395 3396 3344
f 3293 3325 3326 3295
f 1717 1780 1781 1718
f 1790 1792 1791 1731
f 1236 1265 1266 1237
f 2884 2915 2916 2885
f 3163 3187 3188 3164
f 3486 3487 3489 3488
f 901 944 945 902
f 3319 3362 3361 3318
f 1821 1881 1880 1823
f 1726 1788 1789 1727
f 1823 1880 1882 1824
f 1752 1810 1812 1753
f 3315 3358 3359 3316
f 3390 3434 3435 3391
f 577 613 614 578
f 1617 1681 1682 1618
f 426 446 447 427
f 1702 1765 1766 1703
f 3497 3562 3563 3499
f 2436 2475 2474 2435
f 3793 3835 3836 3794
f 3629 3687 3688 3630
f 377 397 399 379
f 1744 1804 1805 1745
f 1638 1700 1702 1637
f 1864 1917 1918 1865
f 956 995 996 957
f 3332 3387 3388 3331
f 3843 3869 3870 3844
f 3653 3708 3710 3654
f 3439 3514 3515 3440
f 819 870 871 820
f 1849 1850 1852 1792
f 2023 2056 2057 2024
f 3306 3350 3351 3307
f 3196 3222 3224 3197
f 3614 3672 3673 3615
f 3661 3717 3718 3662
f 3463 3534 3535 3464
f 1973 2011 2012 1974
f 1502 1564 1565 1505
f 1177 1179 1178 1155
f 3827 3857 3858 3828
f 3423 3465 3467 3466
f 803 855 856 804
f 1214 1240 1241 1215
f 1799 1860 1861 1800
f 2940 2968 2969 2941
f 2924 2951 2952 2925
f 3526 3590 3591 3527
f 3605 3663 3664 3606
f 811 863 864 812
f 3602 3660 3661 3603
f 3298 3341 3342 3297
f 3018 3045 3046 3020
f 3414 3455 3457 3415
f 3733 3782 3783 3734
f 3487 3557 3558 3489
f 1797 1858 1859 1798
f 1361 1362 1364 1363
f 1791 1853 1854 1793
f 2232 2267 2268 2234
f 2063 2090 2091 2064
f 1401 1437 1438 1402
f 3741 3790 3791 3742
f 3511 3575 3576 3512
f 1765 1823 1824 1766
f 1934 1981 1980 1935
f 280 303 302 281
f 1145 1168 1169 1146
f 442 462 463 443
f 1442 1489 1490 1443
f 3781 3823 3824 3782
f 124 154 155 125
f 3519 3583 3584 3520
f 859 908 909 860
f 1830 1888 1889 1831
f 1767 1825 1826 1768
f 2956 2958 2957 2930
f 2523 2565 2566 2524
f 84 85 88 87
f 3821 3851 3852 3822
f 3361 3413 3412 3363
f 2201 2230 2231 2202
f 3555 3613 3614 3556
f 1593 1649 1650 1594
f 1824 1882 1883 1825
f 3764 3806 3807 3765
f 116 144 145 117
f 1926 1975 1976 1927
f 835 885 886 836
f 996 1031 1032 997
f 1816 1875 1876 1817
f 2219 2251 2252 2220
f 108 131 132 109
f 3829 3859 3860 3830
f 1601 1657 1658 1602
f 843 892 893 844
f 1870 1922 1921 1869
f 1848 1851 1850 1849
f 3790 3832 3833 3791
f 2457 2498 2499 2458
f 3287 3318 3320 3288
f 1861 1914 1915 1862
f 2939 2966 2968 2940
f 980 1016 1018 981
f 1712 1775 1776 1713
f 3818 3848 3849 3819
f 3678 3734 3735 3679
f 3749 3798 3799 3750
f 2959 2985 2986 2960
f 1853 1906 1907 1854
f 665 708 709 666
f 2015 2051 2052 2016
f 198 227 228 199
f 180 207 209 208
f 361 382 383 362
f 1957 1997 1999 1958
f 2980 3006 3007 2981
f 972 1012 1013 973
f 35 51 50 34
f 207 236 237 209
f 834 884 885 835
f 3663 3719 3720 3664
f 458 477 479 460
f 2118 2142 2143 2119
f 1887 1938 1939 1888
f 2072 2074 2073 2045
f 2499 2539 2540 2500
f 268 293 294 269
f 2441 2482 2483 2442
f 3671 3727 3728 3672
f 883 926 927 884
f 2801 2834 2836 2803
f 260 286 287 261
f 115 143 144 116
f 922 961 962 923
f 2810 2842 2844 2811
f 450 469 471 452
f 1894 1945 1946 1895
f 1871 1923 1924 1872
f 3474 3475 3477 3476
f 107 130 131 108
f 1886 1937 1938 1887
f 1999 2036 2037 2000
f 2972 2998 3000 2974
f 170 198 199 171
f 244 271 272 245
f 70 98 99 71
f 3615 3673 3674 3616
f 654 657 656 655
f 1862 1915 1916 1863
f 1545 1601 1602 1546
f 1904 1954 1953 1903
f 963 1002 1004 965
f 3735 3784 3785 3736
f 1402 1438 1439 1403
f 1020 1052 1053 1021
f 3743 3792 3793 3744
f 1925 1974 1975 1926
f 3689 3745 3746 3690
f 2338 2377 2378 2339
f 2988 3014 3015 2989
f 593 630 631 594
f 327 350 351 328
f 78 106 107 79
f 2866 2896 2897 2867
f 1917 1967 1968 1918
f 286 308 309 287
f 239 266 265 238
f 188 217 218 189
f 1893 1944 1945 1894
f 1394 1430 1431 1395
f 2311 2350 2351 2313
f 3346 3398 3399 3347
f 259 285 286 260
f 1837 1895 1896 1838
f 3839 3864 3866 3840
f 2979 3005 3006 2980
f 1004 1038 1039 1005
f 1960 2001 2002 1961
f 315 339 340 316
f 3791 3833 3834 3792
f 541 544 543 542
f 3847 3873 3874 3848
f 537 578 579 538
f 2729 2760 2759 2728
f 2211 2243 2244 2212
f 3004 3024 3025 3005
f 3686 3742 3743 3687
f 914 953 954 915
f 2987 3013 3014 2988
f 1477 1478 1480 1479
f 1959 2000 2001 1960
f 1426 1461 1462 1427
f 317 341 342 318
f 49 63 65 64
f 54 70 71 55
f 3815 3845 3846 3816
f 3176 3200 3202 3201
f 3540 3603 3604 3541
f 2224 2260 2261 2226
f 455 474 475 456
f 954 993 994 955
f 3767 3809 3810 3768
f 634 678 679 635
f 1982 2019 2020 1983
f 1951 1995 1996 1952
f 3441 3516 3517 3442
f 1627 1691 1692 1628
f 1958 1999 2000 1959
f 1927 1976 1977 1928
f 3338 3391 3392 3340
f 419 439 438 418
f 380 400 401 381
f 1385 1425 1426 1388
f 1283 1317 1318 1284
f 1855 1908 1909 1856
f 1992 2029 2031 1994
f 404 426 427 405
f 3545 3546 3548 3547
f 2101 2119 2120 2102
f 2000 2037 2038 2001
f 1044 1080 1081 1045
f 1984 2021 2022 1985
f 2585 2622 2623 2586
f 96 119 118 95
f 3067 3092 3093 3068
f 2466 2505 2507 2465
f 1944 1990 1991 1945
f 395 415 416 396
f 591 628 629 592
f 995 1030 1031 996
f 1911 1961 1962 1912
f 3394 3438 3439 3395
f 531 572 571 530
f 463 482 483 464
f 3139 3141 3140 3115
f 955 994 995 956
f 2175 2201 2202 2176
f 3060 3085 3086 3061
f 222 251 250 224
f 492 526 527 493
f 104 127 128 105
f 971 1009 1011 970
f 815 867 866 816
f 603 641 642 604
f 246 273 274 247
f 136 167 168 135
f 2297 2337 2338 2298
f 2446 2487 2488 2447
f 1833 1891 1892 1834
f 475 494 495 476
f 3386 3430 3431 3387
f 791 848 849 793
f 254 280 281 255
f 3051 3072 3073 3052
f 2069 2096 2097 2070
f 2047 2077 2078 2048
f 3044 3066 3065 3043
f 930 972 973 932
f 596 633 634 597
f 144 175 176 145
f 2061 2088 2090 2063
f 3059 3084 3085 3060
f 2039 2070 2071 2040
f 2088 2106 2108 2090
f 283 305 306 284
f 532 573 574 533
f 1649 1713 1714 1650
f 2053 2083 2082 2055
f 2064 2091 2092 2065
f 2151 2179 2178 2150
f 1301 1302 1305 1304
f 548 586 587 549
f 2545 2546 2548 2506
f 2046 2076 2077 2047
f 991 1026 1027 992
f 2029 2061 2063 2031
f 80 108 109 82
f 3410 3453 3454 3411
f 2402 2442 2443 2403
f 2208 2241 2242 2210
f 563 565 564 524
f 3081 3104 3105 3082
f 200 229 230 201
f 1107 1147 1148 1109
f 871 915 916 872
f 2277 2313 2314 2276
f 216 244 245 217
f 1942 1988 1989 1943
f 925 964 963 924
f 2505 2549 2550 2507
f 1641 1705 1706 1642
f 530 571 573 532
f 1092 1134 1135 1093
f 2409 2449 2450 2410
f 3418 3460 3461 3419
f 248 275 276 249
f 326 349 350 327
f 1027 1059 1060 1028
f 2785 2819 2820 2786
f 1060 1093 1094 1061
f 3108 3135 3136 3109
f 715 765 766 716
f 1108 1109 1111 1110
f 1769 1827 1828 1770
f 1137 1161 1162 1138
f 288 310 311 289
f 305 327 328 306
f 2253 2292 2293 2254
f 3099 3124 3125 3100
f 1049 1085 1084 1051
f 2200 2229 2230 2201
f 847 896 897 848
f 358 379 380 359
f 296 318 319 297
f 1011 1044 1045 1012
f 604 642 643 605
f 795 850 851 797
f 382 402 403 383
f 3465 3536 3537 3467
f 2181 2183 2182 2156
f 2158 2186 2187 2159
f 2135 2164 2165 2137
f 3092 3117 3118 3093
f 390 410 409 389
f 3145 3170 3172 3147
f 2103 2121 2122 2104
f 1220 1247 1248 1221
f 3107 3134 3135 3108
f 2931 2960 2961 2932
f 779 834 835 780
f 2546 2582 2584 2548
f 2141 2172 2173 2142
f 2922 2949 2948 2921
f 2150 2178 2180 2153
f 1156 1181 1182 1157
f 3024 3050 3051 3025
f 875 919 920 876
f 740 789 790 741
f 801 853 854 802
f 1201 1229 1230 1202
f 2245 2284 2285 2246
f 2310 2311 2313 2277
f 2295 2336 2337 2297
f 2192 2219 2220 2193
f 25 41 42 26
f 796 797 799 798
f 2521 2563 2564 2522
f 1043 1077 1079 1042
f 1900 1950 1951 1901
f 1458 1512 1513 1459
f 1331 1365 1366 1330
f 2176 2202 2203 2177
f 684 728 727 683
f 195 224 225 196
f 1892 1943 1944 1893
f 1091 1133 1134 1092
f 2144 2175 2176 2145
f 2458 2499 2500 2459
f 827 878 879 828
f 1487 1546 1547 1488
f 117 145 147 146
f 1831 1889 1890 1832
f 273 298 299 274
f 1148 1171 1172 1149
f 667 710 711 668
f 347 368 370 349
f 2112 2130 2129 2111
f 1455 1457 1456 1423
f 470 489 488 469
f 440 460 461 441
f 2605 2642 2643 2606
f 3155 3179 3180 3156
f 2191 2218 2219 2192
f 2048 2078 2079 2049
f 1059 1092 1093 1060
f 456 475 476 457
f 454 473 474 455
f 1287 1321 1322 1288
f 438 458 460 440
f 1888 1939 1940 1889
f 1244 1274 1275 1243
f 3588 3645 3644 3587
f 884 927 928 885
f 1106 1146 1147 1107
f 833 883 884 834
f 2221 2253 2254 2223
f 3570 3628 3629 3571
f 1212 1238 1239 1213
f 2525 2567 2568 2526
f 852 901 902 853
f 2283 2318 2320 2284
f 3505 3569 3570 3506
f 2213 2245 2246 2214
f 1506 1507 1509 1508
f 1185 1214 1215 1186
f 868 911 913 869
f 536 577 578 537
f 2189 2216 2215 2188
f 2478 2480 2479 2440
f 1196 1224 1225 1197
f 2288 2324 2325 2289
f 1227 1254 1255 1228
f 1639 1703 1704 1640
f 534 575 576 535
f 2442 2483 2484 2443
f 3131 3158 3159 3132
f 2117 2139 2141 2116
f 2254 2293 2294 2256
f 2313 2351 2352 2314
f 1825 1883 1884 1826
f 2230 2265 2266 2231
f 1068 1101 1103 1070
f 1609 1662 1661 1608
f 1026 1058 1059 1027
f 560 596 597 562
f 2263 2300 2301 2264
f 2190 2217 2218 2191
f 2400 2440 2439 2399
f 1195 1223 1224 1196
f 1575 1629 1630 1576
f 1034 1066 1067 1035
f 568 604 605 569
f 1131 1155 1154 1130
f 1002 1036 1038 1004
f 592 629 630 593
f 2264 2301 2302 2265
f 2247 2286 2288 2249
f 2261 2298 2299 2262
f 1332 1367 1368 1333
f 1923 1972 1973 1924
f 600 638 640 602
f 2397 2437 2438 2398
f 1474 1536 1537 1476
f 2231 2266 2267 2232
f 1066 1099 1100 1067
f 114 142 143 115
f 2248 2287 2286 2247
f 2207 2209 2208 2183
f 2349 2387 2389 2348
f 1079 1126 1127 1080
f 2109 2127 2128 2110
f 1036 1068 1070 1038
f 3179 3207 3208 3180
f 3428 3503 3504 3429
f 3136 3163 3164 3137
f 503 538 539 504
f 1745 1805 1806 1746
f 1121 1122 1124 1078
f 2777 2811 2812 2778
f 2031 2063 2064 2032
f 2392 2433 2434 2393
f 2645 2673 2675 2647
f 3134 3161 3162 3135
f 3500 3564 3565 3501
f 2430 2470 2471 2431
f 2293 2329 2330 2294
f 2490 2530 2531 2491
f 2328 2365 2366 2329
f 731 780 781 732
f 1012 1045 1046 1013
f 758 813 814 759
f 544 582 584 543
f 1275 1309 1310 1276
f 3171 3195 3194 3170
f 2455 2496 2497 2456
f 1943 1989 1990 1944
f 1863 1916 1917 1864
f 1219 1246 1247 1220
f 3282 3316 3317 3284
f 2326 2363 2364 2327
f 1284 1318 1319 1285
f 3180 3208 3209 3181
f 394 414 415 395
f 2396 2436 2435 2395
f 313 335 337 312
f 578 614 615 579
f 3745 3794 3795 3746
f 2578 2580 2579 2543
f 707 757 758 708
f 2220 2252 2253 2221
f 790 847 848 791
f 393 413 414 394
f 1147 1170 1171 1148
f 2318 2355 2357 2320
f 2335 2374 2375 2336
f 1619 1683 1684 1620
f 1681 1745 1746 1682
f 838 887 889 840
f 2597 2634 2633 2596
f 1498 1557 1558 1499
f 1636 1637 1639 1584
f 2592 2629 2631 2594
f 754 809 810 755
f 2143 2174 2175 2144
f 846 895 896 847
f 792 793 795 794
f 1155 1178 1180 1154
f 3211 3242 3243 3212
f 1579 1633 1634 1581
f 3156 3180 3181 3157
f 1563 1617 1618 1564
f 800 801 802 747
f 2475 2516 2515 2474
f 1171 1197 1198 1172
f 3243 3272 3273 3244
f 1308 1336 1337 1309
f 2360 2400 2399 2359
f 1152 1175 1176 1153
f 2363 2403 2404 2364
f 2365 2405 2406 2366
f 2352 2392 2393 2353
f 2447 2488 2489 2448
f 1667 1668 1671 1670
f 2111 2129 2131 2113
f 2721 2753 2754 2722
f 752 807 808 753
f 2341 2380 2381 2342
f 3227 3257 3258 3228
f 2482 2522 2523 2483
f 2320 2357 2358 2321
f 747 802 803 746
f 1228 1255 1256 1229
f 769 824 825 770
f 744 747 746 745
f 594 631 632 595
f 1490 1549 1550 1491
f 1292 1325 1326 1293
f 2480 2520 2519 2479
f 2093 2111 2113 2095
f 2183 2208 2210 2182
f 934 975 976 935
f 3366 3416 3417 3367
f 3321 3364 3365 3322
f 3300 3344 3345 3301
f 169 197 198 170
f 3072 3097 3098 3073
f 832 882 881 831
f 2469 2510 2511 2470
f 3322 3365 3366 3323
f 2639 2671 2672 2640
f 2856 2887 2886 2855
f 3090 3116 3117 3092
f 990 1025 1024 989
f 1259 1261 1260 1233
f 2366 2406 2407 2367
f 3228 3258 3259 3230
f 1300 1303 1302 1301
f 1763 1821 1823 1765
f 2927 2954 2955 2928
f 3857 3883 3884 3858
f 889 932 933 890
f 2265 2302 2303 2266
f 2286 2322 2324 2288
f 2423 2463 2462 2422
f 3737 3786 3787 3738
f 941 981 982 942
f 2287 2323 2322 2286
f 1138 1162 1163 1139
f 872 916 917 873
f 2581 2614 2616 2615
f 2126 2158 2159 2127
f 2415 2455 2456 2416
f 2584 2621 2622 2585
f 1851 1904 1903 1850
f 2199 2228 2229 2200
f 942 982 983 943
f 2375 2413 2414 2376
f 3204 3236 3237 3206
f 2079 2104 2105 2080
f 1891 1942 1943 1892
f 2491 2531 2532 2492
f 904 947 948 905
f 2589 2626 2627 2590
f 1377 1417 1418 1378
f 2498 2538 2539 2499
f 3276 3278 3277 3248
f 1242 1244 1243 1218
f 17 20 19 18
f 912 951 950 911
f 2448 2489 2490 2449
f 1364 1404 1405 1365
f 3565 3623 3624 3566
f 2399 2439 2441 2401
f 1070 1103 1104 1071
f 3074 3099 3100 3076
f 1211 1237 1238 1212
f 2598 2635 2636 2599
f 3281 3315 3316 3282
f 2440 2479 2481 2439
f 1651 1715 1716 1652
f 2666 2693 2692 2665
f 1030 1062 1063 1031
f 840 889 890 841
f 2445 2486 2487 2446
f 1602 1658 1659 1603
f 2503 2543 2542 2502
f 2568 2603 2604 2569
f 381 401 402 382
f 1412 1448 1449 1413
f 2649 2652 2651 2650
f 3553 3611 3612 3554
f 2631 2662 2664 2632
f 3236 3265 3266 3237
f 190 219 220 191
f 2567 2602 2603 2568
f 2003 2040 2041 2004
f 1806 1867 1868 1807
f 1689 1753 1754 1690
f 2437 2476 2477 2438
f 3355 3407 3406 3354
f 2495 2535 2536 2496
f 3292 3324 3325 3293
f 1786 1844 1843 1785
f 1158 1183 1184 1159
f 2573 2608 2609 2574
f 3426 3500 3501 3425
f 2487 2527 2528 2488
f 2139 2171 2172 2141
f 2551 2587 2588 2552
f 514 552 553 516
f 3146 3171 3170 3145
f 1251 1282 1283 1252
f 2470 2511 2512 2471
f 2479 2519 2521 2481
f 3016 3038 3039 3017
f 2267 2304 2305 2268
f 2471 2512 2513 2472
f 1182 1211 1212 1183
f 1072 1105 1106 1073
f 658 659 661 660
f 3539 3602 3603 3540
f 2343 2382 2383 2344
f 2623 2658 2659 2624
f 2467 2508 2509 2468
f 1263 1294 1295 1264
f 3122 3148 3149 3123
f 610 648 649 611
f 2590 2627 2628 2591
f 3273 3309 3310 3274
f 3252 3285 3287 3254
f 3842 3868 3869 3843
f 2751 2782 2783 2752
f 1345 1380 1381 1346
f 3261 3293 3295 3294
f 1404 1440 1441 1405
f 2703 2741 2742 2704
f 2179 2205 2204 2178
f 2633 2665 2667 2635
f 3130 3157 3158 3131
f 1235 1264 1265 1236
f 3307 3351 3352 3308
f 2599 2636 2637 2600
f 2520 2562 2561 2519
f 86 111 113 85
f 1572 1626 1627 1573
f 1194 1222 1223 1195
f 3641 3699 3700 3642
f 2549 2585 2586 2550
f 2881 2912 2913 2882
f 2506 2548 2549 2505
f 1104 1144 1145 1105
f 1254 1285 1286 1255
f 2533 2575 2576 2534
f 3301 3345 3346 3302
f 2919 2946 2947 2920
f 3617 3675 3676 3618
f 2512 2555 2556 2513
f 2037 2068 2069 2038
f 2815 2848 2849 2816
f 2697 2736 2737 2698
f 1160 1185 1186 1161
f 1339 1374 1375 1340
f 2574 2609 2610 2575
f 3704 3753 3755 3705
f 2488 2528 2529 2489
f 1564 1618 1619 1565
f 2509 2552 2553 2510
f 3577 3635 3636 3578
f 2566 2601 2602 2567
f 1420 1423 1422 1421
f 2408 2448 2449 2409
f 3596 3654 3655 3597
f 2178 2204 2206 2180
f 1294 1327 1328 1295
f 3569 3627 3628 3570
f 2405 2445 2446 2406
f 2534 2576 2577 2535
f 2309 2312 2311 2310
f 1592 1648 1649 1593
f 1570 1624 1625 1571
f 1102 1142 1141 1101
f 1548 1604 1605 1549
f 3516 3580 3581 3517
f 2839 2873 2874 2841
f 1200 1228 1229 1201
f 698 741 743 742
f 3331 3388 3389 3334
f 2575 2610 2611 2576
f 3514 3578 3579 3515
f 1078 1124 1125 1077
f 2677 2679 2678 2652
f 2559 2594 2595 2560
f 2783 2817 2818 2784
f 2459 2500 2501 2460
f 1262 1293 1294 1263
f 1208 1234 1235 1209
f 2629 2663 2662 2631
f 1562 1614 1616 1561
f 2527 2569 2570 2528
f 2817 2850 2851 2818
f 2741 2772 2773 2742
f 2463 2503 2502 2462
f 2329 2366 2367 2330
f 1168 1194 1195 1169
f 1230 1257 1258 1231
f 2637 2669 2670 2638
f 3323 3366 3367 3324
f 1436 1483 1484 1437
f 3761 3804 3803 3762
f 2411 2451 2452 2412
f 2663 2690 2689 2662
f 1398 1399 1401 1360
f 2767 2799 2800 2768
f 2638 2670 2671 2639
f 2359 2399 2401 2361
f 2667 2694 2695 2668
f 1366 1406 1407 1367
f 2524 2566 2567 2525
f 2621 2656 2657 2622
f 2622 2657 2658 2623
f 113 141 142 114
f 785 842 843 786
f 1302 1332 1333 1305
f 1470 1533 1534 1469
f 1590 1646 1647 1591
f 1668 1737 1738 1671
f 642 686 687 643
f 2658 2686 2687 2659
f 2747 2778 2779 2748
f 1438 1485 1486 1439
f 1468 1469 1472 1471
f 1586 1642 1643 1587
f 2784 2818 2819 2785
f 1686 1750 1751 1687
f 1708 1771 1772 1709
f 1462 1516 1517 1463
f 1280 1314 1315 1281
f 1363 1364 1365 1331
f 3387 3431 3432 3388
f 2655 2683 2684 2656
f 2162 2190 2191 2163
f 1526 1583 1585 1525
f 2725 2757 2758 2726
f 1312 1340 1341 1313
f 1578 1632 1633 1579
f 1255 1286 1287 1256
f 3562 3620 3621 3563
f 3634 3692 3693 3635
f 1323 1353 1354 1325
f 2812 2845 2846 2813
f 3070 3095 3094 3069
f 2759 2792 2793 2761
f 1352 1392 1394 1351
f 1218 1243 1245 1217
f 3363 3412 3414 3364
f 2656 2684 2685 2657
f 1724 1786 1785 1723
f 1584 1639 1640 1583
f 2917 2944 2946 2919
f 2694 2733 2734 2695
f 2562 2597 2596 2561
f 2624 2659 2660 2625
f 766 821 822 767
f 2951 2978 2979 2952
f 1390 1427 1428 1393
f 1392 1429 1430 1394
f 1307 1335 1336 1308
f 2134 2135 2137 2136
f 2776 2810 2811 2777
f 1713 1776 1777 1714
f 2651 2680 2681 2653
f 2701 2739 2738 2700
f 2686 2725 2726 2687
f 1460 1514 1515 1461
f 3506 3570 3571 3507
f 1518 1576 1577 1519
f 655 656 659 658
f 3633 3691 3692 3634
f 2685 2724 2725 2686
f 3356 3408 3409 3357
f 2911 2939 2940 2912
f 3091 3114 3116 3090
f 3303 3347 3348 3304
f 1582 1584 1583 1526
f 1464 1518 1519 1465
f 2669 2696 2697 2670
f 2670 2697 2698 2671
f 1500 1503 1502 1501
f 2984 3010 3009 2983
f 2174 2200 2201 2175
f 1529 1530 1532 1531
f 2689 2728 2730 2691
f 1472 1535 1536 1474
f 1491 1550 1551 1492
f 3340 3392 3393 3341
f 1508 1509 1510 1457
f 1566 1620 1621 1567
f 3415 3457 3458 3416
f 1440 1487 1488 1441
f 690 733 735 692
f 2606 2643 2644 2607
f 2735 2766 2767 2736
f 1852 1905 1906 1853
f 2374 2412 2413 2375
f 433 453 454 434
f 1512 1570 1571 1513
f 1427 1462 1463 1428
f 2687 2726 2727 2688
f 3435 3510 3511 3436
f 3348 3400 3401 3349
f 3203 3205 3204 3178
f 3551 3552 3553 3481
f 2705 2708 2707 2706
f 1544 1600 1601 1545
f 2813 2846 2847 2814
f 1650 1714 1715 1651
f 2594 2631 2632 2595
f 2744 2775 2774 2743
f 3259 3292 3293 3261
f 713 763 764 714
f 2763 2795 2794 2762
f 2887 2918 2917 2886
f 2894 2925 2926 2895
f 2720 2752 2753 2721
f 1290 1323 1325 1292
f 3271 3307 3308 3272
f 3234 3263 3262 3233
f 1411 1447 1448 1412
f 3419 3461 3462 3420
f 1516 1574 1575 1517
f 999 1034 1035 1000
f 1910 1960 1961 1911
f 2819 2852 2853 2820
f 1705 1768 1769 1706
f 2909 2938 2937 2910
f 2903 2934 2935 2904
f 3372 3421 3422 3374
f 3639 3697 3698 3640
f 1678 1742 1743 1679
f 3210 3241 3242 3211
f 1403 1439 1440 1404
f 2782 2816 2817 2783
f 1484 1543 1544 1485
f 3404 3448 3449 3405
f 2734 2765 2766 2735
f 2020 2054 2053 2021
f 2681 2720 2721 2682
f 3601 3659 3660 3602
f 1378 1418 1419 1379
f 1492 1551 1552 1493
f 1777 1835 1836 1778
f 1338 1373 1374 1339
f 472 491 492 473
f 1718 1781 1782 1719
f 2797 2830 2831 2798
f 2774 2808 2810 2776
f 2799 2832 2833 2800
f 3777 3819 3820 3778
f 1742 1802 1803 1743
f 159 189 190 160
f 1648 1712 1713 1649
f 2773 2805 2807 2806
f 1666 1669 1668 1667
f 2895 2926 2927 2896
f 1988 2025 2026 1989
f 1656 1720 1721 1657
f 1443 1490 1491 1444
f 3443 3518 3519 3444
f 2618 2654 2655 2620
f 2976 3002 3001 2975
f 3258 3291 3292 3259
f 3807 3838 3837 3808
f 1758 1817 1818 1759
f 1688 1752 1753 1689
f 3452 3525 3526 3453
f 1556 1610 1611 1557
f 1064 1097 1098 1065
f 1467 1470 1469 1468
f 873 917 918 874
f 1610 1663 1664 1611
f 2650 2651 2653 2619
f 3388 3432 3433 3389
f 3523 3587 3589 3525
f 3711 3760 3761 3712
f 674 717 718 675
f 1632 1696 1697 1633
f 3062 3087 3088 3063
f 344 365 366 345
f 2832 2866 2867 2833
f 3467 3537 3538 3469
f 3599 3657 3658 3600
f 1249 1280 1281 1250
f 3253 3286 3285 3252
f 2870 2900 2901 2871
f 1540 1596 1597 1541
f 2816 2849 2850 2817
f 3299 3343 3344 3300
f 2100 2118 2119 2101
f 3434 3509 3510 3435
f 1760 1819 1820 1761
f 2999 3019 3018 2998
f 2862 2892 2893 2863
f 3468 3469 3471 3470
f 1362 1403 1404 1364
f 79 107 108 80
f 1768 1826 1827 1769
f 1475 1476 1478 1477
f 2846 2878 2879 2847
f 2863 2893 2894 2864
f 2968 2994 2995 2969
f 1370 1410 1411 1371
f 56 72 73 57
f 1736 1796 1797 1737
f 2869 2899 2898 2868
f 2830 2864 2865 2831
f 2855 2886 2888 2857
f 3769 3811 3812 3770
f 2861 2891 2890 2860
f 2865 2895 2896 2866
f 2831 2865 2866 2832
f 2888 2919 2920 2889
f 3267 3303 3304 3268
f 2124 2157 2158 2126
f 881 924 926 883
f 2837 2871 2872 2838
f 2775 2809 2808 2774
f 224 250 252 225
f 2379 2417 2418 2380
f 1130 1154 1156 1132
f 1800 1861 1862 1801
f 2749 2780 2781 2750
f 3483 3555 3556 3485
f 2647 2675 2676 2648
f 1832 1890 1891 1833
f 2164 2192 2193 2165
f 3595 3653 3654 3596
f 1918 1968 1969 1919
f 1856 1909 1910 1857
f 1523 1526 1525 1524
f 3547 3548 3550 3549
f 2327 2364 2365 2328
f 3683 3739 3740 3684
f 1878 1930 1931 1879
f 1817 1876 1877 1818
f 2377 2415 2416 2378
f 3475 3541 3542 3477
f 3763 3805 3806 3764
f 3538 3601 3602 3539
f 3053 3074 3076 3075
f 841 890 891 842
f 2934 2963 2964 2935
f 3055 3078 3080 3054
f 3848 3874 3875 3849
f 3382 3428 3429 3384
f 240 267 268 241
f 2926 2953 2954 2927
f 722 772 773 723
f 2722 2754 2755 2723
f 3412 3456 3455 3414
f 3579 3637 3638 3580
f 2188 2215 2217 2190
f 73 101 102 74
f 3673 3729 3730 3674
f 2212 2244 2245 2213
f 3038 3062 3063 3039
f 2944 2972 2974 2946
f 44 60 61 45
f 72 100 101 73
f 1073 1106 1107 1075
f 3681 3737 3738 3682
f 2912 2940 2941 2913
f 1740 1800 1801 1741
f 39 55 56 40
f 3607 3665 3666 3608
f 1974 2012 2013 1975
f 401 423 424 402
f 2941 2969 2970 2942
f 2880 2911 2912 2881
f 3007 3027 3028 3008
f 3830 3860 3861 3831
f 2967 2993 2992 2966
f 1753 1812 1813 1754
f 3012 3034 3035 3013
f 2933 2962 2963 2934
f 1626 1690 1691 1627
f 3409 3452 3453 3410
f 185 214 215 186
f 1783 1841 1842 1784
f 1 4 3 2
f 1998 2035 2034 1997
f 2024 2057 2058 2025
f 3045 3067 3068 3046
f 1618 1682 1683 1619
f 3047 3070 3069 3049
f 714 764 765 715
f 512 551 552 514
f 271 296 297 272
f 1434 1482 1483 1436
f 1976 2014 2015 1977
f 1515 1573 1574 1516
f 1743 1803 1804 1744
f 2983 3009 3011 2985
f 2792 2825 2826 2793
f 196 225 226 197
f 2340 2379 2380 2341
f 3043 3065 3067 3045
f 488 524 523 490
f 3014 3036 3037 3015
f 706 756 757 707
f 1628 1692 1693 1629
f 2600 2637 2638 2601
f 3710 3758 3760 3711
f 2828 2860 2862 2827
f 3385 3386 3387 3332
f 3499 3563 3564 3500
f 2240 2278 2279 2239
f 3110 3137 3138 3111
f 2388 2428 2429 2387
f 2038 2069 2070 2039
f 1936 1982 1983 1937
f 1483 1542 1543 1484
f 3006 3026 3027 3007
f 1676 1677 1678 1615
f 3370 3420 3421 3372
f 1450 1494 1496 1451
f 3021 3047 3049 3023
f 3031 3055 3054 3030
f 663 706 707 664
f 2404 2444 2445 2405
f 2078 2103 2104 2079
f 2096 2114 2115 2097
f 3013 3035 3036 3014
f 2989 3015 3016 2990
f 3023 3049 3050 3024
f 2998 3018 3020 3000
f 1608 1661 1663 1610
f 412 433 434 413
f 2500 2540 2541 2501
f 1410 1446 1447 1411
f 3705 3755 3756 3706
f 1611 1664 1665 1612
f 2958 2984 2983 2957
f 2975 3001 3003 2977
f 2492 2532 2533 2493
f 287 309 310 288
f 3035 3059 3060 3036
f 2902 2933 2934 2903
f 1571 1625 1626 1572
f 2714 2747 2748 2716
f 352 373 374 353
f 753 808 809 754
f 2452 2493 2494 2453
f 1729 1730 1733 1732
f 2766 2798 2799 2767
f 1751 1811 1810 1752
f 951 990 989 950
f 856 905 906 857
f 689 691 690 646
f 2168 2170 2169 2140
f 2425 2426 2428 2388
f 2454 2495 2496 2455
f 3231 3234 3233 3232
f 805 857 858 806
f 524 564 566 523
f 1854 1907 1908 1855
f 1441 1488 1489 1442
f 2160 2188 2190 2162
f 1652 1716 1717 1653
f 1814 1873 1874 1815
f 189 218 219 190
f 759 814 815 760
f 776 831 833 778
f 1522 1579 1581 1580
f 1834 1892 1893 1835
f 3859 3885 3886 3860
f 3237 3266 3267 3238
f 3079 3102 3101 3078
f 66 96 95 68
f 535 576 577 536
f 656 702 703 659
f 2753 2784 2785 2754
f 3402 3446 3447 3403
f 1555 1608 1610 1556
f 3182 3210 3211 3183
f 2510 2553 2554 2511
f 1466 1520 1522 1521
f 3444 3519 3520 3445
f 2432 2472 2473 2433
f 339 360 361 340
f 3071 3096 3097 3072
f 1303 1330 1332 1302
f 1112 1113 1115 1114
f 2238 2240 2239 2209
f 2104 2122 2123 2105
f 2 3 6 5
f 3336 3390 3391 3338
f 1692 1756 1757 1693
f 748 749 750 701
f 1040 1072 1073 1041
f 2262 2299 2300 2263
f 3713 3762 3763 3714
f 3085 3108 3109 3086
f 3521 3585 3586 3522
f 3199 3226 3227 3200
f 939 979 980 940
f 1169 1195 1196 1170
f 3578 3636 3637 3579
f 3587 3644 3646 3589
f 1844 1899 1898 1843
f 2572 2607 2608 2573
f 1103 1143 1144 1104
f 2270 2306 2308 2272
f 3490 3491 3493 3492
f 3069 3094 3096 3071
f 2961 2987 2988 2962
f 2612 2645 2647 2614
f 764 819 820 765
f 1313 1341 1342 1314
f 2376 2414 2415 2377
f 306 328 329 307
f 2420 2460 2461 2421
f 1684 1748 1749 1685
f 3152 3154 3153 3128
f 1687 1751 1752 1688
f 2620 2655 2656 2621
f 297 319 320 298
f 2516 2558 2557 2515
f 3213 3244 3245 3214
f 3127 3155 3156 3129
f 3192 3218 3219 3193
f 2334 2371 2373 2333
f 2636 2668 2669 2637
f 2424 2427 2426 2425
f 794 795 797 796
f 3571 3629 3630 3572
f 2682 2721 2722 2683
f 3120 3146 3145 3119
f 2342 2381 2382 2343
f 2652 2678 2680 2651
f 828 879 880 829
f 1514 1572 1573 1515
f 1785 1843 1845 1787
f 1595 1651 1652 1596
f 3150 3175 3176 3151
f 3575 3633 3634 3576
f 3096 3121 3122 3097
f 1415 1451 1452 1416
f 3206 3237 3238 3207
f 738 787 788 739
f 1700 1763 1765 1702
f 3312 3355 3354 3311
f 1143 1165 1167 1144
f 2724 2756 2757 2725
f 2312 2348 2350 2311
f 614 652 653 615
f 3142 3167 3168 3143
f 3175 3199 3200 3176
f 3240 3269 3270 3241
f 1384 1385 1388 1387
f 3167 3191 3192 3168
f 3626 3684 3685 3627
f 1635 1638 1637 1636
f 2456 2497 2498 2457
f 3102 3127 3129 3101
f 3119 3145 3147 3121
f 3580 3638 3639 3581
f 519 522 521 520
f 1320 1348 1349 1321
f 2769 2801 2803 2771
f 2504 2506 2505 2466
f 3189 3217 3216 3191
f 1714 1777 1778 1715
f 3675 3731 3732 3676
f 2009 2045 2044 2008
f 1256 1287 1288 1257
f 2382 2420 2421 2383
f 3063 3088 3089 3064
f 3619 3677 3678 3620
f 3532 3595 3596 3533
f 782 840 841 784
f 1424 1459 1460 1425
f 3235 3264 3265 3236
f 857 906 907 858
f 1513 1571 1572 1514
f 2772 2804 2805 2773
f 1180 1209 1210 1181
f 3078 3101 3103 3080
f 2496 2536 2537 2497
f 3181 3209 3210 3182
f 3358 3410 3411 3359
f 3393 3437 3438 3394
f 3216 3247 3249 3218
f 2215 2247 2249 2217
f 1560 1561 1563 1503
f 1482 1541 1542 1483
f 2544 2547 2546 2545
f 3149 3174 3175 3150
f 3019 3043 3045 3018
f 3208 3239 3240 3209
f 1788 1846 1847 1789
f 2319 2356 2355 2318
f 2646 2674 2673 2645
f 2350 2390 2391 2351
f 3077 3079 3078 3055
f 2528 2570 2571 2529
f 3603 3661 3662 3604
f 3279 3313 3314 3280
f 3556 3614 3615 3557
f 1132 1156 1157 1133
f 2798 2831 2832 2799
f 2182 2210 2211 2184
f 2925 2952 2953 2926
f 3320 3363 3364 3321
f 3345 3397 3398 3346
f 3230 3259 3261 3260
f 3618 3676 3677 3619
f 964 1003 1002 963
f 992 1027 1028 993
f 2745 2776 2777 2746
f 2552 2588 2589 2553
f 2613 2646 2645 2612
f 3222 3252 3254 3224
f 3391 3435 3436 3392
f 3256 3289 3290 3257
f 2543 2579 2581 2542
f 3350 3402 3403 3351
f 601 639 638 600
f 2794 2827 2829 2796
f 1090 1130 1132 1089
f 1340 1375 1376 1341
f 105 128 129 106
f 826 877 878 827
f 3263 3297 3299 3262
f 3640 3698 3699 3641
f 1428 1463 1464 1429
f 2964 2990 2991 2965
f 217 245 246 218
f 3729 3778 3779 3730
f 3277 3311 3313 3279
f 3247 3279 3280 3249
f 708 758 759 709
f 1720 1783 1784 1721
f 2307 2346 2345 2306
f 3367 3417 3418 3368
f 2711 2712 2714 2713
f 2750 2781 2782 2751
f 2932 2961 2962 2933
f 1532 1588 1589 1533
f 2582 2620 2621 2584
f 2416 2456 2457 2417
f 3365 3415 3416 3366
f 1730 1793 1794 1733
f 3335 3336 3338 3337
f 3288 3320 3321 3289
f 3193 3219 3221 3220
f 1792 1852 1853 1791
f 1538 1594 1595 1539
f 1801 1862 1863 1802
f 2593 2630 2629 2592
f 1780 1838 1839 1781
f 1524 1525 1528 1527
f 3116 3143 3144 3117
f 2526 2568 2569 2527
f 2696 2735 2736 2697
f 3351 3403 3404 3352
f 3659 3715 3716 3660
f 3280 3314 3315 3281
f 1276 1310 1311 1277
f 2390 2431 2432 2391
f 3250 3281 3282 3251
f 2779 2813 2814 2780
f 2617 2619 2618 2583
f 1457 1510 1511 1456
f 3272 3308 3309 3273
f 2654 2682 2683 2655
f 1675 1740 1741 1677
f 1815 1874 1875 1816
f 1616 1680 1681 1617
f 2489 2529 2530 2490
f 1772 1830 1831 1773
f 1620 1684 1685 1621
f 2736 2767 2768 2737
f 1337 1372 1373 1338
f 3513 3577 3578 3514
f 3248 3277 3279 3247
f 2008 2044 2046 2010
f 2752 2783 2784 2753
f 3533 3596 3597 3534
f 3635 3693 3694 3636
f 3567 3625 3626 3568
f 3184 3212 3213 3185
f 3255 3288 3289 3256
f 2032 2064 2065 2033
f 2678 2718 2719 2680
f 3458 3528 3530 3459
f 1643 1707 1708 1644
f 3326 3369 3370 3328
f 1764 1822 1821 1763
f 3400 3444 3445 3401
f 2918 2945 2944 2917
f 3132 3159 3160 3133
f 1793 1854 1855 1794
f 3525 3589 3590 3526
f 3318 3361 3363 3320
f 1828 1886 1887 1829
f 2702 2740 2741 2703
f 2712 2746 2747 2714
f 3381 3382 3384 3383
f 3270 3306 3307 3271
f 3383 3384 3386 3385
f 3644 3702 3704 3646
f 1804 1865 1866 1805
f 2216 2248 2247 2215
f 3484 3485 3487 3486
f 1737 1797 1798 1738
f 3604 3662 3663 3605
f 2808 2843 2842 2810
f 2710 2745 2746 2712
f 3470 3471 3473 3472
f 2601 2638 2639 2602
f 3052 3073 3074 3053
f 657 700 702 656
f 2848 2880 2881 2849
f 3373 3374 3376 3375
f 3851 3877 3878 3852
f 3311 3354 3356 3313
f 3714 3763 3764 3715
f 1884 1935 1936 1885
f 3124 3150 3151 3125
f 2662 2689 2691 2664
f 2864 2894 2895 2865
f 3333 3334 3336 3335
f 3747 3796 3797 3748
f 3295 3326 3328 3327
f 3384 3429 3430 3386
f 1031 1063 1064 1032
f 3084 3107 3108 3085
f 2825 2857 2858 2826
f 3530 3592 3594 3531
f 2937 2967 2966 2939
f 3424 3426 3425 3380
f 3143 3168 3169 3144
f 2022 2055 2056 2023
f 2952 2979 2980 2953
f 3510 3574 3575 3511
f 3471 3539 3540 3473
f 3464 3535 3536 3465
f 164 165 167 136
f 2120 2144 2145 2121
f 2790 2823 2825 2792
f 2960 2986 2987 2961
f 3461 3532 3533 3462
f 1826 1884 1885 1827
f 2762 2794 2796 2764
f 2056 2084 2085 2057
f 2904 2935 2936 2906
f 3406 3451 3450 3408
f 3658 3714 3715 3659
f 1912 1962 1963 1913
f 3398 3442 3443 3399
f 1876 1928 1929 1877
f 3436 3511 3512 3437
f 2872 2902 2903 2873
f 3502 3566 3567 3503
f 3636 3694 3695 3637
f 3308 3352 3353 3309
f 3785 3827 3828 3786
f 1770 1828 1829 1771
f 3642 3700 3701 3643
f 1766 1824 1825 1767
f 3268 3304 3305 3269
f 2004 2041 2042 2005
f 2849 2881 2882 2850
f 3148 3173 3174 3149
f 786 843 844 787
f 3739 3788 3789 3740
f 3369 3419 3420 3370
f 3632 3690 3691 3633
f 2012 2048 2049 2013
f 1694 1758 1759 1695
f 649 695 696 650
f 1624 1688 1689 1625
f 1755 1814 1815 1756
f 1754 1813 1814 1755
f 3559 3617 3618 3560
f 3620 3678 3679 3621
f 1940 1986 1987 1941
f 2464 2466 2465 2427
f 1369 1409 1410 1370
f 3026 3052 3053 3027
f 1217 1245 1246 1219
f 3638 3696 3697 3639
f 2878 2909 2910 2879
f 1530 1587 1588 1532
f 3168 3192 3193 3169
f 1691 1755 1756 1692
f 2970 2996 2997 2971
f 2760 2790 2792 2759
f 2886 2917 2919 2888
f 2362 2402 2403 2363
f 3445 3520 3521 3446
f 3723 3772 3773 3724
f 1796 1857 1858 1797
f 3496 3497 3499 3498
f 2140 2169 2171 2139
f 2814 2847 2848 2815
f 3437 3512 3513 3438
f 3431 3506 3507 3432
f 3001 3021 3023 3003
f 3054 3080 3081 3056
f 3509 3573 3574 3510
f 3479 3480 3483 3482
f 2196 2225 2224 2195
f 2942 2970 2971 2943
f 810 862 863 811
f 3535 3598 3599 3536
f 1916 1966 1967 1917
f 3488 3489 3491 3490
f 1353 1395 1396 1354
f 1747 1807 1808 1748
f 2778 2812 2813 2779
f 41 57 58 42
f 2990 3016 3017 2991
f 802 854 855 803
f 1860 1913 1914 1861
f 1775 1833 1834 1776
f 3022 3048 3047 3021
f 2923 2950 2951 2924
f 1731 1791 1793 1730
f 3438 3513 3514 3439
f 2770 2802 2801 2769
f 3408 3450 3452 3409
f 360 381 382 361
f 2728 2759 2761 2730
f 3030 3054 3056 3032
f 3160 3184 3185 3161
f 3493 3560 3561 3495
f 3430 3505 3506 3431
f 336 357 356 335
f 3674 3730 3731 3675
f 3654 3710 3711 3655
f 849 898 899 850
f 2857 2888 2889 2858
f 2673 2702 2703 2675
f 3485 3556 3557 3487
f 3478 3481 3480 3479
f 1836 1894 1895 1837
f 3676 3732 3733 3677
f 3033 3057 3058 3034
f 2507 2550 2551 2508
f 2950 2977 2978 2951
f 3589 3646 3647 3590
f 1794 1855 1856 1795
f 3849 3875 3876 3850
f 3380 3425 3427 3379
f 2873 2903 2904 2874
f 3328 3370 3372 3371
f 3469 3538 3539 3471
f 3771 3813 3814 3772
f 3503 3567 3568 3504
f 3624 3682 3683 3625
f 2428 2468 2469 2429
f 3420 3462 3463 3421
f 3291 3323 3324 3292
f 3224 3254 3255 3225
f 3397 3441 3442 3398
f 2945 2973 2972 2944
f 3660 3716 3717 3661
f 1234 1263 1264 1235
f 3232 3233 3235 3205
f 3630 3688 3689 3631
f 3528 3593 3592 3530
f 2412 2452 2453 2413
f 2715 2716 2717 2679
f 2963 2989 2990 2964
f 3572 3630 3631 3573
f 1779 1837 1838 1780
f 3755 3802 3801 3756
f 3495 3561 3562 3497
f 3520 3584 3585 3521
f 2236 2270 2272 2235
f 2680 2719 2720 2681
f 710 760 761 711
f 3304 3348 3349 3305
f 3597 3655 3656 3598
f 3542 3605 3606 3544
f 3543 3544 3546 3545
f 3616 3674 3675 3617
f 1184 1213 1214 1185
f 2296 2335 2336 2295
f 3158 3182 3183 3159
f 3264 3300 3301 3265
f 2481 2521 2522 2482
f 3534 3597 3598 3535
f 3399 3443 3444 3400
f 3690 3746 3747 3691
f 2580 2613 2612 2579
f 177 205 206 178
f 3174 3198 3199 3175
f 521 560 562 561
f 3677 3733 3734 3678
f 1810 1869 1871 1812
f 3223 3253 3252 3222
f 3716 3765 3766 3717
f 3088 3111 3112 3089
f 705 755 756 706
f 1899 1949 1948 1898
f 3779 3821 3822 3780
f 1657 1721 1722 1658
f 3682 3738 3739 3683
f 392 412 413 393
f 3126 3128 3127 3102
f 3392 3436 3437 3393
f 890 933 934 891
f 3787 3829 3830 3788
f 3687 3743 3744 3688
f 3816 3846 3847 3817
f 3266 3302 3303 3267
f 3377 3380 3379 3378
f 3238 3267 3268 3239
f 465 484 485 466
f 3573 3631 3632 3574
f 431 451 450 430
f 2874 2904 2906 2905
f 3692 3748 3749 3693
f 2692 2731 2733 2694
f 750 805 806 751
f 736 785 786 737
f 3472 3473 3475 3474
f 3557 3615 3616 3558
f 3811 3841 3842 3812
f 3591 3648 3650 3649
f 3592 3652 3651 3594
f 3339 3340 3341 3298
f 3296 3298 3297 3263
f 345 366 367 346
f 3432 3507 3508 3433
f 3669 3725 3726 3670
f 3598 3656 3657 3599
f 2204 2235 2237 2206
f 3584 3642 3643 3585
f 2756 2787 2788 2757
f 3200 3227 3228 3202
f 3302 3346 3347 3303
f 3440 3515 3516 3441
f 850 899 900 851
f 3590 3647 3648 3591
f 3679 3735 3736 3680
f 3560 3618 3619 3561
f 2700 2738 2740 2702
f 2635 2667 2668 2636
f 3334 3389 3390 3336
f 1065 1098 1099 1066
f 1811 1870 1869 1810
f 3574 3632 3633 3575
f 1633 1697 1698 1634
f 3504 3568 3569 3505
f 1016 1050 1049 1018
f 3628 3686 3687 3629
f 842 891 892 843
f 3352 3404 3405 3353
f 112 139 140 111
f 1924 1973 1974 1925
f 3344 3396 3397 3345
f 3342 3394 3395 3343
f 3853 3879 3880 3854
f 3518 3582 3583 3519
f 3481 3553 3554 3480
f 3776 3818 3819 3777
f 384 404 405 385
f 3416 3458 3459 3417
f 3627 3685 3686 3628
f 3536 3599 3600 3537
f 1795 1856 1857 1796
f 3374 3422 3423 3376
f 16 26 28 27
f 3786 3828 3829 3787
f 2892 2923 2924 2893
f 3368 3418 3419 3369
f 3262 3299 3300 3264
f 3544 3606 3607 3546
f 3645 3703 3702 3644
f 161 191 192 162
f 1908 1958 1959 1909
f 181 210 212 183
f 2868 2898 2900 2870
f 3724 3773 3774 3725
f 2929 2959 2960 2931
f 953 992 993 954
f 3637 3695 3696 3638
f 3774 3816 3817 3775
f 3655 3711 3712 3656
f 37 53 54 38
f 1928 1977 1978 1929
f 3708 3759 3758 3710
f 3422 3464 3465 3423
f 3576 3634 3635 3577
f 3613 3671 3672 3614
f 1890 1941 1942 1891
f 3647 3705 3706 3648
f 3768 3810 3811 3769
f 3083 3106 3107 3084
f 3568 3626 3627 3569
f 1778 1836 1837 1779
f 3600 3658 3659 3601
f 2465 2507 2508 2467
f 3670 3726 3727 3671
f 3623 3681 3682 3624
f 284 306 307 285
f 133 136 135 134
f 3466 3467 3469 3468
f 3512 3576 3577 3513
f 3608 3666 3667 3609
f 3766 3808 3809 3767
f 3433 3508 3509 3434
f 3730 3779 3780 3731
f 3036 3060 3061 3037
f 3480 3554 3555 3483
f 3494 3495 3497 3496
f 3684 3740 3741 3685
f 1843 1898 1900 1845
f 3025 3051 3052 3026
f 1964 2005 2006 1965
f 3812 3842 3843 3813
f 2852 2884 2885 2853
f 622 666 667 623
f 3446 3521 3522 3447
f 3552 3610 3611 3553
f 1835 1893 1894 1836
f 36 52 53 37
f 809 861 862 810
f 3772 3814 3815 3773
f 3244 3273 3274 3245
f 3688 3744 3745 3689
f 3462 3533 3534 3463
f 2443 2484 2485 2444
f 3845 3871 3872 3846
f 3473 3540 3541 3475
f 8 14 16 15
f 3792 3834 3835 3793
f 3212 3243 3244 3213
f 153 183 184 154
f 1433 1435 1434 1400
f 2241 2280 2281 2242
f 1827 1885 1886 1828
f 95 118 120 97
f 1948 1992 1994 1950
f 3780 3822 3823 3781
f 3172 3196 3197 3173
f 3844 3870 3871 3845
f 321 345 346 322
f 3672 3728 3729 3673
f 3725 3774 3775 3726
f 20 34 36 19
f 3550 3609 3610 3552
f 3316 3359 3360 3317
f 5 6 8 7
f 3558 3616 3617 3559
f 3712 3761 3762 3713
f 3717 3766 3767 3718
f 3734 3783 3784 3735
f 3727 3776 3777 3728
f 3728 3777 3778 3729
f 2896 2927 2928 2897
f 13 24 25 14
f 409 430 432 411
f 3788 3830 3831 3789
f 3837 3865 3864 3839
f 3726 3775 3776 3727
f 3719 3768 3769 3720
f 3720 3769 3770 3721
f 3396 3440 3441 3397
f 913 952 953 914
f 761 816 817 762
f 3736 3785 3786 3737
f 874 918 919 875
f 3702 3754 3753 3704
f 3425 3501 3502 3427
f 3680 3736 3737 3681
f 3364 3414 3415 3365
f 3656 3712 3713 3657
f 3819 3849 3850 3820
f 3744 3793 3794 3745
f 1883 1934 1935 1884
f 1866 1919 1920 1867
f 135 168 169 138
f 21 37 38 22
f 2336 2375 2376 2337
f 3855 3881 3882 3856
f 3784 3826 3827 3785
f 2406 2446 2447 2407
f 69 97 98 70
f 3606 3664 3665 3607
f 1865 1918 1919 1866
f 866 912 911 868
f 68 95 97 69
f 2850 2882 2883 2851
f 3808 3837 3839 3809
f 2252 2291 2292 2253
f 77 105 106 78
f 1802 1863 1864 1803
f 26 42 43 28
f 590 627 628 591
f 1858 1911 1912 1859
f 3783 3825 3826 3784
f 3648 3706 3707 3650
f 1076 1078 1077 1043
f 34 50 52 36
f 3622 3680 3681 3623
f 29 30 32 31
f 1859 1912 1913 1860
f 52 68 69 53
f 2842 2876 2875 2844
f 3824 3854 3855 3825
f 3813 3843 3844 3814
f 328 351 352 329
f 3832 3862 3863 3833
f 2403 2443 2444 2404
f 27 28 30 29
f 3566 3624 3625 3567
f 10 22 23 12
f 3789 3831 3832 3790
f 60 76 77 61
f 1980 2017 2019 1982
f 3840 3866 3867 3841
f 3668 3724 3725 3669
f 42 58 59 43
f 2953 2980 2981 2954
f 3778 3820 3821 3779
f 3765 3807 3808 3766
f 3822 3852 3853 3823
f 3831 3861 3862 3832
f 3080 3103 3104 3081
f 998 1033 1034 999
f 797 851 852 799
f 2002 2039 2040 2003
f 18 19 21 11
f 3685 3741 3742 3686
f 3856 3882 3883 3857
