# exported by blender_batch_chars_to_s.py fallback
v 0.903774 -0.020489 0.000000
v 0.907007 -0.020521 0.000000
v 0.909539 -0.025472 0.000000
v 0.903603 -0.025222 0.000000
v 0.910372 -0.032855 0.031512
v 0.903762 -0.032358 0.000000
v 0.916045 -0.027943 0.000000
v 0.919516 -0.033491 0.000000
v 0.910879 -0.040636 0.000000
v 0.904699 -0.037767 0.000000
v 0.920044 -0.041056 0.056315
v 0.929327 -0.035546 0.000000
v 0.929889 -0.041365 0.057839
v 0.935961 -0.036635 0.000000
v 0.938992 -0.041842 0.000000
v 0.920369 -0.049220 0.071330
v 0.913141 -0.049183 0.000000
v 0.929995 -0.049243 0.084162
v 0.939574 -0.049313 0.060703
v 0.945341 -0.044329 0.000000
v 0.946665 -0.049772 0.000000
v 0.920416 -0.057422 0.075352
v 0.913487 -0.057422 0.000000
v 0.930023 -0.057424 0.094255
v 0.939916 -0.057453 0.076755
v 0.949106 -0.057844 0.000000
v 0.920371 -0.065627 0.076753
v 0.913138 -0.065661 0.000000
v 0.930024 -0.065625 0.099085
v 0.939972 -0.065628 0.092006
v 0.949583 -0.065691 0.061885
v 0.955359 -0.060680 0.000000
v 0.956670 -0.066174 0.000000
v 0.920079 -0.073855 0.080253
v 0.910817 -0.074216 0.000000
v 0.930004 -0.073829 0.102214
v 0.939996 -0.073829 0.100467
v 0.949919 -0.073859 0.077580
v 0.959169 -0.074252 0.000000
v 0.904059 -0.077117 0.000000
v 0.910124 -0.082112 0.065228
v 0.901009 -0.082803 0.000000
v 0.920007 -0.082035 0.094211
v 0.930000 -0.082031 0.107529
v 0.940000 -0.082031 0.107248
v 0.949993 -0.082035 0.093930
v 0.959876 -0.082113 0.065174
v 0.965940 -0.077119 0.000000
v 0.968991 -0.082803 0.000000
v 0.894659 -0.085340 0.000000
v 0.900427 -0.090326 0.061384
v 0.893332 -0.090787 0.000000
v 0.910030 -0.090241 0.090752
v 0.920001 -0.090235 0.106020
v 0.930000 -0.090234 0.114162
v 0.940000 -0.090234 0.114127
v 0.949999 -0.090235 0.105994
v 0.959970 -0.090241 0.090737
v 0.969573 -0.090326 0.061364
v 0.975341 -0.085340 0.000000
v 0.976665 -0.090787 0.000000
v 0.584030 -0.094104 0.000000
v 0.590631 -0.093317 0.000000
v 0.590109 -0.098830 0.060260
v 0.580941 -0.099269 0.000000
v 0.600058 -0.093174 0.000000
v 0.600006 -0.098787 0.071719
v 0.610003 -0.093160 0.000000
v 0.610000 -0.098784 0.073562
v 0.620000 -0.093159 0.000000
v 0.620000 -0.098784 0.073709
v 0.629997 -0.093160 0.000000
v 0.630000 -0.098784 0.073563
v 0.639942 -0.093174 0.000000
v 0.639995 -0.098786 0.071743
v 0.649374 -0.093316 0.000000
v 0.649922 -0.098823 0.060685
v 0.656031 -0.094089 0.000000
v 0.659486 -0.099174 0.000000
v 0.900082 -0.098469 0.077793
v 0.890831 -0.098861 0.000000
v 0.910004 -0.098439 0.102582
v 0.920000 -0.098438 0.114736
v 0.930000 -0.098438 0.121751
v 0.940000 -0.098438 0.121671
v 0.950000 -0.098438 0.114602
v 0.959996 -0.098439 0.102389
v 0.969915 -0.098469 0.077468
v 0.979102 -0.098859 0.000000
v 0.574012 -0.101768 0.000000
v 0.580099 -0.106743 0.064866
v 0.570520 -0.107322 0.000000
v 0.590008 -0.106668 0.089829
v 0.600000 -0.106663 0.098513
v 0.610000 -0.106663 0.100145
v 0.620000 -0.106663 0.100312
v 0.630000 -0.106663 0.100153
v 0.640000 -0.106663 0.098670
v 0.649996 -0.106666 0.091653
v 0.659963 -0.106710 0.075832
v 0.669331 -0.101172 0.000000
v 0.669919 -0.106983 0.061193
v 0.676028 -0.102244 0.000000
v 0.679482 -0.107374 0.000000
v 0.884055 -0.101729 0.000000
v 0.890121 -0.106722 0.065260
v 0.880946 -0.107415 0.000000
v 0.900007 -0.106645 0.094300
v 0.910000 -0.106641 0.110302
v 0.920000 -0.106641 0.121572
v 0.930000 -0.106641 0.129146
v 0.940000 -0.106641 0.128528
v 0.950000 -0.106641 0.120427
v 0.959999 -0.106641 0.108622
v 0.969969 -0.106644 0.091330
v 0.979528 -0.106700 0.058962
v 0.985299 -0.101689 0.000000
v 0.986225 -0.107107 0.000000
v 0.554621 -0.110431 0.000000
v 0.560758 -0.109371 0.000000
v 0.560409 -0.115179 0.057536
v 0.553329 -0.115465 0.000000
v 0.570060 -0.114910 0.075341
v 0.580006 -0.114850 0.093089
v 0.590000 -0.114845 0.105457
v 0.600000 -0.114845 0.112028
v 0.610000 -0.114845 0.113861
v 0.620000 -0.114845 0.114113
v 0.630000 -0.114845 0.113891
v 0.640000 -0.114845 0.112264
v 0.650000 -0.114845 0.107097
v 0.659999 -0.114847 0.100206
v 0.669995 -0.114867 0.091759
v 0.679941 -0.114913 0.075183
v 0.689242 -0.109374 0.000000
v 0.689591 -0.115179 0.057523
v 0.695379 -0.110431 0.000000
v 0.696668 -0.115465 0.000000
v 0.874074 -0.109983 0.000000
v 0.880131 -0.114951 0.064619
v 0.870947 -0.115621 0.000000
v 0.890009 -0.114851 0.091439
v 0.900000 -0.114844 0.106442
v 0.910000 -0.114844 0.117073
v 0.920000 -0.114844 0.127204
v 0.930000 -0.114844 0.134468
v 0.940000 -0.114844 0.131787
v 0.950000 -0.114844 0.121927
v 0.959999 -0.114844 0.109228
v 0.969969 -0.114841 0.091615
v 0.979529 -0.114785 0.059013
v 0.986225 -0.114378 0.000000
v 0.560081 -0.123096 0.076457
v 0.550831 -0.123474 0.000000
v 0.570005 -0.123051 0.096952
v 0.580000 -0.123047 0.107228
v 0.590000 -0.123047 0.115310
v 0.600000 -0.123047 0.121607
v 0.610000 -0.123047 0.124101
v 0.620000 -0.123047 0.124610
v 0.630000 -0.123047 0.124357
v 0.640000 -0.123047 0.122407
v 0.650000 -0.123047 0.117756
v 0.660000 -0.123047 0.113058
v 0.670000 -0.123048 0.106738
v 0.679995 -0.123051 0.096889
v 0.689916 -0.123096 0.076386
v 0.699102 -0.123472 0.000000
v 0.864079 -0.118186 0.000000
v 0.870134 -0.123154 0.064547
v 0.861014 -0.123822 0.000000
v 0.880010 -0.123055 0.091369
v 0.890000 -0.123047 0.105996
v 0.900000 -0.123047 0.115734
v 0.910000 -0.123047 0.124418
v 0.920000 -0.123047 0.132777
v 0.930000 -0.123047 0.137163
v 0.940000 -0.123047 0.131135
v 0.950000 -0.123047 0.120120
v 0.959996 -0.123046 0.105817
v 0.969917 -0.123020 0.080121
v 0.979115 -0.122659 0.000000
v 0.985300 -0.119798 0.000000
v 0.544055 -0.126338 0.000000
v 0.550121 -0.131332 0.065229
v 0.540943 -0.132023 0.000000
v 0.560007 -0.131255 0.093931
v 0.570000 -0.131250 0.108197
v 0.580000 -0.131250 0.116135
v 0.590000 -0.131250 0.122076
v 0.600000 -0.131250 0.127419
v 0.610000 -0.131250 0.130177
v 0.620000 -0.131250 0.131257
v 0.630000 -0.131250 0.131898
v 0.640000 -0.131250 0.130970
v 0.650000 -0.131250 0.127357
v 0.660000 -0.131250 0.122951
v 0.670000 -0.131250 0.116682
v 0.679999 -0.131250 0.108182
v 0.689969 -0.131254 0.093165
v 0.699531 -0.131314 0.061561
v 0.705301 -0.126302 0.000000
v 0.706243 -0.131764 0.000000
v 0.854718 -0.126353 0.000000
v 0.860479 -0.131339 0.060948
v 0.853756 -0.131768 0.000000
v 0.870034 -0.131257 0.090600
v 0.880001 -0.131250 0.105852
v 0.890000 -0.131250 0.115654
v 0.900000 -0.131250 0.124117
v 0.910000 -0.131250 0.131989
v 0.920000 -0.131250 0.137250
v 0.930000 -0.131250 0.135867
v 0.940000 -0.131250 0.127123
v 0.949999 -0.131250 0.115985
v 0.959975 -0.131250 0.102062
v 0.969627 -0.131244 0.074642
v 0.976838 -0.131167 0.000000
v 0.534012 -0.134577 0.000000
v 0.540100 -0.139553 0.065045
v 0.530516 -0.140135 0.000000
v 0.550008 -0.139460 0.091446
v 0.560000 -0.139453 0.106196
v 0.570000 -0.139453 0.115272
v 0.580000 -0.139453 0.120515
v 0.590000 -0.139453 0.122303
v 0.600000 -0.139453 0.123773
v 0.610000 -0.139453 0.124987
v 0.620000 -0.139453 0.127162
v 0.630000 -0.139453 0.131204
v 0.640000 -0.139453 0.135222
v 0.650000 -0.139453 0.135396
v 0.660000 -0.139453 0.131883
v 0.670000 -0.139453 0.125054
v 0.679999 -0.139453 0.115443
v 0.689972 -0.139453 0.101905
v 0.699575 -0.139457 0.074225
v 0.706416 -0.139501 0.000000
v 0.860422 -0.139458 0.074194
v 0.853545 -0.139503 0.000000
v 0.870027 -0.139453 0.101520
v 0.880001 -0.139453 0.114536
v 0.890000 -0.139453 0.123836
v 0.900000 -0.139453 0.132203
v 0.910000 -0.139453 0.138638
v 0.920000 -0.139453 0.139226
v 0.930000 -0.139453 0.132444
v 0.940000 -0.139453 0.122154
v 0.949999 -0.139453 0.110239
v 0.959969 -0.139450 0.093533
v 0.969534 -0.139389 0.061620
v 0.976282 -0.138938 0.000000
v 0.414699 -0.143218 0.000000
v 0.420667 -0.142540 0.000000
v 0.420509 -0.147945 0.041619
v 0.413949 -0.147730 0.000000
v 0.429438 -0.142549 0.000000
v 0.429959 -0.148036 0.051388
v 0.436039 -0.143308 0.000000
v 0.439531 -0.148381 0.000000
v 0.513968 -0.143259 0.000000
v 0.520669 -0.142185 0.000000
v 0.520079 -0.147998 0.061235
v 0.510471 -0.148378 0.000000
v 0.530037 -0.147723 0.076003
v 0.540005 -0.147662 0.093206
v 0.550000 -0.147656 0.105971
v 0.560000 -0.147656 0.114338
v 0.570000 -0.147656 0.118001
v 0.580000 -0.147656 0.116672
v 0.590000 -0.147656 0.114558
v 0.600000 -0.147656 0.114209
v 0.610000 -0.147656 0.114981
v 0.620000 -0.147656 0.118302
v 0.630000 -0.147656 0.124712
v 0.640000 -0.147656 0.132765
v 0.650000 -0.147656 0.138908
v 0.660000 -0.147656 0.138704
v 0.670000 -0.147656 0.131036
v 0.679999 -0.147656 0.119754
v 0.689973 -0.147656 0.104923
v 0.699577 -0.147656 0.076831
v 0.706434 -0.147659 0.000000
v 0.860371 -0.147659 0.077260
v 0.853141 -0.147694 0.000000
v 0.870025 -0.147656 0.104984
v 0.880001 -0.147656 0.119550
v 0.890000 -0.147656 0.130465
v 0.900000 -0.147656 0.138999
v 0.910000 -0.147656 0.142436
v 0.920000 -0.147656 0.137678
v 0.930000 -0.147656 0.127682
v 0.940000 -0.147656 0.116476
v 0.949996 -0.147655 0.103059
v 0.959915 -0.147626 0.077790
v 0.969103 -0.147235 0.000000
v 0.975304 -0.144401 0.000000
v 0.421013 -0.155113 0.000000
v 0.414745 -0.152631 0.000000
v 0.430098 -0.155806 0.055653
v 0.439972 -0.155923 0.068388
v 0.449957 -0.150235 0.000000
v 0.449997 -0.156164 0.072796
v 0.459998 -0.150549 0.000000
v 0.460000 -0.156203 0.073623
v 0.470000 -0.150579 0.000000
v 0.470000 -0.156206 0.073716
v 0.480000 -0.150579 0.000000
v 0.480000 -0.156206 0.073722
v 0.490002 -0.150549 0.000000
v 0.490000 -0.156203 0.073754
v 0.500044 -0.150235 0.000000
v 0.500003 -0.156164 0.074232
v 0.510033 -0.155927 0.077811
v 0.520004 -0.155883 0.091978
v 0.530001 -0.155863 0.100241
v 0.540000 -0.155860 0.107522
v 0.550000 -0.155859 0.114617
v 0.560000 -0.155859 0.118479
v 0.570000 -0.155859 0.115206
v 0.580000 -0.155859 0.108105
v 0.589999 -0.155857 0.101973
v 0.600000 -0.155841 0.100681
v 0.610001 -0.155857 0.102012
v 0.620000 -0.155859 0.108397
v 0.630000 -0.155859 0.117318
v 0.640000 -0.155859 0.127574
v 0.650000 -0.155859 0.137140
v 0.660000 -0.155859 0.141044
v 0.670000 -0.155859 0.133412
v 0.679999 -0.155859 0.121101
v 0.689973 -0.155859 0.105534
v 0.699577 -0.155859 0.077132
v 0.706435 -0.155859 0.000000
v 0.860079 -0.155886 0.080746
v 0.850817 -0.156247 0.000000
v 0.870004 -0.155860 0.106616
v 0.880000 -0.155859 0.121535
v 0.890000 -0.155859 0.133473
v 0.900000 -0.155859 0.141128
v 0.910000 -0.155859 0.140054
v 0.920000 -0.155859 0.133379
v 0.930000 -0.155859 0.123177
v 0.939999 -0.155859 0.110862
v 0.949972 -0.155856 0.093935
v 0.959583 -0.155795 0.062077
v 0.966666 -0.155311 0.000000
v 0.430505 -0.163703 0.000000
v 0.424016 -0.160778 0.000000
v 0.440034 -0.164041 0.075579
v 0.450001 -0.164082 0.094776
v 0.460000 -0.164085 0.099532
v 0.470000 -0.164085 0.100258
v 0.480000 -0.164085 0.100308
v 0.490000 -0.164085 0.100309
v 0.500000 -0.164083 0.100463
v 0.510001 -0.164066 0.101824
v 0.520000 -0.164063 0.107229
v 0.530000 -0.164063 0.112610
v 0.540000 -0.164062 0.116181
v 0.550000 -0.164062 0.118933
v 0.560000 -0.164062 0.117979
v 0.570000 -0.164062 0.109852
v 0.579997 -0.164060 0.096252
v 0.589977 -0.164026 0.078651
v 0.600000 -0.163805 0.074880
v 0.610023 -0.164026 0.078655
v 0.620003 -0.164060 0.096311
v 0.630000 -0.164062 0.110541
v 0.640000 -0.164062 0.122207
v 0.650000 -0.164062 0.132576
v 0.660000 -0.164062 0.138848
v 0.670000 -0.164062 0.133153
v 0.679999 -0.164062 0.121211
v 0.689973 -0.164062 0.105595
v 0.699577 -0.164062 0.077151
v 0.706435 -0.164062 0.000000
v 0.844059 -0.159148 0.000000
v 0.850124 -0.164143 0.065249
v 0.841013 -0.164835 0.000000
v 0.860008 -0.164067 0.094616
v 0.870000 -0.164063 0.111049
v 0.880000 -0.164062 0.123548
v 0.890000 -0.164062 0.133748
v 0.900000 -0.164062 0.137177
v 0.910000 -0.164062 0.132841
v 0.920000 -0.164062 0.126484
v 0.930000 -0.164062 0.118620
v 0.939996 -0.164061 0.105738
v 0.949918 -0.164036 0.080362
v 0.959120 -0.163675 0.000000
v 0.965360 -0.160807 0.000000
v 0.440035 -0.172291 0.080300
v 0.430501 -0.172625 0.000000
v 0.450001 -0.172267 0.103405
v 0.460000 -0.172266 0.111702
v 0.470000 -0.172266 0.113707
v 0.480000 -0.172266 0.113796
v 0.490000 -0.172266 0.113643
v 0.500000 -0.172266 0.113636
v 0.510000 -0.172266 0.114246
v 0.520000 -0.172266 0.116713
v 0.530000 -0.172266 0.119702
v 0.540000 -0.172266 0.119197
v 0.550000 -0.172266 0.116124
v 0.560000 -0.172266 0.111818
v 0.569997 -0.172264 0.101998
v 0.579951 -0.172243 0.078188
v 0.589644 -0.171973 0.000000
v 0.600000 -0.170105 0.000000
v 0.610356 -0.171973 0.000000
v 0.620049 -0.172244 0.078317
v 0.630003 -0.172265 0.103092
v 0.640000 -0.172266 0.116461
v 0.650000 -0.172266 0.127406
v 0.660000 -0.172266 0.135294
v 0.670000 -0.172266 0.132208
v 0.679999 -0.172266 0.121096
v 0.689973 -0.172266 0.105589
v 0.699577 -0.172266 0.077152
v 0.706435 -0.172266 0.000000
v 0.834715 -0.167369 0.000000
v 0.840475 -0.172355 0.060978
v 0.833719 -0.172785 0.000000
v 0.850033 -0.172272 0.090670
v 0.860001 -0.172266 0.106320
v 0.870000 -0.172266 0.117052
v 0.880000 -0.172266 0.126912
v 0.890000 -0.172266 0.133290
v 0.900000 -0.172266 0.131195
v 0.910000 -0.172266 0.124475
v 0.920000 -0.172266 0.117837
v 0.929999 -0.172266 0.111818
v 0.939975 -0.172265 0.101047
v 0.949626 -0.172258 0.074534
v 0.956838 -0.172182 0.000000
v 0.423949 -0.175537 0.000000
v 0.430068 -0.180540 0.065786
v 0.420517 -0.181147 0.000000
v 0.440004 -0.180472 0.094551
v 0.450000 -0.180469 0.110247
v 0.460000 -0.180469 0.119639
v 0.470000 -0.180469 0.122869
v 0.480000 -0.180469 0.122088
v 0.490000 -0.180469 0.120777
v 0.500000 -0.180469 0.120107
v 0.510000 -0.180469 0.120074
v 0.520000 -0.180469 0.120425
v 0.530000 -0.180469 0.119828
v 0.540000 -0.180469 0.114825
v 0.550000 -0.180469 0.107525
v 0.559998 -0.180466 0.099996
v 0.569970 -0.180444 0.089311
v 0.579576 -0.180375 0.061253
v 0.586712 -0.179928 0.000000
v 0.620414 -0.180405 0.062117
v 0.613287 -0.179932 0.000000
v 0.630028 -0.180465 0.093959
v 0.640001 -0.180469 0.110955
v 0.650000 -0.180469 0.123438
v 0.660000 -0.180469 0.132633
v 0.670000 -0.180469 0.131497
v 0.679999 -0.180469 0.121003
v 0.689973 -0.180469 0.105583
v 0.699577 -0.180469 0.077151
v 0.706435 -0.180469 0.000000
v 0.840374 -0.180476 0.074597
v 0.833162 -0.180552 0.000000
v 0.850025 -0.180469 0.101626
v 0.860001 -0.180469 0.114583
v 0.870000 -0.180469 0.123619
v 0.880000 -0.180469 0.130128
v 0.890000 -0.180469 0.130415
v 0.900000 -0.180469 0.124065
v 0.910000 -0.180469 0.115922
v 0.920000 -0.180469 0.107747
v 0.929998 -0.180466 0.099985
v 0.939967 -0.180444 0.089208
v 0.949525 -0.180377 0.060812
v 0.956281 -0.179949 0.000000
v 0.404679 -0.184256 0.000000
v 0.410763 -0.183199 0.000000
v 0.410461 -0.189005 0.057061
v 0.403755 -0.189258 0.000000
v 0.420062 -0.188738 0.075069
v 0.430005 -0.188677 0.092930
v 0.440000 -0.188672 0.106329
v 0.450000 -0.188672 0.116590
v 0.460000 -0.188672 0.124996
v 0.470000 -0.188672 0.126914
v 0.480000 -0.188672 0.122259
v 0.490000 -0.188672 0.117127
v 0.500000 -0.188672 0.114283
v 0.510000 -0.188671 0.113666
v 0.520000 -0.188672 0.113752
v 0.530000 -0.188672 0.113046
v 0.540000 -0.188672 0.105975
v 0.549995 -0.188667 0.093229
v 0.559962 -0.188605 0.075975
v 0.569885 -0.188322 0.060719
v 0.578992 -0.187845 0.000000
v 0.585344 -0.185360 0.000000
v 0.620880 -0.188286 0.000000
v 0.614636 -0.185417 0.000000
v 0.630082 -0.188645 0.080704
v 0.640004 -0.188671 0.106662
v 0.650000 -0.188672 0.121448
v 0.660000 -0.188672 0.131424
v 0.670000 -0.188672 0.131188
v 0.679999 -0.188672 0.120965
v 0.689973 -0.188672 0.105581
v 0.699577 -0.188672 0.077151
v 0.706435 -0.188672 0.000000
v 0.840082 -0.188699 0.080379
v 0.830881 -0.189060 0.000000
v 0.850004 -0.188673 0.105923
v 0.860000 -0.188672 0.119603
v 0.870000 -0.188672 0.128353
v 0.880000 -0.188672 0.131036
v 0.890000 -0.188672 0.126220
v 0.900000 -0.188672 0.116984
v 0.910000 -0.188672 0.106607
v 0.919995 -0.188667 0.093287
v 0.929962 -0.188605 0.075975
v 0.939885 -0.188322 0.060713
v 0.948988 -0.187845 0.000000
v 0.955285 -0.185362 0.000000
v 0.410425 -0.196897 0.072293
v 0.403584 -0.196925 0.000000
v 0.420029 -0.196878 0.094316
v 0.430001 -0.196875 0.104765
v 0.440000 -0.196875 0.113560
v 0.450000 -0.196875 0.121727
v 0.460000 -0.196875 0.127794
v 0.470000 -0.196875 0.125313
v 0.480000 -0.196875 0.116905
v 0.490000 -0.196875 0.108291
v 0.499999 -0.196873 0.101960
v 0.510000 -0.196857 0.100603
v 0.520001 -0.196872 0.101311
v 0.530000 -0.196874 0.102943
v 0.539994 -0.196871 0.092950
v 0.549910 -0.196801 0.065544
v 0.559485 -0.196196 0.000000
v 0.569326 -0.194142 0.000000
v 0.575961 -0.193053 0.000000
v 0.630371 -0.196873 0.077582
v 0.623143 -0.196839 0.000000
v 0.640025 -0.196875 0.105691
v 0.650001 -0.196875 0.121011
v 0.660000 -0.196875 0.131154
v 0.670000 -0.196875 0.131126
v 0.679999 -0.196875 0.120959
v 0.689973 -0.196875 0.105580
v 0.699577 -0.196875 0.077151
v 0.706435 -0.196875 0.000000
v 0.824640 -0.191927 0.000000
v 0.830417 -0.196940 0.062077
v 0.823334 -0.197424 0.000000
v 0.840028 -0.196878 0.093925
v 0.850001 -0.196875 0.110691
v 0.860000 -0.196875 0.121784
v 0.870000 -0.196875 0.127415
v 0.880000 -0.196875 0.126017
v 0.890000 -0.196875 0.120371
v 0.900000 -0.196875 0.110345
v 0.909994 -0.196871 0.094558
v 0.919911 -0.196802 0.065741
v 0.929485 -0.196196 0.000000
v 0.939326 -0.194142 0.000000
v 0.945961 -0.193053 0.000000
v 0.410425 -0.205056 0.072293
v 0.403584 -0.205029 0.000000
v 0.420029 -0.205075 0.094316
v 0.430001 -0.205078 0.104761
v 0.440000 -0.205078 0.113505
v 0.450000 -0.205078 0.121384
v 0.460000 -0.205078 0.126435
v 0.470000 -0.205078 0.121987
v 0.480000 -0.205078 0.111032
v 0.489998 -0.205076 0.096616
v 0.499977 -0.205042 0.078705
v 0.510001 -0.204819 0.074787
v 0.520033 -0.205013 0.077387
v 0.530000 -0.205052 0.087438
v 0.539919 -0.205027 0.074829
v 0.549173 -0.204652 0.000000
v 0.556007 -0.201802 0.000000
v 0.630419 -0.205078 0.077179
v 0.623526 -0.205076 0.000000
v 0.640027 -0.205078 0.105586
v 0.650001 -0.205078 0.120962
v 0.660000 -0.205078 0.131122
v 0.670000 -0.205078 0.131120
v 0.679999 -0.205078 0.120959
v 0.689973 -0.205078 0.105580
v 0.699577 -0.205078 0.077151
v 0.706435 -0.205078 0.000000
v 0.830085 -0.205109 0.077792
v 0.820894 -0.205500 0.000000
v 0.840004 -0.205079 0.102981
v 0.850000 -0.205078 0.115572
v 0.860000 -0.205078 0.122452
v 0.870000 -0.205078 0.122334
v 0.880000 -0.205078 0.117714
v 0.890000 -0.205078 0.112550
v 0.899996 -0.205076 0.103475
v 0.909924 -0.205051 0.080048
v 0.919216 -0.204693 0.000000
v 0.926010 -0.201805 0.000000
v 0.410461 -0.212948 0.057061
v 0.403755 -0.212695 0.000000
v 0.420062 -0.213215 0.075065
v 0.430006 -0.213275 0.092862
v 0.440000 -0.213281 0.105859
v 0.450000 -0.213281 0.115101
v 0.460000 -0.213281 0.121075
v 0.470000 -0.213281 0.118822
v 0.479998 -0.213281 0.106364
v 0.489954 -0.213263 0.081202
v 0.499658 -0.213023 0.000000
v 0.510013 -0.211086 0.000000
v 0.520468 -0.212581 0.000000
v 0.530049 -0.212896 0.058163
v 0.539599 -0.212901 0.055054
v 0.546672 -0.212655 0.000000
v 0.630423 -0.213281 0.077152
v 0.623563 -0.213281 0.000000
v 0.640027 -0.213281 0.105581
v 0.650001 -0.213281 0.120959
v 0.660000 -0.213281 0.131120
v 0.670000 -0.213281 0.131120
v 0.679999 -0.213281 0.120959
v 0.689973 -0.213281 0.105580
v 0.699577 -0.213281 0.077151
v 0.706435 -0.213281 0.000000
v 0.814641 -0.208336 0.000000
v 0.820418 -0.213347 0.062023
v 0.813334 -0.213830 0.000000
v 0.830029 -0.213285 0.093612
v 0.840001 -0.213281 0.109908
v 0.850000 -0.213281 0.119211
v 0.860000 -0.213281 0.120441
v 0.870000 -0.213281 0.115320
v 0.880000 -0.213281 0.107831
v 0.889998 -0.213278 0.101120
v 0.899978 -0.213263 0.094636
v 0.909682 -0.213278 0.073356
v 0.917284 -0.213281 0.000000
v 0.410763 -0.218754 0.000000
v 0.404679 -0.217697 0.000000
v 0.420521 -0.220803 0.000000
v 0.430100 -0.221385 0.065022
v 0.440008 -0.221478 0.091435
v 0.450000 -0.221484 0.106229
v 0.460000 -0.221484 0.115100
v 0.469999 -0.221484 0.116837
v 0.479975 -0.221484 0.105160
v 0.489632 -0.221483 0.077584
v 0.496905 -0.221461 0.000000
v 0.530563 -0.218388 0.000000
v 0.523961 -0.217631 0.000000
v 0.539343 -0.218389 0.000000
v 0.545387 -0.217645 0.000000
v 0.630423 -0.221484 0.077151
v 0.623565 -0.221484 0.000000
v 0.640027 -0.221484 0.105580
v 0.650001 -0.221484 0.120959
v 0.660000 -0.221484 0.131120
v 0.670000 -0.221484 0.131120
v 0.679999 -0.221484 0.120959
v 0.689973 -0.221484 0.105580
v 0.699577 -0.221484 0.077151
v 0.706435 -0.221484 0.000000
v 0.820085 -0.221515 0.077788
v 0.810894 -0.221906 0.000000
v 0.830004 -0.221485 0.102928
v 0.840000 -0.221484 0.115205
v 0.850000 -0.221484 0.120572
v 0.860000 -0.221484 0.115852
v 0.870000 -0.221484 0.106482
v 0.879995 -0.221479 0.093428
v 0.889967 -0.221422 0.077755
v 0.899996 -0.221224 0.071761
v 0.909957 -0.221449 0.058377
v 0.919220 -0.221865 0.000000
v 0.430943 -0.228914 0.000000
v 0.424012 -0.226361 0.000000
v 0.440121 -0.229607 0.065311
v 0.450007 -0.229684 0.094517
v 0.460000 -0.229687 0.109821
v 0.469999 -0.229687 0.115519
v 0.479973 -0.229687 0.104900
v 0.489584 -0.229688 0.077160
v 0.496515 -0.229688 0.000000
v 0.630423 -0.229687 0.077151
v 0.623565 -0.229687 0.000000
v 0.640027 -0.229687 0.105580
v 0.650001 -0.229687 0.120959
v 0.660000 -0.229687 0.131120
v 0.670000 -0.229687 0.131120
v 0.679999 -0.229687 0.120959
v 0.689973 -0.229687 0.105580
v 0.699577 -0.229687 0.077151
v 0.706435 -0.229687 0.000000
v 0.804641 -0.224742 0.000000
v 0.810418 -0.229753 0.062022
v 0.803334 -0.230236 0.000000
v 0.820029 -0.229691 0.093592
v 0.830001 -0.229688 0.109727
v 0.840000 -0.229687 0.118458
v 0.850000 -0.229687 0.118761
v 0.860000 -0.229687 0.109930
v 0.869994 -0.229684 0.094299
v 0.879912 -0.229615 0.065718
v 0.889530 -0.229044 0.000000
v 0.900000 -0.227460 0.000000
v 0.910464 -0.229048 0.000000
v 0.919999 -0.229689 0.034976
v 0.926010 -0.224757 0.000000
v 0.929487 -0.230362 0.000000
v 0.440817 -0.237503 0.000000
v 0.434054 -0.234602 0.000000
v 0.450079 -0.237864 0.080705
v 0.460004 -0.237890 0.105802
v 0.469999 -0.237891 0.114791
v 0.479975 -0.237891 0.104912
v 0.489629 -0.237893 0.077533
v 0.496862 -0.237926 0.000000
v 0.630423 -0.237891 0.077151
v 0.623565 -0.237891 0.000000
v 0.640027 -0.237891 0.105580
v 0.650001 -0.237891 0.120958
v 0.660000 -0.237891 0.131117
v 0.670000 -0.237891 0.131119
v 0.679999 -0.237891 0.120959
v 0.689973 -0.237891 0.105580
v 0.699577 -0.237891 0.077151
v 0.706435 -0.237891 0.000000
v 0.810085 -0.237921 0.077775
v 0.800894 -0.238312 0.000000
v 0.820004 -0.237892 0.102775
v 0.830000 -0.237891 0.114366
v 0.840000 -0.237891 0.118388
v 0.850000 -0.237891 0.114037
v 0.859996 -0.237889 0.102513
v 0.869918 -0.237859 0.077791
v 0.879173 -0.237468 0.000000
v 0.886010 -0.234617 0.000000
v 0.920807 -0.237509 0.000000
v 0.913989 -0.234620 0.000000
v 0.930017 -0.237930 0.055752
v 0.939237 -0.232418 0.000000
v 0.939546 -0.238223 0.054280
v 0.945324 -0.233475 0.000000
v 0.946284 -0.238479 0.000000
v 0.450371 -0.246091 0.077532
v 0.443140 -0.246058 0.000000
v 0.460025 -0.246094 0.104912
v 0.470001 -0.246094 0.114791
v 0.479996 -0.246095 0.105802
v 0.489921 -0.246121 0.080705
v 0.499183 -0.246482 0.000000
v 0.573961 -0.241746 0.000000
v 0.580563 -0.240987 0.000000
v 0.580046 -0.246480 0.058092
v 0.570472 -0.246819 0.000000
v 0.589338 -0.240986 0.000000
v 0.589547 -0.246471 0.054629
v 0.595329 -0.241727 0.000000
v 0.596245 -0.246685 0.000000
v 0.630423 -0.246094 0.077151
v 0.623565 -0.246094 0.000000
v 0.640027 -0.246094 0.105576
v 0.650001 -0.246094 0.120942
v 0.660000 -0.246094 0.131079
v 0.670000 -0.246094 0.131111
v 0.679999 -0.246094 0.120958
v 0.689973 -0.246094 0.105580
v 0.699577 -0.246094 0.077151
v 0.706435 -0.246094 0.000000
v 0.794641 -0.241149 0.000000
v 0.800418 -0.246160 0.062014
v 0.793330 -0.246643 0.000000
v 0.810029 -0.246097 0.093453
v 0.820001 -0.246094 0.108870
v 0.830000 -0.246094 0.115776
v 0.840000 -0.246094 0.113943
v 0.849999 -0.246094 0.105709
v 0.859969 -0.246086 0.090700
v 0.869573 -0.246002 0.061381
v 0.876668 -0.245541 0.000000
v 0.930342 -0.246095 0.068316
v 0.923100 -0.246060 0.000000
v 0.939651 -0.246118 0.068427
v 0.946839 -0.246181 0.000000
v 0.450419 -0.254297 0.077133
v 0.443524 -0.254295 0.000000
v 0.460027 -0.254297 0.104894
v 0.470001 -0.254297 0.115516
v 0.480000 -0.254297 0.109821
v 0.489993 -0.254301 0.094518
v 0.499879 -0.254377 0.065312
v 0.505946 -0.249382 0.000000
v 0.509058 -0.255068 0.000000
v 0.544031 -0.249961 0.000000
v 0.550633 -0.249145 0.000000
v 0.550109 -0.254687 0.060289
v 0.540941 -0.255126 0.000000
v 0.560102 -0.248687 0.000000
v 0.560009 -0.254604 0.072182
v 0.570032 -0.254365 0.077091
v 0.579977 -0.254323 0.086666
v 0.589575 -0.254322 0.071278
v 0.596417 -0.254349 0.000000
v 0.630423 -0.254297 0.077131
v 0.623565 -0.254297 0.000000
v 0.640027 -0.254297 0.105510
v 0.650001 -0.254297 0.120752
v 0.660000 -0.254297 0.130765
v 0.670000 -0.254297 0.131028
v 0.679999 -0.254297 0.120949
v 0.689973 -0.254297 0.105580
v 0.699577 -0.254297 0.077151
v 0.706435 -0.254297 0.000000
v 0.800081 -0.254327 0.077700
v 0.790831 -0.254720 0.000000
v 0.810004 -0.254298 0.101752
v 0.820000 -0.254297 0.110421
v 0.830000 -0.254297 0.111107
v 0.840000 -0.254296 0.105164
v 0.849990 -0.254289 0.091291
v 0.859866 -0.254190 0.064549
v 0.868990 -0.253522 0.000000
v 0.875341 -0.250988 0.000000
v 0.930364 -0.254300 0.071465
v 0.923104 -0.254331 0.000000
v 0.939942 -0.254324 0.073926
v 0.949116 -0.254685 0.000000
v 0.450419 -0.262500 0.077143
v 0.443524 -0.262502 0.000000
v 0.460027 -0.262500 0.105054
v 0.470001 -0.262500 0.116793
v 0.480000 -0.262500 0.115099
v 0.490000 -0.262500 0.106245
v 0.499992 -0.262506 0.091456
v 0.509903 -0.262581 0.065151
v 0.515994 -0.257587 0.000000
v 0.519560 -0.262914 0.000000
v 0.534006 -0.257591 0.000000
v 0.540097 -0.262584 0.064963
v 0.530440 -0.262914 0.000000
v 0.550008 -0.262526 0.089764
v 0.560000 -0.262520 0.098330
v 0.570000 -0.262503 0.100208
v 0.579973 -0.262501 0.098509
v 0.589577 -0.262501 0.075732
v 0.596434 -0.262502 0.000000
v 0.630423 -0.262500 0.076831
v 0.623566 -0.262498 0.000000
v 0.640027 -0.262500 0.104912
v 0.650001 -0.262500 0.119566
v 0.660000 -0.262500 0.129308
v 0.670000 -0.262500 0.130598
v 0.679999 -0.262500 0.120893
v 0.689973 -0.262500 0.105576
v 0.699577 -0.262500 0.077151
v 0.706435 -0.262500 0.000000
v 0.784060 -0.257588 0.000000
v 0.790124 -0.262582 0.065093
v 0.781009 -0.263272 0.000000
v 0.800008 -0.262504 0.093275
v 0.810000 -0.262500 0.104919
v 0.820000 -0.262500 0.105174
v 0.829999 -0.262497 0.099743
v 0.839991 -0.262475 0.089948
v 0.849869 -0.262390 0.064452
v 0.859053 -0.261723 0.000000
v 0.865921 -0.259158 0.000000
v 0.930081 -0.262527 0.077185
v 0.920882 -0.262886 0.000000
v 0.939973 -0.262504 0.087341
v 0.949534 -0.262562 0.060978
v 0.955305 -0.257550 0.000000
v 0.956282 -0.263016 0.000000
v 0.450371 -0.270705 0.077543
v 0.443143 -0.270739 0.000000
v 0.460025 -0.270703 0.105358
v 0.470001 -0.270703 0.118448
v 0.480000 -0.270703 0.121098
v 0.490000 -0.270703 0.115324
v 0.500000 -0.270703 0.106123
v 0.509995 -0.270707 0.093405
v 0.519970 -0.270732 0.078448
v 0.530030 -0.270732 0.078410
v 0.540005 -0.270707 0.093129
v 0.550000 -0.270704 0.104604
v 0.560000 -0.270704 0.109612
v 0.569999 -0.270703 0.109494
v 0.579973 -0.270703 0.102296
v 0.589577 -0.270703 0.076471
v 0.596434 -0.270701 0.000000
v 0.630425 -0.270699 0.074231
v 0.623584 -0.270656 0.000000
v 0.640028 -0.270703 0.101975
v 0.650001 -0.270703 0.115857
v 0.660000 -0.270703 0.125934
v 0.670000 -0.270703 0.129600
v 0.679999 -0.270703 0.120754
v 0.689973 -0.270703 0.105566
v 0.699577 -0.270703 0.077151
v 0.706435 -0.270703 0.000000
v 0.774659 -0.265809 0.000000
v 0.780427 -0.270795 0.061329
v 0.773335 -0.271256 0.000000
v 0.790030 -0.270710 0.090151
v 0.800001 -0.270703 0.102389
v 0.810000 -0.270703 0.102600
v 0.819995 -0.270698 0.092633
v 0.829962 -0.270636 0.075923
v 0.839888 -0.270353 0.060778
v 0.849055 -0.269875 0.000000
v 0.855926 -0.267357 0.000000
v 0.914695 -0.265753 0.000000
v 0.920465 -0.270766 0.061461
v 0.913718 -0.271219 0.000000
v 0.930030 -0.270706 0.091588
v 0.939976 -0.270703 0.097078
v 0.949627 -0.270710 0.074087
v 0.956838 -0.270786 0.000000
v 0.450083 -0.278933 0.080434
v 0.440884 -0.279292 0.000000
v 0.460004 -0.278907 0.106365
v 0.470000 -0.278906 0.120325
v 0.480000 -0.278906 0.126900
v 0.490000 -0.278906 0.123156
v 0.500000 -0.278906 0.115658
v 0.510000 -0.278906 0.107808
v 0.519999 -0.278907 0.101796
v 0.530001 -0.278907 0.101397
v 0.540000 -0.278906 0.106015
v 0.550000 -0.278906 0.110189
v 0.560000 -0.278906 0.110900
v 0.569999 -0.278906 0.109196
v 0.579972 -0.278905 0.100424
v 0.589574 -0.278901 0.074052
v 0.596416 -0.278859 0.000000
v 0.630469 -0.278844 0.061649
v 0.623757 -0.278393 0.000000
v 0.640031 -0.278903 0.093844
v 0.650001 -0.278906 0.110840
v 0.660000 -0.278906 0.122730
v 0.670000 -0.278906 0.128742
v 0.679999 -0.278906 0.120642
v 0.689973 -0.278906 0.105558
v 0.699577 -0.278906 0.077151
v 0.706435 -0.278906 0.000000
v 0.780085 -0.278938 0.077456
v 0.770894 -0.279328 0.000000
v 0.790004 -0.278907 0.100303
v 0.800000 -0.278906 0.104265
v 0.809994 -0.278902 0.093251
v 0.819910 -0.278832 0.065577
v 0.829485 -0.278228 0.000000
v 0.839326 -0.276173 0.000000
v 0.845966 -0.275084 0.000000
v 0.920373 -0.278913 0.074387
v 0.913159 -0.278989 0.000000
v 0.930025 -0.278906 0.099492
v 0.939997 -0.278907 0.101725
v 0.949917 -0.278933 0.079890
v 0.959115 -0.279294 0.000000
v 0.434700 -0.282155 0.000000
v 0.440471 -0.287168 0.059018
v 0.433775 -0.287576 0.000000
v 0.450031 -0.287113 0.091655
v 0.460001 -0.287109 0.109351
v 0.470000 -0.287109 0.122068
v 0.480000 -0.287109 0.130588
v 0.490000 -0.287109 0.128942
v 0.500000 -0.287109 0.122725
v 0.510000 -0.287109 0.116791
v 0.520000 -0.287109 0.112426
v 0.530000 -0.287109 0.110073
v 0.540000 -0.287109 0.108781
v 0.550000 -0.287109 0.105885
v 0.559999 -0.287106 0.101190
v 0.569999 -0.287089 0.098327
v 0.579967 -0.287083 0.088998
v 0.589521 -0.287017 0.060772
v 0.596242 -0.286592 0.000000
v 0.630884 -0.286724 0.000000
v 0.624698 -0.283857 0.000000
v 0.640083 -0.287083 0.080697
v 0.650004 -0.287108 0.106628
v 0.660000 -0.287109 0.121015
v 0.670000 -0.287109 0.128340
v 0.679999 -0.287109 0.120594
v 0.689973 -0.287109 0.105555
v 0.699577 -0.287109 0.077150
v 0.706435 -0.287109 0.000000
v 0.764641 -0.282164 0.000000
v 0.770418 -0.287175 0.061925
v 0.763334 -0.287658 0.000000
v 0.780028 -0.287113 0.092601
v 0.790001 -0.287109 0.104194
v 0.799996 -0.287108 0.100302
v 0.809918 -0.287078 0.077516
v 0.819173 -0.286687 0.000000
v 0.826007 -0.283833 0.000000
v 0.920079 -0.287136 0.080121
v 0.910818 -0.287499 0.000000
v 0.930004 -0.287110 0.103205
v 0.939999 -0.287109 0.106617
v 0.949969 -0.287113 0.093341
v 0.959531 -0.287172 0.061615
v 0.965302 -0.282159 0.000000
v 0.966244 -0.287623 0.000000
v 0.440471 -0.295254 0.059018
v 0.433775 -0.294846 0.000000
v 0.450031 -0.295309 0.091655
v 0.460001 -0.295312 0.109351
v 0.470000 -0.295313 0.122073
v 0.480000 -0.295313 0.130648
v 0.490000 -0.295313 0.129370
v 0.500000 -0.295313 0.124378
v 0.510000 -0.295313 0.119724
v 0.520000 -0.295313 0.113742
v 0.530000 -0.295312 0.106712
v 0.539999 -0.295310 0.099737
v 0.549996 -0.295289 0.091834
v 0.559967 -0.295245 0.077620
v 0.569991 -0.295006 0.072208
v 0.579888 -0.294923 0.060222
v 0.588988 -0.294483 0.000000
v 0.595282 -0.292002 0.000000
v 0.640371 -0.295310 0.077581
v 0.633143 -0.295277 0.000000
v 0.650025 -0.295312 0.105665
v 0.660001 -0.295313 0.120632
v 0.670000 -0.295313 0.128260
v 0.679999 -0.295313 0.120586
v 0.689973 -0.295313 0.105555
v 0.699577 -0.295313 0.077150
v 0.706435 -0.295313 0.000000
v 0.770085 -0.295343 0.077237
v 0.760894 -0.295734 0.000000
v 0.780004 -0.295314 0.099284
v 0.789999 -0.295312 0.101771
v 0.799969 -0.295305 0.090081
v 0.809573 -0.295221 0.061328
v 0.816668 -0.294760 0.000000
v 0.904059 -0.290398 0.000000
v 0.910124 -0.295393 0.065237
v 0.901009 -0.296085 0.000000
v 0.920007 -0.295317 0.094344
v 0.930000 -0.295313 0.108663
v 0.939999 -0.295313 0.111766
v 0.949972 -0.295313 0.101472
v 0.959575 -0.295317 0.074197
v 0.966417 -0.295360 0.000000
v 0.440884 -0.303130 0.000000
v 0.434700 -0.300266 0.000000
v 0.450083 -0.303489 0.080434
v 0.460004 -0.303515 0.106366
v 0.470000 -0.303516 0.120327
v 0.480000 -0.303516 0.126942
v 0.490000 -0.303516 0.123555
v 0.500000 -0.303516 0.117719
v 0.510000 -0.303516 0.113235
v 0.520000 -0.303515 0.107454
v 0.529997 -0.303513 0.095567
v 0.539972 -0.303474 0.076566
v 0.549922 -0.303176 0.061283
v 0.559527 -0.302793 0.000000
v 0.569898 -0.300922 0.000000
v 0.579367 -0.300465 0.000000
v 0.585964 -0.299648 0.000000
v 0.640419 -0.303516 0.077178
v 0.633526 -0.303514 0.000000
v 0.650027 -0.303516 0.105561
v 0.660001 -0.303516 0.120588
v 0.670000 -0.303516 0.128252
v 0.679999 -0.303516 0.120585
v 0.689973 -0.303516 0.105555
v 0.699577 -0.303516 0.077150
v 0.706435 -0.303516 0.000000
v 0.754641 -0.298571 0.000000
v 0.760418 -0.303582 0.061731
v 0.753334 -0.304065 0.000000
v 0.770028 -0.303519 0.091377
v 0.780001 -0.303515 0.099494
v 0.789990 -0.303508 0.090255
v 0.799866 -0.303409 0.064442
v 0.808990 -0.302741 0.000000
v 0.815341 -0.300207 0.000000
v 0.894659 -0.298621 0.000000
v 0.900427 -0.303607 0.061382
v 0.893335 -0.304068 0.000000
v 0.910030 -0.303522 0.090756
v 0.920001 -0.303516 0.106081
v 0.930000 -0.303516 0.114637
v 0.939999 -0.303516 0.115728
v 0.949973 -0.303516 0.104379
v 0.959577 -0.303516 0.076779
v 0.966434 -0.303518 0.000000
v 0.450371 -0.311716 0.077543
v 0.443143 -0.311683 0.000000
v 0.460025 -0.311719 0.105358
v 0.470001 -0.311719 0.118448
v 0.480000 -0.311719 0.121114
v 0.490000 -0.311719 0.115541
v 0.500000 -0.311719 0.107856
v 0.509999 -0.311716 0.101285
v 0.519997 -0.311698 0.095534
v 0.529950 -0.311675 0.076712
v 0.539599 -0.311386 0.000000
v 0.549343 -0.309021 0.000000
v 0.556033 -0.307915 0.000000
v 0.640423 -0.311719 0.077152
v 0.633561 -0.311719 0.000000
v 0.650027 -0.311719 0.105555
v 0.660001 -0.311719 0.120585
v 0.670000 -0.311719 0.128252
v 0.679999 -0.311719 0.120585
v 0.689973 -0.311719 0.105555
v 0.699577 -0.311719 0.077151
v 0.706437 -0.311719 0.000000
v 0.760085 -0.311749 0.076082
v 0.750894 -0.312140 0.000000
v 0.770004 -0.311719 0.095255
v 0.779990 -0.311711 0.089522
v 0.789869 -0.311612 0.064420
v 0.799053 -0.310942 0.000000
v 0.805921 -0.308377 0.000000
v 0.900085 -0.311750 0.077729
v 0.890894 -0.312140 0.000000
v 0.910004 -0.311720 0.102523
v 0.920000 -0.311719 0.114206
v 0.930000 -0.311719 0.119353
v 0.939999 -0.311719 0.116921
v 0.949973 -0.311719 0.104524
v 0.959577 -0.311719 0.076789
v 0.966434 -0.311716 0.000000
v 0.450419 -0.319922 0.077142
v 0.443526 -0.319920 0.000000
v 0.460027 -0.319922 0.105054
v 0.470001 -0.319922 0.116794
v 0.480000 -0.319922 0.115106
v 0.490000 -0.319922 0.106407
v 0.499995 -0.319917 0.093423
v 0.509966 -0.319857 0.077755
v 0.519970 -0.319616 0.071606
v 0.529597 -0.319548 0.057081
v 0.536713 -0.319306 0.000000
v 0.640419 -0.319922 0.077179
v 0.633524 -0.319923 0.000000
v 0.650027 -0.319922 0.105561
v 0.660001 -0.319922 0.120588
v 0.670000 -0.319922 0.128254
v 0.679999 -0.319922 0.120588
v 0.689973 -0.319922 0.105561
v 0.699581 -0.319922 0.077179
v 0.706476 -0.319923 0.000000
v 0.744641 -0.314977 0.000000
v 0.750417 -0.319988 0.060087
v 0.743330 -0.320471 0.000000
v 0.760027 -0.319922 0.084932
v 0.769992 -0.319897 0.086933
v 0.779869 -0.319812 0.064087
v 0.789053 -0.319145 0.000000
v 0.795926 -0.316580 0.000000
v 0.884641 -0.314977 0.000000
v 0.890417 -0.319988 0.062026
v 0.883330 -0.320471 0.000000
v 0.900028 -0.319925 0.093610
v 0.910001 -0.319922 0.109870
v 0.920000 -0.319922 0.118979
v 0.930000 -0.319922 0.119733
v 0.939999 -0.319922 0.113837
v 0.949972 -0.319922 0.101449
v 0.959574 -0.319917 0.074163
v 0.966417 -0.319874 0.000000
v 0.450423 -0.328125 0.077105
v 0.443563 -0.328125 0.000000
v 0.460027 -0.328125 0.104889
v 0.470001 -0.328125 0.115516
v 0.480000 -0.328125 0.109822
v 0.489994 -0.328121 0.094543
v 0.499913 -0.328053 0.065770
v 0.509526 -0.327457 0.000000
v 0.519893 -0.325534 0.000000
v 0.529283 -0.325077 0.000000
v 0.535386 -0.324290 0.000000
v 0.640368 -0.328127 0.077618
v 0.633097 -0.328149 0.000000
v 0.650025 -0.328125 0.105667
v 0.660001 -0.328125 0.120638
v 0.670000 -0.328125 0.128294
v 0.679999 -0.328125 0.120638
v 0.689975 -0.328125 0.105667
v 0.699632 -0.328127 0.077618
v 0.706904 -0.328149 0.000000
v 0.750076 -0.328149 0.066978
v 0.740827 -0.328547 0.000000
v 0.759965 -0.328059 0.070484
v 0.769888 -0.327775 0.060056
v 0.779055 -0.327296 0.000000
v 0.785926 -0.324779 0.000000
v 0.890082 -0.328156 0.077851
v 0.880831 -0.328549 0.000000
v 0.900004 -0.328126 0.102949
v 0.910000 -0.328125 0.115270
v 0.920000 -0.328125 0.120571
v 0.930000 -0.328125 0.115764
v 0.939999 -0.328125 0.106165
v 0.949967 -0.328119 0.090654
v 0.959521 -0.328036 0.060951
v 0.966242 -0.327607 0.000000
v 0.450423 -0.336328 0.077100
v 0.443563 -0.336328 0.000000
v 0.460027 -0.336328 0.104809
v 0.470001 -0.336328 0.114778
v 0.479996 -0.336327 0.105807
v 0.489924 -0.336301 0.080733
v 0.499218 -0.335942 0.000000
v 0.506013 -0.333056 0.000000
v 0.583964 -0.331981 0.000000
v 0.590568 -0.331222 0.000000
v 0.590073 -0.336715 0.058704
v 0.580514 -0.337065 0.000000
v 0.599432 -0.331222 0.000000
v 0.599929 -0.336714 0.058723
v 0.606039 -0.331978 0.000000
v 0.609531 -0.337028 0.000000
v 0.640046 -0.336346 0.081219
v 0.630342 -0.336586 0.000000
v 0.650003 -0.336329 0.106666
v 0.660000 -0.336328 0.121083
v 0.670000 -0.336328 0.128638
v 0.680000 -0.336328 0.121082
v 0.689998 -0.336329 0.106666
v 0.699954 -0.336346 0.081217
v 0.709658 -0.336586 0.000000
v 0.733990 -0.331398 0.000000
v 0.740080 -0.336393 0.054573
v 0.730470 -0.336970 0.000000
v 0.749907 -0.336232 0.056042
v 0.759484 -0.335647 0.000000
v 0.769326 -0.333595 0.000000
v 0.775966 -0.332506 0.000000
v 0.874056 -0.331416 0.000000
v 0.880121 -0.336410 0.065260
v 0.870946 -0.337102 0.000000
v 0.890007 -0.336332 0.094276
v 0.900000 -0.336328 0.109967
v 0.910000 -0.336328 0.118975
v 0.920000 -0.336328 0.118975
v 0.930000 -0.336328 0.109967
v 0.939993 -0.336324 0.094268
v 0.949875 -0.336247 0.065192
v 0.958987 -0.335556 0.000000
v 0.965282 -0.333022 0.000000
v 0.450419 -0.344531 0.077126
v 0.443526 -0.344533 0.000000
v 0.460027 -0.344531 0.104803
v 0.470000 -0.344531 0.114648
v 0.479978 -0.344531 0.105002
v 0.489684 -0.344531 0.077998
v 0.497328 -0.344521 0.000000
v 0.564034 -0.340150 0.000000
v 0.570674 -0.339064 0.000000
v 0.570112 -0.344881 0.060758
v 0.560941 -0.345359 0.000000
v 0.580038 -0.344601 0.075609
v 0.590004 -0.344557 0.089930
v 0.599996 -0.344557 0.089898
v 0.609967 -0.344596 0.077297
v 0.619987 -0.338523 0.000000
v 0.619999 -0.344791 0.074448
v 0.630023 -0.344567 0.078469
v 0.640002 -0.344533 0.096539
v 0.650000 -0.344531 0.111148
v 0.660000 -0.344531 0.123096
v 0.670000 -0.344531 0.130164
v 0.680000 -0.344531 0.123083
v 0.690000 -0.344531 0.111143
v 0.699998 -0.344533 0.096506
v 0.709977 -0.344567 0.078089
v 0.720013 -0.338520 0.000000
v 0.720001 -0.344790 0.071859
v 0.730023 -0.344587 0.065989
v 0.739874 -0.344429 0.055361
v 0.749056 -0.343755 0.000000
v 0.755988 -0.341204 0.000000
v 0.864074 -0.339670 0.000000
v 0.870131 -0.344638 0.064618
v 0.860947 -0.345308 0.000000
v 0.880009 -0.344538 0.091429
v 0.890000 -0.344531 0.106290
v 0.900000 -0.344531 0.115778
v 0.910000 -0.344531 0.120572
v 0.920000 -0.344531 0.115270
v 0.929996 -0.344530 0.102949
v 0.939919 -0.344501 0.077851
v 0.949169 -0.344108 0.000000
v 0.955940 -0.341240 0.000000
v 1.012993 -0.340443 0.000000
v 1.016231 -0.340414 0.000000
v 1.016455 -0.345194 0.000000
v 1.010470 -0.345399 0.000000
v 0.450371 -0.352737 0.077530
v 0.443143 -0.352770 0.000000
v 0.460025 -0.352734 0.104919
v 0.470001 -0.352734 0.114825
v 0.479998 -0.352735 0.105840
v 0.489956 -0.352753 0.081186
v 0.499686 -0.353015 0.000000
v 0.554009 -0.347861 0.000000
v 0.560098 -0.352836 0.064902
v 0.550473 -0.353405 0.000000
v 0.570008 -0.352759 0.089923
v 0.580001 -0.352738 0.099498
v 0.590000 -0.352735 0.104384
v 0.600000 -0.352735 0.103186
v 0.609999 -0.352737 0.098464
v 0.620000 -0.352752 0.097539
v 0.630001 -0.352736 0.099873
v 0.640000 -0.352734 0.107390
v 0.650000 -0.352734 0.116790
v 0.660000 -0.352734 0.126786
v 0.670000 -0.352734 0.132977
v 0.680000 -0.352734 0.126666
v 0.690000 -0.352734 0.116741
v 0.700000 -0.352734 0.107191
v 0.709999 -0.352736 0.097974
v 0.719993 -0.352748 0.086468
v 0.729880 -0.352656 0.060644
v 0.739054 -0.351960 0.000000
v 0.745926 -0.349392 0.000000
v 0.854079 -0.347873 0.000000
v 0.860134 -0.352841 0.064547
v 0.851014 -0.353509 0.000000
v 0.870010 -0.352742 0.091361
v 0.880000 -0.352735 0.105872
v 0.890000 -0.352734 0.114772
v 0.900000 -0.352734 0.119868
v 0.910000 -0.352734 0.118990
v 0.919999 -0.352734 0.109870
v 0.929971 -0.352731 0.093610
v 0.939583 -0.352668 0.062026
v 0.946670 -0.352185 0.000000
v 1.004017 -0.347880 0.000000
v 1.009757 -0.352849 0.043690
v 1.000922 -0.353512 0.000000
v 1.016853 -0.352830 0.000000
v 0.450083 -0.360964 0.080651
v 0.440884 -0.361323 0.000000
v 0.460004 -0.360938 0.105961
v 0.470000 -0.360938 0.115953
v 0.480000 -0.360938 0.110073
v 0.489998 -0.360940 0.096533
v 0.499978 -0.360976 0.078675
v 0.509971 -0.355274 0.000000
v 0.509998 -0.361239 0.074304
v 0.519999 -0.355624 0.000000
v 0.520000 -0.361281 0.073758
v 0.530002 -0.355625 0.000000
v 0.530000 -0.361282 0.073756
v 0.540044 -0.355310 0.000000
v 0.540003 -0.361242 0.074241
v 0.550033 -0.361002 0.077961
v 0.560005 -0.360944 0.093217
v 0.570000 -0.360938 0.104878
v 0.580000 -0.360938 0.109993
v 0.590000 -0.360938 0.109777
v 0.600000 -0.360937 0.104544
v 0.609999 -0.360937 0.098771
v 0.620001 -0.360937 0.098612
v 0.630000 -0.360937 0.104082
v 0.640000 -0.360938 0.111928
v 0.650000 -0.360938 0.120564
v 0.660000 -0.360938 0.129397
v 0.670000 -0.360938 0.134206
v 0.680000 -0.360938 0.128758
v 0.690000 -0.360938 0.120270
v 0.700000 -0.360937 0.111487
v 0.709996 -0.360936 0.100239
v 0.719918 -0.360907 0.076752
v 0.729169 -0.360514 0.000000
v 0.735945 -0.357646 0.000000
v 0.844715 -0.356041 0.000000
v 0.850475 -0.361027 0.060975
v 0.843717 -0.361456 0.000000
v 0.860033 -0.360945 0.090600
v 0.870001 -0.360938 0.105748
v 0.880000 -0.360938 0.114739
v 0.890000 -0.360938 0.119887
v 0.900000 -0.360938 0.119842
v 0.910000 -0.360937 0.114243
v 0.919996 -0.360936 0.102524
v 0.929915 -0.360906 0.077729
v 0.939106 -0.360516 0.000000
v 0.945359 -0.357679 0.000000
v 0.994077 -0.356076 0.000000
v 1.000130 -0.361046 0.060920
v 0.991010 -0.361713 0.000000
v 1.009927 -0.360972 0.068504
v 1.019116 -0.361325 0.000000
v 0.434698 -0.364190 0.000000
v 0.440469 -0.369203 0.061647
v 0.433757 -0.369654 0.000000
v 0.450031 -0.369144 0.093808
v 0.460001 -0.369141 0.110334
v 0.470000 -0.369141 0.118951
v 0.480000 -0.369141 0.115826
v 0.490000 -0.369141 0.108261
v 0.499999 -0.369143 0.101996
v 0.510000 -0.369161 0.100505
v 0.520000 -0.369163 0.100328
v 0.530000 -0.369163 0.100320
v 0.540000 -0.369161 0.100460
v 0.550001 -0.369144 0.101768
v 0.560000 -0.369141 0.107015
v 0.570000 -0.369141 0.111751
v 0.580000 -0.369141 0.111323
v 0.590000 -0.369140 0.105007
v 0.599995 -0.369137 0.092991
v 0.609970 -0.369112 0.078092
v 0.620030 -0.369112 0.078080
v 0.630004 -0.369138 0.093027
v 0.640000 -0.369141 0.106122
v 0.650000 -0.369141 0.116504
v 0.660000 -0.369141 0.125692
v 0.670000 -0.369141 0.129409
v 0.680000 -0.369141 0.123608
v 0.690000 -0.369141 0.115224
v 0.699999 -0.369140 0.105467
v 0.709969 -0.369133 0.090451
v 0.719573 -0.369049 0.061301
v 0.726668 -0.368588 0.000000
v 0.850371 -0.369147 0.074630
v 0.843117 -0.369214 0.000000
v 0.860025 -0.369141 0.101559
v 0.870001 -0.369141 0.113859
v 0.880000 -0.369141 0.119762
v 0.890000 -0.369141 0.119879
v 0.900000 -0.369141 0.114747
v 0.909999 -0.369140 0.105792
v 0.919969 -0.369133 0.090704
v 0.929573 -0.369049 0.061378
v 0.936665 -0.368588 0.000000
v 0.984659 -0.364246 0.000000
v 0.990427 -0.369232 0.061067
v 0.983332 -0.369694 0.000000
v 1.000030 -0.369148 0.087725
v 1.009970 -0.369144 0.089112
v 1.019534 -0.369203 0.061143
v 1.025305 -0.364190 0.000000
v 1.026282 -0.369656 0.000000
v 0.440425 -0.377348 0.074229
v 0.433584 -0.377391 0.000000
v 0.450027 -0.377344 0.101950
v 0.460001 -0.377344 0.115551
v 0.470000 -0.377344 0.123791
v 0.480000 -0.377344 0.123017
v 0.490000 -0.377344 0.118174
v 0.500000 -0.377344 0.114987
v 0.510000 -0.377344 0.114141
v 0.520000 -0.377344 0.113915
v 0.530000 -0.377344 0.113788
v 0.540000 -0.377344 0.113613
v 0.550000 -0.377344 0.113531
v 0.560000 -0.377344 0.113691
v 0.570000 -0.377344 0.111927
v 0.580000 -0.377344 0.105133
v 0.589992 -0.377337 0.091274
v 0.599903 -0.377262 0.065119
v 0.609560 -0.376929 0.000000
v 0.620439 -0.376932 0.000000
v 0.630087 -0.377289 0.065819
v 0.640006 -0.377341 0.094602
v 0.650000 -0.377344 0.110748
v 0.660000 -0.377344 0.121253
v 0.670000 -0.377344 0.123845
v 0.680000 -0.377344 0.116662
v 0.690000 -0.377344 0.106399
v 0.699991 -0.377337 0.091405
v 0.709866 -0.377237 0.064541
v 0.718990 -0.376569 0.000000
v 0.725341 -0.374035 0.000000
v 0.850048 -0.377363 0.080839
v 0.840392 -0.377639 0.000000
v 0.860003 -0.377344 0.105630
v 0.870000 -0.377344 0.117258
v 0.880000 -0.377344 0.119459
v 0.890000 -0.377344 0.114722
v 0.900000 -0.377344 0.105869
v 0.909990 -0.377336 0.091363
v 0.919866 -0.377237 0.064553
v 0.928990 -0.376569 0.000000
v 0.935341 -0.374035 0.000000
v 0.990082 -0.377375 0.077458
v 0.980831 -0.377767 0.000000
v 1.000003 -0.377345 0.099519
v 1.009975 -0.377344 0.098905
v 1.019626 -0.377350 0.074270
v 1.026838 -0.377427 0.000000
v 0.440423 -0.385547 0.076810
v 0.433566 -0.385549 0.000000
v 0.450027 -0.385547 0.104838
v 0.460001 -0.385547 0.119316
v 0.470000 -0.385547 0.128724
v 0.480000 -0.385547 0.130764
v 0.490000 -0.385547 0.127705
v 0.500000 -0.385547 0.125273
v 0.510000 -0.385547 0.123941
v 0.520000 -0.385547 0.122821
v 0.530000 -0.385547 0.121846
v 0.540000 -0.385547 0.120378
v 0.550000 -0.385547 0.118055
v 0.560000 -0.385547 0.113206
v 0.570000 -0.385547 0.105358
v 0.579990 -0.385539 0.091282
v 0.589869 -0.385440 0.064608
v 0.599056 -0.384773 0.000000
v 0.605994 -0.382256 0.000000
v 0.630813 -0.385162 0.000000
v 0.623987 -0.382310 0.000000
v 0.640079 -0.385520 0.080742
v 0.650004 -0.385546 0.106319
v 0.660000 -0.385547 0.118639
v 0.670000 -0.385547 0.119975
v 0.680000 -0.385547 0.110615
v 0.689993 -0.385543 0.094595
v 0.699879 -0.385467 0.065314
v 0.709054 -0.384773 0.000000
v 0.715921 -0.382205 0.000000
v 0.824620 -0.381131 0.000000
v 0.830745 -0.380039 0.000000
v 0.830408 -0.385880 0.057596
v 0.823329 -0.386168 0.000000
v 0.840050 -0.385587 0.076034
v 0.850003 -0.385549 0.096244
v 0.860000 -0.385547 0.109929
v 0.870000 -0.385547 0.117122
v 0.880000 -0.385547 0.114793
v 0.890000 -0.385547 0.106156
v 0.899991 -0.385540 0.091420
v 0.909869 -0.385440 0.064618
v 0.919053 -0.384770 0.000000
v 0.925921 -0.382205 0.000000
v 0.974060 -0.380635 0.000000
v 0.980124 -0.385628 0.065168
v 0.971009 -0.386319 0.000000
v 0.990007 -0.385551 0.093826
v 1.000000 -0.385547 0.106313
v 1.009996 -0.385548 0.102864
v 1.019917 -0.385574 0.079317
v 1.029113 -0.385930 0.000000
v 0.440423 -0.393750 0.076811
v 0.433566 -0.393748 0.000000
v 0.450027 -0.393750 0.104853
v 0.460001 -0.393750 0.119528
v 0.470000 -0.393750 0.130256
v 0.480000 -0.393750 0.136144
v 0.490000 -0.393750 0.134935
v 0.500000 -0.393750 0.132100
v 0.510000 -0.393750 0.128406
v 0.520000 -0.393750 0.124402
v 0.530000 -0.393750 0.120914
v 0.540000 -0.393750 0.116610
v 0.550000 -0.393750 0.112259
v 0.560000 -0.393749 0.105154
v 0.569990 -0.393742 0.091261
v 0.579869 -0.393643 0.064606
v 0.589053 -0.392973 0.000000
v 0.595926 -0.390408 0.000000
v 0.640371 -0.393748 0.077558
v 0.633140 -0.393714 0.000000
v 0.650025 -0.393750 0.105300
v 0.660001 -0.393750 0.117852
v 0.670000 -0.393750 0.118156
v 0.679996 -0.393749 0.106263
v 0.689921 -0.393723 0.080739
v 0.699183 -0.393362 0.000000
v 0.705946 -0.390462 0.000000
v 0.830081 -0.393799 0.076452
v 0.820831 -0.394177 0.000000
v 0.840005 -0.393753 0.096899
v 0.850000 -0.393750 0.106830
v 0.860000 -0.393750 0.112896
v 0.870000 -0.393750 0.113751
v 0.880000 -0.393750 0.107849
v 0.889993 -0.393745 0.093902
v 0.899879 -0.393668 0.065226
v 0.909054 -0.392976 0.000000
v 0.915926 -0.390408 0.000000
v 0.964659 -0.388856 0.000000
v 0.970427 -0.393842 0.061383
v 0.963332 -0.394303 0.000000
v 0.980031 -0.393756 0.090723
v 0.990001 -0.393750 0.105673
v 1.000000 -0.393750 0.111949
v 1.009999 -0.393750 0.106455
v 1.019965 -0.393750 0.087690
v 1.029485 -0.393750 0.048873
v 1.035274 -0.388728 0.000000
v 1.036051 -0.393750 0.000000
v 0.440425 -0.401949 0.074230
v 0.433584 -0.401906 0.000000
v 0.450027 -0.401953 0.101979
v 0.460001 -0.401953 0.115965
v 0.470000 -0.401953 0.126934
v 0.480000 -0.401953 0.134517
v 0.490000 -0.401953 0.134066
v 0.500000 -0.401953 0.130031
v 0.510000 -0.401953 0.123785
v 0.520000 -0.401953 0.117656
v 0.530000 -0.401953 0.112867
v 0.540000 -0.401952 0.107069
v 0.549999 -0.401950 0.100012
v 0.559991 -0.401928 0.089960
v 0.569870 -0.401843 0.064451
v 0.579053 -0.401176 0.000000
v 0.585926 -0.398611 0.000000
v 0.640419 -0.401953 0.077152
v 0.633526 -0.401951 0.000000
v 0.650027 -0.401953 0.105188
v 0.660001 -0.401953 0.117728
v 0.669999 -0.401953 0.117764
v 0.679975 -0.401953 0.105292
v 0.689629 -0.401951 0.077558
v 0.696860 -0.401917 0.000000
v 0.814055 -0.397041 0.000000
v 0.820121 -0.402035 0.065223
v 0.810943 -0.402726 0.000000
v 0.830007 -0.401958 0.093832
v 0.840000 -0.401953 0.107385
v 0.850000 -0.401953 0.112546
v 0.860000 -0.401953 0.112076
v 0.870000 -0.401953 0.106588
v 0.879995 -0.401949 0.096884
v 0.889919 -0.401904 0.076454
v 0.899169 -0.401526 0.000000
v 0.905944 -0.398662 0.000000
v 0.970082 -0.401985 0.077786
v 0.960831 -0.402377 0.000000
v 0.980004 -0.401954 0.102458
v 0.990000 -0.401953 0.113561
v 1.000000 -0.401953 0.115828
v 1.009996 -0.401952 0.105527
v 1.019917 -0.401926 0.079897
v 1.029113 -0.401572 0.000000
v 1.035274 -0.398772 0.000000
v 0.440469 -0.410094 0.061648
v 0.433757 -0.409643 0.000000
v 0.450031 -0.410153 0.093839
v 0.460001 -0.410156 0.110783
v 0.470000 -0.410156 0.122395
v 0.480000 -0.410156 0.128629
v 0.490000 -0.410156 0.126843
v 0.500000 -0.410156 0.122468
v 0.510000 -0.410156 0.115609
v 0.520000 -0.410156 0.107724
v 0.529999 -0.410153 0.100261
v 0.539996 -0.410133 0.091820
v 0.549962 -0.410086 0.075816
v 0.559888 -0.409806 0.060770
v 0.569055 -0.409328 0.000000
v 0.575926 -0.406810 0.000000
v 0.640423 -0.410156 0.077126
v 0.633563 -0.410156 0.000000
v 0.650027 -0.410156 0.105182
v 0.660001 -0.410156 0.117717
v 0.669999 -0.410156 0.117720
v 0.679973 -0.410156 0.105187
v 0.689581 -0.410156 0.077152
v 0.696474 -0.410154 0.000000
v 0.804012 -0.405280 0.000000
v 0.810099 -0.410256 0.065042
v 0.800516 -0.410838 0.000000
v 0.820008 -0.410163 0.091391
v 0.830000 -0.410156 0.105631
v 0.840000 -0.410156 0.112259
v 0.850000 -0.410156 0.111896
v 0.860000 -0.410156 0.105349
v 0.869994 -0.410150 0.093063
v 0.879941 -0.410090 0.075339
v 0.889591 -0.409821 0.057536
v 0.896671 -0.409535 0.000000
v 0.954060 -0.405244 0.000000
v 0.960124 -0.410238 0.065198
v 0.951009 -0.410928 0.000000
v 0.970008 -0.410160 0.094267
v 0.980000 -0.410156 0.109918
v 0.990000 -0.410156 0.118664
v 0.999999 -0.410156 0.117686
v 1.009975 -0.410156 0.105206
v 1.019629 -0.410154 0.077487
v 1.026857 -0.410121 0.000000
v 0.440884 -0.417974 0.000000
v 0.434698 -0.415107 0.000000
v 0.450083 -0.418333 0.080676
v 0.460004 -0.418358 0.106337
v 0.470000 -0.418359 0.118899
v 0.480000 -0.418359 0.121690
v 0.490000 -0.418359 0.117712
v 0.500000 -0.418359 0.112875
v 0.510000 -0.418359 0.105567
v 0.519995 -0.418353 0.093161
v 0.529963 -0.418293 0.076000
v 0.539919 -0.418017 0.061207
v 0.549486 -0.417626 0.000000
v 0.559326 -0.415624 0.000000
v 0.565966 -0.414537 0.000000
v 0.640423 -0.418359 0.077125
v 0.633565 -0.418359 0.000000
v 0.650027 -0.418359 0.105181
v 0.660001 -0.418359 0.117717
v 0.669999 -0.418359 0.117717
v 0.679973 -0.418359 0.105182
v 0.689577 -0.418359 0.077126
v 0.696437 -0.418359 0.000000
v 0.783969 -0.413962 0.000000
v 0.790669 -0.412888 0.000000
v 0.790079 -0.418701 0.061235
v 0.780473 -0.419082 0.000000
v 0.800037 -0.418426 0.076004
v 0.810005 -0.418365 0.093200
v 0.820000 -0.418360 0.105787
v 0.830000 -0.418359 0.112897
v 0.840000 -0.418359 0.112620
v 0.850000 -0.418359 0.105571
v 0.859993 -0.418353 0.091359
v 0.869900 -0.418260 0.065034
v 0.879480 -0.417678 0.000000
v 0.889242 -0.415629 0.000000
v 0.895379 -0.414569 0.000000
v 0.944659 -0.413465 0.000000
v 0.950427 -0.418451 0.061384
v 0.943332 -0.418912 0.000000
v 0.960030 -0.418366 0.090766
v 0.970001 -0.418360 0.106239
v 0.980000 -0.418359 0.115977
v 0.990000 -0.418359 0.121443
v 0.999999 -0.418359 0.117669
v 1.009973 -0.418359 0.104676
v 1.019580 -0.418359 0.076841
v 1.026473 -0.418355 0.000000
v 0.450371 -0.426560 0.077545
v 0.443143 -0.426527 0.000000
v 0.460025 -0.426562 0.105160
v 0.470001 -0.426562 0.116854
v 0.480000 -0.426562 0.115329
v 0.490000 -0.426562 0.108016
v 0.499999 -0.426560 0.100172
v 0.509992 -0.426538 0.090007
v 0.519901 -0.426460 0.064880
v 0.529484 -0.425881 0.000000
v 0.539331 -0.423831 0.000000
v 0.546028 -0.422756 0.000000
v 0.640423 -0.426562 0.077125
v 0.633565 -0.426562 0.000000
v 0.650027 -0.426562 0.105181
v 0.660001 -0.426562 0.117717
v 0.669999 -0.426562 0.117717
v 0.679973 -0.426562 0.105181
v 0.689577 -0.426562 0.077125
v 0.696435 -0.426562 0.000000
v 0.754676 -0.422193 0.000000
v 0.760723 -0.421408 0.000000
v 0.760458 -0.426935 0.056614
v 0.753755 -0.427153 0.000000
v 0.770107 -0.420953 0.000000
v 0.770033 -0.426869 0.071491
v 0.780034 -0.426630 0.077571
v 0.790004 -0.426586 0.091974
v 0.800001 -0.426566 0.100279
v 0.810000 -0.426563 0.107659
v 0.820000 -0.426562 0.114687
v 0.830000 -0.426562 0.117058
v 0.840000 -0.426562 0.109806
v 0.849995 -0.426559 0.094507
v 0.859901 -0.426483 0.065382
v 0.869060 -0.425789 0.000000
v 0.875988 -0.423236 0.000000
v 0.950082 -0.426594 0.077792
v 0.940831 -0.426986 0.000000
v 0.960004 -0.426564 0.102549
v 0.970000 -0.426562 0.114428
v 0.980000 -0.426562 0.120547
v 0.990000 -0.426562 0.120469
v 0.999999 -0.426562 0.114011
v 1.009972 -0.426562 0.101470
v 1.019574 -0.426557 0.074166
v 1.026418 -0.426515 0.000000
v 0.450419 -0.434766 0.077132
v 0.443526 -0.434764 0.000000
v 0.460027 -0.434766 0.104895
v 0.470001 -0.434766 0.115526
v 0.480000 -0.434766 0.109978
v 0.489997 -0.434764 0.096365
v 0.499971 -0.434725 0.076675
v 0.509889 -0.434418 0.060842
v 0.519059 -0.433938 0.000000
v 0.525988 -0.431435 0.000000
v 0.640423 -0.434766 0.077125
v 0.633565 -0.434766 0.000000
v 0.650027 -0.434766 0.105181
v 0.660001 -0.434766 0.117717
v 0.669999 -0.434766 0.117717
v 0.679973 -0.434766 0.105181
v 0.689577 -0.434766 0.077125
v 0.696435 -0.434766 0.000000
v 0.760425 -0.434790 0.072670
v 0.753583 -0.434818 0.000000
v 0.770028 -0.434786 0.094500
v 0.780002 -0.434769 0.101010
v 0.790000 -0.434766 0.107288
v 0.800000 -0.434766 0.113101
v 0.810000 -0.434766 0.117702
v 0.820000 -0.434766 0.121514
v 0.830000 -0.434766 0.118688
v 0.839999 -0.434765 0.106389
v 0.849965 -0.434741 0.081143
v 0.859495 -0.434405 0.000000
v 0.865989 -0.431479 0.000000
v 0.934055 -0.429854 0.000000
v 0.940121 -0.434847 0.065261
v 0.930942 -0.435539 0.000000
v 0.950007 -0.434770 0.094281
v 0.960000 -0.434766 0.110044
v 0.970000 -0.434766 0.119647
v 0.980000 -0.434766 0.121891
v 0.990000 -0.434766 0.116023
v 0.999999 -0.434765 0.106196
v 1.009967 -0.434759 0.090656
v 1.019521 -0.434676 0.060951
v 1.026242 -0.434248 0.000000
v 0.450423 -0.442969 0.077100
v 0.443563 -0.442969 0.000000
v 0.460027 -0.442969 0.104809
v 0.470001 -0.442969 0.114778
v 0.479997 -0.442968 0.105825
v 0.489952 -0.442950 0.081131
v 0.499614 -0.442676 0.000000
v 0.509339 -0.440271 0.000000
v 0.515967 -0.439149 0.000000
v 0.640423 -0.442969 0.077126
v 0.633563 -0.442969 0.000000
v 0.650027 -0.442969 0.105182
v 0.660001 -0.442969 0.117717
v 0.669999 -0.442969 0.117717
v 0.679973 -0.442969 0.105181
v 0.689577 -0.442969 0.077125
v 0.696435 -0.442969 0.000000
v 0.760423 -0.442970 0.076416
v 0.753566 -0.442971 0.000000
v 0.770027 -0.442969 0.102392
v 0.780001 -0.442969 0.112105
v 0.790000 -0.442969 0.117616
v 0.800000 -0.442969 0.123045
v 0.810000 -0.442969 0.126971
v 0.820000 -0.442969 0.127879
v 0.830000 -0.442969 0.120593
v 0.839999 -0.442970 0.106671
v 0.849965 -0.442994 0.081166
v 0.859499 -0.443328 0.000000
v 0.924009 -0.438091 0.000000
v 0.930098 -0.443068 0.065073
v 0.920475 -0.443640 0.000000
v 0.940008 -0.442975 0.091456
v 0.950000 -0.442969 0.106320
v 0.960000 -0.442969 0.116029
v 0.970000 -0.442969 0.121891
v 0.980000 -0.442969 0.119647
v 0.990000 -0.442969 0.110044
v 0.999992 -0.442965 0.094273
v 1.009875 -0.442887 0.065192
v 1.018987 -0.442197 0.000000
v 1.025282 -0.439663 0.000000
v 0.450423 -0.451172 0.077100
v 0.443563 -0.451172 0.000000
v 0.460027 -0.451172 0.104796
v 0.470000 -0.451172 0.114632
v 0.479976 -0.451172 0.104904
v 0.489635 -0.451170 0.077593
v 0.496942 -0.451148 0.000000
v 0.640419 -0.451172 0.077153
v 0.633524 -0.451173 0.000000
v 0.650027 -0.451172 0.105187
v 0.660001 -0.451172 0.117720
v 0.669999 -0.451172 0.117717
v 0.679973 -0.451172 0.105181
v 0.689577 -0.451172 0.077125
v 0.696435 -0.451172 0.000000
v 0.760423 -0.451172 0.077062
v 0.753565 -0.451172 0.000000
v 0.770027 -0.451172 0.104907
v 0.780001 -0.451172 0.118168
v 0.790000 -0.451172 0.126038
v 0.800000 -0.451172 0.132097
v 0.810000 -0.451172 0.135555
v 0.820000 -0.451172 0.133035
v 0.830000 -0.451172 0.123419
v 0.840000 -0.451172 0.111045
v 0.849996 -0.451176 0.094672
v 0.859934 -0.451242 0.065850
v 0.866054 -0.446237 0.000000
v 0.869532 -0.451815 0.000000
v 0.893965 -0.446819 0.000000
v 0.900628 -0.446018 0.000000
v 0.900076 -0.451553 0.060752
v 0.890469 -0.451873 0.000000
v 0.910102 -0.445560 0.000000
v 0.910008 -0.451478 0.072265
v 0.920033 -0.451237 0.077816
v 0.930005 -0.451178 0.093369
v 0.940000 -0.451172 0.106055
v 0.950000 -0.451172 0.114920
v 0.960000 -0.451172 0.120492
v 0.970000 -0.451172 0.120526
v 0.980000 -0.451172 0.114425
v 0.989996 -0.451171 0.102549
v 0.999918 -0.451140 0.077791
v 1.009169 -0.450748 0.000000
v 1.015940 -0.447881 0.000000
v 0.450419 -0.459375 0.077126
v 0.443526 -0.459377 0.000000
v 0.460027 -0.459375 0.104802
v 0.470000 -0.459375 0.114634
v 0.479976 -0.459375 0.104905
v 0.489635 -0.459377 0.077594
v 0.496945 -0.459399 0.000000
v 0.563965 -0.455026 0.000000
v 0.570623 -0.454254 0.000000
v 0.570075 -0.459760 0.060489
v 0.560473 -0.460101 0.000000
v 0.579995 -0.454127 0.000000
v 0.579978 -0.459726 0.069105
v 0.589288 -0.454253 0.000000
v 0.589597 -0.459752 0.056888
v 0.595386 -0.455009 0.000000
v 0.596715 -0.459990 0.000000
v 0.640368 -0.459377 0.077592
v 0.633097 -0.459400 0.000000
v 0.650025 -0.459375 0.105293
v 0.660001 -0.459375 0.117764
v 0.669999 -0.459375 0.117725
v 0.679973 -0.459375 0.105182
v 0.689577 -0.459375 0.077125
v 0.696435 -0.459375 0.000000
v 0.760423 -0.459375 0.077125
v 0.753565 -0.459375 0.000000
v 0.770027 -0.459375 0.105444
v 0.780001 -0.459375 0.120474
v 0.790000 -0.459375 0.131338
v 0.800000 -0.459375 0.139162
v 0.810000 -0.459375 0.142408
v 0.820000 -0.459375 0.137655
v 0.830000 -0.459375 0.127699
v 0.840000 -0.459375 0.117138
v 0.850000 -0.459375 0.106621
v 0.859996 -0.459380 0.093451
v 0.869967 -0.459437 0.078011
v 0.880000 -0.453403 0.000000
v 0.880000 -0.459637 0.074755
v 0.890033 -0.459440 0.077836
v 0.900004 -0.459400 0.091822
v 0.910000 -0.459395 0.098851
v 0.920001 -0.459378 0.101754
v 0.930000 -0.459375 0.107843
v 0.940000 -0.459375 0.115110
v 0.950000 -0.459375 0.120336
v 0.960000 -0.459375 0.121140
v 0.970000 -0.459375 0.115708
v 0.979999 -0.459375 0.106195
v 0.989970 -0.459369 0.090764
v 0.999573 -0.459284 0.061384
v 1.006668 -0.458822 0.000000
v 0.450371 -0.467580 0.077531
v 0.443140 -0.467614 0.000000
v 0.460025 -0.467578 0.104918
v 0.470001 -0.467578 0.114824
v 0.479998 -0.467579 0.105834
v 0.489954 -0.467597 0.081161
v 0.499658 -0.467859 0.000000
v 0.533965 -0.463227 0.000000
v 0.540629 -0.462425 0.000000
v 0.540076 -0.467960 0.060740
v 0.530470 -0.468302 0.000000
v 0.550102 -0.461969 0.000000
v 0.550008 -0.467884 0.072235
v 0.560033 -0.467646 0.077575
v 0.570004 -0.467604 0.091144
v 0.579997 -0.467601 0.093683
v 0.589952 -0.467621 0.076527
v 0.599643 -0.467898 0.000000
v 0.640046 -0.467597 0.081193
v 0.630344 -0.467859 0.000000
v 0.650002 -0.467579 0.106287
v 0.660000 -0.467578 0.118148
v 0.669999 -0.467578 0.117805
v 0.679973 -0.467578 0.105190
v 0.689577 -0.467578 0.077125
v 0.696435 -0.467578 0.000000
v 0.760423 -0.467578 0.076831
v 0.753566 -0.467576 0.000000
v 0.770027 -0.467578 0.104924
v 0.780001 -0.467578 0.119768
v 0.790000 -0.467578 0.131173
v 0.800000 -0.467578 0.139659
v 0.810000 -0.467578 0.142695
v 0.820000 -0.467578 0.139511
v 0.830000 -0.467578 0.132092
v 0.840000 -0.467578 0.123913
v 0.850000 -0.467578 0.115845
v 0.860000 -0.467578 0.107937
v 0.869999 -0.467581 0.101950
v 0.880000 -0.467596 0.100680
v 0.890001 -0.467581 0.101884
v 0.900000 -0.467579 0.107283
v 0.910000 -0.467579 0.112360
v 0.920000 -0.467578 0.114667
v 0.930000 -0.467578 0.117608
v 0.940000 -0.467578 0.120914
v 0.950000 -0.467578 0.120447
v 0.960000 -0.467578 0.116044
v 0.970000 -0.467578 0.108225
v 0.979993 -0.467573 0.093930
v 0.989876 -0.467497 0.065166
v 0.998991 -0.466806 0.000000
v 1.005341 -0.464269 0.000000
v 0.450079 -0.475808 0.080681
v 0.440817 -0.476169 0.000000
v 0.460004 -0.475782 0.105943
v 0.470000 -0.475781 0.115935
v 0.480000 -0.475781 0.110069
v 0.489998 -0.475783 0.096531
v 0.499977 -0.475819 0.078670
v 0.509972 -0.470086 0.000000
v 0.509998 -0.476080 0.074331
v 0.520042 -0.470123 0.000000
v 0.520003 -0.476083 0.074249
v 0.530033 -0.475849 0.077755
v 0.540004 -0.475807 0.091686
v 0.550000 -0.475802 0.098557
v 0.560001 -0.475784 0.101166
v 0.570000 -0.475782 0.105410
v 0.580000 -0.475782 0.105215
v 0.589997 -0.475784 0.095143
v 0.599977 -0.475821 0.078313
v 0.609970 -0.470086 0.000000
v 0.609998 -0.476080 0.074262
v 0.620029 -0.470085 0.000000
v 0.620002 -0.476080 0.074318
v 0.630023 -0.475819 0.078672
v 0.640002 -0.475783 0.096600
v 0.650000 -0.475781 0.110768
v 0.660000 -0.475781 0.119885
v 0.669999 -0.475781 0.118208
v 0.679973 -0.475781 0.105239
v 0.689577 -0.475781 0.077128
v 0.696435 -0.475781 0.000000
v 0.760425 -0.475777 0.074231
v 0.753584 -0.475734 0.000000
v 0.770028 -0.475781 0.101976
v 0.780001 -0.475781 0.115882
v 0.790000 -0.475781 0.126358
v 0.800000 -0.475781 0.133267
v 0.810000 -0.475781 0.135348
v 0.820000 -0.475781 0.134642
v 0.830000 -0.475781 0.132189
v 0.840000 -0.475781 0.128447
v 0.850000 -0.475781 0.123425
v 0.860000 -0.475781 0.118060
v 0.870000 -0.475781 0.114990
v 0.880000 -0.475782 0.114369
v 0.890000 -0.475781 0.115010
v 0.900000 -0.475781 0.118004
v 0.910000 -0.475781 0.122394
v 0.920000 -0.475781 0.124536
v 0.930000 -0.475781 0.125017
v 0.940000 -0.475781 0.122997
v 0.950000 -0.475781 0.116279
v 0.960000 -0.475781 0.107639
v 0.969995 -0.475778 0.097014
v 0.979919 -0.475733 0.076461
v 0.989169 -0.475354 0.000000
v 0.995940 -0.472490 0.000000
v 0.434060 -0.479069 0.000000
v 0.440124 -0.484064 0.064263
v 0.431016 -0.484750 0.000000
v 0.450007 -0.483988 0.094009
v 0.460000 -0.483984 0.110068
v 0.470000 -0.483984 0.118703
v 0.480000 -0.483984 0.115745
v 0.490000 -0.483984 0.108217
v 0.499999 -0.483986 0.101945
v 0.510000 -0.484004 0.100408
v 0.520000 -0.484005 0.100199
v 0.530001 -0.483988 0.101207
v 0.540000 -0.483985 0.105901
v 0.550000 -0.483985 0.109903
v 0.560000 -0.483984 0.111193
v 0.570000 -0.483984 0.111422
v 0.580000 -0.483984 0.109162
v 0.590000 -0.483984 0.104034
v 0.599999 -0.483986 0.099714
v 0.610000 -0.484004 0.099650
v 0.620000 -0.484004 0.100195
v 0.630001 -0.483986 0.101921
v 0.640000 -0.483984 0.108353
v 0.650000 -0.483984 0.116816
v 0.660000 -0.483984 0.123261
v 0.669999 -0.483984 0.119081
v 0.679973 -0.483984 0.105351
v 0.689577 -0.483984 0.077136
v 0.696435 -0.483984 0.000000
v 0.760469 -0.483922 0.061647
v 0.753757 -0.483471 0.000000
v 0.770031 -0.483981 0.093802
v 0.780001 -0.483984 0.110376
v 0.790000 -0.483984 0.120275
v 0.800000 -0.483984 0.124298
v 0.810000 -0.483984 0.125174
v 0.820000 -0.483984 0.125195
v 0.830000 -0.483984 0.125215
v 0.840000 -0.483984 0.126017
v 0.850000 -0.483984 0.127058
v 0.860000 -0.483984 0.126017
v 0.870000 -0.483984 0.125217
v 0.880000 -0.483984 0.125231
v 0.890000 -0.483984 0.125645
v 0.900000 -0.483984 0.127504
v 0.910000 -0.483984 0.130422
v 0.920000 -0.483984 0.131037
v 0.930000 -0.483984 0.127818
v 0.940000 -0.483984 0.120915
v 0.950000 -0.483984 0.110342
v 0.959997 -0.483982 0.096074
v 0.969950 -0.483943 0.075990
v 0.979592 -0.483651 0.057594
v 0.986671 -0.483363 0.000000
v 0.424745 -0.487219 0.000000
v 0.430535 -0.492188 0.047563
v 0.423952 -0.492188 0.000000
v 0.440039 -0.492188 0.082095
v 0.450001 -0.492188 0.101509
v 0.460000 -0.492188 0.113405
v 0.470000 -0.492188 0.121891
v 0.480000 -0.492188 0.122108
v 0.490000 -0.492188 0.117527
v 0.500000 -0.492188 0.114288
v 0.510000 -0.492188 0.113046
v 0.520000 -0.492188 0.111579
v 0.530000 -0.492188 0.110120
v 0.540000 -0.492187 0.109998
v 0.550000 -0.492187 0.110722
v 0.560000 -0.492187 0.109945
v 0.570000 -0.492187 0.106255
v 0.579999 -0.492186 0.101139
v 0.590001 -0.492186 0.099845
v 0.600000 -0.492188 0.103698
v 0.610000 -0.492188 0.108612
v 0.620000 -0.492188 0.111603
v 0.630000 -0.492188 0.114053
v 0.640000 -0.492188 0.117864
v 0.650000 -0.492188 0.123798
v 0.660000 -0.492188 0.127401
v 0.669999 -0.492188 0.120171
v 0.679973 -0.492188 0.105496
v 0.689577 -0.492188 0.077146
v 0.696435 -0.492188 0.000000
v 0.760884 -0.491802 0.000000
v 0.754698 -0.488935 0.000000
v 0.770083 -0.492161 0.080505
v 0.780004 -0.492187 0.104942
v 0.790000 -0.492188 0.113525
v 0.800000 -0.492187 0.114362
v 0.810000 -0.492187 0.114241
v 0.820000 -0.492187 0.114282
v 0.830000 -0.492187 0.114984
v 0.840000 -0.492188 0.118060
v 0.850000 -0.492188 0.123425
v 0.860000 -0.492188 0.128446
v 0.870000 -0.492188 0.132154
v 0.880000 -0.492188 0.134332
v 0.890000 -0.492188 0.134292
v 0.900000 -0.492188 0.133783
v 0.910000 -0.492188 0.132918
v 0.920000 -0.492188 0.129724
v 0.930000 -0.492188 0.123317
v 0.940000 -0.492188 0.114875
v 0.949997 -0.492187 0.102612
v 0.959949 -0.492164 0.078216
v 0.969595 -0.491859 0.000000
v 0.979255 -0.489491 0.000000
v 0.985380 -0.488400 0.000000
v 0.431016 -0.499625 0.000000
v 0.424745 -0.497156 0.000000
v 0.440123 -0.500311 0.064269
v 0.450007 -0.500387 0.094037
v 0.460000 -0.500391 0.110438
v 0.470000 -0.500391 0.121403
v 0.480000 -0.500391 0.125485
v 0.490000 -0.500391 0.122851
v 0.500000 -0.500391 0.120207
v 0.510000 -0.500391 0.117867
v 0.520000 -0.500391 0.112881
v 0.530000 -0.500391 0.106511
v 0.539999 -0.500388 0.101250
v 0.550000 -0.500370 0.099941
v 0.560000 -0.500368 0.098418
v 0.569996 -0.500367 0.091756
v 0.579970 -0.500359 0.078223
v 0.590030 -0.500362 0.078205
v 0.600004 -0.500388 0.092918
v 0.610000 -0.500391 0.105273
v 0.620000 -0.500391 0.113579
v 0.630000 -0.500391 0.119716
v 0.640000 -0.500391 0.124394
v 0.650000 -0.500391 0.129343
v 0.660000 -0.500391 0.130117
v 0.669999 -0.500391 0.120779
v 0.679973 -0.500391 0.105565
v 0.689577 -0.500391 0.077151
v 0.696437 -0.500391 0.000000
v 0.770371 -0.500388 0.077039
v 0.763143 -0.500355 0.000000
v 0.780025 -0.500391 0.101664
v 0.790001 -0.500391 0.105263
v 0.799999 -0.500388 0.101645
v 0.810000 -0.500371 0.100502
v 0.820000 -0.500371 0.100519
v 0.830001 -0.500388 0.101941
v 0.840000 -0.500391 0.107937
v 0.850000 -0.500391 0.115844
v 0.860000 -0.500391 0.123898
v 0.870000 -0.500391 0.131864
v 0.880000 -0.500391 0.137773
v 0.890000 -0.500391 0.136438
v 0.900000 -0.500391 0.131679
v 0.910000 -0.500391 0.127085
v 0.920000 -0.500391 0.122450
v 0.930000 -0.500391 0.115389
v 0.939999 -0.500390 0.105876
v 0.949969 -0.500383 0.090710
v 0.959576 -0.500300 0.061414
v 0.966709 -0.499848 0.000000
v 0.440788 -0.508207 0.000000
v 0.434057 -0.505306 0.000000
v 0.450076 -0.508567 0.080729
v 0.460004 -0.508593 0.106291
v 0.470000 -0.508594 0.118679
v 0.480000 -0.508594 0.121203
v 0.490000 -0.508594 0.117374
v 0.500000 -0.508594 0.114099
v 0.510000 -0.508593 0.111626
v 0.520000 -0.508593 0.105175
v 0.529995 -0.508588 0.093176
v 0.539967 -0.508529 0.077915
v 0.549997 -0.508289 0.074060
v 0.559995 -0.508248 0.071763
v 0.569925 -0.508227 0.060788
v 0.579563 -0.508125 0.000000
v 0.590439 -0.508180 0.000000
v 0.600087 -0.508538 0.065720
v 0.610006 -0.508590 0.093846
v 0.620000 -0.508594 0.107947
v 0.630000 -0.508594 0.116008
v 0.640000 -0.508594 0.122888
v 0.650000 -0.508594 0.129531
v 0.660000 -0.508594 0.130515
v 0.669999 -0.508594 0.120880
v 0.679973 -0.508594 0.105581
v 0.689581 -0.508594 0.077179
v 0.696474 -0.508595 0.000000
v 0.770420 -0.508593 0.075606
v 0.763527 -0.508590 0.000000
v 0.780027 -0.508593 0.096989
v 0.789996 -0.508588 0.092166
v 0.799967 -0.508529 0.077884
v 0.809997 -0.508292 0.074273
v 0.820003 -0.508292 0.074277
v 0.830033 -0.508529 0.077980
v 0.840004 -0.508589 0.093450
v 0.850000 -0.508594 0.106619
v 0.860000 -0.508594 0.117092
v 0.870000 -0.508594 0.127140
v 0.880000 -0.508594 0.134062
v 0.890000 -0.508594 0.131186
v 0.900000 -0.508594 0.124356
v 0.910000 -0.508594 0.118004
v 0.920000 -0.508594 0.112886
v 0.930000 -0.508593 0.105411
v 0.939990 -0.508586 0.091308
v 0.949866 -0.508487 0.064550
v 0.958990 -0.507819 0.000000
v 0.965344 -0.505286 0.000000
v 1.014672 -0.504227 0.000000
v 1.020662 -0.503486 0.000000
v 1.020452 -0.508972 0.054605
v 1.013755 -0.509185 0.000000
v 1.029433 -0.503489 0.000000
v 1.029921 -0.508988 0.057640
v 1.035974 -0.504262 0.000000
v 1.039060 -0.509425 0.000000
v 0.450319 -0.516797 0.077902
v 0.442719 -0.516797 0.000000
v 0.460022 -0.516797 0.104994
v 0.470001 -0.516797 0.115888
v 0.480000 -0.516797 0.114461
v 0.490000 -0.516797 0.107762
v 0.499999 -0.516794 0.101705
v 0.510000 -0.516777 0.098653
v 0.519992 -0.516770 0.089820
v 0.529902 -0.516695 0.064891
v 0.539527 -0.516127 0.000000
v 0.549954 -0.514220 0.000000
v 0.559940 -0.513889 0.000000
v 0.569374 -0.513720 0.000000
v 0.576037 -0.512978 0.000000
v 0.600827 -0.516373 0.000000
v 0.593988 -0.513557 0.000000
v 0.610081 -0.516748 0.076456
v 0.620004 -0.516794 0.096999
v 0.630000 -0.516797 0.107687
v 0.640000 -0.516797 0.117004
v 0.650000 -0.516797 0.126048
v 0.660000 -0.516797 0.129608
v 0.669999 -0.516797 0.120801
v 0.679975 -0.516797 0.105676
v 0.689629 -0.516799 0.077584
v 0.696860 -0.516833 0.000000
v 0.770425 -0.516772 0.071122
v 0.763582 -0.516745 0.000000
v 0.780020 -0.516770 0.084718
v 0.789903 -0.516695 0.064369
v 0.799527 -0.516128 0.000000
v 0.809959 -0.514253 0.000000
v 0.820041 -0.514253 0.000000
v 0.830469 -0.516131 0.000000
v 0.840066 -0.516726 0.065845
v 0.850004 -0.516793 0.094665
v 0.860000 -0.516797 0.110921
v 0.870000 -0.516797 0.122318
v 0.880000 -0.516797 0.127875
v 0.890000 -0.516797 0.123543
v 0.900000 -0.516797 0.115845
v 0.910000 -0.516797 0.107759
v 0.919999 -0.516794 0.100121
v 0.929991 -0.516772 0.089980
v 0.939869 -0.516687 0.064453
v 0.949053 -0.516020 0.000000
v 0.955921 -0.513455 0.000000
v 1.020425 -0.516822 0.071122
v 1.013582 -0.516849 0.000000
v 1.030020 -0.516824 0.084716
v 1.039903 -0.516899 0.064363
v 1.045991 -0.511924 0.000000
v 1.049525 -0.517468 0.000000
v 0.450080 -0.525027 0.079789
v 0.440857 -0.525380 0.000000
v 0.460004 -0.525001 0.104492
v 0.470000 -0.525000 0.111666
v 0.480000 -0.525000 0.105905
v 0.489995 -0.524995 0.093387
v 0.499967 -0.524935 0.077817
v 0.509991 -0.524693 0.072239
v 0.519891 -0.524610 0.060293
v 0.529059 -0.524169 0.000000
v 0.535991 -0.521670 0.000000
v 0.610406 -0.524667 0.057604
v 0.603329 -0.524379 0.000000
v 0.620028 -0.524961 0.076119
v 0.630001 -0.524998 0.096423
v 0.640000 -0.525000 0.111128
v 0.650000 -0.525000 0.122760
v 0.660000 -0.525000 0.128833
v 0.670000 -0.525000 0.121074
v 0.679996 -0.525001 0.106639
v 0.689921 -0.525027 0.080766
v 0.699187 -0.525387 0.000000
v 0.770452 -0.524622 0.054605
v 0.763755 -0.524409 0.000000
v 0.779921 -0.524606 0.057641
v 0.789060 -0.524169 0.000000
v 0.795991 -0.521670 0.000000
v 0.840501 -0.524640 0.000000
v 0.833946 -0.521730 0.000000
v 0.850035 -0.524975 0.081148
v 0.860001 -0.524999 0.106417
v 0.870000 -0.525000 0.118737
v 0.880000 -0.525000 0.121150
v 0.890000 -0.525000 0.115332
v 0.900000 -0.525000 0.106126
v 0.909995 -0.524994 0.093223
v 0.919962 -0.524933 0.075980
v 0.929888 -0.524650 0.060780
v 0.939055 -0.524171 0.000000
v 0.945926 -0.521654 0.000000
v 1.020420 -0.525001 0.075603
v 1.013527 -0.525004 0.000000
v 1.030027 -0.525001 0.096961
v 1.039996 -0.525006 0.092079
v 1.049967 -0.525065 0.077679
v 1.059898 -0.519388 0.000000
v 1.059991 -0.525307 0.072219
v 1.069367 -0.519848 0.000000
v 1.069891 -0.525390 0.060291
v 1.075970 -0.520664 0.000000
v 1.079059 -0.525831 0.000000
v 0.434724 -0.528181 0.000000
v 0.440514 -0.533203 0.048870
v 0.433949 -0.533203 0.000000
v 0.450035 -0.533203 0.087561
v 0.460001 -0.533203 0.105338
v 0.470000 -0.533203 0.107130
v 0.479994 -0.533199 0.094195
v 0.489912 -0.533131 0.065742
v 0.499526 -0.532535 0.000000
v 0.509898 -0.530612 0.000000
v 0.519367 -0.530152 0.000000
v 0.525969 -0.529335 0.000000
v 0.610716 -0.530509 0.000000
v 0.604617 -0.529415 0.000000
v 0.620080 -0.532937 0.000000
v 0.630004 -0.533186 0.081592
v 0.640000 -0.533202 0.106773
v 0.650000 -0.533203 0.121126
v 0.660000 -0.533203 0.128867
v 0.670000 -0.533203 0.122770
v 0.680000 -0.533203 0.110981
v 0.689994 -0.533207 0.094645
v 0.699910 -0.533276 0.065741
v 0.706008 -0.528273 0.000000
v 0.709485 -0.533882 0.000000
v 0.770662 -0.530108 0.000000
v 0.764672 -0.529366 0.000000
v 0.779432 -0.530105 0.000000
v 0.785974 -0.529332 0.000000
v 0.850035 -0.533228 0.081094
v 0.840505 -0.533564 0.000000
v 0.860001 -0.533204 0.105872
v 0.870000 -0.533203 0.115945
v 0.880000 -0.533203 0.114247
v 0.890000 -0.533203 0.105853
v 0.899991 -0.533195 0.091394
v 0.909901 -0.533104 0.065041
v 0.919484 -0.532522 0.000000
v 0.929326 -0.530470 0.000000
v 0.935966 -0.529381 0.000000
v 1.020371 -0.533206 0.076968
v 1.013143 -0.533239 0.000000
v 1.030025 -0.533203 0.101299
v 1.040001 -0.533203 0.104433
v 1.049999 -0.533206 0.100865
v 1.060000 -0.533224 0.098396
v 1.069992 -0.533230 0.089782
v 1.079901 -0.533305 0.064860
v 1.085988 -0.528331 0.000000
v 1.089480 -0.533885 0.000000
v 0.440887 -0.541025 0.000000
v 0.434726 -0.538225 0.000000
v 0.450083 -0.541380 0.079536
v 0.460004 -0.541405 0.102597
v 0.469996 -0.541405 0.102815
v 0.479921 -0.541379 0.080330
v 0.489187 -0.541019 0.000000
v 0.496011 -0.538134 0.000000
v 0.630033 -0.541432 0.081200
v 0.620474 -0.541775 0.000000
v 0.640001 -0.541407 0.106764
v 0.650000 -0.541406 0.121294
v 0.660000 -0.541406 0.129954
v 0.670000 -0.541406 0.126297
v 0.680000 -0.541406 0.117002
v 0.690000 -0.541406 0.106594
v 0.699995 -0.541411 0.093245
v 0.709962 -0.541473 0.075835
v 0.719326 -0.535936 0.000000
v 0.719885 -0.541756 0.060463
v 0.725961 -0.537025 0.000000
v 0.728988 -0.542233 0.000000
v 0.834016 -0.536489 0.000000
v 0.840102 -0.541485 0.065302
v 0.831006 -0.542178 0.000000
v 0.850005 -0.541410 0.094271
v 0.860000 -0.541406 0.108265
v 0.870000 -0.541406 0.111734
v 0.880000 -0.541406 0.105454
v 0.889990 -0.541398 0.091337
v 0.899870 -0.541299 0.064615
v 0.909056 -0.540630 0.000000
v 0.915988 -0.538079 0.000000
v 1.020082 -0.541433 0.079759
v 1.010880 -0.541792 0.000000
v 1.030004 -0.541407 0.102158
v 1.040000 -0.541406 0.108405
v 1.050000 -0.541406 0.109727
v 1.060000 -0.541407 0.109774
v 1.070000 -0.541407 0.104829
v 1.079994 -0.541412 0.092978
v 1.089938 -0.541473 0.075231
v 1.099237 -0.535934 0.000000
v 1.099540 -0.541739 0.057102
v 1.105321 -0.536991 0.000000
v 1.106245 -0.541993 0.000000
v 0.450371 -0.549607 0.077095
v 0.443143 -0.549574 0.000000
v 0.460024 -0.549609 0.101795
v 0.469976 -0.549609 0.101810
v 0.479629 -0.549607 0.077145
v 0.486860 -0.549574 0.000000
v 0.614009 -0.544693 0.000000
v 0.620098 -0.549689 0.065403
v 0.610940 -0.550382 0.000000
v 0.630005 -0.549613 0.094649
v 0.640000 -0.549609 0.111050
v 0.650000 -0.549609 0.123418
v 0.660000 -0.549609 0.132440
v 0.670000 -0.549609 0.131381
v 0.680000 -0.549609 0.124027
v 0.690000 -0.549609 0.115686
v 0.700000 -0.549610 0.107236
v 0.709998 -0.549613 0.098746
v 0.719967 -0.549634 0.087067
v 0.729519 -0.549697 0.058160
v 0.735281 -0.544713 0.000000
v 0.736224 -0.550080 0.000000
v 0.824656 -0.544714 0.000000
v 0.830424 -0.549700 0.061406
v 0.823291 -0.550152 0.000000
v 0.840030 -0.549616 0.090574
v 0.850001 -0.549610 0.104701
v 0.860000 -0.549609 0.109380
v 0.870000 -0.549609 0.104852
v 0.879990 -0.549601 0.091267
v 0.889869 -0.549502 0.064610
v 0.899053 -0.548832 0.000000
v 0.905926 -0.546267 0.000000
v 1.004640 -0.544662 0.000000
v 1.010417 -0.549674 0.061264
v 1.003330 -0.550158 0.000000
v 1.020028 -0.549613 0.089351
v 1.030000 -0.549608 0.097543
v 1.040001 -0.549608 0.100822
v 1.050000 -0.549609 0.106286
v 1.060000 -0.549609 0.111414
v 1.070000 -0.549609 0.111695
v 1.079999 -0.549610 0.106248
v 1.089971 -0.549613 0.095844
v 1.099575 -0.549632 0.072829
v 1.106417 -0.549662 0.000000
v 0.450419 -0.557812 0.076737
v 0.443526 -0.557811 0.000000
v 0.460026 -0.557813 0.101698
v 0.469974 -0.557813 0.101701
v 0.479581 -0.557812 0.076740
v 0.486476 -0.557811 0.000000
v 0.604009 -0.552935 0.000000
v 0.610098 -0.557912 0.065073
v 0.600475 -0.558483 0.000000
v 0.620007 -0.557819 0.091469
v 0.630000 -0.557813 0.106462
v 0.640000 -0.557813 0.117154
v 0.650000 -0.557813 0.127621
v 0.660000 -0.557813 0.136218
v 0.670000 -0.557813 0.136438
v 0.680000 -0.557813 0.130126
v 0.690000 -0.557813 0.122384
v 0.700000 -0.557813 0.114452
v 0.709999 -0.557812 0.105745
v 0.719969 -0.557810 0.090576
v 0.729528 -0.557754 0.058871
v 0.736225 -0.557346 0.000000
v 0.830051 -0.557836 0.078078
v 0.820405 -0.558141 0.000000
v 0.840003 -0.557813 0.101305
v 0.850000 -0.557813 0.108286
v 0.860000 -0.557812 0.104439
v 0.869990 -0.557805 0.091195
v 0.879869 -0.557705 0.064604
v 0.889053 -0.557035 0.000000
v 0.895926 -0.554470 0.000000
v 1.010081 -0.557842 0.073778
v 1.000827 -0.558235 0.000000
v 1.019999 -0.557809 0.085738
v 1.029970 -0.557784 0.077260
v 1.040030 -0.557784 0.078304
v 1.050005 -0.557808 0.093218
v 1.060000 -0.557812 0.105273
v 1.070000 -0.557813 0.111736
v 1.079999 -0.557813 0.111714
v 1.089972 -0.557813 0.102536
v 1.099577 -0.557813 0.076451
v 1.106434 -0.557815 0.000000
v 0.450423 -0.566016 0.076695
v 0.443563 -0.566016 0.000000
v 0.460026 -0.566016 0.101659
v 0.469974 -0.566016 0.101693
v 0.479581 -0.566016 0.076740
v 0.486478 -0.566017 0.000000
v 0.573965 -0.561664 0.000000
v 0.580629 -0.560862 0.000000
v 0.580076 -0.566398 0.060747
v 0.570473 -0.566741 0.000000
v 0.590101 -0.560404 0.000000
v 0.590008 -0.566322 0.072264
v 0.600033 -0.566081 0.077816
v 0.610005 -0.566022 0.093374
v 0.620000 -0.566016 0.106145
v 0.630000 -0.566016 0.115688
v 0.640000 -0.566016 0.124284
v 0.650000 -0.566016 0.132867
v 0.660000 -0.566016 0.138900
v 0.670000 -0.566016 0.137084
v 0.680000 -0.566016 0.130463
v 0.690000 -0.566016 0.123074
v 0.700000 -0.566016 0.114306
v 0.709996 -0.566015 0.102309
v 0.719915 -0.565985 0.077448
v 0.729102 -0.565594 0.000000
v 0.735299 -0.562764 0.000000
v 0.804620 -0.561600 0.000000
v 0.810745 -0.560509 0.000000
v 0.810408 -0.566349 0.057591
v 0.803329 -0.566637 0.000000
v 0.820050 -0.566057 0.075928
v 0.830003 -0.566018 0.095329
v 0.840000 -0.566016 0.105521
v 0.850000 -0.566015 0.103876
v 0.859991 -0.566009 0.091106
v 0.869869 -0.565908 0.064596
v 0.879053 -0.565239 0.000000
v 0.885926 -0.562674 0.000000
v 0.993990 -0.561088 0.000000
v 1.000087 -0.566087 0.060256
v 0.990474 -0.566683 0.000000
v 1.009999 -0.565995 0.078847
v 1.019904 -0.565932 0.063149
v 1.029560 -0.565601 0.000000
v 1.040440 -0.565601 0.000000
v 1.050097 -0.565934 0.065138
v 1.060008 -0.566010 0.091338
v 1.070000 -0.566015 0.105322
v 1.079999 -0.566016 0.110655
v 1.089973 -0.566016 0.103386
v 1.099577 -0.566016 0.076891
v 1.106435 -0.566016 0.000000
v 0.450423 -0.574219 0.076423
v 0.443566 -0.574216 0.000000
v 0.460027 -0.574219 0.101336
v 0.469976 -0.574219 0.101699
v 0.479632 -0.574220 0.077168
v 0.486904 -0.574244 0.000000
v 0.544031 -0.569883 0.000000
v 0.550633 -0.569067 0.000000
v 0.550109 -0.574609 0.060293
v 0.540941 -0.575050 0.000000
v 0.560102 -0.568609 0.000000
v 0.560009 -0.574525 0.072229
v 0.570033 -0.574287 0.077642
v 0.580004 -0.574244 0.091809
v 0.590000 -0.574239 0.098836
v 0.600001 -0.574222 0.101737
v 0.610000 -0.574219 0.107881
v 0.620000 -0.574219 0.115670
v 0.630000 -0.574219 0.123477
v 0.640000 -0.574219 0.130608
v 0.650000 -0.574219 0.136087
v 0.660000 -0.574219 0.137054
v 0.670000 -0.574219 0.131771
v 0.680000 -0.574219 0.124146
v 0.690000 -0.574219 0.116652
v 0.699999 -0.574219 0.108066
v 0.709972 -0.574215 0.093220
v 0.719582 -0.574153 0.061970
v 0.726666 -0.573670 0.000000
v 0.810081 -0.574268 0.076445
v 0.800831 -0.574646 0.000000
v 0.820005 -0.574222 0.096767
v 0.830000 -0.574219 0.105498
v 0.840000 -0.574219 0.105942
v 0.849993 -0.574215 0.093831
v 0.859880 -0.574138 0.065254
v 0.869054 -0.573445 0.000000
v 0.875926 -0.570877 0.000000
v 0.964031 -0.569883 0.000000
v 0.970633 -0.569067 0.000000
v 0.970109 -0.574609 0.059839
v 0.960941 -0.575050 0.000000
v 0.980102 -0.568607 0.000000
v 0.980009 -0.574525 0.070325
v 0.990030 -0.574281 0.069524
v 0.999975 -0.574182 0.066464
v 1.009889 -0.573871 0.058796
v 1.019059 -0.573393 0.000000
v 1.025994 -0.570924 0.000000
v 1.050942 -0.573448 0.000000
v 1.044006 -0.570928 0.000000
v 1.060121 -0.574137 0.065227
v 1.070008 -0.574215 0.093795
v 1.079999 -0.574219 0.106176
v 1.089973 -0.574219 0.102426
v 1.099577 -0.574219 0.076787
v 1.106437 -0.574219 0.000000
v 0.450424 -0.582418 0.073964
v 0.443583 -0.582374 0.000000
v 0.460027 -0.582422 0.099443
v 0.469998 -0.582423 0.101955
v 0.479953 -0.582441 0.080664
v 0.489656 -0.582704 0.000000
v 0.534009 -0.577549 0.000000
v 0.540098 -0.582524 0.064898
v 0.530473 -0.583092 0.000000
v 0.550008 -0.582449 0.089835
v 0.560000 -0.582442 0.098655
v 0.570001 -0.582425 0.101633
v 0.580000 -0.582423 0.107158
v 0.590000 -0.582423 0.112132
v 0.600000 -0.582422 0.114390
v 0.610000 -0.582422 0.117593
v 0.620000 -0.582422 0.122562
v 0.630000 -0.582422 0.127898
v 0.640000 -0.582422 0.131696
v 0.650000 -0.582422 0.133084
v 0.660000 -0.582422 0.130741
v 0.670000 -0.582422 0.123950
v 0.680000 -0.582422 0.115832
v 0.690000 -0.582422 0.107300
v 0.699995 -0.582418 0.096944
v 0.709916 -0.582373 0.076394
v 0.719107 -0.581997 0.000000
v 0.725359 -0.579164 0.000000
v 0.794055 -0.577510 0.000000
v 0.800121 -0.582503 0.065227
v 0.790942 -0.583195 0.000000
v 0.810007 -0.582427 0.093885
v 0.820000 -0.582422 0.107615
v 0.830000 -0.582422 0.111940
v 0.839996 -0.582421 0.104651
v 0.849924 -0.582395 0.080561
v 0.859214 -0.582035 0.000000
v 0.865948 -0.579133 0.000000
v 0.954012 -0.577550 0.000000
v 0.960099 -0.582524 0.063680
v 0.950516 -0.583104 0.000000
v 0.970008 -0.582448 0.086012
v 0.979996 -0.582438 0.087621
v 0.989951 -0.582384 0.072035
v 0.999599 -0.582090 0.000000
v 1.009338 -0.579723 0.000000
v 1.015967 -0.578602 0.000000
v 1.060831 -0.581998 0.000000
v 1.054055 -0.579131 0.000000
v 1.070082 -0.582390 0.077518
v 1.080003 -0.582421 0.100025
v 1.089973 -0.582422 0.100862
v 1.099581 -0.582422 0.076590
v 1.106474 -0.582424 0.000000
v 0.450446 -0.590563 0.061647
v 0.443753 -0.590111 0.000000
v 0.460029 -0.590622 0.092769
v 0.470001 -0.590625 0.103364
v 0.479998 -0.590627 0.095498
v 0.489977 -0.590663 0.078585
v 0.499970 -0.584961 0.000000
v 0.499998 -0.590927 0.074300
v 0.510001 -0.585281 0.000000
v 0.510000 -0.590966 0.073791
v 0.520044 -0.584996 0.000000
v 0.520003 -0.590929 0.074244
v 0.530033 -0.590690 0.077971
v 0.540005 -0.590631 0.093304
v 0.550000 -0.590626 0.105383
v 0.560000 -0.590626 0.111709
v 0.570000 -0.590625 0.113998
v 0.580000 -0.590625 0.116805
v 0.590000 -0.590625 0.120460
v 0.600000 -0.590625 0.122257
v 0.610000 -0.590625 0.123380
v 0.620000 -0.590625 0.123756
v 0.630000 -0.590625 0.124124
v 0.640000 -0.590625 0.124682
v 0.650000 -0.590625 0.124560
v 0.660000 -0.590625 0.122291
v 0.670000 -0.590625 0.115471
v 0.680000 -0.590625 0.106132
v 0.689994 -0.590619 0.093160
v 0.699940 -0.590558 0.075345
v 0.709591 -0.590290 0.057533
v 0.716668 -0.590004 0.000000
v 0.784009 -0.585748 0.000000
v 0.790098 -0.590724 0.065071
v 0.780475 -0.591296 0.000000
v 0.800008 -0.590632 0.091448
v 0.810000 -0.590625 0.106185
v 0.820000 -0.590625 0.114768
v 0.829999 -0.590625 0.116042
v 0.839978 -0.590625 0.105034
v 0.849684 -0.590624 0.077990
v 0.857328 -0.590614 0.000000
v 0.934034 -0.586244 0.000000
v 0.940674 -0.585155 0.000000
v 0.940112 -0.590975 0.060092
v 0.930941 -0.591453 0.000000
v 0.950038 -0.590692 0.073108
v 0.960004 -0.590628 0.084818
v 0.969995 -0.590603 0.086872
v 0.979941 -0.590557 0.073778
v 0.989594 -0.590290 0.057048
v 0.996713 -0.590014 0.000000
v 1.070427 -0.590533 0.061290
v 1.063332 -0.590072 0.000000
v 1.080030 -0.590618 0.089508
v 1.089976 -0.590625 0.096835
v 1.099629 -0.590627 0.076155
v 1.106857 -0.590661 0.000000
v 0.450541 -0.598462 0.000000
v 0.444652 -0.595577 0.000000
v 0.460036 -0.598803 0.080648
v 0.470001 -0.598827 0.102888
v 0.480000 -0.598828 0.105669
v 0.489999 -0.598830 0.101684
v 0.500000 -0.598848 0.100473
v 0.510000 -0.598850 0.100338
v 0.520000 -0.598848 0.100501
v 0.530001 -0.598831 0.101926
v 0.540000 -0.598828 0.107746
v 0.550000 -0.598828 0.114481
v 0.560000 -0.598828 0.118580
v 0.570000 -0.598828 0.119864
v 0.580000 -0.598828 0.120706
v 0.590000 -0.598828 0.121739
v 0.600000 -0.598828 0.121941
v 0.610000 -0.598828 0.120792
v 0.620000 -0.598828 0.117384
v 0.630000 -0.598828 0.114824
v 0.640000 -0.598827 0.114266
v 0.650000 -0.598828 0.114278
v 0.660000 -0.598828 0.113330
v 0.670000 -0.598828 0.105893
v 0.679992 -0.598821 0.091420
v 0.689901 -0.598729 0.065040
v 0.699480 -0.598147 0.000000
v 0.709242 -0.596097 0.000000
v 0.715379 -0.595038 0.000000
v 0.754676 -0.594458 0.000000
v 0.760723 -0.593673 0.000000
v 0.760458 -0.599201 0.056360
v 0.753756 -0.599417 0.000000
v 0.770107 -0.593216 0.000000
v 0.770033 -0.599134 0.071233
v 0.780034 -0.598893 0.077592
v 0.790005 -0.598834 0.093338
v 0.800000 -0.598828 0.106131
v 0.810000 -0.598828 0.115358
v 0.820000 -0.598828 0.121221
v 0.830000 -0.598828 0.118756
v 0.839998 -0.598829 0.106350
v 0.849957 -0.598847 0.081222
v 0.859686 -0.599109 0.000000
v 0.924009 -0.593955 0.000000
v 0.930098 -0.598930 0.063919
v 0.920473 -0.599498 0.000000
v 0.940008 -0.598853 0.085210
v 0.949996 -0.598825 0.084675
v 0.959963 -0.598761 0.073125
v 0.969919 -0.598486 0.060509
v 0.979482 -0.598095 0.000000
v 0.989242 -0.596095 0.000000
v 0.995383 -0.595039 0.000000
v 1.071010 -0.598053 0.000000
v 1.064659 -0.595519 0.000000
v 1.080134 -0.598721 0.063939
v 1.090006 -0.598821 0.085666
v 1.099918 -0.598854 0.076180
v 1.109116 -0.599213 0.000000
v 0.460004 -0.607048 0.081403
v 0.450079 -0.607297 0.000000
v 0.470000 -0.607032 0.105075
v 0.480000 -0.607031 0.113438
v 0.490000 -0.607031 0.114063
v 0.500000 -0.607032 0.113900
v 0.510000 -0.607032 0.113928
v 0.520000 -0.607032 0.114130
v 0.530000 -0.607031 0.114810
v 0.540000 -0.607031 0.116852
v 0.550000 -0.607031 0.118251
v 0.560000 -0.607031 0.116244
v 0.570000 -0.607031 0.114178
v 0.580000 -0.607031 0.113708
v 0.590000 -0.607031 0.113765
v 0.600000 -0.607031 0.113588
v 0.610000 -0.607031 0.112089
v 0.620000 -0.607030 0.107225
v 0.629999 -0.607028 0.101871
v 0.640000 -0.607013 0.100637
v 0.650001 -0.607028 0.101346
v 0.660000 -0.607030 0.102962
v 0.669993 -0.607026 0.092929
v 0.679879 -0.606950 0.065119
v 0.689057 -0.606258 0.000000
v 0.695988 -0.603704 0.000000
v 0.760427 -0.607052 0.070010
v 0.753602 -0.607036 0.000000
v 0.770028 -0.607051 0.092266
v 0.780002 -0.607034 0.099863
v 0.790000 -0.607031 0.107501
v 0.800000 -0.607031 0.115801
v 0.810000 -0.607031 0.123561
v 0.820000 -0.607031 0.127901
v 0.830000 -0.607031 0.122336
v 0.840000 -0.607031 0.111079
v 0.849998 -0.607033 0.096615
v 0.859978 -0.607069 0.078663
v 0.869971 -0.601368 0.000000
v 0.869998 -0.607333 0.074282
v 0.879999 -0.601719 0.000000
v 0.880000 -0.607375 0.073736
v 0.890000 -0.601749 0.000000
v 0.890000 -0.607378 0.073701
v 0.900002 -0.601721 0.000000
v 0.900000 -0.607375 0.073729
v 0.910044 -0.601404 0.000000
v 0.910003 -0.607336 0.074125
v 0.920033 -0.607096 0.076990
v 0.930005 -0.607037 0.087903
v 0.939992 -0.607025 0.085866
v 0.949901 -0.606932 0.063637
v 0.959484 -0.606350 0.000000
v 0.969331 -0.604299 0.000000
v 0.976028 -0.603224 0.000000
v 1.080947 -0.606254 0.000000
v 1.074079 -0.603689 0.000000
v 1.090130 -0.606921 0.062829
v 1.099978 -0.607007 0.078698
v 1.109529 -0.607069 0.057189
v 1.115300 -0.602077 0.000000
v 1.116225 -0.607493 0.000000
v 0.434031 -0.610851 0.000000
v 0.440632 -0.609727 0.000000
v 0.440109 -0.615582 0.060849
v 0.430941 -0.616062 0.000000
v 0.450007 -0.615274 0.076745
v 0.460000 -0.615236 0.096382
v 0.470000 -0.615234 0.110316
v 0.480000 -0.615234 0.119130
v 0.490000 -0.615234 0.121795
v 0.500000 -0.615234 0.122354
v 0.510000 -0.615234 0.122903
v 0.520000 -0.615234 0.123838
v 0.530000 -0.615234 0.124178
v 0.540000 -0.615234 0.121980
v 0.550000 -0.615234 0.115927
v 0.560000 -0.615234 0.108140
v 0.569999 -0.615232 0.101939
v 0.580000 -0.615214 0.100474
v 0.590000 -0.615212 0.100308
v 0.600000 -0.615212 0.100133
v 0.610000 -0.615212 0.098665
v 0.619996 -0.615209 0.091810
v 0.629967 -0.615169 0.077834
v 0.640000 -0.614973 0.074718
v 0.650033 -0.615169 0.077386
v 0.660000 -0.615208 0.087439
v 0.669919 -0.615183 0.074828
v 0.679169 -0.614807 0.000000
v 0.685945 -0.611943 0.000000
v 0.760469 -0.615173 0.061116
v 0.753758 -0.614723 0.000000
v 0.770031 -0.615232 0.092014
v 0.780001 -0.615234 0.106620
v 0.790000 -0.615234 0.115696
v 0.800000 -0.615234 0.123951
v 0.810000 -0.615234 0.131426
v 0.820000 -0.615234 0.134353
v 0.830000 -0.615234 0.127301
v 0.840000 -0.615234 0.117312
v 0.850000 -0.615234 0.108280
v 0.859999 -0.615236 0.101747
v 0.870000 -0.615255 0.100180
v 0.880000 -0.615257 0.099999
v 0.890000 -0.615257 0.099987
v 0.900000 -0.615257 0.099960
v 0.910000 -0.615255 0.099616
v 0.920001 -0.615237 0.097475
v 0.929993 -0.615231 0.089857
v 0.939879 -0.615154 0.064292
v 0.949058 -0.614461 0.000000
v 0.955988 -0.611908 0.000000
v 1.090944 -0.614402 0.000000
v 1.084074 -0.611888 0.000000
v 1.100079 -0.614840 0.056813
v 1.109546 -0.614861 0.052336
v 1.116227 -0.614691 0.000000
v 0.424009 -0.618564 0.000000
v 0.430098 -0.623539 0.064905
v 0.420473 -0.624108 0.000000
v 0.440008 -0.623462 0.089987
v 0.450000 -0.623440 0.100061
v 0.460000 -0.623438 0.107493
v 0.470000 -0.623438 0.114586
v 0.480000 -0.623438 0.120209
v 0.490000 -0.623438 0.122045
v 0.500000 -0.623438 0.122781
v 0.510000 -0.623438 0.124722
v 0.520000 -0.623438 0.128034
v 0.530000 -0.623438 0.128981
v 0.540000 -0.623438 0.122263
v 0.550000 -0.623438 0.111021
v 0.559997 -0.623435 0.096610
v 0.569977 -0.623399 0.078673
v 0.579998 -0.623136 0.074302
v 0.590000 -0.623093 0.073750
v 0.600000 -0.623091 0.073563
v 0.609995 -0.623089 0.071743
v 0.619924 -0.623054 0.060718
v 0.629531 -0.622736 0.000000
v 0.640000 -0.621204 0.000000
v 0.650468 -0.622736 0.000000
v 0.660049 -0.623052 0.058162
v 0.669599 -0.623058 0.055054
v 0.676671 -0.622811 0.000000
v 0.760884 -0.623052 0.000000
v 0.754698 -0.620185 0.000000
v 0.770083 -0.623411 0.080491
v 0.780004 -0.623437 0.105981
v 0.790000 -0.623438 0.119774
v 0.800000 -0.623438 0.130369
v 0.810000 -0.623438 0.138280
v 0.820000 -0.623438 0.139920
v 0.830000 -0.623438 0.133040
v 0.840000 -0.623438 0.124281
v 0.850000 -0.623438 0.117041
v 0.860000 -0.623438 0.112769
v 0.870000 -0.623438 0.111426
v 0.880000 -0.623438 0.111207
v 0.890000 -0.623438 0.111189
v 0.900000 -0.623438 0.111118
v 0.910000 -0.623438 0.109979
v 0.919996 -0.623437 0.102611
v 0.929921 -0.623411 0.079864
v 0.939184 -0.623050 0.000000
v 0.945946 -0.620149 0.000000
v 1.100568 -0.620340 0.000000
v 1.094026 -0.619566 0.000000
v 1.109338 -0.620342 0.000000
v 1.115327 -0.619604 0.000000
v 0.383965 -0.627291 0.000000
v 0.390626 -0.626518 0.000000
v 0.390076 -0.632025 0.060714
v 0.380473 -0.632366 0.000000
v 0.400060 -0.626345 0.000000
v 0.400005 -0.631987 0.071776
v 0.410046 -0.626014 0.000000
v 0.410003 -0.631945 0.074079
v 0.420033 -0.631706 0.077946
v 0.430005 -0.631647 0.093254
v 0.440000 -0.631642 0.105261
v 0.450000 -0.631641 0.111715
v 0.460000 -0.631641 0.113823
v 0.470000 -0.631641 0.114160
v 0.480000 -0.631641 0.113946
v 0.490000 -0.631640 0.113953
v 0.500000 -0.631641 0.114682
v 0.510000 -0.631641 0.117883
v 0.520000 -0.631641 0.123383
v 0.530000 -0.631641 0.126717
v 0.540000 -0.631641 0.120370
v 0.549997 -0.631640 0.106573
v 0.559954 -0.631622 0.081213
v 0.569656 -0.631359 0.000000
v 0.579970 -0.629101 0.000000
v 0.589999 -0.628750 0.000000
v 0.599997 -0.628717 0.000000
v 0.609942 -0.628701 0.000000
v 0.619374 -0.628559 0.000000
v 0.626035 -0.627788 0.000000
v 0.660563 -0.628544 0.000000
v 0.653961 -0.627787 0.000000
v 0.669343 -0.628545 0.000000
v 0.675387 -0.627801 0.000000
v 0.770371 -0.631638 0.077569
v 0.763143 -0.631605 0.000000
v 0.780025 -0.631641 0.105650
v 0.790001 -0.631641 0.121062
v 0.800000 -0.631641 0.133094
v 0.810000 -0.631641 0.141194
v 0.820000 -0.631641 0.141907
v 0.830000 -0.631641 0.136379
v 0.840000 -0.631641 0.128474
v 0.850000 -0.631641 0.120776
v 0.860000 -0.631641 0.114900
v 0.870000 -0.631641 0.111939
v 0.880000 -0.631640 0.111275
v 0.890000 -0.631640 0.111248
v 0.900000 -0.631641 0.111520
v 0.909999 -0.631641 0.111355
v 0.919975 -0.631641 0.103449
v 0.929633 -0.631638 0.077333
v 0.936899 -0.631607 0.000000
v 0.353969 -0.635493 0.000000
v 0.360629 -0.634690 0.000000
v 0.360078 -0.640226 0.060719
v 0.350514 -0.640580 0.000000
v 0.370101 -0.634234 0.000000
v 0.370008 -0.640150 0.072254
v 0.380033 -0.639912 0.077644
v 0.390004 -0.639869 0.091801
v 0.400000 -0.639866 0.098659
v 0.410000 -0.639864 0.100224
v 0.420001 -0.639847 0.101632
v 0.430000 -0.639844 0.107160
v 0.440000 -0.639844 0.113186
v 0.450000 -0.639844 0.116331
v 0.460000 -0.639844 0.113198
v 0.470000 -0.639844 0.107240
v 0.479999 -0.639841 0.101835
v 0.490000 -0.639826 0.100655
v 0.500001 -0.639841 0.101929
v 0.510000 -0.639844 0.107904
v 0.520000 -0.639844 0.115530
v 0.530000 -0.639844 0.121097
v 0.539999 -0.639844 0.118452
v 0.549975 -0.639844 0.105371
v 0.559632 -0.639842 0.077597
v 0.566903 -0.639819 0.000000
v 0.770419 -0.639844 0.077178
v 0.763526 -0.639842 0.000000
v 0.780027 -0.639844 0.105575
v 0.790001 -0.639844 0.120911
v 0.800000 -0.639844 0.131540
v 0.810000 -0.639844 0.135780
v 0.820000 -0.639844 0.134994
v 0.830000 -0.639844 0.130810
v 0.840000 -0.639844 0.123526
v 0.850000 -0.639844 0.115430
v 0.860000 -0.639844 0.107544
v 0.869999 -0.639841 0.101585
v 0.880000 -0.639824 0.100171
v 0.890000 -0.639824 0.100157
v 0.900001 -0.639842 0.101360
v 0.909999 -0.639844 0.105300
v 0.919975 -0.639844 0.101945
v 0.929632 -0.639846 0.077150
v 0.936896 -0.639878 0.000000
v 0.333968 -0.643650 0.000000
v 0.340669 -0.642578 0.000000
v 0.340079 -0.648389 0.061225
v 0.330470 -0.648769 0.000000
v 0.350037 -0.648116 0.075833
v 0.360004 -0.648072 0.091663
v 0.370000 -0.648067 0.098839
v 0.380001 -0.648050 0.101680
v 0.390000 -0.648048 0.107188
v 0.400000 -0.648048 0.111903
v 0.410000 -0.648048 0.112913
v 0.420000 -0.648047 0.112532
v 0.430000 -0.648047 0.113452
v 0.440000 -0.648047 0.113679
v 0.450000 -0.648047 0.111702
v 0.460000 -0.648046 0.105261
v 0.469995 -0.648041 0.093260
v 0.479967 -0.647984 0.077998
v 0.490000 -0.647785 0.074764
v 0.500033 -0.647984 0.078010
v 0.510005 -0.648042 0.093434
v 0.520000 -0.648047 0.106407
v 0.530000 -0.648047 0.115105
v 0.539999 -0.648047 0.116794
v 0.549973 -0.648047 0.105055
v 0.559581 -0.648047 0.077144
v 0.566476 -0.648046 0.000000
v 0.770423 -0.648047 0.077143
v 0.763563 -0.648047 0.000000
v 0.780027 -0.648047 0.105442
v 0.790001 -0.648047 0.119917
v 0.800000 -0.648047 0.127548
v 0.810000 -0.648047 0.127355
v 0.820000 -0.648047 0.125242
v 0.830000 -0.648047 0.122098
v 0.840000 -0.648047 0.115360
v 0.850000 -0.648047 0.106102
v 0.859995 -0.648041 0.093356
v 0.869967 -0.647982 0.077954
v 0.879997 -0.647745 0.074257
v 0.890002 -0.647748 0.074308
v 0.900023 -0.648009 0.078511
v 0.910002 -0.648045 0.094975
v 0.919996 -0.648048 0.100187
v 0.929918 -0.648074 0.079858
v 0.939118 -0.648433 0.000000
v 0.283969 -0.651902 0.000000
v 0.290626 -0.651128 0.000000
v 0.290078 -0.656635 0.060685
v 0.280514 -0.656986 0.000000
v 0.300058 -0.650985 0.000000
v 0.300005 -0.656599 0.071744
v 0.310005 -0.650940 0.000000
v 0.310000 -0.656594 0.073596
v 0.320044 -0.650625 0.000000
v 0.320003 -0.656554 0.074226
v 0.330033 -0.656318 0.077813
v 0.340004 -0.656273 0.091981
v 0.350001 -0.656253 0.100214
v 0.360000 -0.656251 0.107100
v 0.370000 -0.656251 0.112333
v 0.380000 -0.656250 0.114543
v 0.390000 -0.656250 0.117165
v 0.400000 -0.656250 0.119664
v 0.410000 -0.656250 0.118429
v 0.420000 -0.656250 0.114505
v 0.430000 -0.656250 0.111112
v 0.440000 -0.656249 0.106527
v 0.449999 -0.656247 0.099936
v 0.459992 -0.656225 0.089980
v 0.469902 -0.656149 0.064910
v 0.479529 -0.655604 0.000000
v 0.490000 -0.654022 0.000000
v 0.500470 -0.655607 0.000000
v 0.510088 -0.656179 0.065770
v 0.520006 -0.656246 0.094542
v 0.530000 -0.656250 0.109822
v 0.539999 -0.656250 0.115516
v 0.549973 -0.656250 0.104889
v 0.559577 -0.656250 0.077105
v 0.566437 -0.656250 0.000000
v 0.770423 -0.656250 0.077086
v 0.763565 -0.656250 0.000000
v 0.780027 -0.656250 0.104891
v 0.790001 -0.656250 0.117193
v 0.800000 -0.656250 0.120862
v 0.810000 -0.656250 0.117832
v 0.820000 -0.656250 0.114716
v 0.830000 -0.656249 0.112143
v 0.840000 -0.656249 0.105325
v 0.849992 -0.656242 0.091332
v 0.859902 -0.656151 0.065065
v 0.869527 -0.655581 0.000000
v 0.879958 -0.653708 0.000000
v 0.890028 -0.653742 0.000000
v 0.900344 -0.655969 0.000000
v 0.910046 -0.656231 0.080349
v 0.920002 -0.656249 0.099938
v 0.929969 -0.656253 0.092220
v 0.939531 -0.656312 0.061506
v 0.945302 -0.651300 0.000000
v 0.946243 -0.656764 0.000000
v 0.264034 -0.660072 0.000000
v 0.270674 -0.658986 0.000000
v 0.270112 -0.664803 0.060771
v 0.260941 -0.665281 0.000000
v 0.280038 -0.664523 0.075808
v 0.290004 -0.664479 0.091652
v 0.300000 -0.664476 0.098667
v 0.310000 -0.664476 0.100147
v 0.320000 -0.664473 0.100473
v 0.330001 -0.664456 0.101856
v 0.340000 -0.664454 0.107346
v 0.350000 -0.664453 0.113075
v 0.360000 -0.664453 0.117717
v 0.370000 -0.664453 0.122239
v 0.380000 -0.664453 0.123689
v 0.390000 -0.664453 0.123109
v 0.400000 -0.664453 0.120494
v 0.410000 -0.664453 0.114801
v 0.420000 -0.664453 0.107319
v 0.429999 -0.664450 0.100050
v 0.439996 -0.664430 0.091771
v 0.449962 -0.664383 0.075811
v 0.459888 -0.664103 0.060771
v 0.469059 -0.663626 0.000000
v 0.475991 -0.661125 0.000000
v 0.510813 -0.664066 0.000000
v 0.503989 -0.661183 0.000000
v 0.520079 -0.664426 0.080706
v 0.530004 -0.664452 0.105801
v 0.539999 -0.664453 0.114777
v 0.549973 -0.664453 0.104809
v 0.559577 -0.664453 0.077099
v 0.566435 -0.664453 0.000000
v 0.634590 -0.660105 0.000000
v 0.640089 -0.659489 0.000000
v 0.640352 -0.664870 0.041633
v 0.633764 -0.665000 0.000000
v 0.646065 -0.660143 0.000000
v 0.649090 -0.665286 0.000000
v 0.770423 -0.664453 0.076801
v 0.763565 -0.664453 0.000000
v 0.780027 -0.664453 0.103054
v 0.790001 -0.664453 0.111214
v 0.800000 -0.664452 0.111862
v 0.810000 -0.664452 0.107232
v 0.819999 -0.664450 0.101684
v 0.830000 -0.664433 0.098684
v 0.839991 -0.664426 0.089816
v 0.849869 -0.664343 0.064444
v 0.859056 -0.663677 0.000000
v 0.865991 -0.661127 0.000000
v 0.910368 -0.664451 0.076806
v 0.903098 -0.664426 0.000000
v 0.920024 -0.664453 0.100767
v 0.929973 -0.664453 0.099233
v 0.939575 -0.664457 0.073941
v 0.946416 -0.664501 0.000000
v 0.254012 -0.667784 0.000000
v 0.260099 -0.672758 0.064879
v 0.250516 -0.673338 0.000000
v 0.270008 -0.672681 0.089999
v 0.280001 -0.672660 0.100050
v 0.290000 -0.672657 0.107074
v 0.300000 -0.672657 0.112194
v 0.310000 -0.672657 0.113664
v 0.320000 -0.672657 0.113927
v 0.330000 -0.672656 0.114664
v 0.340000 -0.672656 0.117722
v 0.350000 -0.672656 0.122682
v 0.360000 -0.672656 0.126924
v 0.370000 -0.672656 0.129967
v 0.380000 -0.672656 0.128142
v 0.390000 -0.672656 0.122346
v 0.400000 -0.672656 0.115152
v 0.410000 -0.672656 0.106044
v 0.419995 -0.672650 0.093194
v 0.429963 -0.672589 0.075990
v 0.439920 -0.672314 0.061205
v 0.449486 -0.671923 0.000000
v 0.459326 -0.669920 0.000000
v 0.465966 -0.668834 0.000000
v 0.520371 -0.672654 0.077531
v 0.513140 -0.672621 0.000000
v 0.530025 -0.672656 0.104898
v 0.540000 -0.672656 0.114631
v 0.549973 -0.672656 0.104796
v 0.559577 -0.672656 0.077099
v 0.566435 -0.672656 0.000000
v 0.640464 -0.672622 0.051474
v 0.633775 -0.672195 0.000000
v 0.649933 -0.672755 0.055701
v 0.655993 -0.667783 0.000000
v 0.659526 -0.673327 0.000000
v 0.770423 -0.672655 0.075752
v 0.763566 -0.672654 0.000000
v 0.780027 -0.672655 0.098583
v 0.790000 -0.672653 0.100418
v 0.800000 -0.672636 0.098735
v 0.809996 -0.672631 0.091810
v 0.819967 -0.672589 0.077644
v 0.829991 -0.672350 0.072230
v 0.839891 -0.672266 0.060292
v 0.849055 -0.671824 0.000000
v 0.855926 -0.669310 0.000000
v 0.910422 -0.672652 0.073969
v 0.903542 -0.672607 0.000000
v 0.920027 -0.672656 0.099232
v 0.929973 -0.672656 0.100713
v 0.939577 -0.672656 0.076350
v 0.946434 -0.672659 0.000000
v 0.233968 -0.676462 0.000000
v 0.240669 -0.675388 0.000000
v 0.240079 -0.681201 0.061235
v 0.230470 -0.681581 0.000000
v 0.250037 -0.680926 0.076000
v 0.260005 -0.680866 0.093159
v 0.270000 -0.680860 0.105554
v 0.280000 -0.680859 0.112822
v 0.290000 -0.680859 0.117499
v 0.300000 -0.680859 0.121632
v 0.310000 -0.680859 0.122520
v 0.320000 -0.680859 0.122425
v 0.330000 -0.680859 0.122827
v 0.340000 -0.680859 0.124864
v 0.350000 -0.680859 0.128955
v 0.360000 -0.680859 0.132909
v 0.370000 -0.680859 0.133542
v 0.380000 -0.680859 0.126684
v 0.390000 -0.680859 0.116896
v 0.400000 -0.680859 0.106413
v 0.409993 -0.680853 0.091463
v 0.419901 -0.680760 0.065045
v 0.429484 -0.680178 0.000000
v 0.439331 -0.678127 0.000000
v 0.446028 -0.677052 0.000000
v 0.520419 -0.680859 0.077126
v 0.513526 -0.680858 0.000000
v 0.530027 -0.680859 0.104800
v 0.540000 -0.680859 0.114618
v 0.549973 -0.680859 0.104795
v 0.559577 -0.680859 0.077099
v 0.566435 -0.680859 0.000000
v 0.640898 -0.680439 0.000000
v 0.634701 -0.677608 0.000000
v 0.650080 -0.680835 0.067098
v 0.659970 -0.680923 0.072259
v 0.669893 -0.675247 0.000000
v 0.669970 -0.681165 0.070861
v 0.679283 -0.675705 0.000000
v 0.679597 -0.681234 0.057019
v 0.685386 -0.676491 0.000000
v 0.686713 -0.681475 0.000000
v 0.770425 -0.680835 0.071279
v 0.763583 -0.680807 0.000000
v 0.780023 -0.680834 0.086670
v 0.789968 -0.680792 0.077105
v 0.799992 -0.680553 0.072223
v 0.809924 -0.680477 0.060746
v 0.819528 -0.680134 0.000000
v 0.829898 -0.678266 0.000000
v 0.839367 -0.677808 0.000000
v 0.845969 -0.676992 0.000000
v 0.910469 -0.680797 0.061505
v 0.903755 -0.680346 0.000000
v 0.920030 -0.680856 0.092172
v 0.929974 -0.680859 0.099315
v 0.939577 -0.680859 0.076402
v 0.946435 -0.680860 0.000000
v 0.183965 -0.684713 0.000000
v 0.190626 -0.683941 0.000000
v 0.190076 -0.689447 0.060713
v 0.180473 -0.689788 0.000000
v 0.200058 -0.683797 0.000000
v 0.200005 -0.689411 0.071744
v 0.210005 -0.683753 0.000000
v 0.210000 -0.689407 0.073596
v 0.220044 -0.683438 0.000000
v 0.220003 -0.689367 0.074227
v 0.230033 -0.689130 0.077812
v 0.240004 -0.689086 0.091982
v 0.250001 -0.689066 0.100266
v 0.260000 -0.689063 0.107692
v 0.270000 -0.689062 0.115425
v 0.280000 -0.689062 0.121933
v 0.290000 -0.689062 0.125373
v 0.300000 -0.689062 0.126612
v 0.310000 -0.689062 0.124488
v 0.320000 -0.689062 0.122800
v 0.330000 -0.689062 0.122524
v 0.340000 -0.689062 0.123432
v 0.350000 -0.689062 0.126356
v 0.360000 -0.689062 0.130570
v 0.370000 -0.689062 0.131587
v 0.380000 -0.689062 0.123214
v 0.390000 -0.689062 0.111022
v 0.399995 -0.689059 0.094646
v 0.409901 -0.688983 0.065391
v 0.419060 -0.688289 0.000000
v 0.425988 -0.685736 0.000000
v 0.520423 -0.689062 0.077100
v 0.513563 -0.689062 0.000000
v 0.530027 -0.689062 0.104795
v 0.540000 -0.689062 0.114617
v 0.549973 -0.689062 0.104795
v 0.559577 -0.689062 0.077099
v 0.566435 -0.689062 0.000000
v 0.650417 -0.688998 0.060262
v 0.643334 -0.688514 0.000000
v 0.660027 -0.689062 0.086276
v 0.669998 -0.689083 0.092503
v 0.679950 -0.689106 0.076341
v 0.689599 -0.689395 0.000000
v 0.770453 -0.688685 0.054629
v 0.763755 -0.688471 0.000000
v 0.779954 -0.688676 0.058092
v 0.789528 -0.688337 0.000000
v 0.799899 -0.686469 0.000000
v 0.809372 -0.686013 0.000000
v 0.816035 -0.685211 0.000000
v 0.910884 -0.688677 0.000000
v 0.904698 -0.685810 0.000000
v 0.920082 -0.689036 0.079540
v 0.929976 -0.689062 0.096860
v 0.939577 -0.689062 0.076160
v 0.946435 -0.689062 0.000000
v 0.153965 -0.692914 0.000000
v 0.160628 -0.692112 0.000000
v 0.160076 -0.697648 0.060747
v 0.150473 -0.697991 0.000000
v 0.170101 -0.691656 0.000000
v 0.170008 -0.697572 0.072255
v 0.180033 -0.697333 0.077645
v 0.190004 -0.697291 0.091805
v 0.200000 -0.697288 0.098677
v 0.210000 -0.697288 0.100162
v 0.220000 -0.697286 0.100485
v 0.230001 -0.697269 0.101852
v 0.240000 -0.697266 0.107294
v 0.250000 -0.697266 0.112853
v 0.260000 -0.697266 0.117349
v 0.270000 -0.697266 0.122421
v 0.280000 -0.697266 0.126888
v 0.290000 -0.697266 0.127269
v 0.300000 -0.697266 0.123248
v 0.310000 -0.697266 0.117855
v 0.320000 -0.697266 0.114685
v 0.330000 -0.697265 0.114041
v 0.340000 -0.697266 0.114765
v 0.350000 -0.697266 0.118146
v 0.360000 -0.697266 0.123988
v 0.370000 -0.697266 0.127718
v 0.380000 -0.697266 0.120706
v 0.389999 -0.697265 0.106692
v 0.399965 -0.697241 0.081164
v 0.409492 -0.696905 0.000000
v 0.415989 -0.693979 0.000000
v 0.520423 -0.697266 0.077099
v 0.513565 -0.697266 0.000000
v 0.530027 -0.697266 0.104795
v 0.540000 -0.697266 0.114617
v 0.549973 -0.697266 0.104795
v 0.559577 -0.697266 0.077099
v 0.566435 -0.697266 0.000000
v 0.650880 -0.696880 0.000000
v 0.644640 -0.694010 0.000000
v 0.660082 -0.697239 0.079081
v 0.670004 -0.697265 0.098960
v 0.679997 -0.697268 0.094334
v 0.689971 -0.697307 0.076452
v 0.699338 -0.691762 0.000000
v 0.699886 -0.697613 0.060762
v 0.705962 -0.692882 0.000000
v 0.708988 -0.698092 0.000000
v 0.770662 -0.694170 0.000000
v 0.764672 -0.693429 0.000000
v 0.779437 -0.694169 0.000000
v 0.786039 -0.693411 0.000000
v 0.920370 -0.697263 0.076532
v 0.913143 -0.697230 0.000000
v 0.929997 -0.697266 0.096320
v 0.939578 -0.697266 0.076116
v 0.946435 -0.697266 0.000000
v 0.124031 -0.701133 0.000000
v 0.130633 -0.700317 0.000000
v 0.130109 -0.705859 0.060292
v 0.120941 -0.706300 0.000000
v 0.140102 -0.699859 0.000000
v 0.140009 -0.705775 0.072229
v 0.150033 -0.705537 0.077643
v 0.160004 -0.705494 0.091814
v 0.170000 -0.705489 0.098846
v 0.180001 -0.705472 0.101690
v 0.190000 -0.705470 0.107262
v 0.200000 -0.705469 0.112267
v 0.210000 -0.705469 0.113877
v 0.220000 -0.705469 0.114100
v 0.230000 -0.705469 0.114604
v 0.240000 -0.705469 0.117180
v 0.250000 -0.705469 0.120817
v 0.260000 -0.705469 0.123073
v 0.270000 -0.705469 0.123661
v 0.280000 -0.705469 0.123540
v 0.290000 -0.705469 0.121546
v 0.300000 -0.705469 0.115494
v 0.310000 -0.705469 0.107896
v 0.319999 -0.705466 0.101929
v 0.330000 -0.705451 0.100665
v 0.340001 -0.705467 0.101997
v 0.350000 -0.705469 0.108374
v 0.360000 -0.705469 0.116839
v 0.370000 -0.705469 0.123385
v 0.380000 -0.705469 0.119564
v 0.389999 -0.705470 0.106534
v 0.399962 -0.705494 0.081088
v 0.409428 -0.705827 0.000000
v 0.520423 -0.705469 0.077099
v 0.513565 -0.705469 0.000000
v 0.530027 -0.705469 0.104795
v 0.540000 -0.705469 0.114617
v 0.549973 -0.705469 0.104795
v 0.559577 -0.705469 0.077099
v 0.566435 -0.705469 0.000000
v 0.660371 -0.705466 0.077068
v 0.653143 -0.705433 0.000000
v 0.670025 -0.705469 0.101846
v 0.680001 -0.705469 0.105265
v 0.689998 -0.705471 0.099721
v 0.699967 -0.705493 0.089186
v 0.709521 -0.705561 0.060785
v 0.715282 -0.700576 0.000000
v 0.716242 -0.705987 0.000000
v 0.920419 -0.705469 0.076140
v 0.913526 -0.705467 0.000000
v 0.930000 -0.705469 0.096270
v 0.939578 -0.705469 0.076113
v 0.946435 -0.705469 0.000000
v 0.114009 -0.708799 0.000000
v 0.120098 -0.713774 0.064888
v 0.110475 -0.714343 0.000000
v 0.130008 -0.713699 0.089820
v 0.140000 -0.713692 0.098650
v 0.150001 -0.713675 0.101649
v 0.160000 -0.713673 0.107243
v 0.170000 -0.713673 0.112339
v 0.180000 -0.713672 0.114693
v 0.190000 -0.713672 0.117928
v 0.200000 -0.713672 0.122303
v 0.210000 -0.713672 0.124150
v 0.220000 -0.713672 0.123715
v 0.230000 -0.713672 0.122518
v 0.240000 -0.713672 0.122137
v 0.250000 -0.713672 0.121880
v 0.260000 -0.713672 0.120760
v 0.270000 -0.713672 0.117358
v 0.280000 -0.713672 0.114529
v 0.290000 -0.713671 0.112104
v 0.300000 -0.713671 0.105483
v 0.309995 -0.713666 0.093314
v 0.319967 -0.713609 0.078005
v 0.329999 -0.713413 0.074824
v 0.340022 -0.713636 0.078711
v 0.350002 -0.713670 0.096606
v 0.360000 -0.713672 0.110826
v 0.370000 -0.713672 0.120378
v 0.380000 -0.713672 0.120356
v 0.389999 -0.713672 0.110530
v 0.399971 -0.713675 0.093845
v 0.409553 -0.713733 0.061722
v 0.415345 -0.708719 0.000000
v 0.416247 -0.714186 0.000000
v 0.520423 -0.713672 0.077099
v 0.513565 -0.713672 0.000000
v 0.530027 -0.713672 0.104795
v 0.540000 -0.713672 0.114617
v 0.549973 -0.713672 0.104795
v 0.559577 -0.713672 0.077099
v 0.566435 -0.713672 0.000000
v 0.660419 -0.713672 0.076989
v 0.653526 -0.713670 0.000000
v 0.670027 -0.713672 0.103862
v 0.680001 -0.713672 0.112638
v 0.689999 -0.713672 0.111017
v 0.699972 -0.713673 0.100876
v 0.709574 -0.713677 0.074102
v 0.716419 -0.713720 0.000000
v 0.920422 -0.713672 0.076114
v 0.913563 -0.713672 0.000000
v 0.930000 -0.713672 0.096268
v 0.939578 -0.713672 0.076113
v 0.946435 -0.713672 0.000000
v 0.083965 -0.717523 0.000000
v 0.090628 -0.716722 0.000000
v 0.090076 -0.722257 0.060035
v 0.080471 -0.722599 0.000000
v 0.100101 -0.716263 0.000000
v 0.100008 -0.722181 0.071760
v 0.110033 -0.721940 0.077537
v 0.120005 -0.721881 0.093131
v 0.130000 -0.721876 0.105173
v 0.140000 -0.721876 0.111640
v 0.150000 -0.721875 0.114179
v 0.160000 -0.721875 0.117563
v 0.170000 -0.721875 0.122082
v 0.180000 -0.721875 0.124648
v 0.190000 -0.721875 0.126983
v 0.200000 -0.721875 0.130096
v 0.210000 -0.721875 0.130899
v 0.220000 -0.721875 0.127717
v 0.230000 -0.721875 0.122258
v 0.240000 -0.721875 0.117382
v 0.250000 -0.721875 0.114336
v 0.260000 -0.721874 0.112171
v 0.270000 -0.721874 0.107218
v 0.279999 -0.721872 0.101674
v 0.290000 -0.721855 0.098683
v 0.299992 -0.721848 0.089840
v 0.309902 -0.721774 0.064903
v 0.319528 -0.721230 0.000000
v 0.329985 -0.719683 0.000000
v 0.340313 -0.721618 0.000000
v 0.350043 -0.721857 0.081235
v 0.360002 -0.721874 0.106462
v 0.370000 -0.721875 0.119499
v 0.380000 -0.721875 0.123154
v 0.389999 -0.721875 0.115493
v 0.399973 -0.721875 0.101950
v 0.409576 -0.721879 0.074233
v 0.416417 -0.721923 0.000000
v 0.520423 -0.721875 0.077099
v 0.513565 -0.721875 0.000000
v 0.530027 -0.721875 0.104795
v 0.540000 -0.721875 0.114617
v 0.549973 -0.721875 0.104795
v 0.559577 -0.721875 0.077099
v 0.566435 -0.721875 0.000000
v 0.660423 -0.721875 0.077100
v 0.653563 -0.721875 0.000000
v 0.670027 -0.721875 0.104926
v 0.680001 -0.721875 0.116600
v 0.689999 -0.721875 0.116254
v 0.699973 -0.721875 0.104456
v 0.709580 -0.721875 0.076824
v 0.716473 -0.721879 0.000000
v 0.920422 -0.721875 0.076113
v 0.913565 -0.721875 0.000000
v 0.930000 -0.721875 0.096266
v 0.939578 -0.721875 0.076113
v 0.946435 -0.721875 0.000000
v 0.044703 -0.725632 0.000000
v 0.050724 -0.724919 0.000000
v 0.050493 -0.730081 0.040549
v 0.043946 -0.730078 0.000000
v 0.060066 -0.724755 0.000000
v 0.060036 -0.730118 0.050497
v 0.070048 -0.724450 0.000000
v 0.070037 -0.730315 0.054815
v 0.080037 -0.730123 0.068215
v 0.090005 -0.730101 0.085176
v 0.100000 -0.730098 0.094455
v 0.110001 -0.730081 0.099248
v 0.120000 -0.730078 0.106121
v 0.130000 -0.730078 0.112856
v 0.140000 -0.730078 0.118004
v 0.150000 -0.730078 0.120868
v 0.160000 -0.730078 0.124145
v 0.170000 -0.730078 0.127927
v 0.180000 -0.730078 0.130243
v 0.190000 -0.730078 0.131233
v 0.200000 -0.730078 0.131591
v 0.210000 -0.730078 0.129393
v 0.220000 -0.730078 0.123312
v 0.230000 -0.730078 0.115621
v 0.240000 -0.730078 0.107861
v 0.249999 -0.730075 0.101733
v 0.260000 -0.730058 0.098839
v 0.269996 -0.730053 0.091813
v 0.279967 -0.730010 0.077644
v 0.289991 -0.729771 0.072230
v 0.299891 -0.729688 0.060293
v 0.309059 -0.729247 0.000000
v 0.315991 -0.726750 0.000000
v 0.350316 -0.730079 0.078044
v 0.342676 -0.730090 0.000000
v 0.360022 -0.730078 0.105711
v 0.370001 -0.730078 0.120158
v 0.380000 -0.730078 0.126456
v 0.389999 -0.730078 0.119193
v 0.399973 -0.730078 0.104887
v 0.409577 -0.730078 0.076830
v 0.416434 -0.730081 0.000000
v 0.520423 -0.730078 0.077099
v 0.513565 -0.730078 0.000000
v 0.530027 -0.730078 0.104795
v 0.540000 -0.730078 0.114617
v 0.549973 -0.730078 0.104795
v 0.559577 -0.730078 0.077099
v 0.566435 -0.730078 0.000000
v 0.660423 -0.730078 0.077123
v 0.653565 -0.730078 0.000000
v 0.670027 -0.730078 0.105157
v 0.680001 -0.730078 0.117592
v 0.689999 -0.730078 0.117584
v 0.699975 -0.730078 0.105219
v 0.709629 -0.730080 0.077534
v 0.716857 -0.730114 0.000000
v 0.920422 -0.730078 0.076106
v 0.913565 -0.730078 0.000000
v 0.930000 -0.730078 0.096232
v 0.939578 -0.730078 0.076095
v 0.946435 -0.730078 0.000000
v 0.050726 -0.735267 0.000000
v 0.044704 -0.734527 0.000000
v 0.060107 -0.735718 0.000000
v 0.070473 -0.737579 0.000000
v 0.080080 -0.737942 0.057301
v 0.090037 -0.738215 0.073552
v 0.100005 -0.738276 0.090897
v 0.110000 -0.738280 0.102108
v 0.120000 -0.738280 0.108415
v 0.130000 -0.738281 0.111452
v 0.140000 -0.738281 0.113665
v 0.150000 -0.738281 0.116842
v 0.160000 -0.738281 0.121024
v 0.170000 -0.738281 0.123490
v 0.180000 -0.738281 0.124448
v 0.190000 -0.738281 0.124644
v 0.200000 -0.738281 0.124292
v 0.210000 -0.738281 0.121864
v 0.220000 -0.738281 0.115332
v 0.230000 -0.738281 0.106115
v 0.239995 -0.738275 0.093372
v 0.249967 -0.738216 0.077816
v 0.259992 -0.737975 0.072264
v 0.269924 -0.737899 0.060747
v 0.279527 -0.737556 0.000000
v 0.289898 -0.735688 0.000000
v 0.299367 -0.735230 0.000000
v 0.305969 -0.734414 0.000000
v 0.350079 -0.738308 0.080723
v 0.340853 -0.738666 0.000000
v 0.360004 -0.738282 0.106624
v 0.370000 -0.738281 0.120926
v 0.380000 -0.738281 0.127985
v 0.389999 -0.738281 0.120387
v 0.399973 -0.738281 0.105484
v 0.409577 -0.738281 0.077130
v 0.416435 -0.738281 0.000000
v 0.520423 -0.738281 0.077099
v 0.513565 -0.738281 0.000000
v 0.530027 -0.738281 0.104795
v 0.540000 -0.738281 0.114617
v 0.549973 -0.738281 0.104795
v 0.559577 -0.738281 0.077099
v 0.566435 -0.738281 0.000000
v 0.660423 -0.738281 0.077125
v 0.653565 -0.738281 0.000000
v 0.670027 -0.738281 0.105189
v 0.680001 -0.738281 0.117794
v 0.690000 -0.738281 0.118117
v 0.699996 -0.738282 0.106229
v 0.709918 -0.738308 0.080651
v 0.719120 -0.738667 0.000000
v 0.920422 -0.738281 0.076025
v 0.913565 -0.738281 0.000000
v 0.930000 -0.738281 0.095897
v 0.939578 -0.738281 0.075823
v 0.946434 -0.738279 0.000000
v 0.080669 -0.743753 0.000000
v 0.073969 -0.742680 0.000000
v 0.090516 -0.745803 0.000000
v 0.100099 -0.746382 0.064647
v 0.110008 -0.746457 0.089438
v 0.120000 -0.746462 0.098074
v 0.130000 -0.746464 0.100023
v 0.140001 -0.746481 0.101739
v 0.150000 -0.746484 0.107165
v 0.160000 -0.746484 0.112115
v 0.170000 -0.746484 0.113790
v 0.180000 -0.746484 0.114113
v 0.190000 -0.746484 0.114133
v 0.200000 -0.746484 0.113875
v 0.210000 -0.746484 0.112040
v 0.220000 -0.746483 0.105318
v 0.229991 -0.746477 0.091332
v 0.239902 -0.746385 0.065065
v 0.249525 -0.745814 0.000000
v 0.259898 -0.743894 0.000000
v 0.269372 -0.743435 0.000000
v 0.276035 -0.742633 0.000000
v 0.334696 -0.741534 0.000000
v 0.340468 -0.746547 0.061653
v 0.333757 -0.746998 0.000000
v 0.350031 -0.746488 0.093844
v 0.360001 -0.746484 0.110840
v 0.370000 -0.746484 0.122722
v 0.380000 -0.746484 0.128701
v 0.389999 -0.746484 0.120625
v 0.399973 -0.746484 0.105554
v 0.409577 -0.746484 0.077150
v 0.416435 -0.746484 0.000000
v 0.520423 -0.746484 0.077099
v 0.513565 -0.746484 0.000000
v 0.530027 -0.746484 0.104795
v 0.540000 -0.746484 0.114617
v 0.549973 -0.746484 0.104795
v 0.559577 -0.746484 0.077099
v 0.566435 -0.746484 0.000000
v 0.660423 -0.746484 0.077128
v 0.653565 -0.746484 0.000000
v 0.670027 -0.746484 0.105231
v 0.680001 -0.746484 0.118148
v 0.690000 -0.746484 0.119604
v 0.699999 -0.746484 0.110157
v 0.709972 -0.746488 0.093542
v 0.719583 -0.746549 0.061672
v 0.725360 -0.741537 0.000000
v 0.726666 -0.747032 0.000000
v 0.920422 -0.746484 0.075501
v 0.913565 -0.746484 0.000000
v 0.930000 -0.746484 0.093892
v 0.939576 -0.746480 0.073351
v 0.946416 -0.746437 0.000000
v 1.064590 -0.742136 0.000000
v 1.070094 -0.741519 0.000000
v 1.070385 -0.746893 0.042020
v 1.063765 -0.747031 0.000000
v 1.076130 -0.742158 0.000000
v 1.079559 -0.747212 0.000000
v 0.100941 -0.753857 0.000000
v 0.094012 -0.751357 0.000000
v 0.110109 -0.754295 0.060235
v 0.120006 -0.754341 0.071722
v 0.130003 -0.754383 0.074055
v 0.140033 -0.754620 0.077791
v 0.150004 -0.754662 0.091805
v 0.160000 -0.754665 0.098666
v 0.170000 -0.754665 0.100146
v 0.180000 -0.754665 0.100322
v 0.190000 -0.754665 0.100323
v 0.200000 -0.754665 0.100146
v 0.210000 -0.754665 0.098514
v 0.219991 -0.754660 0.089806
v 0.229870 -0.754578 0.064444
v 0.239056 -0.753911 0.000000
v 0.245991 -0.751362 0.000000
v 0.340425 -0.754692 0.074231
v 0.333584 -0.754735 0.000000
v 0.350028 -0.754688 0.101975
v 0.360001 -0.754688 0.115857
v 0.370000 -0.754688 0.125933
v 0.380000 -0.754688 0.129597
v 0.389999 -0.754687 0.120754
v 0.399973 -0.754687 0.105566
v 0.409577 -0.754688 0.077151
v 0.416435 -0.754687 0.000000
v 0.520423 -0.754688 0.077099
v 0.513565 -0.754687 0.000000
v 0.530027 -0.754688 0.104795
v 0.540000 -0.754688 0.114617
v 0.549973 -0.754687 0.104795
v 0.559577 -0.754687 0.077099
v 0.566435 -0.754687 0.000000
v 0.660423 -0.754688 0.077114
v 0.653565 -0.754687 0.000000
v 0.670027 -0.754688 0.105237
v 0.680001 -0.754688 0.118459
v 0.690000 -0.754688 0.121060
v 0.700000 -0.754687 0.113068
v 0.709996 -0.754689 0.099716
v 0.719914 -0.754716 0.073712
v 0.729100 -0.755086 0.000000
v 0.794590 -0.750339 0.000000
v 0.800089 -0.749724 0.000000
v 0.800352 -0.755105 0.041635
v 0.793764 -0.755234 0.000000
v 0.806065 -0.750377 0.000000
v 0.809090 -0.755520 0.000000
v 0.920422 -0.754687 0.073762
v 0.913565 -0.754687 0.000000
v 0.929996 -0.754684 0.086752
v 0.939532 -0.754625 0.060906
v 0.946243 -0.754174 0.000000
v 1.070477 -0.754626 0.052647
v 1.063776 -0.754222 0.000000
v 1.080001 -0.754749 0.065451
v 1.089900 -0.749078 0.000000
v 1.089992 -0.754994 0.069303
v 1.099367 -0.749535 0.000000
v 1.099891 -0.755077 0.059841
v 1.105970 -0.750352 0.000000
v 1.109059 -0.755518 0.000000
v 0.110631 -0.759809 0.000000
v 0.104030 -0.759021 0.000000
v 0.120060 -0.759983 0.000000
v 0.130046 -0.760311 0.000000
v 0.140470 -0.762166 0.000000
v 0.150076 -0.762506 0.060713
v 0.160005 -0.762542 0.071743
v 0.170000 -0.762544 0.073563
v 0.180000 -0.762544 0.073715
v 0.190000 -0.762544 0.073715
v 0.200000 -0.762544 0.073562
v 0.209994 -0.762541 0.071719
v 0.219891 -0.762498 0.060258
v 0.229055 -0.762059 0.000000
v 0.235926 -0.759545 0.000000
v 0.340423 -0.762891 0.076831
v 0.333566 -0.762893 0.000000
v 0.350027 -0.762891 0.104912
v 0.360001 -0.762891 0.119566
v 0.370000 -0.762891 0.129308
v 0.380000 -0.762891 0.130598
v 0.389999 -0.762891 0.120893
v 0.399973 -0.762891 0.105576
v 0.409577 -0.762891 0.077151
v 0.416435 -0.762891 0.000000
v 0.520423 -0.762891 0.077099
v 0.513565 -0.762891 0.000000
v 0.530027 -0.762891 0.104795
v 0.540000 -0.762891 0.114617
v 0.549973 -0.762891 0.104795
v 0.559577 -0.762891 0.077099
v 0.566435 -0.762891 0.000000
v 0.660423 -0.762891 0.076808
v 0.653566 -0.762888 0.000000
v 0.670027 -0.762891 0.104577
v 0.680001 -0.762891 0.116943
v 0.690000 -0.762891 0.118462
v 0.700000 -0.762891 0.109649
v 0.709996 -0.762889 0.094690
v 0.719943 -0.762853 0.070483
v 0.729494 -0.762624 0.044482
v 0.735273 -0.757865 0.000000
v 0.736053 -0.762818 0.000000
v 0.800462 -0.762858 0.051525
v 0.793775 -0.762429 0.000000
v 0.809932 -0.762990 0.055901
v 0.815990 -0.758018 0.000000
v 0.819481 -0.763572 0.000000
v 0.920419 -0.762890 0.071269
v 0.913565 -0.762891 0.000000
v 0.929945 -0.762864 0.074113
v 0.939119 -0.762505 0.000000
v 0.945302 -0.759638 0.000000
v 1.071013 -0.762120 0.000000
v 1.064719 -0.759588 0.000000
v 1.080123 -0.762813 0.060507
v 1.090007 -0.762907 0.085053
v 1.099992 -0.762918 0.087184
v 1.109902 -0.762992 0.064605
v 1.115991 -0.758017 0.000000
v 1.119527 -0.763561 0.000000
v 0.150626 -0.768012 0.000000
v 0.143965 -0.767240 0.000000
v 0.160058 -0.768154 0.000000
v 0.170003 -0.768169 0.000000
v 0.180000 -0.768169 0.000000
v 0.190000 -0.768169 0.000000
v 0.199997 -0.768169 0.000000
v 0.209942 -0.768154 0.000000
v 0.219369 -0.768011 0.000000
v 0.225969 -0.767224 0.000000
v 0.340423 -0.771094 0.077131
v 0.333565 -0.771094 0.000000
v 0.350027 -0.771094 0.105510
v 0.360001 -0.771094 0.120752
v 0.370000 -0.771094 0.130764
v 0.380000 -0.771094 0.131027
v 0.389999 -0.771094 0.120949
v 0.399973 -0.771094 0.105580
v 0.409577 -0.771094 0.077152
v 0.416437 -0.771094 0.000000
v 0.520423 -0.771094 0.077099
v 0.513565 -0.771094 0.000000
v 0.530027 -0.771094 0.104795
v 0.540000 -0.771094 0.114617
v 0.549973 -0.771094 0.104795
v 0.559577 -0.771094 0.077099
v 0.566435 -0.771094 0.000000
v 0.660426 -0.771089 0.074151
v 0.653584 -0.771046 0.000000
v 0.670028 -0.771094 0.101265
v 0.680001 -0.771094 0.112347
v 0.690000 -0.771094 0.113120
v 0.699997 -0.771093 0.102675
v 0.709950 -0.771071 0.078137
v 0.719595 -0.770765 0.000000
v 0.729245 -0.768404 0.000000
v 0.735294 -0.767380 0.000000
v 0.800853 -0.770710 0.000000
v 0.794697 -0.767845 0.000000
v 0.810074 -0.771073 0.069378
v 0.819941 -0.771159 0.071357
v 0.829237 -0.765621 0.000000
v 0.829539 -0.771427 0.056748
v 0.835321 -0.766678 0.000000
v 0.836245 -0.771680 0.000000
v 0.920398 -0.771094 0.070728
v 0.913564 -0.771094 0.000000
v 0.929660 -0.771091 0.071119
v 0.936897 -0.771060 0.000000
v 1.080817 -0.770706 0.000000
v 1.074059 -0.767805 0.000000
v 1.090079 -0.771068 0.078714
v 1.100003 -0.771094 0.097506
v 1.109995 -0.771100 0.092196
v 1.119967 -0.771159 0.077876
v 1.129954 -0.765467 0.000000
v 1.129997 -0.771398 0.074080
v 1.139940 -0.765798 0.000000
v 1.139995 -0.771440 0.071777
v 1.149374 -0.765971 0.000000
v 1.149922 -0.771479 0.060686
v 1.156032 -0.766745 0.000000
v 1.159486 -0.771830 0.000000
v 0.340423 -0.779297 0.077151
v 0.333565 -0.779297 0.000000
v 0.350027 -0.779297 0.105576
v 0.360001 -0.779297 0.120939
v 0.370000 -0.779297 0.131065
v 0.380000 -0.779297 0.131095
v 0.389999 -0.779297 0.120958
v 0.399973 -0.779297 0.105586
v 0.409581 -0.779297 0.077179
v 0.416474 -0.779299 0.000000
v 0.520423 -0.779297 0.077099
v 0.513565 -0.779297 0.000000
v 0.530027 -0.779297 0.104795
v 0.540000 -0.779297 0.114617
v 0.549973 -0.779297 0.104795
v 0.559577 -0.779297 0.077099
v 0.566435 -0.779297 0.000000
v 0.660479 -0.779208 0.060939
v 0.653758 -0.778779 0.000000
v 0.670033 -0.779291 0.090459
v 0.680001 -0.779297 0.104382
v 0.689999 -0.779297 0.106526
v 0.699972 -0.779294 0.093409
v 0.709586 -0.779233 0.062074
v 0.716711 -0.778758 0.000000
v 0.810315 -0.779296 0.074871
v 0.802678 -0.779287 0.000000
v 0.819993 -0.779300 0.089916
v 0.829576 -0.779319 0.072215
v 0.836419 -0.779349 0.000000
v 0.920398 -0.779297 0.070728
v 0.913564 -0.779297 0.000000
v 0.929660 -0.779299 0.071119
v 0.936897 -0.779331 0.000000
v 1.090371 -0.779295 0.076985
v 1.083140 -0.779261 0.000000
v 1.100025 -0.779297 0.101541
v 1.110001 -0.779297 0.105098
v 1.119999 -0.779300 0.101579
v 1.130000 -0.779317 0.100298
v 1.140000 -0.779319 0.098678
v 1.149996 -0.779323 0.091653
v 1.159962 -0.779367 0.075808
v 1.169326 -0.773830 0.000000
v 1.169888 -0.779647 0.060771
v 1.175966 -0.774916 0.000000
v 1.179059 -0.780125 0.000000
v 0.340423 -0.787500 0.077151
v 0.333565 -0.787500 0.000000
v 0.350027 -0.787500 0.105574
v 0.360001 -0.787500 0.120910
v 0.370000 -0.787500 0.130914
v 0.380000 -0.787500 0.130894
v 0.389999 -0.787500 0.120939
v 0.399975 -0.787500 0.105681
v 0.409629 -0.787502 0.077583
v 0.416860 -0.787536 0.000000
v 0.520423 -0.787500 0.077100
v 0.513563 -0.787500 0.000000
v 0.530027 -0.787500 0.104795
v 0.540000 -0.787500 0.114617
v 0.549973 -0.787500 0.104795
v 0.559577 -0.787500 0.077099
v 0.566435 -0.787500 0.000000
v 0.661013 -0.786728 0.000000
v 0.654718 -0.784194 0.000000
v 0.670125 -0.787418 0.065042
v 0.680007 -0.787495 0.092606
v 0.689996 -0.787498 0.099278
v 0.699918 -0.787472 0.079479
v 0.709120 -0.787112 0.000000
v 0.715364 -0.784245 0.000000
v 0.810044 -0.787519 0.079746
v 0.800362 -0.787792 0.000000
v 0.819975 -0.787501 0.095775
v 0.829581 -0.787501 0.075699
v 0.836473 -0.787504 0.000000
v 0.920419 -0.787501 0.071269
v 0.913565 -0.787500 0.000000
v 0.929945 -0.787527 0.074113
v 0.939119 -0.787886 0.000000
v 1.090420 -0.787500 0.076668
v 1.083527 -0.787496 0.000000
v 1.100027 -0.787500 0.103262
v 1.110001 -0.787500 0.112131
v 1.120000 -0.787500 0.113720
v 1.130000 -0.787501 0.113765
v 1.140000 -0.787501 0.112233
v 1.150000 -0.787501 0.107086
v 1.159999 -0.787503 0.100053
v 1.169992 -0.787525 0.090000
v 1.179900 -0.787602 0.064876
v 1.185988 -0.782628 0.000000
v 1.189480 -0.788182 0.000000
v 0.340423 -0.795703 0.077129
v 0.333565 -0.795703 0.000000
v 0.350027 -0.795703 0.105479
v 0.360001 -0.795703 0.120456
v 0.370000 -0.795703 0.129493
v 0.380000 -0.795703 0.129353
v 0.390000 -0.795703 0.120660
v 0.399996 -0.795704 0.106490
v 0.409921 -0.795730 0.080725
v 0.419183 -0.796091 0.000000
v 0.520419 -0.795703 0.077126
v 0.513526 -0.795705 0.000000
v 0.530027 -0.795703 0.104800
v 0.540000 -0.795703 0.114617
v 0.549973 -0.795703 0.104795
v 0.559577 -0.795703 0.077099
v 0.566435 -0.795703 0.000000
v 0.670831 -0.795276 0.000000
v 0.664060 -0.792412 0.000000
v 0.680080 -0.795652 0.075692
v 0.689979 -0.795680 0.090092
v 0.699627 -0.795676 0.072646
v 0.706838 -0.795615 0.000000
v 0.784620 -0.791288 0.000000
v 0.790743 -0.790195 0.000000
v 0.790408 -0.796036 0.057586
v 0.783332 -0.796325 0.000000
v 0.800049 -0.795743 0.075904
v 0.810003 -0.795705 0.094716
v 0.819975 -0.795703 0.099565
v 0.829629 -0.795705 0.076823
v 0.836857 -0.795739 0.000000
v 0.920422 -0.795703 0.073762
v 0.913565 -0.795703 0.000000
v 0.929996 -0.795707 0.086752
v 0.939532 -0.795766 0.060906
v 0.945302 -0.790753 0.000000
v 0.946243 -0.796217 0.000000
v 1.090425 -0.795699 0.074197
v 1.083582 -0.795656 0.000000
v 1.100028 -0.795703 0.101595
v 1.110001 -0.795703 0.113763
v 1.120000 -0.795703 0.120410
v 1.130000 -0.795703 0.122979
v 1.140000 -0.795703 0.122011
v 1.150000 -0.795703 0.117667
v 1.160000 -0.795703 0.112874
v 1.170000 -0.795704 0.105565
v 1.179994 -0.795709 0.093097
v 1.189941 -0.795770 0.075342
v 1.199242 -0.790231 0.000000
v 1.199591 -0.796038 0.057536
v 1.205379 -0.791290 0.000000
v 1.206671 -0.796325 0.000000
v 0.340423 -0.803906 0.076819
v 0.333566 -0.803904 0.000000
v 0.350027 -0.803906 0.104743
v 0.360001 -0.803906 0.118230
v 0.370000 -0.803906 0.124181
v 0.380000 -0.803906 0.123671
v 0.390000 -0.803906 0.118870
v 0.400000 -0.803906 0.109486
v 0.409993 -0.803910 0.094078
v 0.419879 -0.803987 0.065113
v 0.425946 -0.798992 0.000000
v 0.429057 -0.804679 0.000000
v 0.520371 -0.803909 0.077531
v 0.513140 -0.803942 0.000000
v 0.530025 -0.803906 0.104896
v 0.540000 -0.803906 0.114622
v 0.549973 -0.803906 0.104792
v 0.559577 -0.803906 0.077098
v 0.566435 -0.803906 0.000000
v 0.680405 -0.803528 0.056797
v 0.673329 -0.803280 0.000000
v 0.689997 -0.803556 0.068431
v 0.699547 -0.803531 0.056404
v 0.706284 -0.803314 0.000000
v 0.790084 -0.803955 0.076376
v 0.780898 -0.804331 0.000000
v 0.800005 -0.803909 0.096736
v 0.810000 -0.803906 0.105149
v 0.819996 -0.803907 0.102905
v 0.829917 -0.803933 0.080246
v 0.839116 -0.804292 0.000000
v 0.920422 -0.803906 0.075501
v 0.913565 -0.803906 0.000000
v 0.930000 -0.803906 0.093892
v 0.939576 -0.803910 0.073351
v 0.946416 -0.803954 0.000000
v 1.090469 -0.803843 0.061591
v 1.083757 -0.803393 0.000000
v 1.100031 -0.803903 0.093482
v 1.110001 -0.803906 0.109847
v 1.120000 -0.803906 0.120337
v 1.130000 -0.803906 0.126878
v 1.140000 -0.803906 0.128778
v 1.150000 -0.803906 0.126639
v 1.160000 -0.803906 0.122521
v 1.170000 -0.803906 0.115617
v 1.180000 -0.803906 0.107299
v 1.189995 -0.803910 0.096960
v 1.199919 -0.803955 0.076457
v 1.209169 -0.804333 0.000000
v 0.340425 -0.812105 0.074208
v 0.333584 -0.812062 0.000000
v 0.350028 -0.812109 0.101647
v 0.360001 -0.812109 0.113311
v 0.370000 -0.812109 0.115942
v 0.380000 -0.812109 0.114493
v 0.390000 -0.812109 0.112803
v 0.400000 -0.812109 0.109351
v 0.410000 -0.812109 0.102386
v 0.419992 -0.812115 0.089448
v 0.429901 -0.812208 0.064095
v 0.435988 -0.807233 0.000000
v 0.439484 -0.812791 0.000000
v 0.520079 -0.812136 0.080704
v 0.510813 -0.812496 0.000000
v 0.530004 -0.812110 0.105774
v 0.539999 -0.812109 0.114660
v 0.549973 -0.812109 0.104747
v 0.559577 -0.812109 0.077080
v 0.566435 -0.812109 0.000000
v 0.680712 -0.809028 0.000000
v 0.674617 -0.808271 0.000000
v 0.690000 -0.809155 0.000000
v 0.699283 -0.809028 0.000000
v 0.705327 -0.808274 0.000000
v 0.774699 -0.807162 0.000000
v 0.780469 -0.812173 0.061561
v 0.773755 -0.812623 0.000000
v 0.790031 -0.812113 0.093139
v 0.800001 -0.812109 0.107791
v 0.810000 -0.812109 0.113472
v 0.819999 -0.812109 0.108874
v 0.829969 -0.812113 0.093621
v 0.839531 -0.812172 0.061635
v 0.845302 -0.807159 0.000000
v 0.846243 -0.812623 0.000000
v 0.920422 -0.812109 0.076025
v 0.913565 -0.812109 0.000000
v 0.930000 -0.812109 0.095897
v 0.939578 -0.812109 0.075823
v 0.946434 -0.812112 0.000000
v 1.090898 -0.811688 0.000000
v 1.084699 -0.808854 0.000000
v 1.100085 -0.812078 0.077724
v 1.110004 -0.812108 0.102562
v 1.120000 -0.812109 0.114805
v 1.130000 -0.812109 0.123145
v 1.140000 -0.812109 0.129248
v 1.150000 -0.812109 0.132103
v 1.160000 -0.812109 0.130370
v 1.170000 -0.812109 0.124156
v 1.180000 -0.812109 0.116903
v 1.190000 -0.812109 0.108321
v 1.199993 -0.812114 0.093914
v 1.209875 -0.812191 0.065140
v 1.215940 -0.807197 0.000000
v 1.218987 -0.812881 0.000000
v 0.340469 -0.820249 0.061562
v 0.333757 -0.819799 0.000000
v 0.350031 -0.820309 0.093063
v 0.360001 -0.820312 0.106468
v 0.370000 -0.820312 0.106402
v 0.379999 -0.820310 0.101771
v 0.390000 -0.820292 0.100327
v 0.400000 -0.820290 0.099558
v 0.410000 -0.820290 0.097839
v 0.420000 -0.820290 0.094317
v 0.429995 -0.820298 0.085497
v 0.439964 -0.820376 0.070642
v 0.449331 -0.814841 0.000000
v 0.449921 -0.820654 0.059551
v 0.456032 -0.815915 0.000000
v 0.459530 -0.821034 0.000000
v 0.503989 -0.815382 0.000000
v 0.510088 -0.820385 0.065764
v 0.500472 -0.820980 0.000000
v 0.520006 -0.820316 0.094509
v 0.530000 -0.820313 0.109550
v 0.539999 -0.820312 0.114612
v 0.549973 -0.820312 0.104284
v 0.559577 -0.820312 0.076788
v 0.566434 -0.820310 0.000000
v 0.780422 -0.820317 0.074251
v 0.773545 -0.820362 0.000000
v 0.790027 -0.820313 0.101872
v 0.800001 -0.820312 0.114876
v 0.810000 -0.820312 0.120692
v 0.819999 -0.820312 0.114877
v 0.829972 -0.820313 0.101841
v 0.839575 -0.820317 0.074208
v 0.846416 -0.820360 0.000000
v 0.920422 -0.820312 0.076106
v 0.913565 -0.820312 0.000000
v 0.930000 -0.820312 0.096229
v 0.939578 -0.820312 0.076095
v 0.946435 -0.820313 0.000000
v 1.100427 -0.820221 0.061378
v 1.093335 -0.819760 0.000000
v 1.110031 -0.820305 0.090709
v 1.120001 -0.820312 0.105889
v 1.130000 -0.820312 0.115582
v 1.140000 -0.820312 0.123658
v 1.150000 -0.820312 0.130488
v 1.160000 -0.820312 0.134044
v 1.170000 -0.820312 0.131367
v 1.180000 -0.820312 0.125100
v 1.190000 -0.820312 0.116292
v 1.199999 -0.820313 0.105936
v 1.209967 -0.820319 0.090358
v 1.219521 -0.820402 0.060695
v 1.225282 -0.815416 0.000000
v 1.226241 -0.820828 0.000000
v 0.340898 -0.828094 0.000000
v 0.334699 -0.825260 0.000000
v 0.350085 -0.828484 0.077179
v 0.360004 -0.828514 0.097982
v 0.369998 -0.828513 0.094260
v 0.379977 -0.828476 0.078424
v 0.389998 -0.828214 0.074280
v 0.400000 -0.828172 0.073690
v 0.410000 -0.828169 0.073434
v 0.420000 -0.828171 0.072924
v 0.430003 -0.828212 0.071704
v 0.440031 -0.828454 0.071713
v 0.450001 -0.828533 0.080244
v 0.459968 -0.828582 0.074406
v 0.469957 -0.822889 0.000000
v 0.469997 -0.828820 0.073011
v 0.480000 -0.823173 0.000000
v 0.480000 -0.828857 0.073218
v 0.490044 -0.822887 0.000000
v 0.490003 -0.828820 0.073980
v 0.500033 -0.828581 0.077911
v 0.510005 -0.828521 0.093402
v 0.520000 -0.828516 0.106173
v 0.530000 -0.828516 0.113696
v 0.539999 -0.828516 0.112985
v 0.549972 -0.828516 0.101630
v 0.559575 -0.828512 0.074208
v 0.566417 -0.828468 0.000000
v 0.780371 -0.828518 0.077256
v 0.773144 -0.828554 0.000000
v 0.790025 -0.828516 0.104928
v 0.800001 -0.828516 0.118628
v 0.810000 -0.828516 0.124095
v 0.819999 -0.828516 0.117651
v 0.829973 -0.828516 0.104191
v 0.839577 -0.828516 0.076508
v 0.846433 -0.828516 0.000000
v 0.920422 -0.828516 0.076106
v 0.913565 -0.828516 0.000000
v 0.930000 -0.828516 0.096229
v 0.939578 -0.828516 0.076095
v 0.946435 -0.828516 0.000000
v 1.101010 -0.827741 0.000000
v 1.094659 -0.825207 0.000000
v 1.110134 -0.828408 0.064553
v 1.120010 -0.828508 0.091371
v 1.130000 -0.828515 0.105988
v 1.140000 -0.828516 0.115639
v 1.150000 -0.828516 0.123889
v 1.160000 -0.828516 0.130992
v 1.170000 -0.828516 0.134198
v 1.180000 -0.828516 0.130550
v 1.190000 -0.828516 0.121936
v 1.199999 -0.828516 0.112196
v 1.209972 -0.828516 0.098995
v 1.219572 -0.828517 0.071475
v 1.226398 -0.828516 0.000000
v 0.350427 -0.836624 0.060761
v 0.343335 -0.836166 0.000000
v 0.360027 -0.836691 0.084814
v 0.369953 -0.836676 0.075054
v 0.379643 -0.836398 0.000000
v 0.389969 -0.834177 0.000000
v 0.399999 -0.833828 0.000000
v 0.410000 -0.833797 0.000000
v 0.420002 -0.833826 0.000000
v 0.430044 -0.834143 0.000000
v 0.440473 -0.836048 0.000000
v 0.450098 -0.836618 0.062986
v 0.460007 -0.836697 0.083869
v 0.470001 -0.836736 0.091261
v 0.480000 -0.836741 0.095476
v 0.490000 -0.836739 0.098141
v 0.500001 -0.836722 0.101145
v 0.510000 -0.836719 0.107595
v 0.520000 -0.836719 0.114575
v 0.530000 -0.836719 0.117122
v 0.539999 -0.836719 0.109843
v 0.549969 -0.836715 0.093754
v 0.559531 -0.836656 0.061645
v 0.566243 -0.836205 0.000000
v 0.780083 -0.836746 0.080652
v 0.770884 -0.837105 0.000000
v 0.790004 -0.836720 0.106235
v 0.800000 -0.836719 0.118563
v 0.810000 -0.836719 0.120746
v 0.819999 -0.836719 0.114058
v 0.829972 -0.836719 0.101430
v 0.839574 -0.836714 0.074146
v 0.846416 -0.836671 0.000000
v 0.920422 -0.836719 0.076025
v 0.913565 -0.836719 0.000000
v 0.930000 -0.836719 0.095897
v 0.939578 -0.836719 0.075823
v 0.946434 -0.836716 0.000000
v 1.110947 -0.835942 0.000000
v 1.104079 -0.833377 0.000000
v 1.120131 -0.836612 0.064615
v 1.130010 -0.836711 0.091377
v 1.140000 -0.836718 0.105995
v 1.150000 -0.836719 0.115705
v 1.160000 -0.836719 0.124125
v 1.170000 -0.836719 0.130913
v 1.180000 -0.836719 0.131045
v 1.190000 -0.836719 0.122300
v 1.199999 -0.836719 0.110343
v 1.209969 -0.836715 0.093501
v 1.219531 -0.836657 0.061389
v 1.226243 -0.836207 0.000000
v 0.351007 -0.844092 0.000000
v 0.344659 -0.841609 0.000000
v 0.360085 -0.844527 0.057643
v 0.369603 -0.844542 0.055060
v 0.376715 -0.844307 0.000000
v 0.450941 -0.844094 0.000000
v 0.444009 -0.841592 0.000000
v 0.460112 -0.844572 0.060106
v 0.470038 -0.844855 0.074875
v 0.480005 -0.844917 0.091219
v 0.490000 -0.844922 0.102596
v 0.500000 -0.844922 0.110002
v 0.510000 -0.844922 0.115840
v 0.520000 -0.844922 0.120208
v 0.530000 -0.844922 0.118337
v 0.539996 -0.844921 0.106250
v 0.549917 -0.844895 0.080670
v 0.559116 -0.844536 0.000000
v 0.565302 -0.841669 0.000000
v 0.764698 -0.839972 0.000000
v 0.770469 -0.844984 0.061642
v 0.763757 -0.845436 0.000000
v 0.780031 -0.844925 0.093742
v 0.790001 -0.844922 0.109956
v 0.800000 -0.844922 0.118072
v 0.810000 -0.844922 0.115322
v 0.819999 -0.844922 0.106127
v 0.829967 -0.844916 0.090650
v 0.839521 -0.844833 0.060950
v 0.846242 -0.844404 0.000000
v 0.920422 -0.844922 0.075501
v 0.913565 -0.844922 0.000000
v 0.930000 -0.844922 0.093892
v 0.939576 -0.844918 0.073351
v 0.946416 -0.844874 0.000000
v 1.120947 -0.844145 0.000000
v 1.114074 -0.841580 0.000000
v 1.130131 -0.844815 0.064619
v 1.140009 -0.844915 0.091439
v 1.150000 -0.844922 0.106430
v 1.160000 -0.844922 0.116897
v 1.170000 -0.844922 0.125757
v 1.180000 -0.844922 0.128550
v 1.190000 -0.844922 0.120674
v 1.199996 -0.844921 0.106502
v 1.209918 -0.844895 0.080653
v 1.219116 -0.844536 0.000000
v 1.225302 -0.841669 0.000000
v 0.360568 -0.850027 0.000000
v 0.354031 -0.849254 0.000000
v 0.369343 -0.850030 0.000000
v 0.375390 -0.849286 0.000000
v 0.460674 -0.850392 0.000000
v 0.454034 -0.849303 0.000000
v 0.470515 -0.852446 0.000000
v 0.480090 -0.853051 0.065480
v 0.490006 -0.853121 0.093788
v 0.500000 -0.853125 0.108869
v 0.510000 -0.853125 0.117704
v 0.520000 -0.853125 0.121540
v 0.529999 -0.853125 0.118442
v 0.539975 -0.853125 0.105334
v 0.549629 -0.853123 0.077543
v 0.556857 -0.853089 0.000000
v 0.770425 -0.853129 0.074145
v 0.763584 -0.853173 0.000000
v 0.780028 -0.853125 0.101318
v 0.790001 -0.853125 0.112777
v 0.800000 -0.853125 0.116592
v 0.810000 -0.853125 0.109778
v 0.819993 -0.853121 0.094480
v 0.829876 -0.853045 0.065240
v 0.838987 -0.852353 0.000000
v 0.845282 -0.849819 0.000000
v 0.920422 -0.853125 0.073762
v 0.913565 -0.853125 0.000000
v 0.929996 -0.853122 0.086752
v 0.939532 -0.853063 0.060906
v 0.946243 -0.852611 0.000000
v 1.130946 -0.852351 0.000000
v 1.124074 -0.849783 0.000000
v 1.140121 -0.853043 0.065260
v 1.150007 -0.853121 0.094280
v 1.160000 -0.853125 0.110057
v 1.170000 -0.853125 0.119918
v 1.180000 -0.853125 0.123393
v 1.189999 -0.853125 0.118183
v 1.199975 -0.853125 0.104846
v 1.209629 -0.853123 0.077249
v 1.216856 -0.853087 0.000000
v 0.480827 -0.860905 0.000000
v 0.473994 -0.858052 0.000000
v 0.490082 -0.861297 0.077694
v 0.500004 -0.861326 0.101895
v 0.510000 -0.861328 0.111784
v 0.520000 -0.861328 0.116190
v 0.529999 -0.861328 0.116098
v 0.539973 -0.861328 0.104473
v 0.549581 -0.861328 0.076828
v 0.556473 -0.861324 0.000000
v 0.770423 -0.861327 0.076093
v 0.763567 -0.861328 0.000000
v 0.780027 -0.861327 0.101669
v 0.790001 -0.861327 0.110033
v 0.800000 -0.861327 0.110964
v 0.809996 -0.861326 0.103301
v 0.819921 -0.861301 0.080021
v 0.829182 -0.860938 0.000000
v 0.835941 -0.858040 0.000000
v 0.920419 -0.861327 0.071269
v 0.913565 -0.861328 0.000000
v 0.929945 -0.861301 0.074112
v 0.939117 -0.860942 0.000000
v 0.945302 -0.858075 0.000000
v 1.140831 -0.860905 0.000000
v 1.134055 -0.858037 0.000000
v 1.150082 -0.861297 0.077730
v 1.160004 -0.861326 0.102001
v 1.170000 -0.861328 0.111934
v 1.180000 -0.861328 0.115575
v 1.189999 -0.861328 0.113286
v 1.199973 -0.861328 0.101662
v 1.209578 -0.861324 0.074237
v 1.216455 -0.861279 0.000000
v 0.490427 -0.869437 0.061217
v 0.483332 -0.868978 0.000000
v 0.500030 -0.869507 0.089308
v 0.510002 -0.869529 0.100016
v 0.520000 -0.869531 0.107381
v 0.529999 -0.869531 0.111104
v 0.539972 -0.869531 0.101375
v 0.549575 -0.869527 0.074191
v 0.556418 -0.869484 0.000000
v 0.770425 -0.869507 0.072640
v 0.763583 -0.869479 0.000000
v 0.780027 -0.869509 0.094265
v 0.790001 -0.869509 0.099279
v 0.799999 -0.869509 0.099404
v 0.809975 -0.869509 0.094434
v 0.819627 -0.869504 0.073093
v 0.826842 -0.869443 0.000000
v 0.920398 -0.869531 0.070726
v 0.913562 -0.869531 0.000000
v 0.929657 -0.869529 0.071093
v 0.936860 -0.869496 0.000000
v 1.150427 -0.869437 0.061218
v 1.143332 -0.868978 0.000000
v 1.160030 -0.869507 0.089301
v 1.170002 -0.869528 0.099843
v 1.180000 -0.869531 0.106017
v 1.189999 -0.869531 0.106456
v 1.199969 -0.869528 0.093252
v 1.209531 -0.869469 0.061607
v 1.216246 -0.869018 0.000000
v 0.491008 -0.876908 0.000000
v 0.484659 -0.874421 0.000000
v 0.500114 -0.877387 0.060774
v 0.510029 -0.877693 0.076568
v 0.520003 -0.877732 0.095384
v 0.529999 -0.877734 0.104108
v 0.539969 -0.877731 0.092984
v 0.549531 -0.877672 0.061589
v 0.556244 -0.877221 0.000000
v 0.770458 -0.877359 0.056579
v 0.763755 -0.877143 0.000000
v 0.780030 -0.877386 0.070976
v 0.790001 -0.877387 0.073460
v 0.799999 -0.877387 0.073469
v 0.809970 -0.877386 0.070985
v 0.819546 -0.877359 0.056607
v 0.826284 -0.877142 0.000000
v 0.920392 -0.877734 0.070704
v 0.913525 -0.877736 0.000000
v 0.929611 -0.877734 0.070729
v 0.936514 -0.877734 0.000000
v 1.151008 -0.876908 0.000000
v 1.144659 -0.874421 0.000000
v 1.160115 -0.877384 0.060716
v 1.170038 -0.877667 0.075897
v 1.180005 -0.877728 0.092172
v 1.189996 -0.877733 0.097976
v 1.199917 -0.877707 0.079119
v 1.209116 -0.877347 0.000000
v 1.215302 -0.874482 0.000000
v 0.500662 -0.883238 0.000000
v 0.494038 -0.882118 0.000000
v 0.510401 -0.885609 0.000000
v 0.520050 -0.885915 0.077441
v 0.529999 -0.885936 0.095501
v 0.539918 -0.885911 0.079076
v 0.549116 -0.885552 0.000000
v 0.555302 -0.882685 0.000000
v 0.770720 -0.882857 0.000000
v 0.764676 -0.882102 0.000000
v 0.780064 -0.882998 0.000000
v 0.790003 -0.883012 0.000000
v 0.799997 -0.883012 0.000000
v 0.809936 -0.882998 0.000000
v 0.819280 -0.882857 0.000000
v 0.825327 -0.882102 0.000000
v 0.920346 -0.885940 0.071148
v 0.913139 -0.885973 0.000000
v 0.929654 -0.885940 0.071146
v 0.936860 -0.885973 0.000000
v 1.160674 -0.883204 0.000000
v 1.154039 -0.882115 0.000000
v 1.170516 -0.885256 0.000000
v 1.180099 -0.885835 0.064355
v 1.189983 -0.885910 0.084820
v 1.199627 -0.885910 0.071551
v 1.206838 -0.885850 0.000000
v 0.520414 -0.894075 0.061328
v 0.513289 -0.893602 0.000000
v 0.530004 -0.894136 0.086670
v 0.539630 -0.894137 0.073955
v 0.546856 -0.894102 0.000000
v 0.920075 -0.894168 0.074775
v 0.910813 -0.894528 0.000000
v 0.929921 -0.894168 0.074712
v 0.939116 -0.894526 0.000000
v 1.180940 -0.893310 0.000000
v 1.174012 -0.890810 0.000000
v 1.190079 -0.893746 0.057646
v 1.199552 -0.893763 0.054632
v 1.206284 -0.893548 0.000000
v 0.520893 -0.901919 0.000000
v 0.514638 -0.899086 0.000000
v 0.530057 -0.902293 0.071442
v 0.539582 -0.902318 0.068607
v 0.546456 -0.902290 0.000000
v 0.903989 -0.897413 0.000000
v 0.910088 -0.902416 0.065325
v 0.900472 -0.903011 0.000000
v 0.920005 -0.902348 0.090614
v 0.929969 -0.902347 0.089918
v 0.939531 -0.902406 0.061217
v 0.945302 -0.897393 0.000000
v 0.946243 -0.902857 0.000000
v 1.190568 -0.899246 0.000000
v 1.184026 -0.898473 0.000000
v 1.199338 -0.899248 0.000000
v 1.205331 -0.898507 0.000000
v 0.530376 -0.910167 0.054420
v 0.523331 -0.909921 0.000000
v 0.539570 -0.910170 0.054053
v 0.546248 -0.909956 0.000000
v 0.834704 -0.906108 0.000000
v 0.840725 -0.905416 0.000000
v 0.840514 -0.910830 0.043272
v 0.833949 -0.910620 0.000000
v 0.850064 -0.905282 0.000000
v 0.850035 -0.910869 0.062611
v 0.860003 -0.905268 0.000000
v 0.860001 -0.910873 0.067241
v 0.870000 -0.905267 0.000000
v 0.870001 -0.910891 0.068398
v 0.880002 -0.905236 0.000000
v 0.880000 -0.910891 0.071285
v 0.890043 -0.904920 0.000000
v 0.890003 -0.910851 0.073412
v 0.900033 -0.910612 0.077652
v 0.910004 -0.910552 0.092921
v 0.919999 -0.910547 0.103046
v 0.929972 -0.910547 0.099331
v 0.939575 -0.910551 0.073931
v 0.946416 -0.910594 0.000000
v 0.530651 -0.915655 0.000000
v 0.524613 -0.914911 0.000000
v 0.539343 -0.915655 0.000000
v 0.545329 -0.914913 0.000000
v 0.841014 -0.917946 0.000000
v 0.834745 -0.915518 0.000000
v 0.850112 -0.918383 0.055684
v 0.860009 -0.918466 0.066479
v 0.870033 -0.918707 0.071521
v 0.880005 -0.918766 0.085564
v 0.890000 -0.918770 0.094475
v 0.900001 -0.918753 0.099234
v 0.910000 -0.918750 0.105839
v 0.919999 -0.918750 0.110033
v 0.929973 -0.918750 0.102983
v 0.939577 -0.918750 0.076621
v 0.946434 -0.918752 0.000000
v 0.850634 -0.923903 0.000000
v 0.844036 -0.923087 0.000000
v 0.860102 -0.924363 0.000000
v 0.870475 -0.926283 0.000000
v 0.880098 -0.926855 0.064114
v 0.890009 -0.926946 0.089393
v 0.900000 -0.926952 0.102038
v 0.910000 -0.926953 0.108693
v 0.919999 -0.926953 0.111134
v 0.929973 -0.926953 0.103511
v 0.939577 -0.926953 0.076915
v 0.946435 -0.926953 0.000000
v 0.880944 -0.934380 0.000000
v 0.874009 -0.931830 0.000000
v 0.890131 -0.935047 0.064262
v 0.900009 -0.935131 0.089575
v 0.910001 -0.935154 0.099432
v 0.919999 -0.935156 0.105112
v 0.929973 -0.935156 0.101854
v 0.939577 -0.935156 0.076688
v 0.946435 -0.935156 0.000000
v 0.890945 -0.942531 0.000000
v 0.884074 -0.940013 0.000000
v 0.900111 -0.943012 0.060808
v 0.910029 -0.943319 0.076494
v 0.920002 -0.943357 0.094670
v 0.929973 -0.943359 0.099206
v 0.939577 -0.943359 0.076140
v 0.946434 -0.943357 0.000000
v 0.900661 -0.948865 0.000000
v 0.894033 -0.947743 0.000000
v 0.910388 -0.951267 0.000000
v 0.920047 -0.951542 0.079182
v 0.929975 -0.951561 0.094277
v 0.939574 -0.951557 0.073357
v 0.946416 -0.951515 0.000000
v 0.920369 -0.959739 0.071528
v 0.913117 -0.959688 0.000000
v 0.929992 -0.959739 0.084141
v 0.939522 -0.959674 0.060286
v 0.946242 -0.959248 0.000000
v 0.920448 -0.967591 0.054630
v 0.913714 -0.967377 0.000000
v 0.929918 -0.967574 0.057586
v 0.938989 -0.967139 0.000000
v 0.945282 -0.964658 0.000000
v 0.920662 -0.973077 0.000000
v 0.914669 -0.972335 0.000000
v 0.929432 -0.973074 0.000000
v 0.935969 -0.972301 0.000000
f 1515 1567 1568 1516
f 4774 4782 4784 4775
f 4592 4625 4626 4593
f 4789 4797 4798 4790
f 4400 4453 4454 4401
f 3004 3064 3065 3005
f 2346 2393 2394 2347
f 3158 3212 3213 3159
f 4368 4426 4427 4369
f 85 112 113 86
f 4742 4761 4762 4744
f 891 936 937 892
f 24 29 30 25
f 2353 2400 2401 2354
f 4088 4135 4136 4089
f 3513 3572 3573 3514
f 4765 4777 4778 4766
f 88 115 116 89
f 3486 3546 3547 3487
f 181 217 218 182
f 1801 1844 1845 1802
f 4498 4544 4545 4499
f 4568 4601 4603 4569
f 2089 2144 2145 2090
f 79 100 102 101
f 16 22 24 18
f 67 94 95 69
f 155 188 189 156
f 3537 3592 3593 3540
f 4584 4617 4618 4585
f 1170 1208 1209 1171
f 2330 2379 2380 2331
f 147 178 179 148
f 123 155 156 124
f 1722 1768 1769 1723
f 59 88 89 61
f 55 84 85 56
f 4786 4794 4795 4787
f 2291 2348 2349 2292
f 23 28 27 22
f 2761 2819 2820 2762
f 1162 1201 1202 1163
f 2314 2368 2369 2315
f 4304 4359 4360 4305
f 71 96 97 73
f 1154 1193 1194 1155
f 2404 2455 2457 2406
f 245 290 291 246
f 39 47 49 48
f 4734 4735 4738 4737
f 4432 4484 4485 4433
f 4632 4662 4664 4634
f 2275 2332 2333 2276
f 359 403 404 360
f 4209 4261 4262 4210
f 666 697 696 665
f 149 180 181 150
f 261 264 263 262
f 2329 2378 2379 2330
f 1562 1611 1610 1561
f 304 305 307 306
f 189 225 226 190
f 77 99 100 79
f 44 55 56 45
f 1394 1443 1442 1393
f 157 190 191 158
f 4794 4801 4802 4795
f 63 64 67 66
f 4761 4773 4774 4762
f 1819 1861 1862 1820
f 2753 2814 2815 2754
f 2388 2442 2443 2389
f 187 223 224 188
f 285 336 335 284
f 36 44 45 37
f 3 5 8 7
f 62 65 64 63
f 47 58 59 49
f 56 85 86 57
f 2110 2165 2166 2111
f 15 19 21 20
f 72 73 75 74
f 3569 3624 3623 3568
f 293 344 345 294
f 4785 4793 4794 4786
f 46 57 58 47
f 4710 4727 4728 4711
f 8 11 13 12
f 322 365 366 323
f 469 516 517 470
f 553 595 596 554
f 215 249 250 216
f 22 27 29 24
f 160 193 194 161
f 92 123 124 91
f 317 360 361 318
f 325 368 369 326
f 315 358 359 316
f 167 200 201 168
f 4588 4621 4620 4587
f 2379 2431 2432 2380
f 3545 3598 3599 3546
f 3570 3625 3626 3571
f 2422 2471 2472 2423
f 4618 4648 4649 4619
f 357 401 402 358
f 199 235 236 200
f 275 326 327 276
f 4045 4095 4096 4047
f 365 409 410 366
f 207 241 242 208
f 2313 2367 2368 2314
f 1242 1287 1288 1243
f 223 268 269 224
f 2484 2529 2530 2486
f 4154 4205 4206 4155
f 637 639 638 600
f 2369 2422 2423 2370
f 1729 1779 1780 1730
f 2385 2437 2439 2438
f 2339 2388 2389 2340
f 4185 4188 4187 4186
f 3054 3055 3058 3057
f 229 274 275 230
f 151 182 183 152
f 2331 2380 2381 2332
f 2378 2430 2431 2379
f 256 299 298 255
f 4605 4635 4636 4606
f 541 585 586 542
f 301 350 351 303
f 263 315 316 265
f 1177 1213 1214 1178
f 2961 3017 3018 2962
f 111 146 147 112
f 2420 2469 2470 2421
f 429 473 474 430
f 3797 3850 3851 3798
f 2449 2494 2495 2450
f 1721 1767 1768 1722
f 133 165 166 134
f 302 303 305 304
f 135 136 138 137
f 136 167 168 138
f 250 295 296 251
f 34 43 44 36
f 445 492 493 446
f 295 346 347 296
f 323 366 367 324
f 2315 2369 2370 2316
f 100 132 133 102
f 128 160 161 129
f 4390 4446 4447 4391
f 537 581 582 538
f 3488 3548 3549 3489
f 319 362 363 320
f 35 41 43 34
f 150 181 182 151
f 132 164 165 133
f 4137 4183 4184 4138
f 65 91 93 64
f 1288 1335 1336 1289
f 477 524 525 478
f 327 370 371 328
f 221 265 266 220
f 509 552 553 510
f 628 666 665 627
f 4787 4795 4796 4788
f 557 559 558 515
f 3553 3606 3607 3554
f 26 31 33 32
f 134 166 167 136
f 2354 2401 2402 2355
f 200 236 237 201
f 3974 4030 4031 3975
f 973 975 974 932
f 1169 1207 1208 1170
f 271 322 323 272
f 173 209 210 174
f 3586 3640 3641 3587
f 351 395 396 352
f 248 293 294 249
f 3043 3101 3102 3044
f 246 291 292 247
f 43 54 55 44
f 116 151 152 118
f 192 228 229 193
f 1347 1399 1400 1348
f 845 891 892 846
f 453 500 501 454
f 857 901 902 858
f 253 256 255 254
f 1218 1262 1263 1219
f 191 227 228 192
f 176 212 213 177
f 342 387 388 343
f 389 434 435 390
f 198 234 235 199
f 3418 3475 3476 3419
f 213 247 248 214
f 2355 2402 2403 2356
f 205 239 241 207
f 2450 2495 2496 2451
f 1202 1243 1244 1203
f 175 211 212 176
f 2137 2192 2193 2138
f 3374 3440 3441 3375
f 2771 2828 2829 2773
f 573 612 611 572
f 385 430 431 386
f 197 233 234 198
f 2363 2408 2410 2409
f 159 192 193 160
f 576 615 616 577
f 4018 4071 4072 4019
f 1133 1171 1172 1134
f 581 620 621 582
f 431 475 476 432
f 165 198 199 166
f 3578 3633 3634 3579
f 2386 2440 2442 2388
f 4664 4691 4693 4665
f 1109 1147 1148 1110
f 146 177 178 147
f 471 518 519 472
f 50 52 51 42
f 262 263 265 221
f 156 189 190 157
f 224 269 270 225
f 4698 4712 4714 4700
f 555 597 598 556
f 605 645 646 606
f 216 250 251 217
f 343 388 389 344
f 547 589 591 549
f 479 526 527 480
f 254 255 258 257
f 168 201 203 202
f 1293 1339 1340 1294
f 1769 1814 1815 1770
f 190 226 227 191
f 96 128 129 97
f 3634 3692 3693 3635
f 3561 3614 3615 3562
f 3922 3983 3984 3923
f 4665 4693 4694 4666
f 114 149 150 115
f 407 453 454 408
f 99 131 132 100
f 102 133 134 104
f 148 179 180 149
f 2628 2629 2631 2580
f 1553 1555 1554 1504
f 1269 1317 1318 1270
f 669 700 701 670
f 535 579 580 536
f 2377 2429 2430 2378
f 4757 4771 4770 4759
f 247 292 293 248
f 4153 4204 4205 4154
f 1027 1070 1071 1028
f 1229 1230 1233 1232
f 381 426 427 382
f 543 587 588 544
f 1473 1521 1522 1474
f 335 381 382 337
f 408 454 455 409
f 210 244 245 211
f 1037 1079 1081 1039
f 2401 2453 2454 2402
f 1753 1800 1801 1754
f 83 110 111 84
f 398 444 445 399
f 2410 2460 2461 2412
f 532 576 577 533
f 873 918 919 874
f 277 328 329 278
f 188 224 225 189
f 1811 1853 1854 1812
f 589 627 629 591
f 269 320 321 270
f 2394 2446 2447 2395
f 1274 1320 1322 1273
f 1397 1446 1447 1398
f 2433 2477 2478 2434
f 607 647 648 608
f 373 417 418 374
f 1322 1374 1375 1323
f 967 1011 1013 969
f 2500 2548 2549 2501
f 1402 1451 1452 1403
f 707 740 742 709
f 162 195 196 163
f 615 654 655 616
f 139 141 140 107
f 286 337 338 287
f 172 208 209 173
f 280 331 332 281
f 3364 3365 3367 3312
f 643 680 681 644
f 3496 3556 3557 3497
f 583 622 623 584
f 131 163 164 132
f 1573 1622 1623 1574
f 272 323 324 273
f 311 355 356 313
f 731 773 772 730
f 1533 1583 1584 1534
f 1296 1298 1297 1254
f 2482 2528 2529 2484
f 42 51 53 41
f 2723 2782 2783 2724
f 303 351 352 305
f 400 446 447 401
f 3835 3894 3895 3836
f 425 469 470 426
f 3609 3668 3669 3610
f 390 435 436 391
f 279 330 331 280
f 3626 3684 3685 3627
f 2462 2505 2506 2464
f 1357 1413 1414 1359
f 1071 1115 1116 1072
f 687 723 722 689
f 701 735 736 702
f 2435 2479 2480 2436
f 231 276 277 232
f 2572 2620 2621 2573
f 2867 2931 2932 2869
f 747 791 792 748
f 593 631 632 594
f 913 915 914 871
f 115 150 151 116
f 2507 2508 2510 2509
f 95 127 128 96
f 3618 3677 3678 3619
f 2282 2339 2340 2283
f 763 803 805 804
f 741 783 785 740
f 727 761 762 728
f 341 386 387 342
f 3041 3099 3100 3042
f 1793 1836 1837 1794
f 568 609 610 569
f 558 599 601 560
f 3782 3836 3837 3783
f 893 938 939 894
f 333 376 377 334
f 2451 2496 2497 2452
f 495 540 541 496
f 2548 2591 2592 2549
f 2474 2518 2520 2473
f 1241 1286 1287 1242
f 901 946 947 902
f 807 808 811 810
f 309 354 355 311
f 374 418 419 375
f 237 282 283 238
f 867 911 912 868
f 2290 2347 2348 2291
f 289 340 341 290
f 4339 4341 4340 4280
f 171 205 207 170
f 366 410 411 367
f 2522 2569 2570 2523
f 368 412 413 369
f 2122 2177 2176 2121
f 859 903 905 861
f 949 993 992 948
f 1785 1827 1828 1786
f 2393 2444 2446 2394
f 217 251 252 218
f 375 419 420 376
f 360 404 405 361
f 981 1026 1027 982
f 703 737 738 704
f 4256 4311 4312 4257
f 1282 1329 1330 1283
f 500 545 546 501
f 336 379 381 335
f 1658 1704 1705 1659
f 843 889 890 844
f 194 230 231 195
f 839 883 885 884
f 3674 3736 3737 3675
f 487 532 533 488
f 699 733 734 700
f 1813 1855 1856 1814
f 909 954 955 910
f 847 893 894 849
f 525 570 571 526
f 2499 2545 2547 2498
f 2458 2501 2502 2459
f 2604 2657 2658 2605
f 2006 2064 2065 2007
f 1757 1804 1805 1758
f 1497 1548 1549 1498
f 1332 1384 1385 1333
f 1741 1788 1790 1743
f 308 309 311 310
f 3057 3058 3060 3059
f 560 601 602 561
f 2738 2740 2739 2683
f 1365 1419 1420 1367
f 1069 1113 1114 1070
f 799 842 843 800
f 154 185 187 153
f 550 592 593 551
f 3641 3699 3700 3642
f 2588 2642 2643 2590
f 1482 1530 1531 1483
f 4616 4646 4647 4617
f 161 194 195 162
f 887 932 931 886
f 405 451 452 406
f 2475 2521 2522 2476
f 3746 3803 3804 3747
f 2596 2649 2650 2597
f 601 641 642 602
f 4136 4182 4183 4137
f 919 963 964 920
f 397 443 444 398
f 438 486 487 440
f 4158 4209 4210 4159
f 432 476 477 433
f 174 210 211 175
f 903 948 950 905
f 1141 1180 1181 1142
f 517 562 563 518
f 430 474 475 431
f 639 676 675 638
f 552 594 595 553
f 1900 1956 1957 1901
f 979 1024 1025 980
f 1149 1188 1189 1150
f 452 499 500 453
f 98 130 131 99
f 1314 1359 1360 1315
f 244 289 290 245
f 1777 1819 1820 1778
f 737 779 780 738
f 195 231 232 196
f 2515 2561 2562 2516
f 447 494 495 448
f 2660 2661 2664 2663
f 2914 2979 2980 2915
f 2085 2140 2141 2086
f 1085 1126 1127 1086
f 3633 3691 3692 3634
f 82 109 110 83
f 2539 2584 2585 2540
f 439 485 486 438
f 2692 2693 2696 2695
f 4338 4391 4393 4392
f 2053 2110 2111 2055
f 1213 1257 1258 1214
f 228 273 274 229
f 415 460 461 416
f 4250 4305 4306 4251
f 1925 1979 1980 1926
f 1221 1265 1264 1220
f 865 909 910 866
f 693 727 728 694
f 1298 1342 1344 1297
f 292 343 344 293
f 536 580 581 537
f 219 221 220 186
f 641 678 679 642
f 1051 1095 1096 1052
f 4107 4154 4155 4108
f 493 538 539 494
f 2563 2565 2564 2519
f 3601 3660 3661 3602
f 3658 3721 3722 3659
f 3877 3935 3937 3880
f 2221 2271 2272 2222
f 306 307 309 308
f 1458 1507 1508 1460
f 485 530 531 486
f 1469 1517 1518 1470
f 1160 1199 1200 1161
f 1147 1186 1187 1148
f 1341 1343 1342 1298
f 226 271 272 227
f 461 508 509 462
f 2523 2570 2571 2524
f 631 669 670 632
f 2620 2676 2677 2621
f 106 142 143 108
f 2317 2371 2372 2318
f 2481 2527 2528 2482
f 3713 3771 3772 3714
f 2417 2466 2465 2416
f 510 553 554 511
f 276 327 328 277
f 1217 1261 1262 1218
f 1237 1281 1282 1236
f 243 288 289 244
f 486 531 532 487
f 519 564 565 520
f 520 565 566 521
f 74 75 77 76
f 3828 3887 3888 3829
f 2505 2553 2554 2506
f 511 554 555 512
f 470 517 518 471
f 496 541 542 497
f 4530 4573 4574 4531
f 2437 2481 2482 2439
f 450 497 498 451
f 733 775 776 734
f 1161 1200 1201 1162
f 406 452 453 407
f 3593 3652 3653 3594
f 464 511 512 465
f 685 718 719 686
f 817 860 859 816
f 3009 3069 3070 3010
f 623 662 661 624
f 416 461 462 417
f 4098 4145 4147 4100
f 2225 2275 2276 2226
f 97 129 130 98
f 4155 4206 4207 4156
f 227 272 273 228
f 1386 1437 1438 1387
f 2506 2554 2555 2508
f 312 313 314 264
f 2866 2868 2867 2809
f 2181 2234 2235 2182
f 710 743 744 711
f 565 606 607 566
f 567 608 609 568
f 2129 2184 2185 2130
f 2345 2391 2393 2346
f 1933 1986 1987 1934
f 1421 1471 1472 1422
f 1215 1259 1260 1216
f 549 591 592 550
f 677 710 711 678
f 3818 3873 3874 3819
f 2498 2547 2548 2500
f 995 1039 1040 996
f 1211 1253 1255 1210
f 1429 1479 1480 1430
f 441 488 489 442
f 130 162 163 131
f 582 621 622 583
f 959 1003 1005 958
f 592 630 631 593
f 1239 1284 1285 1240
f 1225 1269 1270 1226
f 291 342 343 292
f 574 613 614 575
f 316 359 360 317
f 2988 3043 3044 2989
f 1411 1461 1463 1413
f 1235 1278 1280 1279
f 1373 1424 1425 1374
f 1319 1321 1320 1274
f 599 640 641 601
f 4749 4766 4767 4750
f 706 708 707 676
f 1287 1334 1335 1288
f 1485 1533 1534 1486
f 122 154 153 121
f 2715 2769 2771 2770
f 591 629 630 592
f 696 730 732 698
f 17 23 22 16
f 1499 1550 1551 1500
f 1493 1543 1544 1492
f 559 600 599 558
f 702 736 737 703
f 3698 3760 3761 3699
f 282 333 334 283
f 1331 1383 1384 1332
f 1509 1561 1563 1511
f 2009 2067 2066 2008
f 653 687 689 654
f 1346 1398 1399 1347
f 503 548 547 505
f 2732 2791 2792 2733
f 1151 1190 1191 1152
f 2619 2675 2676 2620
f 364 408 409 365
f 4273 4330 4331 4274
f 1034 1077 1078 1035
f 1315 1360 1361 1316
f 2521 2568 2569 2522
f 2725 2784 2785 2726
f 3917 3978 3979 3918
f 683 716 717 684
f 564 605 606 565
f 645 682 683 646
f 1338 1390 1391 1339
f 3617 3676 3677 3618
f 856 900 901 857
f 3165 3219 3220 3166
f 2653 2710 2712 2655
f 1375 1426 1427 1376
f 1565 1614 1615 1566
f 629 667 668 630
f 838 882 883 839
f 783 826 828 785
f 2772 2773 2775 2774
f 1178 1214 1215 1179
f 2549 2592 2593 2550
f 378 380 379 336
f 3697 3759 3758 3696
f 613 652 653 614
f 2603 2656 2657 2604
f 679 712 713 680
f 2179 2232 2233 2180
f 2909 2974 2973 2908
f 1541 1588 1590 1543
f 1407 1454 1456 1406
f 597 635 636 598
f 2659 2662 2661 2660
f 2635 2688 2689 2636
f 656 691 692 657
f 2917 2982 2983 2918
f 330 373 374 331
f 1431 1481 1482 1432
f 533 577 578 534
f 670 701 702 671
f 671 702 703 672
f 648 685 686 649
f 1439 1489 1490 1440
f 2537 2582 2583 2538
f 437 439 438 394
f 654 689 690 655
f 655 690 691 656
f 616 655 656 617
f 1370 1371 1372 1321
f 2837 2896 2897 2838
f 1637 1681 1683 1636
f 630 668 669 631
f 775 819 820 776
f 2123 2178 2179 2124
f 906 951 952 907
f 2941 2998 2999 2943
f 1057 1102 1103 1058
f 4546 4582 4583 4547
f 1410 1412 1411 1358
f 2538 2583 2584 2539
f 2780 2835 2836 2781
f 1383 1434 1435 1384
f 1264 1312 1314 1266
f 4225 4275 4276 4227
f 394 438 440 393
f 1443 1493 1492 1442
f 1519 1571 1572 1520
f 1228 1231 1230 1229
f 2651 2708 2709 2652
f 404 450 451 405
f 840 886 888 842
f 459 506 507 460
f 3021 3081 3082 3022
f 3025 3083 3085 3026
f 883 929 930 885
f 1487 1535 1536 1488
f 830 875 876 831
f 767 812 813 766
f 2740 2797 2799 2739
f 1610 1656 1658 1612
f 2713 2767 2768 2714
f 1677 1722 1723 1678
f 2691 2694 2693 2692
f 768 769 771 770
f 2949 3005 3006 2950
f 782 784 783 741
f 563 604 605 564
f 2530 2577 2578 2532
f 728 762 763 729
f 2002 2060 2061 2003
f 2845 2904 2905 2846
f 1717 1763 1765 1719
f 734 776 777 735
f 951 995 996 952
f 2697 2753 2754 2698
f 388 433 434 389
f 822 865 866 823
f 1730 1780 1781 1731
f 869 871 870 827
f 1591 1640 1641 1592
f 1362 1417 1418 1363
f 759 799 800 760
f 2788 2843 2844 2789
f 1874 1921 1922 1875
f 81 106 108 80
f 362 406 407 363
f 1599 1601 1600 1555
f 2820 2880 2881 2821
f 735 777 778 736
f 4051 4099 4098 4050
f 789 832 833 790
f 337 382 383 338
f 820 863 864 821
f 2593 2646 2647 2594
f 2699 2755 2756 2700
f 711 744 745 712
f 1627 1672 1674 1629
f 3779 3833 3834 3780
f 1233 1277 1278 1235
f 999 1043 1044 1000
f 363 407 408 364
f 2554 2597 2598 2555
f 3722 3780 3781 3723
f 1794 1837 1838 1795
f 3421 3424 3423 3422
f 1829 1831 1830 1789
f 2513 2559 2560 2514
f 3341 3395 3397 3343
f 2947 3001 3003 2946
f 4365 4423 4424 4366
f 2553 2596 2597 2554
f 1575 1624 1625 1576
f 1005 1048 1049 1006
f 2675 2731 2732 2676
f 580 619 620 581
f 1152 1191 1192 1153
f 4026 4079 4078 4025
f 1821 1863 1864 1822
f 1583 1631 1632 1584
f 4746 4763 4764 4747
f 2683 2739 2741 2682
f 484 529 528 483
f 2804 2864 2865 2805
f 805 847 849 848
f 1861 1901 1902 1862
f 2777 2832 2833 2778
f 2762 2820 2821 2763
f 797 840 842 799
f 790 833 834 791
f 3625 3683 3684 3626
f 800 843 844 801
f 4587 4620 4622 4589
f 757 797 799 759
f 961 1007 1008 962
f 806 809 808 807
f 943 987 988 944
f 2186 2239 2240 2187
f 784 827 826 783
f 3501 3561 3562 3502
f 1869 1909 1911 1910
f 764 767 766 765
f 3089 3134 3135 3090
f 718 751 750 719
f 420 465 466 421
f 1231 1275 1276 1230
f 2954 3010 3011 2955
f 2561 2604 2605 2562
f 395 441 442 396
f 566 607 608 567
f 831 876 877 832
f 760 800 801 761
f 140 172 173 142
f 585 624 625 586
f 1789 1830 1832 1788
f 387 432 433 388
f 278 329 330 279
f 823 866 867 824
f 712 745 746 713
f 1745 1792 1793 1746
f 305 352 353 307
f 2577 2625 2626 2578
f 2546 2589 2588 2545
f 935 979 980 936
f 4429 4481 4482 4430
f 2860 2914 2915 2861
f 3966 4022 4023 3967
f 1803 1846 1847 1804
f 579 618 619 580
f 1719 1765 1766 1720
f 1337 1389 1390 1338
f 1743 1790 1791 1744
f 4731 4755 4756 4732
f 4241 4292 4294 4240
f 1747 1794 1795 1748
f 4552 4588 4587 4551
f 2570 2618 2619 2571
f 3133 3179 3178 3132
f 992 1038 1037 994
f 4299 4355 4356 4301
f 1779 1821 1822 1780
f 1957 2011 2012 1958
f 3867 3922 3923 3869
f 997 1041 1042 998
f 1546 1593 1594 1547
f 476 523 524 477
f 3810 3863 3864 3811
f 524 569 570 525
f 3653 3716 3717 3654
f 1997 2051 2052 1998
f 1841 1883 1885 1843
f 379 425 426 381
f 880 927 928 882
f 927 969 970 928
f 298 349 348 300
f 3573 3628 3629 3574
f 2005 2063 2064 2006
f 1687 1735 1736 1688
f 877 922 923 878
f 2041 2100 2101 2043
f 468 515 514 467
f 633 671 672 634
f 3453 3510 3509 3452
f 948 992 994 950
f 853 897 898 854
f 974 1019 1021 976
f 4784 4791 4793 4785
f 872 917 918 873
f 3598 3657 3658 3599
f 3217 3272 3273 3218
f 989 1034 1035 990
f 460 507 508 461
f 984 1029 1030 985
f 2518 2566 2567 2520
f 1265 1313 1312 1264
f 940 984 985 941
f 1989 1992 1991 1990
f 419 464 465 420
f 2787 2842 2843 2788
f 911 956 957 912
f 3770 3824 3825 3771
f 1684 1732 1733 1685
f 3149 3195 3196 3150
f 4354 4412 4413 4355
f 2910 2975 2976 2911
f 3665 3728 3729 3666
f 3137 3183 3184 3138
f 895 940 941 896
f 2884 2950 2951 2885
f 3283 3338 3339 3284
f 3893 3955 3956 3894
f 1333 1385 1386 1334
f 1839 1881 1882 1840
f 1110 1148 1149 1111
f 863 907 908 864
f 3754 3811 3812 3755
f 3010 3070 3071 3011
f 3901 3962 3963 3902
f 4100 4147 4148 4101
f 1855 1895 1896 1856
f 1891 1947 1946 1890
f 791 834 835 792
f 2650 2707 2708 2651
f 4197 4250 4251 4199
f 740 785 786 742
f 1939 1995 1996 1938
f 2093 2149 2150 2095
f 1136 1176 1177 1138
f 647 684 685 648
f 3490 3550 3551 3491
f 1947 2001 2000 1946
f 2117 2172 2173 2118
f 1879 1926 1927 1880
f 367 411 412 368
f 942 986 987 943
f 2868 2930 2931 2867
f 3442 3500 3501 3443
f 1955 2009 2008 1954
f 2125 2180 2181 2126
f 2838 2897 2898 2839
f 403 449 450 404
f 934 978 979 935
f 4574 4608 4609 4575
f 952 996 997 953
f 4297 4353 4354 4298
f 153 187 188 155
f 1329 1381 1382 1330
f 1967 1968 1969 1915
f 941 985 986 942
f 910 955 956 911
f 944 988 989 945
f 2003 2061 2062 2004
f 955 999 1000 956
f 3721 3779 3780 3722
f 933 977 978 934
f 1450 1500 1501 1451
f 3294 3348 3349 3295
f 920 964 965 921
f 2810 2870 2871 2811
f 1297 1344 1345 1299
f 917 961 962 918
f 2004 2062 2063 2005
f 886 931 933 888
f 3786 3840 3841 3787
f 837 881 880 836
f 3737 3794 3795 3738
f 2189 2242 2243 2190
f 4660 4689 4690 4661
f 1102 1140 1141 1103
f 852 895 896 851
f 2916 2981 2982 2917
f 1999 2053 2055 2054
f 1273 1322 1323 1275
f 1825 1867 1868 1826
f 2803 2863 2864 2804
f 1103 1141 1142 1104
f 4257 4312 4313 4258
f 2380 2432 2433 2381
f 4165 4219 4220 4166
f 2237 2287 2288 2238
f 2922 2923 2925 2924
f 290 341 342 291
f 1006 1049 1050 1007
f 3793 3846 3847 3794
f 2900 2966 2967 2901
f 3778 3832 3833 3779
f 2099 2154 2155 2100
f 998 1042 1043 999
f 1181 1217 1218 1182
f 548 590 589 547
f 1024 1067 1068 1025
f 3738 3795 3796 3739
f 2083 2138 2139 2084
f 2269 2325 2327 2270
f 2039 2098 2099 2040
f 1016 1060 1061 1018
f 1079 1120 1122 1081
f 1094 1134 1135 1095
f 1112 1150 1151 1113
f 2580 2631 2632 2579
f 2067 2122 2121 2066
f 2277 2334 2335 2278
f 3354 3413 3414 3355
f 3850 3905 3906 3851
f 1442 1492 1494 1444
f 3794 3847 3848 3795
f 692 726 727 693
f 4325 4380 4381 4326
f 281 332 333 282
f 2063 2118 2119 2064
f 2859 2913 2914 2860
f 2956 3012 3013 2957
f 3348 3407 3408 3349
f 4245 4298 4299 4246
f 2197 2250 2251 2198
f 2071 2126 2127 2072
f 1029 1072 1073 1030
f 1430 1480 1481 1431
f 1327 1379 1380 1328
f 3842 3844 3843 3792
f 4457 4504 4505 4458
f 4117 4164 4165 4118
f 4776 4785 4786 4777
f 355 399 400 356
f 4202 4254 4255 4203
f 3805 3858 3859 3806
f 2381 2433 2434 2382
f 3745 3802 3803 3746
f 1021 1064 1065 1022
f 2835 2894 2895 2836
f 105 107 106 81
f 2077 2132 2133 2078
f 2397 2449 2450 2398
f 2015 2073 2074 2016
f 1013 1057 1058 1014
f 1972 2025 2026 1973
f 2325 2376 2375 2327
f 4469 4518 4517 4468
f 2127 2182 2183 2128
f 1157 1196 1195 1156
f 1062 1108 1107 1064
f 1055 1098 1100 1054
f 2940 2997 2998 2941
f 2205 2255 2256 2206
f 2135 2190 2191 2136
f 3117 3163 3164 3118
f 1101 1139 1140 1102
f 1038 1080 1079 1037
f 1039 1081 1082 1040
f 1072 1116 1117 1073
f 3652 3715 3716 3653
f 321 364 365 322
f 2469 2514 2515 2470
f 489 534 535 490
f 874 919 920 875
f 1064 1107 1109 1065
f 4573 4607 4608 4574
f 2517 2519 2518 2474
f 2183 2236 2237 2184
f 242 287 288 243
f 990 1035 1036 991
f 1015 1059 1060 1016
f 483 528 530 485
f 4645 4674 4675 4646
f 4778 4787 4788 4779
f 2633 2686 2687 2634
f 1140 1179 1180 1141
f 475 522 523 476
f 234 279 280 235
f 4730 4754 4753 4729
f 1088 1090 1089 1047
f 689 722 724 690
f 4274 4331 4332 4275
f 2223 2273 2274 2224
f 1325 1377 1378 1326
f 2915 2980 2981 2916
f 3494 3554 3555 3495
f 4437 4489 4490 4438
f 331 374 375 332
f 2649 2706 2707 2650
f 3761 3818 3819 3762
f 467 514 516 469
f 3097 3142 3143 3098
f 1223 1267 1268 1224
f 1000 1044 1045 1001
f 4496 4542 4543 4497
f 310 311 313 312
f 1173 1175 1174 1137
f 2143 2198 2199 2144
f 4017 4070 4071 4018
f 652 688 687 653
f 864 908 909 865
f 235 280 281 236
f 2283 2340 2341 2284
f 778 822 823 779
f 604 644 645 605
f 1150 1189 1190 1151
f 584 623 624 585
f 179 215 216 180
f 30 37 38 31
f 2161 2215 2216 2162
f 1142 1181 1182 1143
f 4767 4779 4780 4768
f 141 170 172 140
f 2387 2441 2440 2386
f 634 672 673 635
f 3753 3810 3811 3754
f 1165 1167 1166 1130
f 809 851 853 808
f 3912 3973 3974 3913
f 3503 3563 3564 3504
f 2307 2360 2361 2309
f 1305 1351 1352 1306
f 860 904 903 859
f 1093 1133 1134 1094
f 1238 1283 1284 1239
f 2794 2849 2850 2795
f 258 300 301 260
f 3890 3952 3953 3891
f 2327 2375 2377 2328
f 2781 2836 2837 2782
f 515 558 560 514
f 1474 1522 1523 1475
f 1207 1250 1251 1208
f 4292 4348 4350 4294
f 3156 3210 3211 3157
f 854 898 899 855
f 2489 2534 2536 2488
f 499 544 545 500
f 2335 2384 2385 2336
f 1182 1218 1219 1183
f 1311 1354 1356 1310
f 2567 2615 2616 2568
f 2613 2669 2670 2614
f 230 275 276 231
f 2430 2473 2475 2431
f 1317 1362 1363 1318
f 2939 2995 2997 2940
f 1199 1240 1241 1200
f 3636 3694 3695 3637
f 3250 3308 3309 3252
f 206 240 239 205
f 1205 1246 1248 1204
f 2962 3018 3019 2963
f 1422 1472 1473 1423
f 1175 1211 1210 1174
f 1256 1301 1302 1257
f 314 357 358 315
f 1167 1205 1204 1166
f 3028 3088 3087 3030
f 3398 3461 3462 3400
f 2931 2991 2992 2932
f 1781 1823 1824 1782
f 2621 2677 2678 2622
f 1303 1349 1350 1304
f 1245 1247 1246 1205
f 2311 2365 2364 2310
f 1214 1258 1259 1215
f 2674 2730 2731 2675
f 4369 4427 4428 4370
f 1669 1715 1716 1670
f 110 145 146 111
f 1321 1372 1373 1320
f 3579 3634 3635 3580
f 4797 4804 4805 4798
f 644 681 682 645
f 1206 1249 1250 1207
f 1432 1482 1483 1433
f 4490 4537 4538 4491
f 1174 1210 1212 1176
f 1197 1238 1239 1198
f 186 220 222 185
f 1240 1285 1286 1241
f 442 489 490 443
f 2929 2989 2990 2930
f 2773 2829 2830 2775
f 2447 2492 2493 2448
f 1301 1347 1348 1302
f 953 997 998 954
f 925 967 969 927
f 1272 1273 1275 1231
f 2483 2484 2486 2485
f 2677 2733 2734 2678
f 2503 2551 2552 2504
f 1261 1306 1307 1262
f 1623 1669 1670 1624
f 2571 2619 2620 2572
f 530 574 575 531
f 2685 2743 2744 2686
f 2535 2580 2579 2534
f 539 583 584 540
f 1498 1549 1550 1499
f 1216 1260 1261 1217
f 2784 2839 2840 2785
f 2555 2598 2599 2556
f 625 663 664 626
f 2519 2564 2566 2518
f 266 317 318 267
f 2995 3050 3049 2997
f 620 659 660 621
f 1336 1388 1389 1337
f 1059 1104 1105 1060
f 2733 2792 2793 2734
f 2001 2058 2059 2000
f 1909 1965 1966 1911
f 523 568 569 524
f 494 539 540 495
f 931 976 977 933
f 3109 3155 3156 3108
f 2455 2498 2500 2457
f 1285 1332 1333 1286
f 3121 3167 3168 3122
f 1255 1300 1301 1256
f 178 214 215 179
f 2581 2633 2634 2582
f 1435 1485 1486 1436
f 1247 1292 1293 1246
f 1371 1422 1423 1372
f 3124 3170 3171 3125
f 2547 2590 2591 2548
f 2757 2817 2816 2759
f 3857 3912 3913 3858
f 1277 1325 1326 1278
f 2963 3019 3020 2964
f 2663 2664 2665 2609
f 2979 3034 3035 2980
f 2297 2354 2355 2298
f 414 459 460 415
f 1179 1215 1216 1180
f 1424 1474 1475 1425
f 294 345 346 295
f 2665 2721 2722 2666
f 2615 2671 2672 2616
f 1253 1299 1300 1255
f 1916 1917 1918 1872
f 1271 1274 1273 1272
f 3044 3102 3103 3045
f 963 1009 1010 964
f 2595 2648 2649 2596
f 2693 2751 2752 2696
f 2583 2635 2636 2584
f 1189 1225 1226 1190
f 1286 1333 1334 1287
f 1127 1163 1164 1128
f 1368 1369 1371 1370
f 861 905 906 862
f 2611 2667 2668 2612
f 1312 1357 1359 1314
f 684 717 718 685
f 1406 1456 1457 1408
f 1416 1466 1467 1417
f 1667 1713 1714 1668
f 1465 1513 1514 1466
f 2565 2612 2613 2564
f 2655 2712 2713 2656
f 2337 2386 2388 2339
f 1514 1566 1567 1515
f 3673 3734 3736 3674
f 1257 1302 1303 1258
f 2729 2788 2789 2730
f 697 731 730 696
f 2707 2761 2762 2708
f 3019 3079 3080 3020
f 1445 1495 1496 1446
f 3369 3435 3436 3370
f 3866 3921 3922 3867
f 3141 3187 3188 3142
f 766 813 814 769
f 2869 2932 2933 2870
f 354 398 399 355
f 1455 1504 1503 1454
f 2865 2919 2921 2920
f 2885 2951 2952 2886
f 2687 2745 2746 2688
f 1405 1407 1406 1355
f 3834 3893 3894 3835
f 2786 2841 2842 2787
f 3116 3162 3163 3117
f 1066 1110 1111 1067
f 726 760 761 727
f 2901 2967 2968 2902
f 2711 2765 2764 2710
f 875 920 921 876
f 2025 2083 2084 2026
f 1351 1403 1404 1352
f 3858 3913 3914 3859
f 2011 2069 2070 2012
f 590 628 627 589
f 690 724 725 691
f 1921 1975 1976 1922
f 1437 1487 1488 1438
f 318 361 362 319
f 1875 1922 1923 1876
f 1313 1358 1357 1312
f 481 484 483 482
f 1389 1440 1441 1390
f 1374 1425 1426 1375
f 1343 1393 1395 1342
f 1720 1766 1767 1721
f 818 861 862 819
f 2395 2447 2448 2396
f 611 650 652 613
f 2706 2760 2761 2707
f 4025 4078 4080 4027
f 3100 3145 3146 3101
f 126 158 159 127
f 2759 2816 2818 2760
f 2853 2908 2910 2856
f 2585 2637 2638 2586
f 1358 1411 1413 1357
f 724 757 759 725
f 1384 1435 1436 1385
f 2259 2316 2317 2260
f 3157 3211 3212 3158
f 2973 3028 3030 2975
f 2767 2825 2826 2768
f 1605 1652 1653 1606
f 1334 1386 1387 1335
f 2698 2754 2755 2699
f 1376 1427 1428 1377
f 4549 4585 4586 4550
f 813 856 857 814
f 2981 3036 3037 2982
f 1905 1961 1962 1906
f 595 633 634 596
f 1254 1297 1299 1253
f 1615 1661 1662 1616
f 1392 1394 1393 1343
f 358 402 403 359
f 1086 1127 1128 1087
f 754 795 796 756
f 2855 2856 2857 2798
f 1413 1463 1464 1414
f 1126 1162 1163 1127
f 700 734 735 701
f 1280 1327 1328 1281
f 3005 3065 3066 3006
f 1046 1091 1092 1048
f 2839 2898 2899 2840
f 1453 1455 1454 1407
f 1706 1754 1755 1707
f 1423 1473 1474 1424
f 3148 3194 3195 3149
f 814 857 858 815
f 361 405 406 362
f 3045 3103 3104 3046
f 1415 1465 1466 1416
f 1521 1573 1574 1522
f 4313 4367 4368 4314
f 1378 1429 1430 1379
f 4075 4122 4123 4076
f 1566 1615 1616 1567
f 1381 1432 1433 1382
f 1399 1448 1449 1400
f 2801 2861 2862 2802
f 638 675 677 640
f 1230 1276 1277 1233
f 3061 3116 3117 3062
f 2847 2906 2907 2848
f 4436 4488 4487 4435
f 1618 1664 1665 1619
f 1535 1585 1586 1536
f 1560 1607 1609 1608
f 4281 4343 4344 4282
f 1190 1226 1227 1191
f 730 772 774 732
f 3825 3884 3885 3826
f 2529 2576 2577 2530
f 1454 1503 1505 1456
f 3978 4034 4035 3979
f 2187 2240 2241 2188
f 2955 3011 3012 2956
f 1353 1355 1354 1311
f 2775 2830 2831 2776
f 1589 1636 1638 1588
f 3379 3445 3446 3380
f 1471 1519 1520 1472
f 1456 1505 1506 1457
f 4002 4058 4059 4004
f 617 656 657 618
f 2623 2679 2680 2624
f 627 665 667 629
f 3242 3302 3303 3243
f 1558 1605 1606 1559
f 836 880 882 838
f 1448 1498 1499 1449
f 371 415 416 372
f 3035 3093 3094 3036
f 2745 2804 2805 2746
f 1985 2038 2039 1986
f 3075 3130 3131 3076
f 3906 3967 3968 3907
f 2770 2771 2773 2772
f 3427 3428 3430 3429
f 1398 1447 1448 1399
f 594 632 633 595
f 3210 3265 3266 3211
f 1477 1525 1526 1478
f 1607 1654 1655 1609
f 3180 3234 3235 3181
f 1830 1873 1874 1832
f 1342 1395 1396 1344
f 829 874 875 830
f 2967 3023 3024 2968
f 529 573 572 528
f 3123 3169 3170 3124
f 2778 2833 2834 2779
f 3898 3959 3961 3900
f 1446 1496 1497 1447
f 1278 1326 1327 1280
f 673 704 705 674
f 2983 3038 3039 2984
f 4388 4444 4445 4389
f 1712 1760 1761 1713
f 201 237 238 203
f 3397 3459 3461 3398
f 1961 2015 2016 1962
f 1581 1629 1630 1582
f 3209 3264 3265 3210
f 1503 1556 1557 1505
f 3164 3218 3219 3165
f 3091 3136 3137 3092
f 338 383 384 339
f 1495 1546 1547 1496
f 1520 1572 1573 1521
f 2827 2886 2887 2828
f 897 942 943 898
f 2825 2884 2885 2826
f 1516 1568 1569 1517
f 1525 1577 1578 1526
f 3099 3144 3145 3100
f 772 816 818 774
f 2913 2978 2979 2914
f 1494 1545 1546 1495
f 2927 2988 2989 2929
f 667 698 699 668
f 1534 1584 1585 1535
f 828 873 874 829
f 1512 1564 1565 1513
f 3211 3266 3267 3212
f 3435 3493 3494 3436
f 826 872 873 828
f 3087 3132 3134 3089
f 1901 1957 1958 1902
f 1518 1570 1571 1519
f 788 831 832 789
f 1496 1547 1548 1497
f 1937 1938 1941 1940
f 3195 3249 3250 3196
f 3293 3347 3346 3292
f 3095 3140 3141 3096
f 675 709 710 677
f 1486 1534 1535 1487
f 2255 2312 2313 2256
f 1624 1670 1671 1625
f 3055 3113 3114 3058
f 3301 3355 3356 3302
f 1557 1604 1605 1558
f 1570 1619 1620 1571
f 812 855 856 813
f 3954 4011 4012 3955
f 1818 1860 1861 1819
f 1401 1450 1451 1402
f 1549 1596 1597 1550
f 3111 3157 3158 3112
f 3155 3209 3210 3156
f 1567 1616 1617 1568
f 3268 3325 3326 3269
f 2078 2133 2134 2079
f 3179 3233 3232 3178
f 1489 1537 1538 1490
f 1814 1856 1857 1815
f 3723 3781 3782 3724
f 1704 1751 1753 1705
f 1726 1727 1729 1682
f 3365 3432 3433 3367
f 3159 3213 3214 3160
f 4658 4687 4689 4660
f 1630 1675 1676 1631
f 1559 1606 1607 1560
f 3373 3439 3440 3374
f 1582 1630 1631 1583
f 3865 3920 3921 3866
f 3888 3950 3951 3889
f 3203 3204 3206 3205
f 1543 1590 1591 1544
f 3196 3250 3252 3251
f 1978 2031 2032 1979
f 1462 1510 1509 1461
f 1595 1644 1645 1596
f 3154 3207 3208 3153
f 787 830 831 788
f 1742 1789 1788 1741
f 1463 1511 1512 1464
f 3204 3260 3261 3206
f 3929 3989 3991 3990
f 3317 3373 3374 3318
f 2545 2588 2590 2547
f 3147 3193 3194 3148
f 1335 1387 1388 1336
f 1592 1641 1642 1593
f 3070 3125 3126 3071
f 1699 1748 1749 1700
f 482 483 485 439
f 3207 3262 3263 3208
f 1614 1660 1661 1615
f 1913 1914 1917 1916
f 1696 1745 1746 1697
f 2042 2043 2045 2044
f 3275 3332 3333 3276
f 3197 3200 3199 3198
f 3215 3270 3271 3216
f 3287 3288 3291 3290
f 3962 4018 4019 3963
f 1767 1812 1813 1768
f 3523 3580 3581 3525
f 3259 3316 3317 3260
f 3461 3518 3519 3462
f 3263 3320 3321 3264
f 1629 1674 1675 1630
f 2811 2871 2872 2812
f 3260 3317 3318 3261
f 3371 3437 3438 3372
f 3485 3545 3546 3486
f 3311 3368 3369 3313
f 1621 1667 1668 1622
f 1590 1639 1640 1591
f 2842 2901 2902 2843
f 3236 3296 3297 3237
f 4235 4286 4288 4237
f 3299 3353 3354 3300
f 3509 3568 3570 3511
f 3319 3375 3376 3320
f 1733 1783 1784 1734
f 2130 2185 2186 2131
f 2296 2353 2354 2297
f 2054 2055 2057 2056
f 3589 3591 3590 3538
f 1977 2030 2031 1978
f 386 431 432 387
f 3163 3217 3218 3164
f 779 823 824 780
f 1734 1784 1785 1735
f 1966 2020 2021 1968
f 2274 2331 2332 2275
f 3541 3594 3595 3542
f 3921 3982 3983 3922
f 370 414 415 371
f 1602 1649 1650 1603
f 1639 1685 1686 1640
f 3228 3282 3283 3229
f 2258 2315 2316 2259
f 1950 2004 2005 1951
f 3359 3417 3418 3360
f 1678 1723 1724 1679
f 1893 1949 1950 1894
f 1188 1224 1225 1189
f 1664 1710 1711 1665
f 833 878 879 834
f 1790 1833 1834 1791
f 1345 1397 1398 1346
f 3367 3433 3434 3368
f 1594 1643 1644 1595
f 1656 1702 1704 1658
f 4371 4429 4430 4372
f 1470 1518 1519 1471
f 1659 1705 1706 1660
f 3375 3441 3442 3376
f 1693 1743 1744 1695
f 2038 2097 2098 2039
f 1759 1806 1807 1760
f 1632 1677 1678 1633
f 3590 3650 3651 3592
f 3171 3225 3226 3172
f 1709 1757 1758 1710
f 2802 2862 2863 2803
f 1568 1617 1618 1569
f 2418 2467 2468 2419
f 3425 3426 3428 3427
f 3605 3664 3665 3606
f 3613 3672 3673 3614
f 3415 3472 3474 3417
f 900 945 946 901
f 1440 1490 1491 1441
f 1751 1798 1800 1753
f 108 143 144 109
f 3571 3626 3627 3572
f 753 754 756 755
f 3431 3489 3490 3432
f 1685 1733 1734 1686
f 1702 1752 1751 1704
f 3785 3839 3840 3786
f 1864 1904 1905 1865
f 1694 1741 1743 1693
f 1725 1728 1727 1726
f 1951 2005 2006 1952
f 4058 4105 4106 4059
f 12 13 15 14
f 3563 3616 3617 3564
f 3661 3724 3725 3662
f 3439 3497 3498 3440
f 1661 1707 1708 1662
f 4186 4187 4189 4141
f 924 926 925 881
f 2514 2560 2561 2515
f 2262 2319 2320 2263
f 4413 4466 4467 4414
f 3905 3966 3967 3906
f 402 448 449 403
f 1662 1708 1709 1663
f 1735 1785 1786 1736
f 1708 1756 1757 1709
f 2793 2848 2849 2794
f 811 854 855 812
f 1574 1623 1624 1575
f 1775 1776 1777 1728
f 3628 3686 3687 3629
f 236 281 282 237
f 3227 3281 3282 3228
f 2569 2617 2618 2570
f 1784 1826 1827 1785
f 444 491 492 445
f 3042 3100 3101 3043
f 3693 3755 3756 3694
f 3186 3240 3241 3187
f 4418 4471 4472 4419
f 3161 3215 3216 3162
f 1695 1744 1745 1696
f 1856 1896 1897 1857
f 372 416 417 373
f 795 838 839 796
f 1773 1816 1818 1776
f 1500 1551 1552 1501
f 1942 1943 1945 1944
f 2834 2893 2894 2835
f 1776 1818 1819 1777
f 2618 2674 2675 2619
f 2174 2228 2229 2175
f 882 928 929 883
f 2295 2352 2353 2296
f 916 960 961 917
f 1698 1747 1748 1699
f 3316 3372 3373 3317
f 4803 4808 4809 4804
f 1994 2048 2049 1995
f 3701 3704 3703 3702
f 1111 1149 1150 1112
f 1765 1810 1811 1766
f 25 30 31 26
f 1832 1874 1875 1833
f 2398 2450 2451 2399
f 2785 2840 2841 2786
f 4129 4176 4177 4130
f 1877 1924 1925 1878
f 1782 1824 1825 1783
f 2883 2948 2949 2882
f 4449 4496 4497 4450
f 2310 2364 2366 2312
f 3073 3128 3129 3074
f 1844 1886 1887 1845
f 426 470 471 427
f 1774 1817 1816 1773
f 1831 1871 1873 1830
f 2008 2066 2068 2010
f 443 490 491 444
f 2478 2524 2525 2479
f 1886 1932 1933 1887
f 1943 1998 1999 1945
f 3235 3295 3296 3236
f 1824 1866 1867 1825
f 1004 1047 1046 1003
f 2566 2614 2615 2567
f 1369 1421 1422 1371
f 3591 3649 3650 3590
f 851 896 897 853
f 945 989 990 946
f 1823 1865 1866 1824
f 2486 2530 2532 2531
f 876 921 922 877
f 3845 3900 3901 3846
f 3599 3658 3659 3600
f 418 463 464 419
f 1642 1688 1689 1643
f 3853 3908 3910 3855
f 2350 2397 2398 2351
f 3559 3612 3613 3560
f 3125 3171 3172 3126
f 3267 3324 3325 3268
f 1799 1842 1841 1798
f 1816 1858 1860 1818
f 521 566 567 522
f 2070 2125 2126 2071
f 3543 3596 3597 3544
f 1853 1893 1894 1854
f 2030 2088 2089 2031
f 1791 1834 1835 1792
f 1800 1843 1844 1801
f 2726 2785 2786 2727
f 2718 2776 2777 2717
f 3885 3947 3948 3886
f 3679 3741 3742 3680
f 827 870 872 826
f 1768 1813 1814 1769
f 2946 3003 3004 2948
f 1302 1348 1349 1303
f 4050 4098 4100 4052
f 1919 1973 1974 1920
f 3654 3717 3718 3655
f 4059 4106 4107 4061
f 1851 1891 1890 1850
f 3282 3337 3338 3283
f 3320 3376 3377 3321
f 1854 1894 1895 1855
f 2826 2885 2886 2827
f 3388 3452 3454 3390
f 473 520 521 474
f 3813 3866 3867 3814
f 1837 1879 1880 1838
f 1846 1888 1889 1847
f 996 1040 1041 997
f 4393 4448 4449 4395
f 2000 2059 2060 2002
f 3707 3708 3709 3646
f 3743 3800 3802 3745
f 1838 1880 1881 1839
f 665 696 698 667
f 3875 3878 3877 3876
f 3751 3808 3807 3750
f 1805 1848 1849 1806
f 1822 1864 1865 1823
f 2818 2878 2879 2819
f 3372 3438 3439 3373
f 3949 4005 4007 3950
f 2870 2933 2934 2871
f 3274 3331 3332 3275
f 1749 1796 1797 1750
f 3315 3371 3372 3316
f 1911 1966 1968 1967
f 1888 1934 1935 1889
f 3074 3129 3130 3075
f 980 1025 1026 981
f 3965 4021 4022 3966
f 3711 3769 3770 3712
f 1613 1659 1660 1614
f 2303 2304 2307 2306
f 1903 1959 1960 1904
f 1002 1004 1003 959
f 2694 2749 2751 2693
f 1349 1401 1402 1350
f 3363 3366 3365 3364
f 1895 1951 1952 1896
f 1880 1927 1928 1881
f 1348 1400 1401 1349
f 3310 3312 3311 3256
f 2841 2900 2901 2842
f 3961 4017 4018 3962
f 2021 2079 2080 2022
f 3185 3239 3240 3186
f 3915 3976 3978 3917
f 2970 3026 3027 2971
f 4029 4082 4083 4030
f 3823 3881 3883 3824
f 4386 4442 4443 4387
f 2022 2080 2081 2023
f 1507 1559 1560 1508
f 3307 3360 3361 3308
f 1902 1958 1959 1903
f 4037 4090 4091 4038
f 3030 3087 3089 3031
f 1163 1202 1203 1164
f 1887 1933 1934 1888
f 121 153 155 123
f 3931 3993 3992 3930
f 3831 3890 3891 3832
f 2013 2071 2072 2014
f 1926 1980 1981 1927
f 1863 1903 1904 1864
f 2056 2057 2058 2001
f 3973 4029 4030 3974
f 3126 3172 3173 3127
f 2017 2075 2076 2018
f 2657 2714 2715 2658
f 1993 1994 1995 1939
f 1783 1825 1826 1784
f 4042 4094 4093 4044
f 2991 3046 3047 2992
f 4019 4072 4073 4020
f 1883 1929 1931 1885
f 3871 3931 3930 3870
f 915 959 958 914
f 2014 2072 2073 2015
f 3452 3509 3511 3454
f 1764 1809 1808 1763
f 4027 4080 4081 4028
f 4125 4172 4174 4127
f 2843 2902 2903 2844
f 4569 4603 4604 4570
f 1682 1729 1730 1681
f 1028 1071 1072 1029
f 4034 4087 4088 4035
f 1652 1699 1700 1653
f 3134 3180 3181 3135
f 657 692 693 658
f 3903 3964 3965 3904
f 1020 1063 1062 1019
f 3347 3406 3405 3346
f 2288 2345 2346 2289
f 3122 3168 3169 3123
f 785 828 829 786
f 4173 4229 4228 4172
f 3911 3972 3973 3912
f 2702 2758 2757 2704
f 3969 4025 4027 3971
f 3436 3494 3495 3437
f 2087 2142 2143 2088
f 1593 1642 1643 1594
f 4205 4257 4258 4206
f 2068 2123 2124 2069
f 2149 2203 2204 2150
f 3339 3393 3394 3340
f 2930 2990 2991 2931
f 3278 3335 3334 3280
f 1976 2029 2030 1977
f 1268 1316 1317 1269
f 1968 2021 2022 1969
f 926 968 967 925
f 4213 4264 4265 4215
f 1657 1703 1702 1656
f 899 944 945 900
f 1674 1719 1720 1675
f 612 651 650 611
f 1920 1974 1975 1921
f 4163 4217 4216 4162
f 1987 2040 2041 1988
f 3991 4045 4047 4046
f 1973 2026 2027 1974
f 1998 2052 2053 1999
f 1983 2036 2035 1982
f 1912 1915 1914 1913
f 3370 3436 3437 3371
f 3542 3595 3596 3543
f 4141 4189 4190 4140
f 1097 1099 1098 1055
f 1965 2019 2020 1966
f 1982 2035 2037 1984
f 1975 2028 2029 1976
f 3492 3552 3553 3493
f 2046 2103 2104 2047
f 1713 1761 1762 1714
f 4269 4326 4327 4270
f 4047 4096 4097 4049
f 1941 1997 1998 1943
f 1958 2012 2013 1959
f 2079 2134 2135 2080
f 4409 4462 4463 4410
f 4071 4118 4119 4072
f 4079 4126 4125 4078
f 4293 4349 4348 4292
f 458 505 506 459
f 1894 1950 1951 1895
f 2858 2912 2913 2859
f 2144 2199 2200 2145
f 3395 3460 3459 3397
f 1377 1428 1429 1378
f 2601 2654 2653 2600
f 1766 1811 1812 1767
f 1084 1125 1126 1085
f 4130 4177 4178 4131
f 3530 3584 3586 3532
f 3438 3496 3497 3439
f 4333 4388 4389 4334
f 3993 4051 4050 3992
f 2141 2196 2197 2142
f 3777 3831 3832 3778
f 2228 2278 2279 2229
f 3334 3388 3390 3336
f 4357 4415 4417 4359
f 3999 4054 4056 4000
f 498 543 544 499
f 1438 1488 1489 1439
f 2247 2297 2298 2248
f 2032 2090 2091 2033
f 808 853 854 811
f 4243 4296 4297 4244
f 3847 3902 3903 3848
f 2045 2102 2103 2046
f 2158 2212 2213 2159
f 1060 1105 1106 1061
f 2024 2082 2083 2025
f 3546 3599 3600 3547
f 3662 3725 3726 3663
f 2945 2946 2948 2883
f 3554 3607 3608 3555
f 2037 2096 2097 2038
f 1858 1898 1900 1860
f 2055 2111 2112 2057
f 2136 2191 2192 2137
f 2372 2425 2426 2373
f 4267 4324 4323 4266
f 4309 4362 4364 4310
f 257 258 260 259
f 2133 2188 2189 2134
f 4067 4110 4112 4111
f 2047 2104 2105 2048
f 4090 4137 4138 4091
f 86 113 114 87
f 3822 3882 3881 3823
f 3699 3761 3762 3700
f 490 535 536 491
f 2023 2081 2082 2024
f 3540 3593 3594 3541
f 4791 4800 4799 4793
f 4315 4369 4370 4316
f 2897 2963 2964 2898
f 4183 4238 4239 4184
f 987 1032 1033 988
f 2150 2204 2205 2151
f 2882 2949 2950 2884
f 4082 4129 4130 4083
f 2708 2762 2763 2709
f 3886 3948 3949 3887
f 1835 1877 1878 1836
f 4223 4273 4274 4224
f 474 521 522 475
f 3361 3419 3420 3362
f 1116 1154 1155 1117
f 2280 2337 2339 2282
f 3802 3855 3856 3803
f 3758 3815 3817 3760
f 1563 1612 1613 1564
f 4231 4282 4283 4232
f 2501 2549 2550 2502
f 3467 3528 3529 3468
f 3769 3823 3824 3770
f 4355 4413 4414 4356
f 2924 2925 2927 2926
f 4477 4525 4526 4478
f 4121 4168 4169 4122
f 971 1015 1016 972
f 3281 3336 3337 3282
f 2239 2289 2290 2240
f 3516 3576 3575 3518
f 2684 2742 2743 2685
f 3342 3396 3395 3341
f 4517 4561 4563 4519
f 4159 4210 4211 4161
f 2109 2164 2165 2110
f 2286 2343 2344 2287
f 1100 1138 1139 1101
f 2104 2159 2160 2105
f 2468 2513 2514 2469
f 4062 4063 4065 4064
f 4525 4568 4569 4526
f 4295 4351 4352 4296
f 2101 2156 2157 2102
f 3443 3501 3502 3444
f 2119 2174 2175 2120
f 2096 2151 2152 2097
f 4303 4358 4357 4302
f 721 752 754 753
f 1089 1129 1131 1091
f 2126 2181 2182 2127
f 2111 2166 2167 2112
f 2072 2127 2128 2073
f 3655 3718 3719 3656
f 1681 1730 1731 1683
f 1114 1152 1153 1115
f 977 1022 1023 978
f 2029 2087 2088 2030
f 2118 2173 2174 2119
f 2167 2221 2222 2168
f 4106 4153 4154 4107
f 596 634 635 597
f 4507 4551 4553 4509
f 4613 4643 4644 4614
f 4343 4401 4402 4344
f 1019 1062 1064 1021
f 2094 2147 2149 2093
f 2231 2281 2280 2230
f 3572 3627 3628 3573
f 4617 4647 4648 4618
f 4483 4531 4532 4484
f 4621 4651 4650 4620
f 4367 4425 4426 4368
f 2617 2673 2674 2618
f 2695 2696 2697 2641
f 4425 4477 4478 4426
f 4174 4230 4231 4175
f 4581 4614 4615 4582
f 4375 4433 4434 4377
f 2293 2350 2351 2294
f 3491 3551 3552 3492
f 2159 2213 2214 2160
f 3556 3609 3610 3557
f 3308 3361 3362 3309
f 4110 4157 4158 4112
f 4161 4211 4213 4212
f 4033 4086 4085 4032
f 586 625 626 587
f 3225 3278 3280 3226
f 1148 1187 1188 1149
f 2176 2231 2230 2178
f 4122 4169 4170 4123
f 193 229 230 194
f 4717 4719 4718 4704
f 4311 4365 4366 4312
f 2173 2227 2228 2174
f 1467 1515 1516 1468
f 4709 4725 4727 4710
f 4065 4109 4110 4067
f 2165 2219 2220 2166
f 2278 2335 2336 2279
f 1132 1170 1171 1133
f 2168 2222 2223 2169
f 1744 1791 1792 1745
f 4707 4726 4725 4709
f 1481 1528 1530 1482
f 4447 4494 4495 4448
f 1289 1336 1337 1291
f 3539 3540 3541 3481
f 3495 3555 3556 3496
f 2264 2321 2322 2265
f 3092 3137 3138 3093
f 4571 4605 4606 4572
f 1138 1177 1178 1139
f 969 1013 1014 970
f 2285 2342 2343 2286
f 2190 2243 2244 2191
f 2215 2265 2266 2216
f 4114 4159 4161 4160
f 1281 1328 1329 1282
f 4326 4381 4382 4327
f 4453 4500 4501 4454
f 4479 4527 4528 4480
f 2207 2257 2258 2208
f 2182 2235 2236 2183
f 3604 3663 3664 3605
f 4298 4354 4355 4299
f 4294 4350 4351 4295
f 2937 2996 2995 2939
f 4503 4549 4550 4504
f 522 567 568 523
f 1778 1820 1821 1779
f 2191 2244 2245 2192
f 4417 4470 4471 4418
f 4242 4295 4296 4243
f 2370 2423 2424 2371
f 681 714 715 682
f 4511 4555 4556 4512
f 2213 2263 2264 2214
f 3499 3559 3560 3500
f 2151 2205 2206 2152
f 3464 3521 3523 3522
f 4322 4375 4377 4376
f 4667 4695 4696 4668
f 3817 3872 3873 3818
f 2095 2150 2151 2096
f 4651 4680 4679 4650
f 2057 2112 2113 2058
f 2654 2711 2710 2653
f 1959 2013 2014 1960
f 3644 3645 3648 3647
f 3988 4043 4042 3987
f 4398 4451 4452 4399
f 38 46 47 39
f 4455 4502 4503 4456
f 4561 4596 4598 4563
f 3531 3585 3584 3530
f 1631 1676 1677 1632
f 2240 2290 2291 2241
f 4450 4497 4498 4451
f 4302 4357 4359 4304
f 4583 4616 4617 4584
f 2493 2540 2541 2494
f 3547 3600 3601 3548
f 3098 3143 3144 3099
f 2232 2282 2283 2233
f 4212 4213 4215 4214
f 4715 4731 4732 4716
f 70 71 73 72
f 4591 4624 4625 4592
f 1043 1085 1086 1044
f 2302 2305 2304 2303
f 4466 4515 4516 4467
f 2208 2258 2259 2209
f 4739 4740 4742 4741
f 54 83 84 55
f 2049 2106 2107 2050
f 2261 2318 2319 2262
f 2230 2280 2282 2232
f 2383 2435 2436 2384
f 2152 2206 2207 2153
f 2528 2575 2576 2529
f 84 111 112 85
f 1417 1467 1468 1418
f 4639 4669 4670 4640
f 2245 2295 2296 2246
f 2166 2220 2221 2167
f 3018 3078 3079 3019
f 2016 2074 2075 2017
f 3060 3115 3116 3061
f 4694 4707 4709 4695
f 3650 3713 3714 3651
f 4570 4604 4605 4571
f 1728 1777 1778 1727
f 4201 4253 4252 4200
f 1105 1143 1144 1106
f 2271 2328 2329 2272
f 3273 3330 3331 3274
f 2448 2493 2494 2449
f 4666 4694 4695 4667
f 68 69 71 70
f 158 191 192 159
f 4703 4720 4721 4705
f 2405 2456 2455 2404
f 3587 3641 3642 3588
f 1492 1544 1545 1494
f 538 582 583 539
f 2375 2427 2429 2377
f 4210 4262 4263 4211
f 4596 4628 4630 4598
f 31 38 39 33
f 166 199 200 167
f 4081 4128 4129 4082
f 1139 1178 1179 1140
f 3249 3307 3308 3250
f 1196 1237 1236 1195
f 4630 4660 4661 4631
f 1053 1055 1054 1012
f 1186 1222 1223 1187
f 3498 3558 3559 3499
f 4284 4346 4347 4285
f 786 829 830 787
f 4590 4623 4624 4591
f 214 248 249 215
f 4105 4152 4153 4106
f 2641 2697 2698 2640
f 353 397 398 354
f 1220 1264 1266 1222
f 3972 4028 4029 3973
f 4788 4796 4797 4789
f 124 156 157 125
f 2411 2412 2414 2413
f 2367 2420 2421 2368
f 1850 1890 1892 1852
f 2432 2476 2477 2433
f 19 25 26 21
f 222 267 268 223
f 4372 4430 4431 4373
f 1210 1255 1256 1212
f 3937 3999 4000 3939
f 1083 1124 1125 1084
f 2084 2139 2140 2085
f 2334 2383 2384 2335
f 1252 1254 1253 1211
f 2360 2406 2407 2361
f 107 140 142 106
f 4699 4713 4712 4698
f 2347 2394 2395 2348
f 3519 3577 3578 3520
f 3676 3738 3739 3677
f 2415 2417 2416 2365
f 91 124 125 93
f 127 159 160 128
f 465 512 513 466
f 40 42 41 35
f 2533 2535 2534 2489
f 2986 3041 3042 2987
f 2351 2398 2399 2352
f 2416 2465 2467 2418
f 58 87 88 59
f 2969 3025 3026 2970
f 196 232 233 197
f 64 93 94 67
f 2319 2373 2374 2320
f 163 196 197 164
f 180 216 217 181
f 2977 3032 3033 2978
f 80 108 109 82
f 2365 2416 2418 2364
f 2446 2491 2492 2447
f 2978 3033 3034 2979
f 4529 4572 4573 4530
f 251 296 297 252
f 2349 2396 2397 2350
f 1025 1068 1069 1026
f 1810 1852 1853 1811
f 1308 1311 1310 1309
f 2592 2645 2646 2593
f 287 338 339 288
f 350 393 395 351
f 3611 3670 3671 3612
f 307 353 354 309
f 3660 3723 3724 3661
f 239 284 286 241
f 313 356 357 314
f 144 175 176 145
f 2333 2382 2383 2334
f 3603 3662 3663 3604
f 2477 2523 2524 2478
f 3595 3654 3655 3596
f 3801 3854 3853 3800
f 2400 2452 2453 2401
f 211 245 246 212
f 143 174 175 144
f 2412 2461 2462 2414
f 184 186 185 154
f 2429 2474 2473 2430
f 2487 2489 2488 2445
f 1433 1483 1484 1434
f 2607 2608 2611 2610
f 1131 1169 1170 1132
f 112 147 148 113
f 113 148 149 114
f 2439 2482 2484 2483
f 2376 2428 2427 2375
f 75 98 99 77
f 393 440 441 395
f 4687 4703 4705 4689
f 2352 2399 2400 2353
f 2431 2475 2476 2432
f 3608 3667 3668 3609
f 423 467 469 425
f 382 427 428 383
f 2371 2424 2425 2372
f 554 596 597 555
f 2414 2462 2464 2463
f 4162 4216 4218 4164
f 1266 1314 1315 1267
f 4021 4074 4075 4022
f 326 369 370 327
f 240 285 284 239
f 1107 1145 1147 1109
f 2382 2434 2435 2383
f 1115 1153 1154 1116
f 348 394 393 350
f 3953 4010 4011 3954
f 446 493 494 447
f 208 242 243 209
f 2461 2504 2505 2462
f 2534 2579 2581 2536
f 2407 2458 2459 2408
f 3716 3774 3775 3717
f 274 325 326 275
f 551 593 594 552
f 3594 3653 3654 3595
f 1826 1868 1869 1827
f 2445 2488 2490 2444
f 507 550 551 508
f 4465 4514 4515 4466
f 3457 3514 3515 3458
f 454 501 502 455
f 4807 4812 4811 4806
f 2421 2470 2471 2422
f 3683 3745 3746 3684
f 2559 2602 2603 2560
f 2584 2636 2637 2585
f 713 746 747 714
f 324 367 368 325
f 288 339 340 289
f 2309 2361 2363 2362
f 3265 3322 3323 3266
f 3002 3061 3062 3001
f 3692 3754 3755 3693
f 491 536 537 492
f 575 614 615 576
f 320 363 364 321
f 2488 2536 2537 2490
f 1292 1338 1339 1293
f 2666 2722 2723 2667
f 340 385 386 341
f 2985 3040 3041 2986
f 846 892 893 847
f 2551 2594 2595 2552
f 2630 2683 2682 2629
f 2480 2526 2527 2481
f 691 725 726 692
f 383 428 429 384
f 518 563 564 519
f 264 314 315 263
f 2157 2211 2212 2158
f 3627 3685 3686 3628
f 1284 1331 1332 1285
f 3724 3782 3783 3725
f 635 673 674 636
f 743 787 788 744
f 2887 2953 2954 2888
f 2502 2550 2551 2503
f 3740 3797 3798 3741
f 619 658 659 620
f 719 750 752 721
f 534 578 579 535
f 352 396 397 353
f 1243 1288 1289 1244
f 492 537 538 493
f 3520 3578 3579 3521
f 542 586 587 543
f 376 420 421 377
f 2629 2682 2684 2631
f 2494 2541 2542 2495
f 1276 1324 1325 1277
f 4170 4224 4225 4171
f 434 478 479 435
f 855 899 900 856
f 462 509 510 463
f 3257 3314 3315 3258
f 682 715 716 683
f 2527 2574 2575 2528
f 2920 2921 2923 2922
f 819 862 863 820
f 2622 2678 2679 2623
f 2511 2557 2559 2513
f 3734 3791 3793 3736
f 4481 4529 4530 4482
f 384 429 430 385
f 2890 2956 2957 2891
f 2479 2525 2526 2480
f 3748 3805 3806 3749
f 803 846 847 805
f 871 914 916 870
f 3001 3062 3063 3003
f 3610 3669 3670 3611
f 2541 2586 2587 2542
f 1834 1876 1877 1835
f 2391 2445 2444 2393
f 2552 2595 2596 2553
f 1653 1700 1701 1654
f 606 646 647 607
f 3682 3744 3743 3681
f 424 468 467 423
f 614 653 654 615
f 618 657 658 619
f 2558 2601 2600 2557
f 3849 3904 3905 3850
f 2536 2581 2582 2537
f 603 643 644 604
f 1396 1445 1446 1397
f 1187 1223 1224 1188
f 440 487 488 441
f 3667 3730 3731 3668
f 3090 3135 3136 3091
f 2520 2567 2568 2521
f 773 817 816 772
f 4331 4386 4387 4332
f 646 683 684 647
f 4177 4233 4234 4178
f 602 642 643 603
f 3270 3327 3328 3271
f 939 983 984 940
f 2456 2499 2498 2455
f 2098 2153 2154 2099
f 678 711 712 679
f 1049 1093 1094 1050
f 686 719 721 720
f 472 519 520 473
f 2727 2786 2787 2728
f 907 952 953 908
f 3876 3877 3880 3879
f 694 728 729 695
f 488 533 534 489
f 1195 1236 1238 1197
f 2898 2964 2965 2899
f 1364 1365 1367 1366
f 4314 4368 4369 4315
f 1011 1056 1057 1013
f 399 445 446 400
f 1330 1382 1383 1331
f 528 572 574 530
f 2597 2650 2651 2598
f 2590 2643 2644 2591
f 2591 2644 2645 2592
f 2712 2766 2767 2713
f 2582 2634 2635 2583
f 2589 2640 2642 2588
f 2639 2641 2640 2589
f 3804 3857 3858 3805
f 562 603 604 563
f 4614 4644 4645 4615
f 3033 3091 3092 3034
f 1130 1166 1168 1129
f 742 786 787 743
f 4169 4223 4224 4170
f 1746 1793 1794 1747
f 4497 4543 4544 4498
f 2616 2672 2673 2617
f 3366 3431 3432 3365
f 750 794 793 752
f 2573 2621 2622 2574
f 2550 2593 2594 2551
f 2719 2778 2779 2720
f 2608 2666 2667 2611
f 1067 1111 1112 1068
f 950 994 995 951
f 1457 1506 1507 1458
f 2470 2515 2516 2471
f 642 679 680 643
f 3034 3092 3093 3035
f 2704 2757 2759 2705
f 1949 2003 2004 1950
f 456 503 505 458
f 2294 2351 2352 2295
f 1283 1330 1331 1284
f 2656 2713 2714 2657
f 1291 1337 1338 1292
f 821 864 865 822
f 774 818 819 775
f 328 371 372 329
f 2673 2729 2730 2674
f 3715 3773 3774 3716
f 1388 1439 1440 1389
f 3860 3915 3917 3862
f 1275 1323 1324 1276
f 1279 1280 1281 1237
f 798 841 840 797
f 4145 4194 4196 4147
f 1259 1304 1305 1260
f 1641 1687 1688 1642
f 3026 3085 3086 3027
f 4218 4268 4269 4219
f 1159 1198 1199 1160
f 3017 3077 3078 3018
f 1804 1847 1848 1805
f 600 638 640 599
f 1267 1315 1316 1268
f 1914 1970 1971 1917
f 2879 2939 2940 2880
f 2864 2918 2919 2865
f 457 504 503 456
f 2790 2845 2846 2791
f 2669 2725 2726 2670
f 3836 3895 3896 3837
f 2557 2600 2602 2559
f 708 741 740 707
f 2667 2723 2724 2668
f 2686 2744 2745 2687
f 2680 2736 2737 2681
f 2813 2873 2874 2814
f 1447 1497 1498 1448
f 758 798 797 757
f 640 677 678 641
f 1372 1423 1424 1373
f 2678 2734 2735 2679
f 2672 2728 2729 2673
f 3053 3056 3055 3054
f 844 890 891 845
f 1354 1408 1409 1356
f 732 774 775 733
f 672 703 704 673
f 2670 2726 2727 2671
f 2782 2837 2838 2783
f 4194 4247 4249 4196
f 2679 2735 2736 2680
f 2648 2705 2706 2649
f 1427 1477 1478 1428
f 3238 3298 3299 3239
f 2419 2468 2469 2420
f 680 713 714 681
f 2765 2823 2822 2764
f 1866 1906 1907 1867
f 2671 2727 2728 2672
f 3892 3954 3955 3893
f 1539 1542 1541 1540
f 1954 2008 2010 1956
f 2155 2209 2210 2156
f 2105 2160 2161 2106
f 57 86 87 58
f 3755 3812 3813 3756
f 2631 2684 2685 2632
f 608 648 649 609
f 736 778 779 737
f 938 982 983 939
f 1323 1375 1376 1324
f 3731 3789 3790 3732
f 3106 3109 3108 3107
f 4258 4313 4314 4259
f 209 243 244 210
f 2958 3014 3015 2959
f 1428 1478 1479 1429
f 2806 2809 2808 2807
f 3668 3731 3732 3669
f 3833 3892 3893 3834
f 2856 2910 2911 2857
f 1003 1046 1048 1005
f 1299 1345 1346 1300
f 2871 2934 2935 2872
f 3940 3941 3943 3942
f 435 479 480 436
f 780 824 825 781
f 2749 2811 2812 2751
f 744 788 789 745
f 3739 3796 3797 3740
f 1412 1462 1461 1411
f 2744 2803 2804 2745
f 1579 1627 1629 1581
f 1 4 3 2
f 2741 2800 2801 2742
f 2751 2812 2813 2752
f 2728 2787 2788 2729
f 1090 1130 1129 1089
f 1511 1563 1564 1512
f 958 1005 1006 960
f 1041 1083 1084 1042
f 2717 2777 2778 2719
f 2742 2801 2802 2743
f 2807 2808 2810 2750
f 1099 1137 1136 1098
f 1707 1755 1756 1708
f 1367 1420 1421 1369
f 761 801 802 762
f 3730 3788 3789 3731
f 2645 2703 2702 2646
f 2734 2793 2794 2735
f 2863 2917 2918 2864
f 2840 2899 2900 2841
f 3685 3747 3748 3686
f 3020 3080 3081 3021
f 41 53 54 43
f 776 820 821 777
f 3066 3121 3122 3067
f 2774 2775 2776 2718
f 1355 1406 1408 1354
f 1476 1524 1525 1477
f 4282 4344 4345 4283
f 3709 3767 3768 3710
f 1711 1759 1760 1712
f 1014 1058 1059 1015
f 816 859 861 818
f 1012 1054 1056 1011
f 1771 1774 1773 1772
f 3948 4006 4005 3949
f 956 1000 1001 957
f 1022 1065 1066 1023
f 824 867 868 825
f 762 802 803 763
f 3289 3342 3341 3288
f 1683 1731 1732 1684
f 3908 3969 3971 3910
f 988 1033 1034 989
f 1030 1073 1074 1031
f 4217 4267 4266 4216
f 3795 3848 3849 3796
f 3456 3513 3514 3457
f 3181 3235 3236 3182
f 1871 1919 1920 1873
f 1054 1100 1101 1056
f 3714 3772 3773 3715
f 2705 2759 2760 2706
f 793 836 838 795
f 3058 3114 3115 3060
f 3916 3977 3976 3915
f 1082 1123 1124 1083
f 1833 1875 1876 1834
f 1070 1114 1115 1071
f 3706 3765 3766 3708
f 2925 2987 2988 2927
f 2950 3006 3007 2951
f 3487 3547 3548 3488
f 2816 2876 2878 2818
f 3989 4044 4045 3991
f 1647 1695 1696 1649
f 1434 1484 1485 1435
f 896 941 942 897
f 714 747 748 715
f 1906 1962 1963 1907
f 1444 1494 1495 1445
f 2830 2889 2890 2831
f 2829 2888 2889 2830
f 2808 2869 2870 2810
f 1907 1963 1964 1908
f 2031 2089 2090 2032
f 1545 1592 1593 1546
f 1033 1076 1077 1034
f 2797 2858 2859 2799
f 2822 2883 2882 2824
f 2831 2890 2891 2832
f 2776 2831 2832 2777
f 1963 2017 2018 1964
f 2720 2779 2780 2721
f 1180 1216 1217 1181
f 936 980 981 937
f 2918 2983 2984 2919
f 2600 2653 2655 2602
f 968 1012 1011 967
f 3657 3720 3721 3658
f 698 732 733 699
f 2926 2927 2929 2928
f 2799 2859 2860 2800
f 3980 4036 4037 3981
f 976 1021 1022 977
f 1898 1954 1956 1900
f 2783 2838 2839 2784
f 2281 2338 2337 2280
f 1971 2024 2025 1972
f 2992 3047 3048 2993
f 2051 2108 2109 2052
f 894 939 940 895
f 1156 1195 1197 1158
f 2121 2176 2178 2123
f 1363 1418 1419 1365
f 3827 3886 3887 3828
f 2735 2794 2795 2736
f 4370 4428 4429 4371
f 2035 2095 2096 2037
f 2606 2609 2608 2607
f 3322 3378 3379 3323
f 904 949 948 903
f 1395 1444 1445 1396
f 1890 1946 1948 1892
f 2575 2623 2624 2576
f 2880 2940 2941 2881
f 2019 2077 2078 2020
f 3659 3722 3723 3660
f 1158 1197 1198 1159
f 1120 1156 1158 1122
f 3101 3146 3147 3102
f 3262 3319 3320 3263
f 3881 3945 3944 3883
f 2872 2935 2936 2873
f 1867 1907 1908 1868
f 1379 1430 1431 1380
f 1032 1075 1076 1033
f 3811 3864 3865 3812
f 3015 3075 3076 3016
f 2984 3039 3040 2985
f 1523 1575 1576 1524
f 2103 2158 2159 2104
f 3129 3175 3176 3130
f 2113 2168 2169 2114
f 1387 1438 1439 1388
f 2894 2960 2961 2895
f 3162 3216 3217 3163
f 2171 2225 2226 2172
f 1198 1239 1240 1199
f 2893 2959 2960 2894
f 2903 2969 2970 2904
f 4445 4493 4492 4446
f 1991 2047 2048 1994
f 1222 1266 1267 1223
f 1056 1101 1102 1057
f 2861 2915 2916 2862
f 4773 4783 4782 4774
f 1466 1514 1515 1467
f 1080 1121 1120 1079
f 2989 3044 3045 2990
f 4330 4385 4386 4331
f 2923 2986 2987 2925
f 1663 1709 1710 1664
f 1104 1142 1143 1105
f 722 758 757 724
f 2886 2952 2953 2887
f 1788 1832 1833 1790
f 4020 4073 4074 4021
f 2460 2503 2504 2461
f 2473 2520 2521 2475
f 1166 1204 1206 1168
f 4249 4304 4305 4250
f 1483 1531 1532 1484
f 2862 2916 2917 2863
f 3007 3067 3068 3008
f 4601 4633 4632 4603
f 142 173 174 143
f 1204 1248 1249 1206
f 1414 1464 1465 1415
f 1040 1082 1083 1041
f 2721 2780 2781 2722
f 2798 2857 2858 2797
f 3114 3160 3161 3115
f 3168 3222 3223 3169
f 2299 2356 2357 2300
f 1316 1361 1362 1317
f 3883 3944 3946 3884
f 3093 3138 3139 3094
f 1548 1595 1596 1549
f 4004 4059 4061 4060
f 2227 2277 2278 2228
f 1300 1346 1347 1301
f 1318 1363 1365 1364
f 4265 4320 4322 4321
f 1419 1469 1470 1420
f 169 171 170 141
f 3183 3237 3238 3184
f 2960 3016 3017 2961
f 478 525 526 479
f 2318 2372 2373 2319
f 1366 1367 1369 1368
f 2748 2750 2749 2694
f 2965 3021 3022 2966
f 892 937 938 893
f 1524 1576 1577 1525
f 2952 3008 3009 2953
f 1522 1574 1575 1523
f 2957 3013 3014 2958
f 3102 3147 3148 3103
f 3069 3124 3125 3070
f 3851 3906 3907 3852
f 2491 2538 2539 2492
f 1350 1402 1403 1351
f 2495 2542 2543 2496
f 2467 2511 2513 2468
f 1382 1433 1434 1383
f 3826 3885 3886 3827
f 746 790 791 747
f 2990 3045 3046 2991
f 1532 1582 1583 1533
f 2904 2970 2971 2905
f 2627 2630 2629 2628
f 2399 2451 2452 2400
f 1506 1558 1559 1507
f 2081 2136 2137 2082
f 1475 1523 1524 1476
f 2974 3029 3028 2973
f 2975 3030 3031 2976
f 3072 3127 3128 3073
f 1449 1499 1500 1450
f 2287 2344 2345 2288
f 3113 3159 3160 3114
f 2682 2741 2742 2684
f 2201 2253 2252 2203
f 4394 4395 4397 4396
f 2643 2700 2701 2644
f 1380 1431 1432 1381
f 1073 1117 1118 1074
f 3094 3139 3140 3095
f 2951 3007 3008 2952
f 4116 4163 4162 4115
f 2579 2632 2633 2581
f 2647 2704 2705 2648
f 1326 1378 1379 1327
f 3132 3178 3180 3134
f 738 780 781 739
f 1938 1996 1997 1941
f 3103 3148 3149 3104
f 4553 4589 4590 4554
f 2459 2502 2503 2460
f 2270 2327 2328 2271
f 449 496 497 450
f 1320 1373 1374 1322
f 870 916 917 872
f 3923 3984 3986 3985
f 1484 1532 1533 1485
f 1817 1859 1858 1816
f 1930 1983 1982 1929
f 3160 3214 3215 3161
f 3130 3176 3177 3131
f 1468 1516 1517 1469
f 1328 1380 1381 1329
f 1451 1501 1502 1452
f 1922 1976 1977 1923
f 1620 1666 1667 1621
f 4036 4089 4090 4037
f 4501 4547 4548 4502
f 2791 2846 2847 2792
f 3378 3444 3445 3379
f 1304 1350 1351 1305
f 3037 3095 3096 3038
f 3899 3960 3959 3898
f 3873 3933 3934 3874
f 3040 3098 3099 3041
f 1643 1689 1690 1644
f 2743 2802 2803 2744
f 1510 1562 1561 1509
f 3032 3090 3091 3033
f 3175 3229 3230 3176
f 427 471 472 428
f 1324 1376 1377 1325
f 1758 1805 1806 1759
f 1360 1415 1416 1361
f 3013 3073 3074 3014
f 3110 3111 3112 3056
f 1564 1613 1614 1565
f 3144 3190 3191 3145
f 2899 2965 2966 2900
f 1796 1839 1840 1797
f 1542 1589 1588 1541
f 1400 1449 1450 1401
f 2997 3049 3051 2998
f 3046 3104 3105 3047
f 3071 3126 3127 3072
f 4068 4115 4117 4070
f 3063 3118 3119 3064
f 4108 4155 4156 4109
f 4609 4639 4640 4610
f 1408 1457 1458 1409
f 3146 3192 3193 3147
f 3136 3182 3183 3137
f 3059 3060 3061 3002
f 2959 3015 3016 2960
f 1550 1597 1598 1551
f 2217 2267 2268 2218
f 2789 2844 2845 2790
f 3014 3074 3075 3015
f 1612 1658 1659 1613
f 3112 3158 3159 3113
f 2987 3042 3043 2988
f 1628 1673 1672 1627
f 273 324 325 274
f 3938 3939 3941 3940
f 2525 2572 2573 2526
f 3174 3228 3229 3175
f 3138 3184 3185 3139
f 3448 3506 3507 3449
f 1530 1579 1581 1531
f 3039 3097 3098 3040
f 1917 1971 1972 1918
f 1200 1241 1242 1201
f 4035 4088 4089 4036
f 3143 3189 3190 3144
f 4346 4404 4405 4347
f 2779 2834 2835 2780
f 1604 1651 1652 1605
f 1478 1526 1527 1479
f 1480 1529 1528 1481
f 3221 3276 3277 3222
f 3963 4019 4020 3964
f 3535 3538 3537 3536
f 3120 3166 3167 3121
f 3187 3241 3242 3188
f 3167 3221 3222 3168
f 1622 1668 1669 1623
f 265 316 317 266
f 1361 1416 1417 1362
f 2739 2799 2800 2741
f 3345 3398 3400 3399
f 1606 1653 1654 1607
f 3201 3202 3204 3203
f 2115 2170 2171 2116
f 1580 1628 1627 1579
f 3139 3185 3186 3140
f 745 789 790 746
f 1504 1554 1556 1503
f 3213 3268 3269 3214
f 3246 3305 3304 3247
f 3135 3181 3182 3136
f 3152 3153 3155 3109
f 3219 3274 3275 3220
f 2911 2976 2977 2912
f 3178 3232 3234 3180
f 1528 1580 1579 1530
f 1418 1468 1469 1419
f 3939 4000 4001 3941
f 3127 3173 3174 3128
f 3088 3133 3132 3087
f 3323 3379 3380 3324
f 1668 1714 1715 1669
f 1710 1758 1759 1711
f 1536 1586 1587 1537
f 1555 1600 1602 1554
f 3198 3199 3202 3201
f 3119 3165 3166 3120
f 3008 3068 3069 3009
f 3889 3951 3952 3890
f 3145 3191 3192 3146
f 1201 1242 1243 1202
f 3253 3256 3255 3254
f 3142 3188 3189 3143
f 3151 3154 3153 3152
f 3200 3257 3258 3199
f 1918 1972 1973 1919
f 937 981 982 938
f 1686 1734 1735 1687
f 1488 1536 1537 1489
f 1547 1594 1595 1548
f 3979 4035 4036 3980
f 3031 3089 3090 3032
f 4140 4190 4191 4142
f 3291 3343 3345 3344
f 1969 2022 2023 1970
f 1638 1684 1685 1639
f 1600 1647 1649 1602
f 1531 1581 1582 1532
f 2722 2781 2782 2723
f 3280 3334 3336 3281
f 3226 3280 3281 3227
f 1748 1795 1796 1749
f 3930 3992 3994 3932
f 3971 4027 4028 3972
f 3335 3389 3388 3334
f 3192 3246 3247 3193
f 3115 3161 3162 3116
f 1554 1602 1603 1556
f 3153 3208 3209 3155
f 1584 1632 1633 1585
f 3189 3243 3244 3190
f 3190 3244 3245 3191
f 1636 1683 1684 1638
f 4268 4325 4326 4269
f 918 962 963 919
f 3194 3248 3249 3195
f 1798 1841 1843 1800
f 1648 1693 1695 1647
f 3173 3227 3228 3174
f 3272 3329 3330 3273
f 3483 3543 3544 3484
f 1644 1690 1691 1645
f 417 462 463 418
f 1672 1717 1719 1674
f 3205 3206 3207 3154
f 1962 2016 2017 1963
f 3987 4042 4044 3989
f 3199 3258 3259 3202
f 3475 3532 3533 3476
f 4156 4207 4208 4157
f 2919 2984 2985 2921
f 1870 1872 1871 1831
f 1688 1736 1737 1689
f 794 837 836 793
f 3230 3284 3285 3231
f 1780 1822 1823 1781
f 4172 4228 4230 4174
f 3643 3646 3645 3644
f 1929 1982 1984 1931
f 3689 3751 3750 3688
f 3255 3313 3314 3257
f 4164 4218 4219 4165
f 1244 1289 1291 1290
f 1031 1074 1075 1032
f 3182 3236 3237 3183
f 3440 3498 3499 3441
f 3327 3383 3384 3328
f 3675 3737 3738 3676
f 1908 1964 1965 1909
f 1513 1565 1566 1514
f 4329 4384 4385 4330
f 1635 1637 1636 1589
f 3118 3164 3165 3119
f 3247 3304 3306 3248
f 4378 4436 4435 4380
f 3635 3693 3694 3636
f 1892 1948 1949 1893
f 1862 1902 1903 1863
f 3970 4026 4025 3969
f 2769 2827 2828 2771
f 2966 3022 3023 2967
f 1676 1721 1722 1677
f 3248 3306 3307 3249
f 3691 3753 3754 3692
f 3759 3816 3815 3758
f 1878 1925 1926 1879
f 2662 2717 2719 2661
f 3240 3300 3301 3241
f 3459 3516 3518 3461
f 3631 3689 3688 3630
f 1650 1697 1698 1651
f 4353 4411 4412 4354
f 345 390 391 346
f 3216 3271 3272 3217
f 1596 1645 1646 1597
f 329 372 373 330
f 3036 3094 3095 3037
f 2062 2117 2118 2063
f 3170 3224 3225 3171
f 4410 4463 4464 4411
f 3803 3856 3857 3804
f 3511 3570 3571 3512
f 1505 1557 1558 1506
f 233 278 279 234
f 1571 1620 1621 1572
f 2814 2874 2875 2815
f 4220 4270 4271 4221
f 1988 2041 2043 2042
f 1934 1987 1988 1935
f 1792 1835 1836 1793
f 1990 1991 1994 1993
f 3389 3453 3452 3388
f 4585 4618 4619 4586
f 3463 3520 3521 3464
f 3843 3898 3900 3845
f 3863 3918 3919 3864
f 1666 1712 1713 1667
f 2185 2238 2239 2186
f 3269 3326 3327 3270
f 1673 1718 1717 1672
f 1660 1706 1707 1661
f 1845 1887 1888 1846
f 3891 3953 3954 3892
f 1246 1293 1294 1248
f 1974 2027 2028 1975
f 1752 1799 1798 1751
f 3261 3318 3319 3262
f 3478 3481 3480 3479
f 3295 3349 3350 3296
f 3432 3490 3491 3433
f 2982 3037 3038 2983
f 2060 2115 2116 2061
f 3271 3328 3329 3272
f 3326 3382 3383 3327
f 4196 4249 4250 4197
f 3206 3261 3262 3207
f 2036 2093 2095 2035
f 433 477 478 434
f 2058 2113 2114 2059
f 3381 3447 3448 3382
f 3239 3299 3300 3240
f 3955 4012 4013 3956
f 3218 3273 3274 3219
f 1986 2039 2040 1987
f 3169 3223 3224 3170
f 4023 4076 4077 4024
f 1872 1918 1919 1871
f 850 852 851 809
f 3318 3374 3375 3319
f 3913 3974 3975 3914
f 3312 3367 3368 3311
f 2766 2824 2825 2767
f 3943 4002 4004 4003
f 516 561 562 517
f 1619 1665 1666 1620
f 3455 3512 3513 3456
f 3304 3357 3359 3306
f 2102 2157 2158 2103
f 1611 1657 1656 1610
f 3406 3466 3465 3405
f 3107 3108 3111 3110
f 1690 1738 1739 1691
f 802 845 846 803
f 3417 3474 3475 3418
f 3741 3798 3799 3742
f 1740 1742 1741 1694
f 3424 3484 3485 3423
f 4363 4421 4420 4362
f 3791 3845 3846 3793
f 3193 3247 3248 3194
f 1936 1939 1938 1937
f 1603 1650 1651 1604
f 4099 4146 4145 4098
f 3351 3410 3411 3352
f 4426 4478 4479 4427
f 4219 4269 4270 4220
f 177 213 214 178
f 3067 3122 3123 3068
f 1896 1952 1953 1897
f 3429 3430 3431 3366
f 4083 4130 4131 4084
f 3399 3400 3402 3401
f 4252 4307 4309 4254
f 3357 3415 3417 3359
f 1065 1109 1110 1066
f 3606 3665 3666 3607
f 3407 3467 3468 3408
f 3416 3473 3472 3415
f 3774 3828 3829 3775
f 2851 2854 2853 2852
f 3325 3381 3382 3326
f 3390 3454 3455 3391
f 4244 4297 4298 4245
f 2116 2171 2172 2117
f 3382 3448 3449 3383
f 3229 3283 3284 3230
f 3447 3505 3506 3448
f 4768 4780 4781 4769
f 3646 3709 3710 3645
f 4175 4231 4232 4176
f 4236 4287 4286 4235
f 3391 3455 3456 3392
f 3422 3423 3426 3425
f 2204 2254 2255 2205
f 769 814 815 771
f 225 270 271 226
f 1756 1803 1804 1757
f 2196 2249 2250 2197
f 3400 3462 3463 3402
f 3202 3259 3260 3204
f 2180 2233 2234 2181
f 1960 2014 2015 1961
f 3358 3416 3415 3357
f 1176 1212 1213 1177
f 3384 3450 3451 3385
f 2194 2247 2248 2195
f 4327 4382 4383 4328
f 89 116 118 117
f 1984 2037 2038 1985
f 866 910 911 867
f 3649 3712 3713 3650
f 1732 1782 1783 1733
f 3360 3418 3419 3361
f 4499 4545 4546 4500
f 4271 4328 4329 4272
f 2134 2189 2190 2135
f 1992 2046 2047 1991
f 1651 1698 1699 1652
f 2050 2107 2108 2051
f 3423 3485 3486 3426
f 3288 3341 3343 3291
f 4435 4487 4489 4437
f 3557 3610 3611 3558
f 4385 4441 4442 4386
f 4195 4248 4247 4194
f 3479 3480 3483 3482
f 3176 3230 3231 3177
f 4515 4559 4560 4516
f 1904 1960 1961 1905
f 2142 2197 2198 2143
f 914 958 960 916
f 921 965 966 922
f 3383 3449 3450 3384
f 2928 2929 2930 2868
f 4143 4192 4193 4144
f 2244 2294 2295 2245
f 4470 4519 4520 4471
f 1561 1610 1612 1563
f 2304 2358 2360 2307
f 4471 4520 4521 4472
f 2086 2141 2142 2087
f 4401 4454 4455 4402
f 3343 3397 3398 3345
f 125 157 158 126
f 2206 2256 2257 2207
f 4611 4641 4643 4613
f 4580 4613 4614 4581
f 2214 2264 2265 2215
f 2048 2105 2106 2049
f 3445 3503 3504 3446
f 4123 4170 4171 4124
f 3191 3245 3246 3192
f 3560 3613 3614 3561
f 2266 2323 2324 2267
f 2348 2395 2396 2349
f 801 844 845 802
f 577 616 617 578
f 3437 3495 3496 3438
f 4305 4360 4361 4306
f 2895 2961 2962 2896
f 170 207 208 172
f 4038 4091 4092 4039
f 4607 4637 4638 4608
f 2238 2288 2289 2239
f 2088 2143 2144 2089
f 3549 3602 3603 3550
f 3454 3511 3512 3455
f 2263 2320 2321 2264
f 4332 4387 4388 4333
f 369 413 414 370
f 4695 4709 4710 4696
f 2026 2084 2085 2027
f 842 888 889 843
f 3615 3674 3675 3616
f 4801 4807 4806 4802
f 76 77 79 78
f 4623 4653 4654 4624
f 2112 2167 2168 2113
f 540 584 585 541
f 3298 3352 3353 3299
f 4705 4721 4722 4706
f 4750 4767 4768 4751
f 2246 2296 2297 2247
f 1680 1682 1681 1637
f 2254 2310 2312 2255
f 2340 2389 2390 2341
f 2128 2183 2184 2129
f 4345 4403 4404 4346
f 3725 3783 3784 3726
f 4431 4483 4484 4432
f 4795 4802 4803 4796
f 4074 4121 4122 4075
f 1675 1720 1721 1676
f 4179 4236 4235 4181
f 3012 3072 3073 3013
f 3712 3770 3771 3713
f 2434 2478 2479 2435
f 4151 4202 4203 4152
f 1754 1801 1802 1755
f 2064 2119 2120 2065
f 3533 3587 3588 3534
f 2018 2076 2077 2019
f 2076 2131 2132 2077
f 4316 4370 4371 4317
f 164 197 198 165
f 985 1030 1031 986
f 1649 1696 1697 1650
f 2272 2329 2330 2273
f 3525 3581 3583 3582
f 3910 3971 3972 3911
f 3607 3666 3667 3608
f 3512 3571 3572 3513
f 255 298 300 258
f 2676 2732 2733 2677
f 2222 2272 2273 2223
f 2184 2237 2238 2185
f 3493 3553 3554 3494
f 4171 4225 4227 4226
f 1852 1892 1893 1853
f 212 246 247 213
f 3504 3564 3565 3505
f 104 134 136 135
f 3233 3293 3292 3232
f 2193 2246 2247 2194
f 1121 1157 1156 1120
f 3480 3542 3543 3483
f 1812 1854 1855 1813
f 4654 4683 4684 4655
f 232 277 278 233
f 2358 2404 2406 2360
f 2224 2274 2275 2225
f 1731 1781 1782 1732
f 3950 4007 4008 3951
f 4514 4558 4559 4515
f 2953 3009 3010 2954
f 1585 1633 1634 1586
f 2406 2457 2458 2407
f 2248 2298 2299 2249
f 1820 1862 1863 1821
f 3775 3829 3830 3776
f 3550 3603 3604 3551
f 4364 4422 4423 4365
f 332 375 376 333
f 2444 2490 2491 2446
f 2646 2702 2704 2647
f 2256 2313 2314 2257
f 2809 2867 2869 2808
f 3518 3575 3577 3519
f 1836 1878 1879 1837
f 3704 3764 3763 3703
f 284 335 337 286
f 4775 4784 4785 4776
f 1212 1256 1257 1213
f 3580 3635 3636 3581
f 3717 3775 3776 3718
f 3502 3562 3563 3503
f 3647 3648 3649 3591
f 4340 4399 4400 4342
f 268 319 320 269
f 2540 2585 2586 2541
f 3241 3301 3302 3242
f 2192 2245 2246 2193
f 1723 1769 1770 1724
f 3430 3488 3489 3431
f 3575 3630 3632 3577
f 4348 4406 4408 4350
f 356 400 401 357
f 2564 2613 2614 2566
f 2366 2419 2420 2367
f 4433 4485 4486 4434
f 3592 3651 3652 3593
f 3551 3604 3605 3552
f 428 472 473 429
f 344 389 390 345
f 929 971 972 930
f 3300 3354 3355 3301
f 3258 3315 3316 3259
f 4227 4276 4278 4277
f 3696 3758 3760 3698
f 412 456 458 413
f 2668 2724 2725 2669
f 3809 3862 3863 3810
f 4146 4195 4194 4145
f 1876 1923 1924 1877
f 3377 3443 3444 3378
f 4522 4567 4566 4524
f 260 301 303 302
f 3597 3656 3657 3598
f 4211 4263 4264 4213
f 4662 4692 4691 4664
f 1842 1884 1883 1841
f 3638 3696 3698 3640
f 3581 3636 3637 3583
f 4404 4457 4458 4405
f 1143 1182 1183 1144
f 6 10 9 5
f 2574 2622 2623 2575
f 2368 2421 2422 2369
f 1464 1512 1513 1465
f 3630 3688 3690 3632
f 3703 3763 3765 3706
f 3688 3750 3752 3690
f 2819 2879 2880 2820
f 512 555 556 513
f 2598 2651 2652 2599
f 2408 2459 2460 2410
f 898 943 944 899
f 3726 3784 3785 3727
f 2153 2207 2208 2154
f 3656 3719 3720 3657
f 411 457 456 412
f 2203 2252 2254 2204
f 2614 2670 2671 2615
f 658 693 694 659
f 1795 1838 1839 1796
f 4056 4102 4104 4057
f 676 707 709 675
f 2716 2718 2717 2662
f 3651 3714 3715 3652
f 1113 1151 1152 1114
f 890 935 936 891
f 2074 2129 2130 2075
f 3767 3820 3822 3768
f 2524 2571 2572 2525
f 3166 3220 3221 3167
f 1569 1618 1619 1570
f 2344 2392 2391 2345
f 1755 1802 1803 1756
f 4259 4314 4315 4260
f 3214 3269 3270 3215
f 4380 4435 4437 4381
f 2097 2152 2153 2098
f 3619 3678 3679 3620
f 2544 2546 2545 2499
f 1763 1808 1810 1765
f 2066 2121 2123 2068
f 2714 2768 2769 2715
f 3664 3727 3728 3665
f 632 670 671 633
f 3419 3476 3477 3420
f 3648 3711 3712 3649
f 1868 1908 1909 1869
f 2796 2798 2797 2740
f 2504 2552 2553 2505
f 3677 3739 3740 3678
f 3902 3963 3964 3903
f 3663 3726 3727 3664
f 3624 3682 3681 3623
f 4187 4240 4242 4189
f 752 793 795 754
f 777 821 822 778
f 1081 1122 1123 1082
f 3669 3732 3733 3670
f 4291 4293 4292 4241
f 3639 3697 3696 3638
f 3576 3631 3630 3575
f 972 1016 1018 1017
f 2812 2872 2873 2813
f 1865 1905 1906 1866
f 3772 3826 3827 3773
f 3645 3710 3711 3648
f 3694 3756 3757 3695
f 1884 1930 1929 1883
f 4452 4499 4500 4453
f 2902 2968 2969 2903
f 832 877 878 833
f 3747 3804 3805 3748
f 3266 3323 3324 3267
f 3686 3748 3749 3687
f 3760 3817 3818 3761
f 908 953 954 909
f 2828 2887 2888 2829
f 2750 2810 2811 2749
f 2289 2346 2347 2290
f 3565 3618 3619 3566
f 4641 4672 4671 4643
f 4119 4166 4167 4120
f 1044 1086 1087 1045
f 2836 2895 2896 2837
f 3353 3412 3413 3354
f 2560 2603 2604 2561
f 1940 1941 1943 1942
f 1873 1920 1921 1874
f 3848 3903 3904 3849
f 1092 1132 1133 1093
f 2876 2938 2937 2878
f 1601 1648 1647 1600
f 2568 2616 2617 2569
f 3735 3792 3791 3734
f 2594 2647 2648 2595
f 4428 4480 4481 4429
f 1124 1160 1161 1125
f 4283 4345 4346 4284
f 3727 3785 3786 3728
f 3744 3801 3800 3743
f 1108 1146 1145 1107
f 928 970 971 929
f 3313 3369 3370 3314
f 2576 2624 2625 2577
f 3405 3465 3467 3407
f 396 442 443 397
f 3719 3777 3778 3720
f 3728 3786 3787 3729
f 1068 1112 1113 1069
f 2980 3035 3036 2981
f 2846 2905 2906 2847
f 2512 2558 2557 2511
f 2833 2892 2893 2834
f 3393 3457 3458 3394
f 3623 3681 3683 3625
f 3832 3891 3892 3833
f 1727 1778 1779 1729
f 2964 3020 3021 2965
f 2948 3004 3005 2949
f 4562 4597 4596 4561
f 1996 2050 2051 1997
f 1023 1066 1067 1024
f 1048 1092 1093 1049
f 3305 3358 3357 3304
f 4473 4523 4522 4475
f 954 998 999 955
f 3894 3956 3957 3895
f 1260 1305 1306 1261
f 4484 4532 4533 4485
f 1008 1051 1052 1009
f 2878 2937 2939 2879
f 2624 2680 2681 2625
f 986 1031 1032 987
f 4554 4590 4591 4555
f 1956 2010 2011 1957
f 2526 2573 2574 2527
f 888 933 934 889
f 3729 3787 3788 3730
f 2632 2685 2686 2633
f 3781 3835 3836 3782
f 4275 4332 4333 4276
f 4032 4085 4087 4034
f 3977 4033 4032 3976
f 3555 3608 3609 3556
f 704 738 739 705
f 932 974 976 931
f 505 547 549 506
f 380 423 425 379
f 3927 3988 3987 3926
f 4468 4517 4519 4470
f 1436 1486 1487 1437
f 3562 3615 3616 3563
f 3297 3351 3352 3298
f 1123 1159 1160 1124
f 2107 2162 2163 2108
f 3766 3821 3820 3767
f 1932 1985 1986 1933
f 3808 3861 3860 3807
f 1420 1470 1471 1421
f 3003 3063 3064 3004
f 2854 2909 2908 2853
f 2688 2746 2747 2689
f 1393 1442 1444 1395
f 2696 2752 2753 2697
f 2710 2764 2766 2712
f 946 990 991 947
f 2106 2161 2162 2107
f 3815 3870 3872 3817
f 3800 3853 3855 3802
f 1540 1541 1543 1493
f 1047 1089 1091 1046
f 2998 3051 3052 2999
f 4323 4378 4380 4325
f 1843 1885 1886 1844
f 3807 3860 3862 3809
f 3776 3830 3831 3777
f 1236 1282 1283 1238
f 3108 3156 3157 3111
f 3837 3896 3897 3838
f 2241 2291 2292 2242
f 2602 2655 2656 2603
f 3919 3980 3981 3920
f 3920 3981 3982 3921
f 1588 1638 1639 1590
f 1344 1396 1397 1345
f 3329 3385 3386 3330
f 2640 2698 2699 2642
f 2905 2971 2972 2906
f 3314 3370 3371 3315
f 4566 4602 4601 4568
f 4673 4699 4698 4674
f 1572 1621 1622 1573
f 4307 4363 4362 4309
f 4069 4116 4115 4068
f 4564 4599 4600 4565
f 3068 3123 3124 3069
f 2752 2813 2814 2753
f 3234 3294 3295 3235
f 3401 3402 3404 3403
f 2760 2818 2819 2761
f 1859 1899 1898 1858
f 3862 3917 3918 3863
f 2044 2045 2046 1992
f 1461 1509 1511 1463
f 1718 1764 1763 1717
f 765 766 769 768
f 3038 3096 3097 3039
f 2233 2283 2284 2234
f 3925 3926 3929 3928
f 3854 3909 3908 3853
f 3306 3359 3360 3307
f 3062 3117 3118 3063
f 3172 3226 3227 3173
f 2800 2860 2861 2801
f 3861 3916 3915 3860
f 3830 3889 3890 3831
f 4103 4150 4149 4102
f 4016 4069 4068 4015
f 1772 1773 1776 1775
f 1544 1591 1592 1545
f 3829 3888 3889 3830
f 3932 3994 3995 3933
f 3750 3807 3809 3752
f 1980 2033 2034 1981
f 4500 4546 4547 4501
f 1700 1749 1750 1701
f 2824 2882 2884 2825
f 1633 1678 1679 1634
f 978 1023 1024 979
f 3614 3673 3674 3615
f 3895 3957 3958 3896
f 4508 4552 4551 4507
f 1692 1694 1693 1648
f 3284 3339 3340 3285
f 3321 3377 3378 3322
f 3887 3949 3950 3888
f 4411 4464 4465 4412
f 1556 1603 1604 1557
f 3006 3066 3067 3007
f 1616 1662 1663 1617
f 2832 2891 2892 2833
f 1915 1969 1970 1914
f 3880 3937 3939 3938
f 3855 3910 3911 3856
f 2359 2405 2404 2358
f 9 17 16 11
f 2857 2911 2912 2858
f 3330 3386 3387 3331
f 4489 4535 4537 4490
f 4061 4107 4108 4063
f 3433 3491 3492 3434
f 2020 2078 2079 2021
f 4064 4065 4067 4066
f 668 699 700 669
f 1576 1625 1626 1577
f 3681 3743 3745 3683
f 4266 4323 4325 4268
f 4634 4664 4665 4635
f 4001 4057 4058 4002
f 1860 1900 1901 1861
f 1640 1686 1687 1641
f 1617 1663 1664 1618
f 4513 4557 4558 4514
f 1899 1955 1954 1898
f 4094 4141 4140 4093
f 3983 4039 4040 3984
f 3212 3267 3268 3213
f 1964 2018 2019 1965
f 3254 3255 3257 3200
f 4482 4530 4531 4483
f 3941 4001 4002 3943
f 300 348 350 301
f 1948 2002 2003 1949
f 4556 4592 4593 4557
f 1472 1520 1521 1473
f 1970 2023 2024 1971
f 497 542 543 498
f 3933 3995 3996 3934
f 3585 3639 3638 3584
f 4095 4142 4143 4096
f 4626 4656 4657 4627
f 3000 3002 3001 2947
f 983 1028 1029 984
f 970 1014 1015 971
f 3967 4023 4024 3968
f 3926 3987 3989 3929
f 2028 2086 2087 2029
f 4736 4758 4757 4735
f 1232 1233 1235 1234
f 1923 1977 1978 1924
f 3959 4015 4017 3961
f 3992 4050 4052 3994
f 2012 2070 2071 2013
f 3349 3408 3409 3350
f 2968 3024 3025 2969
f 2976 3031 3032 2977
f 4086 4133 4132 4085
f 3984 4040 4041 3986
f 3976 4032 4034 3978
f 3951 4008 4009 3952
f 2891 2957 2958 2892
f 3476 3533 3534 3477
f 3286 3289 3288 3287
f 2257 2314 2315 2258
f 962 1008 1009 963
f 2138 2193 2194 2139
f 4087 4134 4135 4088
f 3237 3297 3298 3238
f 3011 3071 3072 3012
f 3337 3391 3392 3338
f 4132 4180 4179 4134
f 4397 4450 4451 4398
f 4403 4456 4457 4404
f 2164 2218 2219 2165
f 3936 3998 3997 3935
f 3444 3502 3503 3445
f 2730 2789 2790 2731
f 3056 3112 3113 3055
f 1931 1984 1985 1932
f 4078 4125 4127 4080
f 1952 2006 2007 1953
f 3064 3119 3120 3065
f 2465 2512 2511 2467
f 3346 3405 3407 3348
f 1946 2000 2002 1948
f 3460 3517 3516 3459
f 3024 3084 3083 3025
f 4395 4449 4450 4397
f 3856 3911 3912 3857
f 2148 2202 2201 2147
f 1736 1786 1787 1737
f 3771 3825 3826 3772
f 3997 4055 4054 3999
f 2052 2109 2110 2053
f 2132 2187 2188 2133
f 1802 1845 1846 1803
f 3338 3392 3393 3339
f 3981 4037 4038 3982
f 3096 3141 3142 3097
f 4254 4309 4310 4255
f 4759 4770 4772 4760
f 3720 3778 3779 3721
f 2212 2262 2263 2213
f 3500 3560 3561 3501
f 982 1027 1028 983
f 3104 3149 3150 3105
f 2092 2094 2093 2036
f 4387 4443 4444 4388
f 2361 2407 2408 2363
f 2292 2349 2350 2293
f 3532 3586 3587 3533
f 4091 4138 4139 4092
f 4054 4103 4102 4056
f 3909 3970 3969 3908
f 4111 4112 4114 4113
f 4738 4759 4760 4740
f 2276 2333 2334 2277
f 2080 2135 2136 2081
f 849 894 895 852
f 4030 4083 4084 4031
f 1979 2032 2033 1980
f 4063 4108 4109 4065
f 4080 4127 4128 4081
f 2642 2699 2700 2643
f 3620 3679 3680 3622
f 2069 2124 2125 2070
f 4015 4068 4070 4017
f 4046 4047 4049 4048
f 109 144 145 110
f 2260 2317 2318 2261
f 3612 3671 3672 3613
f 3505 3565 3566 3506
f 4545 4581 4582 4546
f 2881 2941 2943 2942
f 2162 2216 2217 2163
f 4176 4232 4233 4177
f 2216 2266 2267 2217
f 4362 4420 4422 4364
f 572 611 613 574
f 4229 4280 4279 4228
f 4451 4498 4499 4452
f 3935 3997 3999 3937
f 4674 4698 4700 4675
f 2100 2155 2156 2101
f 2160 2214 2215 2161
f 3462 3519 3520 3463
f 3449 3507 3508 3450
f 1074 1118 1119 1075
f 3783 3837 3838 3784
f 4620 4650 4652 4622
f 3567 3620 3622 3621
f 2040 2099 2100 2041
f 2896 2962 2963 2897
f 4246 4299 4301 4300
f 2073 2128 2129 2074
f 1125 1161 1162 1126
f 2476 2522 2523 2477
f 2436 2480 2481 2437
f 2209 2259 2260 2210
f 4109 4156 4157 4110
f 3184 3238 3239 3185
f 4427 4479 4480 4428
f 4255 4310 4311 4256
f 2169 2223 2224 2170
f 2492 2539 2540 2493
f 1809 1851 1850 1808
f 3208 3263 3264 3209
f 4126 4173 4172 4125
f 4093 4140 4142 4095
f 3522 3523 3525 3524
f 4392 4393 4395 4394
f 2508 2555 2556 2510
f 3796 3849 3850 3797
f 3446 3504 3505 3447
f 3224 3279 3278 3225
f 1385 1436 1437 1386
f 4118 4165 4166 4119
f 4135 4181 4182 4136
f 4653 4682 4683 4654
f 3232 3292 3294 3234
f 3510 3569 3568 3509
f 3780 3834 3835 3781
f 3264 3321 3322 3265
f 4221 4271 4272 4222
f 4459 4509 4510 4461
f 2364 2418 2419 2366
f 4604 4634 4635 4605
f 2612 2668 2669 2613
f 3756 3813 3814 3757
f 3558 3611 3612 3559
f 1026 1069 1070 1027
f 2273 2330 2331 2274
f 4238 4289 4290 4239
f 4247 4302 4304 4249
f 4612 4642 4641 4611
f 448 495 496 449
f 3566 3619 3620 3567
f 4157 4208 4209 4158
f 2178 2230 2232 2179
f 3410 3470 3471 3411
f 4402 4455 4456 4403
f 2010 2068 2069 2011
f 994 1037 1039 995
f 4166 4220 4221 4167
f 2124 2179 2180 2125
f 4128 4175 4176 4129
f 4115 4162 4164 4117
f 2661 2719 2720 2664
f 3328 3384 3385 3329
f 1995 2049 2050 1996
f 1409 1458 1460 1459
f 4104 4151 4152 4105
f 2464 2506 2508 2507
f 1359 1414 1415 1360
f 3336 3390 3391 3337
f 4389 4445 4446 4390
f 2170 2224 2225 2171
f 3402 3463 3464 3404
f 4706 4722 4724 4723
f 2396 2448 2449 2397
f 2312 2366 2367 2313
f 2610 2611 2612 2565
f 960 1006 1007 961
f 2852 2853 2856 2855
f 4652 4681 4682 4653
f 3844 3899 3898 3843
f 3702 3703 3706 3705
f 2265 2322 2323 2266
f 4189 4242 4243 4190
f 4558 4594 4595 4559
f 4399 4452 4453 4400
f 4745 4746 4747 4719
f 2764 2822 2824 2766
f 401 447 448 402
f 4181 4235 4237 4182
f 3376 3442 3443 3377
f 4475 4522 4524 4476
f 2108 2163 2164 2109
f 4336 4390 4391 4338
f 2163 2217 2218 2164
f 3408 3468 3469 3409
f 3678 3740 3741 3679
f 4149 4200 4202 4151
f 4206 4258 4259 4207
f 3710 3768 3769 3711
f 2844 2903 2904 2845
f 4636 4666 4667 4637
f 2664 2720 2721 2665
f 3718 3776 3777 3719
f 3392 3456 3457 3393
f 1042 1084 1085 1043
f 4190 4243 4244 4191
f 4224 4274 4275 4225
f 4207 4259 4260 4208
f 2932 2992 2993 2933
f 3964 4020 4021 3965
f 2043 2101 2102 2045
f 4577 4612 4611 4579
f 463 510 511 464
f 4191 4244 4245 4192
f 4216 4266 4268 4218
f 2908 2973 2975 2910
f 3884 3946 3947 3885
f 1665 1711 1712 1666
f 3352 3411 3412 3353
f 2889 2955 2956 2890
f 4102 4149 4151 4104
f 4167 4221 4222 4168
f 4737 4738 4740 4739
f 2892 2958 2959 2893
f 3409 3469 3470 3410
f 2768 2826 2827 2769
f 4506 4508 4507 4460
f 4381 4437 4438 4382
f 4531 4574 4575 4532
f 3482 3483 3484 3424
f 4328 4383 4384 4329
f 2724 2783 2784 2725
f 578 617 618 579
f 3798 3851 3852 3799
f 4028 4081 4082 4029
f 3489 3549 3550 3490
f 2156 2210 2211 2157
f 3814 3867 3869 3868
f 4722 4751 4752 4724
f 4057 4104 4105 4058
f 73 97 98 75
f 2792 2847 2848 2793
f 2114 2169 2170 2115
f 2249 2299 2300 2250
f 2027 2085 2086 2028
f 3994 4052 4053 3995
f 4382 4438 4439 4383
f 4391 4447 4448 4393
f 4264 4319 4320 4265
f 1924 1978 1979 1925
f 3956 4013 4014 3957
f 3846 3901 3902 3847
f 2140 2195 2196 2141
f 2234 2284 2285 2235
f 4714 4729 4731 4715
f 4147 4196 4197 4148
f 3870 3930 3932 3872
f 4261 4316 4317 4262
f 4278 4334 4336 4335
f 4279 4342 4343 4281
f 4720 4749 4750 4721
f 3140 3186 3187 3141
f 3812 3865 3866 3813
f 3878 3936 3935 3877
f 3544 3597 3598 3545
f 4253 4308 4307 4252
f 4270 4327 4328 4271
f 4335 4336 4338 4337
f 4668 4696 4697 4669
f 2328 2377 2378 2329
f 3552 3605 3606 3553
f 889 934 935 890
f 4373 4431 4432 4374
f 4374 4432 4433 4375
f 4383 4439 4440 4384
f 66 67 69 68
f 3220 3275 3276 3221
f 2912 2977 2978 2913
f 2146 2148 2147 2094
f 1145 1184 1186 1147
f 1058 1103 1104 1059
f 2226 2276 2277 2227
f 4296 4352 4353 4297
f 4276 4333 4334 4278
f 413 458 459 414
f 3016 3076 3077 3017
f 3536 3537 3540 3539
f 2075 2130 2131 2076
f 3600 3659 3660 3601
f 4579 4611 4613 4580
f 3434 3492 3493 3435
f 4200 4252 4254 4202
f 2817 2877 2876 2816
f 3128 3174 3175 3129
f 1050 1094 1095 1051
f 2457 2500 2501 2458
f 2218 2268 2269 2219
f 2188 2241 2242 2189
f 4780 4789 4790 4781
f 3188 3242 3243 3189
f 2061 2116 2117 2062
f 2082 2137 2138 2083
f 4555 4591 4592 4556
f 862 906 907 863
f 3426 3486 3487 3428
f 4729 4753 4755 4731
f 3350 3409 3410 3351
f 4052 4100 4101 4053
f 561 602 603 562
f 2059 2114 2115 2060
f 4563 4598 4599 4564
f 4751 4768 4769 4752
f 4512 4556 4557 4513
f 339 384 385 340
f 2944 2947 2946 2945
f 4022 4075 4076 4023
f 3640 3698 3699 3641
f 4349 4407 4406 4348
f 4350 4408 4409 4351
f 2172 2226 2227 2173
f 3256 3311 3313 3255
f 3672 3735 3734 3673
f 4341 4398 4399 4340
f 4342 4400 4401 4343
f 4359 4417 4418 4360
f 11 16 18 13
f 3428 3487 3488 3430
f 506 549 550 507
f 4070 4117 4118 4071
f 659 694 695 660
f 4317 4371 4372 4318
f 4318 4372 4373 4319
f 4351 4409 4410 4352
f 3380 3446 3447 3381
f 3497 3557 3558 3498
f 4237 4288 4289 4238
f 2242 2292 2293 2243
f 4319 4373 4374 4320
f 4360 4418 4419 4361
f 3324 3380 3381 3325
f 4148 4197 4199 4198
f 1705 1753 1754 1706
f 2409 2410 2412 2411
f 4263 4318 4319 4264
f 4635 4665 4666 4636
f 4352 4410 4411 4353
f 3484 3544 3545 3485
f 4260 4315 4316 4261
f 2154 2208 2209 2155
f 3616 3675 3676 3617
f 4085 4132 4134 4087
f 1153 1192 1193 1154
f 2220 2270 2271 2221
f 3596 3655 3656 3597
f 1885 1931 1932 1886
f 4625 4655 4656 4626
f 3481 3541 3542 3480
f 4073 4120 4121 4074
f 4762 4774 4775 4763
f 3564 3617 3618 3565
f 3368 3434 3435 3369
f 4134 4179 4181 4135
f 3752 3809 3810 3753
f 3773 3827 3828 3774
f 4526 4569 4570 4527
f 4527 4570 4571 4528
f 4812 4817 4816 4811
f 3548 3601 3602 3549
f 346 391 392 347
f 4142 4191 4192 4143
f 1425 1475 1476 1426
f 4603 4632 4634 4604
f 1146 1185 1184 1145
f 4422 4473 4475 4423
f 3538 3590 3592 3537
f 4480 4528 4529 4481
f 1808 1850 1852 1810
f 3296 3350 3351 3297
f 841 887 886 840
f 2305 2359 2358 2304
f 1258 1303 1304 1259
f 4406 4459 4461 4408
f 4423 4475 4476 4424
f 4809 4814 4815 4810
f 1224 1268 1269 1225
f 4593 4626 4627 4594
f 3792 3843 3845 3791
f 3441 3499 3500 3442
f 2731 2790 2791 2732
f 4518 4562 4561 4517
f 4415 4468 4470 4417
f 4712 4730 4729 4714
f 3708 3766 3767 3709
f 2888 2954 2955 2889
f 4541 4578 4577 4542
f 3816 3871 3870 3815
f 4643 4671 4673 4644
f 4519 4563 4564 4520
f 3684 3746 3747 3685
f 4222 4272 4273 4223
f 3824 3883 3884 3825
f 1098 1136 1138 1100
f 4675 4700 4701 4676
f 3474 3530 3532 3475
f 4796 4803 4804 4797
f 810 811 812 767
f 129 161 162 130
f 4230 4281 4282 4231
f 4633 4663 4662 4632
f 2147 2201 2203 2149
f 2252 2311 2310 2254
f 3900 3961 3962 3901
f 1248 1294 1295 1249
f 3768 3822 3823 3769
f 2250 2300 2301 2251
f 3466 3527 3526 3465
f 4456 4503 4504 4457
f 1091 1131 1132 1092
f 4420 4474 4473 4422
f 4182 4237 4238 4183
f 3904 3965 3966 3905
f 2139 2194 2195 2140
f 975 1020 1019 974
f 4735 4757 4759 4738
f 1185 1221 1220 1184
f 4150 4201 4200 4149
f 3065 3120 3121 3066
f 4659 4688 4687 4658
f 2236 2286 2287 2237
f 51 80 82 53
f 3924 3927 3926 3925
f 4412 4465 4466 4413
f 3982 4038 4039 3983
f 4494 4539 4541 4495
f 624 661 663 625
f 4495 4541 4542 4496
f 4408 4461 4462 4409
f 3632 3690 3691 3633
f 3872 3932 3933 3873
f 2131 2186 2187 2132
f 4478 4526 4527 4479
f 4487 4536 4535 4489
f 45 56 57 46
f 2384 2436 2437 2385
f 3584 3638 3640 3586
f 2210 2260 2261 2211
f 3960 4016 4015 3959
f 4509 4553 4554 4510
f 4454 4501 4502 4455
f 4463 4512 4513 4464
f 4777 4786 4787 4778
f 4076 4123 4124 4077
f 3568 3623 3625 3570
f 4334 4389 4390 4336
f 4000 4056 4057 4001
f 4485 4533 4534 4486
f 905 950 951 906
f 2284 2341 2342 2285
f 4044 4093 4095 4045
f 4476 4524 4525 4477
f 4542 4577 4579 4543
f 267 318 319 268
f 4461 4510 4511 4462
f 204 206 205 171
f 3784 3838 3839 3785
f 514 560 561 516
f 4358 4416 4415 4357
f 4650 4679 4681 4652
f 4262 4317 4318 4263
f 4704 4718 4720 4703
f 2609 2665 2666 2608
f 4572 4606 4607 4573
f 4366 4424 4425 4367
f 4689 4705 4706 4690
f 4629 4659 4658 4628
f 3918 3979 3980 3919
f 4089 4136 4137 4090
f 4228 4279 4281 4230
f 4547 4583 4584 4548
f 27 34 36 29
f 1122 1158 1159 1123
f 2298 2355 2356 2299
f 4719 4747 4748 4718
f 29 36 37 30
f 4204 4256 4257 4205
f 249 294 295 250
f 4310 4364 4365 4311
f 2219 2269 2270 2220
f 4582 4615 4616 4583
f 2268 2326 2325 2269
f 4544 4580 4581 4545
f 4188 4241 4240 4187
f 2921 2985 2986 2923
f 4120 4167 4168 4121
f 4811 4816 4818 4813
f 4060 4061 4063 4062
f 4430 4482 4483 4431
f 4152 4203 4204 4153
f 4741 4742 4744 4743
f 220 266 267 222
f 4575 4609 4610 4576
f 4528 4571 4572 4529
f 2933 2993 2994 2934
f 4793 4799 4801 4794
f 4438 4490 4491 4439
f 145 176 177 146
f 3705 3706 3708 3707
f 4551 4587 4589 4553
f 49 59 61 60
f 3292 3346 3348 3294
f 4532 4575 4576 4533
f 4233 4284 4285 4234
f 90 92 91 65
f 2634 2687 2688 2635
f 4743 4744 4746 4745
f 4802 4806 4808 4803
f 4396 4397 4398 4341
f 4548 4584 4585 4549
f 4597 4629 4628 4596
f 4096 4143 4144 4097
f 185 222 223 187
f 4460 4507 4509 4459
f 4696 4710 4711 4697
f 3952 4009 4010 3953
f 1689 1737 1738 1690
f 4232 4283 4284 4233
f 4589 4622 4623 4590
f 4747 4764 4765 4748
f 3514 3573 3574 3515
f 3736 3793 3794 3737
f 4462 4511 4512 4463
f 4240 4294 4295 4242
f 4733 4736 4735 4734
f 119 122 121 120
f 2332 2381 2382 2333
f 101 102 104 103
f 3465 3526 3528 3467
f 4524 4566 4568 4525
f 1137 1174 1176 1136
f 2636 2689 2690 2637
f 4763 4775 4776 4764
f 2316 2370 2371 2317
f 4688 4704 4703 4687
f 4502 4548 4549 4503
f 1517 1569 1570 1518
f 451 498 499 452
f 4638 4668 4669 4639
f 69 95 96 71
f 531 575 576 532
f 725 759 760 726
f 4510 4554 4555 4511
f 4312 4366 4367 4313
f 3864 3919 3920 3865
f 4112 4158 4159 4114
f 2306 2307 2309 2308
f 4320 4374 4375 4322
f 4760 4772 4773 4761
f 422 424 423 380
f 4492 4540 4539 4494
f 2211 2261 2262 2212
f 2338 2387 2386 2337
f 1168 1206 1207 1169
f 4656 4685 4686 4657
f 4446 4492 4494 4447
f 4748 4765 4766 4749
f 4280 4340 4342 4279
f 3666 3729 3730 3667
f 270 321 322 271
f 4648 4677 4678 4649
f 3506 3566 3567 3507
f 715 748 749 716
f 4740 4760 4761 4742
f 1697 1746 1747 1698
f 2195 2248 2249 2196
f 4606 4636 4637 4607
f 4608 4638 4639 4609
f 4676 4701 4702 4677
f 2490 2537 2538 2491
f 4701 4715 4716 4702
f 4806 4811 4813 4808
f 4700 4714 4715 4701
f 4203 4255 4256 4204
f 4693 4708 4707 4694
f 4655 4684 4685 4656
f 4644 4673 4674 4645
f 4647 4676 4677 4648
f 52 81 80 51
f 4520 4564 4565 4521
f 4628 4658 4660 4630
f 4272 4329 4330 4273
f 4208 4260 4261 4209
f 4764 4776 4777 4765
f 4622 4652 4653 4623
f 4344 4402 4403 4345
f 4615 4645 4646 4616
f 4192 4245 4246 4193
f 4248 4303 4302 4247
f 28 35 34 27
f 4072 4119 4120 4073
f 1426 1476 1477 1427
f 4779 4788 4789 4780
f 4721 4750 4751 4722
f 4637 4667 4668 4638
f 4782 4792 4791 4784
f 4543 4579 4580 4544
f 4557 4593 4594 4558
f 4407 4460 4459 4406
f 709 742 743 710
f 53 82 83 54
f 4416 4469 4468 4415
f 4646 4675 4676 4647
f 4384 4440 4441 4385
f 2243 2293 2294 2244
f 3521 3579 3580 3523
f 4127 4174 4175 4128
f 4744 4762 4763 4746
f 4813 4818 4819 4814
f 87 114 115 88
f 120 121 123 92
f 3472 3531 3530 3474
f 241 286 287 242
f 93 125 126 94
f 3577 3632 3633 3578
f 1129 1168 1169 1131
f 4 6 5 3
f 1184 1220 1222 1186
f 5 9 11 8
f 13 18 19 15
f 881 925 927 880
f 4424 4476 4477 4425
f 2235 2285 2286 2236
f 3602 3661 3662 3603
f 4168 4222 4223 4169
f 4624 4654 4655 4625
f 4598 4630 4631 4599
f 4464 4513 4514 4465
f 94 126 127 95
f 4324 4379 4378 4323
f 37 45 46 38
f 4718 4748 4749 4720
f 4448 4495 4496 4449
f 3690 3752 3753 3691
f 4766 4778 4779 4767
f 1007 1050 1051 1008
f 4804 4809 4810 4805
f 18 24 25 19
f 508 551 552 509
f 1290 1291 1292 1247
f 4808 4813 4814 4809
