# exported by blender_batch_chars_to_s.py fallback
v 0.344677 -0.117257 0.000000
v 0.350720 -0.115816 0.000000
v 0.350460 -0.126297 0.048981
v 0.343773 -0.126656 0.000000
v 0.360064 -0.115547 0.000000
v 0.360030 -0.126253 0.063451
v 0.370003 -0.115522 0.000000
v 0.370002 -0.126283 0.066744
v 0.380000 -0.115520 0.000000
v 0.380000 -0.126289 0.069089
v 0.390000 -0.115520 0.000000
v 0.390000 -0.126289 0.070776
v 0.400000 -0.115520 0.000000
v 0.400000 -0.126289 0.071802
v 0.410000 -0.115520 0.000000
v 0.410000 -0.126289 0.072186
v 0.420000 -0.115520 0.000000
v 0.420000 -0.126289 0.072374
v 0.430000 -0.115520 0.000000
v 0.430000 -0.126289 0.072461
v 0.440000 -0.115520 0.000000
v 0.440000 -0.126289 0.072436
v 0.449997 -0.115522 0.000000
v 0.450000 -0.126289 0.071928
v 0.459942 -0.115549 0.000000
v 0.459995 -0.126293 0.068752
v 0.469374 -0.115821 0.000000
v 0.469924 -0.126361 0.056293
v 0.476035 -0.117299 0.000000
v 0.479527 -0.127014 0.000000
v 0.350460 -0.140662 0.049001
v 0.343773 -0.140297 0.000000
v 0.360033 -0.140786 0.063750
v 0.370034 -0.141247 0.069128
v 0.380004 -0.141362 0.080656
v 0.390000 -0.141371 0.089288
v 0.400000 -0.141371 0.093839
v 0.410000 -0.141371 0.096022
v 0.420000 -0.141371 0.097379
v 0.430000 -0.141371 0.098102
v 0.440000 -0.141371 0.098168
v 0.450000 -0.141371 0.097033
v 0.460000 -0.141371 0.093456
v 0.469996 -0.141377 0.086344
v 0.479967 -0.141458 0.074783
v 0.489899 -0.130590 0.000000
v 0.489992 -0.141915 0.069093
v 0.499372 -0.131463 0.000000
v 0.499924 -0.142059 0.056319
v 0.506035 -0.132998 0.000000
v 0.509530 -0.142716 0.000000
v 0.350723 -0.151198 0.000000
v 0.344677 -0.149700 0.000000
v 0.360107 -0.152074 0.000000
v 0.370471 -0.155755 0.000000
v 0.380066 -0.156896 0.059103
v 0.390004 -0.157026 0.083808
v 0.400000 -0.157033 0.095084
v 0.410000 -0.157033 0.101361
v 0.420000 -0.157033 0.106116
v 0.430000 -0.157033 0.109140
v 0.440000 -0.157033 0.110232
v 0.450000 -0.157033 0.108810
v 0.460000 -0.157033 0.105566
v 0.470000 -0.157033 0.101905
v 0.479999 -0.157037 0.097745
v 0.490000 -0.157070 0.093515
v 0.499996 -0.157080 0.086385
v 0.509967 -0.157161 0.075326
v 0.519956 -0.146264 0.000000
v 0.519997 -0.157614 0.072746
v 0.529995 -0.146867 0.000000
v 0.530000 -0.157690 0.071854
v 0.539942 -0.146952 0.000000
v 0.539995 -0.157699 0.068556
v 0.549374 -0.147227 0.000000
v 0.549922 -0.157768 0.055841
v 0.556031 -0.148707 0.000000
v 0.559482 -0.158441 0.000000
v 0.380501 -0.172046 0.000000
v 0.373946 -0.166474 0.000000
v 0.390035 -0.172687 0.070299
v 0.400001 -0.172733 0.090551
v 0.410000 -0.172734 0.100407
v 0.420000 -0.172734 0.107416
v 0.430000 -0.172734 0.113033
v 0.440000 -0.172734 0.116840
v 0.450000 -0.172734 0.117037
v 0.460000 -0.172734 0.114813
v 0.470000 -0.172734 0.112136
v 0.480000 -0.172734 0.109013
v 0.490000 -0.172736 0.105421
v 0.500000 -0.172736 0.101914
v 0.509999 -0.172740 0.098880
v 0.520000 -0.172773 0.097850
v 0.530000 -0.172777 0.096110
v 0.540000 -0.172778 0.091722
v 0.549995 -0.172783 0.082741
v 0.559934 -0.172860 0.064580
v 0.569233 -0.162251 0.000000
v 0.569493 -0.173250 0.040470
v 0.575293 -0.164146 0.000000
v 0.576052 -0.172874 0.000000
v 0.390035 -0.188485 0.070335
v 0.380505 -0.189128 0.000000
v 0.400001 -0.188439 0.090662
v 0.410000 -0.188438 0.100676
v 0.420000 -0.188438 0.107963
v 0.430000 -0.188438 0.114366
v 0.440000 -0.188438 0.119909
v 0.450000 -0.188438 0.123031
v 0.460000 -0.188438 0.122370
v 0.470000 -0.188438 0.119828
v 0.480000 -0.188438 0.116506
v 0.490000 -0.188438 0.113275
v 0.500000 -0.188438 0.110808
v 0.510000 -0.188438 0.109214
v 0.520000 -0.188439 0.107572
v 0.530000 -0.188439 0.103782
v 0.540000 -0.188439 0.097423
v 0.549996 -0.188437 0.087270
v 0.559914 -0.188385 0.065220
v 0.569100 -0.187675 0.000000
v 0.575273 -0.182355 0.000000
v 0.374016 -0.194729 0.000000
v 0.380102 -0.204292 0.058676
v 0.371011 -0.205618 0.000000
v 0.390005 -0.204148 0.084389
v 0.400000 -0.204141 0.096377
v 0.410000 -0.204141 0.103876
v 0.420000 -0.204141 0.110287
v 0.430000 -0.204141 0.116283
v 0.440000 -0.204141 0.121679
v 0.450000 -0.204141 0.125270
v 0.460000 -0.204141 0.125219
v 0.470000 -0.204141 0.122490
v 0.480000 -0.204141 0.118810
v 0.490000 -0.204141 0.115172
v 0.500000 -0.204141 0.112119
v 0.510000 -0.204141 0.109669
v 0.520000 -0.204141 0.106767
v 0.530000 -0.204139 0.102133
v 0.539999 -0.204139 0.095033
v 0.549972 -0.204133 0.082545
v 0.559582 -0.204014 0.054742
v 0.566666 -0.203092 0.000000
v 0.364718 -0.210470 0.000000
v 0.370479 -0.220014 0.054111
v 0.363756 -0.220835 0.000000
v 0.380032 -0.219856 0.081129
v 0.390001 -0.219844 0.094591
v 0.400000 -0.219844 0.102386
v 0.410000 -0.219844 0.108829
v 0.420000 -0.219844 0.114517
v 0.430000 -0.219844 0.119431
v 0.440000 -0.219844 0.122599
v 0.450000 -0.219844 0.123233
v 0.460000 -0.219844 0.121051
v 0.470000 -0.219844 0.117505
v 0.480000 -0.219844 0.113653
v 0.490000 -0.219844 0.109530
v 0.500000 -0.219844 0.105384
v 0.510000 -0.219842 0.101676
v 0.519999 -0.219838 0.097860
v 0.530000 -0.219805 0.094364
v 0.539996 -0.219799 0.086675
v 0.549916 -0.219746 0.067523
v 0.559106 -0.219030 0.000000
v 0.565359 -0.213607 0.000000
v 0.370422 -0.235557 0.064019
v 0.363545 -0.235642 0.000000
v 0.380027 -0.235547 0.087712
v 0.390001 -0.235547 0.098693
v 0.400000 -0.235547 0.106192
v 0.410000 -0.235547 0.112675
v 0.420000 -0.235547 0.118060
v 0.430000 -0.235547 0.121035
v 0.440000 -0.235547 0.120214
v 0.450000 -0.235547 0.117527
v 0.460000 -0.235547 0.113952
v 0.470000 -0.235547 0.109814
v 0.480000 -0.235547 0.105393
v 0.490000 -0.235545 0.100595
v 0.499999 -0.235541 0.094122
v 0.509996 -0.235502 0.086421
v 0.519967 -0.235417 0.075140
v 0.529996 -0.234964 0.071720
v 0.539973 -0.234885 0.067168
v 0.549594 -0.234824 0.051614
v 0.556668 -0.234349 0.000000
v 0.370371 -0.251255 0.066031
v 0.363141 -0.251323 0.000000
v 0.380025 -0.251250 0.088868
v 0.390001 -0.251250 0.099672
v 0.400000 -0.251250 0.107231
v 0.410000 -0.251250 0.113639
v 0.420000 -0.251250 0.118176
v 0.430000 -0.251250 0.118312
v 0.440000 -0.251250 0.114810
v 0.450000 -0.251250 0.110258
v 0.460000 -0.251250 0.105655
v 0.470000 -0.251250 0.100649
v 0.479999 -0.251244 0.094085
v 0.489996 -0.251205 0.085886
v 0.499963 -0.251117 0.071624
v 0.509921 -0.250595 0.056639
v 0.519529 -0.249868 0.000000
v 0.529954 -0.246313 0.000000
v 0.539934 -0.245684 0.000000
v 0.549285 -0.245356 0.000000
v 0.555382 -0.243902 0.000000
v 0.370079 -0.267004 0.069837
v 0.360817 -0.267696 0.000000
v 0.380004 -0.266955 0.090474
v 0.390000 -0.266953 0.100575
v 0.400000 -0.266953 0.107798
v 0.410000 -0.266953 0.113527
v 0.420000 -0.266953 0.116359
v 0.430000 -0.266953 0.114007
v 0.440000 -0.266953 0.109041
v 0.450000 -0.266953 0.103134
v 0.460000 -0.266953 0.096282
v 0.469995 -0.266941 0.086335
v 0.479963 -0.266825 0.071661
v 0.489920 -0.266298 0.056549
v 0.499486 -0.265550 0.000000
v 0.509331 -0.261718 0.000000
v 0.516032 -0.259667 0.000000
v 0.354054 -0.273248 0.000000
v 0.360121 -0.282810 0.058797
v 0.350946 -0.284138 0.000000
v 0.370007 -0.282664 0.084456
v 0.380000 -0.282656 0.096420
v 0.390000 -0.282656 0.103771
v 0.400000 -0.282656 0.109388
v 0.410000 -0.282656 0.112593
v 0.420000 -0.282656 0.112314
v 0.430000 -0.282656 0.108434
v 0.440000 -0.282656 0.102636
v 0.450000 -0.282655 0.095360
v 0.459991 -0.282641 0.082958
v 0.469900 -0.282466 0.059205
v 0.479484 -0.281352 0.000000
v 0.489331 -0.277426 0.000000
v 0.496028 -0.275369 0.000000
v 0.344079 -0.289054 0.000000
v 0.350134 -0.298564 0.058230
v 0.341010 -0.299843 0.000000
v 0.360009 -0.298373 0.082751
v 0.370000 -0.298360 0.095426
v 0.380000 -0.298359 0.102812
v 0.390000 -0.298359 0.108163
v 0.400000 -0.298359 0.110537
v 0.410000 -0.298359 0.108975
v 0.420000 -0.298359 0.105368
v 0.430000 -0.298359 0.100375
v 0.439999 -0.298353 0.093173
v 0.449991 -0.298311 0.082381
v 0.459870 -0.298149 0.058382
v 0.469056 -0.296873 0.000000
v 0.475988 -0.291991 0.000000
v 0.334659 -0.304694 0.000000
v 0.340427 -0.314238 0.054624
v 0.333335 -0.315121 0.000000
v 0.350031 -0.314077 0.081293
v 0.360001 -0.314063 0.094556
v 0.370000 -0.314063 0.102260
v 0.380000 -0.314063 0.107875
v 0.390000 -0.314063 0.110241
v 0.400000 -0.314063 0.108074
v 0.410000 -0.314063 0.102955
v 0.420000 -0.314062 0.096257
v 0.429995 -0.314051 0.086307
v 0.439962 -0.313934 0.071528
v 0.449888 -0.313392 0.055757
v 0.459055 -0.312476 0.000000
v 0.465926 -0.307657 0.000000
v 0.340085 -0.329826 0.068016
v 0.330894 -0.330573 0.000000
v 0.350004 -0.329768 0.089315
v 0.360000 -0.329766 0.099429
v 0.370000 -0.329766 0.106003
v 0.380000 -0.329766 0.109567
v 0.390000 -0.329766 0.107902
v 0.400000 -0.329766 0.102733
v 0.410000 -0.329765 0.095382
v 0.419991 -0.329751 0.082959
v 0.429900 -0.329575 0.059204
v 0.439484 -0.328461 0.000000
v 0.449326 -0.324533 0.000000
v 0.455966 -0.322449 0.000000
v 0.324641 -0.336002 0.000000
v 0.330418 -0.345595 0.055001
v 0.323330 -0.346520 0.000000
v 0.340029 -0.345475 0.082800
v 0.350001 -0.345469 0.095444
v 0.360000 -0.345469 0.102532
v 0.370000 -0.345469 0.106569
v 0.380000 -0.345469 0.106771
v 0.390000 -0.345469 0.102379
v 0.400000 -0.345467 0.095314
v 0.409990 -0.345453 0.082825
v 0.419869 -0.345264 0.058423
v 0.429056 -0.343983 0.000000
v 0.435988 -0.339100 0.000000
v 0.330082 -0.361230 0.068213
v 0.320831 -0.361983 0.000000
v 0.340004 -0.361174 0.089434
v 0.350000 -0.361172 0.098939
v 0.360000 -0.361172 0.103543
v 0.370000 -0.361172 0.103436
v 0.380000 -0.361172 0.099996
v 0.389999 -0.361166 0.093135
v 0.399991 -0.361123 0.082377
v 0.409869 -0.360962 0.058373
v 0.419053 -0.359684 0.000000
v 0.425926 -0.354774 0.000000
v 0.314055 -0.367472 0.000000
v 0.320121 -0.377031 0.058774
v 0.310943 -0.378355 0.000000
v 0.330007 -0.376883 0.084204
v 0.340000 -0.376875 0.095498
v 0.350000 -0.376875 0.100403
v 0.360000 -0.376875 0.100502
v 0.370000 -0.376873 0.095773
v 0.379995 -0.376863 0.086252
v 0.389962 -0.376746 0.071524
v 0.399888 -0.376205 0.055757
v 0.409055 -0.375289 0.000000
v 0.415926 -0.370470 0.000000
v 0.304012 -0.383243 0.000000
v 0.310099 -0.392768 0.059168
v 0.300516 -0.393883 0.000000
v 0.320008 -0.392591 0.082768
v 0.330000 -0.392578 0.094398
v 0.340000 -0.392578 0.098571
v 0.350000 -0.392578 0.097967
v 0.359999 -0.392572 0.092700
v 0.369992 -0.392530 0.082451
v 0.379901 -0.392383 0.059158
v 0.389484 -0.391273 0.000000
v 0.399326 -0.387346 0.000000
v 0.405966 -0.385262 0.000000
v 0.284039 -0.399895 0.000000
v 0.290674 -0.397810 0.000000
v 0.290115 -0.408951 0.055565
v 0.281008 -0.409864 0.000000
v 0.300038 -0.408410 0.071359
v 0.310005 -0.408293 0.085845
v 0.320000 -0.408282 0.094625
v 0.330000 -0.408281 0.097700
v 0.340000 -0.408281 0.094649
v 0.349995 -0.408270 0.085921
v 0.359962 -0.408153 0.071474
v 0.369888 -0.407611 0.055762
v 0.379059 -0.406697 0.000000
v 0.385988 -0.401905 0.000000
v 0.274656 -0.414622 0.000000
v 0.280424 -0.424163 0.054656
v 0.273291 -0.425024 0.000000
v 0.290030 -0.424032 0.080734
v 0.300002 -0.423990 0.091612
v 0.310000 -0.423985 0.097144
v 0.320000 -0.423983 0.098182
v 0.330000 -0.423983 0.094235
v 0.339991 -0.423970 0.082746
v 0.349900 -0.423794 0.059171
v 0.359484 -0.422680 0.000000
v 0.369326 -0.418752 0.000000
v 0.375966 -0.416668 0.000000
v 0.280051 -0.439733 0.068746
v 0.270405 -0.440317 0.000000
v 0.290003 -0.439690 0.088347
v 0.300000 -0.439687 0.094756
v 0.309999 -0.439683 0.094784
v 0.320000 -0.439649 0.091791
v 0.329991 -0.439635 0.082191
v 0.339870 -0.439477 0.058364
v 0.349056 -0.438202 0.000000
v 0.355988 -0.433319 0.000000
v 0.254620 -0.446938 0.000000
v 0.260745 -0.444850 0.000000
v 0.260408 -0.456028 0.051970
v 0.253329 -0.456580 0.000000
v 0.270050 -0.455469 0.070208
v 0.280003 -0.455395 0.085843
v 0.290000 -0.455391 0.091113
v 0.299997 -0.455385 0.086674
v 0.309976 -0.455315 0.074755
v 0.319992 -0.454808 0.068911
v 0.329891 -0.454644 0.055427
v 0.339055 -0.453798 0.000000
v 0.345926 -0.448985 0.000000
v 0.260081 -0.471187 0.067432
v 0.250831 -0.471911 0.000000
v 0.270005 -0.471100 0.085832
v 0.280000 -0.471092 0.091584
v 0.289996 -0.471086 0.086146
v 0.299952 -0.471016 0.068422
v 0.309640 -0.470478 0.000000
v 0.319911 -0.466199 0.000000
v 0.329367 -0.465257 0.000000
v 0.335969 -0.463690 0.000000
v 0.883965 -0.462768 0.000000
v 0.890626 -0.461290 0.000000
v 0.890076 -0.471830 0.056272
v 0.880470 -0.472482 0.000000
v 0.900058 -0.461018 0.000000
v 0.900005 -0.471762 0.068685
v 0.910000 -0.460992 0.000000
v 0.910000 -0.471758 0.071387
v 0.919942 -0.461018 0.000000
v 0.919995 -0.471762 0.068699
v 0.929374 -0.461290 0.000000
v 0.929924 -0.471830 0.056294
v 0.936035 -0.462768 0.000000
v 0.939530 -0.472482 0.000000
v 1.003961 -0.462770 0.000000
v 1.010568 -0.461319 0.000000
v 1.010071 -0.471834 0.053423
v 1.000470 -0.472482 0.000000
v 1.019432 -0.461319 0.000000
v 1.019929 -0.471834 0.053423
v 1.026039 -0.462770 0.000000
v 1.029530 -0.472482 0.000000
v 0.244055 -0.477394 0.000000
v 0.250121 -0.486953 0.058199
v 0.240943 -0.488277 0.000000
v 0.260007 -0.486806 0.081585
v 0.269999 -0.486793 0.087844
v 0.279995 -0.486752 0.083895
v 0.289941 -0.486664 0.069821
v 0.299594 -0.486156 0.052029
v 0.306715 -0.485628 0.000000
v 0.763965 -0.478471 0.000000
v 0.770626 -0.476993 0.000000
v 0.770076 -0.487533 0.056200
v 0.760470 -0.488185 0.000000
v 0.780058 -0.476721 0.000000
v 0.780005 -0.487465 0.068573
v 0.790003 -0.476694 0.000000
v 0.790000 -0.487461 0.071647
v 0.800000 -0.476692 0.000000
v 0.800000 -0.487461 0.072093
v 0.810000 -0.476692 0.000000
v 0.810000 -0.487461 0.072130
v 0.820000 -0.476692 0.000000
v 0.820000 -0.487461 0.072132
v 0.830000 -0.476692 0.000000
v 0.830000 -0.487461 0.072132
v 0.840000 -0.476692 0.000000
v 0.840000 -0.487461 0.072132
v 0.850000 -0.476689 0.000000
v 0.850000 -0.487461 0.072133
v 0.860002 -0.476631 0.000000
v 0.860000 -0.487456 0.072154
v 0.870044 -0.476030 0.000000
v 0.870003 -0.487379 0.072473
v 0.880033 -0.486926 0.074983
v 0.890004 -0.486846 0.086009
v 0.900000 -0.486840 0.092939
v 0.910000 -0.486840 0.095591
v 0.920000 -0.486840 0.093140
v 0.929996 -0.486846 0.086337
v 0.939967 -0.486926 0.075331
v 0.949957 -0.476030 0.000000
v 0.949997 -0.487379 0.072830
v 0.959998 -0.476631 0.000000
v 0.960000 -0.487456 0.072515
v 0.970000 -0.476686 0.000000
v 0.970000 -0.487461 0.072495
v 0.980002 -0.476631 0.000000
v 0.980000 -0.487456 0.072516
v 0.990044 -0.476030 0.000000
v 0.990003 -0.487379 0.072823
v 1.000033 -0.486926 0.075147
v 1.010004 -0.486846 0.084595
v 1.019996 -0.486846 0.084595
v 1.029967 -0.486926 0.075144
v 1.039957 -0.476030 0.000000
v 1.039997 -0.487379 0.072769
v 1.049995 -0.476632 0.000000
v 1.050000 -0.487456 0.071949
v 1.059942 -0.476718 0.000000
v 1.059995 -0.487465 0.068747
v 1.069374 -0.476993 0.000000
v 1.069922 -0.487534 0.056203
v 1.076032 -0.478473 0.000000
v 1.079486 -0.488207 0.000000
v 0.234012 -0.493165 0.000000
v 0.240099 -0.502690 0.058384
v 0.230516 -0.503805 0.000000
v 0.250008 -0.502513 0.079301
v 0.259998 -0.502495 0.082464
v 0.269972 -0.502421 0.070820
v 0.279920 -0.501849 0.056334
v 0.289482 -0.501097 0.000000
v 0.299242 -0.497268 0.000000
v 0.305383 -0.495246 0.000000
v 0.683965 -0.494174 0.000000
v 0.690626 -0.492696 0.000000
v 0.690076 -0.503236 0.056176
v 0.680470 -0.503888 0.000000
v 0.700058 -0.492424 0.000000
v 0.700005 -0.503168 0.068435
v 0.710003 -0.492397 0.000000
v 0.710000 -0.503164 0.071334
v 0.720000 -0.492395 0.000000
v 0.720000 -0.503164 0.071583
v 0.730000 -0.492392 0.000000
v 0.730000 -0.503163 0.071589
v 0.740002 -0.492334 0.000000
v 0.740000 -0.503157 0.071609
v 0.750044 -0.491733 0.000000
v 0.750003 -0.503081 0.071923
v 0.760033 -0.502628 0.074379
v 0.770004 -0.502548 0.085154
v 0.780000 -0.502542 0.091625
v 0.790000 -0.502542 0.094467
v 0.800000 -0.502542 0.095169
v 0.810000 -0.502542 0.095263
v 0.820000 -0.502542 0.095271
v 0.830000 -0.502542 0.095271
v 0.840000 -0.502542 0.095271
v 0.850000 -0.502542 0.095271
v 0.860000 -0.502541 0.095274
v 0.870000 -0.502537 0.095337
v 0.880001 -0.502505 0.095953
v 0.890000 -0.502501 0.098807
v 0.900000 -0.502501 0.102158
v 0.910000 -0.502501 0.104651
v 0.920000 -0.502501 0.103762
v 0.930000 -0.502502 0.101518
v 0.939999 -0.502506 0.098951
v 0.950000 -0.502539 0.098467
v 0.960000 -0.502543 0.098477
v 0.970000 -0.502543 0.098496
v 0.980000 -0.502543 0.098510
v 0.990000 -0.502539 0.098573
v 1.000001 -0.502506 0.099115
v 1.010000 -0.502502 0.101222
v 1.020000 -0.502502 0.101220
v 1.029999 -0.502506 0.099091
v 1.040000 -0.502539 0.098321
v 1.050000 -0.502543 0.097041
v 1.060000 -0.502543 0.093391
v 1.069996 -0.502549 0.085794
v 1.079962 -0.502634 0.071483
v 1.089326 -0.492034 0.000000
v 1.089889 -0.503170 0.055755
v 1.095966 -0.494114 0.000000
v 1.099055 -0.504086 0.000000
v 0.214039 -0.509817 0.000000
v 0.220674 -0.507732 0.000000
v 0.220115 -0.518873 0.055436
v 0.211008 -0.519786 0.000000
v 0.230038 -0.518332 0.070387
v 0.240005 -0.518215 0.081646
v 0.249996 -0.518196 0.082703
v 0.259950 -0.518124 0.067562
v 0.269599 -0.517567 0.000000
v 0.279343 -0.513038 0.000000
v 0.286029 -0.510921 0.000000
v 0.583965 -0.509878 0.000000
v 0.590626 -0.508399 0.000000
v 0.590076 -0.518939 0.056277
v 0.580470 -0.519591 0.000000
v 0.600058 -0.508127 0.000000
v 0.600005 -0.518871 0.068721
v 0.610003 -0.508100 0.000000
v 0.610000 -0.518867 0.071862
v 0.620000 -0.508098 0.000000
v 0.620000 -0.518867 0.072230
v 0.630000 -0.508098 0.000000
v 0.630000 -0.518867 0.072159
v 0.640000 -0.508098 0.000000
v 0.640000 -0.518867 0.072002
v 0.650000 -0.508095 0.000000
v 0.650000 -0.518867 0.071820
v 0.660002 -0.508037 0.000000
v 0.660000 -0.518862 0.071643
v 0.670043 -0.507436 0.000000
v 0.670003 -0.518784 0.071924
v 0.680033 -0.518331 0.074357
v 0.690004 -0.518251 0.084936
v 0.700000 -0.518245 0.090578
v 0.710000 -0.518245 0.091959
v 0.719999 -0.518240 0.090656
v 0.730000 -0.518207 0.090330
v 0.740000 -0.518203 0.090301
v 0.750000 -0.518199 0.090338
v 0.760001 -0.518166 0.090758
v 0.770000 -0.518162 0.092763
v 0.780000 -0.518162 0.094224
v 0.790000 -0.518162 0.095053
v 0.800000 -0.518162 0.095248
v 0.810000 -0.518161 0.095270
v 0.820000 -0.518162 0.095271
v 0.830000 -0.518162 0.095271
v 0.840000 -0.518162 0.095271
v 0.850000 -0.518162 0.095271
v 0.860000 -0.518162 0.095271
v 0.870000 -0.518162 0.095282
v 0.880000 -0.518165 0.095430
v 0.890001 -0.518197 0.096490
v 0.900000 -0.518203 0.099993
v 0.910000 -0.518203 0.103846
v 0.920000 -0.518203 0.106781
v 0.930000 -0.518203 0.108839
v 0.940000 -0.518203 0.109786
v 0.950000 -0.518205 0.110701
v 0.960000 -0.518205 0.111302
v 0.970000 -0.518205 0.111559
v 0.980000 -0.518205 0.111712
v 0.990000 -0.518204 0.111792
v 1.000000 -0.518203 0.111973
v 1.010000 -0.518203 0.112524
v 1.020000 -0.518203 0.112516
v 1.030000 -0.518203 0.111868
v 1.040000 -0.518205 0.111048
v 1.050000 -0.518205 0.108873
v 1.060000 -0.518205 0.105193
v 1.070000 -0.518205 0.100345
v 1.079999 -0.518209 0.093170
v 1.089991 -0.518252 0.082375
v 1.099869 -0.518413 0.058366
v 1.105926 -0.508905 0.000000
v 1.109053 -0.519691 0.000000
v 0.204656 -0.524543 0.000000
v 0.210424 -0.534085 0.054540
v 0.203291 -0.534945 0.000000
v 0.220030 -0.533953 0.079796
v 0.230002 -0.533912 0.086831
v 0.239994 -0.533895 0.082279
v 0.249941 -0.533779 0.069259
v 0.259594 -0.533266 0.051932
v 0.266713 -0.532736 0.000000
v 0.523965 -0.525581 0.000000
v 0.530626 -0.524102 0.000000
v 0.530076 -0.534643 0.056296
v 0.520470 -0.535294 0.000000
v 0.540058 -0.523830 0.000000
v 0.540005 -0.534574 0.068744
v 0.550003 -0.523800 0.000000
v 0.550000 -0.534570 0.071911
v 0.560002 -0.523740 0.000000
v 0.560000 -0.534565 0.072419
v 0.570044 -0.523139 0.000000
v 0.570003 -0.534489 0.072720
v 0.580033 -0.534036 0.075124
v 0.590004 -0.533955 0.086061
v 0.600000 -0.533949 0.092994
v 0.610000 -0.533949 0.096228
v 0.620000 -0.533949 0.096371
v 0.630000 -0.533949 0.095587
v 0.640000 -0.533949 0.094318
v 0.650000 -0.533948 0.092771
v 0.659999 -0.533943 0.090760
v 0.670000 -0.533906 0.090370
v 0.680001 -0.533869 0.090657
v 0.690000 -0.533865 0.091960
v 0.700000 -0.533864 0.090578
v 0.709996 -0.533859 0.084936
v 0.719967 -0.533778 0.074357
v 0.729997 -0.533325 0.071922
v 0.740000 -0.533249 0.071609
v 0.750000 -0.533244 0.071591
v 0.760000 -0.533242 0.071622
v 0.770000 -0.533242 0.071819
v 0.780000 -0.533242 0.071994
v 0.790000 -0.533242 0.072108
v 0.800000 -0.533242 0.072130
v 0.810000 -0.533242 0.072132
v 0.820000 -0.533242 0.072132
v 0.830000 -0.533242 0.072132
v 0.840000 -0.533242 0.072132
v 0.850000 -0.533242 0.072132
v 0.860000 -0.533242 0.072133
v 0.870000 -0.533248 0.072154
v 0.880003 -0.533324 0.072483
v 0.890033 -0.533782 0.075080
v 0.900005 -0.533895 0.086663
v 0.910000 -0.533906 0.096109
v 0.920000 -0.533906 0.102670
v 0.930000 -0.533906 0.108028
v 0.940000 -0.533906 0.112397
v 0.950000 -0.533906 0.116120
v 0.960000 -0.533906 0.118684
v 0.970000 -0.533906 0.120228
v 0.980000 -0.533906 0.121338
v 0.990000 -0.533906 0.121880
v 1.000000 -0.533906 0.122206
v 1.010000 -0.533906 0.122580
v 1.020000 -0.533906 0.122566
v 1.030000 -0.533906 0.121965
v 1.040000 -0.533906 0.120491
v 1.050000 -0.533906 0.117433
v 1.060000 -0.533906 0.113424
v 1.070000 -0.533906 0.108555
v 1.080000 -0.533906 0.102609
v 1.090000 -0.533908 0.095269
v 1.099990 -0.533922 0.082722
v 1.109866 -0.534111 0.058217
v 1.115921 -0.524601 0.000000
v 1.118986 -0.535390 0.000000
v 0.210051 -0.549655 0.067968
v 0.200401 -0.550239 0.000000
v 0.220002 -0.549612 0.084409
v 0.229991 -0.549595 0.080434
v 0.239900 -0.549419 0.058601
v 0.249480 -0.548305 0.000000
v 0.259242 -0.544382 0.000000
v 0.265383 -0.542355 0.000000
v 0.483965 -0.541284 0.000000
v 0.490626 -0.539802 0.000000
v 0.490076 -0.550346 0.056296
v 0.480470 -0.550997 0.000000
v 0.500060 -0.539472 0.000000
v 0.500005 -0.550272 0.068766
v 0.510046 -0.538844 0.000000
v 0.510003 -0.550192 0.072252
v 0.520033 -0.549739 0.075263
v 0.530004 -0.549658 0.086342
v 0.540000 -0.549653 0.093328
v 0.550000 -0.549652 0.096757
v 0.560000 -0.549652 0.097681
v 0.570000 -0.549648 0.097402
v 0.580001 -0.549615 0.097207
v 0.590000 -0.549611 0.099258
v 0.600000 -0.549611 0.101706
v 0.610000 -0.549609 0.103371
v 0.620000 -0.549609 0.101510
v 0.630000 -0.549609 0.097910
v 0.639999 -0.549605 0.092300
v 0.649996 -0.549566 0.085220
v 0.659967 -0.549481 0.074383
v 0.669997 -0.549028 0.071924
v 0.680000 -0.548951 0.071604
v 0.690000 -0.548945 0.071335
v 0.699995 -0.548941 0.068435
v 0.709924 -0.548873 0.056176
v 0.719530 -0.548221 0.000000
v 0.729957 -0.544673 0.000000
v 0.739998 -0.544072 0.000000
v 0.750000 -0.544014 0.000000
v 0.760000 -0.544011 0.000000
v 0.770000 -0.544011 0.000000
v 0.780000 -0.544011 0.000000
v 0.790000 -0.544011 0.000000
v 0.800000 -0.544011 0.000000
v 0.810000 -0.544011 0.000000
v 0.820000 -0.544011 0.000000
v 0.830000 -0.544011 0.000000
v 0.840000 -0.544011 0.000000
v 0.850000 -0.544011 0.000000
v 0.860000 -0.544014 0.000000
v 0.870002 -0.544072 0.000000
v 0.880044 -0.544678 0.000000
v 0.890473 -0.548326 0.000000
v 0.900098 -0.549420 0.059284
v 0.910008 -0.549597 0.082972
v 0.920000 -0.549609 0.095482
v 0.930000 -0.549609 0.102864
v 0.940000 -0.549609 0.108883
v 0.950000 -0.549609 0.114227
v 0.960000 -0.549609 0.119023
v 0.970000 -0.549609 0.123445
v 0.980000 -0.549609 0.127358
v 0.990000 -0.549609 0.129794
v 1.000000 -0.549609 0.131312
v 1.010000 -0.549609 0.132197
v 1.020000 -0.549609 0.132321
v 1.030000 -0.549609 0.131314
v 1.040000 -0.549609 0.128602
v 1.050000 -0.549609 0.124478
v 1.060000 -0.549609 0.119613
v 1.070000 -0.549609 0.114377
v 1.080000 -0.549609 0.108701
v 1.090000 -0.549609 0.102298
v 1.099999 -0.549610 0.094465
v 1.109967 -0.549623 0.081105
v 1.119521 -0.549780 0.054109
v 1.125282 -0.540236 0.000000
v 1.126242 -0.550601 0.000000
v 0.184033 -0.556921 0.000000
v 0.190662 -0.554777 0.000000
v 0.190111 -0.565978 0.055611
v 0.180945 -0.566899 0.000000
v 0.200029 -0.565392 0.070698
v 0.210002 -0.565316 0.082372
v 0.219990 -0.565297 0.079421
v 0.229869 -0.565107 0.057877
v 0.239056 -0.563827 0.000000
v 0.245988 -0.558944 0.000000
v 0.433965 -0.556987 0.000000
v 0.440626 -0.555508 0.000000
v 0.440076 -0.566049 0.056290
v 0.430473 -0.566702 0.000000
v 0.450058 -0.555234 0.000000
v 0.450005 -0.565980 0.068745
v 0.460005 -0.555148 0.000000
v 0.460000 -0.565971 0.071932
v 0.470044 -0.554546 0.000000
v 0.470003 -0.565895 0.072751
v 0.480033 -0.565442 0.075303
v 0.490004 -0.565361 0.086330
v 0.500000 -0.565356 0.093329
v 0.510000 -0.565351 0.096837
v 0.520001 -0.565319 0.098490
v 0.530000 -0.565314 0.101417
v 0.540000 -0.565314 0.104271
v 0.550000 -0.565314 0.106493
v 0.560000 -0.565314 0.106803
v 0.570000 -0.565314 0.105010
v 0.580000 -0.565313 0.101948
v 0.590000 -0.565311 0.099267
v 0.599999 -0.565307 0.097069
v 0.610000 -0.565274 0.096292
v 0.620000 -0.565269 0.092951
v 0.629996 -0.565263 0.085526
v 0.639963 -0.565179 0.071442
v 0.649921 -0.564658 0.056542
v 0.659530 -0.563931 0.000000
v 0.669957 -0.560377 0.000000
v 0.679998 -0.559775 0.000000
v 0.689997 -0.559716 0.000000
v 0.699942 -0.559685 0.000000
v 0.709374 -0.559413 0.000000
v 0.716035 -0.557935 0.000000
v 0.900942 -0.563833 0.000000
v 0.894009 -0.558946 0.000000
v 0.910121 -0.565156 0.058788
v 0.920007 -0.565305 0.084335
v 0.930000 -0.565312 0.096345
v 0.940000 -0.565313 0.103776
v 0.950000 -0.565313 0.110132
v 0.960000 -0.565313 0.116102
v 0.970000 -0.565313 0.121863
v 0.980000 -0.565313 0.127460
v 0.990000 -0.565313 0.132550
v 1.000000 -0.565313 0.136999
v 1.010000 -0.565313 0.139900
v 1.020000 -0.565313 0.141005
v 1.030000 -0.565313 0.139362
v 1.040000 -0.565313 0.135039
v 1.050000 -0.565313 0.129798
v 1.060000 -0.565313 0.124272
v 1.070000 -0.565313 0.118634
v 1.080000 -0.565313 0.112720
v 1.090000 -0.565313 0.106186
v 1.099999 -0.565313 0.098682
v 1.109972 -0.565313 0.087701
v 1.119575 -0.565322 0.063985
v 1.126419 -0.565404 0.000000
v 0.174074 -0.571718 0.000000
v 0.180131 -0.581226 0.058032
v 0.170947 -0.582503 0.000000
v 0.190009 -0.581064 0.080844
v 0.200001 -0.581018 0.086799
v 0.209990 -0.581000 0.080093
v 0.219869 -0.580810 0.057842
v 0.229053 -0.579528 0.000000
v 0.235926 -0.574618 0.000000
v 0.403969 -0.572687 0.000000
v 0.410629 -0.571151 0.000000
v 0.410078 -0.581748 0.056207
v 0.400514 -0.582425 0.000000
v 0.420101 -0.570278 0.000000
v 0.420008 -0.581602 0.069060
v 0.430033 -0.581145 0.074746
v 0.440004 -0.581065 0.086278
v 0.450000 -0.581059 0.093323
v 0.460000 -0.581059 0.096772
v 0.470000 -0.581054 0.097858
v 0.480001 -0.581022 0.098574
v 0.490000 -0.581017 0.101315
v 0.500000 -0.581017 0.104247
v 0.510000 -0.581017 0.106562
v 0.520000 -0.581016 0.107388
v 0.530000 -0.581016 0.107578
v 0.540000 -0.581016 0.107388
v 0.550000 -0.581014 0.106543
v 0.560000 -0.581014 0.104031
v 0.570000 -0.581014 0.099965
v 0.579999 -0.581009 0.093700
v 0.589996 -0.580971 0.086127
v 0.599967 -0.580886 0.075086
v 0.609997 -0.580433 0.072203
v 0.619995 -0.580353 0.068738
v 0.629922 -0.580279 0.056187
v 0.639486 -0.579606 0.000000
v 0.649331 -0.575781 0.000000
v 0.656032 -0.573730 0.000000
v 0.910831 -0.580205 0.000000
v 0.904055 -0.574715 0.000000
v 0.920081 -0.580957 0.068222
v 0.930004 -0.581013 0.089544
v 0.940000 -0.581016 0.099677
v 0.950000 -0.581016 0.106923
v 0.960000 -0.581016 0.113367
v 0.970000 -0.581016 0.119352
v 0.980000 -0.581016 0.125156
v 0.990000 -0.581016 0.130963
v 1.000000 -0.581016 0.136772
v 1.010000 -0.581016 0.142031
v 1.020000 -0.581016 0.145509
v 1.030000 -0.581016 0.143980
v 1.040000 -0.581016 0.138664
v 1.050000 -0.581016 0.132496
v 1.060000 -0.581016 0.126306
v 1.070000 -0.581016 0.120149
v 1.080000 -0.581016 0.113871
v 1.090000 -0.581016 0.107188
v 1.099999 -0.581016 0.099576
v 1.109973 -0.581016 0.088685
v 1.119581 -0.581016 0.065539
v 1.126473 -0.581024 0.000000
v 0.164074 -0.587413 0.000000
v 0.170131 -0.596924 0.057780
v 0.160944 -0.598204 0.000000
v 0.180010 -0.596734 0.079974
v 0.189999 -0.596714 0.086779
v 0.199991 -0.596670 0.080844
v 0.209869 -0.596509 0.058037
v 0.219053 -0.595231 0.000000
v 0.225926 -0.590321 0.000000
v 0.284677 -0.588351 0.000000
v 0.290717 -0.586913 0.000000
v 0.290460 -0.597428 0.049082
v 0.283773 -0.597759 0.000000
v 0.300000 -0.586672 0.000000
v 0.300003 -0.597388 0.062291
v 0.309288 -0.586914 0.000000
v 0.309598 -0.597441 0.050927
v 0.315386 -0.588362 0.000000
v 0.316715 -0.597897 0.000000
v 0.383969 -0.588302 0.000000
v 0.390669 -0.586251 0.000000
v 0.390079 -0.597374 0.056538
v 0.380473 -0.598101 0.000000
v 0.400037 -0.596852 0.071442
v 0.410004 -0.596768 0.085531
v 0.420000 -0.596758 0.093045
v 0.430001 -0.596725 0.097196
v 0.440000 -0.596720 0.101093
v 0.450000 -0.596720 0.104226
v 0.460000 -0.596720 0.106542
v 0.470000 -0.596720 0.107230
v 0.480000 -0.596719 0.106969
v 0.490000 -0.596719 0.106969
v 0.500000 -0.596717 0.107231
v 0.510000 -0.596717 0.106546
v 0.520000 -0.596717 0.104275
v 0.530000 -0.596717 0.101417
v 0.539999 -0.596713 0.098490
v 0.550000 -0.596680 0.096835
v 0.560000 -0.596676 0.093278
v 0.569996 -0.596670 0.085774
v 0.579963 -0.596586 0.071593
v 0.589921 -0.596064 0.056619
v 0.599530 -0.595337 0.000000
v 0.609954 -0.591781 0.000000
v 0.619940 -0.591153 0.000000
v 0.629374 -0.590823 0.000000
v 0.636032 -0.589340 0.000000
v 0.920417 -0.596595 0.055024
v 0.913330 -0.595668 0.000000
v 0.930028 -0.596712 0.082928
v 0.940001 -0.596719 0.095624
v 0.950000 -0.596719 0.103382
v 0.960000 -0.596719 0.110028
v 0.970000 -0.596719 0.116249
v 0.980000 -0.596719 0.122305
v 0.990000 -0.596719 0.128395
v 1.000000 -0.596719 0.134601
v 1.010000 -0.596719 0.140716
v 1.020000 -0.596719 0.145389
v 1.030000 -0.596719 0.144789
v 1.040000 -0.596719 0.139535
v 1.050000 -0.596719 0.133157
v 1.060000 -0.596719 0.126775
v 1.070000 -0.596719 0.120463
v 1.080000 -0.596719 0.114083
v 1.090000 -0.596719 0.107379
v 1.099999 -0.596719 0.099774
v 1.109975 -0.596719 0.088944
v 1.119629 -0.596723 0.066140
v 1.126857 -0.596787 0.000000
v 0.154012 -0.603087 0.000000
v 0.160099 -0.612611 0.058046
v 0.150516 -0.613726 0.000000
v 0.170008 -0.612435 0.078619
v 0.179995 -0.612411 0.080881
v 0.189962 -0.612293 0.070334
v 0.199888 -0.611752 0.055582
v 0.209055 -0.610836 0.000000
v 0.215926 -0.606017 0.000000
v 0.290481 -0.612293 0.051436
v 0.283777 -0.611530 0.000000
v 0.300030 -0.612419 0.072499
v 0.309954 -0.612498 0.063865
v 0.319643 -0.613032 0.000000
v 0.353965 -0.604092 0.000000
v 0.360628 -0.602557 0.000000
v 0.360076 -0.613151 0.055677
v 0.350470 -0.613806 0.000000
v 0.370101 -0.601684 0.000000
v 0.370008 -0.613007 0.068364
v 0.380033 -0.612550 0.073899
v 0.390004 -0.612465 0.085181
v 0.400001 -0.612427 0.092299
v 0.410000 -0.612422 0.097921
v 0.420000 -0.612422 0.101670
v 0.430000 -0.612420 0.104593
v 0.440000 -0.612420 0.106458
v 0.450000 -0.612420 0.107170
v 0.460000 -0.612420 0.106539
v 0.470000 -0.612420 0.104245
v 0.480000 -0.612420 0.101314
v 0.489999 -0.612416 0.098574
v 0.500000 -0.612383 0.097858
v 0.510000 -0.612379 0.096772
v 0.520000 -0.612379 0.093329
v 0.529996 -0.612373 0.086342
v 0.539967 -0.612292 0.075263
v 0.549997 -0.611839 0.072252
v 0.559995 -0.611759 0.068761
v 0.569922 -0.611685 0.056203
v 0.579486 -0.611012 0.000000
v 0.589331 -0.607187 0.000000
v 0.596032 -0.605136 0.000000
v 0.920881 -0.611680 0.000000
v 0.914640 -0.606190 0.000000
v 0.930082 -0.612370 0.069531
v 0.940004 -0.612420 0.090296
v 0.950000 -0.612422 0.100419
v 0.960000 -0.612422 0.107777
v 0.970000 -0.612422 0.114336
v 0.980000 -0.612422 0.120536
v 0.990000 -0.612422 0.126644
v 1.000000 -0.612422 0.132806
v 1.010000 -0.612422 0.138929
v 1.020000 -0.612422 0.143973
v 1.030000 -0.612422 0.144550
v 1.040000 -0.612422 0.139801
v 1.050000 -0.612422 0.133497
v 1.060000 -0.612422 0.127124
v 1.070000 -0.612422 0.120834
v 1.080000 -0.612422 0.114507
v 1.090000 -0.612422 0.107910
v 1.100000 -0.612422 0.100527
v 1.109996 -0.612424 0.090375
v 1.119918 -0.612473 0.069645
v 1.129116 -0.613160 0.000000
v 0.134039 -0.619738 0.000000
v 0.140674 -0.617654 0.000000
v 0.140115 -0.628794 0.054291
v 0.131012 -0.629706 0.000000
v 0.150037 -0.628248 0.067042
v 0.160005 -0.628098 0.078470
v 0.169992 -0.628073 0.078188
v 0.179901 -0.627929 0.058231
v 0.189484 -0.626820 0.000000
v 0.199326 -0.622893 0.000000
v 0.205966 -0.620808 0.000000
v 0.291012 -0.626544 0.000000
v 0.284719 -0.621795 0.000000
v 0.300115 -0.627456 0.054039
v 0.310036 -0.627997 0.063795
v 0.319981 -0.628152 0.064703
v 0.329971 -0.617225 0.000000
v 0.329998 -0.628655 0.066241
v 0.340042 -0.617292 0.000000
v 0.340003 -0.628659 0.066902
v 0.350033 -0.628211 0.069404
v 0.360004 -0.628131 0.080183
v 0.370000 -0.628121 0.086692
v 0.380001 -0.628088 0.089955
v 0.390000 -0.628083 0.092669
v 0.400000 -0.628082 0.094310
v 0.410000 -0.628082 0.095596
v 0.420000 -0.628082 0.096504
v 0.430000 -0.628082 0.097308
v 0.440000 -0.628082 0.097785
v 0.450000 -0.628082 0.097780
v 0.460000 -0.628082 0.096768
v 0.470000 -0.628082 0.093326
v 0.479996 -0.628076 0.086330
v 0.489967 -0.627995 0.075303
v 0.499997 -0.627542 0.072751
v 0.510000 -0.627466 0.071932
v 0.519995 -0.627457 0.068745
v 0.529924 -0.627389 0.056296
v 0.539530 -0.626737 0.000000
v 0.549954 -0.623187 0.000000
v 0.559940 -0.622559 0.000000
v 0.569374 -0.622229 0.000000
v 0.576032 -0.620746 0.000000
v 0.930374 -0.628111 0.064498
v 0.923162 -0.627966 0.000000
v 0.940025 -0.628125 0.087889
v 0.950001 -0.628125 0.098781
v 0.960000 -0.628125 0.106255
v 0.970000 -0.628125 0.112773
v 0.980000 -0.628125 0.118681
v 0.990000 -0.628125 0.124334
v 1.000000 -0.628125 0.129961
v 1.010000 -0.628125 0.135565
v 1.020000 -0.628125 0.140789
v 1.030000 -0.628125 0.143417
v 1.040000 -0.628125 0.140395
v 1.050000 -0.628125 0.134630
v 1.060000 -0.628125 0.128422
v 1.070000 -0.628125 0.122298
v 1.080000 -0.628125 0.116218
v 1.090000 -0.628125 0.109984
v 1.100000 -0.628125 0.103319
v 1.109999 -0.628125 0.095525
v 1.119969 -0.628131 0.082739
v 1.129531 -0.628244 0.054498
v 1.135302 -0.618649 0.000000
v 1.136243 -0.629108 0.000000
v 0.124719 -0.634455 0.000000
v 0.130481 -0.643957 0.051095
v 0.123777 -0.644720 0.000000
v 0.140029 -0.643826 0.071417
v 0.149970 -0.643704 0.068396
v 0.159991 -0.643241 0.066439
v 0.169891 -0.643082 0.054828
v 0.179059 -0.642237 0.000000
v 0.185988 -0.637452 0.000000
v 0.300674 -0.638591 0.000000
v 0.294039 -0.636512 0.000000
v 0.310514 -0.642419 0.000000
v 0.320077 -0.643095 0.052914
v 0.330005 -0.643199 0.064053
v 0.340000 -0.643203 0.066374
v 0.350001 -0.643170 0.067048
v 0.360000 -0.643166 0.069072
v 0.370000 -0.643165 0.070540
v 0.380000 -0.643164 0.071403
v 0.390000 -0.643164 0.071797
v 0.400000 -0.643164 0.072001
v 0.410000 -0.643164 0.072161
v 0.420000 -0.643164 0.072272
v 0.430000 -0.643164 0.072378
v 0.440000 -0.643164 0.072440
v 0.450000 -0.643164 0.072409
v 0.460000 -0.643164 0.071911
v 0.469995 -0.643160 0.068744
v 0.479924 -0.643092 0.056295
v 0.489530 -0.642440 0.000000
v 0.499956 -0.638892 0.000000
v 0.509995 -0.638289 0.000000
v 0.519942 -0.638204 0.000000
v 0.529374 -0.637929 0.000000
v 0.536035 -0.636451 0.000000
v 0.930475 -0.643657 0.054143
v 0.923719 -0.642834 0.000000
v 0.940034 -0.643814 0.081117
v 0.950001 -0.643828 0.094471
v 0.960000 -0.643828 0.102309
v 0.970000 -0.643828 0.108724
v 0.980000 -0.643828 0.114441
v 0.990000 -0.643828 0.119849
v 1.000000 -0.643828 0.125272
v 1.010000 -0.643828 0.130725
v 1.020000 -0.643828 0.136099
v 1.030000 -0.643828 0.140443
v 1.040000 -0.643828 0.140858
v 1.050000 -0.643828 0.136662
v 1.060000 -0.643828 0.130822
v 1.070000 -0.643828 0.124865
v 1.080000 -0.643828 0.118976
v 1.090000 -0.643828 0.112897
v 1.100000 -0.643828 0.106303
v 1.109999 -0.643828 0.098768
v 1.119972 -0.643828 0.087826
v 1.129575 -0.643836 0.064005
v 1.136418 -0.643919 0.000000
v 0.130456 -0.658818 0.046826
v 0.123773 -0.658491 0.000000
v 0.139954 -0.658793 0.051532
v 0.149528 -0.658142 0.000000
v 0.159898 -0.654566 0.000000
v 0.169367 -0.653691 0.000000
v 0.175969 -0.652128 0.000000
v 0.320626 -0.653632 0.000000
v 0.313968 -0.652152 0.000000
v 0.330058 -0.653906 0.000000
v 0.340003 -0.653933 0.000000
v 0.350000 -0.653933 0.000000
v 0.360000 -0.653933 0.000000
v 0.370000 -0.653933 0.000000
v 0.380000 -0.653933 0.000000
v 0.390000 -0.653933 0.000000
v 0.400000 -0.653933 0.000000
v 0.410000 -0.653933 0.000000
v 0.420000 -0.653933 0.000000
v 0.430000 -0.653933 0.000000
v 0.440000 -0.653933 0.000000
v 0.450000 -0.653933 0.000000
v 0.459997 -0.653931 0.000000
v 0.469942 -0.653904 0.000000
v 0.479374 -0.653632 0.000000
v 0.486035 -0.652154 0.000000
v 0.931014 -0.658048 0.000000
v 0.924715 -0.653202 0.000000
v 0.940134 -0.659326 0.058219
v 0.950009 -0.659518 0.082745
v 0.960000 -0.659531 0.095431
v 0.970000 -0.659531 0.102937
v 0.980000 -0.659531 0.109141
v 0.990000 -0.659531 0.114776
v 1.000000 -0.659531 0.120293
v 1.010000 -0.659531 0.125892
v 1.020000 -0.659531 0.131608
v 1.030000 -0.659531 0.137103
v 1.040000 -0.659531 0.140368
v 1.050000 -0.659531 0.138093
v 1.060000 -0.659531 0.132557
v 1.070000 -0.659531 0.126375
v 1.080000 -0.659531 0.120185
v 1.090000 -0.659531 0.113885
v 1.100000 -0.659531 0.107195
v 1.109999 -0.659531 0.099580
v 1.119973 -0.659531 0.088690
v 1.129580 -0.659532 0.065540
v 1.136473 -0.659539 0.000000
v 0.130662 -0.669309 0.000000
v 0.124673 -0.667896 0.000000
v 0.139437 -0.669307 0.000000
v 0.146039 -0.667855 0.000000
v 0.940946 -0.673753 0.000000
v 0.934079 -0.668837 0.000000
v 0.950121 -0.675081 0.058797
v 0.960007 -0.675227 0.084456
v 0.970000 -0.675234 0.096430
v 0.980000 -0.675234 0.103901
v 0.990000 -0.675234 0.110304
v 1.000000 -0.675234 0.116395
v 1.010000 -0.675234 0.122423
v 1.020000 -0.675234 0.128501
v 1.030000 -0.675234 0.134501
v 1.040000 -0.675234 0.138984
v 1.050000 -0.675234 0.138162
v 1.060000 -0.675234 0.132999
v 1.070000 -0.675234 0.126769
v 1.080000 -0.675234 0.120465
v 1.090000 -0.675234 0.114083
v 1.100000 -0.675234 0.107379
v 1.109999 -0.675234 0.099774
v 1.119975 -0.675235 0.088944
v 1.129629 -0.675239 0.066140
v 1.136857 -0.675303 0.000000
v 0.950817 -0.690195 0.000000
v 0.944054 -0.684642 0.000000
v 0.960079 -0.690886 0.069842
v 0.970004 -0.690936 0.090478
v 0.980000 -0.690938 0.100592
v 0.990000 -0.690938 0.107941
v 1.000000 -0.690938 0.114521
v 1.010000 -0.690938 0.120843
v 1.020000 -0.690938 0.127120
v 1.030000 -0.690938 0.133303
v 1.040000 -0.690938 0.138202
v 1.050000 -0.690938 0.138202
v 1.060000 -0.690938 0.133296
v 1.070000 -0.690938 0.127111
v 1.080000 -0.690938 0.120834
v 1.090000 -0.690938 0.114507
v 1.100000 -0.690938 0.107910
v 1.110000 -0.690938 0.100527
v 1.119996 -0.690939 0.090375
v 1.129918 -0.690989 0.069645
v 1.139116 -0.691676 0.000000
v 0.960371 -0.706636 0.066157
v 0.953140 -0.706572 0.000000
v 0.970025 -0.706640 0.088954
v 0.980001 -0.706641 0.099785
v 0.990000 -0.706641 0.107390
v 1.000000 -0.706641 0.114095
v 1.010000 -0.706641 0.120490
v 1.020000 -0.706641 0.126813
v 1.030000 -0.706641 0.133060
v 1.040000 -0.706641 0.138236
v 1.050000 -0.706641 0.139045
v 1.060000 -0.706641 0.134456
v 1.070000 -0.706641 0.128410
v 1.080000 -0.706641 0.122298
v 1.090000 -0.706641 0.116218
v 1.100000 -0.706641 0.109984
v 1.110000 -0.706641 0.103319
v 1.119999 -0.706641 0.095525
v 1.129969 -0.706647 0.082739
v 1.139531 -0.706760 0.054498
v 1.145302 -0.697164 0.000000
v 1.146243 -0.707624 0.000000
v 0.094976 -0.712332 0.000000
v 0.100778 -0.711536 0.000000
v 0.100778 -0.717448 0.000000
v 0.094976 -0.716653 0.000000
v 0.110068 -0.711359 0.000000
v 0.110068 -0.717625 0.000000
v 0.120003 -0.711338 0.000000
v 0.120003 -0.717646 0.000000
v 0.130000 -0.711337 0.000000
v 0.130000 -0.717647 0.000000
v 0.140000 -0.711337 0.000000
v 0.140000 -0.717648 0.000000
v 0.150000 -0.711337 0.000000
v 0.150000 -0.717647 0.000000
v 0.159997 -0.711338 0.000000
v 0.159997 -0.717646 0.000000
v 0.169932 -0.711359 0.000000
v 0.169932 -0.717625 0.000000
v 0.179222 -0.711536 0.000000
v 0.179222 -0.717448 0.000000
v 0.185024 -0.712332 0.000000
v 0.185024 -0.716653 0.000000
v 0.960420 -0.722344 0.065661
v 0.953526 -0.722340 0.000000
v 0.970027 -0.722344 0.088767
v 0.980001 -0.722344 0.099681
v 0.990000 -0.722344 0.107316
v 1.000000 -0.722344 0.114034
v 1.010000 -0.722344 0.120424
v 1.020000 -0.722344 0.126738
v 1.030000 -0.722344 0.133036
v 1.040000 -0.722344 0.138650
v 1.050000 -0.722344 0.140777
v 1.060000 -0.722344 0.136723
v 1.070000 -0.722344 0.130833
v 1.080000 -0.722344 0.124866
v 1.090000 -0.722344 0.118976
v 1.100000 -0.722344 0.112897
v 1.110000 -0.722344 0.106303
v 1.119999 -0.722344 0.098768
v 1.129972 -0.722344 0.087826
v 1.139575 -0.722352 0.064004
v 1.146416 -0.722435 0.000000
v 0.960423 -0.738047 0.065507
v 0.953564 -0.738042 0.000000
v 0.970027 -0.738047 0.088679
v 0.980001 -0.738047 0.099574
v 0.990000 -0.738047 0.107191
v 1.000000 -0.738047 0.113882
v 1.010000 -0.738047 0.120183
v 1.020000 -0.738047 0.126378
v 1.030000 -0.738047 0.132626
v 1.040000 -0.738047 0.138600
v 1.050000 -0.738047 0.142014
v 1.060000 -0.738047 0.138600
v 1.070000 -0.738047 0.132626
v 1.080000 -0.738047 0.126378
v 1.090000 -0.738047 0.120183
v 1.100000 -0.738047 0.113881
v 1.110000 -0.738047 0.107191
v 1.119999 -0.738047 0.099574
v 1.129973 -0.738047 0.088679
v 1.139577 -0.738047 0.065505
v 1.146434 -0.738052 0.000000
v 0.960425 -0.753742 0.064004
v 0.953584 -0.753659 0.000000
v 0.970028 -0.753750 0.087826
v 0.980001 -0.753750 0.098768
v 0.990000 -0.753750 0.106303
v 1.000000 -0.753750 0.112897
v 1.010000 -0.753750 0.118976
v 1.020000 -0.753750 0.124866
v 1.030000 -0.753750 0.130833
v 1.040000 -0.753750 0.136723
v 1.050000 -0.753750 0.140776
v 1.060000 -0.753750 0.138648
v 1.070000 -0.753750 0.133034
v 1.080000 -0.753750 0.126736
v 1.090000 -0.753750 0.120421
v 1.100000 -0.753750 0.114030
v 1.110000 -0.753750 0.107311
v 1.119999 -0.753750 0.099675
v 1.129973 -0.753750 0.088756
v 1.139577 -0.753750 0.065626
v 1.146435 -0.753750 0.000000
v 0.084704 -0.760956 0.000000
v 0.090725 -0.759631 0.000000
v 0.090514 -0.770001 0.039766
v 0.083949 -0.769593 0.000000
v 0.100064 -0.759377 0.000000
v 0.100036 -0.770106 0.060240
v 0.110003 -0.759350 0.000000
v 0.110001 -0.770115 0.068105
v 0.119997 -0.759350 0.000000
v 0.120000 -0.770117 0.070017
v 0.129942 -0.759377 0.000000
v 0.129995 -0.770121 0.068040
v 0.139374 -0.759649 0.000000
v 0.139924 -0.770190 0.056051
v 0.146035 -0.761128 0.000000
v 0.149530 -0.770841 0.000000
v 0.960469 -0.769334 0.054498
v 0.953757 -0.768470 0.000000
v 0.970031 -0.769447 0.082739
v 0.980001 -0.769453 0.095525
v 0.990000 -0.769453 0.103319
v 1.000000 -0.769453 0.109984
v 1.010000 -0.769453 0.116218
v 1.020000 -0.769453 0.122298
v 1.030000 -0.769453 0.128410
v 1.040000 -0.769453 0.134456
v 1.050000 -0.769453 0.139040
v 1.060000 -0.769453 0.138210
v 1.070000 -0.769453 0.133026
v 1.080000 -0.769453 0.126775
v 1.090000 -0.769453 0.120446
v 1.100000 -0.769453 0.114042
v 1.110000 -0.769453 0.107320
v 1.119999 -0.769453 0.099682
v 1.129973 -0.769453 0.088760
v 1.139577 -0.769453 0.065631
v 1.146435 -0.769453 0.000000
v 0.091017 -0.783721 0.000000
v 0.084745 -0.778977 0.000000
v 0.100134 -0.784989 0.054901
v 0.110009 -0.785151 0.077521
v 0.120001 -0.785193 0.086041
v 0.130000 -0.785199 0.088332
v 0.139996 -0.785205 0.084241
v 0.149967 -0.785286 0.074546
v 0.159954 -0.774391 0.000000
v 0.159997 -0.785739 0.072017
v 0.169940 -0.775019 0.000000
v 0.169995 -0.785819 0.068718
v 0.179374 -0.775349 0.000000
v 0.179922 -0.785893 0.056199
v 0.186032 -0.776832 0.000000
v 0.189486 -0.786566 0.000000
v 0.960884 -0.784418 0.000000
v 0.954698 -0.778930 0.000000
v 0.970083 -0.785105 0.069645
v 0.980004 -0.785154 0.090375
v 0.990000 -0.785156 0.100527
v 1.000000 -0.785156 0.107911
v 1.010000 -0.785156 0.114508
v 1.020000 -0.785156 0.120835
v 1.030000 -0.785156 0.127114
v 1.040000 -0.785156 0.133295
v 1.050000 -0.785156 0.138153
v 1.060000 -0.785156 0.137970
v 1.070000 -0.785156 0.132996
v 1.080000 -0.785156 0.126773
v 1.090000 -0.785156 0.120446
v 1.100000 -0.785156 0.114042
v 1.110000 -0.785156 0.107320
v 1.119999 -0.785156 0.099682
v 1.129973 -0.785156 0.088760
v 1.139577 -0.785156 0.065631
v 1.146435 -0.785156 0.000000
v 0.100945 -0.799275 0.000000
v 0.094079 -0.794457 0.000000
v 0.110112 -0.800191 0.055271
v 0.120038 -0.800732 0.070608
v 0.130005 -0.800851 0.084112
v 0.140000 -0.800861 0.091705
v 0.149999 -0.800865 0.094176
v 0.160000 -0.800898 0.095077
v 0.170000 -0.800902 0.092854
v 0.179996 -0.800908 0.085722
v 0.189962 -0.800993 0.071478
v 0.199326 -0.790394 0.000000
v 0.199888 -0.801530 0.055755
v 0.205966 -0.792473 0.000000
v 0.209055 -0.802446 0.000000
v 0.970371 -0.800855 0.066145
v 0.963143 -0.800791 0.000000
v 0.980025 -0.800859 0.088948
v 0.990001 -0.800859 0.099781
v 1.000000 -0.800859 0.107388
v 1.010000 -0.800859 0.114095
v 1.020000 -0.800859 0.120491
v 1.030000 -0.800859 0.126814
v 1.040000 -0.800859 0.133028
v 1.050000 -0.800859 0.137934
v 1.060000 -0.800859 0.137860
v 1.070000 -0.800859 0.132931
v 1.080000 -0.800859 0.126729
v 1.090000 -0.800859 0.120421
v 1.100000 -0.800859 0.114030
v 1.110000 -0.800859 0.107311
v 1.119999 -0.800859 0.099675
v 1.129973 -0.800859 0.088756
v 1.139577 -0.800859 0.065626
v 1.146435 -0.800859 0.000000
v 0.110674 -0.811330 0.000000
v 0.104034 -0.809246 0.000000
v 0.120515 -0.815264 0.000000
v 0.130090 -0.816423 0.059354
v 0.140006 -0.816556 0.083996
v 0.150000 -0.816562 0.095000
v 0.160000 -0.816564 0.100488
v 0.170000 -0.816564 0.102249
v 0.180000 -0.816564 0.099799
v 0.189999 -0.816569 0.093119
v 0.199991 -0.816611 0.082377
v 0.209869 -0.816773 0.058373
v 0.215926 -0.807265 0.000000
v 0.219053 -0.818050 0.000000
v 0.464614 -0.808205 0.000000
v 0.470715 -0.806756 0.000000
v 0.470403 -0.817284 0.051673
v 0.463285 -0.817740 0.000000
v 0.480061 -0.806488 0.000000
v 0.480027 -0.817230 0.066712
v 0.489945 -0.806488 0.000000
v 0.489996 -0.817230 0.067913
v 0.499374 -0.806759 0.000000
v 0.499924 -0.817299 0.056219
v 0.506035 -0.808237 0.000000
v 0.509530 -0.817950 0.000000
v 0.593965 -0.808237 0.000000
v 0.600626 -0.806758 0.000000
v 0.600076 -0.817299 0.056285
v 0.590470 -0.817950 0.000000
v 0.610058 -0.806487 0.000000
v 0.610005 -0.817230 0.068589
v 0.620000 -0.806461 0.000000
v 0.619999 -0.817227 0.070785
v 0.629936 -0.806487 0.000000
v 0.629970 -0.817230 0.066918
v 0.639280 -0.806756 0.000000
v 0.639542 -0.817281 0.051097
v 0.645324 -0.808202 0.000000
v 0.646245 -0.817694 0.000000
v 0.970420 -0.816562 0.065666
v 0.963526 -0.816559 0.000000
v 0.980027 -0.816562 0.088771
v 0.990001 -0.816562 0.099688
v 1.000000 -0.816562 0.107324
v 1.010000 -0.816562 0.114046
v 1.020000 -0.816562 0.120450
v 1.030000 -0.816562 0.126778
v 1.040000 -0.816562 0.132983
v 1.050000 -0.816562 0.137794
v 1.060000 -0.816562 0.137410
v 1.070000 -0.816562 0.132464
v 1.080000 -0.816562 0.126366
v 1.090000 -0.816562 0.120182
v 1.100000 -0.816562 0.113881
v 1.110000 -0.816562 0.107191
v 1.119999 -0.816563 0.099574
v 1.129973 -0.816563 0.088679
v 1.139577 -0.816562 0.065505
v 1.146434 -0.816558 0.000000
v 0.130813 -0.831525 0.000000
v 0.123992 -0.826000 0.000000
v 0.140079 -0.832214 0.069808
v 0.150004 -0.832264 0.090331
v 0.160000 -0.832266 0.099994
v 0.170000 -0.832266 0.105475
v 0.180000 -0.832266 0.106589
v 0.190000 -0.832266 0.102378
v 0.200000 -0.832267 0.095316
v 0.209990 -0.832281 0.082824
v 0.219869 -0.832471 0.058414
v 0.225926 -0.822960 0.000000
v 0.229053 -0.833753 0.000000
v 0.470048 -0.832348 0.068520
v 0.460357 -0.832880 0.000000
v 0.480003 -0.832310 0.086206
v 0.490000 -0.832309 0.090796
v 0.499996 -0.832315 0.086017
v 0.509967 -0.832395 0.075319
v 0.519957 -0.821499 0.000000
v 0.519997 -0.832848 0.072835
v 0.529998 -0.822100 0.000000
v 0.530000 -0.832924 0.072516
v 0.540000 -0.822158 0.000000
v 0.540000 -0.832929 0.072495
v 0.550000 -0.822161 0.000000
v 0.550000 -0.832930 0.072495
v 0.560000 -0.822158 0.000000
v 0.560000 -0.832929 0.072495
v 0.570002 -0.822100 0.000000
v 0.570000 -0.832924 0.072516
v 0.580044 -0.821499 0.000000
v 0.580003 -0.832848 0.072835
v 0.590033 -0.832395 0.075336
v 0.600004 -0.832315 0.086265
v 0.610000 -0.832309 0.092463
v 0.619999 -0.832309 0.092568
v 0.629973 -0.832309 0.084952
v 0.639575 -0.832313 0.063496
v 0.646417 -0.832366 0.000000
v 0.970423 -0.832266 0.065632
v 0.963563 -0.832266 0.000000
v 0.980027 -0.832266 0.088760
v 0.990001 -0.832266 0.099682
v 1.000000 -0.832266 0.107320
v 1.010000 -0.832266 0.114042
v 1.020000 -0.832266 0.120447
v 1.030000 -0.832266 0.126771
v 1.040000 -0.832266 0.132918
v 1.050000 -0.832266 0.137335
v 1.060000 -0.832266 0.135854
v 1.070000 -0.832266 0.130723
v 1.080000 -0.832266 0.124858
v 1.090000 -0.832266 0.118976
v 1.100000 -0.832266 0.112897
v 1.110000 -0.832266 0.106303
v 1.119999 -0.832266 0.098768
v 1.129972 -0.832265 0.087826
v 1.139575 -0.832258 0.064004
v 1.146416 -0.832175 0.000000
v 0.140371 -0.847964 0.066156
v 0.133140 -0.847900 0.000000
v 0.150025 -0.847969 0.088945
v 0.160001 -0.847969 0.099705
v 0.170000 -0.847969 0.106732
v 0.180000 -0.847969 0.110474
v 0.190000 -0.847969 0.108330
v 0.200000 -0.847969 0.102816
v 0.210000 -0.847969 0.095366
v 0.219990 -0.847984 0.082823
v 0.229869 -0.848174 0.058408
v 0.235926 -0.838663 0.000000
v 0.239053 -0.849456 0.000000
v 0.423968 -0.839645 0.000000
v 0.430626 -0.838162 0.000000
v 0.430078 -0.848706 0.056204
v 0.420514 -0.849378 0.000000
v 0.440059 -0.837828 0.000000
v 0.440005 -0.848631 0.068768
v 0.450034 -0.837133 0.000000
v 0.450002 -0.848547 0.072300
v 0.460023 -0.848044 0.075701
v 0.470003 -0.847974 0.088352
v 0.480000 -0.847970 0.096725
v 0.490000 -0.847970 0.101275
v 0.500000 -0.847970 0.101312
v 0.509999 -0.847975 0.099127
v 0.520000 -0.848007 0.098573
v 0.530000 -0.848012 0.098513
v 0.540000 -0.848012 0.098510
v 0.550000 -0.848012 0.098509
v 0.560000 -0.848012 0.098504
v 0.570000 -0.848012 0.098500
v 0.580000 -0.848007 0.098546
v 0.590001 -0.847975 0.099073
v 0.600000 -0.847970 0.101366
v 0.610000 -0.847970 0.102000
v 0.619999 -0.847970 0.098206
v 0.629973 -0.847970 0.088339
v 0.639577 -0.847970 0.065465
v 0.646434 -0.847974 0.000000
v 0.970423 -0.847969 0.065631
v 0.963565 -0.847969 0.000000
v 0.980027 -0.847969 0.088760
v 0.990001 -0.847969 0.099682
v 1.000000 -0.847969 0.107320
v 1.010000 -0.847969 0.114042
v 1.020000 -0.847969 0.120447
v 1.030000 -0.847969 0.126766
v 1.040000 -0.847969 0.132847
v 1.050000 -0.847969 0.136811
v 1.060000 -0.847969 0.134014
v 1.070000 -0.847969 0.128364
v 1.080000 -0.847969 0.122295
v 1.090000 -0.847969 0.116218
v 1.100000 -0.847969 0.109984
v 1.110000 -0.847969 0.103319
v 1.119999 -0.847969 0.095525
v 1.129969 -0.847962 0.082739
v 1.139531 -0.847849 0.054498
v 1.146243 -0.846985 0.000000
v 0.140419 -0.863672 0.065666
v 0.133526 -0.863669 0.000000
v 0.150027 -0.863672 0.088771
v 0.160001 -0.863672 0.099673
v 0.170000 -0.863672 0.107106
v 0.180000 -0.863672 0.112307
v 0.190000 -0.863672 0.112858
v 0.200000 -0.863672 0.108812
v 0.210000 -0.863672 0.102837
v 0.220000 -0.863672 0.095305
v 0.229990 -0.863687 0.082724
v 0.239866 -0.863877 0.058217
v 0.245921 -0.854366 0.000000
v 0.248986 -0.865156 0.000000
v 0.404034 -0.855286 0.000000
v 0.410674 -0.853206 0.000000
v 0.410112 -0.864342 0.055764
v 0.400941 -0.865256 0.000000
v 0.420038 -0.863806 0.071484
v 0.430004 -0.863721 0.085794
v 0.440000 -0.863715 0.093393
v 0.450000 -0.863710 0.097103
v 0.460001 -0.863676 0.098980
v 0.470000 -0.863672 0.102291
v 0.480000 -0.863672 0.105948
v 0.490000 -0.863672 0.109605
v 0.500000 -0.863672 0.111634
v 0.510000 -0.863672 0.111803
v 0.520000 -0.863673 0.111764
v 0.530000 -0.863673 0.111754
v 0.540000 -0.863673 0.111752
v 0.550000 -0.863673 0.111740
v 0.560000 -0.863673 0.111676
v 0.570000 -0.863673 0.111568
v 0.580000 -0.863673 0.111375
v 0.590000 -0.863672 0.110875
v 0.600000 -0.863672 0.109606
v 0.610000 -0.863672 0.105966
v 0.619999 -0.863672 0.099443
v 0.629973 -0.863672 0.088726
v 0.639577 -0.863672 0.065624
v 0.646435 -0.863672 0.000000
v 0.970423 -0.863672 0.065631
v 0.963565 -0.863672 0.000000
v 0.980027 -0.863672 0.088760
v 0.990001 -0.863672 0.099682
v 1.000000 -0.863672 0.107320
v 1.010000 -0.863672 0.114042
v 1.020000 -0.863672 0.120447
v 1.030000 -0.863672 0.126763
v 1.040000 -0.863672 0.132814
v 1.050000 -0.863672 0.136554
v 1.060000 -0.863672 0.133061
v 1.070000 -0.863672 0.127096
v 1.080000 -0.863672 0.120834
v 1.090000 -0.863672 0.114508
v 1.100000 -0.863672 0.107911
v 1.110000 -0.863672 0.100527
v 1.119996 -0.863670 0.090375
v 1.129918 -0.863621 0.069645
v 1.139116 -0.862933 0.000000
v 1.145302 -0.857445 0.000000
v 0.140423 -0.879375 0.065627
v 0.133563 -0.879375 0.000000
v 0.150027 -0.879375 0.088756
v 0.160001 -0.879375 0.099672
v 0.170000 -0.879375 0.107247
v 0.180000 -0.879375 0.113340
v 0.190000 -0.879375 0.116372
v 0.200000 -0.879375 0.113891
v 0.210000 -0.879375 0.108671
v 0.220000 -0.879375 0.102298
v 0.229999 -0.879375 0.094465
v 0.239966 -0.879389 0.081105
v 0.249521 -0.879546 0.054110
v 0.255282 -0.870001 0.000000
v 0.256244 -0.880366 0.000000
v 0.394012 -0.870048 0.000000
v 0.400099 -0.879571 0.059163
v 0.390516 -0.880680 0.000000
v 0.410008 -0.879423 0.082512
v 0.420001 -0.879381 0.093197
v 0.430000 -0.879377 0.100348
v 0.440000 -0.879376 0.105173
v 0.450000 -0.879376 0.108814
v 0.460000 -0.879375 0.111061
v 0.470000 -0.879375 0.112681
v 0.480000 -0.879375 0.114832
v 0.490000 -0.879375 0.117661
v 0.500000 -0.879375 0.120243
v 0.510000 -0.879375 0.121331
v 0.520000 -0.879375 0.121558
v 0.530000 -0.879375 0.121583
v 0.540000 -0.879375 0.121573
v 0.550000 -0.879375 0.121463
v 0.560000 -0.879375 0.120998
v 0.570000 -0.879375 0.120208
v 0.580000 -0.879375 0.119028
v 0.590000 -0.879375 0.116801
v 0.600000 -0.879375 0.112759
v 0.610000 -0.879375 0.106952
v 0.619999 -0.879375 0.099604
v 0.629973 -0.879375 0.088740
v 0.639577 -0.879375 0.065625
v 0.646435 -0.879375 0.000000
v 0.970423 -0.879375 0.065631
v 0.963565 -0.879375 0.000000
v 0.980027 -0.879375 0.088760
v 0.990001 -0.879375 0.099682
v 1.000000 -0.879375 0.107320
v 1.010000 -0.879375 0.114042
v 1.020000 -0.879375 0.120447
v 1.030000 -0.879375 0.126763
v 1.040000 -0.879375 0.132809
v 1.050000 -0.879375 0.136501
v 1.060000 -0.879375 0.132837
v 1.070000 -0.879375 0.126801
v 1.080000 -0.879375 0.120491
v 1.090000 -0.879375 0.114095
v 1.100000 -0.879375 0.107388
v 1.109999 -0.879375 0.099781
v 1.119975 -0.879375 0.088948
v 1.129629 -0.879370 0.066145
v 1.136857 -0.879307 0.000000
v 0.140423 -0.895078 0.065505
v 0.133566 -0.895074 0.000000
v 0.150027 -0.895078 0.088679
v 0.160001 -0.895078 0.099573
v 0.170000 -0.895078 0.107171
v 0.180000 -0.895078 0.113598
v 0.190000 -0.895078 0.117987
v 0.200000 -0.895078 0.117329
v 0.210000 -0.895078 0.112574
v 0.220000 -0.895078 0.106181
v 0.229999 -0.895078 0.098688
v 0.239973 -0.895079 0.087712
v 0.249578 -0.895088 0.064022
v 0.256458 -0.895172 0.000000
v 0.373968 -0.886661 0.000000
v 0.380669 -0.884605 0.000000
v 0.380079 -0.895733 0.056641
v 0.370470 -0.896460 0.000000
v 0.390037 -0.895206 0.071664
v 0.400005 -0.895090 0.086322
v 0.410000 -0.895080 0.096226
v 0.420000 -0.895078 0.102866
v 0.430000 -0.895078 0.108566
v 0.440000 -0.895078 0.113127
v 0.450000 -0.895078 0.116574
v 0.460000 -0.895078 0.118749
v 0.470000 -0.895078 0.119976
v 0.480000 -0.895078 0.121365
v 0.490000 -0.895078 0.123291
v 0.500000 -0.895078 0.125427
v 0.510000 -0.895078 0.126819
v 0.520000 -0.895078 0.127202
v 0.530000 -0.895078 0.127251
v 0.540000 -0.895078 0.127200
v 0.550000 -0.895078 0.126802
v 0.560000 -0.895078 0.125295
v 0.570000 -0.895078 0.122693
v 0.580000 -0.895078 0.119559
v 0.590000 -0.895078 0.115953
v 0.600000 -0.895078 0.111487
v 0.610000 -0.895078 0.105842
v 0.619999 -0.895078 0.098962
v 0.629973 -0.895077 0.088420
v 0.639577 -0.895077 0.065470
v 0.646434 -0.895073 0.000000
v 0.970423 -0.895078 0.065631
v 0.963565 -0.895078 0.000000
v 0.980027 -0.895078 0.088760
v 0.990001 -0.895078 0.099682
v 1.000000 -0.895078 0.107320
v 1.010000 -0.895078 0.114042
v 1.020000 -0.895078 0.120447
v 1.030000 -0.895078 0.126763
v 1.040000 -0.895078 0.132808
v 1.050000 -0.895078 0.136496
v 1.060000 -0.895078 0.132810
v 1.070000 -0.895078 0.126765
v 1.080000 -0.895078 0.120450
v 1.090000 -0.895078 0.114046
v 1.100000 -0.895078 0.107324
v 1.109999 -0.895078 0.099688
v 1.119973 -0.895078 0.088771
v 1.129581 -0.895078 0.065666
v 1.136474 -0.895075 0.000000
v 0.140425 -0.910773 0.064004
v 0.133584 -0.910690 0.000000
v 0.150028 -0.910781 0.087826
v 0.160001 -0.910781 0.098768
v 0.170000 -0.910781 0.106293
v 0.180000 -0.910781 0.112737
v 0.190000 -0.910781 0.117580
v 0.200000 -0.910781 0.118208
v 0.210000 -0.910781 0.113685
v 0.220000 -0.910781 0.107238
v 0.229999 -0.910781 0.099673
v 0.239975 -0.910781 0.088877
v 0.249632 -0.910784 0.066113
v 0.256902 -0.910834 0.000000
v 0.324030 -0.902486 0.000000
v 0.330631 -0.900980 0.000000
v 0.330109 -0.911533 0.055421
v 0.320941 -0.912372 0.000000
v 0.340058 -0.900702 0.000000
v 0.340006 -0.911450 0.068613
v 0.350005 -0.900617 0.000000
v 0.350000 -0.911440 0.071918
v 0.360044 -0.900014 0.000000
v 0.360003 -0.911364 0.072766
v 0.370033 -0.910911 0.075330
v 0.380004 -0.910826 0.086436
v 0.390001 -0.910787 0.094088
v 0.400000 -0.910782 0.100479
v 0.410000 -0.910781 0.105354
v 0.420000 -0.910781 0.109829
v 0.430000 -0.910781 0.114189
v 0.440000 -0.910781 0.117450
v 0.450000 -0.910781 0.119447
v 0.460000 -0.910781 0.119741
v 0.470000 -0.910781 0.119674
v 0.480000 -0.910781 0.119929
v 0.490000 -0.910781 0.120430
v 0.500000 -0.910781 0.121034
v 0.510000 -0.910781 0.121467
v 0.520000 -0.910781 0.121573
v 0.530000 -0.910781 0.121583
v 0.540000 -0.910781 0.121555
v 0.550000 -0.910781 0.121298
v 0.560000 -0.910781 0.120087
v 0.570000 -0.910781 0.117316
v 0.580000 -0.910781 0.113731
v 0.590000 -0.910781 0.109607
v 0.600000 -0.910781 0.105082
v 0.610000 -0.910780 0.100264
v 0.619998 -0.910775 0.094165
v 0.629972 -0.910742 0.085131
v 0.639575 -0.910734 0.063507
v 0.646417 -0.910681 0.000000
v 0.970423 -0.910781 0.065631
v 0.963565 -0.910781 0.000000
v 0.980027 -0.910781 0.088760
v 0.990001 -0.910781 0.099682
v 1.000000 -0.910781 0.107320
v 1.010000 -0.910781 0.114042
v 1.020000 -0.910781 0.120447
v 1.030000 -0.910781 0.126763
v 1.040000 -0.910781 0.132808
v 1.050000 -0.910781 0.136491
v 1.060000 -0.910781 0.132804
v 1.070000 -0.910781 0.126760
v 1.080000 -0.910781 0.120445
v 1.090000 -0.910781 0.114042
v 1.100000 -0.910781 0.107320
v 1.109999 -0.910781 0.099682
v 1.119973 -0.910781 0.088760
v 1.129577 -0.910781 0.065632
v 1.136437 -0.910781 0.000000
v 0.140469 -0.926365 0.054498
v 0.133757 -0.925501 0.000000
v 0.150031 -0.926478 0.082739
v 0.160001 -0.926484 0.095525
v 0.170000 -0.926484 0.103315
v 0.180000 -0.926484 0.109912
v 0.190000 -0.926484 0.115460
v 0.200000 -0.926484 0.117844
v 0.210000 -0.926484 0.114099
v 0.220000 -0.926484 0.107895
v 0.230000 -0.926484 0.100594
v 0.239997 -0.926486 0.090594
v 0.249953 -0.926520 0.070700
v 0.259656 -0.927024 0.000000
v 0.314009 -0.917156 0.000000
v 0.320098 -0.926679 0.059230
v 0.310473 -0.927768 0.000000
v 0.330008 -0.926536 0.082423
v 0.340000 -0.926528 0.092469
v 0.350000 -0.926527 0.096699
v 0.360000 -0.926523 0.098074
v 0.370001 -0.926490 0.098888
v 0.380000 -0.926486 0.101748
v 0.390000 -0.926484 0.104983
v 0.400000 -0.926484 0.108253
v 0.410000 -0.926484 0.111422
v 0.420000 -0.926484 0.114279
v 0.430000 -0.926484 0.116353
v 0.440000 -0.926484 0.115918
v 0.450000 -0.926484 0.114392
v 0.460000 -0.926484 0.112705
v 0.470000 -0.926484 0.111734
v 0.480000 -0.926483 0.111558
v 0.490000 -0.926483 0.111600
v 0.500000 -0.926483 0.111680
v 0.510000 -0.926483 0.111740
v 0.520000 -0.926483 0.111752
v 0.530000 -0.926483 0.111753
v 0.540000 -0.926483 0.111745
v 0.550000 -0.926483 0.111645
v 0.560000 -0.926483 0.111001
v 0.570000 -0.926483 0.108875
v 0.580000 -0.926483 0.105256
v 0.590000 -0.926483 0.100588
v 0.599999 -0.926478 0.094078
v 0.609996 -0.926440 0.086180
v 0.619966 -0.926355 0.074138
v 0.629967 -0.925899 0.067300
v 0.639542 -0.925771 0.051120
v 0.646245 -0.925353 0.000000
v 0.970423 -0.926484 0.065631
v 0.963565 -0.926484 0.000000
v 0.980027 -0.926484 0.088760
v 0.990001 -0.926484 0.099682
v 1.000000 -0.926484 0.107320
v 1.010000 -0.926484 0.114042
v 1.020000 -0.926484 0.120447
v 1.030000 -0.926484 0.126762
v 1.040000 -0.926484 0.132795
v 1.050000 -0.926484 0.136430
v 1.060000 -0.926484 0.132744
v 1.070000 -0.926484 0.126716
v 1.080000 -0.926484 0.120420
v 1.090000 -0.926484 0.114030
v 1.100000 -0.926484 0.107311
v 1.109999 -0.926484 0.099675
v 1.119973 -0.926484 0.088756
v 1.129577 -0.926484 0.065626
v 1.136435 -0.926484 0.000000
v 0.140884 -0.941449 0.000000
v 0.134698 -0.935961 0.000000
v 0.150083 -0.942136 0.069645
v 0.160004 -0.942186 0.090375
v 0.170000 -0.942187 0.100526
v 0.180000 -0.942187 0.107882
v 0.190000 -0.942187 0.114108
v 0.200000 -0.942187 0.117861
v 0.210000 -0.942187 0.115477
v 0.220000 -0.942187 0.110086
v 0.230000 -0.942187 0.103900
v 0.240000 -0.942188 0.097107
v 0.249997 -0.942191 0.088211
v 0.259977 -0.942261 0.075424
v 0.269970 -0.931347 0.000000
v 0.269998 -0.942765 0.072505
v 0.279999 -0.932015 0.000000
v 0.280000 -0.942846 0.072155
v 0.290002 -0.932019 0.000000
v 0.290000 -0.942846 0.072154
v 0.300044 -0.931415 0.000000
v 0.300003 -0.942770 0.072475
v 0.310033 -0.942312 0.075028
v 0.320005 -0.942199 0.086522
v 0.330000 -0.942189 0.095848
v 0.340000 -0.942189 0.102159
v 0.350000 -0.942189 0.106729
v 0.360000 -0.942189 0.108920
v 0.370000 -0.942188 0.109241
v 0.380000 -0.942187 0.109514
v 0.390000 -0.942187 0.109873
v 0.400000 -0.942187 0.109636
v 0.410000 -0.942187 0.109724
v 0.420000 -0.942186 0.110255
v 0.430000 -0.942186 0.110409
v 0.440000 -0.942186 0.108705
v 0.450000 -0.942186 0.105546
v 0.460000 -0.942186 0.102149
v 0.469999 -0.942181 0.099205
v 0.480000 -0.942149 0.098564
v 0.490000 -0.942145 0.098502
v 0.500000 -0.942144 0.098505
v 0.510000 -0.942144 0.098509
v 0.520000 -0.942144 0.098510
v 0.530000 -0.942144 0.098510
v 0.540000 -0.942144 0.098508
v 0.550000 -0.942144 0.098486
v 0.560000 -0.942144 0.098258
v 0.570000 -0.942144 0.097038
v 0.580000 -0.942144 0.093396
v 0.589996 -0.942138 0.085820
v 0.599963 -0.942054 0.071618
v 0.609921 -0.941533 0.056618
v 0.619527 -0.940805 0.000000
v 0.629893 -0.937223 0.000000
v 0.639277 -0.936352 0.000000
v 0.645324 -0.934850 0.000000
v 0.970423 -0.942187 0.065631
v 0.963565 -0.942187 0.000000
v 0.980027 -0.942187 0.088760
v 0.990001 -0.942187 0.099682
v 1.000000 -0.942187 0.107320
v 1.010000 -0.942187 0.114042
v 1.020000 -0.942187 0.120446
v 1.030000 -0.942187 0.126749
v 1.040000 -0.942187 0.132680
v 1.050000 -0.942187 0.135984
v 1.060000 -0.942187 0.132278
v 1.070000 -0.942187 0.126353
v 1.080000 -0.942187 0.120182
v 1.090000 -0.942187 0.113881
v 1.100000 -0.942187 0.107191
v 1.109999 -0.942187 0.099574
v 1.119973 -0.942187 0.088679
v 1.129577 -0.942187 0.065505
v 1.136434 -0.942183 0.000000
v 0.150371 -0.957886 0.066145
v 0.143143 -0.957822 0.000000
v 0.160025 -0.957891 0.088948
v 0.170001 -0.957891 0.099781
v 0.180000 -0.957891 0.107372
v 0.190000 -0.957891 0.113843
v 0.200000 -0.957891 0.118368
v 0.210000 -0.957891 0.117577
v 0.220000 -0.957891 0.113278
v 0.230000 -0.957891 0.108254
v 0.240000 -0.957891 0.103526
v 0.250000 -0.957891 0.099444
v 0.259999 -0.957895 0.096062
v 0.270000 -0.957928 0.095345
v 0.280000 -0.957932 0.095275
v 0.290000 -0.957932 0.095274
v 0.300000 -0.957928 0.095337
v 0.310001 -0.957895 0.095948
v 0.320000 -0.957889 0.098770
v 0.330000 -0.957889 0.102118
v 0.340000 -0.957891 0.105661
v 0.350000 -0.957891 0.108892
v 0.360000 -0.957891 0.110600
v 0.370000 -0.957891 0.109605
v 0.380000 -0.957891 0.107540
v 0.390000 -0.957889 0.104863
v 0.400000 -0.957889 0.101750
v 0.409999 -0.957885 0.098959
v 0.420000 -0.957852 0.098400
v 0.430000 -0.957848 0.098212
v 0.440000 -0.957848 0.097029
v 0.450000 -0.957847 0.093457
v 0.459996 -0.957842 0.086398
v 0.469967 -0.957761 0.075348
v 0.479997 -0.957308 0.072836
v 0.490000 -0.957232 0.072516
v 0.500000 -0.957227 0.072495
v 0.510000 -0.957227 0.072495
v 0.520000 -0.957227 0.072495
v 0.530000 -0.957227 0.072495
v 0.540000 -0.957227 0.072495
v 0.550000 -0.957227 0.072492
v 0.560000 -0.957227 0.072441
v 0.570000 -0.957227 0.071928
v 0.579995 -0.957223 0.068746
v 0.589922 -0.957153 0.056204
v 0.599486 -0.956481 0.000000
v 0.609331 -0.952656 0.000000
v 0.616031 -0.950605 0.000000
v 0.970423 -0.957891 0.065631
v 0.963565 -0.957891 0.000000
v 0.980027 -0.957891 0.088760
v 0.990001 -0.957891 0.099682
v 1.000000 -0.957891 0.107320
v 1.010000 -0.957891 0.114042
v 1.020000 -0.957891 0.120442
v 1.030000 -0.957891 0.126686
v 1.040000 -0.957891 0.132222
v 1.050000 -0.957891 0.134429
v 1.060000 -0.957891 0.130537
v 1.070000 -0.957891 0.124845
v 1.080000 -0.957891 0.118976
v 1.090000 -0.957891 0.112897
v 1.100000 -0.957891 0.106303
v 1.109999 -0.957891 0.098768
v 1.119972 -0.957890 0.087826
v 1.129575 -0.957883 0.064004
v 1.136416 -0.957800 0.000000
v 0.150419 -0.973594 0.065666
v 0.143526 -0.973590 0.000000
v 0.160027 -0.973594 0.088771
v 0.170001 -0.973594 0.099688
v 0.180000 -0.973594 0.107304
v 0.190000 -0.973594 0.113756
v 0.200000 -0.973594 0.118167
v 0.210000 -0.973594 0.117342
v 0.220000 -0.973594 0.113128
v 0.230000 -0.973594 0.108149
v 0.240000 -0.973594 0.103449
v 0.250000 -0.973593 0.099324
v 0.259999 -0.973588 0.096042
v 0.270000 -0.973556 0.095344
v 0.280000 -0.973552 0.095275
v 0.290000 -0.973552 0.095271
v 0.300000 -0.973552 0.095279
v 0.310000 -0.973551 0.095365
v 0.320000 -0.973551 0.095820
v 0.330000 -0.973555 0.096617
v 0.340001 -0.973588 0.098091
v 0.350000 -0.973592 0.101406
v 0.360000 -0.973592 0.103443
v 0.370000 -0.973592 0.101399
v 0.379999 -0.973588 0.097565
v 0.390000 -0.973555 0.093467
v 0.399996 -0.973545 0.086374
v 0.409967 -0.973464 0.075332
v 0.419997 -0.973011 0.072824
v 0.430000 -0.972935 0.072460
v 0.440000 -0.972930 0.071928
v 0.449995 -0.972926 0.068752
v 0.459924 -0.972857 0.056298
v 0.469530 -0.972206 0.000000
v 0.479957 -0.968658 0.000000
v 0.489998 -0.968057 0.000000
v 0.500000 -0.967999 0.000000
v 0.510000 -0.967995 0.000000
v 0.520000 -0.967995 0.000000
v 0.530000 -0.967996 0.000000
v 0.540000 -0.967996 0.000000
v 0.550000 -0.967996 0.000000
v 0.560000 -0.967995 0.000000
v 0.569997 -0.967994 0.000000
v 0.579942 -0.967967 0.000000
v 0.589374 -0.967695 0.000000
v 0.596032 -0.966215 0.000000
v 0.970423 -0.973594 0.065631
v 0.963565 -0.973594 0.000000
v 0.980027 -0.973594 0.088760
v 0.990001 -0.973594 0.099682
v 1.000000 -0.973594 0.107320
v 1.010000 -0.973594 0.114041
v 1.020000 -0.973594 0.120435
v 1.030000 -0.973594 0.126612
v 1.040000 -0.973594 0.131695
v 1.050000 -0.973594 0.132589
v 1.060000 -0.973594 0.128177
v 1.070000 -0.973594 0.122282
v 1.080000 -0.973594 0.116218
v 1.090000 -0.973594 0.109984
v 1.100000 -0.973594 0.103319
v 1.109999 -0.973594 0.095526
v 1.119969 -0.973587 0.082740
v 1.129532 -0.973474 0.054502
v 1.136243 -0.972610 0.000000
v 0.150423 -0.989297 0.065632
v 0.143563 -0.989297 0.000000
v 0.160027 -0.989297 0.088760
v 0.170001 -0.989297 0.099680
v 0.180000 -0.989297 0.107263
v 0.190000 -0.989297 0.113416
v 0.200000 -0.989297 0.116619
v 0.210000 -0.989297 0.114075
v 0.220000 -0.989297 0.108963
v 0.230000 -0.989297 0.102970
v 0.240000 -0.989297 0.096172
v 0.249995 -0.989287 0.086598
v 0.259967 -0.989173 0.075036
v 0.269997 -0.988714 0.072475
v 0.280000 -0.988638 0.072154
v 0.290000 -0.988633 0.072133
v 0.300000 -0.988633 0.072133
v 0.310000 -0.988633 0.072140
v 0.320000 -0.988638 0.072206
v 0.330003 -0.988714 0.072615
v 0.340033 -0.989167 0.075217
v 0.350004 -0.989248 0.086053
v 0.360000 -0.989254 0.090926
v 0.369996 -0.989248 0.086020
v 0.379967 -0.989167 0.074752
v 0.389992 -0.988710 0.069090
v 0.399924 -0.988566 0.056319
v 0.409530 -0.987909 0.000000
v 0.419957 -0.984361 0.000000
v 0.429998 -0.983760 0.000000
v 0.439997 -0.983700 0.000000
v 0.449942 -0.983670 0.000000
v 0.459374 -0.983398 0.000000
v 0.466035 -0.981919 0.000000
v 0.970423 -0.989297 0.065626
v 0.963565 -0.989297 0.000000
v 0.980027 -0.989297 0.088756
v 0.990001 -0.989297 0.099675
v 1.000000 -0.989297 0.107311
v 1.010000 -0.989297 0.114030
v 1.020000 -0.989297 0.120408
v 1.030000 -0.989297 0.126536
v 1.040000 -0.989297 0.131390
v 1.050000 -0.989297 0.131627
v 1.060000 -0.989297 0.126911
v 1.070000 -0.989297 0.120824
v 1.080000 -0.989297 0.114511
v 1.090000 -0.989297 0.107915
v 1.100000 -0.989297 0.100533
v 1.109996 -0.989295 0.090387
v 1.119920 -0.989246 0.069678
v 1.129145 -0.988561 0.000000
v 1.135304 -0.983070 0.000000
v 0.150423 -1.005000 0.065631
v 0.143565 -1.005000 0.000000
v 0.160027 -1.005000 0.088759
v 0.170001 -1.005000 0.099673
v 0.180000 -1.005000 0.107172
v 0.190000 -1.005000 0.112745
v 0.200000 -1.005000 0.114127
v 0.210000 -1.005000 0.110017
v 0.220000 -1.005000 0.103875
v 0.230000 -1.005000 0.096440
v 0.239994 -1.004993 0.084580
v 0.249912 -1.004862 0.059666
v 0.259528 -1.003723 0.000000
v 0.269956 -1.000069 0.000000
v 0.279998 -0.999463 0.000000
v 0.290000 -0.999405 0.000000
v 0.300000 -0.999402 0.000000
v 0.310000 -0.999405 0.000000
v 0.320002 -0.999463 0.000000
v 0.330043 -1.000064 0.000000
v 0.340470 -1.003612 0.000000
v 0.350076 -1.004264 0.055974
v 0.360000 -1.004328 0.065692
v 0.369924 -1.004264 0.055969
v 0.379527 -1.003611 0.000000
v 0.389899 -1.000035 0.000000
v 0.399372 -0.999162 0.000000
v 0.406035 -0.997627 0.000000
v 0.970423 -1.005000 0.065505
v 0.963566 -1.004995 0.000000
v 0.980027 -1.005000 0.088679
v 0.990001 -1.005000 0.099574
v 1.000000 -1.005000 0.107191
v 1.010000 -1.005000 0.113881
v 1.020000 -1.005000 0.120170
v 1.030000 -1.005000 0.126181
v 1.040000 -1.005000 0.130980
v 1.050000 -1.005000 0.131332
v 1.060000 -1.005000 0.126640
v 1.070000 -1.005000 0.120521
v 1.080000 -1.005000 0.114148
v 1.090000 -1.005000 0.107457
v 1.099999 -1.005000 0.099880
v 1.109978 -1.005000 0.089136
v 1.119681 -1.005000 0.066659
v 1.127277 -1.005000 0.000000
v 0.150423 -1.020703 0.065631
v 0.143565 -1.020703 0.000000
v 0.160027 -1.020703 0.088759
v 0.170001 -1.020703 0.099669
v 0.180000 -1.020703 0.107123
v 0.190000 -1.020703 0.112363
v 0.200000 -1.020703 0.112672
v 0.210000 -1.020703 0.107727
v 0.220000 -1.020703 0.100579
v 0.229996 -1.020701 0.090479
v 0.239921 -1.020652 0.069851
v 0.249187 -1.019963 0.000000
v 0.256011 -1.014439 0.000000
v 0.350623 -1.014803 0.000000
v 0.343965 -1.013325 0.000000
v 0.360000 -1.015047 0.000000
v 0.369377 -1.014803 0.000000
v 0.376035 -1.013325 0.000000
v 0.970425 -1.020695 0.064004
v 0.963583 -1.020612 0.000000
v 0.980028 -1.020703 0.087826
v 0.990001 -1.020703 0.098768
v 1.000000 -1.020703 0.106303
v 1.010000 -1.020703 0.112896
v 1.020000 -1.020703 0.118968
v 1.030000 -1.020703 0.124734
v 1.040000 -1.020703 0.129671
v 1.050000 -1.020703 0.131061
v 1.060000 -1.020703 0.126829
v 1.070000 -1.020703 0.120819
v 1.080000 -1.020703 0.114511
v 1.090000 -1.020703 0.107915
v 1.100000 -1.020703 0.100533
v 1.109996 -1.020705 0.090387
v 1.119920 -1.020754 0.069678
v 1.129145 -1.021439 0.000000
v 0.150423 -1.036406 0.065631
v 0.143565 -1.036406 0.000000
v 0.160027 -1.036406 0.088759
v 0.170001 -1.036406 0.099669
v 0.180000 -1.036406 0.107115
v 0.190000 -1.036406 0.112282
v 0.200000 -1.036406 0.112320
v 0.210000 -1.036406 0.107184
v 0.219999 -1.036406 0.099772
v 0.229975 -1.036406 0.088954
v 0.239629 -1.036402 0.066158
v 0.246860 -1.036338 0.000000
v 0.970469 -1.036287 0.054498
v 0.963757 -1.035423 0.000000
v 0.980031 -1.036400 0.082734
v 0.990001 -1.036406 0.095521
v 1.000000 -1.036406 0.103312
v 1.010000 -1.036406 0.109975
v 1.020000 -1.036406 0.116204
v 1.030000 -1.036406 0.122227
v 1.040000 -1.036406 0.127829
v 1.050000 -1.036406 0.130940
v 1.060000 -1.036406 0.127865
v 1.070000 -1.036406 0.122253
v 1.080000 -1.036406 0.116216
v 1.090000 -1.036406 0.109984
v 1.100000 -1.036406 0.103319
v 1.109999 -1.036406 0.095526
v 1.119969 -1.036413 0.082740
v 1.129532 -1.036526 0.054502
v 1.135304 -1.026930 0.000000
v 1.136243 -1.037390 0.000000
v 0.150423 -1.052109 0.065631
v 0.143565 -1.052109 0.000000
v 0.160027 -1.052109 0.088759
v 0.170001 -1.052109 0.099669
v 0.180000 -1.052109 0.107114
v 0.190000 -1.052109 0.112274
v 0.200000 -1.052109 0.112277
v 0.210000 -1.052109 0.107119
v 0.219999 -1.052109 0.099675
v 0.229973 -1.052109 0.088771
v 0.239581 -1.052109 0.065666
v 0.246474 -1.052106 0.000000
v 0.970885 -1.051367 0.000000
v 0.964698 -1.045883 0.000000
v 0.980083 -1.052058 0.069520
v 0.990004 -1.052107 0.090295
v 1.000000 -1.052109 0.100418
v 1.010000 -1.052109 0.107782
v 1.020000 -1.052109 0.114346
v 1.030000 -1.052109 0.120552
v 1.040000 -1.052109 0.126430
v 1.050000 -1.052109 0.130650
v 1.060000 -1.052109 0.129570
v 1.070000 -1.052109 0.124725
v 1.080000 -1.052109 0.118968
v 1.090000 -1.052109 0.112897
v 1.100000 -1.052109 0.106303
v 1.109999 -1.052109 0.098768
v 1.119972 -1.052109 0.087826
v 1.129575 -1.052117 0.064004
v 1.136417 -1.052201 0.000000
v 0.150423 -1.067812 0.065631
v 0.143565 -1.067812 0.000000
v 0.160027 -1.067812 0.088759
v 0.170001 -1.067812 0.099669
v 0.180000 -1.067812 0.107114
v 0.190000 -1.067812 0.112273
v 0.200000 -1.067812 0.112274
v 0.210000 -1.067812 0.107114
v 0.219999 -1.067812 0.099669
v 0.229973 -1.067812 0.088760
v 0.239577 -1.067812 0.065632
v 0.246437 -1.067812 0.000000
v 0.980374 -1.067800 0.064519
v 0.973162 -1.067653 0.000000
v 0.990025 -1.067812 0.088014
v 1.000001 -1.067812 0.098867
v 1.010000 -1.067812 0.106372
v 1.020000 -1.067812 0.112949
v 1.030000 -1.067812 0.119011
v 1.040000 -1.067812 0.124757
v 1.050000 -1.067812 0.129553
v 1.060000 -1.067812 0.130480
v 1.070000 -1.067812 0.126116
v 1.080000 -1.067812 0.120166
v 1.090000 -1.067812 0.113881
v 1.100000 -1.067812 0.107191
v 1.109999 -1.067812 0.099574
v 1.119973 -1.067812 0.088679
v 1.129577 -1.067813 0.065507
v 1.136436 -1.067817 0.000000
v 0.150423 -1.083516 0.065626
v 0.143565 -1.083516 0.000000
v 0.160027 -1.083516 0.088755
v 0.170001 -1.083516 0.099662
v 0.180000 -1.083516 0.107106
v 0.190000 -1.083516 0.112266
v 0.200000 -1.083516 0.112272
v 0.210000 -1.083516 0.107114
v 0.219999 -1.083516 0.099669
v 0.229973 -1.083516 0.088759
v 0.239577 -1.083516 0.065631
v 0.246435 -1.083516 0.000000
v 0.980465 -1.083396 0.054537
v 0.973718 -1.082529 0.000000
v 0.990031 -1.083509 0.082751
v 1.000001 -1.083516 0.095532
v 1.010000 -1.083516 0.103324
v 1.020000 -1.083516 0.109988
v 1.030000 -1.083516 0.116218
v 1.040000 -1.083516 0.122236
v 1.050000 -1.083516 0.127714
v 1.060000 -1.083516 0.130292
v 1.070000 -1.083516 0.126394
v 1.080000 -1.083516 0.120400
v 1.090000 -1.083516 0.114033
v 1.100000 -1.083516 0.107315
v 1.109999 -1.083516 0.099681
v 1.119973 -1.083516 0.088767
v 1.129580 -1.083516 0.065661
v 1.136474 -1.083519 0.000000
v 0.150423 -1.099219 0.065505
v 0.143566 -1.099214 0.000000
v 0.160027 -1.099219 0.088678
v 0.170001 -1.099219 0.099561
v 0.180000 -1.099219 0.106990
v 0.190000 -1.099219 0.112163
v 0.200000 -1.099219 0.112251
v 0.210000 -1.099219 0.107113
v 0.219999 -1.099219 0.099669
v 0.229973 -1.099219 0.088759
v 0.239577 -1.099219 0.065631
v 0.246435 -1.099219 0.000000
v 0.980855 -1.098483 0.000000
v 0.974693 -1.092992 0.000000
v 0.990080 -1.099168 0.069679
v 1.000004 -1.099217 0.090387
v 1.010000 -1.099219 0.100533
v 1.020000 -1.099219 0.107915
v 1.030000 -1.099219 0.114510
v 1.040000 -1.099219 0.120806
v 1.050000 -1.099219 0.126678
v 1.060000 -1.099219 0.130065
v 1.070000 -1.099219 0.126432
v 1.080000 -1.099219 0.120464
v 1.090000 -1.099219 0.114094
v 1.100000 -1.099219 0.107388
v 1.109999 -1.099219 0.099781
v 1.119975 -1.099219 0.088948
v 1.129629 -1.099223 0.066145
v 1.136857 -1.099287 0.000000
v 0.150425 -1.114914 0.064004
v 0.143584 -1.114831 0.000000
v 0.160028 -1.114922 0.087825
v 0.170001 -1.114922 0.098757
v 0.180000 -1.114922 0.106134
v 0.190000 -1.114922 0.111440
v 0.200000 -1.114922 0.112066
v 0.210000 -1.114922 0.107092
v 0.219999 -1.114922 0.099668
v 0.229973 -1.114922 0.088759
v 0.239577 -1.114922 0.065631
v 0.246435 -1.114922 0.000000
v 0.533965 -1.106596 0.000000
v 0.540626 -1.105118 0.000000
v 0.540076 -1.115658 0.056298
v 0.530470 -1.116310 0.000000
v 0.550058 -1.104846 0.000000
v 0.550005 -1.115590 0.068752
v 0.560003 -1.104819 0.000000
v 0.560000 -1.115586 0.071928
v 0.570000 -1.104817 0.000000
v 0.570000 -1.115586 0.072435
v 0.580000 -1.104817 0.000000
v 0.580000 -1.115586 0.072450
v 0.590000 -1.104817 0.000000
v 0.590000 -1.115586 0.072303
v 0.600000 -1.104817 0.000000
v 0.600000 -1.115586 0.071909
v 0.610000 -1.104817 0.000000
v 0.610000 -1.115586 0.070838
v 0.619997 -1.104819 0.000000
v 0.619999 -1.115586 0.068910
v 0.629936 -1.104846 0.000000
v 0.629969 -1.115585 0.063895
v 0.639280 -1.105113 0.000000
v 0.639540 -1.115598 0.049020
v 0.645323 -1.106554 0.000000
v 0.646227 -1.115953 0.000000
v 0.990319 -1.114922 0.066655
v 0.982723 -1.114922 0.000000
v 1.000022 -1.114922 0.089129
v 1.010001 -1.114922 0.099872
v 1.020000 -1.114922 0.107448
v 1.030000 -1.114922 0.114139
v 1.040000 -1.114922 0.120502
v 1.050000 -1.114922 0.126465
v 1.060000 -1.114922 0.130091
v 1.070000 -1.114922 0.126681
v 1.080000 -1.114922 0.120804
v 1.090000 -1.114922 0.114507
v 1.100000 -1.114922 0.107911
v 1.110000 -1.114922 0.100527
v 1.119996 -1.114924 0.090375
v 1.129918 -1.114973 0.069645
v 1.139116 -1.115661 0.000000
v 0.150469 -1.130506 0.054498
v 0.143757 -1.129642 0.000000
v 0.160031 -1.130619 0.082738
v 0.170001 -1.130625 0.095521
v 0.180000 -1.130625 0.103237
v 0.190000 -1.130625 0.109147
v 0.200000 -1.130625 0.111393
v 0.210000 -1.130625 0.106997
v 0.219999 -1.130625 0.099661
v 0.229973 -1.130625 0.088759
v 0.239577 -1.130625 0.065631
v 0.246435 -1.130625 0.000000
v 0.413969 -1.122301 0.000000
v 0.420626 -1.120821 0.000000
v 0.420078 -1.131362 0.056204
v 0.410514 -1.132035 0.000000
v 0.430058 -1.120549 0.000000
v 0.430005 -1.131293 0.068746
v 0.440003 -1.120522 0.000000
v 0.440000 -1.131289 0.071928
v 0.450000 -1.120520 0.000000
v 0.450000 -1.131289 0.072441
v 0.460000 -1.120520 0.000000
v 0.460000 -1.131289 0.072491
v 0.470000 -1.120520 0.000000
v 0.470000 -1.131289 0.072494
v 0.480000 -1.120520 0.000000
v 0.480000 -1.131289 0.072494
v 0.490000 -1.120520 0.000000
v 0.490000 -1.131289 0.072494
v 0.500000 -1.120517 0.000000
v 0.500000 -1.131289 0.072495
v 0.510002 -1.120459 0.000000
v 0.510000 -1.131284 0.072515
v 0.520043 -1.119858 0.000000
v 0.520003 -1.131208 0.072835
v 0.530033 -1.130755 0.075348
v 0.540004 -1.130674 0.086398
v 0.550000 -1.130668 0.093458
v 0.560000 -1.130668 0.097032
v 0.570000 -1.130668 0.098159
v 0.580000 -1.130668 0.098013
v 0.590000 -1.130668 0.096940
v 0.600000 -1.130668 0.094743
v 0.610000 -1.130668 0.090202
v 0.619996 -1.130664 0.081964
v 0.629948 -1.130592 0.066661
v 0.639538 -1.130039 0.049349
v 0.646227 -1.129603 0.000000
v 0.990080 -1.130676 0.069598
v 0.980855 -1.131361 0.000000
v 1.000004 -1.130627 0.090279
v 1.010000 -1.130625 0.100407
v 1.020000 -1.130625 0.107784
v 1.030000 -1.130625 0.114388
v 1.040000 -1.130625 0.120707
v 1.050000 -1.130625 0.126676
v 1.060000 -1.130625 0.130519
v 1.070000 -1.130625 0.127766
v 1.080000 -1.130625 0.122239
v 1.090000 -1.130625 0.116215
v 1.100000 -1.130625 0.109984
v 1.110000 -1.130625 0.103319
v 1.119999 -1.130625 0.095525
v 1.129969 -1.130631 0.082739
v 1.139531 -1.130744 0.054498
v 1.145302 -1.121149 0.000000
v 1.146244 -1.131608 0.000000
v 0.150884 -1.145589 0.000000
v 0.144698 -1.140101 0.000000
v 0.160083 -1.146277 0.069645
v 0.170004 -1.146326 0.090374
v 0.180000 -1.146328 0.100492
v 0.190000 -1.146328 0.107431
v 0.200000 -1.146328 0.110936
v 0.210000 -1.146328 0.106938
v 0.219999 -1.146328 0.099657
v 0.229973 -1.146328 0.088759
v 0.239577 -1.146328 0.065632
v 0.246437 -1.146328 0.000000
v 0.393972 -1.137913 0.000000
v 0.400669 -1.135860 0.000000
v 0.400080 -1.146984 0.056547
v 0.390514 -1.147731 0.000000
v 0.410037 -1.146461 0.071616
v 0.420004 -1.146377 0.085819
v 0.430000 -1.146371 0.093394
v 0.440000 -1.146371 0.097031
v 0.450000 -1.146371 0.098243
v 0.460000 -1.146371 0.098467
v 0.470000 -1.146371 0.098489
v 0.480000 -1.146371 0.098490
v 0.490000 -1.146371 0.098490
v 0.500000 -1.146371 0.098490
v 0.510000 -1.146371 0.098494
v 0.520000 -1.146367 0.098560
v 0.530001 -1.146334 0.099203
v 0.540000 -1.146330 0.102153
v 0.550000 -1.146330 0.105578
v 0.560000 -1.146330 0.108798
v 0.570000 -1.146330 0.110188
v 0.580000 -1.146330 0.108855
v 0.590000 -1.146330 0.105048
v 0.600000 -1.146330 0.099189
v 0.609997 -1.146328 0.089788
v 0.619952 -1.146293 0.070007
v 0.629609 -1.145768 0.000000
v 0.639250 -1.141171 0.000000
v 0.645321 -1.139090 0.000000
v 0.974697 -1.136845 0.000000
v 0.980470 -1.146440 0.052875
v 0.973775 -1.147221 0.000000
v 0.990031 -1.146334 0.081806
v 1.000001 -1.146328 0.094613
v 1.010000 -1.146328 0.102318
v 1.020000 -1.146328 0.108961
v 1.030000 -1.146328 0.115256
v 1.040000 -1.146328 0.121413
v 1.050000 -1.146328 0.127338
v 1.060000 -1.146328 0.131491
v 1.070000 -1.146328 0.129804
v 1.080000 -1.146328 0.124755
v 1.090000 -1.146328 0.118970
v 1.100000 -1.146328 0.112897
v 1.110000 -1.146328 0.106303
v 1.119999 -1.146328 0.098768
v 1.129972 -1.146328 0.087826
v 1.139575 -1.146336 0.064005
v 1.146419 -1.146419 0.000000
v 0.160371 -1.162027 0.066145
v 0.153143 -1.161963 0.000000
v 0.170025 -1.162031 0.088947
v 0.180001 -1.162031 0.099754
v 0.190000 -1.162031 0.106986
v 0.200000 -1.162031 0.110833
v 0.210000 -1.162031 0.106931
v 0.219999 -1.162031 0.099663
v 0.229973 -1.162031 0.088771
v 0.239581 -1.162031 0.065670
v 0.246476 -1.162034 0.000000
v 0.373972 -1.153616 0.000000
v 0.380669 -1.151563 0.000000
v 0.380080 -1.162687 0.056546
v 0.370514 -1.163434 0.000000
v 0.390037 -1.162164 0.071618
v 0.400004 -1.162076 0.085884
v 0.410001 -1.162037 0.094069
v 0.420000 -1.162033 0.100575
v 0.430000 -1.162033 0.105219
v 0.440000 -1.162033 0.108757
v 0.450000 -1.162033 0.110793
v 0.460000 -1.162033 0.111375
v 0.470000 -1.162033 0.111463
v 0.480000 -1.162033 0.111470
v 0.490000 -1.162033 0.111470
v 0.500000 -1.162033 0.111470
v 0.510000 -1.162033 0.111472
v 0.520000 -1.162033 0.111496
v 0.530000 -1.162031 0.111720
v 0.540000 -1.162031 0.112762
v 0.550000 -1.162031 0.114739
v 0.560000 -1.162031 0.116885
v 0.570000 -1.162031 0.116751
v 0.580000 -1.162031 0.112886
v 0.590000 -1.162031 0.106993
v 0.599999 -1.162031 0.099653
v 0.609975 -1.162031 0.088909
v 0.619632 -1.162028 0.066197
v 0.626901 -1.161982 0.000000
v 0.980471 -1.161920 0.052872
v 0.973775 -1.161139 0.000000
v 0.990031 -1.162025 0.081805
v 1.000001 -1.162031 0.094612
v 1.010000 -1.162031 0.102318
v 1.020000 -1.162031 0.108961
v 1.030000 -1.162031 0.115256
v 1.040000 -1.162031 0.121417
v 1.050000 -1.162031 0.127391
v 1.060000 -1.162031 0.131883
v 1.070000 -1.162031 0.131142
v 1.080000 -1.162031 0.126205
v 1.090000 -1.162031 0.120174
v 1.100000 -1.162031 0.113884
v 1.110000 -1.162031 0.107195
v 1.119999 -1.162031 0.099579
v 1.129973 -1.162031 0.088690
v 1.139580 -1.162032 0.065539
v 1.146473 -1.162039 0.000000
v 0.160419 -1.177734 0.065661
v 0.153526 -1.177731 0.000000
v 0.170027 -1.177734 0.088766
v 0.180001 -1.177734 0.099655
v 0.190000 -1.177734 0.106922
v 0.200000 -1.177734 0.110826
v 0.210000 -1.177734 0.106986
v 0.219999 -1.177734 0.099760
v 0.229975 -1.177734 0.088962
v 0.239632 -1.177737 0.066239
v 0.246903 -1.177782 0.000000
v 0.353969 -1.169317 0.000000
v 0.360669 -1.167266 0.000000
v 0.360079 -1.178389 0.056616
v 0.350470 -1.179116 0.000000
v 0.370037 -1.177867 0.071597
v 0.380004 -1.177779 0.085856
v 0.390001 -1.177741 0.094049
v 0.400000 -1.177736 0.100547
v 0.410000 -1.177734 0.105192
v 0.420000 -1.177734 0.109427
v 0.430000 -1.177734 0.113303
v 0.440000 -1.177734 0.116323
v 0.450000 -1.177734 0.118468
v 0.460000 -1.177734 0.119248
v 0.470000 -1.177734 0.119400
v 0.480000 -1.177734 0.119417
v 0.490000 -1.177734 0.119418
v 0.500000 -1.177734 0.119419
v 0.510000 -1.177734 0.119419
v 0.520000 -1.177734 0.119434
v 0.530000 -1.177734 0.119557
v 0.540000 -1.177734 0.120103
v 0.550000 -1.177734 0.121178
v 0.560000 -1.177734 0.121742
v 0.570000 -1.177734 0.119109
v 0.580000 -1.177734 0.113715
v 0.590000 -1.177734 0.107216
v 0.599999 -1.177734 0.099652
v 0.609973 -1.177734 0.088754
v 0.619581 -1.177734 0.065662
v 0.626476 -1.177732 0.000000
v 0.980884 -1.176996 0.000000
v 0.974700 -1.171515 0.000000
v 0.990083 -1.177683 0.069564
v 1.000004 -1.177732 0.090267
v 1.010000 -1.177734 0.100401
v 1.020000 -1.177734 0.107780
v 1.030000 -1.177734 0.114385
v 1.040000 -1.177734 0.120714
v 1.050000 -1.177734 0.126813
v 1.060000 -1.177734 0.131553
v 1.070000 -1.177734 0.131397
v 1.080000 -1.177734 0.126564
v 1.090000 -1.177734 0.120442
v 1.100000 -1.177734 0.114072
v 1.110000 -1.177734 0.107367
v 1.119999 -1.177734 0.099760
v 1.129975 -1.177734 0.088926
v 1.139629 -1.177739 0.066100
v 1.146857 -1.177803 0.000000
v 1.244673 -1.169369 0.000000
v 1.250657 -1.167954 0.000000
v 1.250430 -1.178409 0.045781
v 1.243772 -1.178766 0.000000
v 1.259343 -1.167954 0.000000
v 1.259570 -1.178409 0.045781
v 1.265327 -1.169369 0.000000
v 1.266228 -1.178766 0.000000
v 0.160423 -1.193437 0.065506
v 0.153564 -1.193433 0.000000
v 0.170027 -1.193438 0.088678
v 0.180001 -1.193438 0.099549
v 0.190000 -1.193438 0.106813
v 0.200000 -1.193438 0.110829
v 0.210000 -1.193438 0.107432
v 0.220000 -1.193438 0.100574
v 0.229997 -1.193439 0.090604
v 0.239954 -1.193474 0.070706
v 0.249656 -1.193977 0.000000
v 0.303965 -1.185112 0.000000
v 0.310626 -1.183633 0.000000
v 0.310076 -1.194174 0.056200
v 0.300470 -1.194825 0.000000
v 0.320058 -1.183359 0.000000
v 0.320005 -1.194105 0.068573
v 0.330005 -1.183273 0.000000
v 0.330000 -1.194096 0.071668
v 0.340044 -1.182671 0.000000
v 0.340003 -1.194020 0.072434
v 0.350033 -1.193567 0.074984
v 0.360004 -1.193482 0.086077
v 0.370001 -1.193444 0.093713
v 0.380000 -1.193439 0.100147
v 0.390000 -1.193438 0.104899
v 0.400000 -1.193438 0.109022
v 0.410000 -1.193438 0.112027
v 0.420000 -1.193438 0.114566
v 0.430000 -1.193438 0.116956
v 0.440000 -1.193438 0.118365
v 0.450000 -1.193438 0.119133
v 0.460000 -1.193438 0.119375
v 0.470000 -1.193438 0.119415
v 0.480000 -1.193438 0.119418
v 0.490000 -1.193438 0.119419
v 0.500000 -1.193438 0.119419
v 0.510000 -1.193438 0.119419
v 0.520000 -1.193438 0.119421
v 0.530000 -1.193438 0.119449
v 0.540000 -1.193438 0.119583
v 0.550000 -1.193438 0.119831
v 0.560000 -1.193438 0.119655
v 0.570000 -1.193438 0.117381
v 0.580000 -1.193438 0.112629
v 0.590000 -1.193438 0.106572
v 0.599999 -1.193438 0.099287
v 0.609973 -1.193437 0.088466
v 0.619577 -1.193436 0.065473
v 0.626436 -1.193433 0.000000
v 0.990371 -1.193433 0.066141
v 0.983143 -1.193369 0.000000
v 1.000025 -1.193437 0.088941
v 1.010001 -1.193438 0.099773
v 1.020000 -1.193438 0.107379
v 1.030000 -1.193438 0.114087
v 1.040000 -1.193438 0.120471
v 1.050000 -1.193438 0.126612
v 1.060000 -1.193438 0.131446
v 1.070000 -1.193438 0.131538
v 1.080000 -1.193438 0.126781
v 1.090000 -1.193438 0.120678
v 1.100000 -1.193438 0.114343
v 1.110000 -1.193438 0.107724
v 1.120000 -1.193438 0.100316
v 1.129996 -1.193439 0.090093
v 1.139917 -1.193489 0.069016
v 1.149113 -1.194167 0.000000
v 1.250430 -1.192763 0.045781
v 1.243772 -1.192406 0.000000
v 1.259570 -1.192763 0.045781
v 1.266228 -1.192406 0.000000
v 0.160425 -1.209133 0.064004
v 0.153583 -1.209050 0.000000
v 0.170028 -1.209140 0.087825
v 0.180001 -1.209141 0.098749
v 0.190000 -1.209141 0.106019
v 0.200000 -1.209141 0.110592
v 0.210000 -1.209141 0.109138
v 0.220000 -1.209141 0.103911
v 0.230000 -1.209141 0.097204
v 0.239998 -1.209145 0.088229
v 0.249977 -1.209214 0.075301
v 0.259970 -1.198300 0.000000
v 0.259998 -1.209719 0.072194
v 0.269999 -1.198968 0.000000
v 0.270000 -1.209799 0.071645
v 0.280002 -1.198972 0.000000
v 0.280000 -1.209798 0.071612
v 0.290044 -1.198374 0.000000
v 0.290003 -1.209722 0.071923
v 0.300033 -1.209269 0.074380
v 0.310004 -1.209188 0.085154
v 0.320000 -1.209183 0.091625
v 0.330000 -1.209182 0.094471
v 0.340000 -1.209178 0.095235
v 0.350001 -1.209145 0.095939
v 0.360000 -1.209141 0.098743
v 0.370000 -1.209141 0.102002
v 0.380000 -1.209141 0.105968
v 0.390000 -1.209141 0.109870
v 0.400000 -1.209141 0.112543
v 0.410000 -1.209141 0.112272
v 0.420000 -1.209141 0.111443
v 0.430000 -1.209141 0.111217
v 0.440000 -1.209139 0.111332
v 0.450000 -1.209139 0.111435
v 0.460000 -1.209139 0.111466
v 0.470000 -1.209139 0.111470
v 0.480000 -1.209139 0.111470
v 0.490000 -1.209139 0.111470
v 0.500000 -1.209139 0.111470
v 0.510000 -1.209139 0.111470
v 0.520000 -1.209139 0.111470
v 0.530000 -1.209139 0.111473
v 0.540000 -1.209139 0.111490
v 0.550000 -1.209139 0.111516
v 0.560000 -1.209139 0.111403
v 0.570000 -1.209139 0.110467
v 0.580000 -1.209139 0.107761
v 0.590000 -1.209139 0.103175
v 0.599999 -1.209139 0.096589
v 0.609971 -1.209135 0.085611
v 0.619575 -1.209098 0.063549
v 0.626417 -1.209041 0.000000
v 0.990419 -1.209141 0.065666
v 0.983524 -1.209137 0.000000
v 1.000027 -1.209141 0.088771
v 1.010001 -1.209141 0.099688
v 1.020000 -1.209141 0.107324
v 1.030000 -1.209141 0.114045
v 1.040000 -1.209141 0.120438
v 1.050000 -1.209141 0.126598
v 1.060000 -1.209141 0.131516
v 1.070000 -1.209141 0.131833
v 1.080000 -1.209141 0.127195
v 1.090000 -1.209141 0.121172
v 1.100000 -1.209141 0.114954
v 1.110000 -1.209141 0.108556
v 1.120000 -1.209141 0.101682
v 1.129999 -1.209141 0.093228
v 1.139965 -1.209141 0.077647
v 1.149485 -1.209141 0.043594
v 1.155274 -1.199528 0.000000
v 1.156051 -1.209141 0.000000
v 1.250657 -1.203218 0.000000
v 1.244673 -1.201803 0.000000
v 1.259343 -1.203218 0.000000
v 1.265327 -1.201803 0.000000
v 0.160468 -1.224724 0.054502
v 0.153757 -1.223860 0.000000
v 0.170031 -1.224837 0.082740
v 0.180001 -1.224844 0.095521
v 0.190000 -1.224844 0.103230
v 0.200000 -1.224844 0.109081
v 0.210000 -1.224844 0.111388
v 0.220000 -1.224844 0.108816
v 0.230000 -1.224844 0.104299
v 0.240000 -1.224844 0.099652
v 0.249999 -1.224848 0.095260
v 0.260000 -1.224882 0.092874
v 0.269999 -1.224881 0.090764
v 0.280000 -1.224848 0.090339
v 0.290000 -1.224839 0.090339
v 0.300001 -1.224807 0.090758
v 0.310000 -1.224802 0.092763
v 0.320000 -1.224802 0.094224
v 0.330000 -1.224802 0.095053
v 0.340000 -1.224802 0.095256
v 0.350000 -1.224801 0.095367
v 0.360000 -1.224805 0.095881
v 0.370001 -1.224838 0.097220
v 0.380000 -1.224842 0.100905
v 0.390000 -1.224842 0.104706
v 0.400000 -1.224842 0.107012
v 0.410000 -1.224842 0.105109
v 0.420000 -1.224842 0.101984
v 0.429999 -1.224838 0.099153
v 0.440000 -1.224805 0.098547
v 0.450000 -1.224801 0.098492
v 0.460000 -1.224801 0.098490
v 0.470000 -1.224801 0.098490
v 0.480000 -1.224801 0.098490
v 0.490000 -1.224801 0.098490
v 0.500000 -1.224801 0.098490
v 0.510000 -1.224801 0.098490
v 0.520000 -1.224801 0.098490
v 0.530000 -1.224801 0.098490
v 0.540000 -1.224801 0.098491
v 0.550000 -1.224801 0.098493
v 0.560000 -1.224801 0.098467
v 0.570000 -1.224801 0.098202
v 0.580000 -1.224801 0.096903
v 0.590000 -1.224801 0.093083
v 0.599995 -1.224795 0.085034
v 0.609938 -1.224711 0.069791
v 0.619539 -1.224206 0.051436
v 0.626245 -1.223721 0.000000
v 0.990419 -1.224844 0.065665
v 0.983524 -1.224847 0.000000
v 1.000027 -1.224844 0.088771
v 1.010001 -1.224844 0.099688
v 1.020000 -1.224844 0.107324
v 1.030000 -1.224844 0.114045
v 1.040000 -1.224844 0.120437
v 1.050000 -1.224844 0.126583
v 1.060000 -1.224844 0.131424
v 1.070000 -1.224844 0.131537
v 1.080000 -1.224844 0.126784
v 1.090000 -1.224844 0.120679
v 1.100000 -1.224844 0.114344
v 1.110000 -1.224844 0.107725
v 1.120000 -1.224844 0.100316
v 1.129996 -1.224842 0.090093
v 1.139917 -1.224793 0.069017
v 1.149115 -1.224115 0.000000
v 1.155274 -1.218754 0.000000
v 0.160855 -1.239811 0.000000
v 0.154696 -1.234320 0.000000
v 0.170080 -1.240496 0.069678
v 0.180004 -1.240545 0.090386
v 0.190000 -1.240547 0.100510
v 0.200000 -1.240547 0.107589
v 0.210000 -1.240547 0.112045
v 0.220000 -1.240547 0.111105
v 0.230000 -1.240547 0.106690
v 0.240000 -1.240547 0.101076
v 0.250000 -1.240547 0.094718
v 0.259996 -1.240539 0.085696
v 0.269967 -1.240424 0.074426
v 0.279997 -1.239966 0.071925
v 0.290000 -1.239890 0.071611
v 0.300000 -1.239883 0.071623
v 0.310000 -1.239883 0.071819
v 0.320000 -1.239883 0.071994
v 0.330000 -1.239883 0.072108
v 0.340000 -1.239883 0.072131
v 0.350000 -1.239888 0.072161
v 0.360003 -1.239964 0.072526
v 0.370033 -1.240417 0.075125
v 0.380004 -1.240498 0.086262
v 0.390000 -1.240504 0.093269
v 0.400000 -1.240504 0.095903
v 0.410000 -1.240504 0.093304
v 0.419996 -1.240498 0.086379
v 0.429967 -1.240417 0.075345
v 0.439997 -1.239964 0.072835
v 0.450000 -1.239888 0.072515
v 0.460000 -1.239883 0.072495
v 0.470000 -1.239883 0.072494
v 0.480000 -1.239883 0.072494
v 0.490000 -1.239883 0.072494
v 0.500000 -1.239883 0.072494
v 0.510000 -1.239883 0.072494
v 0.520000 -1.239883 0.072494
v 0.530000 -1.239883 0.072494
v 0.540000 -1.239883 0.072494
v 0.550000 -1.239883 0.072494
v 0.560000 -1.239883 0.072491
v 0.570000 -1.239883 0.072438
v 0.580000 -1.239883 0.071919
v 0.589995 -1.239879 0.068721
v 0.599922 -1.239810 0.056120
v 0.609482 -1.239137 0.000000
v 0.619237 -1.235315 0.000000
v 0.625321 -1.233296 0.000000
v 0.990371 -1.240551 0.066105
v 0.983143 -1.240615 0.000000
v 1.000025 -1.240547 0.088930
v 1.010001 -1.240547 0.099767
v 1.020000 -1.240547 0.107375
v 1.030000 -1.240547 0.114084
v 1.040000 -1.240547 0.120468
v 1.050000 -1.240547 0.126606
v 1.060000 -1.240547 0.131410
v 1.070000 -1.240547 0.131412
v 1.080000 -1.240547 0.126608
v 1.090000 -1.240547 0.120471
v 1.100000 -1.240547 0.114087
v 1.110000 -1.240547 0.107380
v 1.119999 -1.240547 0.099773
v 1.129976 -1.240547 0.088942
v 1.139632 -1.240542 0.066143
v 1.146898 -1.240481 0.000000
v 0.170319 -1.256250 0.066655
v 0.162723 -1.256250 0.000000
v 0.180022 -1.256250 0.089128
v 0.190001 -1.256250 0.099849
v 0.200000 -1.256250 0.107111
v 0.210000 -1.256250 0.111423
v 0.220000 -1.256250 0.109193
v 0.230000 -1.256250 0.103543
v 0.240000 -1.256250 0.096213
v 0.249994 -1.256243 0.084428
v 0.259913 -1.256112 0.059594
v 0.269528 -1.254973 0.000000
v 0.279957 -1.251319 0.000000
v 0.289998 -1.250713 0.000000
v 0.300000 -1.250655 0.000000
v 0.310000 -1.250652 0.000000
v 0.320000 -1.250652 0.000000
v 0.330000 -1.250652 0.000000
v 0.340000 -1.250655 0.000000
v 0.350002 -1.250713 0.000000
v 0.360043 -1.251314 0.000000
v 0.370470 -1.254862 0.000000
v 0.380076 -1.255514 0.056289
v 0.390005 -1.255582 0.068708
v 0.400000 -1.255586 0.071409
v 0.409995 -1.255582 0.068709
v 0.419924 -1.255514 0.056296
v 0.429530 -1.254862 0.000000
v 0.439957 -1.251314 0.000000
v 0.449998 -1.250713 0.000000
v 0.460000 -1.250655 0.000000
v 0.470000 -1.250652 0.000000
v 0.480000 -1.250652 0.000000
v 0.490000 -1.250652 0.000000
v 0.500000 -1.250652 0.000000
v 0.510000 -1.250652 0.000000
v 0.520000 -1.250652 0.000000
v 0.530000 -1.250652 0.000000
v 0.540000 -1.250652 0.000000
v 0.550000 -1.250652 0.000000
v 0.560000 -1.250652 0.000000
v 0.570000 -1.250652 0.000000
v 0.579997 -1.250650 0.000000
v 0.589942 -1.250623 0.000000
v 0.599374 -1.250351 0.000000
v 0.606031 -1.248871 0.000000
v 0.990083 -1.256301 0.069017
v 0.980886 -1.256979 0.000000
v 1.000004 -1.256252 0.090093
v 1.010000 -1.256250 0.100316
v 1.020000 -1.256250 0.107725
v 1.030000 -1.256250 0.114344
v 1.040000 -1.256250 0.120679
v 1.050000 -1.256250 0.126784
v 1.060000 -1.256250 0.131543
v 1.070000 -1.256250 0.131453
v 1.080000 -1.256250 0.126621
v 1.090000 -1.256250 0.120481
v 1.100000 -1.256250 0.114098
v 1.110000 -1.256250 0.107394
v 1.119999 -1.256250 0.099792
v 1.129976 -1.256250 0.088973
v 1.139635 -1.256253 0.066263
v 1.146940 -1.256296 0.000000
v 0.170080 -1.272004 0.069598
v 0.160855 -1.272689 0.000000
v 0.180004 -1.271955 0.090277
v 0.190000 -1.271953 0.100375
v 0.200000 -1.271953 0.107337
v 0.210000 -1.271953 0.111031
v 0.220000 -1.271953 0.107457
v 0.230000 -1.271953 0.100546
v 0.239996 -1.271951 0.090475
v 0.249924 -1.271902 0.069875
v 0.259216 -1.271215 0.000000
v 0.266013 -1.265689 0.000000
v 0.380626 -1.266054 0.000000
v 0.373965 -1.264576 0.000000
v 0.390058 -1.266326 0.000000
v 0.400000 -1.266352 0.000000
v 0.409942 -1.266326 0.000000
v 0.419374 -1.266054 0.000000
v 0.426035 -1.264576 0.000000
v 0.974726 -1.262340 0.000000
v 0.980493 -1.271955 0.043663
v 0.973946 -1.271953 0.000000
v 0.990033 -1.271953 0.077678
v 1.000001 -1.271953 0.093240
v 1.010000 -1.271953 0.101689
v 1.020000 -1.271953 0.108560
v 1.030000 -1.271953 0.114958
v 1.040000 -1.271953 0.121175
v 1.050000 -1.271953 0.127203
v 1.060000 -1.271953 0.131893
v 1.070000 -1.271953 0.131769
v 1.080000 -1.271953 0.126934
v 1.090000 -1.271953 0.120831
v 1.100000 -1.271953 0.114522
v 1.110000 -1.271953 0.107946
v 1.120000 -1.271953 0.100613
v 1.129997 -1.271955 0.090591
v 1.139952 -1.271990 0.070555
v 1.149610 -1.272514 0.000000
v 0.154697 -1.278173 0.000000
v 0.160470 -1.287768 0.052875
v 0.153775 -1.288549 0.000000
v 0.170031 -1.287663 0.081806
v 0.180001 -1.287656 0.094609
v 0.190000 -1.287656 0.102257
v 0.200000 -1.287656 0.108315
v 0.210000 -1.287656 0.111207
v 0.220000 -1.287656 0.107095
v 0.229999 -1.287656 0.099860
v 0.239978 -1.287656 0.089141
v 0.249681 -1.287656 0.066671
v 0.257281 -1.287656 0.000000
v 0.980577 -1.286979 0.000000
v 0.974683 -1.281570 0.000000
v 0.990039 -1.287609 0.069505
v 1.000001 -1.287655 0.090280
v 1.010000 -1.287656 0.100415
v 1.020000 -1.287656 0.107793
v 1.030000 -1.287656 0.114397
v 1.040000 -1.287656 0.120726
v 1.050000 -1.287656 0.126860
v 1.060000 -1.287656 0.131887
v 1.070000 -1.287656 0.132670
v 1.080000 -1.287656 0.128267
v 1.090000 -1.287656 0.122407
v 1.100000 -1.287656 0.116408
v 1.110000 -1.287656 0.110355
v 1.120000 -1.287656 0.104065
v 1.130000 -1.287656 0.097089
v 1.139997 -1.287660 0.087272
v 1.149951 -1.287732 0.070406
v 1.159256 -1.277112 0.000000
v 1.159592 -1.288294 0.051982
v 1.165380 -1.279204 0.000000
v 1.166671 -1.288846 0.000000
v 0.160471 -1.303248 0.052872
v 0.153775 -1.302467 0.000000
v 0.170031 -1.303353 0.081805
v 0.180001 -1.303359 0.094609
v 0.190000 -1.303359 0.102257
v 0.200000 -1.303359 0.108325
v 0.210000 -1.303359 0.111299
v 0.220000 -1.303359 0.107483
v 0.230000 -1.303360 0.100502
v 0.239996 -1.303361 0.090386
v 0.249920 -1.303411 0.069679
v 0.259145 -1.304096 0.000000
v 0.990039 -1.303407 0.070096
v 0.980574 -1.304046 0.000000
v 1.000001 -1.303361 0.090545
v 1.010000 -1.303359 0.100612
v 1.020000 -1.303359 0.107966
v 1.030000 -1.303359 0.114550
v 1.040000 -1.303359 0.120864
v 1.050000 -1.303359 0.127054
v 1.060000 -1.303359 0.132559
v 1.070000 -1.303359 0.134810
v 1.080000 -1.303359 0.131239
v 1.090000 -1.303359 0.125829
v 1.100000 -1.303359 0.120342
v 1.110000 -1.303359 0.114997
v 1.120000 -1.303359 0.109621
v 1.130000 -1.303359 0.104107
v 1.140000 -1.303360 0.097481
v 1.149995 -1.303365 0.087145
v 1.159919 -1.303453 0.067549
v 1.169169 -1.304176 0.000000
v 0.160884 -1.318324 0.000000
v 0.154700 -1.312843 0.000000
v 0.170083 -1.319011 0.069564
v 0.180004 -1.319061 0.090266
v 0.190000 -1.319062 0.100372
v 0.200000 -1.319062 0.107392
v 0.210000 -1.319062 0.111484
v 0.220000 -1.319062 0.109157
v 0.230000 -1.319062 0.103238
v 0.239999 -1.319063 0.095521
v 0.249969 -1.319069 0.082740
v 0.259532 -1.319182 0.054502
v 0.265304 -1.309586 0.000000
v 0.266243 -1.320046 0.000000
v 0.404607 -1.310594 0.000000
v 0.410000 -1.309482 0.000000
v 0.410000 -1.319062 0.026017
v 0.403899 -1.319062 0.000000
v 0.415393 -1.310594 0.000000
v 0.416101 -1.319062 0.000000
v 0.974652 -1.309582 0.000000
v 0.980444 -1.319180 0.054597
v 0.973715 -1.320049 0.000000
v 0.990029 -1.319069 0.082780
v 1.000001 -1.319063 0.095542
v 1.010000 -1.319062 0.103329
v 1.020000 -1.319062 0.109991
v 1.030000 -1.319062 0.116224
v 1.040000 -1.319062 0.122301
v 1.050000 -1.319062 0.128392
v 1.060000 -1.319062 0.134211
v 1.070000 -1.319062 0.137708
v 1.080000 -1.319062 0.135159
v 1.090000 -1.319062 0.130150
v 1.100000 -1.319062 0.124900
v 1.110000 -1.319062 0.119696
v 1.120000 -1.319062 0.114104
v 1.130000 -1.319062 0.108245
v 1.140000 -1.319062 0.101925
v 1.150000 -1.319063 0.094365
v 1.159992 -1.319072 0.082201
v 1.169875 -1.319215 0.055798
v 1.175939 -1.309657 0.000000
v 1.178985 -1.320496 0.000000
v 0.170371 -1.334761 0.066141
v 0.163143 -1.334697 0.000000
v 0.180025 -1.334766 0.088940
v 0.190001 -1.334766 0.099758
v 0.200000 -1.334766 0.107144
v 0.210000 -1.334766 0.112076
v 0.220000 -1.334766 0.111441
v 0.230000 -1.334766 0.106134
v 0.239999 -1.334766 0.098757
v 0.249972 -1.334766 0.087825
v 0.259575 -1.334774 0.064004
v 0.266417 -1.334857 0.000000
v 0.410000 -1.328643 0.000000
v 0.404607 -1.327531 0.000000
v 0.415393 -1.327531 0.000000
v 0.980373 -1.334778 0.064521
v 0.973162 -1.334925 0.000000
v 0.990025 -1.334766 0.088015
v 1.000001 -1.334766 0.098867
v 1.010000 -1.334766 0.106372
v 1.020000 -1.334766 0.112950
v 1.030000 -1.334766 0.119020
v 1.040000 -1.334766 0.124902
v 1.050000 -1.334766 0.130842
v 1.060000 -1.334766 0.136516
v 1.070000 -1.334766 0.139831
v 1.080000 -1.334766 0.137497
v 1.090000 -1.334766 0.132311
v 1.100000 -1.334766 0.126588
v 1.110000 -1.334766 0.120863
v 1.120000 -1.334766 0.114939
v 1.130000 -1.334766 0.108749
v 1.140000 -1.334766 0.102192
v 1.150000 -1.334766 0.094760
v 1.159996 -1.334762 0.083904
v 1.169941 -1.334699 0.063501
v 1.179484 -1.334304 0.040136
v 1.185255 -1.325242 0.000000
v 1.186051 -1.334634 0.000000
v 0.170419 -1.350469 0.065665
v 0.163526 -1.350465 0.000000
v 0.180027 -1.350469 0.088771
v 0.190001 -1.350469 0.099675
v 0.200000 -1.350469 0.107116
v 0.210000 -1.350469 0.112252
v 0.220000 -1.350469 0.112163
v 0.230000 -1.350469 0.106990
v 0.239999 -1.350469 0.099561
v 0.249973 -1.350469 0.088678
v 0.259577 -1.350469 0.065505
v 0.266434 -1.350473 0.000000
v 0.980083 -1.350520 0.069520
v 0.970885 -1.351211 0.000000
v 0.990004 -1.350471 0.090295
v 1.000000 -1.350469 0.100418
v 1.010000 -1.350469 0.107782
v 1.020000 -1.350469 0.114347
v 1.030000 -1.350469 0.120570
v 1.040000 -1.350469 0.126706
v 1.050000 -1.350469 0.132793
v 1.060000 -1.350469 0.137887
v 1.070000 -1.350469 0.139018
v 1.080000 -1.350469 0.135392
v 1.090000 -1.350469 0.130079
v 1.100000 -1.350469 0.124508
v 1.110000 -1.350469 0.118907
v 1.120000 -1.350469 0.113061
v 1.130000 -1.350469 0.106646
v 1.140000 -1.350469 0.099407
v 1.149997 -1.350467 0.089261
v 1.159949 -1.350423 0.068551
v 1.169595 -1.349840 0.000000
v 1.179245 -1.345322 0.000000
v 1.185294 -1.343360 0.000000
v 0.170423 -1.366172 0.065632
v 0.163563 -1.366172 0.000000
v 0.180027 -1.366172 0.088760
v 0.190001 -1.366172 0.099669
v 0.200000 -1.366172 0.107114
v 0.210000 -1.366172 0.112272
v 0.220000 -1.366172 0.112266
v 0.230000 -1.366172 0.107106
v 0.239999 -1.366172 0.099662
v 0.249973 -1.366172 0.088755
v 0.259577 -1.366172 0.065626
v 0.266435 -1.366172 0.000000
v 0.964698 -1.356695 0.000000
v 0.970469 -1.366291 0.054498
v 0.963757 -1.367155 0.000000
v 0.980031 -1.366178 0.082734
v 0.990001 -1.366172 0.095521
v 1.000000 -1.366172 0.103312
v 1.010000 -1.366172 0.109975
v 1.020000 -1.366172 0.116206
v 1.030000 -1.366172 0.122270
v 1.040000 -1.366172 0.128344
v 1.050000 -1.366172 0.134202
v 1.060000 -1.366172 0.138062
v 1.070000 -1.366172 0.136440
v 1.080000 -1.366172 0.131472
v 1.090000 -1.366172 0.125818
v 1.100000 -1.366172 0.120200
v 1.110000 -1.366172 0.114642
v 1.120000 -1.366172 0.108878
v 1.130000 -1.366172 0.102445
v 1.139999 -1.366172 0.094681
v 1.149970 -1.366160 0.081310
v 1.159576 -1.365998 0.054686
v 1.166709 -1.365133 0.000000
v 0.170423 -1.381875 0.065632
v 0.163563 -1.381875 0.000000
v 0.180027 -1.381875 0.088760
v 0.190001 -1.381875 0.099669
v 0.200000 -1.381875 0.107114
v 0.210000 -1.381875 0.112274
v 0.220000 -1.381875 0.112273
v 0.230000 -1.381875 0.107114
v 0.239999 -1.381875 0.099669
v 0.249973 -1.381875 0.088759
v 0.259577 -1.381875 0.065631
v 0.266435 -1.381875 0.000000
v 0.970425 -1.381883 0.064004
v 0.963583 -1.381966 0.000000
v 0.980028 -1.381875 0.087826
v 0.990001 -1.381875 0.098768
v 1.000000 -1.381875 0.106303
v 1.010000 -1.381875 0.112897
v 1.020000 -1.381875 0.118976
v 1.030000 -1.381875 0.124858
v 1.040000 -1.381875 0.130743
v 1.050000 -1.381875 0.136022
v 1.060000 -1.381875 0.138036
v 1.070000 -1.381875 0.134310
v 1.080000 -1.381875 0.128480
v 1.090000 -1.381875 0.122418
v 1.100000 -1.381875 0.116389
v 1.110000 -1.381875 0.110293
v 1.120000 -1.381875 0.103874
v 1.130000 -1.381875 0.096370
v 1.139993 -1.381867 0.084364
v 1.149876 -1.381721 0.058618
v 1.158991 -1.380397 0.000000
v 1.165344 -1.375542 0.000000
v 0.170419 -1.397578 0.065666
v 0.163526 -1.397582 0.000000
v 0.180027 -1.397578 0.088771
v 0.190001 -1.397578 0.099675
v 0.200000 -1.397578 0.107118
v 0.210000 -1.397578 0.112277
v 0.220000 -1.397578 0.112274
v 0.230000 -1.397578 0.107114
v 0.239999 -1.397578 0.099669
v 0.249973 -1.397578 0.088760
v 0.259577 -1.397578 0.065632
v 0.266437 -1.397578 0.000000
v 0.970423 -1.397578 0.065505
v 0.963566 -1.397583 0.000000
v 0.980027 -1.397578 0.088679
v 0.990001 -1.397578 0.099574
v 1.000000 -1.397578 0.107191
v 1.010000 -1.397578 0.113882
v 1.020000 -1.397578 0.120182
v 1.030000 -1.397578 0.126366
v 1.040000 -1.397578 0.132469
v 1.050000 -1.397578 0.137450
v 1.060000 -1.397578 0.137969
v 1.070000 -1.397578 0.133272
v 1.080000 -1.397578 0.127118
v 1.090000 -1.397578 0.120843
v 1.100000 -1.397578 0.114520
v 1.110000 -1.397578 0.107941
v 1.120000 -1.397578 0.100591
v 1.129996 -1.397576 0.090474
v 1.139921 -1.397527 0.069836
v 1.149183 -1.396836 0.000000
v 1.155941 -1.391283 0.000000
v 0.170371 -1.413286 0.066146
v 0.163143 -1.413349 0.000000
v 0.180025 -1.413281 0.088948
v 0.190001 -1.413281 0.099768
v 0.200000 -1.413281 0.107182
v 0.210000 -1.413281 0.112320
v 0.220000 -1.413281 0.112285
v 0.230000 -1.413281 0.107119
v 0.239999 -1.413281 0.099675
v 0.249973 -1.413281 0.088771
v 0.259580 -1.413281 0.065666
v 0.266474 -1.413285 0.000000
v 0.970423 -1.413281 0.065626
v 0.963565 -1.413281 0.000000
v 0.980027 -1.413281 0.088756
v 0.990001 -1.413281 0.099675
v 1.000000 -1.413281 0.107311
v 1.010000 -1.413281 0.114030
v 1.020000 -1.413281 0.120421
v 1.030000 -1.413281 0.126729
v 1.040000 -1.413281 0.132931
v 1.050000 -1.413281 0.137860
v 1.060000 -1.413281 0.137930
v 1.070000 -1.413281 0.133027
v 1.080000 -1.413281 0.126814
v 1.090000 -1.413281 0.120491
v 1.100000 -1.413281 0.114096
v 1.110000 -1.413281 0.107390
v 1.119999 -1.413281 0.099785
v 1.129975 -1.413281 0.088954
v 1.139629 -1.413277 0.066157
v 1.146860 -1.413213 0.000000
v 0.170082 -1.429036 0.069657
v 0.160880 -1.429723 0.000000
v 0.180004 -1.428986 0.090381
v 0.190000 -1.428984 0.100518
v 0.200000 -1.428984 0.107702
v 0.210000 -1.428984 0.112678
v 0.220000 -1.428984 0.112410
v 0.230000 -1.428984 0.107191
v 0.239999 -1.428984 0.099768
v 0.249975 -1.428985 0.088948
v 0.259629 -1.428989 0.066145
v 0.266857 -1.429053 0.000000
v 0.563965 -1.420659 0.000000
v 0.570626 -1.419180 0.000000
v 0.570076 -1.429721 0.056298
v 0.560470 -1.430372 0.000000
v 0.580058 -1.418909 0.000000
v 0.580005 -1.429652 0.068752
v 0.590003 -1.418881 0.000000
v 0.590000 -1.429648 0.071928
v 0.600000 -1.418880 0.000000
v 0.600000 -1.429648 0.072441
v 0.610000 -1.418880 0.000000
v 0.610000 -1.429648 0.072492
v 0.620000 -1.418880 0.000000
v 0.620000 -1.429648 0.072495
v 0.630000 -1.418880 0.000000
v 0.630000 -1.429648 0.072495
v 0.640000 -1.418880 0.000000
v 0.640000 -1.429648 0.072495
v 0.650000 -1.418880 0.000000
v 0.650000 -1.429648 0.072495
v 0.660000 -1.418880 0.000000
v 0.660000 -1.429648 0.072495
v 0.670000 -1.418880 0.000000
v 0.670000 -1.429648 0.072495
v 0.680000 -1.418880 0.000000
v 0.680000 -1.429648 0.072494
v 0.690000 -1.418880 0.000000
v 0.690000 -1.429648 0.072492
v 0.700000 -1.418880 0.000000
v 0.700000 -1.429648 0.072480
v 0.710000 -1.418880 0.000000
v 0.710000 -1.429648 0.072454
v 0.720000 -1.418880 0.000000
v 0.720000 -1.429648 0.072359
v 0.730000 -1.418880 0.000000
v 0.730000 -1.429648 0.072102
v 0.739997 -1.418881 0.000000
v 0.739999 -1.429648 0.071169
v 0.749936 -1.418908 0.000000
v 0.749970 -1.429651 0.066872
v 0.759280 -1.419178 0.000000
v 0.759542 -1.429703 0.050972
v 0.765324 -1.420624 0.000000
v 0.766244 -1.430111 0.000000
v 0.970423 -1.428984 0.065631
v 0.963565 -1.428984 0.000000
v 0.980027 -1.428984 0.088760
v 0.990001 -1.428984 0.099682
v 1.000000 -1.428984 0.107320
v 1.010000 -1.428984 0.114042
v 1.020000 -1.428984 0.120446
v 1.030000 -1.428984 0.126773
v 1.040000 -1.428984 0.132991
v 1.050000 -1.428984 0.137917
v 1.060000 -1.428984 0.137922
v 1.070000 -1.428984 0.132997
v 1.080000 -1.428984 0.126778
v 1.090000 -1.428984 0.120450
v 1.100000 -1.428984 0.114046
v 1.110000 -1.428984 0.107324
v 1.119999 -1.428984 0.099689
v 1.129973 -1.428984 0.088771
v 1.139581 -1.428984 0.065666
v 1.146474 -1.428981 0.000000
v 1.204699 -1.420475 0.000000
v 1.210666 -1.419140 0.000000
v 1.210488 -1.428988 0.034642
v 1.203946 -1.428985 0.000000
v 1.219438 -1.419149 0.000000
v 1.219957 -1.429056 0.034155
v 1.226039 -1.420576 0.000000
v 1.229528 -1.429697 0.000000
v 0.154640 -1.435216 0.000000
v 0.160417 -1.444811 0.055013
v 0.153334 -1.445738 0.000000
v 0.170028 -1.444694 0.082927
v 0.180001 -1.444688 0.095624
v 0.190000 -1.444687 0.103371
v 0.200000 -1.444688 0.109792
v 0.210000 -1.444688 0.114199
v 0.220000 -1.444688 0.113141
v 0.230000 -1.444688 0.107756
v 0.240000 -1.444688 0.100517
v 0.249996 -1.444690 0.090375
v 0.259917 -1.444739 0.069646
v 0.269116 -1.445426 0.000000
v 0.523965 -1.436362 0.000000
v 0.530626 -1.434880 0.000000
v 0.530076 -1.445424 0.056298
v 0.520470 -1.446075 0.000000
v 0.540060 -1.434551 0.000000
v 0.540005 -1.445350 0.068772
v 0.550047 -1.433922 0.000000
v 0.550003 -1.445270 0.072269
v 0.560033 -1.444817 0.075295
v 0.570004 -1.444736 0.086395
v 0.580000 -1.444731 0.093458
v 0.590000 -1.444731 0.097044
v 0.600000 -1.444731 0.098258
v 0.610000 -1.444731 0.098486
v 0.620000 -1.444731 0.098508
v 0.630000 -1.444731 0.098510
v 0.640000 -1.444731 0.098510
v 0.650000 -1.444731 0.098510
v 0.660000 -1.444731 0.098509
v 0.670000 -1.444731 0.098506
v 0.680000 -1.444731 0.098493
v 0.690000 -1.444731 0.098446
v 0.700000 -1.444731 0.098285
v 0.710000 -1.444731 0.097989
v 0.720000 -1.444731 0.097227
v 0.730000 -1.444731 0.095683
v 0.739999 -1.444731 0.092496
v 0.749972 -1.444730 0.084006
v 0.759572 -1.444725 0.061857
v 0.766398 -1.444696 0.000000
v 0.970423 -1.444687 0.065631
v 0.963565 -1.444688 0.000000
v 0.980027 -1.444687 0.088760
v 0.990001 -1.444687 0.099682
v 1.000000 -1.444687 0.107320
v 1.010000 -1.444687 0.114042
v 1.020000 -1.444687 0.120447
v 1.030000 -1.444687 0.126776
v 1.040000 -1.444687 0.132995
v 1.050000 -1.444687 0.137920
v 1.060000 -1.444687 0.137916
v 1.070000 -1.444687 0.132991
v 1.080000 -1.444687 0.126773
v 1.090000 -1.444687 0.120446
v 1.100000 -1.444687 0.114042
v 1.110000 -1.444687 0.107320
v 1.119999 -1.444687 0.099682
v 1.129973 -1.444687 0.088760
v 1.139577 -1.444688 0.065632
v 1.146437 -1.444688 0.000000
v 1.210723 -1.438857 0.000000
v 1.204704 -1.437496 0.000000
v 1.220058 -1.439130 0.000000
v 1.229956 -1.439276 0.000000
v 1.239888 -1.433057 0.000000
v 1.239928 -1.439846 0.000000
v 1.249220 -1.433820 0.000000
v 1.249222 -1.439783 0.000000
v 1.255024 -1.434671 0.000000
v 1.255024 -1.438996 0.000000
v 0.160085 -1.460449 0.068021
v 0.150898 -1.461198 0.000000
v 0.170004 -1.460393 0.089434
v 0.180000 -1.460391 0.099603
v 0.190000 -1.460391 0.106866
v 0.200000 -1.460391 0.113070
v 0.210000 -1.460391 0.117043
v 0.220000 -1.460391 0.115249
v 0.230000 -1.460391 0.109888
v 0.240000 -1.460391 0.103318
v 0.249999 -1.460391 0.095531
v 0.259969 -1.460397 0.082750
v 0.269534 -1.460510 0.054537
v 0.275305 -1.450914 0.000000
v 0.276285 -1.461377 0.000000
v 0.473965 -1.452065 0.000000
v 0.480626 -1.450586 0.000000
v 0.480076 -1.461127 0.056295
v 0.470470 -1.461779 0.000000
v 0.490058 -1.450312 0.000000
v 0.490005 -1.461058 0.068746
v 0.500005 -1.450226 0.000000
v 0.500000 -1.461049 0.071937
v 0.510044 -1.449624 0.000000
v 0.510003 -1.460973 0.072764
v 0.520033 -1.460520 0.075326
v 0.530004 -1.460440 0.086378
v 0.540000 -1.460434 0.093444
v 0.550000 -1.460429 0.097096
v 0.560001 -1.460397 0.098955
v 0.570000 -1.460392 0.102130
v 0.580000 -1.460392 0.105587
v 0.590000 -1.460392 0.108926
v 0.600000 -1.460392 0.111007
v 0.610000 -1.460392 0.111646
v 0.620000 -1.460392 0.111745
v 0.630000 -1.460392 0.111753
v 0.640000 -1.460392 0.111753
v 0.650000 -1.460392 0.111753
v 0.660000 -1.460392 0.111745
v 0.670000 -1.460392 0.111694
v 0.680000 -1.460392 0.111530
v 0.690000 -1.460392 0.111082
v 0.700000 -1.460392 0.109921
v 0.710000 -1.460392 0.108175
v 0.720000 -1.460392 0.105106
v 0.730000 -1.460392 0.100380
v 0.739999 -1.460392 0.093777
v 0.749967 -1.460380 0.080778
v 0.759521 -1.460222 0.053948
v 0.766241 -1.459404 0.000000
v 0.970423 -1.460391 0.065631
v 0.963565 -1.460391 0.000000
v 0.980027 -1.460391 0.088760
v 0.990001 -1.460391 0.099682
v 1.000000 -1.460391 0.107320
v 1.010000 -1.460391 0.114042
v 1.020000 -1.460391 0.120447
v 1.030000 -1.460391 0.126776
v 1.040000 -1.460391 0.132994
v 1.050000 -1.460391 0.137908
v 1.060000 -1.460391 0.137855
v 1.070000 -1.460391 0.132930
v 1.080000 -1.460391 0.126729
v 1.090000 -1.460391 0.120421
v 1.100000 -1.460391 0.114030
v 1.110000 -1.460391 0.107311
v 1.119999 -1.460391 0.099675
v 1.129973 -1.460391 0.088756
v 1.139577 -1.460391 0.065626
v 1.146435 -1.460391 0.000000
v 0.144699 -1.466622 0.000000
v 0.150470 -1.476215 0.054348
v 0.143758 -1.477073 0.000000
v 0.160031 -1.476100 0.082527
v 0.170001 -1.476094 0.095332
v 0.180000 -1.476094 0.103076
v 0.190000 -1.476094 0.109691
v 0.200000 -1.476094 0.115614
v 0.210000 -1.476094 0.119582
v 0.220000 -1.476094 0.117992
v 0.230000 -1.476094 0.112829
v 0.240000 -1.476094 0.106356
v 0.249999 -1.476094 0.098863
v 0.259975 -1.476094 0.088022
v 0.269629 -1.476105 0.064609
v 0.276885 -1.476233 0.000000
v 0.433965 -1.467768 0.000000
v 0.440626 -1.466287 0.000000
v 0.440076 -1.476830 0.056282
v 0.430470 -1.477482 0.000000
v 0.450060 -1.465957 0.000000
v 0.450005 -1.476756 0.068748
v 0.460046 -1.465328 0.000000
v 0.460003 -1.476677 0.072236
v 0.470033 -1.476223 0.075251
v 0.480004 -1.476143 0.086328
v 0.490000 -1.476137 0.093338
v 0.500000 -1.476137 0.096847
v 0.510000 -1.476132 0.098041
v 0.520001 -1.476100 0.098882
v 0.530000 -1.476095 0.101858
v 0.540000 -1.476095 0.105313
v 0.550000 -1.476095 0.108698
v 0.560000 -1.476094 0.111012
v 0.570000 -1.476094 0.112667
v 0.580000 -1.476094 0.114807
v 0.590000 -1.476094 0.117580
v 0.600000 -1.476094 0.120127
v 0.610000 -1.476094 0.121301
v 0.620000 -1.476094 0.121555
v 0.630000 -1.476094 0.121584
v 0.640000 -1.476094 0.121585
v 0.650000 -1.476094 0.121578
v 0.660000 -1.476094 0.121505
v 0.670000 -1.476094 0.121126
v 0.680000 -1.476094 0.120089
v 0.690000 -1.476094 0.117990
v 0.700000 -1.476094 0.113960
v 0.710000 -1.476094 0.109062
v 0.720000 -1.476094 0.103332
v 0.730000 -1.476094 0.096126
v 0.739993 -1.476086 0.084289
v 0.749876 -1.475940 0.058587
v 0.758987 -1.474616 0.000000
v 0.765282 -1.469765 0.000000
v 0.970423 -1.476094 0.065631
v 0.963565 -1.476094 0.000000
v 0.980027 -1.476094 0.088760
v 0.990001 -1.476094 0.099682
v 1.000000 -1.476094 0.107320
v 1.010000 -1.476094 0.114042
v 1.020000 -1.476094 0.120447
v 1.030000 -1.476094 0.126775
v 1.040000 -1.476094 0.132981
v 1.050000 -1.476094 0.137792
v 1.060000 -1.476094 0.137409
v 1.070000 -1.476094 0.132464
v 1.080000 -1.476094 0.126366
v 1.090000 -1.476094 0.120182
v 1.100000 -1.476094 0.113881
v 1.110000 -1.476094 0.107191
v 1.119999 -1.476094 0.099574
v 1.129973 -1.476094 0.088679
v 1.139577 -1.476094 0.065505
v 1.146434 -1.476089 0.000000
v 0.150428 -1.491795 0.062357
v 0.143602 -1.491797 0.000000
v 0.160028 -1.491797 0.086761
v 0.170001 -1.491797 0.097764
v 0.180000 -1.491797 0.105174
v 0.190000 -1.491797 0.111642
v 0.200000 -1.491797 0.117265
v 0.210000 -1.491797 0.120948
v 0.220000 -1.491797 0.119347
v 0.230000 -1.491797 0.114086
v 0.240000 -1.491797 0.107650
v 0.250000 -1.491797 0.100359
v 0.259997 -1.491798 0.090410
v 0.269953 -1.491833 0.070510
v 0.279656 -1.492340 0.000000
v 0.363965 -1.483471 0.000000
v 0.370626 -1.481993 0.000000
v 0.370076 -1.492533 0.056200
v 0.360470 -1.493185 0.000000
v 0.380058 -1.481721 0.000000
v 0.380005 -1.492465 0.068573
v 0.390003 -1.481694 0.000000
v 0.390000 -1.492461 0.071647
v 0.400000 -1.481689 0.000000
v 0.400000 -1.492461 0.072094
v 0.410002 -1.481631 0.000000
v 0.410000 -1.492456 0.072159
v 0.420043 -1.481030 0.000000
v 0.420003 -1.492380 0.072524
v 0.430033 -1.491927 0.075102
v 0.440004 -1.491846 0.086129
v 0.450000 -1.491840 0.093072
v 0.460000 -1.491836 0.096596
v 0.470001 -1.491803 0.098326
v 0.480000 -1.491798 0.101300
v 0.490000 -1.491798 0.104358
v 0.500000 -1.491798 0.107108
v 0.510000 -1.491798 0.108590
v 0.520000 -1.491797 0.109197
v 0.530000 -1.491797 0.110377
v 0.540000 -1.491797 0.112602
v 0.550000 -1.491797 0.115591
v 0.560000 -1.491797 0.118353
v 0.570000 -1.491797 0.119905
v 0.580000 -1.491797 0.121357
v 0.590000 -1.491797 0.123284
v 0.600000 -1.491797 0.125413
v 0.610000 -1.491797 0.126816
v 0.620000 -1.491797 0.127202
v 0.630000 -1.491797 0.127255
v 0.640000 -1.491797 0.127256
v 0.650000 -1.491797 0.127224
v 0.660000 -1.491797 0.126961
v 0.670000 -1.491797 0.125772
v 0.680000 -1.491797 0.122890
v 0.690000 -1.491797 0.118615
v 0.700000 -1.491797 0.113134
v 0.710000 -1.491797 0.107121
v 0.720000 -1.491797 0.100165
v 0.729996 -1.491795 0.090167
v 0.739921 -1.491744 0.069674
v 0.749182 -1.491051 0.000000
v 0.755941 -1.485502 0.000000
v 0.970423 -1.491797 0.065631
v 0.963565 -1.491797 0.000000
v 0.980027 -1.491797 0.088760
v 0.990001 -1.491797 0.099682
v 1.000000 -1.491797 0.107320
v 1.010000 -1.491797 0.114042
v 1.020000 -1.491797 0.120447
v 1.030000 -1.491797 0.126771
v 1.040000 -1.491797 0.132917
v 1.050000 -1.491797 0.137330
v 1.060000 -1.491797 0.135850
v 1.070000 -1.491797 0.130720
v 1.080000 -1.491797 0.124857
v 1.090000 -1.491797 0.118976
v 1.100000 -1.491797 0.112896
v 1.110000 -1.491797 0.106303
v 1.119999 -1.491797 0.098768
v 1.129972 -1.491797 0.087826
v 1.139575 -1.491789 0.064004
v 1.146416 -1.491706 0.000000
v 0.150479 -1.507329 0.053983
v 0.143759 -1.506514 0.000000
v 0.160034 -1.507486 0.081024
v 0.170001 -1.507500 0.094356
v 0.180000 -1.507500 0.102173
v 0.190000 -1.507500 0.108574
v 0.200000 -1.507500 0.114152
v 0.210000 -1.507500 0.118436
v 0.220000 -1.507500 0.118967
v 0.230000 -1.507500 0.114709
v 0.240000 -1.507500 0.108913
v 0.250000 -1.507500 0.102753
v 0.260000 -1.507500 0.096107
v 0.269997 -1.507504 0.087390
v 0.279977 -1.507572 0.074820
v 0.289970 -1.496660 0.000000
v 0.289998 -1.508077 0.071955
v 0.299999 -1.497331 0.000000
v 0.300000 -1.508157 0.071610
v 0.310000 -1.497392 0.000000
v 0.310000 -1.508162 0.071589
v 0.320000 -1.497395 0.000000
v 0.320000 -1.508163 0.071588
v 0.330000 -1.497392 0.000000
v 0.330000 -1.508162 0.071589
v 0.340002 -1.497334 0.000000
v 0.340000 -1.508157 0.071609
v 0.350044 -1.496733 0.000000
v 0.350003 -1.508081 0.071923
v 0.360033 -1.507628 0.074380
v 0.370004 -1.507548 0.085154
v 0.380000 -1.507542 0.091625
v 0.390000 -1.507542 0.094468
v 0.400000 -1.507542 0.095177
v 0.410000 -1.507543 0.095359
v 0.420000 -1.507539 0.095859
v 0.430001 -1.507506 0.096989
v 0.440000 -1.507502 0.099768
v 0.450000 -1.507501 0.102287
v 0.460000 -1.507501 0.104611
v 0.470000 -1.507499 0.106069
v 0.480000 -1.507499 0.106880
v 0.490000 -1.507499 0.107640
v 0.500000 -1.507499 0.108422
v 0.510000 -1.507499 0.108896
v 0.520000 -1.507500 0.109238
v 0.530000 -1.507500 0.110380
v 0.540000 -1.507500 0.112602
v 0.550000 -1.507500 0.115578
v 0.560000 -1.507500 0.118244
v 0.570000 -1.507500 0.119376
v 0.580000 -1.507500 0.119895
v 0.590000 -1.507500 0.120427
v 0.600000 -1.507500 0.121033
v 0.610000 -1.507500 0.121466
v 0.620000 -1.507500 0.121573
v 0.630000 -1.507500 0.121585
v 0.640000 -1.507500 0.121585
v 0.650000 -1.507500 0.121574
v 0.660000 -1.507500 0.121454
v 0.670000 -1.507500 0.120730
v 0.680000 -1.507500 0.118411
v 0.690000 -1.507500 0.114326
v 0.700000 -1.507500 0.109240
v 0.710000 -1.507500 0.103692
v 0.719999 -1.507500 0.096858
v 0.729975 -1.507496 0.085827
v 0.739627 -1.507453 0.064076
v 0.746842 -1.507332 0.000000
v 0.970423 -1.507500 0.065631
v 0.963565 -1.507500 0.000000
v 0.980027 -1.507500 0.088760
v 0.990001 -1.507500 0.099682
v 1.000000 -1.507500 0.107320
v 1.010000 -1.507500 0.114042
v 1.020000 -1.507500 0.120447
v 1.030000 -1.507500 0.126765
v 1.040000 -1.507500 0.132833
v 1.050000 -1.507500 0.136745
v 1.060000 -1.507500 0.133950
v 1.070000 -1.507500 0.128316
v 1.080000 -1.507500 0.122268
v 1.090000 -1.507500 0.116206
v 1.100000 -1.507500 0.109975
v 1.110000 -1.507500 0.103312
v 1.119999 -1.507500 0.095521
v 1.129969 -1.507494 0.082734
v 1.139531 -1.507381 0.054498
v 1.146243 -1.506517 0.000000
v 0.151014 -1.521719 0.000000
v 0.144718 -1.516874 0.000000
v 0.160134 -1.522998 0.058213
v 0.170010 -1.523188 0.082717
v 0.180000 -1.523203 0.095297
v 0.190000 -1.523203 0.102840
v 0.200000 -1.523203 0.108973
v 0.210000 -1.523203 0.114077
v 0.220000 -1.523203 0.116521
v 0.230000 -1.523203 0.113357
v 0.240000 -1.523203 0.108268
v 0.250000 -1.523203 0.103105
v 0.260000 -1.523203 0.098270
v 0.269999 -1.523199 0.093630
v 0.279999 -1.523169 0.090848
v 0.290000 -1.523199 0.090342
v 0.300000 -1.523203 0.090300
v 0.310000 -1.523203 0.090299
v 0.320000 -1.523203 0.090299
v 0.330000 -1.523203 0.090299
v 0.340000 -1.523203 0.090300
v 0.350000 -1.523199 0.090338
v 0.360001 -1.523166 0.090758
v 0.370000 -1.523162 0.092763
v 0.380000 -1.523162 0.094224
v 0.390000 -1.523162 0.095056
v 0.400000 -1.523166 0.095314
v 0.410001 -1.523199 0.095937
v 0.420000 -1.523203 0.098622
v 0.430000 -1.523202 0.100986
v 0.440000 -1.523202 0.101436
v 0.450000 -1.523201 0.099870
v 0.459999 -1.523197 0.097970
v 0.470000 -1.523164 0.097824
v 0.480000 -1.523160 0.097910
v 0.490000 -1.523160 0.098006
v 0.500000 -1.523160 0.098115
v 0.510000 -1.523165 0.098243
v 0.520001 -1.523197 0.098900
v 0.530000 -1.523201 0.101858
v 0.540000 -1.523202 0.105311
v 0.550000 -1.523202 0.108672
v 0.560000 -1.523202 0.110766
v 0.570000 -1.523202 0.111391
v 0.580000 -1.523202 0.111525
v 0.590000 -1.523202 0.111598
v 0.600000 -1.523202 0.111679
v 0.610000 -1.523202 0.111740
v 0.620000 -1.523202 0.111752
v 0.630000 -1.523202 0.111753
v 0.640000 -1.523202 0.111753
v 0.650000 -1.523202 0.111752
v 0.660000 -1.523202 0.111729
v 0.670000 -1.523202 0.111521
v 0.680000 -1.523202 0.110514
v 0.690000 -1.523202 0.107790
v 0.700000 -1.523202 0.103141
v 0.710000 -1.523202 0.096681
v 0.719997 -1.523198 0.087026
v 0.729947 -1.523124 0.070210
v 0.739544 -1.522570 0.051502
v 0.746284 -1.522077 0.000000
v 0.970423 -1.523203 0.065631
v 0.963565 -1.523203 0.000000
v 0.980027 -1.523203 0.088760
v 0.990001 -1.523203 0.099682
v 1.000000 -1.523203 0.107320
v 1.010000 -1.523203 0.114042
v 1.020000 -1.523203 0.120446
v 1.030000 -1.523203 0.126750
v 1.040000 -1.523203 0.132685
v 1.050000 -1.523203 0.136043
v 1.060000 -1.523203 0.132530
v 1.070000 -1.523203 0.126686
v 1.080000 -1.523203 0.120569
v 1.090000 -1.523203 0.114347
v 1.100000 -1.523203 0.107782
v 1.110000 -1.523203 0.100418
v 1.119996 -1.523201 0.090295
v 1.129918 -1.523152 0.069520
v 1.139115 -1.522461 0.000000
v 1.145302 -1.516976 0.000000
v 0.160947 -1.537419 0.000000
v 0.154079 -1.532509 0.000000
v 0.170131 -1.538701 0.058407
v 0.180010 -1.538891 0.082823
v 0.190000 -1.538906 0.095368
v 0.200000 -1.538906 0.102859
v 0.210000 -1.538906 0.108716
v 0.220000 -1.538906 0.112061
v 0.230000 -1.538906 0.109479
v 0.240000 -1.538906 0.103834
v 0.250000 -1.538906 0.097039
v 0.259997 -1.538902 0.088047
v 0.269977 -1.538833 0.075110
v 0.279998 -1.538328 0.071995
v 0.290000 -1.538249 0.071612
v 0.300000 -1.538244 0.071589
v 0.310000 -1.538244 0.071588
v 0.320000 -1.538244 0.071588
v 0.330000 -1.538244 0.071588
v 0.340000 -1.538244 0.071588
v 0.350000 -1.538244 0.071590
v 0.360000 -1.538242 0.071622
v 0.370000 -1.538242 0.071819
v 0.380000 -1.538242 0.071995
v 0.390000 -1.538248 0.072129
v 0.400003 -1.538324 0.072471
v 0.410033 -1.538777 0.074974
v 0.420004 -1.538857 0.085889
v 0.430000 -1.538863 0.092034
v 0.440000 -1.538863 0.092079
v 0.449996 -1.538857 0.086029
v 0.459967 -1.538777 0.075220
v 0.469997 -1.538324 0.072781
v 0.480000 -1.538248 0.072476
v 0.490000 -1.538243 0.072463
v 0.500000 -1.538247 0.072490
v 0.510003 -1.538324 0.072815
v 0.520033 -1.538777 0.075328
v 0.530004 -1.538857 0.086378
v 0.540000 -1.538863 0.093440
v 0.550000 -1.538863 0.097026
v 0.560000 -1.538863 0.098242
v 0.570000 -1.538863 0.098468
v 0.580000 -1.538863 0.098493
v 0.590000 -1.538863 0.098499
v 0.600000 -1.538863 0.098505
v 0.610000 -1.538863 0.098509
v 0.620000 -1.538863 0.098510
v 0.630000 -1.538863 0.098510
v 0.640000 -1.538863 0.098510
v 0.650000 -1.538863 0.098510
v 0.660000 -1.538863 0.098508
v 0.670000 -1.538863 0.098478
v 0.680000 -1.538863 0.098252
v 0.690000 -1.538863 0.097275
v 0.700000 -1.538863 0.094402
v 0.709997 -1.538862 0.086891
v 0.719950 -1.538823 0.068427
v 0.729595 -1.538270 0.000000
v 0.739249 -1.533744 0.000000
v 0.745325 -1.531660 0.000000
v 0.970423 -1.538906 0.065631
v 0.963565 -1.538906 0.000000
v 0.980027 -1.538906 0.088760
v 0.990001 -1.538906 0.099682
v 1.000000 -1.538906 0.107320
v 1.010000 -1.538906 0.114042
v 1.020000 -1.538906 0.120442
v 1.030000 -1.538906 0.126686
v 1.040000 -1.538906 0.132223
v 1.050000 -1.538906 0.134435
v 1.060000 -1.538906 0.130566
v 1.070000 -1.538906 0.124883
v 1.080000 -1.538906 0.119019
v 1.090000 -1.538906 0.112950
v 1.100000 -1.538906 0.106372
v 1.109999 -1.538906 0.098867
v 1.119975 -1.538906 0.088014
v 1.129627 -1.538894 0.064519
v 1.136838 -1.538747 0.000000
v 0.170947 -1.553122 0.000000
v 0.164074 -1.548212 0.000000
v 0.180131 -1.554404 0.058414
v 0.190010 -1.554594 0.082827
v 0.200000 -1.554609 0.095357
v 0.210000 -1.554609 0.102668
v 0.220000 -1.554609 0.107201
v 0.230000 -1.554609 0.106327
v 0.240000 -1.554609 0.100411
v 0.249997 -1.554608 0.090581
v 0.259953 -1.554573 0.070693
v 0.269656 -1.554070 0.000000
v 0.279970 -1.549747 0.000000
v 0.289999 -1.549076 0.000000
v 0.300000 -1.549014 0.000000
v 0.310000 -1.549011 0.000000
v 0.320000 -1.549011 0.000000
v 0.330000 -1.549011 0.000000
v 0.340000 -1.549011 0.000000
v 0.350000 -1.549011 0.000000
v 0.360000 -1.549011 0.000000
v 0.370000 -1.549011 0.000000
v 0.380000 -1.549014 0.000000
v 0.390002 -1.549072 0.000000
v 0.400043 -1.549673 0.000000
v 0.410470 -1.553221 0.000000
v 0.420076 -1.553873 0.056233
v 0.430005 -1.553941 0.068218
v 0.439995 -1.553941 0.068220
v 0.449924 -1.553873 0.056242
v 0.459530 -1.553221 0.000000
v 0.469957 -1.549673 0.000000
v 0.479998 -1.549073 0.000000
v 0.490000 -1.549017 0.000000
v 0.500002 -1.549072 0.000000
v 0.510044 -1.549673 0.000000
v 0.520470 -1.553221 0.000000
v 0.530076 -1.553873 0.056297
v 0.540005 -1.553941 0.068751
v 0.550000 -1.553945 0.071928
v 0.560000 -1.553945 0.072440
v 0.570000 -1.553945 0.072491
v 0.580000 -1.553945 0.072494
v 0.590000 -1.553945 0.072494
v 0.600000 -1.553945 0.072494
v 0.610000 -1.553945 0.072495
v 0.620000 -1.553945 0.072495
v 0.630000 -1.553945 0.072495
v 0.640000 -1.553945 0.072495
v 0.650000 -1.553945 0.072495
v 0.660000 -1.553945 0.072495
v 0.670000 -1.553945 0.072493
v 0.680000 -1.553945 0.072467
v 0.690000 -1.553945 0.072289
v 0.699999 -1.553945 0.071385
v 0.709973 -1.553942 0.067161
v 0.719597 -1.553887 0.051697
v 0.726713 -1.553430 0.000000
v 0.970423 -1.554609 0.065631
v 0.963565 -1.554609 0.000000
v 0.980027 -1.554609 0.088760
v 0.990001 -1.554609 0.099682
v 1.000000 -1.554609 0.107320
v 1.010000 -1.554609 0.114042
v 1.020000 -1.554609 0.120437
v 1.030000 -1.554609 0.126615
v 1.040000 -1.554609 0.131698
v 1.050000 -1.554609 0.132589
v 1.060000 -1.554609 0.128179
v 1.070000 -1.554609 0.122285
v 1.080000 -1.554609 0.116220
v 1.090000 -1.554609 0.109987
v 1.100000 -1.554609 0.103324
v 1.109999 -1.554609 0.095532
v 1.119969 -1.554603 0.082750
v 1.129534 -1.554490 0.054533
v 1.136282 -1.553622 0.000000
v 0.180947 -1.568825 0.000000
v 0.174074 -1.563915 0.000000
v 0.190131 -1.570107 0.058415
v 0.200009 -1.570299 0.082842
v 0.210000 -1.570312 0.095393
v 0.220000 -1.570312 0.102002
v 0.230000 -1.570312 0.103960
v 0.239999 -1.570312 0.099239
v 0.249975 -1.570312 0.088904
v 0.259632 -1.570310 0.066231
v 0.266903 -1.570265 0.000000
v 0.420626 -1.564414 0.000000
v 0.413965 -1.562935 0.000000
v 0.430055 -1.564684 0.000000
v 0.439945 -1.564684 0.000000
v 0.449374 -1.564414 0.000000
v 0.456035 -1.562935 0.000000
v 0.530626 -1.564414 0.000000
v 0.523965 -1.562935 0.000000
v 0.540058 -1.564685 0.000000
v 0.550003 -1.564713 0.000000
v 0.560000 -1.564714 0.000000
v 0.570000 -1.564714 0.000000
v 0.580000 -1.564714 0.000000
v 0.590000 -1.564714 0.000000
v 0.600000 -1.564714 0.000000
v 0.610000 -1.564714 0.000000
v 0.620000 -1.564714 0.000000
v 0.630000 -1.564714 0.000000
v 0.640000 -1.564714 0.000000
v 0.650000 -1.564714 0.000000
v 0.660000 -1.564714 0.000000
v 0.670000 -1.564714 0.000000
v 0.680000 -1.564714 0.000000
v 0.690000 -1.564714 0.000000
v 0.699997 -1.564713 0.000000
v 0.709937 -1.564685 0.000000
v 0.719285 -1.564416 0.000000
v 0.725386 -1.562966 0.000000
v 0.970423 -1.570312 0.065631
v 0.963565 -1.570312 0.000000
v 0.980027 -1.570312 0.088760
v 0.990001 -1.570312 0.099682
v 1.000000 -1.570312 0.107320
v 1.010000 -1.570312 0.114042
v 1.020000 -1.570312 0.120434
v 1.030000 -1.570312 0.126582
v 1.040000 -1.570312 0.131441
v 1.050000 -1.570312 0.131635
v 1.060000 -1.570312 0.126909
v 1.070000 -1.570312 0.120822
v 1.080000 -1.570312 0.114507
v 1.090000 -1.570312 0.107911
v 1.100000 -1.570312 0.100527
v 1.109996 -1.570311 0.090376
v 1.119918 -1.570261 0.069646
v 1.129116 -1.569574 0.000000
v 1.135305 -1.564086 0.000000
v 0.190946 -1.584534 0.000000
v 0.184074 -1.579618 0.000000
v 0.200121 -1.585859 0.058776
v 0.210007 -1.586006 0.084270
v 0.220000 -1.586014 0.095706
v 0.230000 -1.586014 0.100413
v 0.239999 -1.586014 0.097912
v 0.249973 -1.586014 0.088313
v 0.259581 -1.586014 0.065500
v 0.266475 -1.586009 0.000000
v 0.970423 -1.586016 0.065632
v 0.963563 -1.586016 0.000000
v 0.980027 -1.586016 0.088760
v 0.990001 -1.586016 0.099682
v 1.000000 -1.586016 0.107320
v 1.010000 -1.586016 0.114042
v 1.020000 -1.586016 0.120434
v 1.030000 -1.586016 0.126577
v 1.040000 -1.586016 0.131389
v 1.050000 -1.586016 0.131412
v 1.060000 -1.586016 0.126614
v 1.070000 -1.586016 0.120478
v 1.080000 -1.586016 0.114095
v 1.090000 -1.586016 0.107388
v 1.099999 -1.586016 0.099781
v 1.109975 -1.586016 0.088948
v 1.119629 -1.586011 0.066145
v 1.126857 -1.585948 0.000000
v 0.200831 -1.600901 0.000000
v 0.194056 -1.595418 0.000000
v 0.210081 -1.601621 0.067717
v 0.220004 -1.601674 0.086690
v 0.230000 -1.601676 0.093523
v 0.239999 -1.601676 0.092928
v 0.249973 -1.601676 0.085009
v 0.259575 -1.601672 0.063502
v 0.266419 -1.601619 0.000000
v 0.970420 -1.601719 0.065666
v 0.963526 -1.601722 0.000000
v 0.980027 -1.601719 0.088772
v 0.990001 -1.601719 0.099689
v 1.000000 -1.601719 0.107324
v 1.010000 -1.601719 0.114045
v 1.020000 -1.601719 0.120437
v 1.030000 -1.601719 0.126579
v 1.040000 -1.601719 0.131385
v 1.050000 -1.601719 0.131382
v 1.060000 -1.601719 0.126576
v 1.070000 -1.601719 0.120435
v 1.080000 -1.601719 0.114045
v 1.090000 -1.601719 0.107324
v 1.099999 -1.601719 0.099688
v 1.109973 -1.601719 0.088771
v 1.119581 -1.601719 0.065665
v 1.126474 -1.601715 0.000000
v 0.210406 -1.616699 0.051625
v 0.203329 -1.616223 0.000000
v 0.220027 -1.616755 0.067142
v 0.230001 -1.616758 0.071231
v 0.239999 -1.616758 0.071157
v 0.249970 -1.616755 0.066949
v 0.259542 -1.616703 0.051098
v 0.266245 -1.616291 0.000000
v 0.970371 -1.617426 0.066158
v 0.963140 -1.617490 0.000000
v 0.980025 -1.617422 0.088954
v 0.990001 -1.617422 0.099785
v 1.000000 -1.617422 0.107390
v 1.010000 -1.617422 0.114095
v 1.020000 -1.617422 0.120478
v 1.030000 -1.617422 0.126613
v 1.040000 -1.617422 0.131397
v 1.050000 -1.617422 0.131336
v 1.060000 -1.617422 0.126531
v 1.070000 -1.617422 0.120408
v 1.080000 -1.617422 0.114030
v 1.090000 -1.617422 0.107311
v 1.099999 -1.617422 0.099675
v 1.109973 -1.617422 0.088756
v 1.119577 -1.617422 0.065627
v 1.126437 -1.617422 0.000000
v 0.210715 -1.627228 0.000000
v 0.204617 -1.625777 0.000000
v 0.220063 -1.627498 0.000000
v 0.230003 -1.627525 0.000000
v 0.239997 -1.627525 0.000000
v 0.249936 -1.627498 0.000000
v 0.259280 -1.627228 0.000000
v 0.265324 -1.625782 0.000000
v 0.970079 -1.633176 0.069852
v 0.960813 -1.633866 0.000000
v 0.980004 -1.633127 0.090480
v 0.990000 -1.633125 0.100593
v 1.000000 -1.633125 0.107941
v 1.010000 -1.633125 0.114520
v 1.020000 -1.633125 0.120828
v 1.030000 -1.633125 0.126890
v 1.040000 -1.633125 0.131472
v 1.050000 -1.633125 0.131015
v 1.060000 -1.633125 0.126185
v 1.070000 -1.633125 0.120170
v 1.080000 -1.633125 0.113881
v 1.090000 -1.633125 0.107191
v 1.099999 -1.633125 0.099574
v 1.109973 -1.633125 0.088679
v 1.119577 -1.633125 0.065505
v 1.126434 -1.633121 0.000000
v 0.953989 -1.639389 0.000000
v 0.960088 -1.648966 0.059688
v 0.950472 -1.650105 0.000000
v 0.970006 -1.648835 0.084600
v 0.980000 -1.648828 0.096458
v 0.990000 -1.648828 0.103907
v 1.000000 -1.648828 0.110305
v 1.010000 -1.648828 0.116394
v 1.020000 -1.648828 0.122387
v 1.030000 -1.648828 0.128060
v 1.040000 -1.648828 0.131658
v 1.050000 -1.648828 0.129818
v 1.060000 -1.648828 0.124754
v 1.070000 -1.648828 0.118969
v 1.080000 -1.648828 0.112896
v 1.090000 -1.648828 0.106303
v 1.099999 -1.648828 0.098768
v 1.109972 -1.648828 0.087826
v 1.119575 -1.648820 0.064004
v 1.126417 -1.648737 0.000000
v 0.913965 -1.656206 0.000000
v 0.920626 -1.654724 0.000000
v 0.920076 -1.665267 0.056286
v 0.910473 -1.665920 0.000000
v 0.930060 -1.654394 0.000000
v 0.930005 -1.665194 0.068771
v 0.940046 -1.653760 0.000000
v 0.940003 -1.665114 0.072270
v 0.950033 -1.664656 0.075340
v 0.960005 -1.664541 0.086930
v 0.970000 -1.664531 0.096470
v 0.980000 -1.664531 0.103230
v 0.990000 -1.664531 0.109232
v 1.000000 -1.664531 0.114810
v 1.010000 -1.664531 0.120296
v 1.020000 -1.664531 0.125752
v 1.030000 -1.664531 0.130402
v 1.040000 -1.664531 0.131731
v 1.050000 -1.664531 0.127952
v 1.060000 -1.664531 0.122238
v 1.070000 -1.664531 0.116205
v 1.080000 -1.664531 0.109975
v 1.090000 -1.664531 0.103312
v 1.099999 -1.664531 0.095521
v 1.109969 -1.664525 0.082734
v 1.119531 -1.664412 0.054498
v 1.126244 -1.663548 0.000000
v 0.803961 -1.671911 0.000000
v 0.810568 -1.670459 0.000000
v 0.810071 -1.680973 0.052797
v 0.800470 -1.681621 0.000000
v 0.819432 -1.670459 0.000000
v 0.819929 -1.680973 0.052797
v 0.826039 -1.671911 0.000000
v 0.829530 -1.681621 0.000000
v 0.883965 -1.671904 0.000000
v 0.890628 -1.670369 0.000000
v 0.890076 -1.680965 0.056204
v 0.880470 -1.681622 0.000000
v 0.900101 -1.669496 0.000000
v 0.900008 -1.680821 0.068965
v 0.910033 -1.680364 0.074641
v 0.920004 -1.680283 0.086232
v 0.930000 -1.680278 0.093405
v 0.940000 -1.680273 0.097078
v 0.950001 -1.680240 0.098945
v 0.960000 -1.680235 0.102174
v 0.970000 -1.680234 0.105986
v 0.980000 -1.680234 0.110356
v 0.990000 -1.680234 0.115174
v 1.000000 -1.680234 0.120204
v 1.010000 -1.680234 0.125393
v 1.020000 -1.680234 0.130286
v 1.030000 -1.680234 0.133202
v 1.040000 -1.680234 0.131637
v 1.050000 -1.680234 0.126562
v 1.060000 -1.680234 0.120561
v 1.070000 -1.680234 0.114347
v 1.080000 -1.680234 0.107782
v 1.090000 -1.680234 0.100418
v 1.099996 -1.680233 0.090295
v 1.109918 -1.680183 0.069520
v 1.119115 -1.679492 0.000000
v 1.125302 -1.674008 0.000000
v 0.754677 -1.687570 0.000000
v 0.760720 -1.686129 0.000000
v 0.760460 -1.696609 0.048980
v 0.753773 -1.696969 0.000000
v 0.770064 -1.685857 0.000000
v 0.770030 -1.696561 0.063413
v 0.780005 -1.685771 0.000000
v 0.780001 -1.696553 0.066302
v 0.790044 -1.685169 0.000000
v 0.790003 -1.696477 0.066909
v 0.800033 -1.696024 0.069219
v 0.810004 -1.695944 0.078532
v 0.819996 -1.695944 0.078532
v 0.829967 -1.696024 0.069220
v 0.839957 -1.685169 0.000000
v 0.839997 -1.696477 0.066929
v 0.849998 -1.685767 0.000000
v 0.850000 -1.696557 0.066664
v 0.860002 -1.685768 0.000000
v 0.860001 -1.696590 0.067086
v 0.870044 -1.685170 0.000000
v 0.870003 -1.696518 0.069409
v 0.880033 -1.696066 0.073340
v 0.890004 -1.695986 0.085033
v 0.900000 -1.695976 0.092213
v 0.910001 -1.695944 0.096415
v 0.920000 -1.695939 0.100815
v 0.930000 -1.695939 0.104883
v 0.940000 -1.695939 0.108453
v 0.950000 -1.695938 0.110840
v 0.960000 -1.695938 0.112618
v 0.970000 -1.695938 0.114944
v 0.980000 -1.695938 0.118126
v 0.990000 -1.695938 0.122012
v 1.000000 -1.695938 0.126406
v 1.010000 -1.695938 0.130967
v 1.020000 -1.695938 0.134455
v 1.030000 -1.695938 0.134461
v 1.040000 -1.695938 0.130473
v 1.050000 -1.695938 0.124869
v 1.060000 -1.695938 0.119019
v 1.070000 -1.695938 0.112950
v 1.080000 -1.695938 0.106372
v 1.089999 -1.695938 0.098867
v 1.099975 -1.695937 0.088014
v 1.109627 -1.695925 0.064519
v 1.116838 -1.695778 0.000000
v 0.760460 -1.710969 0.048980
v 0.753773 -1.710609 0.000000
v 0.770030 -1.711017 0.063412
v 0.780001 -1.711020 0.066283
v 0.790000 -1.711015 0.066623
v 0.800001 -1.710983 0.067030
v 0.810000 -1.710978 0.068723
v 0.820000 -1.710978 0.068723
v 0.829999 -1.710983 0.067031
v 0.840000 -1.711021 0.066662
v 0.850003 -1.711101 0.066941
v 0.860033 -1.711554 0.069408
v 0.870004 -1.711630 0.080224
v 0.880001 -1.711608 0.087178
v 0.890001 -1.711636 0.092635
v 0.900000 -1.711640 0.097595
v 0.910000 -1.711641 0.101776
v 0.920000 -1.711641 0.105958
v 0.930000 -1.711641 0.110048
v 0.940000 -1.711641 0.113827
v 0.950000 -1.711641 0.117131
v 0.960000 -1.711641 0.119594
v 0.970000 -1.711641 0.122180
v 0.980000 -1.711641 0.125339
v 0.990000 -1.711641 0.129067
v 1.000000 -1.711641 0.133193
v 1.010000 -1.711641 0.136802
v 1.020000 -1.711641 0.137531
v 1.030000 -1.711641 0.134004
v 1.040000 -1.711641 0.128354
v 1.050000 -1.711641 0.122297
v 1.060000 -1.711641 0.116221
v 1.070000 -1.711641 0.109987
v 1.080000 -1.711641 0.103324
v 1.089999 -1.711640 0.095532
v 1.099969 -1.711634 0.082750
v 1.109535 -1.711521 0.054533
v 1.116282 -1.710654 0.000000
v 0.760720 -1.721449 0.000000
v 0.754677 -1.720008 0.000000
v 0.770064 -1.721719 0.000000
v 0.780003 -1.721746 0.000000
v 0.790000 -1.721747 0.000000
v 0.800000 -1.721746 0.000000
v 0.810000 -1.721745 0.000000
v 0.820000 -1.721745 0.000000
v 0.830000 -1.721749 0.000000
v 0.840002 -1.721809 0.000000
v 0.850044 -1.722410 0.000000
v 0.860470 -1.725957 0.000000
v 0.870076 -1.726614 0.055679
v 0.880008 -1.726757 0.068404
v 0.890033 -1.727214 0.074190
v 0.900004 -1.727299 0.085900
v 0.910001 -1.727338 0.093689
v 0.920000 -1.727344 0.100184
v 0.930000 -1.727344 0.105178
v 0.940000 -1.727344 0.109799
v 0.950000 -1.727344 0.114493
v 0.960000 -1.727344 0.118968
v 0.970000 -1.727344 0.123545
v 0.980000 -1.727344 0.128326
v 0.990000 -1.727344 0.133265
v 1.000000 -1.727344 0.138098
v 1.010000 -1.727344 0.141043
v 1.020000 -1.727344 0.138858
v 1.030000 -1.727344 0.133372
v 1.040000 -1.727344 0.127117
v 1.050000 -1.727344 0.120835
v 1.060000 -1.727344 0.114508
v 1.070000 -1.727344 0.107911
v 1.080000 -1.727344 0.100527
v 1.089996 -1.727342 0.090376
v 1.099918 -1.727293 0.069646
v 1.109116 -1.726605 0.000000
v 1.115305 -1.721117 0.000000
v 0.870628 -1.737209 0.000000
v 0.863965 -1.735674 0.000000
v 0.880101 -1.738082 0.000000
v 0.890473 -1.741664 0.000000
v 0.900079 -1.742392 0.056604
v 0.910037 -1.742919 0.071638
v 0.920005 -1.743037 0.086324
v 0.930000 -1.743047 0.096371
v 0.940000 -1.743047 0.103187
v 0.950000 -1.743047 0.109174
v 0.960000 -1.743047 0.114674
v 0.970000 -1.743047 0.120076
v 0.980000 -1.743047 0.125573
v 0.990000 -1.743047 0.131207
v 1.000000 -1.743047 0.136769
v 1.010000 -1.743047 0.140525
v 1.020000 -1.743047 0.138572
v 1.030000 -1.743047 0.133048
v 1.040000 -1.743047 0.126781
v 1.050000 -1.743047 0.120476
v 1.060000 -1.743047 0.114086
v 1.070000 -1.743047 0.107384
v 1.079999 -1.743047 0.099780
v 1.089975 -1.743047 0.088948
v 1.099629 -1.743042 0.066145
v 1.106857 -1.742979 0.000000
v 0.900669 -1.753520 0.000000
v 0.893969 -1.751464 0.000000
v 0.910515 -1.757451 0.000000
v 0.920090 -1.758608 0.059569
v 0.930006 -1.758743 0.084467
v 0.940000 -1.758750 0.096370
v 0.950000 -1.758750 0.103792
v 0.960000 -1.758750 0.110161
v 0.970000 -1.758750 0.116207
v 0.980000 -1.758750 0.122102
v 0.990000 -1.758750 0.127993
v 1.000000 -1.758750 0.133790
v 1.010000 -1.758750 0.138124
v 1.020000 -1.758750 0.137312
v 1.030000 -1.758750 0.132359
v 1.040000 -1.758750 0.126385
v 1.050000 -1.758750 0.120238
v 1.060000 -1.758750 0.113911
v 1.070000 -1.758750 0.107249
v 1.079999 -1.758750 0.099659
v 1.089973 -1.758750 0.088756
v 1.099581 -1.758750 0.065659
v 1.106474 -1.758747 0.000000
v 0.920827 -1.773644 0.000000
v 0.913993 -1.768182 0.000000
v 0.930082 -1.774393 0.068211
v 0.940004 -1.774451 0.089420
v 0.950000 -1.774453 0.099592
v 0.960000 -1.774453 0.106807
v 0.970000 -1.774453 0.113198
v 0.980000 -1.774453 0.119032
v 0.990000 -1.774453 0.124626
v 1.000000 -1.774453 0.130043
v 1.010000 -1.774453 0.134206
v 1.020000 -1.774453 0.134039
v 1.030000 -1.774453 0.129824
v 1.040000 -1.774453 0.124540
v 1.050000 -1.774453 0.118910
v 1.060000 -1.774453 0.112931
v 1.070000 -1.774453 0.106613
v 1.079999 -1.774453 0.099290
v 1.089973 -1.774453 0.088466
v 1.099577 -1.774452 0.065473
v 1.106436 -1.774448 0.000000
v 0.930427 -1.789981 0.054636
v 0.923332 -1.789098 0.000000
v 0.940031 -1.790142 0.081300
v 0.950001 -1.790156 0.094568
v 0.960000 -1.790156 0.102370
v 0.970000 -1.790156 0.108770
v 0.980000 -1.790156 0.114474
v 0.990000 -1.790156 0.119860
v 1.000000 -1.790156 0.125092
v 1.010000 -1.790156 0.129176
v 1.020000 -1.790156 0.129157
v 1.030000 -1.790156 0.125083
v 1.040000 -1.790156 0.119920
v 1.050000 -1.790156 0.114599
v 1.060000 -1.790156 0.109170
v 1.070000 -1.790156 0.103562
v 1.079999 -1.790156 0.096637
v 1.089971 -1.790150 0.085614
v 1.099575 -1.790113 0.063549
v 1.106417 -1.790057 0.000000
v 0.931010 -1.804376 0.000000
v 0.924659 -1.799525 0.000000
v 0.940134 -1.805654 0.058229
v 0.950010 -1.805844 0.082731
v 0.960000 -1.805859 0.095309
v 0.970000 -1.805859 0.102854
v 0.980000 -1.805859 0.109026
v 0.990000 -1.805859 0.114588
v 1.000000 -1.805859 0.119764
v 1.010000 -1.805859 0.123756
v 1.020000 -1.805859 0.123754
v 1.030000 -1.805859 0.119765
v 1.040000 -1.805859 0.114607
v 1.050000 -1.805859 0.109062
v 1.060000 -1.805859 0.103007
v 1.070000 -1.805859 0.095969
v 1.079994 -1.805848 0.085548
v 1.089938 -1.805732 0.069836
v 1.099540 -1.805222 0.051438
v 1.106245 -1.804737 0.000000
v 0.940947 -1.820075 0.000000
v 0.934079 -1.815165 0.000000
v 0.950131 -1.821357 0.058408
v 0.960010 -1.821547 0.082823
v 0.970000 -1.821562 0.095369
v 0.980000 -1.821563 0.102878
v 0.990000 -1.821563 0.108992
v 1.000000 -1.821563 0.114247
v 1.010000 -1.821563 0.117892
v 1.020000 -1.821563 0.117893
v 1.030000 -1.821563 0.114263
v 1.040000 -1.821563 0.109066
v 1.050000 -1.821563 0.102951
v 1.060000 -1.821562 0.095507
v 1.069992 -1.821550 0.082955
v 1.079901 -1.821372 0.059122
v 1.089480 -1.820258 0.000000
v 1.099237 -1.816335 0.000000
v 1.105321 -1.814312 0.000000
v 0.950947 -1.835778 0.000000
v 0.944074 -1.830868 0.000000
v 0.960131 -1.837060 0.058414
v 0.970010 -1.837250 0.082825
v 0.980000 -1.837264 0.095323
v 0.990000 -1.837264 0.102494
v 1.000000 -1.837264 0.107612
v 1.010000 -1.837264 0.110296
v 1.020000 -1.837264 0.110311
v 1.030000 -1.837264 0.107749
v 1.040000 -1.837264 0.103017
v 1.050000 -1.837264 0.096078
v 1.059992 -1.837256 0.084300
v 1.069879 -1.837109 0.058785
v 1.079057 -1.835786 0.000000
v 1.085988 -1.830897 0.000000
v 0.960947 -1.851481 0.000000
v 0.954074 -1.846571 0.000000
v 0.970131 -1.852759 0.058369
v 0.980009 -1.852916 0.082313
v 0.990000 -1.852925 0.092485
v 1.000000 -1.852926 0.096781
v 1.010000 -1.852926 0.098153
v 1.020000 -1.852926 0.098217
v 1.030000 -1.852926 0.097270
v 1.040000 -1.852926 0.094384
v 1.049996 -1.852924 0.086783
v 1.059919 -1.852871 0.067722
v 1.069169 -1.852151 0.000000
v 1.075945 -1.846668 0.000000
v 0.970945 -1.867079 0.000000
v 0.964074 -1.862267 0.000000
v 0.980109 -1.867920 0.055412
v 0.990006 -1.868003 0.068613
v 1.000000 -1.868008 0.071902
v 1.010000 -1.868008 0.072433
v 1.020000 -1.868008 0.072464
v 1.030000 -1.868008 0.072289
v 1.039999 -1.868008 0.071384
v 1.049973 -1.868005 0.067153
v 1.059594 -1.867949 0.051625
v 1.066671 -1.867473 0.000000
v 0.980631 -1.878474 0.000000
v 0.974031 -1.876967 0.000000
v 0.990058 -1.878748 0.000000
v 1.000003 -1.878775 0.000000
v 1.010000 -1.878777 0.000000
v 1.020000 -1.878777 0.000000
v 1.030000 -1.878777 0.000000
v 1.039997 -1.878775 0.000000
v 1.049937 -1.878748 0.000000
v 1.059285 -1.878478 0.000000
v 1.065383 -1.877027 0.000000
v 0.484703 -1.938677 0.000000
v 0.490721 -1.937323 0.000000
v 0.490495 -1.947269 0.037258
v 0.483946 -1.947196 0.000000
v 0.500007 -1.937132 0.000000
v 0.500059 -1.947732 0.048135
v 0.509372 -1.937387 0.000000
v 0.509897 -1.947927 0.047711
v 0.515970 -1.938893 0.000000
v 0.519059 -1.948776 0.000000
v 0.490766 -1.957729 0.000000
v 0.484707 -1.955791 0.000000
v 0.500520 -1.961630 0.000000
v 0.510092 -1.962747 0.048167
v 0.519910 -1.963033 0.048228
v 0.525991 -1.953559 0.000000
v 0.529527 -1.964130 0.000000
v 0.510941 -1.977005 0.000000
v 0.504012 -1.972220 0.000000
v 0.520104 -1.977854 0.047980
v 0.529974 -1.978050 0.050691
v 0.539956 -1.967764 0.000000
v 0.539997 -1.978512 0.050964
v 0.549995 -1.968371 0.000000
v 0.549999 -1.978589 0.050712
v 0.559936 -1.968456 0.000000
v 0.559967 -1.978594 0.048410
v 0.569276 -1.968721 0.000000
v 0.569507 -1.978594 0.037260
v 0.575297 -1.970083 0.000000
v 0.576054 -1.978594 0.000000
v 0.520631 -1.988396 0.000000
v 0.514030 -1.986889 0.000000
v 0.530056 -1.988678 0.000000
v 0.540003 -1.988750 0.000000
v 0.549997 -1.988756 0.000000
v 0.559936 -1.988729 0.000000
v 0.569276 -1.988467 0.000000
v 0.575297 -1.987105 0.000000
f 26 43 44 28
f 101 123 124 103
f 3513 3589 3590 3514
f 4705 4724 4725 4706
f 162 184 185 163
f 2409 2439 2440 2410
f 389 400 401 390
f 327 341 342 328
f 3761 3835 3836 3762
f 237 255 256 238
f 4714 4733 4734 4715
f 4643 4664 4665 4644
f 3217 3251 3252 3218
f 253 270 271 254
f 239 257 258 240
f 633 709 710 634
f 1090 1153 1154 1091
f 4759 4772 4773 4760
f 4528 4566 4567 4529
f 3545 3632 3633 3547
f 3306 3344 3345 3307
f 4743 4758 4759 4744
f 429 494 495 430
f 2570 2641 2642 2573
f 2275 2321 2322 2276
f 4711 4730 4731 4712
f 235 253 254 236
f 121 144 145 122
f 6 33 34 8
f 4813 4824 4825 4815
f 4647 4668 4669 4648
f 2268 2314 2315 2269
f 7 8 10 9
f 522 598 599 523
f 219 238 239 220
f 301 314 315 302
f 399 433 434 400
f 5 6 8 7
f 4773 4784 4785 4774
f 4806 4821 4820 4808
f 4049 4130 4131 4050
f 4385 4405 4406 4386
f 195 216 217 196
f 59 84 85 60
f 455 456 458 457
f 4812 4813 4815 4814
f 4790 4791 4794 4793
f 4033 4114 4115 4034
f 333 348 349 332
f 4693 4713 4714 4694
f 144 167 168 145
f 557 633 634 558
f 407 459 460 406
f 4694 4714 4715 4695
f 3530 3616 3617 3531
f 170 191 193 172
f 565 566 569 568
f 4801 4807 4806 4802
f 1801 1865 1866 1802
f 4756 4769 4770 4757
f 2347 2377 2379 2378
f 4691 4711 4712 4692
f 40 61 62 41
f 1978 2054 2055 1979
f 445 446 448 447
f 2385 2416 2417 2386
f 375 389 390 376
f 91 114 115 92
f 3521 3605 3607 3520
f 1434 1467 1468 1436
f 269 284 285 270
f 11 12 14 13
f 175 196 197 176
f 487 547 548 489
f 32 53 52 31
f 299 312 313 300
f 109 132 133 110
f 495 561 562 496
f 4762 4775 4776 4763
f 2969 3037 3038 2970
f 2426 2456 2457 2427
f 136 159 160 137
f 1 4 3 2
f 709 792 793 710
f 4628 4651 4652 4629
f 585 661 662 586
f 1793 1857 1858 1794
f 206 227 228 207
f 71 95 96 73
f 3554 3555 3557 3556
f 3723 3798 3799 3724
f 545 621 622 546
f 89 112 113 90
f 189 210 211 190
f 2 3 6 5
f 4689 4709 4710 4690
f 2316 2352 2353 2317
f 387 398 399 388
f 501 502 505 504
f 527 603 604 528
f 93 116 117 94
f 1242 1263 1264 1243
f 63 88 89 64
f 3546 3547 3549 3548
f 3730 3805 3804 3729
f 363 375 376 364
f 469 536 537 471
f 639 640 643 642
f 85 108 109 86
f 86 109 110 87
f 167 189 190 168
f 320 332 334 319
f 2450 2480 2481 2451
f 933 934 936 935
f 477 541 542 478
f 2362 2394 2395 2363
f 62 87 88 63
f 2300 2336 2337 2301
f 778 849 850 779
f 797 871 872 800
f 1225 1251 1252 1226
f 1946 2015 2016 1947
f 181 202 203 182
f 198 219 220 199
f 4723 4741 4742 4724
f 112 135 136 113
f 634 710 711 635
f 419 420 423 422
f 413 463 464 415
f 3561 3640 3641 3563
f 4761 4774 4775 4762
f 1170 1219 1220 1171
f 2354 2386 2387 2355
f 104 128 129 106
f 4769 4780 4781 4770
f 4810 4811 4813 4812
f 503 584 585 502
f 2387 2418 2419 2388
f 319 334 335 321
f 80 105 104 82
f 1266 1286 1287 1267
f 453 454 456 455
f 525 601 602 526
f 3577 3649 3648 3576
f 4745 4760 4761 4746
f 2371 2403 2404 2372
f 4707 4726 4727 4708
f 224 243 244 225
f 1986 2062 2063 1987
f 4692 4712 4713 4693
f 533 609 610 534
f 631 707 706 630
f 373 387 388 374
f 1162 1211 1212 1163
f 143 166 167 144
f 417 465 467 466
f 539 615 616 540
f 553 556 555 554
f 4794 4801 4802 4796
f 350 364 365 351
f 135 158 159 136
f 3522 3608 3609 3523
f 1834 1906 1907 1835
f 531 607 608 532
f 573 654 655 575
f 671 749 750 672
f 4474 4522 4523 4475
f 2363 2395 2396 2364
f 111 134 135 112
f 2364 2396 2397 2365
f 118 141 142 119
f 515 591 592 516
f 597 673 674 598
f 703 781 782 705
f 149 171 170 148
f 4073 4154 4155 4074
f 2418 2448 2449 2419
f 1629 1692 1693 1628
f 1213 1239 1240 1214
f 605 681 682 606
f 687 765 766 688
f 117 140 141 118
f 3258 3300 3301 3259
f 4763 4776 4777 4764
f 312 326 327 313
f 2731 2792 2793 2732
f 1117 1176 1177 1118
f 2425 2455 2456 2426
f 1817 1889 1890 1818
f 4793 4794 4796 4795
f 150 172 173 151
f 3 31 33 6
f 2401 2431 2432 2402
f 647 726 727 649
f 126 150 151 128
f 3537 3628 3629 3539
f 2348 2380 2382 2350
f 2994 3062 3063 2995
f 3288 3290 3289 3249
f 541 617 618 542
f 855 857 856 788
f 381 384 383 382
f 2459 2489 2490 2460
f 311 325 326 312
f 192 213 212 191
f 2370 2402 2403 2371
f 1210 1236 1237 1211
f 4747 4762 4763 4748
f 2419 2449 2450 2420
f 184 205 206 185
f 3586 3658 3659 3587
f 587 663 664 588
f 2441 2471 2473 2443
f 791 861 862 792
f 221 240 241 222
f 2953 3026 3027 2954
f 215 234 235 216
f 296 309 310 297
f 4330 4356 4358 4332
f 1373 1410 1411 1374
f 358 360 359 347
f 3514 3590 3591 3515
f 199 220 221 200
f 651 729 730 652
f 683 761 762 684
f 677 755 756 678
f 1809 1873 1874 1810
f 19 20 22 21
f 2403 2433 2434 2404
f 303 316 317 304
f 2396 2426 2427 2397
f 3562 3563 3565 3564
f 675 753 754 676
f 685 763 764 686
f 288 304 305 289
f 2402 2432 2433 2403
f 2722 2783 2784 2723
f 659 737 738 660
f 337 353 354 338
f 847 910 911 848
f 213 230 232 212
f 238 256 257 239
f 4811 4823 4824 4813
f 3506 3582 3583 3507
f 250 267 268 251
f 1565 1623 1625 1624
f 717 805 806 716
f 1866 1938 1939 1867
f 2394 2423 2425 2395
f 230 249 250 232
f 960 1030 1031 961
f 4460 4508 4509 4461
f 1437 1474 1473 1439
f 741 828 829 742
f 887 961 962 888
f 229 231 230 213
f 334 350 351 335
f 951 1021 1022 952
f 2380 2411 2413 2382
f 1226 1252 1253 1227
f 537 613 614 538
f 4795 4796 4798 4797
f 272 287 288 273
f 2565 2633 2634 2566
f 1333 1354 1355 1334
f 765 836 837 766
f 871 945 946 872
f 4809 4822 4823 4811
f 2451 2481 2482 2452
f 279 293 295 278
f 3663 3744 3745 3664
f 1249 1270 1271 1250
f 1013 1082 1083 1014
f 3593 3665 3666 3594
f 67 92 93 68
f 950 1020 1021 951
f 271 286 287 272
f 256 273 274 257
f 930 999 998 929
f 803 804 805 717
f 2473 2503 2504 2474
f 837 900 901 838
f 232 250 251 233
f 247 265 266 249
f 3901 3990 3991 3902
f 1661 1723 1724 1662
f 845 908 909 846
f 807 877 878 808
f 43 64 65 44
f 2435 2465 2466 2436
f 183 204 205 184
f 152 174 175 153
f 48 49 51 50
f 578 579 581 580
f 973 1039 1040 974
f 3609 3682 3683 3610
f 318 320 319 307
f 55 81 80 56
f 2097 2165 2166 2098
f 138 161 162 139
f 843 906 907 844
f 1241 1262 1263 1242
f 28 44 45 30
f 302 315 316 303
f 869 943 944 870
f 835 898 899 836
f 1217 1243 1244 1218
f 51 69 71 70
f 278 295 296 280
f 1825 1897 1898 1826
f 448 522 523 450
f 1626 1629 1628 1627
f 811 881 882 812
f 4490 4491 4493 4492
f 3634 3715 3716 3635
f 423 478 479 425
f 1498 1556 1557 1499
f 1789 1853 1854 1790
f 909 980 981 910
f 1071 1072 1074 1073
f 325 339 340 326
f 214 233 234 215
f 2490 2545 2546 2491
f 309 323 324 310
f 70 71 73 72
f 1039 1105 1106 1040
f 2457 2487 2488 2458
f 285 301 302 286
f 1553 1614 1613 1555
f 351 365 366 352
f 336 352 353 337
f 2259 2306 2307 2260
f 1733 1796 1797 1734
f 2716 2777 2778 2717
f 340 356 357 341
f 1770 1834 1835 1771
f 1621 1682 1683 1622
f 853 916 917 854
f 1047 1113 1114 1048
f 197 218 219 198
f 454 525 526 456
f 415 464 465 417
f 921 993 994 922
f 1489 1549 1550 1490
f 440 518 519 442
f 899 970 971 900
f 2594 2654 2655 2595
f 1330 1351 1352 1331
f 875 949 950 876
f 98 121 122 99
f 374 388 389 375
f 2021 2022 2024 2023
f 99 122 123 101
f 979 1045 1046 980
f 1143 1197 1198 1144
f 1265 1285 1286 1266
f 3921 4010 4011 3923
f 2442 2472 2471 2441
f 4536 4574 4575 4537
f 1151 1205 1206 1152
f 60 85 86 61
f 2130 2196 2197 2131
f 1053 1119 1120 1054
f 549 550 552 551
f 3617 3690 3692 3691
f 2066 2134 2135 2067
f 1077 1140 1141 1078
f 66 91 92 67
f 591 667 668 592
f 1738 1800 1801 1739
f 44 65 66 45
f 446 521 522 448
f 201 222 223 202
f 1085 1148 1149 1086
f 397 431 432 398
f 447 448 450 449
f 58 83 84 59
f 971 1037 1038 972
f 897 968 969 898
f 1258 1277 1279 1259
f 3578 3650 3651 3579
f 947 1017 1018 948
f 395 427 429 394
f 1175 1224 1225 1176
f 439 440 442 441
f 2658 2720 2721 2659
f 2468 2498 2499 2469
f 2077 2145 2146 2078
f 1183 1232 1233 1184
f 2499 2554 2555 2500
f 2013 2088 2089 2014
f 1223 1249 1250 1224
f 625 701 702 626
f 485 546 547 487
f 3041 3107 3108 3042
f 383 394 396 385
f 4185 4248 4249 4186
f 2330 2360 2362 2332
f 1239 1260 1261 1240
f 18 39 40 20
f 616 692 693 617
f 1909 1978 1979 1910
f 1897 1966 1967 1898
f 606 682 683 607
f 2444 2474 2475 2445
f 193 214 215 194
f 2483 2540 2539 2485
f 131 154 155 132
f 432 497 498 433
f 57 82 83 58
f 1111 1170 1171 1112
f 430 495 496 431
f 480 481 483 482
f 4684 4704 4705 4685
f 1055 1058 1057 1056
f 486 487 489 488
f 384 395 394 383
f 1115 1174 1175 1116
f 1021 1090 1091 1022
f 1295 1339 1340 1296
f 2481 2511 2512 2482
f 398 432 433 399
f 2458 2488 2489 2459
f 3594 3666 3667 3595
f 2930 3003 3004 2931
f 1149 1203 1204 1150
f 645 725 726 647
f 92 115 116 93
f 3314 3353 3354 3315
f 1165 1214 1215 1166
f 425 479 481 480
f 115 138 139 116
f 2587 2649 2650 2589
f 3569 3644 3645 3571
f 3282 3285 3284 3283
f 601 677 678 602
f 461 530 531 462
f 583 659 660 584
f 2890 2967 2968 2891
f 437 517 518 440
f 2578 2579 2581 2580
f 1099 1158 1160 1101
f 1351 1372 1373 1352
f 1221 1247 1248 1222
f 421 476 477 420
f 1274 1294 1295 1275
f 100 101 103 102
f 2572 2573 2575 2574
f 1391 1424 1425 1393
f 34 55 56 35
f 4105 4184 4185 4106
f 2397 2427 2428 2398
f 1399 1428 1430 1429
f 2547 2613 2614 2548
f 608 684 685 609
f 2341 2371 2372 2342
f 1849 1921 1922 1850
f 2993 3061 3062 2994
f 479 543 544 481
f 598 674 675 599
f 3850 3941 3942 3852
f 1253 1274 1275 1254
f 171 192 191 170
f 471 537 538 473
f 3794 3878 3879 3795
f 1261 1281 1282 1262
f 1327 1348 1349 1328
f 2433 2463 2464 2434
f 2515 2593 2594 2518
f 575 655 656 577
f 2492 2547 2548 2493
f 3490 3522 3523 3491
f 1139 1193 1194 1140
f 1345 1366 1367 1346
f 1455 1490 1491 1456
f 621 697 698 622
f 582 583 584 503
f 2474 2504 2505 2475
f 568 569 571 570
f 3556 3557 3559 3558
f 1211 1237 1238 1212
f 1173 1222 1223 1174
f 1463 1497 1498 1464
f 155 177 178 156
f 574 575 577 576
f 140 163 164 141
f 496 562 563 497
f 365 377 378 366
f 2509 2564 2565 2510
f 2529 2530 2532 2531
f 1841 1913 1914 1842
f 517 593 594 518
f 590 666 667 591
f 567 650 651 566
f 600 676 677 601
f 315 329 330 316
f 2477 2507 2508 2478
f 1349 1370 1371 1350
f 1479 1539 1540 1480
f 1290 1334 1335 1291
f 2580 2581 2583 2582
f 509 588 589 511
f 1503 1561 1562 1504
f 273 288 289 274
f 613 689 690 614
f 2579 2645 2646 2581
f 2466 2496 2497 2467
f 2532 2601 2602 2534
f 1282 1326 1327 1283
f 943 1013 1014 944
f 1315 1316 1318 1317
f 1535 1595 1596 1536
f 942 1012 1013 943
f 3674 3675 3677 3676
f 116 139 140 117
f 2563 2631 2632 2564
f 4034 4115 4116 4035
f 1381 1418 1419 1382
f 74 75 77 76
f 559 635 636 560
f 1651 1713 1714 1652
f 1429 1430 1432 1431
f 203 224 225 204
f 535 611 612 536
f 952 1022 1023 953
f 2514 2515 2518 2517
f 1299 1302 1301 1300
f 1405 1442 1443 1406
f 3649 3730 3729 3648
f 42 63 64 43
f 638 641 640 639
f 511 589 590 513
f 2516 2592 2593 2515
f 4658 4677 4679 4659
f 2661 2723 2724 2662
f 1313 1314 1316 1315
f 1511 1512 1514 1513
f 957 1027 1028 958
f 558 634 635 559
f 431 496 497 432
f 648 649 650 567
f 2225 2278 2279 2226
f 2597 2657 2658 2598
f 1357 1378 1379 1358
f 3665 3746 3747 3666
f 187 208 209 188
f 534 610 611 535
f 172 193 194 173
f 560 636 637 561
f 1925 1994 1995 1926
f 2533 2534 2536 2535
f 1461 1495 1496 1462
f 3633 3714 3715 3634
f 589 665 666 590
f 462 531 532 463
f 3585 3657 3658 3586
f 536 612 613 537
f 378 392 393 379
f 2179 2245 2246 2180
f 1525 1526 1528 1527
f 265 280 281 266
f 581 658 659 583
f 2619 2681 2682 2620
f 727 814 815 728
f 456 526 527 458
f 443 444 446 445
f 2781 2858 2859 2782
f 1639 1701 1702 1640
f 2554 2620 2621 2555
f 3009 3077 3078 3010
f 2564 2632 2633 2565
f 4817 4826 4827 4819
f 1451 1486 1487 1452
f 1305 1306 1308 1307
f 1663 1725 1726 1664
f 1443 1478 1479 1444
f 1501 1559 1560 1502
f 766 837 838 767
f 4129 4208 4209 4130
f 698 776 777 699
f 792 862 863 793
f 1509 1566 1568 1512
f 629 631 630 556
f 615 691 692 616
f 666 744 745 667
f 1419 1456 1457 1420
f 1549 1609 1610 1550
f 1671 1733 1734 1672
f 493 559 560 494
f 2603 2663 2664 2604
f 607 683 684 608
f 3706 3781 3782 3707
f 1019 1088 1089 1020
f 2917 2990 2991 2918
f 1557 1616 1617 1558
f 1865 1937 1938 1866
f 267 282 283 268
f 630 706 708 632
f 719 807 808 721
f 720 721 722 641
f 1755 1819 1820 1756
f 2861 2936 2937 2862
f 2497 2552 2553 2498
f 2382 2413 2414 2383
f 2449 2479 2480 2450
f 622 698 699 623
f 2506 2561 2562 2507
f 632 708 709 633
f 834 897 898 835
f 1323 1344 1345 1324
f 1477 1537 1538 1478
f 1727 1790 1791 1728
f 781 852 853 782
f 734 821 822 735
f 204 225 226 205
f 2636 2639 2638 2637
f 1010 1079 1080 1011
f 1475 1535 1536 1476
f 2569 2570 2573 2572
f 1743 1805 1806 1744
f 251 268 269 252
f 1346 1367 1368 1347
f 799 800 802 801
f 776 847 848 777
f 978 1044 1045 979
f 3069 3135 3136 3070
f 442 519 520 444
f 913 984 985 914
f 669 747 748 670
f 2659 2721 2722 2660
f 196 217 218 197
f 3650 3731 3732 3651
f 1619 1680 1681 1620
f 1587 1648 1649 1588
f 1289 1333 1334 1290
f 1783 1847 1848 1784
f 661 739 740 662
f 1338 1359 1360 1339
f 1007 1008 1009 940
f 546 622 623 547
f 4770 4781 4782 4771
f 3197 3229 3230 3198
f 1669 1731 1732 1670
f 1627 1628 1631 1630
f 1807 1871 1872 1808
f 773 844 845 774
f 934 1001 1002 936
f 2520 2595 2596 2522
f 1815 1886 1887 1814
f 188 209 210 189
f 1322 1343 1342 1321
f 1701 1764 1765 1702
f 90 113 114 91
f 3689 3762 3763 3690
f 695 773 774 696
f 1706 1769 1770 1707
f 3261 3303 3304 3262
f 1337 1358 1359 1338
f 3353 3388 3389 3354
f 307 319 321 306
f 2643 2705 2706 2644
f 679 757 758 680
f 680 758 759 681
f 1466 1500 1501 1467
f 3205 3240 3241 3206
f 1637 1699 1700 1638
f 1615 1676 1677 1616
f 82 104 106 83
f 702 780 781 703
f 655 733 734 656
f 3642 3723 3724 3643
f 1642 1704 1705 1643
f 3021 3089 3090 3022
f 1757 1821 1822 1758
f 1887 1956 1957 1888
f 949 1019 1020 950
f 2586 2587 2589 2588
f 944 1014 1015 945
f 1602 1663 1664 1603
f 2749 2818 2819 2750
f 1765 1829 1830 1766
f 905 976 977 906
f 283 299 300 284
f 694 772 773 695
f 252 269 270 253
f 2596 2656 2657 2597
f 2763 2840 2841 2764
f 2205 2258 2259 2206
f 617 693 694 618
f 1919 1988 1989 1920
f 733 820 821 734
f 670 748 749 671
f 3601 3670 3671 3603
f 736 823 824 737
f 1234 1257 1256 1236
f 1739 1801 1802 1740
f 4425 4463 4464 4427
f 1943 2012 2013 1944
f 725 812 813 726
f 830 895 894 832
f 919 992 993 921
f 2023 2024 2025 1950
f 1829 1901 1902 1830
f 701 779 780 702
f 1394 1395 1397 1396
f 220 239 240 221
f 728 815 816 729
f 672 750 751 673
f 1922 1991 1992 1923
f 1881 1952 1953 1883
f 2723 2784 2785 2724
f 106 129 130 107
f 3666 3747 3748 3667
f 1731 1794 1795 1732
f 2094 2162 2163 2095
f 339 355 356 340
f 3025 3093 3094 3026
f 775 846 847 776
f 2660 2722 2723 2661
f 1874 1946 1947 1875
f 1707 1770 1771 1708
f 1837 1909 1910 1838
f 2007 2082 2083 2008
f 2465 2495 2496 2466
f 910 981 982 911
f 767 838 839 768
f 4153 4230 4231 4154
f 2298 2334 2335 2299
f 3557 3638 3639 3559
f 2561 2629 2630 2562
f 2015 2090 2091 2016
f 331 333 332 320
f 2675 2734 2735 2676
f 806 876 877 807
f 920 990 992 919
f 2026 2097 2098 2027
f 3533 3534 3537 3536
f 1773 1837 1838 1774
f 1873 1945 1946 1874
f 941 1011 1012 942
f 798 870 871 797
f 911 982 983 912
f 2644 2706 2707 2645
f 2210 2263 2264 2211
f 2089 2157 2158 2090
f 2585 2648 2649 2587
f 2055 2126 2127 2056
f 821 891 892 822
f 902 973 974 903
f 2530 2600 2601 2532
f 816 886 887 817
f 2170 2236 2237 2171
f 1779 1843 1845 1781
f 1917 1986 1987 1918
f 2079 2147 2149 2081
f 813 883 884 814
f 1386 1421 1423 1389
f 3931 4015 4016 3933
f 808 878 879 809
f 3765 3768 3767 3766
f 2593 2653 2654 2594
f 2087 2155 2156 2088
f 805 875 876 806
f 308 322 323 309
f 912 983 984 913
f 1949 2026 2027 1951
f 989 991 990 920
f 2638 2701 2702 2640
f 665 743 744 666
f 1973 2049 2050 1974
f 1819 1891 1892 1820
f 122 145 146 123
f 2715 2776 2777 2716
f 903 974 975 904
f 3690 3763 3764 3692
f 2355 2387 2388 2356
f 1867 1939 1940 1868
f 1981 2057 2058 1982
f 3721 3796 3797 3722
f 371 386 387 373
f 1378 1415 1416 1379
f 300 313 314 301
f 2756 2757 2759 2699
f 435 438 437 436
f 1851 1923 1924 1852
f 1329 1350 1351 1330
f 2031 2102 2103 2032
f 114 137 138 115
f 2150 2216 2217 2151
f 2143 2209 2210 2144
f 3682 3755 3756 3683
f 2858 2933 2934 2859
f 3837 3920 3921 3838
f 2699 2759 2760 2698
f 2128 2194 2196 2130
f 2626 2685 2687 2627
f 3781 3865 3866 3782
f 2257 2304 2305 2258
f 1895 1964 1965 1896
f 2173 2239 2240 2174
f 878 952 953 879
f 284 300 301 285
f 2676 2735 2736 2677
f 2794 2870 2871 2795
f 3653 3734 3735 3654
f 2045 2116 2117 2046
f 3705 3780 3781 3706
f 355 369 370 356
f 870 944 945 871
f 879 953 954 880
f 888 962 963 889
f 2762 2839 2840 2763
f 3381 3418 3419 3382
f 2053 2124 2125 2054
f 412 413 415 414
f 885 959 960 886
f 880 954 955 881
f 927 930 929 928
f 364 376 377 365
f 3981 4063 4064 3982
f 1321 1342 1344 1323
f 2124 2192 2193 2125
f 2003 2080 2079 2005
f 3377 3414 3415 3378
f 2231 2284 2285 2232
f 838 901 902 839
f 2085 2153 2154 2086
f 2239 2292 2293 2240
f 815 885 886 816
f 969 1035 1036 970
f 2109 2177 2178 2110
f 877 951 952 878
f 774 845 846 775
f 735 822 823 736
f 856 921 922 858
f 3066 3132 3133 3067
f 1995 2071 2072 1996
f 2117 2185 2186 2118
f 2167 2233 2234 2168
f 861 925 926 862
f 614 690 691 615
f 599 675 676 600
f 864 867 866 865
f 1284 1328 1329 1285
f 4149 4226 4227 4150
f 2601 2661 2662 2602
f 2303 2339 2340 2304
f 789 859 860 790
f 382 383 385 372
f 335 351 352 336
f 624 700 701 625
f 1857 1929 1930 1858
f 1070 1135 1136 1072
f 344 347 346 345
f 3450 3484 3485 3451
f 4125 4204 4205 4126
f 2061 2129 2128 2060
f 2319 2355 2356 2320
f 653 731 732 654
f 1474 1534 1533 1473
f 1087 1150 1151 1088
f 1072 1136 1137 1074
f 3202 3237 3236 3201
f 4061 4142 4143 4062
f 410 411 413 412
f 489 548 550 549
f 4600 4627 4628 4601
f 3355 3390 3391 3356
f 2634 2694 2695 2635
f 3770 3855 3856 3772
f 3386 3421 3423 3388
f 3949 4031 4032 3950
f 699 777 778 700
f 967 1033 1032 966
f 3372 3409 3410 3373
f 916 987 988 917
f 3027 3095 3096 3028
f 3020 3088 3089 3021
f 3346 3382 3383 3347
f 2051 2122 2123 2052
f 1281 1325 1326 1282
f 1079 1142 1143 1080
f 1062 1130 1131 1063
f 1048 1114 1115 1049
f 1540 1600 1601 1541
f 4333 4359 4360 4334
f 3753 3827 3828 3754
f 2962 3030 3032 2964
f 3209 3244 3245 3210
f 1101 1160 1161 1102
f 4369 4395 4396 4370
f 1721 1784 1785 1722
f 4277 4306 4307 4278
f 4560 4598 4599 4561
f 2367 2399 2400 2368
f 218 237 238 219
f 2795 2871 2872 2796
f 404 407 406 405
f 2764 2841 2842 2765
f 3626 3707 3708 3627
f 2147 2213 2215 2149
f 2253 2300 2301 2254
f 2399 2429 2430 2400
f 995 1064 1065 996
f 3105 3169 3170 3106
f 3681 3754 3755 3682
f 4289 4318 4319 4290
f 4002 4083 4084 4003
f 2131 2197 2198 2132
f 2277 2323 2324 2278
f 2407 2437 2438 2408
f 1272 1292 1293 1273
f 4533 4571 4572 4534
f 2301 2337 2338 2302
f 2033 2104 2105 2034
f 691 769 770 692
f 2771 2848 2849 2772
f 1271 1291 1292 1272
f 2748 2817 2818 2749
f 3762 3836 3837 3763
f 4413 4440 4441 4414
f 657 735 736 658
f 2335 2365 2366 2336
f 1093 1156 1157 1094
f 1254 1275 1276 1255
f 372 385 386 371
f 1024 1093 1094 1025
f 3938 4020 4021 3939
f 4301 4328 4329 4302
f 2641 2703 2704 2642
f 3777 3861 3862 3778
f 2633 2693 2694 2634
f 1038 1104 1105 1039
f 2365 2397 2398 2366
f 3957 4039 4040 3958
f 3882 3972 3973 3883
f 2373 2405 2406 2374
f 2471 2501 2503 2473
f 427 493 494 429
f 1022 1091 1092 1023
f 1441 1476 1477 1442
f 465 534 535 467
f 2545 2611 2612 2546
f 1014 1083 1084 1015
f 1016 1085 1086 1017
f 33 54 55 34
f 345 346 348 333
f 2535 2536 2538 2537
f 1317 1318 1320 1319
f 990 1060 1061 992
f 1023 1092 1093 1024
f 992 1061 1062 993
f 2740 2801 2802 2741
f 4652 4673 4674 4653
f 2405 2435 2436 2406
f 2503 2558 2559 2504
f 451 452 454 453
f 1442 1477 1478 1443
f 1015 1084 1085 1016
f 3738 3813 3814 3739
f 2340 2370 2371 2341
f 2299 2335 2336 2300
f 2429 2459 2460 2430
f 2511 2566 2567 2512
f 1069 1134 1135 1070
f 1913 1982 1983 1914
f 2437 2467 2468 2438
f 1061 1129 1130 1062
f 2835 2910 2911 2836
f 991 1059 1060 990
f 2796 2872 2873 2797
f 4226 4284 4285 4227
f 4789 4792 4791 4790
f 1409 1446 1447 1410
f 2479 2509 2510 2480
f 1037 1103 1104 1038
f 3057 3123 3124 3058
f 1159 1208 1207 1158
f 4209 4267 4268 4210
f 4194 4253 4252 4195
f 4701 4720 4721 4702
f 2381 2412 2411 2380
f 2599 2659 2660 2600
f 3836 3919 3920 3837
f 1246 1267 1268 1247
f 444 520 521 446
f 1128 1185 1186 1129
f 483 545 546 485
f 2607 2669 2670 2608
f 2819 2891 2892 2820
f 468 469 471 470
f 1264 1284 1285 1265
f 3388 3423 3424 3389
f 1110 1169 1170 1111
f 3625 3706 3707 3626
f 1120 1179 1180 1122
f 4362 4388 4389 4363
f 3363 3401 3402 3365
f 2913 2986 2987 2914
f 1073 1074 1075 1006
f 2521 2522 2524 2523
f 3002 3070 3071 3003
f 1263 1283 1284 1264
f 1112 1171 1172 1113
f 4096 4175 4176 4097
f 2395 2425 2426 2396
f 2485 2539 2541 2486
f 2647 2709 2710 2648
f 1309 1310 1312 1311
f 1238 1259 1260 1239
f 396 430 431 397
f 1135 1188 1190 1136
f 1150 1204 1205 1151
f 1104 1163 1164 1105
f 4498 4499 4501 4500
f 158 180 181 159
f 705 782 784 783
f 2679 2738 2739 2680
f 467 535 536 469
f 1458 1494 1493 1460
f 1127 1184 1185 1128
f 1256 1278 1277 1258
f 3964 4046 4047 3965
f 134 157 158 135
f 2541 2607 2608 2542
f 2687 2746 2747 2688
f 1141 1195 1196 1142
f 2875 2950 2951 2876
f 1247 1268 1269 1248
f 3754 3828 3829 3755
f 4098 4177 4178 4099
f 2467 2497 2498 2468
f 297 310 311 298
f 1450 1485 1486 1451
f 1125 1182 1181 1124
f 420 477 478 423
f 508 509 511 510
f 1529 1530 1532 1531
f 222 241 242 223
f 2637 2638 2640 2571
f 3793 3877 3878 3794
f 1269 1289 1290 1270
f 2851 2926 2927 2852
f 2610 2672 2673 2611
f 2844 2919 2920 2845
f 2434 2464 2465 2435
f 2443 2473 2474 2444
f 1385 1386 1389 1388
f 2615 2677 2678 2616
f 194 215 216 195
f 2859 2934 2935 2860
f 1567 1634 1635 1566
f 3746 3821 3822 3747
f 107 130 131 108
f 3226 3260 3261 3227
f 2493 2548 2549 2494
f 3809 3892 3893 3810
f 246 248 247 231
f 3146 3185 3186 3147
f 523 599 600 524
f 1182 1231 1230 1181
f 428 491 493 427
f 1560 1619 1620 1561
f 130 153 154 131
f 94 117 118 95
f 2621 2683 2684 2623
f 217 236 237 218
f 186 207 208 187
f 1174 1223 1224 1175
f 1215 1241 1242 1216
f 2900 2901 2903 2902
f 275 290 291 276
f 4563 4601 4602 4564
f 2629 2689 2690 2630
f 2799 2875 2876 2800
f 4489 4533 4534 4491
f 1142 1196 1197 1143
f 1224 1250 1251 1225
f 406 460 461 409
f 1361 1382 1383 1362
f 2823 2895 2897 2896
f 507 587 588 509
f 1078 1141 1142 1079
f 1207 1235 1234 1209
f 1216 1242 1243 1217
f 154 176 177 155
f 2595 2655 2656 2596
f 2669 2728 2729 2670
f 2831 2907 2908 2833
f 1245 1266 1267 1246
f 2907 2980 2981 2908
f 1167 1216 1217 1168
f 1160 1209 1210 1161
f 4706 4725 4726 4707
f 478 542 543 479
f 2693 2752 2753 2694
f 1929 1998 1999 1930
f 2701 2762 2763 2702
f 2775 2852 2853 2776
f 1103 1162 1163 1104
f 282 298 299 283
f 2657 2719 2720 2658
f 1237 1258 1259 1238
f 476 540 541 477
f 571 653 654 573
f 2645 2707 2708 2646
f 1181 1230 1232 1183
f 3073 3139 3140 3074
f 1109 1168 1169 1110
f 3641 3722 3723 3642
f 1080 1143 1144 1081
f 306 321 322 308
f 2571 2640 2641 2570
f 1227 1253 1254 1228
f 2863 2938 2940 2865
f 555 632 633 557
f 1406 1443 1444 1407
f 1407 1444 1445 1408
f 2876 2951 2952 2877
f 338 354 355 339
f 542 618 619 543
f 1074 1137 1138 1075
f 2887 2964 2965 2888
f 2489 2544 2545 2490
f 1538 1598 1599 1539
f 2698 2760 2761 2700
f 4225 4283 4284 4226
f 494 560 561 495
f 490 492 491 428
f 1401 1438 1437 1400
f 2895 2972 2973 2897
f 1421 1459 1458 1423
f 1278 1322 1321 1277
f 1279 1323 1324 1280
f 1416 1453 1454 1417
f 931 932 934 933
f 390 401 402 391
f 137 160 161 138
f 953 1023 1024 954
f 1325 1346 1347 1326
f 1270 1290 1291 1271
f 1311 1312 1314 1313
f 3922 3923 3925 3924
f 707 789 790 706
f 2651 2713 2714 2652
f 2789 2865 2866 2790
f 2927 3000 3001 2928
f 1431 1432 1434 1433
f 1382 1419 1420 1383
f 1296 1340 1341 1298
f 491 558 559 493
f 678 756 757 679
f 2821 2893 2894 2822
f 2951 3024 3025 2952
f 298 311 312 299
f 1490 1550 1551 1491
f 2650 2712 2713 2651
f 1288 1332 1333 1289
f 4682 4702 4703 4683
f 2667 2726 2725 2666
f 2829 2906 2907 2831
f 2967 3035 3036 2968
f 1293 1337 1338 1294
f 2939 3012 3011 2938
f 580 581 583 582
f 1408 1445 1446 1409
f 602 678 679 603
f 3786 3870 3871 3787
f 1171 1220 1221 1172
f 3825 3908 3907 3824
f 1482 1542 1543 1483
f 2924 2997 2998 2925
f 782 853 854 784
f 2903 2976 2977 2904
f 3841 3937 3938 3844
f 1377 1414 1415 1378
f 1285 1329 1330 1286
f 1558 1617 1618 1559
f 2642 2704 2705 2643
f 3778 3862 3863 3779
f 770 841 842 771
f 886 960 961 887
f 2765 2842 2843 2766
f 3039 3105 3106 3040
f 1413 1450 1451 1414
f 2923 2996 2997 2924
f 2534 2602 2603 2536
f 1544 1604 1605 1545
f 1339 1360 1361 1340
f 2707 2768 2769 2708
f 2885 2962 2964 2887
f 945 1015 1016 946
f 242 260 261 243
f 1390 1391 1393 1392
f 2893 2970 2971 2894
f 846 909 910 847
f 595 671 672 596
f 1559 1618 1619 1560
f 730 817 818 731
f 649 727 728 650
f 234 252 253 235
f 564 567 566 565
f 1581 1644 1645 1583
f 1367 1404 1405 1368
f 1515 1516 1518 1517
f 2757 2835 2836 2759
f 2908 2981 2982 2909
f 790 860 861 791
f 2925 2998 2999 2926
f 3071 3137 3138 3072
f 579 657 658 581
f 1358 1379 1380 1359
f 1359 1380 1381 1360
f 1368 1405 1406 1369
f 1083 1146 1147 1084
f 409 461 462 411
f 2949 3022 3023 2950
f 3095 3159 3160 3096
f 1397 1427 1428 1399
f 1334 1355 1356 1335
f 1335 1356 1357 1336
f 1392 1393 1395 1394
f 3821 3904 3905 3822
f 414 415 417 416
f 2965 3033 3034 2966
f 1389 1423 1424 1391
f 2666 2725 2727 2668
f 1352 1373 1374 1353
f 1763 1827 1828 1764
f 25 26 28 27
f 2705 2766 2767 2706
f 3103 3167 3168 3104
f 1514 1569 1570 1516
f 3810 3893 3894 3811
f 2891 2968 2969 2892
f 1945 2014 2015 1946
f 1365 1402 1403 1366
f 258 275 276 259
f 540 616 617 541
f 2964 3032 3033 2965
f 3389 3424 3425 3390
f 2883 2960 2961 2884
f 2901 2975 2976 2903
f 3047 3113 3114 3048
f 635 711 712 636
f 2971 3039 3040 2972
f 3657 3738 3739 3658
f 4241 4298 4299 4242
f 1907 1976 1977 1908
f 2867 2942 2943 2868
f 2721 2782 2783 2722
f 3191 3223 3224 3192
f 2505 2560 2561 2506
f 2963 3031 3030 2962
f 1551 1611 1612 1552
f 1536 1596 1597 1537
f 1158 1207 1209 1160
f 3199 3231 3233 3232
f 1573 1640 1641 1575
f 1506 1563 1565 1564
f 524 600 601 525
f 2940 3013 3014 2941
f 1042 1108 1109 1043
f 1086 1149 1150 1087
f 3037 3103 3104 3038
f 1937 2006 2007 1938
f 1550 1610 1611 1551
f 1448 1483 1484 1449
f 641 722 723 640
f 3231 3265 3266 3233
f 1447 1482 1483 1448
f 2035 2106 2107 2036
f 3085 3149 3150 3086
f 1439 1473 1475 1440
f 1440 1475 1476 1441
f 3149 3188 3189 3150
f 611 687 688 612
f 1543 1603 1604 1544
f 1058 1124 1126 1057
f 966 1032 1034 968
f 1691 1752 1754 1690
f 3157 3196 3197 3158
f 3255 3297 3298 3256
f 1453 1488 1489 1454
f 2955 3028 3029 2957
f 2682 2741 2742 2683
f 1528 1590 1591 1530
f 1059 1127 1128 1060
f 2931 3004 3005 2932
f 1433 1434 1436 1435
f 3263 3305 3306 3264
f 1445 1480 1481 1446
f 1462 1496 1497 1463
f 588 664 665 589
f 3826 3909 3910 3827
f 4746 4761 4762 4747
f 1342 1363 1365 1344
f 3045 3111 3112 3046
f 2674 2733 2734 2675
f 2996 3064 3065 2997
f 1250 1271 1272 1251
f 3019 3087 3088 3020
f 3229 3263 3264 3230
f 3865 3955 3956 3866
f 274 289 290 275
f 1446 1481 1482 1447
f 2135 2201 2202 2136
f 3818 3901 3902 3819
f 1454 1489 1490 1455
f 1542 1602 1603 1543
f 715 716 719 718
f 1307 1308 1310 1309
f 1569 1637 1638 1570
f 3207 3242 3243 3208
f 1522 1586 1587 1521
f 3881 3971 3972 3882
f 3003 3071 3072 3004
f 2120 2188 2189 2121
f 2995 3063 3064 2996
f 1244 1265 1266 1245
f 1578 1579 1581 1580
f 2980 3048 3049 2981
f 1510 1567 1566 1509
f 2531 2532 2534 2533
f 1921 1990 1991 1922
f 2142 2208 2209 2143
f 1504 1562 1563 1506
f 1430 1465 1466 1432
f 2987 3055 3056 2988
f 667 745 746 668
f 556 630 632 555
f 1496 1553 1555 1497
f 2691 2750 2751 2692
f 1286 1330 1331 1287
f 3237 3269 3268 3236
f 3367 3404 3405 3368
f 266 281 282 267
f 1582 1583 1585 1584
f 1495 1554 1553 1496
f 1520 1521 1524 1523
f 2627 2687 2688 2628
f 974 1040 1041 975
f 1393 1425 1426 1395
f 3399 3433 3435 3401
f 2165 2231 2232 2166
f 1574 1575 1577 1576
f 1487 1547 1548 1488
f 1418 1455 1456 1419
f 3277 3320 3321 3278
f 3407 3441 3442 3408
f 249 266 267 250
f 1502 1560 1561 1503
f 1519 1522 1521 1520
f 1424 1460 1461 1425
f 2267 2313 2312 2266
f 1638 1700 1701 1639
f 3301 3339 3340 3302
f 4457 4507 4508 4460
f 3187 3219 3220 3188
f 3309 3347 3348 3311
f 1414 1451 1452 1415
f 1280 1324 1325 1281
f 1415 1452 1453 1416
f 1262 1282 1283 1263
f 3890 3979 3980 3891
f 3011 3079 3081 3013
f 3163 3204 3205 3164
f 2737 2798 2799 2738
f 1533 1593 1595 1535
f 1303 1304 1306 1305
f 2915 2988 2989 2916
f 786 787 789 707
f 1485 1545 1546 1486
f 620 696 697 621
f 1546 1606 1607 1547
f 3147 3186 3187 3148
f 2745 2814 2813 2744
f 1001 1069 1070 1002
f 1469 1470 1472 1471
f 1617 1678 1679 1618
f 1889 1958 1959 1890
f 1790 1854 1855 1791
f 3043 3109 3110 3044
f 1331 1352 1353 1332
f 3343 3379 3380 3344
f 1277 1321 1323 1279
f 1702 1765 1766 1703
f 1687 1748 1750 1749
f 1704 1767 1768 1705
f 1674 1736 1738 1676
f 1718 1781 1782 1719
f 1369 1406 1407 1370
f 3463 3496 3497 3464
f 2553 2619 2620 2554
f 1610 1671 1672 1611
f 2770 2847 2848 2771
f 3986 4068 4069 3987
f 3211 3246 3247 3212
f 1598 1659 1660 1599
f 129 152 153 130
f 1590 1651 1652 1591
f 1717 1780 1779 1716
f 1591 1652 1653 1592
f 1568 1636 1637 1569
f 1690 1754 1755 1692
f 3227 3261 3262 3228
f 3429 3463 3464 3430
f 3471 3504 3505 3472
f 1613 1674 1676 1615
f 3347 3383 3384 3348
f 1583 1645 1646 1585
f 2843 2918 2919 2844
f 3364 3399 3401 3363
f 2251 2298 2299 2252
f 386 397 398 387
f 977 1043 1044 978
f 1679 1741 1742 1680
f 3491 3523 3524 3492
f 1918 1987 1988 1919
f 3461 3494 3495 3462
f 2491 2546 2547 2492
f 1605 1666 1667 1606
f 1694 1757 1758 1695
f 2714 2775 2776 2715
f 1696 1759 1760 1697
f 1818 1890 1891 1819
f 3339 3375 3376 3340
f 3469 3502 3503 3470
f 3551 3635 3636 3553
f 987 1053 1054 988
f 1562 1621 1622 1563
f 660 738 739 661
f 3842 3936 3937 3841
f 3635 3716 3717 3636
f 3331 3367 3368 3332
f 697 775 776 698
f 3559 3639 3640 3561
f 3745 3820 3821 3746
f 3067 3133 3134 3068
f 3084 3148 3149 3085
f 3883 3973 3974 3884
f 3307 3345 3346 3308
f 3405 3439 3440 3406
f 3527 3613 3614 3528
f 1709 1772 1773 1710
f 3201 3236 3238 3203
f 1839 1911 1912 1840
f 4361 4387 4388 4362
f 1954 2030 2031 1955
f 2046 2117 2118 2047
f 3597 3598 3601 3600
f 3479 3512 3513 3480
f 322 336 337 323
f 1854 1926 1927 1855
f 636 712 713 637
f 1832 1904 1905 1833
f 3525 3611 3612 3526
f 1990 2066 2067 1991
f 3953 4035 4036 3954
f 723 810 811 724
f 3051 3117 3118 3052
f 1655 1717 1716 1654
f 3060 3126 3127 3061
f 3779 3863 3864 3780
f 1886 1955 1956 1887
f 673 751 752 674
f 3631 3712 3713 3632
f 314 328 329 315
f 1647 1709 1710 1648
f 1623 1684 1685 1625
f 4097 4176 4177 4098
f 1606 1667 1668 1607
f 481 544 545 483
f 2617 2679 2680 2618
f 1662 1724 1725 1663
f 1759 1823 1824 1760
f 1664 1726 1727 1665
f 1970 2046 2047 1971
f 73 96 97 75
f 3589 3661 3662 3590
f 3687 3760 3761 3688
f 795 798 797 796
f 1654 1716 1718 1656
f 2730 2791 2792 2731
f 1656 1718 1719 1657
f 3451 3485 3486 3452
f 4637 4658 4659 4638
f 3605 3678 3680 3607
f 1724 1787 1788 1725
f 1685 1747 1748 1687
f 1622 1683 1684 1623
f 692 770 771 693
f 1688 1691 1690 1689
f 2098 2166 2167 2099
f 3459 3492 3493 3460
f 1677 1739 1740 1678
f 3711 3786 3787 3712
f 1570 1638 1639 1571
f 3769 3770 3772 3771
f 3858 3948 3949 3859
f 4067 4148 4149 4068
f 3443 3477 3478 3444
f 1473 1533 1535 1475
f 3719 3794 3795 3720
f 1645 1707 1708 1646
f 3099 3163 3164 3100
f 1831 1903 1904 1832
f 3148 3187 3188 3149
f 2114 2182 2183 2115
f 2374 2406 2407 2375
f 3541 3630 3631 3543
f 1969 2045 2046 1970
f 346 361 362 348
f 4275 4304 4303 4274
f 4305 4332 4333 4306
f 2302 2338 2339 2303
f 2769 2846 2847 2770
f 3639 3720 3721 3640
f 771 842 843 772
f 3145 3184 3185 3146
f 676 754 755 677
f 1824 1896 1897 1825
f 2250 2297 2298 2251
f 2166 2232 2233 2167
f 3661 3742 3743 3662
f 3847 3848 3850 3849
f 3767 3854 3855 3770
f 2577 2644 2645 2579
f 4411 4438 4439 4412
f 3100 3164 3165 3101
f 3515 3591 3592 3516
f 3629 3710 3711 3630
f 1961 2037 2038 1962
f 1853 1925 1926 1854
f 1846 1918 1919 1847
f 1719 1782 1783 1720
f 1736 1798 1800 1738
f 2266 2312 2314 2268
f 2574 2575 2577 2576
f 3709 3784 3785 3710
f 3799 3883 3884 3800
f 739 826 827 740
f 3083 3147 3148 3084
f 1711 1774 1775 1712
f 1728 1791 1792 1729
f 4003 4084 4085 4004
f 3611 3684 3685 3612
f 3733 3808 3809 3734
f 1788 1852 1853 1789
f 1813 1814 1816 1753
f 1742 1804 1805 1743
f 1823 1895 1896 1824
f 1816 1888 1889 1817
f 3411 3445 3446 3412
f 3831 3914 3915 3832
f 3741 3816 3817 3742
f 1741 1803 1804 1742
f 1726 1789 1790 1727
f 2746 2815 2816 2747
f 3874 3964 3965 3875
f 2219 2272 2273 2220
f 2566 2634 2635 2567
f 1425 1461 1462 1426
f 3855 3945 3946 3856
f 4106 4185 4186 4107
f 1838 1910 1911 1839
f 716 806 807 719
f 3196 3228 3229 3197
f 4754 4766 4768 4755
f 3579 3651 3652 3580
f 938 939 941 867
f 3929 4014 4015 3931
f 2738 2799 2800 2739
f 1594 1655 1654 1593
f 3866 3956 3957 3867
f 36 57 58 37
f 2670 2729 2730 2671
f 3805 3888 3887 3804
f 3775 3859 3860 3776
f 362 374 375 363
f 3155 3194 3195 3156
f 2119 2187 2188 2120
f 2112 2180 2181 2113
f 2546 2612 2613 2547
f 2598 2658 2659 2599
f 3218 3252 3253 3219
f 819 889 890 820
f 3164 3205 3206 3165
f 2486 2541 2542 2487
f 3442 3476 3477 3443
f 708 791 792 709
f 1586 1647 1648 1587
f 1800 1864 1865 1801
f 180 201 202 181
f 2174 2240 2241 2175
f 3813 3896 3897 3814
f 473 538 539 475
f 354 368 369 355
f 2134 2200 2201 2135
f 1799 1863 1862 1798
f 1792 1856 1857 1793
f 2562 2630 2631 2563
f 2790 2866 2867 2791
f 2801 2877 2878 2802
f 3943 4025 4026 3944
f 2157 2223 2224 2158
f 3123 3178 3179 3124
f 1791 1855 1856 1792
f 1768 1832 1833 1769
f 4635 4657 4656 4636
f 3915 4004 4005 3916
f 3853 3943 3944 3854
f 3951 4033 4034 3952
f 787 858 859 789
f 1814 1887 1888 1816
f 1767 1831 1832 1768
f 1712 1775 1776 1713
f 2690 2749 2750 2691
f 3983 4065 4066 3984
f 3877 3967 3968 3878
f 1821 1893 1894 1822
f 1806 1870 1871 1807
f 1751 1753 1752 1691
f 3236 3268 3270 3238
f 492 557 558 491
f 3755 3829 3830 3756
f 2404 2434 2435 2405
f 3991 4073 4074 3992
f 1877 1878 1881 1880
f 1782 1846 1847 1783
f 3737 3812 3813 3738
f 4321 4349 4348 4323
f 2706 2767 2768 2707
f 3739 3814 3815 3740
f 2793 2869 2870 2794
f 1985 2061 2060 1984
f 764 835 836 765
f 1710 1773 1774 1711
f 1960 2036 2037 1961
f 628 703 705 704
f 2950 3023 3024 2951
f 1417 1454 1455 1418
f 3927 4013 4014 3929
f 1781 1845 1846 1782
f 3203 3238 3239 3204
f 3713 3788 3789 3714
f 3978 4060 4061 3979
f 2826 2905 2906 2829
f 2878 2953 2954 2879
f 4047 4128 4129 4048
f 1959 2035 2036 1960
f 3161 3203 3204 3163
f 772 843 844 773
f 3749 3751 3750 3679
f 1725 1788 1789 1726
f 1974 2050 2051 1975
f 2834 2909 2910 2835
f 1856 1928 1929 1857
f 2842 2917 2918 2843
f 2758 2834 2835 2757
f 1611 1672 1673 1612
f 4055 4136 4137 4056
f 859 923 924 860
f 1682 1744 1745 1683
f 1871 1943 1944 1872
f 1848 1920 1921 1849
f 484 485 487 486
f 3795 3879 3880 3796
f 313 327 328 314
f 993 1062 1063 994
f 2609 2671 2672 2610
f 1878 1951 1952 1881
f 1863 1935 1934 1862
f 1952 2028 2029 1953
f 4619 4642 4643 4620
f 3102 3166 3167 3103
f 3989 4071 4072 3990
f 4095 4174 4175 4096
f 1997 2073 2074 1998
f 1870 1942 1943 1871
f 1951 2027 2028 1952
f 3914 4003 4004 3915
f 1076 1139 1140 1077
f 4119 4198 4199 4120
f 4021 4102 4103 4022
f 506 507 509 508
f 1966 2042 2043 1967
f 2786 2864 2863 2788
f 3268 3313 3312 3270
f 2978 3046 3047 2979
f 3907 3996 3998 3909
f 4029 4110 4111 4030
f 4127 4206 4207 4128
f 1901 1970 1971 1902
f 1634 1696 1697 1635
f 868 869 870 798
f 3898 3987 3988 3899
f 1252 1273 1274 1253
f 3899 3988 3989 3900
f 1449 1484 1485 1450
f 3961 4043 4044 3962
f 2778 2855 2856 2779
f 3243 3275 3276 3244
f 2104 2172 2173 2105
f 3098 3162 3161 3097
f 3318 3357 3358 3319
f 3965 4047 4048 3966
f 4063 4144 4145 4064
f 1893 1962 1963 1894
f 1618 1679 1680 1619
f 2111 2179 2180 2112
f 3252 3294 3295 3253
f 1404 1441 1442 1405
f 3278 3321 3322 3279
f 4093 4172 4173 4094
f 3122 3177 3178 3123
f 4101 4180 4181 4102
f 1989 2065 2066 1990
f 780 851 852 781
f 2118 2186 2187 2119
f 426 428 427 395
f 1935 2004 2003 1934
f 1928 1997 1998 1929
f 3153 3192 3193 3154
f 3222 3256 3257 3223
f 689 767 768 690
f 3977 4059 4058 3976
f 883 957 958 884
f 3219 3253 3254 3220
f 1927 1996 1997 1928
f 1920 1989 1990 1921
f 3274 3317 3318 3275
f 3062 3128 3129 3063
f 4133 4212 4213 4134
f 4223 4281 4282 4224
f 418 421 420 419
f 1942 2011 2012 1943
f 1903 1972 1973 1904
f 1896 1965 1966 1897
f 1700 1763 1764 1701
f 2766 2843 2844 2767
f 4197 4255 4256 4198
f 985 1051 1052 986
f 2149 2215 2216 2150
f 1934 2003 2005 1936
f 2802 2878 2879 2803
f 3946 4028 4029 3947
f 3162 3201 3203 3161
f 3699 3700 3702 3701
f 954 1024 1025 955
f 4287 4316 4317 4288
f 867 941 942 866
f 1910 1979 1980 1911
f 1836 1908 1909 1837
f 3300 3338 3339 3301
f 4043 4124 4125 4044
f 2841 2916 2917 2842
f 4319 4346 4347 4320
f 1965 2041 2042 1966
f 1650 1712 1713 1651
f 836 899 900 837
f 4345 4371 4372 4346
f 3418 3452 3453 3419
f 4035 4116 4117 4036
f 4109 4188 4189 4110
f 4327 4353 4354 4328
f 1957 2033 2034 1958
f 3267 3309 3311 3310
f 3729 3804 3806 3731
f 2096 2164 2165 2097
f 1980 2056 2057 1981
f 2857 2932 2933 2858
f 1941 2010 2011 1942
f 3185 3217 3218 3186
f 2103 2171 2172 2104
f 3284 3324 3326 3287
f 3434 3468 3467 3433
f 4019 4100 4101 4020
f 4309 4336 4337 4310
f 2001 2077 2078 2002
f 466 467 469 468
f 2110 2178 2179 2111
f 812 882 883 813
f 1992 2068 2069 1993
f 3590 3662 3663 3591
f 4231 4289 4290 4232
f 3251 3293 3294 3252
f 1984 2060 2062 1986
f 1660 1722 1723 1661
f 3502 3578 3579 3503
f 681 759 760 682
f 4501 4541 4542 4503
f 923 995 996 924
f 2006 2081 2082 2007
f 1999 2075 2076 2000
f 2088 2156 2157 2089
f 1012 1081 1082 1013
f 3414 3448 3449 3415
f 4341 4367 4368 4342
f 4415 4442 4443 4416
f 4042 4123 4124 4043
f 1998 2074 2075 1999
f 1991 2067 2068 1992
f 3962 4044 4045 3963
f 4603 4630 4631 4604
f 4083 4162 4163 4084
f 4365 4391 4392 4366
f 1993 2069 2070 1994
f 2141 2207 2208 2142
f 2102 2170 2171 2103
f 2095 2163 2164 2096
f 3340 3376 3377 3341
f 3618 3621 3620 3619
f 3726 3801 3802 3727
f 4389 4409 4410 4390
f 4431 4468 4469 4432
f 907 978 979 908
f 1666 1728 1729 1667
f 2898 2899 2901 2900
f 2037 2108 2109 2038
f 4471 4519 4520 4472
f 3315 3354 3355 3316
f 876 950 951 877
f 3954 4036 4037 3955
f 2436 2466 2467 2437
f 4195 4252 4254 4196
f 1513 1514 1516 1515
f 4479 4527 4528 4480
f 4505 4543 4544 4506
f 1658 1720 1721 1659
f 2818 2890 2891 2819
f 4480 4528 4529 4481
f 3658 3739 3740 3659
f 4187 4250 4251 4188
f 4317 4344 4345 4318
f 3993 4075 4076 3994
f 2133 2199 2200 2134
f 3316 3355 3356 3317
f 4535 4573 4574 4536
f 3698 3775 3776 3700
f 3894 3983 3984 3895
f 4445 4482 4483 4446
f 4447 4450 4449 4448
f 482 483 485 484
f 3291 3329 3330 3292
f 852 915 916 853
f 2064 2132 2133 2065
f 1066 1133 1132 1068
f 3846 3939 3940 3848
f 4485 4486 4489 4488
f 4009 4090 4091 4010
f 955 1025 1026 956
f 3299 3337 3338 3300
f 2071 2139 2140 2072
f 2048 2119 2120 2049
f 3714 3789 3790 3715
f 3806 3889 3890 3807
f 1465 1499 1500 1466
f 1820 1892 1893 1821
f 474 475 476 421
f 2070 2138 2139 2071
f 2063 2131 2132 2064
f 2024 2095 2096 2025
f 2196 2249 2250 2197
f 3766 3767 3770 3769
f 4477 4525 4526 4478
f 3913 4002 4003 3914
f 4589 4616 4617 4590
f 2062 2130 2131 2063
f 2039 2110 2111 2040
f 1968 2044 2045 1969
f 3834 3917 3918 3835
f 3422 3456 3455 3421
f 4493 4535 4536 4494
f 2255 2302 2303 2256
f 939 1010 1011 941
f 2038 2109 2110 2039
f 1967 2043 2044 1968
f 1840 1912 1913 1841
f 2892 2969 2970 2893
f 4054 4135 4136 4055
f 4517 4555 4556 4518
f 4686 4706 4707 4687
f 3930 3931 3933 3932
f 1632 1633 1634 1567
f 4387 4407 4408 4388
f 4525 4563 4564 4526
f 4623 4646 4647 4624
f 2101 2169 2170 2102
f 1982 2058 2059 1983
f 1847 1919 1920 1848
f 968 1034 1035 969
f 3052 3118 3119 3053
f 4371 4397 4398 4372
f 2873 2948 2949 2874
f 1025 1094 1095 1026
f 2093 2161 2162 2094
f 1862 1934 1936 1864
f 1575 1641 1642 1577
f 2256 2303 2304 2257
f 3970 4052 4053 3971
f 4551 4589 4590 4552
f 4461 4509 4510 4462
f 2069 2137 2138 2070
f 1566 1635 1636 1568
f 959 1029 1030 960
f 4588 4615 4616 4589
f 3244 3276 3277 3245
f 4339 4365 4366 4340
f 2075 2143 2144 2076
f 4687 4707 4708 4688
f 2005 2079 2081 2006
f 958 1028 1029 959
f 2906 2979 2980 2907
f 3956 4038 4039 3957
f 642 643 645 644
f 4134 4213 4214 4135
f 1899 1968 1969 1900
f 4695 4715 4716 4696
f 1885 1954 1955 1886
f 2286 2326 2325 2287
f 1524 1588 1589 1526
f 3644 3725 3726 3645
f 2820 2892 2893 2821
f 4078 4159 4158 4080
f 842 905 906 843
f 521 597 598 522
f 1597 1658 1659 1598
f 1746 1808 1809 1747
f 1236 1256 1258 1237
f 2248 2295 2294 2247
f 2164 2230 2231 2165
f 3966 4048 4049 3967
f 2317 2353 2354 2318
f 4584 4611 4612 4585
f 4459 4460 4461 4423
f 4727 4745 4746 4728
f 4666 4686 4687 4667
f 4555 4593 4594 4556
f 2247 2294 2296 2249
f 4626 4649 4650 4627
f 3564 3565 3567 3566
f 4334 4360 4361 4335
f 4669 4689 4690 4670
f 4791 4799 4801 4794
f 618 694 695 619
f 3923 4011 4012 3925
f 3897 3986 3987 3898
f 3412 3446 3447 3413
f 4114 4193 4194 4115
f 4531 4569 4571 4533
f 721 808 809 722
f 2270 2316 2317 2271
f 1603 1664 1665 1604
f 940 1009 1010 939
f 4433 4470 4471 4434
f 3660 3741 3742 3661
f 4523 4561 4562 4524
f 4613 4636 4637 4614
f 4815 4825 4826 4817
f 1291 1335 1336 1292
f 724 811 812 725
f 3817 3900 3901 3818
f 2424 2454 2453 2423
f 202 223 224 203
f 4507 4545 4546 4508
f 377 391 392 378
f 2105 2173 2174 2106
f 2825 2826 2829 2828
f 3387 3422 3421 3386
f 2431 2461 2462 2432
f 3396 3431 3432 3397
f 3828 3911 3912 3829
f 4470 4518 4519 4471
f 4741 4756 4757 4742
f 4703 4722 4723 4704
f 2309 2345 2346 2310
f 3273 3316 3317 3274
f 932 1000 1001 934
f 2216 2269 2270 2217
f 2223 2276 2277 2224
f 4146 4223 4224 4147
f 4414 4441 4442 4415
f 4749 4764 4765 4750
f 2369 2401 2402 2370
f 2229 2282 2283 2230
f 2446 2476 2477 2447
f 2215 2268 2269 2216
f 2208 2261 2262 2209
f 609 685 686 610
f 4286 4315 4316 4287
f 4709 4728 4729 4710
f 56 80 82 57
f 1043 1109 1110 1044
f 3371 3408 3409 3372
f 2175 2241 2242 2176
f 4805 4809 4811 4810
f 3974 4056 4057 3975
f 257 274 275 258
f 2689 2748 2749 2690
f 2238 2291 2292 2239
f 2866 2941 2942 2867
f 2168 2234 2235 2169
f 4434 4471 4472 4435
f 161 183 184 162
f 14 37 38 16
f 96 119 120 97
f 2461 2491 2492 2462
f 2230 2283 2284 2231
f 980 1046 1047 981
f 4010 4091 4092 4011
f 4108 4187 4188 4109
f 3849 3850 3852 3851
f 2206 2259 2260 2207
f 3452 3486 3487 3453
f 4580 4608 4607 4581
f 2222 2275 2276 2223
f 22 41 42 24
f 120 143 144 121
f 1027 1096 1097 1028
f 1714 1777 1778 1715
f 2423 2453 2455 2425
f 2361 2393 2392 2360
f 4506 4544 4545 4507
f 4661 4681 4682 4662
f 1561 1620 1621 1562
f 128 151 152 129
f 2269 2315 2316 2270
f 3419 3453 3454 3420
f 4300 4327 4328 4301
f 2416 2446 2447 2417
f 4704 4723 4724 4705
f 2227 2280 2281 2228
f 3538 3539 3541 3540
f 2261 2308 2309 2262
f 1777 1841 1842 1778
f 956 1026 1027 957
f 3436 3470 3471 3437
f 4288 4317 4318 4289
f 4798 4803 4805 4804
f 1785 1849 1850 1786
f 4710 4729 4730 4711
f 64 89 90 65
f 2221 2274 2275 2222
f 2438 2468 2469 2439
f 2295 2331 2330 2294
f 2304 2340 2341 2305
f 4772 4783 4784 4773
f 4030 4111 4112 4031
f 110 133 134 111
f 176 197 198 177
f 458 527 528 459
f 3403 3437 3438 3404
f 2287 2325 2327 2288
f 2296 2332 2333 2297
f 4610 4634 4633 4611
f 3790 3874 3875 3791
f 2929 3002 3003 2930
f 1075 1138 1139 1076
f 200 221 222 201
f 2318 2354 2355 2319
f 2415 2445 2446 2416
f 3460 3493 3494 3461
f 4028 4109 4110 4029
f 4715 4734 4735 4716
f 142 165 166 143
f 216 235 236 217
f 1481 1541 1542 1482
f 2310 2346 2347 2311
f 3444 3478 3479 3445
f 2408 2438 2439 2409
f 119 142 143 120
f 174 195 196 175
f 1089 1152 1153 1090
f 2453 2483 2485 2455
f 1705 1768 1769 1706
f 2882 2959 2958 2881
f 4026 4107 4108 4027
f 2148 2214 2213 2147
f 12 36 37 14
f 182 203 204 183
f 248 263 265 247
f 1123 1125 1124 1058
f 2430 2460 2461 2431
f 1036 1102 1103 1037
f 2352 2384 2385 2353
f 4699 4717 4719 4700
f 2357 2389 2390 2358
f 280 296 297 281
f 1730 1793 1794 1731
f 2874 2949 2950 2875
f 4018 4099 4100 4019
f 35 56 57 36
f 4739 4754 4755 4740
f 873 947 948 874
f 3797 3881 3882 3798
f 2349 2381 2380 2348
f 2366 2398 2399 2367
f 2728 2789 2790 2729
f 4803 4808 4809 4805
f 185 206 207 186
f 4065 4146 4147 4066
f 2445 2475 2476 2446
f 1722 1785 1786 1723
f 2727 2788 2789 2728
f 3468 3501 3500 3467
f 27 28 30 29
f 255 272 273 256
f 262 264 263 248
f 3570 3571 3573 3572
f 570 571 573 572
f 2742 2803 2804 2743
f 1020 1089 1090 1021
f 2384 2415 2416 2385
f 83 106 107 84
f 4081 4160 4161 4082
f 254 271 272 255
f 1107 1166 1167 1108
f 3435 3469 3470 3436
f 2383 2414 2415 2384
f 2376 2408 2409 2377
f 4644 4665 4666 4645
f 4 32 31 3
f 777 848 849 778
f 3722 3797 3798 3723
f 554 555 557 492
f 2344 2374 2375 2345
f 2375 2407 2408 2376
f 179 200 201 180
f 79 99 101 100
f 294 307 306 293
f 233 251 252 234
f 2733 2794 2795 2734
f 2398 2428 2429 2399
f 2343 2373 2374 2344
f 2272 2318 2319 2273
f 163 185 186 164
f 4604 4631 4632 4605
f 310 324 325 311
f 472 473 475 474
f 1091 1154 1155 1092
f 2390 2421 2422 2391
f 2263 2310 2311 2264
f 391 402 403 392
f 139 162 163 140
f 326 340 341 327
f 504 505 507 506
f 2421 2451 2452 2422
f 2358 2390 2391 2359
f 1068 1132 1134 1069
f 4066 4147 4148 4067
f 259 276 277 260
f 156 178 179 157
f 2945 3018 3019 2946
f 2294 2330 2332 2296
f 2413 2443 2444 2414
f 3785 3869 3870 3786
f 3516 3592 3593 3517
f 347 359 361 346
f 148 170 172 150
f 270 285 286 271
f 512 513 515 514
f 2389 2420 2421 2390
f 3483 3516 3517 3484
f 2551 2617 2618 2552
f 4401 4429 4430 4403
f 323 337 338 324
f 543 619 620 544
f 1146 1200 1201 1147
f 2065 2133 2134 2066
f 2333 2363 2364 2334
f 2552 2618 2619 2553
f 2970 3038 3039 2971
f 693 771 772 694
f 519 595 596 520
f 1426 1462 1463 1427
f 376 390 391 377
f 2681 2740 2741 2682
f 3233 3266 3267 3235
f 2455 2485 2486 2456
f 3540 3541 3543 3542
f 147 149 148 127
f 4648 4669 4670 4649
f 463 532 533 464
f 1163 1212 1213 1164
f 2447 2477 2478 2448
f 475 539 540 476
f 153 175 176 154
f 2649 2711 2712 2650
f 2543 2609 2610 2544
f 459 528 529 460
f 470 471 473 472
f 2581 2646 2647 2583
f 2922 2995 2996 2923
f 510 511 513 512
f 610 686 687 611
f 2550 2616 2617 2551
f 1100 1159 1158 1099
f 2464 2494 2495 2465
f 547 623 624 548
f 359 371 373 361
f 438 516 517 437
f 576 577 579 578
f 2525 2526 2528 2527
f 1882 1883 1885 1884
f 2914 2987 2988 2915
f 2456 2486 2487 2457
f 643 724 725 645
f 3190 3222 3223 3191
f 1521 1587 1588 1524
f 2478 2508 2509 2479
f 2517 2518 2520 2519
f 2719 2780 2781 2720
f 2544 2610 2611 2545
f 619 695 696 620
f 663 741 742 664
f 422 423 425 424
f 520 596 597 521
f 2573 2642 2643 2575
f 2462 2492 2493 2463
f 1084 1147 1148 1085
f 4058 4139 4141 4060
f 603 679 680 604
f 1017 1086 1087 1018
f 2542 2608 2609 2543
f 3508 3584 3585 3509
f 332 349 350 334
f 544 620 621 545
f 1762 1826 1827 1763
f 4050 4131 4132 4051
f 324 338 339 325
f 552 626 628 627
f 3523 3609 3610 3524
f 584 660 661 585
f 502 585 586 505
f 1754 1818 1819 1755
f 1693 1756 1757 1694
f 1858 1930 1931 1859
f 592 668 669 593
f 2734 2795 2796 2735
f 2720 2781 2782 2721
f 839 902 903 840
f 3610 3683 3684 3611
f 3507 3583 3584 3508
f 3572 3573 3575 3574
f 528 604 605 529
f 518 594 595 519
f 538 614 615 539
f 2518 2594 2595 2520
f 2495 2550 2551 2496
f 2584 2585 2587 2586
f 411 462 463 413
f 759 831 830 760
f 801 802 804 803
f 4113 4192 4193 4114
f 1219 1245 1246 1220
f 2590 2591 2592 2516
f 2487 2542 2543 2488
f 2576 2577 2579 2578
f 514 515 516 438
f 623 699 700 624
f 550 625 626 552
f 530 606 607 531
f 656 734 735 657
f 2510 2565 2566 2511
f 2519 2520 2522 2521
f 2496 2551 2552 2497
f 779 850 851 780
f 367 379 380 368
f 646 647 649 648
f 2073 2141 2142 2074
f 2725 2786 2788 2727
f 2646 2708 2709 2647
f 2620 2682 2683 2621
f 1179 1228 1229 1180
f 566 651 652 569
f 17 18 20 19
f 2557 2625 2624 2556
f 2938 3011 3013 2940
f 763 834 835 764
f 2985 3053 3054 2986
f 2549 2615 2616 2550
f 1140 1194 1195 1141
f 731 818 819 732
f 526 602 603 527
f 2501 2556 2558 2503
f 3801 3885 3886 3802
f 4074 4155 4156 4075
f 394 429 430 396
f 2850 2925 2926 2851
f 3001 3069 3070 3002
f 760 830 832 761
f 2161 2227 2228 2162
f 3603 3671 3673 3672
f 2711 2772 2773 2712
f 3524 3610 3611 3525
f 1003 1006 1005 1004
f 2814 2886 2885 2813
f 718 719 721 720
f 915 986 987 916
f 3555 3637 3638 3557
f 1259 1279 1280 1260
f 1116 1175 1176 1117
f 4417 4444 4445 4418
f 851 914 915 852
f 500 503 502 501
f 654 732 733 655
f 768 839 840 769
f 2673 2732 2733 2674
f 3257 3299 3300 3258
f 2591 2651 2652 2592
f 2712 2773 2774 2713
f 1869 1941 1942 1870
f 2782 2859 2860 2783
f 3033 3099 3100 3034
f 696 774 775 697
f 2717 2778 2779 2718
f 3596 3599 3598 3597
f 1119 1178 1179 1120
f 686 764 765 687
f 664 742 743 665
f 1243 1264 1265 1244
f 2726 2787 2786 2725
f 2583 2647 2648 2585
f 2608 2670 2671 2609
f 1045 1111 1112 1046
f 975 1041 1042 976
f 2600 2660 2661 2601
f 4612 4635 4636 4613
f 2703 2764 2765 2704
f 3539 3629 3630 3541
f 2704 2765 2766 2705
f 2213 2266 2268 2215
f 572 573 575 574
f 710 793 794 711
f 832 894 896 833
f 2613 2675 2676 2614
f 2614 2676 2677 2615
f 2954 3027 3028 2955
f 4090 4169 4170 4091
f 1147 1201 1202 1148
f 1343 1364 1363 1342
f 726 813 814 727
f 840 903 904 841
f 2605 2668 2669 2607
f 2606 2666 2668 2605
f 1212 1238 1239 1213
f 3620 3704 3705 3623
f 1267 1287 1288 1268
f 604 680 681 605
f 1545 1605 1606 1546
f 2081 2149 2150 2082
f 2709 2770 2771 2710
f 662 740 741 663
f 596 672 673 597
f 872 946 947 873
f 594 670 671 595
f 2718 2779 2780 2719
f 2946 3019 3020 2947
f 4082 4161 4162 4083
f 1251 1272 1273 1252
f 644 645 647 646
f 814 884 885 815
f 896 966 968 897
f 1512 1568 1569 1514
f 1802 1866 1867 1803
f 3311 3348 3350 3349
f 3344 3380 3381 3345
f 1283 1327 1328 1284
f 1527 1528 1530 1529
f 822 892 893 823
f 3587 3659 3660 3588
f 586 662 663 587
f 1164 1213 1214 1165
f 3588 3660 3661 3589
f 1035 1101 1102 1036
f 1423 1458 1460 1424
f 1402 1439 1440 1403
f 904 975 976 905
f 3365 3402 3403 3366
f 1794 1858 1859 1795
f 918 920 919 857
f 4145 4222 4223 4146
f 1370 1407 1408 1371
f 1287 1331 1332 1288
f 848 911 912 849
f 1275 1295 1296 1276
f 3390 3425 3426 3391
f 2671 2730 2731 2672
f 2672 2731 2732 2673
f 1403 1440 1441 1404
f 983 1049 1050 984
f 894 967 966 896
f 4161 4237 4238 4162
f 2685 2744 2746 2687
f 3571 3645 3646 3573
f 2655 2717 2718 2656
f 2656 2718 2719 2657
f 1387 1422 1421 1386
f 1631 1694 1695 1633
f 3017 3085 3086 3018
f 2428 2458 2459 2429
f 2677 2736 2737 2678
f 2694 2753 2754 2695
f 2631 2691 2692 2632
f 2696 2699 2698 2697
f 1371 1408 1409 1372
f 908 979 980 909
f 1537 1597 1598 1538
f 2686 2745 2744 2685
f 2653 2715 2716 2654
f 2559 2627 2628 2560
f 2560 2628 2629 2561
f 1467 1501 1502 1468
f 1695 1758 1759 1696
f 1354 1375 1376 1355
f 2049 2120 2121 2050
f 2589 2650 2651 2591
f 2654 2716 2717 2655
f 2439 2469 2470 2440
f 2432 2462 2463 2433
f 1555 1613 1615 1556
f 796 797 800 799
f 2523 2524 2526 2525
f 1008 1077 1078 1009
f 2469 2499 2500 2470
f 2558 2626 2627 2559
f 674 752 753 675
f 2454 2484 2483 2453
f 1539 1599 1600 1540
f 1491 1551 1552 1492
f 2832 2833 2834 2758
f 1775 1839 1840 1776
f 1497 1555 1556 1498
f 1032 1100 1099 1034
f 2845 2920 2921 2846
f 3627 3708 3709 3628
f 2017 2018 2020 2019
f 4306 4333 4334 4307
f 1355 1376 1377 1356
f 2840 2915 2916 2841
f 2237 2290 2291 2238
f 1040 1106 1107 1041
f 1697 1760 1761 1698
f 4202 4260 4261 4203
f 2854 2929 2930 2855
f 762 833 834 763
f 2847 2922 2923 2848
f 2752 2821 2822 2753
f 1675 1737 1736 1674
f 1703 1766 1767 1704
f 1006 1075 1076 1005
f 1081 1144 1145 1082
f 2805 2808 2807 2806
f 1890 1959 1960 1891
f 3042 3108 3109 3043
f 3948 4030 4031 3949
f 1659 1721 1722 1660
f 1599 1660 1661 1600
f 1046 1112 1113 1047
f 1056 1057 1059 991
f 1595 1656 1657 1596
f 2830 2831 2833 2832
f 2751 2820 2821 2752
f 2896 2897 2899 2898
f 1747 1809 1810 1748
f 788 856 858 787
f 1054 1120 1122 1121
f 3005 3073 3074 3006
f 2837 2912 2913 2838
f 2750 2819 2820 2751
f 1580 1581 1583 1582
f 4130 4209 4210 4131
f 1911 1980 1981 1912
f 1136 1190 1191 1137
f 626 702 703 628
f 2846 2921 2922 2847
f 2839 2914 2915 2840
f 3708 3783 3784 3709
f 1835 1907 1908 1836
f 1855 1927 1928 1856
f 769 840 841 770
f 1041 1107 1108 1042
f 1363 1400 1402 1365
f 1826 1898 1899 1827
f 2986 3054 3055 2987
f 4122 4201 4202 4123
f 898 969 970 899
f 884 958 959 885
f 982 1048 1049 983
f 2992 3060 3061 2993
f 1276 1296 1298 1297
f 737 824 825 738
f 3659 3740 3741 3660
f 2753 2822 2823 2754
f 3889 3978 3979 3890
f 3684 3757 3758 3685
f 1883 1953 1954 1885
f 860 924 925 861
f 1118 1177 1178 1119
f 1176 1225 1226 1177
f 2989 3057 3058 2990
f 3345 3381 3382 3346
f 2991 3059 3060 2992
f 2800 2876 2877 2801
f 2047 2118 2119 2048
f 1240 1261 1262 1241
f 3022 3090 3091 3023
f 1126 1183 1184 1127
f 1975 2051 2052 1976
f 1347 1368 1369 1348
f 1260 1280 1281 1261
f 1643 1705 1706 1644
f 1879 1949 1951 1878
f 729 816 817 730
f 1248 1269 1270 1249
f 2813 2885 2887 2815
f 3643 3724 3725 3644
f 2815 2887 2888 2816
f 2792 2868 2869 2793
f 1963 2039 2040 1964
f 1607 1668 1669 1608
f 1166 1215 1216 1167
f 2169 2235 2236 2170
f 2797 2873 2874 2798
f 2822 2894 2895 2823
f 2807 2881 2883 2810
f 2768 2845 2846 2769
f 2019 2020 2022 2021
f 612 688 689 613
f 1630 1631 1633 1632
f 1144 1198 1199 1145
f 2773 2850 2851 2774
f 2602 2662 2663 2603
f 2783 2860 2861 2784
f 4154 4231 4232 4155
f 1939 2008 2009 1940
f 4638 4659 4660 4639
f 1214 1240 1241 1215
f 4217 4275 4274 4216
f 714 717 716 715
f 3740 3815 3816 3741
f 3034 3100 3101 3035
f 2011 2086 2087 2012
f 1044 1110 1111 1045
f 1222 1248 1249 1223
f 1336 1357 1358 1337
f 1395 1426 1427 1397
f 2618 2680 2681 2619
f 1332 1353 1354 1333
f 4449 4495 4496 4452
f 2115 2183 2184 2116
f 1028 1097 1098 1029
f 1625 1685 1687 1686
f 513 590 591 515
f 2713 2774 2775 2714
f 1850 1922 1923 1851
f 3833 3916 3917 3834
f 2984 3052 3053 2985
f 2351 2383 2384 2352
f 2091 2159 2160 2092
f 1134 1189 1188 1135
f 3715 3790 3791 3716
f 2981 3049 3050 2982
f 2983 3051 3052 2984
f 3724 3799 3800 3725
f 2155 2221 2222 2156
f 2271 2317 2318 2272
f 3065 3131 3132 3066
f 1384 1387 1386 1385
f 1379 1416 1417 1380
f 3297 3335 3336 3298
f 1292 1336 1337 1293
f 1923 1992 1993 1924
f 1294 1338 1339 1295
f 2877 2952 2953 2878
f 2879 2954 2955 2880
f 2872 2947 2948 2873
f 4121 4200 4201 4122
f 2116 2184 2185 2117
f 361 373 374 362
f 1376 1413 1414 1377
f 2869 2944 2945 2870
f 3014 3082 3083 3015
f 2871 2946 2947 2872
f 2864 2939 2938 2863
f 1051 1117 1118 1052
f 1092 1155 1156 1093
f 1350 1371 1372 1351
f 1400 1437 1439 1402
f 2973 3041 3042 2974
f 3771 3772 3773 3696
f 2975 3043 3044 2976
f 2976 3044 3045 2977
f 4738 4752 4754 4739
f 2527 2528 2530 2529
f 1366 1403 1404 1367
f 2121 2189 2190 2122
f 658 736 737 659
f 2894 2971 2972 2895
f 3026 3094 3095 3027
f 4186 4249 4250 4187
f 1178 1227 1228 1179
f 1228 1254 1255 1229
f 1374 1411 1412 1375
f 1344 1365 1366 1345
f 1427 1463 1464 1428
f 2886 2963 2962 2885
f 1388 1389 1391 1390
f 3788 3872 3873 3789
f 1577 1642 1643 1579
f 1220 1246 1247 1221
f 1456 1491 1492 1457
f 650 728 729 651
f 3289 3327 3329 3291
f 3018 3086 3087 3019
f 4162 4238 4239 4163
f 2427 2457 2458 2428
f 1172 1221 1222 1173
f 1326 1347 1348 1327
f 1464 1498 1499 1465
f 3357 3392 3393 3358
f 3006 3074 3075 3007
f 3303 3341 3342 3304
f 3336 3372 3373 3337
f 2411 2441 2443 2413
f 2639 2700 2701 2638
f 1470 1503 1504 1472
f 1478 1538 1539 1479
f 2575 2643 2644 2577
f 2113 2181 2182 2114
f 1411 1448 1449 1412
f 292 294 293 279
f 1348 1369 1370 1349
f 3772 3856 3857 3773
f 2339 2369 2370 2340
f 2463 2493 2494 2464
f 3089 3153 3154 3090
f 1488 1548 1549 1489
f 2941 3014 3015 2942
f 2942 3015 3016 2943
f 2943 3016 3017 2944
f 2944 3017 3018 2945
f 2203 2256 2257 2204
f 2159 2225 2226 2160
f 1518 1571 1573 1572
f 1576 1577 1579 1578
f 2933 3006 3007 2934
f 2522 2596 2597 2524
f 2935 3008 3009 2936
f 2936 3009 3010 2937
f 2555 2621 2623 2622
f 2791 2867 2868 2792
f 1526 1589 1590 1528
f 1584 1585 1586 1522
f 2909 2982 2983 2910
f 3382 3419 3420 3383
f 2911 2984 2985 2912
f 2912 2985 2986 2913
f 2539 2605 2607 2541
f 1364 1401 1400 1363
f 1534 1594 1593 1533
f 4233 4291 4292 4234
f 2853 2928 2929 2854
f 3731 3806 3807 3732
f 2855 2930 2931 2856
f 2848 2923 2924 2849
f 2507 2562 2563 2508
f 1102 1161 1162 1103
f 3081 3145 3146 3082
f 1472 1504 1506 1505
f 1507 1510 1509 1508
f 2982 3050 3051 2983
f 1380 1417 1418 1381
f 3852 3942 3943 3853
f 2611 2673 2674 2612
f 4281 4310 4311 4282
f 1486 1546 1547 1487
f 2729 2790 2791 2730
f 2974 3042 3043 2975
f 3857 3947 3948 3858
f 3820 3903 3904 3821
f 2755 2758 2757 2756
f 1356 1377 1378 1357
f 3097 3161 3163 3099
f 3994 4076 4077 3995
f 3181 3213 3215 3183
f 2934 3007 3008 2935
f 3143 3183 3184 3145
f 4465 4513 4514 4466
f 2683 2742 2743 2684
f 2919 2992 2993 2920
f 1698 1761 1762 1699
f 2870 2945 2946 2871
f 3152 3191 3192 3153
f 1410 1447 1448 1411
f 1396 1397 1399 1398
f 353 367 368 354
f 1608 1669 1670 1609
f 738 825 826 739
f 3851 3852 3853 3768
f 3106 3170 3171 3107
f 4298 4325 4326 4299
f 1636 1698 1699 1637
f 2759 2836 2837 2760
f 1646 1708 1709 1647
f 505 586 587 507
f 3013 3081 3082 3014
f 3843 3844 3846 3845
f 3015 3083 3084 3016
f 3024 3092 3093 3025
f 4629 4652 4653 4630
f 1428 1464 1465 1430
f 1670 1732 1733 1671
f 1648 1710 1711 1649
f 2780 2857 2858 2781
f 3313 3352 3351 3312
f 3007 3075 3076 3008
f 3016 3084 3085 3017
f 2827 2904 2905 2826
f 3063 3129 3130 3064
f 1678 1740 1741 1679
f 1672 1734 1735 1673
f 3165 3206 3207 3166
f 3198 3230 3231 3199
f 3119 3173 3175 3120
f 3144 3181 3183 3143
f 2803 2879 2880 2804
f 1572 1573 1575 1574
f 1593 1654 1656 1595
f 1680 1742 1743 1681
f 3061 3127 3128 3062
f 1962 2038 2039 1963
f 3058 3124 3125 3059
f 4218 4276 4277 4219
f 2899 2974 2975 2901
f 1516 1570 1571 1518
f 1614 1675 1674 1613
f 3844 3938 3939 3846
f 1436 1468 1470 1469
f 2979 3047 3048 2980
f 1484 1544 1545 1485
f 1758 1822 1823 1759
f 2137 2203 2204 2138
f 690 768 769 691
f 3054 3120 3121 3055
f 3050 3116 3117 3051
f 4210 4268 4269 4211
f 1530 1591 1592 1532
f 3223 3257 3258 3224
f 1766 1830 1831 1767
f 1616 1677 1678 1617
f 1483 1543 1544 1484
f 3038 3104 3105 3039
f 3295 3333 3334 3296
f 3159 3198 3199 3160
f 2947 3020 3021 2948
f 761 832 833 762
f 1744 1806 1807 1745
f 682 760 761 683
f 2498 2553 2554 2499
f 1412 1449 1450 1413
f 3328 3364 3363 3327
f 2779 2856 2857 2780
f 3023 3091 3092 3024
f 1798 1862 1864 1800
f 1906 1975 1976 1907
f 3087 3151 3152 3088
f 3924 3925 3927 3926
f 3107 3171 3172 3108
f 2767 2844 2845 2768
f 1822 1894 1895 1823
f 1752 1817 1818 1754
f 3088 3152 3153 3089
f 3079 3143 3145 3081
f 3091 3155 3156 3092
f 49 68 69 51
f 1830 1902 1903 1831
f 1057 1126 1127 1059
f 3341 3377 3378 3342
f 3811 3894 3895 3812
f 3055 3121 3122 3056
f 3080 3144 3143 3079
f 3075 3141 3142 3076
f 3359 3394 3395 3360
f 3121 3176 3177 3122
f 1784 1848 1849 1785
f 1523 1524 1526 1525
f 1898 1967 1968 1899
f 3074 3140 3141 3075
f 3056 3122 3123 3057
f 1676 1738 1739 1677
f 3195 3227 3228 3196
f 1774 1838 1839 1775
f 1808 1872 1873 1809
f 3101 3165 3166 3102
f 3374 3411 3412 3375
f 1468 1502 1503 1470
f 3224 3258 3259 3225
f 3275 3318 3319 3276
f 1668 1730 1731 1669
f 3787 3871 3872 3788
f 3093 3157 3158 3094
f 3873 3963 3964 3874
f 4242 4299 4300 4243
f 3259 3301 3302 3260
f 1652 1714 1715 1653
f 1953 2029 2030 1954
f 1880 1881 1883 1882
f 3053 3119 3120 3054
f 3158 3197 3198 3159
f 3279 3322 3323 3281
f 3916 4005 4006 3917
f 3283 3284 3287 3286
f 3511 3587 3588 3512
f 1894 1963 1964 1895
f 4297 4324 4325 4298
f 3245 3277 3278 3246
f 3150 3189 3190 3151
f 1452 1487 1488 1453
f 4481 4529 4530 4482
f 3439 3473 3474 3440
f 3059 3125 3126 3060
f 2810 2883 2884 2812
f 1760 1824 1825 1761
f 1579 1643 1644 1581
f 3094 3158 3159 3095
f 3183 3215 3216 3184
f 3320 3359 3360 3321
f 998 1066 1068 1000
f 3327 3363 3365 3329
f 1926 1995 1996 1927
f 1547 1607 1608 1548
f 3167 3208 3209 3168
f 3860 3950 3951 3861
f 2331 2361 2360 2330
f 1740 1802 1803 1741
f 1950 2025 2026 1949
f 4313 4340 4341 4314
f 2809 2810 2812 2811
f 1930 1999 2000 1931
f 3271 3314 3315 3272
f 3232 3233 3235 3234
f 3467 3500 3502 3469
f 286 302 303 287
f 1958 2034 2035 1959
f 1872 1944 1945 1873
f 3333 3369 3370 3334
f 3859 3949 3950 3860
f 3090 3154 3155 3091
f 3475 3508 3509 3476
f 1499 1557 1558 1500
f 1049 1115 1116 1050
f 3329 3365 3366 3330
f 1500 1558 1559 1501
f 3192 3224 3225 3193
f 1810 1874 1875 1811
f 3679 3750 3752 3678
f 1609 1670 1671 1610
f 1912 1981 1982 1913
f 3221 3255 3256 3222
f 3366 3403 3404 3367
f 3082 3146 3147 3083
f 1876 1879 1878 1877
f 1902 1971 1972 1903
f 1005 1076 1077 1008
f 3563 3641 3642 3565
f 3312 3351 3353 3314
f 1804 1868 1869 1805
f 2014 2089 2090 2015
f 1936 2005 2006 1937
f 3213 3249 3248 3215
f 3827 3910 3911 3828
f 4527 4565 4566 4528
f 4282 4311 4312 4283
f 3547 3633 3634 3549
f 166 188 189 167
f 2022 2094 2095 2024
f 1944 2013 2014 1945
f 3317 3356 3357 3318
f 3238 3270 3271 3239
f 1476 1536 1537 1477
f 3908 3997 3996 3907
f 3619 3620 3623 3622
f 3791 3875 3876 3792
f 1601 1662 1663 1602
f 2153 2219 2220 2154
f 3230 3264 3265 3231
f 3247 3279 3281 3280
f 4274 4303 4305 4276
f 3379 3416 3417 3380
f 3751 3825 3824 3750
f 2054 2125 2126 2055
f 1888 1957 1958 1889
f 722 809 810 723
f 3398 3400 3399 3364
f 3239 3271 3272 3240
f 1571 1639 1640 1573
f 2000 2076 2077 2001
f 3623 3705 3706 3625
f 3747 3822 3823 3748
f 4582 4609 4610 4583
f 2008 2083 2084 2009
f 706 790 791 708
f 132 155 156 133
f 3215 3248 3250 3216
f 4472 4520 4521 4473
f 3707 3782 3783 3708
f 3335 3371 3372 3336
f 2086 2154 2155 2087
f 2145 2211 2212 2146
f 4581 4607 4609 4582
f 3891 3980 3981 3892
f 3151 3190 3191 3152
f 3892 3981 3982 3893
f 3763 3837 3838 3764
f 366 378 379 367
f 804 874 875 805
f 2040 2111 2112 2041
f 1563 1622 1623 1565
f 2999 3067 3068 3000
f 3046 3112 3113 3047
f 3272 3315 3316 3273
f 1956 2032 2033 1957
f 3169 3210 3211 3170
f 2072 2140 2141 2073
f 3293 3331 3332 3294
f 1657 1719 1720 1658
f 2735 2796 2797 2736
f 3264 3306 3307 3265
f 3867 3957 3958 3868
f 1940 2009 2010 1941
f 3240 3272 3273 3241
f 3423 3457 3458 3424
f 3835 3918 3919 3836
f 1924 1993 1994 1925
f 2030 2101 2102 2031
f 2080 2148 2147 2079
f 3285 3325 3324 3284
f 1938 2007 2008 1939
f 3210 3245 3246 3211
f 3200 3202 3201 3162
f 3819 3902 3903 3820
f 4087 4166 4167 4088
f 3193 3225 3226 3194
f 4337 4363 4364 4338
f 3253 3295 3296 3254
f 4566 4604 4605 4567
f 2108 2176 2177 2109
f 3000 3068 3069 3001
f 3651 3732 3733 3652
f 4023 4104 4105 4024
f 3035 3101 3102 3036
f 2016 2091 2092 2018
f 2736 2797 2798 2737
f 1884 1885 1886 1815
f 2214 2267 2266 2213
f 3911 4000 4001 3912
f 1585 1646 1647 1586
f 4353 4379 4380 4354
f 3189 3221 3222 3190
f 3875 3965 3966 3876
f 3415 3449 3450 3416
f 2297 2333 2334 2298
f 3979 4061 4062 3980
f 3334 3370 3371 3335
f 3044 3110 3111 3045
f 4685 4705 4706 4686
f 2997 3065 3066 2998
f 3302 3340 3341 3303
f 3154 3193 3194 3155
f 3472 3505 3506 3473
f 3963 4045 4046 3964
f 1996 2072 2073 1997
f 2254 2301 2302 2255
f 2129 2195 2194 2128
f 2741 2802 2803 2742
f 3270 3312 3314 3271
f 1588 1649 1650 1589
f 4370 4396 4397 4371
f 4051 4132 4133 4052
f 4279 4308 4309 4280
f 2262 2309 2310 2263
f 4639 4660 4661 4640
f 3485 3518 3519 3486
f 3206 3241 3242 3207
f 817 887 888 818
f 2092 2160 2161 2093
f 2200 2253 2254 2201
f 914 985 986 915
f 3030 3098 3097 3032
f 4025 4106 4107 4026
f 3360 3395 3396 3361
f 4131 4210 4211 4132
f 2084 2152 2153 2085
f 3497 3529 3530 3498
f 2224 2277 2278 2225
f 4276 4305 4306 4277
f 3591 3663 3664 3592
f 4115 4194 4195 4116
f 2068 2136 2137 2069
f 2334 2364 2365 2335
f 2232 2285 2286 2233
f 2171 2237 2238 2172
f 2806 2807 2810 2809
f 1548 1608 1609 1549
f 3464 3497 3498 3465
f 4099 4178 4179 4100
f 4423 4461 4462 4422
f 2342 2372 2373 2343
f 1129 1186 1187 1130
f 1891 1960 1961 1892
f 3558 3559 3561 3560
f 3391 3426 3427 3392
f 4681 4701 4702 4682
f 3947 4029 4030 3948
f 4359 4385 4386 4360
f 457 458 459 407
f 2034 2105 2106 2035
f 3477 3510 3511 3478
f 3375 3412 3413 3376
f 3988 4070 4071 3989
f 4323 4348 4350 4324
f 4207 4265 4266 4208
f 668 746 747 669
f 2160 2226 2227 2161
f 2905 2978 2979 2906
f 4547 4585 4586 4548
f 3351 3386 3388 3353
f 3919 4008 4009 3920
f 4307 4334 4335 4308
f 2406 2436 2437 2407
f 2312 2348 2350 2314
f 577 656 657 579
f 4203 4261 4262 4204
f 3170 3211 3212 3171
f 4561 4599 4600 4562
f 4283 4312 4313 4284
f 1977 2053 2054 1978
f 2414 2444 2445 2415
f 2320 2356 2357 2321
f 2833 2908 2909 2834
f 3550 3551 3553 3552
f 1628 1693 1694 1631
f 3592 3664 3665 3593
f 4395 4415 4416 4396
f 2207 2260 2261 2208
f 3427 3461 3462 3428
f 569 652 653 571
f 3972 4054 4055 3973
f 3905 3994 3995 3906
f 4491 4534 4535 4493
f 4662 4682 4683 4663
f 2350 2382 2383 2351
f 3484 3517 3518 3485
f 3701 3702 3703 3621
f 3489 3521 3520 3488
f 3583 3655 3656 3584
f 3440 3474 3475 3441
f 4467 4515 4516 4468
f 2392 2424 2423 2394
f 2198 2251 2252 2199
f 1635 1697 1698 1636
f 3955 4037 4038 3956
f 1604 1665 1666 1605
f 3424 3458 3459 3425
f 4435 4472 4473 4436
f 2220 2273 2274 2221
f 2494 2549 2550 2495
f 2400 2430 2431 2401
f 3445 3479 3480 3446
f 3417 3451 3452 3418
f 3455 3488 3490 3457
f 3400 3434 3433 3399
f 4243 4300 4301 4244
f 4719 4736 4738 4720
f 385 396 397 386
f 2368 2400 2401 2369
f 3437 3471 3472 3438
f 3446 3480 3481 3447
f 4338 4364 4365 4339
f 4663 4683 4684 4664
f 2582 2583 2585 2584
f 2336 2366 2367 2337
f 3413 3447 3448 3414
f 3654 3735 3736 3655
f 3447 3481 3482 3448
f 4020 4101 4102 4021
f 65 90 91 66
f 3380 3417 3418 3381
f 4393 4413 4414 4394
f 802 873 874 804
f 4513 4551 4552 4514
f 2276 2322 2323 2277
f 2472 2502 2501 2471
f 3939 4021 4022 3940
f 3584 3656 3657 3585
f 2308 2344 2345 2309
f 2480 2510 2511 2481
f 3478 3511 3512 3479
f 4004 4085 4086 4005
f 88 111 112 89
f 2448 2478 2479 2449
f 3470 3503 3504 3471
f 3536 3537 3539 3538
f 2412 2442 2441 2411
f 2568 2571 2570 2569
f 3438 3472 3473 3439
f 3496 3528 3529 3497
f 3893 3982 3983 3894
f 2528 2599 2600 2530
f 1683 1745 1746 1684
f 2536 2603 2604 2538
f 1994 2070 2071 1995
f 2025 2096 2097 2026
f 3576 3648 3650 3578
f 4757 4770 4771 4758
f 264 279 278 263
f 2526 2598 2599 2528
f 2201 2254 2255 2202
f 2761 2838 2839 2762
f 3987 4069 4070 3988
f 3567 3643 3644 3569
f 4354 4380 4381 4355
f 4722 4740 4741 4723
f 240 258 259 241
f 1375 1412 1413 1376
f 529 605 606 530
f 3693 3696 3695 3694
f 3361 3396 3397 3362
f 2616 2678 2679 2617
f 3517 3593 3594 3518
f 4052 4133 4134 4053
f 2624 2686 2685 2626
f 4683 4703 4704 4684
f 4346 4372 4373 4347
f 160 182 183 161
f 1633 1695 1696 1634
f 1177 1226 1227 1178
f 1667 1729 1730 1668
f 3646 3727 3728 3647
f 3194 3226 3227 3195
f 3872 3962 3963 3873
f 4771 4782 4783 4772
f 72 73 75 74
f 4596 4623 4624 4597
f 2502 2557 2556 2501
f 3971 4053 4054 3972
f 4036 4117 4118 4037
f 3503 3579 3580 3504
f 3518 3594 3595 3519
f 4755 4768 4769 4756
f 2630 2690 2691 2631
f 3509 3585 3586 3510
f 3186 3218 3219 3187
f 4731 4749 4750 4732
f 937 940 939 938
f 3501 3577 3576 3500
f 3887 3976 3978 3889
f 4650 4671 4672 4651
f 3241 3273 3274 3242
f 3613 3686 3687 3614
f 1644 1706 1707 1645
f 108 131 132 109
f 2678 2737 2738 2679
f 818 888 889 819
f 3543 3631 3632 3545
f 84 107 108 85
f 2702 2763 2764 2703
f 1723 1786 1787 1724
f 68 93 94 69
f 3520 3607 3608 3522
f 408 409 411 410
f 2710 2771 2772 2711
f 2648 2710 2711 2649
f 810 880 881 811
f 3510 3586 3587 3511
f 3535 3626 3627 3534
f 3600 3601 3603 3602
f 164 186 187 165
f 2548 2614 2615 2549
f 3249 3289 3291 3248
f 2680 2739 2740 2681
f 3925 4012 4013 3927
f 3638 3719 3720 3639
f 3495 3527 3528 3496
f 3568 3569 3571 3570
f 268 283 284 269
f 2540 2606 2605 2539
f 3431 3465 3466 3432
f 2018 2092 2093 2020
f 236 254 255 237
f 1786 1850 1851 1787
f 3480 3513 3514 3481
f 2524 2597 2598 2526
f 4027 4108 4109 4028
f 1699 1762 1763 1700
f 1692 1755 1756 1693
f 4100 4179 4180 4101
f 212 232 233 214
f 2588 2589 2591 2590
f 3265 3307 3308 3266
f 2688 2747 2748 2689
f 3581 3653 3654 3582
f 2010 2085 2086 2011
f 3945 4027 4028 3946
f 4529 4567 4568 4530
f 76 77 79 78
f 3573 3646 3647 3575
f 3942 4024 4025 3943
f 4630 4653 4654 4631
f 3225 3259 3260 3226
f 3549 3634 3635 3551
f 3493 3525 3526 3494
f 4409 4436 4437 4410
f 3735 3810 3811 3736
f 436 437 440 439
f 464 533 534 465
f 177 198 199 178
f 2632 2692 2693 2633
f 2817 2889 2890 2818
f 4011 4092 4093 4012
f 3290 3328 3327 3289
f 3736 3811 3812 3737
f 452 524 525 454
f 352 366 367 353
f 2798 2874 2875 2799
f 2488 2543 2544 2489
f 1795 1859 1860 1796
f 3614 3687 3688 3615
f 3615 3688 3689 3616
f 4084 4163 4164 4085
f 460 529 530 461
f 2612 2674 2675 2613
f 2902 2903 2904 2827
f 4314 4341 4342 4315
f 2777 2854 2855 2778
f 3606 3679 3678 3605
f 548 624 625 550
f 3616 3689 3690 3617
f 688 766 767 689
f 2838 2913 2914 2839
f 2249 2296 2297 2250
f 3845 3846 3848 3847
f 3582 3654 3655 3583
f 3607 3680 3681 3608
f 3608 3681 3682 3609
f 532 608 609 533
f 2708 2769 2770 2709
f 1649 1711 1712 1650
f 2784 2861 2862 2785
f 906 977 978 907
f 3566 3567 3569 3568
f 1218 1244 1245 1219
f 3720 3795 3796 3721
f 516 592 593 517
f 2700 2761 2762 2701
f 3645 3726 3727 3646
f 3727 3802 3803 3728
f 4059 4140 4139 4058
f 4394 4414 4415 4395
f 388 399 400 389
f 2692 2751 2752 2693
f 3305 3343 3344 3306
f 2808 2882 2881 2807
f 3637 3718 3719 3638
f 929 998 1000 932
f 3242 3274 3275 3243
f 4132 4211 4212 4133
f 700 778 779 701
f 928 929 932 931
f 3757 3831 3832 3758
f 2346 2376 2377 2347
f 684 762 763 685
f 2910 2983 2984 2911
f 4386 4406 4407 4387
f 1732 1795 1796 1733
f 800 872 873 802
f 2816 2888 2889 2817
f 2106 2174 2175 2107
f 1708 1771 1772 1709
f 3864 3954 3955 3865
f 732 819 820 733
f 640 723 724 643
f 2918 2991 2992 2919
f 2217 2270 2271 2218
f 858 922 923 859
f 3686 3759 3760 3687
f 3879 3969 3970 3880
f 4116 4195 4196 4117
f 740 827 828 741
f 360 372 371 359
f 809 879 880 810
f 2760 2837 2838 2761
f 1787 1851 1852 1788
f 3678 3752 3753 3680
f 1716 1779 1781 1718
f 3696 3773 3774 3695
f 844 907 908 845
f 41 62 63 42
f 2966 3034 3035 2967
f 2880 2955 2957 2956
f 850 913 914 851
f 3782 3866 3867 3783
f 3703 3778 3779 3704
f 2860 2935 2936 2861
f 820 890 891 821
f 2990 3058 3059 2991
f 2888 2965 2966 2889
f 3917 4006 4007 3918
f 2050 2121 2122 2051
f 3695 3774 3775 3698
f 3688 3761 3762 3689
f 900 971 972 901
f 2852 2927 2928 2853
f 2998 3066 3067 2999
f 1113 1172 1173 1114
f 1771 1835 1836 1772
f 4091 4170 4171 4092
f 3655 3736 3737 3656
f 3656 3737 3738 3657
f 652 730 731 653
f 2836 2911 2912 2837
f 97 120 121 98
f 3250 3292 3293 3251
f 2042 2113 2114 2043
f 4402 4428 4429 4401
f 999 1067 1066 998
f 1168 1217 1218 1169
f 2926 2999 3000 2927
f 2928 3001 3002 2929
f 3725 3800 3801 3726
f 3918 4007 4008 3919
f 1756 1820 1821 1757
f 4164 4240 4241 4165
f 4675 4695 4696 4676
f 1088 1151 1152 1089
f 2774 2851 2852 2775
f 3937 4019 4020 3938
f 4545 4583 4584 4546
f 3070 3136 3137 3071
f 3717 3792 3793 3718
f 3871 3961 3962 3872
f 972 1038 1039 973
f 865 866 869 868
f 3856 3946 3947 3857
f 1748 1810 1811 1750
f 976 1042 1043 977
f 2952 3025 3026 2953
f 3685 3758 3759 3686
f 4075 4156 4157 4076
f 3839 3842 3841 3840
f 4148 4225 4226 4149
f 948 1018 1019 949
f 2916 2989 2990 2917
f 3118 3174 3173 3119
f 2968 3036 3037 2969
f 874 948 949 875
f 3750 3824 3826 3752
f 3759 3833 3834 3760
f 3840 3841 3844 3843
f 1060 1128 1129 1061
f 1360 1381 1382 1361
f 3166 3207 3208 3167
f 4441 4478 4479 4442
f 1827 1899 1900 1828
f 3742 3817 3818 3743
f 3863 3953 3954 3864
f 3760 3834 3835 3761
f 1148 1202 1203 1149
f 3012 3080 3079 3011
f 3182 3214 3213 3181
f 2904 2977 2978 2905
f 866 942 943 869
f 3718 3793 3794 3719
f 3266 3308 3309 3267
f 3848 3940 3941 3850
f 1124 1181 1183 1126
f 3909 3998 3999 3910
f 4497 4539 4540 4499
f 2074 2142 2143 2075
f 1796 1860 1861 1797
f 4418 4445 4446 4419
f 1108 1167 1168 1109
f 3004 3072 3073 3005
f 1681 1743 1744 1682
f 3040 3106 3107 3041
f 1803 1867 1868 1804
f 4123 4202 4203 4124
f 1772 1836 1837 1773
f 4220 4278 4279 4221
f 1004 1005 1008 1007
f 2988 3056 3057 2989
f 3086 3150 3151 3087
f 1105 1164 1165 1106
f 2388 2419 2420 2389
f 3401 3435 3436 3402
f 1340 1361 1362 1341
f 4410 4437 4438 4411
f 1480 1540 1541 1481
f 3246 3278 3279 3247
f 3072 3138 3139 3073
f 3789 3873 3874 3790
f 3910 3999 4000 3911
f 4519 4557 4558 4520
f 4464 4512 4513 4465
f 1324 1345 1346 1325
f 1432 1466 1467 1434
f 3254 3296 3297 3255
f 178 199 200 179
f 321 335 336 322
f 4107 4186 4187 4108
f 1328 1349 1350 1329
f 3104 3168 3169 3105
f 3822 3905 3906 3823
f 4204 4262 4263 4205
f 984 1050 1051 985
f 3120 3175 3176 3121
f 3814 3897 3898 3815
f 1640 1702 1703 1641
f 1300 1301 1304 1303
f 2233 2286 2287 2234
f 3902 3991 3992 3903
f 3824 3907 3909 3826
f 3220 3254 3255 3221
f 3940 4022 4023 3941
f 890 964 965 891
f 2090 2158 2159 2091
f 1780 1844 1843 1779
f 3816 3899 3900 3817
f 1372 1409 1410 1373
f 3204 3239 3240 3205
f 1665 1727 1728 1666
f 3208 3243 3244 3209
f 1859 1931 1932 1860
f 4163 4239 4240 4164
f 3815 3898 3899 3816
f 3792 3876 3877 3793
f 1508 1509 1512 1511
f 3188 3220 3221 3189
f 3294 3332 3333 3295
f 3216 3250 3251 3217
f 882 956 957 883
f 4139 4216 4218 4141
f 3807 3890 3891 3808
f 3744 3819 3820 3745
f 1460 1493 1495 1461
f 1776 1840 1841 1777
f 3342 3378 3379 3343
f 3184 3216 3217 3185
f 4565 4603 4604 4566
f 4558 4596 4597 4559
f 3783 3867 3868 3784
f 3672 3673 3675 3674
f 1444 1479 1480 1445
f 1720 1783 1784 1721
f 3358 3393 3394 3359
f 3256 3298 3299 3257
f 2345 2375 2376 2346
f 3743 3818 3819 3744
f 1268 1288 1289 1269
f 3036 3102 3103 3037
f 3321 3360 3361 3322
f 3296 3334 3335 3297
f 1843 1915 1917 1845
f 4147 4224 4225 4148
f 3599 3669 3668 3598
f 3992 4074 4075 3993
f 2199 2252 2253 2200
f 3260 3302 3303 3261
f 3262 3304 3305 3263
f 3304 3342 3343 3305
f 3869 3959 3960 3870
f 3870 3960 3961 3871
f 2009 2084 2085 2010
f 4514 4552 4553 4515
f 1620 1681 1682 1621
f 4473 4521 4522 4474
f 3337 3373 3374 3338
f 3861 3951 3952 3862
f 3862 3952 3953 3863
f 4007 4088 4089 4008
f 3888 3977 3976 3887
f 3298 3336 3337 3299
f 1904 1973 1974 1905
f 3683 3756 3757 3684
f 4290 4319 4320 4291
f 3829 3912 3913 3830
f 3934 3935 3936 3842
f 3354 3389 3390 3355
f 4564 4602 4603 4565
f 2739 2800 2801 2740
f 3395 3430 3431 3396
f 3773 3857 3858 3774
f 3903 3992 3993 3904
f 1764 1828 1829 1765
f 3462 3495 3496 3463
f 3621 3703 3704 3620
f 2100 2168 2169 2101
f 3984 4066 4067 3985
f 1812 1815 1814 1813
f 3356 3391 3392 3357
f 3494 3526 3527 3495
f 3048 3114 3115 3049
f 1209 1234 1236 1210
f 3798 3882 3883 3799
f 3999 4080 4081 4000
f 4450 4494 4495 4449
f 1684 1746 1747 1685
f 3348 3384 3385 3350
f 3542 3543 3545 3544
f 3652 3733 3734 3653
f 4045 4126 4127 4046
f 3662 3743 3744 3663
f 1828 1900 1901 1829
f 4324 4350 4351 4325
f 1596 1657 1658 1597
f 3332 3368 3369 3333
f 857 919 921 856
f 2209 2262 2263 2210
f 986 1052 1053 987
f 1761 1825 1826 1762
f 1860 1932 1933 1861
f 4673 4693 4694 4674
f 1908 1977 1978 1909
f 2032 2103 2104 2033
f 3430 3464 3465 3431
f 3416 3450 3451 3417
f 3941 4023 4024 3942
f 4062 4143 4144 4063
f 4017 4098 4099 4018
f 4128 4207 4208 4129
f 1892 1961 1962 1893
f 1976 2052 2053 1977
f 3526 3612 3613 3527
f 3448 3482 3483 3449
f 2163 2229 2230 2164
f 2178 2244 2245 2179
f 1868 1940 1941 1869
f 4308 4335 4336 4309
f 1864 1936 1937 1865
f 3622 3623 3625 3624
f 3456 3489 3488 3455
f 4037 4118 4119 4038
f 3958 4040 4041 3959
f 4151 4228 4229 4152
f 3960 4042 4043 3961
f 1964 2040 2041 1965
f 1600 1661 1662 1601
f 833 896 897 834
f 1169 1218 1219 1170
f 922 994 995 923
f 4539 4577 4578 4540
f 1844 1916 1915 1843
f 3952 4034 4035 3953
f 2052 2123 2124 2053
f 113 136 137 114
f 3392 3427 3428 3393
f 1737 1799 1798 1736
f 3967 4049 4050 3968
f 3920 4009 4010 3921
f 2036 2107 2108 2037
f 4583 4610 4611 4584
f 3598 3668 3670 3601
f 3544 3545 3547 3546
f 1931 2000 2001 1932
f 2122 2190 2191 2123
f 3959 4041 4042 3960
f 4458 4506 4507 4457
f 2020 2093 2094 2022
f 3492 3524 3525 3493
f 3694 3695 3698 3697
f 3552 3553 3555 3554
f 2897 2973 2974 2899
f 4219 4277 4278 4220
f 3935 4017 4018 3936
f 4356 4382 4384 4358
f 1852 1924 1925 1853
f 3476 3509 3510 3477
f 3630 3711 3712 3631
f 1137 1191 1192 1138
f 4229 4287 4288 4230
f 3998 4078 4080 3999
f 3322 3361 3362 3323
f 4593 4620 4621 4594
f 1556 1615 1616 1557
f 2360 2392 2394 2362
f 1769 1833 1834 1770
f 3512 3588 3589 3513
f 1915 1984 1986 1917
f 3481 3514 3515 3482
f 1900 1969 1970 1901
f 4120 4199 4200 4121
f 1052 1118 1119 1053
f 2288 2327 2328 2289
f 3534 3627 3628 3537
f 3528 3614 3615 3529
f 4013 4094 4095 4014
f 4222 4280 4281 4223
f 3969 4051 4052 3970
f 4340 4366 4367 4341
f 441 442 444 443
f 2665 2667 2666 2606
f 3369 3406 3407 3370
f 3624 3625 3626 3535
f 4005 4086 4087 4006
f 4235 4294 4293 4237
f 4143 4220 4221 4144
f 4024 4105 4106 4025
f 2260 2307 2308 2261
f 3500 3576 3578 3502
f 3702 3777 3778 3703
f 2353 2385 2386 2354
f 3973 4055 4056 3974
f 2338 2368 2369 2339
f 1948 1950 1949 1879
f 4016 4097 4098 4017
f 449 450 452 451
f 2504 2559 2560 2505
f 3560 3561 3563 3562
f 946 1016 1017 947
f 4022 4103 4104 4023
f 4039 4120 4121 4040
f 4364 4390 4391 4365
f 2372 2404 2405 2373
f 3636 3717 3718 3637
f 3734 3809 3810 3735
f 4521 4559 4560 4522
f 1955 2031 2032 1956
f 3990 4072 4073 3991
f 4031 4112 4113 4032
f 4112 4191 4192 4113
f 2356 2388 2389 2357
f 3628 3709 3710 3629
f 3758 3832 3833 3759
f 2138 2204 2205 2139
f 4420 4423 4422 4421
f 2332 2362 2363 2333
f 3612 3685 3686 3613
f 3774 3858 3859 3775
f 3632 3713 3714 3633
f 2849 2924 2925 2850
f 4315 4342 4343 4316
f 4135 4214 4215 4136
f 4104 4183 4184 4105
f 2132 2198 2199 2133
f 2640 2702 2703 2641
f 1009 1078 1079 1010
f 3640 3721 3722 3641
f 4221 4279 4280 4222
f 3433 3467 3469 3435
f 3338 3374 3375 3339
f 4388 4408 4409 4389
f 3565 3642 3643 3567
f 2592 2652 2653 2593
f 3710 3785 3786 3711
f 4553 4591 4592 4554
f 1947 2016 2018 2017
f 4214 4272 4273 4215
f 1932 2001 2002 1933
f 4504 4505 4506 4458
f 2508 2563 2564 2509
f 1845 1917 1918 1846
f 3830 3913 3914 3831
f 3680 3753 3754 3681
f 4085 4164 4165 4086
f 4299 4326 4327 4300
f 3330 3366 3367 3331
f 4088 4167 4168 4089
f 2476 2506 2507 2477
f 2152 2218 2219 2153
f 3838 3921 3923 3922
f 3704 3779 3780 3705
f 4069 4150 4151 4070
f 4094 4173 4174 4095
f 4511 4549 4550 4512
f 4080 4158 4160 4081
f 3421 3455 3457 3423
f 3700 3776 3777 3702
f 1713 1776 1777 1714
f 3712 3787 3788 3713
f 4213 4271 4272 4214
f 4086 4165 4166 4087
f 1916 1985 1984 1915
f 4056 4137 4138 4057
f 2556 2624 2626 2558
f 2776 2853 2854 2777
f 3854 3944 3945 3855
f 2289 2328 2329 2290
f 970 1036 1037 971
f 4206 4264 4265 4207
f 4111 4190 4191 4112
f 3648 3729 3731 3650
f 4155 4232 4233 4156
f 1987 2063 2064 1988
f 2162 2228 2229 2163
f 4103 4182 4183 4104
f 4000 4081 4082 4001
f 2668 2727 2728 2669
f 3804 3887 3889 3806
f 3878 3968 3969 3879
f 3768 3853 3854 3767
f 4205 4263 4264 4206
f 4363 4389 4390 4364
f 4071 4152 4153 4072
f 4436 4473 4474 4437
f 2652 2714 2715 2653
f 3796 3880 3881 3797
f 2082 2150 2151 2083
f 3776 3860 3861 3777
f 2154 2220 2221 2155
f 4200 4258 4259 4201
f 2628 2688 2689 2629
f 3780 3864 3865 3781
f 3393 3428 3429 3394
f 2273 2319 2320 2274
f 1979 2055 2056 1980
f 4550 4588 4589 4551
f 4015 4096 4097 4016
f 4428 4465 4466 4429
f 1972 2048 2049 1973
f 4168 4244 4245 4169
f 2460 2490 2491 2461
f 2920 2993 2994 2921
f 3926 3927 3929 3928
f 2856 2931 2932 2857
f 3409 3443 3444 3410
f 3808 3891 3892 3809
f 4557 4595 4596 4558
f 4331 4357 4356 4330
f 3985 4067 4068 3986
f 4312 4339 4340 4313
f 4567 4605 4606 4568
f 2824 2827 2826 2825
f 2274 2320 2321 2275
f 3832 3915 3916 3833
f 1971 2047 2048 1972
f 4158 4236 4235 4160
f 4343 4369 4370 4344
f 4160 4235 4237 4161
f 2788 2863 2865 2789
f 3932 3933 3935 3934
f 4041 4122 4123 4042
f 3928 3929 3931 3930
f 4165 4241 4242 4166
f 4150 4227 4228 4151
f 2772 2849 2850 2773
f 4152 4229 4230 4153
f 3064 3130 3131 3065
f 4006 4087 4088 4007
f 4537 4575 4576 4538
f 4141 4218 4219 4142
f 4126 4205 4206 4127
f 3426 3460 3461 3427
f 4538 4576 4577 4539
f 2868 2943 2944 2869
f 3008 3076 3077 3009
f 4014 4095 4096 4015
f 3784 3868 3869 3785
f 4775 4786 4787 4776
f 4070 4151 4152 4071
f 4199 4257 4258 4200
f 4304 4331 4330 4303
f 2972 3040 3041 2973
f 4038 4119 4120 4039
f 4053 4134 4135 4054
f 4403 4430 4431 4404
f 4183 4247 4246 4184
f 4452 4496 4497 4454
f 2948 3021 3022 2949
f 3168 3209 3210 3169
f 4046 4127 4128 4047
f 4426 4427 4428 4402
f 4227 4285 4286 4228
f 3900 3989 3990 3901
f 4618 4641 4642 4619
f 2889 2966 2967 2890
f 3449 3483 3484 3450
f 4335 4361 4362 4336
f 4296 4323 4324 4297
f 2932 3005 3006 2933
f 3248 3291 3292 3250
f 3982 4064 4065 3983
f 1161 1210 1211 1162
f 2027 2098 2099 2028
f 4398 4418 4419 4399
f 3378 3415 3416 3379
f 4484 4487 4486 4485
f 2828 2829 2831 2830
f 3876 3966 3967 3877
f 2865 2940 2941 2866
f 2012 2087 2088 2013
f 4488 4489 4491 4490
f 3156 3195 3196 3157
f 3032 3097 3099 3033
f 4102 4181 4182 4103
f 3944 4026 4027 3945
f 4421 4422 4425 4424
f 4280 4309 4310 4281
f 3370 3407 3408 3371
f 3180 3182 3181 3144
f 2744 2813 2815 2746
f 4110 4189 4190 4111
f 3968 4050 4051 3969
f 1050 1116 1117 1051
f 2258 2305 2306 2259
f 2123 2191 2192 2124
f 4240 4297 4298 4241
f 3092 3156 3157 3093
f 105 126 128 104
f 849 912 913 850
f 3976 4058 4060 3978
f 4293 4322 4321 4295
f 4278 4307 4308 4279
f 4503 4542 4543 4505
f 3228 3262 3263 3229
f 4142 4219 4220 4143
f 2313 2349 2348 2312
f 4285 4314 4315 4286
f 4238 4295 4296 4239
f 1988 2064 2065 1989
f 4216 4274 4276 4218
f 4166 4242 4243 4167
f 4068 4149 4150 4069
f 3912 4001 4002 3913
f 4397 4417 4418 4398
f 4390 4410 4411 4391
f 4303 4330 4332 4305
f 4400 4402 4401 4383
f 3308 3346 3347 3309
f 4060 4141 4142 4061
f 4198 4256 4257 4199
f 4032 4113 4114 4033
f 1002 1070 1072 1071
f 2202 2255 2256 2203
f 4295 4321 4323 4296
f 4508 4546 4547 4509
f 3292 3330 3331 3293
f 4044 4125 4126 4045
f 2067 2135 2136 2068
f 4040 4121 4122 4041
f 4427 4464 4465 4428
f 4239 4296 4297 4240
f 4368 4394 4395 4369
f 3276 3319 3320 3277
f 3504 3580 3581 3505
f 994 1063 1064 995
f 2305 2341 2342 2306
f 2194 2247 2249 2196
f 3394 3429 3430 3395
f 4468 4516 4517 4469
f 3068 3134 3135 3069
f 3488 3520 3522 3490
f 3425 3459 3460 3426
f 4372 4398 4399 4373
f 4549 4587 4588 4550
f 4542 4580 4581 4543
f 2044 2115 2116 2045
f 4440 4477 4478 4441
f 1000 1068 1069 1001
f 3368 3405 3406 3369
f 4118 4197 4198 4119
f 4585 4612 4613 4586
f 4352 4378 4379 4353
f 4001 4082 4083 4002
f 4451 4452 4454 4453
f 4344 4370 4371 4345
f 2252 2299 2300 2253
f 4124 4203 4204 4125
f 3441 3475 3476 3442
f 4396 4416 4417 4397
f 2043 2114 2115 2044
f 4358 4384 4385 4359
f 4407 4434 4435 4408
f 4586 4613 4614 4587
f 3428 3462 3463 3429
f 3664 3745 3746 3665
f 4310 4337 4338 4311
f 4466 4514 4515 4467
f 4357 4383 4382 4356
f 4350 4376 4377 4351
f 4072 4153 4154 4073
f 4349 4375 4374 4348
f 4432 4469 4470 4433
f 4140 4217 4216 4139
f 4228 4286 4287 4229
f 3548 3549 3551 3550
f 841 904 905 842
f 4048 4129 4130 4049
f 4325 4351 4352 4326
f 4326 4352 4353 4327
f 4495 4537 4538 4496
f 4540 4578 4579 4541
f 3580 3652 3653 3581
f 4212 4270 4271 4213
f 4342 4368 4369 4343
f 4601 4628 4629 4602
f 1018 1087 1088 1019
f 2218 2271 2272 2219
f 4391 4411 4412 4392
f 4456 4457 4460 4459
f 3604 3606 3605 3521
f 3800 3884 3885 3801
f 4383 4401 4403 4382
f 4524 4562 4563 4525
f 4366 4392 4393 4367
f 4367 4393 4394 4368
f 4382 4403 4404 4384
f 4487 4532 4531 4486
f 4475 4523 4524 4476
f 1805 1869 1870 1806
f 1753 1816 1817 1752
f 4625 4648 4649 4626
f 2099 2167 2168 2100
f 3465 3498 3499 3466
f 3410 3444 3445 3411
f 4416 4443 4444 4417
f 3404 3438 3439 3405
f 3752 3826 3827 3753
f 4318 4345 4346 4319
f 4556 4594 4595 4557
f 2881 2958 2960 2883
f 4534 4572 4573 4535
f 2076 2144 2145 2077
f 4408 4435 4436 4409
f 3756 3830 3831 3757
f 4244 4301 4302 4245
f 4438 4475 4476 4439
f 4617 4640 4641 4618
f 4541 4579 4580 4542
f 4492 4493 4494 4450
f 2083 2151 2152 2084
f 4384 4404 4405 4385
f 901 972 973 902
f 4522 4560 4561 4523
f 3936 4018 4019 3937
f 3732 3807 3808 3733
f 4232 4290 4291 4233
f 4443 4480 4481 4444
f 4412 4439 4440 4413
f 4665 4685 4686 4666
f 4430 4467 4468 4431
f 4328 4354 4355 4329
f 4448 4449 4452 4451
f 1541 1601 1602 1542
f 4721 4739 4740 4722
f 4437 4474 4475 4438
f 4422 4462 4463 4425
f 3402 3436 3437 3403
f 4144 4221 4222 4145
f 3812 3895 3896 3813
f 4064 4145 4146 4065
f 4454 4497 4499 4498
f 4476 4524 4525 4477
f 4429 4466 4467 4430
f 4526 4564 4565 4527
f 4496 4538 4539 4497
f 3880 3970 3971 3881
f 3884 3974 3975 3885
f 157 179 180 158
f 1745 1807 1808 1746
f 4649 4670 4671 4650
f 1034 1099 1101 1035
f 2234 2287 2288 2235
f 2060 2128 2130 2062
f 3352 3387 3386 3351
f 3868 3958 3959 3869
f 4463 4511 4512 4464
f 4515 4553 4554 4516
f 1589 1650 1651 1590
f 4478 4526 4527 4479
f 2107 2175 2176 2108
f 2226 2279 2280 2227
f 4439 4476 4477 4440
f 2136 2202 2203 2137
f 3716 3791 3792 3717
f 4510 4548 4549 4511
f 2139 2205 2206 2140
f 4455 4458 4457 4456
f 2029 2100 2101 2030
f 4008 4089 4090 4009
f 4518 4556 4557 4519
f 4336 4362 4363 4337
f 1026 1095 1096 1027
f 4512 4550 4551 4513
f 4351 4377 4378 4352
f 4543 4581 4582 4544
f 4012 4093 4094 4013
f 3896 3985 3986 3897
f 3457 3490 3491 3458
f 4641 4662 4663 4642
f 4590 4617 4618 4591
f 4499 4540 4541 4501
f 4167 4243 4244 4168
f 4592 4619 4620 4593
f 3996 4079 4078 3998
f 4224 4282 4283 4225
f 4502 4503 4505 4504
f 4532 4570 4569 4531
f 4311 4338 4339 4312
f 4494 4536 4537 4495
f 3895 3984 3985 3896
f 4520 4558 4559 4521
f 4092 4171 4172 4093
f 4562 4600 4601 4563
f 3473 3506 3507 3474
f 4509 4547 4548 4510
f 4486 4531 4533 4489
f 3319 3358 3359 3320
f 10 35 36 12
f 4196 4254 4255 4197
f 4444 4481 4482 4445
f 4211 4269 4270 4212
f 4424 4425 4427 4426
f 2028 2099 2100 2029
f 4462 4510 4511 4463
f 2151 2217 2218 2152
f 4587 4614 4615 4588
f 4156 4233 4234 4157
f 1145 1199 1200 1146
f 1729 1792 1793 1730
f 4554 4592 4593 4555
f 4469 4517 4518 4470
f 4406 4433 4434 4407
f 2732 2793 2794 2733
f 4729 4747 4748 4730
f 4442 4479 4480 4443
f 4594 4621 4622 4595
f 1641 1703 1704 1642
f 4208 4266 4267 4209
f 4405 4432 4433 4406
f 4230 4288 4289 4231
f 2420 2450 2451 2421
f 4736 4753 4752 4738
f 3980 4062 4063 3981
f 4392 4412 4413 4393
f 1138 1192 1193 1139
f 4284 4313 4314 4285
f 4237 4293 4295 4238
f 3950 4032 4033 3951
f 4631 4654 4655 4632
f 3376 3413 3414 3377
f 3933 4016 4017 3935
f 3406 3440 3441 3407
f 4201 4259 4260 4202
f 1011 1080 1081 1012
f 4404 4431 4432 4405
f 4516 4554 4555 4517
f 881 955 956 882
f 2144 2210 2211 2145
f 3373 3410 3411 3374
f 2158 2224 2225 2159
f 2140 2206 2207 2141
f 4552 4590 4591 4553
f 4348 4374 4376 4350
f 2321 2357 2358 2322
f 889 963 964 890
f 3498 3530 3531 3499
f 405 406 409 408
f 69 94 95 71
f 4089 4168 4169 4090
f 4544 4582 4583 4545
f 4332 4358 4359 4333
f 145 168 169 146
f 4614 4637 4638 4615
f 924 996 997 925
f 3904 3993 3994 3905
f 4758 4771 4772 4759
f 4597 4624 4625 4598
f 2747 2816 2817 2748
f 348 362 363 349
f 24 42 43 26
f 4598 4625 4626 4599
f 4184 4246 4248 4185
f 241 259 260 242
f 4766 4779 4778 4768
f 4664 4684 4685 4665
f 2475 2505 2506 2476
f 20 40 41 22
f 4642 4663 4664 4643
f 450 523 524 452
f 4500 4501 4503 4502
f 2176 2242 2243 2177
f 433 498 499 434
f 9 10 12 11
f 4677 4697 4699 4679
f 4678 4698 4697 4677
f 4599 4626 4627 4600
f 4814 4815 4817 4816
f 593 669 670 594
f 3049 3115 3116 3050
f 3697 3698 3700 3699
f 4591 4618 4619 4592
f 4636 4656 4658 4637
f 4360 4386 4387 4361
f 4615 4638 4639 4616
f 15 16 18 17
f 4712 4731 4732 4713
f 2211 2264 2265 2212
f 4595 4622 4623 4596
f 4559 4597 4598 4560
f 4672 4692 4693 4673
f 4548 4586 4587 4549
f 4670 4690 4691 4671
f 23 24 26 25
f 61 86 87 62
f 2977 3045 3046 2978
f 3553 3636 3637 3555
f 2513 2516 2515 2514
f 4624 4647 4648 4625
f 1833 1905 1906 1834
f 1082 1145 1146 1083
f 38 59 60 39
f 47 67 68 49
f 4697 4718 4717 4699
f 4728 4746 4747 4729
f 4546 4584 4585 4547
f 981 1047 1048 982
f 4702 4721 4722 4703
f 2417 2447 2448 2418
f 2306 2342 2343 2307
f 3458 3491 3492 3459
f 2172 2238 2239 2173
f 4620 4643 4644 4621
f 4316 4343 4344 4317
f 4732 4750 4751 4733
f 2041 2112 2113 2042
f 4654 4675 4676 4655
f 4653 4674 4675 4654
f 2177 2243 2244 2178
f 4656 4678 4677 4658
f 3408 3442 3443 3409
f 4740 4755 4756 4741
f 87 110 111 88
f 4680 4700 4701 4681
f 4645 4666 4667 4646
f 4646 4667 4668 4647
f 16 38 39 18
f 4640 4661 4662 4641
f 3532 3535 3534 3533
f 281 297 298 282
f 225 244 245 226
f 2697 2698 2700 2639
f 4621 4644 4645 4622
f 4622 4645 4646 4623
f 2156 2222 2223 2157
f 2236 2289 2290 2237
f 127 148 150 126
f 2921 2994 2995 2922
f 3505 3581 3582 3506
f 4774 4785 4786 4775
f 4679 4699 4700 4680
f 4660 4680 4681 4661
f 4651 4672 4673 4652
f 4796 4802 4803 4798
f 151 173 174 152
f 4690 4710 4711 4691
f 1114 1173 1174 1115
f 4667 4687 4688 4668
f 4671 4691 4692 4672
f 2314 2350 2351 2315
f 2337 2367 2368 2338
f 13 14 16 15
f 159 181 182 160
f 2315 2351 2352 2316
f 8 34 35 10
f 4668 4688 4689 4669
f 4700 4719 4720 4701
f 21 22 24 23
f 2377 2409 2410 2379
f 1353 1374 1375 1354
f 1689 1690 1692 1629
f 4627 4650 4651 4628
f 3482 3515 3516 3483
f 4720 4738 4739 4721
f 2195 2248 2247 2194
f 1273 1293 1294 1274
f 95 118 119 96
f 45 66 67 47
f 4688 4708 4709 4689
f 4748 4763 4764 4749
f 191 212 214 193
f 4674 4694 4695 4675
f 46 47 49 48
f 1905 1974 1975 1906
f 2228 2281 2282 2229
f 4616 4639 4640 4617
f 4802 4806 4808 4803
f 2197 2250 2251 2198
f 223 242 243 224
f 4724 4742 4743 4725
f 2235 2288 2289 2236
f 4744 4759 4760 4745
f 125 127 126 105
f 231 247 249 230
f 4708 4727 4728 4709
f 4725 4743 4744 4726
f 39 60 61 40
f 3474 3507 3508 3475
f 4752 4767 4766 4754
f 133 156 157 134
f 4602 4629 4630 4603
f 2386 2417 2418 2387
f 4611 4633 4635 4612
f 4760 4773 4774 4761
f 77 98 99 79
f 141 164 165 142
f 263 278 280 265
f 37 58 59 38
f 4717 4737 4736 4719
f 4742 4757 4758 4743
f 4117 4196 4197 4118
f 4768 4778 4780 4769
f 30 45 47 46
f 4726 4744 4745 4727
f 75 97 98 77
f 287 303 304 288
f 4776 4787 4788 4777
f 328 342 343 329
f 165 187 188 166
f 4713 4732 4733 4714
f 31 52 54 33
f 349 363 364 350
f 173 194 195 174
f 295 308 309 296
f 1106 1165 1166 1107
f 785 788 787 786
f 4730 4748 4749 4731
f 2322 2358 2359 2323
f 4792 4800 4799 4791
f 4659 4679 4680 4660
f 4816 4817 4819 4818
f 293 306 308 295
f 3529 3615 3616 3530
f 2307 2343 2344 2308
f 2204 2257 2258 2205
f 205 226 227 206
f 4808 4820 4822 4809
