# exported by blender_batch_chars_to_s.py fallback
v 0.583961 -0.016078 0.000000
v 0.590568 -0.015066 0.000000
v 0.590070 -0.022391 0.049112
v 0.580470 -0.022842 0.000000
v 0.599427 -0.015068 0.000000
v 0.599896 -0.022401 0.048675
v 0.605974 -0.016099 0.000000
v 0.609059 -0.022983 0.000000
v 0.504677 -0.026984 0.000000
v 0.510720 -0.025982 0.000000
v 0.510461 -0.033306 0.045498
v 0.503773 -0.033537 0.000000
v 0.520064 -0.025794 0.000000
v 0.520030 -0.033276 0.058580
v 0.530003 -0.025775 0.000000
v 0.530001 -0.033275 0.061716
v 0.540000 -0.025774 0.000000
v 0.540000 -0.033275 0.062396
v 0.550000 -0.025772 0.000000
v 0.550000 -0.033275 0.062649
v 0.560002 -0.025732 0.000000
v 0.560000 -0.033271 0.062821
v 0.570044 -0.025313 0.000000
v 0.570003 -0.033218 0.063225
v 0.580033 -0.032903 0.065725
v 0.590004 -0.032847 0.075105
v 0.599992 -0.032849 0.073238
v 0.609902 -0.032948 0.053986
v 0.615991 -0.026315 0.000000
v 0.619525 -0.033707 0.000000
v 0.510481 -0.043660 0.048039
v 0.503777 -0.043129 0.000000
v 0.520033 -0.043747 0.069565
v 0.530002 -0.043776 0.077272
v 0.540000 -0.043780 0.080863
v 0.550000 -0.043780 0.082826
v 0.560000 -0.043780 0.083997
v 0.570000 -0.043777 0.084624
v 0.580001 -0.043754 0.085471
v 0.590000 -0.043751 0.087669
v 0.600000 -0.043751 0.085798
v 0.609995 -0.043758 0.077533
v 0.619967 -0.043837 0.065825
v 0.629899 -0.036267 0.000000
v 0.629992 -0.044158 0.061301
v 0.639372 -0.036879 0.000000
v 0.639924 -0.044259 0.051095
v 0.646035 -0.037948 0.000000
v 0.649530 -0.044717 0.000000
v 0.511012 -0.053586 0.000000
v 0.504719 -0.050279 0.000000
v 0.520115 -0.054222 0.050423
v 0.530038 -0.054599 0.063257
v 0.540005 -0.054680 0.076272
v 0.550000 -0.054687 0.084865
v 0.560000 -0.054688 0.089462
v 0.570000 -0.054688 0.091783
v 0.580000 -0.054688 0.093212
v 0.590000 -0.054688 0.094326
v 0.600000 -0.054688 0.092930
v 0.610000 -0.054688 0.089322
v 0.619999 -0.054692 0.085637
v 0.630000 -0.054715 0.083144
v 0.639996 -0.054722 0.076937
v 0.649967 -0.054778 0.065942
v 0.659957 -0.047188 0.000000
v 0.659997 -0.055093 0.063266
v 0.669995 -0.047608 0.000000
v 0.670000 -0.055146 0.062745
v 0.679942 -0.047667 0.000000
v 0.679995 -0.055153 0.060926
v 0.689374 -0.047859 0.000000
v 0.689924 -0.055200 0.051070
v 0.696035 -0.048889 0.000000
v 0.699528 -0.055655 0.000000
v 0.520674 -0.061981 0.000000
v 0.514039 -0.060529 0.000000
v 0.530516 -0.064716 0.000000
v 0.540099 -0.065489 0.054037
v 0.550008 -0.065592 0.074706
v 0.560001 -0.065621 0.083327
v 0.570000 -0.065625 0.088463
v 0.580000 -0.065625 0.092605
v 0.590000 -0.065625 0.095975
v 0.600000 -0.065625 0.097081
v 0.610000 -0.065625 0.096280
v 0.620000 -0.065625 0.094910
v 0.630000 -0.065626 0.092817
v 0.640000 -0.065626 0.089323
v 0.649999 -0.065629 0.085926
v 0.660000 -0.065652 0.085105
v 0.670000 -0.065655 0.084757
v 0.680000 -0.065655 0.083053
v 0.689996 -0.065659 0.076924
v 0.699967 -0.065715 0.065760
v 0.709899 -0.058146 0.000000
v 0.709991 -0.066034 0.061264
v 0.719367 -0.058755 0.000000
v 0.719891 -0.066145 0.050624
v 0.725970 -0.059844 0.000000
v 0.729059 -0.066733 0.000000
v 0.540941 -0.075459 0.000000
v 0.534012 -0.072122 0.000000
v 0.550112 -0.076096 0.050964
v 0.560038 -0.076473 0.063984
v 0.570005 -0.076554 0.077438
v 0.580000 -0.076562 0.086877
v 0.590000 -0.076563 0.092959
v 0.600000 -0.076563 0.097071
v 0.610000 -0.076563 0.099597
v 0.620000 -0.076563 0.100169
v 0.630000 -0.076563 0.098941
v 0.640000 -0.076563 0.096918
v 0.650000 -0.076563 0.095637
v 0.660000 -0.076563 0.095286
v 0.670000 -0.076564 0.094764
v 0.680000 -0.076564 0.092819
v 0.690000 -0.076564 0.089304
v 0.699999 -0.076567 0.085625
v 0.710000 -0.076590 0.082909
v 0.719992 -0.076599 0.074839
v 0.729901 -0.076699 0.054140
v 0.735988 -0.070066 0.000000
v 0.739484 -0.077471 0.000000
v 0.550674 -0.083856 0.000000
v 0.544034 -0.082404 0.000000
v 0.560516 -0.086591 0.000000
v 0.570099 -0.087367 0.054209
v 0.580009 -0.087490 0.075577
v 0.590000 -0.087500 0.086762
v 0.600000 -0.087500 0.093172
v 0.610000 -0.087500 0.097808
v 0.620000 -0.087500 0.100983
v 0.630000 -0.087500 0.102404
v 0.640000 -0.087500 0.102370
v 0.650000 -0.087500 0.102200
v 0.660000 -0.087500 0.102118
v 0.670000 -0.087500 0.101444
v 0.680000 -0.087500 0.099359
v 0.690000 -0.087500 0.096952
v 0.700000 -0.087500 0.095011
v 0.710000 -0.087501 0.092294
v 0.720000 -0.087501 0.086867
v 0.729995 -0.087508 0.077491
v 0.739962 -0.087590 0.064011
v 0.749326 -0.080207 0.000000
v 0.749888 -0.087967 0.050977
v 0.755966 -0.081659 0.000000
v 0.759059 -0.088604 0.000000
v 0.570944 -0.097403 0.000000
v 0.564012 -0.094002 0.000000
v 0.580131 -0.098295 0.053774
v 0.590010 -0.098427 0.075551
v 0.600000 -0.098437 0.086784
v 0.610000 -0.098438 0.093284
v 0.620000 -0.098438 0.098106
v 0.630000 -0.098438 0.101900
v 0.640000 -0.098438 0.104702
v 0.650000 -0.098438 0.106527
v 0.660000 -0.098438 0.107384
v 0.670000 -0.098438 0.106843
v 0.680000 -0.098438 0.104979
v 0.690000 -0.098438 0.103124
v 0.700000 -0.098438 0.101297
v 0.710000 -0.098438 0.098139
v 0.720000 -0.098438 0.093852
v 0.730000 -0.098438 0.089176
v 0.739999 -0.098442 0.083719
v 0.749992 -0.098471 0.074925
v 0.759900 -0.098574 0.054131
v 0.765988 -0.091941 0.000000
v 0.769480 -0.099346 0.000000
v 0.580947 -0.108339 0.000000
v 0.574074 -0.104919 0.000000
v 0.590131 -0.109232 0.053774
v 0.600009 -0.109366 0.075573
v 0.610000 -0.109375 0.086935
v 0.620000 -0.109375 0.093548
v 0.630000 -0.109375 0.098794
v 0.640000 -0.109375 0.103458
v 0.650000 -0.109375 0.107496
v 0.660000 -0.109375 0.110490
v 0.670000 -0.109375 0.111237
v 0.680000 -0.109375 0.110093
v 0.690000 -0.109375 0.108468
v 0.700000 -0.109375 0.106226
v 0.710000 -0.109375 0.103004
v 0.720000 -0.109375 0.099593
v 0.730000 -0.109375 0.096375
v 0.740000 -0.109375 0.092592
v 0.750000 -0.109376 0.086880
v 0.759994 -0.109383 0.077333
v 0.769940 -0.109464 0.063183
v 0.779242 -0.102078 0.000000
v 0.779591 -0.109822 0.047963
v 0.785379 -0.103491 0.000000
v 0.786671 -0.110204 0.000000
v 0.590946 -0.119280 0.000000
v 0.584074 -0.115857 0.000000
v 0.600121 -0.120205 0.054158
v 0.610007 -0.120307 0.077269
v 0.620000 -0.120312 0.088565
v 0.630000 -0.120312 0.095656
v 0.640000 -0.120312 0.101477
v 0.650000 -0.120312 0.106636
v 0.660000 -0.120312 0.111136
v 0.670000 -0.120312 0.114113
v 0.680000 -0.120312 0.114573
v 0.690000 -0.120312 0.113245
v 0.700000 -0.120312 0.110643
v 0.710000 -0.120312 0.107661
v 0.720000 -0.120312 0.104862
v 0.730000 -0.120312 0.101989
v 0.740000 -0.120312 0.098258
v 0.750000 -0.120313 0.093698
v 0.760000 -0.120313 0.088275
v 0.769995 -0.120318 0.080092
v 0.779919 -0.120378 0.062765
v 0.789169 -0.120882 0.000000
v 0.600817 -0.130733 0.000000
v 0.594054 -0.126865 0.000000
v 0.610079 -0.131214 0.065029
v 0.620004 -0.131249 0.084467
v 0.630000 -0.131250 0.093875
v 0.640000 -0.131250 0.100411
v 0.650000 -0.131250 0.105969
v 0.660000 -0.131250 0.110998
v 0.670000 -0.131250 0.115314
v 0.680000 -0.131250 0.117802
v 0.690000 -0.131250 0.117269
v 0.700000 -0.131250 0.114882
v 0.710000 -0.131250 0.112240
v 0.720000 -0.131250 0.109618
v 0.730000 -0.131250 0.106551
v 0.740000 -0.131250 0.102915
v 0.750000 -0.131250 0.098909
v 0.760000 -0.131250 0.094248
v 0.770000 -0.131250 0.087950
v 0.779993 -0.131256 0.077048
v 0.789875 -0.131359 0.054019
v 0.795940 -0.124701 0.000000
v 0.798987 -0.132279 0.000000
v 0.610371 -0.142184 0.062088
v 0.603140 -0.142140 0.000000
v 0.620025 -0.142187 0.083499
v 0.630001 -0.142188 0.093469
v 0.640000 -0.142188 0.100168
v 0.650000 -0.142188 0.105804
v 0.660000 -0.142188 0.110935
v 0.670000 -0.142188 0.115672
v 0.680000 -0.142188 0.119422
v 0.690000 -0.142188 0.120580
v 0.700000 -0.142188 0.119057
v 0.710000 -0.142188 0.116656
v 0.720000 -0.142188 0.113863
v 0.730000 -0.142188 0.110631
v 0.740000 -0.142188 0.107083
v 0.750000 -0.142188 0.103135
v 0.760000 -0.142188 0.098632
v 0.770000 -0.142188 0.093420
v 0.779999 -0.142188 0.086653
v 0.789967 -0.142196 0.074535
v 0.799521 -0.142306 0.050339
v 0.805282 -0.135658 0.000000
v 0.806244 -0.142878 0.000000
v 0.610420 -0.153125 0.061705
v 0.603526 -0.153123 0.000000
v 0.620027 -0.153125 0.083390
v 0.630001 -0.153125 0.093422
v 0.640000 -0.153125 0.100139
v 0.650000 -0.153125 0.105784
v 0.660000 -0.153125 0.110930
v 0.670000 -0.153125 0.115793
v 0.680000 -0.153125 0.120236
v 0.690000 -0.153125 0.123170
v 0.700000 -0.153125 0.122998
v 0.710000 -0.153125 0.120796
v 0.720000 -0.153125 0.117778
v 0.730000 -0.153125 0.114400
v 0.740000 -0.153125 0.110708
v 0.750000 -0.153125 0.106745
v 0.760000 -0.153125 0.102432
v 0.770000 -0.153125 0.097608
v 0.779999 -0.153125 0.091629
v 0.789973 -0.153125 0.081782
v 0.799578 -0.153132 0.059999
v 0.806455 -0.153191 0.000000
v 1.154577 -0.147332 0.000000
v 1.160000 -0.146503 0.000000
v 1.159997 -0.153664 0.034002
v 1.153672 -0.153918 0.000000
v 1.165420 -0.147332 0.000000
v 1.166287 -0.153916 0.000000
v 0.610423 -0.164062 0.061679
v 0.603563 -0.164062 0.000000
v 0.620027 -0.164062 0.083384
v 0.630001 -0.164062 0.093419
v 0.640000 -0.164062 0.100138
v 0.650000 -0.164062 0.105783
v 0.660000 -0.164062 0.110930
v 0.670000 -0.164062 0.115820
v 0.680000 -0.164062 0.120505
v 0.690000 -0.164062 0.124498
v 0.700000 -0.164062 0.126148
v 0.710000 -0.164062 0.124484
v 0.720000 -0.164062 0.121337
v 0.730000 -0.164062 0.117639
v 0.740000 -0.164062 0.113709
v 0.750000 -0.164062 0.109599
v 0.760000 -0.164062 0.104960
v 0.770000 -0.164062 0.099640
v 0.779999 -0.164062 0.093187
v 0.789975 -0.164063 0.083310
v 0.799629 -0.164066 0.061934
v 0.806856 -0.164113 0.000000
v 1.159945 -0.164100 0.042356
v 1.153078 -0.164165 0.000000
v 1.166452 -0.164132 0.000000
v 0.610423 -0.175000 0.061678
v 0.603565 -0.175000 0.000000
v 0.620027 -0.175000 0.083384
v 0.630001 -0.175000 0.093419
v 0.640000 -0.175000 0.100137
v 0.650000 -0.175000 0.105783
v 0.660000 -0.175000 0.110931
v 0.670000 -0.175000 0.115825
v 0.680000 -0.175000 0.120583
v 0.690000 -0.175000 0.125053
v 0.700000 -0.175000 0.128050
v 0.710000 -0.175000 0.127300
v 0.720000 -0.175000 0.124031
v 0.730000 -0.175000 0.119901
v 0.740000 -0.175000 0.115442
v 0.750000 -0.175000 0.110804
v 0.760000 -0.175000 0.105810
v 0.770000 -0.175000 0.100277
v 0.780000 -0.175000 0.093741
v 0.789996 -0.175001 0.084288
v 0.799917 -0.175036 0.064758
v 0.809116 -0.175514 0.000000
v 1.159627 -0.175026 0.046072
v 1.150317 -0.175378 0.000000
v 1.166477 -0.175007 0.000000
v 0.610423 -0.185937 0.061678
v 0.603565 -0.185937 0.000000
v 0.620027 -0.185937 0.083384
v 0.630001 -0.185937 0.093419
v 0.640000 -0.185937 0.100137
v 0.650000 -0.185937 0.105783
v 0.660000 -0.185937 0.110931
v 0.670000 -0.185937 0.115826
v 0.680000 -0.185937 0.120595
v 0.690000 -0.185937 0.125174
v 0.700000 -0.185937 0.128632
v 0.710000 -0.185937 0.128533
v 0.720000 -0.185937 0.125165
v 0.730000 -0.185937 0.120749
v 0.740000 -0.185937 0.116082
v 0.750000 -0.185937 0.111289
v 0.760000 -0.185937 0.106269
v 0.770000 -0.185937 0.100848
v 0.780000 -0.185937 0.094725
v 0.789999 -0.185938 0.087140
v 0.799969 -0.185942 0.074844
v 0.809529 -0.186015 0.049050
v 0.815301 -0.179332 0.000000
v 0.816225 -0.186559 0.000000
v 1.023965 -0.180139 0.000000
v 1.030623 -0.179110 0.000000
v 1.030076 -0.186450 0.050899
v 1.020470 -0.186904 0.000000
v 1.040000 -0.178940 0.000000
v 1.040000 -0.186405 0.058989
v 1.049377 -0.179110 0.000000
v 1.049924 -0.186450 0.050900
v 1.056035 -0.180139 0.000000
v 1.059530 -0.186903 0.000000
v 1.093965 -0.180139 0.000000
v 1.100626 -0.179109 0.000000
v 1.100076 -0.186450 0.051071
v 1.090470 -0.186903 0.000000
v 1.110058 -0.178919 0.000000
v 1.110005 -0.186403 0.060925
v 1.120003 -0.178898 0.000000
v 1.120000 -0.186400 0.062721
v 1.130002 -0.178854 0.000000
v 1.130000 -0.186396 0.062886
v 1.140029 -0.178387 0.000000
v 1.140001 -0.186340 0.062842
v 1.149998 -0.185988 0.062250
v 1.159632 -0.185943 0.056725
v 1.166860 -0.185985 0.000000
v 0.610423 -0.196875 0.061678
v 0.603565 -0.196875 0.000000
v 0.620027 -0.196875 0.083384
v 0.630001 -0.196875 0.093419
v 0.640000 -0.196875 0.100137
v 0.650000 -0.196875 0.105783
v 0.660000 -0.196875 0.110931
v 0.670000 -0.196875 0.115824
v 0.680000 -0.196875 0.120570
v 0.690000 -0.196875 0.124987
v 0.700000 -0.196875 0.128043
v 0.710000 -0.196875 0.127959
v 0.720000 -0.196875 0.124947
v 0.730000 -0.196875 0.120734
v 0.740000 -0.196875 0.116117
v 0.750000 -0.196875 0.111310
v 0.760000 -0.196875 0.106278
v 0.770000 -0.196875 0.100854
v 0.780000 -0.196875 0.094729
v 0.789999 -0.196875 0.087147
v 0.799971 -0.196871 0.074868
v 0.809551 -0.196798 0.049124
v 0.816228 -0.196254 0.000000
v 0.923965 -0.191076 0.000000
v 0.930626 -0.190046 0.000000
v 0.930076 -0.197388 0.051051
v 0.920473 -0.197843 0.000000
v 0.940058 -0.189857 0.000000
v 0.940005 -0.197340 0.060901
v 0.950003 -0.189838 0.000000
v 0.950000 -0.197338 0.062692
v 0.960000 -0.189837 0.000000
v 0.960000 -0.197337 0.062864
v 0.970000 -0.189837 0.000000
v 0.970000 -0.197337 0.062872
v 0.980000 -0.189837 0.000000
v 0.980000 -0.197337 0.062873
v 0.990000 -0.189835 0.000000
v 0.990000 -0.197337 0.062873
v 1.000002 -0.189794 0.000000
v 1.000000 -0.197334 0.062897
v 1.010044 -0.189376 0.000000
v 1.010003 -0.197281 0.063245
v 1.020033 -0.196965 0.065904
v 1.030004 -0.196909 0.076718
v 1.040000 -0.196905 0.081356
v 1.049996 -0.196909 0.076735
v 1.059967 -0.196965 0.065930
v 1.069959 -0.189333 0.000000
v 1.069997 -0.197277 0.063299
v 1.080042 -0.189333 0.000000
v 1.080003 -0.197277 0.063299
v 1.090033 -0.196965 0.065943
v 1.100004 -0.196909 0.076933
v 1.110000 -0.196905 0.083053
v 1.120000 -0.196905 0.084743
v 1.130000 -0.196905 0.084882
v 1.140000 -0.196902 0.083973
v 1.149997 -0.196879 0.079504
v 1.159921 -0.196911 0.064042
v 1.169187 -0.197391 0.000000
v 0.610423 -0.207813 0.061679
v 0.603563 -0.207813 0.000000
v 0.620027 -0.207813 0.083384
v 0.630001 -0.207813 0.093419
v 0.640000 -0.207813 0.100138
v 0.650000 -0.207813 0.105783
v 0.660000 -0.207813 0.110930
v 0.670000 -0.207813 0.115808
v 0.680000 -0.207813 0.120393
v 0.690000 -0.207813 0.124008
v 0.700000 -0.207813 0.125434
v 0.710000 -0.207813 0.124827
v 0.720000 -0.207813 0.122953
v 0.730000 -0.207813 0.119845
v 0.740000 -0.207813 0.115726
v 0.750000 -0.207813 0.111021
v 0.760000 -0.207813 0.105936
v 0.770000 -0.207813 0.100365
v 0.780000 -0.207812 0.093814
v 0.789999 -0.207811 0.084415
v 0.799964 -0.207779 0.065184
v 0.809461 -0.207324 0.000000
v 0.815346 -0.203482 0.000000
v 0.893965 -0.202010 0.000000
v 0.900628 -0.200941 0.000000
v 0.900076 -0.208322 0.051034
v 0.890470 -0.208779 0.000000
v 0.910101 -0.200333 0.000000
v 0.910008 -0.208221 0.061105
v 0.920033 -0.207903 0.065495
v 0.930004 -0.207847 0.076616
v 0.940000 -0.207843 0.082680
v 0.950000 -0.207842 0.084311
v 0.960000 -0.207842 0.084556
v 0.970000 -0.207842 0.084577
v 0.980000 -0.207842 0.084578
v 0.990000 -0.207842 0.084578
v 1.000000 -0.207842 0.084584
v 1.010000 -0.207839 0.084681
v 1.020001 -0.207817 0.085529
v 1.030000 -0.207814 0.088858
v 1.040000 -0.207814 0.091207
v 1.050000 -0.207814 0.089101
v 1.059999 -0.207817 0.085908
v 1.070000 -0.207839 0.085133
v 1.080000 -0.207839 0.085134
v 1.090001 -0.207817 0.085928
v 1.100000 -0.207814 0.089328
v 1.110000 -0.207814 0.092817
v 1.120000 -0.207814 0.094713
v 1.130000 -0.207814 0.094796
v 1.140000 -0.207813 0.092930
v 1.150000 -0.207813 0.087764
v 1.159994 -0.207817 0.077193
v 1.169910 -0.207909 0.054591
v 1.176008 -0.201239 0.000000
v 1.179485 -0.208717 0.000000
v 0.610420 -0.218750 0.061705
v 0.603526 -0.218752 0.000000
v 0.620027 -0.218750 0.083390
v 0.630001 -0.218750 0.093422
v 0.640000 -0.218750 0.100139
v 0.650000 -0.218750 0.105784
v 0.660000 -0.218750 0.110925
v 0.670000 -0.218750 0.115729
v 0.680000 -0.218750 0.119824
v 0.690000 -0.218750 0.121892
v 0.700000 -0.218750 0.121507
v 0.710000 -0.218750 0.120298
v 0.720000 -0.218750 0.119106
v 0.730000 -0.218750 0.117556
v 0.740000 -0.218750 0.114802
v 0.750000 -0.218750 0.110766
v 0.760000 -0.218750 0.105874
v 0.770000 -0.218750 0.100395
v 0.780000 -0.218750 0.093902
v 0.790000 -0.218751 0.084596
v 0.799997 -0.218772 0.065863
v 0.809965 -0.219088 0.000000
v 0.843965 -0.212951 0.000000
v 0.850626 -0.211921 0.000000
v 0.850076 -0.219263 0.050966
v 0.840470 -0.219715 0.000000
v 0.860058 -0.211730 0.000000
v 0.860005 -0.219215 0.060724
v 0.870005 -0.211670 0.000000
v 0.870000 -0.219209 0.062483
v 0.880044 -0.211251 0.000000
v 0.880003 -0.219156 0.062989
v 0.890033 -0.218840 0.065601
v 0.900004 -0.218784 0.076187
v 0.910000 -0.218777 0.081359
v 0.920001 -0.218753 0.083255
v 0.930000 -0.218750 0.086573
v 0.940000 -0.218750 0.089608
v 0.950000 -0.218750 0.091059
v 0.960000 -0.218750 0.091405
v 0.970000 -0.218750 0.091450
v 0.980000 -0.218750 0.091453
v 0.990000 -0.218750 0.091454
v 1.000000 -0.218750 0.091467
v 1.010000 -0.218751 0.091620
v 1.020000 -0.218750 0.092490
v 1.030000 -0.218750 0.094512
v 1.040000 -0.218750 0.096644
v 1.050000 -0.218750 0.096381
v 1.060000 -0.218750 0.095542
v 1.070000 -0.218751 0.095341
v 1.080000 -0.218751 0.095358
v 1.090000 -0.218750 0.095665
v 1.100000 -0.218750 0.097029
v 1.110000 -0.218750 0.099349
v 1.120000 -0.218750 0.101274
v 1.130000 -0.218750 0.101013
v 1.140000 -0.218750 0.098210
v 1.150000 -0.218750 0.093480
v 1.160000 -0.218750 0.087158
v 1.169995 -0.218757 0.077525
v 1.179963 -0.218839 0.064045
v 1.189331 -0.211455 0.000000
v 1.189920 -0.219207 0.051416
v 1.196028 -0.212888 0.000000
v 1.199486 -0.219727 0.000000
v 0.610371 -0.229691 0.062082
v 0.603143 -0.229735 0.000000
v 0.620025 -0.229688 0.083498
v 0.630001 -0.229687 0.093468
v 0.640000 -0.229687 0.100168
v 0.650000 -0.229687 0.105801
v 0.660000 -0.229687 0.110897
v 0.670000 -0.229687 0.115422
v 0.680000 -0.229687 0.118444
v 0.690000 -0.229688 0.118562
v 0.700000 -0.229687 0.116988
v 0.710000 -0.229687 0.115361
v 0.720000 -0.229687 0.114238
v 0.730000 -0.229687 0.113495
v 0.740000 -0.229687 0.112339
v 0.750000 -0.229687 0.109796
v 0.760000 -0.229687 0.105761
v 0.770000 -0.229688 0.101026
v 0.780000 -0.229687 0.095434
v 0.790000 -0.229688 0.088664
v 0.800000 -0.229690 0.079290
v 0.809999 -0.229737 0.066260
v 0.820001 -0.222093 0.000000
v 0.820000 -0.230086 0.063072
v 0.830043 -0.222143 0.000000
v 0.830003 -0.230090 0.062983
v 0.840033 -0.229778 0.065375
v 0.850004 -0.229722 0.075755
v 0.860000 -0.229717 0.081169
v 0.870000 -0.229716 0.082409
v 0.880000 -0.229713 0.082605
v 0.890001 -0.229691 0.082963
v 0.900000 -0.229688 0.084127
v 0.909999 -0.229684 0.082975
v 0.920000 -0.229661 0.082748
v 0.930000 -0.229658 0.083286
v 0.940000 -0.229658 0.084051
v 0.950000 -0.229658 0.084473
v 0.960000 -0.229658 0.084567
v 0.970000 -0.229658 0.084577
v 0.980000 -0.229658 0.084578
v 0.990000 -0.229658 0.084583
v 1.000000 -0.229661 0.084667
v 1.010001 -0.229685 0.085455
v 1.020000 -0.229687 0.088946
v 1.030000 -0.229687 0.093198
v 1.040000 -0.229687 0.097496
v 1.050000 -0.229687 0.100405
v 1.060000 -0.229687 0.101597
v 1.070000 -0.229688 0.102102
v 1.080000 -0.229688 0.102279
v 1.090000 -0.229687 0.102488
v 1.100000 -0.229687 0.103307
v 1.110000 -0.229687 0.104955
v 1.120000 -0.229687 0.106500
v 1.130000 -0.229687 0.105764
v 1.140000 -0.229687 0.102633
v 1.150000 -0.229687 0.098446
v 1.160000 -0.229687 0.093891
v 1.170000 -0.229688 0.089197
v 1.179999 -0.229692 0.083946
v 1.189996 -0.229719 0.076845
v 1.199963 -0.229780 0.063976
v 1.209331 -0.222396 0.000000
v 1.209919 -0.230144 0.051398
v 1.216028 -0.223826 0.000000
v 1.219482 -0.230665 0.000000
v 0.610083 -0.240661 0.064918
v 0.600884 -0.241139 0.000000
v 0.620004 -0.240626 0.084445
v 0.630000 -0.240625 0.093868
v 0.640000 -0.240625 0.100404
v 0.650000 -0.240625 0.105923
v 0.660000 -0.240625 0.110729
v 0.670000 -0.240625 0.114368
v 0.680000 -0.240625 0.115636
v 0.690000 -0.240625 0.114443
v 0.700000 -0.240625 0.112290
v 0.710000 -0.240625 0.110302
v 0.720000 -0.240625 0.108955
v 0.730000 -0.240625 0.108309
v 0.740000 -0.240625 0.107838
v 0.750000 -0.240625 0.106541
v 0.760000 -0.240625 0.103908
v 0.770000 -0.240625 0.100804
v 0.780000 -0.240625 0.096995
v 0.790000 -0.240625 0.092799
v 0.800000 -0.240625 0.088361
v 0.810000 -0.240628 0.084155
v 0.820000 -0.240652 0.082760
v 0.830000 -0.240651 0.082304
v 0.840001 -0.240628 0.081458
v 0.849999 -0.240622 0.081458
v 0.860000 -0.240599 0.082288
v 0.870000 -0.240596 0.082529
v 0.880000 -0.240596 0.082415
v 0.890000 -0.240595 0.081271
v 0.899996 -0.240591 0.076182
v 0.909967 -0.240535 0.065602
v 0.919997 -0.240219 0.063008
v 0.930000 -0.240166 0.062727
v 0.940000 -0.240163 0.062805
v 0.950000 -0.240163 0.062861
v 0.960000 -0.240163 0.062872
v 0.970000 -0.240163 0.062873
v 0.980000 -0.240163 0.062873
v 0.990000 -0.240166 0.062897
v 1.000002 -0.240222 0.063278
v 1.010022 -0.240574 0.066369
v 1.020002 -0.240622 0.079342
v 1.030000 -0.240625 0.088705
v 1.040000 -0.240625 0.095489
v 1.050000 -0.240625 0.100856
v 1.060000 -0.240625 0.104737
v 1.070000 -0.240625 0.107003
v 1.080000 -0.240625 0.107952
v 1.090000 -0.240625 0.108324
v 1.100000 -0.240625 0.108947
v 1.110000 -0.240625 0.110169
v 1.120000 -0.240625 0.111207
v 1.130000 -0.240625 0.109911
v 1.140000 -0.240625 0.106736
v 1.150000 -0.240625 0.103086
v 1.160000 -0.240625 0.099610
v 1.170000 -0.240625 0.096470
v 1.180000 -0.240625 0.093132
v 1.190000 -0.240626 0.089073
v 1.199999 -0.240629 0.083917
v 1.209995 -0.240656 0.076683
v 1.219941 -0.240717 0.063115
v 1.229242 -0.233332 0.000000
v 1.229591 -0.241072 0.047954
v 1.235379 -0.234741 0.000000
v 1.236668 -0.241454 0.000000
v 0.594695 -0.244962 0.000000
v 0.600466 -0.251646 0.050749
v 0.593718 -0.252250 0.000000
v 0.610031 -0.251567 0.076238
v 0.620001 -0.251563 0.088294
v 0.630000 -0.251563 0.095559
v 0.640000 -0.251563 0.101376
v 0.650000 -0.251563 0.106279
v 0.660000 -0.251563 0.109977
v 0.670000 -0.251563 0.111983
v 0.680000 -0.251563 0.111691
v 0.690000 -0.251563 0.109844
v 0.700000 -0.251563 0.107467
v 0.710000 -0.251563 0.105079
v 0.720000 -0.251563 0.103315
v 0.730000 -0.251563 0.102480
v 0.740000 -0.251562 0.102173
v 0.750000 -0.251562 0.101411
v 0.760000 -0.251562 0.099226
v 0.770000 -0.251562 0.096620
v 0.780000 -0.251562 0.094443
v 0.790000 -0.251562 0.092771
v 0.800000 -0.251562 0.090347
v 0.810000 -0.251561 0.086705
v 0.819999 -0.251559 0.083257
v 0.830000 -0.251536 0.081257
v 0.839996 -0.251529 0.075760
v 0.849967 -0.251472 0.065375
v 0.859997 -0.251157 0.062957
v 0.870000 -0.251104 0.062641
v 0.880000 -0.251100 0.062461
v 0.889995 -0.251097 0.060733
v 0.899924 -0.251050 0.051011
v 0.909530 -0.250596 0.000000
v 0.919957 -0.248124 0.000000
v 0.929998 -0.247706 0.000000
v 0.940000 -0.247665 0.000000
v 0.950000 -0.247663 0.000000
v 0.960000 -0.247663 0.000000
v 0.970000 -0.247663 0.000000
v 0.980000 -0.247665 0.000000
v 0.990001 -0.247708 0.000000
v 1.000029 -0.248176 0.000000
v 1.010314 -0.251189 0.000000
v 1.020043 -0.251538 0.065523
v 1.030002 -0.251562 0.084502
v 1.040000 -0.251562 0.093866
v 1.050000 -0.251563 0.100342
v 1.060000 -0.251563 0.105610
v 1.070000 -0.251563 0.109717
v 1.080000 -0.251563 0.112309
v 1.090000 -0.251563 0.113489
v 1.100000 -0.251563 0.114225
v 1.110000 -0.251563 0.115188
v 1.120000 -0.251563 0.115716
v 1.130000 -0.251563 0.113856
v 1.140000 -0.251563 0.110782
v 1.150000 -0.251563 0.107685
v 1.160000 -0.251563 0.104934
v 1.170000 -0.251563 0.102347
v 1.180000 -0.251563 0.099447
v 1.190000 -0.251563 0.096432
v 1.200000 -0.251563 0.092961
v 1.210000 -0.251564 0.088150
v 1.219995 -0.251568 0.080062
v 1.229916 -0.251628 0.062661
v 1.239106 -0.252129 0.000000
v 0.600373 -0.262509 0.060403
v 0.593158 -0.262611 0.000000
v 0.610025 -0.262500 0.082032
v 0.620001 -0.262500 0.091893
v 0.630000 -0.262500 0.098043
v 0.640000 -0.262500 0.102731
v 0.650000 -0.262500 0.105878
v 0.660000 -0.262500 0.107326
v 0.670000 -0.262500 0.107735
v 0.680000 -0.262500 0.106910
v 0.690000 -0.262500 0.104828
v 0.700000 -0.262500 0.102345
v 0.710000 -0.262500 0.099526
v 0.720000 -0.262500 0.097046
v 0.730000 -0.262500 0.095661
v 0.740000 -0.262499 0.095290
v 0.750000 -0.262499 0.094762
v 0.760000 -0.262499 0.092811
v 0.770000 -0.262499 0.089292
v 0.779999 -0.262496 0.085772
v 0.790000 -0.262473 0.084596
v 0.800000 -0.262470 0.082761
v 0.809996 -0.262466 0.076627
v 0.819967 -0.262410 0.065495
v 0.829992 -0.262092 0.061096
v 0.839924 -0.261991 0.050990
v 0.849530 -0.261533 0.000000
v 0.859957 -0.259062 0.000000
v 0.869998 -0.258643 0.000000
v 0.879997 -0.258602 0.000000
v 0.889942 -0.258581 0.000000
v 0.899374 -0.258391 0.000000
v 0.906035 -0.257361 0.000000
v 1.020316 -0.262501 0.062530
v 1.012676 -0.262514 0.000000
v 1.030022 -0.262500 0.083614
v 1.040001 -0.262500 0.093518
v 1.050000 -0.262500 0.100194
v 1.060000 -0.262500 0.105786
v 1.070000 -0.262500 0.110711
v 1.080000 -0.262500 0.114789
v 1.090000 -0.262500 0.117555
v 1.100000 -0.262500 0.119081
v 1.110000 -0.262500 0.120031
v 1.120000 -0.262500 0.120027
v 1.130000 -0.262500 0.117809
v 1.140000 -0.262500 0.114948
v 1.150000 -0.262500 0.112296
v 1.160000 -0.262500 0.109903
v 1.170000 -0.262500 0.107446
v 1.180000 -0.262500 0.104882
v 1.190000 -0.262500 0.102197
v 1.200000 -0.262500 0.098730
v 1.210000 -0.262500 0.094168
v 1.219999 -0.262500 0.087730
v 1.229971 -0.262506 0.076147
v 1.239582 -0.262588 0.051098
v 1.245359 -0.255907 0.000000
v 1.246666 -0.263232 0.000000
v 0.600079 -0.273473 0.064890
v 0.590814 -0.273956 0.000000
v 0.610004 -0.273439 0.084260
v 0.620000 -0.273438 0.093445
v 0.630000 -0.273438 0.099150
v 0.640000 -0.273438 0.102145
v 0.650000 -0.273438 0.102581
v 0.660000 -0.273438 0.102330
v 0.670000 -0.273438 0.102161
v 0.680000 -0.273438 0.101445
v 0.690000 -0.273438 0.099286
v 0.700000 -0.273438 0.096437
v 0.710000 -0.273437 0.093154
v 0.720000 -0.273436 0.089363
v 0.729999 -0.273433 0.085929
v 0.740000 -0.273410 0.085106
v 0.750000 -0.273408 0.084757
v 0.760000 -0.273407 0.083053
v 0.769996 -0.273403 0.076931
v 0.779967 -0.273347 0.065925
v 0.789997 -0.273032 0.063078
v 0.799995 -0.272976 0.060929
v 0.809924 -0.272925 0.051052
v 0.819528 -0.272470 0.000000
v 0.829899 -0.269979 0.000000
v 0.839372 -0.269371 0.000000
v 0.846035 -0.268302 0.000000
v 1.020079 -0.273473 0.064951
v 1.010849 -0.273951 0.000000
v 1.030004 -0.273439 0.084454
v 1.040000 -0.273438 0.093874
v 1.050000 -0.273438 0.100414
v 1.060000 -0.273438 0.105978
v 1.070000 -0.273438 0.111058
v 1.080000 -0.273438 0.115763
v 1.090000 -0.273438 0.119876
v 1.100000 -0.273438 0.122939
v 1.110000 -0.273438 0.124501
v 1.120000 -0.273438 0.124057
v 1.130000 -0.273438 0.121746
v 1.140000 -0.273438 0.119141
v 1.150000 -0.273438 0.116779
v 1.160000 -0.273438 0.114508
v 1.170000 -0.273438 0.112149
v 1.180000 -0.273438 0.109736
v 1.190000 -0.273438 0.106795
v 1.200000 -0.273438 0.102937
v 1.210000 -0.273438 0.098181
v 1.220000 -0.273438 0.092255
v 1.229996 -0.273439 0.082970
v 1.239915 -0.273478 0.063239
v 1.249102 -0.274000 0.000000
v 0.583992 -0.277802 0.000000
v 0.590090 -0.284472 0.054579
v 0.580515 -0.285280 0.000000
v 0.600006 -0.284380 0.077214
v 0.610000 -0.284375 0.088145
v 0.620000 -0.284375 0.094408
v 0.630000 -0.284375 0.098201
v 0.640000 -0.284375 0.098560
v 0.650000 -0.284375 0.096907
v 0.660000 -0.284375 0.095646
v 0.670000 -0.284374 0.095289
v 0.680000 -0.284374 0.094763
v 0.690000 -0.284374 0.092796
v 0.700000 -0.284374 0.089039
v 0.709999 -0.284371 0.083944
v 0.719996 -0.284344 0.077025
v 0.729967 -0.284285 0.065947
v 0.739997 -0.283969 0.063266
v 0.750000 -0.283916 0.062745
v 0.759995 -0.283910 0.060926
v 0.769924 -0.283862 0.051071
v 0.779530 -0.283408 0.000000
v 0.789954 -0.280936 0.000000
v 0.799940 -0.280498 0.000000
v 0.809374 -0.280268 0.000000
v 0.816035 -0.279236 0.000000
v 1.004638 -0.277778 0.000000
v 1.010416 -0.284461 0.051130
v 1.003334 -0.285107 0.000000
v 1.020028 -0.284380 0.076346
v 1.030001 -0.284375 0.088341
v 1.040000 -0.284375 0.095598
v 1.050000 -0.284375 0.101488
v 1.060000 -0.284375 0.106765
v 1.070000 -0.284375 0.111704
v 1.080000 -0.284375 0.116452
v 1.090000 -0.284375 0.121024
v 1.100000 -0.284375 0.125158
v 1.110000 -0.284375 0.127823
v 1.120000 -0.284375 0.127231
v 1.130000 -0.284375 0.124923
v 1.140000 -0.284375 0.122496
v 1.150000 -0.284375 0.120309
v 1.160000 -0.284375 0.118160
v 1.170000 -0.284375 0.116048
v 1.180000 -0.284375 0.113655
v 1.190000 -0.284375 0.110242
v 1.200000 -0.284375 0.105981
v 1.210000 -0.284375 0.100992
v 1.220000 -0.284375 0.095307
v 1.229999 -0.284375 0.088118
v 1.239969 -0.284380 0.076094
v 1.249531 -0.284460 0.050698
v 1.255301 -0.277778 0.000000
v 1.256243 -0.285060 0.000000
v 0.563968 -0.289450 0.000000
v 0.570669 -0.288018 0.000000
v 0.570079 -0.295769 0.051437
v 0.560471 -0.296275 0.000000
v 0.580037 -0.295402 0.063986
v 0.590005 -0.295319 0.077253
v 0.600000 -0.295313 0.086330
v 0.610000 -0.295312 0.090848
v 0.620000 -0.295312 0.093155
v 0.630000 -0.295312 0.094056
v 0.640000 -0.295312 0.092691
v 0.650000 -0.295311 0.089315
v 0.659999 -0.295308 0.085926
v 0.670000 -0.295286 0.085106
v 0.680000 -0.295283 0.084757
v 0.690000 -0.295282 0.083044
v 0.699996 -0.295278 0.076752
v 0.709963 -0.295220 0.063973
v 0.719921 -0.294856 0.051445
v 0.729530 -0.294350 0.000000
v 0.739956 -0.291875 0.000000
v 0.749995 -0.291455 0.000000
v 0.759942 -0.291395 0.000000
v 0.769374 -0.291204 0.000000
v 0.776035 -0.290174 0.000000
v 1.010085 -0.295353 0.063246
v 1.000894 -0.295875 0.000000
v 1.020004 -0.295314 0.082983
v 1.030000 -0.295313 0.092311
v 1.040000 -0.295313 0.098412
v 1.050000 -0.295312 0.103634
v 1.060000 -0.295312 0.108467
v 1.070000 -0.295312 0.113102
v 1.080000 -0.295312 0.117644
v 1.090000 -0.295313 0.122092
v 1.100000 -0.295313 0.126172
v 1.110000 -0.295313 0.128572
v 1.120000 -0.295313 0.127436
v 1.130000 -0.295312 0.124951
v 1.140000 -0.295312 0.122517
v 1.150000 -0.295312 0.120449
v 1.160000 -0.295312 0.118711
v 1.170000 -0.295313 0.117199
v 1.180000 -0.295313 0.115260
v 1.190000 -0.295313 0.112135
v 1.200000 -0.295313 0.108078
v 1.210000 -0.295312 0.103315
v 1.220000 -0.295312 0.098064
v 1.229999 -0.295312 0.091825
v 1.239972 -0.295313 0.081902
v 1.249575 -0.295318 0.059988
v 1.256417 -0.295376 0.000000
v 0.483965 -0.300451 0.000000
v 0.490626 -0.299421 0.000000
v 0.490076 -0.306763 0.051068
v 0.480470 -0.307217 0.000000
v 0.500058 -0.299232 0.000000
v 0.500005 -0.306715 0.060916
v 0.510003 -0.299213 0.000000
v 0.510000 -0.306713 0.062704
v 0.520000 -0.299212 0.000000
v 0.520000 -0.306712 0.062868
v 0.530000 -0.299210 0.000000
v 0.530000 -0.306712 0.062874
v 0.540002 -0.299169 0.000000
v 0.540000 -0.306709 0.062896
v 0.550043 -0.298750 0.000000
v 0.550003 -0.306656 0.063244
v 0.560033 -0.306340 0.065899
v 0.570004 -0.306281 0.076851
v 0.580001 -0.306254 0.083283
v 0.590000 -0.306250 0.087049
v 0.600000 -0.306250 0.089146
v 0.610000 -0.306249 0.087956
v 0.619999 -0.306246 0.085511
v 0.630000 -0.306223 0.084757
v 0.640000 -0.306220 0.083047
v 0.649996 -0.306216 0.076932
v 0.659967 -0.306160 0.065942
v 0.669997 -0.305844 0.063266
v 0.680000 -0.305791 0.062745
v 0.689995 -0.305785 0.060925
v 0.699922 -0.305737 0.051039
v 0.709486 -0.305268 0.000000
v 0.719331 -0.302604 0.000000
v 0.726032 -0.301175 0.000000
v 0.994641 -0.299657 0.000000
v 1.000417 -0.306338 0.051108
v 0.993330 -0.306982 0.000000
v 1.010028 -0.306255 0.076209
v 1.020001 -0.306250 0.088169
v 1.030000 -0.306250 0.095343
v 1.040000 -0.306250 0.101039
v 1.050000 -0.306250 0.106113
v 1.060000 -0.306250 0.110725
v 1.070000 -0.306250 0.115093
v 1.080000 -0.306250 0.119258
v 1.090000 -0.306250 0.123042
v 1.100000 -0.306250 0.125941
v 1.110000 -0.306250 0.126651
v 1.120000 -0.306250 0.124643
v 1.130000 -0.306250 0.121824
v 1.140000 -0.306250 0.119162
v 1.150000 -0.306250 0.116913
v 1.160000 -0.306250 0.115168
v 1.170000 -0.306250 0.113960
v 1.180000 -0.306250 0.113020
v 1.190000 -0.306250 0.111618
v 1.200000 -0.306250 0.108829
v 1.210000 -0.306250 0.104482
v 1.220000 -0.306250 0.099235
v 1.229999 -0.306250 0.092907
v 1.239973 -0.306250 0.083040
v 1.249577 -0.306250 0.061404
v 1.256433 -0.306250 0.000000
v 0.423965 -0.311389 0.000000
v 0.430626 -0.310359 0.000000
v 0.430076 -0.317700 0.051068
v 0.420470 -0.318154 0.000000
v 0.440058 -0.310169 0.000000
v 0.440005 -0.317653 0.060917
v 0.450003 -0.310148 0.000000
v 0.450000 -0.317650 0.062709
v 0.460002 -0.310107 0.000000
v 0.460000 -0.317646 0.062899
v 0.470044 -0.309688 0.000000
v 0.470003 -0.317593 0.063249
v 0.480033 -0.317278 0.065908
v 0.490004 -0.317222 0.076867
v 0.500000 -0.317218 0.082913
v 0.510000 -0.317217 0.084486
v 0.520000 -0.317217 0.084631
v 0.530000 -0.317217 0.084588
v 0.540000 -0.317217 0.084583
v 0.550000 -0.317214 0.084654
v 0.560001 -0.317192 0.085297
v 0.570000 -0.317189 0.087882
v 0.580000 -0.317188 0.089133
v 0.590000 -0.317187 0.087049
v 0.599999 -0.317183 0.083284
v 0.609996 -0.317156 0.076855
v 0.619967 -0.317097 0.065905
v 0.629997 -0.316782 0.063089
v 0.639995 -0.316726 0.060948
v 0.649924 -0.316675 0.051072
v 0.659530 -0.316221 0.000000
v 0.669957 -0.313749 0.000000
v 0.679995 -0.313330 0.000000
v 0.689942 -0.313270 0.000000
v 0.699374 -0.313079 0.000000
v 0.706032 -0.312048 0.000000
v 1.000082 -0.317228 0.063350
v 0.990831 -0.317752 0.000000
v 1.010004 -0.317189 0.082997
v 1.020000 -0.317188 0.092304
v 1.030000 -0.317187 0.098390
v 1.040000 -0.317187 0.103580
v 1.050000 -0.317187 0.108363
v 1.060000 -0.317187 0.112828
v 1.070000 -0.317187 0.116897
v 1.080000 -0.317187 0.120140
v 1.090000 -0.317187 0.122314
v 1.100000 -0.317187 0.123307
v 1.110000 -0.317187 0.122912
v 1.120000 -0.317187 0.120790
v 1.130000 -0.317187 0.117896
v 1.140000 -0.317187 0.114957
v 1.150000 -0.317187 0.112353
v 1.160000 -0.317187 0.110295
v 1.170000 -0.317187 0.108933
v 1.180000 -0.317187 0.108252
v 1.190000 -0.317187 0.107704
v 1.200000 -0.317187 0.106127
v 1.210000 -0.317187 0.102618
v 1.220000 -0.317187 0.097854
v 1.229999 -0.317187 0.091782
v 1.239972 -0.317187 0.081898
v 1.249575 -0.317182 0.059988
v 1.256417 -0.317124 0.000000
v 0.173940 -0.322378 0.000000
v 0.179911 -0.321507 0.000000
v 0.179654 -0.328687 0.036288
v 0.170976 -0.329234 0.000000
v 0.185411 -0.322332 0.000000
v 0.186257 -0.328918 0.000000
v 0.294677 -0.322297 0.000000
v 0.300720 -0.321293 0.000000
v 0.300460 -0.328596 0.045011
v 0.293773 -0.328843 0.000000
v 0.310061 -0.321108 0.000000
v 0.310031 -0.328586 0.056293
v 0.319945 -0.321108 0.000000
v 0.319996 -0.328589 0.058465
v 0.329374 -0.321296 0.000000
v 0.329924 -0.328638 0.050203
v 0.336035 -0.322326 0.000000
v 0.339530 -0.329092 0.000000
v 0.383965 -0.322326 0.000000
v 0.390626 -0.321294 0.000000
v 0.390076 -0.328638 0.051068
v 0.380470 -0.329092 0.000000
v 0.400060 -0.321064 0.000000
v 0.400005 -0.328586 0.060940
v 0.410046 -0.320627 0.000000
v 0.410003 -0.328531 0.063076
v 0.420033 -0.328215 0.065903
v 0.430004 -0.328159 0.076868
v 0.440000 -0.328155 0.082923
v 0.450000 -0.328155 0.084543
v 0.460000 -0.328155 0.084736
v 0.470000 -0.328152 0.084739
v 0.480001 -0.328129 0.085427
v 0.490000 -0.328126 0.088580
v 0.500000 -0.328126 0.091510
v 0.510000 -0.328126 0.092537
v 0.520000 -0.328126 0.092116
v 0.530000 -0.328126 0.091581
v 0.540000 -0.328125 0.091462
v 0.550000 -0.328125 0.091415
v 0.560000 -0.328124 0.091159
v 0.570000 -0.328124 0.090011
v 0.580000 -0.328124 0.086090
v 0.589995 -0.328117 0.077224
v 0.599963 -0.328036 0.063985
v 0.609921 -0.327669 0.051437
v 0.619529 -0.327163 0.000000
v 0.629954 -0.324686 0.000000
v 0.639940 -0.324248 0.000000
v 0.649374 -0.324018 0.000000
v 0.656035 -0.322986 0.000000
v 0.984060 -0.321576 0.000000
v 0.990124 -0.328234 0.054029
v 0.981009 -0.329155 0.000000
v 1.000008 -0.328130 0.077112
v 1.010000 -0.328125 0.088390
v 1.020000 -0.328125 0.095406
v 1.030000 -0.328125 0.101056
v 1.040000 -0.328125 0.106104
v 1.050000 -0.328125 0.110612
v 1.060000 -0.328125 0.114464
v 1.070000 -0.328125 0.117142
v 1.080000 -0.328125 0.118301
v 1.090000 -0.328125 0.118729
v 1.100000 -0.328125 0.118808
v 1.110000 -0.328125 0.118313
v 1.120000 -0.328125 0.116521
v 1.130000 -0.328125 0.113867
v 1.140000 -0.328125 0.110760
v 1.150000 -0.328125 0.107700
v 1.160000 -0.328125 0.105110
v 1.170000 -0.328125 0.103316
v 1.180000 -0.328125 0.102476
v 1.190000 -0.328125 0.102156
v 1.200000 -0.328125 0.101287
v 1.210000 -0.328125 0.098544
v 1.220000 -0.328125 0.094118
v 1.229999 -0.328125 0.087678
v 1.239969 -0.328120 0.076032
v 1.249530 -0.328040 0.050695
v 1.256243 -0.327440 0.000000
v 0.164657 -0.332542 0.000000
v 0.170399 -0.339188 0.047066
v 0.163331 -0.339800 0.000000
v 0.179608 -0.339101 0.052579
v 0.186457 -0.339135 0.000000
v 0.300463 -0.338651 0.045326
v 0.293774 -0.338350 0.000000
v 0.310062 -0.339000 0.058742
v 0.320005 -0.339061 0.069934
v 0.329997 -0.339092 0.070560
v 0.339967 -0.339153 0.063353
v 0.349957 -0.331561 0.000000
v 0.349997 -0.339468 0.062452
v 0.360000 -0.331939 0.000000
v 0.360000 -0.339518 0.062618
v 0.370043 -0.331561 0.000000
v 0.370003 -0.339468 0.063072
v 0.380033 -0.339153 0.065839
v 0.390004 -0.339097 0.076856
v 0.400000 -0.339093 0.082917
v 0.410000 -0.339089 0.084573
v 0.420001 -0.339067 0.085469
v 0.430000 -0.339064 0.088599
v 0.440000 -0.339063 0.091604
v 0.450000 -0.339063 0.092960
v 0.460000 -0.339064 0.092884
v 0.470000 -0.339063 0.092173
v 0.480000 -0.339063 0.091713
v 0.490000 -0.339062 0.092128
v 0.500000 -0.339061 0.092538
v 0.510000 -0.339061 0.091510
v 0.520000 -0.339061 0.088579
v 0.529999 -0.339058 0.085416
v 0.540000 -0.339036 0.084664
v 0.550000 -0.339033 0.084561
v 0.560000 -0.339033 0.084310
v 0.570000 -0.339032 0.082549
v 0.579992 -0.339026 0.074765
v 0.589901 -0.338926 0.054122
v 0.599484 -0.338154 0.000000
v 0.609331 -0.335420 0.000000
v 0.616032 -0.333988 0.000000
v 0.974656 -0.332536 0.000000
v 0.980424 -0.339184 0.050785
v 0.973291 -0.339786 0.000000
v 0.990030 -0.339071 0.074652
v 1.000001 -0.339063 0.086706
v 1.010000 -0.339063 0.093492
v 1.020000 -0.339063 0.098855
v 1.030000 -0.339063 0.103743
v 1.040000 -0.339063 0.108315
v 1.050000 -0.339063 0.112167
v 1.060000 -0.339063 0.114393
v 1.070000 -0.339063 0.114620
v 1.080000 -0.339063 0.114109
v 1.090000 -0.339063 0.113776
v 1.100000 -0.339063 0.113652
v 1.110000 -0.339063 0.113279
v 1.120000 -0.339063 0.111891
v 1.130000 -0.339063 0.109579
v 1.140000 -0.339063 0.106567
v 1.150000 -0.339063 0.103064
v 1.160000 -0.339063 0.099686
v 1.170000 -0.339063 0.097063
v 1.180000 -0.339062 0.095662
v 1.190000 -0.339062 0.095288
v 1.200000 -0.339061 0.094742
v 1.210000 -0.339061 0.092624
v 1.220000 -0.339061 0.088112
v 1.229995 -0.339057 0.080057
v 1.239916 -0.338998 0.062654
v 1.249102 -0.338496 0.000000
v 1.255301 -0.334722 0.000000
v 0.170057 -0.350042 0.058621
v 0.160830 -0.350565 0.000000
v 0.179633 -0.350006 0.057302
v 0.186856 -0.350051 0.000000
v 0.300763 -0.346357 0.000000
v 0.294681 -0.344955 0.000000
v 0.310518 -0.349024 0.000000
v 0.320081 -0.349544 0.050504
v 0.330037 -0.349912 0.061627
v 0.340004 -0.349996 0.072325
v 0.350000 -0.350026 0.079585
v 0.360000 -0.350030 0.082214
v 0.370000 -0.350027 0.083325
v 0.380001 -0.350004 0.084886
v 0.390000 -0.350001 0.088474
v 0.400000 -0.350001 0.091500
v 0.410000 -0.350001 0.092548
v 0.420000 -0.350000 0.092248
v 0.430000 -0.350000 0.092289
v 0.440000 -0.349999 0.092895
v 0.450000 -0.349999 0.092961
v 0.460000 -0.349999 0.091604
v 0.470000 -0.349999 0.088590
v 0.479999 -0.349996 0.085427
v 0.490000 -0.349973 0.084718
v 0.500000 -0.349970 0.084491
v 0.510000 -0.349970 0.082913
v 0.519996 -0.349966 0.076867
v 0.529967 -0.349910 0.065907
v 0.539997 -0.349594 0.063245
v 0.550000 -0.349541 0.062888
v 0.560000 -0.349538 0.062692
v 0.569994 -0.349534 0.060873
v 0.579891 -0.349476 0.050598
v 0.589059 -0.348892 0.000000
v 0.595988 -0.345559 0.000000
v 0.980051 -0.350032 0.063769
v 0.970401 -0.350439 0.000000
v 0.990003 -0.350001 0.082892
v 1.000000 -0.350000 0.092083
v 1.010000 -0.350000 0.097881
v 1.020000 -0.350000 0.102623
v 1.030000 -0.350000 0.106835
v 1.040000 -0.350000 0.110391
v 1.050000 -0.350000 0.112259
v 1.060000 -0.350000 0.111741
v 1.070000 -0.350000 0.110205
v 1.080000 -0.350000 0.108945
v 1.090000 -0.350000 0.108360
v 1.100000 -0.350000 0.108204
v 1.110000 -0.350000 0.107959
v 1.120000 -0.350000 0.106932
v 1.130000 -0.350000 0.104758
v 1.140000 -0.350000 0.101983
v 1.150000 -0.350000 0.098279
v 1.160000 -0.350000 0.093892
v 1.170000 -0.350000 0.089484
v 1.179999 -0.349996 0.085938
v 1.190000 -0.349973 0.085106
v 1.200000 -0.349970 0.084756
v 1.210000 -0.349970 0.083024
v 1.219995 -0.349966 0.076590
v 1.229941 -0.349908 0.063110
v 1.239591 -0.349553 0.047953
v 1.246668 -0.349171 0.000000
v 0.154060 -0.354388 0.000000
v 0.160124 -0.361046 0.053496
v 0.151009 -0.361967 0.000000
v 0.170004 -0.360944 0.072157
v 0.179918 -0.360973 0.062809
v 0.189116 -0.361452 0.000000
v 0.320669 -0.357295 0.000000
v 0.313972 -0.355862 0.000000
v 0.330516 -0.360029 0.000000
v 0.340099 -0.360801 0.053561
v 0.350008 -0.360905 0.073914
v 0.360001 -0.360934 0.081838
v 0.370000 -0.360937 0.086422
v 0.380000 -0.360937 0.089725
v 0.390000 -0.360936 0.091721
v 0.400000 -0.360936 0.092489
v 0.410000 -0.360936 0.091507
v 0.420000 -0.360936 0.088590
v 0.429999 -0.360933 0.085489
v 0.440000 -0.360911 0.084819
v 0.450000 -0.360908 0.084548
v 0.460000 -0.360907 0.082924
v 0.469996 -0.360903 0.076868
v 0.479967 -0.360847 0.065907
v 0.489997 -0.360532 0.063240
v 0.500000 -0.360479 0.062728
v 0.509995 -0.360472 0.060917
v 0.519924 -0.360425 0.051068
v 0.529530 -0.359971 0.000000
v 0.539957 -0.357499 0.000000
v 0.549998 -0.357081 0.000000
v 0.559997 -0.357039 0.000000
v 0.569942 -0.357018 0.000000
v 0.579369 -0.356827 0.000000
v 0.585970 -0.355778 0.000000
v 0.954033 -0.355093 0.000000
v 0.960662 -0.353599 0.000000
v 0.960111 -0.361401 0.051004
v 0.950945 -0.362042 0.000000
v 0.970029 -0.360993 0.064372
v 0.980003 -0.360940 0.079081
v 0.990000 -0.360938 0.088617
v 1.000000 -0.360938 0.095405
v 1.010000 -0.360938 0.100969
v 1.020000 -0.360938 0.105787
v 1.030000 -0.360938 0.109546
v 1.040000 -0.360938 0.111286
v 1.050000 -0.360938 0.110167
v 1.060000 -0.360938 0.107618
v 1.070000 -0.360938 0.105103
v 1.080000 -0.360938 0.103317
v 1.090000 -0.360938 0.102491
v 1.100000 -0.360937 0.102299
v 1.110000 -0.360937 0.102163
v 1.120000 -0.360937 0.101445
v 1.130000 -0.360937 0.099275
v 1.140000 -0.360937 0.096342
v 1.150000 -0.360937 0.092592
v 1.160000 -0.360936 0.086910
v 1.169995 -0.360929 0.077675
v 1.179967 -0.360851 0.066014
v 1.189997 -0.360532 0.063270
v 1.200000 -0.360479 0.062745
v 1.209995 -0.360472 0.060923
v 1.219922 -0.360424 0.051025
v 1.229482 -0.359956 0.000000
v 1.239242 -0.357293 0.000000
v 1.245379 -0.355884 0.000000
v 0.144659 -0.365349 0.000000
v 0.150427 -0.371997 0.050720
v 0.143332 -0.372612 0.000000
v 0.160030 -0.371884 0.074222
v 0.170000 -0.371875 0.082975
v 0.179969 -0.371879 0.075487
v 0.189531 -0.371958 0.050664
v 0.195302 -0.365274 0.000000
v 0.196243 -0.372560 0.000000
v 0.340941 -0.370771 0.000000
v 0.334012 -0.367434 0.000000
v 0.350112 -0.371408 0.050891
v 0.360038 -0.371782 0.063739
v 0.370004 -0.371841 0.076455
v 0.380000 -0.371845 0.082683
v 0.390000 -0.371845 0.084363
v 0.400000 -0.371845 0.084464
v 0.410000 -0.371845 0.082912
v 0.419996 -0.371841 0.076867
v 0.429967 -0.371785 0.065911
v 0.439997 -0.371469 0.063248
v 0.450000 -0.371416 0.062732
v 0.459995 -0.371410 0.060918
v 0.469924 -0.371362 0.051068
v 0.479530 -0.370908 0.000000
v 0.489956 -0.368437 0.000000
v 0.499995 -0.368017 0.000000
v 0.509942 -0.367958 0.000000
v 0.519374 -0.367766 0.000000
v 0.526035 -0.366736 0.000000
v 0.944074 -0.365399 0.000000
v 0.950131 -0.372021 0.053705
v 0.940947 -0.372911 0.000000
v 0.960009 -0.371909 0.074894
v 0.970001 -0.371878 0.083736
v 0.980000 -0.371875 0.089309
v 0.990000 -0.371875 0.094102
v 1.000000 -0.371875 0.098953
v 1.010000 -0.371875 0.103676
v 1.020000 -0.371875 0.107819
v 1.030000 -0.371875 0.110271
v 1.040000 -0.371875 0.109623
v 1.050000 -0.371875 0.106684
v 1.060000 -0.371875 0.103087
v 1.070000 -0.371875 0.099688
v 1.080000 -0.371875 0.097064
v 1.090000 -0.371875 0.095667
v 1.100000 -0.371874 0.095353
v 1.110000 -0.371874 0.095255
v 1.120000 -0.371874 0.094761
v 1.130000 -0.371874 0.092795
v 1.140000 -0.371874 0.089021
v 1.149999 -0.371871 0.083707
v 1.159992 -0.371842 0.074927
v 1.169902 -0.371739 0.054177
v 1.179527 -0.370981 0.000000
v 1.189957 -0.368441 0.000000
v 1.199995 -0.368017 0.000000
v 1.209942 -0.367958 0.000000
v 1.219374 -0.367766 0.000000
v 1.226031 -0.366735 0.000000
v 0.150082 -0.382854 0.063296
v 0.140831 -0.383377 0.000000
v 0.160004 -0.382814 0.082383
v 0.169999 -0.382813 0.088340
v 0.179972 -0.382813 0.081493
v 0.189575 -0.382818 0.059966
v 0.196417 -0.382876 0.000000
v 0.350674 -0.379165 0.000000
v 0.344034 -0.377716 0.000000
v 0.360514 -0.381831 0.000000
v 0.370078 -0.382299 0.051020
v 0.380005 -0.382347 0.060900
v 0.390000 -0.382350 0.062688
v 0.400000 -0.382350 0.062695
v 0.409995 -0.382347 0.060916
v 0.419924 -0.382300 0.051068
v 0.429530 -0.381846 0.000000
v 0.439956 -0.379374 0.000000
v 0.449995 -0.378955 0.000000
v 0.459942 -0.378895 0.000000
v 0.469374 -0.378704 0.000000
v 0.476035 -0.377674 0.000000
v 0.934074 -0.376331 0.000000
v 0.940131 -0.382955 0.053771
v 0.930947 -0.383849 0.000000
v 0.950010 -0.382823 0.075536
v 0.960000 -0.382814 0.086654
v 0.970000 -0.382813 0.092530
v 0.980000 -0.382812 0.096265
v 0.990000 -0.382812 0.099461
v 1.000000 -0.382812 0.102962
v 1.010000 -0.382812 0.106402
v 1.020000 -0.382812 0.108580
v 1.030000 -0.382812 0.108581
v 1.040000 -0.382812 0.106332
v 1.050000 -0.382812 0.102688
v 1.060000 -0.382812 0.098439
v 1.070000 -0.382812 0.093909
v 1.080000 -0.382812 0.089485
v 1.089999 -0.382808 0.085939
v 1.100000 -0.382786 0.085128
v 1.110000 -0.382783 0.085018
v 1.120000 -0.382783 0.084752
v 1.130000 -0.382782 0.083044
v 1.139996 -0.382778 0.076750
v 1.149962 -0.382719 0.063939
v 1.159888 -0.382346 0.050974
v 1.169059 -0.381709 0.000000
v 1.175991 -0.378373 0.000000
v 0.134060 -0.387201 0.000000
v 0.140124 -0.393859 0.054025
v 0.131009 -0.394780 0.000000
v 0.150008 -0.393755 0.077036
v 0.160000 -0.393750 0.087570
v 0.169999 -0.393750 0.090372
v 0.179973 -0.393750 0.082871
v 0.189577 -0.393750 0.061518
v 0.196434 -0.393753 0.000000
v 0.370626 -0.389641 0.000000
v 0.363968 -0.388610 0.000000
v 0.380058 -0.389831 0.000000
v 0.390003 -0.389850 0.000000
v 0.399997 -0.389850 0.000000
v 0.409942 -0.389831 0.000000
v 0.419374 -0.389641 0.000000
v 0.426035 -0.388611 0.000000
v 0.604676 -0.387927 0.000000
v 0.610718 -0.386921 0.000000
v 0.610458 -0.394251 0.046871
v 0.603756 -0.394535 0.000000
v 0.620006 -0.386752 0.000000
v 0.620025 -0.394217 0.057883
v 0.629377 -0.386922 0.000000
v 0.629925 -0.394263 0.050686
v 0.636035 -0.387951 0.000000
v 0.639530 -0.394717 0.000000
v 0.924074 -0.387269 0.000000
v 0.930131 -0.393893 0.053759
v 0.920947 -0.394786 0.000000
v 0.940010 -0.393761 0.075517
v 0.950000 -0.393750 0.086679
v 0.960000 -0.393750 0.093061
v 0.970000 -0.393750 0.097665
v 0.980000 -0.393750 0.100959
v 0.990000 -0.393750 0.103520
v 1.000000 -0.393750 0.106054
v 1.010000 -0.393750 0.107650
v 1.020000 -0.393750 0.106787
v 1.030000 -0.393750 0.104693
v 1.040000 -0.393750 0.101962
v 1.050000 -0.393750 0.098183
v 1.060000 -0.393750 0.093330
v 1.070000 -0.393750 0.087030
v 1.079995 -0.393742 0.077685
v 1.089967 -0.393663 0.066015
v 1.099997 -0.393344 0.063279
v 1.110000 -0.393291 0.062917
v 1.120000 -0.393288 0.062722
v 1.129995 -0.393285 0.060924
v 1.139922 -0.393237 0.051039
v 1.149486 -0.392768 0.000000
v 1.159326 -0.390102 0.000000
v 1.165966 -0.388654 0.000000
v 0.124659 -0.398162 0.000000
v 0.130427 -0.404809 0.050747
v 0.123332 -0.405425 0.000000
v 0.140030 -0.404696 0.074640
v 0.150001 -0.404688 0.086539
v 0.160000 -0.404688 0.092015
v 0.169999 -0.404688 0.091612
v 0.179973 -0.404688 0.083162
v 0.189577 -0.404688 0.061659
v 0.196435 -0.404688 0.000000
v 0.610428 -0.404714 0.057455
v 0.603602 -0.404694 0.000000
v 0.620027 -0.404717 0.075187
v 0.629997 -0.404722 0.075149
v 0.639967 -0.404778 0.065550
v 0.649957 -0.397188 0.000000
v 0.649997 -0.405093 0.063200
v 0.659998 -0.397607 0.000000
v 0.660000 -0.405146 0.062906
v 0.669997 -0.397648 0.000000
v 0.670000 -0.405150 0.062721
v 0.679942 -0.397669 0.000000
v 0.679995 -0.405153 0.060925
v 0.689374 -0.397859 0.000000
v 0.689924 -0.405200 0.051070
v 0.696035 -0.398889 0.000000
v 0.699528 -0.405655 0.000000
v 0.914074 -0.398206 0.000000
v 0.920131 -0.404830 0.053688
v 0.910947 -0.405724 0.000000
v 0.930010 -0.404698 0.075331
v 0.940000 -0.404688 0.086325
v 0.950000 -0.404688 0.092262
v 0.960000 -0.404688 0.096353
v 0.970000 -0.404687 0.099403
v 0.980000 -0.404687 0.101461
v 0.990000 -0.404688 0.103501
v 1.000000 -0.404688 0.105392
v 1.010000 -0.404688 0.105408
v 1.020000 -0.404688 0.102862
v 1.030000 -0.404688 0.099577
v 1.040000 -0.404688 0.096373
v 1.050000 -0.404687 0.092575
v 1.060000 -0.404686 0.086673
v 1.069992 -0.404677 0.075577
v 1.079902 -0.404555 0.054244
v 1.089527 -0.403794 0.000000
v 1.099957 -0.401253 0.000000
v 1.109998 -0.400831 0.000000
v 1.119997 -0.400789 0.000000
v 1.129942 -0.400768 0.000000
v 1.139374 -0.400579 0.000000
v 1.146031 -0.399548 0.000000
v 0.130082 -0.415667 0.063328
v 0.120831 -0.416190 0.000000
v 0.140004 -0.415627 0.082836
v 0.150000 -0.415625 0.091755
v 0.160000 -0.415625 0.095417
v 0.169999 -0.415625 0.092540
v 0.179973 -0.415625 0.083285
v 0.189577 -0.415625 0.061668
v 0.196435 -0.415625 0.000000
v 0.610479 -0.415507 0.050089
v 0.603759 -0.414938 0.000000
v 0.620033 -0.415618 0.073395
v 0.630001 -0.415626 0.082372
v 0.639999 -0.415629 0.083484
v 0.650000 -0.415652 0.084434
v 0.660000 -0.415655 0.084867
v 0.670000 -0.415655 0.084732
v 0.680000 -0.415655 0.083052
v 0.689996 -0.415659 0.076923
v 0.699967 -0.415715 0.065760
v 0.709899 -0.408146 0.000000
v 0.709991 -0.416034 0.061263
v 0.719367 -0.408755 0.000000
v 0.719891 -0.416145 0.050621
v 0.725969 -0.409844 0.000000
v 0.729055 -0.416734 0.000000
v 0.814589 -0.409832 0.000000
v 0.820089 -0.409007 0.000000
v 0.820349 -0.416187 0.036340
v 0.813745 -0.416418 0.000000
v 0.826065 -0.409878 0.000000
v 0.829086 -0.416737 0.000000
v 0.904074 -0.409144 0.000000
v 0.910131 -0.415767 0.053204
v 0.900947 -0.416661 0.000000
v 0.920010 -0.415635 0.074534
v 0.930000 -0.415624 0.084790
v 0.940000 -0.415624 0.089935
v 0.950000 -0.415624 0.092654
v 0.960000 -0.415624 0.094082
v 0.970000 -0.415625 0.095188
v 0.980000 -0.415625 0.096806
v 0.990000 -0.415625 0.099179
v 1.000000 -0.415625 0.101137
v 1.010000 -0.415625 0.100931
v 1.020000 -0.415625 0.098100
v 1.030000 -0.415625 0.093849
v 1.040000 -0.415625 0.089176
v 1.049999 -0.415621 0.083717
v 1.059991 -0.415591 0.074893
v 1.069870 -0.415479 0.053707
v 1.079057 -0.414590 0.000000
v 1.085991 -0.411190 0.000000
v 0.114060 -0.420013 0.000000
v 0.120124 -0.426671 0.054029
v 0.111009 -0.427592 0.000000
v 0.130008 -0.426568 0.077108
v 0.140000 -0.426563 0.088311
v 0.150000 -0.426562 0.094663
v 0.160000 -0.426562 0.096912
v 0.169999 -0.426562 0.092773
v 0.179973 -0.426562 0.083182
v 0.189577 -0.426562 0.061540
v 0.196434 -0.426559 0.000000
v 0.611013 -0.425533 0.000000
v 0.604718 -0.422154 0.000000
v 0.620124 -0.426455 0.053930
v 0.630008 -0.426557 0.076587
v 0.640000 -0.426562 0.086577
v 0.650000 -0.426563 0.091873
v 0.660000 -0.426564 0.094196
v 0.670000 -0.426564 0.094549
v 0.680000 -0.426564 0.092791
v 0.690000 -0.426564 0.089292
v 0.699999 -0.426567 0.085609
v 0.710000 -0.426590 0.082889
v 0.719991 -0.426599 0.074774
v 0.729866 -0.426709 0.053587
v 0.735921 -0.420086 0.000000
v 0.738986 -0.427596 0.000000
v 0.820416 -0.426602 0.053076
v 0.813583 -0.426632 0.000000
v 0.829897 -0.426709 0.049933
v 0.835928 -0.420086 0.000000
v 0.839057 -0.427597 0.000000
v 0.894074 -0.420081 0.000000
v 0.900129 -0.426701 0.050473
v 0.890944 -0.427597 0.000000
v 0.910010 -0.426546 0.070387
v 0.920000 -0.426533 0.079495
v 0.930000 -0.426533 0.082673
v 0.940000 -0.426533 0.084027
v 0.950000 -0.426533 0.084660
v 0.960000 -0.426536 0.084981
v 0.970001 -0.426558 0.085888
v 0.980000 -0.426561 0.089313
v 0.990000 -0.426561 0.092804
v 1.000000 -0.426561 0.094676
v 1.010000 -0.426561 0.094598
v 1.020000 -0.426561 0.092253
v 1.030000 -0.426561 0.086865
v 1.039995 -0.426554 0.077491
v 1.049961 -0.426473 0.064011
v 1.059888 -0.426096 0.050976
v 1.069055 -0.425458 0.000000
v 1.075926 -0.422101 0.000000
v 0.104659 -0.430974 0.000000
v 0.110427 -0.437622 0.050742
v 0.103335 -0.438237 0.000000
v 0.120030 -0.437509 0.074648
v 0.130001 -0.437500 0.086686
v 0.140000 -0.437500 0.093235
v 0.150000 -0.437500 0.097050
v 0.160000 -0.437500 0.096707
v 0.169999 -0.437500 0.091689
v 0.179972 -0.437500 0.081908
v 0.189575 -0.437495 0.059994
v 0.196416 -0.437437 0.000000
v 0.620817 -0.436983 0.000000
v 0.614059 -0.433115 0.000000
v 0.630079 -0.437464 0.064972
v 0.640004 -0.437499 0.084233
v 0.650000 -0.437500 0.093223
v 0.660000 -0.437500 0.098268
v 0.670000 -0.437500 0.100321
v 0.680000 -0.437500 0.099112
v 0.690000 -0.437500 0.096777
v 0.700000 -0.437500 0.094774
v 0.710000 -0.437501 0.091993
v 0.719999 -0.437501 0.086230
v 0.729966 -0.437510 0.074459
v 0.739521 -0.437619 0.050328
v 0.745282 -0.430971 0.000000
v 0.746242 -0.438190 0.000000
v 0.820422 -0.437501 0.059164
v 0.813564 -0.437503 0.000000
v 0.830019 -0.437510 0.069905
v 0.839903 -0.437632 0.053568
v 0.845991 -0.430997 0.000000
v 0.849527 -0.438392 0.000000
v 0.884009 -0.430997 0.000000
v 0.890094 -0.437625 0.047013
v 0.880473 -0.438392 0.000000
v 0.899976 -0.437424 0.055905
v 0.909997 -0.437095 0.060306
v 0.920000 -0.437041 0.062090
v 0.930000 -0.437038 0.062616
v 0.940000 -0.437038 0.062799
v 0.950000 -0.437041 0.062897
v 0.960003 -0.437094 0.063266
v 0.970033 -0.437410 0.065941
v 0.980004 -0.437466 0.076932
v 0.990000 -0.437470 0.083052
v 1.000000 -0.437470 0.084728
v 1.010000 -0.437470 0.084711
v 1.020000 -0.437470 0.082816
v 1.029992 -0.437464 0.074834
v 1.039901 -0.437364 0.054140
v 1.049483 -0.436591 0.000000
v 1.059326 -0.433856 0.000000
v 1.065966 -0.432404 0.000000
v 0.110085 -0.448479 0.063225
v 0.100894 -0.449000 0.000000
v 0.120004 -0.448439 0.082835
v 0.130000 -0.448438 0.091997
v 0.140000 -0.448438 0.097108
v 0.150000 -0.448438 0.098539
v 0.160000 -0.448438 0.095090
v 0.169999 -0.448437 0.088250
v 0.179969 -0.448433 0.076229
v 0.189531 -0.448354 0.050723
v 0.196243 -0.447753 0.000000
v 0.630371 -0.448434 0.062085
v 0.623140 -0.448390 0.000000
v 0.640025 -0.448437 0.083483
v 0.650001 -0.448438 0.093394
v 0.660000 -0.448438 0.099685
v 0.670000 -0.448438 0.103520
v 0.680000 -0.448438 0.103659
v 0.690000 -0.448438 0.101721
v 0.700000 -0.448438 0.099389
v 0.710000 -0.448438 0.095791
v 0.719999 -0.448438 0.090452
v 0.729972 -0.448438 0.081201
v 0.739574 -0.448443 0.059777
v 0.746416 -0.448498 0.000000
v 0.820419 -0.448438 0.061012
v 0.813526 -0.448440 0.000000
v 0.830027 -0.448438 0.078695
v 0.839996 -0.448446 0.076313
v 0.849967 -0.448524 0.065852
v 0.859959 -0.440892 0.000000
v 0.859997 -0.448840 0.063047
v 0.870041 -0.440892 0.000000
v 0.870003 -0.448839 0.061666
v 0.880029 -0.448519 0.057589
v 0.889939 -0.448351 0.047436
v 0.899531 -0.447548 0.000000
v 0.909957 -0.445003 0.000000
v 0.919998 -0.444581 0.000000
v 0.930000 -0.444540 0.000000
v 0.940000 -0.444540 0.000000
v 0.950002 -0.444581 0.000000
v 0.960044 -0.444999 0.000000
v 0.970470 -0.447471 0.000000
v 0.980076 -0.447925 0.051071
v 0.990005 -0.447972 0.060925
v 1.000000 -0.447975 0.062712
v 1.010000 -0.447975 0.062711
v 1.019994 -0.447972 0.060891
v 1.029891 -0.447914 0.050601
v 1.039059 -0.447329 0.000000
v 1.045988 -0.443996 0.000000
v 0.094638 -0.452780 0.000000
v 0.100415 -0.459462 0.051145
v 0.093289 -0.460093 0.000000
v 0.110028 -0.459380 0.076210
v 0.120001 -0.459375 0.088150
v 0.130000 -0.459375 0.095137
v 0.140000 -0.459375 0.099407
v 0.150000 -0.459375 0.098915
v 0.160000 -0.459375 0.093686
v 0.169996 -0.459374 0.084433
v 0.179918 -0.459339 0.064918
v 0.189118 -0.458861 0.000000
v 0.195302 -0.455038 0.000000
v 0.630419 -0.459375 0.061705
v 0.623526 -0.459373 0.000000
v 0.640027 -0.459375 0.083390
v 0.650001 -0.459375 0.093412
v 0.660000 -0.459375 0.099992
v 0.670000 -0.459375 0.104586
v 0.680000 -0.459375 0.105489
v 0.690000 -0.459375 0.102567
v 0.700000 -0.459375 0.098377
v 0.710000 -0.459375 0.093464
v 0.719999 -0.459375 0.087763
v 0.729972 -0.459372 0.078859
v 0.739575 -0.459345 0.059271
v 0.746416 -0.459309 0.000000
v 0.820371 -0.459378 0.061895
v 0.813140 -0.459423 0.000000
v 0.830025 -0.459375 0.081909
v 0.840001 -0.459375 0.086678
v 0.849999 -0.459379 0.085315
v 0.860000 -0.459402 0.083665
v 0.869999 -0.459401 0.078597
v 0.879966 -0.459346 0.062002
v 0.889499 -0.458896 0.000000
v 0.896054 -0.455015 0.000000
v 0.980626 -0.455266 0.000000
v 0.973965 -0.454236 0.000000
v 0.990058 -0.455456 0.000000
v 1.000003 -0.455475 0.000000
v 1.009997 -0.455475 0.000000
v 1.019942 -0.455456 0.000000
v 1.029369 -0.455265 0.000000
v 1.035969 -0.454215 0.000000
v 0.100051 -0.470343 0.063776
v 0.090405 -0.470751 0.000000
v 0.110003 -0.470314 0.083028
v 0.120000 -0.470313 0.092285
v 0.130000 -0.470313 0.098108
v 0.140000 -0.470313 0.101389
v 0.150000 -0.470313 0.099330
v 0.159999 -0.470313 0.093382
v 0.169975 -0.470312 0.083499
v 0.179632 -0.470309 0.062108
v 0.186896 -0.470267 0.000000
v 0.630423 -0.470313 0.061679
v 0.623563 -0.470312 0.000000
v 0.640027 -0.470313 0.083384
v 0.650001 -0.470313 0.093410
v 0.660000 -0.470313 0.099994
v 0.670000 -0.470313 0.104533
v 0.680000 -0.470313 0.105047
v 0.690000 -0.470313 0.101203
v 0.700000 -0.470313 0.095615
v 0.710000 -0.470312 0.088730
v 0.719997 -0.470310 0.078994
v 0.729948 -0.470260 0.063442
v 0.739540 -0.469872 0.047577
v 0.746245 -0.469531 0.000000
v 0.820079 -0.470348 0.064995
v 0.810817 -0.470830 0.000000
v 0.830004 -0.470314 0.084081
v 0.840000 -0.470313 0.091664
v 0.850000 -0.470313 0.093591
v 0.860000 -0.470313 0.091201
v 0.869999 -0.470315 0.083673
v 0.879965 -0.470346 0.065061
v 0.889495 -0.470794 0.000000
v 0.074620 -0.475363 0.000000
v 0.080745 -0.473908 0.000000
v 0.080408 -0.481694 0.047992
v 0.073329 -0.482079 0.000000
v 0.090050 -0.481305 0.063544
v 0.100003 -0.481253 0.078922
v 0.110000 -0.481250 0.088601
v 0.120000 -0.481250 0.095381
v 0.130000 -0.481250 0.100572
v 0.140000 -0.481250 0.103003
v 0.150000 -0.481250 0.099768
v 0.159999 -0.481250 0.093440
v 0.169975 -0.481250 0.083504
v 0.179632 -0.481253 0.062114
v 0.186899 -0.481295 0.000000
v 0.630423 -0.481250 0.061678
v 0.623565 -0.481250 0.000000
v 0.640027 -0.481250 0.083383
v 0.650001 -0.481250 0.093409
v 0.660000 -0.481250 0.099975
v 0.670000 -0.481250 0.104387
v 0.680000 -0.481250 0.104465
v 0.690000 -0.481250 0.100187
v 0.700000 -0.481250 0.093840
v 0.709997 -0.481249 0.084485
v 0.719952 -0.481224 0.065445
v 0.729609 -0.480859 0.000000
v 0.739250 -0.477657 0.000000
v 0.745322 -0.476203 0.000000
v 0.804054 -0.474697 0.000000
v 0.810121 -0.481357 0.054158
v 0.800946 -0.482282 0.000000
v 0.820007 -0.481255 0.077264
v 0.830000 -0.481250 0.088485
v 0.840000 -0.481250 0.094939
v 0.850000 -0.481250 0.097690
v 0.860000 -0.481250 0.094682
v 0.870000 -0.481250 0.088201
v 0.879995 -0.481255 0.077075
v 0.889901 -0.481356 0.054138
v 0.895989 -0.474694 0.000000
v 0.899056 -0.482282 0.000000
v 0.080081 -0.492252 0.062768
v 0.070827 -0.492755 0.000000
v 0.090005 -0.492192 0.080112
v 0.100000 -0.492188 0.088414
v 0.110000 -0.492188 0.093939
v 0.120000 -0.492188 0.098860
v 0.130000 -0.492188 0.102934
v 0.140000 -0.492188 0.104041
v 0.150000 -0.492188 0.100173
v 0.160000 -0.492188 0.093859
v 0.169996 -0.492189 0.084467
v 0.179921 -0.492223 0.065032
v 0.189188 -0.492703 0.000000
v 0.630423 -0.492188 0.061678
v 0.623565 -0.492188 0.000000
v 0.640027 -0.492188 0.083383
v 0.650001 -0.492188 0.093407
v 0.660000 -0.492188 0.099957
v 0.670000 -0.492188 0.104251
v 0.680000 -0.492188 0.103945
v 0.690000 -0.492188 0.099579
v 0.699999 -0.492188 0.093205
v 0.709975 -0.492187 0.083328
v 0.719632 -0.492185 0.061987
v 0.726900 -0.492150 0.000000
v 0.794074 -0.485706 0.000000
v 0.800131 -0.492330 0.053773
v 0.790947 -0.493224 0.000000
v 0.810009 -0.492197 0.075570
v 0.820000 -0.492188 0.086903
v 0.830000 -0.492188 0.093366
v 0.840000 -0.492188 0.097886
v 0.850000 -0.492188 0.099422
v 0.860000 -0.492188 0.096326
v 0.870000 -0.492188 0.091314
v 0.880000 -0.492188 0.085123
v 0.889991 -0.492196 0.074573
v 0.899866 -0.492329 0.053176
v 0.905921 -0.485706 0.000000
v 0.908986 -0.493220 0.000000
v 0.063990 -0.496554 0.000000
v 0.070089 -0.503223 0.054602
v 0.060472 -0.504015 0.000000
v 0.080006 -0.503131 0.077105
v 0.090000 -0.503125 0.087958
v 0.100000 -0.503125 0.094256
v 0.110000 -0.503125 0.098923
v 0.120000 -0.503125 0.102890
v 0.130000 -0.503125 0.105831
v 0.140000 -0.503125 0.105472
v 0.150000 -0.503125 0.101355
v 0.160000 -0.503125 0.095653
v 0.170000 -0.503125 0.088567
v 0.179994 -0.503130 0.077302
v 0.189910 -0.503222 0.054598
v 0.196008 -0.496552 0.000000
v 0.199485 -0.504030 0.000000
v 0.630423 -0.503125 0.061673
v 0.623565 -0.503125 0.000000
v 0.640027 -0.503125 0.083372
v 0.650001 -0.503125 0.093380
v 0.660000 -0.503125 0.099850
v 0.670000 -0.503125 0.103790
v 0.680000 -0.503125 0.102585
v 0.690000 -0.503125 0.098049
v 0.699999 -0.503125 0.091857
v 0.709973 -0.503125 0.081925
v 0.719578 -0.503119 0.060022
v 0.726458 -0.503060 0.000000
v 0.784074 -0.496644 0.000000
v 0.790131 -0.503268 0.053772
v 0.780947 -0.504161 0.000000
v 0.800010 -0.503136 0.075544
v 0.810000 -0.503125 0.086728
v 0.820000 -0.503125 0.092959
v 0.830000 -0.503125 0.097000
v 0.840000 -0.503125 0.098976
v 0.850000 -0.503125 0.097496
v 0.860000 -0.503125 0.093317
v 0.870000 -0.503125 0.088333
v 0.879999 -0.503121 0.083541
v 0.889999 -0.503098 0.079562
v 0.899966 -0.503105 0.070053
v 0.909519 -0.503211 0.048086
v 0.915281 -0.496591 0.000000
v 0.916224 -0.503746 0.000000
v 0.004676 -0.508239 0.000000
v 0.010720 -0.507232 0.000000
v 0.010458 -0.514563 0.047176
v 0.003755 -0.514850 0.000000
v 0.020064 -0.507044 0.000000
v 0.020030 -0.514527 0.059951
v 0.030003 -0.507023 0.000000
v 0.030001 -0.514525 0.062532
v 0.040002 -0.506982 0.000000
v 0.040000 -0.514521 0.062892
v 0.050044 -0.506559 0.000000
v 0.050003 -0.514468 0.063277
v 0.060033 -0.514149 0.066016
v 0.070004 -0.514069 0.077705
v 0.080000 -0.514063 0.087166
v 0.090000 -0.514063 0.093533
v 0.100000 -0.514063 0.098671
v 0.110000 -0.514063 0.103136
v 0.120000 -0.514063 0.106920
v 0.130000 -0.514063 0.109226
v 0.140000 -0.514063 0.107761
v 0.150000 -0.514063 0.103728
v 0.160000 -0.514063 0.098893
v 0.170000 -0.514063 0.093587
v 0.180000 -0.514063 0.087166
v 0.189995 -0.514069 0.077525
v 0.199963 -0.514152 0.064046
v 0.209331 -0.506768 0.000000
v 0.209921 -0.514519 0.051447
v 0.216031 -0.508200 0.000000
v 0.219527 -0.515026 0.000000
v 0.630423 -0.514062 0.061541
v 0.623566 -0.514059 0.000000
v 0.640027 -0.514063 0.083205
v 0.650001 -0.514063 0.093126
v 0.660000 -0.514063 0.099354
v 0.670000 -0.514063 0.102852
v 0.680000 -0.514063 0.100811
v 0.690000 -0.514063 0.095508
v 0.699999 -0.514062 0.088288
v 0.709969 -0.514058 0.076231
v 0.719531 -0.513979 0.050724
v 0.726245 -0.513378 0.000000
v 0.774074 -0.507581 0.000000
v 0.780131 -0.514205 0.053769
v 0.770947 -0.515099 0.000000
v 0.790010 -0.514073 0.075529
v 0.800000 -0.514063 0.086659
v 0.810000 -0.514063 0.092704
v 0.820000 -0.514063 0.096052
v 0.830000 -0.514063 0.097003
v 0.840000 -0.514063 0.095744
v 0.850000 -0.514062 0.092497
v 0.860000 -0.514061 0.086856
v 0.869995 -0.514054 0.077550
v 0.879967 -0.513976 0.065717
v 0.889996 -0.513657 0.062322
v 0.899970 -0.513602 0.058644
v 0.909539 -0.513569 0.045501
v 0.916227 -0.513338 0.000000
v 0.944580 -0.508269 0.000000
v 0.950000 -0.507441 0.000000
v 0.950000 -0.514601 0.033986
v 0.943713 -0.514854 0.000000
v 0.955420 -0.508269 0.000000
v 0.956289 -0.514854 0.000000
v 0.010425 -0.525033 0.059319
v 0.003583 -0.525070 0.000000
v 0.020027 -0.525030 0.078145
v 0.030001 -0.525030 0.083533
v 0.040000 -0.525030 0.084781
v 0.050000 -0.525027 0.085098
v 0.060001 -0.525004 0.085937
v 0.070000 -0.525000 0.089485
v 0.080000 -0.525000 0.093916
v 0.090000 -0.525000 0.098460
v 0.100000 -0.525000 0.102796
v 0.110000 -0.525000 0.106872
v 0.120000 -0.525000 0.110566
v 0.130000 -0.525000 0.112736
v 0.140000 -0.525000 0.110730
v 0.150000 -0.525000 0.106957
v 0.160000 -0.525000 0.102817
v 0.170000 -0.525000 0.098461
v 0.180000 -0.525000 0.093892
v 0.190000 -0.525000 0.089197
v 0.199999 -0.525004 0.083955
v 0.209996 -0.525031 0.077016
v 0.219967 -0.525090 0.065767
v 0.229899 -0.517521 0.000000
v 0.229992 -0.525409 0.061297
v 0.239371 -0.518129 0.000000
v 0.239922 -0.525510 0.051063
v 0.246031 -0.519199 0.000000
v 0.249486 -0.525982 0.000000
v 0.414676 -0.519177 0.000000
v 0.420718 -0.518171 0.000000
v 0.420458 -0.525501 0.046872
v 0.413756 -0.525785 0.000000
v 0.430006 -0.518002 0.000000
v 0.430025 -0.525467 0.057889
v 0.439377 -0.518172 0.000000
v 0.439925 -0.525513 0.050695
v 0.446035 -0.519201 0.000000
v 0.449530 -0.525967 0.000000
v 0.630426 -0.524993 0.059973
v 0.623584 -0.524936 0.000000
v 0.640028 -0.525000 0.081775
v 0.650001 -0.525000 0.091613
v 0.660000 -0.525000 0.097409
v 0.670000 -0.525000 0.100775
v 0.680000 -0.525000 0.099363
v 0.690000 -0.525000 0.093754
v 0.699996 -0.524999 0.084438
v 0.709918 -0.524964 0.064919
v 0.719118 -0.524485 0.000000
v 0.725302 -0.520663 0.000000
v 0.764079 -0.518519 0.000000
v 0.770134 -0.525143 0.053663
v 0.761010 -0.526034 0.000000
v 0.780010 -0.525011 0.075482
v 0.790000 -0.525000 0.086502
v 0.800000 -0.525000 0.092226
v 0.810000 -0.525000 0.095039
v 0.820000 -0.525000 0.094831
v 0.830000 -0.525000 0.092702
v 0.840000 -0.524999 0.088987
v 0.849999 -0.524996 0.083703
v 0.859992 -0.524967 0.074924
v 0.869902 -0.524864 0.054170
v 0.879527 -0.524106 0.000000
v 0.889953 -0.521564 0.000000
v 0.899934 -0.521123 0.000000
v 0.909280 -0.520895 0.000000
v 0.915323 -0.519891 0.000000
v 0.950003 -0.525036 0.042070
v 0.943546 -0.525070 0.000000
v 0.956493 -0.525072 0.000000
v 0.010423 -0.535939 0.061464
v 0.003566 -0.535941 0.000000
v 0.020027 -0.535938 0.082585
v 0.030001 -0.535938 0.090842
v 0.040000 -0.535938 0.094048
v 0.050000 -0.535938 0.095101
v 0.060000 -0.535938 0.095633
v 0.070000 -0.535937 0.097061
v 0.080000 -0.535937 0.099688
v 0.090000 -0.535937 0.103097
v 0.100000 -0.535937 0.106811
v 0.110000 -0.535937 0.110541
v 0.120000 -0.535937 0.114020
v 0.130000 -0.535937 0.116097
v 0.140000 -0.535937 0.114039
v 0.150000 -0.535937 0.110548
v 0.160000 -0.535937 0.106811
v 0.170000 -0.535937 0.103091
v 0.180000 -0.535937 0.099610
v 0.190000 -0.535937 0.096471
v 0.200000 -0.535938 0.093155
v 0.210000 -0.535939 0.089340
v 0.219999 -0.535942 0.085646
v 0.230000 -0.535964 0.083137
v 0.239996 -0.535972 0.076757
v 0.249963 -0.536030 0.063972
v 0.259331 -0.528646 0.000000
v 0.259920 -0.536394 0.051412
v 0.266028 -0.530076 0.000000
v 0.269486 -0.536915 0.000000
v 0.420427 -0.535965 0.057475
v 0.413602 -0.535944 0.000000
v 0.430027 -0.535967 0.075317
v 0.439997 -0.535972 0.075291
v 0.449967 -0.536028 0.065671
v 0.459957 -0.528438 0.000000
v 0.459997 -0.536343 0.063234
v 0.469998 -0.528857 0.000000
v 0.470000 -0.536396 0.062908
v 0.479997 -0.528898 0.000000
v 0.480000 -0.536400 0.062720
v 0.489942 -0.528919 0.000000
v 0.489995 -0.536403 0.060924
v 0.499374 -0.529109 0.000000
v 0.499924 -0.536450 0.051070
v 0.506035 -0.530139 0.000000
v 0.509527 -0.536905 0.000000
v 0.630479 -0.535819 0.050338
v 0.623758 -0.535247 0.000000
v 0.640033 -0.535929 0.074535
v 0.650001 -0.535937 0.086655
v 0.660000 -0.535937 0.093357
v 0.670000 -0.535937 0.097785
v 0.680000 -0.535937 0.098335
v 0.689999 -0.535937 0.093251
v 0.699975 -0.535937 0.083490
v 0.709632 -0.535934 0.062109
v 0.716898 -0.535892 0.000000
v 0.754659 -0.529412 0.000000
v 0.760427 -0.536060 0.050737
v 0.753332 -0.536675 0.000000
v 0.770031 -0.535947 0.074541
v 0.780001 -0.535938 0.086051
v 0.790000 -0.535937 0.091353
v 0.800000 -0.535937 0.093225
v 0.810000 -0.535937 0.092194
v 0.820000 -0.535936 0.088843
v 0.829999 -0.535933 0.083896
v 0.839996 -0.535906 0.076839
v 0.849962 -0.535844 0.063944
v 0.859888 -0.535471 0.050974
v 0.869059 -0.534834 0.000000
v 0.875991 -0.531498 0.000000
v 0.950052 -0.535942 0.043602
v 0.943533 -0.535941 0.000000
v 0.956893 -0.535988 0.000000
v 0.010423 -0.546875 0.061668
v 0.003565 -0.546875 0.000000
v 0.020027 -0.546875 0.083302
v 0.030001 -0.546875 0.092942
v 0.040000 -0.546875 0.098300
v 0.050000 -0.546875 0.101046
v 0.060000 -0.546875 0.102220
v 0.070000 -0.546875 0.103281
v 0.080000 -0.546875 0.105108
v 0.090000 -0.546875 0.107705
v 0.100000 -0.546875 0.110820
v 0.110000 -0.546875 0.114211
v 0.120000 -0.546875 0.117530
v 0.130000 -0.546875 0.119524
v 0.140000 -0.546875 0.117532
v 0.150000 -0.546875 0.114211
v 0.160000 -0.546875 0.110819
v 0.170000 -0.546875 0.107687
v 0.180000 -0.546875 0.104934
v 0.190000 -0.546875 0.102353
v 0.200000 -0.546875 0.099522
v 0.210000 -0.546875 0.096978
v 0.220000 -0.546875 0.095106
v 0.230000 -0.546876 0.092833
v 0.240000 -0.546876 0.089041
v 0.249999 -0.546879 0.083935
v 0.259996 -0.546906 0.076844
v 0.269963 -0.546968 0.063977
v 0.279331 -0.539584 0.000000
v 0.279920 -0.547332 0.051412
v 0.286028 -0.541013 0.000000
v 0.289486 -0.547852 0.000000
v 0.420470 -0.546791 0.050447
v 0.413758 -0.546193 0.000000
v 0.430031 -0.546871 0.074921
v 0.440001 -0.546876 0.083586
v 0.449999 -0.546879 0.084356
v 0.460000 -0.546902 0.084691
v 0.470000 -0.546905 0.084867
v 0.480000 -0.546905 0.084712
v 0.490000 -0.546905 0.083040
v 0.499996 -0.546909 0.076921
v 0.509967 -0.546965 0.065761
v 0.519899 -0.539396 0.000000
v 0.519992 -0.547284 0.061295
v 0.529371 -0.540004 0.000000
v 0.529922 -0.547385 0.051046
v 0.536031 -0.541074 0.000000
v 0.539482 -0.547857 0.000000
v 0.631013 -0.545846 0.000000
v 0.624718 -0.542467 0.000000
v 0.640124 -0.546768 0.054047
v 0.650007 -0.546870 0.077243
v 0.660000 -0.546875 0.088504
v 0.670000 -0.546875 0.095044
v 0.680000 -0.546875 0.097610
v 0.689999 -0.546875 0.093156
v 0.699975 -0.546875 0.083486
v 0.709635 -0.546877 0.062152
v 0.716942 -0.546904 0.000000
v 0.760082 -0.546917 0.063172
v 0.750827 -0.547439 0.000000
v 0.770004 -0.546877 0.082024
v 0.780000 -0.546875 0.089073
v 0.790000 -0.546874 0.090643
v 0.800000 -0.546874 0.088452
v 0.809999 -0.546871 0.083825
v 0.819996 -0.546844 0.076827
v 0.829963 -0.546782 0.063975
v 0.839920 -0.546418 0.051412
v 0.849486 -0.545898 0.000000
v 0.859326 -0.543227 0.000000
v 0.865966 -0.541779 0.000000
v 0.950340 -0.546911 0.045654
v 0.943558 -0.546877 0.000000
v 0.959144 -0.547390 0.000000
v 0.010423 -0.557812 0.061678
v 0.003565 -0.557813 0.000000
v 0.020027 -0.557812 0.083379
v 0.030001 -0.557812 0.093364
v 0.040000 -0.557813 0.099777
v 0.050000 -0.557813 0.104321
v 0.060000 -0.557813 0.107049
v 0.070000 -0.557813 0.108660
v 0.080000 -0.557813 0.110264
v 0.090000 -0.557812 0.112359
v 0.100000 -0.557812 0.114975
v 0.110000 -0.557812 0.117983
v 0.120000 -0.557813 0.121090
v 0.130000 -0.557813 0.123031
v 0.140000 -0.557813 0.121090
v 0.150000 -0.557813 0.117983
v 0.160000 -0.557813 0.114971
v 0.170000 -0.557812 0.112305
v 0.180000 -0.557812 0.109912
v 0.190000 -0.557812 0.107470
v 0.200000 -0.557813 0.105069
v 0.210000 -0.557813 0.103190
v 0.220000 -0.557813 0.101651
v 0.230000 -0.557813 0.099309
v 0.240000 -0.557813 0.096437
v 0.250000 -0.557813 0.093130
v 0.260000 -0.557814 0.089075
v 0.269999 -0.557817 0.083937
v 0.279996 -0.557844 0.076843
v 0.289962 -0.557906 0.063944
v 0.299326 -0.550523 0.000000
v 0.299888 -0.558279 0.050971
v 0.305966 -0.551971 0.000000
v 0.309055 -0.558917 0.000000
v 0.420898 -0.557250 0.000000
v 0.414699 -0.553472 0.000000
v 0.430085 -0.557771 0.063091
v 0.440004 -0.557811 0.082062
v 0.450000 -0.557813 0.089477
v 0.460000 -0.557813 0.092594
v 0.470000 -0.557813 0.093968
v 0.480000 -0.557813 0.094269
v 0.490000 -0.557813 0.092624
v 0.500000 -0.557814 0.089253
v 0.509999 -0.557817 0.085628
v 0.520000 -0.557840 0.083103
v 0.529995 -0.557847 0.076550
v 0.539938 -0.557905 0.062996
v 0.549237 -0.550519 0.000000
v 0.549539 -0.558257 0.047550
v 0.555321 -0.551925 0.000000
v 0.556245 -0.558595 0.000000
v 0.640817 -0.557295 0.000000
v 0.634059 -0.553428 0.000000
v 0.650079 -0.557777 0.065027
v 0.660004 -0.557811 0.084439
v 0.670000 -0.557812 0.093473
v 0.680000 -0.557812 0.097323
v 0.690000 -0.557812 0.093474
v 0.699997 -0.557813 0.084471
v 0.709954 -0.557836 0.065497
v 0.719659 -0.558156 0.000000
v 0.743990 -0.551239 0.000000
v 0.750089 -0.557909 0.054205
v 0.740471 -0.558668 0.000000
v 0.760006 -0.557817 0.075701
v 0.770000 -0.557812 0.083669
v 0.779999 -0.557808 0.084097
v 0.790000 -0.557786 0.082776
v 0.799996 -0.557778 0.076696
v 0.809963 -0.557720 0.063965
v 0.819919 -0.557356 0.051411
v 0.829486 -0.556835 0.000000
v 0.839331 -0.554166 0.000000
v 0.846028 -0.552737 0.000000
v 0.950388 -0.557817 0.053910
v 0.943523 -0.557814 0.000000
v 0.959562 -0.557896 0.047047
v 0.965307 -0.551212 0.000000
v 0.966286 -0.558499 0.000000
v 0.010423 -0.568750 0.061678
v 0.003565 -0.568750 0.000000
v 0.020027 -0.568750 0.083384
v 0.030001 -0.568750 0.093416
v 0.040000 -0.568750 0.100095
v 0.050000 -0.568750 0.105503
v 0.060000 -0.568750 0.109793
v 0.070000 -0.568750 0.112836
v 0.080000 -0.568750 0.115011
v 0.090000 -0.568750 0.117000
v 0.100000 -0.568750 0.119300
v 0.110000 -0.568750 0.121976
v 0.120000 -0.568750 0.124818
v 0.130000 -0.568750 0.126644
v 0.140000 -0.568750 0.124818
v 0.150000 -0.568750 0.121977
v 0.160000 -0.568750 0.119296
v 0.170000 -0.568750 0.116919
v 0.180000 -0.568750 0.114630
v 0.190000 -0.568750 0.112303
v 0.200000 -0.568750 0.110273
v 0.210000 -0.568750 0.108698
v 0.220000 -0.568750 0.107087
v 0.230000 -0.568750 0.104846
v 0.240000 -0.568750 0.102340
v 0.250000 -0.568750 0.099448
v 0.260000 -0.568750 0.096452
v 0.270000 -0.568750 0.093130
v 0.280000 -0.568751 0.089055
v 0.289999 -0.568754 0.083704
v 0.299991 -0.568784 0.074873
v 0.309866 -0.568896 0.053600
v 0.315921 -0.562274 0.000000
v 0.318990 -0.569784 0.000000
v 0.430427 -0.568628 0.050733
v 0.423335 -0.568013 0.000000
v 0.440031 -0.568740 0.074554
v 0.450001 -0.568750 0.086198
v 0.460000 -0.568750 0.092230
v 0.470000 -0.568750 0.096140
v 0.480000 -0.568750 0.098247
v 0.490000 -0.568750 0.097756
v 0.500000 -0.568750 0.096383
v 0.510000 -0.568750 0.094876
v 0.520000 -0.568751 0.092487
v 0.529999 -0.568751 0.087696
v 0.539971 -0.568754 0.079000
v 0.549575 -0.568780 0.059408
v 0.556417 -0.568819 0.000000
v 0.650371 -0.568747 0.062087
v 0.643140 -0.568702 0.000000
v 0.660025 -0.568750 0.083478
v 0.670001 -0.568750 0.093153
v 0.680000 -0.568750 0.097607
v 0.690000 -0.568750 0.095044
v 0.700000 -0.568750 0.088697
v 0.709998 -0.568753 0.079282
v 0.719977 -0.568798 0.066214
v 0.730013 -0.560736 0.000000
v 0.730001 -0.569096 0.063341
v 0.740033 -0.568833 0.065107
v 0.750004 -0.568757 0.074507
v 0.759999 -0.568746 0.078850
v 0.769996 -0.568719 0.075765
v 0.779967 -0.568660 0.065537
v 0.789992 -0.568341 0.061264
v 0.799922 -0.568240 0.051059
v 0.809486 -0.567768 0.000000
v 0.819331 -0.565104 0.000000
v 0.826028 -0.563674 0.000000
v 0.950343 -0.568752 0.056924
v 0.943095 -0.568783 0.000000
v 0.959654 -0.568758 0.055840
v 0.966886 -0.568847 0.000000
v 0.010423 -0.579687 0.061678
v 0.003565 -0.579687 0.000000
v 0.020027 -0.579687 0.083384
v 0.030001 -0.579687 0.093419
v 0.040000 -0.579687 0.100135
v 0.050000 -0.579687 0.105752
v 0.060000 -0.579687 0.110738
v 0.070000 -0.579687 0.115081
v 0.080000 -0.579687 0.118631
v 0.090000 -0.579687 0.121264
v 0.100000 -0.579687 0.123657
v 0.110000 -0.579687 0.126182
v 0.120000 -0.579687 0.128809
v 0.130000 -0.579687 0.130513
v 0.140000 -0.579687 0.128816
v 0.150000 -0.579687 0.126212
v 0.160000 -0.579687 0.123767
v 0.170000 -0.579687 0.121509
v 0.180000 -0.579687 0.119211
v 0.190000 -0.579687 0.117060
v 0.200000 -0.579687 0.115312
v 0.210000 -0.579687 0.113850
v 0.220000 -0.579687 0.112061
v 0.230000 -0.579687 0.109883
v 0.240000 -0.579687 0.107451
v 0.250000 -0.579687 0.104902
v 0.260000 -0.579687 0.102344
v 0.270000 -0.579687 0.099433
v 0.280000 -0.579687 0.096339
v 0.290000 -0.579688 0.092510
v 0.299999 -0.579689 0.086446
v 0.309969 -0.579697 0.074619
v 0.319573 -0.579810 0.050740
v 0.325341 -0.573162 0.000000
v 0.326665 -0.580425 0.000000
v 0.431010 -0.578654 0.000000
v 0.424659 -0.575276 0.000000
v 0.440134 -0.579545 0.053664
v 0.450010 -0.579677 0.075494
v 0.460000 -0.579686 0.086557
v 0.470000 -0.579687 0.092315
v 0.480000 -0.579687 0.095750
v 0.490000 -0.579687 0.097971
v 0.500000 -0.579687 0.099731
v 0.510000 -0.579687 0.099869
v 0.520000 -0.579687 0.097378
v 0.529999 -0.579687 0.092059
v 0.539973 -0.579688 0.082787
v 0.549577 -0.579689 0.061481
v 0.556434 -0.579691 0.000000
v 0.650419 -0.579687 0.061704
v 0.643526 -0.579685 0.000000
v 0.660027 -0.579687 0.083376
v 0.670001 -0.579687 0.093199
v 0.680000 -0.579687 0.098275
v 0.690000 -0.579687 0.097638
v 0.700000 -0.579687 0.093469
v 0.710000 -0.579688 0.088534
v 0.719999 -0.579690 0.084131
v 0.730000 -0.579711 0.082344
v 0.740001 -0.579690 0.080064
v 0.749995 -0.579679 0.074479
v 0.759963 -0.579598 0.063206
v 0.769921 -0.579231 0.051299
v 0.779527 -0.578724 0.000000
v 0.789899 -0.576229 0.000000
v 0.799371 -0.575621 0.000000
v 0.806031 -0.574551 0.000000
v 0.874586 -0.573895 0.000000
v 0.880094 -0.573068 0.000000
v 0.880378 -0.580239 0.036808
v 0.873708 -0.580482 0.000000
v 0.886130 -0.573919 0.000000
v 0.889561 -0.580657 0.000000
v 0.950044 -0.579713 0.061064
v 0.940344 -0.580063 0.000000
v 0.959956 -0.579714 0.060973
v 0.969656 -0.580066 0.000000
v 0.010423 -0.590625 0.061678
v 0.003565 -0.590625 0.000000
v 0.020027 -0.590625 0.083384
v 0.030001 -0.590625 0.093419
v 0.040000 -0.590625 0.100137
v 0.050000 -0.590625 0.105781
v 0.060000 -0.590625 0.110913
v 0.070000 -0.590625 0.115722
v 0.080000 -0.590625 0.120207
v 0.090000 -0.590625 0.124140
v 0.100000 -0.590625 0.127432
v 0.110000 -0.590625 0.130347
v 0.120000 -0.590625 0.132988
v 0.130000 -0.590625 0.134655
v 0.140000 -0.590625 0.133087
v 0.150000 -0.590625 0.130663
v 0.160000 -0.590625 0.128335
v 0.170000 -0.590625 0.126046
v 0.180000 -0.590625 0.123797
v 0.190000 -0.590625 0.121842
v 0.200000 -0.590625 0.120267
v 0.210000 -0.590625 0.118777
v 0.220000 -0.590625 0.116837
v 0.230000 -0.590625 0.114618
v 0.240000 -0.590625 0.112246
v 0.250000 -0.590625 0.109904
v 0.260000 -0.590625 0.107432
v 0.270000 -0.590625 0.104774
v 0.280000 -0.590625 0.101801
v 0.290000 -0.590625 0.097696
v 0.300000 -0.590625 0.092052
v 0.309996 -0.590627 0.082835
v 0.319915 -0.590667 0.063219
v 0.329102 -0.591187 0.000000
v 0.440947 -0.589589 0.000000
v 0.434079 -0.586169 0.000000
v 0.450131 -0.590479 0.053703
v 0.460009 -0.590591 0.074887
v 0.470001 -0.590621 0.083700
v 0.480000 -0.590625 0.089120
v 0.490000 -0.590625 0.093661
v 0.500000 -0.590625 0.097663
v 0.510000 -0.590625 0.099803
v 0.520000 -0.590625 0.098390
v 0.529999 -0.590625 0.093047
v 0.539973 -0.590625 0.083319
v 0.549577 -0.590625 0.061669
v 0.556435 -0.590625 0.000000
v 0.650423 -0.590625 0.061679
v 0.643563 -0.590625 0.000000
v 0.660028 -0.590625 0.083375
v 0.670001 -0.590625 0.093273
v 0.680000 -0.590625 0.098798
v 0.690000 -0.590625 0.099424
v 0.700000 -0.590625 0.096030
v 0.710000 -0.590625 0.091385
v 0.720000 -0.590625 0.086698
v 0.729999 -0.590622 0.081863
v 0.739992 -0.590592 0.073954
v 0.749901 -0.590489 0.053786
v 0.759484 -0.589716 0.000000
v 0.769331 -0.586982 0.000000
v 0.776031 -0.585550 0.000000
v 0.880369 -0.590665 0.055349
v 0.873158 -0.590742 0.000000
v 0.889992 -0.590715 0.061899
v 0.899958 -0.583126 0.000000
v 0.899998 -0.591031 0.062813
v 0.909998 -0.583542 0.000000
v 0.910000 -0.591084 0.062888
v 0.920002 -0.583540 0.000000
v 0.920000 -0.591084 0.062915
v 0.930030 -0.583074 0.000000
v 0.930002 -0.591028 0.063278
v 0.940023 -0.590676 0.066121
v 0.950002 -0.590628 0.077002
v 0.959998 -0.590628 0.076998
v 0.969977 -0.590676 0.066120
v 0.979970 -0.583074 0.000000
v 0.979998 -0.591028 0.063277
v 0.989999 -0.583542 0.000000
v 0.990000 -0.591084 0.062912
v 1.000000 -0.583585 0.000000
v 1.000000 -0.591087 0.062885
v 1.010000 -0.583587 0.000000
v 1.010000 -0.591087 0.062876
v 1.020000 -0.583587 0.000000
v 1.020000 -0.591088 0.062845
v 1.029997 -0.583588 0.000000
v 1.029999 -0.591088 0.062519
v 1.039936 -0.583607 0.000000
v 1.039970 -0.591090 0.059948
v 1.049280 -0.583794 0.000000
v 1.049542 -0.591126 0.047176
v 1.055324 -0.584802 0.000000
v 1.056245 -0.591413 0.000000
v 0.010423 -0.601562 0.061678
v 0.003565 -0.601562 0.000000
v 0.020027 -0.601562 0.083384
v 0.030001 -0.601562 0.093419
v 0.040000 -0.601562 0.100137
v 0.050000 -0.601562 0.105783
v 0.060000 -0.601562 0.110930
v 0.070000 -0.601562 0.115818
v 0.080000 -0.601562 0.120564
v 0.090000 -0.601562 0.125166
v 0.100000 -0.601562 0.129533
v 0.110000 -0.601562 0.133568
v 0.120000 -0.601562 0.136841
v 0.130000 -0.601562 0.138867
v 0.140000 -0.601562 0.137571
v 0.150000 -0.601562 0.135298
v 0.160000 -0.601562 0.132989
v 0.170000 -0.601562 0.130646
v 0.180000 -0.601562 0.128494
v 0.190000 -0.601562 0.126699
v 0.200000 -0.601562 0.125185
v 0.210000 -0.601562 0.123523
v 0.220000 -0.601562 0.121478
v 0.230000 -0.601562 0.119190
v 0.240000 -0.601562 0.116904
v 0.250000 -0.601562 0.114597
v 0.260000 -0.601562 0.112071
v 0.270000 -0.601562 0.109223
v 0.280000 -0.601562 0.105616
v 0.290000 -0.601562 0.100903
v 0.300000 -0.601562 0.095290
v 0.309999 -0.601563 0.088113
v 0.319969 -0.601567 0.076094
v 0.329531 -0.601647 0.050699
v 0.335301 -0.594966 0.000000
v 0.336245 -0.602248 0.000000
v 0.450945 -0.600458 0.000000
v 0.444074 -0.597101 0.000000
v 0.460112 -0.601096 0.050975
v 0.470038 -0.601473 0.064010
v 0.480005 -0.601554 0.077490
v 0.490000 -0.601561 0.086886
v 0.500000 -0.601562 0.092514
v 0.510000 -0.601562 0.095789
v 0.520000 -0.601562 0.096498
v 0.529999 -0.601562 0.092595
v 0.539973 -0.601562 0.083264
v 0.549577 -0.601562 0.061665
v 0.556435 -0.601562 0.000000
v 0.650423 -0.601562 0.061678
v 0.643565 -0.601562 0.000000
v 0.660028 -0.601562 0.083369
v 0.670001 -0.601562 0.093196
v 0.680000 -0.601562 0.098273
v 0.690000 -0.601562 0.097609
v 0.700000 -0.601562 0.093196
v 0.710000 -0.601562 0.086860
v 0.719996 -0.601556 0.077241
v 0.729962 -0.601473 0.063813
v 0.739888 -0.601096 0.050896
v 0.749059 -0.600459 0.000000
v 0.755988 -0.597121 0.000000
v 0.880079 -0.601599 0.063933
v 0.870814 -0.602081 0.000000
v 0.890002 -0.601568 0.079478
v 0.900000 -0.601590 0.083944
v 0.910000 -0.601592 0.084801
v 0.920000 -0.601592 0.084856
v 0.930000 -0.601589 0.084911
v 0.940001 -0.601565 0.085598
v 0.950000 -0.601563 0.088146
v 0.960000 -0.601563 0.088146
v 0.969999 -0.601565 0.085598
v 0.980000 -0.601589 0.084905
v 0.990000 -0.601592 0.084815
v 1.000000 -0.601592 0.084753
v 1.010000 -0.601592 0.084639
v 1.020000 -0.601592 0.084423
v 1.029999 -0.601592 0.083326
v 1.039973 -0.601593 0.078090
v 1.049575 -0.601595 0.059310
v 1.056417 -0.601632 0.000000
v 0.010423 -0.612500 0.061678
v 0.003565 -0.612500 0.000000
v 0.020027 -0.612500 0.083384
v 0.030001 -0.612500 0.093419
v 0.040000 -0.612500 0.100137
v 0.050000 -0.612500 0.105783
v 0.060000 -0.612500 0.110931
v 0.070000 -0.612500 0.115826
v 0.080000 -0.612500 0.120605
v 0.090000 -0.612500 0.125348
v 0.100000 -0.612500 0.130083
v 0.110000 -0.612500 0.134782
v 0.120000 -0.612500 0.139134
v 0.130000 -0.612500 0.142257
v 0.140000 -0.612500 0.141869
v 0.150000 -0.612500 0.139926
v 0.160000 -0.612500 0.137657
v 0.170000 -0.612500 0.135365
v 0.180000 -0.612500 0.133344
v 0.190000 -0.612500 0.131664
v 0.200000 -0.612500 0.130124
v 0.210000 -0.612500 0.128234
v 0.220000 -0.612500 0.126030
v 0.230000 -0.612500 0.123732
v 0.240000 -0.612500 0.121462
v 0.250000 -0.612500 0.118962
v 0.260000 -0.612500 0.116028
v 0.270000 -0.612500 0.112433
v 0.280000 -0.612500 0.108199
v 0.290000 -0.612500 0.103391
v 0.300000 -0.612500 0.098117
v 0.309999 -0.612500 0.091851
v 0.319973 -0.612500 0.081920
v 0.329578 -0.612506 0.060020
v 0.336455 -0.612566 0.000000
v 0.460674 -0.608856 0.000000
v 0.454034 -0.607404 0.000000
v 0.470516 -0.611591 0.000000
v 0.480099 -0.612364 0.054145
v 0.490008 -0.612467 0.074925
v 0.500001 -0.612496 0.083699
v 0.510000 -0.612499 0.088900
v 0.520000 -0.612499 0.091836
v 0.529999 -0.612499 0.090388
v 0.539973 -0.612499 0.082531
v 0.549577 -0.612499 0.061460
v 0.556434 -0.612497 0.000000
v 0.650423 -0.612500 0.061678
v 0.643565 -0.612500 0.000000
v 0.660028 -0.612500 0.083363
v 0.670001 -0.612500 0.093108
v 0.680000 -0.612500 0.097599
v 0.690000 -0.612500 0.095033
v 0.700000 -0.612500 0.088500
v 0.709996 -0.612495 0.077303
v 0.719932 -0.612404 0.054644
v 0.729487 -0.611595 0.000000
v 0.739326 -0.608856 0.000000
v 0.745966 -0.607404 0.000000
v 0.863989 -0.605926 0.000000
v 0.870088 -0.612596 0.054602
v 0.860472 -0.613390 0.000000
v 0.880006 -0.612505 0.077151
v 0.890000 -0.612500 0.087638
v 0.900000 -0.612501 0.092573
v 0.910000 -0.612501 0.093914
v 0.920000 -0.612501 0.093752
v 0.930000 -0.612501 0.093546
v 0.940000 -0.612500 0.093699
v 0.950000 -0.612500 0.094361
v 0.960000 -0.612500 0.094361
v 0.970000 -0.612500 0.093693
v 0.980000 -0.612501 0.093477
v 0.990000 -0.612501 0.093356
v 1.000000 -0.612501 0.092929
v 1.010000 -0.612501 0.092116
v 1.020000 -0.612501 0.091145
v 1.029999 -0.612500 0.088997
v 1.039973 -0.612500 0.081880
v 1.049577 -0.612500 0.061256
v 1.056433 -0.612500 0.000000
v 0.010423 -0.623438 0.061678
v 0.003565 -0.623438 0.000000
v 0.020027 -0.623438 0.083384
v 0.030001 -0.623438 0.093419
v 0.040000 -0.623438 0.100137
v 0.050000 -0.623438 0.105783
v 0.060000 -0.623438 0.110931
v 0.070000 -0.623438 0.115826
v 0.080000 -0.623438 0.120608
v 0.090000 -0.623438 0.125364
v 0.100000 -0.623438 0.130150
v 0.110000 -0.623438 0.134963
v 0.120000 -0.623438 0.139574
v 0.130000 -0.623438 0.143221
v 0.140000 -0.623438 0.144409
v 0.150000 -0.623438 0.143588
v 0.160000 -0.623438 0.142043
v 0.170000 -0.623438 0.140104
v 0.180000 -0.623438 0.138314
v 0.190000 -0.623438 0.136718
v 0.200000 -0.623438 0.135040
v 0.210000 -0.623438 0.132947
v 0.220000 -0.623438 0.130600
v 0.230000 -0.623438 0.128224
v 0.240000 -0.623438 0.125681
v 0.250000 -0.623438 0.122614
v 0.260000 -0.623438 0.118843
v 0.270000 -0.623438 0.114646
v 0.280000 -0.623438 0.110156
v 0.290000 -0.623438 0.105210
v 0.300000 -0.623438 0.099727
v 0.309999 -0.623438 0.093214
v 0.319975 -0.623438 0.083326
v 0.329629 -0.623441 0.061944
v 0.336856 -0.623488 0.000000
v 0.480941 -0.622334 0.000000
v 0.474012 -0.618997 0.000000
v 0.490112 -0.622971 0.050974
v 0.500038 -0.623344 0.063938
v 0.510004 -0.623403 0.076732
v 0.520000 -0.623407 0.082827
v 0.529999 -0.623408 0.083260
v 0.539972 -0.623407 0.078123
v 0.549575 -0.623405 0.059318
v 0.556417 -0.623368 0.000000
v 0.650423 -0.623438 0.061678
v 0.643565 -0.623438 0.000000
v 0.660028 -0.623438 0.083360
v 0.670001 -0.623438 0.093065
v 0.680000 -0.623438 0.097249
v 0.690000 -0.623438 0.093509
v 0.699999 -0.623436 0.084551
v 0.709965 -0.623404 0.065415
v 0.719499 -0.622958 0.000000
v 0.726051 -0.619076 0.000000
v 0.823965 -0.617638 0.000000
v 0.830626 -0.616607 0.000000
v 0.830076 -0.623950 0.051011
v 0.820470 -0.624404 0.000000
v 0.840060 -0.616377 0.000000
v 0.840005 -0.623899 0.060757
v 0.850046 -0.615935 0.000000
v 0.850003 -0.623843 0.062836
v 0.860033 -0.623524 0.065728
v 0.870005 -0.623444 0.077383
v 0.880000 -0.623438 0.086660
v 0.890000 -0.623438 0.092349
v 0.900000 -0.623438 0.095797
v 0.910000 -0.623438 0.096312
v 0.920000 -0.623438 0.094894
v 0.930000 -0.623437 0.093767
v 0.940000 -0.623437 0.093539
v 0.950000 -0.623437 0.093654
v 0.960000 -0.623437 0.093652
v 0.970000 -0.623437 0.093503
v 0.980000 -0.623437 0.093416
v 0.990000 -0.623437 0.093065
v 1.000000 -0.623437 0.091614
v 1.010000 -0.623436 0.088576
v 1.019999 -0.623433 0.085250
v 1.029999 -0.623411 0.083413
v 1.039973 -0.623408 0.078094
v 1.049575 -0.623405 0.059310
v 1.056417 -0.623368 0.000000
v 0.010423 -0.634375 0.061678
v 0.003565 -0.634375 0.000000
v 0.020027 -0.634375 0.083384
v 0.030001 -0.634375 0.093419
v 0.040000 -0.634375 0.100137
v 0.050000 -0.634375 0.105783
v 0.060000 -0.634375 0.110931
v 0.070000 -0.634375 0.115826
v 0.080000 -0.634375 0.120607
v 0.090000 -0.634375 0.125355
v 0.100000 -0.634375 0.130082
v 0.110000 -0.634375 0.134612
v 0.120000 -0.634375 0.138410
v 0.130000 -0.634375 0.141070
v 0.140000 -0.634375 0.142725
v 0.150000 -0.634375 0.143772
v 0.160000 -0.634375 0.144370
v 0.170000 -0.634375 0.143814
v 0.180000 -0.634375 0.142930
v 0.190000 -0.634375 0.141692
v 0.200000 -0.634375 0.139924
v 0.210000 -0.634375 0.137611
v 0.220000 -0.634375 0.135073
v 0.230000 -0.634375 0.132240
v 0.240000 -0.634375 0.128897
v 0.250000 -0.634375 0.124830
v 0.260000 -0.634375 0.120345
v 0.270000 -0.634375 0.115719
v 0.280000 -0.634375 0.110961
v 0.290000 -0.634375 0.105902
v 0.300000 -0.634375 0.100359
v 0.310000 -0.634375 0.093846
v 0.319996 -0.634376 0.084433
v 0.329917 -0.634411 0.064912
v 0.339116 -0.634890 0.000000
v 0.490674 -0.630727 0.000000
v 0.484034 -0.629279 0.000000
v 0.500514 -0.633393 0.000000
v 0.510078 -0.633862 0.051037
v 0.520005 -0.633910 0.060893
v 0.529999 -0.633912 0.062351
v 0.539970 -0.633910 0.059942
v 0.549542 -0.633874 0.047176
v 0.556245 -0.633587 0.000000
v 0.650423 -0.634375 0.061678
v 0.643563 -0.634375 0.000000
v 0.660028 -0.634375 0.083361
v 0.670001 -0.634375 0.093065
v 0.680000 -0.634375 0.097245
v 0.690000 -0.634375 0.093499
v 0.699999 -0.634376 0.084542
v 0.709965 -0.634408 0.065408
v 0.719499 -0.634852 0.000000
v 0.783965 -0.628576 0.000000
v 0.790626 -0.627544 0.000000
v 0.790076 -0.634888 0.051030
v 0.780470 -0.635342 0.000000
v 0.800060 -0.627314 0.000000
v 0.800005 -0.634836 0.060801
v 0.810046 -0.626877 0.000000
v 0.810003 -0.634781 0.062838
v 0.820033 -0.634465 0.065594
v 0.830004 -0.634409 0.076182
v 0.840000 -0.634405 0.081276
v 0.850000 -0.634401 0.082504
v 0.860001 -0.634378 0.083407
v 0.870000 -0.634374 0.086680
v 0.880000 -0.634374 0.090226
v 0.890000 -0.634374 0.092632
v 0.900000 -0.634374 0.093534
v 0.910000 -0.634374 0.092355
v 0.920000 -0.634374 0.089071
v 0.929999 -0.634371 0.085709
v 0.940000 -0.634348 0.084919
v 0.950000 -0.634345 0.084851
v 0.960000 -0.634345 0.084846
v 0.970000 -0.634345 0.084826
v 0.980000 -0.634345 0.084800
v 0.990000 -0.634345 0.084555
v 1.000000 -0.634345 0.082924
v 1.009996 -0.634341 0.076866
v 1.019967 -0.634285 0.065879
v 1.029996 -0.633969 0.062891
v 1.039970 -0.633914 0.059972
v 1.049542 -0.633874 0.047177
v 1.056245 -0.633587 0.000000
v 0.010423 -0.645312 0.061678
v 0.003565 -0.645313 0.000000
v 0.020027 -0.645312 0.083384
v 0.030001 -0.645312 0.093419
v 0.040000 -0.645312 0.100137
v 0.050000 -0.645312 0.105783
v 0.060000 -0.645312 0.110931
v 0.070000 -0.645312 0.115825
v 0.080000 -0.645312 0.120592
v 0.090000 -0.645312 0.125245
v 0.100000 -0.645312 0.129570
v 0.110000 -0.645312 0.133020
v 0.120000 -0.645312 0.135137
v 0.130000 -0.645312 0.136709
v 0.140000 -0.645312 0.138299
v 0.150000 -0.645312 0.140103
v 0.160000 -0.645312 0.142075
v 0.170000 -0.645312 0.143801
v 0.180000 -0.645312 0.145229
v 0.190000 -0.645312 0.145454
v 0.200000 -0.645312 0.144369
v 0.210000 -0.645312 0.141941
v 0.220000 -0.645312 0.138769
v 0.230000 -0.645312 0.134779
v 0.240000 -0.645312 0.130397
v 0.250000 -0.645312 0.125789
v 0.260000 -0.645312 0.121125
v 0.270000 -0.645312 0.116444
v 0.280000 -0.645312 0.111692
v 0.290000 -0.645312 0.106753
v 0.300000 -0.645312 0.101465
v 0.310000 -0.645312 0.095567
v 0.319999 -0.645313 0.088291
v 0.329969 -0.645317 0.076231
v 0.339531 -0.645396 0.050723
v 0.345302 -0.638712 0.000000
v 0.346243 -0.645998 0.000000
v 0.510626 -0.641204 0.000000
v 0.503968 -0.640173 0.000000
v 0.520058 -0.641393 0.000000
v 0.530000 -0.641411 0.000000
v 0.539937 -0.641393 0.000000
v 0.549280 -0.641206 0.000000
v 0.555324 -0.640198 0.000000
v 0.650419 -0.645313 0.061704
v 0.643526 -0.645315 0.000000
v 0.660027 -0.645312 0.083369
v 0.670001 -0.645312 0.093103
v 0.680000 -0.645312 0.097545
v 0.690000 -0.645312 0.094887
v 0.700000 -0.645313 0.088359
v 0.709996 -0.645316 0.077186
v 0.719935 -0.645384 0.054661
v 0.726057 -0.638688 0.000000
v 0.729564 -0.645864 0.000000
v 0.743963 -0.639466 0.000000
v 0.750626 -0.638478 0.000000
v 0.750075 -0.645802 0.051028
v 0.740437 -0.645938 0.000000
v 0.760060 -0.638252 0.000000
v 0.760005 -0.645773 0.060750
v 0.770046 -0.637814 0.000000
v 0.770003 -0.645718 0.062831
v 0.780033 -0.645403 0.065633
v 0.790004 -0.645347 0.076409
v 0.800000 -0.645342 0.081701
v 0.810000 -0.645339 0.082564
v 0.820001 -0.645316 0.082963
v 0.830000 -0.645313 0.084127
v 0.839999 -0.645309 0.082964
v 0.850000 -0.645287 0.082628
v 0.860000 -0.645283 0.082707
v 0.870000 -0.645283 0.083290
v 0.880000 -0.645283 0.084107
v 0.890000 -0.645283 0.084639
v 0.900000 -0.645283 0.084608
v 0.910000 -0.645282 0.083015
v 0.919996 -0.645278 0.076916
v 0.929967 -0.645222 0.065929
v 0.939997 -0.644907 0.063262
v 0.950000 -0.644854 0.062914
v 0.960000 -0.644850 0.062891
v 0.970000 -0.644850 0.062889
v 0.980000 -0.644850 0.062880
v 0.990000 -0.644850 0.062709
v 0.999995 -0.644847 0.060917
v 1.009924 -0.644800 0.051068
v 1.019530 -0.644346 0.000000
v 1.029953 -0.641873 0.000000
v 1.039934 -0.641436 0.000000
v 1.049280 -0.641208 0.000000
v 1.055324 -0.640198 0.000000
v 0.010423 -0.656250 0.061678
v 0.003565 -0.656250 0.000000
v 0.020027 -0.656250 0.083384
v 0.030001 -0.656250 0.093419
v 0.040000 -0.656250 0.100137
v 0.050000 -0.656250 0.105783
v 0.060000 -0.656250 0.110929
v 0.070000 -0.656250 0.115804
v 0.080000 -0.656250 0.120446
v 0.090000 -0.656250 0.124596
v 0.100000 -0.656250 0.127662
v 0.110000 -0.656250 0.129351
v 0.120000 -0.656250 0.130450
v 0.130000 -0.656250 0.131710
v 0.140000 -0.656250 0.133348
v 0.150000 -0.656250 0.135378
v 0.160000 -0.656250 0.137765
v 0.170000 -0.656250 0.140405
v 0.180000 -0.656250 0.143193
v 0.190000 -0.656250 0.145569
v 0.200000 -0.656250 0.146663
v 0.210000 -0.656250 0.144777
v 0.220000 -0.656250 0.140828
v 0.230000 -0.656250 0.136173
v 0.240000 -0.656250 0.131457
v 0.250000 -0.656250 0.126793
v 0.260000 -0.656250 0.122191
v 0.270000 -0.656250 0.117626
v 0.280000 -0.656250 0.113053
v 0.290000 -0.656250 0.108382
v 0.300000 -0.656250 0.103456
v 0.310000 -0.656250 0.098140
v 0.319999 -0.656250 0.091860
v 0.329973 -0.656250 0.081919
v 0.339575 -0.656255 0.059995
v 0.346418 -0.656314 0.000000
v 0.650371 -0.656253 0.062087
v 0.643140 -0.656298 0.000000
v 0.660025 -0.656250 0.083475
v 0.670001 -0.656250 0.093145
v 0.680000 -0.656250 0.097774
v 0.690000 -0.656250 0.096484
v 0.700000 -0.656250 0.092077
v 0.710000 -0.656250 0.085873
v 0.719996 -0.656254 0.076628
v 0.729970 -0.656287 0.065534
v 0.740030 -0.656291 0.065454
v 0.750004 -0.656280 0.075734
v 0.760000 -0.656279 0.081172
v 0.770000 -0.656276 0.082486
v 0.780001 -0.656253 0.083281
v 0.790000 -0.656250 0.085631
v 0.800000 -0.656250 0.085621
v 0.809999 -0.656247 0.083137
v 0.820000 -0.656223 0.081351
v 0.829996 -0.656216 0.076187
v 0.839967 -0.656160 0.065601
v 0.849997 -0.655844 0.062998
v 0.860000 -0.655791 0.062664
v 0.870000 -0.655788 0.062704
v 0.880000 -0.655788 0.062807
v 0.890000 -0.655788 0.062865
v 0.900000 -0.655787 0.062712
v 0.909995 -0.655785 0.060923
v 0.919924 -0.655737 0.051071
v 0.929530 -0.655283 0.000000
v 0.939957 -0.652812 0.000000
v 0.949998 -0.652393 0.000000
v 0.960000 -0.652353 0.000000
v 0.970000 -0.652351 0.000000
v 0.980000 -0.652351 0.000000
v 0.989997 -0.652350 0.000000
v 0.999942 -0.652331 0.000000
v 1.009374 -0.652141 0.000000
v 1.016035 -0.651111 0.000000
v 0.010423 -0.667188 0.061678
v 0.003565 -0.667188 0.000000
v 0.020027 -0.667188 0.083384
v 0.030001 -0.667188 0.093419
v 0.040000 -0.667188 0.100137
v 0.050000 -0.667187 0.105780
v 0.060000 -0.667187 0.110903
v 0.070000 -0.667188 0.115627
v 0.080000 -0.667188 0.119695
v 0.090000 -0.667188 0.122525
v 0.100000 -0.667188 0.123865
v 0.110000 -0.667188 0.124550
v 0.120000 -0.667188 0.125413
v 0.130000 -0.667187 0.126726
v 0.140000 -0.667187 0.128501
v 0.150000 -0.667188 0.130698
v 0.160000 -0.667188 0.133278
v 0.170000 -0.667188 0.136197
v 0.180000 -0.667188 0.139408
v 0.190000 -0.667188 0.142718
v 0.200000 -0.667188 0.145407
v 0.210000 -0.667187 0.145450
v 0.220000 -0.667187 0.142100
v 0.230000 -0.667188 0.137502
v 0.240000 -0.667188 0.132811
v 0.250000 -0.667188 0.128213
v 0.260000 -0.667188 0.123670
v 0.270000 -0.667188 0.119186
v 0.280000 -0.667188 0.114724
v 0.290000 -0.667187 0.110157
v 0.300000 -0.667187 0.105194
v 0.310000 -0.667188 0.099699
v 0.319999 -0.667188 0.093168
v 0.329973 -0.667188 0.083218
v 0.339581 -0.667188 0.061567
v 0.346473 -0.667193 0.000000
v 0.650079 -0.667223 0.065026
v 0.640813 -0.667703 0.000000
v 0.660004 -0.667189 0.084379
v 0.670000 -0.667188 0.093073
v 0.680000 -0.667188 0.096455
v 0.690000 -0.667188 0.094984
v 0.700000 -0.667187 0.091501
v 0.710000 -0.667186 0.086907
v 0.719999 -0.667183 0.081879
v 0.729999 -0.667162 0.078968
v 0.740001 -0.667159 0.078879
v 0.750000 -0.667159 0.080941
v 0.760000 -0.667159 0.082241
v 0.770000 -0.667158 0.082537
v 0.780000 -0.667158 0.082517
v 0.790000 -0.667157 0.081698
v 0.799996 -0.667153 0.076401
v 0.809967 -0.667097 0.065473
v 0.819992 -0.666779 0.061104
v 0.829924 -0.666678 0.051034
v 0.839530 -0.666221 0.000000
v 0.849957 -0.663749 0.000000
v 0.859998 -0.663331 0.000000
v 0.870000 -0.663290 0.000000
v 0.880000 -0.663288 0.000000
v 0.890000 -0.663288 0.000000
v 0.899997 -0.663287 0.000000
v 0.909942 -0.663268 0.000000
v 0.919374 -0.663079 0.000000
v 0.926035 -0.662049 0.000000
v 0.010423 -0.678125 0.061678
v 0.003565 -0.678125 0.000000
v 0.020027 -0.678125 0.083384
v 0.030001 -0.678125 0.093419
v 0.040000 -0.678125 0.100135
v 0.050000 -0.678125 0.105748
v 0.060000 -0.678125 0.110690
v 0.070000 -0.678125 0.114764
v 0.080000 -0.678125 0.117449
v 0.090000 -0.678125 0.118622
v 0.100000 -0.678125 0.119014
v 0.110000 -0.678125 0.119457
v 0.120000 -0.678125 0.120383
v 0.130000 -0.678125 0.121855
v 0.140000 -0.678125 0.123824
v 0.150000 -0.678125 0.126230
v 0.160000 -0.678125 0.129016
v 0.170000 -0.678125 0.132136
v 0.180000 -0.678125 0.135555
v 0.190000 -0.678125 0.139213
v 0.200000 -0.678125 0.142791
v 0.210000 -0.678125 0.144846
v 0.220000 -0.678125 0.143078
v 0.230000 -0.678125 0.138899
v 0.240000 -0.678125 0.134256
v 0.250000 -0.678125 0.129626
v 0.260000 -0.678125 0.124958
v 0.270000 -0.678125 0.120292
v 0.280000 -0.678125 0.115613
v 0.290000 -0.678125 0.110825
v 0.300000 -0.678125 0.105728
v 0.310000 -0.678125 0.100116
v 0.319999 -0.678125 0.093445
v 0.329975 -0.678125 0.083486
v 0.339629 -0.678128 0.062076
v 0.346857 -0.678173 0.000000
v 0.633989 -0.671551 0.000000
v 0.640088 -0.678221 0.054610
v 0.630472 -0.679015 0.000000
v 0.650006 -0.678130 0.077251
v 0.660000 -0.678125 0.088161
v 0.670000 -0.678125 0.093146
v 0.680000 -0.678125 0.092837
v 0.690000 -0.678125 0.089068
v 0.699999 -0.678122 0.083778
v 0.709996 -0.678094 0.076740
v 0.719967 -0.678035 0.065476
v 0.729997 -0.677719 0.062581
v 0.740000 -0.677666 0.062232
v 0.750000 -0.677663 0.062430
v 0.760000 -0.677663 0.062593
v 0.770000 -0.677663 0.062618
v 0.780000 -0.677662 0.062469
v 0.789995 -0.677660 0.060777
v 0.799924 -0.677612 0.051029
v 0.809528 -0.677157 0.000000
v 0.819899 -0.674667 0.000000
v 0.829372 -0.674059 0.000000
v 0.836035 -0.672990 0.000000
v 0.010423 -0.689062 0.061678
v 0.003565 -0.689062 0.000000
v 0.020027 -0.689062 0.083384
v 0.030001 -0.689062 0.093416
v 0.040000 -0.689062 0.100096
v 0.050000 -0.689062 0.105492
v 0.060000 -0.689062 0.109689
v 0.070000 -0.689062 0.112292
v 0.080000 -0.689062 0.113373
v 0.090000 -0.689062 0.113662
v 0.100000 -0.689062 0.113807
v 0.110000 -0.689062 0.114282
v 0.120000 -0.689062 0.115370
v 0.130000 -0.689062 0.117076
v 0.140000 -0.689062 0.119315
v 0.150000 -0.689062 0.121993
v 0.160000 -0.689062 0.125036
v 0.170000 -0.689062 0.128387
v 0.180000 -0.689062 0.132010
v 0.190000 -0.689062 0.135873
v 0.200000 -0.689062 0.139844
v 0.210000 -0.689062 0.143101
v 0.220000 -0.689062 0.143305
v 0.230000 -0.689062 0.139683
v 0.240000 -0.689062 0.134960
v 0.250000 -0.689062 0.130172
v 0.260000 -0.689062 0.125412
v 0.270000 -0.689062 0.120679
v 0.280000 -0.689062 0.115928
v 0.290000 -0.689062 0.111074
v 0.300000 -0.689062 0.105974
v 0.310000 -0.689062 0.100407
v 0.320000 -0.689062 0.093868
v 0.329996 -0.689064 0.084444
v 0.339917 -0.689098 0.064918
v 0.349116 -0.689577 0.000000
v 0.593969 -0.683265 0.000000
v 0.600626 -0.682232 0.000000
v 0.600078 -0.689576 0.050979
v 0.590514 -0.690044 0.000000
v 0.610060 -0.682002 0.000000
v 0.610005 -0.689524 0.060756
v 0.620046 -0.681561 0.000000
v 0.620003 -0.689468 0.062836
v 0.630033 -0.689149 0.065729
v 0.640005 -0.689069 0.077400
v 0.650000 -0.689063 0.086749
v 0.660000 -0.689062 0.092182
v 0.670000 -0.689062 0.093061
v 0.680000 -0.689062 0.088389
v 0.689997 -0.689060 0.079179
v 0.699973 -0.689009 0.064417
v 0.709922 -0.688609 0.051459
v 0.719530 -0.688100 0.000000
v 0.729957 -0.685624 0.000000
v 0.739998 -0.685206 0.000000
v 0.750000 -0.685165 0.000000
v 0.760000 -0.685163 0.000000
v 0.770000 -0.685163 0.000000
v 0.779997 -0.685162 0.000000
v 0.789942 -0.685143 0.000000
v 0.799374 -0.684954 0.000000
v 0.806035 -0.683924 0.000000
v 0.010423 -0.700000 0.061678
v 0.003565 -0.700000 0.000000
v 0.020027 -0.700000 0.083379
v 0.030001 -0.700000 0.093368
v 0.040000 -0.700000 0.099796
v 0.050000 -0.700000 0.104309
v 0.060000 -0.700000 0.106903
v 0.070000 -0.700000 0.107923
v 0.080000 -0.700000 0.108177
v 0.090000 -0.700000 0.108230
v 0.100000 -0.700000 0.108364
v 0.110000 -0.700000 0.108959
v 0.120000 -0.700000 0.110308
v 0.130000 -0.700000 0.112365
v 0.140000 -0.700000 0.114979
v 0.150000 -0.700000 0.118015
v 0.160000 -0.700000 0.121376
v 0.170000 -0.700000 0.124998
v 0.180000 -0.700000 0.128848
v 0.190000 -0.700000 0.132904
v 0.200000 -0.700000 0.137116
v 0.210000 -0.700000 0.141063
v 0.220000 -0.700000 0.142886
v 0.230000 -0.700000 0.140031
v 0.240000 -0.700000 0.135418
v 0.250000 -0.700000 0.130610
v 0.260000 -0.700000 0.125862
v 0.270000 -0.700000 0.121165
v 0.280000 -0.700000 0.116468
v 0.290000 -0.700000 0.111702
v 0.300000 -0.700000 0.106758
v 0.310000 -0.700000 0.101469
v 0.320000 -0.700000 0.095568
v 0.329999 -0.700000 0.088291
v 0.339969 -0.700004 0.076231
v 0.349531 -0.700083 0.050723
v 0.355302 -0.693400 0.000000
v 0.356243 -0.700685 0.000000
v 0.573968 -0.694137 0.000000
v 0.580669 -0.692709 0.000000
v 0.580079 -0.700456 0.051335
v 0.570471 -0.700962 0.000000
v 0.590037 -0.700093 0.063704
v 0.600004 -0.700034 0.076014
v 0.610000 -0.700030 0.081268
v 0.620000 -0.700026 0.082505
v 0.630001 -0.700003 0.083422
v 0.640000 -0.700000 0.086856
v 0.650000 -0.700000 0.091181
v 0.660000 -0.700000 0.094362
v 0.670000 -0.700000 0.092599
v 0.679997 -0.699999 0.084360
v 0.689952 -0.699974 0.065461
v 0.699614 -0.699609 0.000000
v 0.709344 -0.696405 0.000000
v 0.716033 -0.694929 0.000000
v 0.010423 -0.710938 0.061668
v 0.003565 -0.710937 0.000000
v 0.020027 -0.710938 0.083307
v 0.030001 -0.710938 0.092984
v 0.040000 -0.710938 0.098449
v 0.050000 -0.710938 0.101066
v 0.060000 -0.710938 0.102020
v 0.070000 -0.710938 0.102250
v 0.080000 -0.710938 0.102285
v 0.090000 -0.710938 0.102309
v 0.100000 -0.710938 0.102491
v 0.110000 -0.710938 0.103318
v 0.120000 -0.710938 0.105112
v 0.130000 -0.710938 0.107713
v 0.140000 -0.710938 0.110859
v 0.150000 -0.710938 0.114357
v 0.160000 -0.710938 0.118098
v 0.170000 -0.710938 0.122026
v 0.180000 -0.710938 0.126119
v 0.190000 -0.710938 0.130370
v 0.200000 -0.710938 0.134765
v 0.210000 -0.710938 0.139086
v 0.220000 -0.710938 0.141964
v 0.230000 -0.710938 0.140378
v 0.240000 -0.710938 0.136178
v 0.250000 -0.710938 0.131471
v 0.260000 -0.710938 0.126798
v 0.270000 -0.710938 0.122193
v 0.280000 -0.710938 0.117628
v 0.290000 -0.710938 0.113053
v 0.300000 -0.710938 0.108383
v 0.310000 -0.710938 0.103456
v 0.320000 -0.710938 0.098140
v 0.329999 -0.710938 0.091860
v 0.339972 -0.710938 0.081919
v 0.349575 -0.710943 0.059995
v 0.356418 -0.711001 0.000000
v 0.523965 -0.705139 0.000000
v 0.530626 -0.704109 0.000000
v 0.530076 -0.711450 0.050966
v 0.520470 -0.711904 0.000000
v 0.540058 -0.703917 0.000000
v 0.540005 -0.711403 0.060724
v 0.550005 -0.703858 0.000000
v 0.550000 -0.711396 0.062480
v 0.560044 -0.703438 0.000000
v 0.560003 -0.711343 0.062949
v 0.570033 -0.711028 0.065377
v 0.580004 -0.710968 0.075800
v 0.590001 -0.710941 0.081561
v 0.600000 -0.710938 0.083962
v 0.609999 -0.710934 0.082953
v 0.620000 -0.710912 0.082632
v 0.630000 -0.710911 0.082795
v 0.640001 -0.710935 0.084164
v 0.650000 -0.710937 0.088384
v 0.660000 -0.710938 0.092173
v 0.669999 -0.710938 0.091666
v 0.679976 -0.710938 0.083294
v 0.689635 -0.710935 0.062138
v 0.696940 -0.710906 0.000000
v 0.010423 -0.721874 0.061466
v 0.003566 -0.721872 0.000000
v 0.020027 -0.721874 0.082612
v 0.030001 -0.721875 0.091049
v 0.040000 -0.721875 0.094739
v 0.050000 -0.721875 0.095271
v 0.060000 -0.721874 0.095314
v 0.070000 -0.721874 0.095320
v 0.080000 -0.721874 0.095323
v 0.090000 -0.721874 0.095357
v 0.100000 -0.721875 0.095667
v 0.110000 -0.721875 0.097070
v 0.120000 -0.721875 0.099709
v 0.130000 -0.721875 0.103180
v 0.140000 -0.721875 0.107063
v 0.150000 -0.721875 0.111132
v 0.160000 -0.721875 0.115302
v 0.170000 -0.721875 0.119551
v 0.180000 -0.721875 0.123885
v 0.190000 -0.721875 0.128320
v 0.200000 -0.721875 0.132867
v 0.210000 -0.721875 0.137408
v 0.220000 -0.721875 0.141011
v 0.230000 -0.721875 0.141001
v 0.240000 -0.721875 0.137366
v 0.250000 -0.721875 0.132802
v 0.260000 -0.721875 0.128213
v 0.270000 -0.721875 0.123670
v 0.280000 -0.721875 0.119186
v 0.290000 -0.721875 0.114724
v 0.300000 -0.721875 0.110157
v 0.310000 -0.721875 0.105194
v 0.320000 -0.721875 0.099699
v 0.329999 -0.721875 0.093168
v 0.339973 -0.721875 0.083219
v 0.349581 -0.721875 0.061569
v 0.356475 -0.721880 0.000000
v 0.483965 -0.716076 0.000000
v 0.490626 -0.715044 0.000000
v 0.490076 -0.722388 0.050545
v 0.480470 -0.722842 0.000000
v 0.500060 -0.714814 0.000000
v 0.500005 -0.722336 0.060550
v 0.510046 -0.714377 0.000000
v 0.510003 -0.722281 0.062778
v 0.520033 -0.721965 0.065373
v 0.530004 -0.721909 0.075756
v 0.540000 -0.721904 0.081168
v 0.550000 -0.721904 0.082375
v 0.560000 -0.721901 0.082276
v 0.570001 -0.721878 0.081446
v 0.579999 -0.721872 0.081303
v 0.590000 -0.721848 0.080987
v 0.599996 -0.721841 0.076150
v 0.609967 -0.721785 0.065600
v 0.619997 -0.721473 0.063022
v 0.630002 -0.721476 0.063069
v 0.640023 -0.721824 0.066193
v 0.650002 -0.721872 0.079208
v 0.660000 -0.721875 0.087935
v 0.669999 -0.721875 0.090594
v 0.679975 -0.721875 0.083144
v 0.689633 -0.721878 0.062089
v 0.696901 -0.721921 0.000000
v 0.010425 -0.732780 0.059324
v 0.003583 -0.732743 0.000000
v 0.020027 -0.732786 0.078225
v 0.030001 -0.732810 0.084229
v 0.040000 -0.732812 0.087361
v 0.050000 -0.732810 0.085701
v 0.060000 -0.732786 0.085114
v 0.070000 -0.732783 0.085041
v 0.080000 -0.732783 0.085041
v 0.090000 -0.732786 0.085130
v 0.100001 -0.732810 0.085960
v 0.110000 -0.732812 0.089629
v 0.120000 -0.732813 0.094149
v 0.130000 -0.732813 0.098993
v 0.140000 -0.732813 0.103822
v 0.150000 -0.732813 0.108525
v 0.160000 -0.732813 0.113123
v 0.170000 -0.732813 0.117669
v 0.180000 -0.732813 0.122215
v 0.190000 -0.732813 0.126806
v 0.200000 -0.732813 0.131475
v 0.210000 -0.732813 0.136180
v 0.220000 -0.732813 0.140365
v 0.230000 -0.732813 0.141862
v 0.240000 -0.732813 0.138738
v 0.250000 -0.732813 0.134245
v 0.260000 -0.732813 0.129626
v 0.270000 -0.732813 0.124958
v 0.280000 -0.732813 0.120292
v 0.290000 -0.732813 0.115613
v 0.300000 -0.732813 0.110825
v 0.310000 -0.732813 0.105728
v 0.320000 -0.732813 0.100116
v 0.329999 -0.732813 0.093446
v 0.339975 -0.732813 0.083489
v 0.349632 -0.732815 0.062120
v 0.356903 -0.732846 0.000000
v 0.443965 -0.727013 0.000000
v 0.450626 -0.725982 0.000000
v 0.450076 -0.733324 0.050466
v 0.440470 -0.733778 0.000000
v 0.460060 -0.725752 0.000000
v 0.460005 -0.733273 0.059951
v 0.470046 -0.725314 0.000000
v 0.470003 -0.733217 0.060723
v 0.480032 -0.732901 0.061403
v 0.490005 -0.732845 0.072019
v 0.500000 -0.732842 0.079569
v 0.510000 -0.732839 0.082094
v 0.520001 -0.732817 0.081586
v 0.530000 -0.732811 0.081483
v 0.540000 -0.732787 0.082278
v 0.550000 -0.732784 0.082375
v 0.560000 -0.732783 0.081167
v 0.569996 -0.732778 0.075747
v 0.579967 -0.732722 0.065206
v 0.589992 -0.732404 0.061061
v 0.599924 -0.732303 0.051032
v 0.609530 -0.731847 0.000000
v 0.619958 -0.729419 0.000000
v 0.630028 -0.729468 0.000000
v 0.640344 -0.732438 0.000000
v 0.650046 -0.732787 0.065458
v 0.660003 -0.732812 0.083994
v 0.670000 -0.732813 0.089971
v 0.679996 -0.732814 0.083856
v 0.689921 -0.732848 0.064925
v 0.699188 -0.733328 0.000000
v 0.010458 -0.743253 0.047200
v 0.003755 -0.742962 0.000000
v 0.020030 -0.743345 0.060319
v 0.030002 -0.743700 0.065396
v 0.040000 -0.743745 0.073513
v 0.049999 -0.743700 0.065760
v 0.060000 -0.743347 0.063271
v 0.070000 -0.743291 0.062927
v 0.080000 -0.743291 0.062928
v 0.090002 -0.743347 0.063308
v 0.100023 -0.743699 0.066400
v 0.110003 -0.743747 0.079401
v 0.120000 -0.743750 0.088804
v 0.130000 -0.743750 0.095681
v 0.140000 -0.743750 0.101508
v 0.150000 -0.743750 0.106770
v 0.160000 -0.743750 0.111707
v 0.170000 -0.743750 0.116473
v 0.180000 -0.743750 0.121168
v 0.190000 -0.743750 0.125866
v 0.200000 -0.743750 0.130616
v 0.210000 -0.743750 0.135426
v 0.220000 -0.743750 0.139981
v 0.230000 -0.743750 0.142457
v 0.240000 -0.743750 0.139570
v 0.250000 -0.743750 0.134952
v 0.260000 -0.743750 0.130172
v 0.270000 -0.743750 0.125412
v 0.280000 -0.743750 0.120679
v 0.290000 -0.743750 0.115928
v 0.300000 -0.743750 0.111074
v 0.310000 -0.743750 0.105974
v 0.320000 -0.743750 0.100409
v 0.330000 -0.743750 0.093875
v 0.339997 -0.743751 0.084498
v 0.349954 -0.743775 0.065494
v 0.359656 -0.744126 0.000000
v 0.403965 -0.737951 0.000000
v 0.410626 -0.736919 0.000000
v 0.410076 -0.744263 0.050211
v 0.400470 -0.744717 0.000000
v 0.420060 -0.736689 0.000000
v 0.420005 -0.744210 0.058647
v 0.430046 -0.736252 0.000000
v 0.430002 -0.744152 0.058605
v 0.440033 -0.743813 0.060873
v 0.450004 -0.743754 0.071287
v 0.460000 -0.743750 0.075501
v 0.469996 -0.743745 0.071353
v 0.479971 -0.743712 0.061697
v 0.490030 -0.743713 0.063866
v 0.500004 -0.743747 0.075813
v 0.510000 -0.743751 0.082220
v 0.520000 -0.743747 0.077559
v 0.530000 -0.743700 0.065853
v 0.540000 -0.743348 0.062986
v 0.550000 -0.743291 0.062481
v 0.559995 -0.743285 0.060724
v 0.569924 -0.743237 0.050965
v 0.579527 -0.742782 0.000000
v 0.589899 -0.740292 0.000000
v 0.599372 -0.739684 0.000000
v 0.606035 -0.738615 0.000000
v 0.650368 -0.743748 0.062098
v 0.643097 -0.743717 0.000000
v 0.660025 -0.743750 0.083088
v 0.670001 -0.743750 0.090212
v 0.680000 -0.743750 0.086760
v 0.689994 -0.743755 0.076361
v 0.699912 -0.743845 0.054011
v 0.706011 -0.737176 0.000000
v 0.709526 -0.744639 0.000000
v 0.010720 -0.750626 0.000000
v 0.004676 -0.749577 0.000000
v 0.020065 -0.751282 0.000000
v 0.030037 -0.754346 0.000000
v 0.040000 -0.754643 0.050473
v 0.049965 -0.754347 0.000000
v 0.059998 -0.751302 0.000000
v 0.070000 -0.750835 0.000000
v 0.080001 -0.750835 0.000000
v 0.090030 -0.751301 0.000000
v 0.100344 -0.754312 0.000000
v 0.110047 -0.754663 0.065501
v 0.120003 -0.754687 0.084501
v 0.130000 -0.754687 0.093876
v 0.140000 -0.754687 0.100413
v 0.150000 -0.754687 0.105979
v 0.160000 -0.754687 0.111084
v 0.170000 -0.754687 0.115952
v 0.180000 -0.754687 0.120716
v 0.190000 -0.754687 0.125461
v 0.200000 -0.754687 0.130244
v 0.210000 -0.754687 0.135084
v 0.220000 -0.754687 0.139760
v 0.230000 -0.754687 0.142632
v 0.240000 -0.754687 0.140009
v 0.250000 -0.754687 0.135417
v 0.260000 -0.754687 0.130610
v 0.270000 -0.754687 0.125862
v 0.280000 -0.754687 0.121165
v 0.290000 -0.754687 0.116469
v 0.300000 -0.754687 0.111703
v 0.310000 -0.754687 0.106764
v 0.320000 -0.754687 0.101499
v 0.330000 -0.754687 0.095664
v 0.340000 -0.754688 0.088756
v 0.349998 -0.754690 0.079278
v 0.359977 -0.754738 0.066144
v 0.369970 -0.747135 0.000000
v 0.369998 -0.755090 0.062841
v 0.380001 -0.747562 0.000000
v 0.380000 -0.755142 0.062220
v 0.390043 -0.747186 0.000000
v 0.390003 -0.755092 0.062188
v 0.400033 -0.754777 0.063311
v 0.410003 -0.754717 0.070565
v 0.419996 -0.754686 0.070094
v 0.429967 -0.754624 0.060729
v 0.439998 -0.754286 0.058755
v 0.450000 -0.754230 0.060380
v 0.459995 -0.754224 0.059931
v 0.469925 -0.754199 0.050532
v 0.479563 -0.754062 0.000000
v 0.490439 -0.754136 0.000000
v 0.500087 -0.754615 0.054023
v 0.510006 -0.754683 0.072251
v 0.520000 -0.754664 0.063714
v 0.529998 -0.754338 0.000000
v 0.540000 -0.751302 0.000000
v 0.549997 -0.750832 0.000000
v 0.559942 -0.750770 0.000000
v 0.569374 -0.750579 0.000000
v 0.576035 -0.749549 0.000000
v 0.650419 -0.754687 0.061652
v 0.643524 -0.754686 0.000000
v 0.660027 -0.754687 0.082764
v 0.670001 -0.754687 0.089465
v 0.680000 -0.754687 0.086793
v 0.689999 -0.754685 0.080614
v 0.699995 -0.754667 0.072083
v 0.709967 -0.754744 0.060765
v 0.719899 -0.747203 0.000000
v 0.719992 -0.755069 0.056673
v 0.729372 -0.747816 0.000000
v 0.729925 -0.755193 0.047807
v 0.736035 -0.748885 0.000000
v 0.739530 -0.755653 0.000000
v 0.040000 -0.765692 0.048827
v 0.030538 -0.766114 0.000000
v 0.049459 -0.766107 0.000000
v 0.110368 -0.765623 0.062126
v 0.103097 -0.765592 0.000000
v 0.120025 -0.765625 0.083500
v 0.130001 -0.765625 0.093467
v 0.140000 -0.765625 0.100165
v 0.150000 -0.765625 0.105799
v 0.160000 -0.765625 0.110937
v 0.170000 -0.765625 0.115815
v 0.180000 -0.765625 0.120581
v 0.190000 -0.765625 0.125324
v 0.200000 -0.765625 0.130092
v 0.210000 -0.765625 0.134881
v 0.220000 -0.765625 0.139534
v 0.230000 -0.765625 0.142609
v 0.240000 -0.765625 0.140581
v 0.250000 -0.765625 0.136206
v 0.260000 -0.765625 0.131473
v 0.270000 -0.765625 0.126800
v 0.280000 -0.765625 0.122200
v 0.290000 -0.765625 0.117637
v 0.300000 -0.765625 0.113068
v 0.310000 -0.765625 0.108439
v 0.320000 -0.765625 0.103687
v 0.330000 -0.765625 0.098757
v 0.340000 -0.765625 0.093628
v 0.350000 -0.765625 0.088491
v 0.359999 -0.765628 0.083734
v 0.370000 -0.765652 0.081114
v 0.379999 -0.765651 0.078677
v 0.390000 -0.765625 0.076990
v 0.399997 -0.765595 0.071803
v 0.409963 -0.765533 0.061580
v 0.419921 -0.765170 0.050532
v 0.429530 -0.764664 0.000000
v 0.439957 -0.762187 0.000000
v 0.449995 -0.761767 0.000000
v 0.459942 -0.761708 0.000000
v 0.469374 -0.761520 0.000000
v 0.476037 -0.760534 0.000000
v 0.500812 -0.765112 0.000000
v 0.493987 -0.761309 0.000000
v 0.510079 -0.765590 0.060639
v 0.520002 -0.765647 0.061342
v 0.529957 -0.765991 0.000000
v 0.650423 -0.765625 0.061508
v 0.643563 -0.765625 0.000000
v 0.660028 -0.765625 0.081871
v 0.670001 -0.765625 0.085869
v 0.679997 -0.765622 0.078780
v 0.689977 -0.765574 0.065584
v 0.699998 -0.765223 0.060973
v 0.709999 -0.765174 0.058430
v 0.720003 -0.765246 0.057810
v 0.730029 -0.765569 0.056946
v 0.739971 -0.765681 0.056946
v 0.749957 -0.758124 0.000000
v 0.749997 -0.766004 0.057809
v 0.759998 -0.758544 0.000000
v 0.760001 -0.766080 0.058402
v 0.770000 -0.758585 0.000000
v 0.770000 -0.766086 0.060526
v 0.780000 -0.758587 0.000000
v 0.780000 -0.766087 0.061835
v 0.790000 -0.758587 0.000000
v 0.790000 -0.766087 0.062172
v 0.800000 -0.758587 0.000000
v 0.800000 -0.766087 0.062428
v 0.810000 -0.758587 0.000000
v 0.810000 -0.766087 0.062594
v 0.820000 -0.758587 0.000000
v 0.820000 -0.766087 0.062637
v 0.830000 -0.758587 0.000000
v 0.830000 -0.766087 0.062703
v 0.840000 -0.758587 0.000000
v 0.840000 -0.766087 0.062804
v 0.850000 -0.758587 0.000000
v 0.850000 -0.766087 0.062862
v 0.860000 -0.758587 0.000000
v 0.860000 -0.766087 0.062876
v 0.870000 -0.758587 0.000000
v 0.870000 -0.766087 0.062884
v 0.880000 -0.758587 0.000000
v 0.880000 -0.766087 0.062882
v 0.889997 -0.758588 0.000000
v 0.890000 -0.766088 0.062715
v 0.899942 -0.758607 0.000000
v 0.899995 -0.766090 0.060923
v 0.909374 -0.758796 0.000000
v 0.909924 -0.766138 0.051070
v 0.916035 -0.759826 0.000000
v 0.919527 -0.766593 0.000000
v 0.024654 -0.769955 0.000000
v 0.030447 -0.776612 0.047385
v 0.023772 -0.777178 0.000000
v 0.039995 -0.776535 0.061743
v 0.049499 -0.776522 0.039295
v 0.055320 -0.769865 0.000000
v 0.056053 -0.776557 0.000000
v 0.110419 -0.776562 0.061700
v 0.103524 -0.776561 0.000000
v 0.120027 -0.776563 0.083379
v 0.130001 -0.776563 0.093399
v 0.140000 -0.776563 0.100087
v 0.150000 -0.776563 0.105707
v 0.160000 -0.776563 0.110809
v 0.170000 -0.776562 0.115600
v 0.180000 -0.776563 0.120281
v 0.190000 -0.776563 0.124947
v 0.200000 -0.776563 0.129617
v 0.210000 -0.776563 0.134239
v 0.220000 -0.776563 0.138766
v 0.230000 -0.776563 0.142126
v 0.240000 -0.776563 0.141320
v 0.250000 -0.776562 0.137409
v 0.260000 -0.776563 0.132807
v 0.270000 -0.776563 0.128228
v 0.280000 -0.776563 0.123720
v 0.290000 -0.776563 0.119253
v 0.300000 -0.776563 0.114821
v 0.310000 -0.776563 0.110402
v 0.320000 -0.776563 0.105966
v 0.330000 -0.776562 0.101436
v 0.340000 -0.776563 0.096604
v 0.350000 -0.776563 0.091348
v 0.360000 -0.776562 0.085292
v 0.369996 -0.776557 0.076477
v 0.379967 -0.776477 0.065014
v 0.389992 -0.776155 0.060627
v 0.399922 -0.776053 0.050533
v 0.409486 -0.775581 0.000000
v 0.419331 -0.772916 0.000000
v 0.426032 -0.771488 0.000000
v 0.510368 -0.776560 0.060184
v 0.503101 -0.776517 0.000000
v 0.520025 -0.776565 0.073143
v 0.529996 -0.776615 0.063746
v 0.539374 -0.769219 0.000000
v 0.539922 -0.777016 0.051381
v 0.546032 -0.770697 0.000000
v 0.549486 -0.777540 0.000000
v 0.650423 -0.776563 0.061426
v 0.643565 -0.776563 0.000000
v 0.660027 -0.776563 0.081150
v 0.669998 -0.776562 0.082017
v 0.679954 -0.776538 0.065206
v 0.689656 -0.776187 0.000000
v 0.699970 -0.773178 0.000000
v 0.710001 -0.772751 0.000000
v 0.720044 -0.773128 0.000000
v 0.730470 -0.775597 0.000000
v 0.740075 -0.776057 0.047807
v 0.750008 -0.776181 0.056670
v 0.760033 -0.776502 0.060710
v 0.770004 -0.776558 0.071446
v 0.780000 -0.776565 0.076951
v 0.790001 -0.776588 0.078663
v 0.800000 -0.776591 0.080928
v 0.810000 -0.776592 0.082252
v 0.820000 -0.776592 0.082670
v 0.830000 -0.776592 0.083281
v 0.840000 -0.776592 0.084051
v 0.850000 -0.776592 0.084485
v 0.860000 -0.776592 0.084642
v 0.870000 -0.776592 0.084758
v 0.880000 -0.776592 0.084826
v 0.890000 -0.776592 0.084645
v 0.900000 -0.776593 0.083020
v 0.909996 -0.776597 0.076910
v 0.919967 -0.776653 0.065755
v 0.929899 -0.769083 0.000000
v 0.929992 -0.776971 0.061296
v 0.939372 -0.769691 0.000000
v 0.939924 -0.777072 0.051095
v 0.946035 -0.770760 0.000000
v 0.949530 -0.777529 0.000000
v 0.030453 -0.787002 0.043805
v 0.023773 -0.786775 0.000000
v 0.039918 -0.786974 0.047061
v 0.048987 -0.786400 0.000000
v 0.055255 -0.783181 0.000000
v 0.110423 -0.787500 0.061542
v 0.103564 -0.787497 0.000000
v 0.120027 -0.787500 0.083212
v 0.130001 -0.787500 0.093165
v 0.140000 -0.787500 0.099698
v 0.150000 -0.787500 0.105193
v 0.160000 -0.787500 0.110156
v 0.170000 -0.787500 0.114723
v 0.180000 -0.787500 0.119185
v 0.190000 -0.787500 0.123670
v 0.200000 -0.787500 0.128212
v 0.210000 -0.787500 0.132805
v 0.220000 -0.787500 0.137409
v 0.230000 -0.787500 0.141320
v 0.240000 -0.787500 0.142126
v 0.250000 -0.787500 0.138767
v 0.260000 -0.787500 0.134248
v 0.270000 -0.787500 0.129668
v 0.280000 -0.787500 0.125094
v 0.290000 -0.787500 0.120478
v 0.300000 -0.787500 0.115838
v 0.310000 -0.787500 0.111137
v 0.320000 -0.787500 0.106286
v 0.330000 -0.787500 0.101133
v 0.340000 -0.787500 0.095364
v 0.350000 -0.787500 0.088297
v 0.359994 -0.787495 0.077099
v 0.369912 -0.787404 0.054522
v 0.379526 -0.786610 0.000000
v 0.389899 -0.784046 0.000000
v 0.399371 -0.783434 0.000000
v 0.406031 -0.782363 0.000000
v 0.510368 -0.787503 0.061613
v 0.503101 -0.787545 0.000000
v 0.520025 -0.787500 0.080293
v 0.530001 -0.787503 0.082265
v 0.539996 -0.787531 0.076417
v 0.549962 -0.787593 0.063544
v 0.559326 -0.780210 0.000000
v 0.559885 -0.787967 0.050471
v 0.565961 -0.781659 0.000000
v 0.568988 -0.788601 0.000000
v 0.650423 -0.787500 0.061412
v 0.643565 -0.787500 0.000000
v 0.660027 -0.787500 0.080996
v 0.669976 -0.787500 0.081090
v 0.679632 -0.787498 0.061858
v 0.686903 -0.787467 0.000000
v 0.740628 -0.783434 0.000000
v 0.733965 -0.782365 0.000000
v 0.750101 -0.784043 0.000000
v 0.760473 -0.786534 0.000000
v 0.770076 -0.786992 0.050522
v 0.780008 -0.787092 0.060622
v 0.790033 -0.787411 0.064941
v 0.800004 -0.787467 0.075710
v 0.810000 -0.787474 0.081254
v 0.820001 -0.787497 0.083245
v 0.830000 -0.787500 0.086573
v 0.840000 -0.787500 0.089619
v 0.850000 -0.787501 0.091191
v 0.860000 -0.787501 0.092122
v 0.870000 -0.787501 0.092985
v 0.880000 -0.787501 0.093623
v 0.890000 -0.787501 0.093777
v 0.900000 -0.787501 0.092398
v 0.910000 -0.787501 0.089090
v 0.919999 -0.787504 0.085533
v 0.930000 -0.787527 0.083114
v 0.939996 -0.787534 0.076928
v 0.949967 -0.787590 0.065941
v 0.959957 -0.780001 0.000000
v 0.959997 -0.787906 0.063274
v 0.969998 -0.780419 0.000000
v 0.970000 -0.787959 0.062903
v 0.979997 -0.780461 0.000000
v 0.979999 -0.787962 0.062578
v 0.989937 -0.780482 0.000000
v 0.989973 -0.787965 0.060067
v 0.999285 -0.780670 0.000000
v 0.999597 -0.788003 0.047625
v 1.005386 -0.781679 0.000000
v 1.006715 -0.788321 0.000000
v 0.030662 -0.794311 0.000000
v 0.024673 -0.793326 0.000000
v 0.039432 -0.794307 0.000000
v 0.045969 -0.793276 0.000000
v 0.110425 -0.798432 0.059994
v 0.103583 -0.798374 0.000000
v 0.120028 -0.798437 0.081919
v 0.130001 -0.798437 0.091859
v 0.140000 -0.798437 0.098140
v 0.150000 -0.798437 0.103456
v 0.160000 -0.798437 0.108383
v 0.170000 -0.798437 0.113053
v 0.180000 -0.798437 0.117628
v 0.190000 -0.798437 0.122193
v 0.200000 -0.798437 0.126798
v 0.210000 -0.798437 0.131473
v 0.220000 -0.798437 0.136207
v 0.230000 -0.798437 0.140583
v 0.240000 -0.798437 0.142609
v 0.250000 -0.798437 0.139528
v 0.260000 -0.798437 0.134874
v 0.270000 -0.798437 0.130098
v 0.280000 -0.798437 0.125363
v 0.290000 -0.798437 0.120635
v 0.300000 -0.798437 0.115879
v 0.310000 -0.798437 0.111019
v 0.320000 -0.798437 0.105928
v 0.330000 -0.798437 0.100379
v 0.340000 -0.798437 0.093854
v 0.349996 -0.798436 0.084449
v 0.359921 -0.798402 0.065018
v 0.369187 -0.797922 0.000000
v 0.376011 -0.794074 0.000000
v 0.510079 -0.798473 0.064923
v 0.500816 -0.798955 0.000000
v 0.520004 -0.798439 0.083512
v 0.530000 -0.798438 0.089021
v 0.540000 -0.798439 0.086433
v 0.549998 -0.798442 0.080294
v 0.559966 -0.798466 0.070131
v 0.569519 -0.798530 0.048088
v 0.575281 -0.791909 0.000000
v 0.576223 -0.799059 0.000000
v 0.650423 -0.798437 0.061411
v 0.643565 -0.798437 0.000000
v 0.660027 -0.798437 0.080981
v 0.669974 -0.798437 0.080987
v 0.679581 -0.798437 0.061439
v 0.686476 -0.798436 0.000000
v 0.770628 -0.794371 0.000000
v 0.763965 -0.793302 0.000000
v 0.780102 -0.794979 0.000000
v 0.790473 -0.797470 0.000000
v 0.800076 -0.797928 0.050987
v 0.810008 -0.798029 0.061096
v 0.820033 -0.798347 0.065495
v 0.830004 -0.798403 0.076620
v 0.840000 -0.798410 0.082767
v 0.850001 -0.798433 0.085151
v 0.860000 -0.798436 0.088601
v 0.870000 -0.798437 0.091917
v 0.880000 -0.798437 0.094511
v 0.890000 -0.798437 0.096373
v 0.900000 -0.798437 0.096469
v 0.910000 -0.798437 0.095174
v 0.920000 -0.798438 0.094097
v 0.930000 -0.798438 0.092465
v 0.940000 -0.798439 0.089183
v 0.949999 -0.798442 0.085885
v 0.960000 -0.798464 0.085101
v 0.970000 -0.798467 0.084901
v 0.980000 -0.798468 0.083952
v 0.989997 -0.798468 0.079259
v 0.999952 -0.798495 0.063149
v 1.009643 -0.798865 0.000000
v 0.110469 -0.809292 0.050723
v 0.103757 -0.808690 0.000000
v 0.120031 -0.809371 0.076231
v 0.130001 -0.809375 0.088291
v 0.140000 -0.809375 0.095568
v 0.150000 -0.809375 0.101469
v 0.160000 -0.809375 0.106759
v 0.170000 -0.809375 0.111703
v 0.180000 -0.809375 0.116470
v 0.190000 -0.809375 0.121167
v 0.200000 -0.809375 0.125866
v 0.210000 -0.809375 0.130616
v 0.220000 -0.809375 0.135432
v 0.230000 -0.809375 0.140033
v 0.240000 -0.809375 0.142646
v 0.250000 -0.809375 0.139701
v 0.260000 -0.809375 0.135003
v 0.270000 -0.809375 0.130156
v 0.280000 -0.809375 0.125369
v 0.290000 -0.809375 0.120615
v 0.300000 -0.809375 0.115835
v 0.310000 -0.809375 0.110944
v 0.320000 -0.809375 0.105801
v 0.330000 -0.809375 0.100166
v 0.339999 -0.809375 0.093468
v 0.349975 -0.809375 0.083498
v 0.359629 -0.809372 0.062087
v 0.366860 -0.809327 0.000000
v 0.494054 -0.802822 0.000000
v 0.500121 -0.809482 0.054120
v 0.490942 -0.810406 0.000000
v 0.510007 -0.809380 0.077006
v 0.520000 -0.809375 0.087210
v 0.530000 -0.809375 0.089780
v 0.540000 -0.809375 0.085428
v 0.549994 -0.809367 0.076077
v 0.559938 -0.809287 0.061618
v 0.569537 -0.808938 0.045866
v 0.576226 -0.808657 0.000000
v 0.650423 -0.809375 0.061411
v 0.643565 -0.809375 0.000000
v 0.660027 -0.809375 0.080981
v 0.669974 -0.809375 0.080981
v 0.679577 -0.809375 0.061412
v 0.686437 -0.809375 0.000000
v 0.800629 -0.805309 0.000000
v 0.793965 -0.804240 0.000000
v 0.810101 -0.805917 0.000000
v 0.820473 -0.808408 0.000000
v 0.830076 -0.808866 0.051075
v 0.840008 -0.808967 0.061273
v 0.850033 -0.809285 0.065732
v 0.860004 -0.809344 0.076951
v 0.870001 -0.809371 0.083811
v 0.880000 -0.809374 0.088810
v 0.890000 -0.809374 0.092405
v 0.900000 -0.809375 0.094090
v 0.910000 -0.809375 0.095179
v 0.920000 -0.809375 0.096532
v 0.930000 -0.809375 0.096752
v 0.940000 -0.809375 0.095764
v 0.950000 -0.809375 0.095141
v 0.960000 -0.809376 0.095029
v 0.970000 -0.809376 0.094730
v 0.980000 -0.809376 0.092916
v 0.990000 -0.809376 0.087977
v 0.999997 -0.809379 0.079183
v 1.009977 -0.809428 0.066370
v 1.019969 -0.801827 0.000000
v 1.019998 -0.809778 0.063306
v 1.029998 -0.802292 0.000000
v 1.030000 -0.809834 0.062918
v 1.039997 -0.802336 0.000000
v 1.040000 -0.809837 0.062721
v 1.049942 -0.802357 0.000000
v 1.049994 -0.809841 0.060891
v 1.059369 -0.802548 0.000000
v 1.059891 -0.809899 0.050601
v 1.065970 -0.803597 0.000000
v 1.069059 -0.810483 0.000000
v 0.110884 -0.819798 0.000000
v 0.104698 -0.815976 0.000000
v 0.120083 -0.820277 0.064918
v 0.130004 -0.820311 0.084444
v 0.140000 -0.820312 0.093869
v 0.150000 -0.820312 0.100411
v 0.160000 -0.820312 0.105979
v 0.170000 -0.820312 0.111085
v 0.180000 -0.820312 0.115954
v 0.190000 -0.820312 0.120718
v 0.200000 -0.820312 0.125464
v 0.210000 -0.820312 0.130249
v 0.220000 -0.820312 0.135099
v 0.230000 -0.820312 0.139780
v 0.240000 -0.820312 0.142602
v 0.250000 -0.820312 0.139717
v 0.260000 -0.820312 0.135017
v 0.270000 -0.820312 0.130160
v 0.280000 -0.820312 0.125366
v 0.290000 -0.820312 0.120608
v 0.300000 -0.820312 0.115827
v 0.310000 -0.820312 0.110932
v 0.320000 -0.820312 0.105784
v 0.330000 -0.820312 0.100139
v 0.339999 -0.820312 0.093422
v 0.349973 -0.820312 0.083390
v 0.359581 -0.820312 0.061705
v 0.366474 -0.820310 0.000000
v 0.484009 -0.813809 0.000000
v 0.490098 -0.820444 0.054178
v 0.480475 -0.821207 0.000000
v 0.500008 -0.820321 0.075183
v 0.510000 -0.820313 0.085240
v 0.520000 -0.820312 0.088673
v 0.530000 -0.820311 0.085834
v 0.539991 -0.820302 0.075369
v 0.549900 -0.820180 0.054079
v 0.559479 -0.819404 0.000000
v 0.569237 -0.816672 0.000000
v 0.575320 -0.815267 0.000000
v 0.650423 -0.820312 0.061411
v 0.643565 -0.820312 0.000000
v 0.660027 -0.820312 0.080981
v 0.669974 -0.820312 0.080981
v 0.679577 -0.820312 0.061411
v 0.686435 -0.820312 0.000000
v 0.830628 -0.816246 0.000000
v 0.823965 -0.815177 0.000000
v 0.840101 -0.816854 0.000000
v 0.850473 -0.819349 0.000000
v 0.860079 -0.819856 0.051440
v 0.870037 -0.820220 0.063965
v 0.880004 -0.820278 0.076742
v 0.890000 -0.820285 0.083103
v 0.900001 -0.820308 0.085535
v 0.910000 -0.820311 0.089123
v 0.920000 -0.820312 0.092708
v 0.930000 -0.820312 0.095311
v 0.940000 -0.820312 0.097297
v 0.950000 -0.820312 0.099008
v 0.960000 -0.820312 0.099900
v 0.970000 -0.820312 0.099942
v 0.980000 -0.820312 0.097891
v 0.990000 -0.820312 0.093913
v 1.000000 -0.820313 0.089566
v 1.009999 -0.820315 0.085933
v 1.020000 -0.820339 0.085111
v 1.030000 -0.820342 0.085007
v 1.040000 -0.820343 0.084732
v 1.050000 -0.820343 0.082816
v 1.059992 -0.820349 0.074834
v 1.069901 -0.820449 0.054139
v 1.075988 -0.813816 0.000000
v 1.079484 -0.821221 0.000000
v 0.120371 -0.831247 0.062082
v 0.113143 -0.831203 0.000000
v 0.130025 -0.831250 0.083498
v 0.140001 -0.831250 0.093468
v 0.150000 -0.831250 0.100168
v 0.160000 -0.831250 0.105804
v 0.170000 -0.831250 0.110947
v 0.180000 -0.831250 0.115839
v 0.190000 -0.831250 0.120618
v 0.200000 -0.831250 0.125373
v 0.210000 -0.831250 0.130164
v 0.220000 -0.831250 0.135011
v 0.230000 -0.831250 0.139699
v 0.240000 -0.831250 0.142564
v 0.250000 -0.831250 0.139711
v 0.260000 -0.831250 0.135017
v 0.270000 -0.831250 0.130160
v 0.280000 -0.831250 0.125365
v 0.290000 -0.831250 0.120608
v 0.300000 -0.831250 0.115826
v 0.310000 -0.831250 0.110931
v 0.320000 -0.831250 0.105783
v 0.330000 -0.831250 0.100138
v 0.339999 -0.831250 0.093419
v 0.349973 -0.831250 0.083384
v 0.359577 -0.831250 0.061679
v 0.366437 -0.831250 0.000000
v 0.454036 -0.825469 0.000000
v 0.460633 -0.824380 0.000000
v 0.460112 -0.831770 0.050511
v 0.451012 -0.832357 0.000000
v 0.470102 -0.823767 0.000000
v 0.470009 -0.831659 0.061228
v 0.480033 -0.831337 0.065693
v 0.490005 -0.831258 0.077037
v 0.500000 -0.831250 0.084417
v 0.510000 -0.831250 0.085831
v 0.519999 -0.831246 0.082913
v 0.529991 -0.831216 0.074783
v 0.539870 -0.831104 0.053692
v 0.549056 -0.830215 0.000000
v 0.555988 -0.826814 0.000000
v 0.650423 -0.831250 0.061411
v 0.643565 -0.831250 0.000000
v 0.660027 -0.831250 0.080981
v 0.669974 -0.831250 0.080981
v 0.679577 -0.831250 0.061411
v 0.686435 -0.831250 0.000000
v 0.860669 -0.827604 0.000000
v 0.853969 -0.826175 0.000000
v 0.870514 -0.830268 0.000000
v 0.880078 -0.830740 0.051062
v 0.890008 -0.830841 0.061295
v 0.900033 -0.831160 0.065760
v 0.910004 -0.831219 0.077002
v 0.920001 -0.831246 0.083910
v 0.930000 -0.831249 0.088947
v 0.940000 -0.831250 0.092860
v 0.950000 -0.831250 0.095953
v 0.960000 -0.831250 0.098477
v 0.970000 -0.831250 0.100361
v 0.980000 -0.831250 0.100326
v 0.990000 -0.831250 0.098549
v 1.000000 -0.831250 0.096485
v 1.010000 -0.831250 0.095291
v 1.020000 -0.831251 0.095082
v 1.030000 -0.831251 0.095081
v 1.040000 -0.831251 0.094624
v 1.050000 -0.831251 0.092245
v 1.060000 -0.831251 0.086858
v 1.069995 -0.831258 0.077481
v 1.079962 -0.831340 0.063987
v 1.089326 -0.823957 0.000000
v 1.089885 -0.831717 0.050864
v 1.095961 -0.825409 0.000000
v 1.098988 -0.832352 0.000000
v 0.120419 -0.842187 0.061705
v 0.113526 -0.842185 0.000000
v 0.130027 -0.842188 0.083390
v 0.140001 -0.842188 0.093421
v 0.150000 -0.842188 0.100136
v 0.160000 -0.842188 0.105779
v 0.170000 -0.842188 0.110921
v 0.180000 -0.842188 0.115801
v 0.190000 -0.842188 0.120569
v 0.200000 -0.842188 0.125314
v 0.210000 -0.842188 0.130082
v 0.220000 -0.842188 0.134870
v 0.230000 -0.842188 0.139496
v 0.240000 -0.842188 0.142361
v 0.250000 -0.842188 0.139659
v 0.260000 -0.842188 0.135011
v 0.270000 -0.842188 0.130159
v 0.280000 -0.842188 0.125365
v 0.290000 -0.842188 0.120608
v 0.300000 -0.842188 0.115826
v 0.310000 -0.842188 0.110931
v 0.320000 -0.842188 0.105783
v 0.330000 -0.842188 0.100137
v 0.339999 -0.842188 0.093419
v 0.349973 -0.842188 0.083384
v 0.359577 -0.842188 0.061678
v 0.366435 -0.842188 0.000000
v 0.444715 -0.835664 0.000000
v 0.450475 -0.842310 0.050290
v 0.443719 -0.842880 0.000000
v 0.460033 -0.842223 0.073757
v 0.470001 -0.842215 0.082447
v 0.480001 -0.842192 0.084482
v 0.490000 -0.842188 0.086014
v 0.500000 -0.842187 0.084421
v 0.509995 -0.842179 0.076874
v 0.519962 -0.842098 0.063917
v 0.529888 -0.841721 0.050968
v 0.539055 -0.841083 0.000000
v 0.545926 -0.837726 0.000000
v 0.650423 -0.842188 0.061411
v 0.643565 -0.842188 0.000000
v 0.660027 -0.842188 0.080981
v 0.669974 -0.842188 0.080981
v 0.679577 -0.842188 0.061411
v 0.686435 -0.842188 0.000000
v 0.880629 -0.838121 0.000000
v 0.873969 -0.837051 0.000000
v 0.890101 -0.838729 0.000000
v 0.900473 -0.841224 0.000000
v 0.910079 -0.841731 0.051443
v 0.920037 -0.842095 0.063976
v 0.930004 -0.842156 0.076836
v 0.940001 -0.842183 0.083918
v 0.950000 -0.842186 0.089033
v 0.960000 -0.842187 0.093024
v 0.970000 -0.842188 0.096149
v 0.980000 -0.842188 0.098395
v 0.990000 -0.842188 0.099512
v 1.000000 -0.842188 0.099500
v 1.010000 -0.842188 0.099567
v 1.020000 -0.842188 0.100077
v 1.030000 -0.842188 0.100709
v 1.040000 -0.842188 0.100597
v 1.050000 -0.842188 0.097923
v 1.060000 -0.842188 0.093736
v 1.070000 -0.842188 0.089029
v 1.079998 -0.842192 0.083419
v 1.089967 -0.842220 0.073844
v 1.099521 -0.842310 0.050264
v 1.105282 -0.835664 0.000000
v 1.106242 -0.842878 0.000000
v 0.120423 -0.853125 0.061673
v 0.113563 -0.853125 0.000000
v 0.130027 -0.853125 0.083372
v 0.140001 -0.853125 0.093396
v 0.150000 -0.853125 0.100086
v 0.160000 -0.853125 0.105706
v 0.170000 -0.853125 0.110808
v 0.180000 -0.853125 0.115599
v 0.190000 -0.853125 0.120280
v 0.200000 -0.853125 0.124947
v 0.210000 -0.853125 0.129616
v 0.220000 -0.853125 0.134233
v 0.230000 -0.853125 0.138698
v 0.240000 -0.853125 0.141610
v 0.250000 -0.853125 0.139440
v 0.260000 -0.853125 0.134981
v 0.270000 -0.853125 0.130157
v 0.280000 -0.853125 0.125365
v 0.290000 -0.853125 0.120608
v 0.300000 -0.853125 0.115826
v 0.310000 -0.853125 0.110931
v 0.320000 -0.853125 0.105783
v 0.330000 -0.853125 0.100137
v 0.339999 -0.853125 0.093419
v 0.349973 -0.853125 0.083384
v 0.359577 -0.853125 0.061678
v 0.366435 -0.853125 0.000000
v 0.450374 -0.853135 0.060361
v 0.443159 -0.853236 0.000000
v 0.460025 -0.853126 0.081590
v 0.470001 -0.853126 0.089504
v 0.480000 -0.853125 0.089627
v 0.490000 -0.853125 0.085363
v 0.499992 -0.853116 0.075191
v 0.509901 -0.852992 0.054147
v 0.519484 -0.852216 0.000000
v 0.529326 -0.849481 0.000000
v 0.535966 -0.848029 0.000000
v 0.650423 -0.853125 0.061411
v 0.643565 -0.853125 0.000000
v 0.660027 -0.853125 0.080981
v 0.669974 -0.853125 0.080981
v 0.679577 -0.853125 0.061411
v 0.686435 -0.853125 0.000000
v 0.910669 -0.849479 0.000000
v 0.903969 -0.848050 0.000000
v 0.920514 -0.852148 0.000000
v 0.930081 -0.852668 0.051412
v 0.940037 -0.853032 0.063976
v 0.950004 -0.853094 0.076842
v 0.960001 -0.853121 0.083928
v 0.970000 -0.853124 0.089016
v 0.980000 -0.853124 0.092703
v 0.990000 -0.853124 0.094559
v 1.000000 -0.853125 0.095229
v 1.010000 -0.853125 0.096495
v 1.020000 -0.853125 0.098748
v 1.030000 -0.853125 0.101416
v 1.040000 -0.853125 0.103048
v 1.050000 -0.853125 0.101394
v 1.060000 -0.853125 0.098509
v 1.070000 -0.853125 0.095135
v 1.079999 -0.853125 0.090597
v 1.089972 -0.853126 0.081476
v 1.099574 -0.853132 0.059826
v 1.106416 -0.853185 0.000000
v 0.120423 -0.864062 0.061541
v 0.113566 -0.864059 0.000000
v 0.130027 -0.864062 0.083212
v 0.140001 -0.864062 0.093165
v 0.150000 -0.864062 0.099697
v 0.160000 -0.864062 0.105193
v 0.170000 -0.864062 0.110155
v 0.180000 -0.864062 0.114723
v 0.190000 -0.864062 0.119183
v 0.200000 -0.864062 0.123667
v 0.210000 -0.864062 0.128207
v 0.220000 -0.864062 0.132785
v 0.230000 -0.864062 0.137277
v 0.240000 -0.864062 0.140460
v 0.250000 -0.864062 0.139115
v 0.260000 -0.864062 0.134938
v 0.270000 -0.864062 0.130154
v 0.280000 -0.864062 0.125365
v 0.290000 -0.864062 0.120608
v 0.300000 -0.864062 0.115826
v 0.310000 -0.864062 0.110931
v 0.320000 -0.864062 0.105783
v 0.330000 -0.864062 0.100137
v 0.339999 -0.864062 0.093419
v 0.349973 -0.864062 0.083384
v 0.359577 -0.864062 0.061678
v 0.366435 -0.864062 0.000000
v 0.450079 -0.864098 0.064803
v 0.440818 -0.864582 0.000000
v 0.460004 -0.864064 0.083535
v 0.470000 -0.864063 0.089637
v 0.480000 -0.864062 0.086921
v 0.489993 -0.864056 0.076843
v 0.499879 -0.863954 0.054094
v 0.509057 -0.863032 0.000000
v 0.515988 -0.859627 0.000000
v 0.650423 -0.864062 0.061411
v 0.643565 -0.864062 0.000000
v 0.660027 -0.864062 0.080981
v 0.669974 -0.864062 0.080981
v 0.679577 -0.864062 0.061411
v 0.686435 -0.864062 0.000000
v 0.930669 -0.860416 0.000000
v 0.923972 -0.858987 0.000000
v 0.940514 -0.863085 0.000000
v 0.950081 -0.863606 0.051412
v 0.960037 -0.863970 0.063972
v 0.970004 -0.864028 0.076751
v 0.980000 -0.864033 0.083044
v 0.990000 -0.864036 0.084829
v 1.000001 -0.864058 0.085890
v 1.010000 -0.864062 0.089434
v 1.020000 -0.864062 0.093778
v 1.030000 -0.864062 0.097925
v 1.040000 -0.864062 0.100591
v 1.050000 -0.864062 0.100618
v 1.060000 -0.864062 0.099346
v 1.070000 -0.864062 0.096317
v 1.079999 -0.864062 0.091190
v 1.089972 -0.864062 0.081581
v 1.099574 -0.864056 0.059834
v 1.106416 -0.864002 0.000000
v 0.120425 -0.874995 0.059994
v 0.113584 -0.874937 0.000000
v 0.130028 -0.875000 0.081919
v 0.140001 -0.875000 0.091859
v 0.150000 -0.875000 0.098139
v 0.160000 -0.875000 0.103453
v 0.170000 -0.875000 0.108377
v 0.180000 -0.875000 0.113042
v 0.190000 -0.875000 0.117602
v 0.200000 -0.875000 0.122153
v 0.210000 -0.875000 0.126735
v 0.220000 -0.875000 0.131347
v 0.230000 -0.875000 0.135879
v 0.240000 -0.875000 0.139324
v 0.250000 -0.875000 0.138802
v 0.260000 -0.875000 0.134898
v 0.270000 -0.875000 0.130152
v 0.280000 -0.875000 0.125365
v 0.290000 -0.875000 0.120608
v 0.300000 -0.875000 0.115826
v 0.310000 -0.875000 0.110931
v 0.320000 -0.875000 0.105783
v 0.330000 -0.875000 0.100138
v 0.339999 -0.875000 0.093419
v 0.349973 -0.875000 0.083384
v 0.359577 -0.875000 0.061679
v 0.366437 -0.875000 0.000000
v 0.434054 -0.868447 0.000000
v 0.440121 -0.875107 0.054081
v 0.430942 -0.876031 0.000000
v 0.450007 -0.875005 0.076663
v 0.460000 -0.875000 0.085647
v 0.470000 -0.875000 0.086356
v 0.479995 -0.874995 0.079816
v 0.489919 -0.874935 0.062737
v 0.499169 -0.874431 0.000000
v 0.505945 -0.870612 0.000000
v 0.650423 -0.875000 0.061411
v 0.643565 -0.875000 0.000000
v 0.660027 -0.875000 0.080981
v 0.669973 -0.875000 0.080981
v 0.679577 -0.875000 0.061411
v 0.686435 -0.875000 0.000000
v 0.950669 -0.871354 0.000000
v 0.943972 -0.869924 0.000000
v 0.960514 -0.874018 0.000000
v 0.970078 -0.874487 0.051039
v 0.980005 -0.874539 0.060948
v 0.990003 -0.874594 0.063097
v 1.000033 -0.874913 0.066005
v 1.010005 -0.874992 0.077670
v 1.020000 -0.874999 0.086868
v 1.030000 -0.874999 0.092245
v 1.040000 -0.874999 0.094620
v 1.050000 -0.874999 0.095011
v 1.060000 -0.874999 0.094451
v 1.070000 -0.874999 0.092033
v 1.079999 -0.874999 0.086326
v 1.089967 -0.874990 0.074490
v 1.099521 -0.874881 0.050331
v 1.106242 -0.874310 0.000000
v 0.120469 -0.885854 0.050722
v 0.113757 -0.885253 0.000000
v 0.130031 -0.885933 0.076225
v 0.140001 -0.885937 0.088280
v 0.150000 -0.885937 0.095545
v 0.160000 -0.885937 0.101417
v 0.170000 -0.885937 0.106682
v 0.180000 -0.885937 0.111580
v 0.190000 -0.885938 0.116242
v 0.200000 -0.885938 0.120834
v 0.210000 -0.885938 0.125413
v 0.220000 -0.885938 0.129953
v 0.230000 -0.885937 0.134400
v 0.240000 -0.885937 0.138049
v 0.250000 -0.885937 0.138440
v 0.260000 -0.885937 0.134850
v 0.270000 -0.885938 0.130149
v 0.280000 -0.885938 0.125366
v 0.290000 -0.885938 0.120609
v 0.300000 -0.885938 0.115827
v 0.310000 -0.885937 0.110932
v 0.320000 -0.885937 0.105784
v 0.330000 -0.885937 0.100139
v 0.339999 -0.885937 0.093422
v 0.349973 -0.885938 0.083390
v 0.359581 -0.885938 0.061706
v 0.366476 -0.885939 0.000000
v 0.424012 -0.879436 0.000000
v 0.430099 -0.886070 0.054115
v 0.420516 -0.886846 0.000000
v 0.440008 -0.885946 0.074984
v 0.450000 -0.885938 0.084054
v 0.460000 -0.885937 0.084257
v 0.469994 -0.885929 0.076860
v 0.479940 -0.885849 0.063137
v 0.489591 -0.885491 0.047961
v 0.496671 -0.885109 0.000000
v 0.650423 -0.885937 0.061412
v 0.643563 -0.885938 0.000000
v 0.660027 -0.885937 0.080981
v 0.669974 -0.885938 0.080981
v 0.679577 -0.885938 0.061412
v 0.686437 -0.885938 0.000000
v 0.970626 -0.881831 0.000000
v 0.963969 -0.880798 0.000000
v 0.980060 -0.882061 0.000000
v 0.990047 -0.882502 0.000000
v 1.000473 -0.885044 0.000000
v 1.010098 -0.885802 0.054172
v 1.020008 -0.885901 0.074835
v 1.030000 -0.885907 0.082816
v 1.040000 -0.885908 0.084731
v 1.050000 -0.885908 0.084978
v 1.060000 -0.885908 0.084719
v 1.070000 -0.885907 0.082802
v 1.079991 -0.885901 0.074776
v 1.089866 -0.885791 0.053588
v 1.098986 -0.884904 0.000000
v 1.105282 -0.881529 0.000000
v 0.120885 -0.896358 0.000000
v 0.114698 -0.892538 0.000000
v 0.130083 -0.896839 0.064781
v 0.140004 -0.896874 0.084273
v 0.150000 -0.896875 0.093614
v 0.160000 -0.896875 0.099971
v 0.170000 -0.896875 0.105389
v 0.180000 -0.896875 0.110310
v 0.190000 -0.896875 0.114851
v 0.200000 -0.896875 0.119294
v 0.210000 -0.896875 0.123758
v 0.220000 -0.896875 0.128259
v 0.230000 -0.896875 0.132761
v 0.240000 -0.896875 0.136742
v 0.250000 -0.896875 0.138079
v 0.260000 -0.896875 0.134810
v 0.270000 -0.896875 0.130155
v 0.280000 -0.896875 0.125376
v 0.290000 -0.896875 0.120620
v 0.300000 -0.896875 0.115840
v 0.310000 -0.896875 0.110948
v 0.320000 -0.896875 0.105804
v 0.330000 -0.896875 0.100168
v 0.339999 -0.896875 0.093469
v 0.349975 -0.896875 0.083500
v 0.359632 -0.896877 0.062127
v 0.366904 -0.896907 0.000000
v 0.404034 -0.891034 0.000000
v 0.410674 -0.889582 0.000000
v 0.410112 -0.897342 0.050918
v 0.400941 -0.897978 0.000000
v 0.420038 -0.896965 0.063743
v 0.430005 -0.896883 0.076599
v 0.440000 -0.896875 0.083791
v 0.450000 -0.896874 0.083863
v 0.459991 -0.896865 0.074994
v 0.469900 -0.896742 0.054130
v 0.479480 -0.895966 0.000000
v 0.489242 -0.893234 0.000000
v 0.495379 -0.891821 0.000000
v 0.554673 -0.891049 0.000000
v 0.560662 -0.890064 0.000000
v 0.560454 -0.897372 0.043810
v 0.553773 -0.897599 0.000000
v 0.569432 -0.890068 0.000000
v 0.569921 -0.897400 0.047295
v 0.575974 -0.891099 0.000000
v 0.579060 -0.897983 0.000000
v 0.650419 -0.896875 0.061439
v 0.643524 -0.896877 0.000000
v 0.660026 -0.896875 0.080988
v 0.669974 -0.896875 0.080988
v 0.679581 -0.896875 0.061439
v 0.686476 -0.896877 0.000000
v 1.010941 -0.895767 0.000000
v 1.004009 -0.892435 0.000000
v 1.020109 -0.896351 0.050601
v 1.030006 -0.896410 0.060891
v 1.040000 -0.896412 0.062720
v 1.050000 -0.896413 0.062884
v 1.060000 -0.896412 0.062719
v 1.069994 -0.896409 0.060890
v 1.079891 -0.896351 0.050598
v 1.089055 -0.895766 0.000000
v 1.095921 -0.892414 0.000000
v 0.130373 -0.907804 0.060397
v 0.123162 -0.907702 0.000000
v 0.140025 -0.907812 0.082033
v 0.150001 -0.907812 0.091909
v 0.160000 -0.907812 0.098170
v 0.170000 -0.907812 0.103478
v 0.180000 -0.907812 0.108400
v 0.190000 -0.907812 0.113067
v 0.200000 -0.907812 0.117640
v 0.210000 -0.907812 0.122203
v 0.220000 -0.907812 0.126800
v 0.230000 -0.907812 0.131428
v 0.240000 -0.907812 0.135724
v 0.250000 -0.907812 0.137834
v 0.260000 -0.907812 0.134841
v 0.270000 -0.907812 0.130232
v 0.280000 -0.907812 0.125463
v 0.290000 -0.907812 0.120718
v 0.300000 -0.907812 0.115954
v 0.310000 -0.907812 0.111084
v 0.320000 -0.907812 0.105979
v 0.330000 -0.907812 0.100413
v 0.340000 -0.907812 0.093876
v 0.349998 -0.907813 0.084501
v 0.359954 -0.907836 0.065504
v 0.369658 -0.908156 0.000000
v 0.394009 -0.901312 0.000000
v 0.400098 -0.907947 0.054010
v 0.390472 -0.908672 0.000000
v 0.410008 -0.907846 0.074223
v 0.420001 -0.907817 0.081454
v 0.430000 -0.907812 0.083858
v 0.439999 -0.907808 0.081764
v 0.449991 -0.907779 0.074418
v 0.459870 -0.907666 0.053640
v 0.469056 -0.906778 0.000000
v 0.475988 -0.903377 0.000000
v 0.560481 -0.907723 0.047286
v 0.553777 -0.907192 0.000000
v 0.570025 -0.907816 0.063258
v 0.579902 -0.907946 0.050057
v 0.585988 -0.901316 0.000000
v 0.589484 -0.908721 0.000000
v 0.650368 -0.907815 0.061860
v 0.643097 -0.907846 0.000000
v 0.660024 -0.907813 0.081106
v 0.669976 -0.907813 0.081106
v 0.679632 -0.907815 0.061860
v 0.686903 -0.907846 0.000000
v 1.020631 -0.903702 0.000000
v 1.014030 -0.902653 0.000000
v 1.030058 -0.903893 0.000000
v 1.040003 -0.903912 0.000000
v 1.050000 -0.903913 0.000000
v 1.059997 -0.903912 0.000000
v 1.069942 -0.903893 0.000000
v 1.079369 -0.903702 0.000000
v 1.085970 -0.902652 0.000000
v 0.130466 -0.918667 0.050749
v 0.123718 -0.918063 0.000000
v 0.140031 -0.918746 0.076238
v 0.150001 -0.918750 0.088294
v 0.160000 -0.918750 0.095570
v 0.170000 -0.918750 0.101470
v 0.180000 -0.918750 0.106760
v 0.190000 -0.918750 0.111703
v 0.200000 -0.918750 0.116471
v 0.210000 -0.918750 0.121168
v 0.220000 -0.918750 0.125865
v 0.230000 -0.918750 0.130592
v 0.240000 -0.918750 0.135112
v 0.250000 -0.918750 0.137780
v 0.260000 -0.918750 0.135109
v 0.270000 -0.918750 0.130588
v 0.280000 -0.918750 0.125861
v 0.290000 -0.918750 0.121164
v 0.300000 -0.918750 0.116467
v 0.310000 -0.918750 0.111701
v 0.320000 -0.918750 0.106763
v 0.330000 -0.918750 0.101500
v 0.340000 -0.918750 0.095671
v 0.350000 -0.918750 0.088790
v 0.359998 -0.918753 0.079371
v 0.369977 -0.918797 0.066320
v 0.380013 -0.910736 0.000000
v 0.380001 -0.919096 0.063420
v 0.390033 -0.918833 0.065434
v 0.400005 -0.918758 0.076026
v 0.410000 -0.918750 0.082252
v 0.419999 -0.918746 0.081375
v 0.429996 -0.918719 0.076033
v 0.439962 -0.918657 0.063709
v 0.449888 -0.918283 0.050930
v 0.459055 -0.917645 0.000000
v 0.465926 -0.914289 0.000000
v 0.561012 -0.917649 0.000000
v 0.554719 -0.914341 0.000000
v 0.570112 -0.918288 0.049114
v 0.580002 -0.918706 0.056121
v 0.589963 -0.918836 0.057222
v 0.599331 -0.911455 0.000000
v 0.599921 -0.919206 0.050269
v 0.606032 -0.912887 0.000000
v 0.609529 -0.919711 0.000000
v 0.650046 -0.918775 0.065242
v 0.640344 -0.919124 0.000000
v 0.660003 -0.918751 0.082197
v 0.669998 -0.918751 0.082197
v 0.679953 -0.918775 0.065242
v 0.689656 -0.919124 0.000000
v 0.723965 -0.912951 0.000000
v 0.730626 -0.911921 0.000000
v 0.730076 -0.919263 0.051050
v 0.720470 -0.919715 0.000000
v 0.740058 -0.911732 0.000000
v 0.740005 -0.919215 0.060870
v 0.750003 -0.911713 0.000000
v 0.750000 -0.919213 0.062532
v 0.760000 -0.911712 0.000000
v 0.760000 -0.919212 0.062632
v 0.770000 -0.911712 0.000000
v 0.770000 -0.919213 0.062629
v 0.780000 -0.911712 0.000000
v 0.780000 -0.919213 0.062629
v 0.790000 -0.911712 0.000000
v 0.790000 -0.919213 0.062628
v 0.800000 -0.911712 0.000000
v 0.800000 -0.919212 0.062626
v 0.810000 -0.911712 0.000000
v 0.810000 -0.919213 0.062594
v 0.820000 -0.911712 0.000000
v 0.820000 -0.919213 0.062429
v 0.830000 -0.911712 0.000000
v 0.830000 -0.919212 0.062206
v 0.840000 -0.911712 0.000000
v 0.840000 -0.919212 0.062166
v 0.850000 -0.911712 0.000000
v 0.850000 -0.919212 0.062164
v 0.860000 -0.911712 0.000000
v 0.860000 -0.919212 0.062166
v 0.870000 -0.911712 0.000000
v 0.870000 -0.919212 0.062206
v 0.880000 -0.911712 0.000000
v 0.880000 -0.919212 0.062436
v 0.890000 -0.911712 0.000000
v 0.890000 -0.919213 0.062650
v 0.900000 -0.911712 0.000000
v 0.900000 -0.919213 0.062792
v 0.909997 -0.911713 0.000000
v 0.910000 -0.919213 0.062696
v 0.919942 -0.911732 0.000000
v 0.919995 -0.919215 0.060922
v 0.929374 -0.911921 0.000000
v 0.929924 -0.919263 0.051070
v 0.936035 -0.912951 0.000000
v 0.939527 -0.919718 0.000000
v 0.130884 -0.929173 0.000000
v 0.124695 -0.925350 0.000000
v 0.140083 -0.929652 0.064918
v 0.150004 -0.929686 0.084445
v 0.160000 -0.929688 0.093869
v 0.170000 -0.929688 0.100411
v 0.180000 -0.929688 0.105979
v 0.190000 -0.929688 0.111085
v 0.200000 -0.929688 0.115954
v 0.210000 -0.929688 0.120719
v 0.220000 -0.929688 0.125464
v 0.230000 -0.929688 0.130232
v 0.240000 -0.929688 0.134841
v 0.250000 -0.929688 0.137825
v 0.260000 -0.929688 0.135675
v 0.270000 -0.929688 0.131368
v 0.280000 -0.929688 0.126737
v 0.290000 -0.929688 0.122143
v 0.300000 -0.929688 0.117589
v 0.310000 -0.929688 0.113032
v 0.320000 -0.929688 0.108420
v 0.330000 -0.929688 0.103697
v 0.340000 -0.929688 0.098840
v 0.350000 -0.929688 0.093934
v 0.360000 -0.929688 0.089224
v 0.369999 -0.929690 0.084961
v 0.380000 -0.929711 0.082973
v 0.390001 -0.929691 0.081400
v 0.399999 -0.929683 0.080121
v 0.409996 -0.929656 0.075615
v 0.419963 -0.929595 0.063645
v 0.429920 -0.929231 0.051342
v 0.439486 -0.928710 0.000000
v 0.449326 -0.926040 0.000000
v 0.455966 -0.924591 0.000000
v 0.570632 -0.926093 0.000000
v 0.564036 -0.924595 0.000000
v 0.580076 -0.929333 0.000000
v 0.590003 -0.929669 0.061141
v 0.599996 -0.929718 0.072022
v 0.609967 -0.929778 0.065292
v 0.619958 -0.922143 0.000000
v 0.619997 -0.930089 0.063249
v 0.630028 -0.922094 0.000000
v 0.630002 -0.930086 0.063329
v 0.640023 -0.929738 0.066387
v 0.650002 -0.929690 0.079185
v 0.660000 -0.929688 0.086943
v 0.670000 -0.929688 0.086943
v 0.679997 -0.929690 0.079179
v 0.689977 -0.929738 0.066361
v 0.699972 -0.922094 0.000000
v 0.699998 -0.930086 0.063237
v 0.710042 -0.922143 0.000000
v 0.710003 -0.930090 0.063101
v 0.720033 -0.929778 0.065674
v 0.730004 -0.929722 0.076594
v 0.740000 -0.929718 0.082392
v 0.750000 -0.929718 0.083090
v 0.760000 -0.929717 0.082691
v 0.770000 -0.929717 0.082583
v 0.780000 -0.929717 0.082572
v 0.790000 -0.929717 0.082570
v 0.800000 -0.929716 0.082538
v 0.810000 -0.929717 0.082241
v 0.820000 -0.929716 0.080939
v 0.829999 -0.929713 0.078828
v 0.840000 -0.929690 0.078356
v 0.850000 -0.929688 0.078313
v 0.860000 -0.929690 0.078356
v 0.870001 -0.929713 0.078835
v 0.880000 -0.929717 0.081036
v 0.890000 -0.929718 0.082849
v 0.900000 -0.929718 0.084034
v 0.910000 -0.929718 0.084428
v 0.920000 -0.929718 0.082997
v 0.929996 -0.929722 0.076919
v 0.939967 -0.929778 0.065762
v 0.949899 -0.922208 0.000000
v 0.949992 -0.930096 0.061298
v 0.959372 -0.922816 0.000000
v 0.959924 -0.930197 0.051095
v 0.966035 -0.923885 0.000000
v 0.969530 -0.930654 0.000000
v 0.140371 -0.940622 0.062082
v 0.133143 -0.940578 0.000000
v 0.150025 -0.940625 0.083498
v 0.160001 -0.940625 0.093468
v 0.170000 -0.940625 0.100168
v 0.180000 -0.940625 0.105804
v 0.190000 -0.940625 0.110948
v 0.200000 -0.940625 0.115840
v 0.210000 -0.940625 0.120620
v 0.220000 -0.940625 0.125376
v 0.230000 -0.940625 0.130154
v 0.240000 -0.940625 0.134800
v 0.250000 -0.940625 0.137985
v 0.260000 -0.940625 0.136348
v 0.270000 -0.940625 0.132269
v 0.280000 -0.940625 0.127744
v 0.290000 -0.940625 0.123261
v 0.300000 -0.940625 0.118859
v 0.310000 -0.940625 0.114520
v 0.320000 -0.940625 0.110229
v 0.330000 -0.940625 0.105994
v 0.340000 -0.940625 0.101866
v 0.350000 -0.940625 0.097922
v 0.360000 -0.940625 0.094213
v 0.370000 -0.940625 0.090255
v 0.380000 -0.940626 0.084987
v 0.389995 -0.940617 0.076324
v 0.399963 -0.940536 0.063553
v 0.409920 -0.940168 0.051293
v 0.419486 -0.939648 0.000000
v 0.429331 -0.936979 0.000000
v 0.436028 -0.935549 0.000000
v 0.590033 -0.940659 0.064709
v 0.580474 -0.941116 0.000000
v 0.600001 -0.940627 0.081375
v 0.609999 -0.940629 0.084415
v 0.620000 -0.940652 0.084950
v 0.630000 -0.940652 0.085120
v 0.640001 -0.940628 0.085949
v 0.650000 -0.940625 0.089469
v 0.660000 -0.940625 0.092785
v 0.670000 -0.940625 0.092767
v 0.680000 -0.940625 0.089374
v 0.689999 -0.940628 0.085622
v 0.700000 -0.940652 0.084223
v 0.710000 -0.940652 0.083388
v 0.720001 -0.940629 0.083532
v 0.730000 -0.940625 0.086439
v 0.740000 -0.940625 0.088419
v 0.750000 -0.940625 0.086428
v 0.759999 -0.940622 0.083399
v 0.770000 -0.940599 0.082659
v 0.780000 -0.940596 0.082576
v 0.790000 -0.940596 0.082561
v 0.800000 -0.940596 0.082407
v 0.810000 -0.940596 0.081167
v 0.819996 -0.940592 0.075713
v 0.829967 -0.940536 0.065109
v 0.839997 -0.940220 0.062528
v 0.850000 -0.940171 0.062211
v 0.860003 -0.940220 0.062531
v 0.870033 -0.940539 0.065182
v 0.880005 -0.940619 0.076469
v 0.890000 -0.940626 0.085098
v 0.900000 -0.940626 0.090112
v 0.910000 -0.940626 0.092607
v 0.920000 -0.940626 0.092300
v 0.930000 -0.940626 0.089238
v 0.939999 -0.940629 0.085639
v 0.950000 -0.940652 0.083146
v 0.959996 -0.940659 0.076937
v 0.969967 -0.940715 0.065934
v 0.979954 -0.933127 0.000000
v 0.979997 -0.941031 0.063093
v 0.989940 -0.933565 0.000000
v 0.989994 -0.941087 0.060915
v 0.999369 -0.933796 0.000000
v 0.999891 -0.941149 0.050601
v 1.005970 -0.934847 0.000000
v 1.009059 -0.941733 0.000000
v 0.140419 -0.951562 0.061705
v 0.133524 -0.951560 0.000000
v 0.150027 -0.951563 0.083390
v 0.160001 -0.951563 0.093422
v 0.170000 -0.951563 0.100139
v 0.180000 -0.951563 0.105784
v 0.190000 -0.951563 0.110932
v 0.200000 -0.951563 0.115827
v 0.210000 -0.951563 0.120609
v 0.220000 -0.951563 0.125366
v 0.230000 -0.951563 0.130145
v 0.240000 -0.951563 0.134792
v 0.250000 -0.951563 0.137980
v 0.260000 -0.951563 0.136347
v 0.270000 -0.951563 0.132269
v 0.280000 -0.951563 0.127744
v 0.290000 -0.951563 0.123261
v 0.300000 -0.951563 0.118859
v 0.310000 -0.951563 0.114520
v 0.320000 -0.951563 0.110227
v 0.330000 -0.951563 0.105980
v 0.340000 -0.951563 0.101753
v 0.350000 -0.951563 0.097389
v 0.360000 -0.951563 0.092616
v 0.370000 -0.951562 0.086387
v 0.379991 -0.951552 0.075363
v 0.389900 -0.951430 0.054106
v 0.399484 -0.950654 0.000000
v 0.409331 -0.947920 0.000000
v 0.416028 -0.946487 0.000000
v 0.574009 -0.945008 0.000000
v 0.580098 -0.951669 0.054229
v 0.570940 -0.952593 0.000000
v 0.590005 -0.951568 0.077203
v 0.600000 -0.951563 0.087942
v 0.610000 -0.951563 0.092944
v 0.620000 -0.951563 0.094810
v 0.630000 -0.951563 0.095265
v 0.640000 -0.951563 0.095639
v 0.650000 -0.951563 0.096945
v 0.660000 -0.951563 0.098689
v 0.670000 -0.951563 0.098496
v 0.680000 -0.951563 0.096129
v 0.690000 -0.951563 0.093433
v 0.700000 -0.951563 0.090484
v 0.710000 -0.951563 0.086836
v 0.719999 -0.951560 0.083558
v 0.730000 -0.951536 0.083178
v 0.740000 -0.951533 0.082396
v 0.749996 -0.951528 0.076593
v 0.759967 -0.951472 0.065662
v 0.769997 -0.951157 0.063001
v 0.780000 -0.951104 0.062652
v 0.790000 -0.951100 0.062621
v 0.800000 -0.951100 0.062459
v 0.809995 -0.951097 0.060723
v 0.819924 -0.951050 0.050964
v 0.829530 -0.950596 0.000000
v 0.839957 -0.948127 0.000000
v 0.850000 -0.947748 0.000000
v 0.860044 -0.948130 0.000000
v 0.870472 -0.950673 0.000000
v 0.880088 -0.951466 0.054521
v 0.890006 -0.951558 0.077071
v 0.900000 -0.951562 0.088040
v 0.910000 -0.951563 0.094075
v 0.920000 -0.951563 0.096920
v 0.930000 -0.951563 0.096487
v 0.940000 -0.951563 0.095054
v 0.950000 -0.951563 0.092854
v 0.960000 -0.951564 0.089329
v 0.969999 -0.951567 0.085904
v 0.980000 -0.951589 0.084826
v 0.990000 -0.951593 0.082822
v 0.999992 -0.951599 0.074834
v 1.009901 -0.951699 0.054139
v 1.015988 -0.945066 0.000000
v 1.019483 -0.952471 0.000000
v 0.140419 -0.962500 0.061705
v 0.133524 -0.962502 0.000000
v 0.150027 -0.962500 0.083390
v 0.160001 -0.962500 0.093422
v 0.170000 -0.962500 0.100139
v 0.180000 -0.962500 0.105784
v 0.190000 -0.962500 0.110932
v 0.200000 -0.962500 0.115827
v 0.210000 -0.962500 0.120609
v 0.220000 -0.962500 0.125365
v 0.230000 -0.962500 0.130143
v 0.240000 -0.962500 0.134764
v 0.250000 -0.962500 0.137781
v 0.260000 -0.962500 0.135665
v 0.270000 -0.962500 0.131367
v 0.280000 -0.962500 0.126737
v 0.290000 -0.962500 0.122143
v 0.300000 -0.962500 0.117589
v 0.310000 -0.962500 0.113032
v 0.320000 -0.962500 0.108419
v 0.330000 -0.962500 0.103691
v 0.340000 -0.962500 0.098774
v 0.350000 -0.962500 0.093458
v 0.360000 -0.962500 0.086865
v 0.369991 -0.962491 0.075543
v 0.379869 -0.962357 0.053762
v 0.389056 -0.961465 0.000000
v 0.395988 -0.958064 0.000000
v 0.564012 -0.955998 0.000000
v 0.570099 -0.962633 0.054194
v 0.560516 -0.963409 0.000000
v 0.580007 -0.962509 0.075572
v 0.590000 -0.962500 0.086821
v 0.600000 -0.962500 0.093250
v 0.610000 -0.962500 0.097859
v 0.620000 -0.962500 0.100572
v 0.630000 -0.962500 0.101665
v 0.640000 -0.962500 0.102218
v 0.650000 -0.962500 0.103074
v 0.660000 -0.962500 0.104001
v 0.670000 -0.962500 0.102929
v 0.680000 -0.962500 0.099492
v 0.690000 -0.962500 0.094614
v 0.700000 -0.962500 0.088303
v 0.709998 -0.962497 0.079080
v 0.719977 -0.962449 0.066123
v 0.729998 -0.962097 0.062937
v 0.739995 -0.962039 0.060894
v 0.749924 -0.961987 0.051050
v 0.759530 -0.961533 0.000000
v 0.769957 -0.959062 0.000000
v 0.779998 -0.958643 0.000000
v 0.790000 -0.958603 0.000000
v 0.799997 -0.958600 0.000000
v 0.809942 -0.958581 0.000000
v 0.819374 -0.958391 0.000000
v 0.826035 -0.957361 0.000000
v 0.880813 -0.961984 0.000000
v 0.873989 -0.958137 0.000000
v 0.890079 -0.962464 0.065016
v 0.900004 -0.962499 0.084416
v 0.910000 -0.962500 0.093584
v 0.920000 -0.962500 0.099014
v 0.930000 -0.962500 0.101405
v 0.940000 -0.962500 0.101341
v 0.950000 -0.962500 0.099356
v 0.960000 -0.962500 0.097024
v 0.970000 -0.962500 0.095587
v 0.980000 -0.962501 0.094703
v 0.990000 -0.962501 0.092257
v 1.000000 -0.962501 0.086857
v 1.009995 -0.962508 0.077475
v 1.019961 -0.962590 0.063977
v 1.029326 -0.955207 0.000000
v 1.029885 -0.962967 0.050854
v 1.035961 -0.956659 0.000000
v 1.038988 -0.963602 0.000000
v 0.140371 -0.973441 0.062072
v 0.133143 -0.973485 0.000000
v 0.150025 -0.973438 0.083488
v 0.160001 -0.973437 0.093462
v 0.170000 -0.973437 0.100163
v 0.180000 -0.973437 0.105801
v 0.190000 -0.973437 0.110945
v 0.200000 -0.973437 0.115838
v 0.210000 -0.973437 0.120618
v 0.220000 -0.973437 0.125374
v 0.230000 -0.973437 0.130149
v 0.240000 -0.973437 0.134748
v 0.250000 -0.973437 0.137616
v 0.260000 -0.973437 0.135070
v 0.270000 -0.973437 0.130583
v 0.280000 -0.973437 0.125861
v 0.290000 -0.973437 0.121164
v 0.300000 -0.973437 0.116467
v 0.310000 -0.973437 0.111701
v 0.320000 -0.973437 0.106763
v 0.330000 -0.973437 0.101499
v 0.340000 -0.973437 0.095655
v 0.350000 -0.973437 0.088559
v 0.359993 -0.973432 0.077265
v 0.369879 -0.973330 0.054157
v 0.379054 -0.972405 0.000000
v 0.385926 -0.968982 0.000000
v 0.543972 -0.967576 0.000000
v 0.550669 -0.966143 0.000000
v 0.550081 -0.973894 0.051308
v 0.540514 -0.974415 0.000000
v 0.560037 -0.973527 0.063837
v 0.570005 -0.973446 0.077194
v 0.580000 -0.973438 0.086523
v 0.590000 -0.973437 0.092295
v 0.600000 -0.973437 0.096499
v 0.610000 -0.973437 0.100037
v 0.620000 -0.973437 0.102738
v 0.630000 -0.973437 0.104857
v 0.640000 -0.973437 0.106400
v 0.650000 -0.973437 0.107615
v 0.660000 -0.973437 0.107790
v 0.670000 -0.973437 0.104969
v 0.680000 -0.973437 0.100098
v 0.690000 -0.973437 0.093758
v 0.699997 -0.973437 0.084463
v 0.709954 -0.973413 0.065481
v 0.719656 -0.973062 0.000000
v 0.729967 -0.970050 0.000000
v 0.739941 -0.969563 0.000000
v 0.749374 -0.969331 0.000000
v 0.756035 -0.968299 0.000000
v 0.890371 -0.973434 0.062087
v 0.883140 -0.973390 0.000000
v 0.900025 -0.973437 0.083496
v 0.910001 -0.973437 0.093432
v 0.920000 -0.973437 0.099859
v 0.930000 -0.973437 0.104219
v 0.940000 -0.973437 0.105903
v 0.950000 -0.973437 0.104840
v 0.960000 -0.973437 0.103280
v 0.970000 -0.973437 0.102301
v 0.980000 -0.973438 0.101102
v 0.990000 -0.973438 0.098070
v 1.000000 -0.973438 0.093728
v 1.010000 -0.973438 0.088945
v 1.019998 -0.973442 0.083286
v 1.029967 -0.973470 0.073700
v 1.039521 -0.973560 0.050134
v 1.045282 -0.966914 0.000000
v 1.046241 -0.974125 0.000000
v 0.140083 -0.984411 0.064764
v 0.130884 -0.984889 0.000000
v 0.150004 -0.984376 0.084300
v 0.160000 -0.984375 0.093765
v 0.170000 -0.984375 0.100336
v 0.180000 -0.984375 0.105922
v 0.190000 -0.984375 0.111039
v 0.200000 -0.984375 0.115915
v 0.210000 -0.984375 0.120685
v 0.220000 -0.984375 0.125433
v 0.230000 -0.984375 0.130201
v 0.240000 -0.984375 0.134779
v 0.250000 -0.984375 0.137554
v 0.260000 -0.984375 0.134801
v 0.270000 -0.984375 0.130229
v 0.280000 -0.984375 0.125463
v 0.290000 -0.984375 0.120718
v 0.300000 -0.984375 0.115954
v 0.310000 -0.984375 0.111085
v 0.320000 -0.984375 0.105979
v 0.330000 -0.984375 0.100413
v 0.340000 -0.984375 0.093875
v 0.349996 -0.984374 0.084467
v 0.359921 -0.984339 0.065029
v 0.369183 -0.983858 0.000000
v 0.375946 -0.979990 0.000000
v 0.444040 -0.978587 0.000000
v 0.450629 -0.977547 0.000000
v 0.450118 -0.984862 0.044204
v 0.441075 -0.985338 0.000000
v 0.460000 -0.977376 0.000000
v 0.460001 -0.984813 0.054292
v 0.469377 -0.977546 0.000000
v 0.469924 -0.984861 0.047358
v 0.476035 -0.978576 0.000000
v 0.479531 -0.985337 0.000000
v 0.523968 -0.978512 0.000000
v 0.530669 -0.977084 0.000000
v 0.530079 -0.984831 0.051126
v 0.520470 -0.985337 0.000000
v 0.540037 -0.984468 0.063259
v 0.550004 -0.984405 0.075635
v 0.560001 -0.984378 0.082005
v 0.570000 -0.984374 0.086515
v 0.580000 -0.984374 0.090215
v 0.590000 -0.984374 0.092717
v 0.600000 -0.984375 0.094383
v 0.610000 -0.984375 0.096552
v 0.620000 -0.984375 0.099410
v 0.630000 -0.984375 0.102768
v 0.640000 -0.984375 0.106116
v 0.650000 -0.984375 0.108840
v 0.660000 -0.984375 0.109127
v 0.670000 -0.984375 0.105513
v 0.680000 -0.984375 0.100127
v 0.689999 -0.984375 0.093460
v 0.699975 -0.984375 0.083499
v 0.709632 -0.984373 0.062126
v 0.716904 -0.984342 0.000000
v 0.890419 -0.984375 0.061705
v 0.883526 -0.984373 0.000000
v 0.900027 -0.984375 0.083390
v 0.910001 -0.984375 0.093419
v 0.920000 -0.984375 0.100093
v 0.930000 -0.984375 0.105385
v 0.940000 -0.984375 0.108900
v 0.950000 -0.984375 0.109560
v 0.960000 -0.984375 0.108799
v 0.970000 -0.984375 0.107815
v 0.980000 -0.984375 0.105927
v 0.990000 -0.984375 0.102530
v 1.000000 -0.984375 0.098561
v 1.010000 -0.984375 0.094568
v 1.019999 -0.984375 0.089628
v 1.029972 -0.984376 0.080251
v 1.039573 -0.984376 0.058289
v 1.046398 -0.984375 0.000000
v 0.124700 -0.988707 0.000000
v 0.130471 -0.995390 0.049047
v 0.123775 -0.995934 0.000000
v 0.140031 -0.995317 0.074844
v 0.150001 -0.995313 0.087141
v 0.160000 -0.995312 0.094726
v 0.170000 -0.995312 0.100852
v 0.180000 -0.995312 0.106277
v 0.190000 -0.995313 0.111312
v 0.200000 -0.995312 0.116140
v 0.210000 -0.995312 0.120878
v 0.220000 -0.995312 0.125604
v 0.230000 -0.995312 0.130353
v 0.240000 -0.995312 0.134891
v 0.250000 -0.995312 0.137574
v 0.260000 -0.995312 0.134745
v 0.270000 -0.995313 0.130150
v 0.280000 -0.995312 0.125376
v 0.290000 -0.995312 0.120620
v 0.300000 -0.995312 0.115840
v 0.310000 -0.995312 0.110948
v 0.320000 -0.995312 0.105804
v 0.330000 -0.995312 0.100168
v 0.339999 -0.995312 0.093469
v 0.349975 -0.995312 0.083499
v 0.359629 -0.995309 0.062089
v 0.366862 -0.995265 0.000000
v 0.435021 -0.987800 0.000000
v 0.441075 -0.994350 0.000000
v 0.435021 -0.991887 0.000000
v 0.450118 -0.994826 0.044317
v 0.460006 -0.994881 0.055530
v 0.469999 -0.994941 0.054887
v 0.480000 -0.995313 0.048704
v 0.489957 -0.987810 0.000000
v 0.490001 -0.995687 0.055095
v 0.500000 -0.988189 0.000000
v 0.500001 -0.995763 0.058064
v 0.510044 -0.987811 0.000000
v 0.510003 -0.995717 0.060833
v 0.520033 -0.995402 0.064449
v 0.530004 -0.995342 0.074094
v 0.540000 -0.995313 0.077940
v 0.550000 -0.995287 0.080832
v 0.560000 -0.995283 0.082364
v 0.570000 -0.995283 0.083256
v 0.580000 -0.995283 0.084111
v 0.590000 -0.995286 0.084755
v 0.600001 -0.995310 0.085812
v 0.610000 -0.995312 0.089584
v 0.620000 -0.995312 0.094129
v 0.630000 -0.995312 0.098957
v 0.640000 -0.995312 0.103655
v 0.650000 -0.995312 0.107626
v 0.660000 -0.995312 0.108923
v 0.670000 -0.995313 0.105473
v 0.680000 -0.995313 0.100071
v 0.689999 -0.995312 0.093398
v 0.699973 -0.995312 0.083379
v 0.709581 -0.995312 0.061700
v 0.716476 -0.995311 0.000000
v 0.890423 -0.995312 0.061679
v 0.883563 -0.995312 0.000000
v 0.900027 -0.995312 0.083384
v 0.910001 -0.995313 0.093419
v 0.920000 -0.995312 0.100133
v 0.930000 -0.995312 0.105709
v 0.940000 -0.995312 0.110338
v 0.950000 -0.995312 0.113137
v 0.960000 -0.995312 0.113569
v 0.970000 -0.995312 0.112281
v 0.980000 -0.995313 0.109385
v 0.990000 -0.995313 0.105261
v 1.000000 -0.995312 0.100380
v 1.010000 -0.995312 0.094902
v 1.019999 -0.995312 0.087998
v 1.029971 -0.995308 0.076078
v 1.039553 -0.995231 0.050650
v 1.046246 -0.994631 0.000000
v 0.130471 -1.006172 0.049047
v 0.123775 -1.005629 0.000000
v 0.140031 -1.006246 0.074844
v 0.150001 -1.006250 0.087141
v 0.160000 -1.006250 0.094726
v 0.170000 -1.006250 0.100852
v 0.180000 -1.006250 0.106277
v 0.190000 -1.006250 0.111312
v 0.200000 -1.006250 0.116140
v 0.210000 -1.006250 0.120878
v 0.220000 -1.006250 0.125604
v 0.230000 -1.006250 0.130353
v 0.240000 -1.006250 0.134891
v 0.250000 -1.006250 0.137572
v 0.260000 -1.006250 0.134738
v 0.270000 -1.006250 0.130142
v 0.280000 -1.006250 0.125366
v 0.290000 -1.006250 0.120609
v 0.300000 -1.006250 0.115828
v 0.310000 -1.006250 0.110933
v 0.320000 -1.006250 0.105785
v 0.330000 -1.006250 0.100141
v 0.339999 -1.006250 0.093425
v 0.349973 -1.006250 0.083397
v 0.359584 -1.006250 0.061732
v 0.366515 -1.006249 0.000000
v 0.450632 -1.002144 0.000000
v 0.444040 -1.001101 0.000000
v 0.460060 -1.002375 0.000000
v 0.470046 -1.002813 0.000000
v 0.480469 -1.005292 0.000000
v 0.490079 -1.005821 0.047882
v 0.500037 -1.006187 0.059238
v 0.510004 -1.006243 0.071196
v 0.520001 -1.006224 0.076011
v 0.529996 -1.006217 0.073918
v 0.539967 -1.006160 0.064809
v 0.549997 -1.005844 0.062759
v 0.560000 -1.005791 0.062627
v 0.570000 -1.005788 0.062702
v 0.580000 -1.005791 0.062832
v 0.590002 -1.005848 0.063279
v 0.600023 -1.006199 0.066391
v 0.610003 -1.006247 0.079399
v 0.620000 -1.006250 0.088803
v 0.630000 -1.006250 0.095677
v 0.640000 -1.006250 0.101448
v 0.650000 -1.006250 0.106169
v 0.660000 -1.006250 0.108135
v 0.670000 -1.006250 0.104944
v 0.680000 -1.006250 0.099681
v 0.689999 -1.006250 0.093164
v 0.699973 -1.006250 0.083212
v 0.709577 -1.006250 0.061542
v 0.716436 -1.006247 0.000000
v 0.890423 -1.006250 0.061678
v 0.883565 -1.006250 0.000000
v 0.900027 -1.006250 0.083384
v 0.910001 -1.006250 0.093419
v 0.920000 -1.006250 0.100137
v 0.930000 -1.006250 0.105773
v 0.940000 -1.006250 0.110802
v 0.950000 -1.006250 0.114911
v 0.960000 -1.006250 0.116738
v 0.970000 -1.006250 0.114706
v 0.980000 -1.006250 0.110653
v 0.990000 -1.006250 0.105794
v 1.000000 -1.006250 0.100310
v 1.010000 -1.006250 0.093848
v 1.019999 -1.006249 0.084535
v 1.029961 -1.006217 0.065287
v 1.039425 -1.005772 0.000000
v 1.045345 -1.001916 0.000000
v 0.130882 -1.016673 0.000000
v 0.124699 -1.012855 0.000000
v 0.140082 -1.017152 0.064765
v 0.150004 -1.017186 0.084300
v 0.160000 -1.017187 0.093765
v 0.170000 -1.017187 0.100336
v 0.180000 -1.017187 0.105922
v 0.190000 -1.017187 0.111039
v 0.200000 -1.017187 0.115915
v 0.210000 -1.017187 0.120685
v 0.220000 -1.017187 0.125433
v 0.230000 -1.017187 0.130201
v 0.240000 -1.017187 0.134778
v 0.250000 -1.017187 0.137540
v 0.260000 -1.017187 0.134740
v 0.270000 -1.017187 0.130150
v 0.280000 -1.017187 0.125376
v 0.290000 -1.017187 0.120620
v 0.300000 -1.017187 0.115840
v 0.310000 -1.017187 0.110948
v 0.320000 -1.017187 0.105804
v 0.330000 -1.017187 0.100168
v 0.339999 -1.017187 0.093469
v 0.349975 -1.017188 0.083501
v 0.359632 -1.017190 0.062125
v 0.366903 -1.017222 0.000000
v 0.490669 -1.013543 0.000000
v 0.483968 -1.012113 0.000000
v 0.500514 -1.016207 0.000000
v 0.510077 -1.016675 0.050303
v 0.520000 -1.016720 0.058395
v 0.529924 -1.016675 0.050596
v 0.539530 -1.016221 0.000000
v 0.549957 -1.013750 0.000000
v 0.559998 -1.013331 0.000000
v 0.570000 -1.013293 0.000000
v 0.580002 -1.013333 0.000000
v 0.590031 -1.013801 0.000000
v 0.600344 -1.016812 0.000000
v 0.610047 -1.017163 0.065501
v 0.620003 -1.017187 0.084501
v 0.630000 -1.017187 0.093870
v 0.640000 -1.017187 0.100317
v 0.650000 -1.017187 0.105101
v 0.660000 -1.017187 0.106563
v 0.670000 -1.017187 0.103238
v 0.680000 -1.017187 0.098125
v 0.689999 -1.017187 0.091859
v 0.699973 -1.017187 0.081919
v 0.709575 -1.017182 0.059994
v 0.716417 -1.017124 0.000000
v 0.890423 -1.017187 0.061678
v 0.883565 -1.017187 0.000000
v 0.900027 -1.017187 0.083384
v 0.910001 -1.017187 0.093419
v 0.920000 -1.017187 0.100137
v 0.930000 -1.017187 0.105781
v 0.940000 -1.017187 0.110899
v 0.950000 -1.017187 0.115443
v 0.960000 -1.017187 0.117984
v 0.970000 -1.017187 0.115519
v 0.980000 -1.017187 0.111034
v 0.990000 -1.017187 0.105984
v 1.000000 -1.017187 0.100432
v 1.010000 -1.017187 0.093914
v 1.019999 -1.017189 0.084557
v 1.029961 -1.017221 0.065298
v 1.039425 -1.017666 0.000000
v 0.140368 -1.028122 0.062098
v 0.133105 -1.028080 0.000000
v 0.150025 -1.028125 0.083494
v 0.160001 -1.028125 0.093465
v 0.170000 -1.028125 0.100165
v 0.180000 -1.028125 0.105802
v 0.190000 -1.028125 0.110946
v 0.200000 -1.028125 0.115839
v 0.210000 -1.028125 0.120619
v 0.220000 -1.028125 0.125374
v 0.230000 -1.028125 0.130149
v 0.240000 -1.028125 0.134739
v 0.250000 -1.028125 0.137544
v 0.260000 -1.028125 0.134800
v 0.270000 -1.028125 0.130229
v 0.280000 -1.028125 0.125463
v 0.290000 -1.028125 0.120719
v 0.300000 -1.028125 0.115954
v 0.310000 -1.028125 0.111085
v 0.320000 -1.028125 0.105979
v 0.330000 -1.028125 0.100413
v 0.340000 -1.028125 0.093876
v 0.349997 -1.028126 0.084499
v 0.359952 -1.028151 0.065454
v 0.369609 -1.028516 0.000000
v 0.510623 -1.024015 0.000000
v 0.503968 -1.022985 0.000000
v 0.520000 -1.024186 0.000000
v 0.529377 -1.024015 0.000000
v 0.536035 -1.022986 0.000000
v 0.610368 -1.028123 0.062126
v 0.603097 -1.028092 0.000000
v 0.620025 -1.028125 0.083500
v 0.630001 -1.028125 0.093460
v 0.640000 -1.028125 0.100027
v 0.650000 -1.028125 0.104587
v 0.660000 -1.028125 0.105189
v 0.670000 -1.028125 0.101285
v 0.680000 -1.028125 0.095556
v 0.689999 -1.028125 0.088291
v 0.699969 -1.028121 0.076232
v 0.709532 -1.028042 0.050726
v 0.716244 -1.027440 0.000000
v 0.763873 -1.022357 0.000000
v 0.769906 -1.021505 0.000000
v 0.769620 -1.028677 0.036747
v 0.760487 -1.029109 0.000000
v 0.775411 -1.022332 0.000000
v 0.776255 -1.028917 0.000000
v 0.890423 -1.028125 0.061679
v 0.883563 -1.028125 0.000000
v 0.900027 -1.028125 0.083384
v 0.910001 -1.028125 0.093419
v 0.920000 -1.028125 0.100138
v 0.930000 -1.028125 0.105782
v 0.940000 -1.028125 0.110912
v 0.950000 -1.028125 0.115545
v 0.960000 -1.028125 0.118353
v 0.970000 -1.028125 0.116052
v 0.980000 -1.028125 0.111662
v 0.990000 -1.028125 0.106752
v 1.000000 -1.028125 0.101466
v 1.010000 -1.028125 0.095567
v 1.019999 -1.028125 0.088297
v 1.029971 -1.028129 0.076254
v 1.039553 -1.028207 0.050787
v 1.045345 -1.021522 0.000000
v 1.046247 -1.028810 0.000000
v 0.140368 -1.039065 0.062107
v 0.133105 -1.039108 0.000000
v 0.150025 -1.039062 0.083504
v 0.160001 -1.039062 0.093471
v 0.170000 -1.039062 0.100170
v 0.180000 -1.039062 0.105806
v 0.190000 -1.039062 0.110949
v 0.200000 -1.039062 0.115841
v 0.210000 -1.039062 0.120621
v 0.220000 -1.039062 0.125376
v 0.230000 -1.039062 0.130151
v 0.240000 -1.039062 0.134751
v 0.250000 -1.039062 0.137623
v 0.260000 -1.039062 0.135075
v 0.270000 -1.039062 0.130587
v 0.280000 -1.039062 0.125865
v 0.290000 -1.039062 0.121168
v 0.300000 -1.039062 0.116472
v 0.310000 -1.039062 0.111706
v 0.320000 -1.039062 0.106767
v 0.330000 -1.039062 0.101503
v 0.340000 -1.039062 0.095672
v 0.350000 -1.039062 0.088765
v 0.359997 -1.039065 0.079049
v 0.369950 -1.039116 0.063561
v 0.379256 -1.031718 0.000000
v 0.379595 -1.039505 0.048026
v 0.385384 -1.033174 0.000000
v 0.386715 -1.039877 0.000000
v 0.610419 -1.039062 0.061706
v 0.603524 -1.039061 0.000000
v 0.620027 -1.039062 0.083390
v 0.630001 -1.039062 0.093412
v 0.640000 -1.039062 0.099978
v 0.650000 -1.039062 0.104402
v 0.660000 -1.039062 0.104533
v 0.670000 -1.039062 0.100245
v 0.680000 -1.039062 0.093861
v 0.689996 -1.039061 0.084450
v 0.699920 -1.039027 0.064943
v 0.709145 -1.038550 0.000000
v 0.715304 -1.034726 0.000000
v 0.744676 -1.033175 0.000000
v 0.750762 -1.031770 0.000000
v 0.750456 -1.039506 0.047220
v 0.743716 -1.039847 0.000000
v 0.760035 -1.039155 0.059255
v 0.769584 -1.039100 0.054747
v 0.776458 -1.039134 0.000000
v 0.890419 -1.039062 0.061705
v 0.883526 -1.039065 0.000000
v 0.900027 -1.039062 0.083390
v 0.910001 -1.039062 0.093422
v 0.920000 -1.039062 0.100139
v 0.930000 -1.039062 0.105783
v 0.940000 -1.039062 0.110916
v 0.950000 -1.039062 0.115586
v 0.960000 -1.039062 0.118626
v 0.970000 -1.039062 0.116931
v 0.980000 -1.039062 0.112906
v 0.990000 -1.039062 0.108299
v 1.000000 -1.039062 0.103386
v 1.010000 -1.039062 0.098088
v 1.019999 -1.039062 0.091837
v 1.029973 -1.039063 0.081908
v 1.039575 -1.039068 0.059991
v 1.046417 -1.039126 0.000000
v 0.140082 -1.050036 0.064919
v 0.130882 -1.050514 0.000000
v 0.150004 -1.050001 0.084445
v 0.160000 -1.050000 0.093869
v 0.170000 -1.050000 0.100411
v 0.180000 -1.050000 0.105979
v 0.190000 -1.050000 0.111085
v 0.200000 -1.050000 0.115954
v 0.210000 -1.050000 0.120718
v 0.220000 -1.050000 0.125463
v 0.230000 -1.050000 0.130232
v 0.240000 -1.050000 0.134846
v 0.250000 -1.050000 0.137855
v 0.260000 -1.050000 0.135727
v 0.270000 -1.050000 0.131427
v 0.280000 -1.050000 0.126799
v 0.290000 -1.050000 0.122209
v 0.300000 -1.050000 0.117659
v 0.310000 -1.050000 0.113100
v 0.320000 -1.050000 0.108478
v 0.330000 -1.050000 0.103739
v 0.340000 -1.050000 0.098852
v 0.350000 -1.050000 0.093809
v 0.360000 -1.050000 0.088268
v 0.369997 -1.050004 0.080007
v 0.379952 -1.050054 0.063140
v 0.389640 -1.050429 0.000000
v 0.610423 -1.050000 0.061680
v 0.603561 -1.050000 0.000000
v 0.620027 -1.050000 0.083384
v 0.630001 -1.050000 0.093409
v 0.640000 -1.050000 0.099973
v 0.650000 -1.050000 0.104370
v 0.660000 -1.050000 0.104401
v 0.670000 -1.050000 0.100033
v 0.679999 -1.050000 0.093507
v 0.689978 -1.050000 0.083612
v 0.699681 -1.050000 0.062491
v 0.707281 -1.050000 0.000000
v 0.750372 -1.050033 0.059250
v 0.743158 -1.050117 0.000000
v 0.760001 -1.050004 0.073818
v 0.769633 -1.050003 0.060528
v 0.776903 -1.050037 0.000000
v 0.890371 -1.050003 0.062082
v 0.883143 -1.050048 0.000000
v 0.900025 -1.050000 0.083498
v 0.910001 -1.050000 0.093468
v 0.920000 -1.050000 0.100168
v 0.930000 -1.050000 0.105804
v 0.940000 -1.050000 0.110934
v 0.950000 -1.050000 0.115632
v 0.960000 -1.050000 0.118854
v 0.970000 -1.050000 0.117673
v 0.980000 -1.050000 0.113952
v 0.990000 -1.050000 0.109515
v 1.000000 -1.050000 0.104629
v 1.010000 -1.050000 0.099260
v 1.019999 -1.050000 0.092911
v 1.029973 -1.050000 0.083040
v 1.039577 -1.050000 0.061404
v 1.046433 -1.050000 0.000000
v 0.124698 -1.054337 0.000000
v 0.130469 -1.061021 0.050724
v 0.123755 -1.061623 0.000000
v 0.140031 -1.060942 0.076231
v 0.150001 -1.060938 0.088291
v 0.160000 -1.060938 0.095568
v 0.170000 -1.060938 0.101469
v 0.180000 -1.060938 0.106758
v 0.190000 -1.060938 0.111701
v 0.200000 -1.060938 0.116467
v 0.210000 -1.060938 0.121164
v 0.220000 -1.060938 0.125861
v 0.230000 -1.060938 0.130598
v 0.240000 -1.060938 0.135213
v 0.250000 -1.060938 0.138388
v 0.260000 -1.060938 0.136803
v 0.270000 -1.060938 0.132746
v 0.280000 -1.060938 0.128244
v 0.290000 -1.060938 0.123790
v 0.300000 -1.060938 0.119413
v 0.310000 -1.060938 0.115050
v 0.320000 -1.060938 0.110688
v 0.330000 -1.060938 0.106341
v 0.340000 -1.060938 0.102034
v 0.350000 -1.060938 0.097720
v 0.360000 -1.060938 0.092968
v 0.370000 -1.060938 0.086915
v 0.379997 -1.060941 0.078095
v 0.389977 -1.060989 0.065383
v 0.399911 -1.053409 0.000000
v 0.399993 -1.061343 0.060697
v 0.409372 -1.054064 0.000000
v 0.409924 -1.061447 0.050795
v 0.416035 -1.055135 0.000000
v 0.419527 -1.061905 0.000000
v 0.610420 -1.060938 0.061705
v 0.603526 -1.060940 0.000000
v 0.620027 -1.060938 0.083390
v 0.630001 -1.060938 0.093412
v 0.640000 -1.060938 0.099978
v 0.650000 -1.060937 0.104402
v 0.660000 -1.060937 0.104533
v 0.670000 -1.060937 0.100247
v 0.680000 -1.060937 0.093867
v 0.689996 -1.060939 0.084473
v 0.699924 -1.060973 0.065056
v 0.709216 -1.061449 0.000000
v 0.750079 -1.060974 0.064180
v 0.740814 -1.061453 0.000000
v 0.760001 -1.060940 0.078097
v 0.769954 -1.060962 0.064750
v 0.779656 -1.061313 0.000000
v 0.890083 -1.060973 0.064918
v 0.880884 -1.061452 0.000000
v 0.900004 -1.060939 0.084444
v 0.910000 -1.060938 0.093869
v 0.920000 -1.060937 0.100411
v 0.930000 -1.060937 0.105979
v 0.940000 -1.060937 0.111068
v 0.950000 -1.060937 0.115699
v 0.960000 -1.060937 0.118660
v 0.970000 -1.060938 0.116921
v 0.980000 -1.060938 0.112897
v 0.990000 -1.060938 0.108294
v 1.000000 -1.060937 0.103383
v 1.010000 -1.060937 0.098087
v 1.019999 -1.060937 0.091836
v 1.029972 -1.060937 0.081907
v 1.039575 -1.060932 0.059988
v 1.046417 -1.060874 0.000000
v 0.130422 -1.071880 0.060019
v 0.123545 -1.071941 0.000000
v 0.140027 -1.071875 0.081924
v 0.150001 -1.071875 0.091859
v 0.160000 -1.071875 0.098136
v 0.170000 -1.071875 0.103451
v 0.180000 -1.071875 0.108372
v 0.190000 -1.071875 0.113027
v 0.200000 -1.071875 0.117588
v 0.210000 -1.071875 0.122143
v 0.220000 -1.071875 0.126740
v 0.230000 -1.071875 0.131404
v 0.240000 -1.071875 0.135987
v 0.250000 -1.071875 0.139278
v 0.260000 -1.071875 0.138117
v 0.270000 -1.071875 0.134218
v 0.280000 -1.071875 0.129761
v 0.290000 -1.071875 0.125347
v 0.300000 -1.071875 0.120993
v 0.310000 -1.071875 0.116569
v 0.320000 -1.071875 0.112048
v 0.330000 -1.071875 0.107445
v 0.340000 -1.071875 0.102737
v 0.350000 -1.071875 0.097871
v 0.360000 -1.071875 0.092738
v 0.370000 -1.071875 0.087341
v 0.379999 -1.071872 0.082031
v 0.389999 -1.071854 0.078826
v 0.400001 -1.071899 0.077498
v 0.409996 -1.071909 0.074247
v 0.419967 -1.071965 0.065029
v 0.429899 -1.064396 0.000000
v 0.429992 -1.072284 0.061183
v 0.439371 -1.065004 0.000000
v 0.439922 -1.072385 0.051051
v 0.446031 -1.066074 0.000000
v 0.449486 -1.072857 0.000000
v 0.610371 -1.071878 0.062088
v 0.603140 -1.071923 0.000000
v 0.620025 -1.071875 0.083498
v 0.630001 -1.071875 0.093460
v 0.640000 -1.071875 0.100027
v 0.650000 -1.071875 0.104588
v 0.660000 -1.071875 0.105198
v 0.670000 -1.071875 0.101322
v 0.680000 -1.071875 0.095650
v 0.690000 -1.071875 0.088567
v 0.699994 -1.071879 0.077306
v 0.709914 -1.071948 0.054697
v 0.716015 -1.065253 0.000000
v 0.719561 -1.072423 0.000000
v 0.733987 -1.065253 0.000000
v 0.740087 -1.071948 0.054660
v 0.730439 -1.072423 0.000000
v 0.750006 -1.071879 0.076839
v 0.760000 -1.071875 0.084740
v 0.769997 -1.071878 0.078909
v 0.779977 -1.071926 0.066331
v 0.789967 -1.064325 0.000000
v 0.789998 -1.072278 0.063061
v 0.799940 -1.064812 0.000000
v 0.799994 -1.072337 0.060758
v 0.809369 -1.065046 0.000000
v 0.809888 -1.072399 0.050335
v 0.815965 -1.066097 0.000000
v 0.818988 -1.072981 0.000000
v 0.874698 -1.065274 0.000000
v 0.880469 -1.071958 0.050723
v 0.873757 -1.072560 0.000000
v 0.890031 -1.071879 0.076231
v 0.900001 -1.071875 0.088291
v 0.910000 -1.071875 0.095568
v 0.920000 -1.071875 0.101469
v 0.930000 -1.071875 0.106757
v 0.940000 -1.071875 0.111670
v 0.950000 -1.071875 0.116059
v 0.960000 -1.071875 0.118382
v 0.970000 -1.071875 0.115898
v 0.980000 -1.071875 0.111548
v 0.990000 -1.071875 0.106676
v 1.000000 -1.071875 0.101412
v 1.010000 -1.071875 0.095541
v 1.019999 -1.071875 0.088279
v 1.029969 -1.071871 0.076225
v 1.039531 -1.071792 0.050722
v 1.046244 -1.071190 0.000000
v 0.130371 -1.082816 0.061900
v 0.123141 -1.082863 0.000000
v 0.140025 -1.082813 0.083293
v 0.150001 -1.082813 0.093155
v 0.160000 -1.082813 0.099646
v 0.170000 -1.082813 0.105116
v 0.180000 -1.082813 0.110033
v 0.190000 -1.082813 0.114496
v 0.200000 -1.082813 0.118858
v 0.210000 -1.082813 0.123261
v 0.220000 -1.082813 0.127749
v 0.230000 -1.082813 0.132332
v 0.240000 -1.082813 0.136855
v 0.250000 -1.082813 0.140118
v 0.260000 -1.082813 0.138978
v 0.270000 -1.082813 0.134938
v 0.280000 -1.082813 0.130268
v 0.290000 -1.082813 0.125605
v 0.300000 -1.082813 0.120988
v 0.310000 -1.082813 0.116333
v 0.320000 -1.082813 0.111577
v 0.330000 -1.082813 0.106641
v 0.340000 -1.082813 0.101382
v 0.350000 -1.082813 0.095556
v 0.360000 -1.082812 0.088646
v 0.369998 -1.082810 0.079130
v 0.379977 -1.082765 0.065956
v 0.390000 -1.082470 0.062972
v 0.400023 -1.082764 0.065212
v 0.410002 -1.082811 0.076147
v 0.419999 -1.082817 0.081318
v 0.430000 -1.082839 0.082162
v 0.439996 -1.082847 0.076597
v 0.449962 -1.082906 0.063923
v 0.459326 -1.075523 0.000000
v 0.459888 -1.083279 0.050973
v 0.465966 -1.076971 0.000000
v 0.469059 -1.083916 0.000000
v 0.610079 -1.082848 0.065029
v 0.600817 -1.083330 0.000000
v 0.620004 -1.082814 0.084467
v 0.630000 -1.082813 0.093869
v 0.640000 -1.082813 0.100318
v 0.650000 -1.082813 0.105115
v 0.660000 -1.082813 0.106660
v 0.670000 -1.082813 0.103572
v 0.680000 -1.082813 0.098868
v 0.690000 -1.082813 0.093570
v 0.700000 -1.082813 0.087159
v 0.709996 -1.082817 0.077707
v 0.719970 -1.082851 0.066343
v 0.730030 -1.082851 0.066334
v 0.740004 -1.082817 0.077643
v 0.750000 -1.082813 0.086759
v 0.760000 -1.082813 0.091039
v 0.770000 -1.082813 0.088963
v 0.779999 -1.082815 0.085482
v 0.790000 -1.082839 0.084110
v 0.799999 -1.082843 0.081446
v 0.809967 -1.082848 0.072378
v 0.819519 -1.082930 0.048588
v 0.825281 -1.076284 0.000000
v 0.826223 -1.083440 0.000000
v 0.880425 -1.082818 0.059994
v 0.873584 -1.082876 0.000000
v 0.890028 -1.082813 0.081919
v 0.900001 -1.082813 0.091859
v 0.910000 -1.082813 0.098140
v 0.920000 -1.082813 0.103456
v 0.930000 -1.082813 0.108376
v 0.940000 -1.082813 0.112948
v 0.950000 -1.082813 0.116691
v 0.960000 -1.082813 0.117626
v 0.970000 -1.082813 0.114631
v 0.980000 -1.082813 0.110289
v 0.990000 -1.082813 0.105385
v 1.000000 -1.082813 0.099969
v 1.010000 -1.082813 0.093614
v 1.019996 -1.082811 0.084273
v 1.029917 -1.082777 0.064781
v 1.039115 -1.082296 0.000000
v 1.045302 -1.078475 0.000000
v 0.003625 -1.088255 0.000000
v 0.006379 -1.088255 0.000000
v 0.006921 -1.094603 0.000000
v 0.003123 -1.094601 0.000000
v 0.130079 -1.093786 0.064175
v 0.120815 -1.094261 0.000000
v 0.140004 -1.093751 0.083965
v 0.150000 -1.093750 0.093270
v 0.160000 -1.093750 0.099658
v 0.170000 -1.093750 0.105117
v 0.180000 -1.093750 0.110033
v 0.190000 -1.093750 0.114496
v 0.200000 -1.093750 0.118858
v 0.210000 -1.093750 0.123261
v 0.220000 -1.093750 0.127748
v 0.230000 -1.093750 0.132331
v 0.240000 -1.093750 0.136855
v 0.250000 -1.093750 0.140133
v 0.260000 -1.093750 0.139051
v 0.270000 -1.093750 0.134964
v 0.280000 -1.093750 0.130206
v 0.290000 -1.093750 0.125437
v 0.300000 -1.093750 0.120703
v 0.310000 -1.093750 0.115944
v 0.320000 -1.093750 0.111076
v 0.330000 -1.093750 0.105971
v 0.340000 -1.093750 0.100405
v 0.350000 -1.093750 0.093869
v 0.359998 -1.093749 0.084492
v 0.369954 -1.093726 0.065487
v 0.379658 -1.093408 0.000000
v 0.390001 -1.090872 0.000000
v 0.400356 -1.093360 0.000000
v 0.410049 -1.093721 0.063442
v 0.420003 -1.093749 0.081774
v 0.430000 -1.093751 0.088401
v 0.440000 -1.093751 0.087897
v 0.449999 -1.093754 0.083535
v 0.459992 -1.093783 0.074912
v 0.469901 -1.093886 0.054144
v 0.475988 -1.087254 0.000000
v 0.479484 -1.094659 0.000000
v 0.594054 -1.087197 0.000000
v 0.600121 -1.093857 0.054160
v 0.590942 -1.094781 0.000000
v 0.610007 -1.093755 0.077269
v 0.620000 -1.093750 0.088566
v 0.630000 -1.093750 0.095660
v 0.640000 -1.093750 0.101462
v 0.650000 -1.093750 0.106276
v 0.660000 -1.093750 0.108682
v 0.670000 -1.093750 0.106467
v 0.680000 -1.093750 0.102561
v 0.690000 -1.093750 0.098214
v 0.700000 -1.093750 0.093657
v 0.710000 -1.093750 0.089189
v 0.719999 -1.093751 0.085639
v 0.730001 -1.093751 0.085531
v 0.740000 -1.093750 0.088739
v 0.750000 -1.093750 0.092498
v 0.760000 -1.093750 0.095085
v 0.770000 -1.093750 0.094145
v 0.780000 -1.093750 0.092218
v 0.790000 -1.093751 0.090145
v 0.799999 -1.093750 0.085498
v 0.809969 -1.093746 0.074389
v 0.819528 -1.093672 0.048990
v 0.826225 -1.093129 0.000000
v 0.880423 -1.093750 0.061541
v 0.873566 -1.093753 0.000000
v 0.890027 -1.093750 0.083212
v 0.900001 -1.093750 0.093165
v 0.910000 -1.093750 0.099697
v 0.920000 -1.093750 0.105192
v 0.930000 -1.093750 0.110136
v 0.940000 -1.093750 0.114467
v 0.950000 -1.093750 0.117337
v 0.960000 -1.093750 0.116437
v 0.970000 -1.093750 0.112776
v 0.980000 -1.093750 0.108298
v 0.990000 -1.093750 0.103423
v 1.000000 -1.093750 0.098147
v 1.009999 -1.093750 0.091897
v 1.019975 -1.093750 0.082027
v 1.029626 -1.093741 0.060397
v 1.036838 -1.093639 0.000000
v 0.007407 -1.104810 0.000000
v 0.003083 -1.104767 0.000000
v 0.113989 -1.098061 0.000000
v 0.120121 -1.104697 0.039586
v 0.110477 -1.105163 0.000000
v 0.130010 -1.104686 0.069738
v 0.140000 -1.104687 0.084652
v 0.150000 -1.104687 0.092352
v 0.160000 -1.104687 0.098193
v 0.170000 -1.104687 0.103455
v 0.180000 -1.104687 0.108372
v 0.190000 -1.104687 0.113027
v 0.200000 -1.104687 0.117589
v 0.210000 -1.104687 0.122143
v 0.220000 -1.104687 0.126740
v 0.230000 -1.104687 0.131406
v 0.240000 -1.104687 0.136013
v 0.250000 -1.104687 0.139486
v 0.260000 -1.104687 0.138850
v 0.270000 -1.104687 0.134909
v 0.280000 -1.104687 0.130159
v 0.290000 -1.104687 0.125374
v 0.300000 -1.104687 0.120619
v 0.310000 -1.104687 0.115840
v 0.320000 -1.104687 0.110947
v 0.330000 -1.104687 0.105804
v 0.340000 -1.104687 0.100168
v 0.349999 -1.104687 0.093468
v 0.359975 -1.104687 0.083500
v 0.369632 -1.104685 0.062126
v 0.376904 -1.104656 0.000000
v 0.410414 -1.104602 0.051143
v 0.403287 -1.103972 0.000000
v 0.420028 -1.104683 0.076196
v 0.430001 -1.104687 0.087497
v 0.440000 -1.104687 0.091991
v 0.450000 -1.104688 0.091645
v 0.460000 -1.104689 0.086785
v 0.469995 -1.104696 0.077487
v 0.479963 -1.104777 0.064045
v 0.489331 -1.097393 0.000000
v 0.489921 -1.105144 0.051448
v 0.496032 -1.098825 0.000000
v 0.499530 -1.105650 0.000000
v 0.584009 -1.098184 0.000000
v 0.590098 -1.104819 0.054246
v 0.580473 -1.105581 0.000000
v 0.600008 -1.104696 0.075608
v 0.610000 -1.104688 0.086938
v 0.620000 -1.104687 0.093568
v 0.630000 -1.104687 0.098894
v 0.640000 -1.104687 0.103751
v 0.650000 -1.104687 0.107965
v 0.660000 -1.104687 0.110135
v 0.670000 -1.104687 0.108341
v 0.680000 -1.104687 0.104842
v 0.690000 -1.104687 0.101049
v 0.700000 -1.104687 0.097511
v 0.710000 -1.104687 0.094545
v 0.720000 -1.104687 0.092493
v 0.730000 -1.104687 0.091751
v 0.740000 -1.104686 0.092193
v 0.750000 -1.104686 0.093036
v 0.760000 -1.104686 0.093438
v 0.770000 -1.104686 0.091869
v 0.780000 -1.104686 0.088536
v 0.789999 -1.104683 0.084454
v 0.799996 -1.104659 0.079070
v 0.809916 -1.104620 0.062403
v 0.819102 -1.104121 0.000000
v 0.825299 -1.100352 0.000000
v 0.880423 -1.104687 0.061673
v 0.873565 -1.104688 0.000000
v 0.890027 -1.104687 0.083372
v 0.900001 -1.104687 0.093395
v 0.910000 -1.104687 0.100082
v 0.920000 -1.104687 0.105697
v 0.930000 -1.104687 0.110741
v 0.940000 -1.104687 0.115010
v 0.950000 -1.104687 0.117038
v 0.960000 -1.104687 0.114773
v 0.970000 -1.104687 0.110698
v 0.980000 -1.104687 0.106107
v 0.990000 -1.104687 0.101021
v 1.000000 -1.104687 0.095315
v 1.009999 -1.104687 0.088122
v 1.019969 -1.104683 0.076101
v 1.029534 -1.104603 0.050725
v 1.036282 -1.104000 0.000000
v 0.009546 -1.116143 0.000000
v 0.003445 -1.115676 0.000000
v 0.084976 -1.108648 0.000000
v 0.090780 -1.108055 0.000000
v 0.090778 -1.112211 0.000000
v 0.084976 -1.111661 0.000000
v 0.100112 -1.107525 0.000000
v 0.100075 -1.112295 0.000000
v 0.110090 -1.112316 0.000000
v 0.120474 -1.114744 0.000000
v 0.130067 -1.115530 0.053507
v 0.140004 -1.115620 0.077023
v 0.150000 -1.115625 0.088426
v 0.160000 -1.115625 0.095583
v 0.170000 -1.115625 0.101471
v 0.180000 -1.115625 0.106759
v 0.190000 -1.115625 0.111702
v 0.200000 -1.115625 0.116468
v 0.210000 -1.115625 0.121165
v 0.220000 -1.115625 0.125862
v 0.230000 -1.115625 0.130603
v 0.240000 -1.115625 0.135284
v 0.250000 -1.115625 0.138926
v 0.260000 -1.115625 0.138690
v 0.270000 -1.115625 0.134882
v 0.280000 -1.115625 0.130151
v 0.290000 -1.115625 0.125366
v 0.300000 -1.115625 0.120609
v 0.310000 -1.115625 0.115827
v 0.320000 -1.115625 0.110932
v 0.330000 -1.115625 0.105784
v 0.340000 -1.115625 0.100139
v 0.349999 -1.115625 0.093422
v 0.359973 -1.115625 0.083390
v 0.369581 -1.115625 0.061706
v 0.376476 -1.115623 0.000000
v 0.410880 -1.115108 0.000000
v 0.404636 -1.111286 0.000000
v 0.420082 -1.115589 0.064775
v 0.430004 -1.115624 0.084131
v 0.440000 -1.115625 0.092554
v 0.450000 -1.115625 0.095415
v 0.460000 -1.115625 0.093327
v 0.470000 -1.115625 0.089132
v 0.479999 -1.115629 0.083951
v 0.489996 -1.115656 0.077025
v 0.499967 -1.115715 0.065948
v 0.509957 -1.108125 0.000000
v 0.509997 -1.116031 0.063275
v 0.519998 -1.108544 0.000000
v 0.520000 -1.116084 0.062926
v 0.530000 -1.108585 0.000000
v 0.530000 -1.116087 0.062903
v 0.540000 -1.108587 0.000000
v 0.540000 -1.116087 0.062902
v 0.550000 -1.108585 0.000000
v 0.550000 -1.116087 0.062902
v 0.560002 -1.108544 0.000000
v 0.560000 -1.116084 0.062926
v 0.570044 -1.108122 0.000000
v 0.570003 -1.116031 0.063278
v 0.580033 -1.115712 0.066014
v 0.590005 -1.115633 0.077682
v 0.600000 -1.115625 0.087028
v 0.610000 -1.115625 0.093348
v 0.620000 -1.115625 0.098359
v 0.630000 -1.115625 0.102768
v 0.640000 -1.115625 0.106649
v 0.650000 -1.115625 0.109235
v 0.660000 -1.115625 0.109160
v 0.670000 -1.115625 0.106373
v 0.680000 -1.115625 0.102636
v 0.690000 -1.115625 0.098893
v 0.700000 -1.115625 0.095519
v 0.710000 -1.115625 0.092260
v 0.720000 -1.115624 0.088684
v 0.729999 -1.115621 0.085435
v 0.740000 -1.115598 0.084740
v 0.750000 -1.115595 0.084751
v 0.760000 -1.115595 0.084605
v 0.770000 -1.115595 0.082955
v 0.779996 -1.115591 0.076851
v 0.789966 -1.115535 0.065591
v 0.799970 -1.115217 0.060423
v 0.809594 -1.115125 0.047594
v 0.816668 -1.114791 0.000000
v 0.880423 -1.115625 0.061673
v 0.873565 -1.115625 0.000000
v 0.890027 -1.115625 0.083372
v 0.900001 -1.115625 0.093395
v 0.910000 -1.115625 0.100082
v 0.920000 -1.115625 0.105694
v 0.930000 -1.115625 0.110699
v 0.940000 -1.115625 0.114703
v 0.950000 -1.115625 0.115889
v 0.960000 -1.115625 0.112881
v 0.970000 -1.115625 0.108447
v 0.980000 -1.115625 0.103630
v 0.990000 -1.115625 0.098410
v 1.000000 -1.115625 0.092309
v 1.009996 -1.115623 0.082980
v 1.019915 -1.115584 0.063240
v 1.029103 -1.115063 0.000000
v 1.035304 -1.111284 0.000000
v 0.009954 -1.126646 0.033381
v 0.003521 -1.126569 0.000000
v 0.015356 -1.119962 0.000000
v 0.016281 -1.127244 0.000000
v 0.130504 -1.126083 0.000000
v 0.123946 -1.122202 0.000000
v 0.140035 -1.126529 0.065392
v 0.150001 -1.126561 0.084571
v 0.160000 -1.126562 0.093919
v 0.170000 -1.126562 0.100441
v 0.180000 -1.126562 0.106001
v 0.190000 -1.126562 0.111102
v 0.200000 -1.126562 0.115968
v 0.210000 -1.126562 0.120731
v 0.220000 -1.126562 0.125475
v 0.230000 -1.126562 0.130250
v 0.240000 -1.126562 0.134963
v 0.250000 -1.126562 0.138678
v 0.260000 -1.126562 0.138623
v 0.270000 -1.126562 0.134874
v 0.280000 -1.126562 0.130150
v 0.290000 -1.126562 0.125365
v 0.300000 -1.126562 0.120608
v 0.310000 -1.126562 0.115826
v 0.320000 -1.126562 0.110931
v 0.330000 -1.126562 0.105783
v 0.340000 -1.126562 0.100138
v 0.349999 -1.126562 0.093419
v 0.359973 -1.126562 0.083384
v 0.369577 -1.126563 0.061679
v 0.376437 -1.126563 0.000000
v 0.420373 -1.126554 0.060396
v 0.413162 -1.126452 0.000000
v 0.430025 -1.126562 0.082006
v 0.440001 -1.126562 0.091639
v 0.450000 -1.126562 0.096502
v 0.460000 -1.126562 0.097570
v 0.470000 -1.126562 0.096049
v 0.480000 -1.126563 0.093102
v 0.490000 -1.126564 0.089360
v 0.499999 -1.126567 0.085929
v 0.510000 -1.126589 0.085125
v 0.520000 -1.126592 0.085030
v 0.530000 -1.126592 0.085019
v 0.540000 -1.126592 0.085014
v 0.550000 -1.126592 0.085012
v 0.560000 -1.126592 0.085016
v 0.570000 -1.126589 0.085104
v 0.580001 -1.126567 0.085911
v 0.590000 -1.126563 0.089440
v 0.600000 -1.126562 0.093838
v 0.610000 -1.126562 0.098349
v 0.620000 -1.126562 0.102616
v 0.630000 -1.126562 0.106451
v 0.640000 -1.126562 0.109191
v 0.650000 -1.126562 0.109239
v 0.660000 -1.126562 0.106647
v 0.670000 -1.126562 0.102767
v 0.680000 -1.126562 0.098420
v 0.690000 -1.126562 0.093816
v 0.700000 -1.126562 0.089090
v 0.709999 -1.126558 0.083862
v 0.719996 -1.126531 0.076966
v 0.729967 -1.126472 0.065913
v 0.739997 -1.126157 0.063249
v 0.750000 -1.126104 0.062900
v 0.760000 -1.126100 0.062713
v 0.769995 -1.126097 0.060919
v 0.779924 -1.126050 0.051066
v 0.789527 -1.125595 0.000000
v 0.799893 -1.123104 0.000000
v 0.809283 -1.122498 0.000000
v 0.815382 -1.121448 0.000000
v 0.880423 -1.126562 0.061541
v 0.873566 -1.126559 0.000000
v 0.890027 -1.126562 0.083212
v 0.900001 -1.126562 0.093165
v 0.910000 -1.126562 0.099697
v 0.920000 -1.126562 0.105186
v 0.930000 -1.126562 0.110053
v 0.940000 -1.126562 0.113808
v 0.950000 -1.126562 0.114646
v 0.960000 -1.126562 0.111393
v 0.970000 -1.126562 0.106676
v 0.980000 -1.126562 0.101436
v 0.990000 -1.126563 0.095575
v 0.999999 -1.126562 0.088329
v 1.009971 -1.126558 0.076339
v 1.019583 -1.126476 0.051126
v 1.026666 -1.125831 0.000000
v 0.009995 -1.137500 0.040588
v 0.003527 -1.137500 0.000000
v 0.016435 -1.137500 0.000000
v 0.140038 -1.137533 0.065304
v 0.130572 -1.137978 0.000000
v 0.150001 -1.137501 0.084558
v 0.160000 -1.137500 0.093918
v 0.170000 -1.137500 0.100441
v 0.180000 -1.137500 0.106001
v 0.190000 -1.137500 0.111102
v 0.200000 -1.137500 0.115968
v 0.210000 -1.137500 0.120731
v 0.220000 -1.137500 0.125475
v 0.230000 -1.137500 0.130250
v 0.240000 -1.137500 0.134963
v 0.250000 -1.137500 0.138678
v 0.260000 -1.137500 0.138623
v 0.270000 -1.137500 0.134874
v 0.280000 -1.137500 0.130150
v 0.290000 -1.137500 0.125365
v 0.300000 -1.137500 0.120608
v 0.310000 -1.137500 0.115826
v 0.320000 -1.137500 0.110931
v 0.330000 -1.137500 0.105783
v 0.340000 -1.137500 0.100138
v 0.349999 -1.137500 0.093419
v 0.359973 -1.137500 0.083384
v 0.369577 -1.137500 0.061679
v 0.376437 -1.137500 0.000000
v 0.420466 -1.137415 0.050725
v 0.413718 -1.136813 0.000000
v 0.430031 -1.137496 0.076099
v 0.440001 -1.137500 0.088083
v 0.450000 -1.137500 0.094939
v 0.460000 -1.137500 0.099098
v 0.470000 -1.137500 0.100439
v 0.480000 -1.137500 0.099123
v 0.490000 -1.137500 0.096993
v 0.500000 -1.137500 0.095643
v 0.510000 -1.137501 0.095285
v 0.520000 -1.137501 0.095152
v 0.530000 -1.137501 0.095053
v 0.540000 -1.137501 0.094981
v 0.550000 -1.137501 0.094948
v 0.560000 -1.137501 0.094945
v 0.570000 -1.137501 0.094976
v 0.580000 -1.137500 0.095257
v 0.590000 -1.137500 0.096532
v 0.600000 -1.137500 0.098976
v 0.610000 -1.137500 0.102241
v 0.620000 -1.137500 0.105819
v 0.630000 -1.137500 0.109058
v 0.640000 -1.137500 0.110415
v 0.650000 -1.137500 0.108015
v 0.660000 -1.137500 0.103755
v 0.670000 -1.137500 0.098894
v 0.680000 -1.137500 0.093585
v 0.690000 -1.137500 0.087161
v 0.699995 -1.137493 0.077518
v 0.709963 -1.137411 0.064041
v 0.719921 -1.137044 0.051445
v 0.729530 -1.136538 0.000000
v 0.739956 -1.134062 0.000000
v 0.749998 -1.133643 0.000000
v 0.759997 -1.133602 0.000000
v 0.769942 -1.133581 0.000000
v 0.779374 -1.133391 0.000000
v 0.786035 -1.132361 0.000000
v 0.880424 -1.137495 0.059997
v 0.873583 -1.137437 0.000000
v 0.890027 -1.137500 0.081920
v 0.900001 -1.137500 0.091860
v 0.910000 -1.137500 0.098140
v 0.920000 -1.137500 0.103450
v 0.930000 -1.137500 0.108289
v 0.940000 -1.137500 0.112185
v 0.950000 -1.137500 0.113209
v 0.960000 -1.137500 0.110107
v 0.970000 -1.137500 0.105373
v 0.980000 -1.137500 0.099970
v 0.990000 -1.137500 0.093616
v 0.999996 -1.137499 0.084276
v 1.009917 -1.137464 0.064788
v 1.019120 -1.136983 0.000000
v 1.025360 -1.133160 0.000000
v 0.009954 -1.148354 0.033381
v 0.003521 -1.148431 0.000000
v 0.016281 -1.147756 0.000000
v 0.124655 -1.141834 0.000000
v 0.130447 -1.148519 0.050787
v 0.123753 -1.149122 0.000000
v 0.140029 -1.148442 0.076254
v 0.150001 -1.148438 0.088298
v 0.160000 -1.148438 0.095571
v 0.170000 -1.148438 0.101471
v 0.180000 -1.148438 0.106760
v 0.190000 -1.148438 0.111704
v 0.200000 -1.148438 0.116471
v 0.210000 -1.148438 0.121168
v 0.220000 -1.148438 0.125866
v 0.230000 -1.148438 0.130607
v 0.240000 -1.148438 0.135288
v 0.250000 -1.148438 0.138929
v 0.260000 -1.148438 0.138690
v 0.270000 -1.148438 0.134883
v 0.280000 -1.148438 0.130151
v 0.290000 -1.148438 0.125366
v 0.300000 -1.148438 0.120609
v 0.310000 -1.148438 0.115827
v 0.320000 -1.148438 0.110932
v 0.330000 -1.148438 0.105784
v 0.340000 -1.148438 0.100139
v 0.349999 -1.148438 0.093422
v 0.359973 -1.148438 0.083390
v 0.369581 -1.148438 0.061705
v 0.376474 -1.148440 0.000000
v 0.420898 -1.147875 0.000000
v 0.414696 -1.144097 0.000000
v 0.430085 -1.148397 0.063240
v 0.440004 -1.148436 0.082977
v 0.450000 -1.148438 0.092259
v 0.460000 -1.148438 0.098013
v 0.470000 -1.148438 0.101836
v 0.480000 -1.148438 0.103252
v 0.490000 -1.148438 0.102904
v 0.500000 -1.148438 0.102207
v 0.510000 -1.148438 0.101608
v 0.520000 -1.148438 0.100836
v 0.530000 -1.148438 0.100081
v 0.540000 -1.148438 0.099512
v 0.550000 -1.148438 0.099238
v 0.560000 -1.148438 0.099184
v 0.570000 -1.148438 0.099185
v 0.580000 -1.148438 0.099258
v 0.590000 -1.148438 0.099691
v 0.600000 -1.148438 0.100968
v 0.610000 -1.148438 0.103241
v 0.620000 -1.148438 0.106180
v 0.630000 -1.148438 0.109017
v 0.640000 -1.148438 0.109839
v 0.650000 -1.148438 0.106527
v 0.660000 -1.148438 0.101490
v 0.670000 -1.148438 0.095662
v 0.680000 -1.148437 0.088567
v 0.689994 -1.148433 0.077302
v 0.699910 -1.148341 0.054597
v 0.709485 -1.147533 0.000000
v 0.719331 -1.144795 0.000000
v 0.726032 -1.143363 0.000000
v 0.880446 -1.148355 0.050800
v 0.873753 -1.147753 0.000000
v 0.890029 -1.148433 0.076255
v 0.900001 -1.148438 0.088298
v 0.910000 -1.148438 0.095570
v 0.920000 -1.148438 0.101463
v 0.930000 -1.148438 0.106642
v 0.940000 -1.148438 0.110649
v 0.950000 -1.148438 0.111368
v 0.960000 -1.148438 0.108124
v 0.970000 -1.148438 0.103412
v 0.980000 -1.148438 0.098147
v 0.989999 -1.148438 0.091897
v 0.999975 -1.148437 0.082027
v 1.009627 -1.148429 0.060397
v 1.016838 -1.148327 0.000000
v 0.009547 -1.158860 0.000000
v 0.003444 -1.159327 0.000000
v 0.015356 -1.155038 0.000000
v 0.130424 -1.159380 0.059997
v 0.123583 -1.159438 0.000000
v 0.140027 -1.159375 0.081920
v 0.150001 -1.159375 0.091860
v 0.160000 -1.159375 0.098140
v 0.170000 -1.159375 0.103456
v 0.180000 -1.159375 0.108382
v 0.190000 -1.159375 0.113051
v 0.200000 -1.159375 0.117625
v 0.210000 -1.159375 0.122190
v 0.220000 -1.159375 0.126794
v 0.230000 -1.159375 0.131459
v 0.240000 -1.159375 0.136063
v 0.250000 -1.159375 0.139526
v 0.260000 -1.159375 0.138861
v 0.270000 -1.159375 0.134913
v 0.280000 -1.159375 0.130162
v 0.290000 -1.159375 0.125376
v 0.300000 -1.159375 0.120620
v 0.310000 -1.159375 0.115840
v 0.320000 -1.159375 0.110948
v 0.330000 -1.159375 0.105804
v 0.340000 -1.159375 0.100168
v 0.349999 -1.159375 0.093468
v 0.359975 -1.159375 0.083498
v 0.369629 -1.159378 0.062082
v 0.376857 -1.159423 0.000000
v 0.430417 -1.159289 0.051126
v 0.423334 -1.158643 0.000000
v 0.440028 -1.159370 0.076345
v 0.450001 -1.159375 0.088337
v 0.460000 -1.159375 0.095548
v 0.470000 -1.159375 0.101125
v 0.480000 -1.159375 0.105153
v 0.490000 -1.159375 0.107010
v 0.500000 -1.159375 0.106458
v 0.510000 -1.159375 0.104532
v 0.520000 -1.159375 0.101671
v 0.530000 -1.159375 0.098781
v 0.540000 -1.159375 0.096500
v 0.550000 -1.159375 0.095254
v 0.560000 -1.159374 0.094976
v 0.570000 -1.159374 0.094947
v 0.580000 -1.159374 0.094985
v 0.590000 -1.159375 0.095325
v 0.600000 -1.159375 0.096784
v 0.610000 -1.159375 0.099484
v 0.620000 -1.159375 0.102978
v 0.630000 -1.159375 0.106550
v 0.640000 -1.159375 0.108425
v 0.650000 -1.159375 0.105580
v 0.660000 -1.159375 0.100380
v 0.670000 -1.159375 0.093873
v 0.679996 -1.159374 0.084467
v 0.689921 -1.159339 0.065031
v 0.699187 -1.158859 0.000000
v 0.706008 -1.155011 0.000000
v 0.880539 -1.158886 0.000000
v 0.874652 -1.155040 0.000000
v 0.890036 -1.159341 0.065338
v 0.900001 -1.159374 0.084560
v 0.910000 -1.159375 0.093918
v 0.920000 -1.159375 0.100430
v 0.930000 -1.159375 0.105833
v 0.940000 -1.159375 0.109676
v 0.950000 -1.159375 0.109568
v 0.960000 -1.159375 0.105972
v 0.970000 -1.159375 0.101011
v 0.980000 -1.159375 0.095314
v 0.989999 -1.159375 0.088122
v 0.999969 -1.159370 0.076101
v 1.009534 -1.159290 0.050725
v 1.016282 -1.158688 0.000000
v 0.007423 -1.170265 0.000000
v 0.003069 -1.170308 0.000000
v 0.130423 -1.170313 0.061541
v 0.123566 -1.170316 0.000000
v 0.140027 -1.170313 0.083212
v 0.150001 -1.170313 0.093164
v 0.160000 -1.170313 0.099694
v 0.170000 -1.170313 0.105188
v 0.180000 -1.170312 0.110145
v 0.190000 -1.170312 0.114697
v 0.200000 -1.170313 0.119146
v 0.210000 -1.170313 0.123619
v 0.220000 -1.170313 0.128152
v 0.230000 -1.170313 0.132728
v 0.240000 -1.170313 0.137225
v 0.250000 -1.170313 0.140432
v 0.260000 -1.170312 0.139171
v 0.270000 -1.170312 0.135019
v 0.280000 -1.170313 0.130244
v 0.290000 -1.170313 0.125464
v 0.300000 -1.170313 0.120719
v 0.310000 -1.170313 0.115954
v 0.320000 -1.170313 0.111085
v 0.330000 -1.170313 0.105979
v 0.340000 -1.170312 0.100411
v 0.350000 -1.170312 0.093869
v 0.359996 -1.170314 0.084444
v 0.369918 -1.170348 0.064918
v 0.379116 -1.170827 0.000000
v 0.430880 -1.169798 0.000000
v 0.424640 -1.165972 0.000000
v 0.440082 -1.170277 0.064919
v 0.450004 -1.170311 0.084436
v 0.460000 -1.170312 0.093844
v 0.470000 -1.170313 0.100307
v 0.480000 -1.170313 0.105448
v 0.490000 -1.170313 0.108448
v 0.500000 -1.170313 0.107089
v 0.510000 -1.170313 0.103395
v 0.520000 -1.170313 0.098811
v 0.530000 -1.170312 0.094053
v 0.540000 -1.170312 0.089580
v 0.549999 -1.170310 0.085932
v 0.560000 -1.170286 0.085105
v 0.570000 -1.170283 0.085021
v 0.580000 -1.170286 0.085105
v 0.590001 -1.170310 0.085938
v 0.600000 -1.170312 0.089610
v 0.610000 -1.170312 0.094134
v 0.620000 -1.170312 0.098967
v 0.630000 -1.170313 0.103579
v 0.640000 -1.170313 0.106606
v 0.650000 -1.170313 0.104960
v 0.660000 -1.170313 0.100076
v 0.669999 -1.170313 0.093463
v 0.679975 -1.170312 0.083499
v 0.689629 -1.170309 0.062089
v 0.696862 -1.170265 0.000000
v 0.890002 -1.170335 0.065881
v 0.880035 -1.170652 0.000000
v 0.900000 -1.170313 0.084614
v 0.910000 -1.170313 0.093925
v 0.920000 -1.170313 0.100424
v 0.930000 -1.170313 0.105727
v 0.940000 -1.170313 0.109018
v 0.950000 -1.170313 0.107653
v 0.960000 -1.170313 0.103505
v 0.970000 -1.170313 0.098383
v 0.980000 -1.170313 0.092297
v 0.989996 -1.170311 0.082974
v 0.999915 -1.170272 0.063240
v 1.009102 -1.169750 0.000000
v 1.015304 -1.165972 0.000000
v 0.007086 -1.181250 0.000000
v 0.003002 -1.181250 0.000000
v 0.130423 -1.181250 0.061667
v 0.123565 -1.181250 0.000000
v 0.140027 -1.181250 0.083361
v 0.150001 -1.181250 0.093373
v 0.160000 -1.181250 0.100033
v 0.170000 -1.181250 0.105629
v 0.180000 -1.181250 0.110685
v 0.190000 -1.181250 0.115371
v 0.200000 -1.181250 0.119952
v 0.210000 -1.181250 0.124536
v 0.220000 -1.181250 0.129135
v 0.230000 -1.181250 0.133689
v 0.240000 -1.181250 0.138119
v 0.250000 -1.181250 0.141176
v 0.260000 -1.181250 0.139632
v 0.270000 -1.181250 0.135383
v 0.280000 -1.181250 0.130613
v 0.290000 -1.181250 0.125866
v 0.300000 -1.181250 0.121167
v 0.310000 -1.181250 0.116470
v 0.320000 -1.181250 0.111703
v 0.330000 -1.181250 0.106759
v 0.340000 -1.181250 0.101469
v 0.350000 -1.181250 0.095568
v 0.359999 -1.181250 0.088291
v 0.369969 -1.181254 0.076231
v 0.379531 -1.181333 0.050723
v 0.385302 -1.174649 0.000000
v 0.386243 -1.181935 0.000000
v 0.440371 -1.181247 0.061944
v 0.433144 -1.181199 0.000000
v 0.450025 -1.181250 0.083326
v 0.460001 -1.181250 0.093213
v 0.470000 -1.181250 0.099709
v 0.480000 -1.181250 0.104946
v 0.490000 -1.181250 0.108077
v 0.500000 -1.181250 0.106103
v 0.510000 -1.181250 0.101426
v 0.520000 -1.181250 0.095667
v 0.530000 -1.181250 0.088798
v 0.539997 -1.181247 0.079399
v 0.549977 -1.181199 0.066399
v 0.559998 -1.180848 0.063308
v 0.570000 -1.180795 0.062951
v 0.580002 -1.180848 0.063308
v 0.590023 -1.181199 0.066399
v 0.600003 -1.181247 0.079401
v 0.610000 -1.181250 0.088803
v 0.620000 -1.181250 0.095669
v 0.630000 -1.181250 0.101323
v 0.640000 -1.181250 0.105193
v 0.650000 -1.181250 0.104571
v 0.660000 -1.181250 0.100001
v 0.669999 -1.181250 0.093416
v 0.679973 -1.181250 0.083396
v 0.689584 -1.181250 0.061731
v 0.696513 -1.181250 0.000000
v 0.844673 -1.175427 0.000000
v 0.850720 -1.174417 0.000000
v 0.850454 -1.181751 0.047204
v 0.843716 -1.182040 0.000000
v 0.860064 -1.174187 0.000000
v 0.860030 -1.181711 0.059982
v 0.870005 -1.173699 0.000000
v 0.870001 -1.181653 0.062947
v 0.880001 -1.181299 0.066431
v 0.890000 -1.181253 0.079422
v 0.900000 -1.181250 0.088810
v 0.910000 -1.181250 0.095681
v 0.920000 -1.181250 0.101456
v 0.930000 -1.181250 0.106198
v 0.940000 -1.181250 0.108343
v 0.950000 -1.181250 0.105774
v 0.960000 -1.181250 0.101013
v 0.970000 -1.181250 0.095342
v 0.979999 -1.181250 0.088169
v 0.989971 -1.181245 0.076208
v 0.999582 -1.181162 0.051102
v 1.006666 -1.180518 0.000000
v 0.007423 -1.192235 0.000000
v 0.003069 -1.192192 0.000000
v 0.130423 -1.192187 0.061541
v 0.123566 -1.192184 0.000000
v 0.140027 -1.192188 0.083212
v 0.150001 -1.192188 0.093164
v 0.160000 -1.192188 0.099694
v 0.170000 -1.192188 0.105188
v 0.180000 -1.192188 0.110145
v 0.190000 -1.192188 0.114697
v 0.200000 -1.192188 0.119146
v 0.210000 -1.192188 0.123619
v 0.220000 -1.192188 0.128152
v 0.230000 -1.192188 0.132730
v 0.240000 -1.192188 0.137255
v 0.250000 -1.192188 0.140665
v 0.260000 -1.192188 0.140029
v 0.270000 -1.192188 0.136133
v 0.280000 -1.192188 0.131468
v 0.290000 -1.192188 0.126798
v 0.300000 -1.192188 0.122193
v 0.310000 -1.192188 0.117628
v 0.320000 -1.192188 0.113053
v 0.330000 -1.192188 0.108383
v 0.340000 -1.192188 0.103456
v 0.350000 -1.192188 0.098140
v 0.359999 -1.192188 0.091859
v 0.369972 -1.192188 0.081919
v 0.379575 -1.192193 0.059994
v 0.386416 -1.192251 0.000000
v 0.440422 -1.192182 0.060020
v 0.433545 -1.192122 0.000000
v 0.450027 -1.192187 0.081925
v 0.460001 -1.192188 0.091862
v 0.470000 -1.192188 0.098126
v 0.480000 -1.192188 0.103234
v 0.490000 -1.192188 0.106554
v 0.500000 -1.192188 0.105096
v 0.510000 -1.192188 0.100316
v 0.520000 -1.192188 0.093870
v 0.529997 -1.192187 0.084501
v 0.539954 -1.192163 0.065501
v 0.549656 -1.191812 0.000000
v 0.559970 -1.188803 0.000000
v 0.570000 -1.188378 0.000000
v 0.580030 -1.188803 0.000000
v 0.590344 -1.191812 0.000000
v 0.600047 -1.192163 0.065501
v 0.610003 -1.192187 0.084501
v 0.620000 -1.192188 0.093865
v 0.630000 -1.192188 0.100242
v 0.640000 -1.192188 0.104531
v 0.650000 -1.192188 0.104419
v 0.660000 -1.192188 0.100006
v 0.669999 -1.192188 0.093458
v 0.679975 -1.192188 0.083499
v 0.689629 -1.192191 0.062089
v 0.696862 -1.192235 0.000000
v 0.850373 -1.192224 0.059729
v 0.843158 -1.192305 0.000000
v 0.860025 -1.192218 0.078265
v 0.870001 -1.192214 0.083676
v 0.880000 -1.192190 0.085730
v 0.890000 -1.192188 0.089606
v 0.900000 -1.192188 0.094148
v 0.910000 -1.192188 0.098981
v 0.920000 -1.192188 0.103651
v 0.930000 -1.192188 0.107159
v 0.940000 -1.192188 0.107133
v 0.950000 -1.192188 0.103472
v 0.960000 -1.192188 0.098400
v 0.970000 -1.192188 0.092310
v 0.979996 -1.192186 0.082983
v 0.989915 -1.192147 0.063246
v 0.999106 -1.191625 0.000000
v 1.005359 -1.187844 0.000000
v 0.009547 -1.203640 0.000000
v 0.003444 -1.203173 0.000000
v 0.130425 -1.203120 0.059994
v 0.123584 -1.203062 0.000000
v 0.140027 -1.203125 0.081919
v 0.150001 -1.203125 0.091859
v 0.160000 -1.203125 0.098140
v 0.170000 -1.203125 0.103456
v 0.180000 -1.203125 0.108382
v 0.190000 -1.203125 0.113051
v 0.200000 -1.203125 0.117625
v 0.210000 -1.203125 0.122190
v 0.220000 -1.203125 0.126794
v 0.230000 -1.203125 0.131463
v 0.240000 -1.203125 0.136129
v 0.250000 -1.203125 0.140038
v 0.260000 -1.203125 0.140733
v 0.270000 -1.203125 0.137331
v 0.280000 -1.203125 0.132799
v 0.290000 -1.203125 0.128212
v 0.300000 -1.203125 0.123670
v 0.310000 -1.203125 0.119185
v 0.320000 -1.203125 0.114723
v 0.330000 -1.203125 0.110156
v 0.340000 -1.203125 0.105193
v 0.350000 -1.203125 0.099697
v 0.359999 -1.203125 0.093165
v 0.369973 -1.203125 0.083212
v 0.379577 -1.203125 0.061541
v 0.386434 -1.203128 0.000000
v 0.440469 -1.203042 0.050723
v 0.433755 -1.202440 0.000000
v 0.450031 -1.203120 0.076226
v 0.460001 -1.203125 0.088279
v 0.470000 -1.203125 0.095532
v 0.480000 -1.203125 0.101229
v 0.490000 -1.203125 0.105117
v 0.500000 -1.203125 0.104567
v 0.510000 -1.203125 0.100025
v 0.519999 -1.203125 0.093460
v 0.529975 -1.203125 0.083500
v 0.539632 -1.203123 0.062126
v 0.546903 -1.203092 0.000000
v 0.600368 -1.203123 0.062121
v 0.593097 -1.203092 0.000000
v 0.610025 -1.203125 0.083489
v 0.620001 -1.203125 0.093435
v 0.630000 -1.203125 0.099956
v 0.640000 -1.203125 0.104362
v 0.650000 -1.203125 0.104517
v 0.660000 -1.203125 0.100243
v 0.670000 -1.203125 0.093864
v 0.679996 -1.203126 0.084467
v 0.689921 -1.203161 0.065031
v 0.699187 -1.203641 0.000000
v 0.850079 -1.203162 0.064817
v 0.840814 -1.203643 0.000000
v 0.860004 -1.203127 0.083671
v 0.870000 -1.203126 0.091332
v 0.880000 -1.203125 0.094642
v 0.890000 -1.203125 0.096905
v 0.900000 -1.203125 0.099688
v 0.910000 -1.203125 0.103122
v 0.920000 -1.203125 0.106584
v 0.930000 -1.203125 0.108436
v 0.940000 -1.203125 0.106141
v 0.950000 -1.203125 0.101385
v 0.960000 -1.203125 0.095572
v 0.969999 -1.203125 0.088329
v 0.979972 -1.203120 0.076339
v 0.989583 -1.203039 0.051126
v 0.996666 -1.202393 0.000000
v 0.009954 -1.214146 0.033490
v 0.003521 -1.214069 0.000000
v 0.015356 -1.207462 0.000000
v 0.016282 -1.214748 0.000000
v 0.130469 -1.213979 0.050723
v 0.123757 -1.213377 0.000000
v 0.140031 -1.214058 0.076231
v 0.150001 -1.214062 0.088291
v 0.160000 -1.214062 0.095568
v 0.170000 -1.214062 0.101469
v 0.180000 -1.214062 0.106759
v 0.190000 -1.214062 0.111703
v 0.200000 -1.214062 0.116470
v 0.210000 -1.214062 0.121167
v 0.220000 -1.214062 0.125865
v 0.230000 -1.214062 0.130614
v 0.240000 -1.214062 0.135397
v 0.250000 -1.214062 0.139762
v 0.260000 -1.214062 0.141696
v 0.270000 -1.214062 0.138709
v 0.280000 -1.214062 0.134234
v 0.290000 -1.214062 0.129616
v 0.300000 -1.214062 0.124947
v 0.310000 -1.214062 0.120280
v 0.320000 -1.214062 0.115599
v 0.330000 -1.214062 0.110808
v 0.340000 -1.214062 0.105706
v 0.350000 -1.214062 0.100085
v 0.359999 -1.214062 0.093396
v 0.369973 -1.214062 0.083372
v 0.379577 -1.214062 0.061673
v 0.386435 -1.214063 0.000000
v 0.440885 -1.213546 0.000000
v 0.434698 -1.209725 0.000000
v 0.450083 -1.214027 0.064781
v 0.460004 -1.214061 0.084266
v 0.470000 -1.214062 0.093584
v 0.480000 -1.214062 0.099748
v 0.490000 -1.214062 0.103950
v 0.500000 -1.214062 0.104194
v 0.510000 -1.214062 0.099948
v 0.519999 -1.214062 0.093410
v 0.529973 -1.214062 0.083390
v 0.539581 -1.214062 0.061706
v 0.546476 -1.214061 0.000000
v 0.600420 -1.214062 0.061569
v 0.593525 -1.214058 0.000000
v 0.610027 -1.214062 0.083218
v 0.620001 -1.214062 0.093160
v 0.630000 -1.214062 0.099574
v 0.640000 -1.214062 0.104114
v 0.650000 -1.214062 0.104998
v 0.660000 -1.214062 0.101291
v 0.670000 -1.214062 0.095649
v 0.680000 -1.214063 0.088567
v 0.689994 -1.214067 0.077303
v 0.699912 -1.214159 0.054630
v 0.706011 -1.207488 0.000000
v 0.709528 -1.214952 0.000000
v 0.833992 -1.207489 0.000000
v 0.840090 -1.214159 0.054597
v 0.830515 -1.214967 0.000000
v 0.850006 -1.214067 0.077291
v 0.860000 -1.214063 0.088486
v 0.870000 -1.214062 0.095194
v 0.880000 -1.214062 0.099769
v 0.890000 -1.214062 0.102645
v 0.900000 -1.214062 0.104936
v 0.910000 -1.214062 0.107300
v 0.920000 -1.214062 0.109171
v 0.930000 -1.214062 0.108839
v 0.940000 -1.214062 0.105185
v 0.950000 -1.214062 0.099956
v 0.960000 -1.214062 0.093615
v 0.969996 -1.214061 0.084275
v 0.979918 -1.214027 0.064788
v 0.989120 -1.213546 0.000000
v 0.995360 -1.209722 0.000000
v 0.009998 -1.225005 0.042018
v 0.003528 -1.225000 0.000000
v 0.016454 -1.225063 0.000000
v 0.130884 -1.224485 0.000000
v 0.124698 -1.220663 0.000000
v 0.140083 -1.224964 0.064918
v 0.150004 -1.224999 0.084444
v 0.160000 -1.225000 0.093869
v 0.170000 -1.225000 0.100411
v 0.180000 -1.225000 0.105979
v 0.190000 -1.225000 0.111085
v 0.200000 -1.225000 0.115954
v 0.210000 -1.225000 0.120719
v 0.220000 -1.225000 0.125464
v 0.230000 -1.225000 0.130249
v 0.240000 -1.225000 0.135093
v 0.250000 -1.225000 0.139724
v 0.260000 -1.225000 0.142375
v 0.270000 -1.225000 0.139497
v 0.280000 -1.225000 0.134869
v 0.290000 -1.225000 0.130082
v 0.300000 -1.225000 0.125313
v 0.310000 -1.225000 0.120568
v 0.320000 -1.225000 0.115800
v 0.330000 -1.225000 0.110920
v 0.340000 -1.225000 0.105777
v 0.350000 -1.225000 0.100134
v 0.359999 -1.225000 0.093418
v 0.369973 -1.225000 0.083383
v 0.379577 -1.225000 0.061678
v 0.386435 -1.225000 0.000000
v 0.450374 -1.224990 0.060376
v 0.443162 -1.224889 0.000000
v 0.460025 -1.225000 0.081889
v 0.470001 -1.225000 0.091666
v 0.480000 -1.225000 0.097560
v 0.490000 -1.225000 0.101794
v 0.500000 -1.225000 0.103193
v 0.510000 -1.225000 0.099744
v 0.519999 -1.225000 0.093387
v 0.529973 -1.225000 0.083383
v 0.539577 -1.225000 0.061679
v 0.546437 -1.225000 0.000000
v 0.600424 -1.224994 0.059997
v 0.593581 -1.224937 0.000000
v 0.610027 -1.225000 0.081920
v 0.620001 -1.225000 0.091858
v 0.630000 -1.225000 0.098101
v 0.640000 -1.225000 0.103002
v 0.650000 -1.225000 0.105508
v 0.660000 -1.225000 0.103330
v 0.670000 -1.225000 0.098857
v 0.680000 -1.225000 0.093585
v 0.690000 -1.225000 0.087175
v 0.699996 -1.225007 0.077705
v 0.709967 -1.225087 0.066016
v 0.719957 -1.217497 0.000000
v 0.719997 -1.225406 0.063278
v 0.729998 -1.217919 0.000000
v 0.730000 -1.225459 0.062925
v 0.740000 -1.217960 0.000000
v 0.740000 -1.225462 0.062880
v 0.749997 -1.217963 0.000000
v 0.749999 -1.225462 0.062577
v 0.759937 -1.217982 0.000000
v 0.759973 -1.225465 0.060067
v 0.769285 -1.218170 0.000000
v 0.769597 -1.225503 0.047625
v 0.775386 -1.219179 0.000000
v 0.776715 -1.225819 0.000000
v 0.814034 -1.219159 0.000000
v 0.820674 -1.217707 0.000000
v 0.820112 -1.225467 0.050977
v 0.810941 -1.226103 0.000000
v 0.830038 -1.225090 0.064012
v 0.840005 -1.225007 0.077523
v 0.850000 -1.225000 0.087165
v 0.860000 -1.225000 0.093581
v 0.870000 -1.225000 0.098843
v 0.880000 -1.225000 0.103456
v 0.890000 -1.225000 0.107089
v 0.900000 -1.225000 0.109265
v 0.910000 -1.225000 0.110187
v 0.920000 -1.225000 0.109804
v 0.930000 -1.225000 0.107408
v 0.940000 -1.225000 0.103243
v 0.950000 -1.225000 0.098125
v 0.959999 -1.225000 0.091896
v 0.969975 -1.225000 0.082027
v 0.979627 -1.224991 0.060397
v 0.986838 -1.224889 0.000000
v 0.010000 -1.235938 0.043339
v 0.003528 -1.235937 0.000000
v 0.016471 -1.235941 0.000000
v 0.140371 -1.235934 0.062082
v 0.133143 -1.235890 0.000000
v 0.150025 -1.235937 0.083498
v 0.160001 -1.235937 0.093468
v 0.170000 -1.235937 0.100168
v 0.180000 -1.235937 0.105804
v 0.190000 -1.235937 0.110948
v 0.200000 -1.235937 0.115840
v 0.210000 -1.235937 0.120620
v 0.220000 -1.235937 0.125376
v 0.230000 -1.235937 0.130170
v 0.240000 -1.235937 0.135026
v 0.250000 -1.235937 0.139717
v 0.260000 -1.235937 0.142556
v 0.270000 -1.235937 0.139690
v 0.280000 -1.235937 0.135002
v 0.290000 -1.235937 0.130154
v 0.300000 -1.235937 0.125362
v 0.310000 -1.235937 0.120605
v 0.320000 -1.235937 0.115824
v 0.330000 -1.235937 0.110930
v 0.340000 -1.235937 0.105782
v 0.350000 -1.235937 0.100137
v 0.359999 -1.235938 0.093419
v 0.369973 -1.235938 0.083384
v 0.379577 -1.235938 0.061678
v 0.386435 -1.235938 0.000000
v 0.450475 -1.235819 0.050363
v 0.443719 -1.235245 0.000000
v 0.460034 -1.235928 0.074521
v 0.470001 -1.235937 0.086521
v 0.480000 -1.235937 0.093217
v 0.490000 -1.235937 0.098054
v 0.500000 -1.235937 0.100817
v 0.510000 -1.235937 0.099091
v 0.519999 -1.235937 0.093299
v 0.529973 -1.235937 0.083377
v 0.539577 -1.235937 0.061679
v 0.546437 -1.235938 0.000000
v 0.600447 -1.235856 0.050787
v 0.593753 -1.235253 0.000000
v 0.610029 -1.235933 0.076254
v 0.620001 -1.235937 0.088297
v 0.630000 -1.235937 0.095559
v 0.640000 -1.235937 0.101298
v 0.650000 -1.235937 0.105361
v 0.660000 -1.235937 0.105690
v 0.670000 -1.235937 0.102650
v 0.680000 -1.235937 0.098444
v 0.690000 -1.235937 0.093909
v 0.700000 -1.235938 0.089477
v 0.709999 -1.235942 0.085929
v 0.720000 -1.235964 0.085117
v 0.730000 -1.235967 0.085020
v 0.740000 -1.235967 0.084897
v 0.750000 -1.235967 0.083951
v 0.759997 -1.235968 0.079256
v 0.769952 -1.235994 0.063145
v 0.779644 -1.236334 0.000000
v 0.804009 -1.229437 0.000000
v 0.810098 -1.236072 0.054162
v 0.800472 -1.236798 0.000000
v 0.820008 -1.235971 0.074908
v 0.830001 -1.235942 0.083701
v 0.840000 -1.235938 0.089162
v 0.850000 -1.235937 0.093878
v 0.860000 -1.235937 0.098451
v 0.870000 -1.235937 0.102800
v 0.880000 -1.235937 0.106843
v 0.890000 -1.235937 0.110088
v 0.900000 -1.235937 0.111160
v 0.910000 -1.235937 0.109704
v 0.920000 -1.235937 0.107225
v 0.930000 -1.235937 0.104136
v 0.940000 -1.235937 0.100247
v 0.950000 -1.235937 0.095139
v 0.959999 -1.235937 0.088099
v 0.969969 -1.235933 0.076099
v 0.979534 -1.235852 0.050725
v 0.986282 -1.235250 0.000000
v 0.010000 -1.246875 0.043444
v 0.003528 -1.246875 0.000000
v 0.016472 -1.246875 0.000000
v 0.140419 -1.246875 0.061705
v 0.133526 -1.246873 0.000000
v 0.150027 -1.246875 0.083390
v 0.160001 -1.246875 0.093422
v 0.170000 -1.246875 0.100139
v 0.180000 -1.246875 0.105784
v 0.190000 -1.246875 0.110932
v 0.200000 -1.246875 0.115827
v 0.210000 -1.246875 0.120609
v 0.220000 -1.246875 0.125366
v 0.230000 -1.246875 0.130160
v 0.240000 -1.246875 0.135014
v 0.250000 -1.246875 0.139686
v 0.260000 -1.246875 0.142485
v 0.270000 -1.246875 0.139684
v 0.280000 -1.246875 0.135013
v 0.290000 -1.246875 0.130159
v 0.300000 -1.246875 0.125365
v 0.310000 -1.246875 0.120608
v 0.320000 -1.246875 0.115826
v 0.330000 -1.246875 0.110931
v 0.340000 -1.246875 0.105783
v 0.350000 -1.246875 0.100138
v 0.359999 -1.246875 0.093419
v 0.369973 -1.246875 0.083384
v 0.379577 -1.246875 0.061679
v 0.386437 -1.246875 0.000000
v 0.451014 -1.245842 0.000000
v 0.444715 -1.242467 0.000000
v 0.460134 -1.246732 0.053662
v 0.470010 -1.246864 0.075530
v 0.480000 -1.246875 0.086781
v 0.490000 -1.246875 0.093222
v 0.500000 -1.246875 0.097390
v 0.510000 -1.246875 0.097903
v 0.519999 -1.246875 0.093095
v 0.529973 -1.246875 0.083364
v 0.539581 -1.246875 0.061705
v 0.546476 -1.246877 0.000000
v 0.600572 -1.246397 0.000000
v 0.594655 -1.242541 0.000000
v 0.610038 -1.246842 0.065304
v 0.620001 -1.246874 0.084558
v 0.630000 -1.246875 0.093915
v 0.640000 -1.246875 0.100388
v 0.650000 -1.246875 0.105449
v 0.660000 -1.246875 0.107937
v 0.670000 -1.246875 0.106253
v 0.680000 -1.246875 0.102929
v 0.690000 -1.246875 0.099579
v 0.700000 -1.246875 0.096931
v 0.710000 -1.246875 0.095500
v 0.720000 -1.246876 0.095170
v 0.730000 -1.246876 0.095095
v 0.740000 -1.246876 0.094733
v 0.750000 -1.246876 0.092897
v 0.760000 -1.246876 0.087932
v 0.769997 -1.246879 0.079070
v 0.779977 -1.246925 0.066191
v 0.790012 -1.238863 0.000000
v 0.790001 -1.247221 0.063420
v 0.800033 -1.246958 0.065760
v 0.810005 -1.246883 0.077378
v 0.820000 -1.246876 0.086609
v 0.830000 -1.246875 0.092317
v 0.840000 -1.246875 0.096133
v 0.850000 -1.246875 0.099399
v 0.860000 -1.246875 0.102931
v 0.870000 -1.246875 0.106625
v 0.880000 -1.246875 0.109917
v 0.890000 -1.246875 0.111359
v 0.900000 -1.246875 0.109870
v 0.910000 -1.246875 0.106662
v 0.920000 -1.246875 0.103045
v 0.930000 -1.246875 0.099467
v 0.940000 -1.246875 0.095901
v 0.950000 -1.246875 0.091317
v 0.959996 -1.246873 0.082715
v 0.969915 -1.246833 0.063210
v 0.979102 -1.246313 0.000000
v 0.985304 -1.242535 0.000000
v 0.010000 -1.257812 0.043448
v 0.003528 -1.257812 0.000000
v 0.016472 -1.257812 0.000000
v 0.140423 -1.257812 0.061679
v 0.133563 -1.257812 0.000000
v 0.150027 -1.257812 0.083384
v 0.160001 -1.257812 0.093419
v 0.170000 -1.257812 0.100138
v 0.180000 -1.257812 0.105783
v 0.190000 -1.257812 0.110931
v 0.200000 -1.257812 0.115826
v 0.210000 -1.257812 0.120608
v 0.220000 -1.257812 0.125365
v 0.230000 -1.257812 0.130153
v 0.240000 -1.257812 0.134954
v 0.250000 -1.257812 0.139387
v 0.260000 -1.257812 0.141783
v 0.270000 -1.257812 0.139387
v 0.280000 -1.257812 0.134954
v 0.290000 -1.257812 0.130153
v 0.300000 -1.257812 0.125365
v 0.310000 -1.257812 0.120609
v 0.320000 -1.257812 0.115827
v 0.330000 -1.257812 0.110932
v 0.340000 -1.257812 0.105784
v 0.350000 -1.257812 0.100139
v 0.359999 -1.257812 0.093422
v 0.369973 -1.257812 0.083390
v 0.379580 -1.257812 0.061705
v 0.386474 -1.257815 0.000000
v 0.460947 -1.256776 0.000000
v 0.454079 -1.253356 0.000000
v 0.470131 -1.257670 0.053772
v 0.480010 -1.257802 0.075551
v 0.490000 -1.257812 0.086762
v 0.500000 -1.257812 0.092931
v 0.510000 -1.257812 0.095616
v 0.519999 -1.257812 0.092494
v 0.529975 -1.257812 0.083376
v 0.539632 -1.257815 0.062114
v 0.546903 -1.257846 0.000000
v 0.610035 -1.257845 0.065410
v 0.600504 -1.258292 0.000000
v 0.620001 -1.257814 0.084573
v 0.630000 -1.257812 0.093902
v 0.640000 -1.257812 0.100347
v 0.650000 -1.257812 0.105484
v 0.660000 -1.257812 0.108681
v 0.670000 -1.257812 0.108446
v 0.680000 -1.257812 0.106399
v 0.690000 -1.257812 0.104096
v 0.700000 -1.257812 0.102135
v 0.710000 -1.257812 0.101050
v 0.720000 -1.257812 0.100713
v 0.730000 -1.257812 0.100581
v 0.740000 -1.257812 0.099989
v 0.750000 -1.257812 0.097697
v 0.760000 -1.257812 0.093458
v 0.770000 -1.257813 0.088542
v 0.779999 -1.257815 0.084184
v 0.790000 -1.257836 0.082882
v 0.800001 -1.257816 0.083450
v 0.810000 -1.257813 0.086871
v 0.820000 -1.257812 0.091384
v 0.830000 -1.257812 0.096018
v 0.840000 -1.257812 0.100017
v 0.850000 -1.257812 0.103199
v 0.860000 -1.257812 0.106313
v 0.870000 -1.257812 0.109426
v 0.880000 -1.257812 0.111505
v 0.890000 -1.257812 0.110265
v 0.900000 -1.257812 0.106872
v 0.910000 -1.257812 0.102805
v 0.920000 -1.257812 0.098458
v 0.930000 -1.257812 0.093878
v 0.940000 -1.257812 0.089115
v 0.949998 -1.257808 0.083492
v 0.959970 -1.257780 0.073969
v 0.969573 -1.257687 0.050673
v 0.976665 -1.257075 0.000000
v 0.010000 -1.268750 0.043448
v 0.003528 -1.268750 0.000000
v 0.016472 -1.268750 0.000000
v 0.140423 -1.268750 0.061678
v 0.133565 -1.268750 0.000000
v 0.150027 -1.268750 0.083384
v 0.160001 -1.268750 0.093419
v 0.170000 -1.268750 0.100137
v 0.180000 -1.268750 0.105783
v 0.190000 -1.268750 0.110931
v 0.200000 -1.268750 0.115826
v 0.210000 -1.268750 0.120607
v 0.220000 -1.268750 0.125354
v 0.230000 -1.268750 0.130065
v 0.240000 -1.268750 0.134498
v 0.250000 -1.268750 0.137874
v 0.260000 -1.268750 0.139139
v 0.270000 -1.268750 0.137874
v 0.280000 -1.268750 0.134498
v 0.290000 -1.268750 0.130067
v 0.300000 -1.268750 0.125361
v 0.310000 -1.268750 0.120619
v 0.320000 -1.268750 0.115840
v 0.330000 -1.268750 0.110948
v 0.340000 -1.268750 0.105804
v 0.350000 -1.268750 0.100168
v 0.359999 -1.268750 0.093468
v 0.369975 -1.268750 0.083498
v 0.379629 -1.268753 0.062082
v 0.386857 -1.268798 0.000000
v 0.470947 -1.267714 0.000000
v 0.464074 -1.264294 0.000000
v 0.480131 -1.268607 0.053772
v 0.490010 -1.268739 0.075535
v 0.500000 -1.268749 0.086542
v 0.510000 -1.268750 0.091442
v 0.520000 -1.268750 0.090916
v 0.529997 -1.268751 0.083841
v 0.539954 -1.268775 0.065354
v 0.549656 -1.269126 0.000000
v 0.593946 -1.262173 0.000000
v 0.600066 -1.268845 0.054674
v 0.590469 -1.269639 0.000000
v 0.610004 -1.268755 0.077288
v 0.620000 -1.268750 0.088457
v 0.630000 -1.268750 0.095379
v 0.640000 -1.268750 0.100751
v 0.650000 -1.268750 0.104690
v 0.660000 -1.268750 0.106804
v 0.670000 -1.268750 0.107058
v 0.680000 -1.268750 0.106401
v 0.690000 -1.268750 0.105146
v 0.700000 -1.268750 0.103180
v 0.710000 -1.268750 0.101579
v 0.720000 -1.268750 0.100842
v 0.730000 -1.268750 0.100656
v 0.740000 -1.268750 0.100402
v 0.750000 -1.268750 0.099186
v 0.760000 -1.268750 0.096101
v 0.770000 -1.268750 0.091563
v 0.780000 -1.268750 0.087011
v 0.789999 -1.268748 0.083471
v 0.800000 -1.268726 0.082882
v 0.810001 -1.268747 0.084178
v 0.820000 -1.268750 0.088533
v 0.830000 -1.268750 0.093510
v 0.840000 -1.268750 0.098315
v 0.850000 -1.268750 0.102471
v 0.860000 -1.268750 0.106121
v 0.870000 -1.268750 0.109223
v 0.880000 -1.268750 0.110621
v 0.890000 -1.268750 0.108065
v 0.900000 -1.268750 0.103723
v 0.910000 -1.268750 0.098873
v 0.920000 -1.268750 0.093575
v 0.930000 -1.268750 0.087160
v 0.939995 -1.268743 0.077519
v 0.949962 -1.268661 0.063992
v 0.959885 -1.268283 0.050871
v 0.968992 -1.267648 0.000000
v 0.975341 -1.264333 0.000000
v 0.010000 -1.279687 0.043448
v 0.003528 -1.279688 0.000000
v 0.016472 -1.279688 0.000000
v 0.140423 -1.279688 0.061678
v 0.133565 -1.279688 0.000000
v 0.150027 -1.279688 0.083384
v 0.160001 -1.279688 0.093419
v 0.170000 -1.279688 0.100137
v 0.180000 -1.279688 0.105783
v 0.190000 -1.279688 0.110931
v 0.200000 -1.279688 0.115825
v 0.210000 -1.279688 0.120591
v 0.220000 -1.279688 0.125238
v 0.230000 -1.279688 0.129511
v 0.240000 -1.279688 0.132722
v 0.250000 -1.279688 0.134223
v 0.260000 -1.279688 0.134582
v 0.270000 -1.279688 0.134223
v 0.280000 -1.279688 0.132724
v 0.290000 -1.279688 0.129524
v 0.300000 -1.279688 0.125294
v 0.310000 -1.279688 0.120690
v 0.320000 -1.279688 0.115950
v 0.330000 -1.279688 0.111084
v 0.340000 -1.279688 0.105979
v 0.350000 -1.279688 0.100411
v 0.360000 -1.279688 0.093869
v 0.369996 -1.279689 0.084444
v 0.379918 -1.279723 0.064918
v 0.389116 -1.280202 0.000000
v 0.480947 -1.278651 0.000000
v 0.474074 -1.275231 0.000000
v 0.490131 -1.279541 0.053704
v 0.500009 -1.279654 0.074866
v 0.510001 -1.279683 0.083381
v 0.520000 -1.279686 0.086954
v 0.530000 -1.279687 0.085512
v 0.539997 -1.279690 0.078055
v 0.549977 -1.279738 0.065821
v 0.559970 -1.272135 0.000000
v 0.559998 -1.280090 0.062990
v 0.570001 -1.272562 0.000000
v 0.570000 -1.280142 0.062674
v 0.580044 -1.272182 0.000000
v 0.580003 -1.280093 0.063005
v 0.590033 -1.279774 0.065736
v 0.600004 -1.279694 0.077386
v 0.610000 -1.279688 0.086673
v 0.620000 -1.279688 0.092501
v 0.630000 -1.279687 0.096787
v 0.640000 -1.279687 0.099908
v 0.650000 -1.279687 0.101467
v 0.660000 -1.279687 0.102066
v 0.670000 -1.279688 0.102145
v 0.680000 -1.279688 0.101975
v 0.690000 -1.279688 0.101233
v 0.700000 -1.279688 0.099147
v 0.710000 -1.279687 0.096827
v 0.720000 -1.279687 0.095474
v 0.730000 -1.279686 0.095166
v 0.740000 -1.279686 0.095085
v 0.750000 -1.279687 0.094728
v 0.760000 -1.279688 0.093133
v 0.770000 -1.279687 0.088091
v 0.779997 -1.279685 0.079062
v 0.789977 -1.279640 0.066143
v 0.800000 -1.279345 0.063449
v 0.810023 -1.279638 0.066192
v 0.820003 -1.279684 0.079086
v 0.830000 -1.279687 0.088142
v 0.840000 -1.279688 0.094240
v 0.850000 -1.279688 0.098859
v 0.860000 -1.279688 0.102869
v 0.870000 -1.279687 0.106365
v 0.880000 -1.279687 0.107864
v 0.890000 -1.279687 0.105459
v 0.900000 -1.279687 0.100930
v 0.910000 -1.279688 0.095384
v 0.920000 -1.279687 0.088389
v 0.929994 -1.279682 0.077165
v 0.939910 -1.279589 0.054573
v 0.949485 -1.278783 0.000000
v 0.959326 -1.276043 0.000000
v 0.965961 -1.274591 0.000000
v 0.010000 -1.290625 0.043448
v 0.003528 -1.290625 0.000000
v 0.016472 -1.290625 0.000000
v 0.140423 -1.290625 0.061678
v 0.133565 -1.290625 0.000000
v 0.150027 -1.290625 0.083384
v 0.160001 -1.290625 0.093419
v 0.170000 -1.290625 0.100137
v 0.180000 -1.290625 0.105783
v 0.190000 -1.290625 0.110929
v 0.200000 -1.290625 0.115804
v 0.210000 -1.290625 0.120446
v 0.220000 -1.290625 0.124587
v 0.230000 -1.290625 0.127587
v 0.240000 -1.290625 0.128970
v 0.250000 -1.290625 0.129344
v 0.260000 -1.290625 0.129400
v 0.270000 -1.290625 0.129345
v 0.280000 -1.290625 0.128977
v 0.290000 -1.290625 0.127635
v 0.300000 -1.290625 0.124786
v 0.310000 -1.290625 0.120875
v 0.320000 -1.290625 0.116414
v 0.330000 -1.290625 0.111694
v 0.340000 -1.290625 0.106758
v 0.350000 -1.290625 0.101469
v 0.360000 -1.290625 0.095568
v 0.369999 -1.290625 0.088291
v 0.379969 -1.290629 0.076231
v 0.389531 -1.290708 0.050723
v 0.395302 -1.284024 0.000000
v 0.396243 -1.291310 0.000000
v 0.490945 -1.289520 0.000000
v 0.484074 -1.286164 0.000000
v 0.500112 -1.290158 0.050970
v 0.510038 -1.290532 0.063894
v 0.520004 -1.290591 0.076370
v 0.530000 -1.290598 0.081457
v 0.540001 -1.290621 0.081505
v 0.549999 -1.290627 0.081473
v 0.560000 -1.290651 0.082289
v 0.570000 -1.290654 0.082545
v 0.580000 -1.290651 0.082658
v 0.590001 -1.290628 0.083418
v 0.600000 -1.290624 0.086681
v 0.610000 -1.290624 0.090230
v 0.620000 -1.290624 0.092699
v 0.630000 -1.290624 0.094097
v 0.640000 -1.290624 0.094927
v 0.650000 -1.290624 0.095221
v 0.660000 -1.290624 0.095302
v 0.670000 -1.290624 0.095308
v 0.680000 -1.290624 0.095241
v 0.690000 -1.290624 0.094748
v 0.700000 -1.290624 0.092806
v 0.710000 -1.290624 0.089315
v 0.719999 -1.290621 0.085916
v 0.730000 -1.290598 0.085121
v 0.740000 -1.290598 0.085097
v 0.750001 -1.290621 0.085601
v 0.760000 -1.290624 0.087009
v 0.769997 -1.290623 0.082680
v 0.779953 -1.290600 0.065148
v 0.789657 -1.290280 0.000000
v 0.800001 -1.287747 0.000000
v 0.810356 -1.290231 0.000000
v 0.820048 -1.290572 0.063235
v 0.830003 -1.290621 0.080144
v 0.840000 -1.290625 0.088419
v 0.850000 -1.290625 0.093942
v 0.860000 -1.290625 0.098832
v 0.870000 -1.290625 0.102750
v 0.880000 -1.290625 0.103745
v 0.890000 -1.290625 0.101680
v 0.900000 -1.290625 0.097691
v 0.910000 -1.290625 0.092058
v 0.919996 -1.290623 0.082858
v 0.929918 -1.290583 0.063332
v 0.939173 -1.290061 0.000000
v 0.946007 -1.286257 0.000000
v 0.010000 -1.301563 0.043448
v 0.003528 -1.301563 0.000000
v 0.016472 -1.301563 0.000000
v 0.140423 -1.301563 0.061678
v 0.133565 -1.301563 0.000000
v 0.150027 -1.301563 0.083384
v 0.160001 -1.301563 0.093419
v 0.170000 -1.301563 0.100137
v 0.180000 -1.301563 0.105780
v 0.190000 -1.301563 0.110903
v 0.200000 -1.301563 0.115627
v 0.210000 -1.301563 0.119695
v 0.220000 -1.301563 0.122515
v 0.230000 -1.301563 0.123780
v 0.240000 -1.301563 0.124119
v 0.250000 -1.301563 0.124171
v 0.260000 -1.301563 0.124176
v 0.270000 -1.301563 0.124171
v 0.280000 -1.301563 0.124122
v 0.290000 -1.301563 0.123820
v 0.300000 -1.301563 0.122764
v 0.310000 -1.301563 0.120526
v 0.320000 -1.301563 0.117126
v 0.330000 -1.301563 0.112931
v 0.340000 -1.301563 0.108362
v 0.350000 -1.301563 0.103454
v 0.360000 -1.301563 0.098140
v 0.369999 -1.301563 0.091859
v 0.379973 -1.301563 0.081919
v 0.389575 -1.301568 0.059994
v 0.396416 -1.301626 0.000000
v 0.500674 -1.297915 0.000000
v 0.494034 -1.296466 0.000000
v 0.510514 -1.300581 0.000000
v 0.520078 -1.301053 0.051027
v 0.530008 -1.301154 0.061097
v 0.540033 -1.301472 0.065217
v 0.550004 -1.301528 0.075748
v 0.560000 -1.301533 0.081169
v 0.570000 -1.301533 0.082407
v 0.580000 -1.301533 0.082572
v 0.590000 -1.301533 0.082703
v 0.600000 -1.301533 0.083290
v 0.610000 -1.301533 0.084108
v 0.620000 -1.301533 0.084662
v 0.630000 -1.301533 0.084892
v 0.640000 -1.301533 0.085002
v 0.650000 -1.301533 0.085030
v 0.660000 -1.301533 0.085035
v 0.670000 -1.301533 0.085035
v 0.680000 -1.301533 0.085013
v 0.690000 -1.301533 0.084752
v 0.700000 -1.301532 0.083053
v 0.709996 -1.301528 0.076932
v 0.719967 -1.301472 0.065943
v 0.729997 -1.301160 0.063299
v 0.740003 -1.301160 0.063293
v 0.750033 -1.301472 0.065839
v 0.760003 -1.301528 0.075887
v 0.769975 -1.301532 0.076666
v 0.779630 -1.301528 0.059581
v 0.786885 -1.301461 0.000000
v 0.820405 -1.301120 0.048031
v 0.813285 -1.300750 0.000000
v 0.830050 -1.301509 0.063569
v 0.840003 -1.301560 0.079049
v 0.850000 -1.301562 0.088709
v 0.860000 -1.301563 0.095267
v 0.870000 -1.301563 0.099324
v 0.880000 -1.301563 0.098921
v 0.890000 -1.301563 0.096292
v 0.900000 -1.301562 0.092507
v 0.909999 -1.301561 0.086446
v 0.919969 -1.301553 0.074620
v 0.929573 -1.301440 0.050747
v 0.936668 -1.300825 0.000000
v 0.010000 -1.312500 0.043448
v 0.003528 -1.312500 0.000000
v 0.016472 -1.312500 0.000000
v 0.140423 -1.312500 0.061678
v 0.133565 -1.312500 0.000000
v 0.150027 -1.312500 0.083384
v 0.160001 -1.312500 0.093419
v 0.170000 -1.312500 0.100135
v 0.180000 -1.312500 0.105748
v 0.190000 -1.312500 0.110690
v 0.200000 -1.312500 0.114764
v 0.210000 -1.312500 0.117448
v 0.220000 -1.312500 0.118611
v 0.230000 -1.312500 0.118917
v 0.240000 -1.312500 0.118963
v 0.250000 -1.312500 0.118967
v 0.260000 -1.312500 0.118967
v 0.270000 -1.312500 0.118967
v 0.280000 -1.312500 0.118964
v 0.290000 -1.312500 0.118929
v 0.300000 -1.312500 0.118734
v 0.310000 -1.312500 0.118114
v 0.320000 -1.312500 0.116696
v 0.330000 -1.312500 0.113841
v 0.340000 -1.312500 0.109940
v 0.350000 -1.312500 0.105161
v 0.360000 -1.312500 0.099695
v 0.369999 -1.312500 0.093165
v 0.379973 -1.312500 0.083212
v 0.389577 -1.312500 0.061541
v 0.396434 -1.312503 0.000000
v 0.520629 -1.308434 0.000000
v 0.513969 -1.307364 0.000000
v 0.530101 -1.309042 0.000000
v 0.540473 -1.311532 0.000000
v 0.550076 -1.311987 0.050965
v 0.560005 -1.312035 0.060723
v 0.570000 -1.312037 0.062459
v 0.580000 -1.312037 0.062621
v 0.590000 -1.312037 0.062640
v 0.600000 -1.312037 0.062703
v 0.610000 -1.312037 0.062807
v 0.620000 -1.312037 0.062873
v 0.630000 -1.312037 0.062893
v 0.640000 -1.312037 0.062901
v 0.650000 -1.312037 0.062902
v 0.660000 -1.312037 0.062902
v 0.670000 -1.312037 0.062902
v 0.680000 -1.312037 0.062893
v 0.690000 -1.312037 0.062721
v 0.699995 -1.312035 0.060925
v 0.709924 -1.311987 0.051071
v 0.719530 -1.311535 0.000000
v 0.729959 -1.309105 0.000000
v 0.740041 -1.309105 0.000000
v 0.750470 -1.311535 0.000000
v 0.760075 -1.311987 0.050755
v 0.769975 -1.312033 0.058031
v 0.779546 -1.311999 0.047034
v 0.786286 -1.311711 0.000000
v 0.820745 -1.308907 0.000000
v 0.814616 -1.307451 0.000000
v 0.830392 -1.312107 0.000000
v 0.840048 -1.312473 0.065255
v 0.850003 -1.312499 0.083873
v 0.860000 -1.312500 0.092214
v 0.870000 -1.312500 0.095764
v 0.880000 -1.312500 0.093628
v 0.890000 -1.312500 0.089276
v 0.899999 -1.312497 0.083732
v 0.909991 -1.312466 0.074874
v 0.919866 -1.312354 0.053600
v 0.928990 -1.311466 0.000000
v 0.935341 -1.308088 0.000000
v 0.010000 -1.323437 0.043448
v 0.003528 -1.323437 0.000000
v 0.016472 -1.323437 0.000000
v 0.140423 -1.323437 0.061678
v 0.133565 -1.323437 0.000000
v 0.150027 -1.323437 0.083384
v 0.160001 -1.323437 0.093416
v 0.170000 -1.323437 0.100095
v 0.180000 -1.323437 0.105491
v 0.190000 -1.323437 0.109689
v 0.200000 -1.323437 0.112292
v 0.210000 -1.323437 0.113372
v 0.220000 -1.323437 0.113649
v 0.230000 -1.323437 0.113691
v 0.240000 -1.323437 0.113694
v 0.250000 -1.323437 0.113695
v 0.260000 -1.323437 0.113695
v 0.270000 -1.323437 0.113695
v 0.280000 -1.323437 0.113694
v 0.290000 -1.323437 0.113692
v 0.300000 -1.323437 0.113674
v 0.310000 -1.323437 0.113586
v 0.320000 -1.323437 0.113259
v 0.330000 -1.323437 0.112117
v 0.340000 -1.323437 0.109572
v 0.350000 -1.323437 0.105415
v 0.360000 -1.323437 0.100043
v 0.369999 -1.323437 0.093393
v 0.379973 -1.323437 0.083372
v 0.389577 -1.323437 0.061673
v 0.396435 -1.323438 0.000000
v 0.550626 -1.319329 0.000000
v 0.543965 -1.318299 0.000000
v 0.560058 -1.319518 0.000000
v 0.570003 -1.319537 0.000000
v 0.580000 -1.319538 0.000000
v 0.590000 -1.319538 0.000000
v 0.600000 -1.319538 0.000000
v 0.610000 -1.319538 0.000000
v 0.620000 -1.319538 0.000000
v 0.630000 -1.319538 0.000000
v 0.640000 -1.319538 0.000000
v 0.650000 -1.319538 0.000000
v 0.660000 -1.319538 0.000000
v 0.670000 -1.319538 0.000000
v 0.680000 -1.319538 0.000000
v 0.689997 -1.319537 0.000000
v 0.699942 -1.319518 0.000000
v 0.709374 -1.319329 0.000000
v 0.716035 -1.318299 0.000000
v 0.760623 -1.319328 0.000000
v 0.753965 -1.318299 0.000000
v 0.769994 -1.319498 0.000000
v 0.779283 -1.319330 0.000000
v 0.785327 -1.318323 0.000000
v 0.840370 -1.323405 0.059853
v 0.833117 -1.323334 0.000000
v 0.850026 -1.323433 0.079100
v 0.860001 -1.323436 0.087514
v 0.870000 -1.323436 0.090772
v 0.880000 -1.323436 0.087591
v 0.889997 -1.323434 0.078962
v 0.899971 -1.323382 0.064365
v 0.909889 -1.322974 0.051003
v 0.919055 -1.322333 0.000000
v 0.925921 -1.318976 0.000000
v 0.010000 -1.334375 0.043448
v 0.003528 -1.334375 0.000000
v 0.016472 -1.334375 0.000000
v 0.140423 -1.334375 0.061678
v 0.133565 -1.334375 0.000000
v 0.150027 -1.334375 0.083379
v 0.160001 -1.334375 0.093364
v 0.170000 -1.334375 0.099776
v 0.180000 -1.334375 0.104305
v 0.190000 -1.334375 0.106903
v 0.200000 -1.334375 0.107923
v 0.210000 -1.334375 0.108176
v 0.220000 -1.334375 0.108213
v 0.230000 -1.334375 0.108216
v 0.240000 -1.334375 0.108216
v 0.250000 -1.334375 0.108216
v 0.260000 -1.334375 0.108216
v 0.270000 -1.334375 0.108216
v 0.280000 -1.334375 0.108216
v 0.290000 -1.334375 0.108216
v 0.300000 -1.334375 0.108216
v 0.310000 -1.334375 0.108209
v 0.320000 -1.334375 0.108167
v 0.330000 -1.334375 0.107903
v 0.340000 -1.334375 0.106893
v 0.350000 -1.334375 0.104299
v 0.360000 -1.334375 0.099773
v 0.369999 -1.334375 0.093363
v 0.379973 -1.334375 0.083379
v 0.389577 -1.334375 0.061678
v 0.396435 -1.334375 0.000000
v 0.840457 -1.333931 0.047577
v 0.833714 -1.333592 0.000000
v 0.850062 -1.334283 0.062997
v 0.860005 -1.334341 0.076452
v 0.870000 -1.334345 0.082057
v 0.879997 -1.334344 0.079007
v 0.889950 -1.334317 0.063097
v 0.899599 -1.333932 0.000000
v 0.909338 -1.330776 0.000000
v 0.915967 -1.329282 0.000000
v 0.010000 -1.345312 0.043444
v 0.003528 -1.345312 0.000000
v 0.016472 -1.345312 0.000000
v 0.140423 -1.345312 0.061668
v 0.133565 -1.345312 0.000000
v 0.150027 -1.345312 0.083302
v 0.160001 -1.345312 0.092942
v 0.170000 -1.345312 0.098299
v 0.180000 -1.345312 0.101024
v 0.190000 -1.345312 0.102015
v 0.200000 -1.345312 0.102249
v 0.210000 -1.345312 0.102283
v 0.220000 -1.345312 0.102286
v 0.230000 -1.345312 0.102286
v 0.240000 -1.345312 0.102286
v 0.250000 -1.345312 0.102286
v 0.260000 -1.345312 0.102286
v 0.270000 -1.345312 0.102286
v 0.280000 -1.345312 0.102286
v 0.290000 -1.345312 0.102286
v 0.300000 -1.345312 0.102286
v 0.310000 -1.345312 0.102286
v 0.320000 -1.345312 0.102283
v 0.330000 -1.345312 0.102248
v 0.340000 -1.345312 0.102015
v 0.350000 -1.345312 0.101024
v 0.360000 -1.345312 0.098299
v 0.369999 -1.345312 0.092942
v 0.379973 -1.345312 0.083302
v 0.389577 -1.345312 0.061668
v 0.396435 -1.345312 0.000000
v 0.840763 -1.341668 0.000000
v 0.834676 -1.340262 0.000000
v 0.850518 -1.344331 0.000000
v 0.860078 -1.344799 0.051002
v 0.870004 -1.344847 0.060612
v 0.879973 -1.344848 0.059889
v 0.889597 -1.344810 0.047615
v 0.896713 -1.344491 0.000000
v 0.010000 -1.356249 0.043341
v 0.003529 -1.356247 0.000000
v 0.016471 -1.356247 0.000000
v 0.140423 -1.356249 0.061464
v 0.133566 -1.356247 0.000000
v 0.150027 -1.356249 0.082585
v 0.160001 -1.356249 0.090842
v 0.170000 -1.356249 0.094046
v 0.180000 -1.356249 0.095064
v 0.190000 -1.356249 0.095287
v 0.200000 -1.356249 0.095318
v 0.210000 -1.356249 0.095320
v 0.220000 -1.356249 0.095321
v 0.230000 -1.356249 0.095321
v 0.240000 -1.356249 0.095321
v 0.250000 -1.356249 0.095321
v 0.260000 -1.356249 0.095321
v 0.270000 -1.356249 0.095321
v 0.280000 -1.356249 0.095321
v 0.290000 -1.356249 0.095321
v 0.300000 -1.356249 0.095321
v 0.310000 -1.356249 0.095321
v 0.320000 -1.356249 0.095320
v 0.330000 -1.356249 0.095318
v 0.340000 -1.356249 0.095287
v 0.350000 -1.356249 0.095064
v 0.360000 -1.356249 0.094046
v 0.369999 -1.356249 0.090842
v 0.379973 -1.356249 0.082585
v 0.389577 -1.356249 0.061464
v 0.396434 -1.356247 0.000000
v 0.860626 -1.352141 0.000000
v 0.853969 -1.351110 0.000000
v 0.870055 -1.352330 0.000000
v 0.879939 -1.352330 0.000000
v 0.889285 -1.352143 0.000000
v 0.895386 -1.351133 0.000000
v 0.010000 -1.367152 0.042055
v 0.003546 -1.367118 0.000000
v 0.016454 -1.367118 0.000000
v 0.140425 -1.367155 0.059319
v 0.133583 -1.367118 0.000000
v 0.150027 -1.367157 0.078145
v 0.160001 -1.367157 0.083533
v 0.170000 -1.367157 0.084776
v 0.180000 -1.367157 0.085005
v 0.190000 -1.367158 0.085034
v 0.200000 -1.367158 0.085036
v 0.210000 -1.367158 0.085036
v 0.220000 -1.367157 0.085036
v 0.230000 -1.367157 0.085036
v 0.240000 -1.367157 0.085036
v 0.250000 -1.367157 0.085036
v 0.260000 -1.367157 0.085036
v 0.270000 -1.367158 0.085036
v 0.280000 -1.367158 0.085036
v 0.290000 -1.367158 0.085036
v 0.300000 -1.367157 0.085036
v 0.310000 -1.367157 0.085036
v 0.320000 -1.367157 0.085036
v 0.330000 -1.367157 0.085036
v 0.340000 -1.367157 0.085034
v 0.350000 -1.367158 0.085005
v 0.360000 -1.367158 0.084776
v 0.369999 -1.367158 0.083533
v 0.379973 -1.367157 0.078145
v 0.389575 -1.367154 0.059319
v 0.396417 -1.367118 0.000000
v 0.010000 -1.377586 0.033985
v 0.003713 -1.377334 0.000000
v 0.016287 -1.377334 0.000000
v 0.140458 -1.377624 0.047176
v 0.133755 -1.377337 0.000000
v 0.150030 -1.377660 0.059951
v 0.160001 -1.377662 0.062532
v 0.170000 -1.377662 0.062868
v 0.180000 -1.377662 0.062900
v 0.190000 -1.377662 0.062902
v 0.200000 -1.377662 0.062903
v 0.210000 -1.377662 0.062903
v 0.220000 -1.377662 0.062903
v 0.230000 -1.377662 0.062903
v 0.240000 -1.377662 0.062903
v 0.250000 -1.377662 0.062903
v 0.260000 -1.377662 0.062903
v 0.270000 -1.377662 0.062903
v 0.280000 -1.377662 0.062903
v 0.290000 -1.377662 0.062903
v 0.300000 -1.377662 0.062903
v 0.310000 -1.377662 0.062903
v 0.320000 -1.377662 0.062903
v 0.330000 -1.377662 0.062903
v 0.340000 -1.377662 0.062902
v 0.350000 -1.377662 0.062900
v 0.360000 -1.377662 0.062868
v 0.369999 -1.377662 0.062532
v 0.379970 -1.377660 0.059951
v 0.389542 -1.377624 0.047176
v 0.396245 -1.377337 0.000000
v 0.010000 -1.384747 0.000000
v 0.004580 -1.383918 0.000000
v 0.015420 -1.383918 0.000000
v 0.140720 -1.384956 0.000000
v 0.134676 -1.383948 0.000000
v 0.150064 -1.385143 0.000000
v 0.160003 -1.385162 0.000000
v 0.170000 -1.385163 0.000000
v 0.180000 -1.385164 0.000000
v 0.190000 -1.385164 0.000000
v 0.200000 -1.385164 0.000000
v 0.210000 -1.385164 0.000000
v 0.220000 -1.385164 0.000000
v 0.230000 -1.385164 0.000000
v 0.240000 -1.385164 0.000000
v 0.250000 -1.385164 0.000000
v 0.260000 -1.385164 0.000000
v 0.270000 -1.385164 0.000000
v 0.280000 -1.385164 0.000000
v 0.290000 -1.385164 0.000000
v 0.300000 -1.385164 0.000000
v 0.310000 -1.385164 0.000000
v 0.320000 -1.385164 0.000000
v 0.330000 -1.385164 0.000000
v 0.340000 -1.385164 0.000000
v 0.350000 -1.385164 0.000000
v 0.360000 -1.385163 0.000000
v 0.369997 -1.385162 0.000000
v 0.379936 -1.385143 0.000000
v 0.389280 -1.384956 0.000000
v 0.395324 -1.383948 0.000000
f 4701 4760 4761 4702
f 26 40 41 27
f 7769 7811 7812 7770
f 7015 7105 7106 7016
f 853 907 908 854
f 7730 7796 7797 7731
f 7942 7973 7974 7943
f 5854 5941 5940 5853
f 3937 4024 4025 3938
f 7940 7971 7972 7941
f 7779 7820 7821 7780
f 247 270 271 248
f 11 31 33 14
f 7941 7972 7973 7942
f 7631 7705 7706 7632
f 5873 5958 5959 5875
f 3929 4017 4016 3928
f 7933 7964 7965 7934
f 7927 7958 7959 7928
f 187 211 212 188
f 28 42 43 30
f 7909 7940 7941 7910
f 4036 4107 4108 4037
f 1238 1307 1308 1239
f 905 963 964 906
f 469 526 527 470
f 3025 3117 3118 3026
f 7837 7876 7877 7838
f 319 344 346 321
f 3771 3869 3870 3772
f 5874 5875 5877 5876
f 15 16 18 17
f 45 63 64 47
f 114 136 137 115
f 3921 4000 4001 3923
f 2953 3039 3040 2954
f 13 14 16 15
f 14 33 34 16
f 7950 7981 7982 7951
f 24 38 39 25
f 3632 3704 3705 3633
f 989 1052 1053 990
f 59 84 85 60
f 7714 7780 7781 7715
f 7926 7957 7958 7927
f 6933 7009 7010 6934
f 251 274 275 252
f 52 76 78 53
f 46 47 49 48
f 16 34 35 18
f 489 552 553 490
f 3770 3868 3869 3771
f 37 56 57 38
f 3755 3853 3854 3756
f 7862 7899 7900 7863
f 7935 7966 7967 7936
f 2559 2562 2561 2560
f 90 114 115 91
f 7897 7928 7929 7898
f 399 460 461 400
f 21 22 24 23
f 70 71 73 72
f 7843 7882 7883 7844
f 5754 5823 5824 5755
f 167 189 190 168
f 525 591 592 526
f 7948 7979 7980 7949
f 39 58 59 40
f 5813 5899 5900 5814
f 7881 7918 7919 7882
f 4004 4005 4007 4006
f 1125 1207 1208 1128
f 38 57 58 39
f 63 88 89 64
f 72 73 75 74
f 1352 1421 1422 1353
f 323 348 349 324
f 7914 7945 7946 7915
f 3762 3860 3861 3763
f 7872 7909 7910 7873
f 22 37 38 24
f 7827 7866 7867 7828
f 96 97 99 98
f 2365 2445 2446 2366
f 2001 2003 2002 1962
f 61 86 87 62
f 4106 4186 4187 4107
f 7640 7714 7715 7641
f 1762 1814 1813 1761
f 79 102 104 80
f 1181 1254 1255 1182
f 613 678 679 614
f 7532 7610 7611 7533
f 3811 3905 3906 3813
f 3908 3987 3988 3909
f 232 254 255 233
f 235 257 258 236
f 1953 1992 1993 1954
f 5881 5962 5964 5963
f 7250 7330 7331 7251
f 78 103 102 79
f 71 93 94 73
f 88 112 113 89
f 3558 3626 3627 3559
f 1969 2011 2012 1970
f 131 154 155 132
f 471 528 529 472
f 6308 6396 6397 6309
f 102 126 125 104
f 47 64 65 49
f 80 104 105 81
f 2406 2483 2484 2407
f 53 78 79 54
f 2905 2991 2992 2906
f 97 120 121 99
f 3738 3799 3800 3739
f 56 81 82 57
f 5253 5330 5332 5252
f 162 184 185 163
f 4025 4096 4097 4026
f 140 163 164 141
f 3724 3790 3791 3725
f 3795 3887 3888 3796
f 7875 7912 7913 7876
f 7943 7974 7975 7944
f 6966 7058 7059 6967
f 1493 1495 1494 1442
f 677 746 747 678
f 3922 3923 3925 3924
f 91 115 116 92
f 118 140 141 119
f 111 133 134 112
f 3956 4043 4044 3957
f 4775 4873 4874 4776
f 3977 4061 4062 3978
f 69 92 93 71
f 110 132 133 111
f 120 142 143 121
f 3607 3679 3680 3608
f 451 506 507 452
f 163 185 186 164
f 599 600 602 601
f 4033 4104 4105 4034
f 86 110 111 87
f 135 158 159 136
f 144 167 168 145
f 6438 6518 6520 6440
f 929 982 983 930
f 3969 4053 4054 3970
f 5905 5991 5992 5906
f 7818 7857 7856 7817
f 30 43 45 44
f 7859 7896 7897 7860
f 3940 4027 4028 3941
f 134 157 158 135
f 242 263 265 264
f 180 204 205 181
f 1653 1656 1655 1654
f 141 164 165 142
f 159 181 182 160
f 160 182 183 161
f 5944 6032 6033 5945
f 515 581 582 516
f 757 814 815 758
f 5897 5979 5980 5898
f 165 187 188 166
f 7853 7890 7892 7855
f 143 166 167 144
f 152 173 175 153
f 4776 4874 4875 4777
f 433 491 492 435
f 3953 4040 4041 3954
f 607 672 673 608
f 938 991 992 939
f 7525 7603 7604 7526
f 119 141 142 120
f 128 150 152 129
f 7591 7664 7666 7592
f 203 224 225 204
f 6989 7079 7080 6990
f 5786 5858 5859 5787
f 605 670 671 606
f 226 248 249 227
f 10 11 14 13
f 5889 5971 5972 5890
f 181 205 206 182
f 1858 1901 1902 1859
f 55 80 81 56
f 4020 4091 4093 4022
f 3541 3609 3610 3542
f 1741 1795 1796 1742
f 829 882 883 830
f 220 244 243 222
f 173 199 198 175
f 4443 4505 4506 4444
f 7870 7907 7908 7871
f 184 208 209 185
f 2925 3011 3012 2926
f 587 654 655 588
f 2 3 6 5
f 3890 3969 3970 3892
f 4139 4218 4217 4140
f 7574 7650 7651 7575
f 208 229 230 209
f 341 391 392 343
f 1993 2038 2039 1994
f 99 121 122 101
f 663 732 733 664
f 149 170 172 171
f 158 180 181 159
f 7022 7112 7113 7023
f 3988 4069 4070 3989
f 2496 2574 2575 2497
f 499 562 563 500
f 3985 4065 4067 3986
f 3874 3956 3957 3875
f 85 109 110 86
f 5025 5101 5103 5102
f 5926 6012 6013 5927
f 224 246 247 225
f 2009 2066 2067 2010
f 116 138 139 117
f 901 959 960 902
f 7850 7887 7888 7851
f 3875 3957 3958 3876
f 532 598 600 599
f 216 237 238 217
f 7477 7557 7559 7479
f 707 708 710 709
f 1961 2004 2005 1963
f 183 207 208 184
f 213 234 235 214
f 222 243 245 223
f 252 275 276 253
f 192 216 217 193
f 4965 5045 5046 4966
f 425 487 488 427
f 267 295 294 266
f 735 801 802 736
f 245 268 269 246
f 246 269 270 247
f 191 215 216 192
f 136 159 160 137
f 1854 1897 1896 1853
f 42 61 62 43
f 290 316 318 293
f 2921 3007 3008 2922
f 7834 7873 7874 7835
f 3859 3941 3942 3860
f 5993 6079 6080 5994
f 8 28 30 29
f 4718 4776 4777 4719
f 2037 2098 2099 2038
f 957 1023 1024 958
f 284 312 313 285
f 261 284 285 262
f 262 285 286 263
f 4 25 26 3
f 7639 7713 7714 7640
f 4126 4207 4208 4127
f 715 781 782 716
f 4009 4087 4088 4011
f 5977 6064 6065 5978
f 253 276 277 254
f 254 277 278 255
f 299 324 325 300
f 953 1019 1020 954
f 255 278 279 256
f 230 252 253 231
f 7063 7146 7147 7064
f 1542 1586 1587 1544
f 354 403 404 355
f 4001 4082 4083 4002
f 815 868 869 816
f 229 251 252 230
f 166 188 189 167
f 279 307 308 280
f 5850 5934 5935 5852
f 6365 6452 6453 6366
f 2189 2265 2266 2190
f 1037 1101 1102 1038
f 5937 6022 6023 5939
f 7833 7872 7873 7834
f 3923 4001 4002 3925
f 7939 7970 7971 7940
f 4612 4674 4675 4613
f 1295 1360 1361 1296
f 787 846 847 788
f 7882 7919 7920 7883
f 324 349 350 325
f 4308 4380 4381 4309
f 303 328 329 304
f 727 793 794 728
f 937 990 991 938
f 3993 4074 4075 3994
f 5929 6015 6016 5930
f 285 313 314 286
f 286 314 315 287
f 295 320 319 294
f 256 279 280 257
f 6126 6231 6232 6127
f 386 387 389 388
f 339 364 365 340
f 887 940 941 888
f 317 342 341 316
f 310 335 336 311
f 263 286 287 265
f 6969 7061 7062 6970
f 3047 3131 3132 3048
f 2325 2405 2406 2326
f 98 99 101 100
f 5921 6007 6008 5922
f 4084 4152 4153 4085
f 5919 6005 6006 5920
f 388 389 390 342
f 3907 3986 3987 3908
f 859 913 914 860
f 1101 1182 1183 1102
f 334 359 360 335
f 320 345 344 319
f 2025 2085 2086 2026
f 3970 4054 4055 3972
f 326 351 352 327
f 7866 7903 7904 7867
f 5343 5421 5422 5344
f 368 371 370 369
f 771 828 829 772
f 58 83 84 59
f 975 1038 1039 976
f 333 358 359 334
f 294 319 321 296
f 207 228 229 208
f 4068 4137 4136 4069
f 2767 2848 2849 2768
f 2041 2102 2103 2042
f 243 266 268 245
f 3954 4041 4042 3955
f 325 350 351 326
f 1842 1886 1885 1841
f 44 45 47 46
f 344 393 395 346
f 7526 7604 7605 7527
f 1189 1262 1263 1190
f 621 686 687 622
f 260 283 284 261
f 301 326 327 302
f 384 385 387 386
f 6077 6171 6172 6078
f 5945 6033 6034 5946
f 3979 4063 4064 3980
f 328 353 354 329
f 921 974 975 922
f 1031 1095 1097 1033
f 342 390 391 341
f 288 291 290 289
f 402 463 464 403
f 7898 7929 7930 7899
f 2589 2685 2686 2590
f 237 259 260 238
f 327 352 353 328
f 1944 1984 1985 1945
f 7295 7376 7377 7296
f 961 1027 1028 962
f 7880 7917 7918 7881
f 2937 3023 3024 2938
f 359 408 409 360
f 4200 4279 4280 4202
f 395 456 457 396
f 357 406 407 358
f 422 423 425 424
f 20 36 37 22
f 1059 1062 1061 1060
f 7080 7163 7164 7081
f 4097 4177 4178 4098
f 404 465 466 405
f 83 107 108 84
f 3947 4034 4035 3948
f 383 447 448 385
f 4116 4196 4197 4117
f 6504 6580 6581 6505
f 537 538 540 539
f 1261 1327 1328 1262
f 4002 4083 4084 4003
f 7921 7952 7954 7923
f 390 451 452 391
f 375 439 440 377
f 416 419 418 417
f 3920 3999 4000 3921
f 498 561 562 499
f 4049 4122 4123 4051
f 1095 1177 1178 1097
f 397 458 459 398
f 430 431 433 432
f 389 450 451 390
f 350 399 400 351
f 784 843 844 785
f 427 488 489 429
f 2757 2838 2839 2758
f 365 414 415 367
f 335 360 361 336
f 1781 1835 1836 1782
f 4041 4112 4113 4042
f 7865 7902 7903 7866
f 3778 3876 3877 3779
f 1485 1534 1535 1486
f 1325 1393 1394 1326
f 5969 6056 6057 5970
f 7946 7977 7978 7947
f 302 327 328 303
f 60 85 86 61
f 400 461 462 401
f 1123 1126 1125 1124
f 452 507 508 453
f 477 480 479 478
f 182 206 207 183
f 407 468 469 408
f 4100 4180 4181 4101
f 189 213 214 190
f 457 514 515 458
f 2049 2113 2115 2052
f 5961 6049 6050 5962
f 437 494 495 438
f 439 496 497 440
f 414 475 476 415
f 440 497 498 442
f 2621 2718 2719 2622
f 482 545 546 483
f 467 524 525 468
f 1167 1243 1244 1168
f 7930 7961 7962 7931
f 4131 4212 4211 4130
f 68 69 71 70
f 408 469 470 409
f 4101 4181 4182 4102
f 2893 2979 2980 2894
f 138 161 162 139
f 5953 6041 6042 5954
f 453 508 510 509
f 1938 1978 1979 1939
f 455 512 511 454
f 424 425 427 426
f 3829 3914 3915 3831
f 1219 1220 1221 1144
f 445 500 501 446
f 462 519 520 463
f 2501 2579 2580 2502
f 1413 1473 1474 1414
f 421 485 486 423
f 5834 5920 5921 5835
f 447 502 503 448
f 1025 1092 1093 1026
f 130 153 154 131
f 492 555 556 493
f 373 438 439 375
f 454 511 513 456
f 423 486 487 425
f 4148 4226 4227 4149
f 893 951 952 894
f 1043 1107 1108 1044
f 362 411 412 363
f 4050 4120 4122 4049
f 27 41 42 28
f 478 479 482 481
f 351 400 401 352
f 464 521 522 465
f 512 578 577 511
f 2081 2155 2156 2082
f 4073 4141 4142 4074
f 1239 1308 1309 1240
f 533 536 535 534
f 1890 1928 1929 1891
f 215 236 237 216
f 488 551 552 489
f 4837 4927 4928 4839
f 1235 1304 1305 1236
f 1541 1542 1544 1543
f 4042 4113 4114 4043
f 4051 4123 4124 4052
f 493 556 557 494
f 4132 4213 4214 4133
f 479 544 545 482
f 7205 7287 7288 7206
f 217 238 239 218
f 2057 2058 2059 2003
f 428 429 431 430
f 3 26 27 6
f 486 549 550 487
f 244 267 266 243
f 504 567 568 505
f 670 739 740 671
f 546 611 612 547
f 531 597 598 532
f 743 809 810 744
f 573 574 576 575
f 510 572 574 573
f 4010 4011 4013 4012
f 496 559 560 497
f 398 459 460 399
f 3197 3263 3264 3198
f 194 195 197 196
f 92 116 117 93
f 519 585 586 520
f 7069 7152 7151 7068
f 472 529 530 473
f 511 577 579 513
f 1315 1383 1384 1316
f 1441 1496 1497 1443
f 4035 4106 4107 4036
f 487 550 551 488
f 432 433 435 434
f 5541 5607 5608 5542
f 985 1048 1049 986
f 1557 1612 1613 1558
f 556 621 622 557
f 501 564 565 502
f 526 592 593 527
f 3858 3940 3941 3859
f 272 300 301 273
f 3054 3055 3058 3057
f 626 691 692 627
f 4161 4162 4164 4163
f 6049 6138 6139 6050
f 541 542 543 480
f 518 584 585 519
f 156 178 179 157
f 528 594 595 529
f 2686 2768 2769 2687
f 3341 3406 3407 3342
f 571 636 637 572
f 1383 1446 1447 1384
f 7905 7936 7937 7906
f 494 557 558 495
f 535 604 605 538
f 4300 4372 4373 4301
f 1382 1445 1446 1383
f 1387 1450 1451 1388
f 4089 4157 4158 4090
f 6009 6095 6096 6010
f 438 495 496 439
f 5930 6016 6017 5931
f 568 633 634 569
f 977 1040 1041 978
f 3806 3902 3903 3807
f 1645 1700 1701 1646
f 588 655 656 589
f 67 91 92 69
f 4163 4164 4166 4165
f 559 624 625 560
f 560 625 626 561
f 5318 5397 5398 5319
f 610 675 676 611
f 4081 4149 4150 4082
f 6001 6087 6088 6002
f 549 614 615 550
f 558 623 624 559
f 132 155 156 133
f 536 603 604 535
f 4990 5070 5071 4991
f 3501 3565 3566 3502
f 603 668 669 604
f 1463 1517 1518 1464
f 581 648 649 582
f 582 649 650 583
f 5866 5952 5953 5869
f 1459 1513 1514 1460
f 210 231 232 211
f 3017 3109 3110 3018
f 43 62 63 45
f 4075 4143 4144 4076
f 583 650 651 584
f 4212 4288 4287 4211
f 3694 3763 3764 3695
f 2105 2180 2181 2106
f 1709 1763 1764 1711
f 620 685 686 621
f 597 664 665 598
f 598 665 666 600
f 567 632 633 568
f 584 651 652 585
f 2118 2190 2191 2119
f 1363 1432 1433 1364
f 202 223 224 203
f 4130 4211 4213 4132
f 589 656 657 590
f 590 657 658 591
f 543 608 609 544
f 608 673 674 609
f 5397 5470 5471 5398
f 2121 2193 2194 2122
f 507 570 571 508
f 1551 1606 1607 1552
f 557 622 623 558
f 566 631 632 567
f 495 558 559 496
f 4276 4277 4278 4201
f 7262 7343 7342 7264
f 2373 2451 2453 2374
f 1197 1270 1271 1198
f 4122 4203 4204 4123
f 485 548 549 486
f 1922 1962 1961 1921
f 188 212 213 189
f 5998 6084 6085 5999
f 1789 1841 1843 1788
f 2017 2073 2075 2074
f 615 680 681 616
f 381 445 446 380
f 4386 4453 4454 4387
f 4115 4195 4196 4116
f 639 704 705 641
f 624 689 690 625
f 463 520 521 464
f 209 230 231 210
f 659 728 729 660
f 6017 6101 6103 6018
f 7896 7927 7928 7897
f 622 687 688 623
f 172 193 195 194
f 616 681 682 617
f 1935 1975 1974 1934
f 682 751 752 683
f 4193 4266 4267 4194
f 1639 1694 1695 1640
f 227 249 250 228
f 646 715 716 647
f 647 716 717 648
f 592 659 660 593
f 1631 1686 1687 1632
f 3797 3893 3895 3799
f 1861 1904 1905 1862
f 3057 3058 3060 3059
f 34 53 54 35
f 4099 4179 4180 4100
f 711 713 712 645
f 544 609 610 545
f 311 336 337 312
f 1611 1670 1671 1612
f 4121 4200 4202 4120
f 684 753 754 685
f 661 730 731 662
f 662 731 732 663
f 623 688 689 624
f 4244 4316 4318 4317
f 6702 6782 6783 6703
f 1065 1066 1068 1067
f 691 760 761 692
f 4170 4242 4244 4243
f 363 412 413 364
f 654 723 724 655
f 3906 3985 3986 3907
f 656 725 726 657
f 4183 4256 4257 4184
f 770 827 828 771
f 4113 4193 4194 4114
f 1767 1769 1768 1714
f 629 694 695 630
f 630 695 696 631
f 228 250 251 229
f 680 749 750 681
f 3903 3981 3983 3904
f 3933 4020 4022 3935
f 1949 1989 1990 1951
f 6041 6130 6131 6042
f 7937 7968 7969 7938
f 574 638 639 576
f 671 740 741 672
f 4228 4301 4302 4229
f 2599 2695 2696 2600
f 1699 1752 1753 1700
f 716 782 783 717
f 5071 5148 5149 5072
f 696 765 766 697
f 473 530 531 474
f 4105 4185 4186 4106
f 6033 6122 6123 6034
f 139 162 163 140
f 446 501 502 447
f 695 764 765 696
f 688 757 758 689
f 6471 6548 6550 6472
f 754 812 811 755
f 731 797 798 732
f 1791 1845 1846 1792
f 685 754 755 686
f 190 214 215 191
f 212 233 234 213
f 664 733 734 665
f 6199 6297 6298 6200
f 4077 4145 4146 4078
f 274 302 303 275
f 6025 6109 6111 6110
f 717 783 784 718
f 4283 4358 4359 4284
f 719 785 786 720
f 5914 6000 6001 5915
f 4927 5002 5003 4928
f 1771 1825 1826 1772
f 2005 2062 2063 2006
f 756 813 814 757
f 115 137 138 116
f 2010 2067 2068 2011
f 703 772 773 704
f 2137 2208 2209 2139
f 266 294 296 268
f 4202 4280 4281 4203
f 733 799 800 734
f 734 800 801 735
f 679 748 749 680
f 4348 4350 4349 4275
f 3391 3394 3393 3392
f 1683 1737 1738 1684
f 643 706 708 707
f 1863 1906 1907 1864
f 725 791 792 726
f 4435 4499 4500 4436
f 631 696 697 632
f 720 786 787 721
f 6582 6655 6656 6583
f 2153 2233 2232 2152
f 4145 4223 4224 4146
f 4194 4267 4268 4195
f 693 762 763 694
f 694 763 764 695
f 503 566 567 504
f 760 817 818 761
f 3299 3362 3363 3300
f 2093 2168 2169 2094
f 1859 1902 1903 1860
f 660 729 730 661
f 637 702 703 638
f 1954 1993 1994 1955
f 223 245 246 224
f 4260 4336 4337 4261
f 7143 7227 7228 7144
f 465 522 523 466
f 2033 2094 2095 2034
f 1319 1387 1388 1320
f 179 203 204 180
f 4187 4260 4261 4188
f 364 413 414 365
f 776 833 834 777
f 1648 1702 1703 1650
f 826 879 880 827
f 803 862 863 804
f 1943 1983 1984 1944
f 765 822 823 766
f 766 823 824 767
f 3994 4075 4076 3995
f 768 825 826 769
f 3056 3136 3137 3055
f 4349 4420 4422 4351
f 306 331 332 307
f 2985 3077 3078 2986
f 2157 2237 2238 2158
f 789 848 849 790
f 790 849 850 791
f 791 850 851 792
f 728 794 795 729
f 2776 2857 2858 2777
f 1939 1979 1980 1940
f 4185 4258 4259 4186
f 828 881 882 829
f 155 177 178 156
f 4171 4246 4245 4173
f 524 590 591 525
f 672 741 742 673
f 1496 1551 1552 1497
f 1009 1077 1078 1011
f 843 897 898 844
f 6105 6199 6200 6106
f 813 866 867 814
f 814 867 868 815
f 759 816 817 760
f 552 617 618 553
f 7911 7942 7943 7912
f 906 964 965 907
f 5408 5481 5483 5410
f 798 857 858 799
f 797 856 857 798
f 3938 4025 4026 3939
f 280 308 309 281
f 5128 5205 5206 5129
f 4517 4578 4579 4518
f 4177 4250 4251 4178
f 2007 2064 2065 2008
f 773 830 831 774
f 774 831 832 775
f 300 325 326 301
f 4452 4514 4515 4453
f 3752 3848 3850 3849
f 2003 2059 2060 2002
f 2237 2315 2316 2238
f 6161 6164 6163 6162
f 18 35 36 20
f 702 771 772 703
f 823 876 877 824
f 6002 6088 6089 6003
f 6224 6315 6316 6225
f 1001 1073 1074 1003
f 4153 4231 4232 4154
f 867 920 921 868
f 7616 7690 7691 7617
f 848 902 903 849
f 890 949 950 892
f 338 363 364 339
f 876 929 930 877
f 211 232 233 212
f 4227 4300 4301 4228
f 847 901 902 848
f 4668 4671 4670 4669
f 7336 7417 7418 7337
f 4653 4717 4718 4654
f 2301 2379 2380 2302
f 6065 6154 6155 6066
f 837 892 893 839
f 838 890 892 837
f 276 304 305 277
f 816 869 870 817
f 6088 6182 6183 6089
f 2067 2127 2128 2068
f 330 355 356 331
f 2079 2153 2152 2078
f 869 922 923 870
f 870 923 924 871
f 871 924 925 872
f 5946 6034 6035 5947
f 4356 4427 4428 4357
f 4504 4564 4566 4505
f 779 838 837 778
f 2169 2249 2250 2170
f 6057 6146 6147 6058
f 195 218 219 197
f 4203 4281 4282 4204
f 855 909 910 856
f 872 925 926 873
f 7735 7801 7802 7736
f 1995 2040 2041 1996
f 1797 1851 1852 1798
f 908 966 967 909
f 885 938 939 886
f 886 939 940 887
f 831 884 885 832
f 944 947 946 945
f 741 807 808 742
f 2193 2269 2270 2194
f 491 554 555 492
f 4282 4357 4358 4283
f 877 930 931 878
f 845 899 900 846
f 2159 2239 2240 2160
f 878 931 932 879
f 767 824 825 768
f 4332 4404 4405 4333
f 923 976 977 924
f 3549 3617 3618 3550
f 7849 7886 7887 7850
f 4274 4351 4352 4277
f 781 840 841 782
f 846 900 901 847
f 332 357 358 333
f 904 962 963 905
f 1317 1385 1386 1318
f 993 1056 1057 994
f 939 992 993 940
f 796 855 856 797
f 645 712 714 644
f 1994 2039 2040 1995
f 895 953 954 896
f 896 954 955 897
f 2085 2159 2160 2086
f 7810 7851 7852 7811
f 4265 4341 4342 4266
f 6073 6168 6169 6075
f 909 967 968 910
f 2223 2299 2300 2225
f 355 404 405 356
f 880 933 934 881
f 3532 3600 3601 3533
f 3001 3093 3094 3002
f 4267 4343 4344 4268
f 824 877 878 825
f 505 568 569 506
f 2437 2511 2512 2438
f 1034 1098 1099 1035
f 956 1022 1023 957
f 106 128 129 107
f 918 971 972 919
f 927 980 981 928
f 4388 4455 4456 4389
f 1941 1981 1982 1942
f 5069 5146 5147 5070
f 4225 4298 4299 4226
f 4314 4386 4387 4315
f 997 998 1001 1000
f 1006 1007 1009 1008
f 316 341 343 318
f 936 989 990 937
f 1253 1319 1320 1254
f 2275 2351 2352 2276
f 4251 4327 4328 4252
f 257 280 281 258
f 461 518 519 462
f 979 1042 1043 980
f 2287 2363 2364 2288
f 941 994 995 943
f 958 1024 1025 959
f 951 1017 1018 952
f 952 1018 1019 953
f 3245 3304 3305 3246
f 1018 1085 1086 1019
f 2209 2285 2286 2210
f 6097 6191 6192 6098
f 917 970 969 916
f 950 1016 1017 951
f 935 988 989 936
f 4372 4439 4440 4373
f 3077 3156 3157 3078
f 5213 5295 5296 5214
f 2509 2587 2588 2510
f 1060 1061 1064 1063
f 66 67 69 68
f 926 979 980 927
f 903 961 962 904
f 976 1039 1040 977
f 2139 2209 2210 2141
f 2355 2435 2436 2356
f 2129 2201 2202 2130
f 6089 6183 6184 6090
f 3978 4062 4063 3979
f 3677 3751 3750 3678
f 1003 1074 1075 1005
f 275 303 304 276
f 348 397 398 349
f 854 908 909 855
f 4381 4448 4449 4382
f 370 437 438 373
f 973 1036 1037 974
f 983 1046 1047 984
f 4237 4310 4311 4238
f 2661 2662 2664 2663
f 2343 2423 2424 2344
f 1069 1070 1071 999
f 718 784 785 719
f 999 1071 1072 998
f 960 1026 1027 961
f 3597 3667 3668 3598
f 1145 1146 1148 1147
f 434 435 436 371
f 6081 6175 6176 6082
f 259 282 283 260
f 982 1045 1046 983
f 372 373 375 374
f 1000 1001 1003 1002
f 2797 2876 2877 2798
f 2259 2335 2334 2258
f 5978 6065 6066 5979
f 1015 1082 1083 1016
f 405 466 467 406
f 1313 1382 1383 1315
f 634 699 700 635
f 1044 1108 1109 1045
f 1013 1080 1081 1014
f 4427 4493 4494 4428
f 1007 1076 1077 1009
f 4420 4486 4488 4422
f 4620 4690 4689 4619
f 2427 2501 2502 2428
f 4233 4306 4307 4234
f 4346 4418 4419 4347
f 1005 1075 1076 1007
f 2058 2118 2119 2059
f 991 1054 1055 992
f 1016 1083 1084 1017
f 5949 6037 6038 5950
f 129 152 153 130
f 2645 2736 2737 2646
f 2431 2505 2506 2432
f 981 1044 1045 982
f 1038 1102 1103 1039
f 919 972 973 920
f 1040 1104 1105 1041
f 6653 6734 6735 6652
f 2073 2133 2134 2075
f 4338 4410 4411 4339
f 6525 6600 6601 6526
f 1082 1166 1167 1083
f 925 978 979 926
f 775 832 833 776
f 5877 5960 5961 5879
f 307 332 333 308
f 1022 1089 1090 1023
f 5109 5186 5187 5110
f 1075 1159 1160 1076
f 990 1053 1054 991
f 1045 1109 1110 1046
f 4404 4470 4471 4405
f 5501 5568 5569 5502
f 996 999 998 997
f 2018 2078 2080 2020
f 1039 1103 1104 1040
f 1056 1120 1121 1057
f 7797 7838 7839 7798
f 2499 2577 2578 2500
f 418 484 485 421
f 1951 1990 1991 1952
f 1141 1144 1143 1142
f 4331 4403 4404 4332
f 516 582 583 517
f 1048 1112 1113 1049
f 7621 7695 7696 7622
f 625 690 691 626
f 2733 2814 2815 2734
f 644 714 715 646
f 291 317 316 290
f 1142 1143 1146 1145
f 4090 4158 4160 4159
f 1024 1091 1092 1025
f 1078 1162 1163 1079
f 1008 1009 1011 1010
f 1079 1163 1164 1080
f 4451 4513 4514 4452
f 1194 1267 1268 1195
f 4257 4333 4334 4258
f 3802 3898 3899 3803
f 1077 1161 1162 1078
f 4315 4387 4388 4316
f 1071 1155 1156 1072
f 832 885 886 833
f 270 298 299 271
f 5653 5718 5719 5654
f 1115 1196 1197 1116
f 7299 7380 7381 7300
f 1061 1150 1151 1064
f 1174 1176 1175 1096
f 1047 1111 1112 1048
f 1080 1164 1165 1081
f 1030 1032 1031 970
f 2651 2652 2654 2653
f 4249 4325 4326 4250
f 6177 6276 6277 6178
f 1053 1117 1118 1054
f 1086 1170 1171 1087
f 4026 4097 4098 4027
f 4604 4663 4664 4605
f 822 875 876 823
f 3476 3540 3541 3477
f 1062 1149 1150 1061
f 82 106 107 83
f 3353 3409 3411 3355
f 2813 2897 2898 2814
f 998 1072 1073 1001
f 6066 6155 6156 6067
f 545 610 611 546
f 1148 1224 1225 1149
f 412 473 474 413
f 206 227 228 207
f 4241 4314 4315 4242
f 1120 1201 1202 1121
f 1103 1184 1185 1104
f 1178 1251 1252 1179
f 3193 3259 3260 3194
f 379 380 383 382
f 4371 4437 4439 4372
f 1215 1216 1218 1217
f 1112 1193 1194 1113
f 7349 7429 7430 7350
f 5781 5853 5855 5783
f 1163 1239 1240 1164
f 2607 2704 2705 2608
f 1109 1190 1191 1110
f 1118 1199 1200 1119
f 396 457 458 397
f 1088 1172 1173 1089
f 5029 5107 5108 5030
f 2619 2716 2717 2620
f 466 523 524 467
f 3113 3188 3189 3114
f 1149 1225 1226 1150
f 1150 1226 1227 1151
f 1151 1227 1228 1152
f 6018 6103 6104 6019
f 4355 4426 4427 4356
f 4492 4556 4557 4493
f 1143 1222 1223 1146
f 2030 2032 2031 1988
f 2225 2300 2301 2227
f 2877 2960 2961 2878
f 1188 1261 1262 1189
f 331 356 357 332
f 1166 1242 1243 1167
f 1111 1192 1193 1112
f 1152 1228 1229 1153
f 5603 5671 5672 5604
f 2547 2623 2624 2548
f 458 515 516 459
f 4410 4476 4477 4411
f 1165 1241 1242 1166
f 1158 1234 1235 1159
f 1055 1119 1120 1056
f 1176 1247 1249 1175
f 2542 2618 2617 2541
f 2241 2319 2320 2242
f 1051 1115 1116 1052
f 2711 2791 2792 2712
f 1157 1233 1234 1158
f 1126 1205 1207 1125
f 460 517 518 461
f 4484 4546 4547 4485
f 3326 3329 3328 3327
f 4709 4767 4768 4710
f 2042 2103 2104 2043
f 1117 1198 1199 1118
f 1175 1249 1250 1177
f 73 94 95 75
f 3118 3193 3194 3119
f 2381 2460 2461 2382
f 6689 6770 6771 6690
f 1133 1134 1136 1135
f 4403 4469 4470 4404
f 1192 1265 1266 1193
f 1242 1311 1312 1243
f 4666 4730 4731 4667
f 933 986 987 934
f 1190 1263 1264 1191
f 1199 1272 1273 1200
f 1184 1257 1258 1185
f 2470 2545 2546 2471
f 6045 6134 6135 6046
f 2933 3019 3020 2934
f 6137 6242 6243 6138
f 653 722 723 654
f 1214 1286 1287 1216
f 444 499 500 445
f 1160 1236 1237 1161
f 1694 1747 1748 1695
f 2779 2860 2861 2780
f 2097 2172 2173 2098
f 2775 2856 2857 2776
f 7904 7935 7936 7905
f 4387 4454 4455 4388
f 1223 1292 1293 1224
f 1096 1175 1177 1095
f 4414 4480 4481 4415
f 1049 1113 1114 1050
f 4532 4593 4594 4533
f 1207 1279 1280 1208
f 4262 4338 4339 4263
f 1322 1390 1391 1323
f 1259 1325 1326 1260
f 1609 1668 1669 1610
f 170 192 193 172
f 1230 1299 1300 1231
f 1183 1256 1257 1184
f 1224 1293 1294 1225
f 6755 6831 6832 6756
f 6181 6280 6281 6182
f 4337 4409 4410 4338
f 1268 1334 1335 1269
f 907 965 966 908
f 1222 1291 1292 1223
f 4074 4142 4143 4075
f 1248 1314 1313 1247
f 4942 4943 4945 4944
f 2851 2935 2936 2852
f 3005 3097 3098 3006
f 4442 4504 4505 4443
f 635 700 701 636
f 1198 1271 1272 1199
f 500 563 564 501
f 4516 4577 4578 4517
f 5606 5674 5675 5607
f 417 418 421 420
f 1134 1211 1212 1136
f 1014 1081 1082 1015
f 1205 1277 1279 1207
f 1247 1313 1315 1249
f 4297 4369 4370 4298
f 2839 2923 2924 2840
f 4273 4274 4277 4276
f 726 792 793 727
f 1271 1337 1338 1272
f 1264 1330 1331 1265
f 5454 5523 5524 5455
f 1378 1379 1381 1314
f 1299 1364 1365 1300
f 6169 6267 6269 6170
f 403 464 465 404
f 198 221 220 200
f 484 547 548 485
f 1256 1322 1323 1257
f 4838 4839 4841 4840
f 6325 6413 6414 6326
f 4289 4363 4364 4290
f 1308 1373 1374 1309
f 1269 1335 1336 1270
f 6997 7087 7088 6998
f 1287 1352 1353 1288
f 1232 1301 1302 1233
f 3966 4050 4049 3965
f 2915 3001 3002 2916
f 3093 3168 3169 3094
f 6153 6257 6258 6154
f 1293 1358 1359 1294
f 4789 4887 4888 4791
f 1606 1665 1666 1607
f 2265 2341 2342 2266
f 2835 2919 2920 2836
f 2155 2235 2236 2156
f 4281 4356 4357 4282
f 2919 3005 3006 2920
f 387 449 450 389
f 4723 4781 4782 4724
f 1279 1346 1347 1280
f 6050 6139 6140 6051
f 7931 7962 7963 7932
f 2281 2357 2358 2282
f 1331 1399 1400 1332
f 6145 6249 6250 6146
f 1309 1374 1375 1310
f 1270 1336 1337 1271
f 1255 1321 1322 1256
f 4588 4647 4648 4589
f 7118 7201 7202 7119
f 2995 3087 3088 2996
f 530 596 597 531
f 1340 1408 1409 1341
f 1301 1366 1367 1302
f 5137 5216 5217 5138
f 1191 1264 1265 1192
f 1296 1361 1362 1297
f 7822 7861 7862 7823
f 305 330 331 306
f 3173 3239 3240 3174
f 4482 4544 4545 4483
f 1362 1431 1432 1363
f 1328 1396 1397 1329
f 1135 1136 1138 1137
f 7654 7728 7729 7655
f 6621 6694 6695 6622
f 522 588 589 523
f 4475 4537 4538 4476
f 783 842 843 784
f 4572 4631 4632 4573
f 7046 7130 7131 7048
f 3083 3162 3163 3084
f 1227 1296 1297 1228
f 2983 3075 3076 2984
f 1277 1345 1346 1279
f 1318 1386 1387 1319
f 231 253 254 232
f 1344 1411 1413 1343
f 6294 6382 6384 6296
f 1129 1132 1131 1130
f 4305 4377 4378 4306
f 4474 4536 4537 4475
f 1213 1285 1286 1214
f 1350 1420 1419 1351
f 4162 4238 4239 4164
f 1336 1404 1405 1337
f 1023 1090 1091 1024
f 1304 1369 1370 1305
f 1236 1305 1306 1237
f 3253 3312 3313 3254
f 435 492 493 436
f 3210 3278 3279 3211
f 1084 1168 1169 1085
f 1240 1309 1310 1241
f 879 932 933 880
f 1538 1539 1542 1541
f 2113 2185 2187 2115
f 2495 2573 2574 2496
f 1333 1401 1402 1334
f 1366 1435 1436 1367
f 788 847 848 789
f 1104 1185 1186 1105
f 1100 1181 1182 1101
f 6757 6833 6834 6758
f 1403 1466 1467 1404
f 3055 3137 3138 3058
f 1381 1444 1445 1382
f 1358 1427 1428 1359
f 1327 1395 1396 1328
f 840 894 895 841
f 1455 1509 1510 1456
f 3147 3222 3223 3148
f 562 627 628 563
f 3073 3152 3153 3074
f 419 483 484 418
f 1326 1394 1395 1327
f 1428 1486 1487 1429
f 3317 3380 3381 3318
f 1397 1460 1461 1398
f 1342 1344 1343 1278
f 6113 6205 6207 6206
f 296 321 322 297
f 4329 4401 4402 4330
f 1389 1452 1453 1390
f 4507 4568 4569 4508
f 564 629 630 565
f 7071 7154 7155 7072
f 2215 2293 2295 2217
f 1057 1121 1122 1058
f 1443 1497 1498 1444
f 6241 6332 6333 6242
f 1357 1426 1427 1358
f 1398 1461 1462 1399
f 1391 1454 1455 1392
f 5172 5243 5244 5173
f 2143 2144 2147 2146
f 154 176 177 155
f 1474 1525 1526 1475
f 1367 1436 1437 1368
f 4321 4393 4395 4323
f 3127 3202 3201 3126
f 539 540 542 541
f 1422 1480 1481 1423
f 1423 1481 1482 1424
f 4884 4967 4968 4885
f 591 658 659 592
f 6901 6978 6977 6900
f 3397 3460 3461 3398
f 6201 6299 6300 6202
f 1421 1478 1480 1422
f 4491 4555 4556 4492
f 548 613 614 549
f 1440 1442 1441 1380
f 6222 6313 6314 6223
f 3219 3287 3288 3220
f 4313 4385 4386 4314
f 1476 1527 1528 1477
f 1445 1499 1500 1446
f 1446 1500 1501 1447
f 1447 1501 1502 1448
f 7097 7180 7181 7098
f 4652 4716 4717 4653
f 1448 1502 1503 1449
f 1431 1489 1490 1432
f 3191 3257 3258 3192
f 2305 2382 2383 2307
f 1483 1532 1533 1484
f 6193 6292 6293 6194
f 1520 1522 1521 1472
f 2324 2404 2405 2325
f 3131 3206 3207 3132
f 594 661 662 595
f 3199 3265 3266 3200
f 459 516 517 460
f 1430 1488 1489 1431
f 3767 3865 3866 3768
f 2313 2391 2392 2314
f 1461 1515 1516 1462
f 1399 1462 1463 1400
f 3477 3541 3542 3478
f 1335 1403 1404 1336
f 1406 1469 1470 1407
f 4636 4702 4703 4637
f 4487 4549 4551 4486
f 5821 5907 5908 5822
f 586 653 654 587
f 6185 6284 6285 6186
f 1453 1507 1508 1454
f 2114 2186 2185 2113
f 596 663 664 597
f 1480 1530 1529 1481
f 4335 4407 4408 4336
f 777 834 836 835
f 1379 1443 1444 1381
f 1516 1571 1572 1517
f 1429 1487 1488 1430
f 4539 4600 4601 4540
f 1471 1523 1524 1473
f 1472 1521 1523 1471
f 3687 3756 3757 3688
f 1554 1609 1610 1555
f 2941 3027 3028 2942
f 4546 4607 4608 4547
f 1365 1434 1435 1366
f 1486 1535 1536 1487
f 7165 7249 7250 7166
f 2903 2989 2990 2904
f 1035 1099 1100 1036
f 3327 3328 3331 3330
f 1221 1290 1291 1222
f 1510 1565 1566 1511
f 1503 1558 1559 1504
f 4538 4599 4600 4539
f 1017 1084 1085 1018
f 4523 4584 4585 4524
f 1456 1510 1511 1457
f 3371 3427 3428 3372
f 1501 1556 1557 1502
f 580 647 648 581
f 5647 5712 5711 5646
f 1555 1610 1611 1556
f 627 692 693 628
f 5495 5562 5563 5496
f 234 256 257 235
f 1396 1459 1460 1397
f 1526 1581 1582 1527
f 1527 1582 1583 1528
f 1384 1447 1448 1385
f 3468 3532 3533 3469
f 601 602 603 536
f 4409 4475 4476 4410
f 6209 6305 6306 6211
f 1597 1598 1600 1599
f 1574 1576 1575 1522
f 1511 1566 1567 1512
f 4684 4744 4743 4683
f 6063 6152 6153 6064
f 1642 1697 1698 1643
f 3605 3677 3678 3606
f 3335 3400 3401 3336
f 1589 1590 1592 1591
f 1494 1550 1551 1496
f 1543 1544 1546 1545
f 1512 1567 1568 1513
f 6719 6799 6800 6720
f 7309 7390 7391 7310
f 1560 1615 1616 1561
f 4146 4224 4225 4147
f 6599 6672 6673 6600
f 3435 3496 3497 3436
f 4361 4431 4433 4363
f 3097 3172 3173 3098
f 1509 1564 1565 1510
f 1414 1474 1475 1415
f 5991 6077 6078 5992
f 4732 4734 4733 4671
f 513 579 580 514
f 1659 1661 1660 1603
f 1596 1644 1645 1598
f 1278 1343 1345 1277
f 1576 1628 1627 1575
f 1618 1677 1678 1619
f 4578 4637 4638 4579
f 1558 1613 1614 1559
f 1568 1623 1624 1569
f 628 693 694 629
f 5279 5280 5283 5282
f 178 202 203 179
f 4715 4773 4774 4716
f 4353 4424 4425 4354
f 3685 3753 3755 3686
f 7445 7527 7528 7446
f 3423 3484 3485 3424
f 547 612 613 548
f 2218 2296 2297 2219
f 1559 1614 1615 1560
f 1544 1587 1588 1546
f 2831 2915 2916 2832
f 3491 3555 3556 3492
f 2201 2277 2278 2202
f 6233 6324 6325 6234
f 1565 1620 1621 1566
f 1654 1655 1658 1657
f 1647 1648 1650 1649
f 6106 6200 6201 6107
f 6787 6863 6864 6788
f 1153 1229 1230 1154
f 1627 1683 1684 1629
f 4716 4774 4775 4717
f 1636 1691 1693 1638
f 666 735 736 667
f 1605 1664 1665 1606
f 1598 1645 1646 1600
f 612 677 678 613
f 1600 1646 1648 1647
f 5317 5396 5397 5318
f 3419 3480 3481 3420
f 523 589 590 524
f 6225 6316 6317 6226
f 1566 1621 1622 1567
f 1615 1674 1675 1616
f 1680 1682 1681 1628
f 352 401 402 353
f 2345 2425 2426 2346
f 3765 3863 3864 3766
f 3487 3551 3552 3488
f 1629 1684 1685 1630
f 2154 2234 2235 2155
f 4700 4759 4760 4701
f 3555 3623 3624 3556
f 6217 6309 6310 6219
f 1640 1695 1696 1641
f 1607 1666 1667 1608
f 249 272 273 250
f 1632 1687 1688 1633
f 1613 1672 1673 1614
f 1668 1722 1723 1669
f 4619 4689 4691 4621
f 1567 1622 1623 1568
f 1608 1667 1668 1609
f 1064 1151 1152 1066
f 1698 1751 1752 1699
f 658 727 728 659
f 4610 4673 4674 4612
f 1581 1633 1634 1582
f 1630 1685 1686 1631
f 1495 1548 1550 1494
f 1552 1607 1608 1553
f 920 973 974 921
f 7765 7807 7808 7766
f 922 975 976 923
f 3551 3619 3620 3552
f 1517 1572 1573 1518
f 579 646 647 580
f 3619 3691 3692 3620
f 304 329 330 305
f 4377 4444 4445 4378
f 4602 4661 4662 4603
f 1661 1713 1715 1660
f 1662 1716 1717 1663
f 1343 1413 1414 1345
f 1392 1455 1456 1393
f 7447 7529 7530 7448
f 3837 3918 3919 3839
f 1733 1735 1734 1682
f 4603 4662 4663 4604
f 1655 1707 1709 1658
f 1712 1714 1713 1661
f 2216 2294 2293 2215
f 1081 1165 1166 1082
f 2145 2216 2215 2144
f 1564 1619 1620 1565
f 563 628 629 564
f 1686 1740 1741 1687
f 780 839 840 781
f 4876 4959 4960 4877
f 1778 1832 1833 1779
f 3063 3142 3143 3064
f 1715 1771 1772 1716
f 1693 1745 1747 1694
f 4242 4315 4316 4244
f 1703 1756 1757 1704
f 7917 7948 7949 7918
f 2136 2137 2139 2138
f 698 767 768 699
f 1220 1289 1290 1221
f 1685 1739 1740 1686
f 1670 1724 1725 1671
f 1695 1748 1749 1696
f 6186 6285 6286 6187
f 5748 5817 5816 5747
f 3699 3768 3769 3700
f 3909 3988 3989 3910
f 1513 1568 1569 1514
f 1669 1723 1724 1670
f 1638 1693 1694 1639
f 1663 1717 1718 1664
f 1704 1757 1758 1706
f 2640 2732 2733 2642
f 1073 1157 1158 1074
f 4178 4251 4252 4179
f 1582 1634 1635 1583
f 1696 1749 1750 1697
f 3360 3416 3417 3361
f 1818 1819 1821 1820
f 4401 4467 4468 4402
f 1748 1801 1802 1749
f 218 239 240 219
f 4659 4723 4724 4660
f 692 761 762 693
f 3208 3276 3277 3209
f 1755 1808 1809 1756
f 6313 6401 6402 6314
f 611 676 677 612
f 1718 1774 1775 1719
f 1719 1775 1776 1720
f 1664 1718 1719 1665
f 2568 2646 2648 2647
f 94 118 119 95
f 4393 4459 4461 4395
f 3695 3764 3765 3696
f 1717 1773 1774 1718
f 1742 1796 1797 1743
f 3779 3877 3878 3780
f 1792 1846 1847 1793
f 3989 4070 4071 3990
f 6273 6361 6362 6274
f 4643 4706 4708 4644
f 2361 2441 2442 2362
f 1772 1826 1827 1773
f 7375 7460 7461 7376
f 6130 6235 6236 6131
f 3667 3738 3739 3668
f 4385 4452 4453 4386
f 6257 6348 6349 6258
f 1749 1802 1803 1750
f 1758 1811 1812 1760
f 1743 1797 1798 1744
f 4852 4853 4855 4854
f 4352 4423 4424 4353
f 2393 2469 2470 2394
f 1795 1849 1850 1796
f 3775 3873 3874 3776
f 595 662 663 596
f 1750 1803 1804 1751
f 676 745 746 677
f 1736 1790 1791 1737
f 1776 1830 1831 1777
f 1773 1827 1828 1774
f 3185 3251 3252 3186
f 1726 1782 1783 1727
f 1775 1829 1830 1776
f 4836 4837 4839 4838
f 6876 6950 6951 6877
f 6941 7017 7019 6943
f 730 796 797 731
f 1804 1858 1859 1805
f 1757 1810 1811 1758
f 1840 1842 1841 1789
f 1751 1804 1805 1752
f 4984 5064 5065 4985
f 169 191 192 170
f 4053 4125 4126 4054
f 4698 4757 4758 4699
f 1725 1781 1782 1726
f 2202 2278 2279 2203
f 1727 1783 1784 1728
f 1784 1838 1839 1785
f 5688 5752 5753 5689
f 1850 1894 1895 1851
f 722 788 789 723
f 4699 4758 4759 4700
f 1677 1731 1732 1678
f 1671 1725 1726 1672
f 1752 1805 1806 1753
f 5536 5602 5603 5537
f 1691 1746 1745 1693
f 1525 1580 1581 1526
f 1782 1836 1837 1783
f 724 790 791 725
f 1799 1853 1855 1801
f 1672 1726 1727 1673
f 4912 4989 4990 4914
f 358 407 408 359
f 3557 3625 3626 3558
f 3847 3930 3931 3848
f 1229 1298 1299 1230
f 3939 4026 4027 3940
f 4072 4140 4141 4073
f 4109 4189 4190 4110
f 4690 4750 4749 4689
f 763 820 821 764
f 1814 1868 1867 1813
f 1823 1875 1876 1824
f 4788 4886 4887 4789
f 6800 6873 6874 6801
f 1105 1186 1187 1106
f 4683 4743 4745 4686
f 298 323 324 299
f 708 776 777 710
f 1808 1862 1863 1809
f 6656 6738 6739 6657
f 1986 1988 1987 1950
f 2161 2241 2242 2162
f 4954 5034 5035 4955
f 1845 1889 1890 1846
f 1846 1890 1891 1847
f 1847 1891 1892 1848
f 1848 1892 1893 1849
f 109 131 132 110
f 6281 6369 6370 6282
f 1891 1929 1930 1892
f 899 957 958 900
f 1822 1874 1875 1823
f 1831 1878 1877 1832
f 4772 4870 4871 4773
f 7208 7290 7291 7209
f 502 565 566 503
f 1807 1861 1862 1808
f 1864 1907 1908 1865
f 1790 1844 1845 1791
f 1805 1859 1860 1806
f 4226 4299 4300 4227
f 1856 1899 1900 1857
f 7828 7867 7868 7829
f 4027 4098 4099 4028
f 4473 4535 4536 4474
f 3911 3990 3991 3912
f 250 273 274 251
f 1734 1788 1790 1736
f 7784 7825 7826 7785
f 1816 1870 1871 1817
f 529 595 596 530
f 4181 4254 4255 4182
f 3129 3204 3205 3130
f 667 736 737 668
f 1590 1641 1642 1592
f 764 821 822 765
f 6170 6269 6270 6171
f 7144 7228 7229 7145
f 1930 1970 1971 1931
f 4433 4497 4498 4434
f 1948 1950 1949 1911
f 4730 4788 4789 4731
f 1871 1914 1915 1872
f 1286 1351 1352 1287
f 4940 4941 4943 4942
f 6360 6447 6448 6361
f 638 703 704 639
f 1923 1963 1964 1924
f 3975 4059 4061 3977
f 1869 1912 1913 1870
f 4859 4938 4939 4861
f 4091 4171 4173 4093
f 3976 4060 4059 3975
f 4425 4491 4492 4426
f 6305 6393 6394 6306
f 1901 1939 1940 1902
f 2290 2365 2366 2292
f 1903 1941 1942 1904
f 1888 1926 1927 1889
f 3500 3564 3565 3501
f 2417 2491 2493 2419
f 4317 4318 4320 4319
f 1940 1980 1981 1941
f 740 806 807 741
f 1918 1958 1960 1959
f 1912 1952 1953 1913
f 7826 7865 7866 7827
f 4003 4084 4085 4005
f 4417 4483 4484 4418
f 6297 6385 6386 6298
f 651 720 721 652
f 5003 5083 5084 5004
f 1927 1967 1968 1928
f 4804 4899 4900 4805
f 2433 2507 2508 2434
f 1886 1923 1924 1885
f 1925 1965 1966 1926
f 1911 1949 1951 1910
f 1936 1976 1977 1937
f 669 738 739 670
f 4155 4233 4234 4156
f 1963 2005 2006 1964
f 4055 4127 4128 4056
f 1917 1957 1958 1918
f 2234 2312 2313 2235
f 1928 1968 1969 1929
f 1021 1088 1089 1022
f 521 587 588 522
f 949 1015 1016 950
f 802 861 862 803
f 6289 6377 6378 6290
f 1885 1924 1925 1887
f 4787 4885 4886 4788
f 1919 1922 1921 1920
f 1896 1934 1936 1898
f 147 169 170 149
f 2002 2060 2061 2004
f 4325 4397 4398 4326
f 1980 2024 2025 1981
f 1813 1867 1869 1815
f 1815 1869 1870 1816
f 1942 1982 1983 1943
f 1832 1877 1879 1833
f 269 297 298 270
f 934 987 988 935
f 794 853 854 795
f 4834 4835 4837 4836
f 699 768 769 700
f 1966 2008 2009 1967
f 1687 1741 1742 1688
f 1688 1742 1743 1689
f 4771 4869 4870 4772
f 4103 4183 4184 4104
f 1843 1887 1888 1844
f 1957 1996 1997 1958
f 1982 2026 2027 1983
f 1351 1419 1421 1352
f 1400 1463 1464 1401
f 1637 1692 1691 1636
f 4235 4308 4309 4236
f 4441 4503 4504 4442
f 4826 4827 4829 4828
f 1981 2025 2026 1982
f 1974 2018 2020 1976
f 5004 5084 5085 5005
f 932 985 986 933
f 6282 6370 6371 6283
f 4389 4456 4457 4390
f 683 752 753 684
f 4306 4378 4379 4307
f 1549 1602 1604 1548
f 2185 2261 2263 2187
f 1121 1202 1203 1122
f 1892 1930 1931 1893
f 1997 2042 2043 1998
f 1950 1987 1989 1949
f 2047 2050 2049 2048
f 2000 2044 2046 2045
f 411 472 473 412
f 2066 2126 2127 2067
f 2019 2079 2078 2018
f 3623 3695 3696 3624
f 1989 2034 2035 1990
f 1894 1932 1933 1895
f 1076 1160 1161 1077
f 1853 1896 1898 1855
f 1070 1154 1155 1071
f 842 896 897 843
f 4307 4379 4380 4308
f 4191 4264 4265 4192
f 1965 2007 2008 1966
f 4915 4916 4917 4819
f 1967 2009 2010 1968
f 5164 5235 5236 5165
f 2229 2302 2303 2231
f 1113 1194 1195 1114
f 4469 4531 4532 4470
f 3145 3220 3221 3146
f 2050 2114 2113 2049
f 1968 2010 2011 1969
f 4258 4334 4335 4259
f 2149 2218 2219 2151
f 1206 1278 1277 1205
f 4465 4527 4528 4466
f 2044 2105 2106 2046
f 282 310 311 283
f 1998 2043 2044 2000
f 844 898 899 845
f 6226 6317 6318 6227
f 675 744 745 676
f 4379 4446 4447 4380
f 2107 2110 2109 2108
f 6369 6456 6457 6370
f 4457 4519 4520 4458
f 4263 4339 4340 4264
f 2457 2532 2533 2458
f 1405 1468 1469 1406
f 6337 6422 6421 6336
f 2022 2082 2083 2023
f 4924 4999 5000 4925
f 4291 4365 4366 4292
f 4573 4632 4633 4574
f 2068 2128 2129 2069
f 739 805 806 740
f 4803 4897 4899 4804
f 2015 2072 2073 2017
f 2024 2084 2085 2025
f 7890 7921 7923 7892
f 2481 2555 2556 2482
f 4449 4511 4512 4450
f 6329 6417 6418 6330
f 2013 2070 2071 2014
f 2054 2116 2117 2056
f 2039 2100 2101 2040
f 2056 2117 2118 2058
f 2717 2797 2798 2718
f 2083 2157 2158 2084
f 2061 2121 2122 2062
f 4908 4985 4986 4909
f 142 165 166 143
f 2038 2099 2100 2039
f 820 873 874 821
f 1097 1178 1179 1098
f 4343 4415 4416 4344
f 2071 2131 2132 2072
f 2006 2063 2064 2007
f 2072 2132 2133 2073
f 955 1021 1022 956
f 3218 3286 3287 3219
f 874 927 928 875
f 6321 6409 6410 6322
f 723 789 790 724
f 2274 2350 2351 2275
f 2063 2123 2124 2064
f 2064 2124 2125 2065
f 2092 2165 2167 2091
f 4810 4908 4909 4812
f 4629 4696 4695 4630
f 2077 2135 2137 2136
f 4843 4930 4931 4845
f 2023 2083 2084 2024
f 2032 2091 2093 2031
f 2989 3081 3082 2990
f 1502 1557 1558 1503
f 866 919 920 867
f 4431 4495 4497 4433
f 2069 2129 2130 2070
f 2142 2145 2144 2143
f 1975 2019 2018 1974
f 1976 2020 2021 1977
f 3381 3437 3438 3382
f 2094 2169 2170 2095
f 2021 2081 2082 2022
f 4515 4576 4577 4516
f 3309 3372 3373 3310
f 2051 2052 2054 2053
f 4794 4891 4892 4795
f 1973 2015 2017 2016
f 4827 4922 4923 4829
f 884 937 938 885
f 4956 5036 5037 4957
f 1283 1349 1348 1284
f 569 634 635 570
f 4117 4197 4198 4118
f 2020 2080 2081 2021
f 1821 1873 1874 1822
f 2110 2183 2182 2109
f 2087 2161 2162 2088
f 2088 2162 2163 2089
f 2653 2654 2656 2655
f 2306 2307 2309 2308
f 1675 1729 1730 1676
f 6345 6430 6431 6346
f 2101 2176 2177 2102
f 2102 2177 2178 2103
f 2119 2191 2192 2120
f 3965 4049 4051 3967
f 410 471 472 411
f 891 948 949 890
f 371 436 437 370
f 3893 3975 3977 3895
f 2120 2192 2193 2121
f 5756 5825 5826 5757
f 346 395 396 347
f 868 921 922 869
f 4495 4558 4560 4497
f 2078 2152 2154 2080
f 5020 5021 5023 5022
f 1646 1701 1702 1648
f 3169 3235 3236 3170
f 1579 1631 1632 1580
f 2144 2215 2217 2147
f 4595 4654 4655 4596
f 2505 2583 2584 2506
f 2172 2252 2253 2173
f 2141 2210 2212 2211
f 2014 2071 2072 2015
f 2135 2207 2208 2137
f 2128 2200 2201 2129
f 4173 4245 4247 4174
f 2171 2251 2252 2172
f 1902 1940 1941 1903
f 2133 2205 2206 2134
f 2127 2199 2200 2128
f 2096 2171 2172 2097
f 4549 4612 4613 4551
f 297 322 323 298
f 2329 2409 2410 2330
f 4882 4965 4966 4883
f 2109 2182 2184 2112
f 2134 2206 2207 2135
f 2095 2170 2171 2096
f 6258 6349 6350 6259
f 4290 4364 4365 4291
f 4995 5075 5076 4996
f 2210 2286 2287 2212
f 4461 4523 4524 4462
f 4845 4931 4932 4847
f 4559 4620 4619 4558
f 314 339 340 315
f 2362 2442 2443 2363
f 916 969 971 918
f 4988 5068 5069 4989
f 1907 1945 1946 1908
f 1806 1860 1861 1807
f 2249 2326 2327 2250
f 6361 6448 6449 6362
f 811 864 866 813
f 2182 2258 2260 2184
f 2167 2247 2248 2168
f 2160 2240 2241 2161
f 3757 3855 3856 3758
f 4675 4739 4740 4676
f 2219 2297 2298 2221
f 2212 2287 2288 2214
f 2165 2246 2247 2167
f 2174 2254 2255 2175
f 2191 2267 2268 2192
f 2192 2268 2269 2193
f 1019 1086 1087 1020
f 1233 1302 1303 1234
f 6441 6443 6442 6357
f 2222 2223 2225 2224
f 4201 4278 4279 4200
f 4972 5052 5053 4973
f 900 958 959 901
f 7655 7729 7730 7656
f 4579 4638 4639 4580
f 5585 5652 5653 5586
f 2197 2273 2274 2198
f 2207 2283 2284 2208
f 5685 5747 5749 5684
f 4909 4986 4987 4910
f 795 854 855 796
f 2199 2275 2276 2200
f 2208 2284 2285 2209
f 2513 2591 2592 2514
f 5613 5681 5682 5614
f 2200 2276 2277 2201
f 4739 4798 4799 4740
f 5041 5119 5120 5042
f 4623 4693 4694 4624
f 2221 2298 2299 2223
f 2314 2392 2393 2315
f 2175 2255 2256 2176
f 2168 2248 2249 2169
f 2459 2534 2535 2460
f 2205 2281 2282 2206
f 6353 6438 6440 6355
f 4907 4984 4985 4908
f 2103 2178 2179 2104
f 2104 2179 2180 2105
f 4901 4980 4981 4902
f 289 290 293 292
f 1202 1275 1276 1203
f 2268 2344 2345 2269
f 2173 2253 2254 2174
f 2206 2282 2283 2207
f 1983 2027 2028 1984
f 2777 2858 2859 2778
f 2282 2358 2359 2283
f 2246 2323 2324 2247
f 2117 2189 2190 2118
f 2231 2303 2305 2304
f 1984 2028 2029 1985
f 6213 6307 6308 6215
f 2086 2160 2161 2087
f 4973 5053 5054 4974
f 4922 4997 4998 4923
f 851 905 906 852
f 4891 4974 4975 4892
f 1068 1153 1154 1070
f 2232 2310 2312 2234
f 6141 6245 6247 6143
f 4819 4917 4918 4818
f 1161 1237 1238 1162
f 4711 4769 4770 4712
f 2245 2322 2321 2244
f 2262 2338 2337 2261
f 4370 4438 4437 4371
f 5148 5227 5228 5149
f 2747 2828 2830 2749
f 1177 1250 1251 1178
f 2299 2377 2378 2300
f 4914 4990 4991 4916
f 2269 2345 2346 2270
f 2254 2331 2332 2255
f 2271 2347 2348 2272
f 6346 6431 6432 6347
f 2370 2448 2450 2449
f 2220 2221 2223 2222
f 2263 2339 2340 2264
f 2214 2288 2290 2289
f 827 880 881 828
f 2239 2317 2318 2240
f 2280 2356 2357 2281
f 6445 6524 6525 6446
f 2238 2316 2317 2239
f 954 1020 1021 955
f 4207 4285 4286 4208
f 2285 2361 2362 2286
f 2158 2238 2239 2159
f 4322 4394 4393 4321
f 6789 6865 6866 6790
f 5037 5115 5116 5038
f 2277 2353 2354 2278
f 6717 6797 6798 6718
f 4947 5027 5026 4946
f 2272 2348 2349 2273
f 3027 3119 3120 3028
f 4883 4966 4967 4884
f 4521 4582 4584 4523
f 1860 1903 1904 1861
f 2253 2330 2331 2254
f 2286 2362 2363 2287
f 972 1035 1036 973
f 2367 2368 2370 2369
f 617 682 683 618
f 6013 6099 6100 6014
f 2339 2419 2420 2340
f 4434 4498 4499 4435
f 378 381 380 379
f 2310 2390 2389 2312
f 2319 2397 2398 2320
f 2240 2318 2319 2241
f 2235 2313 2314 2236
f 2354 2434 2435 2355
f 948 1014 1015 949
f 4931 5006 5007 4932
f 6298 6386 6387 6299
f 2366 2446 2447 2368
f 7277 7358 7359 7278
f 4513 4574 4575 4514
f 2348 2428 2429 2349
f 875 928 929 876
f 2326 2406 2407 2327
f 2327 2407 2408 2328
f 5132 5134 5133 5058
f 3331 3397 3398 3333
f 4955 5035 5036 4956
f 5117 5194 5195 5118
f 6449 6528 6529 6450
f 2309 2384 2386 2385
f 2318 2396 2397 2319
f 2399 2401 2400 2322
f 2312 2389 2391 2313
f 7549 7626 7627 7550
f 2529 2605 2606 2530
f 3369 3425 3426 3370
f 4847 4932 4933 4849
f 2341 2421 2422 2342
f 2294 2372 2371 2293
f 2295 2373 2374 2296
f 2344 2424 2425 2345
f 7949 7980 7981 7950
f 4867 4950 4951 4868
f 2371 2452 2451 2373
f 6393 6480 6481 6394
f 915 917 916 865
f 2346 2426 2427 2347
f 5044 5122 5123 5045
f 2545 2621 2622 2546
f 986 1049 1050 987
f 2357 2437 2438 2358
f 4979 5057 5059 4978
f 2247 2324 2325 2248
f 2360 2440 2441 2361
f 7877 7914 7915 7878
f 1254 1320 1321 1255
f 5189 5260 5261 5190
f 2396 2472 2473 2397
f 2349 2429 2430 2350
f 2350 2430 2431 2351
f 1012 1079 1080 1013
f 2352 2432 2433 2353
f 121 143 144 122
f 2317 2395 2396 2318
f 2351 2431 2432 2352
f 2328 2408 2409 2329
f 3587 3659 3660 3588
f 2426 2500 2501 2427
f 978 1041 1042 979
f 3337 3402 3403 3338
f 2261 2337 2339 2263
f 2374 2453 2454 2375
f 2267 2343 2344 2268
f 7133 7217 7218 7134
f 2248 2325 2326 2249
f 2654 2741 2742 2656
f 4717 4775 4776 4718
f 4935 5010 5011 4936
f 2125 2197 2198 2126
f 4963 5043 5044 4964
f 2383 2462 2463 2384
f 5092 5166 5167 5093
f 1837 1883 1884 1838
f 3257 3316 3317 3258
f 2398 2474 2476 2475
f 5091 5165 5166 5092
f 542 607 608 543
f 5261 5340 5341 5262
f 2428 2502 2503 2429
f 1237 1306 1307 1238
f 2382 2461 2462 2383
f 988 1051 1052 989
f 2384 2463 2464 2386
f 470 527 528 471
f 1193 1266 1267 1194
f 1633 1688 1689 1634
f 4978 5059 5060 4980
f 7912 7943 7944 7913
f 2358 2438 2439 2359
f 2407 2484 2485 2408
f 2408 2485 2486 2409
f 3971 3972 3974 3973
f 2514 2592 2593 2515
f 2443 2517 2518 2444
f 5007 5087 5088 5008
f 1523 1578 1579 1524
f 2302 2380 2381 2303
f 2391 2466 2468 2392
f 5068 5145 5146 5069
f 742 808 809 743
f 2798 2877 2878 2799
f 4585 4644 4645 4586
f 4970 5050 5051 4971
f 1211 1283 1284 1212
f 2166 2244 2246 2165
f 2359 2439 2440 2360
f 2432 2506 2507 2433
f 5171 5242 5243 5172
f 5234 5312 5311 5233
f 5325 5404 5405 5326
f 2389 2467 2466 2391
f 1910 1951 1952 1912
f 4354 4425 4426 4355
f 2424 2498 2499 2425
f 1102 1183 1184 1103
f 561 626 627 562
f 4609 4611 4610 4550
f 6401 6488 6489 6402
f 4345 4417 4418 4346
f 1294 1359 1360 1295
f 1052 1116 1117 1053
f 2392 2468 2469 2393
f 2483 2557 2558 2484
f 2498 2576 2577 2499
f 5079 5156 5157 5080
f 947 1012 1013 946
f 2434 2508 2509 2435
f 2439 2513 2514 2440
f 6330 6418 6419 6331
f 1046 1110 1111 1047
f 2934 3020 3021 2935
f 3201 3270 3271 3203
f 2445 2519 2520 2446
f 5595 5663 5664 5594
f 2463 2538 2539 2464
f 5124 5201 5202 5125
f 4195 4268 4269 4196
f 5243 5321 5322 5244
f 4545 4606 4607 4546
f 1036 1100 1101 1037
f 2456 2531 2532 2457
f 2480 2554 2555 2481
f 2479 2553 2554 2480
f 374 375 377 376
f 2500 2578 2579 2501
f 5405 5478 5479 5406
f 2469 2544 2545 2470
f 5291 5369 5370 5290
f 2471 2546 2547 2472
f 5108 5185 5186 5109
f 3403 3466 3467 3404
f 2561 2632 2634 2564
f 4537 4598 4599 4538
f 5010 5090 5091 5011
f 931 984 985 932
f 2430 2504 2505 2431
f 2447 2521 2522 2448
f 2488 2566 2565 2487
f 4753 4814 4815 4754
f 5147 5226 5227 5148
f 2515 2593 2594 2516
f 5143 5222 5223 5144
f 2493 2571 2572 2494
f 5273 5352 5353 5274
f 2375 2454 2455 2376
f 2560 2561 2564 2563
f 4483 4545 4546 4484
f 2649 2650 2652 2651
f 1066 1152 1153 1068
f 6433 6514 6515 6434
f 2477 2551 2552 2478
f 5043 5121 5122 5044
f 2255 2332 2333 2256
f 2464 2539 2540 2465
f 1926 1966 1967 1927
f 5307 5386 5387 5308
f 5477 5546 5547 5478
f 2494 2572 2573 2495
f 2400 2478 2479 2402
f 2270 2346 2347 2271
f 553 618 619 554
f 1130 1131 1134 1133
f 2548 2624 2625 2549
f 2453 2528 2529 2454
f 2518 2596 2597 2519
f 1991 2036 2037 1992
f 2264 2340 2341 2265
f 2190 2266 2267 2191
f 2562 2633 2632 2561
f 2419 2493 2494 2420
f 5027 5105 5104 5026
f 2397 2473 2474 2398
f 1359 1428 1429 1360
f 1992 2037 2038 1993
f 4795 4892 4893 4796
f 3238 3297 3298 3239
f 4553 4615 4616 4554
f 6425 6506 6507 6426
f 987 1050 1051 988
f 2534 2610 2611 2535
f 239 261 262 240
f 1416 1476 1477 1418
f 1454 1508 1509 1455
f 5387 5460 5461 5388
f 1209 1281 1283 1211
f 2838 2922 2923 2839
f 5215 5297 5298 5216
f 5549 5617 5619 5551
f 2517 2595 2596 2518
f 5934 6020 6021 5935
f 2758 2839 2840 2759
f 2526 2604 2603 2528
f 2549 2625 2626 2550
f 1388 1451 1452 1389
f 6410 6497 6498 6411
f 2503 2581 2582 2504
f 5051 5129 5130 5052
f 2233 2311 2310 2232
f 971 1034 1035 972
f 6249 6340 6341 6250
f 3030 3122 3123 3031
f 2571 2667 2668 2572
f 2565 2644 2645 2567
f 2642 2733 2734 2643
f 3414 3475 3476 3415
f 1106 1187 1188 1107
f 6409 6496 6497 6410
f 2637 2638 2640 2639
f 2502 2580 2581 2503
f 1204 1206 1205 1126
f 5740 5810 5811 5741
f 3342 3407 3408 3343
f 3382 3438 3439 3383
f 5621 5688 5689 5622
f 2588 2684 2685 2589
f 2533 2609 2610 2534
f 2438 2512 2513 2439
f 2567 2645 2646 2568
f 5444 5513 5514 5445
f 5339 5417 5418 5340
f 5459 5528 5529 5460
f 4577 4636 4637 4578
f 5050 5128 5129 5051
f 394 455 454 393
f 5075 5152 5153 5076
f 2575 2671 2672 2576
f 2520 2598 2599 2521
f 2614 2711 2712 2615
f 1201 1274 1275 1202
f 2603 2702 2701 2605
f 5367 5368 5369 5291
f 1011 1078 1079 1012
f 2566 2643 2644 2565
f 5554 5622 5623 5555
f 7233 7313 7312 7232
f 4555 4617 4618 4556
f 2626 2723 2724 2627
f 4569 4628 4629 4570
f 2573 2669 2670 2574
f 2590 2686 2687 2591
f 2591 2687 2688 2592
f 5204 5275 5276 5205
f 3902 3982 3981 3903
f 3526 3594 3595 3527
f 5693 5757 5758 5694
f 5042 5120 5121 5043
f 2597 2693 2694 2598
f 5059 5136 5137 5060
f 2583 2679 2680 2584
f 5547 5613 5614 5548
f 5635 5702 5703 5636
f 4561 4622 4623 4562
f 2468 2543 2544 2469
f 1067 1068 1070 1069
f 2606 2703 2704 2607
f 2647 2648 2650 2649
f 2584 2680 2681 2585
f 4190 4263 4264 4191
f 2569 2665 2667 2571
f 2643 2734 2735 2644
f 4791 4888 4889 4792
f 4574 4633 4634 4575
f 2608 2705 2706 2609
f 5443 5512 5513 5444
f 5351 5429 5430 5352
f 2598 2694 2695 2599
f 5188 5259 5260 5189
f 2585 2681 2682 2586
f 1154 1230 1231 1155
f 3217 3285 3286 3218
f 2613 2710 2711 2614
f 2574 2670 2671 2575
f 2632 2727 2729 2634
f 2414 2489 2490 2416
f 2660 2744 2745 2662
f 2418 2492 2491 2417
f 2624 2721 2722 2625
f 1185 1258 1259 1186
f 6513 6589 6590 6514
f 5115 5192 5193 5116
f 2690 2772 2773 2691
f 4510 4571 4572 4511
f 5757 5826 5827 5758
f 5431 5504 5505 5432
f 2605 2701 2703 2606
f 2638 2731 2732 2640
f 2511 2589 2590 2512
f 2592 2688 2689 2593
f 5923 6009 6010 5924
f 3766 3864 3865 3767
f 1146 1223 1224 1148
f 6473 6551 6552 6474
f 2581 2677 2678 2582
f 2662 2745 2746 2664
f 1156 1232 1233 1157
f 2528 2603 2605 2529
f 3830 3831 3833 3832
f 5675 5737 5738 5676
f 2635 2636 2638 2637
f 2692 2774 2775 2693
f 2541 2617 2619 2543
f 5099 5173 5174 5100
f 2615 2712 2713 2616
f 5236 5314 5315 5237
f 5150 5229 5230 5151
f 609 674 675 610
f 5269 5348 5349 5270
f 6465 6544 6545 6466
f 2405 2482 2483 2406
f 2678 2760 2761 2679
f 2679 2761 2762 2680
f 2656 2742 2743 2658
f 5070 5147 5148 5071
f 2778 2859 2860 2779
f 2669 2751 2752 2670
f 1140 1214 1216 1215
f 2688 2770 2771 2689
f 6211 6306 6307 6213
f 3934 4021 4020 3933
f 2251 2328 2329 2252
f 5503 5570 5571 5504
f 1195 1268 1269 1196
f 2670 2752 2753 2671
f 2695 2777 2778 2696
f 5212 5294 5295 5213
f 1137 1138 1140 1139
f 5747 5816 5818 5749
f 6457 6536 6537 6458
f 490 553 554 491
f 2646 2737 2738 2648
f 2687 2769 2770 2688
f 2704 2784 2785 2705
f 5390 5463 5465 5392
f 577 644 646 579
f 2731 2812 2813 2732
f 2732 2813 2814 2733
f 2582 2678 2679 2583
f 2696 2778 2779 2697
f 2623 2720 2721 2624
f 5734 5804 5805 5735
f 2762 2843 2844 2763
f 4657 4721 4722 4658
f 5114 5191 5192 5115
f 2709 2789 2790 2710
f 2446 2520 2521 2447
f 4418 4484 4485 4419
f 2672 2754 2755 2673
f 5670 5732 5733 5671
f 4086 4154 4155 4087
f 5885 5967 5968 5886
f 5567 5635 5636 5568
f 2701 2783 2782 2703
f 2710 2790 2791 2711
f 1196 1269 1270 1197
f 6394 6481 6482 6395
f 6483 6561 6562 6484
f 5106 5183 5184 5107
f 4617 4679 4680 4618
f 2677 2759 2760 2678
f 5363 5364 5366 5365
f 2719 2799 2800 2720
f 5268 5347 5348 5269
f 4926 5001 5002 4927
f 5811 5897 5898 5812
f 2763 2844 2845 2764
f 2636 2730 2731 2638
f 442 498 499 444
f 2506 2584 2585 2507
f 2743 2824 2825 2744
f 2728 2807 2809 2727
f 5715 5785 5786 5716
f 1305 1370 1371 1306
f 4601 4660 4661 4602
f 6481 6559 6560 6482
f 1083 1167 1168 1084
f 2750 2831 2832 2751
f 1180 1253 1254 1181
f 2752 2833 2834 2753
f 5281 5357 5359 5280
f 5731 5801 5802 5732
f 5957 6045 6046 5958
f 5655 5720 5721 5656
f 2741 2822 2823 2742
f 2742 2823 2824 2743
f 2759 2840 2841 2760
f 5252 5332 5333 5254
f 2315 2393 2394 2316
f 2617 2714 2716 2619
f 2321 2402 2403 2323
f 3241 3300 3301 3242
f 2768 2849 2850 2769
f 6510 6586 6587 6511
f 5891 5973 5974 5892
f 2795 2874 2873 2794
f 2796 2875 2876 2797
f 2765 2846 2847 2766
f 2718 2798 2799 2719
f 2751 2832 2833 2752
f 2760 2841 2842 2761
f 1226 1295 1296 1227
f 281 309 310 282
f 5170 5241 5242 5171
f 1147 1148 1149 1062
f 2450 2523 2525 2524
f 2727 2809 2810 2729
f 2736 2817 2818 2737
f 6854 6928 6930 6856
f 2826 2910 2911 2827
f 6021 6106 6107 6022
f 5711 5781 5783 5713
f 2671 2753 2754 2672
f 6774 6850 6851 6775
f 2680 2762 2763 2681
f 2519 2597 2598 2520
f 7059 7142 7143 7060
f 4382 4449 4450 4383
f 1218 1288 1289 1220
f 6505 6581 6582 6506
f 2789 2868 2869 2790
f 5203 5274 5275 5204
f 2791 2870 2871 2792
f 2536 2612 2613 2537
f 6062 6151 6152 6063
f 5955 6043 6044 5956
f 1498 1553 1554 1499
f 2828 2912 2914 2830
f 2773 2854 2855 2774
f 2774 2855 2856 2775
f 1380 1441 1443 1379
f 2792 2871 2872 2793
f 7390 7475 7476 7391
f 1249 1315 1316 1250
f 2749 2830 2831 2750
f 6497 6575 6576 6498
f 2814 2898 2899 2815
f 4506 4567 4568 4507
f 5428 5501 5502 5429
f 7326 7407 7408 7327
f 2914 3000 3001 2915
f 4681 4684 4683 4682
f 5783 5855 5856 5784
f 2685 2767 2768 2686
f 5187 5258 5259 5188
f 2823 2907 2908 2824
f 6482 6560 6561 6483
f 7339 7420 7421 7340
f 4542 4603 4604 4543
f 6085 6179 6180 6086
f 6489 6567 6568 6490
f 1131 1209 1211 1134
f 2830 2914 2915 2831
f 2815 2899 2900 2816
f 2832 2916 2917 2833
f 7590 7665 7664 7591
f 6027 6117 6118 6029
f 2273 2349 2350 2274
f 2860 2944 2945 2861
f 2821 2905 2906 2822
f 2822 2906 2907 2823
f 2799 2878 2879 2800
f 2824 2908 2909 2825
f 23 24 25 4
f 1241 1310 1311 1242
f 2867 2950 2951 2868
f 5202 5273 5274 5203
f 2845 2929 2930 2846
f 4450 4512 4513 4451
f 7902 7933 7934 7903
f 2898 2984 2985 2899
f 1258 1324 1325 1259
f 5863 5950 5951 5864
f 1107 1188 1189 1108
f 2790 2869 2870 2791
f 1284 1348 1350 1285
f 4670 4735 4736 4672
f 7643 7717 7718 7644
f 6149 6253 6254 6150
f 5194 5265 5266 5195
f 2861 2945 2946 2862
f 2806 2808 2807 2728
f 2847 2931 2932 2848
f 2800 2879 2880 2801
f 2853 2937 2938 2854
f 5235 5313 5314 5236
f 7190 7274 7273 7192
f 4649 4713 4714 4650
f 2854 2938 2939 2855
f 2829 2913 2912 2828
f 6434 6515 6516 6435
f 6099 6193 6194 6100
f 2899 2985 2986 2900
f 2772 2853 2854 2773
f 474 531 532 475
f 2966 2967 2970 2969
f 2871 2954 2955 2872
f 5340 5418 5419 5341
f 6851 6925 6926 6852
f 2633 2728 2727 2632
f 4641 4707 4706 4643
f 5359 5434 5436 5360
f 1179 1252 1253 1180
f 5219 5301 5302 5220
f 1260 1326 1327 1261
f 2856 2940 2941 2857
f 527 593 594 528
f 6011 6097 6098 6012
f 6221 6312 6313 6222
f 2452 2527 2526 2451
f 2965 2968 2967 2966
f 2894 2980 2981 2895
f 12 32 31 11
f 2896 2982 2983 2897
f 2673 2755 2756 2674
f 4633 4699 4700 4634
f 1585 1637 1636 1584
f 2901 2987 2988 2902
f 2886 2973 2974 2885
f 2895 2981 2982 2896
f 5324 5403 5404 5325
f 799 858 859 800
f 3566 3634 3635 3567
f 2931 3017 3018 2932
f 2932 3018 3019 2933
f 1155 1231 1232 1156
f 2870 2953 2954 2871
f 2879 2962 2963 2880
f 2912 2998 3000 2914
f 1159 1235 1236 1160
f 273 301 302 274
f 1298 1363 1364 1299
f 6585 6658 6659 6586
f 2917 3003 3004 2918
f 2482 2556 2557 2483
f 2855 2939 2940 2856
f 2904 2990 2991 2905
f 1087 1171 1172 1088
f 2962 3048 3049 2963
f 6301 6389 6390 6302
f 5999 6085 6086 6000
f 2909 2995 2996 2910
f 5275 5354 5355 5276
f 2887 2888 2890 2889
f 2880 2963 2964 2881
f 308 333 334 309
f 4958 5038 5039 4959
f 2885 2974 2975 2888
f 2918 3004 3005 2919
f 1316 1384 1385 1317
f 2808 2891 2892 2807
f 391 452 453 392
f 6243 6334 6335 6244
f 2837 2921 2922 2838
f 6537 6612 6613 6538
f 2942 3028 3029 2943
f 2927 3013 3014 2928
f 5380 5453 5454 5381
f 1783 1837 1838 1784
f 1265 1331 1332 1266
f 1290 1355 1356 1291
f 2972 3064 3065 2973
f 2693 2775 2776 2694
f 5259 5338 5339 5260
f 1711 1764 1766 1765
f 2843 2927 2928 2844
f 2936 3022 3023 2937
f 2951 3037 3038 2952
f 3050 3134 3135 3052
f 6529 6604 6605 6530
f 2413 2488 2487 2412
f 2958 3044 3045 2959
f 1300 1365 1366 1301
f 2960 3046 3047 2961
f 572 637 638 574
f 5118 5195 5196 5119
f 5829 5915 5916 5830
f 6071 6160 6159 6070
f 1355 1424 1425 1356
f 2950 3035 3037 2951
f 2967 3062 3063 2970
f 5364 5439 5440 5366
f 2055 2056 2058 2057
f 6307 6395 6396 6308
f 6373 6460 6461 6374
f 3329 3395 3396 3328
f 554 619 620 555
f 2926 3012 3013 2927
f 2959 3045 3046 2960
f 2976 3068 3069 2977
f 2335 2413 2412 2334
f 593 660 661 594
f 2297 2375 2376 2298
f 3004 3096 3097 3005
f 2935 3021 3022 2936
f 2878 2961 2962 2879
f 2968 3061 3062 2967
f 2279 2355 2356 2280
f 3026 3118 3119 3027
f 3011 3103 3104 3012
f 5266 5345 5346 5267
f 2981 3073 3074 2982
f 2734 2815 2816 2735
f 4490 4554 4555 4491
f 2944 3030 3031 2945
f 852 906 907 853
f 5262 5341 5342 5263
f 4737 4796 4797 4738
f 6135 6240 6241 6136
f 1515 1570 1571 1516
f 2454 2529 2530 2455
f 1356 1425 1426 1357
f 6466 6545 6546 6467
f 1591 1592 1594 1593
f 6379 6466 6467 6380
f 6453 6532 6533 6454
f 5258 5337 5338 5259
f 2949 3036 3035 2950
f 5427 5500 5501 5428
f 2991 3083 3084 2992
f 5412 5485 5486 5413
f 84 108 109 85
f 2689 2771 2772 2690
f 4689 4749 4751 4691
f 5538 5604 5605 5539
f 506 569 570 507
f 2570 2666 2665 2569
f 3015 3107 3108 3016
f 3000 3092 3093 3001
f 3067 3146 3147 3068
f 6291 6379 6380 6292
f 6545 6620 6621 6546
f 1267 1333 1334 1268
f 3022 3114 3115 3023
f 1332 1400 1401 1333
f 3024 3116 3117 3025
f 5857 5944 5945 5858
f 2705 2785 2786 2706
f 6207 6304 6305 6209
f 5396 5469 5470 5397
f 3031 3123 3124 3032
f 6451 6530 6531 6452
f 3273 3339 3340 3274
f 3013 3105 3106 3014
f 5659 5662 5661 5660
f 3023 3115 3116 3024
f 3048 3132 3133 3049
f 1132 1210 1209 1131
f 585 652 653 586
f 4673 4737 4738 4674
f 3076 3155 3156 3077
f 3045 3129 3130 3046
f 2990 3082 3083 2991
f 2999 3091 3090 2998
f 3032 3124 3125 3034
f 3119 3194 3195 3120
f 3098 3173 3174 3099
f 6533 6608 6609 6534
f 5306 5385 5386 5307
f 1251 1317 1318 1252
f 2522 2600 2601 2523
f 2943 3029 3030 2944
f 3008 3100 3101 3009
f 3479 3543 3544 3480
f 5566 5634 5635 5567
f 4665 4729 4730 4666
f 6271 6359 6360 6272
f 3099 3174 3175 3100
f 6523 6598 6599 6524
f 6569 6644 6645 6570
f 3069 3148 3149 3070
f 5331 5409 5408 5330
f 2807 2892 2893 2809
f 2952 3038 3039 2953
f 3415 3476 3477 3416
f 1289 1354 1355 1290
f 1346 1415 1416 1347
f 3108 3183 3184 3109
f 3061 3140 3141 3062
f 3062 3141 3142 3063
f 2535 2611 2612 2536
f 2816 2900 2901 2817
f 1452 1506 1507 1453
f 3186 3252 3253 3187
f 6597 6670 6669 6596
f 6561 6636 6637 6562
f 3021 3113 3114 3022
f 3094 3169 3170 3095
f 1548 1604 1605 1550
f 2544 2620 2621 2545
f 2703 2782 2784 2704
f 5702 5766 5767 5703
f 1410 1412 1411 1344
f 6343 6428 6429 6344
f 2957 3043 3042 2956
f 5315 5394 5395 5316
f 4570 4629 4630 4571
f 5580 5647 5646 5579
f 4119 4121 4120 4050
f 6603 6676 6677 6604
f 2987 3079 3080 2988
f 6553 6628 6629 6554
f 3111 3186 3187 3112
f 3110 3185 3186 3111
f 6546 6621 6622 6547
f 3967 4051 4052 3968
f 1273 1339 1340 1274
f 4697 4755 4757 4698
f 3140 3215 3216 3141
f 1307 1372 1373 1308
f 3102 3177 3178 3103
f 1708 1762 1761 1707
f 3120 3195 3196 3121
f 1764 1816 1817 1766
f 3170 3236 3237 3171
f 6661 6743 6744 6662
f 5338 5416 5417 5339
f 3101 3176 3177 3102
f 3070 3149 3150 3071
f 3071 3150 3151 3072
f 5732 5802 5803 5733
f 4255 4331 4332 4256
f 5822 5908 5909 5823
f 2385 2386 2388 2387
f 6407 6494 6495 6408
f 3133 3208 3209 3134
f 2998 3090 3092 3000
f 4522 4583 4582 4521
f 3080 3159 3160 3081
f 4615 4677 4678 4616
f 6683 6764 6765 6684
f 5379 5452 5453 5380
f 1291 1356 1357 1292
f 1444 1498 1499 1445
f 6498 6576 6577 6499
f 4551 4613 4614 4552
f 2729 2810 2811 2730
f 3179 3245 3246 3180
f 5330 5408 5410 5332
f 3149 3224 3225 3150
f 3134 3209 3210 3135
f 3135 3210 3211 3136
f 5484 5551 5552 5485
f 2052 2115 2116 2054
f 6587 6660 6661 6588
f 1394 1457 1458 1395
f 3052 3135 3136 3056
f 3141 3216 3217 3142
f 3166 3232 3231 3165
f 3167 3233 3234 3168
f 3144 3219 3220 3145
f 3839 3919 3920 3841
f 2745 2826 2827 2746
f 6733 6809 6810 6734
f 5935 6021 6022 5937
f 3109 3184 3185 3110
f 5347 5425 5426 5348
f 1412 1472 1471 1411
f 3176 3242 3243 3177
f 1212 1284 1285 1213
f 4726 4784 4785 4727
f 4729 4787 4788 4730
f 6479 6557 6558 6480
f 538 605 606 540
f 3182 3248 3249 3183
f 3183 3249 3250 3184
f 3203 3271 3272 3204
f 1257 1323 1324 1258
f 5135 5214 5215 5136
f 4721 4779 4780 4722
f 3297 3360 3361 3298
f 1339 1407 1408 1340
f 3174 3240 3241 3175
f 3175 3241 3242 3176
f 5468 5537 5538 5469
f 2364 2444 2445 2365
f 4467 4529 4530 4468
f 6797 6870 6871 6798
f 3220 3288 3289 3221
f 3181 3247 3248 3182
f 3142 3217 3218 3143
f 3143 3218 3219 3144
f 3192 3258 3259 3193
f 5423 5496 5497 5424
f 4529 4590 4591 4530
f 4713 4771 4772 4714
f 6657 6739 6740 6658
f 3184 3250 3251 3185
f 3079 3158 3159 3080
f 5847 5848 5850 5849
f 6819 6892 6893 6820
f 3243 3302 3303 3244
f 6543 6618 6619 6544
f 3205 3273 3274 3206
f 2554 2630 2631 2555
f 1484 1533 1534 1485
f 3152 3227 3228 3153
f 5775 5776 5778 5777
f 641 705 706 643
f 1450 1504 1505 1451
f 6617 6690 6691 6618
f 1323 1391 1392 1324
f 5411 5484 5485 5412
f 3207 3275 3276 3208
f 3096 3171 3172 3097
f 2676 2758 2759 2677
f 3322 3385 3386 3323
f 6877 6951 6952 6878
f 3260 3319 3320 3261
f 3237 3296 3297 3238
f 3206 3274 3275 3207
f 3239 3298 3299 3240
f 5532 5598 5600 5534
f 4999 5079 5080 5000
f 6254 6345 6346 6255
f 1442 1494 1496 1441
f 6609 6682 6683 6610
f 3213 3281 3282 3214
f 3246 3305 3306 3247
f 1460 1514 1515 1461
f 3232 3291 3290 3231
f 6327 6415 6416 6328
f 5395 5468 5469 5396
f 3255 3314 3315 3256
f 6955 6957 6956 6880
f 6607 6680 6681 6608
f 3189 3255 3256 3190
f 6601 6674 6675 6602
f 3262 3321 3322 3263
f 3247 3306 3307 3248
f 3256 3315 3316 3257
f 6263 6353 6355 6266
f 329 354 355 330
f 3139 3214 3215 3140
f 3284 3350 3351 3285
f 3117 3192 3193 3118
f 3254 3313 3314 3255
f 3215 3283 3284 3216
f 5500 5567 5568 5501
f 2956 3042 3044 2958
f 3306 3369 3370 3307
f 6389 6476 6477 6390
f 5402 5475 5476 5403
f 3053 3056 3055 3054
f 2819 2903 2904 2820
f 6398 6485 6486 6399
f 6663 6745 6746 6664
f 3261 3320 3321 3262
f 3214 3282 3283 3215
f 4554 4616 4617 4555
f 3272 3338 3339 3273
f 6535 6610 6611 6536
f 6947 7023 7024 6948
f 946 1013 1014 948
f 5394 5467 5468 5395
f 1507 1562 1563 1508
f 3150 3225 3226 3151
f 1524 1579 1580 1525
f 3264 3323 3324 3265
f 6871 6945 6946 6872
f 1361 1430 1431 1362
f 3315 3378 3379 3316
f 3196 3262 3263 3197
f 618 683 684 619
f 3006 3098 3099 3007
f 3271 3337 3338 3272
f 3240 3299 3300 3241
f 6799 6872 6873 6800
f 6867 6941 6943 6869
f 4801 4898 4897 4803
f 6625 6698 6700 6626
f 3301 3364 3365 3302
f 3278 3344 3345 3279
f 3303 3366 3367 3304
f 6530 6605 6606 6531
f 3244 3303 3304 3245
f 1617 1676 1677 1618
f 7005 7095 7097 7007
f 6735 6811 6812 6736
f 3293 3356 3357 3294
f 1508 1563 1564 1509
f 5564 5632 5633 5565
f 6127 6232 6233 6128
f 3304 3367 3368 3305
f 4817 4818 4821 4820
f 3269 3334 3335 3268
f 5587 5654 5655 5588
f 3319 3382 3383 3320
f 3392 3393 3395 3329
f 2444 2518 2519 2445
f 7019 7109 7110 7020
f 3355 3411 3412 3356
f 3313 3376 3377 3314
f 570 635 636 571
f 2634 2729 2730 2636
f 161 183 184 162
f 6385 6472 6473 6386
f 2497 2575 2576 2498
f 3364 3420 3421 3365
f 1411 1471 1473 1413
f 3334 3399 3400 3335
f 3311 3374 3375 3312
f 5548 5614 5616 5615
f 6915 6992 6993 6916
f 3386 3442 3443 3387
f 7077 7160 7161 7078
f 5442 5511 5512 5443
f 3325 3388 3390 3389
f 3318 3381 3382 3319
f 3279 3345 3346 3280
f 3336 3401 3402 3337
f 5181 5252 5254 5183
f 6670 6751 6750 6669
f 2401 2477 2478 2400
f 6807 6880 6879 6806
f 3357 3413 3414 3358
f 3294 3357 3358 3295
f 3231 3290 3292 3233
f 3328 3396 3397 3331
f 104 125 127 105
f 7099 7182 7183 7100
f 3387 3443 3444 3388
f 6649 6723 6724 6650
f 1395 1458 1459 1396
f 2586 2682 2683 2587
f 3095 3170 3171 3096
f 3312 3375 3376 3313
f 32 51 50 31
f 769 826 827 770
f 1522 1575 1577 1521
f 3452 3453 3455 3454
f 5483 5549 5551 5484
f 3359 3415 3416 3360
f 3466 3530 3531 3467
f 6641 6715 6716 6642
f 3366 3422 3423 3367
f 6814 6887 6888 6815
f 3844 3846 3845 3751
f 7141 7225 7226 7142
f 6879 6958 6959 6881
f 3373 3429 3430 3374
f 3446 3449 3448 3447
f 1700 1753 1754 1701
f 3248 3307 3308 3249
f 7215 7296 7297 7216
f 7171 7255 7256 7172
f 1514 1569 1570 1515
f 6633 6707 6708 6634
f 3365 3421 3422 3366
f 681 750 751 682
f 632 697 698 633
f 1794 1848 1849 1795
f 3420 3481 3482 3421
f 3333 3398 3399 3334
f 5467 5536 5537 5468
f 4650 4714 4715 4651
f 3104 3179 3180 3105
f 576 639 641 640
f 3442 3503 3504 3443
f 4769 4867 4868 4770
f 5474 5543 5544 5475
f 3277 3343 3344 3278
f 3398 3461 3462 3399
f 3399 3462 3463 3400
f 3376 3432 3433 3377
f 4092 4172 4171 4091
f 6950 7026 7027 6951
f 7213 7294 7295 7214
f 6959 7051 7052 6960
f 1451 1505 1506 1452
f 3454 3455 3456 3394
f 3447 3448 3451 3450
f 5724 5794 5793 5723
f 856 910 911 857
f 7243 7323 7324 7244
f 2337 2417 2419 2339
f 5466 5535 5536 5467
f 3405 3468 3469 3406
f 3374 3430 3431 3375
f 3367 3423 3424 3368
f 6618 6691 6692 6619
f 1200 1273 1274 1201
f 2801 2880 2881 2802
f 3507 3510 3509 3508
f 3324 3387 3388 3325
f 1570 1625 1626 1571
f 6487 6565 6566 6488
f 4586 4645 4646 4587
f 1136 1212 1213 1138
f 4364 4434 4435 4365
f 3432 3493 3494 3433
f 7285 7366 7367 7286
f 3429 3490 3491 3430
f 1604 1663 1664 1605
f 3424 3485 3486 3425
f 448 503 504 449
f 7155 7239 7240 7156
f 4793 4890 4891 4794
f 3028 3120 3121 3029
f 1427 1485 1486 1428
f 3302 3365 3366 3303
f 3431 3492 3493 3432
f 3384 3440 3441 3385
f 3564 3632 3633 3565
f 2809 2893 2894 2810
f 3475 3539 3540 3476
f 5002 5082 5083 5003
f 3455 3519 3520 3456
f 5539 5605 5606 5540
f 6562 6637 6638 6563
f 1720 1776 1777 1721
f 5862 5949 5950 5863
f 4785 4883 4884 4786
f 1716 1772 1773 1717
f 3453 3518 3519 3455
f 3430 3491 3492 3431
f 1588 1640 1641 1590
f 5628 5695 5696 5629
f 4660 4724 4725 4661
f 137 160 161 138
f 7357 7442 7443 7358
f 7003 7093 7094 7004
f 3437 3498 3499 3438
f 3470 3534 3536 3472
f 3471 3535 3534 3470
f 3456 3520 3521 3457
f 2048 2049 2052 2051
f 3522 3590 3591 3523
f 4777 4875 4876 4778
f 4725 4783 4784 4726
f 3413 3474 3475 3414
f 5499 5566 5567 5500
f 3463 3527 3528 3464
f 3480 3544 3545 3481
f 2368 2447 2448 2370
f 7222 7303 7304 7223
f 3571 3574 3573 3572
f 3617 3689 3690 3618
f 602 667 668 603
f 3486 3550 3551 3487
f 3439 3500 3501 3440
f 5612 5680 5681 5613
f 2288 2364 2365 2290
f 1602 1662 1663 1604
f 3516 3584 3585 3517
f 3375 3431 3432 3376
f 4932 5007 5008 4933
f 3478 3542 3543 3479
f 1547 1549 1548 1495
f 3496 3560 3561 3497
f 7371 7456 7457 7372
f 7421 7505 7506 7422
f 3465 3529 3530 3466
f 3485 3549 3550 3486
f 3438 3499 3500 3439
f 1644 1699 1700 1645
f 3488 3552 3553 3489
f 1584 1636 1638 1586
f 1329 1397 1398 1330
f 1594 1643 1644 1596
f 7151 7235 7237 7153
f 3509 3580 3581 3512
f 2618 2715 2714 2617
f 3495 3559 3560 3496
f 3464 3528 3529 3465
f 2920 3006 3007 2921
f 3618 3690 3691 3619
f 3427 3488 3489 3428
f 3401 3464 3465 3402
f 3519 3587 3588 3520
f 5571 5639 5640 5572
f 3400 3463 3464 3401
f 2840 2924 2925 2841
f 7358 7443 7444 7359
f 6949 7025 7026 6950
f 3548 3616 3617 3549
f 1475 1526 1527 1476
f 3510 3579 3580 3509
f 1628 1681 1683 1627
f 5676 5738 5739 5677
f 5284 5285 5287 5286
f 7443 7525 7526 7444
f 7485 7565 7566 7486
f 7817 7856 7858 7819
f 3525 3593 3594 3526
f 3534 3602 3604 3536
f 3535 3603 3602 3534
f 3520 3588 3589 3521
f 3128 3203 3204 3129
f 633 698 699 634
f 2353 2433 2434 2354
f 7223 7304 7305 7224
f 3517 3585 3586 3518
f 5555 5623 5624 5556
f 3527 3595 3596 3528
f 3544 3612 3613 3545
f 3504 3568 3569 3505
f 3602 3674 3676 3604
f 3643 3644 3646 3645
f 7249 7329 7330 7250
f 3493 3557 3558 3494
f 3550 3618 3619 3551
f 3503 3567 3568 3504
f 5652 5717 5718 5653
f 3440 3501 3502 3441
f 4682 4683 4686 4685
f 3560 3628 3629 3561
f 4857 4937 4938 4859
f 3421 3482 3483 3422
f 3542 3610 3611 3543
f 3285 3351 3352 3286
f 3552 3620 3621 3553
f 7486 7566 7567 7487
f 7557 7633 7635 7559
f 5802 5888 5889 5803
f 2973 3065 3066 2974
f 3518 3586 3587 3519
f 1676 1730 1731 1677
f 3528 3596 3597 3529
f 5492 5559 5560 5493
f 7523 7601 7602 7524
f 4913 4914 4916 4915
f 3905 3984 3985 3906
f 2421 2495 2496 2422
f 3462 3526 3527 3463
f 3559 3627 3628 3560
f 3603 3675 3674 3602
f 7303 7384 7385 7304
f 690 759 760 691
f 3310 3373 3374 3311
f 3583 3655 3656 3584
f 6602 6675 6676 6603
f 2712 2792 2793 2713
f 4905 4906 4907 4811
f 2825 2909 2910 2826
f 1769 1822 1823 1768
f 2131 2203 2204 2132
f 3014 3106 3107 3015
f 1660 1715 1716 1662
f 5708 5772 5773 5709
f 4724 4782 4783 4725
f 7427 7512 7513 7428
f 7629 7703 7704 7630
f 3620 3692 3693 3621
f 1835 1881 1882 1836
f 2462 2537 2538 2463
f 3599 3669 3670 3600
f 3576 3649 3650 3578
f 6977 7069 7068 6979
f 2841 2925 2926 2842
f 4809 4902 4904 4903
f 5594 5664 5665 5597
f 3565 3633 3634 3566
f 1302 1367 1368 1303
f 3591 3663 3664 3592
f 3608 3680 3681 3609
f 5780 5846 5848 5847
f 7603 7677 7678 7604
f 3635 3707 3708 3636
f 7383 7468 7469 7384
f 4481 4543 4544 4482
f 6171 6270 6271 6172
f 3567 3635 3636 3568
f 5692 5756 5757 5693
f 4288 4362 4361 4287
f 361 410 411 362
f 1674 1728 1729 1675
f 6729 6807 6806 6728
f 1563 1618 1619 1564
f 5875 5959 5960 5877
f 3575 3576 3578 3577
f 4664 4728 4729 4665
f 7717 7783 7784 7718
f 3666 3737 3736 3665
f 4576 4635 4636 4577
f 3652 3726 3727 3653
f 3582 3654 3655 3583
f 3383 3439 3440 3384
f 3624 3696 3697 3625
f 6044 6133 6134 6045
f 7790 7831 7832 7791
f 1666 1720 1721 1667
f 6721 6801 6802 6722
f 3613 3685 3686 3614
f 5417 5490 5491 5418
f 3103 3178 3179 3104
f 3616 3688 3689 3617
f 3856 3938 3939 3857
f 7675 7746 7747 7676
f 3547 3615 3616 3548
f 7455 7537 7538 7456
f 1345 1414 1415 1346
f 5264 5343 5344 5265
f 4825 4921 4922 4827
f 4505 4566 4567 4506
f 3637 3709 3710 3638
f 5627 5694 5695 5628
f 2543 2619 2620 2544
f 5192 5263 5264 5193
f 3584 3656 3657 3585
f 3826 3827 3829 3828
f 1595 1596 1598 1597
f 3638 3710 3712 3711
f 3692 3761 3762 3693
f 3669 3740 3741 3670
f 3670 3741 3742 3671
f 4722 4780 4781 4723
f 3536 3604 3605 3537
f 6356 6444 6445 6358
f 7934 7965 7966 7935
f 7805 7846 7845 7804
f 5626 5693 5694 5627
f 3653 3727 3728 3654
f 5611 5679 5680 5612
f 2316 2394 2395 2317
f 3416 3477 3478 3417
f 5472 5541 5542 5473
f 7763 7805 7804 7762
f 2377 2456 2457 2378
f 7527 7605 7606 7528
f 3621 3693 3694 3622
f 3686 3755 3756 3687
f 2012 2069 2070 2013
f 3112 3187 3188 3113
f 5816 5902 5904 5818
f 1337 1405 1406 1338
f 3723 3789 3790 3724
f 5618 5685 5684 5617
f 3645 3646 3647 3574
f 3678 3750 3752 3679
f 2552 2628 2629 2553
f 3810 3811 3813 3812
f 3596 3665 3667 3597
f 1603 1660 1662 1602
f 3646 3720 3721 3647
f 3631 3703 3704 3632
f 1424 1482 1483 1425
f 5752 5821 5822 5753
f 127 151 150 128
f 1714 1768 1770 1713
f 7031 7120 7121 7033
f 3590 3662 3663 3591
f 6377 6464 6465 6378
f 7079 7162 7163 7080
f 6644 6718 6719 6645
f 5064 5141 5142 5065
f 5996 6082 6083 5997
f 7851 7888 7889 7852
f 7893 7924 7926 7895
f 7599 7673 7674 7600
f 3693 3762 3763 3694
f 5667 5729 5728 5666
f 1756 1809 1810 1757
f 5836 5922 5923 5837
f 4849 4933 4934 4851
f 3717 3783 3784 3718
f 3744 3745 3747 3746
f 2857 2941 2942 2858
f 2217 2295 2296 2218
f 3710 3779 3780 3712
f 7361 7446 7447 7362
f 7723 7789 7790 7724
f 3828 3829 3831 3830
f 3742 3803 3804 3743
f 5772 5841 5842 5773
f 2873 2956 2958 2875
f 6817 6890 6891 6818
f 5643 5709 5710 5645
f 3736 3797 3799 3738
f 6974 7065 7067 6976
f 7671 7742 7743 7672
f 3822 3823 3825 3824
f 3824 3825 3827 3826
f 6761 6837 6838 6762
f 3703 3772 3773 3704
f 3814 3815 3817 3816
f 7794 7835 7836 7795
f 1321 1389 1390 1322
f 6288 6376 6377 6289
f 3763 3861 3862 3764
f 3764 3862 3863 3765
f 1587 1639 1640 1588
f 3718 3784 3785 3719
f 3743 3804 3805 3745
f 3840 3841 3843 3842
f 6908 6985 6986 6909
f 3794 3885 3887 3795
f 4841 4929 4930 4843
f 6753 6829 6830 6754
f 3749 3807 3809 3808
f 2682 2764 2765 2683
f 1740 1794 1795 1741
f 3832 3833 3835 3834
f 6584 6657 6658 6585
f 431 490 491 433
f 6 27 28 8
f 7767 7809 7810 7768
f 3741 3802 3803 3742
f 5707 5771 5772 5708
f 3759 3857 3858 3760
f 3808 3809 3811 3810
f 6928 7006 7005 6930
f 36 55 56 37
f 4833 4925 4926 4835
f 6745 6821 6822 6746
f 3701 3770 3771 3702
f 3750 3847 3848 3752
f 3751 3845 3847 3750
f 3688 3757 3758 3689
f 6864 6938 6939 6865
f 5876 5877 5879 5878
f 673 742 743 674
f 3803 3899 3900 3804
f 3804 3900 3901 3805
f 7188 7271 7272 7189
f 3774 3872 3873 3775
f 674 743 744 675
f 3719 3785 3786 3720
f 3768 3866 3867 3769
f 6144 6248 6249 6145
f 3930 4018 4019 3931
f 1754 1807 1808 1755
f 5698 5762 5763 5699
f 1643 1698 1699 1644
f 5691 5755 5756 5692
f 3711 3712 3714 3713
f 7488 7568 7569 7489
f 62 87 88 63
f 3773 3871 3872 3774
f 1780 1834 1835 1781
f 7408 7492 7493 7409
f 1738 1792 1793 1739
f 3805 3901 3902 3806
f 3783 3881 3882 3784
f 7444 7526 7527 7445
f 3691 3760 3761 3692
f 1619 1678 1679 1620
f 3815 3907 3908 3817
f 7696 7762 7764 7697
f 7493 7573 7574 7494
f 3821 3910 3911 3823
f 1820 1821 1822 1769
f 7924 7955 7957 7926
f 3411 3472 3473 3412
f 551 616 617 552
f 7839 7878 7879 7840
f 3798 3894 3893 3797
f 3813 3906 3907 3815
f 3831 3915 3916 3833
f 3792 3886 3885 3794
f 5690 5754 5755 5691
f 1217 1218 1220 1219
f 3781 3879 3880 3782
f 3782 3880 3881 3783
f 3823 3911 3912 3825
f 5788 5860 5861 5789
f 7762 7804 7806 7764
f 124 145 147 146
f 3867 3949 3950 3868
f 3740 3801 3802 3741
f 3709 3778 3779 3710
f 3758 3856 3857 3759
f 3799 3895 3896 3800
f 3848 3931 3932 3850
f 7780 7821 7822 7781
f 649 718 719 650
f 4945 5017 5019 5018
f 6769 6845 6846 6770
f 3573 3648 3649 3576
f 3726 3793 3792 3727
f 4706 4764 4766 4708
f 3800 3896 3897 3801
f 7352 7354 7353 7274
f 3914 3993 3994 3915
f 214 235 236 215
f 7919 7950 7951 7920
f 3845 3928 3930 3847
f 3598 3668 3669 3599
f 1836 1882 1883 1837
f 3776 3874 3875 3777
f 6964 7056 7057 6965
f 3854 3936 3937 3855
f 1819 1872 1873 1821
f 3855 3937 3938 3856
f 6658 6740 6741 6659
f 687 756 757 688
f 3385 3441 3442 3386
f 4881 4964 4965 4882
f 5859 5946 5947 5860
f 762 819 820 763
f 3879 3961 3962 3880
f 5828 5914 5915 5829
f 7497 7577 7578 7498
f 2770 2851 2852 2771
f 1796 1850 1851 1797
f 3872 3954 3955 3873
f 3636 3708 3709 3637
f 204 225 226 205
f 3915 3994 3995 3916
f 3916 3995 3996 3917
f 3885 3965 3967 3887
f 3894 3976 3975 3893
f 3895 3977 3978 3896
f 3896 3978 3979 3897
f 19 20 22 21
f 1449 1503 1504 1450
f 4873 4956 4957 4874
f 5738 5808 5809 5739
f 3877 3959 3960 3878
f 3886 3966 3965 3885
f 3887 3967 3968 3888
f 5812 5898 5899 5813
f 517 583 584 518
f 278 306 307 279
f 3853 3935 3936 3854
f 3863 3945 3946 3864
f 40 59 60 41
f 3862 3944 3945 3863
f 3912 3991 3992 3913
f 108 130 131 109
f 6809 6882 6883 6810
f 75 95 97 96
f 3904 3983 3984 3905
f 2913 2999 2998 2912
f 2714 2794 2796 2716
f 706 775 776 708
f 3807 3903 3904 3809
f 3880 3962 3963 3881
f 7873 7910 7911 7874
f 268 296 297 269
f 2489 2567 2568 2490
f 3948 4035 4036 3949
f 1723 1779 1780 1724
f 5771 5840 5841 5772
f 3647 3721 3722 3648
f 3784 3882 3883 3785
f 157 179 180 158
f 321 346 347 322
f 3955 4042 4043 3956
f 6801 6874 6875 6802
f 3917 3996 3997 3918
f 3918 3997 3998 3919
f 3919 3998 3999 3920
f 3696 3765 3766 3697
f 821 874 875 822
f 3986 4067 4068 3987
f 1834 1880 1881 1835
f 112 134 135 113
f 3941 4028 4029 3942
f 3942 4029 4030 3943
f 2004 2061 2062 2005
f 3928 4016 4018 3930
f 5755 5824 5825 5756
f 1707 1761 1763 1709
f 4858 4859 4861 4860
f 5988 6075 6076 5990
f 219 240 242 241
f 1063 1064 1066 1065
f 6785 6861 6862 6786
f 3958 4045 4046 3959
f 6754 6830 6831 6755
f 3959 4046 4047 3960
f 7945 7976 7977 7946
f 340 365 367 366
f 382 383 385 384
f 3968 4052 4053 3969
f 283 311 312 284
f 1385 1448 1449 1386
f 1810 1864 1865 1811
f 3996 4077 4078 3997
f 3957 4044 4045 3958
f 3950 4037 4038 3951
f 3951 4038 4039 3952
f 3960 4047 4048 3961
f 1085 1169 1170 1086
f 4098 4178 4179 4099
f 2138 2139 2141 2140
f 5778 5845 5846 5780
f 3949 4036 4037 3950
f 4006 4007 4009 4008
f 3927 4003 4005 4004
f 3936 4023 4024 3937
f 347 396 397 348
f 1119 1200 1201 1120
f 4889 4972 4973 4890
f 3925 4002 4003 3927
f 4738 4797 4798 4739
f 50 77 76 52
f 406 467 468 407
f 3861 3943 3944 3862
f 1763 1815 1816 1764
f 176 200 201 177
f 3870 3952 3953 3871
f 1916 1956 1957 1917
f 6698 6778 6780 6700
f 701 770 771 702
f 380 446 447 383
f 2425 2499 2500 2426
f 5770 5839 5840 5771
f 3997 4078 4079 3998
f 5803 5889 5890 5804
f 3991 4072 4073 3992
f 5900 5982 5983 5901
f 426 427 429 428
f 1369 1438 1439 1370
f 4043 4114 4115 4044
f 3876 3958 3959 3877
f 4021 4092 4091 4020
f 3990 4071 4072 3991
f 4023 4094 4095 4024
f 3992 4073 4074 3993
f 483 546 547 484
f 4082 4150 4151 4083
f 1874 1917 1918 1875
f 7607 7681 7682 7608
f 1747 1799 1801 1748
f 4030 4101 4102 4031
f 1908 1946 1947 1909
f 1263 1329 1330 1264
f 146 147 149 148
f 534 535 538 537
f 3580 3652 3653 3581
f 4037 4108 4109 4038
f 5867 5869 5868 5794
f 4039 4110 4111 4040
f 4032 4103 4104 4033
f 1681 1736 1737 1683
f 4937 5012 5013 4938
f 4029 4100 4101 4030
f 4046 4117 4118 4047
f 4031 4102 4103 4032
f 4076 4144 4145 4077
f 4005 4085 4086 4007
f 4038 4109 4110 4039
f 3999 4080 4081 4000
f 5884 5966 5965 5883
f 555 620 621 556
f 468 525 526 469
f 4083 4151 4152 4084
f 6881 6959 6960 6882
f 738 804 805 739
f 3998 4079 4080 3999
f 3935 4022 4023 3936
f 4056 4128 4129 4058
f 1701 1754 1755 1702
f 2929 3015 3016 2930
f 4929 5004 5005 4930
f 312 337 338 313
f 1803 1857 1858 1804
f 2754 2835 2836 2755
f 1956 1995 1996 1957
f 4040 4111 4112 4041
f 619 684 685 620
f 420 421 423 422
f 4063 4134 4135 4064
f 186 210 211 187
f 550 615 616 551
f 4061 4132 4133 4062
f 4087 4155 4156 4088
f 6841 6915 6916 6842
f 4921 4996 4997 4922
f 4085 4153 4154 4086
f 5835 5921 5922 5836
f 1932 1972 1973 1933
f 4000 4081 4082 4001
f 1285 1350 1351 1286
f 2945 3031 3032 2946
f 4107 4187 4188 4108
f 4108 4188 4189 4109
f 1779 1833 1834 1780
f 4070 4138 4139 4071
f 4167 4168 4170 4169
f 3944 4031 4032 3945
f 2053 2054 2056 2055
f 175 198 200 176
f 1914 1954 1955 1915
f 6833 6907 6908 6834
f 4093 4173 4174 4094
f 4094 4174 4175 4095
f 4159 4160 4162 4161
f 5932 6018 6019 5933
f 755 811 813 756
f 313 338 339 314
f 614 679 680 615
f 360 409 410 361
f 4165 4166 4168 4167
f 4071 4139 4140 4072
f 258 281 282 259
f 4088 4156 4157 4089
f 4154 4232 4233 4155
f 1906 1944 1945 1907
f 3457 3521 3522 3458
f 4069 4136 4138 4070
f 5819 5905 5906 5820
f 4842 4843 4845 4844
f 4112 4192 4193 4113
f 4011 4088 4089 4013
f 1575 1627 1629 1577
f 4140 4217 4219 4141
f 4013 4089 4090 4015
f 4110 4190 4191 4111
f 150 174 173 152
f 5826 5912 5913 5827
f 3869 3951 3952 3870
f 4102 4182 4183 4103
f 1988 2031 2033 1987
f 5916 6002 6003 5917
f 819 872 873 820
f 604 669 670 605
f 678 747 748 679
f 456 513 514 457
f 3581 3653 3654 3582
f 4078 4146 4147 4079
f 4111 4191 4192 4112
f 4128 4209 4210 4129
f 2293 2371 2373 2295
f 1401 1464 1465 1402
f 2441 2515 2516 2442
f 5818 5904 5905 5819
f 1987 2033 2034 1989
f 4022 4093 4094 4023
f 4120 4202 4203 4122
f 4250 4326 4327 4251
f 6074 6167 6168 6073
f 3878 3960 3961 3879
f 4096 4176 4177 4097
f 1735 1789 1788 1734
f 4179 4252 4253 4180
f 834 887 888 836
f 3606 3678 3679 3607
f 4143 4221 4222 4144
f 6738 6814 6815 6739
f 883 936 937 884
f 668 737 738 669
f 5017 5097 5098 5019
f 6849 6923 6924 6850
f 4157 4235 4236 4158
f 6003 6089 6090 6004
f 1972 2014 2015 1973
f 5972 6059 6060 5973
f 322 347 348 323
f 665 734 735 666
f 758 815 816 759
f 520 586 587 521
f 2123 2195 2196 2124
f 2834 2918 2919 2835
f 4175 4248 4249 4176
f 4160 4237 4238 4162
f 1893 1931 1932 1894
f 4234 4307 4308 4235
f 4969 5049 5050 4970
f 3417 3478 3479 3418
f 4125 4206 4207 4126
f 4184 4257 4258 4185
f 443 444 445 381
f 4204 4282 4283 4205
f 33 52 53 34
f 5948 6036 6037 5949
f 1887 1925 1926 1888
f 4211 4287 4289 4213
f 5858 5945 5946 5859
f 778 837 839 780
f 4182 4255 4256 4183
f 4151 4229 4230 4152
f 640 641 643 642
f 4961 5041 5042 4962
f 1899 1937 1938 1900
f 6155 6259 6260 6156
f 4199 4201 4200 4121
f 6873 6947 6948 6874
f 4189 4262 4263 4190
f 4150 4228 4229 4151
f 4079 4147 4148 4080
f 4272 4275 4274 4273
f 4489 4553 4554 4490
f 732 798 799 733
f 830 883 884 831
f 4236 4309 4310 4237
f 4213 4289 4290 4214
f 2786 2865 2866 2787
f 3943 4030 4031 3944
f 4192 4265 4266 4193
f 1099 1180 1181 1100
f 2961 3047 3048 2962
f 4953 5033 5034 4954
f 6865 6939 6940 6866
f 1867 1910 1912 1869
f 5915 6001 6002 5916
f 3655 3729 3730 3656
f 4168 4241 4242 4170
f 2869 2952 2953 2870
f 652 721 722 653
f 648 717 718 649
f 4229 4302 4303 4230
f 4214 4290 4291 4215
f 4221 4293 4295 4222
f 2124 2196 2197 2125
f 4104 4184 4185 4105
f 1187 1260 1261 1188
f 2977 3069 3070 2978
f 4259 4335 4336 4260
f 6857 6931 6932 6858
f 4197 4270 4271 4198
f 4238 4311 4312 4239
f 4874 4957 4958 4875
f 3952 4039 4040 3953
f 450 505 506 451
f 812 865 864 811
f 1978 2022 2023 1979
f 4268 4344 4345 4269
f 4133 4214 4215 4134
f 5899 5981 5982 5900
f 4247 4323 4324 4248
f 3704 3773 3774 3705
f 2461 2536 2537 2462
f 657 726 727 658
f 902 960 961 903
f 5906 5992 5993 5907
f 1931 1971 1972 1932
f 4254 4330 4331 4255
f 712 778 780 714
f 1970 2012 2013 1971
f 4298 4370 4371 4299
f 4245 4321 4323 4247
f 4246 4322 4321 4245
f 2300 2378 2379 2301
f 6116 6220 6221 6115
f 3165 3231 3233 3167
f 2183 2259 2258 2182
f 4147 4225 4226 4148
f 5898 5980 5981 5899
f 6818 6891 6892 6819
f 4215 4291 4292 4216
f 1347 1416 1418 1417
f 892 950 951 893
f 4985 5065 5066 4986
f 4778 4876 4877 4779
f 4280 4355 4356 4281
f 514 580 581 515
f 1433 1491 1492 1434
f 974 1037 1038 975
f 4188 4261 4262 4189
f 4269 4345 4346 4270
f 4222 4295 4296 4223
f 2108 2109 2112 2111
f 6300 6388 6389 6301
f 1419 1479 1478 1421
f 4378 4445 4446 4379
f 2473 2548 2549 2474
f 248 271 272 249
f 1915 1955 1956 1916
f 4158 4236 4237 4160
f 4279 4354 4355 4280
f 4240 4313 4314 4241
f 3461 3525 3526 3462
f 2303 2381 2382 2305
f 4323 4395 4396 4324
f 792 851 852 793
f 5947 6035 6036 5948
f 6770 6846 6847 6771
f 1004 1005 1007 1006
f 1499 1554 1555 1500
f 2074 2075 2077 2076
f 3433 3494 3495 3434
f 4301 4373 4374 4302
f 4278 4353 4354 4279
f 4303 4375 4376 4304
f 6036 6125 6126 6037
f 578 645 644 577
f 1425 1483 1484 1426
f 1054 1118 1119 1055
f 4340 4412 4413 4341
f 4277 4352 4353 4278
f 4318 4389 4390 4320
f 2036 2097 2098 2037
f 4304 4376 4377 4305
f 3029 3121 3122 3030
f 4362 4432 4431 4361
f 5009 5089 5090 5010
f 6961 7053 7054 6962
f 4253 4329 4330 4254
f 5931 6017 6018 5932
f 4327 4399 4400 4328
f 4328 4400 4401 4329
f 930 983 984 931
f 2455 2530 2531 2456
f 4334 4406 4407 4335
f 818 871 872 819
f 4311 4383 4384 4312
f 6020 6105 6106 6021
f 1667 1721 1722 1668
f 1020 1087 1088 1021
f 4363 4433 4434 4364
f 864 918 919 866
f 1971 2013 2014 1972
f 4326 4398 4399 4327
f 2993 3085 3086 2994
f 650 719 720 651
f 5001 5081 5082 5002
f 6905 6982 6983 6906
f 4333 4405 4406 4334
f 940 993 994 941
f 1110 1191 1192 1111
f 4380 4447 4448 4381
f 4357 4428 4429 4358
f 4302 4374 4375 4303
f 4287 4361 4363 4289
f 4344 4416 4417 4345
f 1739 1793 1794 1740
f 3009 3101 3102 3010
f 4993 5073 5074 4994
f 6897 6975 6974 6896
f 1955 1994 1995 1956
f 2818 2902 2903 2819
f 4223 4296 4297 4224
f 4336 4408 4409 4337
f 4045 4116 4117 4046
f 1303 1368 1369 1304
f 4395 4461 4462 4396
f 928 981 982 929
f 4373 4440 4441 4374
f 5987 6071 6070 5986
f 1393 1456 1457 1394
f 1811 1865 1866 1812
f 2034 2095 2096 2035
f 6889 6967 6968 6890
f 4365 4435 4436 4366
f 4358 4429 4430 4359
f 2148 2149 2151 2150
f 4312 4384 4385 4313
f 714 780 781 715
f 5562 5630 5631 5563
f 1182 1255 1256 1183
f 4412 4478 4479 4413
f 4341 4413 4414 4342
f 4390 4457 4458 4392
f 4351 4422 4423 4352
f 4248 4324 4325 4249
f 3629 3701 3702 3630
f 2735 2816 2817 2736
f 2090 2092 2091 2032
f 5970 6057 6058 5971
f 4261 4337 4338 4262
f 5971 6058 6059 5972
f 4399 4465 4466 4400
f 6068 6157 6158 6069
f 4309 4381 4382 4310
f 1164 1240 1241 1165
f 4141 4219 4220 4142
f 992 1055 1056 993
f 4406 4472 4473 4407
f 2060 2120 2121 2061
f 4384 4451 4452 4385
f 1979 2023 2024 1980
f 705 774 775 706
f 4299 4371 4372 4300
f 4416 4482 4483 4417
f 4415 4481 4482 4416
f 786 845 846 787
f 4514 4575 4576 4515
f 686 755 756 687
f 4407 4473 4474 4408
f 6052 6141 6143 6054
f 2035 2096 2097 2036
f 2863 2948 2947 2865
f 3995 4076 4077 3996
f 5962 6050 6051 5964
f 4397 4463 4464 4398
f 4398 4464 4465 4399
f 4375 4442 4443 4376
f 4432 4496 4495 4431
f 4621 4691 4692 4622
f 1252 1318 1319 1253
f 1562 1617 1618 1563
f 4316 4388 4389 4318
f 2115 2187 2188 2116
f 4374 4441 4442 4375
f 4818 4918 4919 4821
f 4424 4490 4491 4425
f 2099 2174 2175 2100
f 6913 6990 6991 6914
f 2707 2787 2788 2708
f 898 956 957 899
f 4310 4382 4383 4311
f 2100 2175 2176 2101
f 4400 4466 4467 4401
f 858 912 913 859
f 353 402 403 354
f 5081 5158 5159 5082
f 1072 1156 1157 1073
f 4453 4515 4516 4454
f 4166 4240 4241 4168
f 4439 4502 4501 4440
f 6802 6875 6876 6803
f 4205 4283 4284 4206
f 4498 4561 4562 4499
f 6763 6839 6840 6764
f 3513 3514 3515 3449
f 4445 4507 4508 4446
f 4446 4508 4509 4447
f 4463 4525 4526 4464
f 6108 6202 6203 6109
f 1539 1584 1586 1542
f 3007 3099 3100 3008
f 2769 2850 2851 2770
f 4548 4550 4549 4487
f 6010 6096 6097 6011
f 2164 2166 2165 2092
f 6147 6251 6252 6148
f 4456 4518 4519 4457
f 89 113 114 90
f 1324 1392 1393 1325
f 4499 4562 4563 4500
f 1144 1221 1222 1143
f 4480 4542 4543 4481
f 4479 4541 4542 4480
f 7841 7880 7881 7842
f 1521 1577 1578 1523
f 2601 2697 2698 2602
f 4471 4533 4534 4472
f 6084 6178 6179 6085
f 7519 7597 7598 7520
f 1228 1297 1298 1229
f 1390 1453 1454 1391
f 6945 7021 7022 6946
f 4405 4471 4472 4406
f 2906 2992 2993 2907
f 4447 4509 4510 4448
f 4496 4559 4558 4495
f 2395 2471 2472 2396
f 3065 3144 3145 3066
f 2553 2629 2630 2554
f 4524 4585 4586 4525
f 850 904 905 851
f 4486 4551 4552 4488
f 4383 4450 4451 4384
f 1404 1467 1468 1405
f 970 1031 1033 969
f 4531 4592 4593 4532
f 6937 7013 7014 6938
f 2027 2087 2088 2028
f 4478 4540 4541 4479
f 4231 4304 4305 4232
f 4488 4552 4553 4489
f 4805 4900 4901 4807
f 337 362 363 338
f 2098 2173 2174 2099
f 1216 1287 1288 1218
f 4477 4539 4540 4478
f 4454 4516 4517 4455
f 4503 4565 4564 4504
f 4464 4526 4527 4465
f 5469 5538 5539 5470
f 4562 4623 4624 4563
f 1462 1516 1517 1463
f 6921 6998 6999 6922
f 4525 4586 4587 4526
f 2850 2934 2935 2851
f 2292 2366 2368 2367
f 4408 4474 4475 4409
f 2531 2607 2608 2532
f 3295 3358 3359 3296
f 1050 1114 1115 1051
f 6059 6148 6149 6060
f 2011 2068 2069 2012
f 5018 5019 5021 5020
f 4256 4332 4333 4257
f 2587 2683 2684 2588
f 1500 1555 1556 1501
f 5569 5637 5638 5570
f 4543 4604 4605 4544
f 4526 4587 4588 4527
f 4528 4589 4590 4529
f 5749 5818 5819 5750
f 1473 1524 1525 1474
f 4550 4610 4612 4549
f 4535 4596 4597 4536
f 6292 6380 6381 6293
f 2675 2757 2758 2676
f 4658 4722 4723 4659
f 2378 2457 2458 2379
f 4580 4639 4640 4581
f 4541 4602 4603 4542
f 6035 6124 6125 6036
f 4511 4572 4573 4512
f 6890 6968 6969 6891
f 1138 1213 1214 1140
f 3511 3512 3514 3513
f 5049 5127 5128 5050
f 6042 6131 6132 6043
f 4890 4973 4974 4891
f 4566 4626 4625 4567
f 4568 4627 4628 4569
f 5349 5427 5428 5350
f 1580 1632 1633 1581
f 1550 1605 1606 1551
f 1288 1353 1354 1289
f 4533 4594 4595 4534
f 4558 4619 4621 4560
f 2188 2264 2265 2189
f 4560 4621 4622 4561
f 1506 1561 1562 1507
f 761 818 819 762
f 1377 1380 1379 1378
f 6034 6123 6124 6035
f 4509 4570 4571 4510
f 4534 4595 4596 4535
f 4567 4625 4627 4568
f 4536 4597 4598 4537
f 2811 2895 2896 2812
f 4634 4700 4701 4635
f 4611 4672 4673 4610
f 4468 4530 4531 4469
f 4413 4479 4480 4414
f 4462 4524 4525 4463
f 4591 4650 4651 4592
f 800 859 860 801
f 2059 2119 2120 2060
f 2226 2227 2229 2228
f 3639 3642 3641 3640
f 4164 4239 4240 4166
f 4589 4648 4649 4590
f 6091 6185 6186 6092
f 2156 2236 2237 2157
f 6834 6908 6909 6835
f 1210 1282 1281 1209
f 2971 2972 2973 2886
f 1652 1704 1706 1705
f 4669 4670 4672 4611
f 5586 5653 5654 5587
f 1614 1673 1674 1615
f 2043 2104 2105 2044
f 4590 4649 4650 4591
f 4607 4666 4667 4608
f 4685 4686 4688 4687
f 4614 4676 4677 4615
f 4599 4658 4659 4600
f 6180 6279 6280 6181
f 6285 6373 6374 6286
f 3081 3160 3161 3082
f 5073 5150 5151 5074
f 4644 4708 4709 4645
f 4613 4675 4676 4614
f 6075 6169 6170 6076
f 2963 3049 3050 2964
f 4651 4715 4716 4652
f 7025 7115 7116 7026
f 4597 4656 4657 4598
f 4630 4695 4697 4631
f 4575 4634 4635 4576
f 4592 4651 4652 4593
f 1274 1340 1341 1275
f 1556 1611 1612 1557
f 5065 5142 5143 5066
f 1432 1490 1491 1433
f 882 935 936 883
f 4622 4692 4693 4623
f 4519 4580 4581 4520
f 4632 4698 4699 4633
f 5917 6003 6004 5918
f 3105 3180 3181 3106
f 1702 1755 1756 1703
f 6985 7075 7076 6986
f 2091 2167 2168 2093
f 4598 4657 4658 4599
f 2236 2314 2315 2237
f 6156 6260 6261 6157
f 6589 6662 6663 6590
f 2487 2565 2567 2489
f 4676 4740 4741 4677
f 4631 4697 4698 4632
f 2890 2976 2977 2891
f 4656 4720 4721 4657
f 3115 3190 3191 3116
f 153 175 176 154
f 5057 5135 5136 5059
f 3609 3681 3682 3610
f 4637 4703 4704 4638
f 1504 1559 1560 1505
f 4691 4751 4752 4692
f 6123 6228 6229 6124
f 4648 4712 4713 4649
f 4714 4772 4773 4715
f 1338 1406 1407 1339
f 2194 2270 2271 2195
f 3521 3589 3590 3522
f 4661 4725 4726 4662
f 4663 4727 4728 4664
f 3195 3261 3262 3196
f 3871 3953 3954 3872
f 1774 1828 1829 1775
f 4708 4766 4767 4709
f 2075 2134 2135 2077
f 4654 4718 4719 4655
f 2204 2280 2281 2205
f 2186 2262 2261 2185
f 1788 1843 1844 1790
f 6098 6192 6193 6099
f 4693 4753 4754 4694
f 4686 4745 4746 4688
f 4695 4756 4755 4697
f 4600 4659 4660 4601
f 6869 6943 6944 6870
f 1537 1540 1539 1538
f 4587 4646 4647 4588
f 1592 1642 1643 1594
f 4677 4741 4742 4678
f 6107 6201 6202 6108
f 4671 4733 4735 4670
f 4544 4605 4606 4545
f 3259 3318 3319 3260
f 4770 4868 4869 4771
f 1262 1328 1329 1263
f 6090 6184 6185 6091
f 4645 4709 4710 4646
f 4710 4768 4769 4711
f 4647 4711 4712 4648
f 6228 6319 6320 6229
f 1426 1484 1485 1427
f 4007 4086 4087 4009
f 1862 1905 1906 1863
f 4702 4761 4762 4703
f 4662 4726 4727 4663
f 4605 4664 4665 4606
f 4930 5005 5006 4931
f 4688 4746 4748 4747
f 6477 6555 6556 6478
f 1900 1938 1939 1901
f 2521 2599 2600 2522
f 6362 6449 6450 6363
f 4728 4786 4787 4729
f 2276 2352 2353 2277
f 2715 2795 2794 2714
f 697 766 767 698
f 6993 7083 7084 6994
f 4606 4665 4666 4607
f 4470 4532 4533 4471
f 4421 4487 4486 4420
f 4719 4777 4778 4720
f 6204 6302 6303 6205
f 1 4 3 2
f 4744 4802 4801 4743
f 5033 5111 5112 5034
f 1656 1708 1707 1655
f 4174 4247 4248 4175
f 4736 4795 4796 4737
f 4850 4851 4853 4852
f 3473 3537 3538 3474
f 3614 3686 3687 3615
f 4712 4770 4771 4713
f 4127 4208 4209 4128
f 4844 4845 4847 4846
f 2970 3063 3064 2972
f 6874 6948 6949 6875
f 1964 2006 2007 1965
f 6122 6227 6228 6123
f 6739 6815 6816 6740
f 6276 6364 6365 6277
f 3121 3196 3197 3122
f 1728 1784 1785 1729
f 6435 6516 6517 6436
f 4824 4825 4827 4826
f 1868 1911 1910 1867
f 4149 4227 4228 4150
f 7017 7107 7109 7019
f 4734 4792 4793 4733
f 4743 4801 4803 4745
f 4848 4849 4851 4850
f 3459 3523 3524 3460
f 3137 3212 3213 3138
f 4779 4877 4878 4780
f 4780 4878 4879 4781
f 3589 3661 3662 3590
f 5553 5621 5622 5554
f 2252 2329 2330 2253
f 6252 6343 6344 6253
f 7413 7497 7498 7414
f 2028 2088 2089 2029
f 5209 5210 5212 5134
f 7009 7099 7100 7010
f 2429 2503 2504 2430
f 6203 6301 6302 6204
f 4767 4865 4866 4768
f 4768 4866 4867 4769
f 3523 3591 3592 3524
f 689 758 759 690
f 1934 1974 1976 1936
f 1800 1854 1853 1799
f 7928 7959 7960 7929
f 4751 4812 4813 4752
f 4856 4857 4859 4858
f 1586 1638 1639 1587
f 4866 4949 4950 4867
f 5177 5178 5180 5179
f 7001 7091 7092 7002
f 7039 7124 7125 7041
f 4854 4855 4857 4856
f 7029 7119 7120 7031
f 4811 4907 4908 4810
f 4812 4909 4910 4813
f 4593 4652 4653 4594
f 4727 4785 4786 4728
f 7701 7768 7769 7702
f 4655 4719 4720 4656
f 3651 3725 3726 3652
f 5097 5171 5172 5098
f 4455 4517 4518 4456
f 6154 6258 6259 6155
f 5570 5638 5639 5571
f 4782 4880 4881 4783
f 4527 4588 4589 4528
f 1658 1709 1711 1710
f 1990 2035 2036 1991
f 5089 5163 5164 5090
f 2084 2158 2159 2085
f 6771 6847 6848 6772
f 4239 4312 4313 4240
f 3747 3806 3807 3749
f 4835 4926 4927 4837
f 4813 4910 4911 4814
f 3671 3742 3743 3673
f 54 79 80 55
f 2266 2342 2343 2267
f 2082 2156 2157 2083
f 2551 2627 2628 2552
f 3819 3909 3910 3821
f 2070 2130 2131 2071
f 4829 4923 4924 4831
f 2908 2994 2995 2909
f 1730 1786 1787 1731
f 2258 2334 2336 2260
f 4821 4919 4920 4823
f 2628 2725 2726 2629
f 7581 7657 7658 7582
f 4731 4789 4791 4790
f 3492 3556 3557 3493
f 1920 1921 1923 1886
f 6187 6286 6287 6188
f 4814 4911 4912 4815
f 4832 4833 4835 4834
f 2146 2147 2149 2148
f 1505 1560 1561 1506
f 5105 5182 5181 5104
f 6146 6250 6251 6147
f 4733 4793 4794 4735
f 4798 4895 4896 4799
f 4807 4901 4902 4809
f 4720 4778 4779 4721
f 3987 4068 4069 3988
f 4946 5026 5028 4948
f 2126 2198 2199 2127
f 4820 4821 4823 4822
f 2187 2263 2264 2188
f 4766 4864 4865 4767
f 6521 6596 6598 6523
f 4552 4614 4615 4553
f 1802 1856 1857 1803
f 4583 4642 4641 4582
f 2537 2613 2614 2538
f 1368 1437 1438 1369
f 4853 4935 4936 4855
f 4806 4807 4809 4808
f 2356 2436 2437 2357
f 4264 4340 4341 4265
f 4059 4130 4132 4061
f 2228 2229 2231 2230
f 4899 4979 4978 4900
f 1952 1991 1992 1953
f 4877 4960 4961 4878
f 2298 2376 2377 2299
f 3489 3553 3554 3490
f 2243 2245 2244 2166
f 6235 6326 6327 6236
f 3712 3780 3781 3714
f 1497 1552 1553 1498
f 2198 2274 2275 2199
f 4916 4991 4992 4917
f 4893 4976 4977 4894
f 4870 4953 4954 4871
f 4855 4936 4937 4857
f 7034 7035 7037 7036
f 4938 5013 5014 4939
f 7089 7172 7173 7090
f 4885 4968 4969 4886
f 4902 4981 4982 4904
f 4887 4970 4971 4888
f 6868 6942 6941 6867
f 606 671 672 607
f 4735 4794 4795 4736
f 5129 5206 5207 5130
f 2008 2065 2066 2009
f 4861 4939 4941 4940
f 6219 6310 6311 6220
f 2340 2420 2421 2341
f 6596 6669 6671 6598
f 4123 4204 4205 4124
f 2244 2321 2323 2246
f 4939 5014 5015 4941
f 7049 7132 7133 7050
f 6713 6793 6794 6714
f 4918 4993 4994 4919
f 4919 4994 4995 4920
f 4864 4946 4948 4865
f 1898 1936 1937 1899
f 3153 3228 3229 3154
f 5121 5198 5199 5122
f 2227 2301 2302 2229
f 4911 4988 4989 4912
f 238 260 261 239
f 2132 2204 2205 2133
f 4948 5028 5029 4949
f 4910 4987 4988 4911
f 2278 2354 2355 2279
f 3177 3243 3244 3178
f 7041 7125 7126 7043
f 4917 4992 4993 4918
f 4878 4961 4962 4879
f 4871 4954 4955 4872
f 7489 7569 7570 7490
f 894 952 953 895
f 3615 3687 3688 3616
f 5113 5190 5191 5114
f 2080 2154 2155 2081
f 4941 5015 5016 4943
f 2954 3040 3041 2955
f 4903 4904 4906 4905
f 6348 6433 6434 6349
f 4275 4349 4351 4274
f 1481 1529 1531 1482
f 4971 5051 5052 4972
f 7033 7121 7122 7035
f 2203 2279 2280 2204
f 6267 6357 6356 6269
f 2404 2481 2482 2405
f 4928 5003 5004 4929
f 1962 2002 2004 1961
f 4994 5074 5075 4995
f 2338 2418 2417 2337
f 4980 5060 5061 4981
f 4957 5037 5038 4958
f 5022 5023 5025 5024
f 4960 5040 5041 4961
f 2342 2422 2423 2343
f 5031 5109 5110 5032
f 6250 6341 6342 6251
f 4949 5029 5030 4950
f 4966 5046 5047 4967
f 4943 5016 5017 4945
f 6324 6412 6413 6325
f 4339 4411 4412 4340
f 2412 2487 2489 2414
f 2330 2410 2411 2331
f 2152 2232 2234 2154
f 4925 5000 5001 4926
f 6251 6342 6343 6252
f 4967 5047 5048 4968
f 5056 5058 5057 4979
f 1246 1248 1247 1176
f 737 803 804 738
f 4875 4958 4959 4876
f 6242 6333 6334 6243
f 4869 4952 4953 4870
f 4982 5062 5063 4983
f 2380 2459 2460 2381
f 4968 5048 5049 4969
f 4411 4477 4478 4412
f 5082 5159 5160 5083
f 1870 1913 1914 1871
f 4892 4975 4976 4893
f 4749 4810 4812 4751
f 4974 5054 5055 4975
f 4991 5071 5072 4992
f 4936 5011 5012 4937
f 2026 2086 2087 2027
f 5175 5246 5247 5176
f 4571 4630 4631 4572
f 7057 7140 7141 7058
f 4981 5061 5062 4982
f 4950 5030 5031 4951
f 4983 5063 5064 4984
f 4872 4955 4956 4873
f 782 841 842 783
f 1225 1294 1295 1226
f 2475 2476 2477 2401
f 4951 5031 5032 4952
f 3851 3933 3935 3853
f 5035 5113 5114 5036
f 2476 2550 2551 2477
f 2304 2305 2307 2306
f 1026 1093 1094 1027
f 4886 4969 4970 4887
f 4986 5066 5067 4987
f 6380 6467 6468 6381
f 49 65 67 66
f 713 779 778 712
f 5289 5290 5292 5211
f 3505 3569 3570 3506
f 5021 5099 5100 5023
f 4750 4811 4810 4749
f 2436 2510 2511 2437
f 5000 5080 5081 5001
f 1010 1011 1012 947
f 5066 5143 5144 5067
f 2478 2552 2553 2479
f 5052 5130 5131 5053
f 5013 5093 5094 5014
f 5006 5086 5087 5007
f 5015 5095 5096 5016
f 5032 5110 5111 5033
f 4635 4701 4702 4636
f 5311 5390 5392 5313
f 5161 5234 5233 5163
f 6290 6378 6379 6291
f 2296 2374 2375 2297
f 2572 2668 2669 2573
f 1766 1817 1819 1818
f 5067 5144 5145 5068
f 7081 7164 7165 7082
f 4989 5069 5070 4990
f 6427 6508 6509 6428
f 5039 5117 5118 5040
f 6364 6451 6452 6365
f 4707 4765 4764 4706
f 1649 1650 1652 1651
f 5145 5224 5225 5146
f 5076 5153 5154 5077
f 962 1028 1029 963
f 3042 3126 3128 3044
f 2420 2494 2495 2421
f 5048 5126 5127 5049
f 2170 2250 2251 2171
f 2460 2535 2536 2461
f 2550 2626 2627 2551
f 7073 7156 7157 7074
f 2307 2383 2384 2309
f 5062 5139 5140 5063
f 5063 5140 5141 5064
f 5040 5118 5119 5041
f 1334 1402 1403 1335
f 3209 3277 3278 3210
f 5047 5125 5126 5048
f 5008 5088 5089 5009
f 2062 2122 2123 2063
f 2644 2735 2736 2645
f 2593 2689 2690 2594
f 2376 2455 2456 2377
f 5045 5123 5124 5046
f 5046 5124 5125 5047
f 5023 5100 5101 5025
f 6946 7022 7023 6947
f 4851 4934 4935 4853
f 345 394 393 344
f 5107 5184 5185 5108
f 7065 7148 7150 7067
f 5077 5154 5155 5078
f 4959 5039 5040 4960
f 2250 2327 2328 2251
f 4923 4998 4999 4924
f 6412 6499 6500 6413
f 5138 5217 5218 5139
f 2402 2479 2480 2403
f 5116 5193 5194 5117
f 2283 2359 2360 2284
f 5014 5094 5095 5015
f 4815 4912 4914 4913
f 5080 5157 5158 5081
f 2334 2412 2414 2336
f 5607 5675 5676 5608
f 2622 2719 2720 2623
f 6322 6410 6411 6323
f 5101 5175 5176 5103
f 2986 3078 3079 2987
f 5087 5162 5161 5088
f 5104 5181 5183 5106
f 4987 5067 5068 4988
f 2716 2796 2797 2717
f 2394 2470 2471 2395
f 2448 2522 2523 2450
f 5093 5167 5168 5094
f 6331 6419 6420 6332
f 2620 2717 2718 2621
f 6396 6483 6484 6397
f 2322 2400 2402 2321
f 5120 5197 5198 5121
f 1958 1997 1998 1960
f 5094 5168 5169 5095
f 5061 5138 5139 5062
f 5074 5151 5152 5075
f 5112 5189 5190 5113
f 2658 2743 2744 2660
f 1601 1603 1602 1549
f 2650 2739 2740 2652
f 6314 6402 6403 6315
f 4997 5077 5078 4998
f 5126 5203 5204 5127
f 5127 5204 5205 5128
f 5088 5161 5163 5089
f 5123 5200 5201 5124
f 5226 5308 5309 5227
f 5169 5240 5241 5170
f 5028 5106 5107 5029
f 2347 2427 2428 2348
f 6315 6403 6404 6316
f 5119 5196 5197 5120
f 5016 5096 5097 5017
f 2386 2464 2465 2388
f 2694 2776 2777 2695
f 1960 1998 2000 1999
f 5125 5202 5203 5126
f 5142 5221 5222 5143
f 5095 5169 5170 5096
f 4880 4963 4964 4881
f 5211 5292 5293 5210
f 5743 5813 5814 5744
f 2641 2642 2643 2566
f 4740 4799 4800 4741
f 5149 5228 5229 5150
f 5134 5212 5213 5133
f 5026 5104 5106 5028
f 5136 5215 5216 5137
f 2780 2861 2862 2781
f 1753 1806 1807 1754
f 5110 5187 5188 5111
f 2323 2403 2404 2324
f 2508 2586 2587 2509
f 6588 6661 6662 6589
f 2902 2988 2989 2903
f 1593 1594 1596 1595
f 5195 5266 5267 5196
f 5196 5267 5268 5197
f 5173 5244 5245 5174
f 5030 5108 5109 5031
f 5151 5230 5231 5152
f 7026 7116 7117 7027
f 5283 5360 5361 5285
f 5210 5293 5294 5212
f 2442 2516 2517 2443
f 7153 7237 7238 7154
f 5165 5236 5237 5166
f 6371 6458 6459 6372
f 5183 5254 5255 5184
f 5184 5255 5256 5185
f 2458 2533 2534 2459
f 5887 5969 5970 5888
f 2766 2847 2848 2767
f 2576 2672 2673 2577
f 5133 5213 5214 5135
f 5174 5245 5246 5175
f 2492 2570 2569 2491
f 2844 2928 2929 2845
f 7113 7196 7197 7114
f 5176 5247 5248 5178
f 2510 2588 2589 2511
f 5201 5272 5273 5202
f 3233 3292 3293 3234
f 5220 5302 5303 5221
f 994 1057 1058 995
f 5198 5269 5270 5199
f 5199 5270 5271 5200
f 5144 5223 5224 5145
f 3190 3256 3257 3191
f 2764 2845 2846 2765
f 5227 5309 5310 5228
f 7105 7188 7189 7106
f 2379 2458 2459 2380
f 6347 6432 6433 6348
f 5191 5262 5263 5192
f 6970 7062 7063 6971
f 5419 5492 5493 5420
f 3249 3308 3309 3250
f 5193 5264 5265 5194
f 4783 4881 4882 4784
f 2530 2606 2607 2531
f 2846 2930 2931 2847
f 2648 2738 2739 2650
f 5197 5268 5269 5198
f 5214 5296 5297 5215
f 5167 5238 5239 5168
f 6508 6584 6585 6509
f 5491 5558 5559 5492
f 369 370 373 372
f 5185 5256 5257 5186
f 3601 3671 3673 3672
f 5221 5303 5304 5222
f 5278 5281 5280 5279
f 5103 5176 5178 5177
f 5288 5291 5290 5289
f 3494 3558 3559 3495
f 5579 5646 5648 5581
f 2363 2443 2444 2364
f 5260 5339 5340 5261
f 5182 5253 5252 5181
f 2564 2634 2636 2635
f 5240 5318 5319 5241
f 2594 2690 2691 2595
f 5290 5370 5371 5292
f 5267 5346 5347 5268
f 6386 6473 6474 6387
f 5245 5323 5324 5246
f 3018 3110 3111 3019
f 5223 5305 5306 5224
f 6484 6562 6563 6485
f 3078 3157 3158 3079
f 6159 6263 6266 6265
f 2474 2549 2550 2476
f 2720 2800 2801 2721
f 5237 5315 5316 5238
f 6403 6490 6491 6404
f 5255 5334 5335 5256
f 5256 5335 5336 5257
f 5019 5098 5099 5021
f 2988 3080 3081 2989
f 2910 2996 2997 2911
f 6378 6465 6466 6379
f 25 39 40 26
f 5248 5326 5327 5249
f 2466 2541 2543 2468
f 5205 5276 5277 5206
f 2532 2608 2609 2533
f 5163 5233 5235 5164
f 5141 5220 5221 5142
f 5271 5350 5351 5272
f 2422 2496 2497 2423
f 1561 1616 1617 1562
f 6634 6708 6709 6635
f 5005 5085 5086 5006
f 5246 5324 5325 5247
f 5263 5342 5343 5264
f 5216 5298 5299 5217
f 5561 5629 5630 5562
f 5370 5443 5444 5371
f 2974 3066 3067 2975
f 7121 7204 7205 7122
f 4765 4863 4862 4764
f 5270 5349 5350 5271
f 5239 5317 5318 5240
f 5152 5231 5232 5153
f 5787 5859 5860 5788
f 6295 6383 6382 6294
f 2657 2658 2660 2659
f 2784 2864 2863 2785
f 2539 2615 2616 2540
f 6540 6615 6616 6541
f 5058 5133 5135 5057
f 4054 4126 4127 4055
f 3060 3139 3140 3061
f 5323 5402 5403 5324
f 3537 3605 3606 3538
f 1098 1179 1180 1099
f 6387 6474 6475 6388
f 2596 2692 2693 2597
f 5280 5359 5360 5283
f 5843 5929 5930 5844
f 729 795 796 730
f 5265 5344 5345 5266
f 5332 5410 5411 5333
f 5309 5388 5389 5310
f 5302 5381 5382 5303
f 5295 5374 5375 5296
f 3046 3130 3131 3047
f 5354 5432 5433 5355
f 6426 6507 6508 6427
f 2691 2773 2774 2692
f 5294 5373 5374 5295
f 5319 5398 5399 5320
f 5312 5391 5390 5311
f 2722 2802 2803 2723
f 6439 6519 6518 6438
f 5233 5311 5313 5235
f 2848 2932 2933 2849
f 5285 5361 5362 5287
f 5254 5333 5334 5255
f 2580 2676 2677 2581
f 6524 6599 6600 6525
f 3654 3728 3729 3655
f 3124 3199 3200 3125
f 5371 5444 5445 5372
f 7145 7229 7230 7146
f 1042 1106 1107 1043
f 5190 5261 5262 5191
f 5335 5413 5414 5336
f 5336 5414 5415 5337
f 4342 4414 4415 4343
f 3265 3324 3325 3266
f 2451 2526 2528 2453
f 5327 5406 5407 5328
f 5320 5399 5400 5321
f 5995 6081 6082 5996
f 3044 3128 3129 3045
f 5372 5445 5446 5373
f 5038 5116 5117 5039
f 5296 5375 5376 5297
f 2794 2873 2875 2796
f 3281 3347 3348 3282
f 5225 5307 5308 5226
f 7137 7221 7222 7138
f 5333 5411 5412 5334
f 4822 4823 4825 4824
f 5303 5382 5383 5304
f 7010 7100 7101 7011
f 6067 6156 6157 6068
f 3204 3272 3273 3205
f 3126 3201 3203 3128
f 2928 3014 3015 2929
f 5357 5435 5434 5359
f 6571 6646 6647 6572
f 5247 5325 5326 5248
f 6572 6647 6648 6573
f 4638 4704 4705 4639
f 721 787 788 722
f 5217 5299 5300 5218
f 7129 7212 7213 7128
f 5111 5188 5189 5112
f 3106 3181 3182 3107
f 5360 5436 5437 5361
f 6131 6236 6237 6132
f 5418 5491 5492 5419
f 5403 5476 5477 5404
f 5404 5477 5478 5405
f 2435 2509 2510 2436
f 5382 5455 5456 5383
f 4823 4920 4921 4825
f 5384 5457 5458 5385
f 2858 2942 2943 2859
f 6687 6768 6769 6688
f 2546 2622 2623 2547
f 6458 6537 6538 6459
f 5381 5454 5455 5382
f 6731 6808 6809 6733
f 4230 4303 4304 4231
f 6556 6631 6632 6557
f 3268 3335 3336 3270
f 3198 3264 3265 3199
f 2992 3084 3085 2993
f 5373 5446 5447 5374
f 5342 5420 5421 5343
f 2756 2837 2838 2757
f 5400 5473 5474 5401
f 3202 3268 3270 3201
f 1577 1629 1630 1578
f 2538 2614 2615 2539
f 6450 6529 6530 6451
f 5341 5419 5420 5342
f 3058 3138 3139 3060
f 5146 5225 5226 5147
f 5392 5465 5466 5393
f 6275 6363 6364 6276
f 5530 5590 5591 5531
f 5299 5378 5379 5300
f 5308 5387 5388 5309
f 5365 5366 5368 5367
f 6475 6553 6554 6476
f 5415 5488 5489 5416
f 5368 5441 5442 5369
f 5406 5479 5480 5407
f 2900 2986 2987 2901
f 5304 5383 5384 5305
f 2930 3016 3017 2931
f 6839 6913 6914 6840
f 5241 5319 5320 5242
f 2512 2590 2591 2513
f 2491 2569 2571 2493
f 5430 5503 5504 5431
f 5375 5448 5449 5376
f 5168 5239 5240 5169
f 6339 6424 6425 6340
f 3340 3405 3406 3341
f 3270 3336 3337 3271
f 3064 3143 3144 3065
f 5413 5486 5487 5414
f 6459 6538 6539 6460
f 5090 5164 5165 5091
f 4888 4971 4972 4889
f 5222 5304 5305 5223
f 1569 1624 1625 1570
f 2577 2673 2674 2578
f 3553 3621 3622 3554
f 5445 5514 5515 5446
f 6708 6788 6789 6709
f 2668 2750 2751 2669
f 6411 6498 6499 6412
f 5498 5565 5566 5499
f 5475 5544 5545 5476
f 5476 5545 5546 5477
f 2467 2542 2541 2466
f 5446 5515 5516 5447
f 5439 5507 5509 5440
f 7114 7197 7198 7115
f 2994 3086 3087 2995
f 6983 7073 7074 6984
f 2578 2674 2675 2579
f 7225 7306 7307 7226
f 5461 5530 5531 5462
f 5438 5508 5507 5439
f 4774 4872 4873 4775
f 3358 3414 3415 3359
f 3136 3211 3212 3137
f 5453 5522 5523 5454
f 5414 5487 5488 5415
f 5463 5532 5534 5465
f 5464 5533 5532 5463
f 5534 5600 5601 5535
f 3404 3467 3468 3405
f 5257 5336 5337 5258
f 7185 7268 7269 7186
f 5421 5494 5495 5422
f 5350 5428 5429 5351
f 2652 2740 2741 2654
f 6860 6934 6935 6861
f 6563 6638 6639 6564
f 3305 3368 3369 3306
f 5523 5583 5584 5524
f 5524 5584 5585 5525
f 1074 1158 1159 1075
f 6515 6591 6592 6516
f 5487 5554 5555 5488
f 5432 5505 5506 5433
f 3066 3145 3146 3067
f 2523 2601 2602 2525
f 5478 5547 5548 5479
f 5471 5540 5541 5472
f 7058 7141 7142 7059
f 5447 5516 5517 5448
f 6636 6710 6711 6637
f 6635 6709 6710 6636
f 3316 3379 3380 3317
f 5329 5331 5330 5253
f 7169 7253 7254 7170
f 5485 5552 5553 5486
f 5502 5569 5570 5503
f 5383 5456 5457 5384
f 5496 5563 5564 5497
f 5878 5879 5881 5880
f 3321 3384 3385 3322
f 5520 5579 5581 5521
f 6715 6795 6796 6716
f 5509 5575 5574 5510
f 3216 3284 3285 3217
f 6491 6569 6570 6492
f 2708 2788 2789 2709
f 6620 6693 6694 6621
f 3130 3205 3206 3131
f 5927 6013 6014 5928
f 3422 3483 3484 3423
f 7161 7245 7246 7162
f 2507 2585 2586 2508
f 5526 5586 5587 5527
f 5511 5576 5577 5512
f 5592 5595 5594 5593
f 5422 5495 5496 5423
f 1553 1608 1609 1554
f 5249 5327 5328 5251
f 5556 5624 5625 5557
f 5510 5574 5576 5511
f 5533 5599 5598 5532
f 5535 5601 5602 5536
f 5528 5588 5589 5529
f 6179 6278 6279 6180
f 1116 1197 1198 1117
f 5563 5631 5632 5564
f 6522 6597 6596 6521
f 5525 5585 5586 5526
f 5486 5553 5554 5487
f 2684 2766 2767 2685
f 5504 5571 5572 5505
f 113 135 136 114
f 5625 5692 5693 5626
f 2610 2707 2708 2611
f 3296 3359 3360 3297
f 5493 5560 5561 5494
f 3090 3165 3167 3092
f 5551 5619 5620 5552
f 5440 5509 5510 5441
f 2122 2194 2195 2123
f 4459 4521 4523 4461
f 3502 3566 3567 3503
f 6514 6590 6591 6515
f 5429 5502 5503 5430
f 785 844 845 786
f 5452 5521 5522 5453
f 2602 2698 2700 2699
f 5293 5372 5373 5294
f 6555 6630 6631 6556
f 5543 5609 5610 5544
f 6660 6742 6743 6661
f 4933 5008 5009 4934
f 5674 5736 5737 5675
f 5451 5520 5521 5452
f 7193 7275 7276 7194
f 5557 5625 5626 5558
f 5550 5618 5617 5549
f 2982 3074 3075 2983
f 3368 3424 3425 3369
f 5139 5218 5219 5140
f 7415 7499 7500 7416
f 5519 5580 5579 5520
f 5582 5649 5650 5583
f 5552 5620 5621 5553
f 6366 6453 6454 6367
f 3604 3676 3677 3605
f 2130 2202 2203 2131
f 3569 3637 3638 3570
f 2683 2765 2766 2684
f 6531 6606 6607 6532
f 5122 5199 5200 5123
f 5584 5651 5652 5585
f 6987 7077 7078 6988
f 441 442 444 443
f 5619 5686 5687 5620
f 5620 5687 5688 5621
f 1186 1259 1260 1187
f 5598 5666 5668 5600
f 5650 5715 5716 5651
f 3274 3340 3341 3275
f 5345 5423 5424 5346
f 6554 6629 6630 6555
f 5605 5673 5674 5606
f 5590 5657 5658 5591
f 2740 2821 2822 2741
f 6732 6733 6734 6653
f 5958 6046 6047 5959
f 7551 7628 7629 7552
f 3630 3702 3703 3631
f 3448 3516 3517 3451
f 5589 5656 5657 5590
f 5558 5626 5627 5559
f 5583 5650 5651 5584
f 5608 5676 5677 5609
f 6646 6720 6721 6647
f 3668 3739 3740 3669
f 5297 5376 5377 5298
f 7217 7298 7299 7218
f 5565 5633 5634 5566
f 5494 5561 5562 5495
f 5623 5690 5691 5624
f 5600 5668 5669 5601
f 7131 7215 7216 7132
f 5651 5716 5717 5652
f 2724 2804 2805 2725
f 5366 5440 5441 5368
f 5560 5628 5629 5561
f 3354 3410 3409 3353
f 1689 1743 1744 1690
f 2761 2842 2843 2762
f 5668 5730 5731 5669
f 1114 1195 1196 1115
f 5622 5689 5690 5623
f 5639 5706 5707 5640
f 7090 7173 7174 7091
f 6723 6803 6804 6724
f 2579 2675 2676 2580
f 5631 5698 5699 5632
f 6692 6773 6774 6693
f 3702 3771 3772 3703
f 3588 3660 3661 3589
f 7209 7291 7292 7211
f 5629 5696 5697 5630
f 3178 3244 3245 3179
f 5599 5667 5666 5598
f 5640 5707 5708 5641
f 7211 7292 7293 7212
f 1929 1969 1970 1930
f 2681 2763 2764 2682
f 3512 3581 3582 3514
f 5661 5723 5725 5663
f 5662 5724 5723 5661
f 5527 5587 5588 5528
f 5664 5726 5727 5665
f 6918 6995 6996 6919
f 3812 3813 3815 3814
f 193 217 218 195
f 2659 2660 2662 2661
f 7201 7283 7284 7202
f 5654 5719 5720 5655
f 5391 5464 5463 5390
f 6676 6757 6758 6677
f 7275 7356 7357 7276
f 5714 5784 5785 5715
f 5699 5763 5764 5700
f 5700 5764 5765 5701
f 5677 5739 5740 5678
f 5630 5697 5698 5631
f 5663 5725 5726 5664
f 5680 5742 5743 5681
f 3410 3471 3470 3409
f 7871 7908 7909 7872
f 2674 2756 2757 2675
f 6586 6659 6660 6587
f 5669 5731 5732 5670
f 3122 3197 3198 3123
f 2892 2978 2979 2893
f 5672 5734 5735 5673
f 6550 6625 6626 6551
f 3780 3878 3879 3781
f 3838 3839 3841 3840
f 3640 3641 3644 3643
f 5637 5704 5705 5638
f 6627 6701 6702 6628
f 5218 5300 5301 5219
f 3754 3852 3851 3753
f 5648 5713 5714 5649
f 5703 5767 5768 5704
f 7411 7495 7496 7412
f 897 955 956 898
f 2666 2748 2747 2665
f 6578 6653 6652 6580
f 5573 5641 5643 5642
f 5686 5750 5751 5687
f 5695 5759 5760 5696
f 5568 5636 5637 5569
f 3482 3546 3547 3483
f 5660 5661 5663 5595
f 2922 3008 3009 2923
f 2611 2708 2709 2612
f 5710 5774 5776 5775
f 7483 7563 7564 7484
f 5448 5517 5518 5449
f 5882 5884 5883 5799
f 5305 5384 5385 5306
f 3072 3151 3152 3073
f 5701 5765 5766 5702
f 6611 6684 6685 6612
f 5671 5733 5734 5672
f 5704 5768 5769 5705
f 7454 7536 7537 7455
f 64 89 90 65
f 3846 3929 3928 3845
f 5292 5371 5372 5293
f 5725 5795 5796 5726
f 5726 5796 5797 5727
f 5178 5248 5249 5180
f 6852 6926 6927 6853
f 6218 6219 6220 6116
f 2609 2706 2707 2610
f 2595 2691 2692 2596
f 5718 5788 5789 5719
f 2884 2885 2888 2887
f 7170 7254 7255 7171
f 7563 7639 7640 7564
f 3892 3970 3972 3971
f 5763 5832 5833 5764
f 4052 4124 4125 4053
f 5741 5811 5812 5742
f 5694 5758 5759 5695
f 5719 5789 5790 5720
f 5744 5814 5815 5745
f 3554 3622 3623 3555
f 833 886 887 834
f 2706 2786 2787 2707
f 7289 7370 7371 7290
f 5733 5803 5804 5734
f 5638 5705 5706 5639
f 5751 5820 5821 5752
f 5736 5806 5807 5737
f 7078 7161 7162 7079
f 5794 5868 5870 5793
f 3910 3989 3990 3911
f 117 139 140 118
f 5709 5773 5774 5710
f 6675 6756 6757 6676
f 5712 5782 5781 5711
f 200 220 222 201
f 3897 3979 3980 3898
f 2788 2867 2868 2789
f 7734 7800 7801 7735
f 5750 5819 5820 5751
f 1162 1238 1239 1163
f 5767 5836 5837 5768
f 7210 7211 7212 7129
f 7707 7773 7775 7709
f 3972 4055 4056 3974
f 5337 5415 5416 5338
f 5796 5872 5873 5797
f 2667 2749 2750 2668
f 5774 5843 5844 5776
f 5759 5828 5829 5760
f 6772 6848 6849 6773
f 5795 5871 5872 5796
f 3377 3433 3434 3378
f 3634 3706 3707 3635
f 5321 5400 5401 5322
f 3745 3805 3806 3747
f 5765 5834 5835 5766
f 3868 3950 3951 3869
f 3760 3858 3859 3761
f 6643 6717 6718 6644
f 3393 3457 3458 3395
f 5735 5805 5806 5736
f 5790 5862 5863 5791
f 5768 5837 5838 5769
f 7819 7858 7859 7820
f 7023 7113 7114 7024
f 3974 4056 4058 4057
f 3657 3731 3732 3658
f 5789 5861 5862 5790
f 5782 5854 5853 5781
f 5679 5741 5742 5680
f 5792 5864 5866 5865
f 87 111 112 88
f 105 127 128 106
f 5313 5392 5393 5314
f 5820 5906 5907 5821
f 2627 2724 2725 2628
f 5758 5827 5828 5759
f 7891 7922 7921 7890
f 6756 6832 6833 6757
f 5842 5928 5929 5843
f 5827 5913 5914 5828
f 6730 6731 6733 6732
f 5805 5891 5892 5806
f 3154 3229 3230 3155
f 2836 2920 2921 2837
f 5808 5894 5895 5809
f 3706 3775 3776 3707
f 480 543 544 479
f 2738 2819 2820 2739
f 3864 3946 3947 3865
f 5797 5873 5875 5874
f 6707 6787 6788 6708
f 5791 5863 5864 5792
f 5800 5886 5887 5801
f 7622 7696 7697 7623
f 4124 4205 4206 4125
f 4062 4133 4134 4063
f 7809 7850 7851 7810
f 5773 5842 5843 5774
f 5806 5892 5893 5807
f 5823 5909 5910 5824
f 5776 5844 5845 5778
f 7307 7388 7389 7308
f 1641 1696 1697 1642
f 2730 2811 2812 2731
f 6914 6991 6992 6915
f 5717 5787 5788 5718
f 5830 5916 5917 5831
f 5720 5790 5791 5721
f 6026 6028 6027 5941
f 7257 7337 7338 7258
f 6804 6877 6878 6805
f 6691 6772 6773 6692
f 5581 5648 5649 5582
f 2820 2904 2905 2821
f 5832 5918 5919 5833
f 17 18 20 19
f 600 666 667 602
f 5739 5809 5810 5740
f 4008 4009 4011 4010
f 5301 5380 5381 5302
f 5846 5932 5933 5848
f 5839 5925 5926 5840
f 5936 5937 5939 5938
f 4196 4269 4270 4197
f 4773 4871 4872 4774
f 1921 1961 1963 1923
f 5838 5924 5925 5839
f 5831 5917 5918 5832
f 6788 6864 6865 6789
f 6121 6226 6227 6122
f 3574 3647 3648 3573
f 1250 1316 1317 1251
f 5799 5883 5885 5798
f 164 186 187 165
f 5892 5974 5975 5893
f 4134 4215 4216 4135
f 3291 3354 3353 3290
f 5814 5900 5901 5815
f 5282 5283 5285 5284
f 5864 5951 5952 5866
f 655 724 725 656
f 497 560 561 498
f 2625 2722 2723 2626
f 6690 6771 6772 6691
f 2979 3071 3072 2980
f 5766 5835 5836 5767
f 2868 2951 2952 2869
f 5856 5943 5944 5857
f 236 258 259 237
f 5922 6008 6009 5923
f 5907 5993 5994 5908
f 3984 4066 4065 3985
f 5840 5926 5927 5841
f 5871 5956 5957 5872
f 5646 5711 5713 5648
f 7154 7238 7239 7155
f 3866 3948 3949 3867
f 736 802 803 737
f 5409 5482 5481 5408
f 7281 7362 7363 7282
f 5837 5923 5924 5838
f 5374 5447 5448 5375
f 5895 5977 5978 5896
f 6836 6910 6911 6837
f 271 299 300 272
f 4252 4328 4329 4253
f 4206 4284 4285 4207
f 5924 6010 6011 5925
f 4745 4803 4804 4746
f 4830 4831 4833 4832
f 2852 2936 2937 2853
f 5896 5978 5979 5897
f 959 1025 1026 960
f 3409 3470 3472 3411
f 5369 5442 5443 5370
f 7273 7355 7356 7275
f 2739 2820 2821 2740
f 3622 3694 3695 3623
f 5911 5997 5998 5912
f 5912 5998 5999 5913
f 356 405 406 357
f 4180 4253 4254 4181
f 5939 6023 6025 6024
f 4080 4148 4149 4081
f 5893 5975 5976 5894
f 1310 1375 1376 1311
f 5903 5989 5988 5902
f 3946 4033 4034 3947
f 5361 5437 5438 5362
f 3425 3486 3487 3426
f 5925 6011 6012 5926
f 7265 7344 7345 7266
f 7936 7967 7968 7937
f 5879 5961 5962 5881
f 6820 6893 6894 6821
f 436 493 494 437
f 4324 4396 4397 4325
f 4270 4346 4347 4271
f 5956 6044 6045 5957
f 2723 2803 2804 2724
f 5886 5968 5969 5887
f 5807 5893 5894 5808
f 5928 6014 6015 5929
f 1231 1300 1301 1232
f 481 482 483 419
f 5353 5431 5432 5354
f 6722 6802 6803 6723
f 5941 6027 6029 5940
f 5777 5778 5780 5779
f 5687 5751 5752 5688
f 5920 6006 6007 5921
f 508 571 572 510
f 5994 6080 6081 5995
f 6779 6855 6854 6778
f 5933 6019 6020 5934
f 5399 5472 5473 5400
f 5984 5987 5986 5985
f 4034 4105 4106 4035
f 1032 1096 1095 1031
f 5979 6066 6067 5980
f 4152 4230 4231 4153
f 5909 5995 5996 5910
f 3484 3548 3549 3485
f 4831 4924 4925 4833
f 5848 5933 5934 5850
f 839 893 894 840
f 4396 4462 4463 4397
f 2810 2894 2895 2811
f 6714 6794 6795 6715
f 5845 5931 5932 5846
f 4350 4421 4420 4349
f 5728 5798 5800 5730
f 2771 2852 2853 2772
f 5860 5947 5948 5861
f 5966 6053 6052 5965
f 5298 5377 5378 5299
f 5456 5525 5526 5457
f 4394 4460 4459 4393
f 1673 1727 1728 1674
f 2802 2881 2882 2803
f 3656 3730 3731 3657
f 5965 6052 6054 5967
f 4402 4468 4469 4403
f 3460 3524 3525 3461
f 4904 4982 4983 4906
f 636 701 702 637
f 6162 6163 6166 6165
f 5883 5965 5967 5885
f 4224 4297 4298 4225
f 5989 6073 6075 5988
f 5990 6076 6077 5991
f 3188 3254 3255 3189
f 3720 3786 3787 3721
f 4114 4194 4195 4115
f 1168 1244 1245 1169
f 5377 5450 5451 5378
f 3633 3705 3706 3634
f 2755 2836 2837 2756
f 7396 7480 7482 7398
f 700 769 770 701
f 4476 4538 4539 4477
f 4422 4488 4489 4423
f 6028 6115 6117 6027
f 6005 6091 6092 6006
f 5974 6061 6062 5975
f 5943 6031 6032 5944
f 1855 1898 1899 1856
f 5950 6038 6039 5951
f 1665 1719 1720 1666
f 7353 7439 7440 7355
f 2665 2747 2749 2667
f 5997 6083 6084 5998
f 5894 5976 5977 5895
f 6673 6754 6755 6674
f 7140 7224 7225 7141
f 772 829 830 773
f 6058 6147 6148 6059
f 6043 6132 6133 6044
f 4296 4367 4369 4297
f 5973 6060 6061 5974
f 6811 6884 6885 6812
f 2940 3026 3027 2941
f 5968 6055 6056 5969
f 4186 4259 4260 4187
f 1320 1388 1389 1321
f 2842 2926 2927 2843
f 7313 7394 7393 7312
f 1234 1303 1304 1235
f 6022 6107 6108 6023
f 6007 6093 6094 6008
f 7617 7691 7692 7618
f 1415 1475 1476 1416
f 4540 4601 4602 4541
f 2883 2886 2885 2884
f 6060 6149 6150 6061
f 6038 6127 6128 6039
f 6039 6128 6129 6040
f 6900 6977 6979 6902
f 2151 2219 2221 2220
f 3441 3502 3503 3442
f 4518 4579 4580 4519
f 7305 7386 7387 7306
f 6029 6118 6119 6030
f 6795 6867 6869 6796
f 2924 3010 3011 2925
f 6032 6121 6122 6033
f 924 977 978 925
f 4460 4522 4521 4459
f 5401 5474 5475 5402
f 4376 4443 4444 4377
f 6055 6144 6145 6056
f 4266 4342 4343 4267
f 3449 3515 3516 3448
f 6053 6142 6141 6052
f 240 262 263 242
f 980 1043 1044 981
f 6083 6177 6178 6084
f 7297 7378 7379 7298
f 2787 2866 2867 2788
f 6054 6143 6144 6055
f 6047 6136 6137 6048
f 6056 6145 6146 6057
f 2423 2497 2498 2424
f 1041 1105 1106 1042
f 5393 5466 5467 5394
f 6092 6186 6187 6093
f 6165 6166 6167 6074
f 6046 6135 6136 6047
f 6023 6108 6109 6025
f 6884 6962 6963 6885
f 1124 1125 1128 1127
f 6210 6211 6213 6212
f 4582 4641 4643 4584
f 6794 6868 6867 6795
f 6061 6150 6151 6062
f 6110 6111 6113 6112
f 5951 6039 6040 5952
f 6080 6174 6175 6081
f 4330 4402 4403 4331
f 1616 1675 1676 1617
f 5385 5458 5459 5386
f 3234 3293 3294 3235
f 6037 6126 6127 6038
f 2980 3072 3073 2981
f 6064 6153 6154 6065
f 2031 2093 2094 2033
f 4692 4752 4753 4693
f 6115 6221 6222 6117
f 4448 4510 4511 4449
f 5981 6068 6069 5982
f 6079 6173 6174 6080
f 540 606 607 542
f 6843 6917 6918 6844
f 6040 6129 6130 6041
f 825 878 879 826
f 6786 6862 6863 6787
f 6086 6180 6181 6087
f 5976 6063 6064 5977
f 6202 6300 6301 6203
f 6004 6090 6091 6005
f 2874 2957 2956 2873
f 5853 5940 5942 5855
f 6206 6207 6209 6208
f 6103 6197 6198 6104
f 6932 7008 7009 6933
f 65 90 91 67
f 1768 1823 1824 1770
f 4646 4710 4711 4647
f 7321 7402 7403 7322
f 6093 6187 6188 6094
f 6827 6901 6900 6826
f 2964 3050 3052 3051
f 6104 6198 6199 6105
f 3242 3301 3302 3243
f 4828 4829 4831 4830
f 2866 2949 2950 2867
f 4512 4573 4574 4513
f 3059 3060 3061 2968
f 6118 6223 6224 6119
f 6119 6224 6225 6120
f 6120 6225 6226 6121
f 1292 1357 1358 1293
f 793 852 853 794
f 6214 6215 6217 6216
f 1314 1381 1382 1313
f 6111 6204 6205 6113
f 6916 6993 6994 6917
f 2975 3067 3068 2976
f 6178 6277 6278 6179
f 6019 6104 6105 6020
f 3641 3718 3719 3644
f 6133 6238 6239 6134
f 6094 6188 6189 6095
f 6087 6181 6182 6088
f 6136 6241 6242 6137
f 1364 1433 1434 1365
f 1904 1942 1943 1905
f 4142 4220 4221 4143
f 6172 6271 6272 6173
f 6125 6230 6231 6126
f 6128 6233 6234 6129
f 5274 5353 5354 5275
f 6208 6209 6211 6210
f 4466 4528 4529 4467
f 4796 4893 4894 4797
f 5723 5793 5795 5725
f 6826 6900 6902 6828
f 6101 6195 6197 6103
f 6030 6119 6120 6031
f 3012 3104 3105 3013
f 7226 7307 7308 7227
f 2655 2656 2658 2657
f 1761 1813 1815 1763
f 1297 1362 1363 1298
f 4584 4643 4644 4585
f 1266 1332 1333 1267
f 5902 5988 5990 5904
f 6143 6247 6248 6144
f 6956 7049 7050 6958
f 3263 3322 3323 3264
f 4748 4805 4807 4806
f 6195 6295 6294 6197
f 7345 7425 7426 7346
f 2875 2958 2959 2876
f 6142 6246 6245 6141
f 6175 6274 6275 6176
f 6160 6264 6263 6159
f 1540 1585 1584 1539
f 5481 5550 5549 5483
f 6157 6261 6262 6158
f 6995 7085 7086 6996
f 2996 3088 3089 2997
f 6184 6283 6284 6185
f 4530 4591 4592 4531
f 3481 3545 3546 3482
f 4846 4847 4849 4848
f 6220 6311 6312 6221
f 6189 6288 6289 6190
f 6191 6290 6291 6192
f 1612 1671 1672 1613
f 5441 5510 5511 5442
f 2859 2943 2944 2860
f 6183 6282 6283 6184
f 3543 3611 3612 3544
f 6227 6318 6319 6228
f 7337 7418 7419 7338
f 6205 6303 6304 6207
f 3314 3377 3378 3315
f 6151 6255 6256 6152
f 7036 7037 7039 7038
f 1684 1738 1739 1685
f 4900 4978 4980 4901
f 5425 5498 5499 5426
f 4672 4736 4737 4673
f 6197 6294 6296 6198
f 6198 6296 6297 6199
f 6095 6189 6190 6096
f 6200 6298 6299 6201
f 4594 4653 4654 4595
f 377 440 442 441
f 4862 4947 4946 4864
f 7329 7410 7411 7330
f 6173 6272 6273 6174
f 6190 6289 6290 6191
f 5959 6047 6048 5960
f 6192 6291 6292 6193
f 3151 3226 3227 3152
f 6274 6362 6363 6275
f 2753 2834 2835 2754
f 6150 6254 6255 6151
f 6109 6203 6204 6111
f 6215 6308 6309 6217
f 6168 6268 6267 6169
f 4962 5042 5043 4963
f 2176 2256 2257 2177
f 6259 6350 6351 6260
f 6260 6351 6352 6261
f 2907 2993 2994 2908
f 3330 3331 3333 3332
f 3180 3246 3247 3181
f 6216 6217 6219 6218
f 1844 1888 1889 1845
f 4964 5044 5045 4965
f 2946 3032 3034 3033
f 6858 6932 6933 6859
f 6072 6074 6073 5989
f 5362 5438 5439 5364
f 4934 5009 5010 4935
f 6229 6320 6321 6230
f 6907 6984 6985 6908
f 6255 6346 6347 6256
f 6240 6331 6332 6241
f 4674 4738 4739 4675
f 1713 1770 1771 1715
f 2938 3024 3025 2939
f 4816 4819 4818 4817
f 6253 6344 6345 6254
f 6238 6329 6330 6239
f 6247 6338 6339 6248
f 7132 7216 7217 7133
f 1924 1964 1965 1925
f 6354 6439 6438 6353
f 3194 3260 3261 3195
f 6850 6924 6925 6851
f 2891 2977 2978 2892
f 6270 6358 6359 6271
f 6223 6314 6315 6224
f 7322 7403 7404 7323
f 4095 4175 4176 4096
f 2336 2414 2416 2415
f 5449 5518 5519 5450
f 6132 6237 6238 6133
f 5314 5393 5394 5315
f 6883 6961 6962 6884
f 6280 6368 6369 6281
f 1996 2041 2042 1997
f 5036 5114 5115 5037
f 4998 5078 5079 4999
f 4232 4305 4306 4233
f 6277 6365 6366 6278
f 6286 6374 6375 6287
f 3084 3163 3164 3085
f 6272 6360 6361 6273
f 4746 4804 4805 4748
f 1697 1750 1751 1698
f 2697 2779 2780 2698
f 5844 5930 5931 5845
f 6269 6356 6358 6270
f 6278 6366 6367 6279
f 6279 6367 6368 6280
f 6248 6339 6340 6249
f 3727 3792 3794 3728
f 6338 6423 6424 6339
f 6323 6411 6412 6324
f 1833 1879 1880 1834
f 6237 6328 6329 6238
f 6246 6337 6336 6245
f 6303 6391 6392 6304
f 7266 7345 7346 7267
f 4423 4489 4490 4424
f 2472 2547 2548 2473
f 2978 3070 3071 2979
f 6340 6425 6426 6341
f 1306 1371 1372 1307
f 6174 6273 6274 6175
f 3068 3147 3148 3069
f 7052 7135 7136 7053
f 2116 2188 2189 2117
f 5100 5174 5175 5101
f 5078 5155 5156 5079
f 4786 4884 4885 4787
f 6304 6392 6393 6305
f 3497 3561 3562 3498
f 5473 5542 5543 5474
f 7417 7501 7502 7418
f 2939 3025 3026 2940
f 6939 7015 7016 6940
f 6319 6407 6408 6320
f 6328 6416 6417 6329
f 2196 2272 2273 2197
f 5012 5092 5093 5013
f 6363 6450 6451 6364
f 4920 4995 4996 4921
f 6309 6397 6398 6310
f 6310 6398 6399 6311
f 6311 6399 6400 6312
f 3577 3578 3579 3510
f 4703 4762 4763 4704
f 2284 2360 2361 2285
f 6341 6426 6427 6342
f 7377 7462 7463 7378
f 6342 6427 6428 6343
f 6287 6375 6376 6288
f 7020 7110 7111 7021
f 4906 4983 4984 4907
f 1360 1429 1430 1361
f 5465 5534 5535 5466
f 6372 6459 6460 6373
f 2923 3009 3010 2924
f 6923 7000 7001 6924
f 6231 6322 6323 6232
f 6344 6429 6430 6345
f 4295 4368 4367 4296
f 233 255 256 234
f 5166 5237 5238 5167
f 7369 7454 7455 7370
f 6357 6442 6444 6356
f 6358 6445 6446 6359
f 3116 3191 3192 3117
f 6336 6421 6423 6338
f 1724 1780 1781 1725
f 6402 6489 6490 6403
f 5457 5526 5527 5458
f 4992 5072 5073 4993
f 6351 6436 6437 6352
f 6350 6435 6436 6351
f 6312 6400 6401 6313
f 57 82 83 58
f 2744 2825 2826 2745
f 6395 6482 6483 6396
f 3737 3798 3797 3736
f 6349 6434 6435 6350
f 6318 6406 6407 6319
f 6375 6462 6463 6376
f 6256 6347 6348 6257
f 6681 6762 6763 6682
f 5244 5322 5323 5245
f 3010 3102 3103 3011
f 6404 6491 6492 6405
f 6317 6405 6406 6318
f 3298 3361 3362 3299
f 3100 3175 3176 3101
f 7084 7167 7168 7085
f 2516 2594 2595 2517
f 1729 1785 1786 1730
f 5238 5316 5317 5239
f 6938 7014 7015 6939
f 6245 6336 6338 6247
f 6979 7068 7070 6980
f 6391 6478 6479 6392
f 6376 6463 6464 6377
f 5287 5362 5364 5363
f 6490 6568 6569 6491
f 3002 3094 3095 3003
f 5072 5149 5150 5073
f 6117 6222 6223 6118
f 6382 6469 6471 6384
f 5861 5948 5949 5862
f 6383 6470 6469 6382
f 6400 6487 6488 6401
f 2612 2709 2710 2613
f 2888 2975 2976 2890
f 6299 6387 6388 6300
f 6930 7005 7007 6931
f 3123 3198 3199 3124
f 6406 6493 6494 6407
f 6359 6446 6447 6360
f 7068 7151 7153 7070
f 5034 5112 5113 5035
f 5316 5395 5396 5317
f 4790 4791 4792 4734
f 5346 5424 5425 5347
f 6963 7055 7056 6964
f 5326 5405 5406 5327
f 817 870 871 818
f 7186 7269 7270 7187
f 1386 1449 1450 1387
f 6430 6511 6512 6431
f 3148 3223 3224 3149
f 6424 6505 6506 6425
f 4879 4962 4963 4880
f 6474 6552 6553 6475
f 2721 2801 2802 2722
f 7385 7470 7471 7386
f 6429 6510 6511 6430
f 6422 6503 6502 6421
f 6423 6504 6505 6424
f 6408 6495 6496 6409
f 5559 5627 5628 5560
f 3016 3108 3109 3017
f 6467 6546 6547 6468
f 5208 5211 5210 5209
f 3283 3349 3350 3284
f 6390 6477 6478 6391
f 6447 6526 6527 6448
f 6384 6471 6472 6385
f 2748 2829 2828 2747
f 5388 5461 5462 5389
f 5545 5611 5612 5546
f 6397 6484 6485 6398
f 3132 3207 3208 3133
f 7298 7379 7380 7299
f 5098 5172 5173 5099
f 3529 3597 3598 3530
f 5398 5471 5472 5399
f 3673 3743 3745 3744
f 1330 1398 1399 1331
f 6326 6414 6415 6327
f 6463 6542 6543 6464
f 7116 7199 7200 7117
f 2812 2896 2897 2813
f 5300 5379 5380 5301
f 5505 5572 5573 5506
f 6492 6570 6571 6493
f 3019 3111 3112 3020
f 6182 6281 6282 6183
f 6455 6534 6535 6456
f 6456 6535 6536 6457
f 5855 5942 5943 5856
f 3545 3613 3614 3546
f 6507 6583 6584 6508
f 6962 7054 7055 6963
f 6461 6540 6541 6462
f 5910 5996 5997 5911
f 6431 6512 6513 6432
f 6480 6558 6559 6481
f 2876 2959 2960 2877
f 5460 5529 5530 5461
f 6367 6454 6455 6368
f 7139 7223 7224 7140
f 7100 7183 7184 7101
f 5186 5257 5258 5187
f 801 860 861 802
f 5497 5564 5565 5498
f 5200 5271 5272 5201
f 6485 6563 6564 6486
f 3450 3451 3453 3452
f 6239 6330 6331 6240
f 6496 6574 6575 6497
f 5455 5524 5525 5456
f 6538 6613 6614 6539
f 5470 5539 5540 5471
f 7409 7493 7494 7410
f 5967 6054 6055 5968
f 3320 3383 3384 3321
f 5546 5612 5613 5547
f 5489 5556 5557 5490
f 6532 6607 6608 6533
f 3003 3095 3096 3004
f 6502 6578 6580 6504
f 3308 3371 3372 3309
f 6488 6566 6567 6489
f 3020 3112 3113 3021
f 5540 5606 5607 5541
f 6539 6614 6615 6540
f 7401 7485 7486 7402
f 6509 6585 6586 6510
f 7291 7372 7373 7292
f 5426 5499 5500 5427
f 6464 6543 6544 6465
f 5242 5320 5321 5243
f 1745 1800 1799 1747
f 3082 3161 3162 3083
f 5272 5351 5352 5273
f 6493 6571 6572 6494
f 6462 6541 6542 6463
f 6527 6602 6603 6528
f 6392 6479 6480 6393
f 3092 3167 3168 3093
f 6626 6700 6701 6627
f 6469 6549 6548 6471
f 7393 7477 7479 7395
f 3338 3403 3404 3339
f 3508 3509 3512 3511
f 6264 6354 6353 6263
f 6399 6486 6487 6400
f 3472 3536 3537 3473
f 5542 5608 5609 5543
f 6564 6639 6640 6565
f 6405 6492 6493 6406
f 7051 7134 7135 7052
f 6495 6573 6574 6496
f 5992 6078 6079 5993
f 3172 3238 3239 3173
f 5604 5672 5673 5605
f 3074 3153 3154 3075
f 7002 7092 7093 7003
f 3075 3154 3155 3076
f 6534 6609 6610 6535
f 5378 5451 5452 5379
f 7260 7340 7341 7261
f 5322 5401 5402 5323
f 1737 1791 1792 1738
f 6443 6522 6521 6442
f 5352 5430 5431 5353
f 6541 6616 6617 6542
f 6558 6633 6634 6559
f 3236 3295 3296 3237
f 6610 6683 6684 6611
f 6994 7084 7085 6995
f 6565 6640 6641 6566
f 7027 7117 7118 7028
f 6551 6626 6627 6552
f 7378 7463 7464 7379
f 6031 6120 6121 6032
f 3600 3670 3671 3601
f 5521 5581 5582 5522
f 6460 6539 6540 6461
f 3043 3127 3126 3042
f 6574 6649 6650 6575
f 6575 6650 6651 6576
f 6568 6643 6644 6569
f 5614 5682 5683 5616
f 6581 6654 6655 6582
f 4792 4889 4890 4793
f 6566 6641 6642 6567
f 3212 3280 3281 3213
f 7388 7473 7474 7389
f 6655 6737 6738 6656
f 5684 5749 5750 5686
f 2737 2818 2819 2738
f 5416 5489 5490 5417
f 6573 6648 6649 6574
f 6542 6617 6618 6543
f 6591 6664 6665 6592
f 6536 6611 6612 6537
f 3300 3363 3364 3301
f 3561 3629 3630 3562
f 6619 6692 6693 6620
f 3697 3766 3767 3698
f 6549 6624 6623 6548
f 6478 6556 6557 6479
f 6583 6656 6657 6584
f 7338 7419 7420 7339
f 5386 5459 5460 5387
f 5588 5655 5656 5589
f 3114 3189 3190 3115
f 6628 6702 6703 6629
f 1354 1423 1424 1355
f 7091 7174 7175 7092
f 6559 6634 6635 6560
f 3380 3436 3437 3381
f 3585 3657 3658 3586
f 5678 5740 5741 5679
f 7481 7561 7560 7480
f 3107 3182 3183 3108
f 6598 6671 6672 6599
f 6503 6579 6578 6502
f 7180 7262 7264 7181
f 6951 7027 7028 6952
f 2504 2582 2583 2505
f 5537 5603 5604 5538
f 5488 5555 5556 5489
f 6605 6678 6679 6606
f 6622 6695 6697 6696
f 3332 3333 3334 3269
f 6600 6673 6674 6601
f 3436 3497 3498 3437
f 1721 1777 1778 1722
f 6659 6741 6742 6660
f 7441 7523 7524 7442
f 6629 6703 6704 6630
f 7075 7158 7159 7076
f 6615 6688 6689 6616
f 6632 6706 6707 6633
f 5458 5527 5528 5459
f 7802 7843 7844 7803
f 6638 6712 6713 6639
f 6639 6713 6714 6640
f 3888 3968 3969 3890
f 6652 6735 6736 6654
f 3091 3166 3165 3090
f 7433 7517 7518 7435
f 6630 6704 6705 6631
f 3252 3311 3312 3253
f 7164 7248 7249 7165
f 6567 6642 6643 6568
f 5804 5890 5891 5805
f 5593 5594 5597 5596
f 5544 5610 5611 5545
f 6645 6719 6720 6646
f 6606 6679 6680 6607
f 6727 6728 6731 6730
f 6648 6722 6723 6649
f 7425 7509 7511 7426
f 3378 3434 3435 3379
f 6637 6711 6712 6638
f 6647 6721 6722 6648
f 6640 6714 6715 6641
f 2916 3002 3003 2917
f 849 903 904 850
f 5742 5812 5813 5743
f 6684 6765 6766 6685
f 6613 6686 6687 6614
f 7123 7206 7207 7124
f 6623 6699 6698 6625
f 6608 6681 6682 6609
f 145 168 169 147
f 6762 6838 6839 6763
f 5529 5589 5590 5530
f 7082 7165 7166 7083
f 6557 6632 6633 6558
f 6654 6736 6737 6655
f 5410 5483 5484 5411
f 6544 6619 6620 6545
f 4426 4492 4493 4427
f 4024 4095 4096 4025
f 6699 6779 6778 6698
f 5632 5699 5700 5633
f 6413 6500 6501 6414
f 6678 6759 6760 6679
f 3292 3355 3356 3293
f 3146 3221 3222 3147
f 5868 5954 5955 5870
f 7074 7157 7158 7075
f 6669 6750 6752 6671
f 7107 7190 7192 7109
f 6671 6752 6753 6672
f 7212 7293 7294 7213
f 6102 6196 6195 6101
f 409 470 471 410
f 5798 5885 5886 5800
f 6604 6677 6678 6605
f 3275 3341 3342 3276
f 6694 6775 6776 6695
f 6695 6776 6777 6697
f 6672 6753 6754 6673
f 2195 2271 2272 2196
f 6746 6822 6823 6747
f 3138 3213 3214 3139
f 7449 7531 7532 7450
f 1482 1531 1532 1483
f 6686 6767 6768 6687
f 3276 3342 3343 3277
f 6704 6784 6785 6705
f 3708 3777 3778 3709
f 4176 4249 4250 4177
f 6595 6668 6667 6594
f 5696 5760 5761 5697
f 5610 5678 5679 5611
f 7196 7278 7279 7197
f 5334 5412 5413 5335
f 6709 6789 6790 6710
f 6662 6744 6745 6663
f 6711 6791 6792 6712
f 6720 6800 6801 6721
f 7103 7186 7187 7104
f 5940 6029 6030 5942
f 6283 6371 6372 6284
f 3721 3787 3788 3722
f 6701 6781 6782 6702
f 6614 6687 6688 6615
f 6703 6783 6784 6704
f 6712 6792 6793 6713
f 7831 7870 7871 7832
f 1841 1885 1887 1843
f 6677 6758 6759 6678
f 6679 6760 6761 6680
f 6486 6564 6565 6487
f 6680 6761 6762 6681
f 3852 3934 3933 3851
f 5852 5935 5937 5936
f 2698 2780 2781 2700
f 6764 6840 6841 6765
f 1402 1465 1466 1403
f 6718 6798 6799 6719
f 6631 6705 6706 6632
f 7362 7447 7448 7363
f 5746 5748 5747 5685
f 3625 3697 3698 3626
f 5011 5091 5092 5012
f 7122 7205 7206 7123
f 3187 3253 3254 3188
f 7283 7364 7365 7284
f 6511 6587 6588 6512
f 7244 7324 7325 7245
f 4012 4013 4015 4014
f 6012 6098 6099 6013
f 2403 2480 2481 2404
f 5760 5829 5830 5761
f 6741 6817 6818 6742
f 3458 3522 3523 3459
f 6743 6819 6820 6744
f 6744 6820 6821 6745
f 1108 1189 1190 1109
f 385 448 449 387
f 7473 7555 7556 7474
f 6765 6841 6842 6766
f 6766 6842 6843 6767
f 3444 3505 3506 3445
f 6768 6844 6845 6769
f 168 190 191 169
f 6810 6883 6884 6811
f 3049 3133 3134 3050
f 6796 6869 6870 6797
f 3171 3237 3238 3172
f 4472 4534 4535 4473
f 6803 6876 6877 6804
f 7465 7547 7548 7466
f 6781 6857 6858 6782
f 6758 6834 6835 6759
f 5522 5582 5583 5523
f 7228 7309 7310 7229
f 4028 4099 4100 4029
f 6076 6170 6171 6077
f 2897 2983 2984 2898
f 5824 5910 5911 5825
f 6783 6859 6860 6784
f 6734 6810 6811 6735
f 6784 6860 6861 6785
f 5762 5831 5832 5763
f 1777 1831 1832 1778
f 6006 6092 6093 6007
f 7457 7539 7540 7458
f 6773 6849 6850 6774
f 3402 3465 3466 3403
f 6775 6851 6852 6776
f 6776 6852 6853 6777
f 7703 7770 7771 7704
f 6906 6983 6984 6907
f 2817 2901 2902 2818
f 6828 6902 6903 6829
f 6749 6825 6824 6748
f 6082 6176 6177 6083
f 6752 6828 6829 6753
f 6835 6909 6910 6836
f 4616 4678 4679 4617
f 7146 7230 7231 7147
f 6685 6766 6767 6686
f 7203 7285 7286 7204
f 6751 6827 6826 6750
f 6688 6769 6770 6689
f 4156 4234 4235 4157
f 6148 6252 6253 6149
f 6705 6785 6786 6706
f 5888 5970 5971 5889
f 3211 3279 3280 3212
f 6798 6871 6872 6799
f 5450 5519 5520 5451
f 6552 6627 6628 6553
f 5810 5896 5897 5811
f 945 946 948 891
f 6078 6172 6173 6079
f 7138 7222 7223 7139
f 6813 6886 6887 6814
f 6830 6904 6905 6831
f 3372 3428 3429 3373
f 6816 6889 6890 6817
f 4220 4294 4293 4221
f 6882 6960 6961 6883
f 6129 6234 6235 6130
f 6724 6804 6805 6725
f 6815 6888 6889 6816
f 7187 7270 7271 7188
f 7380 7465 7466 7381
f 704 773 774 705
f 4840 4841 4843 4842
f 3474 3538 3539 3475
f 5424 5497 5498 5425
f 6837 6911 6912 6838
f 6846 6920 6921 6847
f 6847 6921 6922 6848
f 7450 7532 7533 7451
f 4284 4359 4360 4285
f 6444 6523 6524 6445
f 3361 3417 3418 3362
f 3267 3269 3268 3202
f 6838 6912 6913 6839
f 3356 3412 3413 3357
f 6856 6930 6931 6857
f 5890 5972 5973 5891
f 6236 6327 6328 6237
f 6134 6239 6240 6135
f 6682 6763 6764 6683
f 6861 6935 6936 6862
f 6806 6879 6881 6808
f 1457 1511 1512 1458
f 6848 6922 6923 6849
f 6863 6937 6938 6864
f 336 361 362 337
f 3713 3714 3716 3715
f 6891 6969 6970 6892
f 6892 6970 6971 6893
f 6845 6919 6920 6846
f 6742 6818 6819 6743
f 6855 6929 6928 6854
f 6824 6896 6899 6898
f 984 1047 1048 985
f 6124 6229 6230 6125
f 3258 3317 3318 3259
f 7545 7622 7623 7546
f 6821 6894 6895 6822
f 7235 7315 7317 7237
f 4444 4506 4507 4445
f 7394 7478 7477 7393
f 1458 1512 1513 1459
f 6016 6102 6101 6017
f 6870 6944 6945 6871
f 6831 6905 6906 6832
f 7308 7389 7390 7309
f 5954 6042 6043 5955
f 3649 3723 3724 3650
f 6230 6321 6322 6231
f 7505 7585 7586 7506
f 3251 3310 3311 3252
f 6894 6972 6973 6895
f 6759 6835 6836 6760
f 6880 6956 6958 6879
f 4508 4569 4570 4509
f 3648 3722 3723 3649
f 5617 5684 5686 5619
f 6924 7001 7002 6925
f 6885 6963 6964 6886
f 7219 7300 7301 7220
f 3396 3459 3460 3397
f 6904 6981 6982 6905
f 1272 1338 1339 1273
f 185 209 210 186
f 6931 7007 7008 6932
f 3881 3963 3964 3882
f 6909 6986 6987 6910
f 6910 6987 6988 6911
f 7292 7373 7374 7293
f 6954 7029 7031 7030
f 5609 5677 5678 5610
f 6096 6190 6191 6097
f 3235 3294 3295 3236
f 6902 6979 6980 6903
f 6887 6965 6966 6888
f 6920 6997 6998 6921
f 4596 4655 4656 4597
f 5096 5170 5171 5097
f 6302 6390 6391 6303
f 6878 6952 6954 6953
f 6925 7002 7003 6926
f 6919 6996 6997 6920
f 6912 6989 6990 6913
f 6114 6116 6115 6028
f 6388 6475 6476 6389
f 5601 5669 5670 5602
f 3801 3897 3898 3802
f 6917 6994 6995 6918
f 3434 3495 3496 3435
f 3388 3444 3445 3390
f 6888 6966 6967 6889
f 1801 1855 1856 1802
f 7267 7346 7347 7268
f 6832 6906 6907 6833
f 7050 7133 7134 7051
f 7044 7047 7046 7045
f 6934 7010 7011 6935
f 7340 7421 7422 7341
f 7218 7299 7300 7219
f 6893 6971 6972 6894
f 6829 6903 6904 6830
f 6152 6256 6257 6153
f 7030 7031 7033 7032
f 6943 7019 7020 6944
f 6944 7020 7021 6945
f 888 941 943 942
f 5224 5306 5307 5225
f 6971 7063 7064 6972
f 7202 7284 7285 7203
f 6693 6774 6775 6694
f 7251 7331 7332 7252
f 6935 7011 7012 6936
f 7040 7041 7043 7042
f 4060 4131 4130 4059
f 6476 6554 6555 6477
f 3290 3353 3355 3292
f 6903 6980 6981 6904
f 6958 7050 7051 6959
f 9 12 11 10
f 6374 6461 6462 6375
f 7466 7548 7549 7467
f 6421 6502 6504 6423
f 7038 7039 7041 7040
f 5490 5557 5558 5491
f 7324 7405 7406 7325
f 7241 7321 7322 7242
f 841 895 896 842
f 3282 3348 3349 3283
f 7513 7591 7592 7514
f 5869 5953 5954 5868
f 6942 7018 7017 6941
f 3428 3489 3490 3429
f 6968 7060 7061 6969
f 4764 4862 4864 4766
f 7018 7108 7107 7017
f 6875 6949 6950 6876
f 6232 6323 6324 6233
f 4781 4879 4880 4782
f 6886 6964 6965 6887
f 6967 7059 7060 6968
f 6960 7052 7053 6961
f 1872 1915 1916 1873
f 5376 5449 5450 5377
f 5870 5955 5956 5871
f 6750 6826 6828 6752
f 3843 3921 3923 3922
f 6991 7081 7082 6992
f 6952 7028 7029 6954
f 4868 4951 4952 4869
f 6548 6623 6625 6550
f 6446 6525 6526 6447
f 3753 3851 3853 3755
f 3539 3607 3608 3540
f 6494 6572 6573 6495
f 3412 3473 3474 3413
f 3665 3736 3738 3667
f 6138 6243 6244 6139
f 2785 2863 2865 2786
f 7028 7118 7119 7029
f 7045 7046 7048 6957
f 5918 6004 6005 5919
f 7007 7097 7098 7008
f 7426 7511 7512 7427
f 1464 1518 1519 1465
f 6452 6531 6532 6453
f 7035 7122 7123 7037
f 7258 7338 7339 7259
f 4865 4948 4949 4866
f 6999 7089 7090 7000
f 2224 2225 2227 2226
f 5705 5769 5770 5706
f 3323 3386 3387 3324
f 6975 7066 7065 6974
f 4996 5076 5077 4997
f 6911 6988 6989 6912
f 6767 6843 6844 6768
f 3530 3598 3599 3531
f 7364 7449 7450 7365
f 6234 6325 6326 6235
f 3689 3758 3759 3690
f 6526 6601 6602 6527
f 6296 6384 6385 6297
f 7013 7103 7104 7014
f 7915 7946 7947 7916
f 6519 6595 6594 6518
f 7000 7090 7091 7001
f 5060 5137 5138 5061
f 6612 6685 6686 6613
f 5649 5714 5715 5650
f 7537 7615 7616 7538
f 7037 7123 7124 7039
f 7579 7655 7656 7580
f 5975 6062 6063 5976
f 889 891 890 838
f 2440 2514 2515 2441
f 3307 3370 3371 3308
f 7076 7159 7160 7077
f 6990 7080 7081 6991
f 4839 4928 4929 4841
f 7048 7131 7132 7049
f 5140 5219 5220 5141
f 7098 7181 7182 7099
f 7083 7166 7167 7084
f 7529 7607 7608 7530
f 7061 7144 7145 7062
f 5841 5927 5928 5842
f 2639 2640 2642 2641
f 7436 7437 7438 7354
f 6306 6394 6395 6307
f 5656 5721 5722 5657
f 5641 5708 5709 5643
f 6368 6455 6456 6369
f 7053 7136 7137 7054
f 7331 7412 7413 7332
f 5942 6030 6031 5943
f 7072 7155 7156 7073
f 2040 2101 2102 2041
f 6668 6749 6748 6667
f 6590 6663 6664 6591
f 7521 7599 7600 7522
f 7021 7111 7112 7022
f 7056 7139 7140 7057
f 6642 6716 6717 6643
f 1817 1871 1872 1819
f 5633 5700 5701 5634
f 7108 7191 7190 7107
f 6957 7048 7049 6956
f 7062 7145 7146 7063
f 6825 6897 6896 6824
f 7008 7098 7099 7009
f 5356 5358 5357 5281
f 7290 7371 7372 7291
f 7115 7198 7199 7116
f 3363 3419 3420 3364
f 7086 7169 7170 7087
f 2147 2217 2218 2149
f 7032 7033 7035 7034
f 6370 6457 6458 6371
f 7178 7263 7262 7180
f 3370 3426 3427 3371
f 6448 6527 6528 6449
f 7085 7168 7169 7086
f 7315 7396 7398 7317
f 133 156 157 134
f 6840 6914 6915 6841
f 5348 5426 5427 5349
f 5784 5856 5857 5785
f 6726 6729 6728 6727
f 7282 7363 7364 7283
f 7109 7192 7193 7110
f 7110 7193 7194 7111
f 6740 6816 6817 6741
f 2984 3076 3077 2985
f 6560 6635 6636 6561
f 1809 1863 1864 1810
f 3362 3418 3419 3363
f 6996 7086 7087 6997
f 3339 3404 3405 3340
f 7102 7185 7186 7103
f 7111 7194 7195 7112
f 6000 6086 6087 6001
f 5420 5493 5494 5421
f 7162 7246 7247 7163
f 7011 7101 7102 7012
f 5960 6048 6049 5961
f 7125 7208 7209 7126
f 7070 7153 7154 7071
f 6650 6724 6725 6651
f 7522 7600 7601 7523
f 6442 6521 6523 6444
f 5904 5990 5991 5905
f 7117 7200 7201 7118
f 6512 6588 6589 6513
f 101 122 124 123
f 7135 7219 7220 7136
f 2600 2696 2697 2601
f 6812 6885 6886 6813
f 5673 5735 5736 5674
f 3769 3867 3868 3770
f 7093 7176 7177 7094
f 6998 7088 7089 6999
f 7119 7202 7203 7120
f 7700 7767 7768 7701
f 3280 3346 3347 3281
f 3705 3774 3775 3706
f 6710 6790 6791 6711
f 7172 7256 7257 7173
f 1546 1588 1590 1589
f 7363 7448 7449 7364
f 4797 4894 4895 4798
f 7104 7187 7188 7105
f 5572 5640 5641 5573
f 6716 6796 6797 6717
f 2889 2890 2891 2808
f 7609 7683 7684 7610
f 3395 3458 3459 3396
f 7134 7218 7219 7135
f 7127 7129 7128 7047
f 7793 7834 7835 7794
f 3729 3795 3796 3730
f 6592 6665 6666 6593
f 7149 7233 7232 7148
f 7166 7250 7251 7167
f 3524 3592 3593 3525
f 7428 7513 7514 7429
f 6506 6582 6583 6507
f 4784 4882 4883 4785
f 7195 7277 7278 7196
f 7569 7645 7646 7570
f 7347 7427 7428 7348
f 7160 7244 7245 7161
f 5636 5703 5704 5637
f 1793 1847 1848 1794
f 3394 3456 3457 3393
f 7204 7286 7287 7205
f 7173 7257 7258 7174
f 7182 7265 7266 7183
f 7159 7243 7244 7160
f 7184 7267 7268 7185
f 3568 3636 3637 3569
f 7242 7322 7323 7243
f 6782 6858 6859 6783
f 7561 7637 7636 7560
f 3379 3435 3436 3380
f 7174 7258 7259 7175
f 7183 7266 7267 7184
f 7412 7496 7497 7413
f 5716 5786 5787 5717
f 5697 5761 5762 5698
f 6664 6746 6747 6665
f 7197 7279 7280 7198
f 7142 7226 7227 7143
f 3572 3573 3576 3575
f 7200 7282 7283 7201
f 6570 6645 6646 6571
f 6176 6275 6276 6177
f 7227 7308 7309 7228
f 7553 7630 7631 7554
f 7181 7264 7265 7182
f 3514 3582 3583 3515
f 7207 7289 7290 7208
f 7192 7273 7275 7193
f 3168 3234 3235 3169
f 6948 7024 7025 6949
f 5689 5753 5754 5690
f 7236 7316 7315 7235
f 7157 7241 7242 7158
f 5180 5249 5251 5250
f 7168 7252 7253 7169
f 7354 7438 7439 7353
f 6862 6936 6937 6863
f 7101 7184 7185 7102
f 7403 7487 7488 7404
f 7199 7281 7282 7200
f 7112 7195 7196 7113
f 81 105 106 82
f 881 934 935 882
f 5681 5743 5744 5682
f 6736 6812 6813 6737
f 6965 7057 7058 6966
f 7206 7288 7289 7207
f 7167 7251 7252 7168
f 7468 7550 7551 7469
f 5642 5643 5645 5644
f 7330 7411 7412 7331
f 7259 7339 7340 7260
f 7434 7435 7437 7436
f 7221 7302 7303 7222
f 7238 7318 7319 7239
f 1002 1003 1005 1004
f 7224 7305 7306 7225
f 5908 5994 5995 5909
f 6320 6408 6409 6321
f 3426 3487 3488 3427
f 7148 7232 7234 7150
f 7379 7464 7465 7380
f 7248 7328 7329 7249
f 4144 4222 4223 4145
f 7012 7102 7103 7013
f 6926 7003 7004 6927
f 7577 7653 7654 7578
f 3531 3599 3600 3532
f 7254 7334 7335 7255
f 3556 3624 3625 3557
f 7452 7534 7535 7453
f 857 911 912 858
f 5980 6067 6068 5981
f 3418 3479 3480 3419
f 6808 6881 6882 6809
f 1634 1689 1690 1635
f 7246 7326 7327 7247
f 7239 7319 7320 7240
f 7264 7342 7344 7265
f 6706 6786 6787 6707
f 7306 7387 7388 7307
f 7163 7247 7248 7164
f 3785 3883 3884 3786
f 7269 7348 7349 7270
f 7214 7295 7296 7215
f 7271 7350 7351 7272
f 7256 7336 7337 7257
f 3816 3817 3819 3818
f 6472 6550 6551 6473
f 6454 6533 6534 6455
f 7300 7381 7382 7301
f 7253 7333 7334 7254
f 7158 7242 7243 7159
f 3540 3608 3609 3541
f 7232 7312 7314 7234
f 4440 4501 4503 4441
f 7092 7175 7176 7093
f 6859 6933 6934 6860
f 7386 7471 7472 7387
f 7229 7310 7311 7230
f 7006 7096 7095 7005
f 7287 7368 7369 7288
f 7506 7586 7587 7508
f 6212 6213 6215 6214
f 1913 1953 1954 1914
f 1353 1422 1423 1354
f 6872 6946 6947 6873
f 1578 1630 1631 1579
f 7278 7359 7360 7279
f 6778 6854 6856 6780
f 7516 7594 7595 7517
f 7601 7675 7676 7602
f 7323 7404 7405 7324
f 3451 3517 3518 3453
f 7571 7647 7648 7572
f 7279 7360 7361 7280
f 7288 7369 7370 7289
f 6188 6287 6288 6189
f 6988 7078 7079 6989
f 5769 5838 5839 5770
f 7332 7413 7414 7333
f 7293 7374 7375 7294
f 3610 3682 3683 3611
f 7247 7327 7328 7248
f 7312 7393 7395 7314
f 4752 4813 4814 4753
f 3761 3859 3860 3762
f 7054 7137 7138 7055
f 7593 7667 7668 7594
f 7317 7398 7399 7318
f 7318 7399 7400 7319
f 7175 7259 7260 7176
f 7492 7572 7573 7493
f 6284 6372 6373 6285
f 7156 7240 7241 7157
f 5721 5791 5792 5722
f 6936 7012 7013 6937
f 7310 7391 7392 7311
f 7328 7409 7410 7329
f 6842 6916 6917 6843
f 401 462 463 402
f 7355 7440 7441 7356
f 7585 7661 7662 7586
f 3443 3504 3505 3444
f 7286 7367 7368 7287
f 7047 7128 7130 7046
f 7320 7401 7402 7321
f 7370 7455 7456 7371
f 7356 7441 7442 7357
f 6760 6836 6837 6761
f 4320 4390 4392 4391
f 5713 5783 5784 5714
f 7418 7502 7503 7419
f 7333 7414 7415 7334
f 3546 3614 3615 3547
f 7319 7400 7401 7320
f 7296 7377 7378 7297
f 7194 7276 7277 7195
f 7220 7301 7302 7221
f 7126 7209 7211 7210
f 6992 7082 7083 6993
f 7325 7406 7407 7326
f 7467 7549 7550 7468
f 3716 3782 3783 3717
f 7240 7320 7321 7241
f 6428 6509 6510 6429
f 1857 1900 1901 1858
f 2969 2970 2972 2971
f 7410 7494 7495 7411
f 7301 7382 7383 7302
f 7342 7424 7423 7344
f 5666 5728 5730 5668
f 7120 7203 7204 7121
f 6922 6999 7000 6923
f 7458 7540 7541 7459
f 7387 7472 7473 7388
f 7276 7357 7358 7277
f 7237 7317 7318 7238
f 7366 7451 7452 7367
f 7367 7452 7453 7368
f 7432 7433 7435 7434
f 6516 6592 6593 6517
f 6896 6974 6976 6899
f 3498 3562 3563 3499
f 6528 6603 6604 6529
f 3483 3547 3548 3484
f 7451 7533 7534 7452
f 7284 7365 7366 7285
f 5344 5422 5423 5345
f 7365 7450 7451 7366
f 6980 7070 7071 6981
f 7382 7467 7468 7383
f 7359 7444 7445 7360
f 7684 7755 7756 7685
f 6580 6652 6654 6581
f 1849 1893 1894 1850
f 7198 7280 7281 7199
f 1905 1943 1944 1906
f 7389 7474 7475 7390
f 7374 7459 7460 7375
f 7327 7408 7409 7328
f 7586 7662 7663 7587
f 6986 7076 7077 6987
f 7442 7524 7525 7443
f 3490 3554 3555 3491
f 7420 7504 7505 7421
f 3467 3531 3532 3468
f 7350 7430 7431 7351
f 5602 5670 5671 5603
f 7400 7484 7485 7401
f 4952 5032 5033 4953
f 7024 7114 7115 7025
f 3834 3835 3837 3836
f 7681 7752 7753 7682
f 7405 7489 7490 7406
f 7294 7375 7376 7295
f 3628 3700 3701 3629
f 5624 5691 5692 5625
f 7348 7428 7429 7349
f 5729 5799 5798 5728
f 7152 7236 7235 7151
f 7397 7481 7480 7396
f 7515 7593 7594 7516
f 7399 7483 7484 7400
f 6700 6780 6781 6701
f 7270 7349 7350 7271
f 7373 7458 7459 7374
f 7406 7490 7491 7407
f 7423 7510 7509 7425
f 7384 7469 7470 7385
f 7066 7149 7148 7065
f 3777 3875 3876 3778
f 2833 2917 2918 2834
f 7633 7707 7709 7635
f 1610 1669 1670 1611
f 7430 7515 7516 7431
f 3612 3684 3685 3613
f 7360 7445 7446 7361
f 6780 6856 6857 6781
f 7268 7347 7348 7269
f 7459 7541 7542 7460
f 7460 7542 7543 7461
f 3515 3583 3584 3516
f 7491 7571 7572 7492
f 7439 7521 7522 7440
f 7538 7616 7617 7539
f 5872 5957 5958 5873
f 3889 3890 3892 3891
f 3538 3606 3607 3539
f 7625 7699 7700 7626
f 7429 7514 7515 7430
f 7446 7528 7529 7447
f 7431 7516 7517 7433
f 7604 7678 7679 7605
f 6844 6918 6919 6845
f 5952 6040 6041 5953
f 7334 7415 7416 7335
f 7216 7297 7298 7217
f 7453 7535 7536 7454
f 7438 7520 7521 7439
f 7407 7491 7492 7408
f 7440 7522 7523 7441
f 7130 7214 7215 7131
f 7414 7498 7499 7415
f 3499 3563 3564 3500
f 5512 5577 5578 5513
f 7464 7546 7547 7465
f 393 454 456 395
f 5761 5830 5831 5762
f 3873 3955 3956 3874
f 7469 7551 7552 7470
f 3586 3658 3659 3587
f 7335 7416 7417 7336
f 7580 7656 7657 7581
f 6316 6404 6405 6317
f 7514 7592 7593 7515
f 7499 7579 7580 7500
f 7500 7580 7581 7501
f 7461 7543 7544 7462
f 7547 7624 7625 7548
f 3660 3734 3735 3661
f 7480 7560 7562 7482
f 41 60 61 42
f 7304 7385 7386 7305
f 5753 5822 5823 5754
f 7498 7578 7579 7499
f 7437 7519 7520 7438
f 7470 7552 7553 7471
f 7463 7545 7546 7464
f 7472 7554 7555 7473
f 7801 7842 7843 7802
f 7484 7564 7565 7485
f 7381 7466 7467 7382
f 7495 7575 7576 7496
f 7448 7530 7531 7449
f 7060 7143 7144 7061
f 1873 1916 1917 1874
f 7398 7482 7483 7399
f 7280 7361 7362 7281
f 7245 7325 7326 7246
f 7494 7574 7575 7495
f 3644 3719 3720 3646
f 7368 7453 7454 7369
f 6432 6513 6514 6433
f 7594 7668 7669 7595
f 5737 5807 5808 5738
f 7490 7570 7571 7491
f 6981 7071 7072 6982
f 7531 7609 7610 7532
f 7511 7588 7590 7512
f 7636 7710 7712 7638
f 7124 7207 7208 7125
f 7456 7538 7539 7457
f 7539 7617 7618 7540
f 7778 7819 7820 7779
f 3659 3733 3734 3660
f 7518 7596 7597 7519
f 7503 7583 7584 7504
f 7504 7584 7585 7505
f 7274 7353 7355 7273
f 7572 7648 7649 7573
f 3578 3650 3651 3579
f 7502 7582 7583 7503
f 7471 7553 7554 7472
f 7528 7606 7607 7529
f 6048 6137 6138 6049
f 873 926 927 874
f 7462 7544 7545 7463
f 7641 7715 7716 7642
f 1706 1758 1760 1759
f 7478 7558 7557 7477
f 5634 5701 5702 5635
f 7620 7694 7693 7619
f 6728 6806 6808 6731
f 7578 7654 7655 7579
f 7422 7506 7508 7507
f 7533 7611 7612 7534
f 7252 7332 7333 7253
f 7544 7621 7622 7545
f 7584 7660 7661 7585
f 3562 3630 3631 3563
f 7344 7423 7425 7345
f 3835 3917 3918 3837
f 7302 7383 7384 7303
f 3700 3769 3770 3701
f 7536 7614 7615 7537
f 7346 7426 7427 7347
f 7644 7718 7719 7645
f 7435 7518 7519 7437
f 3817 3908 3909 3819
f 7501 7581 7582 7502
f 7014 7104 7105 7015
f 7535 7613 7614 7536
f 7512 7590 7591 7513
f 7316 7397 7396 7315
f 3809 3904 3905 3811
f 6982 7072 7073 6983
f 7596 7670 7671 7597
f 1650 1703 1704 1652
f 7715 7781 7782 7716
f 7567 7643 7644 7568
f 7570 7646 7647 7571
f 6984 7074 7075 6985
f 7548 7625 7626 7549
f 3746 3747 3749 3748
f 3684 3754 3753 3685
f 7668 7738 7740 7669
f 7372 7457 7458 7373
f 3825 3912 3913 3827
f 7534 7612 7613 7535
f 7530 7608 7609 7531
f 3579 3651 3652 3580
f 7582 7658 7659 7583
f 7583 7659 7660 7584
f 7568 7644 7645 7569
f 7402 7486 7487 7403
f 7716 7782 7783 7717
f 2849 2933 2934 2850
f 7416 7500 7501 7417
f 7565 7641 7642 7566
f 7907 7938 7939 7908
f 7575 7651 7652 7576
f 7592 7666 7667 7593
f 6616 6689 6690 6617
f 865 916 918 864
f 7619 7693 7695 7621
f 7673 7744 7745 7674
f 7597 7671 7672 7598
f 7550 7627 7628 7551
f 7543 7619 7621 7544
f 7652 7726 7727 7653
f 7786 7827 7828 7787
f 7628 7702 7703 7629
f 5833 5919 5920 5834
f 3563 3631 3632 3564
f 3626 3698 3699 3627
f 7487 7567 7568 7488
f 7608 7682 7683 7609
f 7524 7602 7603 7525
f 7650 7724 7725 7651
f 7598 7672 7673 7599
f 7657 7731 7732 7658
f 7613 7687 7688 7614
f 7627 7701 7702 7628
f 7351 7431 7433 7432
f 7642 7716 7717 7643
f 7482 7562 7563 7483
f 7605 7679 7680 7606
f 7496 7576 7577 7497
f 7606 7680 7681 7607
f 7055 7138 7139 7056
f 7600 7674 7675 7601
f 7612 7686 7687 7613
f 7689 7757 7759 7690
f 5793 5870 5871 5795
f 7649 7723 7724 7650
f 7573 7649 7650 7574
f 7630 7704 7705 7631
f 3860 3942 3943 3861
f 7576 7652 7653 7577
f 7552 7629 7630 7553
f 1897 1935 1934 1896
f 7659 7733 7734 7660
f 7660 7734 7735 7661
f 7509 7589 7588 7511
f 7611 7685 7686 7612
f 5730 5800 5801 5731
f 7520 7598 7599 7521
f 7676 7747 7748 7677
f 7770 7812 7813 7771
f 5785 5857 5858 5786
f 7562 7638 7639 7563
f 3611 3683 3684 3612
f 7646 7720 7721 7647
f 7662 7736 7737 7663
f 7560 7636 7638 7562
f 7637 7711 7710 7636
f 7638 7712 7713 7639
f 7647 7721 7722 7648
f 7376 7461 7462 7377
f 7546 7623 7624 7547
f 7682 7753 7754 7683
f 5849 5850 5852 5851
f 7554 7631 7632 7555
f 7661 7735 7736 7662
f 7614 7688 7689 7615
f 4044 4115 4116 4045
f 7128 7213 7214 7130
f 7176 7260 7261 7177
f 3857 3939 3940 3858
f 7691 7760 7761 7692
f 7564 7640 7641 7565
f 7876 7913 7914 7877
f 7788 7829 7830 7789
f 7836 7875 7876 7837
f 3650 3724 3725 3651
f 7615 7689 7690 7616
f 7658 7732 7733 7659
f 7868 7905 7906 7869
f 3841 3920 3921 3843
f 7766 7808 7809 7767
f 7096 7179 7178 7095
f 3595 3666 3665 3596
f 7558 7634 7633 7557
f 5682 5744 5745 5683
f 7688 7758 7757 7689
f 7624 7698 7699 7625
f 3642 3717 3718 3641
f 3836 3837 3839 3838
f 7667 7739 7738 7668
f 93 117 118 94
f 7610 7684 7685 7611
f 7722 7788 7789 7723
f 7595 7669 7670 7596
f 3833 3916 3917 3835
f 7677 7748 7749 7678
f 7670 7741 7742 7671
f 7679 7750 7751 7680
f 7648 7722 7723 7649
f 7777 7818 7817 7776
f 7729 7795 7796 7730
f 5801 5887 5888 5802
f 7732 7798 7799 7733
f 7669 7740 7741 7670
f 7710 7776 7778 7712
f 7711 7777 7776 7710
f 7602 7676 7677 7603
f 5 6 8 7
f 7932 7963 7964 7933
f 7830 7869 7870 7831
f 7785 7826 7827 7786
f 7645 7719 7720 7646
f 7651 7725 7726 7652
f 3820 3821 3823 3822
f 7764 7806 7807 7765
f 2865 2947 2949 2866
f 7721 7787 7788 7722
f 7704 7771 7772 7705
f 1682 1734 1736 1681
f 7726 7792 7793 7727
f 7727 7793 7794 7728
f 7712 7778 7779 7713
f 7698 7765 7766 7699
f 3865 3947 3948 3866
f 7718 7784 7785 7719
f 3715 3716 3717 3642
f 1889 1927 1928 1890
f 7736 7802 7803 7737
f 7088 7171 7172 7089
f 7787 7828 7829 7788
f 7713 7779 7780 7714
f 7725 7791 7792 7726
f 7678 7749 7750 7679
f 7719 7785 7786 7720
f 7724 7790 7791 7725
f 7728 7794 7795 7729
f 1865 1908 1909 1866
f 3690 3759 3760 3691
f 7796 7837 7838 7797
f 7773 7814 7816 7775
f 3658 3732 3733 3659
f 7695 7763 7762 7696
f 7776 7817 7819 7778
f 7404 7488 7489 7405
f 5764 5833 5834 5765
f 7910 7941 7942 7911
f 7832 7871 7872 7833
f 3627 3699 3700 3628
f 7699 7766 7767 7700
f 7623 7697 7698 7624
f 7768 7810 7811 7769
f 177 201 202 178
f 6737 6813 6814 6738
f 7789 7830 7831 7790
f 7792 7833 7834 7793
f 7774 7815 7814 7773
f 3772 3870 3871 3773
f 7720 7786 7787 7721
f 6674 6755 6756 6675
f 3945 4032 4033 3946
f 7783 7824 7825 7784
f 7798 7839 7840 7799
f 2211 2212 2214 2213
f 7255 7335 7336 7256
f 5825 5911 5912 5826
f 7848 7884 7886 7849
f 7781 7822 7823 7782
f 7683 7754 7755 7684
f 7807 7848 7849 7808
f 7656 7730 7731 7657
f 309 334 335 310
f 2289 2290 2292 2291
f 7835 7874 7875 7836
f 7634 7708 7707 7633
f 7733 7799 7800 7734
f 7814 7853 7855 7816
f 3756 3854 3855 3757
f 7804 7845 7847 7806
f 7858 7895 7896 7859
f 7842 7881 7882 7843
f 5817 5903 5902 5816
f 7820 7859 7860 7821
f 7653 7727 7728 7654
f 7806 7847 7848 7807
f 7823 7862 7863 7824
f 7800 7841 7842 7801
f 449 504 505 450
f 2065 2125 2126 2066
f 31 50 52 33
f 7815 7854 7853 7814
f 7840 7879 7880 7841
f 7929 7960 7961 7930
f 205 226 227 206
f 5809 5895 5896 5810
f 7782 7823 7824 7783
f 7517 7595 7596 7518
f 429 489 490 431
f 7808 7849 7850 7809
f 1977 2021 2022 1978
f 7867 7904 7905 7868
f 7856 7893 7895 7858
f 7821 7860 7861 7822
f 7702 7769 7770 7703
f 7791 7832 7833 7792
f 7824 7863 7864 7825
f 7922 7953 7952 7921
f 7874 7911 7912 7875
f 3722 3788 3789 3723
f 7626 7700 7701 7627
f 3827 3913 3914 3829
f 7566 7642 7643 7567
f 5706 5770 5771 5707
f 7672 7743 7744 7673
f 225 247 248 226
f 7825 7864 7865 7826
f 95 119 120 97
f 7708 7774 7773 7707
f 1770 1824 1825 1771
f 7838 7877 7878 7839
f 3924 3925 3927 3926
f 7680 7751 7752 7681
f 7913 7944 7945 7914
f 277 305 306 278
f 3714 3781 3782 3716
f 4497 4560 4561 4498
f 7899 7930 7931 7900
f 7869 7906 7907 7870
f 7847 7885 7884 7848
f 7136 7220 7221 7137
f 565 630 631 566
f 122 144 145 124
f 7731 7797 7798 7732
f 7690 7759 7760 7691
f 7861 7898 7899 7862
f 3818 3819 3821 3820
f 7879 7916 7917 7880
f 6008 6094 6095 6009
f 35 54 55 36
f 3913 3992 3993 3914
f 7542 7620 7619 7543
f 7860 7897 7898 7861
f 7829 7868 7869 7830
f 7894 7925 7924 7893
f 3796 3888 3890 3889
f 3728 3794 3795 3729
f 969 1033 1034 971
f 349 398 399 350
f 7419 7503 7504 7420
f 7900 7931 7932 7901
f 1722 1778 1779 1723
f 7878 7915 7916 7879
f 7903 7934 7935 7904
f 1033 1097 1098 1034
f 7906 7937 7938 7907
f 3739 3800 3801 3740
f 7674 7745 7746 7675
f 7854 7891 7890 7853
f 7895 7926 7927 7896
f 7087 7170 7171 7088
f 1937 1977 1978 1938
f 7938 7969 7970 7939
f 3250 3309 3310 3251
f 7916 7947 7948 7917
f 7901 7932 7933 7902
f 3698 3767 3768 3699
f 7863 7900 7901 7864
f 7095 7178 7180 7097
f 107 129 130 108
f 7857 7894 7893 7856
f 7947 7978 7979 7948
f 7908 7939 7940 7909
f 7925 7956 7955 7924
f 7795 7836 7837 7796
f 7799 7840 7841 7800
f 7697 7764 7765 7698
f 201 222 223 202
f 413 474 475 414
f 5913 5999 6000 5914
f 7864 7901 7902 7865
f 3707 3776 3777 3708
f 7918 7949 7950 7919
f 7944 7975 7976 7945
