# exported by blender_batch_chars_to_s.py fallback
v 0.533944 -0.063657 0.000000
v 0.540005 -0.063123 0.000000
v 0.540033 -0.067540 0.040862
v 0.530939 -0.067871 0.000000
v 0.546122 -0.063644 0.000000
v 0.549537 -0.067784 0.000000
v 0.524079 -0.069928 0.000000
v 0.530134 -0.073996 0.054362
v 0.521010 -0.074541 0.000000
v 0.540005 -0.073931 0.071755
v 0.549968 -0.073962 0.065196
v 0.559957 -0.069300 0.000000
v 0.559997 -0.074156 0.062631
v 0.569998 -0.069557 0.000000
v 0.570000 -0.074188 0.062230
v 0.580000 -0.069581 0.000000
v 0.580000 -0.074190 0.062201
v 0.590000 -0.069583 0.000000
v 0.590000 -0.074190 0.062200
v 0.600000 -0.069583 0.000000
v 0.600000 -0.074190 0.062194
v 0.609997 -0.069583 0.000000
v 0.609999 -0.074190 0.062045
v 0.619937 -0.069595 0.000000
v 0.619973 -0.074192 0.060193
v 0.629285 -0.069710 0.000000
v 0.629597 -0.074215 0.048664
v 0.635386 -0.070331 0.000000
v 0.636715 -0.074410 0.000000
v 0.514659 -0.076616 0.000000
v 0.520427 -0.080700 0.052598
v 0.513332 -0.081078 0.000000
v 0.530031 -0.080631 0.077305
v 0.540001 -0.080626 0.086918
v 0.549999 -0.080628 0.085162
v 0.560000 -0.080642 0.084230
v 0.570000 -0.080643 0.084096
v 0.580000 -0.080643 0.084087
v 0.590000 -0.080643 0.084086
v 0.600000 -0.080643 0.084071
v 0.610000 -0.080643 0.083788
v 0.619997 -0.080644 0.080993
v 0.629952 -0.080660 0.066190
v 0.639640 -0.080888 0.000000
v 0.520082 -0.087370 0.067272
v 0.510831 -0.087691 0.000000
v 0.530004 -0.087345 0.087397
v 0.540000 -0.087344 0.094569
v 0.550000 -0.087344 0.094603
v 0.560000 -0.087344 0.094286
v 0.570000 -0.087344 0.094230
v 0.580000 -0.087344 0.094226
v 0.590000 -0.087344 0.094225
v 0.600000 -0.087344 0.094194
v 0.610000 -0.087344 0.093822
v 0.620000 -0.087344 0.091306
v 0.629997 -0.087346 0.082184
v 0.639977 -0.087376 0.066608
v 0.649911 -0.082719 0.000000
v 0.649993 -0.087593 0.061182
v 0.659372 -0.083121 0.000000
v 0.659922 -0.087657 0.051578
v 0.666031 -0.083780 0.000000
v 0.669482 -0.087947 0.000000
v 0.504060 -0.090039 0.000000
v 0.510125 -0.094129 0.055825
v 0.501013 -0.094695 0.000000
v 0.520007 -0.094066 0.081144
v 0.530000 -0.094063 0.093911
v 0.540000 -0.094062 0.100121
v 0.550000 -0.094063 0.101080
v 0.560000 -0.094063 0.101065
v 0.570000 -0.094063 0.101048
v 0.580000 -0.094063 0.101046
v 0.590000 -0.094063 0.101041
v 0.600000 -0.094063 0.100962
v 0.610000 -0.094063 0.100296
v 0.620000 -0.094063 0.097366
v 0.630000 -0.094063 0.091411
v 0.639999 -0.094064 0.085603
v 0.650000 -0.094079 0.083288
v 0.659995 -0.094083 0.078002
v 0.669938 -0.094119 0.063866
v 0.679237 -0.089582 0.000000
v 0.679539 -0.094335 0.048781
v 0.685321 -0.090446 0.000000
v 0.686245 -0.094543 0.000000
v 0.494715 -0.096771 0.000000
v 0.500475 -0.100854 0.052316
v 0.493719 -0.101207 0.000000
v 0.510033 -0.100786 0.077691
v 0.520001 -0.100781 0.090467
v 0.530000 -0.100781 0.098575
v 0.540000 -0.100781 0.104427
v 0.550000 -0.100781 0.106425
v 0.560000 -0.100781 0.106773
v 0.570000 -0.100781 0.106806
v 0.580000 -0.100781 0.106808
v 0.590000 -0.100781 0.106799
v 0.600000 -0.100781 0.106672
v 0.610000 -0.100781 0.105722
v 0.620000 -0.100781 0.102324
v 0.630000 -0.100781 0.097839
v 0.640000 -0.100781 0.094884
v 0.650000 -0.100782 0.093378
v 0.659999 -0.100782 0.089826
v 0.669971 -0.100784 0.081858
v 0.679575 -0.100800 0.063210
v 0.686417 -0.100824 0.000000
v 0.500374 -0.107506 0.064814
v 0.493158 -0.107568 0.000000
v 0.510025 -0.107500 0.087043
v 0.520001 -0.107500 0.096474
v 0.530000 -0.107500 0.102761
v 0.540000 -0.107500 0.108182
v 0.550000 -0.107500 0.111218
v 0.560000 -0.107500 0.111986
v 0.570000 -0.107500 0.112084
v 0.580000 -0.107500 0.112090
v 0.590000 -0.107500 0.112073
v 0.600000 -0.107500 0.111870
v 0.610000 -0.107500 0.110623
v 0.620000 -0.107500 0.107033
v 0.630000 -0.107500 0.103423
v 0.640000 -0.107500 0.101408
v 0.650000 -0.107500 0.100049
v 0.659999 -0.107500 0.096442
v 0.669973 -0.107500 0.088801
v 0.679577 -0.107501 0.067040
v 0.686436 -0.107502 0.000000
v 0.500079 -0.114241 0.070175
v 0.490814 -0.114537 0.000000
v 0.510004 -0.114220 0.091296
v 0.520000 -0.114219 0.100853
v 0.530000 -0.114219 0.106812
v 0.540000 -0.114219 0.111932
v 0.550000 -0.114219 0.115723
v 0.560000 -0.114219 0.116930
v 0.570000 -0.114219 0.117123
v 0.580000 -0.114219 0.117136
v 0.590000 -0.114219 0.117091
v 0.600000 -0.114219 0.116698
v 0.610000 -0.114219 0.114964
v 0.620000 -0.114219 0.111535
v 0.630000 -0.114219 0.108574
v 0.640000 -0.114219 0.106950
v 0.650000 -0.114219 0.105292
v 0.659999 -0.114219 0.100627
v 0.669973 -0.114219 0.091103
v 0.679581 -0.114219 0.067764
v 0.686474 -0.114220 0.000000
v 0.483989 -0.116899 0.000000
v 0.490088 -0.120997 0.056314
v 0.480474 -0.121484 0.000000
v 0.500006 -0.120941 0.081617
v 0.510000 -0.120938 0.095189
v 0.520000 -0.120937 0.103797
v 0.530000 -0.120937 0.110203
v 0.540000 -0.120937 0.115425
v 0.550000 -0.120937 0.119648
v 0.560000 -0.120937 0.121524
v 0.570000 -0.120937 0.122006
v 0.580000 -0.120937 0.122075
v 0.590000 -0.120937 0.122014
v 0.600000 -0.120937 0.121432
v 0.610000 -0.120937 0.119216
v 0.620000 -0.120937 0.116003
v 0.630000 -0.120937 0.113454
v 0.640000 -0.120937 0.111742
v 0.650000 -0.120937 0.108929
v 0.659999 -0.120937 0.102647
v 0.669975 -0.120938 0.091786
v 0.679629 -0.120939 0.068175
v 0.686857 -0.120967 0.000000
v 0.453969 -0.124093 0.000000
v 0.460629 -0.123435 0.000000
v 0.460078 -0.127969 0.051022
v 0.450518 -0.128259 0.000000
v 0.470101 -0.123060 0.000000
v 0.470008 -0.127907 0.060783
v 0.480033 -0.127709 0.065822
v 0.490005 -0.127660 0.079721
v 0.500000 -0.127656 0.090611
v 0.510000 -0.127656 0.098723
v 0.520000 -0.127656 0.105840
v 0.530000 -0.127656 0.112032
v 0.540000 -0.127656 0.117453
v 0.550000 -0.127656 0.122085
v 0.560000 -0.127656 0.125086
v 0.570000 -0.127656 0.126457
v 0.580000 -0.127656 0.126842
v 0.590000 -0.127656 0.126883
v 0.600000 -0.127656 0.126160
v 0.610000 -0.127656 0.123559
v 0.620000 -0.127656 0.120497
v 0.630000 -0.127656 0.118065
v 0.640000 -0.127656 0.115582
v 0.650000 -0.127656 0.110885
v 0.660000 -0.127656 0.103460
v 0.669996 -0.127657 0.092511
v 0.679918 -0.127678 0.070586
v 0.689116 -0.127972 0.000000
v 0.434681 -0.130756 0.000000
v 0.440763 -0.129894 0.000000
v 0.440463 -0.134628 0.045557
v 0.433773 -0.134813 0.000000
v 0.450062 -0.134415 0.059137
v 0.460006 -0.134393 0.072944
v 0.470000 -0.134392 0.080251
v 0.480001 -0.134378 0.084102
v 0.490000 -0.134375 0.090303
v 0.500000 -0.134375 0.096162
v 0.510000 -0.134375 0.101245
v 0.520000 -0.134375 0.106143
v 0.530000 -0.134375 0.110765
v 0.540000 -0.134375 0.115669
v 0.550000 -0.134375 0.120807
v 0.560000 -0.134375 0.125504
v 0.570000 -0.134375 0.128893
v 0.580000 -0.134375 0.130521
v 0.590000 -0.134375 0.131330
v 0.600000 -0.134375 0.130734
v 0.610000 -0.134375 0.127976
v 0.620000 -0.134375 0.124979
v 0.630000 -0.134375 0.122211
v 0.640000 -0.134375 0.118264
v 0.650000 -0.134375 0.112098
v 0.660000 -0.134375 0.104449
v 0.669999 -0.134375 0.095163
v 0.679969 -0.134378 0.080861
v 0.689531 -0.134426 0.052781
v 0.695302 -0.130320 0.000000
v 0.696243 -0.134794 0.000000
v 0.440460 -0.140807 0.045198
v 0.433773 -0.140653 0.000000
v 0.450034 -0.140846 0.056688
v 0.460034 -0.141041 0.063992
v 0.470005 -0.141089 0.077826
v 0.480000 -0.141094 0.087279
v 0.490000 -0.141094 0.093610
v 0.500000 -0.141094 0.097783
v 0.510000 -0.141094 0.100151
v 0.520000 -0.141094 0.103039
v 0.530000 -0.141094 0.107199
v 0.540000 -0.141094 0.112379
v 0.550000 -0.141094 0.117916
v 0.560000 -0.141094 0.123004
v 0.570000 -0.141094 0.127276
v 0.580000 -0.141094 0.130811
v 0.590000 -0.141094 0.133773
v 0.600000 -0.141094 0.134446
v 0.610000 -0.141094 0.132267
v 0.620000 -0.141094 0.129214
v 0.630000 -0.141094 0.125436
v 0.640000 -0.141094 0.119797
v 0.650000 -0.141094 0.112894
v 0.660000 -0.141094 0.105371
v 0.669999 -0.141094 0.096969
v 0.679972 -0.141094 0.085460
v 0.689572 -0.141094 0.061836
v 0.696398 -0.141094 0.000000
v 0.440723 -0.145317 0.000000
v 0.434677 -0.144676 0.000000
v 0.450107 -0.145691 0.000000
v 0.460475 -0.147263 0.000000
v 0.470098 -0.147731 0.055353
v 0.480009 -0.147806 0.077726
v 0.490000 -0.147812 0.088761
v 0.500000 -0.147812 0.093028
v 0.510000 -0.147812 0.094739
v 0.520000 -0.147813 0.097883
v 0.530000 -0.147813 0.103018
v 0.540000 -0.147813 0.108986
v 0.550000 -0.147812 0.114662
v 0.560000 -0.147813 0.119406
v 0.570000 -0.147813 0.123689
v 0.580000 -0.147813 0.128090
v 0.590000 -0.147813 0.132685
v 0.600000 -0.147813 0.136002
v 0.610000 -0.147813 0.135781
v 0.620000 -0.147813 0.132263
v 0.630000 -0.147812 0.126574
v 0.640000 -0.147813 0.119703
v 0.650000 -0.147813 0.112354
v 0.660000 -0.147813 0.104475
v 0.669999 -0.147812 0.095164
v 0.679969 -0.147810 0.080861
v 0.689531 -0.147762 0.052781
v 0.696242 -0.147394 0.000000
v 0.470944 -0.153895 0.000000
v 0.464009 -0.151807 0.000000
v 0.480130 -0.154441 0.054981
v 0.490009 -0.154509 0.076565
v 0.500000 -0.154515 0.083154
v 0.510001 -0.154530 0.085604
v 0.520000 -0.154531 0.091615
v 0.530000 -0.154531 0.098805
v 0.540000 -0.154531 0.105509
v 0.550000 -0.154531 0.110909
v 0.560000 -0.154531 0.115452
v 0.570000 -0.154531 0.119800
v 0.580000 -0.154531 0.124618
v 0.590000 -0.154531 0.129977
v 0.600000 -0.154531 0.135113
v 0.610000 -0.154531 0.137381
v 0.620000 -0.154531 0.133410
v 0.630000 -0.154531 0.126697
v 0.640000 -0.154531 0.119406
v 0.650000 -0.154531 0.111877
v 0.660000 -0.154531 0.103627
v 0.669996 -0.154530 0.092528
v 0.679918 -0.154509 0.070587
v 0.689116 -0.154215 0.000000
v 0.695302 -0.151867 0.000000
v 0.480945 -0.160569 0.000000
v 0.474074 -0.158509 0.000000
v 0.490109 -0.160931 0.051231
v 0.500008 -0.161001 0.061165
v 0.510023 -0.161218 0.066661
v 0.520002 -0.161248 0.082727
v 0.530000 -0.161250 0.094204
v 0.540000 -0.161250 0.101515
v 0.550000 -0.161250 0.106727
v 0.560000 -0.161250 0.111293
v 0.570000 -0.161250 0.116000
v 0.580000 -0.161250 0.121281
v 0.590000 -0.161250 0.127100
v 0.600000 -0.161250 0.132998
v 0.610000 -0.161250 0.136682
v 0.620000 -0.161250 0.133325
v 0.630000 -0.161250 0.126641
v 0.640000 -0.161250 0.119319
v 0.650000 -0.161250 0.111759
v 0.659999 -0.161250 0.103427
v 0.669975 -0.161250 0.091919
v 0.679629 -0.161248 0.068187
v 0.686857 -0.161221 0.000000
v 0.490633 -0.165471 0.000000
v 0.484031 -0.164801 0.000000
v 0.500089 -0.165874 0.000000
v 0.510360 -0.167708 0.000000
v 0.520049 -0.167950 0.067658
v 0.530003 -0.167968 0.087650
v 0.540000 -0.167969 0.096449
v 0.550000 -0.167969 0.102124
v 0.560000 -0.167969 0.107105
v 0.570000 -0.167969 0.112435
v 0.580000 -0.167969 0.118287
v 0.590000 -0.167969 0.124528
v 0.600000 -0.167969 0.130800
v 0.610000 -0.167969 0.135173
v 0.620000 -0.167969 0.132915
v 0.630000 -0.167969 0.126579
v 0.640000 -0.167969 0.119305
v 0.650000 -0.167969 0.111745
v 0.659999 -0.167969 0.103405
v 0.669973 -0.167969 0.091856
v 0.679581 -0.167969 0.067879
v 0.686474 -0.167967 0.000000
v 0.520424 -0.174613 0.052649
v 0.513288 -0.174243 0.000000
v 0.530031 -0.174681 0.077652
v 0.540001 -0.174687 0.089808
v 0.550000 -0.174688 0.096871
v 0.560000 -0.174688 0.102929
v 0.570000 -0.174688 0.109209
v 0.580000 -0.174688 0.115717
v 0.590000 -0.174688 0.122327
v 0.600000 -0.174688 0.128760
v 0.610000 -0.174688 0.133506
v 0.620000 -0.174688 0.132449
v 0.630000 -0.174688 0.126518
v 0.640000 -0.174688 0.119300
v 0.650000 -0.174688 0.111744
v 0.659999 -0.174688 0.103403
v 0.669973 -0.174688 0.091852
v 0.679577 -0.174688 0.067859
v 0.686439 -0.174688 0.000000
v 0.521010 -0.180771 0.000000
v 0.514656 -0.178697 0.000000
v 0.530134 -0.181319 0.055138
v 0.540009 -0.181401 0.078202
v 0.550000 -0.181406 0.090570
v 0.560000 -0.181406 0.098951
v 0.570000 -0.181406 0.106460
v 0.580000 -0.181406 0.113556
v 0.590000 -0.181406 0.120288
v 0.600000 -0.181406 0.126621
v 0.610000 -0.181406 0.131660
v 0.620000 -0.181406 0.131923
v 0.630000 -0.181406 0.126448
v 0.640000 -0.181406 0.119295
v 0.650000 -0.181406 0.111744
v 0.659999 -0.181406 0.103404
v 0.669973 -0.181406 0.091855
v 0.679581 -0.181406 0.067878
v 0.686474 -0.181408 0.000000
v 0.530946 -0.187491 0.000000
v 0.524079 -0.185388 0.000000
v 0.540121 -0.188059 0.055946
v 0.550007 -0.188122 0.081604
v 0.560000 -0.188125 0.095243
v 0.570000 -0.188125 0.104141
v 0.580000 -0.188125 0.111464
v 0.590000 -0.188125 0.118032
v 0.600000 -0.188125 0.124369
v 0.610000 -0.188125 0.129889
v 0.620000 -0.188125 0.131438
v 0.630000 -0.188125 0.126391
v 0.640000 -0.188125 0.119300
v 0.650000 -0.188125 0.111756
v 0.659999 -0.188125 0.103423
v 0.669975 -0.188125 0.091913
v 0.679629 -0.188127 0.068175
v 0.686857 -0.188154 0.000000
v 0.540818 -0.194525 0.000000
v 0.534055 -0.192150 0.000000
v 0.550079 -0.194822 0.070189
v 0.560004 -0.194843 0.091449
v 0.570000 -0.194844 0.101643
v 0.580000 -0.194844 0.108973
v 0.590000 -0.194844 0.115699
v 0.600000 -0.194844 0.122346
v 0.610000 -0.194844 0.128418
v 0.620000 -0.194844 0.131075
v 0.630000 -0.194844 0.126391
v 0.640000 -0.194844 0.119360
v 0.650000 -0.194844 0.111842
v 0.660000 -0.194844 0.103576
v 0.669996 -0.194845 0.092438
v 0.679918 -0.194866 0.070414
v 0.689116 -0.195160 0.000000
v 0.550373 -0.201557 0.064920
v 0.543159 -0.201494 0.000000
v 0.560025 -0.201562 0.087767
v 0.570001 -0.201562 0.098577
v 0.580000 -0.201562 0.106485
v 0.590000 -0.201562 0.113748
v 0.600000 -0.201562 0.120797
v 0.610000 -0.201562 0.127351
v 0.620000 -0.201562 0.130885
v 0.630000 -0.201562 0.126502
v 0.640000 -0.201562 0.119544
v 0.650000 -0.201562 0.112099
v 0.660000 -0.201562 0.104088
v 0.669999 -0.201563 0.094468
v 0.679969 -0.201565 0.079446
v 0.689529 -0.201610 0.050456
v 0.695301 -0.197505 0.000000
v 0.696225 -0.201944 0.000000
v 0.550466 -0.208230 0.053087
v 0.543718 -0.207859 0.000000
v 0.560031 -0.208279 0.081136
v 0.570001 -0.208281 0.095365
v 0.580000 -0.208281 0.104612
v 0.590000 -0.208281 0.112457
v 0.600000 -0.208281 0.119816
v 0.610000 -0.208281 0.126667
v 0.620000 -0.208281 0.130702
v 0.630000 -0.208281 0.126478
v 0.640000 -0.208281 0.119543
v 0.650000 -0.208281 0.112099
v 0.660000 -0.208281 0.104088
v 0.669999 -0.208281 0.094468
v 0.679969 -0.208279 0.079446
v 0.689529 -0.208234 0.050456
v 0.696225 -0.207899 0.000000
v 0.550884 -0.214684 0.000000
v 0.544695 -0.212336 0.000000
v 0.560082 -0.214978 0.070605
v 0.570004 -0.214999 0.092542
v 0.580000 -0.215000 0.103636
v 0.590000 -0.215000 0.111883
v 0.600000 -0.215000 0.119387
v 0.610000 -0.215000 0.126342
v 0.620000 -0.215000 0.130520
v 0.630000 -0.215000 0.126320
v 0.640000 -0.215000 0.119356
v 0.650000 -0.215000 0.111842
v 0.660000 -0.215000 0.103576
v 0.669996 -0.214999 0.092438
v 0.679918 -0.214978 0.070414
v 0.689116 -0.214684 0.000000
v 0.695301 -0.212339 0.000000
v 0.560371 -0.221717 0.068188
v 0.553143 -0.221690 0.000000
v 0.570025 -0.221719 0.091920
v 0.580001 -0.221719 0.103427
v 0.590000 -0.221719 0.111758
v 0.600000 -0.221719 0.119294
v 0.610000 -0.221719 0.126268
v 0.620000 -0.221719 0.130467
v 0.630000 -0.221719 0.126266
v 0.640000 -0.221719 0.119292
v 0.650000 -0.221719 0.111756
v 0.659999 -0.221719 0.103423
v 0.669975 -0.221719 0.091913
v 0.679629 -0.221717 0.068175
v 0.686857 -0.221690 0.000000
v 0.560419 -0.228437 0.067879
v 0.553526 -0.228436 0.000000
v 0.570027 -0.228437 0.091856
v 0.580001 -0.228437 0.103404
v 0.590000 -0.228437 0.111744
v 0.600000 -0.228437 0.119283
v 0.610000 -0.228437 0.126259
v 0.620000 -0.228437 0.130460
v 0.630000 -0.228437 0.126259
v 0.640000 -0.228437 0.119283
v 0.650000 -0.228437 0.111744
v 0.659999 -0.228437 0.103404
v 0.669973 -0.228437 0.091855
v 0.679581 -0.228437 0.067878
v 0.686474 -0.228436 0.000000
v 0.560423 -0.235156 0.067859
v 0.553563 -0.235156 0.000000
v 0.570027 -0.235156 0.091852
v 0.580001 -0.235156 0.103403
v 0.590000 -0.235156 0.111743
v 0.600000 -0.235156 0.119282
v 0.610000 -0.235156 0.126258
v 0.620000 -0.235156 0.130459
v 0.630000 -0.235156 0.126258
v 0.640000 -0.235156 0.119282
v 0.650000 -0.235156 0.111743
v 0.659999 -0.235156 0.103403
v 0.669973 -0.235156 0.091852
v 0.679577 -0.235156 0.067859
v 0.686437 -0.235156 0.000000
v 0.560423 -0.241875 0.067858
v 0.553565 -0.241875 0.000000
v 0.570027 -0.241875 0.091852
v 0.580001 -0.241875 0.103403
v 0.590000 -0.241875 0.111743
v 0.600000 -0.241875 0.119282
v 0.610000 -0.241875 0.126258
v 0.620000 -0.241875 0.130459
v 0.630000 -0.241875 0.126258
v 0.640000 -0.241875 0.119282
v 0.650000 -0.241875 0.111743
v 0.659999 -0.241875 0.103403
v 0.669973 -0.241875 0.091852
v 0.679577 -0.241875 0.067859
v 0.686437 -0.241875 0.000000
v 0.560423 -0.248594 0.067858
v 0.553565 -0.248594 0.000000
v 0.570027 -0.248594 0.091852
v 0.580001 -0.248594 0.103403
v 0.590000 -0.248594 0.111743
v 0.600000 -0.248594 0.119282
v 0.610000 -0.248594 0.126258
v 0.620000 -0.248594 0.130459
v 0.630000 -0.248594 0.126259
v 0.640000 -0.248594 0.119283
v 0.650000 -0.248594 0.111744
v 0.659999 -0.248594 0.103404
v 0.669973 -0.248594 0.091856
v 0.679581 -0.248594 0.067879
v 0.686476 -0.248595 0.000000
v 0.714673 -0.245017 0.000000
v 0.720717 -0.244398 0.000000
v 0.720454 -0.248901 0.048206
v 0.713714 -0.249079 0.000000
v 0.730006 -0.244295 0.000000
v 0.730024 -0.248881 0.058562
v 0.739372 -0.244401 0.000000
v 0.739892 -0.248915 0.051039
v 0.745970 -0.245045 0.000000
v 0.749055 -0.249275 0.000000
v 0.560423 -0.255313 0.067858
v 0.553565 -0.255313 0.000000
v 0.570027 -0.255313 0.091852
v 0.580001 -0.255313 0.103403
v 0.590000 -0.255313 0.111743
v 0.600000 -0.255313 0.119282
v 0.610000 -0.255313 0.126258
v 0.620000 -0.255313 0.130461
v 0.630000 -0.255313 0.126267
v 0.640000 -0.255313 0.119294
v 0.650000 -0.255313 0.111758
v 0.659999 -0.255313 0.103427
v 0.669975 -0.255313 0.091921
v 0.679632 -0.255314 0.068218
v 0.686904 -0.255332 0.000000
v 0.720370 -0.255334 0.063311
v 0.713115 -0.255375 0.000000
v 0.730024 -0.255331 0.079397
v 0.739992 -0.255335 0.076227
v 0.749869 -0.255402 0.054982
v 0.755926 -0.251334 0.000000
v 0.759056 -0.255948 0.000000
v 0.560423 -0.262031 0.067858
v 0.553565 -0.262031 0.000000
v 0.570027 -0.262031 0.091852
v 0.580001 -0.262031 0.103403
v 0.590000 -0.262031 0.111743
v 0.600000 -0.262031 0.119282
v 0.610000 -0.262031 0.126260
v 0.620000 -0.262031 0.130476
v 0.630000 -0.262031 0.126332
v 0.640000 -0.262031 0.119386
v 0.650000 -0.262031 0.111883
v 0.660000 -0.262031 0.103636
v 0.669998 -0.262032 0.092564
v 0.679954 -0.262046 0.071025
v 0.689658 -0.262241 0.000000
v 0.720047 -0.262047 0.070009
v 0.710343 -0.262243 0.000000
v 0.730003 -0.262032 0.087778
v 0.740000 -0.262032 0.088351
v 0.749991 -0.262038 0.077975
v 0.759902 -0.262112 0.055536
v 0.765991 -0.258037 0.000000
v 0.769527 -0.262580 0.000000
v 0.560423 -0.268750 0.067858
v 0.553565 -0.268750 0.000000
v 0.570027 -0.268750 0.091852
v 0.580001 -0.268750 0.103403
v 0.590000 -0.268750 0.111743
v 0.600000 -0.268750 0.119283
v 0.610000 -0.268750 0.126269
v 0.620000 -0.268750 0.130552
v 0.630000 -0.268750 0.126625
v 0.640000 -0.268750 0.119810
v 0.650000 -0.268750 0.112457
v 0.660000 -0.268750 0.104620
v 0.670000 -0.268750 0.095537
v 0.679998 -0.268752 0.083219
v 0.689977 -0.268779 0.066897
v 0.700000 -0.263798 0.000000
v 0.700000 -0.268961 0.063312
v 0.710023 -0.268779 0.066875
v 0.720003 -0.268752 0.082919
v 0.730000 -0.268750 0.093239
v 0.740000 -0.268750 0.094891
v 0.750000 -0.268750 0.089745
v 0.759995 -0.268755 0.079658
v 0.769967 -0.268803 0.066086
v 0.779956 -0.264141 0.000000
v 0.779997 -0.268999 0.062684
v 0.789998 -0.264400 0.000000
v 0.790000 -0.269032 0.062232
v 0.800000 -0.264425 0.000000
v 0.800000 -0.269034 0.062201
v 0.810000 -0.264427 0.000000
v 0.810000 -0.269034 0.062200
v 0.820000 -0.264427 0.000000
v 0.820000 -0.269034 0.062195
v 0.829997 -0.264427 0.000000
v 0.830000 -0.269034 0.062078
v 0.839942 -0.264439 0.000000
v 0.839995 -0.269036 0.060634
v 0.849374 -0.264555 0.000000
v 0.849924 -0.269065 0.051568
v 0.856035 -0.265188 0.000000
v 0.859527 -0.269344 0.000000
v 0.560423 -0.275469 0.067858
v 0.553565 -0.275469 0.000000
v 0.570027 -0.275469 0.091852
v 0.580001 -0.275469 0.103403
v 0.590000 -0.275469 0.111743
v 0.600000 -0.275469 0.119284
v 0.610000 -0.275469 0.126293
v 0.620000 -0.275469 0.130735
v 0.630000 -0.275469 0.127309
v 0.640000 -0.275469 0.120792
v 0.650000 -0.275469 0.113751
v 0.660000 -0.275469 0.106529
v 0.670000 -0.275469 0.099062
v 0.680000 -0.275469 0.091669
v 0.689999 -0.275470 0.085723
v 0.700000 -0.275483 0.084441
v 0.710001 -0.275470 0.085714
v 0.720000 -0.275469 0.091525
v 0.730000 -0.275469 0.097751
v 0.740000 -0.275469 0.100043
v 0.750000 -0.275469 0.096564
v 0.760000 -0.275469 0.090914
v 0.769999 -0.275471 0.085605
v 0.780000 -0.275485 0.084257
v 0.790000 -0.275487 0.084097
v 0.800000 -0.275487 0.084087
v 0.810000 -0.275487 0.084087
v 0.820000 -0.275487 0.084082
v 0.830000 -0.275487 0.083997
v 0.840000 -0.275487 0.083117
v 0.849996 -0.275490 0.078140
v 0.859966 -0.275524 0.065730
v 0.869893 -0.270874 0.000000
v 0.869967 -0.275719 0.060538
v 0.879277 -0.271247 0.000000
v 0.879542 -0.275774 0.048307
v 0.885324 -0.271890 0.000000
v 0.886245 -0.275953 0.000000
v 0.560423 -0.282187 0.067858
v 0.553565 -0.282188 0.000000
v 0.570027 -0.282187 0.091852
v 0.580001 -0.282187 0.103403
v 0.590000 -0.282187 0.111743
v 0.600000 -0.282187 0.119287
v 0.610000 -0.282187 0.126331
v 0.620000 -0.282187 0.131031
v 0.630000 -0.282187 0.128408
v 0.640000 -0.282187 0.122349
v 0.650000 -0.282187 0.115735
v 0.660000 -0.282187 0.109223
v 0.670000 -0.282187 0.103058
v 0.680000 -0.282187 0.097929
v 0.690000 -0.282188 0.095005
v 0.700000 -0.282188 0.094398
v 0.710000 -0.282188 0.095000
v 0.720000 -0.282187 0.097845
v 0.730000 -0.282187 0.102234
v 0.740000 -0.282187 0.104677
v 0.750000 -0.282187 0.101973
v 0.760000 -0.282187 0.097756
v 0.770000 -0.282188 0.094985
v 0.780000 -0.282188 0.094311
v 0.790000 -0.282188 0.094231
v 0.800000 -0.282188 0.094226
v 0.810000 -0.282188 0.094226
v 0.820000 -0.282188 0.094218
v 0.830000 -0.282188 0.094114
v 0.840000 -0.282188 0.093299
v 0.850000 -0.282188 0.090100
v 0.859998 -0.282190 0.084870
v 0.869972 -0.282204 0.079919
v 0.879575 -0.282208 0.062645
v 0.886416 -0.282228 0.000000
v 0.560423 -0.288906 0.067858
v 0.553565 -0.288906 0.000000
v 0.570027 -0.288906 0.091852
v 0.580001 -0.288906 0.103403
v 0.590000 -0.288906 0.111743
v 0.600000 -0.288906 0.119290
v 0.610000 -0.288906 0.126383
v 0.620000 -0.288906 0.131432
v 0.630000 -0.288906 0.129895
v 0.640000 -0.288906 0.124421
v 0.650000 -0.288906 0.118282
v 0.660000 -0.288906 0.112454
v 0.670000 -0.288906 0.107311
v 0.680000 -0.288906 0.103454
v 0.690000 -0.288906 0.101543
v 0.700000 -0.288906 0.101156
v 0.710000 -0.288906 0.101540
v 0.720000 -0.288906 0.103406
v 0.730000 -0.288906 0.106782
v 0.740000 -0.288906 0.109110
v 0.750000 -0.288906 0.106748
v 0.760000 -0.288906 0.103398
v 0.770000 -0.288906 0.101536
v 0.780000 -0.288906 0.101101
v 0.790000 -0.288906 0.101049
v 0.800000 -0.288906 0.101046
v 0.810000 -0.288906 0.101045
v 0.820000 -0.288906 0.101034
v 0.830000 -0.288906 0.100885
v 0.840000 -0.288906 0.099892
v 0.850000 -0.288906 0.096679
v 0.859999 -0.288906 0.092274
v 0.869973 -0.288907 0.084860
v 0.879575 -0.288904 0.063808
v 0.886416 -0.288869 0.000000
v 0.560423 -0.295625 0.067858
v 0.553565 -0.295625 0.000000
v 0.570027 -0.295625 0.091852
v 0.580001 -0.295625 0.103403
v 0.590000 -0.295625 0.111743
v 0.600000 -0.295625 0.119292
v 0.610000 -0.295625 0.126439
v 0.620000 -0.295625 0.131910
v 0.630000 -0.295625 0.131723
v 0.640000 -0.295625 0.126936
v 0.650000 -0.295625 0.121273
v 0.660000 -0.295625 0.116043
v 0.670000 -0.295625 0.111668
v 0.680000 -0.295625 0.108600
v 0.690000 -0.295625 0.107173
v 0.700000 -0.295625 0.106889
v 0.710000 -0.295625 0.107172
v 0.720000 -0.295625 0.108576
v 0.730000 -0.295625 0.111328
v 0.740000 -0.295625 0.113484
v 0.750000 -0.295625 0.111326
v 0.760000 -0.295625 0.108575
v 0.770000 -0.295625 0.107169
v 0.780000 -0.295625 0.106848
v 0.790000 -0.295625 0.106810
v 0.800000 -0.295625 0.106807
v 0.810000 -0.295625 0.106803
v 0.820000 -0.295625 0.106740
v 0.830000 -0.295625 0.106265
v 0.840000 -0.295625 0.104319
v 0.850000 -0.295625 0.099795
v 0.859999 -0.295625 0.092895
v 0.869969 -0.295622 0.080231
v 0.879531 -0.295573 0.052911
v 0.886243 -0.295204 0.000000
v 0.560423 -0.302344 0.067858
v 0.553565 -0.302344 0.000000
v 0.570027 -0.302344 0.091852
v 0.580001 -0.302344 0.103400
v 0.590000 -0.302344 0.111731
v 0.600000 -0.302344 0.119254
v 0.610000 -0.302344 0.126422
v 0.620000 -0.302344 0.132321
v 0.630000 -0.302344 0.133754
v 0.640000 -0.302344 0.129813
v 0.650000 -0.302344 0.124621
v 0.660000 -0.302344 0.119890
v 0.670000 -0.302344 0.116084
v 0.680000 -0.302344 0.113529
v 0.690000 -0.302344 0.112381
v 0.700000 -0.302344 0.112155
v 0.710000 -0.302344 0.112380
v 0.720000 -0.302344 0.113511
v 0.730000 -0.302344 0.115814
v 0.740000 -0.302344 0.117724
v 0.750000 -0.302344 0.115810
v 0.760000 -0.302344 0.113503
v 0.770000 -0.302344 0.112364
v 0.780000 -0.302344 0.112105
v 0.790000 -0.302344 0.112073
v 0.800000 -0.302344 0.112069
v 0.810000 -0.302344 0.112024
v 0.820000 -0.302344 0.111629
v 0.830000 -0.302344 0.109790
v 0.840000 -0.302344 0.105219
v 0.850000 -0.302344 0.098285
v 0.859996 -0.302343 0.088213
v 0.869915 -0.302319 0.067313
v 0.879102 -0.301998 0.000000
v 0.885301 -0.299677 0.000000
v 0.560423 -0.309063 0.067856
v 0.553565 -0.309063 0.000000
v 0.570027 -0.309063 0.091838
v 0.580001 -0.309063 0.103350
v 0.590000 -0.309063 0.111601
v 0.600000 -0.309063 0.118934
v 0.610000 -0.309063 0.125937
v 0.620000 -0.309063 0.132147
v 0.630000 -0.309063 0.135410
v 0.640000 -0.309063 0.132850
v 0.650000 -0.309063 0.128248
v 0.660000 -0.309063 0.123944
v 0.670000 -0.309063 0.120561
v 0.680000 -0.309063 0.118355
v 0.690000 -0.309063 0.117384
v 0.700000 -0.309063 0.117194
v 0.710000 -0.309063 0.117383
v 0.720000 -0.309063 0.118335
v 0.730000 -0.309063 0.120297
v 0.740000 -0.309063 0.121932
v 0.750000 -0.309063 0.120237
v 0.760000 -0.309063 0.118202
v 0.770000 -0.309063 0.117171
v 0.780000 -0.309063 0.116897
v 0.790000 -0.309063 0.116846
v 0.800000 -0.309063 0.116820
v 0.810000 -0.309063 0.116597
v 0.820000 -0.309063 0.115278
v 0.830000 -0.309063 0.111167
v 0.840000 -0.309063 0.104365
v 0.849999 -0.309062 0.095334
v 0.859972 -0.309060 0.081187
v 0.869583 -0.309010 0.053396
v 0.876666 -0.308613 0.000000
v 0.560423 -0.315781 0.067818
v 0.553565 -0.315781 0.000000
v 0.570027 -0.315781 0.091685
v 0.580001 -0.315781 0.102959
v 0.590000 -0.315781 0.110861
v 0.600000 -0.315781 0.117698
v 0.610000 -0.315781 0.124337
v 0.620000 -0.315781 0.130793
v 0.630000 -0.315781 0.135677
v 0.640000 -0.315781 0.135604
v 0.650000 -0.315781 0.132050
v 0.660000 -0.315781 0.128178
v 0.670000 -0.315781 0.125120
v 0.680000 -0.315781 0.123160
v 0.690000 -0.315781 0.122309
v 0.700000 -0.315781 0.122141
v 0.710000 -0.315781 0.122293
v 0.720000 -0.315781 0.123071
v 0.730000 -0.315781 0.124597
v 0.740000 -0.315781 0.125692
v 0.750000 -0.315781 0.124083
v 0.760000 -0.315781 0.121948
v 0.770000 -0.315781 0.120560
v 0.780000 -0.315781 0.119924
v 0.790000 -0.315781 0.119693
v 0.800000 -0.315781 0.119592
v 0.810000 -0.315781 0.119123
v 0.820000 -0.315781 0.116959
v 0.830000 -0.315781 0.111445
v 0.840000 -0.315781 0.103591
v 0.849996 -0.315780 0.092539
v 0.859918 -0.315759 0.070608
v 0.869120 -0.315465 0.000000
v 0.875360 -0.313115 0.000000
v 0.560423 -0.322500 0.067396
v 0.553566 -0.322498 0.000000
v 0.570027 -0.322500 0.090758
v 0.580001 -0.322500 0.101419
v 0.590000 -0.322500 0.108869
v 0.600000 -0.322500 0.115657
v 0.610000 -0.322500 0.122416
v 0.620000 -0.322500 0.129223
v 0.630000 -0.322500 0.135349
v 0.640000 -0.322500 0.138103
v 0.650000 -0.322500 0.135980
v 0.660000 -0.322500 0.132584
v 0.670000 -0.322500 0.129786
v 0.680000 -0.322500 0.128006
v 0.690000 -0.322500 0.127235
v 0.700000 -0.322500 0.127052
v 0.710000 -0.322500 0.127041
v 0.720000 -0.322500 0.127296
v 0.730000 -0.322500 0.127569
v 0.740000 -0.322500 0.127201
v 0.750000 -0.322500 0.125276
v 0.760000 -0.322500 0.122369
v 0.770000 -0.322500 0.119648
v 0.780000 -0.322500 0.117842
v 0.790000 -0.322500 0.117043
v 0.800000 -0.322500 0.116859
v 0.810000 -0.322500 0.116710
v 0.820000 -0.322500 0.115566
v 0.830000 -0.322500 0.111012
v 0.839999 -0.322500 0.103346
v 0.849975 -0.322500 0.091915
v 0.859629 -0.322498 0.068188
v 0.866857 -0.322471 0.000000
v 0.560425 -0.329215 0.064589
v 0.553584 -0.329180 0.000000
v 0.570028 -0.329219 0.087700
v 0.580001 -0.329219 0.098553
v 0.590000 -0.329219 0.106475
v 0.600000 -0.329219 0.113747
v 0.610000 -0.329219 0.120850
v 0.620000 -0.329219 0.127969
v 0.630000 -0.329219 0.134893
v 0.640000 -0.329219 0.139876
v 0.650000 -0.329219 0.139802
v 0.660000 -0.329219 0.137124
v 0.670000 -0.329219 0.134573
v 0.680000 -0.329219 0.132922
v 0.690000 -0.329219 0.132163
v 0.700000 -0.329219 0.131693
v 0.710000 -0.329219 0.130805
v 0.720000 -0.329219 0.129371
v 0.730000 -0.329219 0.127053
v 0.740000 -0.329219 0.124662
v 0.750000 -0.329219 0.122258
v 0.760000 -0.329219 0.119246
v 0.770000 -0.329219 0.115929
v 0.780000 -0.329219 0.113480
v 0.790000 -0.329219 0.112357
v 0.800000 -0.329219 0.112125
v 0.810000 -0.329219 0.112211
v 0.820000 -0.329219 0.112223
v 0.830000 -0.329219 0.109924
v 0.839999 -0.329219 0.103126
v 0.849973 -0.329219 0.091825
v 0.859581 -0.329219 0.067876
v 0.866474 -0.329217 0.000000
v 0.560469 -0.335886 0.053066
v 0.553757 -0.335517 0.000000
v 0.570031 -0.335935 0.081132
v 0.580001 -0.335937 0.095364
v 0.590000 -0.335938 0.104612
v 0.600000 -0.335938 0.112458
v 0.610000 -0.335938 0.119850
v 0.620000 -0.335938 0.127155
v 0.630000 -0.335938 0.134436
v 0.640000 -0.335938 0.140785
v 0.650000 -0.335938 0.143356
v 0.660000 -0.335938 0.141700
v 0.670000 -0.335938 0.139377
v 0.680000 -0.335938 0.137750
v 0.690000 -0.335938 0.136678
v 0.700000 -0.335938 0.134892
v 0.710000 -0.335938 0.131699
v 0.720000 -0.335938 0.127786
v 0.730000 -0.335938 0.123804
v 0.740000 -0.335938 0.120476
v 0.750000 -0.335938 0.117863
v 0.760000 -0.335938 0.115086
v 0.770000 -0.335938 0.111520
v 0.780000 -0.335938 0.108586
v 0.790000 -0.335938 0.107171
v 0.800000 -0.335938 0.106886
v 0.810000 -0.335938 0.107128
v 0.820000 -0.335938 0.108057
v 0.830000 -0.335938 0.107994
v 0.839999 -0.335938 0.102468
v 0.849973 -0.335938 0.091636
v 0.859577 -0.335938 0.067816
v 0.866437 -0.335937 0.000000
v 0.560884 -0.342340 0.000000
v 0.554698 -0.339992 0.000000
v 0.570082 -0.342634 0.070605
v 0.580004 -0.342655 0.092542
v 0.590000 -0.342656 0.103636
v 0.600000 -0.342656 0.111884
v 0.610000 -0.342656 0.119418
v 0.620000 -0.342656 0.126806
v 0.630000 -0.342656 0.134258
v 0.640000 -0.342656 0.141465
v 0.650000 -0.342656 0.146323
v 0.660000 -0.342656 0.145665
v 0.670000 -0.342656 0.143323
v 0.680000 -0.342656 0.141298
v 0.690000 -0.342656 0.139176
v 0.700000 -0.342656 0.135036
v 0.710000 -0.342656 0.129819
v 0.720000 -0.342656 0.124588
v 0.730000 -0.342656 0.119879
v 0.740000 -0.342656 0.116049
v 0.750000 -0.342656 0.113204
v 0.760000 -0.342656 0.110618
v 0.770000 -0.342656 0.106930
v 0.780000 -0.342656 0.103410
v 0.790000 -0.342656 0.101540
v 0.800000 -0.342656 0.101155
v 0.810000 -0.342656 0.101520
v 0.820000 -0.342656 0.103107
v 0.830000 -0.342656 0.104477
v 0.839999 -0.342656 0.100352
v 0.849973 -0.342656 0.090587
v 0.859577 -0.342656 0.067381
v 0.866434 -0.342654 0.000000
v 0.570371 -0.349373 0.068188
v 0.563143 -0.349346 0.000000
v 0.580025 -0.349375 0.091920
v 0.590001 -0.349375 0.103427
v 0.600000 -0.349375 0.111759
v 0.610000 -0.349375 0.119324
v 0.620000 -0.349375 0.126729
v 0.630000 -0.349375 0.134213
v 0.640000 -0.349375 0.141615
v 0.650000 -0.349375 0.147116
v 0.660000 -0.349375 0.146766
v 0.670000 -0.349375 0.143781
v 0.680000 -0.349375 0.140717
v 0.690000 -0.349375 0.137567
v 0.700000 -0.349375 0.132713
v 0.710000 -0.349375 0.126980
v 0.720000 -0.349375 0.121265
v 0.730000 -0.349375 0.116041
v 0.740000 -0.349375 0.111654
v 0.750000 -0.349375 0.108417
v 0.760000 -0.349375 0.105892
v 0.770000 -0.349375 0.102085
v 0.780000 -0.349375 0.097761
v 0.790000 -0.349375 0.094990
v 0.800000 -0.349374 0.094396
v 0.810000 -0.349375 0.094971
v 0.820000 -0.349375 0.097472
v 0.830000 -0.349375 0.099737
v 0.839999 -0.349375 0.096016
v 0.849972 -0.349375 0.086942
v 0.859574 -0.349371 0.064481
v 0.866416 -0.349336 0.000000
v 0.570419 -0.356094 0.067879
v 0.563526 -0.356092 0.000000
v 0.580027 -0.356094 0.091856
v 0.590001 -0.356094 0.103405
v 0.600000 -0.356094 0.111745
v 0.610000 -0.356094 0.119313
v 0.620000 -0.356094 0.126718
v 0.630000 -0.356094 0.134168
v 0.640000 -0.356094 0.141294
v 0.650000 -0.356094 0.145772
v 0.660000 -0.356094 0.144235
v 0.670000 -0.356094 0.140536
v 0.680000 -0.356094 0.137000
v 0.690000 -0.356094 0.133726
v 0.700000 -0.356094 0.129443
v 0.710000 -0.356094 0.124016
v 0.720000 -0.356094 0.118166
v 0.730000 -0.356094 0.112435
v 0.740000 -0.356094 0.107300
v 0.750000 -0.356094 0.103320
v 0.760000 -0.356094 0.100454
v 0.770000 -0.356094 0.096447
v 0.780000 -0.356094 0.090889
v 0.789999 -0.356091 0.085613
v 0.800000 -0.356079 0.084427
v 0.810001 -0.356091 0.085593
v 0.820000 -0.356094 0.090583
v 0.830000 -0.356094 0.093927
v 0.839999 -0.356094 0.089440
v 0.849966 -0.356088 0.077563
v 0.859521 -0.356021 0.052287
v 0.866242 -0.355670 0.000000
v 0.570423 -0.362813 0.067859
v 0.563563 -0.362812 0.000000
v 0.580027 -0.362813 0.091852
v 0.590001 -0.362813 0.103403
v 0.600000 -0.362813 0.111744
v 0.610000 -0.362813 0.119312
v 0.620000 -0.362813 0.126710
v 0.630000 -0.362813 0.134059
v 0.640000 -0.362813 0.140485
v 0.650000 -0.362813 0.142871
v 0.660000 -0.362813 0.140254
v 0.670000 -0.362812 0.136264
v 0.680000 -0.362812 0.132557
v 0.690000 -0.362812 0.129394
v 0.700000 -0.362813 0.125895
v 0.710000 -0.362813 0.120915
v 0.720000 -0.362813 0.115175
v 0.730000 -0.362813 0.109076
v 0.740000 -0.362813 0.103025
v 0.750000 -0.362812 0.097812
v 0.760000 -0.362812 0.093996
v 0.770000 -0.362812 0.089295
v 0.779995 -0.362808 0.079593
v 0.789967 -0.362761 0.066112
v 0.800000 -0.362598 0.063168
v 0.810033 -0.362761 0.066090
v 0.820005 -0.362808 0.079232
v 0.830000 -0.362812 0.085988
v 0.839990 -0.362806 0.077660
v 0.849866 -0.362725 0.055101
v 0.858986 -0.362178 0.000000
v 0.865282 -0.360104 0.000000
v 0.570423 -0.369531 0.067858
v 0.563565 -0.369531 0.000000
v 0.580027 -0.369531 0.091852
v 0.590001 -0.369531 0.103403
v 0.600000 -0.369531 0.111744
v 0.610000 -0.369531 0.119312
v 0.620000 -0.369531 0.126701
v 0.630000 -0.369531 0.133928
v 0.640000 -0.369531 0.139530
v 0.650000 -0.369531 0.139620
v 0.660000 -0.369531 0.136110
v 0.670000 -0.369531 0.131993
v 0.680000 -0.369531 0.128145
v 0.690000 -0.369531 0.124952
v 0.700000 -0.369531 0.121968
v 0.710000 -0.369531 0.117660
v 0.720000 -0.369531 0.112057
v 0.730000 -0.369531 0.105804
v 0.740000 -0.369531 0.098839
v 0.750000 -0.369531 0.091530
v 0.759999 -0.369529 0.084617
v 0.769992 -0.369511 0.076774
v 0.779902 -0.369449 0.055386
v 0.789529 -0.369002 0.000000
v 0.800000 -0.367706 0.000000
v 0.810471 -0.369002 0.000000
v 0.820098 -0.369449 0.054657
v 0.829999 -0.369505 0.070204
v 0.839870 -0.369441 0.054282
v 0.849053 -0.368895 0.000000
v 0.855921 -0.366794 0.000000
v 0.570423 -0.376250 0.067858
v 0.563565 -0.376250 0.000000
v 0.580027 -0.376250 0.091852
v 0.590001 -0.376250 0.103403
v 0.600000 -0.376250 0.111744
v 0.610000 -0.376250 0.119311
v 0.620000 -0.376250 0.126680
v 0.630000 -0.376250 0.133702
v 0.640000 -0.376250 0.138288
v 0.650000 -0.376250 0.136392
v 0.660000 -0.376250 0.132109
v 0.670000 -0.376250 0.127839
v 0.680000 -0.376250 0.123855
v 0.690000 -0.376250 0.120480
v 0.700000 -0.376250 0.117711
v 0.710000 -0.376250 0.114246
v 0.720000 -0.376250 0.108842
v 0.730000 -0.376250 0.102302
v 0.740000 -0.376250 0.094352
v 0.749997 -0.376248 0.082624
v 0.759971 -0.376216 0.065205
v 0.769889 -0.375965 0.051750
v 0.779059 -0.375572 0.000000
v 0.785991 -0.373524 0.000000
v 0.820934 -0.375567 0.000000
v 0.814008 -0.373524 0.000000
v 0.830000 -0.375891 0.040491
v 0.839063 -0.375566 0.000000
v 0.845926 -0.373509 0.000000
v 0.570423 -0.382969 0.067858
v 0.563565 -0.382969 0.000000
v 0.580027 -0.382969 0.091852
v 0.590001 -0.382969 0.103403
v 0.600000 -0.382969 0.111744
v 0.610000 -0.382969 0.119306
v 0.620000 -0.382969 0.126608
v 0.630000 -0.382969 0.133153
v 0.640000 -0.382969 0.136199
v 0.650000 -0.382969 0.133043
v 0.660000 -0.382969 0.128247
v 0.670000 -0.382969 0.123753
v 0.680000 -0.382969 0.119665
v 0.690000 -0.382969 0.116018
v 0.700000 -0.382969 0.113161
v 0.710000 -0.382969 0.110297
v 0.720000 -0.382969 0.105404
v 0.730000 -0.382969 0.098434
v 0.739997 -0.382968 0.088341
v 0.749950 -0.382950 0.067738
v 0.759599 -0.382699 0.000000
v 0.769338 -0.380758 0.000000
v 0.775967 -0.379840 0.000000
v 0.830000 -0.380313 0.000000
v 0.823943 -0.379780 0.000000
v 0.836057 -0.379780 0.000000
v 0.570423 -0.389688 0.067858
v 0.563565 -0.389688 0.000000
v 0.580027 -0.389688 0.091852
v 0.590001 -0.389688 0.103403
v 0.600000 -0.389688 0.111744
v 0.610000 -0.389688 0.119300
v 0.620000 -0.389688 0.126523
v 0.630000 -0.389688 0.132505
v 0.640000 -0.389688 0.133843
v 0.650000 -0.389688 0.129825
v 0.660000 -0.389688 0.124614
v 0.670000 -0.389688 0.119807
v 0.680000 -0.389688 0.115535
v 0.690000 -0.389688 0.111563
v 0.700000 -0.389688 0.108401
v 0.710000 -0.389688 0.105796
v 0.720000 -0.389688 0.101358
v 0.729999 -0.389687 0.094030
v 0.739972 -0.389685 0.080711
v 0.749585 -0.389634 0.053347
v 0.756711 -0.389246 0.000000
v 0.570423 -0.396406 0.067858
v 0.563565 -0.396406 0.000000
v 0.580027 -0.396406 0.091852
v 0.590001 -0.396406 0.103403
v 0.600000 -0.396406 0.111743
v 0.610000 -0.396406 0.119294
v 0.620000 -0.396406 0.126430
v 0.630000 -0.396406 0.131824
v 0.640000 -0.396406 0.131518
v 0.650000 -0.396406 0.126851
v 0.660000 -0.396406 0.121255
v 0.670000 -0.396406 0.116000
v 0.680000 -0.396406 0.111318
v 0.690000 -0.396406 0.107010
v 0.700000 -0.396406 0.103281
v 0.710000 -0.396406 0.100426
v 0.720000 -0.396406 0.096080
v 0.729996 -0.396405 0.087586
v 0.739915 -0.396380 0.067243
v 0.749107 -0.396061 0.000000
v 0.755362 -0.393738 0.000000
v 0.570423 -0.403125 0.067858
v 0.563565 -0.403125 0.000000
v 0.580027 -0.403125 0.091852
v 0.590001 -0.403125 0.103403
v 0.600000 -0.403125 0.111743
v 0.610000 -0.403125 0.119277
v 0.620000 -0.403125 0.126246
v 0.630000 -0.403125 0.130827
v 0.640000 -0.403125 0.129043
v 0.650000 -0.403125 0.123988
v 0.660000 -0.403125 0.118165
v 0.670000 -0.403125 0.112417
v 0.680000 -0.403125 0.107113
v 0.690000 -0.403125 0.102265
v 0.700000 -0.403125 0.097661
v 0.710000 -0.403125 0.093975
v 0.719999 -0.403124 0.089133
v 0.729969 -0.403119 0.077571
v 0.739573 -0.403050 0.052614
v 0.746665 -0.402672 0.000000
v 0.570423 -0.409844 0.067858
v 0.563565 -0.409844 0.000000
v 0.580027 -0.409844 0.091852
v 0.590001 -0.409844 0.103403
v 0.600000 -0.409844 0.111738
v 0.610000 -0.409844 0.119214
v 0.620000 -0.409844 0.125756
v 0.630000 -0.409844 0.128960
v 0.640000 -0.409844 0.126216
v 0.650000 -0.409844 0.120994
v 0.660000 -0.409844 0.115182
v 0.670000 -0.409844 0.109068
v 0.680000 -0.409844 0.102909
v 0.690000 -0.409844 0.096961
v 0.700000 -0.409844 0.090850
v 0.709999 -0.409841 0.084515
v 0.719991 -0.409823 0.076745
v 0.729866 -0.409754 0.054969
v 0.738990 -0.409209 0.000000
v 0.745341 -0.407134 0.000000
v 1.174673 -0.406265 0.000000
v 1.180657 -0.405660 0.000000
v 1.180430 -0.410149 0.043937
v 1.173772 -0.410289 0.000000
v 1.189343 -0.405660 0.000000
v 1.189573 -0.410153 0.045656
v 1.195329 -0.406268 0.000000
v 1.196247 -0.410328 0.000000
v 0.570423 -0.416562 0.067858
v 0.563565 -0.416562 0.000000
v 0.580027 -0.416562 0.091852
v 0.590001 -0.416562 0.103403
v 0.600000 -0.416562 0.111731
v 0.610000 -0.416562 0.119113
v 0.620000 -0.416562 0.125005
v 0.630000 -0.416562 0.126323
v 0.640000 -0.416562 0.122999
v 0.650000 -0.416562 0.117900
v 0.660000 -0.416562 0.112085
v 0.670000 -0.416562 0.105800
v 0.680000 -0.416562 0.098753
v 0.690000 -0.416562 0.090644
v 0.699995 -0.416558 0.079652
v 0.709962 -0.416508 0.064514
v 0.719888 -0.416276 0.051681
v 0.729055 -0.415884 0.000000
v 0.735921 -0.413822 0.000000
v 1.180444 -0.416531 0.046680
v 1.173774 -0.416184 0.000000
v 1.189606 -0.416579 0.055397
v 1.196417 -0.416603 0.000000
v 0.570423 -0.423281 0.067858
v 0.563565 -0.423281 0.000000
v 0.580027 -0.423281 0.091852
v 0.590001 -0.423281 0.103402
v 0.600000 -0.423281 0.111723
v 0.610000 -0.423281 0.118999
v 0.620000 -0.423281 0.124174
v 0.630000 -0.423281 0.123490
v 0.640000 -0.423281 0.119518
v 0.650000 -0.423281 0.114678
v 0.660000 -0.423281 0.108893
v 0.670000 -0.423281 0.102300
v 0.680000 -0.423281 0.094235
v 0.689994 -0.423278 0.081192
v 0.699910 -0.423221 0.056220
v 0.709485 -0.422725 0.000000
v 0.719326 -0.421043 0.000000
v 0.725966 -0.420151 0.000000
v 1.180870 -0.422934 0.000000
v 1.174699 -0.420618 0.000000
v 1.189660 -0.423238 0.047399
v 1.196421 -0.423239 0.000000
v 0.570423 -0.430000 0.067858
v 0.563565 -0.430000 0.000000
v 0.580027 -0.430000 0.091852
v 0.590001 -0.430000 0.103402
v 0.600000 -0.430000 0.111706
v 0.610000 -0.430000 0.118808
v 0.620000 -0.430000 0.123112
v 0.630000 -0.430000 0.120691
v 0.640000 -0.430000 0.115913
v 0.650000 -0.430000 0.110996
v 0.660000 -0.430000 0.105492
v 0.670000 -0.430000 0.098439
v 0.679996 -0.429999 0.088322
v 0.689919 -0.429975 0.067391
v 0.699173 -0.429654 0.000000
v 0.706007 -0.427317 0.000000
v 1.189948 -0.429667 0.035431
v 1.183290 -0.429485 0.000000
v 1.196283 -0.429514 0.000000
v 0.570423 -0.436719 0.067858
v 0.563565 -0.436719 0.000000
v 0.580027 -0.436719 0.091852
v 0.590001 -0.436719 0.103397
v 0.600000 -0.436719 0.111644
v 0.610000 -0.436719 0.118331
v 0.620000 -0.436719 0.121297
v 0.630000 -0.436719 0.117823
v 0.640000 -0.436719 0.112387
v 0.650000 -0.436719 0.107017
v 0.660000 -0.436719 0.101546
v 0.669999 -0.436719 0.094045
v 0.679971 -0.436716 0.080711
v 0.689583 -0.436665 0.053320
v 0.696670 -0.436269 0.000000
v 1.189995 -0.434068 0.000000
v 1.184521 -0.433556 0.000000
v 1.195420 -0.433559 0.000000
v 0.104581 -0.439876 0.000000
v 0.110000 -0.439369 0.000000
v 0.110000 -0.443747 0.032867
v 0.103731 -0.443881 0.000000
v 0.115419 -0.439876 0.000000
v 0.116269 -0.443881 0.000000
v 0.570423 -0.443437 0.067858
v 0.563565 -0.443438 0.000000
v 0.580027 -0.443437 0.091852
v 0.590001 -0.443437 0.103391
v 0.600000 -0.443437 0.111558
v 0.610000 -0.443437 0.117688
v 0.620000 -0.443437 0.119025
v 0.630000 -0.443437 0.114946
v 0.640000 -0.443437 0.109051
v 0.650000 -0.443437 0.102883
v 0.660000 -0.443437 0.096599
v 0.669996 -0.443437 0.087642
v 0.679915 -0.443412 0.067246
v 0.689106 -0.443092 0.000000
v 0.695359 -0.440769 0.000000
v 0.110000 -0.449847 0.032867
v 0.103731 -0.449713 0.000000
v 0.116269 -0.449713 0.000000
v 0.570423 -0.450156 0.067858
v 0.563565 -0.450156 0.000000
v 0.580027 -0.450156 0.091852
v 0.590001 -0.450156 0.103385
v 0.600000 -0.450156 0.111474
v 0.610000 -0.450156 0.117050
v 0.620000 -0.450156 0.116714
v 0.630000 -0.450156 0.111959
v 0.640000 -0.450156 0.105793
v 0.650000 -0.450156 0.098746
v 0.659999 -0.450156 0.090488
v 0.669970 -0.450151 0.077753
v 0.679573 -0.450081 0.052626
v 0.686665 -0.449703 0.000000
v 0.110000 -0.454225 0.000000
v 0.104581 -0.453718 0.000000
v 0.115419 -0.453718 0.000000
v 0.570423 -0.456875 0.067859
v 0.563563 -0.456875 0.000000
v 0.580027 -0.456875 0.091852
v 0.590001 -0.456875 0.103381
v 0.600000 -0.456875 0.111402
v 0.610000 -0.456875 0.116494
v 0.620000 -0.456875 0.114642
v 0.630000 -0.456875 0.109014
v 0.640000 -0.456875 0.102326
v 0.650000 -0.456875 0.094237
v 0.659993 -0.456872 0.081170
v 0.669876 -0.456808 0.055830
v 0.678991 -0.456243 0.000000
v 0.685341 -0.454165 0.000000
v 0.570419 -0.463594 0.067879
v 0.563526 -0.463595 0.000000
v 0.580027 -0.463594 0.091855
v 0.590001 -0.463594 0.103378
v 0.600000 -0.463594 0.111348
v 0.610000 -0.463594 0.116061
v 0.620000 -0.463594 0.112992
v 0.630000 -0.463594 0.106434
v 0.640000 -0.463594 0.098691
v 0.649996 -0.463593 0.088369
v 0.659919 -0.463569 0.067394
v 0.669169 -0.463247 0.000000
v 0.675940 -0.460898 0.000000
v 0.570371 -0.470314 0.068189
v 0.563140 -0.470342 0.000000
v 0.580025 -0.470313 0.091919
v 0.590001 -0.470313 0.103399
v 0.600000 -0.470313 0.111325
v 0.610000 -0.470313 0.115784
v 0.620000 -0.470313 0.111903
v 0.630000 -0.470313 0.104571
v 0.639999 -0.470312 0.095373
v 0.649972 -0.470310 0.081197
v 0.659583 -0.470260 0.053399
v 0.666670 -0.469863 0.000000
v 0.570079 -0.477053 0.070645
v 0.560817 -0.477349 0.000000
v 0.580004 -0.477032 0.092542
v 0.590000 -0.477031 0.103604
v 0.600000 -0.477031 0.111417
v 0.610000 -0.477031 0.115688
v 0.620000 -0.477031 0.111418
v 0.630000 -0.477031 0.103604
v 0.639996 -0.477030 0.092541
v 0.649918 -0.477009 0.070608
v 0.659120 -0.476715 0.000000
v 0.665360 -0.474365 0.000000
v 0.554059 -0.479725 0.000000
v 0.560124 -0.483816 0.055720
v 0.551013 -0.484382 0.000000
v 0.570007 -0.483753 0.081566
v 0.580000 -0.483750 0.095388
v 0.590000 -0.483750 0.104560
v 0.600000 -0.483750 0.111895
v 0.610000 -0.483750 0.115783
v 0.620000 -0.483750 0.111325
v 0.629999 -0.483750 0.103399
v 0.639975 -0.483750 0.091919
v 0.649629 -0.483748 0.068188
v 0.656857 -0.483721 0.000000
v 1.024030 -0.480201 0.000000
v 1.030631 -0.479556 0.000000
v 1.030109 -0.484072 0.051197
v 1.020941 -0.484431 0.000000
v 1.040058 -0.479439 0.000000
v 1.040006 -0.484036 0.060614
v 1.050003 -0.479427 0.000000
v 1.050000 -0.484034 0.062078
v 1.060000 -0.479427 0.000000
v 1.060000 -0.484034 0.062195
v 1.070000 -0.479427 0.000000
v 1.070000 -0.484034 0.062200
v 1.080000 -0.479427 0.000000
v 1.080000 -0.484034 0.062200
v 1.090000 -0.479427 0.000000
v 1.090000 -0.484034 0.062200
v 1.100000 -0.479427 0.000000
v 1.100000 -0.484034 0.062195
v 1.109997 -0.479427 0.000000
v 1.110000 -0.484034 0.062078
v 1.119942 -0.479439 0.000000
v 1.119994 -0.484036 0.060614
v 1.129369 -0.479556 0.000000
v 1.129891 -0.484072 0.051197
v 1.135970 -0.480201 0.000000
v 1.139055 -0.484431 0.000000
v 0.544719 -0.486455 0.000000
v 0.550481 -0.490538 0.049688
v 0.543777 -0.490854 0.000000
v 0.560033 -0.490474 0.076033
v 0.570001 -0.490469 0.089765
v 0.580000 -0.490469 0.098634
v 0.590000 -0.490469 0.106268
v 0.600000 -0.490469 0.112873
v 0.610000 -0.490469 0.116038
v 0.620000 -0.490469 0.111346
v 0.629999 -0.490469 0.103378
v 0.639973 -0.490469 0.091855
v 0.649580 -0.490469 0.067879
v 0.656474 -0.490467 0.000000
v 1.014009 -0.486477 0.000000
v 1.020098 -0.490552 0.055372
v 1.010473 -0.491018 0.000000
v 1.030008 -0.490491 0.076596
v 1.040000 -0.490487 0.082996
v 1.050000 -0.490487 0.083992
v 1.060000 -0.490487 0.084082
v 1.070000 -0.490487 0.084087
v 1.080000 -0.490487 0.084087
v 1.090000 -0.490487 0.084087
v 1.100000 -0.490487 0.084082
v 1.110000 -0.490487 0.083992
v 1.120000 -0.490487 0.082995
v 1.129991 -0.490491 0.076577
v 1.139869 -0.490559 0.055000
v 1.145926 -0.486491 0.000000
v 1.149053 -0.491105 0.000000
v 0.550472 -0.497140 0.050304
v 0.543775 -0.496806 0.000000
v 0.560031 -0.497185 0.078502
v 0.570001 -0.497187 0.092263
v 0.580000 -0.497187 0.100579
v 0.590000 -0.497187 0.107612
v 0.600000 -0.497187 0.113694
v 0.610000 -0.497187 0.116273
v 0.620000 -0.497187 0.111379
v 0.629999 -0.497187 0.103380
v 0.639973 -0.497187 0.091852
v 0.649577 -0.497187 0.067859
v 0.656437 -0.497187 0.000000
v 0.973965 -0.493625 0.000000
v 0.980626 -0.492991 0.000000
v 0.980076 -0.497503 0.051569
v 0.970470 -0.497781 0.000000
v 0.990060 -0.492850 0.000000
v 0.990005 -0.497471 0.060666
v 1.000046 -0.492579 0.000000
v 1.000003 -0.497437 0.062562
v 1.010033 -0.497241 0.066076
v 1.020005 -0.497193 0.079587
v 1.030000 -0.497188 0.089209
v 1.040000 -0.497188 0.093222
v 1.050000 -0.497188 0.094111
v 1.060000 -0.497188 0.094218
v 1.070000 -0.497188 0.094226
v 1.080000 -0.497188 0.094226
v 1.090000 -0.497188 0.094226
v 1.100000 -0.497188 0.094218
v 1.110000 -0.497188 0.094111
v 1.120000 -0.497188 0.093217
v 1.130000 -0.497188 0.089087
v 1.139990 -0.497194 0.078013
v 1.149869 -0.497275 0.055167
v 1.155926 -0.493206 0.000000
v 1.159053 -0.497824 0.000000
v 0.550898 -0.503561 0.000000
v 0.544701 -0.501243 0.000000
v 0.560085 -0.503881 0.067120
v 0.570004 -0.503905 0.088135
v 0.580000 -0.503906 0.098473
v 0.590000 -0.503906 0.106259
v 0.600000 -0.503906 0.112873
v 0.610000 -0.503906 0.116038
v 0.620000 -0.503906 0.111345
v 0.629999 -0.503906 0.103377
v 0.639973 -0.503906 0.091851
v 0.649577 -0.503906 0.067858
v 0.656435 -0.503906 0.000000
v 0.904030 -0.500357 0.000000
v 0.910631 -0.499713 0.000000
v 0.910109 -0.504228 0.051198
v 0.900941 -0.504587 0.000000
v 0.920058 -0.499595 0.000000
v 0.920006 -0.504192 0.060614
v 0.930003 -0.499583 0.000000
v 0.930000 -0.504190 0.062078
v 0.940000 -0.499582 0.000000
v 0.940000 -0.504190 0.062196
v 0.950002 -0.499557 0.000000
v 0.950000 -0.504188 0.062232
v 0.960044 -0.499300 0.000000
v 0.960003 -0.504156 0.062674
v 0.970033 -0.503962 0.065914
v 0.980004 -0.503927 0.078150
v 0.990000 -0.503925 0.083128
v 1.000000 -0.503923 0.084168
v 1.010001 -0.503909 0.085598
v 1.020000 -0.503906 0.090885
v 1.030000 -0.503906 0.096392
v 1.040000 -0.503906 0.099961
v 1.050000 -0.503906 0.100912
v 1.060000 -0.503906 0.101037
v 1.070000 -0.503906 0.101046
v 1.080000 -0.503906 0.101046
v 1.090000 -0.503906 0.101045
v 1.100000 -0.503906 0.101037
v 1.110000 -0.503906 0.100911
v 1.120000 -0.503906 0.099949
v 1.130000 -0.503906 0.096288
v 1.140000 -0.503906 0.089780
v 1.149990 -0.503913 0.078089
v 1.159866 -0.503994 0.055130
v 1.165921 -0.499925 0.000000
v 1.168990 -0.504541 0.000000
v 0.560417 -0.510572 0.053383
v 0.553334 -0.510176 0.000000
v 0.570028 -0.510622 0.081182
v 0.580001 -0.510625 0.095359
v 0.590000 -0.510625 0.104559
v 0.600000 -0.510625 0.111895
v 0.610000 -0.510625 0.115780
v 0.620000 -0.510625 0.111311
v 0.629999 -0.510625 0.103374
v 0.639973 -0.510625 0.091851
v 0.649577 -0.510625 0.067858
v 0.656435 -0.510625 0.000000
v 0.894012 -0.506634 0.000000
v 0.900099 -0.510709 0.055348
v 0.890516 -0.511183 0.000000
v 0.910008 -0.510647 0.076596
v 0.920000 -0.510643 0.082996
v 0.930000 -0.510643 0.083992
v 0.940000 -0.510643 0.084082
v 0.950000 -0.510643 0.084097
v 0.960000 -0.510642 0.084252
v 0.970001 -0.510628 0.085522
v 0.980000 -0.510626 0.090185
v 0.990000 -0.510626 0.093318
v 1.000000 -0.510626 0.094201
v 1.010000 -0.510625 0.094977
v 1.020000 -0.510625 0.097758
v 1.030000 -0.510625 0.102044
v 1.040000 -0.510625 0.105530
v 1.050000 -0.510625 0.106624
v 1.060000 -0.510625 0.106793
v 1.070000 -0.510625 0.106807
v 1.080000 -0.510625 0.106807
v 1.090000 -0.510625 0.106803
v 1.100000 -0.510625 0.106783
v 1.110000 -0.510625 0.106594
v 1.120000 -0.510625 0.105419
v 1.130000 -0.510625 0.101783
v 1.140000 -0.510625 0.096579
v 1.149999 -0.510625 0.089730
v 1.159969 -0.510631 0.077627
v 1.169573 -0.510700 0.052604
v 1.175341 -0.506616 0.000000
v 1.176665 -0.511078 0.000000
v 0.560880 -0.517028 0.000000
v 0.554640 -0.514678 0.000000
v 0.570082 -0.517322 0.070607
v 0.580004 -0.517343 0.092540
v 0.590000 -0.517344 0.103604
v 0.600000 -0.517344 0.111415
v 0.610000 -0.517344 0.115662
v 0.620000 -0.517344 0.111297
v 0.629999 -0.517344 0.103374
v 0.639973 -0.517344 0.091851
v 0.649577 -0.517344 0.067858
v 0.656435 -0.517344 0.000000
v 0.873968 -0.513742 0.000000
v 0.880669 -0.512863 0.000000
v 0.880079 -0.517624 0.052053
v 0.870471 -0.517935 0.000000
v 0.890037 -0.517398 0.064521
v 0.900005 -0.517349 0.079465
v 0.910000 -0.517344 0.089204
v 0.920000 -0.517344 0.093222
v 0.930000 -0.517344 0.094111
v 0.940000 -0.517344 0.094219
v 0.950000 -0.517344 0.094231
v 0.960000 -0.517344 0.094308
v 0.970000 -0.517344 0.094939
v 0.980000 -0.517344 0.097353
v 0.990000 -0.517344 0.100087
v 1.000000 -0.517344 0.100976
v 1.010000 -0.517344 0.101528
v 1.020000 -0.517344 0.103407
v 1.030000 -0.517344 0.106897
v 1.040000 -0.517344 0.110326
v 1.050000 -0.517344 0.111757
v 1.060000 -0.517344 0.112048
v 1.070000 -0.517344 0.112080
v 1.080000 -0.517344 0.112066
v 1.090000 -0.517344 0.112012
v 1.100000 -0.517344 0.111902
v 1.110000 -0.517344 0.111412
v 1.120000 -0.517344 0.109445
v 1.130000 -0.517344 0.105567
v 1.140000 -0.517344 0.101025
v 1.150000 -0.517344 0.095802
v 1.159996 -0.517345 0.087312
v 1.169915 -0.517370 0.067005
v 1.179102 -0.517689 0.000000
v 0.570371 -0.524061 0.068188
v 0.563143 -0.524033 0.000000
v 0.580025 -0.524062 0.091919
v 0.590001 -0.524063 0.103397
v 0.600000 -0.524063 0.111308
v 0.610000 -0.524063 0.115638
v 0.620000 -0.524063 0.111294
v 0.629999 -0.524063 0.103373
v 0.639973 -0.524063 0.091851
v 0.649577 -0.524063 0.067858
v 0.656435 -0.524063 0.000000
v 0.804031 -0.520514 0.000000
v 0.810631 -0.519869 0.000000
v 0.810109 -0.524384 0.051197
v 0.800945 -0.524744 0.000000
v 0.820058 -0.519751 0.000000
v 0.820006 -0.524348 0.060614
v 0.830003 -0.519740 0.000000
v 0.830000 -0.524347 0.062078
v 0.840000 -0.519738 0.000000
v 0.840000 -0.524347 0.062196
v 0.850002 -0.519713 0.000000
v 0.850000 -0.524344 0.062232
v 0.860044 -0.519456 0.000000
v 0.860003 -0.524312 0.062674
v 0.870033 -0.524118 0.065924
v 0.880004 -0.524082 0.078320
v 0.890001 -0.524065 0.084633
v 0.900000 -0.524063 0.090795
v 0.910000 -0.524063 0.096387
v 0.920000 -0.524063 0.099960
v 0.930000 -0.524063 0.100912
v 0.940000 -0.524063 0.101036
v 0.950000 -0.524063 0.101048
v 0.960000 -0.524063 0.101100
v 0.970000 -0.524063 0.101521
v 0.980000 -0.524063 0.103223
v 0.990000 -0.524063 0.105722
v 1.000000 -0.524063 0.106674
v 1.010000 -0.524063 0.107145
v 1.020000 -0.524063 0.108574
v 1.030000 -0.524063 0.111476
v 1.040000 -0.524063 0.114785
v 1.050000 -0.524063 0.116525
v 1.060000 -0.524063 0.116946
v 1.070000 -0.524063 0.116987
v 1.080000 -0.524063 0.116823
v 1.090000 -0.524063 0.116409
v 1.100000 -0.524063 0.115805
v 1.110000 -0.524063 0.114417
v 1.120000 -0.524063 0.110730
v 1.130000 -0.524063 0.105957
v 1.140000 -0.524063 0.101646
v 1.150000 -0.524063 0.097822
v 1.159999 -0.524063 0.091653
v 1.169969 -0.524065 0.078435
v 1.179528 -0.524110 0.050300
v 1.185299 -0.520007 0.000000
v 1.186225 -0.524444 0.000000
v 0.570419 -0.530781 0.067879
v 0.563526 -0.530780 0.000000
v 0.580027 -0.530781 0.091855
v 0.590001 -0.530781 0.103375
v 0.600000 -0.530781 0.111295
v 0.610000 -0.530781 0.115636
v 0.620000 -0.530781 0.111294
v 0.629999 -0.530781 0.103373
v 0.639973 -0.530781 0.091851
v 0.649577 -0.530781 0.067858
v 0.656435 -0.530781 0.000000
v 0.794074 -0.526803 0.000000
v 0.800130 -0.530871 0.055001
v 0.790944 -0.531417 0.000000
v 0.810009 -0.530804 0.076577
v 0.820000 -0.530800 0.082995
v 0.830000 -0.530800 0.083992
v 0.840000 -0.530800 0.084082
v 0.850000 -0.530800 0.084097
v 0.860000 -0.530798 0.084252
v 0.870001 -0.530784 0.085527
v 0.880000 -0.530782 0.090270
v 0.890000 -0.530781 0.094071
v 0.900000 -0.530781 0.097647
v 0.910000 -0.530781 0.102031
v 0.920000 -0.530781 0.105515
v 0.930000 -0.530781 0.106606
v 0.940000 -0.530781 0.106773
v 0.950000 -0.530781 0.106790
v 0.960000 -0.530781 0.106829
v 0.970000 -0.530781 0.107139
v 0.980000 -0.530781 0.108431
v 0.990000 -0.530781 0.110579
v 1.000000 -0.530781 0.111690
v 1.010000 -0.530781 0.112184
v 1.020000 -0.530781 0.113329
v 1.030000 -0.530781 0.115689
v 1.040000 -0.530781 0.118518
v 1.050000 -0.530781 0.120252
v 1.060000 -0.530781 0.120796
v 1.070000 -0.530781 0.120792
v 1.080000 -0.530781 0.119887
v 1.090000 -0.530781 0.118218
v 1.100000 -0.530781 0.116298
v 1.110000 -0.530781 0.113656
v 1.120000 -0.530781 0.108721
v 1.130000 -0.530781 0.102864
v 1.140000 -0.530781 0.097614
v 1.150000 -0.530781 0.093629
v 1.159999 -0.530781 0.088358
v 1.169966 -0.530775 0.075847
v 1.179519 -0.530712 0.049676
v 1.186224 -0.530396 0.000000
v 0.570423 -0.537500 0.067859
v 0.563563 -0.537500 0.000000
v 0.580027 -0.537500 0.091851
v 0.590001 -0.537500 0.103373
v 0.600000 -0.537500 0.111294
v 0.610000 -0.537500 0.115636
v 0.620000 -0.537500 0.111294
v 0.629999 -0.537500 0.103373
v 0.639973 -0.537500 0.091851
v 0.649577 -0.537500 0.067859
v 0.656437 -0.537500 0.000000
v 0.784009 -0.533505 0.000000
v 0.790098 -0.537581 0.055539
v 0.780473 -0.538049 0.000000
v 0.800009 -0.537506 0.078033
v 0.810000 -0.537501 0.089088
v 0.820000 -0.537501 0.093217
v 0.830000 -0.537501 0.094111
v 0.840000 -0.537501 0.094219
v 0.850000 -0.537501 0.094231
v 0.860000 -0.537501 0.094308
v 0.870000 -0.537500 0.094942
v 0.880000 -0.537500 0.097407
v 0.890000 -0.537500 0.100567
v 0.900000 -0.537500 0.103255
v 0.910000 -0.537500 0.106787
v 0.920000 -0.537500 0.110113
v 0.930000 -0.537500 0.111478
v 0.940000 -0.537500 0.111756
v 0.950000 -0.537500 0.111793
v 0.960000 -0.537500 0.111838
v 0.970000 -0.537500 0.112049
v 0.980000 -0.537500 0.112916
v 0.990000 -0.537500 0.114475
v 1.000000 -0.537500 0.115493
v 1.010000 -0.537500 0.115930
v 1.020000 -0.537500 0.116728
v 1.030000 -0.537500 0.118260
v 1.040000 -0.537500 0.119843
v 1.050000 -0.537500 0.120696
v 1.060000 -0.537500 0.121217
v 1.070000 -0.537500 0.121110
v 1.080000 -0.537500 0.118791
v 1.090000 -0.537500 0.115692
v 1.100000 -0.537500 0.112990
v 1.110000 -0.537500 0.110248
v 1.120000 -0.537500 0.105456
v 1.130000 -0.537500 0.098861
v 1.140000 -0.537500 0.091545
v 1.149999 -0.537498 0.084593
v 1.159991 -0.537479 0.076675
v 1.169866 -0.537410 0.054780
v 1.178986 -0.536865 0.000000
v 1.185281 -0.534795 0.000000
v 0.570423 -0.544219 0.067858
v 0.563565 -0.544219 0.000000
v 0.580027 -0.544219 0.091851
v 0.590001 -0.544219 0.103373
v 0.600000 -0.544219 0.111294
v 0.610000 -0.544219 0.115636
v 0.620000 -0.544219 0.111295
v 0.629999 -0.544219 0.103375
v 0.639973 -0.544219 0.091855
v 0.649581 -0.544219 0.067880
v 0.656476 -0.544220 0.000000
v 0.734030 -0.540670 0.000000
v 0.740631 -0.540025 0.000000
v 0.740109 -0.544540 0.051198
v 0.730941 -0.544899 0.000000
v 0.750058 -0.539907 0.000000
v 0.750006 -0.544505 0.060615
v 0.760005 -0.539870 0.000000
v 0.760000 -0.544501 0.062110
v 0.770044 -0.539610 0.000000
v 0.770003 -0.544468 0.062679
v 0.780033 -0.544272 0.066086
v 0.790005 -0.544224 0.079668
v 0.800000 -0.544219 0.089910
v 0.810000 -0.544219 0.096301
v 0.820000 -0.544219 0.099955
v 0.830000 -0.544219 0.100912
v 0.840000 -0.544219 0.101036
v 0.850000 -0.544219 0.101048
v 0.860000 -0.544219 0.101096
v 0.870000 -0.544219 0.101511
v 0.880000 -0.544219 0.103229
v 0.890000 -0.544219 0.105956
v 0.900000 -0.544219 0.108080
v 0.910000 -0.544219 0.110543
v 0.920000 -0.544219 0.113074
v 0.930000 -0.544219 0.114336
v 0.940000 -0.544219 0.114637
v 0.950000 -0.544219 0.114711
v 0.960000 -0.544219 0.114840
v 0.970000 -0.544219 0.114889
v 0.980000 -0.544219 0.115003
v 0.990000 -0.544219 0.115407
v 1.000000 -0.544219 0.115697
v 1.010000 -0.544219 0.115805
v 1.020000 -0.544219 0.116014
v 1.030000 -0.544219 0.116427
v 1.040000 -0.544219 0.116842
v 1.050000 -0.544219 0.117164
v 1.060000 -0.544219 0.117817
v 1.070000 -0.544219 0.118029
v 1.080000 -0.544219 0.115261
v 1.090000 -0.544219 0.111526
v 1.100000 -0.544219 0.108394
v 1.110000 -0.544219 0.105836
v 1.120000 -0.544219 0.101574
v 1.130000 -0.544219 0.094697
v 1.139997 -0.544217 0.082968
v 1.149971 -0.544186 0.065272
v 1.159889 -0.543934 0.051749
v 1.169055 -0.543540 0.000000
v 1.175921 -0.541478 0.000000
v 0.570423 -0.550937 0.067858
v 0.563565 -0.550938 0.000000
v 0.580027 -0.550937 0.091851
v 0.590001 -0.550937 0.103373
v 0.600000 -0.550937 0.111294
v 0.610000 -0.550937 0.115638
v 0.620000 -0.550938 0.111308
v 0.629999 -0.550938 0.103397
v 0.639975 -0.550938 0.091920
v 0.649632 -0.550939 0.068218
v 0.656904 -0.550957 0.000000
v 0.724009 -0.546946 0.000000
v 0.730098 -0.551021 0.055371
v 0.720473 -0.551486 0.000000
v 0.740008 -0.550960 0.076596
v 0.750000 -0.550956 0.082996
v 0.760000 -0.550956 0.084003
v 0.770000 -0.550954 0.084252
v 0.780001 -0.550940 0.085605
v 0.790000 -0.550938 0.090929
v 0.800000 -0.550937 0.096796
v 0.810000 -0.550937 0.101913
v 0.820000 -0.550937 0.105507
v 0.830000 -0.550937 0.106605
v 0.840000 -0.550937 0.106773
v 0.850000 -0.550937 0.106781
v 0.860000 -0.550937 0.106770
v 0.870000 -0.550937 0.106962
v 0.880000 -0.550937 0.108060
v 0.890000 -0.550937 0.109844
v 0.900000 -0.550937 0.110967
v 0.910000 -0.550937 0.111291
v 0.920000 -0.550937 0.111520
v 0.930000 -0.550937 0.111730
v 0.940000 -0.550937 0.111805
v 0.950000 -0.550937 0.111959
v 0.960000 -0.550937 0.112379
v 0.970000 -0.550937 0.112384
v 0.980000 -0.550937 0.111994
v 0.990000 -0.550937 0.111907
v 1.000000 -0.550937 0.111925
v 1.010000 -0.550937 0.111935
v 1.020000 -0.550937 0.111961
v 1.030000 -0.550937 0.112018
v 1.040000 -0.550937 0.112097
v 1.050000 -0.550937 0.112347
v 1.060000 -0.550937 0.113236
v 1.070000 -0.550937 0.113886
v 1.080000 -0.550937 0.111029
v 1.090000 -0.550937 0.106988
v 1.100000 -0.550937 0.103286
v 1.110000 -0.550937 0.100508
v 1.120000 -0.550937 0.096635
v 1.129997 -0.550937 0.089492
v 1.139952 -0.550921 0.070178
v 1.149612 -0.550696 0.000000
v 1.159339 -0.548728 0.000000
v 1.165967 -0.547809 0.000000
v 0.570423 -0.557656 0.067858
v 0.563565 -0.557656 0.000000
v 0.580027 -0.557656 0.091851
v 0.590001 -0.557656 0.103373
v 0.600000 -0.557656 0.111297
v 0.610000 -0.557656 0.115662
v 0.620000 -0.557656 0.111415
v 0.630000 -0.557656 0.103605
v 0.639997 -0.557657 0.092563
v 0.649953 -0.557671 0.071024
v 0.659658 -0.557868 0.000000
v 0.683965 -0.554093 0.000000
v 0.690626 -0.553460 0.000000
v 0.690076 -0.557971 0.051574
v 0.680469 -0.558229 0.000000
v 0.700060 -0.553319 0.000000
v 0.700005 -0.557940 0.060666
v 0.710047 -0.553048 0.000000
v 0.710003 -0.557905 0.062562
v 0.720033 -0.557709 0.066076
v 0.730005 -0.557661 0.079587
v 0.740000 -0.557657 0.089209
v 0.750000 -0.557657 0.093222
v 0.760000 -0.557657 0.094115
v 0.770000 -0.557657 0.094301
v 0.780000 -0.557656 0.094976
v 0.790000 -0.557656 0.097759
v 0.800000 -0.557656 0.102191
v 0.810000 -0.557656 0.106582
v 0.820000 -0.557656 0.110091
v 0.830000 -0.557656 0.111476
v 0.840000 -0.557656 0.111747
v 0.850000 -0.557656 0.111704
v 0.860000 -0.557656 0.111357
v 0.870000 -0.557656 0.110742
v 0.880000 -0.557656 0.110541
v 0.890000 -0.557656 0.110418
v 0.900000 -0.557656 0.109819
v 0.910000 -0.557656 0.108155
v 0.920000 -0.557656 0.107069
v 0.930000 -0.557656 0.106821
v 0.940000 -0.557656 0.106823
v 0.950000 -0.557656 0.107044
v 0.960000 -0.557656 0.107691
v 0.970000 -0.557656 0.107691
v 0.980000 -0.557656 0.107047
v 0.990000 -0.557656 0.106828
v 1.000000 -0.557656 0.106800
v 1.010000 -0.557656 0.106798
v 1.020000 -0.557656 0.106800
v 1.030000 -0.557656 0.106806
v 1.040000 -0.557656 0.106847
v 1.050000 -0.557656 0.107151
v 1.060000 -0.557656 0.108320
v 1.070000 -0.557656 0.109402
v 1.080000 -0.557656 0.106616
v 1.090000 -0.557656 0.102219
v 1.100000 -0.557656 0.097663
v 1.110000 -0.557656 0.094053
v 1.119999 -0.557656 0.089917
v 1.129974 -0.557654 0.081928
v 1.139630 -0.557636 0.063570
v 1.146883 -0.557593 0.000000
v 0.570423 -0.564375 0.067859
v 0.563563 -0.564375 0.000000
v 0.580027 -0.564375 0.091851
v 0.590001 -0.564375 0.103374
v 0.600000 -0.564375 0.111311
v 0.610000 -0.564375 0.115781
v 0.620000 -0.564375 0.111903
v 0.630000 -0.564375 0.104577
v 0.640000 -0.564375 0.095535
v 0.649997 -0.564377 0.083219
v 0.659977 -0.564404 0.066894
v 0.670013 -0.559454 0.000000
v 0.670001 -0.564587 0.063230
v 0.680033 -0.564428 0.065948
v 0.690004 -0.564396 0.078151
v 0.700000 -0.564393 0.083128
v 0.710000 -0.564392 0.084168
v 0.720001 -0.564378 0.085598
v 0.730000 -0.564375 0.090885
v 0.740000 -0.564375 0.096392
v 0.750000 -0.564375 0.099958
v 0.760000 -0.564375 0.100899
v 0.770000 -0.564375 0.101036
v 0.780000 -0.564375 0.101405
v 0.790000 -0.564375 0.103201
v 0.800000 -0.564375 0.106577
v 0.810000 -0.564375 0.110084
v 0.820000 -0.564375 0.112998
v 0.830000 -0.564375 0.114327
v 0.840000 -0.564375 0.114593
v 0.850000 -0.564375 0.114329
v 0.860000 -0.564375 0.113037
v 0.870000 -0.564375 0.110416
v 0.880000 -0.564375 0.108123
v 0.890000 -0.564375 0.106798
v 0.900000 -0.564375 0.105669
v 0.910000 -0.564375 0.103201
v 0.920000 -0.564375 0.101517
v 0.930000 -0.564375 0.101102
v 0.940000 -0.564375 0.101095
v 0.950000 -0.564375 0.101409
v 0.960000 -0.564375 0.102343
v 0.970000 -0.564375 0.102343
v 0.980000 -0.564375 0.101409
v 0.990000 -0.564375 0.101092
v 1.000000 -0.564375 0.101049
v 1.010000 -0.564375 0.101046
v 1.020000 -0.564375 0.101046
v 1.030000 -0.564375 0.101049
v 1.040000 -0.564375 0.101100
v 1.050000 -0.564375 0.101513
v 1.060000 -0.564375 0.103097
v 1.070000 -0.564375 0.104663
v 1.080000 -0.564375 0.102043
v 1.090000 -0.564375 0.096867
v 1.100000 -0.564375 0.090850
v 1.109999 -0.564372 0.084630
v 1.119995 -0.564356 0.078163
v 1.129938 -0.564318 0.063879
v 1.139543 -0.564102 0.048803
v 1.146286 -0.563894 0.000000
v 0.570419 -0.571094 0.067879
v 0.563526 -0.571095 0.000000
v 0.580027 -0.571094 0.091855
v 0.590001 -0.571094 0.103378
v 0.600000 -0.571094 0.111348
v 0.610000 -0.571094 0.116062
v 0.620000 -0.571094 0.112993
v 0.630000 -0.571094 0.106459
v 0.640000 -0.571094 0.099058
v 0.650000 -0.571094 0.091669
v 0.659999 -0.571095 0.085722
v 0.670000 -0.571108 0.084429
v 0.680001 -0.571096 0.085532
v 0.690000 -0.571094 0.090185
v 0.700000 -0.571094 0.093318
v 0.710000 -0.571094 0.094201
v 0.720000 -0.571094 0.094976
v 0.730000 -0.571094 0.097755
v 0.740000 -0.571094 0.102034
v 0.750000 -0.571094 0.105480
v 0.760000 -0.571094 0.106397
v 0.770000 -0.571094 0.106256
v 0.780000 -0.571094 0.106013
v 0.790000 -0.571094 0.106844
v 0.800000 -0.571094 0.108771
v 0.810000 -0.571094 0.110330
v 0.820000 -0.571094 0.111307
v 0.830000 -0.571094 0.111700
v 0.840000 -0.571094 0.111747
v 0.850000 -0.571094 0.111477
v 0.860000 -0.571094 0.110109
v 0.870000 -0.571094 0.106776
v 0.880000 -0.571094 0.103362
v 0.890000 -0.571094 0.101398
v 0.900000 -0.571094 0.100133
v 0.910000 -0.571094 0.097355
v 0.920000 -0.571094 0.094939
v 0.930000 -0.571093 0.094313
v 0.940000 -0.571093 0.094306
v 0.950000 -0.571094 0.094822
v 0.960000 -0.571094 0.096424
v 0.970000 -0.571094 0.096424
v 0.980000 -0.571094 0.094822
v 0.990000 -0.571093 0.094301
v 1.000000 -0.571093 0.094231
v 1.010000 -0.571093 0.094226
v 1.020000 -0.571093 0.094226
v 1.030000 -0.571093 0.094231
v 1.040000 -0.571093 0.094308
v 1.050000 -0.571094 0.094934
v 1.060000 -0.571094 0.097269
v 1.070000 -0.571094 0.099332
v 1.080000 -0.571094 0.097151
v 1.090000 -0.571094 0.090427
v 1.099995 -0.571090 0.079636
v 1.109963 -0.571039 0.064532
v 1.119920 -0.570813 0.052028
v 1.129482 -0.570493 0.000000
v 1.139237 -0.568855 0.000000
v 1.145324 -0.567991 0.000000
v 0.570371 -0.577814 0.068189
v 0.563140 -0.577842 0.000000
v 0.580025 -0.577813 0.091919
v 0.590001 -0.577812 0.103405
v 0.600000 -0.577812 0.111417
v 0.610000 -0.577812 0.116504
v 0.620000 -0.577812 0.114652
v 0.630000 -0.577812 0.109110
v 0.640000 -0.577812 0.103051
v 0.650000 -0.577812 0.097929
v 0.660000 -0.577813 0.095005
v 0.670000 -0.577813 0.094394
v 0.680000 -0.577813 0.094944
v 0.690000 -0.577813 0.097352
v 0.700000 -0.577813 0.100080
v 0.710000 -0.577813 0.100964
v 0.720000 -0.577812 0.101505
v 0.730000 -0.577812 0.103350
v 0.740000 -0.577812 0.106738
v 0.750000 -0.577812 0.109794
v 0.760000 -0.577812 0.110070
v 0.770000 -0.577812 0.108744
v 0.780000 -0.577812 0.106843
v 0.790000 -0.577812 0.106013
v 0.800000 -0.577812 0.106270
v 0.810000 -0.577812 0.106573
v 0.820000 -0.577812 0.106726
v 0.830000 -0.577812 0.106778
v 0.840000 -0.577812 0.106773
v 0.850000 -0.577812 0.106605
v 0.860000 -0.577812 0.105515
v 0.870000 -0.577812 0.102036
v 0.880000 -0.577812 0.097750
v 0.890000 -0.577812 0.094874
v 0.900000 -0.577812 0.093398
v 0.910000 -0.577812 0.090190
v 0.919999 -0.577810 0.085522
v 0.930000 -0.577796 0.084262
v 0.940000 -0.577796 0.084255
v 0.950001 -0.577810 0.085412
v 0.960000 -0.577812 0.089275
v 0.970000 -0.577812 0.089275
v 0.979999 -0.577810 0.085412
v 0.990000 -0.577796 0.084245
v 1.000000 -0.577794 0.084097
v 1.010000 -0.577794 0.084087
v 1.020000 -0.577794 0.084087
v 1.030000 -0.577794 0.084097
v 1.040000 -0.577796 0.084252
v 1.050001 -0.577810 0.085520
v 1.060000 -0.577812 0.090153
v 1.070000 -0.577812 0.092905
v 1.080000 -0.577812 0.091074
v 1.089994 -0.577809 0.080628
v 1.099910 -0.577752 0.056164
v 1.109485 -0.577257 0.000000
v 1.119331 -0.575575 0.000000
v 1.126028 -0.574695 0.000000
v 0.570079 -0.584553 0.070650
v 0.560813 -0.584848 0.000000
v 0.580004 -0.584532 0.092544
v 0.590000 -0.584531 0.103618
v 0.600000 -0.584531 0.111613
v 0.610000 -0.584531 0.117142
v 0.620000 -0.584531 0.116777
v 0.630000 -0.584531 0.112284
v 0.640000 -0.584531 0.107300
v 0.650000 -0.584531 0.103453
v 0.660000 -0.584531 0.101542
v 0.670000 -0.584531 0.101151
v 0.680000 -0.584531 0.101512
v 0.690000 -0.584531 0.103189
v 0.700000 -0.584531 0.105614
v 0.710000 -0.584531 0.106488
v 0.720000 -0.584531 0.106836
v 0.730000 -0.584531 0.107982
v 0.740000 -0.584531 0.110202
v 0.750000 -0.584531 0.111816
v 0.760000 -0.584531 0.109910
v 0.770000 -0.584531 0.106563
v 0.780000 -0.584531 0.103200
v 0.790000 -0.584531 0.101405
v 0.800000 -0.584531 0.101045
v 0.810000 -0.584531 0.101032
v 0.820000 -0.584531 0.101041
v 0.830000 -0.584531 0.101045
v 0.840000 -0.584531 0.101036
v 0.850000 -0.584531 0.100912
v 0.860000 -0.584531 0.099960
v 0.870000 -0.584531 0.096392
v 0.880000 -0.584531 0.090880
v 0.889999 -0.584529 0.085513
v 0.900000 -0.584515 0.083288
v 0.909996 -0.584510 0.078160
v 0.919967 -0.584476 0.065915
v 0.929997 -0.584284 0.062705
v 0.940003 -0.584284 0.062701
v 0.950033 -0.584476 0.065825
v 0.960004 -0.584510 0.077181
v 0.969996 -0.584510 0.077181
v 0.979967 -0.584476 0.065825
v 0.989997 -0.584282 0.062669
v 1.000000 -0.584249 0.062232
v 1.010000 -0.584247 0.062201
v 1.020000 -0.584247 0.062201
v 1.030000 -0.584249 0.062232
v 1.040003 -0.584282 0.062674
v 1.050033 -0.584476 0.065914
v 1.060004 -0.584510 0.078134
v 1.070000 -0.584513 0.082818
v 1.079996 -0.584512 0.080884
v 1.089919 -0.584489 0.065815
v 1.099173 -0.584182 0.000000
v 1.106007 -0.581848 0.000000
v 0.553989 -0.587211 0.000000
v 0.560088 -0.591309 0.056322
v 0.550472 -0.591797 0.000000
v 0.570006 -0.591253 0.081664
v 0.580000 -0.591250 0.095415
v 0.590000 -0.591250 0.104603
v 0.600000 -0.591250 0.112262
v 0.610000 -0.591250 0.118156
v 0.620000 -0.591250 0.119305
v 0.630000 -0.591250 0.115797
v 0.640000 -0.591250 0.111639
v 0.650000 -0.591250 0.108584
v 0.660000 -0.591250 0.107146
v 0.670000 -0.591250 0.106811
v 0.680000 -0.591250 0.106963
v 0.690000 -0.591250 0.108037
v 0.700000 -0.591250 0.109656
v 0.710000 -0.591250 0.110215
v 0.720000 -0.591250 0.109949
v 0.730000 -0.591250 0.109962
v 0.740000 -0.591250 0.110319
v 0.750000 -0.591250 0.109805
v 0.760000 -0.591250 0.106549
v 0.770000 -0.591250 0.102189
v 0.780000 -0.591250 0.097759
v 0.790000 -0.591250 0.094977
v 0.800000 -0.591249 0.094308
v 0.810000 -0.591249 0.094230
v 0.820000 -0.591249 0.094226
v 0.830000 -0.591249 0.094226
v 0.840000 -0.591249 0.094218
v 0.850000 -0.591249 0.094111
v 0.860000 -0.591249 0.093222
v 0.870000 -0.591249 0.089209
v 0.879995 -0.591245 0.079582
v 0.889967 -0.591197 0.065959
v 0.899992 -0.590999 0.061118
v 0.909924 -0.590937 0.051600
v 0.919530 -0.590657 0.000000
v 0.929959 -0.589164 0.000000
v 0.940041 -0.589164 0.000000
v 0.950470 -0.590657 0.000000
v 0.960071 -0.590933 0.050002
v 0.969929 -0.590933 0.050002
v 0.979530 -0.590656 0.000000
v 0.989956 -0.589138 0.000000
v 0.999998 -0.588881 0.000000
v 1.010000 -0.588856 0.000000
v 1.020000 -0.588856 0.000000
v 1.030002 -0.588881 0.000000
v 1.040043 -0.589138 0.000000
v 1.050470 -0.590656 0.000000
v 1.060076 -0.590935 0.051562
v 1.070004 -0.590964 0.060479
v 1.079973 -0.590964 0.060070
v 1.089594 -0.590941 0.048631
v 1.096671 -0.590737 0.000000
v 0.513965 -0.594407 0.000000
v 0.520626 -0.593773 0.000000
v 0.520076 -0.598284 0.051569
v 0.510470 -0.598563 0.000000
v 0.530060 -0.593632 0.000000
v 0.530005 -0.598252 0.060666
v 0.540046 -0.593360 0.000000
v 0.540003 -0.598218 0.062563
v 0.550033 -0.598022 0.066089
v 0.560004 -0.597973 0.079778
v 0.570000 -0.597969 0.090694
v 0.580000 -0.597969 0.098970
v 0.590000 -0.597969 0.106516
v 0.600000 -0.597969 0.113625
v 0.610000 -0.597969 0.119670
v 0.620000 -0.597969 0.122040
v 0.630000 -0.597969 0.119369
v 0.640000 -0.597969 0.115846
v 0.650000 -0.597969 0.113292
v 0.660000 -0.597969 0.112025
v 0.670000 -0.597969 0.111395
v 0.680000 -0.597969 0.110745
v 0.690000 -0.597969 0.110537
v 0.700000 -0.597969 0.110376
v 0.710000 -0.597969 0.109641
v 0.720000 -0.597969 0.107897
v 0.730000 -0.597969 0.106830
v 0.740000 -0.597969 0.106486
v 0.750000 -0.597969 0.105478
v 0.760000 -0.597969 0.101911
v 0.770000 -0.597969 0.096796
v 0.780000 -0.597969 0.090930
v 0.789999 -0.597966 0.085605
v 0.800000 -0.597952 0.084257
v 0.810000 -0.597950 0.084097
v 0.820000 -0.597950 0.084087
v 0.830000 -0.597950 0.084087
v 0.840000 -0.597950 0.084082
v 0.850000 -0.597950 0.083992
v 0.860000 -0.597950 0.082996
v 0.869992 -0.597946 0.076596
v 0.879902 -0.597885 0.055371
v 0.889525 -0.597419 0.000000
v 0.899899 -0.595847 0.000000
v 0.909372 -0.595471 0.000000
v 0.916035 -0.594814 0.000000
v 0.960568 -0.595432 0.000000
v 0.953961 -0.594811 0.000000
v 0.969432 -0.595432 0.000000
v 0.976039 -0.594811 0.000000
v 1.060626 -0.595445 0.000000
v 1.053965 -0.594812 0.000000
v 1.070055 -0.595561 0.000000
v 1.079940 -0.595561 0.000000
v 1.089285 -0.595446 0.000000
v 1.095383 -0.594825 0.000000
v 0.474030 -0.601138 0.000000
v 0.480631 -0.600493 0.000000
v 0.480109 -0.605009 0.051199
v 0.470941 -0.605368 0.000000
v 0.490060 -0.600350 0.000000
v 0.490006 -0.604971 0.060646
v 0.500046 -0.600081 0.000000
v 0.500003 -0.604937 0.062552
v 0.510033 -0.604743 0.065909
v 0.520004 -0.604708 0.078150
v 0.530000 -0.604706 0.083128
v 0.540000 -0.604704 0.084168
v 0.550001 -0.604690 0.085601
v 0.560000 -0.604688 0.090945
v 0.570000 -0.604688 0.096968
v 0.580000 -0.604688 0.102934
v 0.590000 -0.604688 0.109206
v 0.600000 -0.604688 0.115612
v 0.610000 -0.604688 0.121326
v 0.620000 -0.604688 0.123873
v 0.630000 -0.604688 0.121710
v 0.640000 -0.604688 0.118710
v 0.650000 -0.604688 0.116406
v 0.660000 -0.604688 0.114827
v 0.670000 -0.604688 0.113114
v 0.680000 -0.604688 0.110422
v 0.690000 -0.604688 0.108123
v 0.700000 -0.604688 0.106793
v 0.710000 -0.604688 0.105646
v 0.720000 -0.604688 0.103173
v 0.730000 -0.604688 0.101490
v 0.740000 -0.604688 0.100955
v 0.750000 -0.604688 0.099957
v 0.760000 -0.604687 0.096301
v 0.770000 -0.604687 0.089910
v 0.779995 -0.604683 0.079668
v 0.789967 -0.604634 0.066086
v 0.799997 -0.604438 0.062684
v 0.810000 -0.604406 0.062232
v 0.820000 -0.604403 0.062201
v 0.830000 -0.604403 0.062200
v 0.840000 -0.604403 0.062195
v 0.850000 -0.604403 0.062078
v 0.859994 -0.604402 0.060614
v 0.869891 -0.604366 0.051198
v 0.879059 -0.604007 0.000000
v 0.885991 -0.601960 0.000000
v 0.464009 -0.607415 0.000000
v 0.470098 -0.611490 0.055371
v 0.460475 -0.611956 0.000000
v 0.480008 -0.611429 0.076597
v 0.490000 -0.611425 0.083006
v 0.500000 -0.611423 0.084158
v 0.510001 -0.611409 0.085517
v 0.520000 -0.611407 0.090185
v 0.530000 -0.611407 0.093318
v 0.540000 -0.611407 0.094201
v 0.550000 -0.611406 0.094978
v 0.560000 -0.611406 0.097776
v 0.570000 -0.611406 0.102272
v 0.580000 -0.611406 0.107107
v 0.590000 -0.611406 0.112369
v 0.600000 -0.611406 0.117768
v 0.610000 -0.611406 0.121874
v 0.620000 -0.611406 0.122349
v 0.630000 -0.611406 0.119844
v 0.640000 -0.611406 0.117195
v 0.650000 -0.611406 0.114897
v 0.660000 -0.611406 0.112669
v 0.670000 -0.611406 0.110354
v 0.680000 -0.611406 0.106804
v 0.690000 -0.611406 0.103364
v 0.700000 -0.611406 0.101398
v 0.710000 -0.611406 0.100132
v 0.720000 -0.611406 0.097353
v 0.730000 -0.611406 0.094931
v 0.740000 -0.611406 0.094193
v 0.750000 -0.611406 0.093222
v 0.760000 -0.611405 0.089088
v 0.769991 -0.611400 0.078033
v 0.779902 -0.611325 0.055539
v 0.789527 -0.610857 0.000000
v 0.799957 -0.609297 0.000000
v 0.809998 -0.609037 0.000000
v 0.820000 -0.609012 0.000000
v 0.830000 -0.609011 0.000000
v 0.840000 -0.609011 0.000000
v 0.849997 -0.609010 0.000000
v 0.859942 -0.608999 0.000000
v 0.869369 -0.608881 0.000000
v 0.875970 -0.608236 0.000000
v 0.433965 -0.614561 0.000000
v 0.440628 -0.613904 0.000000
v 0.440076 -0.618438 0.051600
v 0.430470 -0.618719 0.000000
v 0.450101 -0.613528 0.000000
v 0.450008 -0.618376 0.061118
v 0.460033 -0.618178 0.065959
v 0.470005 -0.618130 0.079582
v 0.480000 -0.618126 0.089209
v 0.490000 -0.618126 0.093227
v 0.500000 -0.618126 0.094194
v 0.510000 -0.618125 0.094932
v 0.520000 -0.618125 0.097353
v 0.530000 -0.618125 0.100087
v 0.540000 -0.618125 0.100976
v 0.550000 -0.618125 0.101528
v 0.560000 -0.618125 0.103413
v 0.570000 -0.618125 0.106999
v 0.580000 -0.618125 0.111212
v 0.590000 -0.618125 0.115503
v 0.600000 -0.618125 0.119180
v 0.610000 -0.618125 0.120661
v 0.620000 -0.618125 0.119082
v 0.630000 -0.618125 0.115917
v 0.640000 -0.618125 0.113158
v 0.650000 -0.618125 0.110877
v 0.660000 -0.618125 0.108284
v 0.670000 -0.618125 0.105867
v 0.680000 -0.618125 0.102076
v 0.690000 -0.618125 0.097752
v 0.700000 -0.618125 0.094874
v 0.710000 -0.618124 0.093398
v 0.720000 -0.618124 0.090189
v 0.729999 -0.618122 0.085517
v 0.740000 -0.618108 0.084158
v 0.750000 -0.618107 0.083005
v 0.759991 -0.618102 0.076577
v 0.769870 -0.618035 0.055001
v 0.779056 -0.617489 0.000000
v 0.785991 -0.615401 0.000000
v 0.394030 -0.621295 0.000000
v 0.400631 -0.620649 0.000000
v 0.400109 -0.625165 0.051198
v 0.390941 -0.625524 0.000000
v 0.410060 -0.620507 0.000000
v 0.410006 -0.625128 0.060646
v 0.420046 -0.620238 0.000000
v 0.420003 -0.625093 0.062552
v 0.430033 -0.624899 0.065909
v 0.440004 -0.624865 0.078160
v 0.450000 -0.624860 0.083288
v 0.460001 -0.624846 0.085513
v 0.470000 -0.624844 0.090880
v 0.480000 -0.624844 0.096392
v 0.490000 -0.624844 0.099964
v 0.500000 -0.624844 0.100967
v 0.510000 -0.624844 0.101513
v 0.520000 -0.624844 0.103225
v 0.530000 -0.624844 0.105727
v 0.540000 -0.624844 0.106675
v 0.550000 -0.624844 0.107143
v 0.560000 -0.624844 0.108545
v 0.570000 -0.624844 0.111333
v 0.580000 -0.624844 0.114678
v 0.590000 -0.624844 0.117342
v 0.600000 -0.624844 0.118409
v 0.610000 -0.624844 0.117460
v 0.620000 -0.624844 0.115049
v 0.630000 -0.624844 0.111507
v 0.640000 -0.624844 0.108418
v 0.650000 -0.624844 0.106074
v 0.660000 -0.624844 0.103130
v 0.670000 -0.624844 0.100439
v 0.680000 -0.624844 0.096446
v 0.690000 -0.624844 0.090883
v 0.699999 -0.624841 0.085513
v 0.710000 -0.624827 0.083288
v 0.719996 -0.624823 0.078160
v 0.729967 -0.624788 0.065909
v 0.739997 -0.624594 0.062551
v 0.749994 -0.624560 0.060646
v 0.759891 -0.624522 0.051198
v 0.769055 -0.624162 0.000000
v 0.775926 -0.622103 0.000000
v 0.384012 -0.627572 0.000000
v 0.390099 -0.631646 0.055348
v 0.380516 -0.632121 0.000000
v 0.400008 -0.631585 0.076596
v 0.410000 -0.631581 0.083006
v 0.420000 -0.631579 0.084158
v 0.430001 -0.631565 0.085517
v 0.440000 -0.631563 0.090190
v 0.450000 -0.631563 0.093398
v 0.460000 -0.631562 0.094874
v 0.470000 -0.631562 0.097751
v 0.480000 -0.631562 0.102044
v 0.490000 -0.631562 0.105532
v 0.500000 -0.631562 0.106665
v 0.510000 -0.631562 0.107146
v 0.520000 -0.631562 0.108470
v 0.530000 -0.631562 0.110645
v 0.540000 -0.631562 0.111716
v 0.550000 -0.631562 0.112156
v 0.560000 -0.631562 0.113044
v 0.570000 -0.631562 0.114413
v 0.580000 -0.631562 0.115674
v 0.590000 -0.631562 0.115974
v 0.600000 -0.631562 0.115127
v 0.610000 -0.631562 0.113087
v 0.620000 -0.631562 0.110610
v 0.630000 -0.631562 0.106921
v 0.640000 -0.631562 0.103284
v 0.650000 -0.631562 0.100567
v 0.660000 -0.631562 0.097293
v 0.670000 -0.631562 0.093939
v 0.680000 -0.631562 0.089292
v 0.689995 -0.631557 0.079587
v 0.699967 -0.631509 0.065960
v 0.709992 -0.631312 0.061118
v 0.719924 -0.631250 0.051600
v 0.729530 -0.630969 0.000000
v 0.739954 -0.629450 0.000000
v 0.749940 -0.629181 0.000000
v 0.759369 -0.629039 0.000000
v 0.765969 -0.628393 0.000000
v 0.363968 -0.634680 0.000000
v 0.370669 -0.633800 0.000000
v 0.370079 -0.638561 0.052053
v 0.360470 -0.638872 0.000000
v 0.380037 -0.638336 0.064521
v 0.390005 -0.638286 0.079465
v 0.400000 -0.638282 0.089205
v 0.410000 -0.638282 0.093227
v 0.420000 -0.638282 0.094193
v 0.430000 -0.638281 0.094932
v 0.440000 -0.638281 0.097356
v 0.450000 -0.638281 0.100139
v 0.460000 -0.638281 0.101412
v 0.470000 -0.638281 0.103399
v 0.480000 -0.638281 0.106897
v 0.490000 -0.638281 0.110328
v 0.500000 -0.638281 0.111786
v 0.510000 -0.638281 0.112306
v 0.520000 -0.638281 0.113306
v 0.530000 -0.638281 0.114969
v 0.540000 -0.638281 0.115707
v 0.550000 -0.638281 0.115799
v 0.560000 -0.638281 0.115599
v 0.570000 -0.638281 0.114403
v 0.580000 -0.638281 0.113026
v 0.590000 -0.638281 0.111970
v 0.600000 -0.638281 0.110674
v 0.610000 -0.638281 0.108297
v 0.620000 -0.638281 0.105884
v 0.630000 -0.638281 0.102077
v 0.640000 -0.638281 0.097651
v 0.650000 -0.638281 0.094067
v 0.660000 -0.638281 0.090175
v 0.669999 -0.638279 0.084436
v 0.679992 -0.638261 0.076762
v 0.689902 -0.638198 0.055381
v 0.699525 -0.637732 0.000000
v 0.709899 -0.636159 0.000000
v 0.719372 -0.635783 0.000000
v 0.726035 -0.635127 0.000000
v 0.284030 -0.641451 0.000000
v 0.290631 -0.640806 0.000000
v 0.290109 -0.645322 0.051198
v 0.280941 -0.645681 0.000000
v 0.300058 -0.640689 0.000000
v 0.300006 -0.645286 0.060614
v 0.310003 -0.640677 0.000000
v 0.310000 -0.645284 0.062078
v 0.320000 -0.640676 0.000000
v 0.320000 -0.645284 0.062195
v 0.330000 -0.640675 0.000000
v 0.330000 -0.645284 0.062201
v 0.340002 -0.640650 0.000000
v 0.340000 -0.645282 0.062232
v 0.350044 -0.640393 0.000000
v 0.350003 -0.645249 0.062674
v 0.360033 -0.645055 0.065924
v 0.370004 -0.645019 0.078320
v 0.380001 -0.645003 0.084633
v 0.390000 -0.645000 0.090795
v 0.400000 -0.645000 0.096387
v 0.410000 -0.645000 0.099964
v 0.420000 -0.645000 0.100967
v 0.430000 -0.645000 0.101513
v 0.440000 -0.645000 0.103228
v 0.450000 -0.645000 0.105766
v 0.460000 -0.645000 0.107003
v 0.470000 -0.645000 0.108567
v 0.480000 -0.645000 0.111477
v 0.490000 -0.645000 0.114785
v 0.500000 -0.645000 0.116519
v 0.510000 -0.645000 0.116926
v 0.520000 -0.645000 0.117118
v 0.530000 -0.645000 0.117336
v 0.540000 -0.645000 0.116539
v 0.550000 -0.645000 0.115637
v 0.560000 -0.645000 0.114201
v 0.570000 -0.645000 0.111270
v 0.580000 -0.645000 0.108528
v 0.590000 -0.645000 0.106996
v 0.600000 -0.645000 0.105757
v 0.610000 -0.645000 0.103094
v 0.620000 -0.645000 0.100437
v 0.630000 -0.645000 0.096442
v 0.640000 -0.645000 0.090799
v 0.649999 -0.644997 0.084629
v 0.659996 -0.644981 0.078198
v 0.669962 -0.644943 0.064345
v 0.679888 -0.644713 0.051672
v 0.689059 -0.644322 0.000000
v 0.695991 -0.642273 0.000000
v 0.274009 -0.647727 0.000000
v 0.280098 -0.651802 0.055371
v 0.270475 -0.652268 0.000000
v 0.290008 -0.651741 0.076596
v 0.300000 -0.651737 0.082996
v 0.310000 -0.651737 0.083992
v 0.320000 -0.651737 0.084082
v 0.330000 -0.651737 0.084087
v 0.340000 -0.651737 0.084097
v 0.350000 -0.651735 0.084252
v 0.360001 -0.651721 0.085527
v 0.370000 -0.651719 0.090270
v 0.380000 -0.651719 0.094072
v 0.390000 -0.651719 0.097648
v 0.400000 -0.651719 0.102037
v 0.410000 -0.651719 0.105532
v 0.420000 -0.651719 0.106665
v 0.430000 -0.651719 0.107147
v 0.440000 -0.651719 0.108480
v 0.450000 -0.651719 0.110707
v 0.460000 -0.651719 0.112067
v 0.470000 -0.651719 0.113384
v 0.480000 -0.651719 0.115716
v 0.490000 -0.651719 0.118503
v 0.500000 -0.651719 0.120044
v 0.510000 -0.651719 0.119683
v 0.520000 -0.651719 0.117870
v 0.530000 -0.651719 0.115487
v 0.540000 -0.651719 0.113272
v 0.550000 -0.651719 0.111905
v 0.560000 -0.651719 0.110291
v 0.570000 -0.651719 0.106882
v 0.580000 -0.651719 0.103397
v 0.590000 -0.651719 0.101411
v 0.600000 -0.651719 0.100132
v 0.610000 -0.651719 0.097241
v 0.620000 -0.651719 0.093936
v 0.630000 -0.651718 0.089287
v 0.639995 -0.651714 0.079470
v 0.649963 -0.651664 0.064521
v 0.659920 -0.651438 0.052030
v 0.669486 -0.651118 0.000000
v 0.679326 -0.649478 0.000000
v 0.685966 -0.648588 0.000000
v 0.243965 -0.654873 0.000000
v 0.250628 -0.654217 0.000000
v 0.250076 -0.658750 0.051600
v 0.240470 -0.659031 0.000000
v 0.260101 -0.653841 0.000000
v 0.260008 -0.658688 0.061118
v 0.270033 -0.658491 0.065959
v 0.280005 -0.658442 0.079582
v 0.290000 -0.658438 0.089209
v 0.300000 -0.658438 0.093222
v 0.310000 -0.658438 0.094111
v 0.320000 -0.658438 0.094218
v 0.330000 -0.658438 0.094226
v 0.340000 -0.658438 0.094231
v 0.350000 -0.658438 0.094309
v 0.360000 -0.658437 0.094943
v 0.370000 -0.658437 0.097408
v 0.380000 -0.658437 0.100575
v 0.390000 -0.658437 0.103283
v 0.400000 -0.658437 0.106890
v 0.410000 -0.658437 0.110331
v 0.420000 -0.658437 0.111793
v 0.430000 -0.658437 0.112331
v 0.440000 -0.658437 0.113430
v 0.450000 -0.658437 0.115341
v 0.460000 -0.658437 0.116643
v 0.470000 -0.658437 0.117344
v 0.480000 -0.658437 0.118498
v 0.490000 -0.658437 0.119808
v 0.500000 -0.658437 0.120052
v 0.510000 -0.658437 0.118428
v 0.520000 -0.658437 0.115204
v 0.530000 -0.658437 0.111519
v 0.540000 -0.658437 0.108563
v 0.550000 -0.658437 0.106977
v 0.560000 -0.658437 0.105566
v 0.570000 -0.658437 0.102046
v 0.580000 -0.658437 0.097751
v 0.590000 -0.658437 0.094874
v 0.600000 -0.658437 0.093394
v 0.610000 -0.658437 0.090095
v 0.619999 -0.658435 0.084431
v 0.629992 -0.658417 0.076761
v 0.639901 -0.658354 0.055359
v 0.649484 -0.657879 0.000000
v 0.659331 -0.656200 0.000000
v 0.666028 -0.655320 0.000000
v 0.024589 -0.661598 0.000000
v 0.030094 -0.661090 0.000000
v 0.030382 -0.665494 0.037688
v 0.023748 -0.665641 0.000000
v 0.036130 -0.661611 0.000000
v 0.039562 -0.665732 0.000000
v 0.063965 -0.661593 0.000000
v 0.070626 -0.660961 0.000000
v 0.070076 -0.665471 0.051551
v 0.060469 -0.665730 0.000000
v 0.080058 -0.660845 0.000000
v 0.080005 -0.665442 0.060615
v 0.090003 -0.660833 0.000000
v 0.090000 -0.665440 0.062069
v 0.100000 -0.660833 0.000000
v 0.100000 -0.665440 0.062193
v 0.110000 -0.660833 0.000000
v 0.110000 -0.665440 0.062199
v 0.120000 -0.660833 0.000000
v 0.120000 -0.665440 0.062200
v 0.130000 -0.660833 0.000000
v 0.130000 -0.665440 0.062200
v 0.140000 -0.660833 0.000000
v 0.140000 -0.665440 0.062200
v 0.150000 -0.660833 0.000000
v 0.150000 -0.665440 0.062200
v 0.160000 -0.660833 0.000000
v 0.160000 -0.665440 0.062200
v 0.170000 -0.660833 0.000000
v 0.170000 -0.665440 0.062200
v 0.180000 -0.660833 0.000000
v 0.180000 -0.665440 0.062200
v 0.190000 -0.660833 0.000000
v 0.190000 -0.665440 0.062200
v 0.200000 -0.660833 0.000000
v 0.200000 -0.665440 0.062200
v 0.210000 -0.660832 0.000000
v 0.210000 -0.665440 0.062201
v 0.220002 -0.660807 0.000000
v 0.220000 -0.665438 0.062232
v 0.230043 -0.660550 0.000000
v 0.230003 -0.665406 0.062674
v 0.240033 -0.665212 0.065914
v 0.250004 -0.665177 0.078160
v 0.260000 -0.665173 0.083288
v 0.270001 -0.665159 0.085513
v 0.280000 -0.665156 0.090880
v 0.290000 -0.665156 0.096392
v 0.300000 -0.665156 0.099961
v 0.310000 -0.665156 0.100912
v 0.320000 -0.665156 0.101037
v 0.330000 -0.665156 0.101046
v 0.340000 -0.665156 0.101049
v 0.350000 -0.665156 0.101100
v 0.360000 -0.665156 0.101524
v 0.370000 -0.665156 0.103266
v 0.380000 -0.665156 0.106088
v 0.390000 -0.665156 0.108421
v 0.400000 -0.665156 0.111480
v 0.410000 -0.665156 0.114832
v 0.420000 -0.665156 0.116608
v 0.430000 -0.665156 0.117181
v 0.440000 -0.665156 0.118030
v 0.450000 -0.665156 0.119309
v 0.460000 -0.665156 0.119567
v 0.470000 -0.665156 0.118465
v 0.480000 -0.665156 0.117383
v 0.490000 -0.665156 0.116965
v 0.500000 -0.665156 0.116519
v 0.510000 -0.665156 0.114743
v 0.520000 -0.665156 0.111130
v 0.530000 -0.665156 0.107003
v 0.540000 -0.665156 0.103406
v 0.550000 -0.665156 0.101403
v 0.560000 -0.665156 0.100016
v 0.570000 -0.665156 0.096395
v 0.580000 -0.665156 0.090880
v 0.589999 -0.665154 0.085513
v 0.600000 -0.665140 0.083283
v 0.609996 -0.665135 0.078038
v 0.619962 -0.665099 0.064335
v 0.629888 -0.664869 0.051672
v 0.639059 -0.664478 0.000000
v 0.645988 -0.662428 0.000000
v 0.030424 -0.671893 0.055740
v 0.023602 -0.671879 0.000000
v 0.039995 -0.671928 0.061378
v 0.050001 -0.666986 0.000000
v 0.050001 -0.672089 0.062090
v 0.060033 -0.671928 0.065532
v 0.070004 -0.671896 0.077817
v 0.080000 -0.671893 0.082832
v 0.090000 -0.671893 0.083848
v 0.100000 -0.671893 0.084037
v 0.110000 -0.671893 0.084066
v 0.120000 -0.671893 0.084077
v 0.130000 -0.671893 0.084085
v 0.140000 -0.671893 0.084086
v 0.150000 -0.671893 0.084087
v 0.160000 -0.671893 0.084087
v 0.170000 -0.671893 0.084087
v 0.180000 -0.671893 0.084087
v 0.190000 -0.671893 0.084087
v 0.200000 -0.671893 0.084087
v 0.210000 -0.671893 0.084087
v 0.220000 -0.671893 0.084097
v 0.230000 -0.671892 0.084252
v 0.240001 -0.671878 0.085522
v 0.250000 -0.671876 0.090190
v 0.260000 -0.671876 0.093398
v 0.270000 -0.671875 0.094875
v 0.280000 -0.671875 0.097751
v 0.290000 -0.671875 0.102044
v 0.300000 -0.671875 0.105530
v 0.310000 -0.671875 0.106625
v 0.320000 -0.671875 0.106793
v 0.330000 -0.671875 0.106807
v 0.340000 -0.671875 0.106810
v 0.350000 -0.671875 0.106848
v 0.360000 -0.671875 0.107164
v 0.370000 -0.671875 0.108511
v 0.380000 -0.671875 0.110963
v 0.390000 -0.671875 0.113215
v 0.400000 -0.671875 0.115876
v 0.410000 -0.671875 0.118907
v 0.420000 -0.671875 0.120689
v 0.430000 -0.671875 0.120992
v 0.440000 -0.671875 0.121195
v 0.450000 -0.671875 0.120872
v 0.460000 -0.671875 0.118725
v 0.470000 -0.671875 0.115748
v 0.480000 -0.671875 0.113415
v 0.490000 -0.671875 0.112315
v 0.500000 -0.671875 0.111786
v 0.510000 -0.671875 0.110310
v 0.520000 -0.671875 0.106701
v 0.530000 -0.671875 0.102226
v 0.540000 -0.671875 0.097766
v 0.550000 -0.671875 0.094870
v 0.560000 -0.671874 0.093308
v 0.570000 -0.671874 0.089215
v 0.579995 -0.671870 0.079582
v 0.589967 -0.671822 0.065959
v 0.599992 -0.671624 0.061118
v 0.609922 -0.671562 0.051577
v 0.619486 -0.671272 0.000000
v 0.629326 -0.669634 0.000000
v 0.635966 -0.668744 0.000000
v 0.030479 -0.678519 0.050774
v 0.023759 -0.678172 0.000000
v 0.040032 -0.678576 0.071221
v 0.050002 -0.678606 0.077427
v 0.060001 -0.678596 0.081892
v 0.070000 -0.678594 0.087292
v 0.080000 -0.678594 0.090961
v 0.090000 -0.678594 0.092781
v 0.100000 -0.678594 0.093659
v 0.110000 -0.678594 0.093923
v 0.120000 -0.678594 0.094075
v 0.130000 -0.678594 0.094184
v 0.140000 -0.678594 0.094212
v 0.150000 -0.678594 0.094218
v 0.160000 -0.678594 0.094223
v 0.170000 -0.678594 0.094225
v 0.180000 -0.678594 0.094226
v 0.190000 -0.678594 0.094226
v 0.200000 -0.678594 0.094226
v 0.210000 -0.678594 0.094226
v 0.220000 -0.678594 0.094231
v 0.230000 -0.678594 0.094308
v 0.240000 -0.678594 0.094939
v 0.250000 -0.678594 0.097356
v 0.260000 -0.678594 0.100139
v 0.270000 -0.678594 0.101412
v 0.280000 -0.678594 0.103399
v 0.290000 -0.678594 0.106898
v 0.300000 -0.678594 0.110330
v 0.310000 -0.678594 0.111766
v 0.320000 -0.678594 0.112057
v 0.330000 -0.678594 0.112089
v 0.340000 -0.678594 0.112092
v 0.350000 -0.678594 0.112122
v 0.360000 -0.678594 0.112370
v 0.370000 -0.678594 0.113458
v 0.380000 -0.678594 0.115559
v 0.390000 -0.678594 0.117641
v 0.400000 -0.678594 0.119618
v 0.410000 -0.678594 0.121594
v 0.420000 -0.678594 0.122253
v 0.430000 -0.678594 0.121450
v 0.440000 -0.678594 0.120537
v 0.450000 -0.678594 0.118731
v 0.460000 -0.678594 0.115352
v 0.470000 -0.678594 0.111549
v 0.480000 -0.678594 0.108584
v 0.490000 -0.678594 0.107154
v 0.500000 -0.678594 0.106665
v 0.510000 -0.678594 0.105524
v 0.520000 -0.678594 0.101921
v 0.530000 -0.678594 0.096797
v 0.540000 -0.678594 0.090925
v 0.549999 -0.678591 0.085511
v 0.560000 -0.678577 0.083166
v 0.569992 -0.678571 0.076607
v 0.579902 -0.678510 0.055371
v 0.589525 -0.678044 0.000000
v 0.599899 -0.676472 0.000000
v 0.609371 -0.676096 0.000000
v 0.616031 -0.675438 0.000000
v 0.031012 -0.684636 0.000000
v 0.024718 -0.682601 0.000000
v 0.040115 -0.685026 0.051065
v 0.050038 -0.685256 0.063467
v 0.060004 -0.685293 0.076843
v 0.070001 -0.685310 0.083397
v 0.080000 -0.685312 0.089547
v 0.090000 -0.685313 0.094368
v 0.100000 -0.685313 0.097313
v 0.110000 -0.685313 0.098638
v 0.120000 -0.685313 0.099723
v 0.130000 -0.685313 0.100548
v 0.140000 -0.685313 0.100837
v 0.150000 -0.685313 0.100917
v 0.160000 -0.685313 0.100990
v 0.170000 -0.685313 0.101028
v 0.180000 -0.685313 0.101041
v 0.190000 -0.685313 0.101045
v 0.200000 -0.685313 0.101045
v 0.210000 -0.685313 0.101046
v 0.220000 -0.685313 0.101049
v 0.230000 -0.685313 0.101100
v 0.240000 -0.685313 0.101522
v 0.250000 -0.685313 0.103228
v 0.260000 -0.685313 0.105767
v 0.270000 -0.685313 0.107005
v 0.280000 -0.685313 0.108573
v 0.290000 -0.685313 0.111499
v 0.300000 -0.685313 0.114854
v 0.310000 -0.685313 0.116663
v 0.320000 -0.685313 0.117085
v 0.330000 -0.685313 0.117129
v 0.340000 -0.685313 0.117127
v 0.350000 -0.685313 0.117137
v 0.360000 -0.685313 0.117286
v 0.370000 -0.685313 0.118079
v 0.380000 -0.685313 0.119514
v 0.390000 -0.685313 0.120524
v 0.400000 -0.685313 0.120810
v 0.410000 -0.685313 0.120719
v 0.420000 -0.685313 0.119711
v 0.430000 -0.685313 0.118054
v 0.440000 -0.685313 0.116773
v 0.450000 -0.685313 0.114804
v 0.460000 -0.685313 0.111145
v 0.470000 -0.685313 0.107005
v 0.480000 -0.685313 0.103414
v 0.490000 -0.685313 0.101528
v 0.500000 -0.685313 0.100967
v 0.510000 -0.685313 0.099959
v 0.520000 -0.685313 0.096301
v 0.530000 -0.685312 0.089910
v 0.539995 -0.685308 0.079663
v 0.549967 -0.685259 0.065964
v 0.559991 -0.685061 0.061099
v 0.569891 -0.684993 0.051230
v 0.579059 -0.684632 0.000000
v 0.585991 -0.682585 0.000000
v 0.040674 -0.689790 0.000000
v 0.034039 -0.688901 0.000000
v 0.050514 -0.691431 0.000000
v 0.060080 -0.691751 0.051892
v 0.070037 -0.691977 0.064390
v 0.080005 -0.692026 0.079342
v 0.090000 -0.692031 0.089041
v 0.100000 -0.692031 0.093552
v 0.110000 -0.692031 0.096833
v 0.120000 -0.692031 0.100565
v 0.130000 -0.692031 0.103658
v 0.140000 -0.692031 0.105100
v 0.150000 -0.692031 0.105677
v 0.160000 -0.692031 0.106233
v 0.170000 -0.692031 0.106570
v 0.180000 -0.692031 0.106726
v 0.190000 -0.692031 0.106779
v 0.200000 -0.692031 0.106790
v 0.210000 -0.692031 0.106795
v 0.220000 -0.692031 0.106800
v 0.230000 -0.692031 0.106840
v 0.240000 -0.692031 0.107158
v 0.250000 -0.692031 0.108481
v 0.260000 -0.692031 0.110711
v 0.270000 -0.692031 0.112095
v 0.280000 -0.692031 0.113491
v 0.290000 -0.692031 0.115995
v 0.300000 -0.692031 0.119186
v 0.310000 -0.692031 0.121408
v 0.320000 -0.692031 0.121972
v 0.330000 -0.692031 0.121956
v 0.340000 -0.692031 0.121866
v 0.350000 -0.692031 0.121731
v 0.360000 -0.692031 0.121450
v 0.370000 -0.692031 0.121396
v 0.380000 -0.692031 0.121072
v 0.390000 -0.692031 0.119546
v 0.400000 -0.692031 0.117965
v 0.410000 -0.692031 0.116858
v 0.420000 -0.692031 0.115394
v 0.430000 -0.692031 0.113405
v 0.440000 -0.692031 0.112040
v 0.450000 -0.692031 0.110342
v 0.460000 -0.692031 0.106704
v 0.470000 -0.692031 0.102226
v 0.480000 -0.692031 0.097773
v 0.490000 -0.692031 0.094978
v 0.500000 -0.692031 0.094196
v 0.510000 -0.692031 0.093223
v 0.520000 -0.692030 0.089088
v 0.529991 -0.692025 0.078033
v 0.539902 -0.691950 0.055538
v 0.549525 -0.691482 0.000000
v 0.559898 -0.689909 0.000000
v 0.569367 -0.689532 0.000000
v 0.575969 -0.688863 0.000000
v 0.060669 -0.696512 0.000000
v 0.053972 -0.695632 0.000000
v 0.070516 -0.698192 0.000000
v 0.080099 -0.698666 0.055351
v 0.090008 -0.698730 0.076750
v 0.100001 -0.698747 0.084483
v 0.110000 -0.698750 0.090754
v 0.120000 -0.698750 0.096593
v 0.130000 -0.698750 0.101483
v 0.140000 -0.698750 0.104733
v 0.150000 -0.698750 0.106657
v 0.160000 -0.698750 0.108756
v 0.170000 -0.698750 0.110329
v 0.180000 -0.698750 0.111307
v 0.190000 -0.698750 0.111708
v 0.200000 -0.698750 0.111816
v 0.210000 -0.698750 0.111884
v 0.220000 -0.698750 0.111930
v 0.230000 -0.698750 0.111992
v 0.240000 -0.698750 0.112299
v 0.250000 -0.698750 0.113425
v 0.260000 -0.698750 0.115413
v 0.270000 -0.698750 0.116965
v 0.280000 -0.698750 0.118262
v 0.290000 -0.698750 0.120425
v 0.300000 -0.698750 0.123386
v 0.310000 -0.698750 0.125882
v 0.320000 -0.698750 0.126425
v 0.330000 -0.698750 0.125870
v 0.340000 -0.698750 0.125180
v 0.350000 -0.698750 0.124379
v 0.360000 -0.698750 0.122903
v 0.370000 -0.698750 0.121218
v 0.380000 -0.698750 0.118965
v 0.390000 -0.698750 0.115907
v 0.400000 -0.698750 0.113467
v 0.410000 -0.698750 0.112087
v 0.420000 -0.698750 0.110710
v 0.430000 -0.698750 0.108467
v 0.440000 -0.698750 0.106979
v 0.450000 -0.698750 0.105561
v 0.460000 -0.698750 0.101923
v 0.470000 -0.698750 0.096798
v 0.480000 -0.698750 0.090930
v 0.489999 -0.698748 0.085601
v 0.500000 -0.698734 0.084163
v 0.510000 -0.698732 0.083006
v 0.519991 -0.698727 0.076577
v 0.529869 -0.698660 0.055001
v 0.539056 -0.698114 0.000000
v 0.545991 -0.696026 0.000000
v 0.080941 -0.704791 0.000000
v 0.074012 -0.702741 0.000000
v 0.090112 -0.705182 0.051682
v 0.100038 -0.705414 0.064505
v 0.110005 -0.705464 0.079542
v 0.120000 -0.705469 0.089895
v 0.130000 -0.705469 0.096316
v 0.140000 -0.705469 0.100315
v 0.150000 -0.705469 0.103066
v 0.160000 -0.705469 0.106568
v 0.170000 -0.705469 0.110084
v 0.180000 -0.705469 0.113003
v 0.190000 -0.705469 0.114383
v 0.200000 -0.705469 0.114921
v 0.210000 -0.705469 0.115404
v 0.220000 -0.705469 0.115739
v 0.230000 -0.705469 0.116033
v 0.240000 -0.705469 0.116660
v 0.250000 -0.705469 0.117957
v 0.260000 -0.705469 0.119857
v 0.270000 -0.705469 0.121501
v 0.280000 -0.705469 0.122604
v 0.290000 -0.705469 0.124226
v 0.300000 -0.705469 0.126525
v 0.310000 -0.705469 0.128627
v 0.320000 -0.705469 0.128627
v 0.330000 -0.705469 0.126522
v 0.340000 -0.705469 0.124171
v 0.350000 -0.705469 0.122192
v 0.360000 -0.705469 0.119986
v 0.370000 -0.705469 0.117700
v 0.380000 -0.705469 0.115055
v 0.390000 -0.705469 0.111518
v 0.400000 -0.705469 0.108574
v 0.410000 -0.705469 0.107004
v 0.420000 -0.705469 0.105766
v 0.430000 -0.705469 0.103219
v 0.440000 -0.705469 0.101388
v 0.450000 -0.705469 0.100010
v 0.460000 -0.705469 0.096305
v 0.470000 -0.705469 0.089910
v 0.479995 -0.705464 0.079668
v 0.489967 -0.705416 0.066081
v 0.499997 -0.705220 0.062562
v 0.509994 -0.705185 0.060646
v 0.519891 -0.705147 0.051198
v 0.529055 -0.704787 0.000000
v 0.535926 -0.702728 0.000000
v 0.090674 -0.709949 0.000000
v 0.084034 -0.709057 0.000000
v 0.100516 -0.711629 0.000000
v 0.110100 -0.712106 0.055516
v 0.120009 -0.712181 0.078038
v 0.130000 -0.712187 0.089171
v 0.140000 -0.712188 0.093968
v 0.150000 -0.712188 0.097644
v 0.160000 -0.712188 0.102184
v 0.170000 -0.712188 0.106583
v 0.180000 -0.712188 0.110119
v 0.190000 -0.712188 0.111715
v 0.200000 -0.712188 0.112880
v 0.210000 -0.712188 0.114495
v 0.220000 -0.712188 0.115672
v 0.230000 -0.712188 0.116714
v 0.240000 -0.712188 0.118430
v 0.250000 -0.712188 0.120664
v 0.260000 -0.712188 0.122730
v 0.270000 -0.712188 0.124181
v 0.280000 -0.712188 0.124752
v 0.290000 -0.712188 0.125232
v 0.300000 -0.712188 0.125874
v 0.310000 -0.712188 0.126425
v 0.320000 -0.712188 0.125882
v 0.330000 -0.712188 0.123383
v 0.340000 -0.712188 0.120381
v 0.350000 -0.712188 0.117914
v 0.360000 -0.712188 0.115592
v 0.370000 -0.712188 0.113142
v 0.380000 -0.712188 0.110613
v 0.390000 -0.712188 0.106930
v 0.400000 -0.712188 0.103401
v 0.410000 -0.712188 0.101412
v 0.420000 -0.712188 0.100139
v 0.430000 -0.712188 0.097349
v 0.440000 -0.712187 0.094824
v 0.450000 -0.712187 0.093300
v 0.460000 -0.712187 0.089093
v 0.469991 -0.712181 0.078033
v 0.479902 -0.712106 0.055539
v 0.489527 -0.711639 0.000000
v 0.499954 -0.710077 0.000000
v 0.509940 -0.709806 0.000000
v 0.519369 -0.709664 0.000000
v 0.525969 -0.709018 0.000000
v 0.110944 -0.718270 0.000000
v 0.104012 -0.716181 0.000000
v 0.120130 -0.718816 0.055011
v 0.130009 -0.718885 0.076747
v 0.140001 -0.718904 0.084514
v 0.150000 -0.718906 0.090835
v 0.160000 -0.718906 0.096791
v 0.170000 -0.718906 0.101916
v 0.180000 -0.718906 0.105546
v 0.190000 -0.718906 0.106955
v 0.200000 -0.718906 0.108418
v 0.210000 -0.718906 0.110608
v 0.220000 -0.718906 0.111942
v 0.230000 -0.718906 0.113304
v 0.240000 -0.718906 0.115727
v 0.250000 -0.718906 0.118732
v 0.260000 -0.718906 0.120812
v 0.270000 -0.718906 0.121628
v 0.280000 -0.718906 0.121805
v 0.290000 -0.718906 0.121876
v 0.300000 -0.718906 0.121957
v 0.310000 -0.718906 0.121972
v 0.320000 -0.718906 0.121408
v 0.330000 -0.718906 0.119184
v 0.340000 -0.718906 0.115966
v 0.350000 -0.718906 0.113238
v 0.360000 -0.718906 0.110952
v 0.370000 -0.718906 0.108328
v 0.380000 -0.718906 0.105886
v 0.390000 -0.718906 0.102084
v 0.400000 -0.718906 0.097754
v 0.410000 -0.718906 0.094875
v 0.420000 -0.718906 0.093398
v 0.430000 -0.718906 0.090185
v 0.439999 -0.718904 0.085427
v 0.450000 -0.718890 0.083161
v 0.459991 -0.718884 0.076587
v 0.469869 -0.718816 0.055001
v 0.479056 -0.718271 0.000000
v 0.485991 -0.716182 0.000000
v 0.120945 -0.724946 0.000000
v 0.114074 -0.722884 0.000000
v 0.130112 -0.725338 0.051681
v 0.140038 -0.725570 0.064507
v 0.150005 -0.725620 0.079546
v 0.160000 -0.725625 0.089905
v 0.170000 -0.725625 0.096304
v 0.180000 -0.725625 0.100010
v 0.190000 -0.725625 0.101387
v 0.200000 -0.725625 0.103217
v 0.210000 -0.725625 0.105760
v 0.220000 -0.725625 0.106995
v 0.230000 -0.725625 0.108561
v 0.240000 -0.725625 0.111479
v 0.250000 -0.725625 0.114811
v 0.260000 -0.725625 0.116598
v 0.270000 -0.725625 0.117057
v 0.280000 -0.725625 0.117118
v 0.290000 -0.725625 0.117126
v 0.300000 -0.725625 0.117128
v 0.310000 -0.725625 0.117085
v 0.320000 -0.725625 0.116663
v 0.330000 -0.725625 0.114853
v 0.340000 -0.725625 0.111485
v 0.350000 -0.725625 0.108422
v 0.360000 -0.725625 0.106079
v 0.370000 -0.725625 0.103132
v 0.380000 -0.725625 0.100439
v 0.390000 -0.725625 0.096446
v 0.400000 -0.725625 0.090883
v 0.409999 -0.725623 0.085513
v 0.420000 -0.725608 0.083288
v 0.429996 -0.725604 0.078155
v 0.439967 -0.725569 0.065792
v 0.449991 -0.725374 0.061088
v 0.459891 -0.725306 0.051228
v 0.469055 -0.724944 0.000000
v 0.475926 -0.722884 0.000000
v 0.130674 -0.730105 0.000000
v 0.124034 -0.729213 0.000000
v 0.140516 -0.731786 0.000000
v 0.150100 -0.732262 0.055516
v 0.160009 -0.732337 0.078033
v 0.170000 -0.732343 0.089093
v 0.180000 -0.732343 0.093300
v 0.190000 -0.732344 0.094824
v 0.200000 -0.732344 0.097349
v 0.210000 -0.732344 0.100139
v 0.220000 -0.732344 0.101412
v 0.230000 -0.732344 0.103399
v 0.240000 -0.732344 0.106897
v 0.250000 -0.732344 0.110328
v 0.260000 -0.732344 0.111762
v 0.270000 -0.732344 0.112056
v 0.280000 -0.732344 0.112088
v 0.290000 -0.732344 0.112090
v 0.300000 -0.732344 0.112089
v 0.310000 -0.732344 0.112057
v 0.320000 -0.732344 0.111766
v 0.330000 -0.732344 0.110330
v 0.340000 -0.732344 0.106890
v 0.350000 -0.732344 0.103283
v 0.360000 -0.732344 0.100568
v 0.370000 -0.732344 0.097293
v 0.380000 -0.732344 0.093939
v 0.390000 -0.732343 0.089292
v 0.399995 -0.732339 0.079587
v 0.409967 -0.732290 0.065960
v 0.419992 -0.732093 0.061118
v 0.429924 -0.732031 0.051600
v 0.439527 -0.731749 0.000000
v 0.449898 -0.730219 0.000000
v 0.459367 -0.729845 0.000000
v 0.465969 -0.729176 0.000000
v 0.150944 -0.738427 0.000000
v 0.144012 -0.736338 0.000000
v 0.160130 -0.738973 0.055001
v 0.170009 -0.739040 0.076587
v 0.180000 -0.739046 0.083161
v 0.190001 -0.739060 0.085427
v 0.200000 -0.739062 0.090185
v 0.210000 -0.739062 0.093398
v 0.220000 -0.739062 0.094875
v 0.230000 -0.739062 0.097751
v 0.240000 -0.739062 0.102044
v 0.250000 -0.739062 0.105530
v 0.260000 -0.739062 0.106625
v 0.270000 -0.739063 0.106793
v 0.280000 -0.739062 0.106807
v 0.290000 -0.739062 0.106808
v 0.300000 -0.739062 0.106807
v 0.310000 -0.739062 0.106793
v 0.320000 -0.739062 0.106625
v 0.330000 -0.739062 0.105530
v 0.340000 -0.739062 0.102037
v 0.350000 -0.739063 0.097648
v 0.360000 -0.739062 0.094067
v 0.370000 -0.739062 0.090175
v 0.379999 -0.739060 0.084436
v 0.389992 -0.739042 0.076762
v 0.399902 -0.738979 0.055381
v 0.409525 -0.738513 0.000000
v 0.419899 -0.736940 0.000000
v 0.429372 -0.736565 0.000000
v 0.436035 -0.735908 0.000000
v 0.160945 -0.745100 0.000000
v 0.154074 -0.743041 0.000000
v 0.170109 -0.745462 0.051228
v 0.180009 -0.745530 0.061088
v 0.190033 -0.745726 0.065792
v 0.200004 -0.745760 0.078155
v 0.210000 -0.745765 0.083288
v 0.220001 -0.745779 0.085513
v 0.230000 -0.745781 0.090880
v 0.240000 -0.745781 0.096392
v 0.250000 -0.745781 0.099961
v 0.260000 -0.745781 0.100912
v 0.270000 -0.745781 0.101037
v 0.280000 -0.745781 0.101046
v 0.290000 -0.745781 0.101046
v 0.300000 -0.745781 0.101046
v 0.310000 -0.745781 0.101037
v 0.320000 -0.745781 0.100912
v 0.330000 -0.745781 0.099961
v 0.340000 -0.745781 0.096387
v 0.350000 -0.745781 0.090795
v 0.359999 -0.745779 0.084629
v 0.369996 -0.745762 0.078198
v 0.379962 -0.745724 0.064345
v 0.389888 -0.745494 0.051672
v 0.399059 -0.745103 0.000000
v 0.405991 -0.743054 0.000000
v 0.170633 -0.750001 0.000000
v 0.164031 -0.749332 0.000000
v 0.180102 -0.750376 0.000000
v 0.190473 -0.751906 0.000000
v 0.200076 -0.752187 0.051600
v 0.210008 -0.752249 0.061118
v 0.220033 -0.752447 0.065959
v 0.230005 -0.752495 0.079582
v 0.240000 -0.752499 0.089209
v 0.250000 -0.752499 0.093222
v 0.260000 -0.752499 0.094111
v 0.270000 -0.752499 0.094218
v 0.280000 -0.752499 0.094226
v 0.290000 -0.752499 0.094226
v 0.300000 -0.752499 0.094226
v 0.310000 -0.752499 0.094218
v 0.320000 -0.752499 0.094111
v 0.330000 -0.752499 0.093222
v 0.340000 -0.752499 0.089204
v 0.349995 -0.752495 0.079465
v 0.359963 -0.752445 0.064521
v 0.369920 -0.752219 0.052030
v 0.379486 -0.751900 0.000000
v 0.389326 -0.750259 0.000000
v 0.395966 -0.749369 0.000000
v 0.200628 -0.756721 0.000000
v 0.193965 -0.756064 0.000000
v 0.210102 -0.757097 0.000000
v 0.220475 -0.758669 0.000000
v 0.230098 -0.759135 0.055371
v 0.240008 -0.759196 0.076596
v 0.250000 -0.759200 0.082996
v 0.260000 -0.759200 0.083992
v 0.270000 -0.759200 0.084082
v 0.280000 -0.759200 0.084087
v 0.290000 -0.759200 0.084087
v 0.300000 -0.759200 0.084087
v 0.310000 -0.759200 0.084082
v 0.320000 -0.759200 0.083992
v 0.330000 -0.759200 0.082996
v 0.339992 -0.759196 0.076596
v 0.349901 -0.759135 0.055348
v 0.359484 -0.758660 0.000000
v 0.369331 -0.756981 0.000000
v 0.376028 -0.756101 0.000000
v 0.230941 -0.765257 0.000000
v 0.224009 -0.763210 0.000000
v 0.240109 -0.765616 0.051198
v 0.250006 -0.765651 0.060614
v 0.260000 -0.765653 0.062078
v 0.270000 -0.765653 0.062195
v 0.280000 -0.765653 0.062200
v 0.290000 -0.765653 0.062200
v 0.300000 -0.765653 0.062200
v 0.310000 -0.765653 0.062195
v 0.320000 -0.765653 0.062078
v 0.329994 -0.765651 0.060614
v 0.339891 -0.765616 0.051198
v 0.349059 -0.765257 0.000000
v 0.355988 -0.763209 0.000000
v 0.240631 -0.770131 0.000000
v 0.234030 -0.769486 0.000000
v 0.250058 -0.770249 0.000000
v 0.260003 -0.770260 0.000000
v 0.270000 -0.770261 0.000000
v 0.280000 -0.770261 0.000000
v 0.290000 -0.770261 0.000000
v 0.300000 -0.770261 0.000000
v 0.310000 -0.770261 0.000000
v 0.319997 -0.770260 0.000000
v 0.329942 -0.770249 0.000000
v 0.339369 -0.770131 0.000000
v 0.345970 -0.769486 0.000000
f 1798 1800 1799 1742
f 51 73 74 52
f 1265 1285 1286 1266
f 3038 3095 3096 3039
f 889 923 924 890
f 2185 2245 2246 2186
f 1834 1888 1889 1835
f 102 123 124 103
f 1780 1834 1835 1781
f 3500 3517 3518 3501
f 55 77 78 56
f 1771 1825 1826 1772
f 1772 1826 1827 1773
f 3296 3335 3336 3297
f 6 11 13 12
f 362 381 382 363
f 192 221 222 193
f 147 170 171 148
f 3016 3077 3078 3017
f 2 3 6 5
f 1874 1937 1938 1875
f 2561 2604 2605 2563
f 1202 1228 1229 1203
f 197 226 227 198
f 119 140 141 120
f 443 461 462 444
f 3376 3410 3411 3377
f 1764 1818 1819 1765
f 15 37 38 17
f 2826 2908 2907 2825
f 131 155 156 133
f 3328 3367 3368 3329
f 95 116 117 96
f 21 40 41 23
f 3517 3531 3532 3518
f 7 9 8 4
f 24 25 27 26
f 1978 2043 2044 1979
f 125 146 147 126
f 1777 1831 1832 1778
f 103 124 125 104
f 3508 3524 3523 3510
f 13 36 37 15
f 2429 2430 2432 2431
f 874 908 909 875
f 3516 3530 3531 3517
f 276 301 302 277
f 16 17 19 18
f 226 255 256 227
f 69 93 94 70
f 37 51 52 38
f 129 150 151 130
f 43 57 58 44
f 1795 1848 1849 1796
f 1826 1880 1881 1827
f 3471 3493 3494 3472
f 1362 1381 1382 1363
f 3436 3464 3463 3438
f 39 53 54 40
f 866 900 901 867
f 1852 1916 1917 1854
f 135 158 159 136
f 1804 1858 1859 1805
f 59 60 62 61
f 155 183 184 156
f 159 187 188 160
f 10 34 35 11
f 686 724 725 687
f 52 74 75 53
f 104 125 126 105
f 3425 3455 3456 3426
f 2067 2128 2129 2068
f 205 234 236 207
f 2609 2653 2654 2610
f 107 128 129 108
f 1851 1853 1852 1800
f 2665 2719 2720 2666
f 3041 3098 3099 3042
f 1476 1490 1491 1477
f 283 308 309 284
f 189 218 219 190
f 1769 1823 1824 1770
f 275 300 301 276
f 2395 2455 2456 2396
f 83 107 108 85
f 649 650 652 651
f 91 112 113 92
f 62 82 83 64
f 279 304 305 280
f 184 213 214 185
f 82 106 107 83
f 405 422 423 406
f 93 114 115 94
f 207 236 237 208
f 85 108 109 87
f 54 76 77 55
f 36 50 51 37
f 2698 2743 2744 2699
f 778 813 814 779
f 341 361 360 342
f 473 489 490 474
f 1932 1991 1992 1933
f 777 812 813 778
f 38 52 53 39
f 80 104 105 81
f 658 696 695 657
f 229 258 259 230
f 133 156 157 134
f 247 275 276 248
f 77 101 102 78
f 3445 3471 3472 3446
f 71 95 96 72
f 88 90 89 67
f 2321 2385 2386 2322
f 323 345 346 324
f 157 185 186 158
f 2778 2866 2867 2781
f 173 201 202 174
f 3309 3348 3349 3310
f 47 69 70 48
f 168 196 197 169
f 20 21 23 22
f 2674 2728 2729 2675
f 1842 1896 1897 1843
f 165 193 194 166
f 42 56 57 43
f 158 186 187 159
f 1866 1929 1930 1867
f 1844 1898 1899 1845
f 1122 1154 1155 1123
f 347 366 367 348
f 1761 1815 1816 1762
f 2617 2661 2662 2618
f 139 162 163 140
f 1042 1074 1075 1043
f 92 113 114 93
f 2666 2720 2721 2667
f 1639 1683 1682 1638
f 549 574 575 550
f 101 122 123 102
f 319 341 342 320
f 34 48 49 35
f 246 274 275 247
f 239 267 268 240
f 472 488 489 473
f 26 27 29 28
f 315 339 338 317
f 3265 3309 3310 3266
f 849 883 884 850
f 1273 1293 1294 1274
f 765 800 802 767
f 962 995 996 963
f 271 296 297 272
f 1828 1882 1883 1829
f 2962 3025 3026 2963
f 427 443 444 428
f 97 118 119 98
f 1882 1945 1946 1883
f 123 144 145 124
f 142 165 166 143
f 68 92 93 69
f 144 167 168 145
f 2306 2364 2365 2307
f 403 420 421 404
f 269 294 295 270
f 391 409 410 392
f 149 172 173 150
f 857 891 892 858
f 1289 1317 1318 1290
f 2605 2649 2650 2606
f 2526 2571 2572 2527
f 327 349 350 328
f 267 292 293 268
f 2115 2175 2176 2116
f 76 100 101 77
f 136 159 160 137
f 498 513 514 499
f 685 723 724 686
f 309 333 334 310
f 463 480 481 464
f 141 164 165 142
f 238 266 267 239
f 143 166 167 144
f 120 141 142 121
f 290 316 315 292
f 653 654 656 655
f 74 98 99 75
f 471 487 488 472
f 117 138 139 118
f 906 939 940 907
f 255 283 284 256
f 56 78 79 57
f 3340 3377 3378 3341
f 509 524 525 510
f 1883 1946 1947 1884
f 3400 3434 3435 3401
f 1858 1921 1922 1859
f 1876 1939 1940 1877
f 586 608 607 585
f 237 265 266 238
f 245 273 274 246
f 1281 1309 1310 1282
f 2848 2921 2922 2850
f 2273 2331 2332 2274
f 124 145 146 125
f 1868 1931 1932 1869
f 914 947 948 915
f 2928 2991 2992 2929
f 365 384 385 366
f 511 526 527 512
f 881 915 916 882
f 390 408 409 391
f 1906 1907 1910 1909
f 320 342 343 321
f 850 884 885 851
f 1081 1113 1114 1082
f 373 392 393 374
f 535 550 551 536
f 325 347 348 326
f 1867 1930 1931 1868
f 583 605 606 584
f 409 426 427 410
f 515 530 532 517
f 2745 2794 2795 2746
f 114 135 136 115
f 214 243 244 215
f 236 264 265 237
f 2802 2888 2889 2803
f 1099 1131 1133 1101
f 989 1022 1023 990
f 437 455 456 438
f 1930 1989 1990 1931
f 221 250 251 222
f 206 235 234 205
f 108 129 130 109
f 216 245 246 217
f 162 190 191 163
f 949 982 983 950
f 445 463 464 446
f 2633 2677 2678 2634
f 435 453 454 436
f 182 211 212 183
f 223 252 253 224
f 208 237 238 209
f 2795 2881 2882 2796
f 587 609 610 588
f 98 119 120 99
f 1820 1874 1875 1821
f 1082 1114 1115 1083
f 781 816 817 782
f 154 181 182 153
f 2657 2711 2712 2658
f 317 338 340 318
f 930 963 964 931
f 215 244 245 216
f 713 748 749 714
f 1762 1816 1817 1763
f 627 669 670 628
f 381 398 400 382
f 12 13 15 14
f 171 199 200 172
f 1915 1974 1975 1916
f 191 220 221 192
f 1908 1968 1970 1907
f 2218 2276 2277 2219
f 1077 1109 1110 1078
f 1825 1879 1880 1826
f 1730 1789 1790 1731
f 195 224 225 196
f 922 955 956 923
f 127 148 149 128
f 3081 3138 3139 3082
f 731 766 765 730
f 623 665 666 624
f 1913 1914 1915 1853
f 382 400 401 383
f 156 184 185 157
f 464 481 482 465
f 2777 2778 2781 2780
f 723 758 759 724
f 517 532 533 518
f 671 709 710 672
f 477 493 494 478
f 1899 1961 1962 1900
f 2625 2669 2670 2626
f 1884 1947 1948 1885
f 3283 3327 3328 3284
f 707 742 743 708
f 249 277 278 250
f 679 717 718 680
f 301 325 326 302
f 286 311 312 287
f 423 439 440 424
f 288 313 314 289
f 178 207 208 177
f 293 317 318 294
f 278 303 304 279
f 1962 2020 2021 1963
f 280 305 306 281
f 1558 1596 1597 1559
f 1269 1289 1290 1270
f 557 582 583 558
f 657 695 697 659
f 285 310 311 286
f 374 393 394 375
f 303 327 328 304
f 256 284 285 257
f 1788 1841 1840 1787
f 1149 1180 1181 1150
f 581 603 604 582
f 639 640 642 641
f 253 281 282 254
f 946 979 980 947
f 295 319 320 296
f 2762 2811 2812 2763
f 90 111 110 89
f 1947 2006 2007 1948
f 407 424 425 408
f 1940 1999 2000 1941
f 2634 2678 2679 2635
f 611 636 637 612
f 589 611 612 591
f 735 770 771 736
f 235 263 262 234
f 938 971 972 939
f 343 362 363 344
f 376 395 396 377
f 1879 1942 1943 1880
f 789 824 825 790
f 122 143 144 123
f 743 778 779 744
f 2099 2159 2160 2100
f 678 716 717 679
f 2874 2939 2940 2875
f 3073 3130 3131 3074
f 1389 1392 1391 1390
f 525 540 541 526
f 625 667 668 626
f 461 478 479 462
f 1931 1990 1991 1932
f 204 205 207 178
f 456 473 474 457
f 2916 2979 2980 2917
f 987 1020 1021 988
f 637 678 679 638
f 767 802 803 768
f 219 248 249 220
f 350 369 370 351
f 1890 1953 1954 1891
f 1924 1983 1984 1925
f 1522 1552 1551 1521
f 661 699 700 662
f 357 376 377 358
f 342 360 362 343
f 575 597 598 576
f 360 379 381 362
f 2092 2152 2153 2093
f 1461 1473 1474 1462
f 865 899 900 866
f 775 810 811 776
f 349 368 369 350
f 318 340 341 319
f 164 192 193 165
f 344 363 364 345
f 1364 1383 1384 1365
f 851 885 886 852
f 717 752 753 718
f 807 842 843 808
f 254 282 283 255
f 448 466 467 450
f 2491 2540 2541 2492
f 835 869 871 837
f 725 760 761 726
f 815 850 851 816
f 1809 1863 1864 1810
f 1979 2044 2045 1980
f 375 394 395 376
f 1948 2007 2008 1949
f 106 127 128 107
f 1517 1547 1548 1519
f 186 215 216 187
f 388 406 407 389
f 259 287 288 260
f 2241 2299 2300 2242
f 1980 2045 2046 1981
f 1445 1458 1457 1444
f 669 707 708 670
f 751 786 787 752
f 251 279 280 252
f 518 533 534 519
f 367 386 387 368
f 2770 2819 2820 2771
f 522 537 538 523
f 1421 1438 1439 1422
f 1905 1908 1907 1906
f 2697 2742 2743 2698
f 1801 1855 1856 1802
f 986 1019 1020 987
f 335 357 358 336
f 2752 2801 2802 2753
f 899 933 934 900
f 885 919 920 886
f 163 191 192 164
f 297 321 322 298
f 757 792 793 758
f 414 431 432 415
f 1922 1981 1982 1923
f 1964 2022 2023 1965
f 458 475 476 459
f 1669 1716 1717 1670
f 2824 2825 2828 2827
f 903 936 938 905
f 243 271 272 244
f 406 423 424 407
f 212 241 242 213
f 424 440 441 425
f 1353 1372 1371 1352
f 821 856 857 822
f 429 445 446 430
f 510 525 526 511
f 2681 2684 2683 2682
f 416 434 433 418
f 1501 1539 1540 1503
f 979 1012 1013 980
f 845 879 880 846
f 943 976 977 944
f 413 430 431 414
f 978 1011 1012 979
f 567 588 589 569
f 392 410 411 393
f 451 468 470 453
f 955 988 989 956
f 951 984 985 952
f 2019 2082 2083 2020
f 188 217 218 189
f 328 350 351 329
f 50 72 73 51
f 1821 1875 1876 1822
f 853 887 888 854
f 2042 2103 2104 2043
f 389 407 408 390
f 502 517 518 503
f 455 472 473 456
f 200 229 230 201
f 1475 1489 1490 1476
f 1741 1801 1802 1744
f 970 1003 1002 969
f 333 355 356 334
f 447 465 466 448
f 3407 3436 3438 3408
f 666 704 705 667
f 1637 1679 1681 1680
f 465 482 483 466
f 887 921 922 888
f 307 331 332 308
f 670 708 709 671
f 551 576 577 552
f 2895 2960 2961 2896
f 1058 1090 1091 1059
f 1333 1355 1356 1334
f 1833 1887 1888 1834
f 1007 1039 1040 1008
f 1995 2060 2061 1996
f 495 510 511 496
f 2866 2931 2932 2867
f 810 845 846 811
f 49 71 72 50
f 797 832 833 798
f 1015 1047 1048 1016
f 605 628 629 606
f 486 501 500 485
f 1938 1997 1998 1939
f 2596 2638 2639 2597
f 2027 2091 2092 2030
f 1337 1359 1360 1338
f 433 451 453 435
f 202 231 233 232
f 470 485 487 471
f 252 280 281 253
f 2284 2342 2343 2285
f 677 715 716 678
f 2864 2929 2930 2865
f 917 950 951 918
f 1047 1079 1080 1048
f 501 516 515 500
f 446 464 465 447
f 228 257 258 229
f 3378 3412 3413 3379
f 3397 3431 3432 3398
f 2037 2098 2099 2038
f 1071 1103 1104 1072
f 493 508 509 494
f 582 604 605 583
f 1743 1744 1746 1745
f 608 632 633 607
f 3141 3195 3196 3142
f 1083 1115 1116 1084
f 234 262 264 236
f 1079 1111 1112 1080
f 597 620 621 598
f 994 1027 1028 995
f 527 542 543 528
f 3257 3301 3302 3258
f 626 668 669 627
f 1492 1532 1533 1493
f 2051 2112 2113 2052
f 2093 2153 2154 2094
f 67 89 91 66
f 957 990 991 958
f 1023 1055 1056 1024
f 873 907 908 874
f 2257 2313 2315 2256
f 244 272 273 245
f 528 543 544 529
f 1690 1735 1736 1691
f 2061 2122 2123 2062
f 571 593 592 570
f 492 507 508 493
f 146 169 170 147
f 662 700 701 663
f 981 1014 1015 982
f 1933 1992 1993 1934
f 355 374 375 356
f 519 534 535 520
f 2651 2705 2706 2652
f 242 270 271 243
f 1147 1178 1179 1148
f 2226 2284 2285 2227
f 138 161 162 139
f 2035 2096 2097 2036
f 487 502 503 488
f 3177 3226 3227 3178
f 2971 3032 3034 2973
f 2237 2295 2296 2238
f 953 986 987 954
f 1369 1387 1386 1368
f 749 784 785 750
f 550 575 576 551
f 431 447 448 432
f 1259 1279 1281 1261
f 1618 1661 1662 1619
f 858 892 893 859
f 1175 1204 1205 1176
f 331 353 354 332
f 287 312 313 288
f 3035 3092 3093 3036
f 752 787 788 753
f 1251 1272 1273 1252
f 1873 1936 1937 1874
f 1199 1225 1226 1200
f 573 595 596 574
f 566 567 569 568
f 3510 3523 3525 3511
f 2036 2097 2098 2037
f 1490 1530 1531 1491
f 1219 1240 1241 1220
f 1045 1077 1078 1046
f 1207 1233 1234 1208
f 565 587 588 567
f 654 687 688 656
f 1010 1042 1043 1011
f 576 598 599 577
f 2018 2081 2082 2019
f 1178 1207 1208 1179
f 1235 1256 1257 1236
f 1881 1944 1945 1882
f 588 610 611 589
f 2091 2151 2152 2092
f 852 886 887 853
f 172 200 201 173
f 193 222 223 194
f 533 548 549 534
f 572 594 595 573
f 84 85 87 86
f 1085 1117 1118 1086
f 1849 1903 1904 1850
f 552 577 578 553
f 687 725 726 688
f 3022 3083 3084 3023
f 2381 2441 2442 2382
f 1109 1141 1142 1110
f 2833 2834 2836 2835
f 387 405 406 388
f 1002 1036 1035 1004
f 2801 2887 2888 2802
f 520 535 536 521
f 2010 2075 2076 2011
f 2373 2374 2376 2375
f 1117 1149 1150 1118
f 1271 1291 1292 1272
f 379 399 398 381
f 324 346 347 325
f 680 718 719 681
f 2170 2230 2231 2171
f 2189 2249 2250 2190
f 905 938 939 906
f 1303 1304 1306 1305
f 741 776 777 742
f 3420 3450 3451 3421
f 2834 2914 2915 2836
f 1941 2000 2001 1942
f 689 690 692 691
f 2075 2136 2137 2076
f 2132 2192 2193 2133
f 1307 1330 1332 1309
f 1311 1334 1335 1312
f 622 664 665 623
f 1721 1778 1779 1722
f 2138 2198 2200 2140
f 1061 1093 1094 1062
f 1403 1421 1422 1404
f 3415 3445 3446 3416
f 1173 1202 1203 1174
f 1335 1357 1358 1336
f 371 390 391 372
f 614 638 640 639
f 2737 2786 2787 2738
f 744 779 780 745
f 3491 3509 3508 3492
f 1395 1413 1415 1397
f 1181 1210 1211 1182
f 1343 1365 1366 1344
f 629 671 672 631
f 598 621 622 599
f 839 873 874 840
f 2068 2129 2130 2069
f 2259 2317 2318 2260
f 1355 1374 1375 1356
f 897 931 932 898
f 2761 2810 2811 2762
f 621 663 664 622
f 526 541 542 527
f 300 324 325 301
f 656 688 690 689
f 1719 1776 1777 1720
f 2757 2806 2807 2758
f 1221 1242 1243 1222
f 1279 1307 1309 1281
f 1841 1895 1894 1840
f 398 417 416 400
f 663 701 702 664
f 648 684 685 650
f 2493 2542 2543 2494
f 580 602 603 581
f 736 771 772 737
f 631 672 673 632
f 2346 2410 2411 2347
f 2885 2950 2951 2886
f 1253 1274 1275 1254
f 1431 1445 1444 1430
f 411 428 429 412
f 126 147 148 127
f 647 648 650 649
f 2850 2922 2923 2852
f 2586 2628 2629 2587
f 2805 2891 2892 2806
f 1261 1281 1282 1262
f 633 674 675 634
f 170 198 199 171
f 3077 3134 3135 3078
f 1986 2051 2052 1987
f 2124 2184 2185 2125
f 312 336 337 313
f 481 497 498 482
f 1889 1952 1953 1890
f 1463 1475 1476 1464
f 1917 1976 1977 1918
f 3204 3251 3252 3205
f 364 383 384 365
f 1024 1056 1057 1025
f 1812 1866 1867 1813
f 1547 1584 1585 1548
f 1197 1223 1224 1198
f 1503 1540 1541 1505
f 395 413 414 396
f 3227 3274 3275 3228
f 1425 1442 1443 1426
f 2108 2168 2169 2109
f 1921 1980 1981 1922
f 1531 1561 1562 1532
f 1511 1544 1545 1513
f 709 744 745 710
f 2363 2420 2419 2364
f 831 866 867 832
f 2116 2176 2177 2117
f 2818 2904 2905 2819
f 1515 1546 1547 1517
f 506 521 522 507
f 1401 1419 1420 1402
f 701 736 737 702
f 790 825 826 791
f 348 367 368 349
f 712 747 748 713
f 2330 2394 2395 2331
f 2917 2980 2981 2918
f 921 954 955 922
f 1439 1453 1454 1440
f 521 536 537 522
f 2401 2461 2462 2402
f 727 762 763 728
f 688 726 727 690
f 2558 2603 2604 2561
f 2845 2846 2848 2847
f 1373 1397 1398 1374
f 780 815 816 781
f 645 646 648 647
f 2147 2207 2208 2148
f 719 754 755 720
f 624 666 667 625
f 2476 2525 2526 2477
f 2501 2550 2551 2502
f 1397 1415 1416 1398
f 121 142 143 122
f 485 500 502 487
f 2002 2067 2068 2003
f 2156 2216 2217 2157
f 2340 2404 2405 2341
f 977 1010 1011 978
f 1993 2058 2059 1994
f 1575 1623 1624 1576
f 1074 1106 1107 1075
f 942 975 976 943
f 372 391 392 373
f 2148 2208 2209 2149
f 79 103 104 80
f 1747 1748 1750 1749
f 945 978 979 946
f 2857 2858 2860 2859
f 869 903 905 871
f 2242 2300 2301 2243
f 412 429 430 413
f 872 906 907 873
f 3114 3168 3169 3115
f 1739 1742 1741 1740
f 1961 2019 2020 1962
f 1377 1401 1402 1378
f 266 290 292 267
f 766 801 800 765
f 1994 2059 2060 1995
f 2922 2985 2986 2923
f 2528 2573 2574 2529
f 3277 3321 3322 3278
f 1477 1491 1492 1478
f 1615 1658 1659 1616
f 995 1028 1029 996
f 758 793 794 759
f 3250 3294 3295 3251
f 776 811 812 777
f 3253 3297 3298 3254
f 386 404 405 387
f 1647 1691 1692 1648
f 739 774 775 740
f 734 769 770 735
f 1111 1143 1144 1112
f 768 803 804 769
f 3130 3184 3185 3131
f 3165 3214 3215 3166
f 1953 2012 2013 1954
f 1695 1696 1698 1652
f 861 895 896 862
f 2817 2903 2904 2818
f 396 414 415 397
f 1241 1262 1263 1242
f 2914 2977 2978 2915
f 3085 3142 3143 3086
f 1525 1555 1556 1526
f 2849 2850 2852 2851
f 2001 2066 2067 2002
f 2179 2239 2240 2180
f 791 826 827 792
f 864 898 899 865
f 1004 1035 1037 1005
f 3413 3443 3444 3414
f 1573 1621 1622 1574
f 1591 1638 1640 1592
f 491 506 507 492
f 1233 1254 1255 1234
f 783 818 819 784
f 3169 3218 3219 3170
f 748 783 784 749
f 1581 1629 1630 1582
f 1929 1988 1989 1930
f 934 967 968 935
f 759 794 795 760
f 2188 2248 2249 2189
f 2643 2698 2699 2645
f 1755 1809 1810 1756
f 1945 2004 2005 1946
f 2753 2802 2803 2754
f 1013 1045 1046 1014
f 2163 2223 2224 2164
f 703 738 739 704
f 2180 2240 2241 2181
f 1925 1984 1985 1926
f 1763 1817 1818 1764
f 457 474 475 458
f 1361 1380 1381 1362
f 459 476 477 460
f 830 865 866 831
f 436 454 455 437
f 2172 2232 2233 2173
f 277 302 303 278
f 933 966 967 934
f 1341 1363 1364 1342
f 3339 3376 3377 3340
f 837 871 872 838
f 822 857 858 823
f 2705 2750 2751 2706
f 848 882 883 849
f 194 223 224 195
f 1803 1857 1858 1804
f 1645 1689 1690 1646
f 926 959 960 927
f 829 864 865 830
f 967 1000 1001 968
f 840 874 875 841
f 541 556 557 542
f 1811 1865 1866 1812
f 441 459 460 442
f 798 833 834 799
f 805 840 841 806
f 3449 3475 3476 3450
f 2050 2111 2112 2051
f 808 843 844 809
f 210 239 240 211
f 1787 1840 1842 1789
f 1677 1724 1725 1678
f 1783 1837 1838 1784
f 258 286 287 259
f 2219 2277 2278 2220
f 863 897 898 864
f 2882 2947 2948 2883
f 3364 3401 3402 3365
f 3325 3364 3365 3326
f 1701 1758 1759 1702
f 33 47 48 34
f 539 554 555 540
f 1153 1184 1185 1154
f 855 889 890 856
f 2228 2286 2287 2229
f 330 352 353 331
f 3093 3146 3148 3094
f 1709 1766 1767 1710
f 1711 1768 1769 1712
f 3161 3210 3211 3162
f 959 992 993 960
f 651 652 654 653
f 190 219 220 191
f 937 970 969 936
f 1911 1912 1914 1913
f 1865 1928 1929 1866
f 1222 1243 1244 1223
f 444 462 463 445
f 1008 1040 1041 1009
f 354 373 374 355
f 1971 2036 2037 1972
f 2701 2746 2747 2702
f 1855 1918 1919 1856
f 1005 1037 1038 1006
f 2203 2261 2262 2204
f 476 492 493 477
f 2212 2270 2271 2213
f 370 389 390 371
f 1907 1970 1971 1910
f 1781 1835 1836 1782
f 2274 2332 2333 2275
f 523 538 539 524
f 894 928 929 895
f 2034 2095 2096 2035
f 904 937 936 903
f 482 498 499 483
f 1963 2021 2022 1964
f 1789 1842 1843 1790
f 1895 1957 1956 1894
f 909 942 943 910
f 886 920 921 887
f 883 917 918 884
f 896 930 931 897
f 1939 1998 1999 1940
f 929 962 963 930
f 1919 1978 1979 1920
f 893 927 928 894
f 862 896 897 863
f 1103 1135 1136 1104
f 1000 1033 1034 1001
f 755 790 791 756
f 326 348 349 327
f 1829 1883 1884 1830
f 1927 1986 1987 1928
f 997 1030 1031 998
f 806 841 842 807
f 460 477 478 461
f 2898 2963 2964 2899
f 547 572 573 548
f 270 295 296 271
f 1853 1915 1916 1852
f 2250 2308 2309 2251
f 250 278 279 251
f 2251 2309 2310 2252
f 927 960 961 928
f 2260 2318 2319 2261
f 3096 3150 3151 3097
f 150 173 174 151
f 1969 2033 2034 1968
f 1863 1926 1927 1864
f 579 601 602 580
f 1737 1796 1797 1738
f 919 952 953 920
f 478 494 495 479
f 1131 1162 1164 1133
f 1805 1859 1860 1806
f 1489 1529 1530 1490
f 555 580 581 556
f 1062 1094 1095 1063
f 895 929 930 896
f 2890 2955 2956 2891
f 2289 2347 2348 2290
f 454 471 472 455
f 1985 2050 2051 1986
f 1991 2056 2057 1992
f 1293 1321 1322 1294
f 1186 1215 1214 1188
f 2058 2119 2120 2059
f 1624 1667 1668 1625
f 2533 2578 2579 2534
f 422 438 439 423
f 787 822 823 788
f 169 197 198 170
f 563 586 585 562
f 966 999 1000 967
f 516 531 530 515
f 2244 2302 2303 2245
f 746 781 782 747
f 534 549 550 535
f 913 946 947 914
f 2015 2078 2077 2014
f 973 1006 1007 974
f 958 991 992 959
f 2729 2774 2775 2730
f 976 1009 1010 977
f 2083 2144 2145 2084
f 2023 2086 2087 2024
f 965 998 999 966
f 1054 1086 1087 1055
f 1095 1127 1128 1096
f 960 993 994 961
f 1435 1449 1450 1436
f 606 629 631 630
f 2816 2902 2903 2817
f 2055 2116 2117 2056
f 941 974 975 942
f 1114 1146 1147 1115
f 500 515 517 502
f 936 969 971 938
f 762 797 798 763
f 542 557 558 543
f 2157 2217 2218 2158
f 2063 2124 2125 2064
f 877 911 912 878
f 2283 2341 2342 2284
f 999 1032 1033 1000
f 880 914 915 881
f 1067 1099 1101 1069
f 430 446 447 431
f 1989 2054 2055 1990
f 825 860 861 826
f 643 644 646 645
f 1106 1138 1139 1107
f 991 1024 1025 992
f 760 795 796 761
f 531 546 545 530
f 1999 2064 2065 2000
f 497 512 513 498
f 346 365 366 347
f 1206 1232 1233 1207
f 1087 1119 1120 1088
f 1617 1660 1661 1618
f 3373 3407 3408 3374
f 134 157 158 135
f 1949 2008 2009 1950
f 1823 1877 1878 1824
f 1133 1164 1165 1134
f 2267 2325 2326 2268
f 2066 2127 2128 2067
f 1144 1175 1176 1145
f 898 932 933 899
f 105 126 127 106
f 2069 2130 2131 2070
f 2135 2195 2196 2136
f 603 626 627 604
f 1030 1062 1063 1031
f 564 565 567 566
f 3010 3071 3072 3011
f 1859 1922 1923 1860
f 2029 2030 2032 2031
f 530 545 547 532
f 745 780 781 746
f 1037 1069 1070 1038
f 1022 1054 1055 1023
f 2713 2758 2759 2714
f 1040 1072 1073 1041
f 1018 1050 1051 1019
f 2159 2219 2220 2160
f 2101 2161 2162 2102
f 1029 1061 1062 1030
f 998 1031 1032 999
f 1687 1732 1733 1688
f 2588 2630 2631 2589
f 1987 2052 2053 1988
f 213 242 243 214
f 2125 2185 2186 2126
f 2167 2227 2228 2168
f 1125 1157 1158 1126
f 1138 1169 1170 1139
f 532 547 548 533
f 1136 1167 1168 1137
f 595 618 619 596
f 814 849 850 815
f 2133 2193 2194 2134
f 2191 2251 2252 2192
f 282 307 308 283
f 2307 2365 2366 2308
f 1063 1095 1096 1064
f 2946 3009 3010 2947
f 1659 1706 1707 1660
f 876 910 911 877
f 1025 1057 1058 1026
f 2199 2257 2256 2198
f 635 676 677 636
f 2299 2357 2358 2300
f 1055 1087 1088 1056
f 2324 2388 2389 2325
f 1051 1083 1084 1052
f 2322 2386 2387 2323
f 2229 2287 2288 2230
f 274 299 300 275
f 1198 1224 1225 1199
f 1031 1063 1064 1032
f 1128 1160 1161 1129
f 3252 3296 3297 3253
f 2275 2333 2334 2276
f 1043 1075 1076 1044
f 2143 2203 2204 2144
f 2153 2213 2214 2154
f 2369 2372 2371 2370
f 975 1008 1009 976
f 2316 2380 2381 2317
f 2371 2434 2435 2374
f 1006 1038 1039 1007
f 2205 2263 2264 2206
f 2865 2930 2931 2866
f 619 661 662 620
f 1094 1126 1127 1095
f 847 881 882 848
f 1304 1328 1329 1306
f 1322 1345 1346 1323
f 2355 2417 2418 2356
f 209 238 239 210
f 2530 2575 2576 2531
f 1101 1133 1134 1102
f 1086 1118 1119 1087
f 1231 1252 1253 1232
f 2308 2366 2367 2309
f 2378 2438 2439 2379
f 2245 2303 2304 2246
f 1093 1125 1126 1094
f 1182 1211 1212 1183
f 2146 2206 2207 2147
f 1112 1144 1145 1113
f 1574 1622 1623 1575
f 2347 2411 2412 2348
f 2277 2335 2336 2278
f 1164 1193 1194 1165
f 1069 1101 1102 1070
f 1170 1199 1200 1171
f 844 878 879 845
f 1096 1128 1129 1097
f 1250 1271 1272 1251
f 2315 2379 2380 2316
f 2285 2343 2344 2286
f 2335 2399 2400 2336
f 298 322 323 299
f 2339 2403 2404 2340
f 692 728 729 694
f 1072 1104 1105 1073
f 2211 2269 2270 2212
f 2343 2407 2408 2344
f 675 713 714 676
f 1162 1191 1193 1164
f 1417 1434 1435 1418
f 969 1002 1004 971
f 2331 2395 2396 2332
f 2375 2376 2377 2314
f 1897 1959 1960 1898
f 1814 1868 1869 1815
f 1223 1244 1245 1224
f 3002 3063 3064 3003
f 2118 2178 2179 2119
f 2305 2363 2364 2306
f 2213 2271 2272 2214
f 2279 2337 2338 2280
f 1277 1297 1298 1278
f 2323 2387 2388 2324
f 2098 2158 2159 2099
f 2372 2433 2434 2371
f 1830 1884 1885 1831
f 1078 1110 1111 1079
f 2333 2397 2398 2334
f 2439 2484 2485 2440
f 659 697 698 660
f 1158 1188 1189 1159
f 1159 1189 1190 1160
f 974 1007 1008 975
f 2447 2492 2493 2448
f 3193 3242 3243 3194
f 2793 2879 2880 2794
f 1674 1721 1722 1675
f 841 875 876 842
f 2341 2405 2406 2342
f 1457 1469 1471 1459
f 1165 1194 1195 1166
f 1150 1181 1182 1151
f 1383 1407 1408 1384
f 1296 1324 1325 1297
f 1658 1705 1706 1659
f 1286 1314 1315 1287
f 561 562 565 564
f 2487 2536 2537 2488
f 1157 1186 1188 1158
f 1126 1158 1159 1127
f 596 619 620 597
f 2348 2412 2413 2349
f 2718 2763 2764 2719
f 1246 1267 1268 1247
f 2443 2488 2489 2444
f 2545 2590 2591 2546
f 2389 2449 2450 2390
f 828 863 864 829
f 322 344 345 323
f 1070 1102 1103 1071
f 1191 1217 1219 1193
f 1192 1218 1217 1191
f 1990 2055 2056 1991
f 2467 2512 2513 2468
f 2437 2482 2483 2438
f 2527 2572 2573 2528
f 715 750 751 716
f 950 983 984 951
f 1183 1212 1213 1184
f 1176 1205 1206 1177
f 2171 2231 2232 2172
f 1446 1459 1460 1447
f 2445 2490 2491 2446
f 2535 2580 2581 2536
f 3025 3086 3087 3026
f 1145 1176 1177 1146
f 1288 1316 1317 1289
f 3371 3406 3405 3372
f 401 418 419 402
f 602 625 626 603
f 2495 2544 2545 2496
f 306 330 331 307
f 1350 1368 1370 1351
f 2114 2174 2175 2115
f 2994 3055 3056 2995
f 1818 1872 1873 1819
f 1254 1275 1276 1255
f 2349 2413 2414 2350
f 2455 2500 2501 2456
f 1901 1963 1964 1902
f 1210 1236 1237 1211
f 644 682 683 646
f 2404 2464 2465 2405
f 2913 2976 2977 2914
f 2057 2118 2119 2058
f 699 734 735 700
f 1238 1259 1261 1240
f 2769 2818 2819 2770
f 2986 3047 3048 2987
f 2026 2027 2030 2029
f 2563 2605 2606 2564
f 2017 2080 2081 2018
f 2583 2625 2626 2584
f 1245 1266 1267 1246
f 2691 2692 2694 2693
f 1375 1399 1400 1376
f 1616 1659 1660 1617
f 1914 1973 1974 1915
f 2635 2679 2680 2636
f 113 134 135 114
f 2458 2503 2504 2459
f 1229 1250 1251 1230
f 985 1018 1019 986
f 2615 2659 2660 2616
f 628 670 671 629
f 2388 2448 2449 2389
f 1263 1283 1284 1264
f 1946 2005 2006 1947
f 1662 1709 1710 1663
f 2573 2615 2616 2574
f 2687 2688 2690 2689
f 1205 1231 1232 1206
f 1342 1364 1365 1343
f 1255 1276 1277 1256
f 1264 1284 1285 1265
f 1898 1960 1961 1899
f 1766 1820 1821 1767
f 971 1004 1005 972
f 2631 2675 2676 2632
f 1141 1172 1173 1142
f 19 39 40 21
f 1359 1378 1379 1360
f 1256 1277 1278 1257
f 2387 2447 2448 2388
f 1021 1053 1054 1022
f 1232 1253 1254 1233
f 1284 1312 1313 1285
f 2589 2631 2632 2590
f 747 782 783 748
f 2379 2439 2440 2380
f 2130 2190 2191 2131
f 1152 1183 1184 1153
f 100 121 122 101
f 1734 1793 1794 1735
f 2557 2558 2561 2560
f 1481 1483 1482 1470
f 1937 1996 1997 1938
f 1534 1536 1535 1497
f 676 714 715 677
f 1344 1366 1367 1345
f 3086 3143 3144 3087
f 1670 1717 1718 1671
f 2685 2686 2688 2687
f 2122 2182 2183 2123
f 1318 1341 1342 1319
f 3066 3123 3124 3067
f 489 504 505 490
f 1550 1586 1588 1587
f 2937 3000 3001 2938
f 426 442 443 427
f 2393 2453 2454 2394
f 1679 1726 1727 1681
f 1440 1454 1455 1441
f 2074 2135 2136 2075
f 2345 2409 2410 2346
f 2653 2707 2708 2654
f 2767 2816 2817 2768
f 1317 1340 1341 1318
f 1310 1333 1334 1311
f 660 698 699 661
f 1336 1358 1359 1337
f 2823 2826 2825 2824
f 1302 1327 1326 1301
f 911 944 945 912
f 1328 1350 1351 1329
f 17 38 39 19
f 2661 2715 2716 2662
f 668 706 707 669
f 1309 1332 1333 1310
f 1270 1290 1291 1271
f 1327 1349 1348 1326
f 2580 2622 2623 2581
f 3503 3520 3521 3504
f 2843 2844 2846 2845
f 3053 3110 3111 3054
f 2863 2864 2865 2779
f 9 31 33 8
f 2106 2166 2167 2107
f 1432 1446 1447 1433
f 1413 1430 1432 1415
f 1242 1263 1264 1243
f 2799 2885 2886 2800
f 2717 2762 2763 2718
f 2105 2165 2166 2106
f 2337 2401 2402 2338
f 1319 1342 1343 1320
f 3026 3087 3088 3027
f 2402 2462 2463 2403
f 1974 2039 2040 1975
f 674 712 713 675
f 2807 2893 2894 2808
f 779 814 815 780
f 2403 2463 2464 2404
f 1287 1315 1316 1288
f 2516 2519 2518 2517
f 1424 1441 1442 1425
f 1239 1260 1259 1238
f 393 411 412 394
f 2693 2694 2696 2695
f 1605 1651 1653 1604
f 1486 1526 1527 1487
f 2785 2871 2872 2786
f 3018 3079 3080 3019
f 716 751 752 717
f 1418 1435 1436 1419
f 2089 2149 2150 2090
f 2727 2772 2773 2728
f 763 798 799 764
f 1382 1406 1407 1383
f 708 743 744 709
f 2853 2854 2856 2855
f 2763 2812 2813 2764
f 1374 1398 1399 1375
f 771 806 807 772
f 2841 2842 2844 2843
f 1600 1648 1649 1601
f 612 637 638 614
f 1998 2063 2064 1999
f 2861 2862 2864 2863
f 1276 1296 1297 1277
f 1381 1405 1406 1382
f 1390 1391 1394 1393
f 1527 1557 1558 1528
f 2460 2505 2506 2461
f 356 375 376 357
f 2210 2268 2269 2211
f 2451 2496 2497 2452
f 1400 1418 1419 1401
f 860 894 895 861
f 2835 2836 2838 2837
f 2813 2899 2900 2814
f 1132 1163 1162 1131
f 1357 1376 1377 1358
f 1234 1255 1256 1235
f 1415 1432 1433 1416
f 1384 1408 1409 1385
f 2155 2215 2216 2156
f 394 412 413 395
f 697 732 733 698
f 1510 1511 1513 1512
f 2442 2487 2488 2443
f 1360 1379 1380 1361
f 916 949 950 917
f 3211 3258 3259 3212
f 2877 2942 2943 2878
f 2546 2591 2592 2547
f 811 846 847 812
f 1438 1452 1453 1439
f 1474 1488 1489 1475
f 2410 2470 2471 2411
f 698 733 734 699
f 2919 2982 2983 2920
f 1485 1525 1526 1486
f 1430 1444 1446 1432
f 2162 2222 2223 2163
f 1528 1558 1559 1529
f 2522 2567 2568 2523
f 2859 2860 2862 2861
f 1009 1041 1042 1010
f 1300 1301 1304 1303
f 1226 1247 1248 1227
f 803 838 839 804
f 740 775 776 741
f 2572 2614 2615 2573
f 1244 1265 1266 1245
f 2126 2186 2187 2127
f 2121 2181 2182 2122
f 2927 2990 2991 2928
f 1597 1645 1646 1598
f 2459 2504 2505 2460
f 1806 1860 1861 1807
f 732 767 768 733
f 2094 2154 2155 2095
f 2967 3030 3031 2968
f 1478 1492 1493 1479
f 2500 2549 2550 2501
f 2923 2986 2987 2924
f 2975 3036 3037 2976
f 1470 1482 1484 1469
f 1496 1537 1538 1499
f 2907 2971 2973 2909
f 81 105 106 82
f 3233 3280 3281 3234
f 2949 3012 3013 2950
f 2246 2304 2305 2247
f 2594 2636 2637 2595
f 795 830 831 796
f 1462 1474 1475 1463
f 2154 2214 2215 2155
f 1592 1640 1641 1593
f 900 934 935 901
f 2190 2250 2251 2191
f 2957 3020 3021 2958
f 2721 2766 2767 2722
f 1422 1439 1440 1423
f 3295 3334 3335 3296
f 2484 2533 2534 2485
f 993 1026 1027 994
f 1469 1484 1485 1471
f 1671 1718 1719 1672
f 1588 1635 1637 1636
f 3021 3082 3083 3022
f 1453 1466 1467 1454
f 724 759 760 725
f 3087 3144 3145 3088
f 2981 3042 3043 2982
f 1589 1639 1638 1591
f 1487 1527 1528 1488
f 2457 2502 2503 2458
f 1756 1810 1811 1757
f 3005 3066 3067 3006
f 3095 3149 3150 3096
f 410 427 428 411
f 1358 1377 1378 1359
f 1471 1485 1486 1472
f 1520 1522 1521 1483
f 2786 2872 2873 2787
f 1177 1206 1207 1178
f 3013 3074 3075 3014
f 3039 3096 3097 3040
f 705 740 741 706
f 843 877 878 844
f 1504 1505 1507 1506
f 2955 3018 3019 2956
f 1584 1632 1633 1585
f 1447 1460 1461 1448
f 1916 1975 1976 1917
f 2462 2507 2508 2463
f 738 773 774 739
f 3071 3128 3129 3072
f 402 419 420 403
f 2531 2576 2577 2532
f 2178 2238 2239 2179
f 3050 3107 3108 3051
f 308 332 333 309
f 2382 2442 2443 2383
f 2965 3028 3029 2966
f 3079 3136 3137 3080
f 1694 1697 1696 1695
f 2564 2606 2607 2565
f 788 823 824 789
f 1532 1562 1563 1533
f 1578 1626 1627 1579
f 714 749 750 715
f 1513 1545 1546 1515
f 827 862 863 828
f 1330 1352 1354 1332
f 756 791 792 757
f 3217 3264 3265 3218
f 980 1013 1014 981
f 2494 2543 2544 2495
f 3019 3080 3081 3020
f 1275 1295 1296 1276
f 2523 2568 2569 2524
f 2744 2793 2794 2745
f 3027 3088 3089 3028
f 3047 3104 3105 3048
f 1542 1579 1580 1543
f 1663 1710 1711 1664
f 1266 1286 1287 1267
f 2164 2224 2225 2165
f 770 805 806 771
f 737 772 773 738
f 1885 1948 1949 1886
f 3060 3117 3118 3061
f 1567 1616 1617 1566
f 2540 2585 2586 2541
f 2930 2993 2994 2931
f 2534 2579 2580 2535
f 3301 3340 3341 3302
f 3159 3208 3209 3160
f 1557 1595 1596 1558
f 1137 1168 1169 1138
f 772 807 808 773
f 1560 1598 1599 1561
f 2300 2358 2359 2301
f 1217 1238 1240 1219
f 3175 3224 3225 3176
f 1541 1578 1579 1542
f 1559 1597 1598 1560
f 1552 1590 1589 1551
f 3058 3115 3116 3059
f 3107 3161 3162 3108
f 3133 3187 3188 3134
f 345 364 365 346
f 1565 1566 1569 1568
f 1566 1617 1618 1569
f 1551 1589 1591 1553
f 1568 1569 1571 1570
f 2710 2755 2756 2711
f 1509 1543 1544 1511
f 3215 3262 3263 3216
f 1655 1702 1703 1656
f 2452 2497 2498 2453
f 537 552 553 538
f 1437 1451 1452 1438
f 2194 2254 2255 2195
f 1448 1461 1462 1449
f 3074 3131 3132 3075
f 3187 3236 3237 3188
f 3101 3155 3156 3102
f 3239 3286 3287 3240
f 875 909 910 876
f 2385 2445 2446 2386
f 820 855 856 821
f 1312 1335 1336 1313
f 2100 2160 2161 2101
f 2814 2900 2901 2815
f 1643 1687 1688 1644
f 3247 3292 3291 3248
f 2025 2028 2027 2026
f 1790 1843 1844 1791
f 812 847 848 813
f 1032 1064 1065 1033
f 3162 3211 3212 3163
f 3163 3212 3213 3164
f 3205 3252 3253 3206
f 1725 1782 1783 1726
f 2186 2246 2247 2187
f 2539 2584 2585 2540
f 3409 3439 3440 3410
f 3210 3257 3258 3211
f 2846 2920 2921 2848
f 3213 3260 3261 3214
f 1604 1653 1654 1607
f 490 505 506 491
f 1622 1665 1666 1623
f 2760 2809 2810 2761
f 2884 2949 2950 2885
f 1598 1646 1647 1599
f 804 839 840 805
f 3191 3240 3241 3192
f 505 520 521 506
f 2073 2134 2135 2074
f 1614 1615 1616 1567
f 145 168 169 146
f 2708 2753 2754 2709
f 2740 2789 2790 2741
f 3179 3228 3229 3180
f 3261 3305 3306 3262
f 3351 3388 3389 3352
f 1621 1664 1665 1622
f 2627 2671 2672 2628
f 1623 1666 1667 1624
f 1720 1777 1778 1721
f 1800 1852 1854 1799
f 2670 2724 2725 2671
f 118 139 140 119
f 1497 1535 1537 1496
f 1717 1774 1775 1718
f 1282 1310 1311 1283
f 1599 1647 1648 1600
f 3354 3391 3392 3355
f 3338 3375 3376 3339
f 2406 2466 2467 2407
f 794 829 830 795
f 2626 2670 2671 2627
f 442 460 461 443
f 2595 2637 2638 2596
f 1535 1573 1574 1537
f 57 79 80 58
f 3319 3358 3359 3320
f 907 940 941 908
f 2956 3019 3020 2957
f 1391 1410 1412 1394
f 2620 2664 2665 2621
f 3282 3326 3327 3283
f 750 785 786 751
f 1089 1121 1122 1090
f 480 496 497 481
f 3221 3268 3269 3222
f 2985 3046 3047 2986
f 1119 1151 1152 1120
f 3108 3162 3163 3109
f 2161 2221 2222 2162
f 434 452 451 433
f 599 622 623 600
f 3036 3093 3094 3037
f 2612 2656 2657 2613
f 3275 3319 3320 3276
f 3333 3369 3371 3334
f 3343 3380 3381 3344
f 1877 1940 1941 1878
f 1782 1836 1837 1783
f 2958 3021 3022 2959
f 1864 1927 1928 1865
f 2160 2220 2221 2161
f 3158 3207 3208 3159
f 225 254 255 226
f 2993 3054 3055 2994
f 891 925 926 892
f 2579 2621 2622 2580
f 1444 1457 1459 1446
f 1704 1761 1762 1705
f 2692 2739 2740 2694
f 3166 3215 3216 3167
f 1041 1073 1074 1042
f 2610 2654 2655 2611
f 1749 1750 1752 1751
f 1686 1731 1732 1687
f 1124 1156 1157 1125
f 1696 1754 1755 1698
f 2084 2145 2146 2085
f 3331 3370 3369 3333
f 3405 3437 3436 3407
f 2991 3052 3053 2992
f 1685 1730 1731 1686
f 1678 1725 1726 1679
f 1791 1844 1845 1792
f 1951 2010 2011 1952
f 1688 1733 1734 1689
f 4 8 10 3
f 826 861 862 827
f 3439 3465 3466 3440
f 1661 1708 1709 1662
f 1774 1828 1829 1775
f 2961 3024 3025 2962
f 1656 1703 1704 1657
f 2243 2301 2302 2244
f 1314 1337 1338 1315
f 2619 2663 2664 2620
f 1977 2042 2043 1978
f 1713 1770 1771 1714
f 3387 3421 3422 3388
f 3455 3481 3482 3456
f 1290 1318 1319 1291
f 2668 2722 2723 2669
f 3444 3470 3471 3445
f 3262 3306 3307 3263
f 3421 3451 3452 3422
f 3519 3533 3534 3520
f 939 972 973 940
f 2950 3013 3014 2951
f 892 926 927 893
f 2660 2714 2715 2661
f 115 136 137 116
f 3411 3441 3442 3412
f 2193 2253 2254 2194
f 8 33 34 10
f 931 964 965 932
f 1758 1812 1813 1759
f 2881 2946 2947 2882
f 1856 1919 1920 1857
f 99 120 121 100
f 3427 3457 3458 3428
f 14 15 17 16
f 32 46 45 31
f 1869 1932 1933 1870
f 1750 1805 1806 1752
f 1729 1788 1787 1728
f 2644 2697 2698 2643
f 3492 3508 3510 3493
f 3454 3480 3481 3455
f 22 23 25 24
f 1521 1551 1553 1523
f 1773 1827 1828 1774
f 1742 1799 1801 1741
f 3394 3428 3429 3395
f 1760 1814 1815 1761
f 3097 3151 3152 3098
f 3493 3510 3511 3494
f 923 956 957 924
f 1726 1783 1784 1727
f 1767 1821 1822 1768
f 1752 1806 1807 1753
f 3268 3312 3313 3269
f 3443 3469 3470 3444
f 2177 2237 2238 2178
f 543 558 559 544
f 70 94 95 71
f 1848 1902 1903 1849
f 1759 1813 1814 1760
f 421 437 438 422
f 665 703 704 666
f 78 102 103 79
f 2658 2712 2713 2659
f 1765 1819 1820 1766
f 1654 1701 1702 1655
f 681 719 720 682
f 1665 1712 1713 1666
f 2003 2068 2069 2004
f 3206 3253 3254 3207
f 94 115 116 95
f 152 154 153 132
f 1757 1811 1812 1758
f 1526 1556 1557 1527
f 964 997 998 965
f 2684 2733 2735 2683
f 227 256 257 228
f 284 309 310 285
f 882 916 917 883
f 479 495 496 480
f 1861 1924 1925 1862
f 1230 1251 1252 1231
f 3441 3467 3468 3442
f 3098 3152 3153 3099
f 211 240 241 212
f 111 132 131 110
f 1707 1764 1765 1708
f 176 177 180 179
f 474 490 491 475
f 1450 1463 1464 1451
f 924 957 958 925
f 2136 2196 2197 2137
f 299 323 324 300
f 140 163 164 141
f 1050 1082 1083 1051
f 160 188 189 161
f 963 996 997 964
f 1530 1560 1561 1531
f 733 768 769 734
f 2676 2730 2731 2677
f 183 212 213 184
f 217 246 247 218
f 721 756 757 722
f 466 483 484 467
f 2939 3002 3003 2940
f 1449 1462 1463 1450
f 1824 1878 1879 1825
f 2209 2267 2268 2210
f 363 382 383 364
f 116 137 138 117
f 710 745 746 711
f 1943 2002 2003 1944
f 187 216 217 188
f 1909 1910 1912 1911
f 112 133 134 113
f 1902 1964 1965 1903
f 908 941 942 909
f 1816 1870 1871 1817
f 2139 2199 2198 2138
f 199 228 229 200
f 198 227 228 199
f 2714 2759 2760 2715
f 1845 1899 1900 1846
f 2553 2598 2599 2554
f 1847 1901 1902 1848
f 1792 1845 1846 1793
f 1033 1065 1066 1034
f 132 153 155 131
f 222 251 252 223
f 240 268 269 241
f 1837 1891 1892 1838
f 2675 2729 2730 2676
f 1831 1885 1886 1832
f 1736 1795 1796 1737
f 507 522 523 508
f 23 41 42 25
f 230 259 260 231
f 2746 2795 2796 2747
f 1813 1867 1868 1814
f 2465 2510 2511 2466
f 1935 1994 1995 1936
f 2724 2769 2770 2725
f 1053 1085 1086 1054
f 383 401 402 384
f 1057 1089 1090 1058
f 296 320 321 297
f 1733 1792 1793 1734
f 2054 2115 2116 2055
f 353 372 373 354
f 1992 2057 2058 1993
f 683 721 722 684
f 641 642 644 643
f 166 194 195 167
f 2266 2324 2325 2267
f 2659 2713 2714 2660
f 3218 3265 3266 3219
f 667 705 706 668
f 351 370 371 352
f 294 318 319 295
f 304 328 329 305
f 1613 1657 1658 1615
f 1878 1941 1942 1879
f 956 989 990 957
f 2258 2316 2317 2259
f 2722 2767 2768 2723
f 302 326 327 303
f 1870 1933 1934 1871
f 2716 2761 2762 2717
f 268 293 294 269
f 2225 2283 2284 2226
f 248 276 277 249
f 1301 1326 1328 1304
f 1846 1900 1901 1847
f 2231 2289 2290 2232
f 1880 1943 1944 1881
f 691 692 694 693
f 260 288 289 261
f 334 356 357 335
f 368 387 388 369
f 3428 3458 3459 3429
f 1434 1448 1449 1435
f 940 973 974 941
f 1984 2049 2050 1985
f 475 491 492 476
f 1796 1849 1850 1797
f 358 377 378 359
f 231 260 261 233
f 2005 2070 2071 2006
f 2747 2796 2797 2748
f 2298 2356 2357 2299
f 3154 3203 3204 3155
f 185 214 215 186
f 503 518 519 504
f 366 385 386 367
f 1529 1559 1560 1530
f 562 585 587 565
f 2715 2760 2761 2716
f 1903 1965 1966 1904
f 2772 2821 2822 2773
f 819 854 855 820
f 439 457 458 440
f 2217 2275 2276 2218
f 400 416 418 401
f 2131 2191 2192 2132
f 2046 2107 2108 2047
f 1871 1934 1935 1872
f 1976 2041 2042 1977
f 418 433 435 419
f 1571 1619 1620 1572
f 408 425 426 409
f 2723 2768 2769 2724
f 1807 1861 1862 1808
f 2764 2813 2814 2765
f 859 893 894 860
f 311 335 336 312
f 310 334 335 311
f 432 448 450 449
f 1997 2062 2063 1998
f 867 901 902 868
f 31 45 47 33
f 2145 2205 2206 2146
f 988 1021 1022 989
f 947 980 981 948
f 2128 2188 2189 2129
f 1433 1447 1448 1434
f 2233 2291 2292 2234
f 440 458 459 441
f 1035 1067 1069 1037
f 1942 2001 2002 1943
f 1561 1599 1600 1562
f 2756 2805 2806 2757
f 1291 1319 1320 1292
f 428 444 445 429
f 2265 2323 2324 2266
f 3057 3114 3115 3058
f 2065 2126 2127 2066
f 1934 1993 1994 1935
f 2079 2140 2141 2080
f 1960 2018 2019 1961
f 915 948 949 916
f 420 436 437 421
f 462 479 480 463
f 384 402 403 385
f 1019 1051 1052 1020
f 2038 2099 2100 2039
f 2338 2402 2403 2339
f 1944 2003 2004 1945
f 1405 1423 1424 1406
f 404 421 422 405
f 494 509 510 495
f 1537 1574 1575 1538
f 1981 2046 2047 1982
f 1225 1246 1247 1226
f 1975 2040 2041 1976
f 1920 1979 1980 1921
f 813 848 849 814
f 823 858 859 824
f 453 470 471 454
f 1732 1791 1792 1733
f 1973 2038 2039 1974
f 2771 2820 2821 2772
f 2031 2032 2033 1969
f 3178 3227 3228 3179
f 3442 3468 3469 3443
f 711 746 747 712
f 2071 2132 2133 2072
f 1410 1427 1429 1412
f 2804 2890 2891 2805
f 65 67 66 46
f 695 730 732 697
f 1073 1105 1106 1074
f 2650 2704 2705 2651
f 1957 2015 2014 1956
f 2334 2398 2399 2335
f 996 1029 1030 997
f 2796 2882 2883 2797
f 2120 2180 2181 2121
f 1799 1854 1855 1801
f 438 456 457 439
f 2755 2804 2805 2756
f 3297 3336 3337 3298
f 1115 1147 1148 1116
f 3009 3070 3071 3010
f 558 583 584 559
f 592 615 617 594
f 241 269 270 242
f 2014 2077 2079 2016
f 1028 1060 1061 1029
f 2024 2087 2089 2088
f 1107 1139 1140 1108
f 452 469 468 451
f 574 596 597 575
f 600 623 624 601
f 1059 1091 1092 1060
f 2006 2071 2072 2007
f 2290 2348 2349 2291
f 2016 2079 2080 2017
f 1195 1221 1222 1196
f 871 905 906 872
f 1065 1097 1098 1066
f 560 563 562 561
f 1097 1129 1130 1098
f 1982 2047 2048 1983
f 2223 2281 2282 2224
f 2112 2172 2173 2113
f 1171 1200 1201 1172
f 548 573 574 549
f 630 631 632 608
f 512 527 528 513
f 2149 2209 2210 2150
f 1918 1977 1978 1919
f 1012 1044 1045 1013
f 3202 3249 3250 3203
f 1027 1059 1060 1028
f 1039 1071 1072 1040
f 203 206 205 204
f 664 702 703 665
f 554 579 580 555
f 3138 3192 3193 3139
f 2047 2108 2109 2048
f 2852 2923 2924 2854
f 1629 1672 1673 1630
f 983 1016 1017 984
f 638 679 680 640
f 1498 1499 1501 1500
f 2053 2114 2115 2054
f 2039 2100 2101 2040
f 2828 2909 2911 2910
f 1323 1346 1347 1324
f 879 913 914 880
f 646 683 684 648
f 672 710 711 673
f 2045 2106 2107 2046
f 2174 2234 2235 2175
f 2007 2072 2073 2008
f 1315 1338 1339 1316
f 607 633 634 609
f 2249 2307 2308 2250
f 640 680 681 642
f 2141 2201 2202 2142
f 2441 2486 2487 2442
f 2370 2371 2374 2373
f 2736 2785 2786 2737
f 1411 1428 1427 1410
f 1167 1196 1197 1168
f 1817 1871 1872 1818
f 704 739 740 705
f 546 571 570 545
f 2078 2139 2138 2077
f 1060 1092 1093 1061
f 2836 2915 2916 2838
f 1365 1384 1385 1366
f 620 662 663 621
f 513 528 529 514
f 720 755 756 721
f 1091 1123 1124 1092
f 2070 2131 2132 2071
f 2825 2907 2909 2828
f 2080 2141 2142 2081
f 1491 1531 1532 1492
f 684 722 723 685
f 1843 1897 1898 1844
f 2842 2918 2919 2844
f 538 553 554 539
f 2166 2226 2227 2167
f 2127 2187 2188 2128
f 2072 2133 2134 2073
f 1419 1436 1437 1420
f 1356 1375 1376 1357
f 1049 1081 1082 1050
f 1625 1668 1669 1626
f 2517 2518 2521 2520
f 1169 1198 1199 1170
f 2215 2273 2274 2216
f 2048 2109 2110 2049
f 2549 2594 2595 2550
f 1295 1323 1324 1296
f 642 681 682 644
f 385 403 404 386
f 1075 1107 1108 1076
f 2779 2865 2866 2778
f 2119 2179 2180 2120
f 2000 2065 2066 2001
f 2832 2912 2913 2831
f 1247 1268 1269 1248
f 3137 3191 3192 3138
f 2117 2177 2178 2118
f 1466 1478 1479 1467
f 2111 2171 2172 2112
f 1872 1935 1936 1873
f 1965 2023 2024 1966
f 1127 1159 1160 1128
f 553 578 579 554
f 792 827 828 793
f 2109 2169 2170 2110
f 2326 2390 2391 2327
f 2103 2163 2164 2104
f 3242 3289 3290 3243
f 1285 1313 1314 1286
f 1495 1496 1499 1498
f 726 761 762 727
f 361 380 379 360
f 2085 2146 2147 2086
f 2851 2852 2854 2853
f 2207 2265 2266 2208
f 2248 2306 2307 2249
f 1619 1662 1663 1620
f 1519 1548 1550 1549
f 838 872 873 839
f 832 867 868 833
f 2021 2084 2085 2022
f 2142 2202 2203 2143
f 1068 1100 1099 1067
f 1705 1762 1763 1706
f 1699 1756 1757 1700
f 1399 1417 1418 1400
f 846 880 881 847
f 1016 1048 1049 1017
f 1123 1155 1156 1124
f 2134 2194 2195 2135
f 1100 1132 1131 1099
f 2152 2212 2213 2153
f 46 66 68 45
f 1220 1241 1242 1221
f 265 291 290 266
f 856 890 891 857
f 2033 2094 2095 2034
f 2110 2170 2171 2111
f 2314 2377 2378 2313
f 3140 3194 3195 3141
f 1779 1833 1834 1780
f 1631 1674 1675 1632
f 878 912 913 879
f 1569 1618 1619 1571
f 2301 2359 2360 2302
f 1506 1507 1509 1508
f 2887 2952 2953 2888
f 2240 2298 2299 2241
f 3341 3378 3379 3342
f 1607 1654 1655 1609
f 1084 1116 1117 1085
f 2875 2940 2941 2876
f 3234 3281 3282 3235
f 1595 1643 1644 1596
f 1543 1580 1581 1544
f 910 943 944 911
f 800 835 837 802
f 634 675 676 635
f 2449 2494 2495 2450
f 2183 2243 2244 2184
f 2908 2972 2971 2907
f 419 435 436 420
f 1423 1440 1441 1424
f 918 951 952 919
f 912 945 946 913
f 2181 2241 2242 2182
f 2318 2382 2383 2319
f 2175 2235 2236 2176
f 3393 3427 3428 3394
f 1923 1982 1983 1924
f 1135 1166 1167 1136
f 2187 2247 2248 2188
f 920 953 954 921
f 2173 2233 2234 2174
f 2811 2897 2898 2812
f 2151 2211 2212 2152
f 2408 2468 2469 2409
f 954 987 988 955
f 41 55 56 42
f 854 888 889 855
f 817 852 853 818
f 2077 2138 2140 2079
f 2206 2264 2265 2207
f 2087 2148 2149 2089
f 2892 2957 2958 2893
f 1891 1954 1955 1892
f 3006 3067 3068 3007
f 1441 1455 1456 1442
f 952 985 986 953
f 2293 2351 2352 2294
f 2198 2256 2258 2200
f 1959 2017 2018 1960
f 2216 2274 2275 2217
f 1026 1058 1059 1027
f 774 809 810 775
f 982 1015 1016 983
f 984 1017 1018 985
f 578 600 601 579
f 2302 2360 2361 2303
f 1465 1477 1478 1466
f 2208 2266 2267 2209
f 2059 2120 2121 2060
f 932 965 966 933
f 137 160 161 138
f 992 1025 1026 993
f 2184 2244 2245 2185
f 2043 2104 2105 2044
f 2988 3049 3050 2989
f 948 981 982 949
f 1014 1046 1047 1015
f 2236 2294 2295 2237
f 1163 1192 1191 1162
f 1482 1523 1524 1484
f 2431 2432 2433 2372
f 2940 3003 3004 2941
f 2107 2167 2168 2108
f 1887 1950 1951 1888
f 1038 1070 1071 1039
f 928 961 962 929
f 570 592 594 572
f 2915 2978 2979 2916
f 2434 2479 2480 2435
f 3337 3374 3375 3338
f 1875 1938 1939 1876
f 1044 1076 1077 1045
f 1046 1078 1079 1047
f 3153 3202 3203 3154
f 2469 2514 2515 2470
f 1514 1515 1517 1516
f 2247 2305 2306 2248
f 2400 2460 2461 2401
f 1611 1656 1657 1613
f 2028 2090 2091 2027
f 673 711 712 674
f 3082 3139 3140 3083
f 1139 1170 1171 1140
f 2942 3005 3006 2943
f 1436 1450 1451 1437
f 3266 3310 3311 3267
f 1267 1287 1288 1268
f 1020 1052 1053 1021
f 990 1023 1024 991
f 161 189 190 162
f 2269 2327 2328 2270
f 2899 2964 2965 2900
f 1140 1171 1172 1141
f 2272 2330 2331 2273
f 3284 3328 3329 3285
f 1967 1969 1968 1908
f 1110 1142 1143 1111
f 1088 1120 1121 1089
f 2261 2319 2320 2262
f 2278 2336 2337 2279
f 2367 2423 2424 2368
f 2264 2322 2323 2265
f 1134 1165 1166 1135
f 1116 1148 1149 1117
f 609 634 635 610
f 1120 1152 1153 1121
f 2221 2279 2280 2222
f 1102 1134 1135 1103
f 1108 1140 1141 1109
f 594 617 618 595
f 2354 2415 2417 2355
f 1092 1124 1125 1093
f 2291 2349 2350 2292
f 1142 1173 1174 1143
f 1104 1136 1137 1105
f 1203 1229 1230 1204
f 2270 2328 2329 2271
f 2295 2353 2354 2296
f 2980 3041 3042 2981
f 3410 3440 3441 3411
f 1076 1108 1109 1077
f 1166 1195 1196 1167
f 1585 1633 1634 1586
f 2049 2110 2111 2050
f 2238 2296 2297 2239
f 2953 3016 3017 2954
f 2392 2452 2453 2393
f 2483 2532 2533 2484
f 2095 2155 2156 2096
f 1174 1203 1204 1175
f 1064 1096 1097 1065
f 2461 2506 2507 2462
f 2182 2242 2243 2183
f 2559 2601 2603 2558
f 3258 3302 3303 3259
f 2435 2480 2481 2436
f 1983 2048 2049 1984
f 1146 1177 1178 1147
f 1168 1197 1198 1169
f 1179 1208 1209 1180
f 2062 2123 2124 2063
f 1148 1179 1180 1149
f 2320 2384 2385 2321
f 2499 2548 2549 2500
f 3164 3213 3214 3165
f 1118 1150 1151 1119
f 1200 1226 1227 1201
f 2325 2389 2390 2326
f 2571 2613 2614 2572
f 2303 2361 2362 2304
f 2313 2378 2379 2315
f 1354 1373 1374 1355
f 1208 1234 1235 1209
f 2317 2381 2382 2318
f 2489 2538 2539 2490
f 2327 2391 2392 2328
f 2603 2647 2648 2604
f 2945 3008 3009 2946
f 2041 2102 2103 2042
f 2319 2383 2384 2320
f 769 804 805 770
f 1294 1322 1323 1295
f 2478 2527 2528 2479
f 2972 3033 3032 2971
f 2587 2629 2630 2588
f 1260 1280 1279 1259
f 1334 1356 1357 1335
f 1248 1269 1270 1249
f 2453 2498 2499 2454
f 2374 2435 2436 2376
f 2287 2345 2346 2288
f 2964 3027 3028 2965
f 2547 2592 2593 2548
f 1252 1273 1274 1253
f 1113 1145 1146 1114
f 1272 1292 1293 1273
f 618 660 661 619
f 2366 2422 2423 2367
f 2386 2446 2447 2387
f 2376 2436 2437 2377
f 1326 1348 1350 1328
f 1236 1257 1258 1237
f 1262 1282 1283 1263
f 1280 1308 1307 1279
f 1243 1264 1265 1244
f 3203 3250 3251 3204
f 1196 1222 1223 1197
f 2344 2408 2409 2345
f 742 777 778 743
f 2202 2260 2261 2203
f 1398 1416 1417 1399
f 3185 3234 3235 3186
f 610 635 636 611
f 1538 1575 1576 1539
f 2897 2962 2963 2898
f 2304 2362 2363 2305
f 1958 2016 2017 1959
f 2391 2451 2452 2392
f 2312 2314 2313 2257
f 1224 1245 1246 1225
f 2475 2524 2525 2476
f 2963 3026 3027 2964
f 3353 3390 3391 3354
f 2699 2744 2745 2700
f 2263 2321 2322 2264
f 3306 3345 3346 3307
f 3201 3248 3249 3202
f 3061 3118 3119 3062
f 1570 1571 1572 1536
f 2551 2596 2597 2552
f 3020 3081 3082 3021
f 2086 2147 2148 2087
f 1407 1425 1426 1408
f 1414 1431 1430 1413
f 1352 1371 1373 1354
f 1227 1248 1249 1228
f 2622 2666 2667 2623
f 1180 1209 1210 1181
f 3012 3073 3074 3013
f 2819 2905 2906 2820
f 2647 2701 2702 2648
f 2329 2393 2394 2330
f 1376 1400 1401 1377
f 2405 2465 2466 2406
f 2947 3010 3011 2948
f 2407 2467 2468 2408
f 2552 2597 2598 2553
f 2931 2994 2995 2932
f 1332 1354 1355 1333
f 1494 1497 1496 1495
f 1416 1433 1434 1417
f 2397 2457 2458 2398
f 2438 2483 2484 2439
f 2399 2459 2460 2400
f 3322 3361 3362 3323
f 2667 2721 2722 2668
f 2719 2764 2765 2720
f 1502 1503 1505 1504
f 2654 2708 2709 2655
f 2365 2421 2422 2366
f 1609 1655 1656 1611
f 2309 2367 2368 2310
f 3362 3399 3400 3363
f 1380 1404 1405 1381
f 2492 2541 2542 2493
f 3386 3420 3421 3387
f 3241 3288 3289 3242
f 2165 2225 2226 2166
f 2430 2476 2477 2432
f 1473 1487 1488 1474
f 2448 2493 2494 2449
f 1562 1600 1601 1563
f 2855 2856 2858 2857
f 1454 1467 1468 1455
f 1488 1528 1529 1489
f 1017 1049 1050 1018
f 2398 2458 2459 2399
f 2543 2588 2589 2544
f 2440 2485 2486 2441
f 1546 1583 1584 1547
f 1404 1422 1423 1405
f 1218 1239 1238 1217
f 753 788 789 754
f 2597 2639 2640 2598
f 593 616 615 592
f 1204 1230 1231 1205
f 2544 2589 2590 2545
f 3051 3108 3109 3052
f 2663 2717 2718 2664
f 89 110 112 91
f 1593 1641 1642 1594
f 690 727 728 692
f 2979 3040 3041 2980
f 2479 2528 2529 2480
f 3385 3419 3420 3386
f 2838 2916 2917 2840
f 2870 2935 2936 2871
f 2485 2534 2535 2486
f 3052 3109 3110 3053
f 2695 2696 2697 2644
f 2394 2454 2455 2395
f 1554 1592 1593 1555
f 2995 3056 3057 2996
f 2271 2329 2330 2272
f 321 343 344 322
f 3122 3176 3177 3123
f 1603 1604 1607 1606
f 2614 2658 2659 2615
f 2879 2944 2945 2880
f 2728 2773 2774 2729
f 2798 2884 2885 2799
f 3121 3175 3176 3122
f 1274 1294 1295 1275
f 1544 1581 1582 1545
f 650 685 686 652
f 177 208 209 180
f 1228 1249 1250 1229
f 793 828 829 794
f 3123 3177 3178 3124
f 1143 1174 1175 1144
f 1630 1673 1674 1631
f 1608 1609 1611 1610
f 1299 1302 1301 1300
f 2518 2565 2566 2521
f 2519 2564 2565 2518
f 3044 3101 3102 3045
f 3321 3360 3361 3322
f 2903 2968 2969 2904
f 1638 1682 1684 1640
f 1576 1624 1625 1577
f 2581 2623 2624 2582
f 2502 2551 2552 2503
f 2503 2552 2553 2504
f 2560 2561 2563 2562
f 1854 1917 1918 1855
f 2488 2537 2538 2489
f 2463 2508 2509 2464
f 1610 1611 1613 1612
f 2235 2293 2294 2236
f 1582 1630 1631 1583
f 2532 2577 2578 2533
f 2129 2189 2190 2130
f 2987 3048 3049 2988
f 2383 2443 2444 2384
f 1745 1746 1748 1747
f 3214 3261 3262 3215
f 1612 1613 1615 1614
f 1606 1607 1609 1608
f 1464 1476 1477 1465
f 2765 2814 2815 2766
f 1602 1605 1604 1603
f 2921 2984 2985 2922
f 3076 3133 3134 3077
f 3451 3477 3478 3452
f 1556 1594 1595 1557
f 1702 1759 1760 1703
f 3034 3090 3092 3035
f 1283 1311 1312 1284
f 2934 2997 2998 2935
f 2498 2547 2548 2499
f 2720 2765 2766 2721
f 3419 3449 3450 3420
f 3007 3068 3069 3008
f 1710 1767 1768 1711
f 2292 2350 2351 2293
f 2565 2607 2608 2566
f 3003 3064 3065 3004
f 2575 2617 2618 2576
f 3314 3353 3354 3315
f 3230 3277 3278 3231
f 2977 3038 3039 2978
f 1121 1153 1154 1122
f 1577 1625 1626 1578
f 2541 2586 2587 2542
f 2990 3051 3052 2991
f 1628 1671 1672 1629
f 3207 3254 3255 3208
f 3126 3180 3181 3127
f 1 4 3 2
f 1672 1719 1720 1673
f 2709 2754 2755 2710
f 3042 3099 3100 3043
f 1420 1437 1438 1421
f 3132 3186 3187 3133
f 167 195 196 168
f 1652 1698 1699 1651
f 2683 2735 2736 2686
f 1712 1769 1770 1713
f 2525 2570 2571 2526
f 2566 2608 2609 2567
f 2450 2495 2496 2451
f 3068 3125 3126 3069
f 2858 2926 2927 2860
f 1700 1757 1758 1701
f 2425 2428 2427 2426
f 2604 2648 2649 2605
f 1331 1353 1352 1330
f 2550 2595 2596 2551
f 1316 1339 1340 1317
f 2576 2618 2619 2577
f 148 171 172 149
f 1708 1765 1766 1709
f 1718 1775 1776 1719
f 1648 1692 1693 1649
f 2081 2142 2143 2082
f 2486 2535 2536 2487
f 2871 2936 2937 2872
f 2648 2702 2703 2649
f 220 249 250 221
f 1716 1773 1774 1717
f 2353 2416 2415 2354
f 196 225 226 197
f 3183 3232 3233 3184
f 682 720 721 683
f 1292 1320 1321 1293
f 175 178 177 176
f 1338 1360 1361 1339
f 2629 2673 2674 2630
f 2873 2938 2939 2874
f 1768 1822 1823 1769
f 3172 3221 3222 3173
f 2621 2665 2666 2622
f 2790 2876 2877 2791
f 1308 1331 1330 1307
f 2712 2757 2758 2713
f 2689 2690 2692 2691
f 1724 1781 1782 1725
f 1862 1925 1926 1863
f 3313 3352 3353 3314
f 2749 2798 2799 2750
f 3067 3124 3125 3068
f 2703 2748 2749 2704
f 2632 2676 2677 2633
f 180 209 210 181
f 64 83 85 84
f 1886 1949 1950 1887
f 1776 1830 1831 1777
f 1339 1361 1362 1340
f 2497 2546 2547 2498
f 2623 2667 2668 2624
f 3100 3154 3155 3101
f 44 58 60 59
f 1836 1890 1891 1837
f 1894 1956 1958 1896
f 785 820 821 786
f 1379 1403 1404 1380
f 2766 2815 2816 2767
f 2607 2651 2652 2608
f 3092 3147 3146 3093
f 3251 3295 3296 3252
f 128 149 150 129
f 569 589 591 590
f 1832 1886 1887 1833
f 1840 1894 1896 1842
f 3106 3160 3161 3107
f 2787 2873 2874 2788
f 1666 1713 1714 1667
f 3496 3513 3514 3497
f 3359 3396 3397 3360
f 1784 1838 1839 1786
f 2662 2716 2717 2663
f 3426 3456 3457 3427
f 332 354 355 333
f 96 117 118 97
f 1838 1892 1893 1839
f 3186 3235 3236 3187
f 1653 1700 1701 1654
f 2468 2513 2514 2469
f 2735 2784 2785 2736
f 2688 2737 2738 2690
f 2082 2143 2144 2083
f 3423 3453 3454 3424
f 1926 1985 1986 1927
f 3226 3273 3274 3227
f 2741 2790 2791 2742
f 2758 2807 2808 2759
f 2490 2539 2540 2491
f 2672 2726 2727 2673
f 540 555 556 541
f 329 351 352 330
f 2739 2788 2789 2740
f 3273 3317 3318 3274
f 2733 2783 2784 2735
f 1650 1652 1651 1605
f 2839 2840 2842 2841
f 2664 2718 2719 2665
f 524 539 540 525
f 272 297 298 273
f 1950 2009 2010 1951
f 1633 1676 1677 1634
f 1371 1395 1397 1373
f 3115 3169 3170 3116
f 2466 2511 2512 2467
f 2624 2668 2669 2625
f 508 523 524 509
f 2600 2602 2601 2559
f 556 581 582 557
f 2521 2566 2567 2522
f 1594 1642 1643 1595
f 1363 1382 1383 1364
f 2751 2800 2801 2752
f 2472 2474 2473 2428
f 1545 1582 1583 1546
f 2754 2803 2804 2755
f 2409 2469 2470 2410
f 1936 1995 1996 1937
f 2781 2867 2868 2782
f 2926 2989 2990 2927
f 2711 2756 2757 2712
f 2144 2204 2205 2145
f 3017 3078 3079 3018
f 1996 2061 2062 1997
f 3194 3243 3244 3195
f 2876 2941 2942 2877
f 2725 2770 2771 2726
f 3099 3153 3154 3100
f 2935 2998 2999 2936
f 1632 1675 1676 1633
f 281 306 307 282
f 3113 3167 3168 3114
f 2022 2085 2086 2023
f 1968 2034 2035 1970
f 2669 2723 2724 2670
f 2734 2782 2783 2733
f 2929 2992 2993 2930
f 496 511 512 497
f 652 686 687 654
f 1988 2053 2054 1989
f 2030 2092 2093 2032
f 1952 2011 2012 1953
f 2645 2699 2700 2646
f 2726 2771 2772 2727
f 2831 2913 2914 2834
f 1703 1760 1761 1704
f 636 677 678 637
f 1972 2037 2038 1973
f 1402 1420 1421 1403
f 1657 1704 1705 1658
f 1340 1362 1363 1341
f 3513 3527 3528 3514
f 2613 2657 2658 2614
f 2702 2747 2748 2703
f 2538 2583 2584 2539
f 1378 1402 1403 1379
f 2097 2157 2158 2098
f 2759 2808 2809 2760
f 700 735 736 701
f 2433 2478 2479 2434
f 2901 2966 2967 2902
f 2743 2792 2793 2744
f 796 831 832 797
f 2150 2210 2211 2151
f 754 789 790 755
f 2815 2901 2902 2816
f 1583 1631 1632 1584
f 2158 2218 2219 2159
f 2837 2838 2840 2839
f 2482 2531 2532 2483
f 1458 1470 1469 1457
f 1313 1336 1337 1314
f 2797 2883 2884 2798
f 3139 3193 3194 3140
f 1396 1414 1413 1395
f 2800 2886 2887 2801
f 836 870 869 835
f 336 358 359 337
f 2803 2889 2890 2804
f 1912 1972 1973 1914
f 1555 1593 1594 1556
f 2556 2559 2558 2557
f 2474 2522 2523 2473
f 3188 3237 3238 3189
f 604 627 628 605
f 2938 3001 3002 2939
f 2102 2162 2163 2103
f 2032 2093 2094 2033
f 2941 3004 3005 2942
f 2918 2981 2982 2919
f 488 503 504 489
f 3450 3476 3477 3451
f 615 657 659 617
f 224 253 254 225
f 2867 2932 2933 2868
f 1641 1685 1686 1642
f 2893 2958 2959 2894
f 2529 2574 2575 2530
f 1372 1396 1395 1371
f 1857 1920 1921 1858
f 1970 2035 2036 1971
f 3431 3461 3462 3432
f 2214 2272 2273 2215
f 2064 2125 2126 2065
f 706 741 742 707
f 3131 3185 3186 3132
f 2791 2877 2878 2792
f 2984 3045 3046 2985
f 2227 2285 2286 2228
f 2020 2083 2084 2021
f 2222 2280 2281 2223
f 1735 1794 1795 1736
f 1052 1084 1085 1053
f 2844 2919 2920 2846
f 2782 2868 2869 2783
f 1011 1043 1044 1012
f 2783 2869 2870 2784
f 632 673 674 633
f 2096 2156 2157 2097
f 2902 2967 2968 2903
f 2808 2894 2895 2809
f 728 763 764 729
f 2104 2164 2165 2105
f 2505 2554 2555 2506
f 2792 2878 2879 2793
f 696 731 730 695
f 3281 3325 3326 3282
f 3171 3220 3221 3172
f 718 753 754 719
f 60 81 82 62
f 2040 2101 2102 2041
f 1634 1677 1678 1635
f 1793 1846 1847 1794
f 1036 1068 1067 1035
f 3156 3205 3206 3157
f 2883 2948 2949 2884
f 3305 3344 3345 3306
f 1467 1479 1480 1468
f 3219 3266 3267 3220
f 2847 2848 2850 2849
f 3228 3275 3276 3229
f 2889 2954 2955 2890
f 2276 2334 2335 2277
f 601 624 625 602
f 2932 2995 2996 2933
f 3045 3102 3103 3046
f 1751 1752 1753 1697
f 2671 2725 2726 2672
f 3482 3504 3505 3483
f 884 918 919 885
f 2268 2326 2327 2269
f 2780 2781 2782 2734
f 809 844 845 810
f 1451 1464 1465 1452
f 3235 3282 3283 3236
f 2567 2609 2610 2568
f 3220 3267 3268 3221
f 2426 2427 2430 2429
f 2252 2310 2311 2253
f 2262 2320 2321 2263
f 2224 2282 2283 2225
f 1459 1471 1472 1460
f 3155 3204 3205 3156
f 2239 2297 2298 2240
f 2976 3037 3038 2977
f 1188 1214 1216 1189
f 944 977 978 945
f 2286 2344 2345 2287
f 2232 2290 2291 2233
f 2869 2934 2935 2870
f 2978 3039 3040 2979
f 1572 1620 1621 1573
f 3212 3259 3260 3213
f 1673 1720 1721 1674
f 2294 2352 2353 2295
f 2789 2875 2876 2790
f 1484 1524 1525 1485
f 2888 2953 2954 2889
f 1172 1201 1202 1173
f 888 922 923 889
f 2891 2956 2957 2892
f 2176 2236 2237 2177
f 722 757 758 723
f 2854 2924 2925 2856
f 2983 3044 3045 2984
f 2872 2937 2938 2873
f 1268 1288 1289 1269
f 784 819 820 785
f 2230 2288 2289 2231
f 2288 2346 2347 2289
f 1499 1538 1539 1501
f 2910 2911 2912 2832
f 1460 1472 1473 1461
f 3260 3304 3305 3261
f 1348 1369 1368 1350
f 504 519 520 505
f 257 285 286 258
f 2948 3011 3012 2949
f 2113 2173 2174 2114
f 2830 2831 2834 2833
f 2951 3014 3015 2952
f 218 247 248 219
f 2591 2633 2634 2592
f 2954 3017 3018 2955
f 1682 1729 1728 1684
f 801 836 835 800
f 3069 3126 3127 3070
f 2630 2674 2675 2631
f 1516 1517 1519 1518
f 1105 1137 1138 1106
f 2655 2709 2710 2656
f 1080 1112 1113 1081
f 2446 2491 2492 2447
f 3004 3065 3066 3005
f 3037 3094 3095 3038
f 2342 2406 2407 2343
f 3119 3173 3174 3120
f 3236 3283 3284 3237
f 1156 1187 1186 1157
f 3225 3272 3273 3226
f 2454 2499 2500 2455
f 2377 2437 2438 2378
f 1483 1521 1523 1482
f 1822 1876 1877 1823
f 3105 3159 3160 3106
f 2944 3007 3008 2945
f 1727 1784 1786 1785
f 2436 2481 2482 2437
f 1193 1219 1220 1194
f 2776 2779 2778 2777
f 2933 2996 2997 2934
f 3259 3303 3304 3260
f 3103 3157 3158 3104
f 2384 2444 2445 2385
f 2390 2450 2451 2391
f 2925 2988 2989 2926
f 2673 2727 2728 2674
f 1500 1501 1503 1502
f 2936 2999 3000 2937
f 1452 1465 1466 1453
f 2862 2928 2929 2864
f 2481 2530 2531 2482
f 2336 2400 2401 2337
f 1507 1542 1543 1509
f 2234 2292 2293 2235
f 2959 3022 3023 2960
f 2920 2983 2984 2921
f 3335 3372 3373 3336
f 2396 2456 2457 2397
f 2473 2523 2524 2475
f 2296 2354 2355 2297
f 1539 1576 1577 1540
f 3182 3231 3232 3183
f 2943 3006 3007 2944
f 2856 2925 2926 2858
f 3303 3342 3343 3304
f 1240 1261 1262 1241
f 3011 3072 3073 3012
f 369 388 389 370
f 730 765 767 732
f 3014 3075 3076 3015
f 2911 2974 2975 2912
f 2297 2355 2356 2298
f 2562 2563 2564 2519
f 2428 2473 2475 2427
f 2582 2624 2625 2583
f 3417 3447 3448 3418
f 702 737 738 703
f 2641 2644 2643 2642
f 2570 2612 2613 2571
f 3316 3355 3356 3317
f 468 486 485 470
f 1048 1080 1081 1049
f 3059 3116 3117 3060
f 2464 2509 2510 2465
f 1523 1553 1554 1524
f 3307 3346 3347 3308
f 1564 1567 1566 1565
f 3120 3174 3175 3121
f 3001 3062 3063 3002
f 1392 1411 1410 1391
f 2590 2632 2633 2591
f 1689 1734 1735 1690
f 2997 3058 3059 2998
f 2982 3043 3044 2983
f 1553 1591 1592 1554
f 11 35 36 13
f 1151 1182 1183 1152
f 1368 1386 1388 1370
f 2606 2650 2651 2607
f 3000 3061 3062 3001
f 761 796 797 762
f 2542 2587 2588 2543
f 2504 2553 2554 2505
f 2989 3050 3051 2990
f 2974 3035 3036 2975
f 1524 1554 1555 1525
f 3412 3442 3443 3413
f 72 96 97 73
f 2574 2616 2617 2575
f 577 599 600 578
f 2536 2581 2582 2537
f 2973 3034 3035 2974
f 2966 3029 3030 2967
f 3023 3084 3085 3024
f 3112 3166 3167 3113
f 3511 3525 3526 3512
f 1536 1572 1573 1535
f 2686 2736 2737 2688
f 1697 1753 1754 1696
f 2909 2973 2974 2911
f 1722 1779 1780 1723
f 3015 3076 3077 3016
f 3072 3129 3130 3073
f 1956 2014 2016 1958
f 1472 1486 1487 1473
f 3075 3132 3133 3076
f 1646 1690 1691 1647
f 2829 2832 2831 2830
f 3078 3135 3136 3079
f 2578 2620 2621 2579
f 3048 3105 3106 3049
f 2690 2738 2739 2692
f 1320 1343 1344 1321
f 585 607 609 587
f 3377 3411 3412 3378
f 3173 3222 3223 3174
f 3267 3311 3312 3268
f 3391 3425 3426 3392
f 3396 3430 3431 3397
f 352 371 372 353
f 1056 1088 1089 1057
f 2646 2700 2701 2647
f 3298 3337 3338 3299
f 2477 2526 2527 2478
f 3323 3362 3363 3324
f 1540 1577 1578 1541
f 3324 3363 3364 3325
f 1900 1962 1963 1901
f 73 97 98 74
f 1209 1235 1236 1210
f 2656 2710 2711 2657
f 3149 3197 3199 3150
f 3174 3223 3224 3175
f 1548 1585 1586 1550
f 2704 2749 2750 2705
f 818 853 854 819
f 1321 1344 1345 1322
f 3063 3120 3121 3064
f 3264 3308 3309 3265
f 1748 1804 1805 1750
f 2732 2734 2733 2684
f 2742 2791 2792 2743
f 3361 3398 3399 3362
f 2123 2183 2184 2124
f 3070 3127 3128 3071
f 3055 3112 3113 3056
f 961 994 995 962
f 1508 1509 1511 1510
f 1808 1862 1863 1809
f 2750 2799 2800 2751
f 2616 2660 2661 2617
f 1835 1889 1890 1836
f 3054 3111 3112 3055
f 2999 3060 3061 3000
f 3308 3347 3348 3309
f 3129 3183 3184 3130
f 1744 1802 1803 1746
f 3209 3256 3257 3210
f 2608 2652 2653 2609
f 2281 2339 2340 2282
f 1714 1771 1772 1715
f 3135 3189 3190 3136
f 3080 3137 3138 3081
f 972 1005 1006 973
f 2652 2706 2707 2653
f 2694 2740 2741 2696
f 2480 2529 2530 2481
f 2201 2259 2260 2202
f 3355 3392 3393 3356
f 1596 1644 1645 1597
f 3040 3097 3098 3041
f 2794 2880 2881 2795
f 1640 1684 1685 1641
f 2806 2892 2893 2807
f 2696 2741 2742 2697
f 1579 1627 1628 1580
f 3315 3354 3355 3316
f 3167 3216 3217 3168
f 3481 3503 3504 3482
f 2060 2121 2122 2061
f 377 396 397 378
f 1201 1227 1228 1202
f 3274 3318 3319 3275
f 3125 3179 3180 3126
f 1728 1787 1789 1730
f 3117 3171 3172 3118
f 3502 3519 3520 3503
f 1505 1541 1542 1507
f 3256 3300 3301 3257
f 2204 2262 2263 2205
f 1928 1987 1988 1929
f 2878 2943 2944 2879
f 616 658 657 615
f 3109 3163 3164 3110
f 3291 3332 3331 3293
f 3263 3307 3308 3264
f 3348 3385 3386 3349
f 2220 2278 2279 2221
f 2868 2933 2934 2869
f 2894 2959 2960 2895
f 2282 2340 2341 2283
f 786 821 822 787
f 3299 3338 3339 3300
f 2682 2683 2686 2685
f 3136 3190 3191 3137
f 824 859 860 825
f 2700 2745 2746 2701
f 1642 1686 1687 1643
f 1090 1122 1123 1091
f 3189 3238 3239 3190
f 3134 3188 3189 3135
f 1580 1628 1629 1581
f 3216 3263 3264 3217
f 2044 2105 2106 2045
f 2860 2927 2928 2862
f 1626 1669 1670 1627
f 3473 3495 3496 3474
f 1651 1699 1700 1653
f 3110 3164 3165 3111
f 3065 3122 3123 3066
f 3388 3422 3423 3389
f 2380 2440 2441 2381
f 2748 2797 2798 2749
f 2537 2582 2583 2538
f 25 42 43 27
f 3229 3276 3277 3230
f 3046 3103 3104 3047
f 3151 3200 3201 3152
f 3248 3291 3293 3249
f 2364 2419 2421 2365
f 2707 2752 2753 2708
f 1627 1670 1671 1628
f 3127 3181 3182 3128
f 3457 3483 3484 3458
f 2332 2396 2397 2333
f 2056 2117 2118 2057
f 1586 1634 1635 1588
f 66 91 92 68
f 3293 3331 3333 3294
f 3342 3379 3380 3343
f 3255 3299 3300 3256
f 3380 3414 3415 3381
f 3083 3140 3141 3084
f 2008 2073 2074 2009
f 1910 1971 1972 1912
f 2896 2961 2962 2897
f 1635 1678 1679 1637
f 1810 1864 1865 1811
f 2602 2645 2646 2601
f 3232 3279 3280 3233
f 2548 2593 2594 2549
f 1888 1951 1952 1889
f 2886 2951 2952 2887
f 2904 2969 2970 2905
f 3197 3246 3245 3199
f 3238 3285 3286 3239
f 1644 1688 1689 1645
f 3440 3466 3467 3441
f 2524 2569 2570 2525
f 153 182 183 155
f 1194 1220 1221 1195
f 425 441 442 426
f 3349 3386 3387 3350
f 3347 3384 3385 3348
f 2642 2643 2645 2602
f 3460 3486 3487 3461
f 1512 1513 1515 1514
f 2192 2252 2253 2193
f 2998 3059 3060 2999
f 3272 3316 3317 3273
f 3181 3230 3231 3182
f 3310 3349 3350 3311
f 3375 3409 3410 3376
f 3474 3496 3497 3475
f 2444 2489 2490 2445
f 2168 2228 2229 2169
f 1620 1663 1664 1621
f 3372 3405 3407 3373
f 2809 2895 2896 2810
f 2256 2315 2316 2258
f 617 659 660 618
f 2952 3015 3016 2953
f 3285 3329 3330 3286
f 3499 3516 3517 3500
f 3231 3278 3279 3232
f 3208 3255 3256 3209
f 536 551 552 537
f 2328 2392 2393 2329
f 3249 3293 3294 3250
f 2960 3023 3024 2961
f 802 837 838 803
f 3334 3371 3372 3335
f 3223 3270 3271 3224
f 3184 3233 3234 3185
f 2628 2672 2673 2629
f 2280 2338 2339 2281
f 3094 3148 3149 3095
f 2912 2975 2976 2913
f 1691 1736 1737 1692
f 1754 1808 1809 1755
f 3199 3245 3247 3200
f 3128 3182 3183 3129
f 1896 1958 1959 1897
f 3345 3382 3383 3346
f 3102 3156 3157 3103
f 773 808 809 774
f 1667 1714 1715 1668
f 3395 3429 3430 3396
f 1676 1723 1724 1677
f 2992 3053 3054 2993
f 2812 2898 2899 2813
f 2432 2477 2478 2433
f 3118 3172 3173 3119
f 3024 3085 3086 3025
f 1675 1722 1723 1676
f 3150 3199 3200 3151
f 3269 3313 3314 3270
f 1746 1803 1804 1748
f 1660 1707 1708 1661
f 75 99 100 76
f 2088 2089 2090 2028
f 2568 2610 2611 2569
f 1706 1763 1764 1707
f 3032 3091 3090 3034
f 3237 3284 3285 3238
f 3494 3511 3512 3495
f 1668 1715 1716 1669
f 179 180 181 154
f 2788 2874 2875 2789
f 1406 1424 1425 1407
f 3062 3119 3120 3063
f 3418 3448 3449 3419
f 3157 3206 3207 3158
f 3326 3365 3366 3327
f 3279 3323 3324 3280
f 53 75 76 54
f 3170 3219 3220 3171
f 2584 2626 2627 2585
f 305 329 330 306
f 3056 3113 3114 3057
f 2169 2229 2230 2170
f 3379 3413 3414 3380
f 2618 2662 2663 2619
f 3352 3389 3390 3353
f 3043 3100 3101 3044
f 2456 2501 2502 2457
f 2601 2646 2647 2603
f 2009 2074 2075 2010
f 3429 3459 3460 3430
f 3430 3460 3461 3431
f 1684 1728 1730 1685
f 3384 3418 3419 3385
f 1698 1755 1756 1699
f 890 924 925 891
f 3294 3333 3334 3295
f 1692 1737 1738 1693
f 35 49 50 36
f 2924 2987 2988 2925
f 2200 2258 2259 2201
f 1249 1270 1271 1250
f 3497 3514 3515 3498
f 3317 3356 3357 3318
f 3278 3322 3323 3279
f 1740 1741 1744 1743
f 3484 3506 3507 3485
f 2996 3057 3058 2997
f 2520 2521 2522 2474
f 2569 2611 2612 2570
f 3152 3201 3202 3153
f 3365 3402 3403 3366
f 3254 3298 3299 3255
f 3327 3366 3367 3328
f 3392 3426 3427 3393
f 3124 3178 3179 3125
f 1664 1711 1712 1665
f 3222 3269 3270 3223
f 3160 3209 3210 3161
f 1827 1881 1882 1828
f 1802 1856 1857 1803
f 3383 3417 3418 3384
f 3416 3446 3447 3417
f 3084 3141 3142 3085
f 3116 3170 3171 3117
f 273 298 299 274
f 3466 3489 3488 3467
f 3389 3423 3424 3390
f 2585 2627 2628 2586
f 3270 3314 3315 3271
f 3240 3287 3288 3241
f 842 876 877 843
f 3478 3500 3501 3479
f 3311 3350 3351 3312
f 3452 3478 3479 3453
f 2592 2634 2635 2593
f 2052 2113 2114 2053
f 3302 3341 3342 3303
f 3514 3528 3529 3515
f 1715 1772 1773 1716
f 3374 3408 3409 3375
f 3399 3433 3434 3400
f 3468 3490 3491 3469
f 2496 2545 2546 2497
f 2611 2655 2656 2612
f 3318 3357 3358 3319
f 3 10 11 6
f 3453 3479 3480 3454
f 3366 3403 3404 3367
f 3271 3315 3316 3272
f 3456 3482 3483 3457
f 2900 2965 2966 2901
f 1775 1829 1830 1776
f 816 851 852 817
f 3176 3225 3226 3177
f 925 958 959 926
f 3358 3395 3396 3359
f 2706 2751 2752 2707
f 3344 3381 3382 3345
f 110 131 133 112
f 3111 3165 3166 3112
f 3312 3351 3352 3313
f 3148 3198 3197 3149
f 782 817 818 783
f 2593 2635 2636 2594
f 3458 3484 3485 3459
f 1723 1780 1781 1724
f 1794 1847 1848 1795
f 292 315 317 293
f 45 68 69 47
f 3346 3383 3384 3347
f 3104 3158 3159 3105
f 3382 3416 3417 3383
f 2427 2475 2476 2430
f 1731 1790 1791 1732
f 3414 3444 3445 3415
f 3447 3473 3474 3448
f 3408 3438 3439 3409
f 2140 2200 2201 2141
f 3180 3229 3230 3181
f 3390 3424 3425 3391
f 3276 3320 3321 3277
f 3381 3415 3416 3382
f 3515 3529 3530 3516
f 48 70 71 49
f 3304 3343 3344 3305
f 3483 3505 3506 3484
f 2810 2896 2897 2811
f 3424 3454 3455 3425
f 1815 1869 1870 1816
f 3064 3121 3122 3065
f 3470 3492 3493 3471
f 3336 3373 3374 3337
f 3357 3394 3395 3358
f 3459 3485 3486 3460
f 3479 3501 3502 3480
f 3280 3324 3325 3281
f 870 904 903 869
f 2880 2945 2946 2881
f 3422 3452 3453 3423
f 3360 3397 3398 3361
f 3501 3518 3519 3502
f 3467 3488 3490 3468
f 2004 2069 2070 2005
f 3504 3521 3522 3505
f 3192 3241 3242 3193
f 201 230 231 202
f 591 612 614 613
f 3476 3498 3499 3477
f 3168 3217 3218 3169
f 3446 3472 3473 3447
f 27 43 44 29
f 3477 3499 3500 3478
f 3475 3497 3498 3476
f 1860 1923 1924 1861
f 3448 3474 3475 3449
f 2784 2870 2871 2785
f 3224 3271 3272 3225
f 1778 1832 1833 1779
f 3320 3359 3360 3321
f 30 32 31 9
f 3438 3463 3465 3439
f 3495 3512 3513 3496
f 3472 3494 3495 3473
f 3356 3393 3394 3357
f 3498 3515 3516 3499
f 2577 2619 2620 2578
f 1753 1807 1808 1754
f 1770 1824 1825 1771
f 58 80 81 60
f 3469 3491 3492 3470
f 3398 3432 3433 3399
f 2738 2787 2788 2739
f 3480 3502 3503 3481
f 3300 3339 3340 3301
f 3008 3069 3070 3009
f 3363 3400 3401 3364
f 61 62 64 63
f 3350 3387 3388 3351
f 2090 2150 2151 2091
f 3512 3526 3527 3513
f 18 19 21 20
f 3190 3239 3240 3191
f 40 54 55 41
f 181 210 211 182
f 2840 2917 2918 2842
f 3200 3247 3248 3201
f 3518 3532 3533 3519
f 545 570 572 547
f 1819 1873 1874 1820
f 2649 2703 2704 2650
f 3049 3106 3107 3050
f 2768 2817 2818 2769
f 3520 3534 3535 3521
