# exported by blender_batch_chars_to_s.py fallback
v 0.874026 -0.052584 0.000000
v 0.880573 -0.051818 0.000000
v 0.880104 -0.057266 0.052460
v 0.870945 -0.057699 0.000000
v 0.889432 -0.051817 0.000000
v 0.889930 -0.057258 0.052844
v 0.896039 -0.052568 0.000000
v 0.899528 -0.057594 0.000000
v 0.864074 -0.060189 0.000000
v 0.870131 -0.065109 0.057808
v 0.860947 -0.065770 0.000000
v 0.880009 -0.065027 0.079217
v 0.889996 -0.065025 0.080845
v 0.899967 -0.065067 0.069592
v 0.909899 -0.059444 0.000000
v 0.909991 -0.065304 0.064909
v 0.919367 -0.059897 0.000000
v 0.919891 -0.065386 0.054247
v 0.925969 -0.060706 0.000000
v 0.929059 -0.065823 0.000000
v 0.854074 -0.068310 0.000000
v 0.860131 -0.073231 0.058083
v 0.850947 -0.073895 0.000000
v 0.870010 -0.073133 0.081686
v 0.880000 -0.073126 0.092565
v 0.890000 -0.073126 0.093974
v 0.899999 -0.073128 0.090561
v 0.910000 -0.073145 0.088206
v 0.919992 -0.073152 0.080590
v 0.929902 -0.073226 0.058354
v 0.935991 -0.068298 0.000000
v 0.939527 -0.073789 0.000000
v 0.844074 -0.076435 0.000000
v 0.850131 -0.081356 0.058095
v 0.840947 -0.082020 0.000000
v 0.860010 -0.081258 0.081874
v 0.870000 -0.081250 0.094132
v 0.880000 -0.081250 0.100413
v 0.890000 -0.081250 0.101916
v 0.900000 -0.081250 0.100710
v 0.910000 -0.081251 0.098983
v 0.920000 -0.081251 0.093805
v 0.929995 -0.081256 0.083530
v 0.939967 -0.081314 0.069983
v 0.949957 -0.075676 0.000000
v 0.949997 -0.081551 0.066674
v 0.959998 -0.075990 0.000000
v 0.960000 -0.081591 0.066246
v 0.970000 -0.076020 0.000000
v 0.970000 -0.081593 0.066217
v 0.979997 -0.076022 0.000000
v 0.979999 -0.081594 0.066024
v 0.989936 -0.076037 0.000000
v 0.989970 -0.081595 0.063828
v 0.999280 -0.076176 0.000000
v 0.999542 -0.081622 0.050952
v 1.005324 -0.076924 0.000000
v 1.006245 -0.081835 0.000000
v 0.834074 -0.084560 0.000000
v 0.840131 -0.089481 0.058094
v 0.830944 -0.090144 0.000000
v 0.850010 -0.089383 0.081858
v 0.860000 -0.089375 0.094130
v 0.870000 -0.089375 0.101177
v 0.880000 -0.089375 0.105524
v 0.890000 -0.089375 0.107055
v 0.900000 -0.089375 0.106501
v 0.910000 -0.089375 0.104830
v 0.920000 -0.089375 0.100483
v 0.930000 -0.089375 0.094987
v 0.939999 -0.089378 0.090353
v 0.950000 -0.089395 0.089253
v 0.960000 -0.089397 0.089221
v 0.970000 -0.089397 0.089289
v 0.979999 -0.089397 0.088762
v 0.989973 -0.089397 0.084510
v 0.999575 -0.089399 0.065383
v 1.006417 -0.089427 0.000000
v 0.824009 -0.092669 0.000000
v 0.830098 -0.097598 0.058458
v 0.820473 -0.098164 0.000000
v 0.840008 -0.097508 0.081849
v 0.850000 -0.097500 0.093900
v 0.860000 -0.097500 0.100224
v 0.870000 -0.097500 0.104100
v 0.880000 -0.097500 0.106079
v 0.890000 -0.097500 0.106673
v 0.900000 -0.097500 0.106358
v 0.910000 -0.097500 0.104952
v 0.920000 -0.097500 0.101356
v 0.930000 -0.097500 0.098119
v 0.940000 -0.097499 0.096732
v 0.950000 -0.097501 0.096665
v 0.960000 -0.097501 0.097470
v 0.970000 -0.097501 0.098198
v 0.979999 -0.097501 0.097230
v 0.989973 -0.097501 0.090734
v 0.999577 -0.097501 0.068420
v 1.006433 -0.097500 0.000000
v 0.774030 -0.101332 0.000000
v 0.780631 -0.100552 0.000000
v 0.780109 -0.105992 0.050112
v 0.770941 -0.106425 0.000000
v 0.790058 -0.100409 0.000000
v 0.790006 -0.105949 0.059427
v 0.800005 -0.100365 0.000000
v 0.800000 -0.105946 0.060937
v 0.810044 -0.100051 0.000000
v 0.810004 -0.105924 0.062115
v 0.820033 -0.105689 0.068134
v 0.830005 -0.105631 0.083107
v 0.840000 -0.105625 0.093812
v 0.850000 -0.105625 0.099246
v 0.860000 -0.105625 0.100575
v 0.870000 -0.105625 0.100366
v 0.880000 -0.105624 0.100424
v 0.890000 -0.105624 0.100469
v 0.900000 -0.105624 0.100279
v 0.910000 -0.105624 0.099082
v 0.920000 -0.105624 0.095154
v 0.929999 -0.105622 0.090516
v 0.940000 -0.105607 0.089392
v 0.950001 -0.105622 0.090297
v 0.960000 -0.105624 0.094378
v 0.970000 -0.105624 0.097396
v 0.979999 -0.105624 0.096869
v 0.989972 -0.105624 0.089676
v 0.999574 -0.105620 0.066562
v 1.006417 -0.105578 0.000000
v 0.764009 -0.108883 0.000000
v 0.770098 -0.113510 0.038464
v 0.760470 -0.114112 0.000000
v 0.780008 -0.113434 0.056346
v 0.790000 -0.113432 0.060524
v 0.800002 -0.113473 0.061436
v 0.810023 -0.113731 0.065168
v 0.820004 -0.113751 0.080350
v 0.830000 -0.113750 0.092127
v 0.840000 -0.113750 0.098453
v 0.850000 -0.113750 0.099095
v 0.860000 -0.113750 0.095287
v 0.869999 -0.113747 0.090836
v 0.880000 -0.113730 0.089723
v 0.890000 -0.113728 0.089588
v 0.900000 -0.113728 0.089441
v 0.910000 -0.113728 0.088216
v 0.919996 -0.113725 0.082331
v 0.929967 -0.113685 0.069886
v 0.940000 -0.113491 0.067123
v 0.950033 -0.113685 0.069868
v 0.960004 -0.113725 0.082240
v 0.970000 -0.113728 0.087881
v 0.979999 -0.113728 0.087689
v 0.989967 -0.113723 0.079867
v 0.999521 -0.113659 0.054694
v 1.006242 -0.113237 0.000000
v 0.713965 -0.117566 0.000000
v 0.720626 -0.116801 0.000000
v 0.720076 -0.122234 0.050029
v 0.710470 -0.122571 0.000000
v 0.730058 -0.116659 0.000000
v 0.729997 -0.122194 0.054829
v 0.739998 -0.116607 0.000000
v 0.739902 -0.122115 0.038348
v 0.750000 -0.116216 0.000000
v 0.749530 -0.121513 0.000000
v 0.760000 -0.119409 0.000000
v 0.770005 -0.119019 0.000000
v 0.780000 -0.118983 0.000000
v 0.790002 -0.119013 0.000000
v 0.800031 -0.119358 0.000000
v 0.810357 -0.121561 0.000000
v 0.820049 -0.121852 0.069520
v 0.830003 -0.121873 0.089878
v 0.840000 -0.121874 0.096138
v 0.850000 -0.121874 0.093353
v 0.859995 -0.121869 0.083540
v 0.869967 -0.121811 0.070018
v 0.879997 -0.121574 0.066706
v 0.890000 -0.121534 0.066266
v 0.900000 -0.121531 0.066101
v 0.909995 -0.121529 0.064483
v 0.919924 -0.121495 0.054627
v 0.929531 -0.121181 0.000000
v 0.940000 -0.119663 0.000000
v 0.950469 -0.121181 0.000000
v 0.960076 -0.121495 0.054616
v 0.970005 -0.121529 0.064330
v 0.979994 -0.121529 0.064305
v 0.989888 -0.121486 0.054151
v 0.998988 -0.121053 0.000000
v 1.005282 -0.118596 0.000000
v 0.673965 -0.125690 0.000000
v 0.680625 -0.124921 0.000000
v 0.680043 -0.130314 0.038572
v 0.670466 -0.130693 0.000000
v 0.690060 -0.124728 0.000000
v 0.690002 -0.130041 0.045440
v 0.700046 -0.124400 0.000000
v 0.700003 -0.129961 0.046840
v 0.710033 -0.129724 0.048915
v 0.719998 -0.129679 0.056331
v 0.729891 -0.129633 0.049761
v 0.739059 -0.129200 0.000000
v 0.745991 -0.126742 0.000000
v 0.820424 -0.129907 0.055054
v 0.813288 -0.129463 0.000000
v 0.830030 -0.129973 0.079754
v 0.840001 -0.129977 0.086395
v 0.849992 -0.129973 0.080403
v 0.859902 -0.129899 0.058346
v 0.869527 -0.129336 0.000000
v 0.879956 -0.127449 0.000000
v 0.889998 -0.127135 0.000000
v 0.899997 -0.127104 0.000000
v 0.909942 -0.127088 0.000000
v 0.919374 -0.126948 0.000000
v 0.926035 -0.126185 0.000000
v 0.960626 -0.126948 0.000000
v 0.953965 -0.126185 0.000000
v 0.970055 -0.127088 0.000000
v 0.979945 -0.127088 0.000000
v 0.989369 -0.126946 0.000000
v 0.995964 -0.126167 0.000000
v 0.623965 -0.133817 0.000000
v 0.630626 -0.133052 0.000000
v 0.630073 -0.138503 0.049522
v 0.620470 -0.138843 0.000000
v 0.640057 -0.132907 0.000000
v 0.639982 -0.138431 0.048025
v 0.650005 -0.132839 0.000000
v 0.649998 -0.138167 0.046774
v 0.660043 -0.132524 0.000000
v 0.659998 -0.138084 0.045438
v 0.669957 -0.137811 0.038572
v 0.679534 -0.137432 0.000000
v 0.689957 -0.135601 0.000000
v 0.699998 -0.135287 0.000000
v 0.709999 -0.135234 0.000000
v 0.719942 -0.135215 0.000000
v 0.729369 -0.135073 0.000000
v 0.735970 -0.134293 0.000000
v 0.821007 -0.137303 0.000000
v 0.814656 -0.134844 0.000000
v 0.830112 -0.137736 0.054016
v 0.840000 -0.137777 0.062670
v 0.849891 -0.137736 0.054075
v 0.859059 -0.137302 0.000000
v 0.865991 -0.134827 0.000000
v 0.573965 -0.141942 0.000000
v 0.580626 -0.141177 0.000000
v 0.580076 -0.146631 0.054472
v 0.570470 -0.146968 0.000000
v 0.590058 -0.141035 0.000000
v 0.590005 -0.146595 0.064169
v 0.600005 -0.140991 0.000000
v 0.600000 -0.146591 0.065425
v 0.610044 -0.140679 0.000000
v 0.610003 -0.146551 0.064342
v 0.620029 -0.146313 0.062495
v 0.629956 -0.146235 0.059933
v 0.639643 -0.145955 0.000000
v 0.649966 -0.143761 0.000000
v 0.659941 -0.143399 0.000000
v 0.669375 -0.143204 0.000000
v 0.676035 -0.142435 0.000000
v 0.830628 -0.143196 0.000000
v 0.824035 -0.142417 0.000000
v 0.840000 -0.143323 0.000000
v 0.849372 -0.143196 0.000000
v 0.855970 -0.142417 0.000000
v 0.534030 -0.150083 0.000000
v 0.540631 -0.149302 0.000000
v 0.540109 -0.154764 0.054176
v 0.530941 -0.155198 0.000000
v 0.550060 -0.149130 0.000000
v 0.550006 -0.154718 0.064314
v 0.560046 -0.148805 0.000000
v 0.560003 -0.154676 0.066239
v 0.570033 -0.154442 0.069260
v 0.580004 -0.154400 0.080807
v 0.590000 -0.154397 0.085481
v 0.600000 -0.154396 0.084349
v 0.609994 -0.154389 0.076850
v 0.619942 -0.154312 0.063128
v 0.629594 -0.154045 0.050530
v 0.636715 -0.153771 0.000000
v 0.524009 -0.157673 0.000000
v 0.530098 -0.162601 0.058275
v 0.520473 -0.163164 0.000000
v 0.540008 -0.162527 0.080107
v 0.550000 -0.162522 0.086514
v 0.560000 -0.162520 0.086821
v 0.570001 -0.162502 0.086225
v 0.579999 -0.162498 0.086100
v 0.590000 -0.162481 0.085518
v 0.599992 -0.162474 0.079045
v 0.609900 -0.162399 0.057534
v 0.619480 -0.161825 0.000000
v 0.629242 -0.159795 0.000000
v 0.635383 -0.158747 0.000000
v 0.483965 -0.166317 0.000000
v 0.490626 -0.165551 0.000000
v 0.490076 -0.171006 0.054618
v 0.480470 -0.171343 0.000000
v 0.500060 -0.165380 0.000000
v 0.500005 -0.170968 0.064489
v 0.510046 -0.165052 0.000000
v 0.510003 -0.170926 0.066505
v 0.520033 -0.170689 0.069787
v 0.530005 -0.170631 0.082815
v 0.540000 -0.170626 0.090919
v 0.550000 -0.170626 0.091159
v 0.559999 -0.170623 0.086910
v 0.569996 -0.170602 0.080956
v 0.579967 -0.170558 0.069134
v 0.589991 -0.170321 0.064610
v 0.599891 -0.170239 0.054096
v 0.609059 -0.169802 0.000000
v 0.615988 -0.167326 0.000000
v 0.443965 -0.174442 0.000000
v 0.450626 -0.173676 0.000000
v 0.450076 -0.179131 0.054622
v 0.440473 -0.179469 0.000000
v 0.460060 -0.173505 0.000000
v 0.460005 -0.179093 0.064504
v 0.470046 -0.173180 0.000000
v 0.470003 -0.179051 0.066541
v 0.480033 -0.178817 0.069839
v 0.490004 -0.178775 0.082221
v 0.500000 -0.178772 0.087866
v 0.510000 -0.178770 0.088846
v 0.520001 -0.178753 0.089047
v 0.530000 -0.178750 0.091486
v 0.540000 -0.178749 0.090939
v 0.549995 -0.178744 0.082659
v 0.559963 -0.178684 0.067952
v 0.569921 -0.178411 0.054938
v 0.579527 -0.178035 0.000000
v 0.589898 -0.176181 0.000000
v 0.599367 -0.175728 0.000000
v 0.605969 -0.174919 0.000000
v 0.413965 -0.182565 0.000000
v 0.420628 -0.181771 0.000000
v 0.420076 -0.187253 0.054653
v 0.410470 -0.187593 0.000000
v 0.430101 -0.181319 0.000000
v 0.430008 -0.187178 0.064939
v 0.440033 -0.186942 0.069737
v 0.450004 -0.186900 0.082303
v 0.460000 -0.186897 0.088085
v 0.470000 -0.186895 0.089332
v 0.480001 -0.186878 0.090371
v 0.490000 -0.186876 0.094147
v 0.500000 -0.186876 0.096327
v 0.510000 -0.186876 0.095499
v 0.520000 -0.186874 0.092303
v 0.529999 -0.186872 0.087726
v 0.539992 -0.186850 0.080241
v 0.549901 -0.186774 0.058256
v 0.559484 -0.186200 0.000000
v 0.569331 -0.184169 0.000000
v 0.576032 -0.183105 0.000000
v 0.374030 -0.190708 0.000000
v 0.380631 -0.189927 0.000000
v 0.380109 -0.195389 0.054218
v 0.370941 -0.195823 0.000000
v 0.390060 -0.189755 0.000000
v 0.390006 -0.195343 0.064491
v 0.400046 -0.189430 0.000000
v 0.400003 -0.195301 0.066556
v 0.410033 -0.195067 0.069874
v 0.420004 -0.195025 0.082341
v 0.430000 -0.195020 0.088340
v 0.440001 -0.195003 0.090644
v 0.450000 -0.195001 0.094950
v 0.460000 -0.195001 0.097944
v 0.470000 -0.195001 0.098310
v 0.480000 -0.195000 0.097557
v 0.490000 -0.195000 0.096658
v 0.500000 -0.194999 0.094015
v 0.509999 -0.194997 0.088929
v 0.519996 -0.194977 0.081995
v 0.529962 -0.194931 0.067932
v 0.539889 -0.194653 0.054632
v 0.549059 -0.194180 0.000000
v 0.555988 -0.191701 0.000000
v 0.364009 -0.198298 0.000000
v 0.370098 -0.203226 0.058357
v 0.360475 -0.203789 0.000000
v 0.380008 -0.203152 0.080588
v 0.390000 -0.203147 0.088074
v 0.400000 -0.203145 0.089557
v 0.410001 -0.203128 0.090808
v 0.420000 -0.203126 0.095189
v 0.430000 -0.203126 0.098921
v 0.440000 -0.203125 0.100132
v 0.450000 -0.203125 0.100672
v 0.460000 -0.203125 0.100133
v 0.470000 -0.203125 0.097997
v 0.480000 -0.203124 0.094321
v 0.489999 -0.203122 0.089075
v 0.499996 -0.203102 0.082214
v 0.509963 -0.203056 0.068096
v 0.519920 -0.202786 0.055033
v 0.529486 -0.202399 0.000000
v 0.539326 -0.200415 0.000000
v 0.545966 -0.199339 0.000000
v 0.333965 -0.206940 0.000000
v 0.340628 -0.206146 0.000000
v 0.340076 -0.211628 0.054653
v 0.330473 -0.211969 0.000000
v 0.350102 -0.205691 0.000000
v 0.350008 -0.211553 0.064948
v 0.360033 -0.211314 0.069881
v 0.370005 -0.211256 0.083595
v 0.380000 -0.211251 0.093877
v 0.390000 -0.211251 0.098821
v 0.400000 -0.211251 0.100073
v 0.410000 -0.211250 0.100439
v 0.420000 -0.211250 0.101643
v 0.430000 -0.211250 0.103551
v 0.440000 -0.211250 0.103357
v 0.450000 -0.211250 0.100255
v 0.460000 -0.211250 0.095241
v 0.469999 -0.211247 0.089340
v 0.479996 -0.211227 0.082253
v 0.489963 -0.211181 0.068106
v 0.499920 -0.210911 0.055048
v 0.509486 -0.210524 0.000000
v 0.519331 -0.208541 0.000000
v 0.526028 -0.207479 0.000000
v 0.303965 -0.215065 0.000000
v 0.310628 -0.214271 0.000000
v 0.310076 -0.219753 0.054653
v 0.300473 -0.220094 0.000000
v 0.320101 -0.213819 0.000000
v 0.320008 -0.219678 0.064940
v 0.330033 -0.219442 0.069742
v 0.340004 -0.219400 0.082345
v 0.350000 -0.219395 0.088355
v 0.360001 -0.219378 0.090725
v 0.370000 -0.219375 0.095639
v 0.380000 -0.219375 0.101000
v 0.390000 -0.219375 0.104020
v 0.400000 -0.219375 0.104587
v 0.410000 -0.219375 0.103772
v 0.420000 -0.219375 0.101653
v 0.430000 -0.219375 0.100259
v 0.440000 -0.219374 0.098770
v 0.450000 -0.219374 0.093772
v 0.459995 -0.219369 0.083435
v 0.469963 -0.219309 0.068258
v 0.479920 -0.219036 0.055059
v 0.489486 -0.218649 0.000000
v 0.499331 -0.216666 0.000000
v 0.506028 -0.215604 0.000000
v 0.273965 -0.223190 0.000000
v 0.280629 -0.222396 0.000000
v 0.280076 -0.227878 0.054654
v 0.270470 -0.228218 0.000000
v 0.290101 -0.221944 0.000000
v 0.290008 -0.227803 0.064940
v 0.300033 -0.227567 0.069742
v 0.310004 -0.227525 0.082347
v 0.320000 -0.227520 0.088358
v 0.330001 -0.227503 0.090715
v 0.340000 -0.227501 0.095318
v 0.350000 -0.227501 0.099090
v 0.360000 -0.227500 0.100329
v 0.370000 -0.227500 0.101624
v 0.380000 -0.227500 0.103306
v 0.390000 -0.227500 0.102245
v 0.400000 -0.227500 0.100546
v 0.410000 -0.227499 0.098982
v 0.420000 -0.227499 0.095185
v 0.429999 -0.227497 0.090664
v 0.440000 -0.227480 0.088199
v 0.449992 -0.227473 0.080588
v 0.459901 -0.227399 0.058332
v 0.469484 -0.226825 0.000000
v 0.479331 -0.224794 0.000000
v 0.486028 -0.223729 0.000000
v 0.703132 -0.223455 0.000000
v 0.706873 -0.223455 0.000000
v 0.709187 -0.228376 0.000000
v 0.700886 -0.228369 0.000000
v 0.234030 -0.231333 0.000000
v 0.240631 -0.230552 0.000000
v 0.240109 -0.236014 0.054218
v 0.230941 -0.236448 0.000000
v 0.250060 -0.230380 0.000000
v 0.250006 -0.235968 0.064491
v 0.260046 -0.230055 0.000000
v 0.260003 -0.235927 0.066557
v 0.270033 -0.235692 0.069877
v 0.280004 -0.235650 0.082354
v 0.290000 -0.235645 0.088363
v 0.300001 -0.235628 0.090731
v 0.310000 -0.235626 0.095357
v 0.320000 -0.235626 0.099157
v 0.330000 -0.235625 0.100676
v 0.340000 -0.235625 0.102659
v 0.350000 -0.235625 0.104757
v 0.360000 -0.235625 0.104075
v 0.370000 -0.235625 0.101592
v 0.380000 -0.235625 0.099278
v 0.390000 -0.235624 0.095316
v 0.399999 -0.235622 0.090708
v 0.410000 -0.235605 0.088346
v 0.419996 -0.235600 0.082335
v 0.429967 -0.235558 0.069739
v 0.439991 -0.235321 0.064918
v 0.449891 -0.235239 0.054247
v 0.459059 -0.234802 0.000000
v 0.465988 -0.232326 0.000000
v 0.694736 -0.230712 0.000000
v 0.700515 -0.235660 0.037348
v 0.693950 -0.235629 0.000000
v 0.709907 -0.235735 0.047221
v 0.715936 -0.230818 0.000000
v 0.719054 -0.236395 0.000000
v 0.224009 -0.238923 0.000000
v 0.230098 -0.243851 0.058358
v 0.220473 -0.244414 0.000000
v 0.240008 -0.243777 0.080590
v 0.250000 -0.243772 0.088084
v 0.260000 -0.243770 0.089577
v 0.270001 -0.243753 0.090870
v 0.280000 -0.243751 0.095377
v 0.290000 -0.243751 0.099227
v 0.300000 -0.243750 0.100865
v 0.310000 -0.243750 0.102988
v 0.320000 -0.243750 0.105105
v 0.330000 -0.243750 0.105397
v 0.340000 -0.243750 0.105361
v 0.350000 -0.243750 0.104756
v 0.360000 -0.243750 0.101187
v 0.370000 -0.243750 0.095527
v 0.379999 -0.243747 0.089518
v 0.389996 -0.243727 0.082478
v 0.399967 -0.243683 0.069749
v 0.409992 -0.243447 0.064940
v 0.419924 -0.243372 0.054652
v 0.429527 -0.243031 0.000000
v 0.439898 -0.241181 0.000000
v 0.449367 -0.240728 0.000000
v 0.455970 -0.239919 0.000000
v 0.700887 -0.243374 0.000000
v 0.694726 -0.240599 0.000000
v 0.710073 -0.243732 0.060610
v 0.719873 -0.243855 0.054654
v 0.725926 -0.238935 0.000000
v 0.729053 -0.244520 0.000000
v 0.173965 -0.247567 0.000000
v 0.180626 -0.246802 0.000000
v 0.180076 -0.252256 0.054608
v 0.170470 -0.252593 0.000000
v 0.190058 -0.246660 0.000000
v 0.190005 -0.252221 0.064470
v 0.200005 -0.246616 0.000000
v 0.200000 -0.252216 0.066116
v 0.210044 -0.246301 0.000000
v 0.210003 -0.252176 0.066686
v 0.220033 -0.251939 0.070009
v 0.230005 -0.251881 0.083599
v 0.240000 -0.251876 0.093904
v 0.250000 -0.251876 0.098966
v 0.260000 -0.251876 0.100336
v 0.270000 -0.251875 0.101039
v 0.280000 -0.251875 0.103104
v 0.290000 -0.251875 0.105619
v 0.300000 -0.251875 0.106605
v 0.310000 -0.251875 0.106969
v 0.320000 -0.251875 0.105659
v 0.330000 -0.251875 0.102801
v 0.340000 -0.251875 0.100676
v 0.350000 -0.251874 0.098982
v 0.360000 -0.251874 0.093897
v 0.369995 -0.251869 0.083463
v 0.379963 -0.251809 0.068271
v 0.389921 -0.251536 0.055089
v 0.399527 -0.251160 0.000000
v 0.409899 -0.249306 0.000000
v 0.419372 -0.248854 0.000000
v 0.426035 -0.248060 0.000000
v 0.710371 -0.251873 0.066104
v 0.703143 -0.251840 0.000000
v 0.720015 -0.251883 0.076601
v 0.729867 -0.251981 0.057492
v 0.735921 -0.247060 0.000000
v 0.738990 -0.252643 0.000000
v 0.084703 -0.255596 0.000000
v 0.090724 -0.254892 0.000000
v 0.090493 -0.260003 0.036517
v 0.083946 -0.260000 0.000000
v 0.100064 -0.254759 0.000000
v 0.100036 -0.260042 0.045447
v 0.110005 -0.254768 0.000000
v 0.110034 -0.260276 0.048920
v 0.120000 -0.254771 0.000000
v 0.120004 -0.260318 0.057865
v 0.130000 -0.254771 0.000000
v 0.130000 -0.260323 0.060671
v 0.140000 -0.254770 0.000000
v 0.140001 -0.260340 0.061599
v 0.150002 -0.254740 0.000000
v 0.150000 -0.260341 0.064172
v 0.160043 -0.254429 0.000000
v 0.160003 -0.260301 0.066004
v 0.170033 -0.260067 0.069548
v 0.180004 -0.260025 0.082100
v 0.190000 -0.260022 0.088004
v 0.200000 -0.260022 0.089225
v 0.210000 -0.260020 0.089497
v 0.220001 -0.260003 0.090698
v 0.230000 -0.260000 0.095605
v 0.240000 -0.260000 0.101240
v 0.250000 -0.260000 0.105091
v 0.260000 -0.260000 0.106377
v 0.270000 -0.260000 0.106795
v 0.280000 -0.260000 0.107373
v 0.290000 -0.260000 0.107357
v 0.300000 -0.260000 0.106625
v 0.310000 -0.260000 0.105332
v 0.320000 -0.260000 0.101458
v 0.330000 -0.260000 0.095809
v 0.339999 -0.259997 0.090762
v 0.350000 -0.259980 0.088219
v 0.359992 -0.259973 0.080597
v 0.369901 -0.259899 0.058333
v 0.379484 -0.259325 0.000000
v 0.389331 -0.257294 0.000000
v 0.396031 -0.256230 0.000000
v 0.710419 -0.260000 0.068205
v 0.703524 -0.259998 0.000000
v 0.720026 -0.260000 0.086797
v 0.729970 -0.260007 0.080365
v 0.739573 -0.260091 0.055156
v 0.745341 -0.255152 0.000000
v 0.746668 -0.260548 0.000000
v 0.090726 -0.265140 0.000000
v 0.084704 -0.264406 0.000000
v 0.100107 -0.265586 0.000000
v 0.110473 -0.267429 0.000000
v 0.120076 -0.267769 0.050525
v 0.130008 -0.267844 0.059888
v 0.140033 -0.268083 0.064395
v 0.150005 -0.268141 0.076955
v 0.160000 -0.268144 0.084621
v 0.170001 -0.268128 0.087980
v 0.180000 -0.268126 0.093246
v 0.190000 -0.268126 0.097316
v 0.200000 -0.268126 0.098437
v 0.210000 -0.268126 0.098643
v 0.220000 -0.268125 0.099144
v 0.230000 -0.268125 0.101178
v 0.240000 -0.268125 0.104199
v 0.250000 -0.268125 0.106007
v 0.260000 -0.268125 0.106497
v 0.270000 -0.268125 0.106424
v 0.280000 -0.268125 0.105591
v 0.290000 -0.268125 0.103089
v 0.300000 -0.268125 0.100863
v 0.310000 -0.268124 0.099056
v 0.320000 -0.268124 0.093925
v 0.329995 -0.268119 0.083608
v 0.339967 -0.268061 0.069883
v 0.349991 -0.267821 0.064927
v 0.359891 -0.267739 0.054248
v 0.369059 -0.267302 0.000000
v 0.375988 -0.264826 0.000000
v 0.710419 -0.268125 0.068899
v 0.703524 -0.268127 0.000000
v 0.720027 -0.268125 0.090292
v 0.729997 -0.268126 0.089538
v 0.739918 -0.268156 0.069677
v 0.749169 -0.268545 0.000000
v 0.120628 -0.273230 0.000000
v 0.113965 -0.272437 0.000000
v 0.130101 -0.273685 0.000000
v 0.140475 -0.275586 0.000000
v 0.150098 -0.276150 0.057566
v 0.160008 -0.276226 0.079218
v 0.170001 -0.276247 0.087099
v 0.180000 -0.276249 0.093154
v 0.190000 -0.276249 0.097310
v 0.200000 -0.276249 0.098433
v 0.210000 -0.276249 0.098592
v 0.220000 -0.276249 0.098705
v 0.230000 -0.276249 0.099186
v 0.240000 -0.276249 0.099970
v 0.250000 -0.276249 0.100365
v 0.260000 -0.276249 0.100441
v 0.270000 -0.276249 0.100286
v 0.280000 -0.276249 0.099159
v 0.290000 -0.276249 0.095364
v 0.299999 -0.276247 0.090726
v 0.310000 -0.276230 0.088221
v 0.319992 -0.276223 0.080598
v 0.329902 -0.276149 0.058358
v 0.339525 -0.275586 0.000000
v 0.349898 -0.273684 0.000000
v 0.359367 -0.273228 0.000000
v 0.365969 -0.272419 0.000000
v 0.710371 -0.276252 0.069442
v 0.703143 -0.276285 0.000000
v 0.720025 -0.276250 0.091700
v 0.730001 -0.276250 0.094844
v 0.739993 -0.276254 0.084109
v 0.749875 -0.276331 0.058593
v 0.755940 -0.271385 0.000000
v 0.758987 -0.277015 0.000000
v 0.150941 -0.283555 0.000000
v 0.144009 -0.281077 0.000000
v 0.160112 -0.284028 0.054527
v 0.170038 -0.284306 0.067851
v 0.180004 -0.284350 0.081964
v 0.190000 -0.284353 0.087998
v 0.200000 -0.284353 0.089217
v 0.210000 -0.284353 0.089352
v 0.220000 -0.284353 0.089371
v 0.230000 -0.284353 0.089431
v 0.240000 -0.284353 0.089536
v 0.250000 -0.284353 0.089579
v 0.260000 -0.284353 0.089578
v 0.270000 -0.284353 0.089441
v 0.280000 -0.284353 0.088221
v 0.289996 -0.284350 0.082340
v 0.299967 -0.284308 0.069742
v 0.309991 -0.284071 0.064918
v 0.319891 -0.283989 0.054247
v 0.329059 -0.283552 0.000000
v 0.335991 -0.281077 0.000000
v 0.710083 -0.284402 0.072319
v 0.700884 -0.284757 0.000000
v 0.720004 -0.284376 0.093465
v 0.730000 -0.284375 0.099220
v 0.739999 -0.284375 0.094156
v 0.749967 -0.284381 0.081261
v 0.759521 -0.284463 0.054846
v 0.765282 -0.279525 0.000000
v 0.766244 -0.284888 0.000000
v 0.160674 -0.289790 0.000000
v 0.154034 -0.288714 0.000000
v 0.170514 -0.291771 0.000000
v 0.180078 -0.292119 0.054583
v 0.190005 -0.292154 0.064469
v 0.200000 -0.292156 0.066086
v 0.210000 -0.292156 0.066220
v 0.220000 -0.292156 0.066227
v 0.230000 -0.292156 0.066231
v 0.240000 -0.292156 0.066238
v 0.250000 -0.292156 0.066241
v 0.260000 -0.292156 0.066235
v 0.270000 -0.292156 0.066100
v 0.279995 -0.292154 0.064483
v 0.289924 -0.292119 0.054623
v 0.299527 -0.291781 0.000000
v 0.309898 -0.289931 0.000000
v 0.319367 -0.289478 0.000000
v 0.325970 -0.288669 0.000000
v 0.694695 -0.287597 0.000000
v 0.700466 -0.292562 0.055493
v 0.693718 -0.293011 0.000000
v 0.710031 -0.292503 0.084038
v 0.720001 -0.292500 0.097686
v 0.730000 -0.292500 0.103543
v 0.739999 -0.292500 0.100428
v 0.749973 -0.292500 0.090550
v 0.759578 -0.292505 0.066698
v 0.766455 -0.292549 0.000000
v 0.180626 -0.297573 0.000000
v 0.173969 -0.296807 0.000000
v 0.190058 -0.297713 0.000000
v 0.200003 -0.297728 0.000000
v 0.210000 -0.297728 0.000000
v 0.220000 -0.297728 0.000000
v 0.230000 -0.297728 0.000000
v 0.240000 -0.297728 0.000000
v 0.250000 -0.297728 0.000000
v 0.260000 -0.297728 0.000000
v 0.269997 -0.297728 0.000000
v 0.279942 -0.297713 0.000000
v 0.289374 -0.297573 0.000000
v 0.296035 -0.296808 0.000000
v 0.700373 -0.300631 0.067113
v 0.693162 -0.300707 0.000000
v 0.710025 -0.300625 0.091052
v 0.720001 -0.300625 0.101739
v 0.730000 -0.300625 0.106808
v 0.739999 -0.300625 0.103591
v 0.749975 -0.300625 0.093234
v 0.759629 -0.300627 0.069350
v 0.766856 -0.300663 0.000000
v 0.700082 -0.308777 0.072181
v 0.690881 -0.309134 0.000000
v 0.710004 -0.308751 0.094196
v 0.720000 -0.308750 0.104394
v 0.730000 -0.308750 0.108190
v 0.740000 -0.308750 0.103991
v 0.749996 -0.308751 0.093684
v 0.759917 -0.308776 0.071462
v 0.769113 -0.309126 0.000000
v 0.684640 -0.311974 0.000000
v 0.690417 -0.316939 0.055851
v 0.683331 -0.317419 0.000000
v 0.700028 -0.316878 0.084133
v 0.710001 -0.316875 0.097977
v 0.720000 -0.316875 0.105285
v 0.730000 -0.316875 0.105924
v 0.740000 -0.316875 0.101015
v 0.749999 -0.316875 0.092434
v 0.759963 -0.316871 0.076101
v 0.769475 -0.316848 0.043377
v 0.775274 -0.311901 0.000000
v 0.776049 -0.316871 0.000000
v 0.690081 -0.325030 0.069935
v 0.680831 -0.325419 0.000000
v 0.700004 -0.325001 0.091812
v 0.710000 -0.325000 0.101712
v 0.720000 -0.325000 0.105679
v 0.730000 -0.325000 0.102170
v 0.740000 -0.325000 0.094576
v 0.749991 -0.324993 0.081733
v 0.759866 -0.324894 0.057409
v 0.768983 -0.324237 0.000000
v 0.775255 -0.321796 0.000000
v 0.674056 -0.328260 0.000000
v 0.680121 -0.333206 0.058672
v 0.670946 -0.333892 0.000000
v 0.690007 -0.333129 0.084438
v 0.700000 -0.333125 0.097571
v 0.710000 -0.333125 0.104441
v 0.720000 -0.333125 0.104445
v 0.730000 -0.333125 0.097575
v 0.739993 -0.333121 0.084435
v 0.749879 -0.333044 0.058659
v 0.759054 -0.332358 0.000000
v 0.765921 -0.329815 0.000000
v 0.664079 -0.336435 0.000000
v 0.670134 -0.341356 0.058047
v 0.661010 -0.342018 0.000000
v 0.680009 -0.341257 0.081941
v 0.690000 -0.341250 0.094626
v 0.700000 -0.341250 0.102100
v 0.710000 -0.341250 0.105586
v 0.720000 -0.341250 0.101663
v 0.729996 -0.341249 0.091795
v 0.739918 -0.341220 0.069933
v 0.749169 -0.340831 0.000000
v 0.755944 -0.337990 0.000000
v 0.654659 -0.344527 0.000000
v 0.660427 -0.349466 0.055227
v 0.653332 -0.349923 0.000000
v 0.670031 -0.349382 0.081325
v 0.680001 -0.349375 0.094232
v 0.690000 -0.349375 0.101483
v 0.700000 -0.349375 0.105452
v 0.710000 -0.349375 0.104591
v 0.719999 -0.349375 0.097521
v 0.729972 -0.349372 0.083870
v 0.739582 -0.349310 0.055803
v 0.746670 -0.348831 0.000000
v 0.414673 -0.353172 0.000000
v 0.420662 -0.352441 0.000000
v 0.420456 -0.357869 0.047112
v 0.413773 -0.358038 0.000000
v 0.429437 -0.352442 0.000000
v 0.429954 -0.357882 0.051305
v 0.436039 -0.353193 0.000000
v 0.439531 -0.358218 0.000000
v 0.660082 -0.357531 0.069882
v 0.650831 -0.357920 0.000000
v 0.670004 -0.357501 0.091474
v 0.680000 -0.357500 0.101177
v 0.690000 -0.357500 0.106342
v 0.700000 -0.357500 0.106831
v 0.710000 -0.357500 0.101869
v 0.719996 -0.357499 0.091820
v 0.729915 -0.357470 0.069882
v 0.739106 -0.357082 0.000000
v 0.745359 -0.354273 0.000000
v 0.420481 -0.365559 0.051031
v 0.413777 -0.365164 0.000000
v 0.430029 -0.365626 0.069785
v 0.439970 -0.365689 0.064378
v 0.449957 -0.360054 0.000000
v 0.449997 -0.365926 0.064541
v 0.459998 -0.360365 0.000000
v 0.460000 -0.365966 0.065576
v 0.470000 -0.360395 0.000000
v 0.470000 -0.365969 0.065918
v 0.480000 -0.360397 0.000000
v 0.480000 -0.365969 0.066060
v 0.490000 -0.360397 0.000000
v 0.490000 -0.365969 0.066182
v 0.500000 -0.360397 0.000000
v 0.500000 -0.365969 0.066214
v 0.510000 -0.360397 0.000000
v 0.510000 -0.365969 0.066228
v 0.520000 -0.360397 0.000000
v 0.520000 -0.365969 0.066238
v 0.530000 -0.360397 0.000000
v 0.530000 -0.365969 0.066240
v 0.540000 -0.360397 0.000000
v 0.540000 -0.365969 0.066241
v 0.550000 -0.360397 0.000000
v 0.550000 -0.365969 0.066241
v 0.560000 -0.360397 0.000000
v 0.560000 -0.365969 0.066236
v 0.569997 -0.360397 0.000000
v 0.570000 -0.365969 0.066100
v 0.579942 -0.360412 0.000000
v 0.579994 -0.365971 0.064461
v 0.589369 -0.360554 0.000000
v 0.589891 -0.366014 0.054217
v 0.595970 -0.361333 0.000000
v 0.599059 -0.366448 0.000000
v 0.644055 -0.360760 0.000000
v 0.650121 -0.365706 0.058674
v 0.640942 -0.366391 0.000000
v 0.660007 -0.365629 0.084450
v 0.670000 -0.365625 0.097744
v 0.680000 -0.365625 0.105772
v 0.690000 -0.365625 0.109416
v 0.700000 -0.365625 0.106267
v 0.709999 -0.365625 0.098110
v 0.719972 -0.365622 0.084142
v 0.729583 -0.365561 0.055849
v 0.736667 -0.365081 0.000000
v 0.421012 -0.372932 0.000000
v 0.414719 -0.370475 0.000000
v 0.430115 -0.373404 0.053160
v 0.440037 -0.373687 0.063577
v 0.450005 -0.373764 0.076894
v 0.460000 -0.373771 0.084486
v 0.470000 -0.373772 0.086789
v 0.480000 -0.373772 0.087955
v 0.490000 -0.373772 0.088863
v 0.500000 -0.373772 0.089197
v 0.510000 -0.373772 0.089392
v 0.520000 -0.373772 0.089528
v 0.530000 -0.373772 0.089572
v 0.540000 -0.373772 0.089586
v 0.550000 -0.373772 0.089596
v 0.560000 -0.373772 0.089592
v 0.570000 -0.373772 0.089448
v 0.580000 -0.373772 0.088086
v 0.589992 -0.373777 0.080591
v 0.599902 -0.373850 0.058363
v 0.605991 -0.368921 0.000000
v 0.609529 -0.374390 0.000000
v 0.634009 -0.368917 0.000000
v 0.640098 -0.373847 0.058511
v 0.630471 -0.374390 0.000000
v 0.650008 -0.373757 0.081971
v 0.660000 -0.373750 0.094695
v 0.670000 -0.373750 0.102736
v 0.680000 -0.373750 0.108745
v 0.690000 -0.373750 0.110128
v 0.700000 -0.373750 0.104785
v 0.709996 -0.373749 0.094237
v 0.719918 -0.373723 0.072183
v 0.729120 -0.373366 0.000000
v 0.735360 -0.370526 0.000000
v 0.430674 -0.379168 0.000000
v 0.424039 -0.378089 0.000000
v 0.440516 -0.381200 0.000000
v 0.450099 -0.381775 0.057545
v 0.460008 -0.381851 0.079198
v 0.470001 -0.381873 0.086890
v 0.480000 -0.381875 0.092126
v 0.490000 -0.381876 0.095620
v 0.500000 -0.381876 0.097441
v 0.510000 -0.381876 0.098855
v 0.520000 -0.381876 0.099874
v 0.530000 -0.381876 0.100265
v 0.540000 -0.381876 0.100444
v 0.550000 -0.381876 0.100585
v 0.560000 -0.381876 0.100642
v 0.570000 -0.381876 0.100469
v 0.580000 -0.381876 0.099108
v 0.590000 -0.381876 0.093951
v 0.599995 -0.381881 0.083620
v 0.609967 -0.381937 0.070054
v 0.620000 -0.375957 0.000000
v 0.620000 -0.382134 0.067173
v 0.630033 -0.381937 0.070057
v 0.640005 -0.381881 0.083674
v 0.650000 -0.381875 0.094475
v 0.660000 -0.381875 0.101847
v 0.670000 -0.381875 0.107502
v 0.680000 -0.381875 0.110769
v 0.690000 -0.381875 0.108711
v 0.699999 -0.381875 0.101964
v 0.709975 -0.381875 0.091054
v 0.719627 -0.381869 0.067112
v 0.726838 -0.381793 0.000000
v 0.450941 -0.389180 0.000000
v 0.444012 -0.386701 0.000000
v 0.460111 -0.389653 0.054526
v 0.470038 -0.389931 0.067840
v 0.480004 -0.389977 0.081982
v 0.490001 -0.389997 0.089006
v 0.500000 -0.390000 0.094732
v 0.510000 -0.390000 0.099897
v 0.520000 -0.390000 0.103597
v 0.530000 -0.390000 0.105307
v 0.540000 -0.390000 0.106486
v 0.550000 -0.390000 0.107528
v 0.560000 -0.390000 0.108088
v 0.570000 -0.390000 0.107987
v 0.580000 -0.390000 0.106360
v 0.590000 -0.390000 0.101814
v 0.600000 -0.390000 0.095916
v 0.609999 -0.390003 0.090957
v 0.620000 -0.390018 0.089894
v 0.630001 -0.390003 0.090957
v 0.640000 -0.390000 0.095932
v 0.650000 -0.390000 0.102008
v 0.660000 -0.390000 0.107576
v 0.670000 -0.390000 0.111466
v 0.680000 -0.390000 0.111172
v 0.690000 -0.390000 0.106128
v 0.699999 -0.390000 0.097696
v 0.709969 -0.389997 0.083800
v 0.719534 -0.389937 0.055444
v 0.726282 -0.389489 0.000000
v 0.460674 -0.395415 0.000000
v 0.454034 -0.394339 0.000000
v 0.470514 -0.397399 0.000000
v 0.480080 -0.397786 0.055040
v 0.490037 -0.398059 0.068232
v 0.500005 -0.398119 0.083382
v 0.510000 -0.398124 0.093788
v 0.520000 -0.398125 0.099315
v 0.530000 -0.398125 0.102737
v 0.540000 -0.398125 0.106535
v 0.550000 -0.398125 0.110275
v 0.560000 -0.398125 0.112717
v 0.570000 -0.398125 0.113563
v 0.580000 -0.398125 0.112086
v 0.590000 -0.398125 0.107980
v 0.600000 -0.398125 0.103750
v 0.610000 -0.398125 0.101323
v 0.620000 -0.398126 0.100825
v 0.630000 -0.398125 0.101323
v 0.640000 -0.398125 0.103756
v 0.650000 -0.398125 0.108054
v 0.660000 -0.398125 0.112436
v 0.670000 -0.398125 0.113779
v 0.680000 -0.398125 0.109628
v 0.690000 -0.398125 0.102387
v 0.699996 -0.398124 0.091867
v 0.709915 -0.398095 0.069880
v 0.719103 -0.397707 0.000000
v 0.725304 -0.394901 0.000000
v 0.480669 -0.403544 0.000000
v 0.473972 -0.402479 0.000000
v 0.490516 -0.405575 0.000000
v 0.500099 -0.406149 0.058336
v 0.510008 -0.406225 0.080722
v 0.520001 -0.406247 0.089402
v 0.530000 -0.406250 0.095702
v 0.540000 -0.406250 0.101831
v 0.550000 -0.406250 0.107365
v 0.560000 -0.406250 0.112016
v 0.570000 -0.406250 0.115329
v 0.580000 -0.406250 0.115860
v 0.590000 -0.406250 0.113392
v 0.600000 -0.406250 0.110472
v 0.610000 -0.406250 0.108911
v 0.620000 -0.406250 0.108592
v 0.630000 -0.406250 0.108915
v 0.640000 -0.406250 0.110521
v 0.650000 -0.406250 0.113658
v 0.660000 -0.406250 0.116305
v 0.670000 -0.406250 0.114203
v 0.680000 -0.406250 0.107485
v 0.689999 -0.406250 0.098299
v 0.699972 -0.406247 0.084169
v 0.709583 -0.406186 0.055852
v 0.716666 -0.405706 0.000000
v 0.500941 -0.413555 0.000000
v 0.494012 -0.411076 0.000000
v 0.510112 -0.414028 0.054683
v 0.520038 -0.414308 0.068254
v 0.530005 -0.414369 0.083528
v 0.540000 -0.414375 0.094457
v 0.550000 -0.414375 0.101816
v 0.560000 -0.414375 0.107655
v 0.570000 -0.414375 0.112685
v 0.580000 -0.414375 0.116246
v 0.590000 -0.414375 0.117307
v 0.600000 -0.414375 0.116492
v 0.610000 -0.414375 0.115688
v 0.620000 -0.414375 0.115501
v 0.630000 -0.414375 0.115747
v 0.640000 -0.414375 0.116935
v 0.650000 -0.414375 0.119054
v 0.660000 -0.414375 0.119510
v 0.670000 -0.414375 0.114471
v 0.680000 -0.414375 0.106251
v 0.689996 -0.414374 0.094809
v 0.699918 -0.414348 0.072468
v 0.709122 -0.413993 0.000000
v 0.715360 -0.411151 0.000000
v 0.510674 -0.419793 0.000000
v 0.504034 -0.418714 0.000000
v 0.520516 -0.421825 0.000000
v 0.530100 -0.422401 0.058478
v 0.540009 -0.422492 0.081917
v 0.550000 -0.422500 0.094334
v 0.560000 -0.422500 0.101881
v 0.570000 -0.422500 0.108001
v 0.580000 -0.422500 0.113763
v 0.590000 -0.422500 0.118527
v 0.600000 -0.422500 0.121104
v 0.610000 -0.422500 0.121890
v 0.620000 -0.422500 0.122092
v 0.630000 -0.422500 0.122331
v 0.640000 -0.422500 0.123149
v 0.650000 -0.422500 0.123884
v 0.660000 -0.422500 0.121368
v 0.670000 -0.422500 0.114666
v 0.679999 -0.422500 0.105984
v 0.689975 -0.422500 0.094022
v 0.699632 -0.422498 0.069733
v 0.706896 -0.422466 0.000000
v 0.530944 -0.429856 0.000000
v 0.524012 -0.427330 0.000000
v 0.540130 -0.430519 0.058102
v 0.550009 -0.430618 0.081954
v 0.560000 -0.430625 0.094724
v 0.570000 -0.430625 0.102969
v 0.580000 -0.430625 0.110405
v 0.590000 -0.430625 0.117444
v 0.600000 -0.430625 0.123294
v 0.610000 -0.430625 0.126904
v 0.620000 -0.430625 0.128370
v 0.630000 -0.430625 0.128830
v 0.640000 -0.430625 0.129114
v 0.650000 -0.430625 0.127919
v 0.660000 -0.430625 0.122550
v 0.670000 -0.430625 0.114833
v 0.679999 -0.430625 0.105996
v 0.689975 -0.430625 0.094022
v 0.699632 -0.430627 0.069733
v 0.706896 -0.430659 0.000000
v 0.540944 -0.437983 0.000000
v 0.534074 -0.435440 0.000000
v 0.550099 -0.438671 0.058790
v 0.560005 -0.438746 0.084760
v 0.570000 -0.438750 0.098388
v 0.580000 -0.438750 0.107710
v 0.590000 -0.438750 0.115902
v 0.600000 -0.438750 0.123483
v 0.610000 -0.438750 0.129836
v 0.620000 -0.438750 0.133744
v 0.630000 -0.438750 0.135019
v 0.640000 -0.438750 0.134156
v 0.650000 -0.438750 0.130128
v 0.660000 -0.438750 0.123111
v 0.670000 -0.438750 0.115066
v 0.680000 -0.438750 0.106302
v 0.689996 -0.438751 0.094810
v 0.699918 -0.438777 0.072464
v 0.709118 -0.439132 0.000000
v 0.550508 -0.446518 0.000000
v 0.544011 -0.443620 0.000000
v 0.560035 -0.446850 0.072877
v 0.570001 -0.446874 0.094904
v 0.580000 -0.446875 0.106339
v 0.590000 -0.446875 0.115096
v 0.600000 -0.446875 0.123230
v 0.610000 -0.446875 0.130967
v 0.620000 -0.446875 0.137347
v 0.630000 -0.446875 0.140222
v 0.640000 -0.446875 0.137920
v 0.650000 -0.446875 0.131655
v 0.660000 -0.446875 0.123930
v 0.670000 -0.446875 0.115961
v 0.680000 -0.446875 0.107698
v 0.689999 -0.446875 0.098283
v 0.699969 -0.446878 0.084085
v 0.709535 -0.446937 0.055495
v 0.715305 -0.441972 0.000000
v 0.716282 -0.447386 0.000000
v 0.560038 -0.455025 0.072826
v 0.550568 -0.455355 0.000000
v 0.570001 -0.455001 0.094900
v 0.580000 -0.455000 0.106339
v 0.590000 -0.455000 0.115101
v 0.600000 -0.455000 0.123290
v 0.610000 -0.455000 0.131395
v 0.620000 -0.455000 0.139055
v 0.630000 -0.455000 0.143665
v 0.640000 -0.455000 0.140417
v 0.650000 -0.455000 0.133287
v 0.660000 -0.455000 0.125538
v 0.670000 -0.455000 0.117908
v 0.680000 -0.455000 0.110296
v 0.689999 -0.455000 0.102184
v 0.699975 -0.455000 0.091081
v 0.709627 -0.455006 0.067114
v 0.716838 -0.455082 0.000000
v 0.544597 -0.458222 0.000000
v 0.550395 -0.463188 0.055918
v 0.543330 -0.463669 0.000000
v 0.560026 -0.463128 0.084190
v 0.570001 -0.463125 0.098319
v 0.580000 -0.463125 0.107708
v 0.590000 -0.463125 0.115966
v 0.600000 -0.463125 0.123964
v 0.610000 -0.463125 0.132012
v 0.620000 -0.463125 0.139892
v 0.630000 -0.463125 0.145182
v 0.640000 -0.463125 0.142342
v 0.650000 -0.463125 0.135441
v 0.660000 -0.463125 0.127944
v 0.670000 -0.463125 0.120606
v 0.680000 -0.463125 0.113266
v 0.690000 -0.463125 0.105239
v 0.699996 -0.463126 0.094270
v 0.709917 -0.463152 0.072180
v 0.719115 -0.463509 0.000000
v 0.550084 -0.471280 0.069887
v 0.540893 -0.471668 0.000000
v 0.560004 -0.471251 0.091873
v 0.570000 -0.471250 0.102465
v 0.580000 -0.471250 0.110392
v 0.590000 -0.471250 0.117935
v 0.600000 -0.471250 0.125520
v 0.610000 -0.471250 0.133230
v 0.620000 -0.471250 0.140674
v 0.630000 -0.471250 0.145668
v 0.640000 -0.471250 0.144068
v 0.650000 -0.471250 0.138003
v 0.660000 -0.471250 0.130685
v 0.670000 -0.471250 0.123217
v 0.680000 -0.471250 0.115577
v 0.690000 -0.471250 0.107536
v 0.699999 -0.471250 0.098223
v 0.709969 -0.471253 0.084062
v 0.719531 -0.471312 0.055468
v 0.725302 -0.466347 0.000000
v 0.726243 -0.471759 0.000000
v 0.534638 -0.474476 0.000000
v 0.540415 -0.479440 0.055834
v 0.533289 -0.479909 0.000000
v 0.550028 -0.479378 0.083887
v 0.560001 -0.479375 0.097762
v 0.570000 -0.479375 0.106554
v 0.580000 -0.479375 0.113840
v 0.590000 -0.479375 0.120791
v 0.600000 -0.479375 0.127681
v 0.610000 -0.479375 0.134313
v 0.620000 -0.479375 0.139985
v 0.630000 -0.479375 0.143451
v 0.640000 -0.479375 0.143840
v 0.650000 -0.479375 0.139884
v 0.660000 -0.479375 0.132991
v 0.670000 -0.479375 0.125418
v 0.680000 -0.479375 0.117847
v 0.690000 -0.479375 0.110260
v 0.699999 -0.479375 0.102144
v 0.709973 -0.479375 0.090991
v 0.719575 -0.479379 0.066734
v 0.726417 -0.479422 0.000000
v 0.540050 -0.487523 0.070316
v 0.530401 -0.487826 0.000000
v 0.550003 -0.487501 0.091880
v 0.560000 -0.487500 0.102403
v 0.570000 -0.487500 0.110174
v 0.580000 -0.487500 0.117217
v 0.590000 -0.487500 0.123653
v 0.600000 -0.487500 0.129020
v 0.610000 -0.487500 0.133072
v 0.620000 -0.487500 0.135814
v 0.630000 -0.487500 0.138131
v 0.640000 -0.487500 0.140182
v 0.650000 -0.487500 0.139762
v 0.660000 -0.487500 0.134858
v 0.670000 -0.487500 0.127809
v 0.680000 -0.487500 0.120449
v 0.690000 -0.487500 0.113050
v 0.699999 -0.487500 0.104896
v 0.709973 -0.487500 0.093389
v 0.719577 -0.487500 0.069046
v 0.726436 -0.487502 0.000000
v 0.514033 -0.491283 0.000000
v 0.520662 -0.490174 0.000000
v 0.520111 -0.495970 0.054734
v 0.510945 -0.496446 0.000000
v 0.530029 -0.495666 0.068830
v 0.540003 -0.495627 0.086092
v 0.550000 -0.495625 0.097968
v 0.560000 -0.495625 0.106542
v 0.570000 -0.495625 0.113631
v 0.580000 -0.495625 0.119758
v 0.590000 -0.495625 0.124485
v 0.600000 -0.495625 0.127083
v 0.610000 -0.495625 0.128488
v 0.620000 -0.495625 0.129779
v 0.630000 -0.495625 0.131921
v 0.640000 -0.495625 0.134930
v 0.650000 -0.495625 0.137314
v 0.660000 -0.495625 0.135888
v 0.670000 -0.495625 0.129927
v 0.680000 -0.495625 0.122404
v 0.690000 -0.495625 0.114484
v 0.699999 -0.495625 0.105802
v 0.709973 -0.495625 0.093876
v 0.719581 -0.495625 0.069335
v 0.726474 -0.495627 0.000000
v 0.504074 -0.498939 0.000000
v 0.510131 -0.503859 0.057960
v 0.500947 -0.504520 0.000000
v 0.520009 -0.503775 0.080718
v 0.530001 -0.503752 0.089486
v 0.540000 -0.503750 0.096152
v 0.550000 -0.503750 0.103065
v 0.560000 -0.503750 0.110077
v 0.570000 -0.503750 0.116072
v 0.580000 -0.503750 0.119810
v 0.590000 -0.503750 0.121348
v 0.600000 -0.503750 0.121901
v 0.610000 -0.503750 0.122307
v 0.620000 -0.503750 0.123385
v 0.630000 -0.503750 0.125760
v 0.640000 -0.503750 0.129369
v 0.650000 -0.503750 0.133429
v 0.660000 -0.503750 0.135165
v 0.670000 -0.503750 0.130491
v 0.680000 -0.503750 0.122978
v 0.690000 -0.503750 0.114838
v 0.699999 -0.503750 0.105983
v 0.709975 -0.503750 0.094014
v 0.719629 -0.503752 0.069708
v 0.726857 -0.503785 0.000000
v 0.494074 -0.507060 0.000000
v 0.500131 -0.511981 0.058094
v 0.490947 -0.512645 0.000000
v 0.510010 -0.511883 0.081846
v 0.520000 -0.511876 0.093877
v 0.530000 -0.511875 0.099738
v 0.540000 -0.511875 0.103579
v 0.550000 -0.511875 0.108232
v 0.560000 -0.511875 0.113168
v 0.570000 -0.511875 0.116087
v 0.580000 -0.511875 0.116172
v 0.590000 -0.511875 0.115616
v 0.600000 -0.511875 0.115485
v 0.610000 -0.511875 0.115748
v 0.620000 -0.511875 0.117001
v 0.630000 -0.511875 0.119790
v 0.640000 -0.511875 0.123946
v 0.650000 -0.511875 0.128863
v 0.660000 -0.511875 0.132429
v 0.670000 -0.511875 0.129953
v 0.680000 -0.511875 0.123097
v 0.690000 -0.511875 0.115054
v 0.700000 -0.511875 0.106289
v 0.709996 -0.511876 0.094794
v 0.719917 -0.511901 0.072446
v 0.729116 -0.512257 0.000000
v 0.484074 -0.515185 0.000000
v 0.490131 -0.520106 0.058097
v 0.480947 -0.520770 0.000000
v 0.500010 -0.520008 0.081895
v 0.510000 -0.520000 0.094317
v 0.520000 -0.520000 0.101681
v 0.530000 -0.520000 0.106756
v 0.540000 -0.520000 0.109951
v 0.550000 -0.520000 0.112953
v 0.560000 -0.520000 0.114666
v 0.570000 -0.520000 0.113089
v 0.580000 -0.520000 0.110427
v 0.590000 -0.520000 0.108906
v 0.600000 -0.520000 0.108592
v 0.610000 -0.520000 0.108916
v 0.620000 -0.520000 0.110546
v 0.630000 -0.520000 0.114003
v 0.640000 -0.520000 0.118886
v 0.650000 -0.520000 0.124552
v 0.660000 -0.520000 0.129451
v 0.670000 -0.520000 0.129509
v 0.680000 -0.520000 0.123551
v 0.690000 -0.520000 0.115794
v 0.700000 -0.520000 0.107509
v 0.709999 -0.520000 0.098054
v 0.719969 -0.520003 0.083832
v 0.729531 -0.520062 0.055241
v 0.735302 -0.515097 0.000000
v 0.736243 -0.520507 0.000000
v 0.474074 -0.523310 0.000000
v 0.480131 -0.528231 0.058097
v 0.470947 -0.528895 0.000000
v 0.490010 -0.528133 0.081896
v 0.500000 -0.528125 0.094331
v 0.510000 -0.528125 0.101838
v 0.520000 -0.528125 0.107685
v 0.530000 -0.528125 0.112348
v 0.540000 -0.528125 0.114741
v 0.550000 -0.528125 0.115237
v 0.560000 -0.528125 0.112880
v 0.570000 -0.528125 0.108206
v 0.580000 -0.528125 0.103791
v 0.590000 -0.528125 0.101326
v 0.600000 -0.528124 0.100825
v 0.610000 -0.528125 0.101327
v 0.620000 -0.528125 0.103807
v 0.630000 -0.528125 0.108411
v 0.640000 -0.528125 0.114326
v 0.650000 -0.528125 0.120842
v 0.660000 -0.528125 0.126929
v 0.670000 -0.528125 0.129257
v 0.680000 -0.528125 0.124137
v 0.690000 -0.528125 0.116681
v 0.700000 -0.528125 0.108813
v 0.709999 -0.528125 0.100380
v 0.719972 -0.528125 0.088902
v 0.729573 -0.528125 0.064330
v 0.736398 -0.528125 0.000000
v 0.464074 -0.531435 0.000000
v 0.470131 -0.536356 0.058097
v 0.460947 -0.537020 0.000000
v 0.480010 -0.536258 0.081896
v 0.490000 -0.536250 0.094331
v 0.500000 -0.536250 0.101842
v 0.510000 -0.536250 0.107743
v 0.520000 -0.536250 0.112791
v 0.530000 -0.536250 0.116124
v 0.540000 -0.536250 0.115827
v 0.550000 -0.536250 0.112936
v 0.560000 -0.536250 0.108608
v 0.570000 -0.536250 0.102704
v 0.580000 -0.536250 0.096260
v 0.589999 -0.536248 0.091008
v 0.600000 -0.536232 0.089900
v 0.610001 -0.536248 0.091013
v 0.620000 -0.536250 0.096325
v 0.630000 -0.536250 0.103153
v 0.640000 -0.536250 0.110481
v 0.650000 -0.536250 0.117877
v 0.660000 -0.536250 0.124750
v 0.670000 -0.536250 0.128242
v 0.680000 -0.536250 0.123389
v 0.690000 -0.536250 0.115785
v 0.700000 -0.536250 0.107511
v 0.709999 -0.536250 0.098059
v 0.719971 -0.536247 0.083853
v 0.729553 -0.536189 0.055307
v 0.736246 -0.535744 0.000000
v 0.454074 -0.539560 0.000000
v 0.460131 -0.544481 0.058097
v 0.450947 -0.545145 0.000000
v 0.470010 -0.544383 0.081896
v 0.480000 -0.544375 0.094331
v 0.490000 -0.544375 0.101841
v 0.500000 -0.544375 0.107738
v 0.510000 -0.544375 0.112778
v 0.520000 -0.544375 0.116345
v 0.530000 -0.544375 0.117069
v 0.540000 -0.544375 0.113512
v 0.550000 -0.544375 0.108185
v 0.560000 -0.544375 0.102803
v 0.570000 -0.544375 0.096404
v 0.579997 -0.544372 0.085947
v 0.589977 -0.544338 0.070609
v 0.600000 -0.544120 0.067278
v 0.610023 -0.544340 0.070685
v 0.620003 -0.544373 0.086517
v 0.630000 -0.544375 0.098527
v 0.640000 -0.544375 0.107717
v 0.650000 -0.544375 0.115917
v 0.660000 -0.544375 0.123341
v 0.670000 -0.544375 0.127509
v 0.680000 -0.544375 0.122799
v 0.690000 -0.544375 0.115059
v 0.700000 -0.544375 0.106325
v 0.709999 -0.544374 0.094882
v 0.719962 -0.544350 0.072803
v 0.729426 -0.544020 0.000000
v 0.735345 -0.541155 0.000000
v 0.444079 -0.547685 0.000000
v 0.450134 -0.552606 0.058044
v 0.441010 -0.553268 0.000000
v 0.460010 -0.552508 0.081892
v 0.470000 -0.552500 0.094331
v 0.480000 -0.552500 0.101841
v 0.490000 -0.552500 0.107733
v 0.500000 -0.552500 0.112718
v 0.510000 -0.552500 0.116054
v 0.520000 -0.552500 0.116691
v 0.530000 -0.552500 0.114659
v 0.540000 -0.552500 0.109731
v 0.550000 -0.552500 0.102994
v 0.560000 -0.552500 0.095796
v 0.569997 -0.552497 0.086838
v 0.579952 -0.552461 0.069163
v 0.589644 -0.552207 0.000000
v 0.599999 -0.550362 0.000000
v 0.610343 -0.552246 0.000000
v 0.620046 -0.552482 0.072932
v 0.630002 -0.552499 0.094837
v 0.640000 -0.552500 0.106302
v 0.650000 -0.552500 0.115039
v 0.660000 -0.552500 0.122746
v 0.670000 -0.552500 0.127281
v 0.680000 -0.552500 0.122766
v 0.690000 -0.552500 0.115065
v 0.700000 -0.552500 0.106337
v 0.709999 -0.552501 0.094897
v 0.719962 -0.552525 0.072819
v 0.729426 -0.552855 0.000000
v 0.434656 -0.555777 0.000000
v 0.440424 -0.560715 0.055257
v 0.433291 -0.561163 0.000000
v 0.450031 -0.560632 0.081327
v 0.460001 -0.560625 0.094261
v 0.470000 -0.560625 0.101835
v 0.480000 -0.560625 0.107734
v 0.490000 -0.560625 0.112714
v 0.500000 -0.560625 0.115906
v 0.510000 -0.560625 0.115978
v 0.520000 -0.560625 0.113284
v 0.530000 -0.560625 0.109751
v 0.540000 -0.560625 0.105307
v 0.550000 -0.560625 0.097762
v 0.559997 -0.560623 0.086023
v 0.569950 -0.560584 0.068286
v 0.579595 -0.560296 0.051886
v 0.586715 -0.560021 0.000000
v 0.620368 -0.560623 0.069742
v 0.613097 -0.560601 0.000000
v 0.630025 -0.560625 0.094015
v 0.640001 -0.560625 0.105982
v 0.650000 -0.560625 0.114809
v 0.660000 -0.560625 0.122556
v 0.670000 -0.560625 0.127280
v 0.680000 -0.560625 0.123288
v 0.690000 -0.560625 0.115909
v 0.700000 -0.560625 0.107696
v 0.709999 -0.560625 0.098285
v 0.719971 -0.560628 0.084101
v 0.729553 -0.560686 0.055536
v 0.735345 -0.555720 0.000000
v 0.736247 -0.561134 0.000000
v 0.440051 -0.568774 0.070263
v 0.430401 -0.569076 0.000000
v 0.450003 -0.568751 0.091506
v 0.460000 -0.568750 0.101334
v 0.470000 -0.568750 0.107660
v 0.480000 -0.568750 0.112722
v 0.490000 -0.568750 0.116002
v 0.500000 -0.568750 0.116000
v 0.510000 -0.568750 0.112761
v 0.520000 -0.568750 0.108046
v 0.530000 -0.568750 0.103482
v 0.540000 -0.568750 0.099231
v 0.549997 -0.568748 0.091052
v 0.559949 -0.568726 0.070209
v 0.569595 -0.568424 0.000000
v 0.579255 -0.566079 0.000000
v 0.585384 -0.564999 0.000000
v 0.620419 -0.568750 0.069336
v 0.613524 -0.568749 0.000000
v 0.630027 -0.568750 0.093876
v 0.640001 -0.568750 0.105801
v 0.650000 -0.568750 0.114459
v 0.660000 -0.568750 0.122034
v 0.670000 -0.568750 0.127011
v 0.680000 -0.568750 0.124406
v 0.690000 -0.568750 0.117780
v 0.700000 -0.568750 0.110267
v 0.709999 -0.568750 0.102147
v 0.719973 -0.568750 0.090993
v 0.729576 -0.568754 0.066736
v 0.736417 -0.568797 0.000000
v 0.414033 -0.572533 0.000000
v 0.420662 -0.571424 0.000000
v 0.420111 -0.577220 0.054734
v 0.410945 -0.577696 0.000000
v 0.430029 -0.576916 0.068830
v 0.440003 -0.576877 0.086088
v 0.450000 -0.576875 0.097920
v 0.460000 -0.576875 0.106244
v 0.470000 -0.576875 0.112345
v 0.480000 -0.576875 0.115950
v 0.490000 -0.576875 0.116264
v 0.500000 -0.576875 0.113175
v 0.510000 -0.576875 0.107932
v 0.520000 -0.576875 0.102050
v 0.530000 -0.576875 0.095776
v 0.539998 -0.576872 0.089363
v 0.549970 -0.576851 0.080147
v 0.559576 -0.576782 0.055120
v 0.566709 -0.576337 0.000000
v 0.620423 -0.576875 0.069046
v 0.613564 -0.576873 0.000000
v 0.630027 -0.576875 0.093389
v 0.640001 -0.576875 0.104896
v 0.650000 -0.576875 0.113034
v 0.660000 -0.576875 0.120209
v 0.670000 -0.576875 0.125763
v 0.680000 -0.576875 0.125763
v 0.690000 -0.576875 0.120209
v 0.700000 -0.576875 0.113034
v 0.709999 -0.576875 0.104896
v 0.719973 -0.576875 0.093389
v 0.729577 -0.576875 0.069045
v 0.736434 -0.576877 0.000000
v 0.774677 -0.572545 0.000000
v 0.780720 -0.571800 0.000000
v 0.780460 -0.577222 0.048028
v 0.773773 -0.577409 0.000000
v 0.790064 -0.571661 0.000000
v 0.790030 -0.577198 0.059138
v 0.800003 -0.571646 0.000000
v 0.800001 -0.577196 0.060826
v 0.810000 -0.571646 0.000000
v 0.810000 -0.577196 0.060957
v 0.820000 -0.571646 0.000000
v 0.820000 -0.577199 0.061021
v 0.830000 -0.571647 0.000000
v 0.830001 -0.577215 0.061613
v 0.840000 -0.571647 0.000000
v 0.840000 -0.577218 0.064085
v 0.850000 -0.571647 0.000000
v 0.850000 -0.577218 0.065218
v 0.860000 -0.571647 0.000000
v 0.860000 -0.577218 0.065491
v 0.870000 -0.571647 0.000000
v 0.870000 -0.577219 0.065806
v 0.880000 -0.571647 0.000000
v 0.880000 -0.577219 0.066038
v 0.890000 -0.571647 0.000000
v 0.890000 -0.577219 0.066180
v 0.900000 -0.571647 0.000000
v 0.900000 -0.577219 0.066207
v 0.910000 -0.571647 0.000000
v 0.910000 -0.577219 0.066216
v 0.920000 -0.571647 0.000000
v 0.920000 -0.577219 0.066228
v 0.930000 -0.571647 0.000000
v 0.930000 -0.577219 0.066238
v 0.940000 -0.571647 0.000000
v 0.940000 -0.577219 0.066240
v 0.950000 -0.571647 0.000000
v 0.950000 -0.577219 0.066241
v 0.960000 -0.571647 0.000000
v 0.960000 -0.577219 0.066241
v 0.970000 -0.571647 0.000000
v 0.970000 -0.577219 0.066241
v 0.980000 -0.571647 0.000000
v 0.980000 -0.577219 0.066241
v 0.990000 -0.571647 0.000000
v 0.990000 -0.577219 0.066241
v 1.000000 -0.571647 0.000000
v 1.000000 -0.577219 0.066241
v 1.010000 -0.571647 0.000000
v 1.010000 -0.577219 0.066236
v 1.019997 -0.571648 0.000000
v 1.020000 -0.577219 0.066101
v 1.029942 -0.571662 0.000000
v 1.029995 -0.577221 0.064483
v 1.039374 -0.571802 0.000000
v 1.039924 -0.577256 0.054623
v 1.046035 -0.572567 0.000000
v 1.049530 -0.577593 0.000000
v 0.404074 -0.580189 0.000000
v 0.410131 -0.585109 0.057960
v 0.400947 -0.585770 0.000000
v 0.420009 -0.585025 0.080718
v 0.430001 -0.585002 0.089485
v 0.440000 -0.585000 0.096149
v 0.450000 -0.585000 0.103036
v 0.460000 -0.585000 0.109892
v 0.470000 -0.585000 0.115047
v 0.480000 -0.585000 0.115883
v 0.490000 -0.585000 0.113084
v 0.500000 -0.585000 0.108632
v 0.510000 -0.585000 0.102534
v 0.520000 -0.585000 0.094796
v 0.529995 -0.584995 0.083583
v 0.539962 -0.584934 0.068254
v 0.549885 -0.584653 0.054629
v 0.558992 -0.584181 0.000000
v 0.565344 -0.581719 0.000000
v 0.620425 -0.584996 0.066734
v 0.613584 -0.584953 0.000000
v 0.630028 -0.585000 0.090992
v 0.640001 -0.585000 0.102147
v 0.650000 -0.585000 0.110267
v 0.660000 -0.585000 0.117780
v 0.670000 -0.585000 0.124406
v 0.680000 -0.585000 0.127011
v 0.690000 -0.585000 0.122033
v 0.700000 -0.585000 0.114457
v 0.709999 -0.585000 0.105799
v 0.719973 -0.585000 0.093871
v 0.729577 -0.585000 0.069310
v 0.736435 -0.585000 0.000000
v 0.780460 -0.584653 0.048028
v 0.773773 -0.584466 0.000000
v 0.790030 -0.584677 0.059138
v 0.800001 -0.584679 0.060827
v 0.810000 -0.584682 0.060984
v 0.820003 -0.584721 0.061401
v 0.830033 -0.584955 0.064447
v 0.840004 -0.584997 0.076298
v 0.850000 -0.585002 0.081412
v 0.860001 -0.585019 0.083006
v 0.870000 -0.585022 0.085772
v 0.880000 -0.585022 0.087742
v 0.890000 -0.585022 0.088823
v 0.900000 -0.585022 0.089089
v 0.910000 -0.585022 0.089222
v 0.920000 -0.585022 0.089394
v 0.930000 -0.585022 0.089528
v 0.940000 -0.585022 0.089572
v 0.950000 -0.585022 0.089585
v 0.960000 -0.585022 0.089591
v 0.970000 -0.585022 0.089597
v 0.980000 -0.585022 0.089601
v 0.990000 -0.585022 0.089602
v 1.000000 -0.585022 0.089602
v 1.010000 -0.585022 0.089593
v 1.020000 -0.585022 0.089454
v 1.030000 -0.585022 0.088228
v 1.039996 -0.585025 0.082347
v 1.049967 -0.585067 0.069883
v 1.059957 -0.579429 0.000000
v 1.059997 -0.585301 0.066699
v 1.069998 -0.579740 0.000000
v 1.070000 -0.585341 0.066266
v 1.079997 -0.579771 0.000000
v 1.080000 -0.585344 0.066101
v 1.089942 -0.579787 0.000000
v 1.089994 -0.585346 0.064461
v 1.099369 -0.579929 0.000000
v 1.099891 -0.585389 0.054217
v 1.105970 -0.580708 0.000000
v 1.109059 -0.585823 0.000000
v 0.394074 -0.588310 0.000000
v 0.400131 -0.593231 0.058095
v 0.390944 -0.593894 0.000000
v 0.410010 -0.593133 0.081846
v 0.420000 -0.593126 0.093877
v 0.430000 -0.593125 0.099734
v 0.440000 -0.593125 0.103536
v 0.450000 -0.593125 0.108031
v 0.460000 -0.593125 0.112766
v 0.470000 -0.593125 0.115312
v 0.480000 -0.593125 0.113059
v 0.490000 -0.593125 0.108127
v 0.500000 -0.593125 0.102794
v 0.510000 -0.593125 0.096262
v 0.519994 -0.593121 0.084191
v 0.529910 -0.593052 0.059029
v 0.539485 -0.592453 0.000000
v 0.549326 -0.590418 0.000000
v 0.555961 -0.589339 0.000000
v 0.620469 -0.593063 0.055470
v 0.613757 -0.592616 0.000000
v 0.630031 -0.593122 0.084080
v 0.640001 -0.593125 0.098280
v 0.650000 -0.593125 0.107694
v 0.660000 -0.593125 0.115908
v 0.670000 -0.593125 0.123287
v 0.680000 -0.593125 0.127276
v 0.690000 -0.593125 0.122540
v 0.700000 -0.593125 0.114785
v 0.709999 -0.593125 0.105946
v 0.719973 -0.593125 0.093925
v 0.729577 -0.593125 0.069329
v 0.736437 -0.593125 0.000000
v 0.780720 -0.590075 0.000000
v 0.774677 -0.589330 0.000000
v 0.790064 -0.590214 0.000000
v 0.800003 -0.590230 0.000000
v 0.810002 -0.590261 0.000000
v 0.820044 -0.590572 0.000000
v 0.830470 -0.592408 0.000000
v 0.840076 -0.592747 0.054013
v 0.850008 -0.592822 0.064175
v 0.860033 -0.593061 0.068930
v 0.870005 -0.593120 0.081970
v 0.880000 -0.593125 0.091129
v 0.890000 -0.593125 0.095313
v 0.900000 -0.593126 0.096511
v 0.910000 -0.593126 0.097563
v 0.920000 -0.593126 0.098864
v 0.930000 -0.593126 0.099875
v 0.940000 -0.593126 0.100263
v 0.950000 -0.593126 0.100426
v 0.960000 -0.593126 0.100508
v 0.970000 -0.593126 0.100597
v 0.980000 -0.593126 0.100658
v 0.990000 -0.593126 0.100677
v 1.000000 -0.593126 0.100684
v 1.010000 -0.593126 0.100670
v 1.020000 -0.593126 0.100489
v 1.030000 -0.593126 0.099283
v 1.040000 -0.593126 0.095409
v 1.049999 -0.593128 0.090895
v 1.060000 -0.593145 0.089744
v 1.070000 -0.593147 0.089601
v 1.080000 -0.593147 0.089449
v 1.090000 -0.593147 0.088086
v 1.099992 -0.593152 0.080591
v 1.109902 -0.593226 0.058358
v 1.115991 -0.588298 0.000000
v 1.119525 -0.593789 0.000000
v 0.384012 -0.596420 0.000000
v 0.390100 -0.601349 0.058475
v 0.380520 -0.601925 0.000000
v 0.400009 -0.601258 0.081917
v 0.410000 -0.601250 0.094317
v 0.420000 -0.601250 0.101672
v 0.430000 -0.601250 0.106693
v 0.440000 -0.601250 0.109578
v 0.450000 -0.601250 0.111798
v 0.460000 -0.601250 0.113253
v 0.470000 -0.601250 0.112364
v 0.480000 -0.601250 0.108550
v 0.490000 -0.601250 0.102665
v 0.500000 -0.601250 0.095753
v 0.509995 -0.601247 0.086814
v 0.519919 -0.601202 0.068753
v 0.529173 -0.600828 0.000000
v 0.536007 -0.598005 0.000000
v 0.620884 -0.600868 0.000000
v 0.614698 -0.598028 0.000000
v 0.630083 -0.601223 0.072463
v 0.640004 -0.601249 0.094809
v 0.650000 -0.601250 0.106301
v 0.660000 -0.601250 0.115041
v 0.670000 -0.601250 0.122744
v 0.680000 -0.601250 0.127236
v 0.690000 -0.601250 0.122601
v 0.700000 -0.601250 0.114824
v 0.709999 -0.601250 0.105960
v 0.719973 -0.601250 0.093933
v 0.729581 -0.601250 0.069352
v 0.736474 -0.601252 0.000000
v 0.840629 -0.598230 0.000000
v 0.833965 -0.597435 0.000000
v 0.850101 -0.598684 0.000000
v 0.860475 -0.600586 0.000000
v 0.870098 -0.601149 0.058200
v 0.880008 -0.601223 0.080277
v 0.890000 -0.601230 0.087766
v 0.900001 -0.601247 0.090193
v 0.910000 -0.601250 0.094865
v 0.920000 -0.601250 0.099906
v 0.930000 -0.601250 0.103596
v 0.940000 -0.601250 0.105283
v 0.950000 -0.601250 0.106306
v 0.960000 -0.601250 0.106949
v 0.970000 -0.601250 0.107629
v 0.980000 -0.601250 0.108135
v 0.990000 -0.601250 0.108356
v 1.000000 -0.601250 0.108456
v 1.010000 -0.601250 0.108446
v 1.020000 -0.601250 0.108155
v 1.030000 -0.601250 0.106711
v 1.040000 -0.601250 0.103552
v 1.050000 -0.601250 0.101302
v 1.060000 -0.601251 0.100754
v 1.070000 -0.601251 0.100675
v 1.080000 -0.601251 0.100478
v 1.090000 -0.601251 0.099109
v 1.100000 -0.601251 0.093951
v 1.109995 -0.601256 0.083613
v 1.119967 -0.601314 0.069885
v 1.129899 -0.595691 0.000000
v 1.129992 -0.601553 0.064948
v 1.139372 -0.596146 0.000000
v 1.139922 -0.601629 0.054628
v 1.146031 -0.596941 0.000000
v 1.149486 -0.601979 0.000000
v 0.364617 -0.605003 0.000000
v 0.370758 -0.603955 0.000000
v 0.370406 -0.609706 0.051834
v 0.363285 -0.609980 0.000000
v 0.380059 -0.609441 0.067711
v 0.390006 -0.609381 0.083480
v 0.400000 -0.609375 0.094463
v 0.410000 -0.609375 0.101822
v 0.420000 -0.609375 0.107572
v 0.430000 -0.609375 0.111872
v 0.440000 -0.609375 0.113072
v 0.450000 -0.609375 0.111765
v 0.460000 -0.609375 0.109612
v 0.470000 -0.609375 0.106920
v 0.480000 -0.609375 0.102597
v 0.490000 -0.609375 0.096379
v 0.499997 -0.609372 0.085753
v 0.509950 -0.609334 0.068260
v 0.519592 -0.609045 0.051853
v 0.526671 -0.608760 0.000000
v 0.630371 -0.609373 0.069709
v 0.623143 -0.609340 0.000000
v 0.640025 -0.609375 0.094018
v 0.650001 -0.609375 0.105995
v 0.660000 -0.609375 0.114849
v 0.670000 -0.609375 0.122620
v 0.680000 -0.609375 0.127220
v 0.690000 -0.609375 0.122617
v 0.700000 -0.609375 0.114845
v 0.709999 -0.609375 0.105989
v 0.719975 -0.609375 0.094009
v 0.729629 -0.609377 0.069695
v 0.736857 -0.609410 0.000000
v 0.870941 -0.608552 0.000000
v 0.864009 -0.606077 0.000000
v 0.880109 -0.608989 0.054227
v 0.890009 -0.609071 0.064896
v 0.900033 -0.609311 0.069841
v 0.910005 -0.609369 0.083517
v 0.920000 -0.609374 0.093793
v 0.930000 -0.609375 0.099302
v 0.940000 -0.609375 0.102588
v 0.950000 -0.609375 0.105671
v 0.960000 -0.609375 0.108038
v 0.970000 -0.609375 0.110645
v 0.980000 -0.609375 0.112832
v 0.990000 -0.609375 0.114157
v 1.000000 -0.609375 0.114890
v 1.010000 -0.609375 0.115072
v 1.020000 -0.609375 0.114743
v 1.030000 -0.609375 0.113064
v 1.040000 -0.609375 0.110428
v 1.050000 -0.609375 0.108905
v 1.060000 -0.609375 0.108544
v 1.070000 -0.609375 0.108467
v 1.080000 -0.609375 0.108131
v 1.090000 -0.609375 0.106390
v 1.100000 -0.609375 0.101817
v 1.110000 -0.609375 0.095907
v 1.119999 -0.609378 0.090801
v 1.130000 -0.609395 0.088368
v 1.139996 -0.609400 0.082215
v 1.149962 -0.609444 0.068110
v 1.159326 -0.603960 0.000000
v 1.159888 -0.609722 0.054674
v 1.165966 -0.605036 0.000000
v 1.169055 -0.610196 0.000000
v 0.370048 -0.617540 0.069155
v 0.360360 -0.617818 0.000000
v 0.380004 -0.617504 0.086785
v 0.390000 -0.617500 0.095421
v 0.400000 -0.617500 0.101939
v 0.410000 -0.617500 0.107502
v 0.420000 -0.617500 0.111969
v 0.430000 -0.617500 0.114114
v 0.440000 -0.617500 0.111999
v 0.450000 -0.617500 0.107793
v 0.460000 -0.617500 0.103505
v 0.470000 -0.617500 0.099874
v 0.480000 -0.617499 0.094972
v 0.489996 -0.617496 0.086734
v 0.499950 -0.617459 0.069124
v 0.509595 -0.617171 0.000000
v 0.519255 -0.614829 0.000000
v 0.525380 -0.613748 0.000000
v 0.630419 -0.617500 0.069353
v 0.623526 -0.617498 0.000000
v 0.640027 -0.617500 0.093933
v 0.650001 -0.617500 0.105961
v 0.660000 -0.617500 0.114827
v 0.670000 -0.617500 0.122607
v 0.680000 -0.617500 0.127239
v 0.690000 -0.617500 0.122702
v 0.700000 -0.617500 0.114978
v 0.710000 -0.617500 0.106213
v 0.719996 -0.617501 0.094672
v 0.729917 -0.617527 0.072250
v 0.739116 -0.617882 0.000000
v 0.880633 -0.614478 0.000000
v 0.874031 -0.613669 0.000000
v 0.890102 -0.614934 0.000000
v 0.900475 -0.616836 0.000000
v 0.910098 -0.617399 0.058361
v 0.920008 -0.617475 0.080720
v 0.930001 -0.617497 0.089351
v 0.940000 -0.617499 0.095249
v 0.950000 -0.617500 0.099745
v 0.960000 -0.617500 0.103302
v 0.970000 -0.617500 0.107647
v 0.980000 -0.617500 0.112122
v 0.990000 -0.617500 0.115927
v 1.000000 -0.617500 0.118451
v 1.010000 -0.617500 0.119583
v 1.020000 -0.617500 0.119963
v 1.030000 -0.617500 0.118786
v 1.040000 -0.617500 0.116777
v 1.050000 -0.617500 0.115700
v 1.060000 -0.617500 0.115450
v 1.070000 -0.617500 0.115362
v 1.080000 -0.617500 0.114806
v 1.090000 -0.617500 0.112443
v 1.100000 -0.617500 0.108034
v 1.110000 -0.617500 0.103739
v 1.120000 -0.617500 0.101122
v 1.130000 -0.617501 0.099343
v 1.140000 -0.617501 0.095260
v 1.149999 -0.617503 0.089378
v 1.159991 -0.617525 0.080712
v 1.169869 -0.617609 0.057960
v 1.175926 -0.612689 0.000000
v 1.179053 -0.618270 0.000000
v 0.334031 -0.621331 0.000000
v 0.340633 -0.620520 0.000000
v 0.340109 -0.626011 0.054249
v 0.330945 -0.626449 0.000000
v 0.350089 -0.620033 0.000000
v 0.350008 -0.625926 0.064978
v 0.360024 -0.625664 0.070437
v 0.370003 -0.625628 0.085940
v 0.380000 -0.625625 0.096395
v 0.390000 -0.625625 0.102692
v 0.400000 -0.625625 0.107532
v 0.410000 -0.625625 0.111272
v 0.420000 -0.625625 0.113011
v 0.430000 -0.625625 0.111868
v 0.440000 -0.625625 0.107584
v 0.450000 -0.625625 0.101985
v 0.460000 -0.625625 0.095781
v 0.469999 -0.625622 0.089567
v 0.479995 -0.625602 0.082300
v 0.489941 -0.625556 0.067575
v 0.499594 -0.625294 0.051824
v 0.506712 -0.625019 0.000000
v 0.630423 -0.625625 0.069329
v 0.623563 -0.625625 0.000000
v 0.640027 -0.625625 0.093928
v 0.650001 -0.625625 0.105959
v 0.660000 -0.625625 0.114826
v 0.670000 -0.625625 0.122616
v 0.680000 -0.625625 0.127309
v 0.690000 -0.625625 0.122945
v 0.700000 -0.625625 0.115369
v 0.710000 -0.625625 0.106939
v 0.719999 -0.625625 0.097127
v 0.729969 -0.625628 0.082252
v 0.739529 -0.625683 0.053116
v 0.745300 -0.620718 0.000000
v 0.746225 -0.626087 0.000000
v 0.910941 -0.624805 0.000000
v 0.904009 -0.622327 0.000000
v 0.920112 -0.625278 0.054675
v 0.930038 -0.625556 0.068117
v 0.940004 -0.625602 0.082348
v 0.950001 -0.625622 0.089559
v 0.960000 -0.625625 0.095767
v 0.970000 -0.625625 0.101975
v 0.980000 -0.625625 0.107623
v 0.990000 -0.625625 0.112423
v 1.000000 -0.625625 0.115732
v 1.010000 -0.625625 0.118458
v 1.020000 -0.625625 0.121157
v 1.030000 -0.625625 0.122354
v 1.040000 -0.625625 0.121936
v 1.050000 -0.625625 0.121799
v 1.060000 -0.625625 0.121878
v 1.070000 -0.625625 0.121885
v 1.080000 -0.625625 0.121101
v 1.090000 -0.625625 0.118065
v 1.100000 -0.625625 0.113891
v 1.110000 -0.625625 0.110503
v 1.120000 -0.625625 0.108577
v 1.130000 -0.625625 0.106744
v 1.140000 -0.625625 0.103347
v 1.150000 -0.625625 0.099720
v 1.160000 -0.625626 0.093877
v 1.169990 -0.625633 0.081846
v 1.179869 -0.625731 0.058095
v 1.185926 -0.620810 0.000000
v 1.189056 -0.626394 0.000000
v 0.324074 -0.628939 0.000000
v 0.330131 -0.633859 0.057952
v 0.320947 -0.634520 0.000000
v 0.340009 -0.633777 0.080578
v 0.350000 -0.633770 0.088234
v 0.360001 -0.633752 0.090844
v 0.370000 -0.633750 0.096238
v 0.380000 -0.633750 0.102613
v 0.390000 -0.633750 0.108074
v 0.400000 -0.633750 0.111012
v 0.410000 -0.633750 0.111237
v 0.420000 -0.633750 0.109505
v 0.430000 -0.633750 0.106688
v 0.440000 -0.633750 0.101678
v 0.450000 -0.633750 0.094454
v 0.459995 -0.633744 0.083532
v 0.469963 -0.633684 0.068276
v 0.479919 -0.633411 0.055061
v 0.489482 -0.633024 0.000000
v 0.499242 -0.631043 0.000000
v 0.505383 -0.629996 0.000000
v 0.630423 -0.633750 0.069329
v 0.623565 -0.633750 0.000000
v 0.640027 -0.633750 0.093928
v 0.650001 -0.633750 0.105958
v 0.660000 -0.633750 0.114826
v 0.670000 -0.633750 0.122616
v 0.680000 -0.633750 0.127309
v 0.690000 -0.633750 0.122945
v 0.700000 -0.633750 0.115369
v 0.710000 -0.633750 0.106939
v 0.719999 -0.633750 0.097127
v 0.729969 -0.633747 0.082252
v 0.739529 -0.633692 0.053116
v 0.746225 -0.633288 0.000000
v 0.920674 -0.631040 0.000000
v 0.914034 -0.629964 0.000000
v 0.930514 -0.633024 0.000000
v 0.940080 -0.633411 0.055064
v 0.950037 -0.633684 0.068276
v 0.960005 -0.633744 0.083532
v 0.970000 -0.633750 0.094453
v 0.980000 -0.633750 0.101682
v 0.990000 -0.633750 0.106769
v 1.000000 -0.633750 0.110111
v 1.010000 -0.633750 0.113740
v 1.020000 -0.633750 0.117899
v 1.030000 -0.633750 0.121154
v 1.040000 -0.633750 0.123271
v 1.050000 -0.633750 0.125377
v 1.060000 -0.633750 0.126812
v 1.070000 -0.633750 0.127638
v 1.080000 -0.633750 0.126969
v 1.090000 -0.633750 0.123601
v 1.100000 -0.633750 0.119753
v 1.110000 -0.633750 0.116937
v 1.120000 -0.633750 0.115220
v 1.130000 -0.633750 0.113105
v 1.140000 -0.633750 0.110070
v 1.150000 -0.633750 0.106784
v 1.160000 -0.633750 0.101683
v 1.170000 -0.633750 0.094318
v 1.179991 -0.633758 0.081917
v 1.189900 -0.633849 0.058479
v 1.195988 -0.628920 0.000000
v 1.199484 -0.634425 0.000000
v 0.314074 -0.637060 0.000000
v 0.320131 -0.641981 0.058094
v 0.310947 -0.642645 0.000000
v 0.330010 -0.641883 0.081842
v 0.340000 -0.641876 0.093810
v 0.350000 -0.641876 0.099161
v 0.360000 -0.641875 0.101071
v 0.370000 -0.641875 0.103598
v 0.380000 -0.641875 0.107488
v 0.390000 -0.641875 0.110589
v 0.400000 -0.641875 0.110667
v 0.410000 -0.641875 0.107552
v 0.420000 -0.641875 0.103471
v 0.430000 -0.641875 0.099729
v 0.440000 -0.641874 0.093877
v 0.449991 -0.641867 0.081867
v 0.459900 -0.641776 0.058475
v 0.469484 -0.641200 0.000000
v 0.479331 -0.639169 0.000000
v 0.486028 -0.638104 0.000000
v 0.630423 -0.641875 0.069329
v 0.623565 -0.641875 0.000000
v 0.640027 -0.641875 0.093928
v 0.650001 -0.641875 0.105958
v 0.660000 -0.641875 0.114826
v 0.670000 -0.641875 0.122606
v 0.680000 -0.641875 0.127239
v 0.690000 -0.641875 0.122702
v 0.700000 -0.641875 0.114978
v 0.710000 -0.641875 0.106213
v 0.719996 -0.641874 0.094672
v 0.729917 -0.641849 0.072250
v 0.739116 -0.641493 0.000000
v 0.745300 -0.638657 0.000000
v 0.940669 -0.639169 0.000000
v 0.933972 -0.638104 0.000000
v 0.950516 -0.641200 0.000000
v 0.960100 -0.641776 0.058475
v 0.970009 -0.641867 0.081867
v 0.980000 -0.641874 0.093877
v 0.990000 -0.641875 0.099735
v 1.000000 -0.641875 0.103545
v 1.010000 -0.641875 0.108045
v 1.020000 -0.641875 0.112719
v 1.030000 -0.641875 0.116228
v 1.040000 -0.641875 0.119409
v 1.050000 -0.641875 0.123226
v 1.060000 -0.641875 0.127130
v 1.070000 -0.641875 0.130325
v 1.080000 -0.641875 0.131091
v 1.090000 -0.641875 0.128766
v 1.100000 -0.641875 0.125656
v 1.110000 -0.641875 0.123282
v 1.120000 -0.641875 0.121646
v 1.130000 -0.641875 0.119245
v 1.140000 -0.641875 0.116307
v 1.150000 -0.641875 0.112715
v 1.160000 -0.641875 0.107735
v 1.170000 -0.641875 0.101847
v 1.180000 -0.641875 0.094468
v 1.189995 -0.641881 0.083532
v 1.199961 -0.641942 0.068251
v 1.209326 -0.636457 0.000000
v 1.209885 -0.642222 0.054629
v 1.215961 -0.637536 0.000000
v 1.218992 -0.642694 0.000000
v 0.304074 -0.645185 0.000000
v 0.310131 -0.650106 0.058097
v 0.300947 -0.650770 0.000000
v 0.320010 -0.650008 0.081895
v 0.330000 -0.650000 0.094310
v 0.340000 -0.650000 0.101598
v 0.350000 -0.650000 0.106234
v 0.360000 -0.650000 0.108024
v 0.370000 -0.650000 0.109041
v 0.380000 -0.650000 0.109816
v 0.390000 -0.650000 0.108826
v 0.400000 -0.650000 0.106468
v 0.410000 -0.650000 0.101801
v 0.420000 -0.650000 0.095760
v 0.429999 -0.649997 0.089431
v 0.439991 -0.649975 0.080715
v 0.449870 -0.649891 0.057961
v 0.459056 -0.649231 0.000000
v 0.465988 -0.646705 0.000000
v 0.630423 -0.650000 0.069329
v 0.623565 -0.650000 0.000000
v 0.640027 -0.650000 0.093928
v 0.650001 -0.650000 0.105958
v 0.660000 -0.650000 0.114825
v 0.670000 -0.650000 0.122604
v 0.680000 -0.650000 0.127218
v 0.690000 -0.650000 0.122617
v 0.700000 -0.650000 0.114845
v 0.709999 -0.650000 0.105989
v 0.719975 -0.650000 0.094009
v 0.729629 -0.649998 0.069696
v 0.736859 -0.649965 0.000000
v 0.960944 -0.649231 0.000000
v 0.954012 -0.646705 0.000000
v 0.970131 -0.649891 0.057961
v 0.980009 -0.649975 0.080715
v 0.990001 -0.649997 0.089432
v 1.000000 -0.650000 0.095765
v 1.010000 -0.650000 0.101853
v 1.020000 -0.650000 0.106801
v 1.030000 -0.650000 0.110162
v 1.040000 -0.650000 0.113888
v 1.050000 -0.650000 0.118493
v 1.060000 -0.650000 0.123379
v 1.070000 -0.650000 0.128058
v 1.080000 -0.650000 0.131427
v 1.090000 -0.650000 0.132255
v 1.100000 -0.650000 0.131098
v 1.110000 -0.650000 0.129434
v 1.120000 -0.650000 0.127943
v 1.130000 -0.650000 0.125367
v 1.140000 -0.650000 0.122309
v 1.150000 -0.650000 0.118192
v 1.160000 -0.650000 0.113218
v 1.170000 -0.650000 0.107811
v 1.180000 -0.650000 0.102013
v 1.190000 -0.650000 0.095767
v 1.199998 -0.650003 0.089357
v 1.209970 -0.650024 0.080137
v 1.219573 -0.650093 0.055073
v 1.225341 -0.645156 0.000000
v 1.226665 -0.650548 0.000000
v 0.294074 -0.653310 0.000000
v 0.300131 -0.658231 0.058097
v 0.290947 -0.658895 0.000000
v 0.310010 -0.658133 0.081895
v 0.320000 -0.658125 0.094323
v 0.330000 -0.658125 0.101754
v 0.340000 -0.658125 0.107213
v 0.350000 -0.658125 0.110859
v 0.360000 -0.658125 0.111702
v 0.370000 -0.658125 0.110419
v 0.380000 -0.658125 0.107326
v 0.390000 -0.658125 0.103381
v 0.400000 -0.658125 0.099714
v 0.410000 -0.658124 0.094012
v 0.419995 -0.658119 0.083482
v 0.429962 -0.658058 0.068252
v 0.439888 -0.657778 0.054682
v 0.449055 -0.657304 0.000000
v 0.455926 -0.654811 0.000000
v 0.630423 -0.658125 0.069329
v 0.623565 -0.658125 0.000000
v 0.640027 -0.658125 0.093928
v 0.650001 -0.658125 0.105958
v 0.660000 -0.658125 0.114825
v 0.670000 -0.658125 0.122603
v 0.680000 -0.658125 0.127215
v 0.690000 -0.658125 0.122605
v 0.700000 -0.658125 0.114828
v 0.709999 -0.658125 0.105962
v 0.719973 -0.658125 0.093937
v 0.729584 -0.658125 0.069376
v 0.736513 -0.658125 0.000000
v 0.970945 -0.657304 0.000000
v 0.964074 -0.654811 0.000000
v 0.980112 -0.657778 0.054682
v 0.990038 -0.658058 0.068252
v 1.000005 -0.658119 0.083482
v 1.010000 -0.658124 0.094015
v 1.020000 -0.658125 0.099742
v 1.030000 -0.658125 0.103552
v 1.040000 -0.658125 0.108121
v 1.050000 -0.658125 0.113277
v 1.060000 -0.658125 0.118432
v 1.070000 -0.658125 0.123503
v 1.080000 -0.658125 0.128275
v 1.090000 -0.658125 0.132003
v 1.100000 -0.658125 0.133922
v 1.110000 -0.658125 0.133991
v 1.120000 -0.658125 0.133414
v 1.130000 -0.658125 0.131229
v 1.140000 -0.658125 0.128011
v 1.150000 -0.658125 0.123466
v 1.160000 -0.658125 0.118426
v 1.170000 -0.658125 0.113257
v 1.180000 -0.658125 0.108066
v 1.190000 -0.658125 0.103395
v 1.200000 -0.658125 0.099129
v 1.209996 -0.658127 0.090884
v 1.219915 -0.658156 0.069561
v 1.229102 -0.658542 0.000000
v 0.284074 -0.661435 0.000000
v 0.290131 -0.666356 0.058097
v 0.280947 -0.667020 0.000000
v 0.300010 -0.666258 0.081894
v 0.310000 -0.666250 0.094314
v 0.320000 -0.666250 0.101726
v 0.330000 -0.666250 0.107014
v 0.340000 -0.666250 0.110231
v 0.350000 -0.666250 0.110966
v 0.360000 -0.666250 0.109239
v 0.370000 -0.666250 0.106479
v 0.380000 -0.666250 0.101784
v 0.390000 -0.666250 0.095754
v 0.399999 -0.666247 0.089431
v 0.409992 -0.666225 0.080737
v 0.419901 -0.666149 0.058342
v 0.429484 -0.665575 0.000000
v 0.439326 -0.663543 0.000000
v 0.445966 -0.662464 0.000000
v 0.630423 -0.666250 0.069329
v 0.623565 -0.666250 0.000000
v 0.640027 -0.666250 0.093928
v 0.650001 -0.666250 0.105958
v 0.660000 -0.666250 0.114825
v 0.670000 -0.666250 0.122602
v 0.680000 -0.666250 0.127207
v 0.690000 -0.666250 0.122610
v 0.700000 -0.666250 0.114842
v 0.709999 -0.666250 0.105990
v 0.719975 -0.666250 0.094016
v 0.729629 -0.666252 0.069709
v 0.736859 -0.666285 0.000000
v 0.980674 -0.663543 0.000000
v 0.974034 -0.662464 0.000000
v 0.990516 -0.665575 0.000000
v 1.000099 -0.666149 0.058342
v 1.010008 -0.666225 0.080737
v 1.020001 -0.666247 0.089433
v 1.030000 -0.666250 0.095779
v 1.040000 -0.666250 0.102016
v 1.050000 -0.666250 0.107813
v 1.060000 -0.666250 0.113245
v 1.070000 -0.666250 0.118433
v 1.080000 -0.666250 0.123441
v 1.090000 -0.666250 0.127877
v 1.100000 -0.666250 0.131026
v 1.110000 -0.666250 0.133568
v 1.120000 -0.666250 0.135775
v 1.130000 -0.666250 0.135668
v 1.140000 -0.666250 0.133081
v 1.150000 -0.666250 0.128517
v 1.160000 -0.666250 0.123386
v 1.170000 -0.666250 0.118246
v 1.180000 -0.666250 0.113324
v 1.190000 -0.666250 0.108993
v 1.200000 -0.666250 0.104376
v 1.209999 -0.666250 0.096313
v 1.219969 -0.666253 0.081934
v 1.229528 -0.666309 0.053063
v 1.235299 -0.661346 0.000000
v 1.236225 -0.666712 0.000000
v 0.274074 -0.669560 0.000000
v 0.280131 -0.674481 0.058097
v 0.270944 -0.675144 0.000000
v 0.290010 -0.674383 0.081891
v 0.300000 -0.674375 0.094284
v 0.310000 -0.674375 0.101616
v 0.320000 -0.674375 0.106829
v 0.330000 -0.674375 0.109349
v 0.340000 -0.674375 0.108720
v 0.350000 -0.674375 0.106726
v 0.360000 -0.674375 0.103299
v 0.370000 -0.674375 0.099705
v 0.380000 -0.674374 0.094011
v 0.389995 -0.674369 0.083482
v 0.399962 -0.674309 0.068252
v 0.409888 -0.674028 0.054683
v 0.419059 -0.673555 0.000000
v 0.425988 -0.671076 0.000000
v 0.630423 -0.674375 0.069329
v 0.623565 -0.674375 0.000000
v 0.640027 -0.674375 0.093928
v 0.650001 -0.674375 0.105958
v 0.660000 -0.674375 0.114823
v 0.670000 -0.674375 0.122578
v 0.680000 -0.674375 0.127119
v 0.690000 -0.674375 0.122605
v 0.700000 -0.674375 0.114925
v 0.710000 -0.674375 0.106224
v 0.719996 -0.674376 0.094778
v 0.729918 -0.674402 0.072445
v 0.739116 -0.674757 0.000000
v 1.000941 -0.673555 0.000000
v 0.994012 -0.671076 0.000000
v 1.010112 -0.674028 0.054683
v 1.020038 -0.674309 0.068255
v 1.030005 -0.674369 0.083533
v 1.040000 -0.674375 0.094468
v 1.050000 -0.674375 0.101852
v 1.060000 -0.674375 0.107800
v 1.070000 -0.674375 0.113218
v 1.080000 -0.674375 0.118192
v 1.090000 -0.674375 0.122320
v 1.100000 -0.674375 0.125566
v 1.110000 -0.674375 0.129201
v 1.120000 -0.674375 0.133326
v 1.130000 -0.674375 0.136355
v 1.140000 -0.674375 0.136357
v 1.150000 -0.674375 0.132499
v 1.160000 -0.674375 0.127146
v 1.170000 -0.674375 0.121588
v 1.180000 -0.674375 0.116194
v 1.190000 -0.674375 0.110989
v 1.200000 -0.674375 0.105109
v 1.209999 -0.674375 0.096443
v 1.219969 -0.674372 0.081945
v 1.229528 -0.674316 0.053064
v 1.236225 -0.673913 0.000000
v 0.264012 -0.677670 0.000000
v 0.270100 -0.682599 0.058473
v 0.260520 -0.683175 0.000000
v 0.280009 -0.682508 0.081899
v 0.290000 -0.682500 0.094234
v 0.300000 -0.682500 0.101315
v 0.310000 -0.682500 0.106091
v 0.320000 -0.682500 0.108745
v 0.330000 -0.682500 0.107063
v 0.340000 -0.682500 0.103360
v 0.350000 -0.682500 0.099873
v 0.360000 -0.682499 0.095320
v 0.369999 -0.682497 0.089382
v 0.379992 -0.682475 0.080734
v 0.389901 -0.682399 0.058341
v 0.399484 -0.681825 0.000000
v 0.409326 -0.679793 0.000000
v 0.415966 -0.678714 0.000000
v 0.630423 -0.682500 0.069329
v 0.623565 -0.682500 0.000000
v 0.640027 -0.682500 0.093928
v 0.650001 -0.682500 0.105957
v 0.660000 -0.682500 0.114803
v 0.670000 -0.682500 0.122417
v 0.680000 -0.682500 0.126561
v 0.690000 -0.682500 0.122230
v 0.700000 -0.682500 0.114936
v 0.710000 -0.682500 0.106976
v 0.719999 -0.682500 0.097876
v 0.729969 -0.682503 0.083797
v 0.739531 -0.682562 0.055238
v 0.745302 -0.677597 0.000000
v 0.746242 -0.683007 0.000000
v 1.010674 -0.679793 0.000000
v 1.004034 -0.678714 0.000000
v 1.020517 -0.681825 0.000000
v 1.030099 -0.682402 0.058479
v 1.040009 -0.682492 0.081917
v 1.050000 -0.682500 0.094331
v 1.060000 -0.682500 0.101842
v 1.070000 -0.682500 0.107735
v 1.080000 -0.682500 0.112718
v 1.090000 -0.682500 0.116359
v 1.100000 -0.682500 0.119706
v 1.110000 -0.682500 0.123866
v 1.120000 -0.682500 0.128699
v 1.130000 -0.682500 0.133330
v 1.140000 -0.682500 0.135948
v 1.150000 -0.682500 0.133205
v 1.160000 -0.682500 0.127129
v 1.170000 -0.682500 0.120438
v 1.180000 -0.682500 0.113955
v 1.190000 -0.682500 0.107768
v 1.200000 -0.682500 0.101255
v 1.209996 -0.682499 0.091339
v 1.219915 -0.682469 0.069611
v 1.229102 -0.682083 0.000000
v 1.235299 -0.679279 0.000000
v 0.244621 -0.686254 0.000000
v 0.250758 -0.685205 0.000000
v 0.250409 -0.690957 0.051802
v 0.243329 -0.691241 0.000000
v 0.260059 -0.690691 0.067704
v 0.270006 -0.690631 0.083419
v 0.280000 -0.690625 0.094197
v 0.290000 -0.690625 0.100926
v 0.300000 -0.690625 0.104560
v 0.310000 -0.690625 0.106077
v 0.320000 -0.690625 0.105740
v 0.330000 -0.690625 0.101698
v 0.340000 -0.690625 0.095754
v 0.349999 -0.690622 0.089567
v 0.359996 -0.690602 0.082352
v 0.369962 -0.690556 0.068118
v 0.379888 -0.690278 0.054675
v 0.389059 -0.689805 0.000000
v 0.395988 -0.687326 0.000000
v 0.630423 -0.690625 0.069329
v 0.623565 -0.690625 0.000000
v 0.640027 -0.690625 0.093928
v 0.650001 -0.690625 0.105952
v 0.660000 -0.690625 0.114729
v 0.670000 -0.690625 0.121882
v 0.680000 -0.690625 0.124742
v 0.690000 -0.690625 0.120193
v 0.700000 -0.690625 0.113434
v 0.710000 -0.690625 0.106554
v 0.719999 -0.690625 0.099321
v 0.729972 -0.690625 0.088514
v 0.739572 -0.690624 0.064272
v 0.746398 -0.690625 0.000000
v 1.030944 -0.689856 0.000000
v 1.024012 -0.687330 0.000000
v 1.040130 -0.690519 0.058098
v 1.050010 -0.690617 0.081895
v 1.060000 -0.690625 0.094317
v 1.070000 -0.690625 0.101683
v 1.080000 -0.690625 0.106790
v 1.090000 -0.690625 0.110170
v 1.100000 -0.690625 0.113909
v 1.110000 -0.690625 0.118558
v 1.120000 -0.690625 0.123650
v 1.130000 -0.690625 0.128871
v 1.140000 -0.690625 0.132838
v 1.150000 -0.690625 0.131436
v 1.160000 -0.690625 0.125257
v 1.170000 -0.690625 0.117889
v 1.180000 -0.690625 0.110448
v 1.190000 -0.690625 0.102952
v 1.199999 -0.690625 0.094647
v 1.209970 -0.690619 0.081373
v 1.219573 -0.690534 0.055214
v 1.226665 -0.690078 0.000000
v 0.250081 -0.698798 0.068738
v 0.240827 -0.699172 0.000000
v 0.260005 -0.698754 0.086640
v 0.270000 -0.698750 0.094733
v 0.280000 -0.698750 0.099908
v 0.290000 -0.698750 0.103017
v 0.300000 -0.698750 0.102279
v 0.310000 -0.698750 0.100725
v 0.320000 -0.698749 0.099109
v 0.330000 -0.698749 0.093943
v 0.339995 -0.698744 0.083478
v 0.349963 -0.698684 0.068273
v 0.359920 -0.698411 0.055064
v 0.369486 -0.698024 0.000000
v 0.379326 -0.696040 0.000000
v 0.385966 -0.694964 0.000000
v 0.630423 -0.698750 0.069329
v 0.623565 -0.698750 0.000000
v 0.640027 -0.698750 0.093928
v 0.650001 -0.698750 0.105947
v 0.660000 -0.698750 0.114660
v 0.670000 -0.698750 0.121357
v 0.680000 -0.698750 0.122837
v 0.690000 -0.698750 0.117591
v 0.700000 -0.698750 0.110355
v 0.710000 -0.698750 0.102788
v 0.719999 -0.698750 0.094396
v 0.729967 -0.698744 0.081045
v 0.739521 -0.698662 0.054617
v 0.746241 -0.698240 0.000000
v 1.040947 -0.697980 0.000000
v 1.034074 -0.695440 0.000000
v 1.050130 -0.698644 0.058094
v 1.060010 -0.698742 0.081846
v 1.070000 -0.698749 0.093877
v 1.080000 -0.698750 0.099736
v 1.090000 -0.698750 0.103552
v 1.100000 -0.698750 0.108127
v 1.110000 -0.698750 0.113337
v 1.120000 -0.698750 0.118779
v 1.130000 -0.698750 0.124527
v 1.140000 -0.698750 0.129390
v 1.150000 -0.698750 0.129461
v 1.160000 -0.698750 0.123640
v 1.170000 -0.698750 0.115941
v 1.180000 -0.698750 0.107711
v 1.190000 -0.698750 0.098383
v 1.199993 -0.698746 0.084735
v 1.209876 -0.698671 0.058670
v 1.218991 -0.697985 0.000000
v 1.225341 -0.695473 0.000000
v 0.233993 -0.701995 0.000000
v 0.240090 -0.706948 0.058999
v 0.230515 -0.707547 0.000000
v 0.250006 -0.706879 0.084002
v 0.260000 -0.706875 0.095154
v 0.270000 -0.706875 0.098582
v 0.280000 -0.706875 0.099070
v 0.290000 -0.706874 0.098729
v 0.300000 -0.706874 0.095257
v 0.309999 -0.706872 0.090711
v 0.320000 -0.706855 0.088225
v 0.329992 -0.706848 0.080599
v 0.339901 -0.706774 0.058333
v 0.349484 -0.706200 0.000000
v 0.359331 -0.704169 0.000000
v 0.366028 -0.703104 0.000000
v 0.630423 -0.706875 0.069329
v 0.623565 -0.706875 0.000000
v 0.640027 -0.706875 0.093928
v 0.650001 -0.706875 0.105943
v 0.660000 -0.706875 0.114613
v 0.670000 -0.706875 0.121009
v 0.680000 -0.706875 0.121545
v 0.690000 -0.706875 0.115681
v 0.700000 -0.706875 0.107689
v 0.710000 -0.706875 0.098371
v 0.719993 -0.706871 0.084718
v 0.729877 -0.706796 0.058653
v 0.738987 -0.706110 0.000000
v 0.745282 -0.703600 0.000000
v 1.050947 -0.706105 0.000000
v 1.044074 -0.703565 0.000000
v 1.060131 -0.706766 0.057960
v 1.070009 -0.706850 0.080715
v 1.080002 -0.706872 0.089432
v 1.090000 -0.706875 0.095782
v 1.100000 -0.706875 0.102061
v 1.110000 -0.706875 0.108084
v 1.120000 -0.706875 0.114258
v 1.130000 -0.706875 0.120614
v 1.140000 -0.706875 0.126014
v 1.150000 -0.706875 0.127392
v 1.160000 -0.706875 0.122622
v 1.170000 -0.706875 0.115018
v 1.180000 -0.706875 0.106300
v 1.189996 -0.706874 0.094815
v 1.199921 -0.706849 0.072521
v 1.209183 -0.706491 0.000000
v 1.215941 -0.703618 0.000000
v 0.214034 -0.710661 0.000000
v 0.220674 -0.709582 0.000000
v 0.220112 -0.715347 0.054673
v 0.210945 -0.715821 0.000000
v 0.230038 -0.715066 0.068188
v 0.240005 -0.715005 0.083213
v 0.250000 -0.715000 0.093346
v 0.260000 -0.715000 0.097249
v 0.270000 -0.715000 0.094797
v 0.279999 -0.714997 0.090526
v 0.290000 -0.714980 0.088319
v 0.299996 -0.714975 0.082341
v 0.309967 -0.714933 0.069741
v 0.319991 -0.714696 0.064919
v 0.329891 -0.714614 0.054247
v 0.339059 -0.714177 0.000000
v 0.345988 -0.711701 0.000000
v 0.630423 -0.715000 0.069328
v 0.623565 -0.715000 0.000000
v 0.640027 -0.715000 0.093924
v 0.650001 -0.715000 0.105930
v 0.660000 -0.715000 0.114558
v 0.670000 -0.715000 0.120809
v 0.680000 -0.715000 0.120966
v 0.690000 -0.715000 0.114811
v 0.700000 -0.715000 0.106288
v 0.709996 -0.714999 0.094819
v 0.719924 -0.714973 0.072543
v 0.729212 -0.714617 0.000000
v 0.735943 -0.711743 0.000000
v 1.060945 -0.714179 0.000000
v 1.054074 -0.711686 0.000000
v 1.070112 -0.714653 0.054682
v 1.080038 -0.714934 0.068258
v 1.090005 -0.714995 0.083586
v 1.100000 -0.715000 0.094842
v 1.110000 -0.715000 0.102912
v 1.120000 -0.715000 0.110185
v 1.130000 -0.715000 0.116737
v 1.140000 -0.715000 0.121607
v 1.150000 -0.715000 0.123650
v 1.160000 -0.715000 0.121295
v 1.170000 -0.715000 0.114614
v 1.179999 -0.715000 0.105966
v 1.189975 -0.715000 0.094014
v 1.199629 -0.714998 0.069711
v 1.206860 -0.714965 0.000000
v 0.204074 -0.718314 0.000000
v 0.210130 -0.723234 0.057935
v 0.200944 -0.723894 0.000000
v 0.220009 -0.723150 0.080565
v 0.230001 -0.723128 0.088695
v 0.240000 -0.723125 0.093227
v 0.250000 -0.723125 0.095584
v 0.260000 -0.723124 0.093026
v 0.269995 -0.723119 0.083474
v 0.279967 -0.723061 0.069865
v 0.289992 -0.722822 0.064946
v 0.299924 -0.722747 0.054653
v 0.309527 -0.722406 0.000000
v 0.319898 -0.720556 0.000000
v 0.329367 -0.720103 0.000000
v 0.335970 -0.719294 0.000000
v 0.630423 -0.723125 0.069310
v 0.623565 -0.723125 0.000000
v 0.640027 -0.723125 0.093870
v 0.650001 -0.723125 0.105784
v 0.660000 -0.723125 0.114245
v 0.670000 -0.723125 0.120388
v 0.680000 -0.723125 0.120746
v 0.690000 -0.723125 0.114629
v 0.699999 -0.723125 0.106015
v 0.709978 -0.723125 0.094107
v 0.719681 -0.723125 0.070092
v 0.727281 -0.723125 0.000000
v 1.070674 -0.720418 0.000000
v 1.064034 -0.719339 0.000000
v 1.080515 -0.722453 0.000000
v 1.090090 -0.723052 0.059054
v 1.100006 -0.723121 0.084473
v 1.110000 -0.723125 0.097782
v 1.120000 -0.723125 0.106219
v 1.130000 -0.723125 0.112265
v 1.140000 -0.723125 0.116183
v 1.150000 -0.723125 0.118853
v 1.160000 -0.723125 0.119039
v 1.170000 -0.723125 0.113860
v 1.179999 -0.723125 0.105728
v 1.189973 -0.723125 0.093870
v 1.199581 -0.723125 0.069334
v 1.206474 -0.723123 0.000000
v 0.194012 -0.726420 0.000000
v 0.200100 -0.731349 0.058406
v 0.190520 -0.731925 0.000000
v 0.210009 -0.731258 0.081520
v 0.220000 -0.731251 0.092575
v 0.230000 -0.731250 0.095491
v 0.240000 -0.731250 0.093219
v 0.249999 -0.731247 0.088702
v 0.259992 -0.731225 0.080621
v 0.269902 -0.731149 0.058357
v 0.279525 -0.730586 0.000000
v 0.289899 -0.728684 0.000000
v 0.299372 -0.728230 0.000000
v 0.306035 -0.727435 0.000000
v 0.630423 -0.731250 0.069045
v 0.623566 -0.731248 0.000000
v 0.640027 -0.731250 0.093389
v 0.650001 -0.731250 0.104886
v 0.660000 -0.731250 0.112888
v 0.670000 -0.731250 0.118982
v 0.680000 -0.731250 0.120395
v 0.690000 -0.731250 0.114731
v 0.700000 -0.731250 0.106282
v 0.709996 -0.731251 0.094813
v 0.719921 -0.731277 0.072486
v 0.729145 -0.731631 0.000000
v 1.090827 -0.730831 0.000000
v 1.083993 -0.728005 0.000000
v 1.100082 -0.731219 0.069882
v 1.110004 -0.731249 0.091471
v 1.120000 -0.731250 0.101174
v 1.130000 -0.731250 0.106705
v 1.140000 -0.731250 0.110084
v 1.150000 -0.731250 0.113170
v 1.160000 -0.731250 0.114521
v 1.170000 -0.731250 0.111335
v 1.179999 -0.731250 0.104548
v 1.189973 -0.731250 0.093339
v 1.199577 -0.731250 0.069042
v 1.206436 -0.731248 0.000000
v 0.174621 -0.735004 0.000000
v 0.180758 -0.733955 0.000000
v 0.180409 -0.739707 0.051753
v 0.173329 -0.739991 0.000000
v 0.190059 -0.739441 0.067470
v 0.200006 -0.739381 0.082761
v 0.210000 -0.739375 0.092010
v 0.220000 -0.739375 0.095363
v 0.230000 -0.739374 0.092701
v 0.239995 -0.739369 0.083123
v 0.249962 -0.739308 0.068183
v 0.259888 -0.739028 0.054677
v 0.269059 -0.738555 0.000000
v 0.275991 -0.736077 0.000000
v 0.630425 -0.739371 0.066734
v 0.623584 -0.739328 0.000000
v 0.640028 -0.739375 0.090992
v 0.650001 -0.739375 0.102143
v 0.660000 -0.739375 0.110189
v 0.670000 -0.739375 0.117004
v 0.680000 -0.739375 0.120158
v 0.690000 -0.739375 0.115456
v 0.700000 -0.739375 0.107660
v 0.709999 -0.739375 0.098279
v 0.719969 -0.739378 0.084081
v 0.729532 -0.739437 0.055474
v 0.735304 -0.734472 0.000000
v 0.736244 -0.739884 0.000000
v 1.100427 -0.739284 0.055224
v 1.093332 -0.738827 0.000000
v 1.110031 -0.739368 0.081276
v 1.120001 -0.739374 0.093808
v 1.130000 -0.739375 0.099722
v 1.140000 -0.739375 0.103439
v 1.150000 -0.739375 0.107143
v 1.160000 -0.739375 0.108624
v 1.170000 -0.739375 0.106417
v 1.179999 -0.739375 0.100845
v 1.189972 -0.739375 0.090586
v 1.199574 -0.739370 0.066678
v 1.206417 -0.739328 0.000000
v 0.180081 -0.747548 0.068181
v 0.170831 -0.747923 0.000000
v 0.190005 -0.747504 0.084723
v 0.200000 -0.747499 0.091077
v 0.210000 -0.747499 0.092106
v 0.219999 -0.747497 0.088552
v 0.229992 -0.747475 0.080577
v 0.239901 -0.747399 0.058314
v 0.249484 -0.746825 0.000000
v 0.259326 -0.744793 0.000000
v 0.265966 -0.743714 0.000000
v 0.630468 -0.747438 0.055474
v 0.623757 -0.746991 0.000000
v 0.640031 -0.747497 0.084081
v 0.650001 -0.747500 0.098279
v 0.660000 -0.747500 0.107660
v 0.670000 -0.747500 0.115456
v 0.680000 -0.747500 0.120158
v 0.690000 -0.747500 0.117004
v 0.700000 -0.747500 0.110189
v 0.709999 -0.747500 0.102143
v 0.719972 -0.747500 0.090992
v 0.729575 -0.747504 0.066734
v 0.736417 -0.747547 0.000000
v 1.101010 -0.746732 0.000000
v 1.094659 -0.744223 0.000000
v 1.110134 -0.747391 0.057907
v 1.120009 -0.747475 0.080711
v 1.130002 -0.747497 0.089422
v 1.140000 -0.747500 0.095626
v 1.150000 -0.747500 0.100720
v 1.160000 -0.747500 0.101960
v 1.170000 -0.747500 0.099537
v 1.179999 -0.747499 0.093763
v 1.189966 -0.747493 0.081186
v 1.199521 -0.747412 0.054840
v 1.206242 -0.746987 0.000000
v 0.164055 -0.750760 0.000000
v 0.170121 -0.755706 0.057924
v 0.160943 -0.756391 0.000000
v 0.180007 -0.755630 0.080548
v 0.189999 -0.755623 0.086057
v 0.200000 -0.755605 0.086567
v 0.209996 -0.755600 0.081703
v 0.219962 -0.755556 0.068022
v 0.229888 -0.755278 0.054665
v 0.239059 -0.754805 0.000000
v 0.245988 -0.752326 0.000000
v 0.630855 -0.755244 0.000000
v 0.624696 -0.752403 0.000000
v 0.640079 -0.755599 0.072486
v 0.650004 -0.755624 0.094813
v 0.660000 -0.755625 0.106282
v 0.670000 -0.755625 0.114731
v 0.680000 -0.755625 0.120395
v 0.690000 -0.755625 0.118982
v 0.700000 -0.755625 0.112888
v 0.709999 -0.755625 0.104886
v 0.719973 -0.755625 0.093389
v 0.729577 -0.755625 0.069045
v 0.736434 -0.755627 0.000000
v 1.110945 -0.754804 0.000000
v 1.104079 -0.752311 0.000000
v 1.120112 -0.755278 0.054682
v 1.130038 -0.755558 0.068241
v 1.140005 -0.755619 0.083324
v 1.150000 -0.755624 0.092703
v 1.160000 -0.755624 0.093851
v 1.169999 -0.755622 0.089211
v 1.179991 -0.755600 0.080695
v 1.189866 -0.755516 0.057902
v 1.198986 -0.754857 0.000000
v 1.205282 -0.752350 0.000000
v 0.154012 -0.758920 0.000000
v 0.160099 -0.763848 0.057441
v 0.150516 -0.764424 0.000000
v 0.170008 -0.763756 0.078258
v 0.179998 -0.763747 0.081031
v 0.189976 -0.763711 0.069459
v 0.199993 -0.763449 0.064764
v 0.209922 -0.763371 0.054585
v 0.219486 -0.763021 0.000000
v 0.229326 -0.761040 0.000000
v 0.235966 -0.759964 0.000000
v 0.640319 -0.763750 0.070090
v 0.632722 -0.763750 0.000000
v 0.650022 -0.763750 0.094106
v 0.660001 -0.763750 0.106015
v 0.670000 -0.763750 0.114629
v 0.680000 -0.763750 0.120746
v 0.690000 -0.763750 0.120388
v 0.700000 -0.763750 0.114245
v 0.709999 -0.763750 0.105784
v 0.719973 -0.763750 0.093870
v 0.729577 -0.763750 0.069310
v 0.736435 -0.763750 0.000000
v 1.120674 -0.761043 0.000000
v 1.114034 -0.759964 0.000000
v 1.130516 -0.763075 0.000000
v 1.140100 -0.763649 0.058190
v 1.150008 -0.763723 0.079233
v 1.159996 -0.763725 0.080711
v 1.169962 -0.763681 0.067960
v 1.179888 -0.763403 0.054665
v 1.189055 -0.762929 0.000000
v 1.195921 -0.760436 0.000000
v 0.134034 -0.767536 0.000000
v 0.140674 -0.766456 0.000000
v 0.140111 -0.772202 0.050585
v 0.130940 -0.772692 0.000000
v 0.150038 -0.771919 0.062963
v 0.160005 -0.771859 0.076503
v 0.169998 -0.771852 0.081193
v 0.179952 -0.771832 0.068102
v 0.189640 -0.771556 0.000000
v 0.199911 -0.769342 0.000000
v 0.209372 -0.768856 0.000000
v 0.216031 -0.768059 0.000000
v 0.640079 -0.771901 0.072491
v 0.630851 -0.772256 0.000000
v 0.650004 -0.771876 0.094815
v 0.660000 -0.771875 0.106288
v 0.670000 -0.771875 0.114811
v 0.680000 -0.771875 0.120966
v 0.690000 -0.771875 0.120809
v 0.700000 -0.771875 0.114558
v 0.709999 -0.771875 0.105930
v 0.719973 -0.771875 0.093924
v 0.729577 -0.771875 0.069328
v 0.736435 -0.771875 0.000000
v 1.140941 -0.771052 0.000000
v 1.134012 -0.768576 0.000000
v 1.150104 -0.771484 0.052460
v 1.159929 -0.771491 0.052819
v 1.169486 -0.771146 0.000000
v 1.179326 -0.769165 0.000000
v 1.185966 -0.768089 0.000000
v 0.124009 -0.775172 0.000000
v 0.130065 -0.780034 0.041030
v 0.120471 -0.780639 0.000000
v 0.140005 -0.779723 0.056702
v 0.150001 -0.779662 0.061160
v 0.159999 -0.779657 0.063943
v 0.169973 -0.779655 0.063325
v 0.179597 -0.779626 0.051273
v 0.186715 -0.779391 0.000000
v 0.624637 -0.775099 0.000000
v 0.630416 -0.780064 0.055858
v 0.623330 -0.780544 0.000000
v 0.640028 -0.780003 0.084170
v 0.650001 -0.780000 0.098314
v 0.660000 -0.780000 0.107688
v 0.670000 -0.780000 0.115682
v 0.680000 -0.780000 0.121545
v 0.690000 -0.780000 0.121009
v 0.700000 -0.780000 0.114613
v 0.709999 -0.780000 0.105943
v 0.719973 -0.780000 0.093928
v 0.729577 -0.780000 0.069329
v 0.736435 -0.780000 0.000000
v 1.150573 -0.776932 0.000000
v 1.144026 -0.776166 0.000000
v 1.159432 -0.776933 0.000000
v 1.166036 -0.776181 0.000000
v 0.093963 -0.783808 0.000000
v 0.100628 -0.782993 0.000000
v 0.100073 -0.788202 0.036292
v 0.090440 -0.788779 0.000000
v 0.110101 -0.782536 0.000000
v 0.110003 -0.788086 0.043913
v 0.119957 -0.787809 0.038483
v 0.129534 -0.787413 0.000000
v 0.139957 -0.785572 0.000000
v 0.149998 -0.785260 0.000000
v 0.159997 -0.785229 0.000000
v 0.169937 -0.785214 0.000000
v 0.179285 -0.785074 0.000000
v 0.185386 -0.784324 0.000000
v 0.630081 -0.788155 0.069938
v 0.620827 -0.788544 0.000000
v 0.640004 -0.788126 0.091877
v 0.650000 -0.788125 0.102465
v 0.660000 -0.788125 0.110372
v 0.670000 -0.788125 0.117618
v 0.680000 -0.788125 0.122842
v 0.690000 -0.788125 0.121358
v 0.700000 -0.788125 0.114660
v 0.709999 -0.788125 0.105947
v 0.719973 -0.788125 0.093928
v 0.729577 -0.788125 0.069329
v 0.736435 -0.788125 0.000000
v 0.063969 -0.791939 0.000000
v 0.070628 -0.791144 0.000000
v 0.070070 -0.796602 0.045882
v 0.060518 -0.796957 0.000000
v 0.080095 -0.790686 0.000000
v 0.079910 -0.796453 0.037342
v 0.089560 -0.795654 0.000000
v 0.099959 -0.793732 0.000000
v 0.109940 -0.793397 0.000000
v 0.119375 -0.793204 0.000000
v 0.126035 -0.792433 0.000000
v 0.354673 -0.791922 0.000000
v 0.360662 -0.791190 0.000000
v 0.360455 -0.796600 0.046511
v 0.353773 -0.796784 0.000000
v 0.369437 -0.791191 0.000000
v 0.369954 -0.796613 0.048700
v 0.376039 -0.791943 0.000000
v 0.379532 -0.796965 0.000000
v 0.613990 -0.791369 0.000000
v 0.620089 -0.796323 0.059080
v 0.610472 -0.796911 0.000000
v 0.630006 -0.796254 0.084477
v 0.640000 -0.796250 0.097832
v 0.650000 -0.796250 0.106560
v 0.660000 -0.796250 0.113822
v 0.670000 -0.796250 0.120456
v 0.680000 -0.796250 0.124797
v 0.690000 -0.796250 0.121887
v 0.700000 -0.796250 0.114729
v 0.709999 -0.796250 0.105952
v 0.719973 -0.796250 0.093928
v 0.729577 -0.796250 0.069329
v 0.736435 -0.796250 0.000000
v 0.044707 -0.799924 0.000000
v 0.050766 -0.798923 0.000000
v 0.050495 -0.804333 0.036664
v 0.043946 -0.804371 0.000000
v 0.060059 -0.804096 0.046010
v 0.069896 -0.804011 0.046905
v 0.079059 -0.803572 0.000000
v 0.085994 -0.801083 0.000000
v 0.360460 -0.804030 0.047694
v 0.353773 -0.803842 0.000000
v 0.370029 -0.804097 0.056329
v 0.380001 -0.804378 0.051330
v 0.389957 -0.798804 0.000000
v 0.390002 -0.804670 0.058798
v 0.399995 -0.799116 0.000000
v 0.400000 -0.804716 0.063671
v 0.409942 -0.799160 0.000000
v 0.409994 -0.804721 0.063793
v 0.419369 -0.799304 0.000000
v 0.419891 -0.804764 0.054100
v 0.425970 -0.800083 0.000000
v 0.429059 -0.805198 0.000000
v 0.564030 -0.800083 0.000000
v 0.570631 -0.799304 0.000000
v 0.570109 -0.804764 0.054217
v 0.560941 -0.805198 0.000000
v 0.580058 -0.799160 0.000000
v 0.580006 -0.804721 0.064462
v 0.590005 -0.799116 0.000000
v 0.590000 -0.804716 0.066131
v 0.600044 -0.798801 0.000000
v 0.600003 -0.804676 0.066701
v 0.610033 -0.804439 0.070032
v 0.620005 -0.804380 0.083727
v 0.630000 -0.804375 0.094848
v 0.640000 -0.804375 0.102919
v 0.650000 -0.804375 0.110269
v 0.660000 -0.804375 0.117302
v 0.670000 -0.804375 0.123643
v 0.680000 -0.804375 0.126898
v 0.690000 -0.804375 0.122456
v 0.700000 -0.804375 0.114805
v 0.709999 -0.804375 0.105957
v 0.719973 -0.804375 0.093928
v 0.729577 -0.804375 0.069329
v 0.736435 -0.804375 0.000000
v 0.050721 -0.809479 0.000000
v 0.044703 -0.808779 0.000000
v 0.060007 -0.809578 0.000000
v 0.069372 -0.809447 0.000000
v 0.075970 -0.808668 0.000000
v 0.360723 -0.809482 0.000000
v 0.354677 -0.808707 0.000000
v 0.370107 -0.809935 0.000000
v 0.380474 -0.811839 0.000000
v 0.390098 -0.812422 0.054159
v 0.400009 -0.812515 0.075345
v 0.410000 -0.812522 0.083287
v 0.419992 -0.812527 0.079423
v 0.429901 -0.812601 0.058159
v 0.435988 -0.807674 0.000000
v 0.439484 -0.813175 0.000000
v 0.554009 -0.807673 0.000000
v 0.560098 -0.812601 0.058359
v 0.550473 -0.813164 0.000000
v 0.570008 -0.812527 0.080591
v 0.580000 -0.812522 0.088086
v 0.590000 -0.812522 0.089457
v 0.600000 -0.812520 0.089739
v 0.610001 -0.812503 0.090949
v 0.620000 -0.812500 0.095936
v 0.630000 -0.812500 0.102071
v 0.640000 -0.812500 0.108085
v 0.650000 -0.812500 0.114269
v 0.660000 -0.812500 0.120717
v 0.670000 -0.812500 0.126463
v 0.680000 -0.812500 0.128137
v 0.690000 -0.812500 0.122708
v 0.700000 -0.812500 0.114832
v 0.709999 -0.812500 0.105959
v 0.719973 -0.812500 0.093928
v 0.729577 -0.812500 0.069329
v 0.736435 -0.812500 0.000000
v 0.390944 -0.819857 0.000000
v 0.384009 -0.817331 0.000000
v 0.400131 -0.820520 0.057270
v 0.410010 -0.820618 0.079733
v 0.420000 -0.820626 0.087535
v 0.429995 -0.820631 0.082013
v 0.439963 -0.820691 0.067898
v 0.449331 -0.815206 0.000000
v 0.449921 -0.820963 0.055014
v 0.456032 -0.816268 0.000000
v 0.459531 -0.821316 0.000000
v 0.483965 -0.816316 0.000000
v 0.490626 -0.815552 0.000000
v 0.490076 -0.821005 0.054624
v 0.480469 -0.821319 0.000000
v 0.500058 -0.815412 0.000000
v 0.500005 -0.820971 0.064482
v 0.510003 -0.815398 0.000000
v 0.510000 -0.820969 0.066100
v 0.520000 -0.815395 0.000000
v 0.520000 -0.820969 0.066237
v 0.530002 -0.815365 0.000000
v 0.530000 -0.820966 0.066272
v 0.540044 -0.815051 0.000000
v 0.540003 -0.820926 0.066707
v 0.550033 -0.820689 0.070025
v 0.560005 -0.820631 0.083619
v 0.570000 -0.820626 0.093951
v 0.580000 -0.820626 0.099110
v 0.590000 -0.820626 0.100482
v 0.600000 -0.820626 0.100740
v 0.610000 -0.820625 0.101318
v 0.620000 -0.820625 0.103761
v 0.630000 -0.820625 0.108142
v 0.640000 -0.820625 0.113338
v 0.650000 -0.820625 0.118778
v 0.660000 -0.820625 0.124519
v 0.670000 -0.820625 0.129298
v 0.680000 -0.820625 0.128992
v 0.690000 -0.820625 0.122831
v 0.700000 -0.820625 0.114841
v 0.709999 -0.820625 0.105959
v 0.719973 -0.820625 0.093928
v 0.729577 -0.820625 0.069329
v 0.736435 -0.820625 0.000000
v 0.400947 -0.827980 0.000000
v 0.394074 -0.825440 0.000000
v 0.410131 -0.828644 0.057831
v 0.420010 -0.828742 0.080528
v 0.430000 -0.828749 0.088542
v 0.439999 -0.828753 0.086685
v 0.449996 -0.828773 0.081576
v 0.459967 -0.828815 0.069549
v 0.470000 -0.822837 0.000000
v 0.470000 -0.829009 0.066874
v 0.480033 -0.828815 0.069731
v 0.490004 -0.828775 0.082283
v 0.500000 -0.828772 0.088202
v 0.510000 -0.828772 0.089439
v 0.520000 -0.828772 0.089587
v 0.530000 -0.828772 0.089609
v 0.540000 -0.828770 0.089747
v 0.550001 -0.828753 0.090948
v 0.560000 -0.828750 0.095915
v 0.570000 -0.828750 0.101816
v 0.580000 -0.828750 0.106390
v 0.590000 -0.828750 0.108133
v 0.600000 -0.828750 0.108509
v 0.610000 -0.828750 0.108910
v 0.620000 -0.828750 0.110540
v 0.630000 -0.828750 0.113945
v 0.640000 -0.828750 0.118560
v 0.650000 -0.828750 0.123649
v 0.660000 -0.828750 0.128829
v 0.670000 -0.828750 0.132431
v 0.680000 -0.828750 0.129856
v 0.690000 -0.828750 0.122945
v 0.700000 -0.828750 0.114849
v 0.709999 -0.828750 0.105959
v 0.719973 -0.828750 0.093928
v 0.729577 -0.828750 0.069329
v 0.736435 -0.828750 0.000000
v 0.410947 -0.836105 0.000000
v 0.404074 -0.833565 0.000000
v 0.420131 -0.836766 0.057816
v 0.430009 -0.836850 0.079861
v 0.440001 -0.836872 0.086653
v 0.450000 -0.836875 0.089605
v 0.459999 -0.836877 0.087741
v 0.470000 -0.836893 0.087385
v 0.480001 -0.836878 0.089276
v 0.490000 -0.836876 0.094670
v 0.500000 -0.836876 0.098905
v 0.510000 -0.836876 0.100256
v 0.520000 -0.836876 0.100571
v 0.530000 -0.836876 0.100652
v 0.540000 -0.836876 0.100731
v 0.550000 -0.836875 0.101300
v 0.560000 -0.836875 0.103738
v 0.570000 -0.836875 0.108017
v 0.580000 -0.836875 0.112423
v 0.590000 -0.836875 0.114786
v 0.600000 -0.836875 0.115373
v 0.610000 -0.836875 0.115719
v 0.620000 -0.836875 0.116979
v 0.630000 -0.836875 0.119764
v 0.640000 -0.836875 0.123868
v 0.650000 -0.836875 0.128731
v 0.660000 -0.836875 0.133402
v 0.670000 -0.836875 0.135404
v 0.680000 -0.836875 0.130648
v 0.690000 -0.836875 0.123046
v 0.700000 -0.836875 0.114854
v 0.709999 -0.836875 0.105959
v 0.719973 -0.836875 0.093928
v 0.729577 -0.836875 0.069329
v 0.736435 -0.836875 0.000000
v 0.420945 -0.844179 0.000000
v 0.414074 -0.841686 0.000000
v 0.430112 -0.844653 0.054600
v 0.440038 -0.844931 0.067785
v 0.450004 -0.844975 0.081356
v 0.460000 -0.844980 0.086138
v 0.470001 -0.844998 0.088101
v 0.480000 -0.845000 0.092925
v 0.490000 -0.845000 0.098878
v 0.500000 -0.845000 0.103785
v 0.510000 -0.845000 0.106217
v 0.520000 -0.845000 0.107477
v 0.530000 -0.845000 0.107992
v 0.540000 -0.845000 0.108177
v 0.550000 -0.845000 0.108631
v 0.560000 -0.845000 0.110287
v 0.570000 -0.845000 0.113619
v 0.580000 -0.845000 0.117764
v 0.590000 -0.845000 0.120770
v 0.600000 -0.845000 0.121608
v 0.610000 -0.845000 0.121965
v 0.620000 -0.845000 0.123058
v 0.630000 -0.845000 0.125482
v 0.640000 -0.845000 0.129181
v 0.650000 -0.845000 0.133697
v 0.660000 -0.845000 0.137481
v 0.670000 -0.845000 0.136895
v 0.680000 -0.845000 0.130815
v 0.690000 -0.845000 0.122993
v 0.700000 -0.845000 0.114816
v 0.709999 -0.845000 0.105947
v 0.719973 -0.845000 0.093925
v 0.729577 -0.845000 0.069328
v 0.736435 -0.845000 0.000000
v 0.430674 -0.850415 0.000000
v 0.424034 -0.849339 0.000000
v 0.440514 -0.852396 0.000000
v 0.450078 -0.852746 0.054556
v 0.460008 -0.852822 0.064696
v 0.470033 -0.853061 0.069586
v 0.480005 -0.853119 0.083322
v 0.490000 -0.853125 0.094085
v 0.500000 -0.853125 0.101240
v 0.510000 -0.853125 0.106260
v 0.520000 -0.853125 0.109993
v 0.530000 -0.853125 0.111743
v 0.540000 -0.853125 0.112487
v 0.550000 -0.853125 0.113379
v 0.560000 -0.853125 0.114861
v 0.570000 -0.853125 0.117475
v 0.580000 -0.853125 0.121137
v 0.590000 -0.853125 0.124360
v 0.600000 -0.853125 0.125354
v 0.610000 -0.853125 0.125867
v 0.620000 -0.853125 0.127132
v 0.630000 -0.853125 0.129629
v 0.640000 -0.853125 0.133286
v 0.650000 -0.853125 0.137514
v 0.660000 -0.853125 0.140063
v 0.670000 -0.853125 0.136751
v 0.680000 -0.853125 0.130031
v 0.690000 -0.853125 0.122405
v 0.700000 -0.853125 0.114482
v 0.709999 -0.853125 0.105800
v 0.719973 -0.853125 0.093871
v 0.729577 -0.853125 0.069310
v 0.736435 -0.853125 0.000000
v 0.450629 -0.858229 0.000000
v 0.443969 -0.857434 0.000000
v 0.460101 -0.858684 0.000000
v 0.470475 -0.860586 0.000000
v 0.480098 -0.861152 0.058481
v 0.490009 -0.861242 0.081891
v 0.500000 -0.861250 0.094266
v 0.510000 -0.861250 0.101478
v 0.520000 -0.861250 0.106125
v 0.530000 -0.861250 0.108092
v 0.540000 -0.861250 0.109703
v 0.550000 -0.861250 0.111982
v 0.560000 -0.861250 0.113799
v 0.570000 -0.861250 0.115738
v 0.580000 -0.861250 0.118535
v 0.590000 -0.861250 0.120954
v 0.600000 -0.861250 0.121814
v 0.610000 -0.861250 0.122792
v 0.620000 -0.861250 0.124919
v 0.630000 -0.861250 0.128326
v 0.640000 -0.861250 0.132692
v 0.650000 -0.861250 0.137042
v 0.660000 -0.861250 0.138745
v 0.670000 -0.861250 0.134278
v 0.680000 -0.861250 0.127513
v 0.690000 -0.861250 0.120353
v 0.700000 -0.861250 0.113030
v 0.709999 -0.861250 0.104892
v 0.719973 -0.861250 0.093389
v 0.729577 -0.861250 0.069045
v 0.736434 -0.861248 0.000000
v 0.480944 -0.868606 0.000000
v 0.474009 -0.866081 0.000000
v 0.490131 -0.869269 0.058094
v 0.500010 -0.869367 0.081840
v 0.510000 -0.869374 0.093802
v 0.520000 -0.869374 0.099153
v 0.530000 -0.869375 0.101062
v 0.540000 -0.869375 0.103476
v 0.550000 -0.869375 0.106631
v 0.560000 -0.869375 0.108406
v 0.570000 -0.869375 0.110278
v 0.580000 -0.869375 0.113033
v 0.590000 -0.869375 0.114909
v 0.600000 -0.869375 0.115654
v 0.610000 -0.869375 0.116946
v 0.620000 -0.869375 0.119697
v 0.630000 -0.869375 0.123762
v 0.640000 -0.869375 0.128575
v 0.650000 -0.869375 0.133154
v 0.660000 -0.869375 0.135147
v 0.670000 -0.869375 0.130744
v 0.680000 -0.869375 0.124205
v 0.690000 -0.869375 0.117290
v 0.700000 -0.869375 0.110070
v 0.709999 -0.869375 0.102086
v 0.719972 -0.869375 0.090974
v 0.729575 -0.869371 0.066732
v 0.736417 -0.869328 0.000000
v 0.490947 -0.876730 0.000000
v 0.484074 -0.874190 0.000000
v 0.500131 -0.877391 0.057952
v 0.510009 -0.877473 0.080578
v 0.520000 -0.877480 0.088227
v 0.530001 -0.877497 0.090740
v 0.540000 -0.877499 0.095401
v 0.550000 -0.877499 0.099343
v 0.560000 -0.877500 0.101095
v 0.570000 -0.877500 0.103530
v 0.580000 -0.877500 0.106711
v 0.590000 -0.877500 0.108210
v 0.600000 -0.877500 0.108877
v 0.610000 -0.877500 0.110536
v 0.620000 -0.877500 0.113940
v 0.630000 -0.877500 0.118544
v 0.640000 -0.877500 0.123549
v 0.650000 -0.877500 0.128326
v 0.660000 -0.877500 0.130851
v 0.670000 -0.877500 0.126955
v 0.680000 -0.877500 0.120648
v 0.690000 -0.877500 0.113816
v 0.700000 -0.877500 0.106542
v 0.709999 -0.877500 0.097729
v 0.719969 -0.877497 0.083797
v 0.729531 -0.877437 0.055420
v 0.736243 -0.876991 0.000000
v 0.500945 -0.884801 0.000000
v 0.494074 -0.882311 0.000000
v 0.510109 -0.885239 0.054246
v 0.520009 -0.885321 0.064919
v 0.530033 -0.885558 0.069742
v 0.540004 -0.885600 0.082349
v 0.550000 -0.885605 0.088371
v 0.560001 -0.885622 0.090747
v 0.570000 -0.885624 0.095400
v 0.580000 -0.885624 0.099286
v 0.590000 -0.885624 0.100559
v 0.600000 -0.885625 0.101304
v 0.610000 -0.885625 0.103760
v 0.620000 -0.885625 0.108136
v 0.630000 -0.885625 0.113279
v 0.640000 -0.885625 0.118431
v 0.650000 -0.885625 0.123293
v 0.660000 -0.885625 0.126180
v 0.670000 -0.885625 0.122811
v 0.680000 -0.885625 0.116980
v 0.690000 -0.885625 0.110146
v 0.700000 -0.885625 0.102425
v 0.709996 -0.885624 0.091867
v 0.719915 -0.885595 0.069879
v 0.729102 -0.885208 0.000000
v 0.735301 -0.882401 0.000000
v 0.510633 -0.890728 0.000000
v 0.504031 -0.889919 0.000000
v 0.520102 -0.891181 0.000000
v 0.530473 -0.893031 0.000000
v 0.540076 -0.893372 0.054653
v 0.550008 -0.893447 0.064940
v 0.560033 -0.893683 0.069743
v 0.570004 -0.893725 0.082341
v 0.580000 -0.893728 0.088237
v 0.590000 -0.893730 0.089600
v 0.600001 -0.893747 0.090940
v 0.610000 -0.893750 0.095932
v 0.620000 -0.893750 0.102025
v 0.630000 -0.893750 0.107818
v 0.640000 -0.893750 0.113270
v 0.650000 -0.893750 0.118340
v 0.660000 -0.893750 0.121416
v 0.670000 -0.893750 0.118254
v 0.680000 -0.893750 0.112846
v 0.690000 -0.893750 0.106400
v 0.699999 -0.893750 0.097961
v 0.709972 -0.893747 0.084114
v 0.719583 -0.893686 0.055847
v 0.726666 -0.893206 0.000000
v 0.540629 -0.898854 0.000000
v 0.533965 -0.898060 0.000000
v 0.550102 -0.899306 0.000000
v 0.560473 -0.901156 0.000000
v 0.570076 -0.901494 0.054624
v 0.580005 -0.901532 0.064514
v 0.590003 -0.901574 0.066567
v 0.600033 -0.901811 0.070023
v 0.610005 -0.901869 0.083673
v 0.620000 -0.901875 0.094478
v 0.630000 -0.901875 0.101891
v 0.640000 -0.901875 0.107976
v 0.650000 -0.901875 0.113460
v 0.660000 -0.901875 0.116525
v 0.670000 -0.901875 0.113562
v 0.680000 -0.901875 0.108025
v 0.690000 -0.901875 0.101857
v 0.699996 -0.901874 0.092820
v 0.709918 -0.901848 0.071916
v 0.719120 -0.901491 0.000000
v 0.725360 -0.898651 0.000000
v 0.570626 -0.906949 0.000000
v 0.563965 -0.906183 0.000000
v 0.580060 -0.907120 0.000000
v 0.590047 -0.907448 0.000000
v 0.600473 -0.909336 0.000000
v 0.610098 -0.909902 0.058507
v 0.620008 -0.909993 0.081969
v 0.630000 -0.910000 0.094659
v 0.640000 -0.910000 0.102517
v 0.650000 -0.910000 0.108450
v 0.660000 -0.910000 0.111514
v 0.670000 -0.910000 0.109170
v 0.680000 -0.910000 0.102947
v 0.689999 -0.910000 0.095643
v 0.699974 -0.909998 0.086056
v 0.709627 -0.909976 0.065931
v 0.716838 -0.909913 0.000000
v 0.610942 -0.917359 0.000000
v 0.604009 -0.914831 0.000000
v 0.620121 -0.918044 0.058648
v 0.630007 -0.918120 0.084169
v 0.640000 -0.918125 0.096248
v 0.650000 -0.918125 0.102594
v 0.660000 -0.918125 0.106442
v 0.670000 -0.918125 0.105478
v 0.680000 -0.918125 0.098233
v 0.689997 -0.918123 0.086290
v 0.699948 -0.918086 0.068255
v 0.709544 -0.917798 0.051498
v 0.716284 -0.917542 0.000000
v 0.620831 -0.925827 0.000000
v 0.614055 -0.922990 0.000000
v 0.630081 -0.926202 0.068752
v 0.640005 -0.926247 0.086806
v 0.650000 -0.926250 0.095621
v 0.660000 -0.926250 0.101445
v 0.670000 -0.926250 0.102279
v 0.679997 -0.926249 0.094106
v 0.689952 -0.926231 0.072814
v 0.699609 -0.925960 0.000000
v 0.709250 -0.923581 0.000000
v 0.715325 -0.922501 0.000000
v 0.630408 -0.934045 0.051853
v 0.623329 -0.933759 0.000000
v 0.640050 -0.934334 0.068255
v 0.650003 -0.934372 0.085663
v 0.660000 -0.934374 0.095487
v 0.669999 -0.934374 0.097696
v 0.679975 -0.934374 0.091341
v 0.689632 -0.934373 0.069118
v 0.696900 -0.934347 0.000000
v 0.630745 -0.939829 0.000000
v 0.624620 -0.938748 0.000000
v 0.640405 -0.942171 0.000000
v 0.650050 -0.942457 0.068979
v 0.660003 -0.942477 0.085380
v 0.669999 -0.942478 0.088420
v 0.679973 -0.942478 0.084540
v 0.689579 -0.942475 0.065426
v 0.696458 -0.942447 0.000000
v 0.650403 -0.950251 0.051366
v 0.643287 -0.950015 0.000000
v 0.660027 -0.950280 0.063908
v 0.670000 -0.950281 0.065841
v 0.679970 -0.950280 0.063823
v 0.689542 -0.950253 0.050953
v 0.696247 -0.950040 0.000000
v 0.650715 -0.955699 0.000000
v 0.644614 -0.954949 0.000000
v 0.660064 -0.955838 0.000000
v 0.670000 -0.955852 0.000000
v 0.679937 -0.955838 0.000000
v 0.689280 -0.955699 0.000000
v 0.695324 -0.954951 0.000000
f 71 92 93 72
f 27 40 41 28
f 3554 3561 3562 3555
f 930 965 966 931
f 1361 1388 1389 1362
f 10 24 25 12
f 994 1024 1025 995
f 1716 1790 1791 1717
f 63 84 85 64
f 308 309 310 290
f 3532 3541 3543 3534
f 1793 1856 1857 1794
f 3524 3535 3536 3525
f 3374 3401 3402 3375
f 3516 3528 3529 3517
f 1835 1906 1905 1837
f 3543 3551 3550 3544
f 11 22 24 10
f 3494 3508 3507 3495
f 2350 2412 2413 2351
f 1794 1857 1858 1795
f 986 1017 1018 988
f 3535 3544 3545 3536
f 2161 2228 2229 2162
f 3396 3422 3423 3397
f 3452 3473 3474 3453
f 3518 3530 3531 3519
f 3460 3481 3482 3461
f 414 441 442 415
f 3503 3516 3517 3504
f 179 213 214 180
f 76 97 98 77
f 3385 3412 3413 3386
f 3296 3329 3330 3297
f 1841 1910 1911 1842
f 1786 1850 1849 1787
f 101 102 105 104
f 53 54 56 55
f 3284 3317 3318 3285
f 20 30 32 31
f 91 121 122 92
f 1819 1889 1890 1818
f 441 469 470 442
f 3423 3448 3449 3424
f 2106 2171 2170 2105
f 814 826 827 815
f 117 144 145 118
f 2268 2329 2330 2269
f 22 36 37 24
f 3287 3320 3321 3288
f 157 160 159 158
f 23 34 36 22
f 14 27 28 16
f 1665 1666 1668 1667
f 60 82 83 62
f 1881 1882 1884 1883
f 39 66 67 40
f 3525 3536 3537 3526
f 55 56 58 57
f 176 210 211 177
f 275 289 291 274
f 109 136 137 110
f 133 169 170 134
f 79 81 80 61
f 130 132 131 103
f 3453 3474 3475 3454
f 47 48 50 49
f 2682 2729 2730 2683
f 2305 2365 2366 2306
f 465 500 501 466
f 141 177 178 142
f 2657 2705 2706 2658
f 197 198 200 199
f 44 71 72 46
f 69 90 91 70
f 56 77 78 58
f 181 215 216 182
f 1770 1839 1840 1771
f 1035 1062 1063 1036
f 2044 2111 2112 2045
f 131 168 169 133
f 985 1016 1017 986
f 135 171 172 136
f 61 80 82 60
f 1875 1941 1942 1876
f 3550 3557 3559 3552
f 1788 1851 1852 1789
f 2753 2793 2794 2754
f 325 326 328 327
f 74 95 96 75
f 2196 2258 2259 2197
f 37 64 65 38
f 2265 2326 2327 2266
f 3462 3483 3484 3463
f 160 201 202 159
f 2982 3014 3015 2983
f 189 222 223 190
f 77 98 99 78
f 92 122 123 93
f 206 243 245 208
f 3478 3496 3497 3479
f 253 280 281 252
f 149 185 186 150
f 1082 1106 1107 1083
f 84 114 115 85
f 2626 2678 2679 2627
f 1754 1825 1826 1755
f 3320 3351 3352 3321
f 2329 2388 2389 2330
f 159 202 203 162
f 66 87 88 67
f 94 124 125 95
f 2681 2728 2729 2682
f 88 118 119 89
f 1133 1151 1153 1134
f 2716 2718 2717 2672
f 977 1008 1009 978
f 175 209 210 176
f 83 113 114 84
f 86 116 117 87
f 303 304 307 306
f 152 188 189 153
f 75 96 97 76
f 198 237 238 200
f 1106 1129 1130 1107
f 365 366 369 368
f 50 74 75 52
f 247 270 271 248
f 349 375 376 350
f 42 69 70 43
f 1026 1055 1056 1027
f 1890 1955 1956 1891
f 3233 3266 3268 3234
f 402 428 429 403
f 1620 1708 1709 1622
f 90 120 121 91
f 1818 1890 1891 1820
f 67 88 89 68
f 1915 1980 1981 1916
f 119 146 147 120
f 384 406 407 385
f 290 310 311 289
f 2134 2197 2198 2135
f 277 292 293 279
f 124 151 152 125
f 165 166 167 132
f 190 223 224 191
f 103 131 133 102
f 1804 1867 1868 1805
f 2899 2934 2935 2900
f 347 348 349 324
f 2337 2396 2398 2397
f 3105 3142 3143 3106
f 989 1019 1020 990
f 125 152 153 126
f 1377 1407 1408 1378
f 136 172 173 137
f 1826 1897 1898 1827
f 307 331 332 309
f 143 179 180 144
f 281 295 296 282
f 93 123 124 94
f 1018 1047 1048 1019
f 116 143 144 117
f 120 147 148 121
f 2386 2444 2445 2387
f 1979 2047 2048 1980
f 969 1001 1000 970
f 335 359 360 336
f 147 183 184 148
f 398 424 425 399
f 199 200 201 160
f 541 582 583 542
f 3401 3427 3428 3402
f 2705 2749 2750 2706
f 106 107 109 108
f 1899 1964 1965 1900
f 1375 1405 1406 1376
f 2587 2638 2639 2588
f 123 150 151 124
f 255 282 283 257
f 1442 1473 1474 1443
f 1369 1400 1401 1371
f 3103 3140 3141 3104
f 174 208 209 175
f 80 111 112 82
f 991 1021 1022 992
f 789 798 799 790
f 1670 1733 1734 1672
f 140 176 177 141
f 142 178 179 143
f 2650 2700 2699 2652
f 377 399 400 378
f 749 776 777 750
f 493 527 528 495
f 701 733 734 702
f 501 534 535 502
f 126 153 154 127
f 1860 1926 1927 1861
f 617 657 658 618
f 391 417 418 392
f 593 596 595 594
f 1042 1069 1070 1043
f 280 294 295 281
f 523 525 524 491
f 429 456 457 430
f 605 606 608 607
f 1825 1896 1897 1826
f 1947 2011 2012 1949
f 479 514 515 480
f 3177 3214 3215 3178
f 3298 3331 3332 3299
f 1601 1692 1694 1603
f 2281 2342 2343 2282
f 373 395 396 374
f 439 467 468 440
f 132 167 168 131
f 660 694 695 661
f 557 612 613 560
f 2116 2181 2182 2117
f 107 135 136 109
f 376 398 399 377
f 1161 1179 1180 1162
f 949 983 984 950
f 245 267 269 246
f 207 244 243 206
f 1844 1913 1914 1845
f 188 221 222 189
f 901 942 943 903
f 589 637 638 590
f 2689 2735 2736 2690
f 229 230 232 231
f 390 415 416 389
f 1931 1995 1996 1932
f 183 217 218 184
f 853 855 854 843
f 359 385 386 360
f 709 738 739 710
f 490 526 527 493
f 629 669 670 630
f 2713 2757 2758 2714
f 357 383 384 358
f 278 279 280 253
f 151 187 188 152
f 272 275 274 273
f 658 692 693 659
f 421 448 449 422
f 562 614 615 564
f 531 572 573 532
f 293 314 315 294
f 1858 1924 1925 1859
f 565 616 617 566
f 256 257 259 258
f 637 675 676 638
f 139 175 176 140
f 246 269 270 247
f 196 235 236 195
f 360 386 387 361
f 3372 3399 3400 3373
f 1053 1080 1081 1054
f 1081 1105 1106 1082
f 3523 3534 3535 3524
f 82 112 113 83
f 382 404 405 383
f 172 207 206 173
f 2666 2714 2715 2667
f 305 329 330 304
f 2822 2860 2861 2823
f 1297 1322 1323 1298
f 1955 2025 2026 1956
f 1892 1957 1958 1893
f 1186 1205 1206 1187
f 1715 1789 1790 1716
f 1897 1962 1963 1898
f 1686 1761 1762 1687
f 1606 1697 1698 1607
f 1987 2053 2055 1988
f 471 506 507 472
f 2658 2706 2707 2659
f 2997 3028 3029 2998
f 121 148 149 122
f 551 587 589 552
f 333 357 358 334
f 736 764 766 735
f 587 635 637 589
f 1229 1250 1252 1228
f 410 411 414 413
f 1940 2004 2005 1941
f 163 164 166 165
f 374 396 397 375
f 180 214 215 181
f 1884 1947 1949 1948
f 108 109 110 81
f 1945 2009 2010 1946
f 757 784 785 758
f 575 626 627 576
f 317 340 341 318
f 1050 1077 1078 1051
f 343 346 345 344
f 336 360 361 337
f 841 843 842 831
f 311 334 335 312
f 1590 1681 1682 1591
f 1706 1780 1782 1708
f 1929 1993 1994 1930
f 527 568 569 528
f 309 332 333 310
f 1971 2039 2038 1970
f 463 498 499 464
f 328 352 353 329
f 1402 1432 1433 1403
f 1165 1183 1184 1166
f 813 825 826 814
f 404 430 431 405
f 2171 2236 2235 2170
f 358 384 385 359
f 375 397 398 376
f 304 330 331 307
f 1970 2038 2040 1972
f 1148 1167 1168 1149
f 635 673 675 637
f 173 206 208 174
f 334 358 359 335
f 1809 1872 1873 1810
f 1874 1940 1941 1875
f 200 238 239 201
f 2258 2319 2320 2259
f 691 723 724 692
f 355 381 382 356
f 655 689 690 656
f 2072 2137 2138 2073
f 310 333 334 311
f 284 298 299 285
f 1924 1988 1989 1925
f 1946 2010 2011 1947
f 1349 1376 1377 1350
f 717 746 747 718
f 1545 1577 1578 1546
f 3143 3188 3189 3144
f 1578 1611 1612 1579
f 803 814 815 804
f 3219 3254 3255 3220
f 401 427 428 402
f 973 1004 1005 974
f 254 255 257 256
f 792 801 802 793
f 3201 3237 3238 3203
f 1882 1946 1947 1884
f 787 796 798 789
f 1921 1985 1986 1922
f 1465 1497 1498 1466
f 1419 1449 1450 1420
f 70 91 92 71
f 2999 3030 3031 3000
f 536 577 578 537
f 3406 3432 3433 3407
f 1525 1557 1558 1526
f 877 926 927 878
f 791 800 801 792
f 819 830 832 818
f 1501 1533 1534 1502
f 1905 1970 1972 1907
f 3317 3348 3349 3318
f 1876 1942 1943 1877
f 909 946 947 911
f 534 575 576 535
f 423 450 451 424
f 2762 2804 2805 2761
f 487 518 520 486
f 1421 1451 1452 1422
f 467 502 503 468
f 727 756 757 728
f 499 532 533 500
f 1154 1172 1173 1155
f 252 281 282 255
f 416 443 444 417
f 1391 1421 1422 1392
f 659 693 694 660
f 941 975 976 942
f 1922 1986 1987 1923
f 2025 2092 2093 2026
f 2571 2624 2625 2572
f 2801 2802 2804 2762
f 400 426 427 401
f 3234 3268 3269 3235
f 879 928 929 880
f 2275 2336 2337 2277
f 810 822 823 811
f 385 407 408 386
f 415 442 443 416
f 528 569 570 529
f 35 60 62 34
f 1021 1050 1051 1022
f 274 291 292 277
f 911 947 948 913
f 227 261 262 230
f 526 567 568 527
f 3377 3404 3405 3378
f 2706 2750 2751 2707
f 26 39 40 27
f 2099 2166 2167 2100
f 1913 1978 1979 1914
f 935 969 970 936
f 251 252 255 254
f 2441 2499 2500 2442
f 367 389 391 366
f 1956 2026 2027 1957
f 1937 2001 2002 1938
f 295 316 317 296
f 2059 2124 2125 2060
f 885 933 932 884
f 403 429 430 404
f 1115 1135 1136 1116
f 661 695 696 662
f 95 125 126 96
f 2690 2736 2737 2691
f 2830 2867 2868 2831
f 899 941 942 901
f 474 509 510 475
f 1812 1875 1876 1813
f 211 248 249 212
f 2377 2435 2436 2378
f 3342 3370 3371 3343
f 512 545 546 513
f 2714 2758 2759 2715
f 601 602 604 603
f 1002 1030 1032 1003
f 1409 1439 1440 1410
f 517 519 518 487
f 686 718 719 687
f 2734 2776 2777 2735
f 728 757 758 729
f 1538 1570 1571 1539
f 939 973 974 940
f 623 663 664 624
f 2035 2102 2103 2036
f 504 537 538 505
f 1821 1892 1893 1822
f 1061 1086 1085 1062
f 887 935 936 889
f 1954 2024 2025 1955
f 442 470 471 443
f 1085 1110 1109 1087
f 469 504 505 470
f 873 923 924 875
f 502 535 536 503
f 1524 1556 1557 1525
f 496 529 530 497
f 434 435 438 437
f 1757 1828 1829 1758
f 1093 1116 1117 1094
f 1015 1044 1045 1016
f 445 473 474 446
f 486 520 522 521
f 620 660 661 621
f 480 515 516 481
f 338 362 363 339
f 1589 1680 1681 1590
f 1041 1068 1069 1042
f 1023 1052 1053 1024
f 154 190 191 155
f 494 495 496 461
f 2881 2918 2919 2882
f 488 491 490 489
f 65 86 87 66
f 2466 2527 2528 2467
f 2722 2767 2768 2723
f 1003 1032 1033 1004
f 1386 1416 1417 1387
f 1965 2035 2036 1966
f 2457 2519 2520 2459
f 388 390 389 367
f 730 759 760 731
f 2009 2076 2077 2010
f 653 687 688 654
f 2793 2834 2835 2794
f 722 751 752 723
f 1114 1134 1135 1115
f 243 268 267 245
f 1988 2055 2056 1989
f 1099 1122 1123 1100
f 1978 2046 2047 1979
f 597 598 600 599
f 2091 2158 2159 2092
f 823 836 837 824
f 3217 3252 3253 3218
f 2085 2153 2154 2087
f 1091 1114 1115 1092
f 1173 1192 1193 1174
f 1063 1087 1088 1064
f 549 588 587 551
f 2313 2372 2373 2314
f 348 374 375 349
f 720 749 750 721
f 835 848 849 836
f 2133 2196 2197 2134
f 537 578 579 538
f 1087 1109 1111 1088
f 645 680 679 646
f 678 711 713 712
f 1095 1118 1119 1096
f 1213 1232 1233 1214
f 178 212 213 179
f 2075 2140 2141 2076
f 1972 2040 2041 1973
f 2769 2812 2813 2770
f 1245 1268 1269 1246
f 574 625 626 575
f 568 619 620 569
f 1075 1099 1100 1076
f 1039 1066 1067 1040
f 566 617 618 567
f 560 613 614 562
f 2101 2168 2169 2102
f 1253 1274 1275 1254
f 2761 2805 2806 2763
f 315 338 339 316
f 1281 1306 1307 1282
f 607 608 610 609
f 696 728 729 697
f 427 454 455 428
f 2045 2112 2113 2046
f 370 371 372 346
f 2162 2229 2230 2163
f 1066 1090 1091 1067
f 670 704 705 671
f 599 600 602 601
f 2746 2787 2786 2747
f 1803 1866 1867 1804
f 1933 1997 1998 1934
f 1181 1200 1201 1182
f 2034 2101 2102 2035
f 194 195 198 197
f 1138 1157 1158 1139
f 535 576 577 536
f 1433 1464 1465 1434
f 330 354 355 331
f 291 312 313 292
f 614 654 655 615
f 412 439 440 411
f 621 661 662 622
f 2107 2172 2173 2108
f 380 402 403 381
f 2084 2086 2085 2019
f 1613 1704 1705 1614
f 1597 1688 1689 1598
f 938 972 973 939
f 1231 1254 1255 1232
f 613 653 654 614
f 1006 1035 1036 1007
f 815 827 828 817
f 2738 2780 2781 2739
f 1146 1165 1166 1147
f 1251 1272 1271 1250
f 713 741 743 742
f 2873 2909 2910 2874
f 573 624 625 574
f 2115 2180 2181 2116
f 396 422 423 397
f 1952 2023 2024 1954
f 2291 2352 2353 2292
f 1179 1198 1199 1180
f 529 570 571 530
f 1255 1276 1277 1256
f 533 574 575 534
f 646 679 681 647
f 1227 1246 1248 1247
f 1306 1331 1332 1307
f 1357 1384 1385 1358
f 809 821 822 810
f 331 355 356 332
f 638 676 677 639
f 2373 2430 2432 2374
f 1373 1403 1404 1374
f 1303 1328 1329 1304
f 145 181 182 146
f 606 648 649 608
f 647 681 682 648
f 2004 2071 2072 2005
f 1274 1299 1300 1275
f 1243 1266 1267 1244
f 1381 1411 1412 1382
f 1311 1336 1337 1312
f 821 834 835 822
f 542 583 584 543
f 639 677 678 641
f 656 690 691 657
f 2027 2094 2095 2028
f 2197 2259 2260 2198
f 1065 1089 1090 1066
f 2817 2855 2856 2818
f 693 725 726 694
f 1325 1351 1352 1326
f 1299 1324 1325 1300
f 2809 2848 2849 2810
f 250 253 252 251
f 2361 2421 2422 2362
f 420 447 448 421
f 1961 2031 2032 1962
f 2509 2565 2566 2510
f 225 228 227 226
f 685 717 718 686
f 846 859 860 847
f 807 819 818 806
f 648 682 683 649
f 1907 1972 1973 1908
f 1387 1417 1418 1388
f 1453 1484 1485 1454
f 1383 1413 1414 1384
f 677 710 711 678
f 1218 1237 1238 1219
f 1938 2002 2003 1939
f 608 649 650 610
f 1914 1979 1980 1915
f 987 988 989 956
f 1461 1493 1494 1462
f 1351 1378 1379 1352
f 1049 1076 1077 1050
f 544 585 586 545
f 711 740 741 713
f 1666 1731 1732 1668
f 1741 1742 1744 1743
f 1509 1540 1541 1510
f 1319 1343 1345 1318
f 721 750 751 722
f 1371 1401 1402 1372
f 1533 1565 1566 1534
f 1175 1194 1195 1176
f 829 831 830 819
f 710 739 740 711
f 799 810 811 800
f 392 418 419 393
f 1842 1911 1912 1843
f 2589 2640 2641 2590
f 747 773 775 748
f 1447 1478 1479 1448
f 210 247 248 211
f 2267 2328 2329 2268
f 741 771 772 743
f 41 68 69 42
f 838 851 852 839
f 436 464 465 435
f 48 73 74 50
f 105 134 135 107
f 2477 2536 2537 2478
f 1977 2045 2046 1978
f 1559 1594 1595 1560
f 1469 1501 1502 1470
f 379 401 402 380
f 2187 2248 2250 2188
f 1127 1147 1148 1128
f 276 277 279 278
f 3227 3262 3263 3228
f 2205 2267 2268 2206
f 202 240 241 203
f 981 1012 1013 982
f 1471 1503 1504 1472
f 1170 1191 1190 1172
f 428 455 456 429
f 832 845 846 833
f 3402 3428 3429 3403
f 289 311 312 291
f 2001 2068 2069 2002
f 1449 1480 1481 1450
f 767 790 791 768
f 822 835 836 823
f 2962 2992 2993 2963
f 2594 2645 2646 2595
f 453 481 482 454
f 507 540 541 508
f 1519 1551 1553 1521
f 371 393 394 372
f 381 403 404 382
f 735 766 767 737
f 805 807 806 797
f 1033 1059 1061 1034
f 1515 1546 1547 1516
f 812 824 825 813
f 765 788 787 764
f 998 1028 1029 999
f 695 727 728 696
f 928 963 964 929
f 1017 1046 1047 1018
f 1483 1515 1516 1484
f 364 367 366 365
f 631 671 672 632
f 806 818 820 808
f 2858 2895 2896 2859
f 2210 2272 2273 2211
f 683 714 716 684
f 1685 1760 1761 1686
f 2098 2165 2166 2099
f 725 754 755 726
f 798 809 810 799
f 234 264 265 235
f 1709 1783 1784 1710
f 2973 3001 3003 2974
f 1487 1489 1488 1458
f 459 460 463 462
f 790 799 800 791
f 460 497 498 463
f 808 820 821 809
f 2410 2468 2469 2411
f 337 361 362 338
f 1124 1144 1145 1125
f 2869 2905 2906 2870
f 258 259 260 228
f 492 493 495 494
f 758 785 786 759
f 2628 2680 2681 2629
f 1863 1929 1930 1864
f 2579 2632 2633 2580
f 1717 1791 1792 1718
f 1655 1656 1658 1657
f 411 440 441 414
f 2353 2415 2416 2354
f 959 993 994 960
f 1663 1664 1666 1665
f 577 628 629 578
f 2219 2282 2283 2220
f 880 929 930 881
f 2068 2133 2134 2069
f 1635 1636 1638 1637
f 1441 1472 1473 1442
f 2211 2273 2274 2213
f 2108 2173 2174 2109
f 1619 1620 1622 1621
f 1607 1698 1699 1608
f 990 1020 1021 991
f 3305 3336 3337 3306
f 1571 1604 1605 1572
f 1735 1736 1738 1737
f 2203 2265 2266 2204
f 1080 1104 1105 1081
f 1675 1748 1750 1674
f 1695 1769 1770 1696
f 2092 2159 2160 2093
f 1747 1749 1748 1675
f 983 1014 1015 984
f 2041 2108 2109 2042
f 2122 2184 2186 2123
f 419 446 447 420
f 894 895 897 896
f 1852 1919 1918 1853
f 904 905 907 906
f 2747 2786 2788 2748
f 869 870 872 871
f 2841 2881 2882 2843
f 870 886 887 872
f 855 874 873 854
f 2642 2692 2693 2643
f 1797 1860 1861 1798
f 845 858 859 846
f 847 860 861 848
f 2506 2562 2563 2507
f 1805 1868 1869 1806
f 957 991 992 958
f 951 985 986 953
f 2076 2141 2142 2077
f 2033 2100 2101 2034
f 282 296 297 283
f 1962 2032 2033 1963
f 3062 3108 3109 3063
f 1829 1900 1901 1830
f 475 510 511 476
f 508 541 542 509
f 1611 1702 1703 1612
f 3229 3264 3265 3230
f 3050 3077 3079 3078
f 1853 1918 1920 1854
f 2114 2179 2180 2115
f 443 471 472 444
f 982 1013 1014 983
f 1796 1859 1860 1797
f 896 897 899 898
f 2882 2919 2920 2883
f 3173 3210 3211 3174
f 2865 2903 2902 2867
f 1202 1222 1223 1203
f 1119 1139 1140 1120
f 856 875 876 857
f 3202 3203 3204 3163
f 1301 1326 1327 1302
f 1861 1927 1928 1862
f 2825 2863 2864 2827
f 1653 1654 1656 1655
f 2251 2312 2313 2252
f 476 511 512 477
f 2810 2849 2850 2811
f 3362 3390 3391 3363
f 2757 2797 2798 2758
f 1153 1170 1172 1154
f 559 560 562 561
f 451 479 480 452
f 1194 1214 1215 1195
f 927 962 963 928
f 3330 3361 3362 3331
f 1813 1876 1877 1814
f 1823 1894 1895 1824
f 1605 1696 1697 1606
f 925 960 961 926
f 1574 1607 1608 1575
f 919 951 953 952
f 2140 2203 2204 2141
f 2008 2075 2076 2009
f 3381 3408 3409 3382
f 1941 2005 2006 1942
f 1847 1916 1917 1848
f 3434 3459 3460 3435
f 1859 1925 1926 1860
f 321 324 323 322
f 1855 1921 1922 1856
f 917 950 951 919
f 2235 2297 2299 2237
f 895 939 940 897
f 2802 2841 2843 2804
f 98 128 129 99
f 3517 3529 3530 3518
f 1973 2041 2042 1974
f 2969 2999 3000 2970
f 893 938 939 895
f 950 984 985 951
f 2002 2069 2070 2003
f 1072 1096 1097 1073
f 43 70 71 44
f 1827 1898 1899 1828
f 1799 1862 1863 1800
f 837 850 851 838
f 942 976 977 943
f 564 615 616 565
f 2124 2187 2188 2125
f 3466 3487 3488 3467
f 3533 3542 3541 3532
f 1997 2064 2065 1998
f 1935 1999 2000 1936
f 669 703 704 670
f 886 934 935 887
f 976 1007 1008 977
f 345 373 374 348
f 2005 2072 2073 2006
f 1943 2007 2008 1944
f 1953 2022 2023 1952
f 854 873 875 856
f 2777 2817 2818 2778
f 960 994 995 961
f 3266 3301 3300 3268
f 3341 3369 3370 3342
f 1097 1120 1121 1098
f 833 846 847 834
f 1117 1137 1138 1118
f 694 726 727 695
f 1111 1132 1131 1112
f 1064 1088 1089 1065
f 740 770 771 741
f 150 186 187 151
f 1949 2012 2013 1951
f 1991 2058 2059 1992
f 1073 1097 1098 1074
f 1241 1264 1265 1242
f 532 573 574 533
f 2834 2871 2872 2835
f 1490 1522 1523 1491
f 158 159 162 161
f 2069 2134 2135 2070
f 2015 2081 2083 2082
f 2172 2237 2238 2173
f 298 319 320 299
f 2003 2070 2071 2004
f 2077 2142 2143 2078
f 2023 2090 2091 2024
f 1005 1034 1035 1006
f 1134 1153 1154 1135
f 1007 1036 1037 1008
f 2818 2856 2857 2819
f 555 558 557 556
f 1995 2062 2063 1996
f 1089 1112 1113 1090
f 1537 1569 1568 1536
f 811 823 824 812
f 1282 1307 1308 1283
f 201 239 240 202
f 1376 1406 1407 1377
f 561 562 564 563
f 350 376 377 351
f 2109 2174 2175 2110
f 1951 2013 2015 2014
f 1101 1124 1125 1102
f 1022 1051 1052 1023
f 1103 1126 1127 1104
f 2156 2223 2224 2157
f 314 337 338 315
f 2563 2614 2615 2564
f 1994 2061 2062 1995
f 1040 1067 1068 1041
f 675 708 709 676
f 162 203 204 164
f 578 629 630 579
f 2897 2932 2933 2898
f 539 580 581 540
f 1126 1146 1147 1127
f 596 643 642 595
f 1032 1060 1059 1033
f 1013 1042 1043 1014
f 230 262 263 232
f 2141 2204 2205 2142
f 2087 2154 2155 2088
f 322 323 326 325
f 1234 1257 1258 1235
f 1986 2054 2053 1987
f 1008 1037 1038 1009
f 283 297 298 284
f 102 133 134 105
f 2057 2122 2123 2058
f 1293 1294 1296 1272
f 1759 1830 1831 1760
f 936 970 971 937
f 618 658 659 619
f 3349 3377 3378 3350
f 569 620 621 570
f 393 419 420 394
f 563 564 565 525
f 2315 2374 2375 2316
f 580 631 632 581
f 2204 2266 2267 2205
f 979 1010 1011 980
f 73 94 95 74
f 2137 2200 2201 2138
f 2135 2198 2199 2136
f 1077 1101 1102 1078
f 1286 1311 1312 1287
f 1079 1103 1104 1080
f 1128 1148 1149 1129
f 650 684 685 651
f 2147 2210 2211 2149
f 1071 1095 1096 1072
f 3273 3306 3307 3274
f 1147 1166 1167 1148
f 2139 2202 2203 2140
f 875 924 925 876
f 2159 2226 2227 2160
f 1069 1093 1094 1070
f 2299 2359 2360 2300
f 1047 1074 1075 1048
f 1216 1235 1236 1217
f 1693 1767 1766 1692
f 1661 1662 1664 1663
f 297 318 319 298
f 2175 2240 2241 2176
f 1045 1072 1073 1046
f 2307 2367 2368 2308
f 975 1006 1007 976
f 2954 2985 2986 2955
f 754 781 782 755
f 2237 2299 2300 2238
f 627 667 668 628
f 1094 1117 1118 1095
f 831 842 844 830
f 1112 1131 1133 1113
f 1275 1300 1301 1276
f 622 662 663 623
f 2261 2322 2323 2262
f 1481 1513 1514 1482
f 579 630 631 580
f 1062 1085 1087 1063
f 676 709 710 677
f 1096 1119 1120 1097
f 794 803 804 795
f 558 611 612 557
f 2269 2330 2331 2270
f 2095 2162 2163 2096
f 571 622 623 572
f 1457 1490 1491 1459
f 915 949 950 917
f 438 466 467 439
f 1131 1152 1151 1133
f 2255 2316 2317 2256
f 2017 2018 2021 2020
f 1250 1271 1273 1252
f 1263 1284 1285 1264
f 1200 1220 1221 1201
f 186 220 219 187
f 750 777 778 751
f 2213 2274 2275 2215
f 1473 1505 1506 1474
f 1269 1290 1291 1270
f 2347 2409 2410 2348
f 2090 2157 2158 2091
f 2914 2916 2915 2880
f 1451 1482 1483 1452
f 2179 2244 2245 2180
f 2287 2348 2349 2288
f 378 400 401 379
f 2385 2443 2444 2386
f 1151 1171 1170 1153
f 2244 2306 2307 2245
f 1707 1781 1780 1706
f 766 789 790 767
f 2317 2376 2377 2318
f 2327 2386 2387 2328
f 1157 1175 1176 1158
f 1278 1303 1304 1279
f 1143 1162 1163 1144
f 2874 2910 2911 2875
f 581 632 633 582
f 2195 2257 2258 2196
f 2341 2403 2404 2342
f 1360 1387 1388 1361
f 2026 2093 2094 2027
f 2331 2390 2391 2332
f 2228 2291 2292 2229
f 1074 1098 1099 1075
f 2243 2305 2306 2244
f 2349 2411 2412 2350
f 2335 2394 2395 2336
f 1141 1160 1161 1142
f 1174 1193 1194 1175
f 636 674 673 635
f 1184 1203 1204 1185
f 1891 1956 1957 1892
f 926 961 962 927
f 666 700 701 667
f 2929 2963 2964 2930
f 2201 2263 2264 2202
f 1166 1184 1185 1167
f 862 881 882 863
f 1090 1113 1114 1091
f 2381 2439 2440 2382
f 2263 2324 2325 2264
f 1651 1652 1654 1653
f 1262 1283 1284 1263
f 1239 1262 1263 1240
f 1176 1195 1196 1177
f 866 867 870 869
f 718 747 748 719
f 2413 2471 2472 2414
f 2961 2991 2992 2962
f 619 659 660 620
f 1266 1287 1288 1267
f 257 283 284 259
f 1144 1163 1164 1145
f 1210 1229 1228 1209
f 446 474 475 447
f 2421 2478 2479 2422
f 1178 1197 1198 1179
f 611 651 652 612
f 2458 2518 2519 2457
f 2395 2453 2454 2396
f 1407 1437 1438 1408
f 2898 2933 2934 2899
f 1226 1245 1246 1227
f 1070 1094 1095 1071
f 2089 2156 2157 2090
f 2391 2449 2450 2392
f 346 372 373 345
f 1258 1279 1280 1259
f 652 686 687 653
f 2292 2353 2354 2293
f 1362 1389 1390 1363
f 2411 2469 2470 2412
f 2357 2417 2419 2359
f 2993 3024 3025 2994
f 1645 1646 1648 1647
f 1558 1593 1594 1559
f 2105 2170 2172 2107
f 2403 2461 2462 2404
f 2447 2505 2506 2448
f 595 642 644 598
f 2379 2437 2438 2380
f 1223 1242 1243 1224
f 2260 2321 2322 2261
f 1346 1373 1374 1347
f 2387 2445 2446 2388
f 2485 2544 2545 2486
f 2495 2551 2552 2496
f 1237 1260 1261 1238
f 1238 1261 1262 1239
f 1199 1219 1220 1200
f 1272 1296 1297 1271
f 2443 2501 2502 2444
f 1214 1233 1234 1215
f 609 610 611 558
f 2503 2559 2560 2504
f 1221 1240 1241 1222
f 1505 1537 1536 1506
f 1197 1217 1218 1198
f 1352 1379 1380 1353
f 1183 1202 1203 1184
f 2363 2423 2424 2364
f 1158 1176 1177 1159
f 2517 2570 2569 2516
f 2407 2465 2466 2408
f 1125 1145 1146 1126
f 1230 1253 1254 1231
f 2050 2117 2118 2052
f 1264 1285 1286 1265
f 2131 2194 2195 2132
f 1038 1065 1066 1039
f 2541 2593 2594 2542
f 2559 2610 2611 2560
f 667 701 702 668
f 1206 1226 1227 1207
f 700 732 733 701
f 1256 1277 1278 1257
f 1435 1466 1467 1436
f 2515 2516 2518 2458
f 450 478 479 451
f 2042 2109 2110 2043
f 1142 1161 1162 1143
f 1240 1263 1264 1241
f 235 265 266 236
f 1334 1360 1361 1335
f 2549 2599 2601 2550
f 2567 2618 2619 2568
f 1405 1435 1436 1406
f 2435 2493 2494 2436
f 1399 1427 1429 1398
f 1344 1369 1371 1343
f 1626 1711 1712 1628
f 2555 2606 2607 2556
f 1137 1156 1157 1138
f 1497 1529 1530 1498
f 651 685 686 652
f 2401 2457 2459 2400
f 684 716 717 685
f 2930 2964 2965 2931
f 2550 2601 2602 2551
f 2483 2542 2543 2484
f 2493 2549 2550 2494
f 2419 2476 2477 2420
f 1295 1318 1320 1294
f 1310 1335 1336 1311
f 2324 2383 2384 2325
f 3011 3041 3042 3012
f 1414 1444 1445 1415
f 2613 2663 2664 2614
f 2607 2657 2658 2608
f 1555 1590 1591 1556
f 1302 1327 1328 1303
f 1287 1312 1313 1288
f 2906 2940 2941 2907
f 2659 2707 2708 2660
f 2523 2576 2577 2524
f 2669 2672 2671 2670
f 2631 2683 2684 2632
f 1285 1310 1311 1286
f 1390 1420 1421 1391
f 708 737 738 709
f 2016 2019 2018 2017
f 1738 1810 1811 1740
f 1478 1510 1511 1479
f 1129 1149 1150 1130
f 2639 2689 2690 2640
f 2308 2368 2369 2309
f 1328 1354 1355 1329
f 449 477 478 450
f 3379 3406 3407 3380
f 1422 1452 1453 1423
f 2121 2185 2184 2122
f 3009 3010 3011 2980
f 1389 1419 1420 1390
f 1298 1323 1324 1299
f 2066 2131 2132 2067
f 1320 1346 1347 1321
f 1906 1971 1970 1905
f 1398 1429 1430 1400
f 2677 2724 2725 2678
f 2575 2628 2629 2576
f 137 173 174 138
f 2459 2520 2521 2460
f 1335 1361 1362 1336
f 1296 1321 1322 1297
f 3539 3548 3549 3540
f 1046 1073 1074 1047
f 2653 2701 2702 2654
f 2314 2373 2374 2315
f 699 731 732 700
f 1290 1315 1316 1291
f 2058 2123 2124 2059
f 394 420 421 395
f 161 162 164 163
f 417 444 445 418
f 2701 2744 2746 2702
f 2687 2733 2732 2686
f 1499 1531 1532 1500
f 1582 1585 1584 1583
f 1751 1822 1823 1752
f 1224 1243 1244 1225
f 148 184 185 149
f 1443 1474 1475 1444
f 2581 2634 2635 2582
f 849 862 863 850
f 834 847 848 835
f 2451 2509 2510 2452
f 716 744 746 717
f 1088 1111 1112 1089
f 3515 3527 3528 3516
f 461 496 497 460
f 1315 1340 1341 1316
f 2751 2791 2792 2752
f 1397 1399 1398 1370
f 1366 1393 1394 1367
f 1367 1394 1396 1395
f 2404 2462 2463 2405
f 3331 3362 3363 3332
f 2683 2730 2731 2684
f 1758 1829 1830 1759
f 1359 1386 1387 1360
f 1358 1385 1386 1359
f 3329 3360 3361 3330
f 2627 2679 2680 2628
f 1702 1776 1777 1703
f 1123 1143 1144 1124
f 2783 2823 2824 2784
f 1365 1392 1393 1366
f 1326 1352 1353 1327
f 1327 1353 1354 1328
f 3082 3083 3085 3084
f 468 503 504 469
f 332 356 357 333
f 802 813 814 803
f 2791 2832 2833 2792
f 1333 1359 1360 1334
f 1462 1494 1495 1463
f 1271 1297 1298 1273
f 1400 1430 1431 1401
f 948 982 983 949
f 2763 2806 2807 2764
f 226 227 230 229
f 1521 1553 1554 1522
f 418 445 446 419
f 1322 1348 1349 1323
f 764 787 789 766
f 1392 1422 1423 1393
f 1480 1512 1513 1481
f 2719 2764 2765 2720
f 3029 3063 3064 3030
f 763 765 764 736
f 2491 2548 2547 2492
f 2833 2870 2871 2834
f 1456 1458 1457 1428
f 1191 1209 1211 1190
f 1902 1967 1968 1903
f 2837 2874 2875 2838
f 2951 2982 2983 2952
f 731 760 761 732
f 1314 1339 1340 1315
f 1575 1608 1609 1576
f 2396 2454 2455 2398
f 2138 2201 2202 2139
f 2883 2920 2921 2884
f 2805 2844 2845 2806
f 2855 2892 2893 2856
f 1993 2060 2061 1994
f 1542 1574 1575 1543
f 2146 2209 2210 2147
f 2388 2446 2447 2389
f 3241 3275 3276 3242
f 2875 2911 2912 2876
f 2765 2808 2809 2766
f 1513 1544 1545 1514
f 1629 1630 1632 1631
f 2475 2534 2533 2474
f 1431 1462 1463 1432
f 2859 2896 2897 2860
f 2154 2221 2222 2155
f 2917 2953 2954 2918
f 2895 2930 2931 2896
f 723 752 753 724
f 1438 1469 1470 1439
f 1423 1453 1454 1424
f 1648 1722 1723 1650
f 444 472 473 445
f 2046 2113 2114 2047
f 2925 2959 2961 2927
f 2927 2961 2962 2928
f 2909 2943 2944 2910
f 1430 1461 1462 1431
f 788 797 796 787
f 1464 1496 1497 1465
f 2266 2327 2328 2267
f 1974 2042 2043 1975
f 1217 1236 1237 1218
f 2935 2969 2970 2936
f 1429 1460 1461 1430
f 1534 1566 1567 1535
f 796 808 809 798
f 1448 1479 1480 1449
f 1100 1123 1124 1101
f 1854 1920 1921 1855
f 2949 2981 2982 2951
f 3025 3059 3060 3026
f 1338 1364 1365 1339
f 2298 2358 2357 2297
f 1440 1471 1472 1441
f 1532 1564 1565 1533
f 2981 3013 3014 2982
f 2863 2900 2901 2864
f 1621 1622 1624 1623
f 2539 2591 2592 2540
f 836 849 850 837
f 1424 1454 1455 1425
f 2362 2422 2423 2363
f 2278 2280 2279 2218
f 1637 1638 1640 1639
f 3057 3103 3104 3058
f 1493 1525 1526 1494
f 1330 1356 1357 1331
f 1252 1273 1274 1253
f 3035 3070 3071 3034
f 826 839 840 827
f 1244 1267 1268 1245
f 458 461 460 459
f 1551 1587 1588 1553
f 3026 3060 3061 3027
f 2442 2500 2501 2443
f 3067 3068 3070 3035
f 2933 2967 2968 2934
f 1489 1519 1521 1488
f 771 794 795 772
f 2428 2485 2486 2429
f 1511 1542 1543 1512
f 1388 1418 1419 1389
f 2390 2448 2449 2391
f 1169 1187 1189 1188
f 2018 2087 2088 2021
f 1573 1606 1607 1574
f 2507 2563 2564 2508
f 820 833 834 821
f 3321 3352 3353 3322
f 1236 1259 1260 1237
f 33 35 34 23
f 3061 3107 3108 3062
f 1410 1440 1441 1411
f 426 453 454 427
f 1502 1534 1535 1503
f 1020 1049 1050 1021
f 1640 1718 1719 1642
f 2294 2355 2356 2295
f 3069 3113 3112 3068
f 3127 3155 3157 3156
f 755 782 783 756
f 1494 1526 1527 1495
f 1583 1584 1586 1552
f 2412 2470 2471 2413
f 663 697 698 664
f 3211 3246 3247 3212
f 2177 2242 2243 2178
f 937 971 972 938
f 1470 1502 1503 1471
f 1727 1801 1802 1728
f 1528 1560 1561 1529
f 1625 1626 1628 1627
f 2603 2653 2654 2604
f 3083 3123 3124 3085
f 1317 1319 1318 1295
f 3023 3057 3058 3024
f 2741 2783 2784 2742
f 1406 1436 1437 1407
f 1527 1559 1560 1528
f 1520 1552 1551 1519
f 1415 1445 1446 1416
f 3099 3136 3137 3100
f 3093 3132 3133 3095
f 3183 3220 3221 3184
f 1740 1811 1812 1742
f 1632 1714 1715 1634
f 2494 2550 2551 2495
f 3101 3138 3139 3102
f 3191 3228 3229 3192
f 1557 1592 1593 1558
f 1294 1320 1321 1296
f 1495 1527 1528 1496
f 3034 3071 3072 3037
f 1652 1724 1725 1654
f 3203 3238 3239 3204
f 3133 3178 3179 3134
f 897 940 941 899
f 1463 1495 1496 1464
f 2452 2510 2511 2453
f 3141 3186 3187 3142
f 1541 1573 1574 1542
f 1591 1682 1683 1592
f 1543 1575 1576 1544
f 906 907 909 908
f 1517 1548 1550 1549
f 924 959 960 925
f 2674 2721 2722 2675
f 3077 3120 3121 3079
f 1477 1509 1510 1478
f 892 893 895 894
f 524 566 567 526
f 1667 1668 1670 1669
f 1413 1443 1444 1414
f 2857 2894 2895 2858
f 2754 2794 2795 2755
f 354 380 381 355
f 1277 1302 1303 1278
f 1719 1793 1794 1720
f 1932 1996 1997 1933
f 3197 3233 3234 3198
f 997 1027 1028 998
f 860 879 880 861
f 2778 2818 2819 2779
f 3205 3240 3241 3206
f 1105 1128 1129 1106
f 1588 1679 1680 1589
f 2978 2980 2979 2950
f 1624 1710 1711 1626
f 3187 3224 3225 3188
f 9 11 10 4
f 3223 3258 3259 3224
f 1733 1807 1808 1734
f 1014 1043 1044 1015
f 1647 1648 1650 1649
f 2444 2502 2503 2445
f 2220 2283 2284 2221
f 3171 3209 3210 3173
f 3237 3271 3272 3238
f 3247 3281 3282 3248
f 538 579 580 539
f 462 463 464 436
f 1639 1640 1642 1641
f 2638 2688 2689 2639
f 260 285 286 261
f 3261 3295 3296 3262
f 3255 3289 3290 3256
f 1669 1670 1672 1671
f 2749 2789 2790 2750
f 2130 2193 2194 2131
f 1944 2008 2009 1945
f 2372 2431 2430 2373
f 2574 2627 2628 2575
f 3269 3302 3303 3270
f 1673 1675 1674 1585
f 1411 1441 1442 1412
f 2462 2523 2524 2463
f 3130 3174 3175 3129
f 3199 3235 3236 3200
f 2891 2925 2927 2892
f 3066 3069 3068 3067
f 2190 2252 2253 2191
f 1873 1939 1940 1874
f 1678 1753 1754 1679
f 1592 1683 1684 1593
f 89 119 120 90
f 3319 3350 3351 3320
f 2577 2630 2631 2578
f 1616 1617 1620 1619
f 3339 3367 3368 3340
f 3161 3162 3165 3164
f 2595 2646 2647 2596
f 1560 1595 1596 1561
f 3323 3354 3355 3324
f 3359 3387 3388 3360
f 2505 2561 2562 2506
f 1496 1528 1529 1497
f 3353 3381 3382 3354
f 3383 3410 3411 3384
f 1822 1893 1894 1823
f 2484 2543 2544 2485
f 2838 2875 2876 2839
f 3399 3425 3426 3400
f 2474 2533 2535 2476
f 3361 3389 3390 3362
f 900 901 903 902
f 2601 2650 2652 2602
f 2193 2255 2256 2194
f 2153 2220 2221 2154
f 884 932 934 886
f 3213 3248 3249 3214
f 890 891 893 892
f 324 349 350 323
f 1577 1610 1611 1578
f 1725 1799 1800 1726
f 1654 1725 1726 1656
f 1703 1777 1778 1704
f 1768 1837 1838 1769
f 1762 1833 1834 1763
f 3395 3421 3422 3396
f 1098 1121 1122 1099
f 3327 3358 3359 3328
f 738 768 769 739
f 1646 1721 1722 1648
f 876 925 926 877
f 3138 3183 3184 3139
f 2212 2213 2215 2214
f 867 884 886 870
f 3487 3505 3506 3488
f 1622 1709 1710 1624
f 2991 3022 3023 2992
f 1672 1734 1736 1735
f 1572 1605 1606 1573
f 913 948 949 915
f 970 1000 1002 971
f 2570 2621 2623 2569
f 2081 2146 2147 2083
f 3121 3149 3151 3122
f 916 917 919 918
f 1664 1730 1731 1666
f 3389 3416 3417 3390
f 3499 3512 3513 3500
f 3527 3538 3539 3528
f 1893 1958 1959 1894
f 2643 2693 2694 2644
f 1687 1762 1763 1688
f 1760 1831 1832 1761
f 2788 2828 2830 2789
f 3483 3501 3502 3484
f 603 604 606 605
f 3551 3558 3557 3550
f 843 854 856 842
f 1401 1431 1432 1402
f 1743 1744 1746 1745
f 2492 2547 2549 2493
f 3426 3451 3452 3427
f 3467 3488 3489 3468
f 3413 3439 3440 3414
f 8 14 16 15
f 1701 1775 1776 1702
f 1886 1887 1889 1819
f 1599 1690 1691 1600
f 2524 2577 2578 2525
f 2964 2994 2995 2965
f 3254 3288 3289 3255
f 3421 3445 3447 3422
f 3129 3175 3176 3131
f 1121 1141 1142 1122
f 2611 2661 2662 2612
f 3074 3117 3119 3076
f 3190 3227 3228 3191
f 3495 3507 3509 3496
f 1718 1792 1793 1719
f 1936 2000 2001 1937
f 3046 3075 3074 3045
f 3394 3419 3421 3395
f 649 683 684 650
f 2530 2583 2584 2531
f 1710 1784 1785 1711
f 1615 1618 1617 1616
f 2508 2564 2565 2509
f 3132 3177 3178 3133
f 2742 2784 2785 2743
f 1177 1196 1197 1178
f 2786 2829 2828 2788
f 506 539 540 507
f 1814 1877 1878 1816
f 1561 1596 1597 1562
f 1736 1809 1810 1738
f 2947 2950 2949 2948
f 3390 3417 3418 3391
f 1135 1154 1155 1136
f 1426 1428 1427 1399
f 1728 1802 1803 1729
f 2724 2769 2770 2725
f 12 25 26 13
f 3357 3385 3386 3358
f 889 936 937 891
f 907 945 946 909
f 2691 2737 2738 2692
f 1871 1937 1938 1872
f 1704 1778 1779 1705
f 3268 3300 3302 3269
f 100 103 102 101
f 68 89 90 69
f 3501 3514 3515 3502
f 1820 1891 1892 1821
f 498 531 532 499
f 1394 1424 1425 1396
f 2218 2279 2281 2217
f 3106 3143 3144 3107
f 3546 3553 3554 3547
f 15 16 18 17
f 3509 3520 3522 3510
f 2785 2825 2827 2826
f 1877 1943 1944 1878
f 146 182 183 147
f 1516 1547 1548 1517
f 2564 2615 2616 2565
f 3498 3511 3512 3499
f 769 792 793 770
f 3461 3482 3483 3462
f 144 180 181 145
f 891 937 938 893
f 2675 2722 2723 2676
f 1228 1252 1253 1230
f 1832 1903 1904 1833
f 51 52 54 53
f 353 379 380 354
f 6 13 14 8
f 943 977 978 944
f 1789 1852 1853 1790
f 1790 1853 1854 1791
f 2556 2607 2608 2557
f 857 876 877 858
f 59 61 60 35
f 1773 1842 1843 1774
f 1774 1843 1844 1775
f 30 43 44 32
f 231 232 234 233
f 112 139 140 113
f 1869 1935 1936 1870
f 1750 1821 1822 1751
f 2170 2235 2237 2172
f 1928 1992 1993 1929
f 115 142 143 116
f 279 293 294 280
f 38 65 66 39
f 104 105 107 106
f 522 552 554 553
f 1694 1768 1769 1695
f 980 1011 1012 981
f 1824 1895 1896 1825
f 2225 2288 2289 2226
f 947 981 982 948
f 2739 2781 2782 2740
f 3097 3134 3135 3098
f 1816 1878 1880 1879
f 155 191 192 156
f 292 313 314 293
f 625 665 666 626
f 288 290 289 275
f 514 547 548 515
f 1889 1954 1955 1890
f 2047 2114 2115 2048
f 2010 2077 2078 2011
f 2173 2238 2239 2174
f 1958 2028 2029 1959
f 964 998 999 965
f 1800 1863 1864 1801
f 3348 3376 3377 3349
f 17 18 20 19
f 2257 2318 2319 2258
f 1633 1634 1636 1635
f 923 958 959 924
f 1482 1514 1515 1483
f 1839 1908 1909 1840
f 1920 1983 1985 1921
f 2692 2738 2739 2693
f 447 475 476 448
f 110 137 138 111
f 344 345 348 347
f 1845 1914 1915 1846
f 1846 1915 1916 1847
f 1831 1902 1903 1832
f 3170 3171 3173 3172
f 1556 1591 1592 1557
f 383 405 406 384
f 1034 1061 1062 1035
f 1930 1994 1995 1931
f 1837 1905 1907 1838
f 1838 1907 1908 1839
f 2588 2639 2640 2589
f 327 328 329 305
f 368 369 371 370
f 352 378 379 353
f 3122 3151 3152 3123
f 1807 1870 1871 1808
f 2723 2768 2769 2724
f 127 154 155 128
f 134 170 171 135
f 3169 3208 3209 3171
f 1885 1888 1887 1886
f 1434 1465 1466 1435
f 2186 2249 2248 2187
f 3528 3539 3540 3529
f 491 524 526 490
f 3358 3386 3387 3359
f 182 216 217 183
f 296 317 318 297
f 1749 1818 1820 1748
f 1942 2006 2007 1943
f 1012 1041 1042 1013
f 2750 2790 2791 2751
f 306 307 309 308
f 395 421 422 396
f 3185 3222 3223 3186
f 971 1002 1003 972
f 1894 1959 1960 1895
f 1004 1033 1034 1005
f 2572 2625 2626 2573
f 435 465 466 438
f 1638 1717 1718 1640
f 1201 1221 1222 1202
f 440 468 469 441
f 2779 2819 2820 2780
f 1888 1953 1952 1887
f 861 880 881 862
f 687 719 720 688
f 118 145 146 119
f 505 538 539 506
f 2049 2116 2117 2050
f 1418 1448 1449 1419
f 2889 2926 2925 2891
f 1880 1945 1946 1882
f 797 806 808 796
f 751 778 779 752
f 286 300 301 287
f 472 507 508 473
f 2021 2088 2089 2022
f 2755 2795 2796 2756
f 2039 2106 2105 2038
f 1856 1922 1923 1857
f 477 512 513 478
f 719 748 749 720
f 302 305 304 303
f 567 618 619 568
f 626 666 667 627
f 3346 3374 3375 3347
f 996 1026 1027 997
f 1776 1845 1846 1777
f 1205 1225 1226 1206
f 452 480 481 453
f 1193 1213 1214 1194
f 1925 1989 1990 1926
f 1927 1991 1992 1928
f 1656 1726 1727 1658
f 1149 1168 1169 1150
f 520 551 552 522
f 466 501 502 467
f 1384 1414 1415 1385
f 519 550 549 518
f 318 341 342 319
f 1657 1658 1660 1659
f 1909 1974 1975 1910
f 1918 1984 1983 1920
f 1903 1968 1969 1904
f 768 791 792 769
f 1309 1334 1335 1310
f 903 943 944 905
f 326 351 352 328
f 448 476 477 449
f 2013 2080 2081 2015
f 1878 1944 1945 1880
f 366 391 392 369
f 612 652 653 613
f 576 627 628 577
f 594 595 598 597
f 1450 1481 1482 1451
f 2031 2098 2099 2032
f 3282 3315 3316 3283
f 739 769 770 740
f 1641 1642 1644 1643
f 1185 1204 1205 1186
f 592 639 641 640
f 1011 1040 1041 1012
f 2819 2857 2858 2820
f 588 636 635 587
f 2273 2334 2335 2274
f 1649 1650 1652 1651
f 554 590 592 591
f 2811 2850 2851 2812
f 2202 2264 2265 2203
f 3260 3294 3295 3261
f 1437 1468 1469 1438
f 1055 1082 1083 1056
f 294 315 316 295
f 624 664 665 625
f 2165 2232 2233 2166
f 2481 2540 2541 2482
f 1044 1071 1072 1045
f 2948 2949 2951 2916
f 707 736 735 706
f 604 647 648 606
f 2289 2350 2351 2290
f 664 698 699 665
f 995 1025 1026 996
f 2832 2869 2870 2833
f 2194 2256 2257 2195
f 2064 2129 2130 2065
f 1037 1064 1065 1038
f 863 882 883 864
f 1699 1773 1774 1700
f 688 720 721 689
f 1989 2056 2057 1990
f 2359 2419 2420 2360
f 3209 3244 3245 3210
f 946 980 981 947
f 1417 1447 1448 1418
f 1981 2049 2050 1982
f 2803 2842 2841 2802
f 1028 1057 1058 1029
f 961 995 996 962
f 509 542 543 510
f 668 702 703 669
f 478 513 514 479
f 600 645 646 602
f 1957 2027 2028 1958
f 3140 3185 3186 3141
f 2007 2074 2075 2008
f 2660 2708 2709 2661
f 530 571 572 531
f 940 974 975 941
f 510 543 544 511
f 3225 3260 3261 3226
f 1999 2066 2067 2000
f 1982 2050 2052 2051
f 3441 3466 3467 3442
f 955 990 991 957
f 692 724 725 693
f 518 549 551 520
f 1772 1841 1842 1773
f 570 621 622 571
f 2094 2161 2162 2095
f 1959 2029 2030 1960
f 2248 2311 2310 2250
f 963 997 998 964
f 825 838 839 826
f 1043 1070 1071 1044
f 1887 1952 1954 1889
f 2644 2694 2695 2645
f 1051 1078 1079 1052
f 724 753 754 725
f 697 729 730 698
f 3047 3048 3050 3049
f 2065 2130 2131 2066
f 1466 1498 1499 1467
f 1092 1115 1116 1093
f 2040 2107 2108 2041
f 81 110 111 80
f 1343 1371 1372 1345
f 454 482 483 455
f 872 887 889 888
f 2157 2224 2225 2158
f 2867 2902 2904 2868
f 2905 2939 2940 2906
f 2032 2099 2100 2033
f 1019 1048 1049 1020
f 1279 1304 1305 1280
f 582 633 634 583
f 888 889 891 890
f 1027 1056 1057 1028
f 1458 1488 1490 1457
f 2199 2261 2262 2200
f 2000 2067 2068 2001
f 859 878 879 860
f 590 638 639 592
f 2726 2771 2772 2727
f 2843 2882 2883 2844
f 2061 2126 2127 2062
f 2290 2351 2352 2291
f 2216 2218 2217 2152
f 1211 1230 1231 1212
f 1159 1177 1178 1160
f 657 691 692 658
f 912 913 915 914
f 2053 2120 2119 2055
f 2078 2143 2144 2079
f 2071 2136 2137 2072
f 3162 3205 3206 3165
f 1195 1215 1216 1196
f 804 815 817 816
f 25 38 39 26
f 920 922 921 874
f 2149 2211 2213 2212
f 932 968 967 934
f 1163 1181 1182 1164
f 2123 2186 2187 2124
f 905 944 945 907
f 610 650 651 611
f 2070 2135 2136 2071
f 2063 2128 2129 2064
f 2756 2796 2797 2757
f 1259 1280 1281 1260
f 1623 1624 1626 1625
f 654 688 689 655
f 1866 1932 1933 1867
f 1083 1107 1108 1084
f 2637 2687 2686 2636
f 1679 1754 1755 1680
f 662 696 697 663
f 984 1015 1016 985
f 602 646 647 604
f 2038 2105 2107 2040
f 2191 2253 2254 2192
f 1865 1931 1932 1866
f 1331 1357 1358 1332
f 1711 1785 1786 1712
f 630 670 671 631
f 992 1022 1023 993
f 2733 2775 2774 2732
f 1966 2036 2037 1967
f 2250 2310 2312 2251
f 2240 2302 2303 2241
f 2073 2138 2139 2074
f 1631 1632 1634 1633
f 598 644 645 600
f 3249 3283 3284 3250
f 1067 1091 1092 1068
f 1830 1901 1902 1831
f 1140 1159 1160 1141
f 2676 2723 2724 2677
f 2229 2292 2293 2230
f 1439 1470 1471 1440
f 2321 2380 2381 2322
f 2125 2188 2189 2126
f 1024 1053 1054 1025
f 2128 2191 2192 2129
f 2112 2177 2178 2113
f 2242 2304 2305 2243
f 1677 1752 1753 1678
f 1167 1185 1186 1168
f 726 755 756 727
f 1048 1075 1076 1049
f 2117 2182 2183 2118
f 2987 2989 2988 2960
f 2226 2289 2290 2227
f 2232 2295 2296 2233
f 323 350 351 326
f 193 196 195 194
f 329 353 354 330
f 1056 1083 1084 1057
f 2093 2160 2161 2094
f 1305 1330 1331 1306
f 285 299 300 286
f 3033 3034 3037 3036
f 1689 1764 1765 1690
f 2029 2096 2097 2030
f 2988 3019 3021 2990
f 1116 1136 1137 1117
f 3186 3223 3224 3187
f 914 915 917 916
f 1068 1092 1093 1069
f 830 844 845 832
f 1000 1031 1030 1002
f 1901 1966 1967 1902
f 1052 1079 1080 1053
f 1249 1251 1250 1229
f 848 861 862 849
f 1145 1164 1165 1146
f 2174 2239 2240 2175
f 2151 2219 2220 2153
f 2748 2788 2789 2749
f 1595 1686 1687 1596
f 1036 1063 1064 1037
f 1162 1180 1181 1163
f 753 780 781 754
f 2293 2354 2355 2294
f 2166 2233 2234 2167
f 2143 2206 2207 2144
f 3178 3215 3216 3179
f 1261 1282 1283 1262
f 1975 2043 2044 1976
f 902 903 905 904
f 929 964 965 930
f 698 730 731 699
f 2158 2225 2226 2159
f 2111 2176 2177 2112
f 2552 2603 2604 2553
f 1539 1571 1572 1540
f 1895 1960 1961 1896
f 910 911 913 912
f 2189 2251 2252 2190
f 1212 1231 1232 1213
f 2262 2323 2324 2263
f 1775 1844 1845 1776
f 2797 2838 2839 2798
f 1225 1244 1245 1226
f 1168 1186 1187 1169
f 1403 1433 1434 1404
f 1498 1530 1531 1499
f 1164 1182 1183 1165
f 2732 2774 2776 2734
f 1811 1874 1875 1812
f 2921 2957 2958 2922
f 934 967 969 935
f 1208 1210 1209 1191
f 2285 2346 2347 2286
f 2939 2972 2971 2940
f 2953 2984 2985 2954
f 2200 2262 2263 2201
f 1192 1212 1213 1193
f 958 992 993 959
f 2145 2208 2209 2146
f 2569 2623 2624 2571
f 2343 2405 2406 2344
f 2192 2254 2255 2193
f 1795 1858 1859 1796
f 865 868 867 866
f 974 1005 1006 975
f 1593 1684 1685 1594
f 1155 1173 1174 1156
f 1761 1832 1833 1762
f 2152 2217 2219 2151
f 2127 2190 2191 2128
f 2345 2407 2408 2346
f 1136 1155 1156 1137
f 1113 1133 1134 1114
f 2915 2952 2953 2917
f 2282 2343 2344 2283
f 2080 2145 2146 2081
f 1771 1840 1841 1772
f 1220 1239 1240 1221
f 878 927 928 879
f 2284 2345 2346 2285
f 2445 2503 2504 2446
f 2238 2300 2301 2239
f 2231 2294 2295 2232
f 2780 2820 2821 2781
f 1867 1933 1934 1868
f 2215 2275 2277 2276
f 2163 2230 2231 2164
f 3534 3543 3544 3535
f 1139 1158 1159 1140
f 2230 2293 2294 2231
f 2223 2286 2287 2224
f 3274 3307 3308 3275
f 1963 2033 2034 1964
f 1196 1216 1217 1197
f 1370 1398 1400 1369
f 2279 2341 2342 2281
f 2376 2434 2435 2377
f 2399 2401 2400 2340
f 1939 2003 2004 1940
f 2239 2301 2302 2240
f 1242 1265 1266 1243
f 1280 1305 1306 1281
f 2253 2314 2315 2254
f 2206 2268 2269 2207
f 2338 2340 2339 2280
f 3409 3435 3436 3410
f 1923 1987 1988 1924
f 2079 2144 2145 2080
f 1078 1102 1103 1079
f 1585 1674 1676 1584
f 2245 2307 2308 2246
f 1514 1545 1546 1515
f 1791 1854 1855 1792
f 1731 1805 1806 1732
f 1102 1125 1126 1103
f 1312 1337 1338 1313
f 2221 2284 2285 2222
f 2995 3026 3027 2996
f 1204 1224 1225 1205
f 2272 2333 2334 2273
f 1523 1555 1556 1524
f 2439 2497 2498 2440
f 2433 2491 2492 2434
f 1336 1362 1363 1337
f 2521 2574 2575 2522
f 2264 2325 2326 2265
f 2083 2147 2149 2148
f 1276 1301 1302 1277
f 665 699 700 666
f 1368 1370 1369 1344
f 690 722 723 691
f 2963 2993 2994 2964
f 2274 2335 2336 2275
f 2368 2428 2429 2369
f 2067 2132 2133 2068
f 1356 1383 1384 1357
f 1054 1081 1082 1055
f 3281 3314 3315 3282
f 1203 1223 1224 1204
f 2971 3002 3001 2973
f 2983 3015 3016 2984
f 3226 3261 3262 3227
f 261 286 287 262
f 1340 1366 1367 1341
f 1182 1201 1202 1183
f 1288 1313 1314 1289
f 2097 2164 2165 2098
f 2310 2371 2370 2312
f 1180 1199 1200 1181
f 2820 2858 2859 2821
f 85 115 116 86
f 2319 2378 2379 2320
f 3297 3330 3331 3298
f 1190 1211 1212 1192
f 2437 2495 2496 2438
f 2302 2362 2363 2303
f 2303 2363 2364 2304
f 3218 3253 3254 3219
f 2227 2290 2291 2228
f 2599 2651 2650 2601
f 689 721 722 690
f 3257 3291 3292 3258
f 1187 1206 1207 1189
f 2836 2873 2874 2837
f 2271 2332 2333 2272
f 2544 2596 2597 2545
f 2259 2320 2321 2260
f 1530 1562 1563 1531
f 2333 2392 2393 2334
f 2207 2269 2270 2208
f 2796 2837 2838 2797
f 2155 2222 2223 2156
f 2535 2587 2588 2536
f 1222 1241 1242 1223
f 2612 2662 2663 2613
f 2325 2384 2385 2326
f 3027 3061 3062 3028
f 2055 2119 2121 2056
f 2344 2406 2407 2345
f 1432 1463 1464 1433
f 2429 2486 2488 2487
f 3043 3046 3045 3044
f 1529 1561 1562 1530
f 2336 2395 2396 2337
f 2043 2110 2111 2044
f 1364 1391 1392 1365
f 1246 1269 1270 1248
f 495 528 529 496
f 682 715 714 683
f 2718 2761 2763 2717
f 2519 2572 2573 2520
f 2312 2370 2372 2313
f 2339 2402 2403 2341
f 2178 2243 2244 2179
f 1254 1275 1276 1255
f 1472 1504 1505 1473
f 1235 1258 1259 1236
f 3051 3053 3052 3020
f 2514 2517 2516 2515
f 3242 3276 3277 3243
f 2323 2382 2383 2324
f 1412 1442 1443 1413
f 1273 1298 1299 1274
f 1609 1700 1701 1610
f 2860 2897 2898 2861
f 2427 2484 2485 2428
f 3425 3450 3451 3426
f 2735 2777 2778 2736
f 1198 1218 1219 1199
f 3010 3040 3041 3011
f 674 707 706 673
f 2374 2432 2433 2375
f 2375 2433 2434 2376
f 2536 2588 2589 2537
f 2499 2555 2556 2500
f 1500 1532 1533 1501
f 2393 2451 2452 2394
f 1536 1568 1570 1538
f 2725 2770 2771 2726
f 2366 2426 2427 2367
f 1492 1524 1525 1493
f 3240 3274 3275 3241
f 1354 1381 1382 1355
f 1544 1576 1577 1545
f 1219 1238 1239 1220
f 2342 2404 2405 2343
f 1508 1539 1540 1509
f 2844 2883 2884 2845
f 2467 2528 2529 2468
f 1476 1508 1509 1477
f 1342 1344 1343 1319
f 921 957 958 923
f 2405 2463 2464 2406
f 2286 2347 2348 2287
f 2400 2459 2460 2402
f 1118 1138 1139 1119
f 2879 2917 2918 2881
f 673 706 708 675
f 1576 1609 1610 1577
f 2389 2447 2448 2390
f 3075 3118 3117 3074
f 2511 2567 2568 2512
f 2456 2458 2457 2401
f 470 505 506 471
f 2831 2868 2869 2832
f 1350 1377 1378 1351
f 1584 1676 1677 1586
f 2365 2425 2426 2366
f 2537 2589 2590 2538
f 2306 2366 2367 2307
f 2528 2581 2582 2529
f 1467 1499 1500 1468
f 2703 2747 2748 2704
f 1374 1404 1405 1375
f 3313 3344 3345 3314
f 2301 2361 2362 2302
f 1618 1707 1706 1617
f 2383 2441 2442 2384
f 1382 1412 1413 1383
f 177 211 212 178
f 259 284 285 260
f 1265 1286 1287 1266
f 1552 1586 1587 1551
f 1267 1288 1289 1268
f 2558 2609 2610 2559
f 1292 1295 1294 1293
f 3258 3292 3293 3259
f 3314 3345 3346 3315
f 543 584 585 544
f 1318 1345 1346 1320
f 1416 1446 1447 1417
f 2113 2178 2179 2114
f 2454 2512 2513 2455
f 1446 1477 1478 1447
f 1662 1729 1730 1664
f 1688 1763 1764 1689
f 2565 2616 2617 2566
f 2446 2504 2505 2447
f 3081 3122 3123 3083
f 2892 2927 2928 2893
f 1990 2057 2058 1991
f 1604 1695 1696 1605
f 1454 1485 1486 1455
f 3337 3364 3366 3338
f 770 793 794 771
f 2438 2496 2497 2439
f 1257 1278 1279 1258
f 1712 1786 1787 1713
f 2469 2530 2531 2470
f 1313 1338 1339 1314
f 2663 2711 2712 2664
f 3250 3284 3285 3251
f 2795 2836 2837 2796
f 3215 3250 3251 3216
f 1518 1520 1519 1489
f 1720 1794 1795 1721
f 2461 2522 2523 2462
f 1570 1603 1604 1571
f 1260 1281 1282 1261
f 3272 3305 3306 3273
f 203 241 242 204
f 3159 3201 3203 3202
f 1510 1541 1542 1511
f 1744 1813 1814 1746
f 2557 2608 2609 2558
f 3107 3144 3145 3108
f 2479 2538 2539 2480
f 714 745 744 716
f 1752 1823 1824 1753
f 1562 1597 1598 1563
f 2463 2524 2525 2464
f 2876 2912 2913 2877
f 2979 3012 3013 2981
f 405 431 432 406
f 1526 1558 1559 1527
f 3090 3131 3132 3093
f 1307 1332 1333 1308
f 2710 2754 2755 2711
f 2423 2480 2481 2424
f 2496 2552 2553 2497
f 2198 2260 2261 2199
f 1684 1759 1760 1685
f 2526 2579 2580 2527
f 706 735 737 708
f 2322 2381 2382 2323
f 2480 2539 2540 2481
f 3059 3105 3106 3060
f 1668 1732 1733 1670
f 2409 2467 2468 2410
f 1696 1770 1771 1697
f 2717 2763 2764 2719
f 3091 3129 3131 3090
f 1308 1333 1334 1309
f 2440 2498 2499 2441
f 3155 3199 3200 3157
f 3520 3533 3532 3522
f 1283 1308 1309 1284
f 2518 2571 2572 2519
f 2985 3017 3018 2986
f 2384 2442 2443 2385
f 2614 2664 2665 2615
f 3351 3379 3380 3352
f 2425 2482 2483 2426
f 1808 1871 1872 1809
f 2533 2585 2587 2535
f 2510 2566 2567 2511
f 2655 2703 2704 2656
f 2256 2317 2318 2257
f 3123 3152 3153 3124
f 1748 1820 1821 1750
f 2283 2344 2345 2284
f 1617 1706 1708 1620
f 2525 2578 2579 2526
f 2486 2545 2546 2488
f 1284 1309 1310 1285
f 1872 1938 1939 1873
f 3431 3456 3457 3432
f 2931 2965 2966 2932
f 1233 1256 1257 1234
f 1896 1961 1962 1897
f 2501 2557 2558 2502
f 1586 1677 1678 1587
f 2551 2602 2603 2552
f 2616 2666 2667 2617
f 1630 1713 1714 1632
f 1724 1798 1799 1725
f 2853 2890 2889 2852
f 1912 1977 1978 1913
f 2621 2674 2675 2623
f 3511 3523 3524 3512
f 2846 2885 2886 2847
f 525 565 566 524
f 3345 3373 3374 3346
f 1379 1409 1410 1380
f 3147 3192 3193 3148
f 2543 2595 2596 2544
f 2932 2966 2967 2933
f 3243 3277 3278 3244
f 628 668 669 629
f 729 758 759 730
f 1840 1909 1910 1841
f 1339 1365 1366 1340
f 2647 2697 2698 2648
f 3022 3056 3057 3023
f 3311 3342 3343 3312
f 437 438 439 412
f 3058 3104 3105 3059
f 2129 2192 2193 2130
f 2702 2746 2747 2703
f 2346 2408 2409 2347
f 2712 2756 2757 2713
f 3451 3472 3473 3452
f 2060 2125 2126 2061
f 1726 1800 1801 1727
f 3369 3396 3397 3370
f 2709 2753 2754 2710
f 3131 3176 3177 3132
f 1348 1375 1376 1349
f 2916 2951 2952 2915
f 3427 3452 3453 3428
f 1323 1349 1350 1324
f 3139 3184 3185 3140
f 2590 2641 2642 2591
f 2605 2655 2656 2606
f 2330 2389 2390 2331
f 2592 2643 2644 2593
f 3411 3437 3438 3412
f 96 126 127 97
f 1734 1808 1809 1736
f 3154 3198 3199 3155
f 2597 2648 2649 2598
f 1602 1693 1692 1601
f 2967 2997 2998 2968
f 3252 3286 3287 3253
f 746 774 773 747
f 2610 2660 2661 2611
f 2694 2740 2741 2695
f 1332 1358 1359 1333
f 2704 2748 2749 2705
f 2766 2809 2810 2767
f 1908 1973 1974 1909
f 209 246 247 210
f 2048 2115 2116 2049
f 1347 1374 1375 1348
f 2630 2682 2683 2631
f 2623 2675 2676 2624
f 1900 1965 1966 1901
f 2056 2121 2122 2057
f 2693 2739 2740 2694
f 3179 3216 3217 3180
f 2615 2665 2666 2616
f 3290 3323 3324 3291
f 52 75 76 54
f 1948 1949 1951 1950
f 1766 1835 1837 1768
f 3537 3546 3547 3538
f 1363 1390 1391 1364
f 1594 1685 1686 1595
f 2591 2642 2643 2592
f 2996 3027 3028 2997
f 3526 3537 3538 3527
f 312 335 336 313
f 1992 2059 2060 1993
f 2696 2742 2743 2697
f 2527 2580 2581 2528
f 2994 3025 3026 2995
f 208 245 246 209
f 1798 1861 1862 1799
f 2136 2199 2200 2137
f 1598 1689 1690 1599
f 503 536 537 504
f 1380 1410 1411 1381
f 3513 3525 3526 3514
f 111 138 139 112
f 64 85 86 65
f 1806 1869 1870 1807
f 2711 2755 2756 2712
f 3163 3204 3205 3162
f 2896 2931 2932 2897
f 228 260 261 227
f 2020 2021 2022 1953
f 1329 1355 1356 1330
f 2144 2207 2208 2145
f 1355 1382 1383 1356
f 2662 2710 2711 2663
f 1372 1402 1403 1373
f 2980 3011 3012 2979
f 1742 1812 1813 1744
f 2661 2709 2710 2662
f 2654 2702 2703 2655
f 2815 2853 2852 2814
f 2680 2727 2728 2681
f 351 377 378 352
f 464 499 500 465
f 1553 1588 1589 1554
f 2096 2163 2164 2097
f 2645 2695 2696 2646
f 2622 2673 2674 2621
f 2450 2508 2509 2451
f 2664 2712 2713 2665
f 164 204 205 166
f 2036 2103 2104 2037
f 2632 2684 2685 2633
f 2566 2617 2618 2567
f 2629 2681 2682 2630
f 2695 2741 2742 2696
f 3306 3337 3338 3307
f 3555 3562 3563 3556
f 2028 2095 2096 2029
f 1862 1928 1929 1863
f 2176 2241 2242 2177
f 2573 2626 2627 2574
f 2430 2490 2489 2432
f 2679 2726 2727 2680
f 2453 2511 2512 2454
f 2208 2270 2271 2209
f 2142 2205 2206 2143
f 2807 2846 2847 2808
f 3028 3062 3063 3029
f 3259 3293 3294 3260
f 2012 2079 2080 2013
f 233 234 235 196
f 2224 2287 2288 2225
f 2181 2246 2247 2182
f 1674 1750 1751 1676
f 616 656 657 617
f 1910 1975 1976 1911
f 1769 1838 1839 1770
f 1122 1142 1143 1123
f 3507 3521 3520 3509
f 2402 2460 2461 2403
f 3457 3478 3479 3458
f 2707 2751 2752 2708
f 552 589 590 554
f 3156 3157 3159 3158
f 3194 3232 3231 3196
f 858 877 878 859
f 3347 3375 3376 3348
f 2880 2915 2917 2879
f 372 394 395 373
f 424 451 452 425
f 556 557 560 559
f 1934 1998 1999 1935
f 122 149 150 123
f 2019 2085 2087 2018
f 2814 2852 2854 2816
f 1420 1450 1451 1421
f 3044 3045 3048 3047
f 572 623 624 573
f 2394 2452 2453 2395
f 2641 2691 2692 2642
f 2752 2792 2793 2753
f 540 581 582 541
f 72 93 94 73
f 881 930 931 882
f 489 490 493 492
f 1683 1758 1759 1684
f 3251 3285 3286 3252
f 2959 2990 2991 2961
f 2736 2778 2779 2737
f 500 533 534 501
f 49 50 52 51
f 2328 2387 2388 2329
f 1378 1408 1409 1379
f 2593 2644 2645 2594
f 1404 1434 1435 1405
f 2872 2908 2909 2873
f 356 382 383 357
f 2348 2410 2411 2349
f 1870 1936 1937 1871
f 2352 2414 2415 2353
f 2845 2884 2885 2846
f 97 127 128 98
f 2006 2073 2074 2007
f 2132 2195 2196 2133
f 2360 2420 2421 2361
f 2217 2281 2282 2219
f 3235 3269 3270 3236
f 2775 2815 2814 2774
f 3322 3353 3354 3323
f 732 761 762 733
f 2180 2245 2246 2181
f 2022 2089 2090 2023
f 2767 2810 2811 2768
f 2790 2831 2832 2791
f 3068 3112 3114 3070
f 2074 2139 2140 2075
f 2164 2231 2232 2165
f 801 812 813 802
f 1713 1787 1788 1714
f 2789 2830 2831 2790
f 2782 2822 2823 2783
f 2727 2772 2773 2728
f 3092 3093 3095 3094
f 748 775 776 749
f 1289 1314 1315 1290
f 2304 2364 2365 2305
f 2758 2798 2799 2759
f 2418 2475 2474 2417
f 2110 2175 2176 2111
f 756 783 784 757
f 1016 1045 1046 1017
f 2062 2127 2128 2063
f 2406 2464 2465 2407
f 1427 1459 1460 1429
f 1642 1719 1720 1644
f 1452 1483 1484 1453
f 3291 3324 3325 3292
f 944 978 979 945
f 908 909 911 910
f 2150 2152 2151 2086
f 2408 2466 2467 2409
f 2829 2866 2865 2828
f 2870 2906 2907 2871
f 3089 3090 3093 3092
f 3264 3298 3299 3265
f 2821 2859 2860 2822
f 2424 2481 2482 2425
f 3283 3316 3317 3284
f 1436 1467 1468 1437
f 3052 3099 3100 3054
f 868 885 884 867
f 824 837 838 825
f 2086 2151 2153 2085
f 1009 1038 1039 1010
f 2781 2821 2822 2782
f 3006 3007 3010 3009
f 2847 2886 2887 2848
f 844 857 858 845
f 2465 2526 2527 2466
f 2464 2525 2526 2465
f 818 832 833 820
f 3275 3308 3309 3276
f 2839 2876 2877 2840
f 2824 2862 2863 2825
f 1215 1234 1235 1216
f 2236 2298 2297 2235
f 2030 2097 2098 2031
f 2504 2560 2561 2505
f 1160 1178 1179 1161
f 2816 2854 2855 2817
f 2943 2975 2976 2944
f 615 655 656 616
f 2340 2400 2402 2339
f 2497 2553 2554 2498
f 2520 2573 2574 2521
f 1475 1507 1508 1476
f 2854 2891 2892 2855
f 1911 1976 1977 1912
f 1634 1715 1716 1636
f 3417 3443 3444 3418
f 2449 2507 2508 2450
f 2878 2880 2879 2842
f 2434 2492 2493 2435
f 2784 2824 2825 2785
f 988 1018 1019 989
f 2332 2391 2392 2333
f 1546 1578 1579 1547
f 2432 2489 2491 2433
f 1393 1423 1424 1394
f 2760 2762 2761 2718
f 1076 1100 1101 1077
f 2316 2375 2376 2317
f 2222 2285 2286 2223
f 3433 3458 3459 3434
f 1445 1476 1477 1446
f 2974 3003 3004 2975
f 1484 1516 1517 1485
f 3338 3366 3367 3339
f 187 219 221 188
f 2608 2658 2659 2609
f 2246 2308 2309 2247
f 3021 3055 3056 3022
f 1658 1727 1728 1660
f 2426 2483 2484 2427
f 3505 3518 3519 3506
f 2351 2413 2414 2352
f 2902 2938 2937 2904
f 1459 1491 1492 1460
f 3536 3545 3546 3537
f 3124 3153 3154 3125
f 1172 1190 1192 1173
f 1304 1329 1330 1305
f 3410 3436 3437 3411
f 2576 2629 2630 2577
f 2893 2928 2929 2894
f 1650 1723 1724 1652
f 1468 1500 1501 1469
f 2907 2941 2942 2908
f 273 274 277 276
f 2885 2922 2923 2886
f 3326 3357 3358 3327
f 2919 2955 2956 2920
f 3473 3490 3492 3474
f 1232 1255 1256 1233
f 2942 2974 2975 2943
f 850 863 864 851
f 2911 2945 2946 2912
f 2960 2988 2990 2959
f 1156 1174 1175 1157
f 1120 1140 1141 1121
f 153 189 190 154
f 3128 3130 3129 3091
f 2871 2907 2908 2872
f 409 412 411 410
f 800 811 812 801
f 2414 2472 2473 2415
f 2656 2704 2705 2657
f 1507 1538 1539 1508
f 3315 3346 3347 3316
f 2823 2861 2862 2824
f 2952 2983 2984 2953
f 956 989 990 955
f 2318 2377 2378 2319
f 2989 3020 3019 2988
f 2934 2968 2969 2935
f 842 856 857 844
f 2926 2960 2959 2925
f 1324 1350 1351 1325
f 2688 2734 2735 2689
f 2326 2385 2386 2327
f 3309 3340 3341 3310
f 2894 2929 2930 2895
f 2671 2719 2720 2673
f 2944 2976 2977 2945
f 1300 1325 1326 1301
f 1491 1523 1524 1492
f 2270 2331 2332 2271
f 497 530 531 498
f 2367 2427 2428 2368
f 2928 2962 2963 2929
f 2378 2436 2437 2379
f 1810 1873 1874 1811
f 513 546 547 514
f 1729 1803 1804 1730
f 3005 3008 3007 3006
f 3371 3398 3399 3372
f 1767 1836 1835 1766
f 1753 1824 1825 1754
f 1879 1880 1882 1881
f 2624 2676 2677 2625
f 3064 3110 3111 3065
f 511 544 545 512
f 2364 2424 2425 2365
f 2358 2418 2417 2357
f 3019 3054 3055 3021
f 2800 2803 2802 2801
f 2522 2575 2576 2523
f 2382 2440 2441 2383
f 2768 2811 2812 2769
f 1522 1554 1555 1523
f 2965 2995 2996 2966
f 3355 3383 3384 3356
f 2636 2686 2688 2638
f 3354 3382 3383 3355
f 1460 1492 1493 1461
f 2460 2521 2522 2461
f 1321 1347 1348 1322
f 953 986 988 987
f 2941 2973 2974 2942
f 1737 1738 1740 1739
f 1608 1699 1700 1609
f 2334 2393 2394 2335
f 2529 2582 2583 2530
f 1568 1601 1603 1570
f 2861 2898 2899 2862
f 3174 3211 3212 3175
f 1547 1579 1580 1548
f 3032 3035 3034 3033
f 1512 1543 1544 1513
f 1746 1814 1816 1815
f 3056 3102 3103 3057
f 1488 1521 1522 1490
f 2808 2847 2848 2809
f 3172 3173 3174 3130
f 1444 1475 1476 1445
f 3060 3106 3107 3061
f 3030 3064 3065 3031
f 3256 3290 3291 3257
f 2209 2271 2272 2210
f 2848 2887 2888 2849
f 2998 3029 3030 2999
f 1756 1827 1828 1757
f 3164 3165 3167 3166
f 1428 1457 1459 1427
f 2540 2592 2593 2541
f 2470 2531 2532 2471
f 2856 2893 2894 2857
f 3157 3200 3201 3159
f 3142 3187 3188 3143
f 3071 3115 3116 3072
f 3088 3091 3090 3089
f 1531 1563 1564 1532
f 3449 3469 3471 3450
f 1698 1772 1773 1699
f 3135 3180 3181 3136
f 433 436 435 434
f 2516 2569 2571 2518
f 2776 2816 2817 2777
f 3053 3098 3099 3052
f 3063 3109 3110 3064
f 1268 1289 1290 1269
f 2502 2558 2559 2503
f 3045 3074 3076 3048
f 1548 1580 1581 1550
f 3048 3076 3077 3050
f 2534 2586 2585 2533
f 2500 2556 2557 2501
f 3149 3195 3194 3151
f 3153 3197 3198 3154
f 972 1003 1004 973
f 2604 2654 2655 2605
f 2542 2594 2595 2543
f 3465 3486 3487 3466
f 1563 1598 1599 1564
f 3403 3429 3430 3404
f 3279 3312 3313 3280
f 2992 3023 3024 2993
f 484 487 486 485
f 2596 2647 2648 2597
f 1554 1589 1590 1555
f 2968 2998 2999 2969
f 1627 1628 1630 1629
f 1682 1757 1758 1683
f 3370 3397 3398 3371
f 2699 2745 2744 2701
f 2580 2633 2634 2581
f 2478 2537 2538 2479
f 945 979 980 946
f 898 899 901 900
f 195 236 237 198
f 2126 2189 2190 2127
f 3196 3231 3233 3197
f 2562 2613 2614 2563
f 3096 3097 3098 3053
f 3318 3349 3350 3319
f 3497 3510 3511 3498
f 1864 1930 1931 1865
f 3080 3081 3083 3082
f 1792 1855 1856 1793
f 1708 1782 1783 1709
f 2606 2656 2657 2607
f 3024 3058 3059 3025
f 3293 3326 3327 3294
f 3387 3414 3415 3388
f 3095 3133 3134 3097
f 3248 3282 3283 3249
f 1692 1766 1768 1694
f 1680 1755 1756 1681
f 2553 2604 2605 2554
f 1998 2065 2066 1999
f 1579 1612 1613 1580
f 3110 3147 3148 3111
f 3087 3125 3127 3126
f 3180 3217 3218 3181
f 1636 1716 1717 1638
f 1408 1438 1439 1409
f 1610 1701 1702 1611
f 3125 3154 3155 3127
f 3055 3101 3102 3056
f 3168 3169 3171 3170
f 1540 1572 1573 1541
f 2794 2835 2836 2795
f 2646 2696 2697 2647
f 3109 3146 3147 3110
f 138 174 175 139
f 3079 3121 3122 3081
f 2678 2725 2726 2679
f 2088 2155 2156 2089
f 3085 3124 3125 3087
f 1580 1613 1614 1581
f 1868 1934 1935 1869
f 2686 2732 2734 2688
f 874 921 923 873
f 3102 3139 3140 3103
f 1697 1771 1772 1698
f 3160 3163 3162 3161
f 232 263 264 234
f 2740 2782 2783 2741
f 2545 2597 2598 2546
f 3136 3181 3182 3137
f 1587 1678 1679 1588
f 3054 3100 3101 3055
f 3271 3304 3305 3272
f 2417 2474 2476 2419
f 1828 1899 1900 1829
f 2160 2227 2228 2161
f 2670 2671 2673 2622
f 3144 3189 3190 3145
f 1643 1644 1646 1645
f 1714 1788 1789 1715
f 1564 1599 1600 1565
f 3386 3413 3414 3387
f 2708 2752 2753 2709
f 1817 1819 1818 1749
f 3285 3318 3319 3286
f 3435 3460 3461 3436
f 3175 3212 3213 3176
f 3228 3263 3264 3229
f 1916 1981 1982 1917
f 2561 2612 2613 2562
f 3192 3229 3230 3193
f 1659 1660 1662 1661
f 2617 2667 2668 2618
f 3167 3207 3208 3169
f 3378 3405 3406 3379
f 1996 2063 2064 1997
f 2764 2807 2808 2765
f 1506 1536 1538 1507
f 3216 3251 3252 3217
f 3189 3226 3227 3190
f 3310 3341 3342 3311
f 3263 3297 3298 3264
f 2547 2600 2599 2549
f 1980 2048 2049 1981
f 2804 2843 2844 2805
f 1025 1054 1055 1026
f 3224 3259 3260 3225
f 3181 3218 3219 3182
f 3419 3446 3445 3421
f 2498 2554 2555 2499
f 3212 3247 3248 3213
f 1964 2034 2035 1965
f 2320 2379 2380 2321
f 2774 2814 2816 2776
f 3481 3499 3500 3482
f 3277 3310 3311 3278
f 1612 1703 1704 1613
f 128 155 156 129
f 2908 2942 2943 2909
f 2798 2839 2840 2799
f 3152 3196 3197 3153
f 922 955 957 921
f 3206 3241 3242 3207
f 2482 2541 2542 2483
f 3208 3243 3244 3209
f 1479 1511 1512 1480
f 2900 2935 2936 2901
f 2806 2845 2846 2807
f 2984 3016 3017 2985
f 1739 1740 1742 1741
f 3198 3234 3235 3199
f 40 67 68 41
f 3200 3236 3237 3201
f 2842 2879 2881 2841
f 2884 2921 2922 2885
f 793 802 803 794
f 2940 2971 2973 2941
f 954 956 955 922
f 3302 3334 3333 3303
f 1596 1687 1688 1597
f 3176 3213 3214 3177
f 2188 2250 2251 2189
f 2448 2506 2507 2449
f 1353 1380 1381 1354
f 1721 1795 1796 1722
f 422 449 450 423
f 1730 1804 1805 1731
f 3239 3273 3274 3240
f 3104 3141 3142 3105
f 2392 2450 2451 2393
f 3328 3359 3360 3329
f 1603 1694 1695 1604
f 3475 3493 3494 3476
f 3231 3267 3266 3233
f 2904 2937 2939 2905
f 1104 1127 1128 1105
f 2288 2349 2350 2289
f 2862 2899 2900 2863
f 3352 3380 3381 3353
f 3253 3287 3288 3254
f 1722 1796 1797 1723
f 3207 3242 3243 3208
f 2560 2611 2612 2561
f 2300 2360 2361 2301
f 397 423 424 398
f 2585 2636 2638 2587
f 3360 3388 3389 3361
f 3245 3279 3280 3246
f 2380 2438 2439 2381
f 3151 3194 3196 3152
f 3376 3403 3404 3377
f 36 63 64 37
f 2640 2690 2691 2641
f 737 767 768 738
f 1777 1846 1847 1778
f 3221 3256 3257 3222
f 3459 3480 3481 3460
f 1644 1720 1721 1646
f 3474 3492 3493 3475
f 2252 2313 2314 2253
f 3100 3137 3138 3101
f 3278 3311 3312 3279
f 3145 3190 3191 3146
f 389 416 417 391
f 2100 2167 2168 2101
f 3076 3119 3120 3077
f 2918 2954 2955 2919
f 3304 3335 3336 3305
f 3165 3206 3207 3167
f 3270 3303 3304 3271
f 3415 3441 3442 3416
f 45 46 48 47
f 2436 2494 2495 2437
f 2835 2872 2873 2836
f 2950 2979 2981 2949
f 3416 3442 3443 3417
f 3037 3072 3073 3038
f 3246 3280 3281 3247
f 2602 2652 2653 2603
f 3368 3395 3396 3369
f 2420 2477 2478 2421
f 2792 2833 2834 2793
f 2966 2996 2997 2967
f 3424 3449 3450 3425
f 1209 1228 1230 1211
f 3182 3219 3220 3183
f 3303 3333 3335 3304
f 114 141 142 115
f 3146 3191 3192 3147
f 2720 2765 2766 2721
f 3307 3338 3339 3308
f 3292 3325 3326 3293
f 3098 3135 3136 3099
f 2422 2479 2480 2423
f 2886 2923 2924 2887
f 993 1023 1024 994
f 3437 3462 3463 3438
f 2990 3021 3022 2991
f 3295 3328 3329 3296
f 34 62 63 36
f 2620 2622 2621 2570
f 1926 1990 1991 1927
f 2737 2779 2780 2738
f 3456 3477 3478 3457
f 1010 1039 1040 1011
f 1385 1415 1416 1386
f 3407 3433 3434 3408
f 3496 3509 3510 3497
f 2910 2944 2945 2911
f 3008 3038 3039 3007
f 3078 3079 3081 3080
f 29 42 43 30
f 3325 3356 3357 3326
f 3454 3475 3476 3455
f 2554 2605 2606 2555
f 3276 3309 3310 3277
f 2476 2535 2536 2477
f 2920 2956 2957 2921
f 3450 3471 3472 3451
f 1898 1963 1964 1899
f 1676 1751 1752 1677
f 3344 3372 3373 3345
f 2468 2529 2530 2469
f 3236 3270 3271 3237
f 369 392 393 371
f 1857 1923 1924 1858
f 2011 2078 2079 2012
f 3350 3378 3379 3351
f 2538 2590 2591 2539
f 3336 3365 3364 3337
f 399 425 426 400
f 3220 3255 3256 3221
f 3070 3114 3115 3071
f 3432 3457 3458 3433
f 3429 3454 3455 3430
f 316 339 340 317
f 32 44 46 45
f 3312 3343 3344 3313
f 1628 1712 1713 1630
f 3184 3221 3222 3185
f 3166 3167 3169 3168
f 3553 3560 3561 3554
f 962 996 997 963
f 3438 3463 3464 3439
f 3442 3467 3468 3443
f 3120 3150 3149 3121
f 3134 3179 3180 3135
f 2 3 6 5
f 1755 1826 1827 1756
f 1681 1756 1757 1682
f 1660 1728 1729 1662
f 3340 3368 3369 3341
f 3210 3245 3246 3211
f 1474 1506 1507 1475
f 1345 1372 1373 1346
f 3514 3526 3527 3515
f 2297 2357 2359 2299
f 4 10 12 3
f 3375 3402 3403 3376
f 3545 3552 3553 3546
f 2280 2339 2341 2279
f 2254 2315 2316 2255
f 3094 3095 3097 3096
f 1801 1864 1865 1802
f 62 83 84 63
f 2721 2766 2767 2722
f 3367 3394 3395 3368
f 3480 3498 3499 3481
f 2868 2904 2905 2869
f 3214 3249 3250 3215
f 1723 1797 1798 1724
f 87 117 118 88
f 3343 3371 3372 3344
f 3316 3347 3348 3317
f 2852 2889 2891 2854
f 1976 2044 2045 1977
f 3222 3257 3258 3223
f 13 26 27 14
f 3405 3431 3432 3406
f 3547 3554 3555 3548
f 1569 1602 1601 1568
f 3408 3434 3435 3409
f 2828 2865 2867 2830
f 3388 3415 3416 3389
f 1337 1363 1364 1338
f 3482 3500 3501 3483
f 3397 3423 3424 3398
f 3414 3440 3441 3415
f 1700 1774 1775 1701
f 3400 3426 3427 3401
f 2652 2699 2701 2653
f 3380 3407 3408 3381
f 3472 3491 3490 3473
f 3084 3085 3087 3086
f 3356 3384 3385 3357
f 3262 3296 3297 3263
f 3412 3438 3439 3413
f 3373 3400 3401 3374
f 425 452 453 426
f 3137 3182 3183 3138
f 3458 3479 3480 3459
f 3020 3052 3054 3019
f 3448 3470 3469 3449
f 3286 3319 3320 3287
f 3404 3430 3431 3405
f 978 1009 1010 979
f 3382 3409 3410 3383
f 3479 3497 3498 3480
f 313 336 337 314
f 3036 3037 3038 3008
f 3392 3420 3419 3394
f 3294 3327 3328 3295
f 3364 3393 3392 3366
f 3108 3145 3146 3109
f 3288 3321 3322 3289
f 2609 2659 2660 2610
f 18 29 30 20
f 1843 1912 1913 1844
f 1778 1847 1848 1779
f 24 37 38 25
f 3464 3485 3486 3465
f 3204 3239 3240 3205
f 3428 3453 3454 3429
f 3238 3272 3273 3239
f 3522 3532 3534 3523
f 2241 2303 2304 2242
f 1802 1865 1866 1803
f 3463 3484 3485 3464
f 2665 2713 2714 2666
f 3455 3476 3477 3456
f 3440 3465 3466 3441
f 3188 3225 3226 3189
f 3436 3461 3462 3437
f 2625 2677 2678 2626
f 3538 3547 3548 3539
f 54 76 77 56
f 3289 3322 3323 3290
f 3439 3464 3465 3440
f 3384 3411 3412 3385
f 3244 3278 3279 3245
f 113 140 141 114
f 1787 1849 1851 1788
f 28 41 42 29
f 16 28 29 18
f 3504 3517 3518 3505
f 2672 2717 2719 2671
f 473 508 509 474
f 3366 3392 3394 3367
f 3476 3494 3495 3477
f 3485 3503 3504 3486
f 1 4 3 2
f 3512 3524 3525 3513
f 21 23 22 11
f 2673 2720 2721 2674
f 5 6 8 7
f 3477 3495 3496 3478
f 3510 3522 3523 3511
f 2586 2637 2636 2585
f 3280 3313 3314 3281
f 46 72 73 48
f 3 12 13 6
f 3502 3515 3516 3503
f 1732 1806 1807 1733
f 1960 2030 2031 1961
f 2024 2091 2092 2025
f 3484 3502 3503 3485
f 3398 3424 3425 3399
f 2578 2631 2632 2579
f 3007 3039 3040 3010
f 3324 3355 3356 3325
f 3500 3513 3514 3501
f 3422 3447 3448 3423
f 413 414 415 390
f 752 779 780 753
f 3486 3504 3505 3487
f 3544 3550 3552 3545
f 3308 3339 3340 3309
f 3548 3555 3556 3549
f 3430 3455 3456 3431
f 3552 3559 3560 3553
