# exported by blender_batch_chars_to_s.py fallback
v 0.724036 -0.084718 0.000000
v 0.730631 -0.083758 0.000000
v 0.730112 -0.090478 0.057199
v 0.721012 -0.091011 0.000000
v 0.740055 -0.083584 0.000000
v 0.740006 -0.090426 0.068160
v 0.749945 -0.083584 0.000000
v 0.749995 -0.090425 0.068465
v 0.759374 -0.083757 0.000000
v 0.759922 -0.090469 0.058169
v 0.766031 -0.084699 0.000000
v 0.769482 -0.090898 0.000000
v 0.714719 -0.094031 0.000000
v 0.720481 -0.100082 0.055103
v 0.713777 -0.100568 0.000000
v 0.730033 -0.100008 0.079249
v 0.740002 -0.100025 0.087423
v 0.750000 -0.100027 0.090285
v 0.759995 -0.100031 0.086215
v 0.769941 -0.100084 0.071837
v 0.779242 -0.093332 0.000000
v 0.779591 -0.100409 0.054986
v 0.785379 -0.094621 0.000000
v 0.786668 -0.100758 0.000000
v 0.720461 -0.109552 0.052156
v 0.713773 -0.109338 0.000000
v 0.730032 -0.109631 0.066987
v 0.740024 -0.109953 0.073705
v 0.750003 -0.109998 0.088304
v 0.760000 -0.110001 0.095232
v 0.769995 -0.110005 0.090783
v 0.779916 -0.110059 0.071869
v 0.789102 -0.110518 0.000000
v 0.720722 -0.116286 0.000000
v 0.714677 -0.115331 0.000000
v 0.730095 -0.116883 0.000000
v 0.740360 -0.119612 0.000000
v 0.750049 -0.119973 0.072898
v 0.760003 -0.119999 0.093327
v 0.769999 -0.120000 0.096935
v 0.779969 -0.120005 0.086680
v 0.789534 -0.120078 0.058252
v 0.795304 -0.113969 0.000000
v 0.796282 -0.120629 0.000000
v 0.750414 -0.129922 0.058733
v 0.743287 -0.129344 0.000000
v 0.760028 -0.129996 0.086957
v 0.770000 -0.130000 0.097237
v 0.779975 -0.130000 0.092718
v 0.789626 -0.130008 0.069294
v 0.796838 -0.130101 0.000000
v 0.750880 -0.139530 0.000000
v 0.744636 -0.136033 0.000000
v 0.760082 -0.139967 0.074349
v 0.770004 -0.139999 0.094442
v 0.779996 -0.140001 0.094197
v 0.789917 -0.140033 0.073542
v 0.799113 -0.140466 0.000000
v 0.760371 -0.149997 0.071106
v 0.753144 -0.149954 0.000000
v 0.770025 -0.150000 0.093855
v 0.780000 -0.150000 0.096329
v 0.789965 -0.150000 0.081667
v 0.799485 -0.150000 0.046481
v 0.805274 -0.143878 0.000000
v 0.806051 -0.150000 0.000000
v 0.760422 -0.159995 0.068860
v 0.753545 -0.159940 0.000000
v 0.770027 -0.160000 0.092071
v 0.779997 -0.159999 0.093870
v 0.789917 -0.159968 0.073651
v 0.799113 -0.159536 0.000000
v 0.805274 -0.156122 0.000000
v 0.760469 -0.169924 0.058171
v 0.753755 -0.169374 0.000000
v 0.770030 -0.169996 0.086008
v 0.779976 -0.170000 0.091738
v 0.789629 -0.169997 0.070949
v 0.796857 -0.169957 0.000000
v 0.760884 -0.179530 0.000000
v 0.754698 -0.176035 0.000000
v 0.770082 -0.179967 0.073710
v 0.779976 -0.179999 0.089169
v 0.789581 -0.180000 0.070309
v 0.796474 -0.179998 0.000000
v 1.074704 -0.174589 0.000000
v 1.080721 -0.173748 0.000000
v 1.080504 -0.180380 0.042103
v 1.073948 -0.180094 0.000000
v 1.090006 -0.173602 0.000000
v 1.090029 -0.180423 0.060941
v 1.099377 -0.173758 0.000000
v 1.099925 -0.180469 0.056888
v 1.106035 -0.174698 0.000000
v 1.109527 -0.180885 0.000000
v 0.770370 -0.189997 0.070663
v 0.763143 -0.189957 0.000000
v 0.779997 -0.190000 0.088599
v 0.789578 -0.190000 0.070235
v 0.796437 -0.190000 0.000000
v 1.080900 -0.189517 0.000000
v 1.074727 -0.186127 0.000000
v 1.090085 -0.189990 0.066920
v 1.100000 -0.190030 0.080608
v 1.109967 -0.190083 0.073315
v 1.119899 -0.183162 0.000000
v 1.119992 -0.190373 0.069385
v 1.129372 -0.183718 0.000000
v 1.129924 -0.190466 0.058328
v 1.136035 -0.184695 0.000000
v 1.139527 -0.190884 0.000000
v 0.770419 -0.200000 0.070259
v 0.763526 -0.199998 0.000000
v 0.780000 -0.200000 0.088544
v 0.789578 -0.200000 0.070231
v 0.796435 -0.200000 0.000000
v 1.090418 -0.199920 0.057893
v 1.083334 -0.199332 0.000000
v 1.100028 -0.199997 0.084198
v 1.110000 -0.200004 0.092252
v 1.120000 -0.200025 0.093422
v 1.129996 -0.200031 0.087403
v 1.139967 -0.200083 0.074534
v 1.149899 -0.193162 0.000000
v 1.149991 -0.200374 0.069511
v 1.159367 -0.193719 0.000000
v 1.159891 -0.200475 0.057890
v 1.165969 -0.194715 0.000000
v 1.169059 -0.201013 0.000000
v 0.770422 -0.210000 0.070232
v 0.763563 -0.210000 0.000000
v 0.780000 -0.210000 0.088542
v 0.789578 -0.210000 0.070231
v 0.796435 -0.210000 0.000000
v 1.090894 -0.209486 0.000000
v 1.084641 -0.206028 0.000000
v 1.100085 -0.209963 0.072261
v 1.110004 -0.209999 0.093715
v 1.120000 -0.210001 0.101319
v 1.130000 -0.210001 0.100768
v 1.139999 -0.210004 0.097124
v 1.150000 -0.210025 0.094327
v 1.159992 -0.210033 0.085535
v 1.169901 -0.210125 0.061995
v 1.175988 -0.204060 0.000000
v 1.179484 -0.210831 0.000000
v 0.770422 -0.220000 0.070231
v 0.763565 -0.220000 0.000000
v 0.780000 -0.220000 0.088542
v 0.789578 -0.220000 0.070231
v 0.796435 -0.220000 0.000000
v 1.100418 -0.219920 0.058693
v 1.093334 -0.219331 0.000000
v 1.110029 -0.219996 0.087283
v 1.120001 -0.220000 0.100568
v 1.130000 -0.220000 0.106334
v 1.140000 -0.220000 0.107439
v 1.150000 -0.220001 0.105794
v 1.160000 -0.220001 0.099680
v 1.169995 -0.220007 0.088497
v 1.179962 -0.220082 0.072807
v 1.189326 -0.213332 0.000000
v 1.189888 -0.220427 0.058312
v 1.195966 -0.214659 0.000000
v 1.199055 -0.221010 0.000000
v 0.770422 -0.230000 0.070231
v 0.763565 -0.230000 0.000000
v 0.780000 -0.230000 0.088542
v 0.789578 -0.230000 0.070231
v 0.796435 -0.230000 0.000000
v 1.100894 -0.229486 0.000000
v 1.094641 -0.226028 0.000000
v 1.110085 -0.229963 0.072705
v 1.120004 -0.229999 0.095429
v 1.130000 -0.230000 0.105937
v 1.140000 -0.230000 0.111413
v 1.150000 -0.230000 0.112390
v 1.160000 -0.230000 0.108036
v 1.170000 -0.230000 0.101978
v 1.179999 -0.230004 0.095417
v 1.189991 -0.230031 0.085608
v 1.199866 -0.230134 0.061466
v 1.205921 -0.224079 0.000000
v 1.208990 -0.230945 0.000000
v 0.770422 -0.240000 0.070231
v 0.763565 -0.240000 0.000000
v 0.780000 -0.240000 0.088542
v 0.789578 -0.240000 0.070231
v 0.796435 -0.240000 0.000000
v 1.110417 -0.239921 0.058758
v 1.103334 -0.239331 0.000000
v 1.120028 -0.239996 0.087671
v 1.130001 -0.240000 0.101903
v 1.140000 -0.240000 0.110777
v 1.150000 -0.240000 0.115896
v 1.160000 -0.240000 0.114840
v 1.170000 -0.240000 0.111087
v 1.180000 -0.240000 0.106491
v 1.189999 -0.240001 0.099326
v 1.199969 -0.240009 0.085588
v 1.209573 -0.240112 0.058261
v 1.215341 -0.234034 0.000000
v 1.216665 -0.240674 0.000000
v 0.264676 -0.244676 0.000000
v 0.270720 -0.243755 0.000000
v 0.270458 -0.250458 0.054089
v 0.263755 -0.250720 0.000000
v 0.280061 -0.243584 0.000000
v 0.280030 -0.250425 0.068065
v 0.289945 -0.243584 0.000000
v 0.289996 -0.250425 0.068807
v 0.299374 -0.243757 0.000000
v 0.299924 -0.250469 0.058294
v 0.306035 -0.244698 0.000000
v 0.309527 -0.250885 0.000000
v 0.770422 -0.250000 0.070231
v 0.763565 -0.250000 0.000000
v 0.780000 -0.250000 0.088542
v 0.789578 -0.250000 0.070231
v 0.796435 -0.250000 0.000000
v 1.110880 -0.249529 0.000000
v 1.104640 -0.246032 0.000000
v 1.120082 -0.249967 0.074719
v 1.130004 -0.249999 0.097608
v 1.140000 -0.250000 0.109403
v 1.150000 -0.250000 0.117294
v 1.160000 -0.250000 0.120374
v 1.170000 -0.250000 0.118552
v 1.180000 -0.250000 0.113635
v 1.190000 -0.250000 0.106267
v 1.199996 -0.250001 0.095086
v 1.209915 -0.250038 0.071999
v 1.219100 -0.250508 0.000000
v 0.270425 -0.260030 0.068065
v 0.263584 -0.260061 0.000000
v 0.280027 -0.260027 0.089169
v 0.290001 -0.260027 0.093117
v 0.299996 -0.260031 0.087389
v 0.309967 -0.260083 0.074539
v 0.319898 -0.253162 0.000000
v 0.319991 -0.260374 0.069512
v 0.329367 -0.253719 0.000000
v 0.329891 -0.260475 0.057889
v 0.335969 -0.254715 0.000000
v 0.339055 -0.261014 0.000000
v 0.770422 -0.260000 0.070231
v 0.763565 -0.260000 0.000000
v 0.780000 -0.260000 0.088541
v 0.789578 -0.260000 0.070231
v 0.796435 -0.260000 0.000000
v 1.120371 -0.259997 0.071382
v 1.113144 -0.259954 0.000000
v 1.130025 -0.260000 0.096313
v 1.140001 -0.260000 0.108595
v 1.150000 -0.260000 0.117285
v 1.160000 -0.260000 0.122852
v 1.170000 -0.260000 0.122512
v 1.180000 -0.260000 0.117006
v 1.190000 -0.260000 0.109092
v 1.199999 -0.260000 0.099060
v 1.209965 -0.260000 0.081709
v 1.219484 -0.260000 0.046448
v 1.225273 -0.253882 0.000000
v 1.226051 -0.260000 0.000000
v 0.270425 -0.269996 0.068807
v 0.263584 -0.269945 0.000000
v 0.280028 -0.270001 0.093117
v 0.290001 -0.270001 0.101291
v 0.300000 -0.270001 0.100825
v 0.309999 -0.270004 0.097207
v 0.320000 -0.270025 0.094346
v 0.329991 -0.270033 0.085513
v 0.339870 -0.270134 0.061574
v 0.345926 -0.264079 0.000000
v 0.349056 -0.270946 0.000000
v 0.770422 -0.270000 0.070229
v 0.763565 -0.270000 0.000000
v 0.780000 -0.270000 0.088530
v 0.789578 -0.270000 0.070224
v 0.796435 -0.270000 0.000000
v 1.120422 -0.269994 0.069095
v 1.113545 -0.269940 0.000000
v 1.130028 -0.270000 0.094240
v 1.140001 -0.270000 0.106033
v 1.150000 -0.270000 0.113848
v 1.160000 -0.270000 0.119129
v 1.170000 -0.270000 0.119105
v 1.180000 -0.270000 0.113935
v 1.190000 -0.270000 0.106314
v 1.199996 -0.269999 0.095089
v 1.209915 -0.269962 0.071999
v 1.219100 -0.269492 0.000000
v 1.225273 -0.266118 0.000000
v 0.270469 -0.279924 0.058295
v 0.263757 -0.279374 0.000000
v 0.280031 -0.279996 0.087397
v 0.290001 -0.280000 0.100843
v 0.300000 -0.280000 0.106861
v 0.310000 -0.280000 0.108087
v 0.320000 -0.280001 0.105985
v 0.330000 -0.280001 0.099533
v 0.339991 -0.280009 0.086639
v 0.349900 -0.280121 0.062106
v 0.355988 -0.274056 0.000000
v 0.359479 -0.280831 0.000000
v 0.770422 -0.280000 0.070196
v 0.763565 -0.280000 0.000000
v 0.780000 -0.280000 0.088372
v 0.789578 -0.280000 0.070072
v 0.796434 -0.279997 0.000000
v 1.120479 -0.279891 0.057861
v 1.113756 -0.279369 0.000000
v 1.130033 -0.279991 0.085506
v 1.140001 -0.280000 0.099523
v 1.150000 -0.280000 0.107714
v 1.160000 -0.280000 0.113085
v 1.170000 -0.280000 0.113085
v 1.180000 -0.280000 0.107734
v 1.189999 -0.280000 0.099565
v 1.199969 -0.279991 0.085610
v 1.209573 -0.279888 0.058262
v 1.216665 -0.279326 0.000000
v 0.270884 -0.289530 0.000000
v 0.264698 -0.286035 0.000000
v 0.280083 -0.289967 0.074709
v 0.290004 -0.289999 0.097487
v 0.300000 -0.290000 0.108554
v 0.310000 -0.290000 0.114150
v 0.320000 -0.290000 0.113418
v 0.330000 -0.290000 0.107862
v 0.340000 -0.290000 0.099987
v 0.349994 -0.290007 0.088388
v 0.359938 -0.290081 0.071983
v 0.369237 -0.283329 0.000000
v 0.369539 -0.290406 0.054557
v 0.375321 -0.284617 0.000000
v 0.376247 -0.290715 0.000000
v 0.770422 -0.290000 0.069884
v 0.763565 -0.290000 0.000000
v 0.780000 -0.290000 0.087076
v 0.789576 -0.289995 0.068288
v 0.796417 -0.289942 0.000000
v 1.121014 -0.289055 0.000000
v 1.114718 -0.285969 0.000000
v 1.130134 -0.289869 0.061572
v 1.140010 -0.289990 0.086601
v 1.150000 -0.290000 0.099617
v 1.160000 -0.290000 0.106118
v 1.170000 -0.290000 0.106118
v 1.180000 -0.290000 0.099619
v 1.189990 -0.289990 0.086604
v 1.199866 -0.289869 0.061578
v 1.208990 -0.289055 0.000000
v 1.215341 -0.285966 0.000000
v 0.280371 -0.299997 0.071552
v 0.273141 -0.299957 0.000000
v 0.290025 -0.300000 0.096581
v 0.300001 -0.300000 0.108938
v 0.310000 -0.300000 0.116725
v 0.320000 -0.300000 0.118797
v 0.330000 -0.300000 0.114570
v 0.340000 -0.300000 0.108106
v 0.349999 -0.300000 0.100904
v 0.359971 -0.300004 0.090773
v 0.369578 -0.300027 0.068393
v 0.376455 -0.300066 0.000000
v 0.770422 -0.300000 0.068470
v 0.763565 -0.300000 0.000000
v 0.779996 -0.299996 0.081140
v 0.789532 -0.299924 0.057638
v 0.796244 -0.299374 0.000000
v 1.130947 -0.299053 0.000000
v 1.124079 -0.295926 0.000000
v 1.140131 -0.299869 0.061677
v 1.150010 -0.299990 0.086412
v 1.160000 -0.299999 0.097787
v 1.170000 -0.299999 0.097787
v 1.179990 -0.299990 0.086412
v 1.189869 -0.299869 0.061677
v 1.199053 -0.299053 0.000000
v 1.205921 -0.295926 0.000000
v 0.280416 -0.310000 0.071163
v 0.273487 -0.310000 0.000000
v 0.290027 -0.310000 0.096490
v 0.300001 -0.310000 0.109112
v 0.310000 -0.310000 0.118071
v 0.320000 -0.310000 0.123073
v 0.330000 -0.310000 0.120437
v 0.340000 -0.310000 0.114281
v 0.349999 -0.310000 0.106890
v 0.359975 -0.310000 0.095723
v 0.369629 -0.310004 0.071307
v 0.376859 -0.310047 0.000000
v 0.770419 -0.309999 0.065988
v 0.763565 -0.310000 0.000000
v 0.779945 -0.309967 0.068855
v 0.789117 -0.309530 0.000000
v 0.795302 -0.306035 0.000000
v 1.140947 -0.309053 0.000000
v 1.134074 -0.305926 0.000000
v 1.150131 -0.309866 0.061366
v 1.160009 -0.309966 0.083590
v 1.169991 -0.309966 0.083590
v 1.179869 -0.309866 0.061366
v 1.189053 -0.309053 0.000000
v 1.195926 -0.305926 0.000000
v 0.280371 -0.320003 0.071553
v 0.273142 -0.320043 0.000000
v 0.290025 -0.320000 0.096602
v 0.300001 -0.320000 0.109208
v 0.310000 -0.320000 0.118541
v 0.320000 -0.320000 0.125121
v 0.330000 -0.320000 0.124514
v 0.340000 -0.320000 0.117970
v 0.350000 -0.320000 0.109317
v 0.359996 -0.320001 0.097585
v 0.369921 -0.320033 0.074829
v 0.379187 -0.320472 0.000000
v 0.770398 -0.320000 0.065422
v 0.763562 -0.320000 0.000000
v 0.779656 -0.319997 0.065799
v 0.786858 -0.319957 0.000000
v 1.150945 -0.318986 0.000000
v 1.144074 -0.315921 0.000000
v 1.160103 -0.319518 0.055863
v 1.169898 -0.319518 0.055863
v 1.179055 -0.318986 0.000000
v 1.185926 -0.315921 0.000000
v 0.280083 -0.330033 0.074721
v 0.270884 -0.330470 0.000000
v 0.290004 -0.330001 0.097643
v 0.300000 -0.330000 0.109683
v 0.310000 -0.330000 0.118949
v 0.320000 -0.330000 0.125989
v 0.330000 -0.330000 0.126576
v 0.340000 -0.330000 0.120228
v 0.350000 -0.330000 0.111787
v 0.360000 -0.330000 0.102288
v 0.369994 -0.330004 0.088718
v 0.379912 -0.330088 0.062595
v 0.386011 -0.323989 0.000000
v 0.389528 -0.330813 0.000000
v 0.453961 -0.324700 0.000000
v 0.460568 -0.323775 0.000000
v 0.460071 -0.330471 0.056339
v 0.450470 -0.330884 0.000000
v 0.469432 -0.323775 0.000000
v 0.469929 -0.330471 0.056339
v 0.476039 -0.324700 0.000000
v 0.479530 -0.330884 0.000000
v 0.770392 -0.330000 0.065360
v 0.763525 -0.330002 0.000000
v 0.779608 -0.330000 0.065393
v 0.786475 -0.329998 0.000000
v 1.160573 -0.326223 0.000000
v 1.154026 -0.325281 0.000000
v 1.169427 -0.326223 0.000000
v 1.175974 -0.325281 0.000000
v 0.264695 -0.333965 0.000000
v 0.270466 -0.340076 0.058340
v 0.263718 -0.340628 0.000000
v 0.280031 -0.340004 0.087566
v 0.290001 -0.340000 0.101987
v 0.300000 -0.340000 0.111734
v 0.310000 -0.340000 0.120425
v 0.320000 -0.340000 0.127521
v 0.330000 -0.340000 0.129010
v 0.340000 -0.340000 0.123406
v 0.350000 -0.340000 0.115939
v 0.360000 -0.340000 0.108390
v 0.370000 -0.340000 0.100194
v 0.379996 -0.340006 0.088714
v 0.389967 -0.340079 0.074840
v 0.399956 -0.333140 0.000000
v 0.399997 -0.340371 0.071557
v 0.409998 -0.333526 0.000000
v 0.410000 -0.340419 0.071133
v 0.420000 -0.333561 0.000000
v 0.420000 -0.340423 0.071106
v 0.430002 -0.333526 0.000000
v 0.430000 -0.340419 0.071133
v 0.440043 -0.333143 0.000000
v 0.440003 -0.340371 0.071538
v 0.450033 -0.340083 0.074521
v 0.460004 -0.340031 0.085818
v 0.469996 -0.340031 0.085818
v 0.479967 -0.340083 0.074515
v 0.489954 -0.333144 0.000000
v 0.489997 -0.340371 0.071369
v 0.499940 -0.333545 0.000000
v 0.499995 -0.340422 0.069120
v 0.509374 -0.333755 0.000000
v 0.509924 -0.340469 0.058312
v 0.516035 -0.334698 0.000000
v 0.519530 -0.340884 0.000000
v 0.770344 -0.340003 0.065245
v 0.763145 -0.340039 0.000000
v 0.779602 -0.340000 0.065360
v 0.786438 -0.340000 0.000000
v 0.270373 -0.350008 0.069538
v 0.263162 -0.350101 0.000000
v 0.280025 -0.350000 0.094536
v 0.290001 -0.350000 0.106490
v 0.300000 -0.350000 0.115220
v 0.310000 -0.350000 0.123359
v 0.320000 -0.350000 0.130067
v 0.330000 -0.350000 0.131870
v 0.340000 -0.350000 0.127266
v 0.350000 -0.350000 0.121049
v 0.360000 -0.350000 0.114668
v 0.370000 -0.350000 0.108244
v 0.380000 -0.350000 0.102214
v 0.389999 -0.350004 0.097625
v 0.400000 -0.350025 0.096566
v 0.410000 -0.350027 0.096450
v 0.420000 -0.350027 0.096443
v 0.430000 -0.350027 0.096449
v 0.440000 -0.350025 0.096554
v 0.450001 -0.350004 0.097434
v 0.460000 -0.350001 0.100544
v 0.470000 -0.350001 0.100555
v 0.479999 -0.350004 0.097443
v 0.490000 -0.350025 0.096311
v 0.500000 -0.350027 0.094419
v 0.509996 -0.350031 0.087559
v 0.519967 -0.350083 0.074713
v 0.529954 -0.343144 0.000000
v 0.529997 -0.350371 0.071382
v 0.539940 -0.343545 0.000000
v 0.539994 -0.350422 0.069095
v 0.549369 -0.343756 0.000000
v 0.549891 -0.350479 0.057861
v 0.555969 -0.344718 0.000000
v 0.559055 -0.351014 0.000000
v 0.770059 -0.350028 0.064529
v 0.760936 -0.350375 0.000000
v 0.779581 -0.350001 0.065311
v 0.786435 -0.350000 0.000000
v 0.270083 -0.360033 0.074551
v 0.260884 -0.360473 0.000000
v 0.280004 -0.360001 0.097364
v 0.290000 -0.360000 0.109140
v 0.300000 -0.360000 0.118206
v 0.310000 -0.360000 0.126124
v 0.320000 -0.360000 0.131372
v 0.330000 -0.360000 0.132113
v 0.340000 -0.360000 0.128576
v 0.350000 -0.360000 0.124045
v 0.360000 -0.360000 0.119057
v 0.370000 -0.360000 0.114444
v 0.380000 -0.360000 0.110934
v 0.390000 -0.360000 0.109083
v 0.400000 -0.360001 0.108665
v 0.410000 -0.360001 0.108617
v 0.420000 -0.360001 0.108614
v 0.430000 -0.360001 0.108618
v 0.440000 -0.360001 0.108672
v 0.450000 -0.360000 0.109065
v 0.460000 -0.360000 0.110257
v 0.470000 -0.360000 0.110414
v 0.480000 -0.360000 0.109443
v 0.490000 -0.360001 0.108657
v 0.500000 -0.360001 0.106435
v 0.510000 -0.360001 0.101983
v 0.519999 -0.360004 0.097622
v 0.530000 -0.360025 0.096315
v 0.540000 -0.360027 0.094240
v 0.549991 -0.360034 0.085506
v 0.559869 -0.360134 0.061572
v 0.565926 -0.354079 0.000000
v 0.569053 -0.360947 0.000000
v 0.754999 -0.353069 0.000000
v 0.760908 -0.359627 0.000000
v 0.754997 -0.356931 0.000000
v 0.770056 -0.359972 0.064555
v 0.779581 -0.359999 0.065313
v 0.786435 -0.360000 0.000000
v 0.254695 -0.363965 0.000000
v 0.260466 -0.370076 0.058341
v 0.253716 -0.370628 0.000000
v 0.270031 -0.370004 0.087558
v 0.280001 -0.370000 0.101961
v 0.290000 -0.370000 0.111594
v 0.300000 -0.370000 0.119724
v 0.310000 -0.370000 0.125498
v 0.320000 -0.370000 0.127382
v 0.330000 -0.370000 0.126474
v 0.340000 -0.370000 0.123145
v 0.350000 -0.370000 0.119741
v 0.360000 -0.370000 0.117248
v 0.370000 -0.370000 0.115739
v 0.380000 -0.370000 0.114800
v 0.390000 -0.370000 0.114370
v 0.400000 -0.370000 0.114283
v 0.410000 -0.370000 0.114275
v 0.420000 -0.370000 0.114275
v 0.430000 -0.370000 0.114285
v 0.440000 -0.370000 0.114398
v 0.450000 -0.370000 0.115015
v 0.460000 -0.370000 0.116467
v 0.470000 -0.370000 0.117696
v 0.480000 -0.370000 0.118257
v 0.490000 -0.370000 0.117790
v 0.500000 -0.370000 0.115167
v 0.510000 -0.370000 0.111740
v 0.520000 -0.370000 0.109637
v 0.530000 -0.370001 0.108638
v 0.540000 -0.370001 0.106049
v 0.550000 -0.370001 0.099532
v 0.559990 -0.370010 0.086593
v 0.569866 -0.370131 0.061578
v 0.575921 -0.364074 0.000000
v 0.578990 -0.370945 0.000000
v 0.770292 -0.370000 0.065678
v 0.762724 -0.370005 0.000000
v 0.779599 -0.370000 0.065416
v 0.786436 -0.370000 0.000000
v 0.260371 -0.380007 0.069577
v 0.253117 -0.380089 0.000000
v 0.270025 -0.380000 0.094535
v 0.280001 -0.380000 0.106436
v 0.290000 -0.380000 0.114641
v 0.300000 -0.380000 0.120197
v 0.310000 -0.380000 0.121551
v 0.320000 -0.380000 0.120148
v 0.330000 -0.380000 0.118264
v 0.340000 -0.380000 0.115204
v 0.350000 -0.380000 0.111665
v 0.360000 -0.380000 0.109474
v 0.370000 -0.379999 0.108848
v 0.380000 -0.379999 0.108678
v 0.390000 -0.379999 0.108623
v 0.400000 -0.379999 0.108615
v 0.410000 -0.379999 0.108614
v 0.420000 -0.379999 0.108617
v 0.430000 -0.379999 0.108666
v 0.440000 -0.380000 0.109089
v 0.450000 -0.380000 0.110993
v 0.460000 -0.380000 0.114671
v 0.470000 -0.380000 0.119286
v 0.480000 -0.380000 0.123544
v 0.490000 -0.380000 0.125100
v 0.500000 -0.380000 0.123223
v 0.510000 -0.380000 0.120595
v 0.520000 -0.380000 0.119082
v 0.530000 -0.380000 0.117784
v 0.540000 -0.380000 0.114076
v 0.550000 -0.380000 0.107859
v 0.559999 -0.380000 0.099587
v 0.569969 -0.380009 0.085629
v 0.579573 -0.380112 0.058306
v 0.585341 -0.374034 0.000000
v 0.586665 -0.380674 0.000000
v 0.770052 -0.380033 0.068848
v 0.760854 -0.380469 0.000000
v 0.779581 -0.380001 0.065988
v 0.786435 -0.380000 0.000000
v 0.260048 -0.390024 0.075092
v 0.250388 -0.390360 0.000000
v 0.270003 -0.390001 0.097394
v 0.280000 -0.390000 0.108883
v 0.290000 -0.390000 0.116222
v 0.300000 -0.390000 0.118189
v 0.310000 -0.390000 0.115399
v 0.320000 -0.390000 0.111718
v 0.330000 -0.390000 0.109150
v 0.340000 -0.389999 0.106490
v 0.350000 -0.389999 0.101983
v 0.359999 -0.389996 0.097629
v 0.370000 -0.389975 0.096578
v 0.380000 -0.389973 0.096453
v 0.390000 -0.389973 0.096443
v 0.400000 -0.389973 0.096443
v 0.410000 -0.389973 0.096443
v 0.420000 -0.389973 0.096450
v 0.430000 -0.389975 0.096567
v 0.440001 -0.389997 0.097651
v 0.450000 -0.390000 0.102398
v 0.460000 -0.390000 0.108647
v 0.470000 -0.390000 0.115718
v 0.480000 -0.390000 0.122860
v 0.490000 -0.390000 0.128331
v 0.500000 -0.390000 0.129987
v 0.510000 -0.390000 0.129093
v 0.520000 -0.390000 0.127972
v 0.530000 -0.390000 0.125944
v 0.540000 -0.390000 0.120958
v 0.550000 -0.390000 0.114385
v 0.560000 -0.390000 0.106567
v 0.569996 -0.390001 0.095397
v 0.579915 -0.390038 0.072689
v 0.589102 -0.390514 0.000000
v 0.754696 -0.383965 0.000000
v 0.760467 -0.390076 0.057636
v 0.753757 -0.390626 0.000000
v 0.770004 -0.390004 0.081140
v 0.779578 -0.390000 0.068470
v 0.786435 -0.390000 0.000000
v 0.234038 -0.394656 0.000000
v 0.240661 -0.393288 0.000000
v 0.240114 -0.400424 0.058228
v 0.231012 -0.401008 0.000000
v 0.250029 -0.400049 0.073233
v 0.260003 -0.400003 0.090557
v 0.270000 -0.400000 0.102334
v 0.280000 -0.400000 0.110866
v 0.290000 -0.400000 0.115673
v 0.300000 -0.400000 0.113816
v 0.310000 -0.400000 0.108277
v 0.320000 -0.400000 0.102264
v 0.329999 -0.399996 0.097389
v 0.340000 -0.399975 0.094537
v 0.349996 -0.399969 0.087565
v 0.359967 -0.399917 0.074720
v 0.369997 -0.399629 0.071551
v 0.380000 -0.399581 0.071133
v 0.390000 -0.399577 0.071105
v 0.400000 -0.399577 0.071104
v 0.410000 -0.399577 0.071105
v 0.420000 -0.399581 0.071134
v 0.430002 -0.399632 0.071591
v 0.440023 -0.399953 0.075289
v 0.450002 -0.399998 0.090735
v 0.460000 -0.400000 0.102442
v 0.470000 -0.400000 0.111767
v 0.480000 -0.400000 0.120434
v 0.490000 -0.400000 0.128451
v 0.500000 -0.400000 0.134273
v 0.510000 -0.400000 0.136502
v 0.520000 -0.400000 0.136274
v 0.530000 -0.400000 0.133009
v 0.540000 -0.400000 0.126879
v 0.550000 -0.400000 0.119408
v 0.560000 -0.400000 0.111135
v 0.569999 -0.400000 0.101695
v 0.579969 -0.400004 0.087389
v 0.589531 -0.400078 0.058283
v 0.595301 -0.393968 0.000000
v 0.596243 -0.400626 0.000000
v 0.760424 -0.400005 0.068288
v 0.753584 -0.400058 0.000000
v 0.770000 -0.400000 0.087076
v 0.779578 -0.400000 0.069884
v 0.786435 -0.400000 0.000000
v 0.224715 -0.404035 0.000000
v 0.230475 -0.410112 0.057776
v 0.223719 -0.410634 0.000000
v 0.240033 -0.410030 0.084504
v 0.250002 -0.410003 0.095140
v 0.260000 -0.410000 0.102016
v 0.270000 -0.410000 0.108029
v 0.280000 -0.410000 0.112604
v 0.290000 -0.410000 0.112694
v 0.300000 -0.410000 0.107725
v 0.310000 -0.410000 0.100002
v 0.319995 -0.409993 0.088685
v 0.329967 -0.409921 0.074671
v 0.339992 -0.409627 0.069544
v 0.349924 -0.409534 0.058340
v 0.359530 -0.409116 0.000000
v 0.369957 -0.406857 0.000000
v 0.379998 -0.406474 0.000000
v 0.390000 -0.406437 0.000000
v 0.400000 -0.406435 0.000000
v 0.410000 -0.406437 0.000000
v 0.420002 -0.406476 0.000000
v 0.430030 -0.406903 0.000000
v 0.440344 -0.409654 0.000000
v 0.450047 -0.409977 0.075122
v 0.460003 -0.409999 0.097414
v 0.470000 -0.410000 0.109153
v 0.480000 -0.410000 0.118313
v 0.490000 -0.410000 0.126902
v 0.500000 -0.410000 0.134640
v 0.510000 -0.410000 0.140587
v 0.520000 -0.410000 0.142832
v 0.530000 -0.410000 0.138848
v 0.540000 -0.410000 0.131484
v 0.550000 -0.410000 0.123404
v 0.560000 -0.410000 0.115130
v 0.569999 -0.410000 0.106411
v 0.579972 -0.410000 0.094405
v 0.589575 -0.410005 0.069092
v 0.596418 -0.410058 0.000000
v 0.760422 -0.410000 0.070072
v 0.753566 -0.410003 0.000000
v 0.770000 -0.410000 0.088372
v 0.779578 -0.410000 0.070196
v 0.786435 -0.410000 0.000000
v 0.942928 -0.404997 0.000000
v 0.946218 -0.404974 0.000000
v 0.946354 -0.410734 0.000000
v 0.939990 -0.410921 0.000000
v 0.230374 -0.420009 0.069498
v 0.223159 -0.420102 0.000000
v 0.240025 -0.420001 0.094106
v 0.250001 -0.420000 0.104624
v 0.260000 -0.420000 0.109913
v 0.270000 -0.420000 0.112533
v 0.280000 -0.420000 0.112319
v 0.290000 -0.420000 0.107736
v 0.300000 -0.420000 0.099958
v 0.309992 -0.419992 0.086687
v 0.319902 -0.419879 0.062144
v 0.329525 -0.419182 0.000000
v 0.339899 -0.416842 0.000000
v 0.349372 -0.416282 0.000000
v 0.356035 -0.415305 0.000000
v 0.450370 -0.419993 0.069578
v 0.443115 -0.419912 0.000000
v 0.460025 -0.420000 0.094538
v 0.470001 -0.420000 0.106491
v 0.480000 -0.420000 0.115237
v 0.490000 -0.420000 0.123606
v 0.500000 -0.420000 0.131979
v 0.510000 -0.420000 0.140030
v 0.520000 -0.420000 0.145238
v 0.530000 -0.420000 0.142491
v 0.540000 -0.420000 0.135054
v 0.550000 -0.420000 0.126711
v 0.560000 -0.420000 0.117960
v 0.569999 -0.420000 0.108623
v 0.579973 -0.420000 0.096206
v 0.589580 -0.420000 0.070964
v 0.596473 -0.420005 0.000000
v 0.760422 -0.420000 0.070224
v 0.753565 -0.420000 0.000000
v 0.770000 -0.420000 0.088530
v 0.779578 -0.420000 0.070229
v 0.786435 -0.420000 0.000000
v 0.903965 -0.414698 0.000000
v 0.910626 -0.413755 0.000000
v 0.910076 -0.420469 0.057749
v 0.900473 -0.420885 0.000000
v 0.920059 -0.413545 0.000000
v 0.920004 -0.420422 0.066225
v 0.930008 -0.413146 0.000000
v 0.929969 -0.420363 0.060851
v 0.939551 -0.419977 0.041218
v 0.946232 -0.419439 0.000000
v 0.230079 -0.430033 0.074665
v 0.220818 -0.430475 0.000000
v 0.240004 -0.430001 0.097287
v 0.250000 -0.430000 0.108241
v 0.260000 -0.430000 0.113496
v 0.270000 -0.430000 0.112693
v 0.280000 -0.430000 0.108702
v 0.290000 -0.430000 0.101312
v 0.299993 -0.429994 0.088436
v 0.309879 -0.429900 0.062111
v 0.319058 -0.429057 0.000000
v 0.325991 -0.425946 0.000000
v 0.450465 -0.429924 0.058341
v 0.443715 -0.429372 0.000000
v 0.460031 -0.429996 0.087566
v 0.470001 -0.430000 0.101988
v 0.480000 -0.430000 0.111748
v 0.490000 -0.430000 0.120651
v 0.500000 -0.430000 0.129506
v 0.510000 -0.430000 0.138319
v 0.520000 -0.430000 0.145079
v 0.530000 -0.430000 0.144112
v 0.540000 -0.430000 0.136747
v 0.550000 -0.430000 0.127885
v 0.560000 -0.430000 0.118781
v 0.569999 -0.430000 0.109159
v 0.579975 -0.430000 0.096563
v 0.589629 -0.430003 0.071500
v 0.596857 -0.430043 0.000000
v 0.760422 -0.430000 0.070231
v 0.753565 -0.430000 0.000000
v 0.770000 -0.430000 0.088541
v 0.779578 -0.430000 0.070231
v 0.786435 -0.430000 0.000000
v 0.873965 -0.424695 0.000000
v 0.880628 -0.423718 0.000000
v 0.880076 -0.430466 0.058289
v 0.870470 -0.430884 0.000000
v 0.890101 -0.423162 0.000000
v 0.890008 -0.430373 0.069309
v 0.900033 -0.430083 0.073820
v 0.910004 -0.430031 0.084140
v 0.919993 -0.430022 0.080463
v 0.929875 -0.429925 0.057630
v 0.938988 -0.429063 0.000000
v 0.945281 -0.425974 0.000000
v 0.214054 -0.434009 0.000000
v 0.220121 -0.440098 0.062139
v 0.210946 -0.440944 0.000000
v 0.230007 -0.440005 0.088636
v 0.240000 -0.440000 0.101909
v 0.250000 -0.440000 0.109671
v 0.260000 -0.440000 0.111700
v 0.270000 -0.440000 0.107679
v 0.280000 -0.440000 0.101308
v 0.289995 -0.439995 0.091944
v 0.299919 -0.439941 0.072106
v 0.309169 -0.439480 0.000000
v 0.315945 -0.435988 0.000000
v 0.450884 -0.439530 0.000000
v 0.444695 -0.436035 0.000000
v 0.460083 -0.439967 0.074721
v 0.470004 -0.439999 0.097644
v 0.480000 -0.440000 0.109701
v 0.490000 -0.440000 0.119223
v 0.500000 -0.440000 0.128355
v 0.510000 -0.440000 0.137393
v 0.520000 -0.440000 0.144621
v 0.530000 -0.440000 0.144507
v 0.540000 -0.440000 0.137243
v 0.550000 -0.440000 0.128226
v 0.560000 -0.440000 0.119081
v 0.570000 -0.440000 0.109519
v 0.579996 -0.440001 0.097358
v 0.589917 -0.440032 0.074039
v 0.599113 -0.440464 0.000000
v 0.760422 -0.440000 0.070232
v 0.753563 -0.440000 0.000000
v 0.770000 -0.440000 0.088542
v 0.779578 -0.440000 0.070231
v 0.786435 -0.440000 0.000000
v 0.834676 -0.434676 0.000000
v 0.840720 -0.433753 0.000000
v 0.840458 -0.440458 0.054104
v 0.833755 -0.440720 0.000000
v 0.850066 -0.433545 0.000000
v 0.850030 -0.440422 0.068274
v 0.860047 -0.433144 0.000000
v 0.860004 -0.440371 0.071257
v 0.870033 -0.440083 0.074569
v 0.880004 -0.440031 0.086972
v 0.890000 -0.440025 0.092638
v 0.900001 -0.440004 0.093210
v 0.909996 -0.439999 0.090594
v 0.919918 -0.439962 0.071496
v 0.929169 -0.439484 0.000000
v 0.935940 -0.435988 0.000000
v 0.204074 -0.444074 0.000000
v 0.210131 -0.450131 0.061688
v 0.200947 -0.450947 0.000000
v 0.220009 -0.450009 0.086596
v 0.230000 -0.450000 0.099542
v 0.240000 -0.450000 0.106473
v 0.250000 -0.450000 0.109893
v 0.260000 -0.450000 0.107101
v 0.270000 -0.450000 0.099910
v 0.279994 -0.449993 0.088434
v 0.289941 -0.449919 0.072106
v 0.299591 -0.449591 0.055009
v 0.306671 -0.449242 0.000000
v 0.460371 -0.449997 0.071552
v 0.453143 -0.449957 0.000000
v 0.470025 -0.450000 0.096603
v 0.480001 -0.450000 0.109231
v 0.490000 -0.450000 0.118904
v 0.500000 -0.450000 0.128100
v 0.510000 -0.450000 0.137186
v 0.520000 -0.450000 0.144515
v 0.530000 -0.450000 0.144621
v 0.540000 -0.450000 0.137490
v 0.550000 -0.450000 0.128570
v 0.560000 -0.450000 0.119543
v 0.570000 -0.450000 0.110308
v 0.579999 -0.450000 0.099638
v 0.589965 -0.450000 0.082049
v 0.599485 -0.450000 0.046505
v 0.605274 -0.443878 0.000000
v 0.606051 -0.450000 0.000000
v 0.760419 -0.450000 0.070259
v 0.753526 -0.450002 0.000000
v 0.770000 -0.450000 0.088544
v 0.779578 -0.450000 0.070231
v 0.786435 -0.450000 0.000000
v 0.840425 -0.450030 0.068246
v 0.833581 -0.450064 0.000000
v 0.850028 -0.450027 0.089617
v 0.860001 -0.450025 0.095180
v 0.870001 -0.450004 0.096290
v 0.880000 -0.450001 0.098189
v 0.890000 -0.450001 0.097243
v 0.899998 -0.449996 0.092713
v 0.909970 -0.449970 0.083893
v 0.919573 -0.449885 0.058071
v 0.926668 -0.449326 0.000000
v 0.194079 -0.454074 0.000000
v 0.200134 -0.460131 0.061576
v 0.191010 -0.460945 0.000000
v 0.210010 -0.460010 0.086550
v 0.220000 -0.460000 0.099226
v 0.230000 -0.460000 0.105117
v 0.240000 -0.460000 0.107026
v 0.250000 -0.460000 0.105576
v 0.260000 -0.459999 0.099468
v 0.269991 -0.459991 0.086635
v 0.279900 -0.459879 0.062109
v 0.289480 -0.459169 0.000000
v 0.299242 -0.456671 0.000000
v 0.305379 -0.455379 0.000000
v 0.460419 -0.460000 0.071135
v 0.453526 -0.459998 0.000000
v 0.470027 -0.460000 0.096487
v 0.480001 -0.460000 0.109177
v 0.490000 -0.460000 0.118867
v 0.500000 -0.460000 0.128067
v 0.510000 -0.460000 0.137109
v 0.520000 -0.460000 0.144130
v 0.530000 -0.460000 0.143494
v 0.540000 -0.460000 0.136464
v 0.550000 -0.460000 0.127906
v 0.560000 -0.460000 0.118958
v 0.570000 -0.460000 0.109490
v 0.579996 -0.459999 0.097354
v 0.589917 -0.459967 0.074038
v 0.599113 -0.459536 0.000000
v 0.605274 -0.456122 0.000000
v 0.760370 -0.460003 0.070663
v 0.753143 -0.460043 0.000000
v 0.769997 -0.460000 0.088599
v 0.779578 -0.460000 0.070235
v 0.786437 -0.460000 0.000000
v 0.840419 -0.460001 0.070838
v 0.833525 -0.460005 0.000000
v 0.850027 -0.460001 0.095057
v 0.860001 -0.460001 0.103367
v 0.870000 -0.460000 0.102841
v 0.880000 -0.460000 0.097837
v 0.889995 -0.459993 0.087807
v 0.899962 -0.459918 0.072495
v 0.909885 -0.459573 0.058136
v 0.918992 -0.458992 0.000000
v 0.925341 -0.455961 0.000000
v 0.184659 -0.464034 0.000000
v 0.190427 -0.470112 0.058305
v 0.183335 -0.470674 0.000000
v 0.200031 -0.470009 0.085592
v 0.210001 -0.470000 0.099150
v 0.220000 -0.470000 0.105121
v 0.230000 -0.470000 0.105165
v 0.240000 -0.470000 0.101320
v 0.249999 -0.469997 0.095322
v 0.259991 -0.469969 0.085622
v 0.269870 -0.469866 0.061580
v 0.279056 -0.469054 0.000000
v 0.285988 -0.465944 0.000000
v 0.460423 -0.470000 0.071107
v 0.453563 -0.470000 0.000000
v 0.470027 -0.470000 0.096480
v 0.480001 -0.470000 0.109174
v 0.490000 -0.470000 0.118863
v 0.500000 -0.470000 0.128042
v 0.510000 -0.470000 0.136854
v 0.520000 -0.470000 0.142755
v 0.530000 -0.470000 0.140164
v 0.540000 -0.470000 0.133424
v 0.550000 -0.470000 0.126005
v 0.560000 -0.470000 0.117840
v 0.569999 -0.470000 0.108843
v 0.579975 -0.470000 0.096502
v 0.589629 -0.469997 0.071495
v 0.596857 -0.469957 0.000000
v 0.760082 -0.470033 0.073710
v 0.750884 -0.470470 0.000000
v 0.769976 -0.470001 0.089170
v 0.779581 -0.470000 0.070312
v 0.786476 -0.470001 0.000000
v 0.840368 -0.470002 0.071381
v 0.833099 -0.470031 0.000000
v 0.850025 -0.470000 0.095094
v 0.860001 -0.470000 0.102141
v 0.870000 -0.469999 0.098554
v 0.879991 -0.469991 0.086369
v 0.889900 -0.469879 0.062054
v 0.899484 -0.469169 0.000000
v 0.909326 -0.466668 0.000000
v 0.915962 -0.465341 0.000000
v 0.190085 -0.480038 0.072686
v 0.180894 -0.480514 0.000000
v 0.200004 -0.480001 0.095242
v 0.210000 -0.480000 0.105129
v 0.220000 -0.480000 0.107182
v 0.230000 -0.480000 0.101559
v 0.239997 -0.479997 0.090460
v 0.249973 -0.479951 0.073255
v 0.259889 -0.479576 0.058347
v 0.269055 -0.478990 0.000000
v 0.275926 -0.475921 0.000000
v 0.460423 -0.480000 0.071107
v 0.453563 -0.480000 0.000000
v 0.470027 -0.480000 0.096480
v 0.480001 -0.480000 0.109174
v 0.490000 -0.480000 0.118858
v 0.500000 -0.480000 0.127963
v 0.510000 -0.480000 0.136229
v 0.520000 -0.480000 0.140229
v 0.530000 -0.480000 0.135688
v 0.540000 -0.480000 0.128472
v 0.550000 -0.480000 0.121338
v 0.560000 -0.480000 0.114343
v 0.569999 -0.480000 0.106847
v 0.579973 -0.480000 0.095606
v 0.589580 -0.479999 0.070882
v 0.596473 -0.479995 0.000000
v 0.744698 -0.473965 0.000000
v 0.750469 -0.480076 0.058170
v 0.743757 -0.480626 0.000000
v 0.760030 -0.480004 0.086010
v 0.769976 -0.480000 0.091756
v 0.779632 -0.480002 0.071033
v 0.786904 -0.480029 0.000000
v 0.840048 -0.480023 0.073872
v 0.830387 -0.480357 0.000000
v 0.850002 -0.480000 0.092465
v 0.859999 -0.479996 0.093713
v 0.869991 -0.479969 0.085424
v 0.879869 -0.479866 0.061557
v 0.889056 -0.479054 0.000000
v 0.895988 -0.475944 0.000000
v 0.174638 -0.483971 0.000000
v 0.180415 -0.490080 0.058762
v 0.173287 -0.490656 0.000000
v 0.190028 -0.490004 0.087481
v 0.200001 -0.490000 0.101416
v 0.210000 -0.490000 0.108470
v 0.220000 -0.490000 0.107290
v 0.229998 -0.489999 0.097395
v 0.239955 -0.489977 0.075269
v 0.249644 -0.489644 0.000000
v 0.259341 -0.486712 0.000000
v 0.265967 -0.485344 0.000000
v 0.460419 -0.490000 0.071135
v 0.453526 -0.490002 0.000000
v 0.470027 -0.490000 0.096487
v 0.480001 -0.490000 0.109177
v 0.490000 -0.490000 0.118853
v 0.500000 -0.490000 0.127858
v 0.510000 -0.490000 0.135408
v 0.520000 -0.490000 0.137197
v 0.530000 -0.490000 0.131473
v 0.540000 -0.490000 0.123696
v 0.550000 -0.490000 0.115932
v 0.560000 -0.490000 0.108490
v 0.569999 -0.490000 0.101073
v 0.579972 -0.489997 0.090790
v 0.589575 -0.489973 0.068366
v 0.596418 -0.489937 0.000000
v 0.750425 -0.490005 0.068836
v 0.743582 -0.490058 0.000000
v 0.760027 -0.490000 0.092109
v 0.769998 -0.490001 0.094152
v 0.779954 -0.490022 0.074867
v 0.789658 -0.490314 0.000000
v 0.813967 -0.484634 0.000000
v 0.820656 -0.483287 0.000000
v 0.820078 -0.490413 0.057220
v 0.810469 -0.490849 0.000000
v 0.830026 -0.490045 0.068134
v 0.840002 -0.489978 0.082180
v 0.849996 -0.489969 0.084326
v 0.859962 -0.489915 0.072254
v 0.869888 -0.489573 0.058272
v 0.879055 -0.488990 0.000000
v 0.885926 -0.485921 0.000000
v 0.180049 -0.500027 0.073154
v 0.170357 -0.500387 0.000000
v 0.190003 -0.500001 0.095391
v 0.200000 -0.500000 0.106249
v 0.210000 -0.500000 0.111565
v 0.219999 -0.500000 0.107913
v 0.229978 -0.500000 0.096586
v 0.239687 -0.500000 0.072070
v 0.247369 -0.499999 0.000000
v 0.460371 -0.500003 0.071552
v 0.453143 -0.500044 0.000000
v 0.470025 -0.500000 0.096603
v 0.480001 -0.500000 0.109231
v 0.490000 -0.500000 0.118881
v 0.500000 -0.500000 0.127762
v 0.510000 -0.500000 0.134495
v 0.520000 -0.500000 0.133931
v 0.530000 -0.500000 0.127564
v 0.540000 -0.500000 0.119641
v 0.550000 -0.500000 0.111278
v 0.560000 -0.500000 0.102163
v 0.569996 -0.499997 0.090271
v 0.579947 -0.499950 0.072405
v 0.589540 -0.499597 0.054589
v 0.596245 -0.499285 0.000000
v 0.750419 -0.500000 0.070733
v 0.743525 -0.500004 0.000000
v 0.760027 -0.500000 0.094163
v 0.770001 -0.500000 0.098516
v 0.779998 -0.500002 0.089747
v 0.789977 -0.500044 0.074425
v 0.800013 -0.492676 0.000000
v 0.800001 -0.500315 0.070765
v 0.810032 -0.500078 0.071343
v 0.819999 -0.500021 0.076678
v 0.829968 -0.499923 0.068763
v 0.839992 -0.499627 0.067133
v 0.849922 -0.499534 0.057788
v 0.859486 -0.499102 0.000000
v 0.869326 -0.496665 0.000000
v 0.875966 -0.495341 0.000000
v 0.134036 -0.504718 0.000000
v 0.140631 -0.503756 0.000000
v 0.140112 -0.510479 0.057456
v 0.131012 -0.511012 0.000000
v 0.150060 -0.503542 0.000000
v 0.150006 -0.510422 0.068342
v 0.160034 -0.503100 0.000000
v 0.160002 -0.510367 0.070547
v 0.170023 -0.510047 0.074259
v 0.180003 -0.510002 0.089163
v 0.190000 -0.510000 0.100380
v 0.200000 -0.510000 0.108715
v 0.210000 -0.510000 0.113257
v 0.220000 -0.510000 0.108746
v 0.229998 -0.510001 0.097609
v 0.239957 -0.510023 0.075314
v 0.249687 -0.510342 0.000000
v 0.460083 -0.510033 0.074721
v 0.450884 -0.510470 0.000000
v 0.470004 -0.510001 0.097643
v 0.480000 -0.510000 0.109699
v 0.490000 -0.510000 0.119191
v 0.500000 -0.510000 0.127887
v 0.510000 -0.510000 0.133760
v 0.520000 -0.510000 0.130873
v 0.530000 -0.510000 0.123608
v 0.540000 -0.510000 0.115515
v 0.550000 -0.510000 0.106962
v 0.559997 -0.509999 0.095625
v 0.569950 -0.509972 0.073247
v 0.579595 -0.509599 0.000000
v 0.589249 -0.506713 0.000000
v 0.595322 -0.505386 0.000000
v 0.750368 -0.510002 0.071439
v 0.743097 -0.510031 0.000000
v 0.760025 -0.510000 0.095113
v 0.770001 -0.510000 0.101337
v 0.780000 -0.510000 0.096898
v 0.789998 -0.509999 0.090106
v 0.800000 -0.509997 0.087178
v 0.809994 -0.509971 0.080098
v 0.819902 -0.509877 0.060293
v 0.829525 -0.509182 0.000000
v 0.839899 -0.506841 0.000000
v 0.849371 -0.506282 0.000000
v 0.856031 -0.505304 0.000000
v 0.124715 -0.514036 0.000000
v 0.130475 -0.520112 0.057275
v 0.123719 -0.520634 0.000000
v 0.140033 -0.520033 0.081745
v 0.150000 -0.520024 0.087496
v 0.160000 -0.520000 0.088485
v 0.170001 -0.519978 0.089310
v 0.180001 -0.519996 0.093092
v 0.190000 -0.520000 0.099694
v 0.200000 -0.520000 0.106689
v 0.210000 -0.520000 0.111575
v 0.220000 -0.520000 0.109715
v 0.230000 -0.520000 0.102073
v 0.239998 -0.520002 0.090671
v 0.249978 -0.520046 0.075271
v 0.259971 -0.513097 0.000000
v 0.259998 -0.520368 0.071584
v 0.269999 -0.513524 0.000000
v 0.270000 -0.520419 0.071134
v 0.280000 -0.513563 0.000000
v 0.280000 -0.520423 0.071106
v 0.290000 -0.513565 0.000000
v 0.290000 -0.520423 0.071098
v 0.299997 -0.513566 0.000000
v 0.300000 -0.520423 0.070935
v 0.309942 -0.513584 0.000000
v 0.309995 -0.520425 0.069089
v 0.319374 -0.513757 0.000000
v 0.319922 -0.520469 0.058272
v 0.326031 -0.514699 0.000000
v 0.329482 -0.520898 0.000000
v 0.444698 -0.513965 0.000000
v 0.450469 -0.520076 0.058311
v 0.443757 -0.520626 0.000000
v 0.460031 -0.520004 0.087559
v 0.470001 -0.520000 0.101984
v 0.480000 -0.520000 0.111744
v 0.490000 -0.520000 0.120597
v 0.500000 -0.520000 0.128821
v 0.510000 -0.520000 0.133583
v 0.520000 -0.520000 0.128827
v 0.530000 -0.520000 0.120609
v 0.540000 -0.520000 0.111780
v 0.549999 -0.520000 0.102041
v 0.559972 -0.519996 0.087684
v 0.569586 -0.519922 0.058798
v 0.576711 -0.519343 0.000000
v 0.750047 -0.520023 0.074908
v 0.740346 -0.520344 0.000000
v 0.760002 -0.520001 0.094764
v 0.770000 -0.520000 0.097080
v 0.779995 -0.519993 0.087813
v 0.789967 -0.519921 0.073833
v 0.799991 -0.519627 0.068725
v 0.809891 -0.519525 0.057306
v 0.819059 -0.518987 0.000000
v 0.825991 -0.515941 0.000000
v 0.130374 -0.530008 0.066488
v 0.123159 -0.530101 0.000000
v 0.140020 -0.529994 0.080437
v 0.149968 -0.529922 0.072964
v 0.159997 -0.529633 0.070635
v 0.170003 -0.529633 0.070761
v 0.180033 -0.529921 0.074299
v 0.190005 -0.529993 0.088385
v 0.200000 -0.530000 0.099791
v 0.210000 -0.530000 0.107079
v 0.220000 -0.530000 0.109854
v 0.230000 -0.530000 0.106535
v 0.240000 -0.530000 0.101650
v 0.249999 -0.530002 0.097326
v 0.260000 -0.530025 0.096455
v 0.270000 -0.530027 0.096450
v 0.280000 -0.530027 0.096466
v 0.290000 -0.530027 0.096441
v 0.300000 -0.530027 0.096174
v 0.310000 -0.530028 0.094356
v 0.319995 -0.530031 0.087208
v 0.329938 -0.530084 0.071842
v 0.339237 -0.523332 0.000000
v 0.339539 -0.530406 0.054542
v 0.345321 -0.524617 0.000000
v 0.346245 -0.530715 0.000000
v 0.450425 -0.530005 0.069092
v 0.443584 -0.530058 0.000000
v 0.460028 -0.530000 0.094413
v 0.470001 -0.530000 0.106433
v 0.480000 -0.530000 0.115190
v 0.490000 -0.530000 0.123452
v 0.500000 -0.530000 0.130786
v 0.510000 -0.530000 0.133744
v 0.520000 -0.530000 0.127886
v 0.530000 -0.530000 0.119192
v 0.540000 -0.530000 0.109702
v 0.549996 -0.529999 0.097647
v 0.559918 -0.529967 0.074728
v 0.569120 -0.529530 0.000000
v 0.575364 -0.526033 0.000000
v 0.714031 -0.524715 0.000000
v 0.720633 -0.523717 0.000000
v 0.720109 -0.530475 0.057771
v 0.710941 -0.531013 0.000000
v 0.730089 -0.523115 0.000000
v 0.730008 -0.530371 0.069376
v 0.740023 -0.530047 0.074864
v 0.750003 -0.530002 0.089174
v 0.760000 -0.530000 0.094553
v 0.769992 -0.529992 0.085803
v 0.779902 -0.529879 0.062032
v 0.789525 -0.529182 0.000000
v 0.799898 -0.526841 0.000000
v 0.809367 -0.526281 0.000000
v 0.815969 -0.525285 0.000000
v 0.130071 -0.540002 0.063119
v 0.120816 -0.540471 0.000000
v 0.139906 -0.539877 0.057959
v 0.149527 -0.539184 0.000000
v 0.159959 -0.536899 0.000000
v 0.170041 -0.536899 0.000000
v 0.180473 -0.539184 0.000000
v 0.190098 -0.539879 0.062123
v 0.200009 -0.539991 0.086624
v 0.210000 -0.539999 0.099430
v 0.220000 -0.539999 0.105309
v 0.230000 -0.540000 0.106323
v 0.240000 -0.540000 0.106512
v 0.250000 -0.540000 0.106752
v 0.260000 -0.540001 0.107864
v 0.270000 -0.540001 0.108723
v 0.280000 -0.540001 0.108948
v 0.290000 -0.540001 0.108840
v 0.300000 -0.540001 0.108224
v 0.310000 -0.540001 0.105784
v 0.319999 -0.540001 0.100158
v 0.329971 -0.540004 0.090469
v 0.339575 -0.540027 0.068194
v 0.346416 -0.540061 0.000000
v 0.450423 -0.540000 0.070936
v 0.443566 -0.540003 0.000000
v 0.460027 -0.540000 0.096200
v 0.470001 -0.540000 0.108621
v 0.480000 -0.540000 0.117948
v 0.490000 -0.540000 0.126504
v 0.500000 -0.540000 0.133249
v 0.510000 -0.540000 0.134337
v 0.520000 -0.540000 0.127746
v 0.530000 -0.540000 0.118881
v 0.539999 -0.540000 0.109231
v 0.549975 -0.540000 0.096603
v 0.559629 -0.539997 0.071552
v 0.566857 -0.539957 0.000000
v 0.704012 -0.534060 0.000000
v 0.710099 -0.540124 0.061215
v 0.700516 -0.540831 0.000000
v 0.720008 -0.540033 0.084251
v 0.730000 -0.540025 0.092785
v 0.740001 -0.540002 0.095549
v 0.750000 -0.540000 0.096193
v 0.759993 -0.539995 0.087404
v 0.769879 -0.539902 0.062000
v 0.779058 -0.539058 0.000000
v 0.785991 -0.535946 0.000000
v 0.114059 -0.544007 0.000000
v 0.120086 -0.550013 0.042386
v 0.111011 -0.550906 0.000000
v 0.129896 -0.549578 0.051081
v 0.139059 -0.548991 0.000000
v 0.145991 -0.545941 0.000000
v 0.190944 -0.549054 0.000000
v 0.184009 -0.545946 0.000000
v 0.200130 -0.549866 0.061573
v 0.210009 -0.549966 0.085506
v 0.220000 -0.549975 0.094284
v 0.230001 -0.549997 0.097055
v 0.240000 -0.550000 0.101655
v 0.250000 -0.550000 0.106868
v 0.260000 -0.550000 0.112201
v 0.270000 -0.550000 0.115854
v 0.280000 -0.550000 0.116901
v 0.290000 -0.550000 0.116384
v 0.300000 -0.550000 0.114757
v 0.310000 -0.550000 0.110811
v 0.319999 -0.550000 0.104148
v 0.329972 -0.550000 0.093419
v 0.339574 -0.549995 0.068820
v 0.346416 -0.549945 0.000000
v 0.450423 -0.550000 0.071098
v 0.443565 -0.550000 0.000000
v 0.460027 -0.550000 0.096458
v 0.470001 -0.550000 0.109112
v 0.480000 -0.550000 0.118731
v 0.490000 -0.550000 0.127578
v 0.500000 -0.550000 0.134440
v 0.510000 -0.550000 0.134669
v 0.520000 -0.550000 0.127763
v 0.530000 -0.550000 0.118846
v 0.539999 -0.550000 0.109177
v 0.549973 -0.550000 0.096487
v 0.559581 -0.550000 0.071135
v 0.566476 -0.549998 0.000000
v 0.683972 -0.544641 0.000000
v 0.690669 -0.543330 0.000000
v 0.690080 -0.550416 0.057117
v 0.680514 -0.550893 0.000000
v 0.700036 -0.550078 0.067861
v 0.710005 -0.549986 0.081811
v 0.720001 -0.549999 0.091273
v 0.730000 -0.550001 0.098023
v 0.740000 -0.550000 0.101208
v 0.749996 -0.549999 0.095705
v 0.759921 -0.549967 0.074590
v 0.769183 -0.549527 0.000000
v 0.775946 -0.545991 0.000000
v 0.104745 -0.553935 0.000000
v 0.110436 -0.559604 0.030528
v 0.103941 -0.559907 0.000000
v 0.119523 -0.559108 0.000000
v 0.129328 -0.556665 0.000000
v 0.135966 -0.555341 0.000000
v 0.200945 -0.558986 0.000000
v 0.194074 -0.555921 0.000000
v 0.210109 -0.559525 0.057890
v 0.220008 -0.559629 0.069550
v 0.230023 -0.559953 0.075098
v 0.240003 -0.559998 0.090673
v 0.250000 -0.560000 0.102237
v 0.260000 -0.560000 0.111069
v 0.270000 -0.560000 0.117378
v 0.280000 -0.560000 0.118881
v 0.290000 -0.560000 0.116930
v 0.300000 -0.560000 0.113224
v 0.310000 -0.560000 0.107394
v 0.319999 -0.560000 0.099300
v 0.329966 -0.559991 0.085439
v 0.339521 -0.559891 0.057848
v 0.346242 -0.559369 0.000000
v 0.450423 -0.560000 0.071106
v 0.443563 -0.560000 0.000000
v 0.460027 -0.560000 0.096479
v 0.470001 -0.560000 0.109170
v 0.480000 -0.560000 0.118837
v 0.490000 -0.560000 0.127753
v 0.500000 -0.560000 0.134697
v 0.510000 -0.560000 0.134675
v 0.520000 -0.560000 0.127744
v 0.530000 -0.560000 0.118837
v 0.539999 -0.560000 0.109175
v 0.549973 -0.560000 0.096486
v 0.559581 -0.560000 0.071136
v 0.566478 -0.560001 0.000000
v 0.663972 -0.554641 0.000000
v 0.670669 -0.553334 0.000000
v 0.670079 -0.560414 0.054847
v 0.660514 -0.560893 0.000000
v 0.680037 -0.560060 0.066622
v 0.690000 -0.559997 0.075935
v 0.699969 -0.559924 0.068862
v 0.709999 -0.559684 0.069399
v 0.720023 -0.559956 0.074379
v 0.730003 -0.559998 0.089881
v 0.739999 -0.560000 0.098533
v 0.749975 -0.560000 0.094397
v 0.759629 -0.559997 0.071302
v 0.766860 -0.559957 0.000000
v 0.110098 -0.566062 0.000000
v 0.104617 -0.565384 0.000000
v 0.116127 -0.565274 0.000000
v 0.210633 -0.566283 0.000000
v 0.204031 -0.565285 0.000000
v 0.220089 -0.566885 0.000000
v 0.230346 -0.569656 0.000000
v 0.240047 -0.569977 0.075286
v 0.250003 -0.569999 0.097635
v 0.260000 -0.570000 0.109097
v 0.270000 -0.570000 0.115257
v 0.280000 -0.570000 0.114490
v 0.290000 -0.570000 0.110850
v 0.300000 -0.570000 0.106451
v 0.310000 -0.569999 0.099552
v 0.319990 -0.569990 0.086578
v 0.329866 -0.569869 0.061569
v 0.338986 -0.569055 0.000000
v 0.345282 -0.565969 0.000000
v 0.450419 -0.570000 0.071136
v 0.443524 -0.570002 0.000000
v 0.460027 -0.570000 0.096487
v 0.470001 -0.570000 0.109177
v 0.480000 -0.570000 0.118845
v 0.490000 -0.570000 0.127740
v 0.500000 -0.570000 0.134527
v 0.510000 -0.570000 0.134160
v 0.520000 -0.570000 0.127461
v 0.530000 -0.570000 0.118723
v 0.539999 -0.570000 0.109181
v 0.549975 -0.570000 0.096585
v 0.559632 -0.570002 0.071585
v 0.566904 -0.570030 0.000000
v 0.643969 -0.564640 0.000000
v 0.650669 -0.563334 0.000000
v 0.650078 -0.570413 0.054399
v 0.640473 -0.570880 0.000000
v 0.660033 -0.570056 0.062945
v 0.669971 -0.569946 0.064345
v 0.679994 -0.569630 0.064217
v 0.689924 -0.569537 0.056711
v 0.699531 -0.569147 0.000000
v 0.709987 -0.567324 0.000000
v 0.720342 -0.569686 0.000000
v 0.730046 -0.569978 0.074910
v 0.740002 -0.569999 0.094462
v 0.749973 -0.570000 0.093410
v 0.759580 -0.570000 0.070647
v 0.766473 -0.569995 0.000000
v 0.240368 -0.579998 0.071583
v 0.233097 -0.579970 0.000000
v 0.250025 -0.580000 0.096442
v 0.260001 -0.580000 0.107744
v 0.270000 -0.580000 0.111466
v 0.280000 -0.580000 0.107882
v 0.290000 -0.580000 0.101950
v 0.299999 -0.579996 0.095414
v 0.309991 -0.579969 0.085629
v 0.319869 -0.579866 0.061578
v 0.329053 -0.579053 0.000000
v 0.335921 -0.575926 0.000000
v 0.450368 -0.580002 0.071592
v 0.443099 -0.580031 0.000000
v 0.460025 -0.580000 0.096605
v 0.470001 -0.580000 0.109230
v 0.480000 -0.580000 0.118860
v 0.490000 -0.580000 0.127542
v 0.500000 -0.580000 0.133429
v 0.510000 -0.580000 0.131950
v 0.520000 -0.580000 0.125817
v 0.530000 -0.580000 0.117863
v 0.540000 -0.580000 0.109109
v 0.549997 -0.580001 0.097386
v 0.559954 -0.580023 0.075146
v 0.569656 -0.580343 0.000000
v 0.613965 -0.574695 0.000000
v 0.620628 -0.573718 0.000000
v 0.620076 -0.580465 0.056755
v 0.610470 -0.580884 0.000000
v 0.630101 -0.573162 0.000000
v 0.630007 -0.580370 0.064220
v 0.640028 -0.580054 0.064345
v 0.649967 -0.579944 0.062945
v 0.659922 -0.579587 0.054399
v 0.669527 -0.579120 0.000000
v 0.679899 -0.576838 0.000000
v 0.689372 -0.576282 0.000000
v 0.696035 -0.575307 0.000000
v 0.730368 -0.579998 0.071211
v 0.723095 -0.579971 0.000000
v 0.740024 -0.580000 0.093165
v 0.749973 -0.580000 0.091946
v 0.759575 -0.579995 0.068821
v 0.766419 -0.579942 0.000000
v 0.240419 -0.590000 0.071105
v 0.233522 -0.589999 0.000000
v 0.250027 -0.590000 0.096055
v 0.260001 -0.590000 0.105996
v 0.270000 -0.590000 0.106199
v 0.280000 -0.590000 0.099808
v 0.289995 -0.589993 0.088510
v 0.299962 -0.589918 0.072808
v 0.309888 -0.589573 0.058313
v 0.319055 -0.588990 0.000000
v 0.325926 -0.585921 0.000000
v 0.450048 -0.590023 0.075262
v 0.440387 -0.590357 0.000000
v 0.460003 -0.590001 0.097693
v 0.470000 -0.590000 0.109699
v 0.480000 -0.590000 0.119079
v 0.490000 -0.590000 0.126994
v 0.500000 -0.590000 0.130521
v 0.510000 -0.590000 0.127185
v 0.520000 -0.590000 0.121113
v 0.530000 -0.590000 0.114535
v 0.540000 -0.590000 0.107918
v 0.550000 -0.590000 0.099809
v 0.559997 -0.590002 0.089163
v 0.569977 -0.590046 0.074279
v 0.579970 -0.583095 0.000000
v 0.579998 -0.590367 0.070703
v 0.590001 -0.583485 0.000000
v 0.590000 -0.590415 0.070252
v 0.600044 -0.583141 0.000000
v 0.600003 -0.590370 0.070277
v 0.610032 -0.590081 0.071308
v 0.619999 -0.590024 0.076503
v 0.629963 -0.589943 0.066679
v 0.639921 -0.589586 0.054849
v 0.649486 -0.589107 0.000000
v 0.659331 -0.586666 0.000000
v 0.666032 -0.585360 0.000000
v 0.730416 -0.590000 0.070606
v 0.723485 -0.590001 0.000000
v 0.740026 -0.590000 0.091648
v 0.749970 -0.589996 0.085995
v 0.759531 -0.589924 0.058169
v 0.766243 -0.589374 0.000000
v 0.240419 -0.600000 0.071028
v 0.233524 -0.600002 0.000000
v 0.250027 -0.600000 0.095390
v 0.260001 -0.600000 0.102996
v 0.270000 -0.600000 0.099104
v 0.279991 -0.599991 0.086605
v 0.289901 -0.599879 0.062112
v 0.299484 -0.599169 0.000000
v 0.309326 -0.596668 0.000000
v 0.315966 -0.595341 0.000000
v 0.424033 -0.594656 0.000000
v 0.430661 -0.593288 0.000000
v 0.430111 -0.600424 0.058335
v 0.420945 -0.601010 0.000000
v 0.440029 -0.600049 0.073245
v 0.450003 -0.600003 0.090567
v 0.460000 -0.600000 0.102462
v 0.470000 -0.600000 0.111825
v 0.480000 -0.600000 0.120311
v 0.490000 -0.600000 0.126651
v 0.500000 -0.600000 0.126543
v 0.510000 -0.600000 0.121348
v 0.520000 -0.600000 0.114918
v 0.530000 -0.600000 0.108224
v 0.540000 -0.600000 0.101618
v 0.549999 -0.599996 0.095470
v 0.560000 -0.599975 0.092113
v 0.569999 -0.599975 0.089211
v 0.580000 -0.599997 0.088589
v 0.590000 -0.600000 0.088372
v 0.600000 -0.599997 0.087005
v 0.609993 -0.599971 0.080089
v 0.619901 -0.599876 0.060264
v 0.629484 -0.599170 0.000000
v 0.639331 -0.596670 0.000000
v 0.646028 -0.595359 0.000000
v 0.730371 -0.600003 0.070715
v 0.723141 -0.600044 0.000000
v 0.740021 -0.599999 0.089220
v 0.749918 -0.599967 0.073712
v 0.759116 -0.599530 0.000000
v 0.765302 -0.596035 0.000000
v 0.240371 -0.610003 0.071158
v 0.233143 -0.610044 0.000000
v 0.250025 -0.610000 0.093660
v 0.260001 -0.609999 0.096965
v 0.269990 -0.609990 0.086311
v 0.279869 -0.609869 0.061673
v 0.289056 -0.609054 0.000000
v 0.295988 -0.605945 0.000000
v 0.414074 -0.604079 0.000000
v 0.420130 -0.610134 0.061459
v 0.410944 -0.610946 0.000000
v 0.430009 -0.610031 0.085438
v 0.440001 -0.610003 0.095236
v 0.450000 -0.610000 0.102036
v 0.460000 -0.610000 0.108718
v 0.470000 -0.610000 0.115943
v 0.480000 -0.610000 0.122946
v 0.490000 -0.610000 0.126710
v 0.500000 -0.610000 0.122920
v 0.510000 -0.610000 0.115872
v 0.520000 -0.610000 0.108384
v 0.530000 -0.610000 0.100184
v 0.539995 -0.609994 0.088658
v 0.549967 -0.609921 0.074584
v 0.559997 -0.609629 0.071024
v 0.570000 -0.609581 0.070312
v 0.580000 -0.609578 0.070228
v 0.590000 -0.609578 0.070071
v 0.599994 -0.609575 0.068270
v 0.609891 -0.609521 0.057277
v 0.619059 -0.608987 0.000000
v 0.625988 -0.605940 0.000000
v 0.730082 -0.610033 0.073711
v 0.720884 -0.610470 0.000000
v 0.739979 -0.610001 0.089208
v 0.749629 -0.609997 0.070708
v 0.756857 -0.609957 0.000000
v 0.240082 -0.620033 0.072824
v 0.230880 -0.620471 0.000000
v 0.250003 -0.619999 0.088571
v 0.259991 -0.619969 0.084653
v 0.269869 -0.619866 0.061500
v 0.279053 -0.619053 0.000000
v 0.285926 -0.615926 0.000000
v 0.404012 -0.614056 0.000000
v 0.410100 -0.620121 0.061329
v 0.400520 -0.620831 0.000000
v 0.420009 -0.620009 0.085335
v 0.430000 -0.620001 0.097880
v 0.440000 -0.620000 0.104810
v 0.450000 -0.620000 0.109959
v 0.460000 -0.620000 0.115406
v 0.470000 -0.620000 0.121183
v 0.480000 -0.620000 0.125779
v 0.490000 -0.620000 0.125419
v 0.500000 -0.620000 0.119363
v 0.510000 -0.620000 0.111253
v 0.520000 -0.620000 0.102012
v 0.529994 -0.619995 0.088549
v 0.539912 -0.619910 0.062564
v 0.549528 -0.619187 0.000000
v 0.559957 -0.616860 0.000000
v 0.569998 -0.616474 0.000000
v 0.580000 -0.616437 0.000000
v 0.589997 -0.616434 0.000000
v 0.599942 -0.616417 0.000000
v 0.609369 -0.616242 0.000000
v 0.615970 -0.615282 0.000000
v 0.714695 -0.613965 0.000000
v 0.720466 -0.620076 0.058194
v 0.713718 -0.620628 0.000000
v 0.730030 -0.620004 0.085961
v 0.739974 -0.620000 0.091473
v 0.749581 -0.620000 0.070417
v 0.756473 -0.619995 0.000000
v 0.224640 -0.623968 0.000000
v 0.230417 -0.630079 0.057300
v 0.223330 -0.630669 0.000000
v 0.240026 -0.630001 0.078351
v 0.249972 -0.629949 0.071313
v 0.259889 -0.629576 0.058167
v 0.269055 -0.628990 0.000000
v 0.275926 -0.625921 0.000000
v 0.384617 -0.624620 0.000000
v 0.390758 -0.623329 0.000000
v 0.390406 -0.630408 0.053718
v 0.383287 -0.630745 0.000000
v 0.400058 -0.630077 0.067303
v 0.410006 -0.629986 0.081782
v 0.420001 -0.629998 0.091478
v 0.430000 -0.630000 0.099371
v 0.440000 -0.630000 0.106407
v 0.450000 -0.630000 0.113304
v 0.460000 -0.630000 0.120120
v 0.470000 -0.630000 0.125582
v 0.480000 -0.630000 0.127428
v 0.490000 -0.630000 0.122957
v 0.500000 -0.630000 0.115452
v 0.510000 -0.630000 0.106958
v 0.519996 -0.629999 0.095601
v 0.529919 -0.629963 0.072835
v 0.539173 -0.629485 0.000000
v 0.546010 -0.626008 0.000000
v 0.720374 -0.630008 0.069215
v 0.713162 -0.630101 0.000000
v 0.730024 -0.630000 0.091639
v 0.739973 -0.630000 0.091586
v 0.749575 -0.629995 0.068783
v 0.756419 -0.629942 0.000000
v 0.784699 -0.624582 0.000000
v 0.790666 -0.623735 0.000000
v 0.790491 -0.630054 0.037808
v 0.783946 -0.630006 0.000000
v 0.799439 -0.623769 0.000000
v 0.799989 -0.630387 0.039761
v 0.806039 -0.624698 0.000000
v 0.809533 -0.630856 0.000000
v 0.230079 -0.640036 0.067113
v 0.220831 -0.640516 0.000000
v 0.239953 -0.639972 0.067612
v 0.249599 -0.639599 0.000000
v 0.259338 -0.636709 0.000000
v 0.265967 -0.635344 0.000000
v 0.390045 -0.640043 0.063371
v 0.380401 -0.640405 0.000000
v 0.399971 -0.639929 0.066552
v 0.409999 -0.639684 0.069162
v 0.420023 -0.639957 0.074406
v 0.430003 -0.639998 0.090377
v 0.440000 -0.640000 0.102202
v 0.450000 -0.640000 0.111501
v 0.460000 -0.640000 0.119875
v 0.470000 -0.640000 0.126182
v 0.480000 -0.640000 0.126523
v 0.490000 -0.640000 0.120204
v 0.500000 -0.640000 0.111698
v 0.509999 -0.640000 0.102019
v 0.519972 -0.639996 0.087675
v 0.529583 -0.639921 0.058764
v 0.536670 -0.639331 0.000000
v 0.720083 -0.640033 0.073866
v 0.710885 -0.640473 0.000000
v 0.730003 -0.640001 0.092081
v 0.739969 -0.639996 0.086003
v 0.749531 -0.639924 0.058167
v 0.756244 -0.639374 0.000000
v 0.790766 -0.636710 0.000000
v 0.784707 -0.635478 0.000000
v 0.800514 -0.639138 0.000000
v 0.810048 -0.639665 0.041511
v 0.819900 -0.633157 0.000000
v 0.820029 -0.640292 0.049660
v 0.829372 -0.633717 0.000000
v 0.829929 -0.640458 0.051063
v 0.836035 -0.634695 0.000000
v 0.839530 -0.640884 0.000000
v 0.903069 -0.634999 0.000000
v 0.906931 -0.634999 0.000000
v 0.909625 -0.640936 0.000000
v 0.900375 -0.640938 0.000000
v 0.943061 -0.635002 0.000000
v 0.946866 -0.635019 0.000000
v 0.949154 -0.641067 0.000000
v 0.940342 -0.640946 0.000000
v 0.214056 -0.644012 0.000000
v 0.220120 -0.650099 0.059558
v 0.210946 -0.650944 0.000000
v 0.229977 -0.649996 0.074866
v 0.239576 -0.649889 0.056772
v 0.246709 -0.649338 0.000000
v 0.364033 -0.644656 0.000000
v 0.370662 -0.643291 0.000000
v 0.370110 -0.650424 0.056294
v 0.360941 -0.651009 0.000000
v 0.380021 -0.650043 0.062288
v 0.389905 -0.649884 0.055187
v 0.399528 -0.649214 0.000000
v 0.409987 -0.647327 0.000000
v 0.420342 -0.649686 0.000000
v 0.430046 -0.649978 0.075272
v 0.440003 -0.649999 0.097677
v 0.450000 -0.650000 0.109665
v 0.460000 -0.650000 0.118859
v 0.470000 -0.650000 0.125480
v 0.480000 -0.650000 0.124903
v 0.490000 -0.650000 0.118077
v 0.500000 -0.650000 0.109134
v 0.509996 -0.649999 0.097367
v 0.519917 -0.649967 0.074558
v 0.529119 -0.649527 0.000000
v 0.535360 -0.646031 0.000000
v 0.704698 -0.643965 0.000000
v 0.710469 -0.650076 0.058168
v 0.703755 -0.650626 0.000000
v 0.720031 -0.650004 0.086004
v 0.729997 -0.649999 0.092080
v 0.739917 -0.649967 0.073866
v 0.749115 -0.649527 0.000000
v 0.755302 -0.646035 0.000000
v 0.810668 -0.646675 0.000000
v 0.803972 -0.645361 0.000000
v 0.820516 -0.649194 0.000000
v 0.830095 -0.649910 0.053455
v 0.839976 -0.650073 0.063558
v 0.849957 -0.643143 0.000000
v 0.849997 -0.650371 0.068319
v 0.859998 -0.643526 0.000000
v 0.860000 -0.650419 0.070210
v 0.870000 -0.643561 0.000000
v 0.870000 -0.650423 0.070793
v 0.880002 -0.643526 0.000000
v 0.880000 -0.650419 0.070994
v 0.890039 -0.643146 0.000000
v 0.890003 -0.650371 0.070952
v 0.900028 -0.650087 0.070241
v 0.909972 -0.650087 0.070249
v 0.919963 -0.643107 0.000000
v 0.919997 -0.650368 0.070968
v 0.930035 -0.643108 0.000000
v 0.930003 -0.650368 0.070808
v 0.940024 -0.650088 0.068258
v 0.949907 -0.650128 0.057560
v 0.955998 -0.644063 0.000000
v 0.959525 -0.650818 0.000000
v 0.204079 -0.654074 0.000000
v 0.210134 -0.660130 0.059283
v 0.201014 -0.660945 0.000000
v 0.220000 -0.660000 0.073906
v 0.229866 -0.659870 0.059285
v 0.238990 -0.659055 0.000000
v 0.245344 -0.655967 0.000000
v 0.354012 -0.654060 0.000000
v 0.360099 -0.660124 0.060170
v 0.350516 -0.660831 0.000000
v 0.370000 -0.660025 0.074889
v 0.379880 -0.659903 0.057358
v 0.389058 -0.659058 0.000000
v 0.395991 -0.655948 0.000000
v 0.430368 -0.659998 0.071593
v 0.423095 -0.659971 0.000000
v 0.440025 -0.660000 0.096604
v 0.450001 -0.660000 0.109203
v 0.460000 -0.660000 0.118474
v 0.470000 -0.660000 0.124567
v 0.480000 -0.660000 0.122226
v 0.490000 -0.660000 0.115093
v 0.499999 -0.660000 0.106482
v 0.509975 -0.660000 0.094535
v 0.519626 -0.659992 0.069538
v 0.526838 -0.659899 0.000000
v 0.710422 -0.660005 0.068810
v 0.703545 -0.660060 0.000000
v 0.720026 -0.660000 0.091588
v 0.729976 -0.660000 0.091639
v 0.739627 -0.659992 0.069215
v 0.746838 -0.659899 0.000000
v 0.830944 -0.659055 0.000000
v 0.824012 -0.655946 0.000000
v 0.840129 -0.659873 0.057720
v 0.850010 -0.660015 0.080176
v 0.860000 -0.660027 0.090231
v 0.870000 -0.660028 0.093842
v 0.880000 -0.660027 0.095399
v 0.890000 -0.660025 0.096018
v 0.900001 -0.660004 0.096164
v 0.909999 -0.660004 0.096285
v 0.920000 -0.660025 0.096409
v 0.930000 -0.660025 0.096182
v 0.940001 -0.660004 0.094356
v 0.949995 -0.660008 0.087500
v 0.959967 -0.660079 0.074544
v 0.969898 -0.653159 0.000000
v 0.969991 -0.660374 0.069512
v 0.979367 -0.653719 0.000000
v 0.979891 -0.660475 0.057889
v 0.985969 -0.654715 0.000000
v 0.989055 -0.661014 0.000000
v 0.194715 -0.664031 0.000000
v 0.200475 -0.670109 0.056337
v 0.193719 -0.670633 0.000000
v 0.210026 -0.670004 0.074812
v 0.219880 -0.669901 0.059555
v 0.229054 -0.669056 0.000000
v 0.235921 -0.665926 0.000000
v 0.334034 -0.664659 0.000000
v 0.340674 -0.663332 0.000000
v 0.340112 -0.670427 0.057888
v 0.330945 -0.671010 0.000000
v 0.350038 -0.670082 0.071101
v 0.360001 -0.670005 0.080816
v 0.369918 -0.669963 0.069439
v 0.379169 -0.669484 0.000000
v 0.385945 -0.665988 0.000000
v 0.430416 -0.670000 0.071164
v 0.423485 -0.670001 0.000000
v 0.440027 -0.670000 0.096492
v 0.450001 -0.670000 0.109147
v 0.460000 -0.670000 0.118352
v 0.470000 -0.670000 0.123877
v 0.480000 -0.670000 0.119797
v 0.490000 -0.670000 0.111673
v 0.499999 -0.670000 0.101983
v 0.509969 -0.669996 0.087565
v 0.519534 -0.669924 0.058340
v 0.526282 -0.669372 0.000000
v 0.710371 -0.670003 0.070828
v 0.703141 -0.670046 0.000000
v 0.720024 -0.670000 0.091527
v 0.729970 -0.669996 0.085964
v 0.739534 -0.669924 0.058194
v 0.746282 -0.669372 0.000000
v 0.840947 -0.669053 0.000000
v 0.834074 -0.665926 0.000000
v 0.850131 -0.669870 0.060931
v 0.860010 -0.669991 0.085144
v 0.870000 -0.670001 0.097006
v 0.880000 -0.670001 0.102964
v 0.890000 -0.670001 0.105746
v 0.900000 -0.670000 0.106936
v 0.910000 -0.670000 0.107860
v 0.920000 -0.670001 0.108570
v 0.930000 -0.670001 0.108430
v 0.940000 -0.670000 0.106395
v 0.950000 -0.670000 0.101957
v 0.959999 -0.670004 0.097355
v 0.970000 -0.670025 0.094356
v 0.979991 -0.670034 0.085513
v 0.989869 -0.670134 0.061573
v 0.995926 -0.664079 0.000000
v 0.999053 -0.670947 0.000000
v 0.200370 -0.680008 0.064080
v 0.193158 -0.680102 0.000000
v 0.209943 -0.679962 0.066530
v 0.219170 -0.679484 0.000000
v 0.225944 -0.675988 0.000000
v 0.324074 -0.674079 0.000000
v 0.330130 -0.680134 0.060747
v 0.320944 -0.680946 0.000000
v 0.340009 -0.680031 0.082218
v 0.349999 -0.680000 0.086496
v 0.359970 -0.679970 0.081678
v 0.369573 -0.679885 0.057662
v 0.376668 -0.679326 0.000000
v 0.430371 -0.680003 0.071553
v 0.423141 -0.680043 0.000000
v 0.440025 -0.680000 0.096602
v 0.450001 -0.680000 0.109193
v 0.460000 -0.680000 0.118323
v 0.470000 -0.680000 0.123473
v 0.480000 -0.680000 0.118507
v 0.490000 -0.680000 0.109598
v 0.499996 -0.679999 0.097620
v 0.509917 -0.679967 0.074713
v 0.519116 -0.679530 0.000000
v 0.525305 -0.676035 0.000000
v 0.710079 -0.680033 0.073861
v 0.700817 -0.680473 0.000000
v 0.720000 -0.680000 0.089777
v 0.729918 -0.679967 0.073753
v 0.739116 -0.679530 0.000000
v 0.745305 -0.676035 0.000000
v 0.850947 -0.679053 0.000000
v 0.844074 -0.675926 0.000000
v 0.860131 -0.679869 0.061552
v 0.870010 -0.679990 0.086293
v 0.880000 -0.679999 0.098861
v 0.890000 -0.680000 0.104857
v 0.900000 -0.680000 0.108450
v 0.910000 -0.680000 0.111951
v 0.920000 -0.680000 0.115062
v 0.930000 -0.680000 0.116363
v 0.940000 -0.680000 0.114791
v 0.950000 -0.680000 0.111619
v 0.960000 -0.680000 0.109101
v 0.970000 -0.680001 0.106103
v 0.980000 -0.680001 0.099540
v 0.989990 -0.680010 0.086615
v 0.999869 -0.680131 0.061691
v 1.005926 -0.674074 0.000000
v 1.009053 -0.680947 0.000000
v 0.200049 -0.690025 0.062886
v 0.190817 -0.690475 0.000000
v 0.209577 -0.689890 0.054463
v 0.216668 -0.689326 0.000000
v 0.314012 -0.684056 0.000000
v 0.320100 -0.690121 0.061220
v 0.310516 -0.690831 0.000000
v 0.330008 -0.690009 0.081668
v 0.339996 -0.689995 0.083111
v 0.349962 -0.689918 0.071336
v 0.359885 -0.689573 0.057847
v 0.368992 -0.688992 0.000000
v 0.375341 -0.685961 0.000000
v 0.430082 -0.690033 0.074721
v 0.420884 -0.690470 0.000000
v 0.440004 -0.690001 0.097641
v 0.450000 -0.690000 0.109634
v 0.460000 -0.690000 0.118393
v 0.470000 -0.690000 0.122732
v 0.480000 -0.690000 0.117504
v 0.489999 -0.690000 0.108645
v 0.499975 -0.690000 0.096322
v 0.509629 -0.689997 0.071382
v 0.516856 -0.689954 0.000000
v 0.694054 -0.684009 0.000000
v 0.700121 -0.690098 0.061966
v 0.690946 -0.690944 0.000000
v 0.710007 -0.690005 0.086940
v 0.719976 -0.690000 0.091680
v 0.729629 -0.689997 0.070835
v 0.736856 -0.689954 0.000000
v 0.860947 -0.689053 0.000000
v 0.854074 -0.685926 0.000000
v 0.870131 -0.689866 0.061559
v 0.880009 -0.689969 0.085572
v 0.890001 -0.689997 0.095256
v 0.900000 -0.690000 0.101840
v 0.910000 -0.690000 0.108185
v 0.920000 -0.690000 0.114586
v 0.930000 -0.690000 0.119677
v 0.940000 -0.690000 0.121158
v 0.950000 -0.690000 0.119899
v 0.960000 -0.690000 0.118004
v 0.970000 -0.690000 0.114116
v 0.980000 -0.690000 0.107921
v 0.990000 -0.690000 0.099839
v 0.999990 -0.690010 0.086640
v 1.009869 -0.690131 0.061692
v 1.015926 -0.684074 0.000000
v 1.019053 -0.690947 0.000000
v 0.184054 -0.694009 0.000000
v 0.190113 -0.700093 0.053816
v 0.180946 -0.700943 0.000000
v 0.199883 -0.699907 0.053758
v 0.208991 -0.699059 0.000000
v 0.215341 -0.695966 0.000000
v 0.293972 -0.694641 0.000000
v 0.300669 -0.693331 0.000000
v 0.300080 -0.700418 0.058652
v 0.290514 -0.700894 0.000000
v 0.310037 -0.700081 0.072162
v 0.320005 -0.700007 0.084596
v 0.329994 -0.699996 0.083312
v 0.339910 -0.699910 0.061470
v 0.349485 -0.699173 0.000000
v 0.359326 -0.696668 0.000000
v 0.365961 -0.695341 0.000000
v 0.414698 -0.693965 0.000000
v 0.420469 -0.700076 0.058311
v 0.413757 -0.700626 0.000000
v 0.430031 -0.700004 0.087558
v 0.440001 -0.700000 0.101972
v 0.450000 -0.700000 0.111547
v 0.460000 -0.700000 0.118852
v 0.470000 -0.700000 0.120588
v 0.480000 -0.700000 0.114841
v 0.489999 -0.700000 0.106413
v 0.499973 -0.700000 0.094419
v 0.509578 -0.699995 0.069120
v 0.516455 -0.699940 0.000000
v 0.684079 -0.694074 0.000000
v 0.690134 -0.700130 0.061525
v 0.681010 -0.700945 0.000000
v 0.700009 -0.700009 0.086007
v 0.709999 -0.700000 0.095937
v 0.719973 -0.700000 0.092293
v 0.729578 -0.699995 0.068885
v 0.736455 -0.699940 0.000000
v 0.870945 -0.698990 0.000000
v 0.864074 -0.695921 0.000000
v 0.880111 -0.699576 0.058344
v 0.890029 -0.699949 0.073219
v 0.900003 -0.699997 0.090385
v 0.910000 -0.700000 0.102133
v 0.920000 -0.700000 0.111072
v 0.930000 -0.700000 0.118639
v 0.940000 -0.700000 0.123800
v 0.950000 -0.700000 0.125782
v 0.960000 -0.700000 0.125315
v 0.970000 -0.700000 0.120983
v 0.980000 -0.700000 0.114855
v 0.990000 -0.700000 0.108012
v 1.000000 -0.700000 0.099844
v 1.009990 -0.700010 0.086640
v 1.019869 -0.700131 0.061691
v 1.025926 -0.694074 0.000000
v 1.029053 -0.700947 0.000000
v 0.174079 -0.704074 0.000000
v 0.180130 -0.710129 0.057661
v 0.171014 -0.710945 0.000000
v 0.189930 -0.709976 0.063585
v 0.199185 -0.709527 0.000000
v 0.205941 -0.705991 0.000000
v 0.274034 -0.704659 0.000000
v 0.280674 -0.703335 0.000000
v 0.280112 -0.710427 0.058300
v 0.270941 -0.711009 0.000000
v 0.290038 -0.710085 0.072599
v 0.300004 -0.710029 0.086818
v 0.310001 -0.710004 0.092478
v 0.319996 -0.709999 0.090624
v 0.329918 -0.709962 0.071783
v 0.339173 -0.709485 0.000000
v 0.346007 -0.706007 0.000000
v 0.420425 -0.710005 0.069092
v 0.413584 -0.710058 0.000000
v 0.430028 -0.710000 0.094412
v 0.440001 -0.710000 0.106410
v 0.450000 -0.710000 0.114838
v 0.460000 -0.710000 0.120580
v 0.470000 -0.710000 0.118845
v 0.480000 -0.710000 0.111543
v 0.489999 -0.710000 0.101971
v 0.499969 -0.709996 0.087558
v 0.509531 -0.709924 0.058312
v 0.516245 -0.709374 0.000000
v 0.674659 -0.704034 0.000000
v 0.680427 -0.710112 0.058290
v 0.673332 -0.710674 0.000000
v 0.690031 -0.710009 0.085321
v 0.700001 -0.710000 0.097282
v 0.709999 -0.710000 0.097796
v 0.719969 -0.709996 0.086774
v 0.729531 -0.709922 0.058232
v 0.736245 -0.709374 0.000000
v 0.880662 -0.706709 0.000000
v 0.874033 -0.705344 0.000000
v 0.890401 -0.709599 0.000000
v 0.900051 -0.709971 0.073230
v 0.910003 -0.709999 0.095445
v 0.920000 -0.710000 0.106564
v 0.930000 -0.710000 0.114323
v 0.940000 -0.710000 0.120711
v 0.950000 -0.710000 0.125823
v 0.960000 -0.710000 0.128755
v 0.970000 -0.710000 0.126569
v 0.980000 -0.710000 0.121162
v 0.990000 -0.710000 0.114850
v 1.000000 -0.710000 0.107997
v 1.010000 -0.710000 0.099837
v 1.019990 -0.710010 0.086618
v 1.029866 -0.710131 0.061579
v 1.035921 -0.704074 0.000000
v 1.038990 -0.710945 0.000000
v 0.164715 -0.714031 0.000000
v 0.170475 -0.720109 0.057259
v 0.163719 -0.720633 0.000000
v 0.180009 -0.720009 0.079543
v 0.189634 -0.719998 0.068297
v 0.196901 -0.719958 0.000000
v 0.264012 -0.714060 0.000000
v 0.270099 -0.720124 0.061979
v 0.260516 -0.720831 0.000000
v 0.280008 -0.720030 0.085537
v 0.290001 -0.720004 0.094600
v 0.300000 -0.720001 0.098026
v 0.309999 -0.720000 0.095944
v 0.319970 -0.719992 0.084757
v 0.329573 -0.719888 0.058190
v 0.336668 -0.719326 0.000000
v 0.420423 -0.720000 0.070937
v 0.413564 -0.720003 0.000000
v 0.430027 -0.720000 0.096199
v 0.440001 -0.720000 0.108587
v 0.450000 -0.720000 0.117446
v 0.460000 -0.720000 0.122613
v 0.470000 -0.720000 0.118288
v 0.480000 -0.720000 0.109574
v 0.489996 -0.719999 0.097619
v 0.499918 -0.719967 0.074713
v 0.509116 -0.719530 0.000000
v 0.515302 -0.716035 0.000000
v 0.680082 -0.720038 0.072616
v 0.670831 -0.720516 0.000000
v 0.690004 -0.720001 0.094020
v 0.700000 -0.720000 0.100165
v 0.709996 -0.719998 0.094195
v 0.719915 -0.719962 0.072565
v 0.729102 -0.719486 0.000000
v 0.735301 -0.716032 0.000000
v 0.900424 -0.719889 0.058346
v 0.893291 -0.719338 0.000000
v 0.910031 -0.719991 0.085631
v 0.920001 -0.720000 0.099593
v 0.930000 -0.720000 0.107950
v 0.940000 -0.720000 0.114832
v 0.950000 -0.720000 0.121112
v 0.960000 -0.720000 0.126573
v 0.970000 -0.720000 0.128880
v 0.980000 -0.720000 0.126187
v 0.990000 -0.720000 0.120863
v 1.000000 -0.720000 0.114631
v 1.010000 -0.720000 0.107870
v 1.019999 -0.720000 0.099573
v 1.029969 -0.720009 0.085626
v 1.039573 -0.720112 0.058306
v 1.045341 -0.714034 0.000000
v 1.046665 -0.720674 0.000000
v 0.170373 -0.730009 0.068722
v 0.163158 -0.730102 0.000000
v 0.180000 -0.730000 0.087126
v 0.189636 -0.730002 0.070366
v 0.196942 -0.730027 0.000000
v 0.243972 -0.724641 0.000000
v 0.250669 -0.723330 0.000000
v 0.250080 -0.730417 0.058724
v 0.240514 -0.730894 0.000000
v 0.260037 -0.730082 0.072757
v 0.270005 -0.730008 0.088170
v 0.280000 -0.730001 0.098783
v 0.290000 -0.730000 0.102855
v 0.300000 -0.730000 0.099366
v 0.309993 -0.729995 0.087981
v 0.319877 -0.729902 0.061934
v 0.328991 -0.729059 0.000000
v 0.335341 -0.725966 0.000000
v 0.420420 -0.730000 0.071127
v 0.413526 -0.730002 0.000000
v 0.430027 -0.730000 0.096462
v 0.440001 -0.730000 0.109056
v 0.450000 -0.730000 0.117985
v 0.460000 -0.730000 0.122552
v 0.470000 -0.730000 0.117474
v 0.479999 -0.730000 0.108643
v 0.489975 -0.730000 0.096322
v 0.499629 -0.729997 0.071382
v 0.506856 -0.729954 0.000000
v 0.664056 -0.724012 0.000000
v 0.670121 -0.730100 0.061911
v 0.660946 -0.730944 0.000000
v 0.680007 -0.730005 0.087055
v 0.690000 -0.730000 0.095685
v 0.699998 -0.729996 0.093943
v 0.709970 -0.729970 0.084474
v 0.719573 -0.729885 0.058185
v 0.726665 -0.729326 0.000000
v 0.901010 -0.729055 0.000000
v 0.894656 -0.725967 0.000000
v 0.910134 -0.729869 0.061580
v 0.920010 -0.729990 0.086619
v 0.930000 -0.730000 0.099841
v 0.940000 -0.730000 0.108011
v 0.950000 -0.730000 0.114860
v 0.960000 -0.730000 0.121088
v 0.970000 -0.730000 0.125892
v 0.980000 -0.730000 0.127074
v 0.990000 -0.730000 0.124297
v 1.000000 -0.730000 0.119214
v 1.010000 -0.730000 0.113550
v 1.020000 -0.730000 0.106293
v 1.029996 -0.730001 0.095339
v 1.039915 -0.730038 0.072673
v 1.049106 -0.730514 0.000000
v 0.170079 -0.740033 0.073852
v 0.160814 -0.740474 0.000000
v 0.180001 -0.740002 0.090134
v 0.189954 -0.740022 0.074429
v 0.199659 -0.740314 0.000000
v 0.223968 -0.734638 0.000000
v 0.230669 -0.733334 0.000000
v 0.230079 -0.740416 0.058759
v 0.220469 -0.740849 0.000000
v 0.240037 -0.740085 0.072684
v 0.250004 -0.740028 0.087313
v 0.260001 -0.740004 0.094757
v 0.270000 -0.740000 0.099376
v 0.280000 -0.740000 0.103040
v 0.290000 -0.739999 0.103534
v 0.299996 -0.739999 0.096047
v 0.309924 -0.739967 0.074632
v 0.319214 -0.739528 0.000000
v 0.325943 -0.735991 0.000000
v 0.420371 -0.740003 0.071551
v 0.413143 -0.740044 0.000000
v 0.430025 -0.740000 0.096592
v 0.440001 -0.740000 0.109063
v 0.450000 -0.740000 0.117382
v 0.460000 -0.740000 0.120215
v 0.470000 -0.740000 0.114797
v 0.479999 -0.740000 0.106411
v 0.489973 -0.740000 0.094419
v 0.499578 -0.739995 0.069120
v 0.506455 -0.739940 0.000000
v 0.654079 -0.734074 0.000000
v 0.660134 -0.740131 0.061380
v 0.651010 -0.740945 0.000000
v 0.670009 -0.740009 0.085089
v 0.680000 -0.740000 0.092877
v 0.689995 -0.739993 0.087055
v 0.699962 -0.739918 0.072606
v 0.709885 -0.739573 0.058188
v 0.718992 -0.738992 0.000000
v 0.725341 -0.735961 0.000000
v 0.910947 -0.739053 0.000000
v 0.904079 -0.735926 0.000000
v 0.920131 -0.739869 0.061691
v 0.930010 -0.739990 0.086640
v 0.940000 -0.740000 0.099841
v 0.950000 -0.740000 0.107953
v 0.960000 -0.740000 0.114391
v 0.970000 -0.740000 0.119181
v 0.980000 -0.740000 0.121840
v 0.990000 -0.740000 0.121224
v 1.000000 -0.740000 0.118149
v 1.010000 -0.740000 0.114638
v 1.020000 -0.740000 0.109083
v 1.029999 -0.740000 0.101053
v 1.039971 -0.740004 0.087154
v 1.049582 -0.740080 0.058393
v 1.055359 -0.733972 0.000000
v 1.056666 -0.740668 0.000000
v 0.153992 -0.743990 0.000000
v 0.160090 -0.750089 0.062527
v 0.150515 -0.750827 0.000000
v 0.170006 -0.750005 0.088121
v 0.180000 -0.750000 0.097339
v 0.189997 -0.750002 0.090146
v 0.199977 -0.750044 0.075279
v 0.210013 -0.742676 0.000000
v 0.210001 -0.750316 0.072036
v 0.220033 -0.750079 0.074743
v 0.230004 -0.750028 0.087604
v 0.240001 -0.750004 0.095136
v 0.250000 -0.750001 0.100073
v 0.260000 -0.750000 0.101910
v 0.270000 -0.750000 0.099410
v 0.279999 -0.749996 0.096450
v 0.289999 -0.749978 0.095232
v 0.299979 -0.749997 0.090073
v 0.309684 -0.749999 0.070597
v 0.317325 -0.749988 0.000000
v 0.420083 -0.750033 0.074720
v 0.410884 -0.750470 0.000000
v 0.430004 -0.750001 0.097627
v 0.440000 -0.750000 0.109443
v 0.450000 -0.750000 0.116995
v 0.460000 -0.750000 0.117884
v 0.470000 -0.750000 0.111419
v 0.479999 -0.750000 0.101963
v 0.489969 -0.749996 0.087558
v 0.499531 -0.749924 0.058312
v 0.506245 -0.749374 0.000000
v 0.644656 -0.744033 0.000000
v 0.650424 -0.750111 0.058173
v 0.643291 -0.750662 0.000000
v 0.660031 -0.750009 0.084200
v 0.670001 -0.750000 0.092433
v 0.679991 -0.749991 0.085090
v 0.689901 -0.749879 0.061911
v 0.699484 -0.749169 0.000000
v 0.709326 -0.746668 0.000000
v 0.715961 -0.745341 0.000000
v 0.920947 -0.749053 0.000000
v 0.914074 -0.745926 0.000000
v 0.930131 -0.749869 0.061691
v 0.940010 -0.749990 0.086619
v 0.950000 -0.749999 0.099593
v 0.960000 -0.750000 0.106561
v 0.970000 -0.750000 0.111024
v 0.980000 -0.750000 0.114225
v 0.990000 -0.750000 0.114192
v 1.000000 -0.750000 0.111344
v 1.010000 -0.750000 0.108899
v 1.020000 -0.749999 0.106621
v 1.030000 -0.749999 0.102447
v 1.039996 -0.750000 0.092417
v 1.049914 -0.750033 0.069188
v 1.059100 -0.750485 0.000000
v 0.134034 -0.754659 0.000000
v 0.140674 -0.753332 0.000000
v 0.140112 -0.760427 0.058313
v 0.130945 -0.761010 0.000000
v 0.150038 -0.760082 0.072809
v 0.160005 -0.760006 0.088521
v 0.170000 -0.760000 0.099781
v 0.180000 -0.760000 0.105030
v 0.190000 -0.760000 0.102016
v 0.199999 -0.760002 0.097655
v 0.210000 -0.760022 0.096680
v 0.220001 -0.760004 0.097454
v 0.230000 -0.760001 0.101251
v 0.240000 -0.760000 0.104084
v 0.250000 -0.760000 0.103534
v 0.260000 -0.760000 0.098777
v 0.269995 -0.759993 0.088321
v 0.279967 -0.759924 0.074733
v 0.289999 -0.759684 0.071592
v 0.300021 -0.759956 0.071140
v 0.309957 -0.760021 0.067469
v 0.319642 -0.760356 0.000000
v 0.404695 -0.753965 0.000000
v 0.410465 -0.760076 0.058341
v 0.403715 -0.760628 0.000000
v 0.420031 -0.760004 0.087565
v 0.430001 -0.760000 0.101965
v 0.440000 -0.760000 0.111401
v 0.450000 -0.760000 0.117779
v 0.460000 -0.760000 0.116899
v 0.470000 -0.760000 0.109384
v 0.479996 -0.759999 0.097605
v 0.489917 -0.759967 0.074713
v 0.499116 -0.759530 0.000000
v 0.505302 -0.756035 0.000000
v 0.650051 -0.760029 0.072031
v 0.640401 -0.760401 0.000000
v 0.660002 -0.760001 0.089181
v 0.669990 -0.759990 0.084503
v 0.679869 -0.759869 0.061421
v 0.689056 -0.759054 0.000000
v 0.695988 -0.755944 0.000000
v 0.930947 -0.759053 0.000000
v 0.924074 -0.755926 0.000000
v 0.940130 -0.759866 0.061579
v 0.950009 -0.759969 0.085629
v 0.960001 -0.759996 0.095393
v 0.970000 -0.759999 0.101634
v 0.980000 -0.759999 0.105860
v 0.990000 -0.759999 0.105874
v 1.000000 -0.759999 0.101904
v 1.009999 -0.759996 0.097554
v 1.020000 -0.759975 0.096073
v 1.030000 -0.759973 0.093839
v 1.039995 -0.759969 0.085604
v 1.049934 -0.759920 0.066422
v 1.059493 -0.759672 0.042699
v 1.065273 -0.753873 0.000000
v 1.066052 -0.759911 0.000000
v 0.124074 -0.764079 0.000000
v 0.130130 -0.770134 0.061580
v 0.120944 -0.770946 0.000000
v 0.140009 -0.770031 0.085629
v 0.150001 -0.770004 0.095421
v 0.160000 -0.770000 0.101982
v 0.170000 -0.770000 0.108072
v 0.180000 -0.770000 0.112447
v 0.190000 -0.770000 0.111278
v 0.200000 -0.770000 0.109428
v 0.210000 -0.770001 0.108697
v 0.220000 -0.770000 0.108040
v 0.230000 -0.770000 0.107406
v 0.240000 -0.770000 0.105040
v 0.250000 -0.770000 0.099025
v 0.259991 -0.769991 0.086527
v 0.269902 -0.769880 0.062122
v 0.279528 -0.769214 0.000000
v 0.289988 -0.767325 0.000000
v 0.300356 -0.769642 0.000000
v 0.310047 -0.769975 0.065512
v 0.319976 -0.770048 0.067531
v 0.329345 -0.763287 0.000000
v 0.329921 -0.770415 0.057774
v 0.336029 -0.764637 0.000000
v 0.339486 -0.770893 0.000000
v 0.410371 -0.770007 0.069578
v 0.403115 -0.770088 0.000000
v 0.420025 -0.770000 0.094536
v 0.430001 -0.770000 0.106441
v 0.440000 -0.770000 0.114612
v 0.450000 -0.770000 0.119376
v 0.460000 -0.770000 0.116548
v 0.469999 -0.770000 0.108518
v 0.479975 -0.770000 0.096313
v 0.489629 -0.769997 0.071382
v 0.496856 -0.769954 0.000000
v 0.624033 -0.764656 0.000000
v 0.630662 -0.763291 0.000000
v 0.630111 -0.770424 0.057933
v 0.620945 -0.771010 0.000000
v 0.640029 -0.770051 0.071754
v 0.650002 -0.770002 0.084880
v 0.659990 -0.769990 0.082951
v 0.669869 -0.769869 0.061161
v 0.679053 -0.769053 0.000000
v 0.685926 -0.765926 0.000000
v 0.940945 -0.768990 0.000000
v 0.934074 -0.765921 0.000000
v 0.950112 -0.769573 0.058306
v 0.960038 -0.769915 0.072688
v 0.970004 -0.769969 0.087367
v 0.980000 -0.769972 0.094126
v 0.990000 -0.769972 0.094133
v 0.999996 -0.769969 0.087536
v 1.009967 -0.769917 0.074709
v 1.019997 -0.769629 0.071366
v 1.029995 -0.769578 0.069076
v 1.039922 -0.769531 0.058106
v 1.049482 -0.769103 0.000000
v 1.059233 -0.766676 0.000000
v 1.065293 -0.765469 0.000000
v 0.114012 -0.774055 0.000000
v 0.120099 -0.780121 0.062088
v 0.110516 -0.780831 0.000000
v 0.130009 -0.780009 0.086616
v 0.140000 -0.780001 0.099568
v 0.150000 -0.780000 0.106547
v 0.160000 -0.780000 0.111172
v 0.170000 -0.780000 0.115536
v 0.180000 -0.780000 0.119241
v 0.190000 -0.780000 0.118978
v 0.200000 -0.780000 0.117072
v 0.210000 -0.780000 0.114977
v 0.220000 -0.780000 0.111475
v 0.230000 -0.780000 0.106463
v 0.240000 -0.780000 0.099386
v 0.249990 -0.779990 0.086557
v 0.259869 -0.779869 0.061685
v 0.269056 -0.779054 0.000000
v 0.275991 -0.775948 0.000000
v 0.310424 -0.779889 0.056902
v 0.303288 -0.779341 0.000000
v 0.320029 -0.779995 0.078732
v 0.329997 -0.780028 0.082703
v 0.339963 -0.780085 0.071749
v 0.349331 -0.773334 0.000000
v 0.349921 -0.780417 0.058632
v 0.356032 -0.774640 0.000000
v 0.359530 -0.780880 0.000000
v 0.410047 -0.780023 0.075121
v 0.400344 -0.780346 0.000000
v 0.420003 -0.780001 0.097404
v 0.430000 -0.780000 0.108988
v 0.440000 -0.780000 0.116812
v 0.450000 -0.780000 0.119424
v 0.460000 -0.780000 0.114582
v 0.469999 -0.780000 0.106386
v 0.479973 -0.780000 0.094417
v 0.489578 -0.779995 0.069120
v 0.496455 -0.779940 0.000000
v 0.614074 -0.774079 0.000000
v 0.620131 -0.780133 0.060458
v 0.610944 -0.780946 0.000000
v 0.630009 -0.780030 0.082172
v 0.640000 -0.779999 0.086562
v 0.649991 -0.779969 0.082371
v 0.659869 -0.779866 0.060905
v 0.669053 -0.779053 0.000000
v 0.675926 -0.775926 0.000000
v 0.950674 -0.776665 0.000000
v 0.944034 -0.775340 0.000000
v 0.960514 -0.779102 0.000000
v 0.970078 -0.779531 0.058275
v 0.980005 -0.779575 0.068921
v 0.989995 -0.779575 0.068922
v 0.999924 -0.779531 0.058304
v 1.009530 -0.779116 0.000000
v 1.019954 -0.776856 0.000000
v 1.029940 -0.776455 0.000000
v 1.039374 -0.776245 0.000000
v 1.046031 -0.775301 0.000000
v 0.094039 -0.784659 0.000000
v 0.100674 -0.783332 0.000000
v 0.100115 -0.790427 0.057350
v 0.091015 -0.791000 0.000000
v 0.110038 -0.790082 0.072289
v 0.120005 -0.790007 0.088111
v 0.130000 -0.790000 0.099605
v 0.140000 -0.790000 0.107565
v 0.150000 -0.790000 0.114015
v 0.160000 -0.790000 0.118868
v 0.170000 -0.790000 0.122023
v 0.180000 -0.790000 0.123937
v 0.190000 -0.790000 0.122828
v 0.200000 -0.790000 0.118793
v 0.210000 -0.790000 0.113706
v 0.220000 -0.790000 0.107540
v 0.230000 -0.790000 0.099670
v 0.239990 -0.789990 0.086602
v 0.249869 -0.789869 0.061688
v 0.259053 -0.789053 0.000000
v 0.265926 -0.785926 0.000000
v 0.311009 -0.789059 0.000000
v 0.304656 -0.785967 0.000000
v 0.320124 -0.789901 0.060922
v 0.330007 -0.789996 0.084553
v 0.339999 -0.790004 0.090775
v 0.349996 -0.790028 0.086700
v 0.359967 -0.790082 0.074558
v 0.369957 -0.783141 0.000000
v 0.369997 -0.790371 0.071518
v 0.379999 -0.783485 0.000000
v 0.380000 -0.790416 0.071155
v 0.390030 -0.783095 0.000000
v 0.390002 -0.790368 0.071592
v 0.400023 -0.790047 0.075290
v 0.410002 -0.790002 0.090738
v 0.420000 -0.790000 0.102430
v 0.430000 -0.790000 0.111478
v 0.440000 -0.790000 0.117991
v 0.450000 -0.790000 0.117978
v 0.460000 -0.790000 0.111376
v 0.469999 -0.790000 0.101942
v 0.479969 -0.789996 0.087551
v 0.489531 -0.789924 0.058312
v 0.496245 -0.789374 0.000000
v 0.604012 -0.784055 0.000000
v 0.610098 -0.790117 0.057932
v 0.600516 -0.790830 0.000000
v 0.620008 -0.789985 0.078708
v 0.629996 -0.789970 0.082493
v 0.639962 -0.789915 0.071281
v 0.649888 -0.789573 0.057906
v 0.659055 -0.788990 0.000000
v 0.665926 -0.785921 0.000000
v 0.970626 -0.786243 0.000000
v 0.963969 -0.785301 0.000000
v 0.980055 -0.786416 0.000000
v 0.989945 -0.786416 0.000000
v 0.999374 -0.786243 0.000000
v 1.006035 -0.785302 0.000000
v 0.084745 -0.793948 0.000000
v 0.090535 -0.800003 0.045494
v 0.083952 -0.800000 0.000000
v 0.100039 -0.800021 0.077000
v 0.110003 -0.800003 0.090795
v 0.120000 -0.800000 0.098390
v 0.130000 -0.800000 0.104984
v 0.140000 -0.800000 0.111687
v 0.150000 -0.800000 0.118114
v 0.160000 -0.800000 0.123193
v 0.170000 -0.800000 0.124073
v 0.180000 -0.800000 0.122026
v 0.190000 -0.800000 0.118819
v 0.200000 -0.800000 0.114111
v 0.210000 -0.800000 0.107836
v 0.220000 -0.800000 0.099805
v 0.229990 -0.799990 0.086630
v 0.239869 -0.799869 0.061691
v 0.249053 -0.799053 0.000000
v 0.255926 -0.795926 0.000000
v 0.320831 -0.799484 0.000000
v 0.314060 -0.795988 0.000000
v 0.330082 -0.799962 0.072150
v 0.340004 -0.799999 0.092521
v 0.350000 -0.800001 0.097472
v 0.359999 -0.800004 0.096299
v 0.370000 -0.800025 0.096152
v 0.380000 -0.800027 0.096336
v 0.390000 -0.800025 0.096569
v 0.400001 -0.800003 0.097689
v 0.410000 -0.800000 0.102469
v 0.420000 -0.800000 0.108733
v 0.430000 -0.800000 0.115378
v 0.440000 -0.800000 0.119568
v 0.450000 -0.800000 0.116821
v 0.460000 -0.800000 0.108981
v 0.469996 -0.799999 0.097353
v 0.479917 -0.799967 0.074551
v 0.489115 -0.799528 0.000000
v 0.495302 -0.796035 0.000000
v 0.583972 -0.794639 0.000000
v 0.590669 -0.793329 0.000000
v 0.590080 -0.800390 0.054043
v 0.580514 -0.800866 0.000000
v 0.600033 -0.800050 0.062973
v 0.609972 -0.799925 0.064886
v 0.619992 -0.799627 0.066494
v 0.629922 -0.799534 0.057578
v 0.639486 -0.799102 0.000000
v 0.649326 -0.796665 0.000000
v 0.655966 -0.795341 0.000000
v 0.091017 -0.809062 0.000000
v 0.084745 -0.806057 0.000000
v 0.100134 -0.809867 0.060451
v 0.110009 -0.809969 0.084314
v 0.120001 -0.809997 0.093892
v 0.130000 -0.810000 0.101049
v 0.140000 -0.810000 0.108145
v 0.150000 -0.810000 0.115289
v 0.160000 -0.810000 0.120726
v 0.170000 -0.810000 0.119970
v 0.180000 -0.810000 0.115654
v 0.190000 -0.810000 0.111182
v 0.200000 -0.810000 0.106555
v 0.210000 -0.809999 0.099587
v 0.219990 -0.809990 0.086617
v 0.229869 -0.809869 0.061691
v 0.239053 -0.809053 0.000000
v 0.245926 -0.805926 0.000000
v 0.330427 -0.809888 0.058244
v 0.323332 -0.809326 0.000000
v 0.340031 -0.809991 0.085155
v 0.350001 -0.810000 0.097569
v 0.360000 -0.810000 0.103144
v 0.370000 -0.810001 0.106034
v 0.380000 -0.810001 0.107781
v 0.390000 -0.810001 0.108795
v 0.400000 -0.810000 0.109621
v 0.410000 -0.810000 0.111814
v 0.420000 -0.810000 0.115774
v 0.430000 -0.810000 0.119809
v 0.440000 -0.810000 0.120047
v 0.450000 -0.810000 0.114642
v 0.459999 -0.810000 0.106424
v 0.469975 -0.810000 0.094526
v 0.479627 -0.809992 0.069537
v 0.486838 -0.809899 0.000000
v 0.563969 -0.804633 0.000000
v 0.570669 -0.803301 0.000000
v 0.570078 -0.810047 0.039291
v 0.560486 -0.810811 0.000000
v 0.580037 -0.809665 0.050842
v 0.589999 -0.809603 0.060325
v 0.599925 -0.809535 0.054101
v 0.609528 -0.809116 0.000000
v 0.619899 -0.806838 0.000000
v 0.629371 -0.806282 0.000000
v 0.636031 -0.805304 0.000000
v 0.100945 -0.818990 0.000000
v 0.094079 -0.815921 0.000000
v 0.110111 -0.819576 0.058226
v 0.120029 -0.819951 0.073084
v 0.130003 -0.819997 0.090449
v 0.140000 -0.820000 0.102370
v 0.150000 -0.820000 0.111345
v 0.160000 -0.820000 0.117117
v 0.170000 -0.820000 0.114811
v 0.180000 -0.820000 0.108634
v 0.190000 -0.820000 0.102173
v 0.199999 -0.819997 0.095446
v 0.209991 -0.819969 0.085631
v 0.219869 -0.819866 0.061579
v 0.229053 -0.819053 0.000000
v 0.235926 -0.815926 0.000000
v 0.331010 -0.819055 0.000000
v 0.324659 -0.815966 0.000000
v 0.340134 -0.819870 0.061538
v 0.350009 -0.819991 0.086399
v 0.360000 -0.820000 0.099285
v 0.370000 -0.820000 0.106513
v 0.380000 -0.820000 0.112142
v 0.390000 -0.820000 0.116059
v 0.400000 -0.820000 0.118360
v 0.410000 -0.820000 0.120268
v 0.420000 -0.820000 0.122601
v 0.430000 -0.820000 0.123077
v 0.440000 -0.820000 0.118701
v 0.450000 -0.820000 0.111080
v 0.459999 -0.820000 0.101701
v 0.469969 -0.819996 0.087396
v 0.479534 -0.819922 0.058312
v 0.486282 -0.819371 0.000000
v 0.544706 -0.814521 0.000000
v 0.550761 -0.813285 0.000000
v 0.550420 -0.819902 0.028081
v 0.543938 -0.819991 0.000000
v 0.559596 -0.819198 0.000000
v 0.569963 -0.816895 0.000000
v 0.579997 -0.816478 0.000000
v 0.589942 -0.816420 0.000000
v 0.599374 -0.816244 0.000000
v 0.606035 -0.815302 0.000000
v 0.110661 -0.826712 0.000000
v 0.104033 -0.825344 0.000000
v 0.120388 -0.829640 0.000000
v 0.130048 -0.829976 0.075085
v 0.140003 -0.829999 0.097379
v 0.150000 -0.830000 0.108674
v 0.160000 -0.830000 0.114451
v 0.170000 -0.830000 0.110799
v 0.180000 -0.830000 0.102353
v 0.189997 -0.829997 0.090564
v 0.199971 -0.829951 0.073258
v 0.209889 -0.829576 0.058347
v 0.219055 -0.828990 0.000000
v 0.225926 -0.825921 0.000000
v 0.340946 -0.829056 0.000000
v 0.334079 -0.825926 0.000000
v 0.350121 -0.829901 0.062098
v 0.360007 -0.829995 0.088464
v 0.370000 -0.830000 0.101794
v 0.380000 -0.830000 0.110692
v 0.390000 -0.830000 0.117956
v 0.400000 -0.830000 0.123582
v 0.410000 -0.830000 0.126624
v 0.420000 -0.830000 0.126747
v 0.430000 -0.830000 0.122455
v 0.440000 -0.830000 0.115316
v 0.450000 -0.830000 0.106925
v 0.459996 -0.829999 0.095569
v 0.469915 -0.829963 0.072713
v 0.479102 -0.829486 0.000000
v 0.485304 -0.826031 0.000000
v 0.550098 -0.826091 0.000000
v 0.544617 -0.825392 0.000000
v 0.556133 -0.825283 0.000000
v 0.130371 -0.839993 0.069576
v 0.123117 -0.839911 0.000000
v 0.140025 -0.840000 0.094509
v 0.150001 -0.840000 0.106050
v 0.160000 -0.840000 0.111602
v 0.170000 -0.840000 0.107928
v 0.179997 -0.839999 0.097280
v 0.189952 -0.839976 0.075085
v 0.199612 -0.839640 0.000000
v 0.209339 -0.836712 0.000000
v 0.215967 -0.835344 0.000000
v 0.350831 -0.839484 0.000000
v 0.344056 -0.835988 0.000000
v 0.360081 -0.839963 0.072831
v 0.370004 -0.839999 0.095588
v 0.380000 -0.840000 0.106913
v 0.390000 -0.840000 0.115297
v 0.400000 -0.840000 0.122724
v 0.410000 -0.840000 0.127519
v 0.420000 -0.840000 0.125840
v 0.430000 -0.840000 0.119384
v 0.440000 -0.840000 0.111193
v 0.449999 -0.840000 0.101759
v 0.459971 -0.839996 0.087513
v 0.469582 -0.839920 0.058729
v 0.476666 -0.839331 0.000000
v 0.130465 -0.849924 0.058339
v 0.123716 -0.849372 0.000000
v 0.140031 -0.849996 0.087520
v 0.150001 -0.850000 0.101443
v 0.160000 -0.850000 0.107825
v 0.169999 -0.850000 0.104939
v 0.179975 -0.850000 0.094233
v 0.189629 -0.849992 0.069544
v 0.196883 -0.849911 0.000000
v 0.360416 -0.849921 0.058769
v 0.353330 -0.849331 0.000000
v 0.370028 -0.849996 0.087683
v 0.380001 -0.850000 0.102038
v 0.390000 -0.850000 0.111737
v 0.400000 -0.850000 0.120128
v 0.410000 -0.850000 0.125493
v 0.420000 -0.850000 0.122481
v 0.430000 -0.850000 0.115346
v 0.440000 -0.850000 0.106930
v 0.449996 -0.849999 0.095572
v 0.459915 -0.849963 0.072720
v 0.469106 -0.849486 0.000000
v 0.475359 -0.846028 0.000000
v 0.130884 -0.859527 0.000000
v 0.124695 -0.856035 0.000000
v 0.140083 -0.859966 0.074399
v 0.150004 -0.859998 0.096023
v 0.160000 -0.859999 0.102814
v 0.169999 -0.859999 0.098766
v 0.179967 -0.859991 0.085449
v 0.189525 -0.859891 0.057887
v 0.196283 -0.859367 0.000000
v 0.360851 -0.859531 0.000000
v 0.354638 -0.856032 0.000000
v 0.370079 -0.859967 0.074755
v 0.380004 -0.859999 0.097651
v 0.390000 -0.860000 0.109647
v 0.400000 -0.860000 0.118485
v 0.410000 -0.860000 0.123261
v 0.420000 -0.860000 0.119024
v 0.430000 -0.860000 0.111166
v 0.439999 -0.860000 0.101758
v 0.449971 -0.859996 0.087513
v 0.459582 -0.859920 0.058730
v 0.466666 -0.859331 0.000000
v 0.140373 -0.869967 0.068672
v 0.133162 -0.869893 0.000000
v 0.150025 -0.869972 0.089487
v 0.160001 -0.869972 0.093176
v 0.169991 -0.869966 0.085382
v 0.179866 -0.869866 0.061448
v 0.188986 -0.869055 0.000000
v 0.195285 -0.865969 0.000000
v 0.370319 -0.870000 0.071997
v 0.362723 -0.870000 0.000000
v 0.380022 -0.870000 0.096715
v 0.390001 -0.870000 0.109124
v 0.400000 -0.870000 0.117434
v 0.410000 -0.870000 0.120312
v 0.420000 -0.870000 0.115104
v 0.430000 -0.870000 0.106930
v 0.439996 -0.869999 0.095579
v 0.449915 -0.869963 0.072721
v 0.459106 -0.869486 0.000000
v 0.465359 -0.866028 0.000000
v 0.140454 -0.879542 0.054124
v 0.133716 -0.879277 0.000000
v 0.150030 -0.879575 0.068084
v 0.159995 -0.879574 0.068799
v 0.169891 -0.879521 0.057845
v 0.179055 -0.878986 0.000000
v 0.185921 -0.875921 0.000000
v 0.370080 -0.880033 0.074734
v 0.360855 -0.880469 0.000000
v 0.380004 -0.880001 0.097619
v 0.390000 -0.880000 0.109431
v 0.400000 -0.880000 0.116975
v 0.410000 -0.880000 0.117814
v 0.420000 -0.880000 0.111399
v 0.429999 -0.880000 0.101999
v 0.439972 -0.879996 0.087674
v 0.449583 -0.879921 0.058757
v 0.456666 -0.879331 0.000000
v 0.140720 -0.886245 0.000000
v 0.134673 -0.885324 0.000000
v 0.150061 -0.886416 0.000000
v 0.159945 -0.886415 0.000000
v 0.169369 -0.886242 0.000000
v 0.175969 -0.885282 0.000000
v 0.354696 -0.883965 0.000000
v 0.360468 -0.890076 0.058154
v 0.353758 -0.890623 0.000000
v 0.370031 -0.890004 0.087352
v 0.380001 -0.890000 0.101741
v 0.390000 -0.890000 0.111182
v 0.400000 -0.890000 0.117523
v 0.410000 -0.890000 0.116321
v 0.420000 -0.890000 0.108917
v 0.429996 -0.889999 0.097352
v 0.439918 -0.889967 0.074558
v 0.449120 -0.889527 0.000000
v 0.455360 -0.886031 0.000000
v 0.360428 -0.900000 0.067112
v 0.353602 -0.900000 0.000000
v 0.370028 -0.900000 0.092598
v 0.380001 -0.900000 0.104656
v 0.390000 -0.900000 0.112962
v 0.400000 -0.900000 0.117888
v 0.410000 -0.900000 0.114325
v 0.419999 -0.900000 0.106413
v 0.429975 -0.900000 0.094532
v 0.439627 -0.899992 0.069538
v 0.446838 -0.899899 0.000000
v 0.360469 -0.909924 0.058149
v 0.353758 -0.909377 0.000000
v 0.370031 -0.909996 0.087342
v 0.380001 -0.910000 0.101669
v 0.390000 -0.910000 0.110603
v 0.400000 -0.910000 0.114841
v 0.410000 -0.910000 0.110609
v 0.419999 -0.910000 0.101836
v 0.429969 -0.909996 0.087550
v 0.439534 -0.909924 0.058339
v 0.446282 -0.909372 0.000000
v 0.360885 -0.919527 0.000000
v 0.354698 -0.916035 0.000000
v 0.370083 -0.919967 0.074522
v 0.380004 -0.919999 0.097107
v 0.390000 -0.920000 0.107135
v 0.400000 -0.920000 0.109313
v 0.410000 -0.920000 0.105756
v 0.419996 -0.919998 0.096503
v 0.429917 -0.919966 0.074447
v 0.439116 -0.919527 0.000000
v 0.445305 -0.916035 0.000000
v 0.370374 -0.929991 0.069486
v 0.363162 -0.929899 0.000000
v 0.380025 -0.930000 0.093973
v 0.390001 -0.930000 0.103022
v 0.400000 -0.930000 0.101391
v 0.409998 -0.929996 0.096478
v 0.419975 -0.929975 0.089880
v 0.429627 -0.929967 0.068700
v 0.436838 -0.929893 0.000000
v 0.370475 -0.939891 0.057856
v 0.363719 -0.939367 0.000000
v 0.380033 -0.939991 0.084997
v 0.390001 -0.939999 0.095092
v 0.399995 -0.939993 0.088112
v 0.409966 -0.939921 0.074532
v 0.419967 -0.939627 0.068705
v 0.429546 -0.939546 0.054160
v 0.436284 -0.939278 0.000000
v 0.371014 -0.949055 0.000000
v 0.364715 -0.945969 0.000000
v 0.380134 -0.949866 0.060610
v 0.390001 -0.949961 0.078007
v 0.399902 -0.949876 0.061177
v 0.409525 -0.949182 0.000000
v 0.419893 -0.946842 0.000000
v 0.429278 -0.946284 0.000000
v 0.435327 -0.945327 0.000000
v 0.380938 -0.958983 0.000000
v 0.374079 -0.955921 0.000000
v 0.390000 -0.959465 0.045607
v 0.399066 -0.958984 0.000000
v 0.405991 -0.955940 0.000000
v 0.390000 -0.966048 0.000000
v 0.383943 -0.965255 0.000000
v 0.396057 -0.965255 0.000000
v 0.963965 -0.964698 0.000000
v 0.970626 -0.963757 0.000000
v 0.970076 -0.970469 0.058292
v 0.960470 -0.970884 0.000000
v 0.980058 -0.963584 0.000000
v 0.980005 -0.970425 0.069070
v 0.990000 -0.963567 0.000000
v 0.990000 -0.970423 0.070759
v 0.999942 -0.963584 0.000000
v 0.999995 -0.970425 0.069083
v 1.009374 -0.963757 0.000000
v 1.009924 -0.970469 0.058311
v 1.016035 -0.964698 0.000000
v 1.019530 -0.970884 0.000000
v 0.913968 -0.974699 0.000000
v 0.920626 -0.973757 0.000000
v 0.920078 -0.980469 0.057613
v 0.910514 -0.980897 0.000000
v 0.930058 -0.973582 0.000000
v 0.930005 -0.980424 0.068292
v 0.940005 -0.973527 0.000000
v 0.940000 -0.980420 0.070152
v 0.950043 -0.973143 0.000000
v 0.950003 -0.980371 0.070988
v 0.960033 -0.980083 0.074347
v 0.970004 -0.980031 0.087260
v 0.980000 -0.980028 0.094164
v 0.990000 -0.980027 0.095793
v 1.000000 -0.980028 0.094364
v 1.009996 -0.980031 0.087555
v 1.019967 -0.980083 0.074720
v 1.029957 -0.973143 0.000000
v 1.029997 -0.980371 0.071552
v 1.039998 -0.973526 0.000000
v 1.040000 -0.980420 0.071135
v 1.050000 -0.973563 0.000000
v 1.050000 -0.980423 0.071107
v 1.060000 -0.973565 0.000000
v 1.060000 -0.980423 0.071106
v 1.070000 -0.973565 0.000000
v 1.070000 -0.980423 0.071106
v 1.080000 -0.973565 0.000000
v 1.080000 -0.980423 0.071106
v 1.090000 -0.973565 0.000000
v 1.090000 -0.980423 0.071098
v 1.099997 -0.973566 0.000000
v 1.100000 -0.980423 0.070936
v 1.109942 -0.973584 0.000000
v 1.109995 -0.980425 0.069090
v 1.119374 -0.973757 0.000000
v 1.119922 -0.980469 0.058275
v 1.126031 -0.974699 0.000000
v 1.129482 -0.980898 0.000000
v 0.893972 -0.984641 0.000000
v 0.900669 -0.983333 0.000000
v 0.900080 -0.990393 0.054581
v 0.890513 -0.990890 0.000000
v 0.910037 -0.990057 0.067236
v 0.920004 -0.990004 0.081018
v 0.930000 -0.990003 0.087128
v 0.940001 -0.990023 0.089001
v 0.950000 -0.990024 0.091759
v 0.960001 -0.990004 0.094309
v 0.970000 -0.990001 0.099413
v 0.980000 -0.990001 0.104435
v 0.990000 -0.990001 0.106922
v 1.000000 -0.990001 0.106051
v 1.010000 -0.990001 0.101928
v 1.019999 -0.990004 0.097638
v 1.030000 -0.990025 0.096602
v 1.040000 -0.990027 0.096486
v 1.050000 -0.990027 0.096480
v 1.060000 -0.990027 0.096480
v 1.070000 -0.990027 0.096480
v 1.080000 -0.990027 0.096479
v 1.090000 -0.990027 0.096458
v 1.100000 -0.990027 0.096198
v 1.110000 -0.990028 0.094387
v 1.119995 -0.990031 0.087257
v 1.129938 -0.990084 0.071870
v 1.139237 -0.983332 0.000000
v 1.139543 -0.990406 0.054578
v 1.145324 -0.984618 0.000000
v 1.146284 -0.990717 0.000000
v 0.874034 -0.994659 0.000000
v 0.880674 -0.993334 0.000000
v 0.880107 -1.000398 0.050750
v 0.870940 -1.001005 0.000000
v 0.890006 -1.000003 0.053477
v 0.900001 -0.999658 0.062281
v 0.910001 -0.999585 0.065626
v 0.920000 -0.999582 0.068478
v 0.930003 -0.999630 0.070316
v 0.940033 -0.999918 0.073681
v 0.950004 -0.999972 0.086125
v 0.960001 -0.999997 0.093236
v 0.970000 -1.000000 0.099689
v 0.980000 -1.000000 0.106153
v 0.990000 -1.000000 0.111387
v 1.000000 -1.000000 0.113021
v 1.010000 -1.000000 0.111223
v 1.020000 -1.000000 0.109604
v 1.030000 -1.000001 0.109199
v 1.040000 -1.000001 0.109158
v 1.050000 -1.000001 0.109166
v 1.060000 -1.000001 0.109172
v 1.070000 -1.000001 0.109173
v 1.080000 -1.000001 0.109170
v 1.090000 -1.000001 0.109110
v 1.100000 -1.000001 0.108586
v 1.110000 -1.000001 0.106191
v 1.119999 -1.000001 0.100650
v 1.129974 -1.000004 0.090865
v 1.139627 -1.000030 0.068816
v 1.146842 -1.000107 0.000000
v 0.864009 -1.004059 0.000000
v 0.870061 -1.010042 0.042405
v 0.860470 -1.010810 0.000000
v 0.879929 -1.009614 0.049543
v 0.889531 -1.009124 0.000000
v 0.899957 -1.006858 0.000000
v 0.909998 -1.006476 0.000000
v 0.920002 -1.006476 0.000000
v 0.930043 -1.006857 0.000000
v 0.940470 -1.009120 0.000000
v 0.950078 -1.009586 0.058655
v 0.960028 -1.009950 0.072990
v 0.970003 -1.009997 0.090117
v 0.980000 -1.010000 0.101852
v 0.990000 -1.010000 0.110331
v 1.000000 -1.010000 0.115919
v 1.010000 -1.010000 0.117700
v 1.020000 -1.010000 0.118262
v 1.030000 -1.010000 0.118435
v 1.040000 -1.010000 0.118573
v 1.050000 -1.010000 0.118726
v 1.060000 -1.010000 0.118817
v 1.070000 -1.010000 0.118840
v 1.080000 -1.010000 0.118842
v 1.090000 -1.010000 0.118704
v 1.100000 -1.010000 0.117641
v 1.110000 -1.010000 0.113820
v 1.120000 -1.010000 0.107268
v 1.129996 -1.010001 0.096781
v 1.139921 -1.010034 0.074590
v 1.149186 -1.010474 0.000000
v 0.624617 -1.014617 0.000000
v 0.630098 -1.013939 0.000000
v 0.630428 -1.020428 0.030967
v 0.623939 -1.020098 0.000000
v 0.636130 -1.014725 0.000000
v 0.639565 -1.020882 0.000000
v 0.833969 -1.014696 0.000000
v 0.840629 -1.013718 0.000000
v 0.840077 -1.020466 0.056247
v 0.830514 -1.020898 0.000000
v 0.850101 -1.013158 0.000000
v 0.849999 -1.020364 0.059677
v 0.859933 -1.019958 0.043929
v 0.869489 -1.019177 0.000000
v 0.879331 -1.016671 0.000000
v 0.886032 -1.015361 0.000000
v 0.950657 -1.016711 0.000000
v 0.943967 -1.015364 0.000000
v 0.960401 -1.019599 0.000000
v 0.970051 -1.019971 0.073212
v 0.980003 -1.019999 0.095425
v 0.990000 -1.020000 0.106473
v 1.000000 -1.020000 0.113778
v 1.010000 -1.020000 0.118943
v 1.020000 -1.020000 0.122737
v 1.030000 -1.020000 0.124431
v 1.040000 -1.020000 0.125602
v 1.050000 -1.020000 0.126750
v 1.060000 -1.020000 0.127459
v 1.070000 -1.020000 0.127717
v 1.080000 -1.020000 0.127829
v 1.090000 -1.020000 0.127476
v 1.100000 -1.020000 0.125134
v 1.110000 -1.020000 0.119208
v 1.120000 -1.020000 0.111423
v 1.130000 -1.020000 0.102208
v 1.139994 -1.020005 0.088706
v 1.149912 -1.020088 0.062594
v 1.156011 -1.013989 0.000000
v 1.159528 -1.020813 0.000000
v 0.630883 -1.029562 0.000000
v 0.624725 -1.026130 0.000000
v 0.640050 -1.030050 0.055598
v 0.649958 -1.023143 0.000000
v 0.650001 -1.030370 0.068287
v 0.659998 -1.023526 0.000000
v 0.660000 -1.030419 0.070651
v 0.669997 -1.023564 0.000000
v 0.670000 -1.030423 0.070868
v 0.679942 -1.023584 0.000000
v 0.679995 -1.030425 0.069084
v 0.689374 -1.023757 0.000000
v 0.689922 -1.030469 0.058282
v 0.696032 -1.024699 0.000000
v 0.699486 -1.030898 0.000000
v 0.813969 -1.024640 0.000000
v 0.820669 -1.023334 0.000000
v 0.820079 -1.030417 0.057998
v 0.810473 -1.030880 0.000000
v 0.830037 -1.030084 0.069304
v 0.839994 -1.030021 0.074840
v 0.849870 -1.029894 0.056766
v 0.859058 -1.029058 0.000000
v 0.865988 -1.025945 0.000000
v 0.970424 -1.029889 0.058346
v 0.963291 -1.029338 0.000000
v 0.980031 -1.029991 0.085630
v 0.990001 -1.030000 0.099584
v 1.000000 -1.030000 0.107838
v 1.010000 -1.030000 0.114133
v 1.020000 -1.030000 0.118826
v 1.030000 -1.030000 0.122346
v 1.040000 -1.030000 0.126257
v 1.050000 -1.030000 0.130330
v 1.060000 -1.030000 0.133014
v 1.070000 -1.030000 0.134430
v 1.080000 -1.030000 0.135383
v 1.090000 -1.030000 0.134913
v 1.100000 -1.030000 0.130651
v 1.110000 -1.030000 0.123586
v 1.120000 -1.030000 0.115960
v 1.130000 -1.030000 0.108406
v 1.140000 -1.030000 0.100203
v 1.149996 -1.030006 0.088718
v 1.159967 -1.030079 0.074841
v 1.169957 -1.023140 0.000000
v 1.169997 -1.030371 0.071546
v 1.179995 -1.023527 0.000000
v 1.179999 -1.030420 0.070883
v 1.189937 -1.023582 0.000000
v 1.189973 -1.030425 0.068364
v 1.199285 -1.023755 0.000000
v 1.199594 -1.030461 0.054549
v 1.205382 -1.024679 0.000000
v 1.206668 -1.030763 0.000000
v 0.640372 -1.039996 0.066512
v 0.633162 -1.039900 0.000000
v 0.650025 -1.040025 0.087870
v 0.660001 -1.040027 0.093819
v 0.670000 -1.040027 0.095494
v 0.680000 -1.040027 0.094285
v 0.689996 -1.040031 0.087372
v 0.699963 -1.040085 0.072712
v 0.709331 -1.033334 0.000000
v 0.709921 -1.040417 0.058758
v 0.716032 -1.034640 0.000000
v 0.719530 -1.040880 0.000000
v 0.783965 -1.034695 0.000000
v 0.790628 -1.033718 0.000000
v 0.790076 -1.040466 0.058286
v 0.780470 -1.040884 0.000000
v 0.800102 -1.033162 0.000000
v 0.800008 -1.040374 0.069243
v 0.810033 -1.040082 0.073363
v 0.820004 -1.040028 0.082747
v 0.829992 -1.039994 0.079231
v 0.839869 -1.039870 0.059771
v 0.849053 -1.039054 0.000000
v 0.855926 -1.035926 0.000000
v 0.971010 -1.039055 0.000000
v 0.964656 -1.035967 0.000000
v 0.980134 -1.039869 0.061579
v 0.990010 -1.039990 0.086597
v 1.000000 -1.039999 0.099587
v 1.010000 -1.040000 0.106556
v 1.020000 -1.040000 0.111183
v 1.030000 -1.040000 0.115784
v 1.040000 -1.040000 0.121186
v 1.050000 -1.040000 0.126492
v 1.060000 -1.040000 0.130462
v 1.070000 -1.040000 0.134105
v 1.080000 -1.040000 0.137726
v 1.090000 -1.040000 0.139055
v 1.100000 -1.040000 0.135087
v 1.110000 -1.040000 0.128458
v 1.120000 -1.040000 0.121583
v 1.130000 -1.040000 0.114971
v 1.140000 -1.040000 0.108410
v 1.150000 -1.040000 0.102293
v 1.159999 -1.040004 0.097663
v 1.170000 -1.040025 0.096512
v 1.180000 -1.040027 0.095592
v 1.189996 -1.040029 0.090737
v 1.199916 -1.040062 0.071862
v 1.209102 -1.040518 0.000000
v 0.640466 -1.049922 0.058042
v 0.633718 -1.049371 0.000000
v 0.650031 -1.049997 0.086427
v 0.660001 -1.050001 0.098803
v 0.670000 -1.050001 0.104586
v 0.680000 -1.050001 0.105322
v 0.690000 -1.050001 0.101447
v 0.699999 -1.050004 0.095531
v 0.709996 -1.050028 0.087677
v 0.719967 -1.050082 0.074727
v 0.729957 -1.043143 0.000000
v 0.729997 -1.050371 0.071552
v 0.739998 -1.043526 0.000000
v 0.740000 -1.050419 0.071134
v 0.750000 -1.043561 0.000000
v 0.750000 -1.050423 0.071107
v 0.760002 -1.043526 0.000000
v 0.760000 -1.050419 0.071133
v 0.770043 -1.043143 0.000000
v 0.770003 -1.050371 0.071538
v 0.780033 -1.050082 0.074621
v 0.790004 -1.050031 0.086948
v 0.800000 -1.050025 0.092185
v 0.810001 -1.050004 0.090621
v 0.819990 -1.049991 0.082922
v 0.829869 -1.049869 0.060571
v 0.839053 -1.049053 0.000000
v 0.845926 -1.045926 0.000000
v 0.980947 -1.049053 0.000000
v 0.974079 -1.045926 0.000000
v 0.990131 -1.049866 0.061579
v 1.000009 -1.049969 0.085630
v 1.010001 -1.049996 0.095422
v 1.020000 -1.050000 0.101998
v 1.030000 -1.050000 0.108312
v 1.040000 -1.050000 0.114433
v 1.050000 -1.050000 0.119400
v 1.060000 -1.050000 0.123573
v 1.070000 -1.050000 0.128340
v 1.080000 -1.050000 0.133596
v 1.090000 -1.050000 0.137367
v 1.100000 -1.050000 0.137132
v 1.110000 -1.050000 0.133289
v 1.120000 -1.050000 0.127611
v 1.130000 -1.050000 0.121547
v 1.140000 -1.050000 0.115991
v 1.150000 -1.050000 0.111834
v 1.160000 -1.050000 0.109635
v 1.170000 -1.050001 0.108716
v 1.180000 -1.050001 0.106638
v 1.189999 -1.050001 0.100532
v 1.199969 -1.050005 0.087232
v 1.209531 -1.050078 0.058267
v 1.215301 -1.043969 0.000000
v 1.216244 -1.050626 0.000000
v 0.640898 -1.059486 0.000000
v 0.634696 -1.056031 0.000000
v 0.650085 -1.059962 0.072605
v 0.660004 -1.059999 0.094994
v 0.670000 -1.060000 0.105165
v 0.680000 -1.060000 0.109683
v 0.690000 -1.060000 0.109205
v 0.700000 -1.060000 0.106431
v 0.710000 -1.060001 0.101949
v 0.719999 -1.060004 0.097628
v 0.730000 -1.060025 0.096600
v 0.740000 -1.060027 0.096484
v 0.750000 -1.060027 0.096467
v 0.760000 -1.060027 0.096440
v 0.770000 -1.060025 0.096394
v 0.780001 -1.060004 0.096731
v 0.790000 -1.060001 0.098278
v 0.800000 -1.060001 0.095957
v 0.809991 -1.059991 0.085062
v 0.819869 -1.059870 0.061202
v 0.829053 -1.059053 0.000000
v 0.835926 -1.055926 0.000000
v 0.990945 -1.058990 0.000000
v 0.984074 -1.055921 0.000000
v 1.000112 -1.059573 0.058313
v 1.010038 -1.059918 0.072808
v 1.020005 -1.059992 0.088502
v 1.030000 -1.059999 0.099765
v 1.040000 -1.060000 0.106582
v 1.050000 -1.060000 0.111229
v 1.060000 -1.060000 0.115918
v 1.070000 -1.060000 0.121446
v 1.080000 -1.060000 0.126980
v 1.090000 -1.060000 0.131285
v 1.100000 -1.060000 0.134293
v 1.110000 -1.060000 0.135079
v 1.120000 -1.060000 0.132314
v 1.130000 -1.060000 0.127962
v 1.140000 -1.060000 0.123658
v 1.150000 -1.060000 0.120544
v 1.160000 -1.060000 0.118652
v 1.170000 -1.060000 0.116676
v 1.180000 -1.060000 0.112653
v 1.189999 -1.060000 0.105606
v 1.199972 -1.060000 0.094105
v 1.209575 -1.060005 0.068921
v 1.216416 -1.060055 0.000000
v 0.374699 -1.064590 0.000000
v 0.380666 -1.063765 0.000000
v 0.380499 -1.070384 0.040601
v 0.373947 -1.070094 0.000000
v 0.389438 -1.063775 0.000000
v 0.389958 -1.070467 0.051271
v 0.396039 -1.064700 0.000000
v 0.399529 -1.070885 0.000000
v 0.514521 -1.064707 0.000000
v 0.519995 -1.063946 0.000000
v 0.519948 -1.070496 0.039440
v 0.513290 -1.070766 0.000000
v 0.525420 -1.064703 0.000000
v 0.526283 -1.070724 0.000000
v 0.650427 -1.069888 0.058303
v 0.643335 -1.069326 0.000000
v 0.660031 -1.069991 0.085598
v 0.670001 -1.070000 0.099419
v 0.680000 -1.070000 0.107011
v 0.690000 -1.070000 0.111224
v 0.700000 -1.070000 0.112292
v 0.710000 -1.070000 0.110882
v 0.720000 -1.070000 0.109429
v 0.730000 -1.070001 0.109163
v 0.740000 -1.070001 0.109116
v 0.750000 -1.070001 0.108969
v 0.760000 -1.070001 0.108603
v 0.770000 -1.070001 0.107570
v 0.780000 -1.070000 0.105144
v 0.790000 -1.070000 0.099591
v 0.799993 -1.069995 0.087865
v 0.809879 -1.069901 0.061945
v 0.819054 -1.069056 0.000000
v 0.825926 -1.065926 0.000000
v 1.000674 -1.066668 0.000000
v 0.994034 -1.065341 0.000000
v 1.010516 -1.069169 0.000000
v 1.020099 -1.069875 0.062002
v 1.030008 -1.069970 0.085655
v 1.040001 -1.069996 0.095423
v 1.050000 -1.070000 0.102000
v 1.060000 -1.070000 0.108320
v 1.070000 -1.070000 0.114449
v 1.080000 -1.070000 0.119428
v 1.090000 -1.070000 0.123532
v 1.100000 -1.070000 0.127573
v 1.110000 -1.070000 0.130819
v 1.120000 -1.070000 0.132488
v 1.130000 -1.070000 0.132101
v 1.140000 -1.070000 0.130314
v 1.150000 -1.070000 0.128297
v 1.160000 -1.070000 0.125291
v 1.170000 -1.070000 0.120578
v 1.180000 -1.070000 0.113949
v 1.189999 -1.070000 0.105842
v 1.199973 -1.070000 0.094131
v 1.209575 -1.069995 0.068922
v 1.216416 -1.069945 0.000000
v 0.380887 -1.079559 0.000000
v 0.374726 -1.076130 0.000000
v 0.390079 -1.079998 0.065018
v 0.399971 -1.080081 0.070308
v 0.409899 -1.073162 0.000000
v 0.409992 -1.080373 0.068958
v 0.419372 -1.073718 0.000000
v 0.419924 -1.080466 0.058279
v 0.426035 -1.074695 0.000000
v 0.429527 -1.080885 0.000000
v 0.519659 -1.080065 0.050984
v 0.510866 -1.080518 0.000000
v 0.526422 -1.080066 0.000000
v 0.651010 -1.079055 0.000000
v 0.644659 -1.075966 0.000000
v 0.660134 -1.079869 0.061578
v 0.670010 -1.079990 0.086607
v 0.680000 -1.080000 0.099737
v 0.690000 -1.080000 0.107390
v 0.700000 -1.080000 0.112653
v 0.710000 -1.080000 0.115774
v 0.720000 -1.080000 0.117060
v 0.730000 -1.080000 0.118091
v 0.740000 -1.080000 0.118094
v 0.750000 -1.080000 0.117072
v 0.760000 -1.080000 0.115062
v 0.770000 -1.080000 0.111351
v 0.780000 -1.080000 0.105433
v 0.789996 -1.079999 0.095092
v 0.799918 -1.079962 0.072748
v 0.809169 -1.079484 0.000000
v 0.815944 -1.075988 0.000000
v 1.020941 -1.078991 0.000000
v 1.014012 -1.075940 0.000000
v 1.030112 -1.079573 0.058314
v 1.040038 -1.079918 0.072807
v 1.050005 -1.079993 0.088502
v 1.060000 -1.079999 0.099765
v 1.070000 -1.080000 0.106579
v 1.080000 -1.080000 0.111171
v 1.090000 -1.080000 0.115454
v 1.100000 -1.080000 0.119626
v 1.110000 -1.080000 0.123486
v 1.120000 -1.080000 0.127239
v 1.130000 -1.080000 0.130078
v 1.140000 -1.080000 0.132138
v 1.150000 -1.080000 0.132110
v 1.160000 -1.080000 0.127372
v 1.170000 -1.080000 0.120011
v 1.180000 -1.080000 0.111530
v 1.189999 -1.080000 0.101899
v 1.199969 -1.079996 0.087530
v 1.209531 -1.079924 0.058303
v 1.216244 -1.079374 0.000000
v 0.390373 -1.089993 0.067984
v 0.383162 -1.089900 0.000000
v 0.400024 -1.090004 0.087972
v 0.410001 -1.090025 0.092086
v 0.419996 -1.090031 0.087066
v 0.429967 -1.090083 0.074480
v 0.439899 -1.083162 0.000000
v 0.439992 -1.090374 0.069531
v 0.449371 -1.083718 0.000000
v 0.449922 -1.090466 0.058311
v 0.456031 -1.084696 0.000000
v 0.459486 -1.090898 0.000000
v 0.504636 -1.083971 0.000000
v 0.510387 -1.090080 0.054589
v 0.503286 -1.090655 0.000000
v 0.519606 -1.090005 0.061983
v 0.526435 -1.090003 0.000000
v 0.660947 -1.089053 0.000000
v 0.654079 -1.085926 0.000000
v 0.670131 -1.089869 0.061691
v 0.680010 -1.089990 0.086635
v 0.690000 -1.090000 0.099788
v 0.700000 -1.090000 0.107724
v 0.710000 -1.090000 0.113925
v 0.720000 -1.090000 0.118991
v 0.730000 -1.090000 0.122996
v 0.740000 -1.090000 0.122958
v 0.750000 -1.090000 0.119540
v 0.760000 -1.090000 0.114325
v 0.770000 -1.090000 0.107812
v 0.779999 -1.090000 0.099640
v 0.789970 -1.089992 0.085630
v 0.799573 -1.089889 0.058311
v 0.806668 -1.089326 0.000000
v 1.030674 -1.086668 0.000000
v 1.024034 -1.085341 0.000000
v 1.040516 -1.089169 0.000000
v 1.050099 -1.089875 0.062002
v 1.060008 -1.089970 0.085654
v 1.070002 -1.089996 0.095401
v 1.080000 -1.089999 0.101752
v 1.090000 -1.090000 0.106936
v 1.100000 -1.090000 0.111211
v 1.110000 -1.090000 0.115452
v 1.120000 -1.090000 0.119594
v 1.130000 -1.090000 0.123378
v 1.140000 -1.090000 0.127039
v 1.150000 -1.090000 0.128625
v 1.160000 -1.090000 0.125025
v 1.170000 -1.090000 0.117916
v 1.180000 -1.090000 0.109085
v 1.189996 -1.089999 0.097351
v 1.199917 -1.089967 0.074550
v 1.209116 -1.089527 0.000000
v 1.215302 -1.086035 0.000000
v 0.390466 -1.099922 0.058148
v 0.383718 -1.099372 0.000000
v 0.400031 -1.099996 0.086262
v 0.410001 -1.100001 0.097423
v 0.420000 -1.100001 0.099285
v 0.429999 -1.100004 0.096719
v 0.440000 -1.100025 0.094419
v 0.449996 -1.100031 0.087380
v 0.459963 -1.100085 0.072712
v 0.469331 -1.093334 0.000000
v 0.469921 -1.100416 0.058762
v 0.476032 -1.094638 0.000000
v 0.479531 -1.100849 0.000000
v 0.510021 -1.100026 0.067715
v 0.500355 -1.100358 0.000000
v 0.519580 -1.100001 0.065626
v 0.526435 -1.100000 0.000000
v 0.670947 -1.099053 0.000000
v 0.664074 -1.095926 0.000000
v 0.680131 -1.099869 0.061693
v 0.690009 -1.099992 0.086662
v 0.700000 -1.100000 0.099995
v 0.710000 -1.100000 0.108264
v 0.720000 -1.100000 0.115338
v 0.730000 -1.100000 0.120622
v 0.740000 -1.100000 0.119790
v 0.750000 -1.100000 0.115100
v 0.760000 -1.100000 0.109226
v 0.770000 -1.100000 0.101353
v 0.779993 -1.099994 0.088412
v 0.789876 -1.099900 0.061996
v 0.798991 -1.099059 0.000000
v 0.805341 -1.095966 0.000000
v 1.050941 -1.098991 0.000000
v 1.044012 -1.095940 0.000000
v 1.060112 -1.099573 0.058308
v 1.070038 -1.099915 0.072696
v 1.080004 -1.099972 0.087512
v 1.090001 -1.099996 0.095572
v 1.100000 -1.099999 0.101760
v 1.110000 -1.100000 0.106936
v 1.120000 -1.100000 0.111208
v 1.130000 -1.100000 0.115429
v 1.140000 -1.100000 0.119355
v 1.150000 -1.100000 0.121443
v 1.160000 -1.100000 0.118914
v 1.170000 -1.100000 0.113625
v 1.179999 -1.100000 0.106042
v 1.189975 -1.100000 0.094352
v 1.199626 -1.099991 0.069512
v 1.206838 -1.099899 0.000000
v 0.390898 -1.109486 0.000000
v 0.384696 -1.106031 0.000000
v 0.400085 -1.109962 0.072560
v 0.410004 -1.109998 0.094553
v 0.420000 -1.110000 0.103093
v 0.430000 -1.110000 0.105679
v 0.440000 -1.110001 0.105465
v 0.450000 -1.110001 0.101458
v 0.459999 -1.110004 0.095530
v 0.469996 -1.110028 0.087665
v 0.479967 -1.110079 0.074693
v 0.489988 -1.102678 0.000000
v 0.489999 -1.110316 0.071729
v 0.500022 -1.110045 0.073997
v 0.509975 -1.110003 0.083154
v 0.519577 -1.109999 0.068452
v 0.526434 -1.109997 0.000000
v 0.680946 -1.109056 0.000000
v 0.674074 -1.105926 0.000000
v 0.690121 -1.109900 0.062115
v 0.700007 -1.109995 0.088522
v 0.710000 -1.110000 0.101982
v 0.720000 -1.110000 0.110876
v 0.730000 -1.110000 0.116535
v 0.740000 -1.110000 0.114603
v 0.750000 -1.110000 0.108516
v 0.760000 -1.110000 0.101548
v 0.769995 -1.109996 0.091973
v 0.779919 -1.109941 0.072106
v 0.789169 -1.109480 0.000000
v 0.795940 -1.105988 0.000000
v 1.060674 -1.106665 0.000000
v 1.054034 -1.105341 0.000000
v 1.070514 -1.109106 0.000000
v 1.080081 -1.109582 0.058730
v 1.090037 -1.109915 0.072720
v 1.100004 -1.109972 0.087513
v 1.110001 -1.109996 0.095572
v 1.120000 -1.109999 0.101759
v 1.130000 -1.110000 0.106918
v 1.140000 -1.110000 0.110947
v 1.150000 -1.110000 0.113333
v 1.160000 -1.110000 0.110887
v 1.170000 -1.110000 0.106460
v 1.179999 -1.109999 0.099287
v 1.189966 -1.109991 0.085491
v 1.199525 -1.109891 0.057888
v 1.206281 -1.109367 0.000000
v 0.400427 -1.119888 0.058299
v 0.393335 -1.119326 0.000000
v 0.410031 -1.119991 0.085536
v 0.420001 -1.120000 0.099019
v 0.430000 -1.120000 0.105944
v 0.440000 -1.120000 0.109771
v 0.450000 -1.120000 0.109210
v 0.460000 -1.120000 0.106409
v 0.470000 -1.120001 0.101768
v 0.479999 -1.120004 0.096945
v 0.490000 -1.120022 0.094417
v 0.500000 -1.120002 0.092142
v 0.509972 -1.119997 0.087733
v 0.519575 -1.119973 0.067840
v 0.526417 -1.119937 0.000000
v 0.690831 -1.119484 0.000000
v 0.684056 -1.115988 0.000000
v 0.700081 -1.119963 0.072832
v 0.710004 -1.119999 0.095565
v 0.720000 -1.120000 0.106519
v 0.730000 -1.120000 0.112170
v 0.740000 -1.120000 0.109760
v 0.750000 -1.120000 0.102000
v 0.759997 -1.119997 0.090313
v 0.769950 -1.119950 0.072528
v 0.779592 -1.119594 0.055042
v 0.786671 -1.119242 0.000000
v 1.080669 -1.116666 0.000000
v 1.073972 -1.115359 0.000000
v 1.090514 -1.119106 0.000000
v 1.100081 -1.119582 0.058730
v 1.110037 -1.119915 0.072720
v 1.120004 -1.119972 0.087512
v 1.130001 -1.119996 0.095554
v 1.140000 -1.119999 0.101481
v 1.150000 -1.119999 0.104647
v 1.160000 -1.119999 0.101472
v 1.169999 -1.119996 0.095376
v 1.179991 -1.119969 0.085603
v 1.189866 -1.119866 0.061460
v 1.198986 -1.119055 0.000000
v 1.205285 -1.115969 0.000000
v 0.401010 -1.129055 0.000000
v 0.394659 -1.125966 0.000000
v 0.410134 -1.129869 0.061574
v 0.420010 -1.129990 0.086568
v 0.430000 -1.130000 0.099584
v 0.440000 -1.130000 0.107033
v 0.450000 -1.130000 0.111226
v 0.460000 -1.130000 0.112111
v 0.470000 -1.130000 0.109579
v 0.480000 -1.130000 0.105463
v 0.490000 -1.130001 0.099104
v 0.499996 -1.129997 0.088787
v 0.509947 -1.129950 0.071984
v 0.519540 -1.129597 0.054532
v 0.526245 -1.129285 0.000000
v 0.700417 -1.129920 0.058730
v 0.693330 -1.129331 0.000000
v 0.710028 -1.129995 0.087413
v 0.720001 -1.130000 0.100869
v 0.730000 -1.130000 0.106926
v 0.740000 -1.130000 0.104593
v 0.749997 -1.129998 0.095152
v 0.759949 -1.129971 0.073202
v 0.769595 -1.129599 0.000000
v 0.779255 -1.126713 0.000000
v 0.785380 -1.125383 0.000000
v 1.100669 -1.126666 0.000000
v 1.093972 -1.125359 0.000000
v 1.110514 -1.129106 0.000000
v 1.120080 -1.129582 0.058729
v 1.130037 -1.129915 0.072700
v 1.140004 -1.129969 0.087183
v 1.150000 -1.129972 0.092585
v 1.159996 -1.129969 0.087182
v 1.169962 -1.129915 0.072675
v 1.179888 -1.129573 0.058305
v 1.189055 -1.128990 0.000000
v 1.195921 -1.125921 0.000000
v 0.173935 -1.134745 0.000000
v 0.179907 -1.133941 0.000000
v 0.179604 -1.140436 0.030528
v 0.170906 -1.141011 0.000000
v 0.185384 -1.134617 0.000000
v 0.186062 -1.140098 0.000000
v 0.410947 -1.139053 0.000000
v 0.404079 -1.135926 0.000000
v 0.420131 -1.139869 0.061690
v 0.430009 -1.139992 0.086647
v 0.440000 -1.140000 0.099898
v 0.450000 -1.140000 0.107569
v 0.460000 -1.140000 0.112181
v 0.470000 -1.140000 0.111468
v 0.480000 -1.140000 0.105705
v 0.489997 -1.139999 0.095211
v 0.499950 -1.139972 0.073101
v 0.509595 -1.139599 0.000000
v 0.519249 -1.136713 0.000000
v 0.525322 -1.135386 0.000000
v 0.700894 -1.139482 0.000000
v 0.694641 -1.136028 0.000000
v 0.710084 -1.139941 0.071973
v 0.720005 -1.139995 0.091594
v 0.730000 -1.139999 0.098411
v 0.739998 -1.139996 0.094778
v 0.749970 -1.139970 0.084597
v 0.759576 -1.139886 0.058233
v 0.766709 -1.139338 0.000000
v 1.120669 -1.136666 0.000000
v 1.113972 -1.135359 0.000000
v 1.130514 -1.139102 0.000000
v 1.140077 -1.139530 0.058121
v 1.150000 -1.139572 0.067110
v 1.159923 -1.139530 0.058121
v 1.169486 -1.139102 0.000000
v 1.179326 -1.136665 0.000000
v 1.185966 -1.135341 0.000000
v 0.164007 -1.144059 0.000000
v 0.170013 -1.150087 0.042411
v 0.160469 -1.150816 0.000000
v 0.179108 -1.149523 0.000000
v 0.185274 -1.146127 0.000000
v 0.420946 -1.149056 0.000000
v 0.414074 -1.145926 0.000000
v 0.430121 -1.149900 0.062114
v 0.440007 -1.149995 0.088501
v 0.450000 -1.150000 0.101691
v 0.460000 -1.150000 0.108760
v 0.470000 -1.150000 0.108659
v 0.479999 -1.150000 0.101390
v 0.489972 -1.149996 0.087469
v 0.499585 -1.149920 0.058760
v 0.506711 -1.149343 0.000000
v 0.710409 -1.149591 0.054952
v 0.703332 -1.149242 0.000000
v 0.720059 -1.149915 0.071296
v 0.730001 -1.149965 0.081624
v 0.739962 -1.149915 0.071972
v 0.749885 -1.149573 0.058149
v 0.758992 -1.148992 0.000000
v 0.765344 -1.145962 0.000000
v 1.140624 -1.146242 0.000000
v 1.133968 -1.145301 0.000000
v 1.150000 -1.146398 0.000000
v 1.159377 -1.146242 0.000000
v 1.166032 -1.145301 0.000000
v 0.044978 -1.153780 0.000000
v 0.050793 -1.153626 0.000000
v 0.050941 -1.159964 0.000000
v 0.044998 -1.157069 0.000000
v 0.060070 -1.153575 0.000000
v 0.060088 -1.160388 0.051496
v 0.070003 -1.153566 0.000000
v 0.070004 -1.160421 0.066678
v 0.080000 -1.153565 0.000000
v 0.080000 -1.160423 0.070262
v 0.090000 -1.153565 0.000000
v 0.090000 -1.160423 0.070944
v 0.100000 -1.153565 0.000000
v 0.100000 -1.160423 0.071060
v 0.110000 -1.153565 0.000000
v 0.110000 -1.160423 0.071083
v 0.120000 -1.153565 0.000000
v 0.120000 -1.160423 0.071091
v 0.130000 -1.153563 0.000000
v 0.130000 -1.160423 0.071041
v 0.140002 -1.153526 0.000000
v 0.140000 -1.160419 0.070778
v 0.150043 -1.153140 0.000000
v 0.150002 -1.160371 0.069772
v 0.160004 -1.160075 0.065048
v 0.169587 -1.159927 0.051503
v 0.176667 -1.159333 0.000000
v 0.430831 -1.159484 0.000000
v 0.424056 -1.155988 0.000000
v 0.440081 -1.159963 0.072817
v 0.450004 -1.159999 0.095334
v 0.460000 -1.160000 0.104666
v 0.470000 -1.160000 0.104659
v 0.479996 -1.159999 0.095309
v 0.489915 -1.159963 0.072703
v 0.499107 -1.159486 0.000000
v 0.505362 -1.156029 0.000000
v 0.710758 -1.156668 0.000000
v 0.704621 -1.155379 0.000000
v 0.720512 -1.159099 0.000000
v 0.730000 -1.159484 0.046443
v 0.739492 -1.159100 0.000000
v 0.749326 -1.156665 0.000000
v 0.755961 -1.155341 0.000000
v 0.060418 -1.169947 0.055473
v 0.053336 -1.169369 0.000000
v 0.070028 -1.170023 0.081656
v 0.080001 -1.170027 0.091873
v 0.090000 -1.170027 0.095031
v 0.100000 -1.170027 0.095859
v 0.110000 -1.170027 0.096129
v 0.120000 -1.170027 0.096233
v 0.130000 -1.170027 0.095754
v 0.140000 -1.170027 0.093857
v 0.149996 -1.170023 0.088176
v 0.159917 -1.169967 0.068703
v 0.169107 -1.169486 0.000000
v 0.175359 -1.166028 0.000000
v 0.440417 -1.169919 0.058717
v 0.433330 -1.169331 0.000000
v 0.450029 -1.169996 0.087224
v 0.460001 -1.170000 0.099252
v 0.469999 -1.170000 0.099252
v 0.479972 -1.169996 0.087223
v 0.489582 -1.169919 0.058711
v 0.496666 -1.169331 0.000000
v 0.730000 -1.166051 0.000000
v 0.723882 -1.165273 0.000000
v 0.736118 -1.165273 0.000000
v 0.060894 -1.179487 0.000000
v 0.054641 -1.176031 0.000000
v 0.070085 -1.179963 0.071981
v 0.080004 -1.179999 0.093521
v 0.090000 -1.180001 0.101627
v 0.100000 -1.180001 0.104633
v 0.110000 -1.180001 0.106259
v 0.120000 -1.180001 0.107033
v 0.130000 -1.180001 0.104947
v 0.139999 -1.180001 0.098851
v 0.149972 -1.179997 0.086455
v 0.159582 -1.179920 0.058320
v 0.166666 -1.179331 0.000000
v 0.440894 -1.179486 0.000000
v 0.434641 -1.176028 0.000000
v 0.450085 -1.179962 0.072396
v 0.460004 -1.179998 0.092702
v 0.469996 -1.179998 0.092702
v 0.479915 -1.179962 0.072396
v 0.489106 -1.179486 0.000000
v 0.495359 -1.176028 0.000000
v 0.070427 -1.189885 0.058146
v 0.063335 -1.189326 0.000000
v 0.080030 -1.189970 0.084459
v 0.090002 -1.189996 0.094719
v 0.100000 -1.190000 0.100923
v 0.110000 -1.190000 0.106155
v 0.120000 -1.190000 0.109149
v 0.130000 -1.190000 0.105292
v 0.139996 -1.189999 0.095147
v 0.149915 -1.189963 0.072629
v 0.159106 -1.189486 0.000000
v 0.165359 -1.186028 0.000000
v 0.450427 -1.189885 0.057967
v 0.443335 -1.189326 0.000000
v 0.460029 -1.189967 0.082432
v 0.469971 -1.189967 0.082432
v 0.479573 -1.189885 0.057967
v 0.486665 -1.189326 0.000000
v 0.071008 -1.198992 0.000000
v 0.064659 -1.195961 0.000000
v 0.080115 -1.199573 0.058192
v 0.090038 -1.199918 0.072754
v 0.100005 -1.199994 0.088425
v 0.110000 -1.200000 0.099577
v 0.120000 -1.200000 0.104669
v 0.129999 -1.200000 0.100520
v 0.139972 -1.199996 0.087366
v 0.149582 -1.199920 0.058718
v 0.156666 -1.199331 0.000000
v 0.451008 -1.198988 0.000000
v 0.444659 -1.195961 0.000000
v 0.460106 -1.199518 0.055735
v 0.469894 -1.199518 0.055735
v 0.478993 -1.198988 0.000000
v 0.485341 -1.195961 0.000000
v 0.080674 -1.206668 0.000000
v 0.074039 -1.205341 0.000000
v 0.090515 -1.209173 0.000000
v 0.100090 -1.209910 0.062507
v 0.110006 -1.209996 0.088124
v 0.120000 -1.210000 0.098388
v 0.129996 -1.209999 0.093958
v 0.139915 -1.209963 0.072541
v 0.149106 -1.209486 0.000000
v 0.155359 -1.206028 0.000000
v 0.460573 -1.206224 0.000000
v 0.454031 -1.205281 0.000000
v 0.469427 -1.206224 0.000000
v 0.475969 -1.205281 0.000000
v 0.100827 -1.219485 0.000000
v 0.093993 -1.216007 0.000000
v 0.110082 -1.219962 0.072319
v 0.120003 -1.219998 0.091150
v 0.129972 -1.219995 0.085802
v 0.139582 -1.219919 0.058568
v 0.146666 -1.219331 0.000000
v 0.110427 -1.229885 0.057706
v 0.103332 -1.229326 0.000000
v 0.120026 -1.229966 0.079941
v 0.129917 -1.229938 0.070030
v 0.139106 -1.229482 0.000000
v 0.145359 -1.226028 0.000000
v 0.111007 -1.238988 0.000000
v 0.104659 -1.235961 0.000000
v 0.120085 -1.239519 0.055164
v 0.129600 -1.239537 0.052561
v 0.136668 -1.239237 0.000000
v 0.120568 -1.246224 0.000000
v 0.114031 -1.245281 0.000000
v 0.129343 -1.246227 0.000000
v 0.135387 -1.245319 0.000000
f 580 619 618 579
f 26 35 34 25
f 42 50 51 44
f 4022 4027 4029 4023
f 824 868 869 825
f 21 22 24 23
f 12 20 22 21
f 19 30 31 20
f 182 200 201 184
f 3975 3993 3994 3976
f 173 190 192 174
f 1978 1981 1980 1979
f 3936 3961 3962 3937
f 4003 4018 4019 4004
f 3989 4007 4006 3991
f 3943 3967 3968 3944
f 95 105 107 106
f 91 103 104 93
f 4009 4020 4022 4010
f 31 40 41 32
f 3229 3281 3282 3232
f 913 963 964 914
f 1646 1688 1690 1648
f 13 15 14 4
f 1922 1976 1977 1923
f 4033 4039 4038 4035
f 2011 2060 2061 2012
f 7 8 10 9
f 2970 2988 2990 2972
f 1133 1175 1176 1134
f 4025 4031 4032 4026
f 3957 3977 3978 3958
f 4030 4036 4037 4031
f 2124 2126 2125 2075
f 3312 3313 3315 3314
f 3994 4010 4011 3995
f 30 39 40 31
f 27 36 37 28
f 3974 3992 3993 3975
f 8 18 19 10
f 470 510 511 471
f 411 433 434 412
f 3955 3975 3976 3956
f 1995 2045 2046 1996
f 1938 1993 1994 1939
f 40 48 49 41
f 2743 2746 2745 2744
f 155 174 175 156
f 3478 3536 3538 3481
f 131 148 147 130
f 3952 3971 3973 3953
f 46 53 52 45
f 20 31 32 22
f 2060 2109 2110 2061
f 3571 3626 3627 3572
f 75 81 80 74
f 45 52 54 47
f 38 45 47 39
f 39 47 48 40
f 1953 2007 2008 1954
f 3853 3906 3907 3855
f 1434 1484 1485 1435
f 3 16 17 6
f 174 192 193 175
f 970 1017 1016 969
f 63 71 72 64
f 98 114 115 99
f 1350 1404 1405 1353
f 56 62 63 57
f 469 509 510 470
f 93 104 105 95
f 3121 3151 3152 3123
f 1207 1251 1253 1206
f 48 55 56 49
f 1945 2000 1999 1944
f 69 76 77 70
f 4 14 16 3
f 219 249 250 220
f 2516 2579 2580 2517
f 3837 3870 3871 3838
f 16 27 28 17
f 481 517 518 483
f 107 121 122 109
f 61 69 70 62
f 87 88 91 90
f 3959 3979 3980 3960
f 2016 2065 2066 2017
f 10 19 20 12
f 3960 3980 3981 3961
f 71 78 79 72
f 1745 1787 1788 1746
f 2051 2102 2103 2052
f 1997 2047 2048 1998
f 2100 2155 2157 2099
f 186 217 216 185
f 149 168 169 150
f 70 77 78 71
f 4028 4034 4033 4027
f 47 54 55 48
f 88 101 103 91
f 1389 1438 1439 1390
f 621 661 662 622
f 2 3 6 5
f 83 98 99 84
f 3998 4014 4015 3999
f 1432 1482 1483 1433
f 1961 2015 2016 1962
f 291 321 322 292
f 140 156 157 141
f 101 118 117 103
f 904 954 955 905
f 3462 3520 3521 3463
f 473 513 514 475
f 3328 3331 3330 3329
f 1633 1634 1636 1635
f 125 142 143 127
f 126 127 129 128
f 3846 3876 3878 3847
f 112 130 132 114
f 178 196 197 179
f 749 797 798 750
f 247 277 276 246
f 221 252 251 223
f 141 157 158 142
f 2035 2085 2086 2036
f 2246 2301 2302 2245
f 2084 2139 2140 2085
f 1731 1772 1773 1733
f 953 1001 1002 954
f 319 351 352 320
f 133 150 151 134
f 142 158 159 143
f 3518 3572 3573 3519
f 144 160 161 146
f 3493 3550 3551 3494
f 3509 3563 3564 3510
f 109 122 123 111
f 2902 2925 2926 2903
f 118 136 135 117
f 120 138 139 121
f 639 679 680 640
f 301 330 331 302
f 18 29 30 19
f 526 565 566 528
f 1032 1034 1033 987
f 96 112 114 98
f 3599 3652 3654 3600
f 961 1009 1010 962
f 2017 2066 2067 2018
f 204 207 206 205
f 115 133 134 116
f 78 84 85 79
f 3002 3014 3015 3003
f 2010 2059 2060 2011
f 157 176 177 158
f 2132 2192 2193 2134
f 275 303 305 304
f 2018 2067 2068 2019
f 977 1024 1025 978
f 2511 2574 2575 2512
f 2009 2058 2059 2010
f 3641 3692 3693 3642
f 372 400 399 374
f 22 32 33 24
f 168 187 188 169
f 367 394 396 369
f 41 49 50 42
f 259 289 290 260
f 2274 2330 2332 2276
f 181 199 200 182
f 166 185 187 168
f 119 137 138 120
f 208 209 211 210
f 1070 1114 1115 1071
f 3201 3239 3240 3202
f 2227 2280 2281 2228
f 3840 3873 3874 3841
f 365 392 393 366
f 99 115 116 100
f 108 109 111 110
f 2116 2172 2173 2117
f 433 465 466 434
f 1112 1158 1159 1113
f 200 231 232 201
f 258 288 289 259
f 2001 2051 2052 2002
f 197 228 229 198
f 191 222 221 190
f 192 223 224 193
f 965 1013 1014 966
f 1077 1119 1121 1076
f 243 272 273 245
f 364 391 392 365
f 205 206 209 208
f 1042 1085 1086 1043
f 215 239 241 240
f 176 194 195 177
f 2597 2660 2661 2598
f 952 1000 999 951
f 531 532 534 533
f 375 401 402 376
f 235 266 265 234
f 206 234 236 209
f 3202 3240 3241 3203
f 326 357 358 327
f 82 96 98 83
f 165 182 184 183
f 231 260 261 232
f 198 229 230 199
f 104 119 120 105
f 2301 2358 2359 2302
f 260 290 291 261
f 445 485 486 448
f 3968 3987 3988 3969
f 334 335 337 336
f 223 251 253 224
f 3967 3986 3987 3968
f 1717 1754 1755 1718
f 225 254 255 226
f 211 237 238 213
f 2042 2092 2093 2043
f 3864 3914 3915 3865
f 2083 2138 2139 2084
f 362 389 390 363
f 2648 2708 2709 2649
f 147 166 168 149
f 423 456 455 425
f 3804 3844 3843 3805
f 246 276 278 248
f 199 230 231 200
f 880 932 933 881
f 742 787 788 743
f 2025 2075 2074 2024
f 267 296 297 268
f 3113 3147 3148 3115
f 262 292 293 264
f 127 143 144 129
f 1277 1278 1280 1279
f 3365 3418 3420 3419
f 525 564 565 526
f 300 329 330 301
f 114 132 133 115
f 2091 2147 2148 2092
f 148 167 166 147
f 2324 2381 2382 2325
f 1798 1835 1834 1797
f 571 611 613 612
f 969 1016 1018 971
f 255 285 286 256
f 278 308 309 279
f 3106 3107 3109 3108
f 3190 3192 3191 3162
f 33 42 44 43
f 307 339 338 306
f 3105 3143 3144 3107
f 277 307 306 276
f 270 299 300 271
f 287 317 318 288
f 2558 2561 2560 2559
f 518 557 558 519
f 122 140 141 123
f 338 367 369 340
f 527 528 530 529
f 403 426 427 404
f 288 318 319 289
f 132 149 150 133
f 150 169 170 151
f 1357 1409 1410 1358
f 597 636 637 598
f 340 369 370 341
f 245 273 275 274
f 254 284 285 255
f 303 332 333 305
f 2492 2554 2555 2493
f 1791 1829 1830 1792
f 2049 2101 2102 2051
f 58 64 66 65
f 681 726 727 682
f 295 324 323 294
f 232 261 262 233
f 522 561 562 523
f 627 667 668 628
f 3453 3511 3512 3454
f 672 717 718 673
f 171 191 190 173
f 271 300 301 272
f 2041 2091 2092 2042
f 561 602 603 562
f 2066 2115 2116 2067
f 309 341 342 310
f 156 175 176 157
f 1495 1542 1543 1496
f 555 596 597 556
f 661 706 707 662
f 583 622 623 584
f 333 364 365 335
f 2147 2203 2204 2148
f 327 358 359 328
f 3034 3044 3045 3035
f 2058 2107 2108 2059
f 363 390 391 364
f 2057 2105 2107 2058
f 302 331 332 303
f 343 373 372 345
f 2212 2267 2266 2211
f 239 270 271 241
f 1017 1062 1061 1016
f 162 163 165 164
f 236 267 268 237
f 349 377 378 350
f 320 352 353 321
f 180 198 199 181
f 240 241 243 242
f 691 736 737 692
f 111 123 125 124
f 350 378 379 351
f 359 386 387 360
f 360 387 388 361
f 3911 3941 3942 3912
f 121 139 140 122
f 725 771 772 726
f 351 379 380 352
f 2123 2178 2180 2179
f 2244 2246 2245 2190
f 3319 3369 3370 3320
f 410 432 433 411
f 146 161 163 162
f 647 687 688 648
f 341 370 371 342
f 374 399 401 375
f 335 365 366 337
f 376 402 403 377
f 283 313 314 284
f 1653 1695 1694 1652
f 1489 1536 1537 1490
f 279 309 310 280
f 919 971 972 920
f 779 820 821 780
f 229 258 259 230
f 444 445 448 447
f 368 395 394 367
f 679 724 725 680
f 237 268 269 238
f 497 536 535 496
f 985 987 986 940
f 506 545 546 507
f 317 349 350 318
f 358 385 386 359
f 1090 1133 1134 1091
f 328 359 360 329
f 4013 4025 4026 4014
f 490 491 493 492
f 501 540 539 500
f 3193 3235 3236 3194
f 383 408 407 382
f 711 757 758 712
f 1627 1674 1675 1628
f 253 283 284 254
f 228 257 258 229
f 2336 2392 2393 2337
f 1829 1880 1881 1830
f 435 467 468 436
f 510 549 550 511
f 389 414 415 390
f 447 448 450 449
f 248 278 279 249
f 175 193 194 176
f 875 878 877 876
f 2137 2196 2197 2138
f 3153 3186 3187 3154
f 187 218 219 188
f 1026 1071 1072 1027
f 391 416 417 392
f 2268 2325 2326 2269
f 257 287 288 258
f 915 965 966 916
f 3145 3178 3179 3146
f 2203 2259 2260 2204
f 408 430 429 407
f 3421 3483 3482 3423
f 414 436 437 415
f 195 226 227 196
f 440 472 473 442
f 819 863 864 820
f 2252 2308 2309 2253
f 1049 1091 1092 1050
f 783 824 825 784
f 3137 3170 3171 3138
f 909 959 960 910
f 429 462 463 431
f 413 435 436 414
f 468 508 509 469
f 478 479 481 480
f 857 904 905 858
f 448 486 487 450
f 3544 3601 3602 3545
f 797 844 845 798
f 2081 2136 2137 2082
f 2210 2212 2211 2156
f 106 107 109 108
f 2171 2227 2228 2172
f 268 297 298 269
f 480 481 483 482
f 517 556 557 518
f 483 518 519 484
f 251 281 283 253
f 431 463 464 432
f 357 384 385 358
f 1169 1218 1219 1170
f 847 895 896 848
f 453 498 499 454
f 462 502 503 463
f 471 511 512 472
f 3416 3464 3465 3417
f 981 1028 1029 982
f 477 515 516 479
f 252 282 281 251
f 487 522 523 489
f 1696 1733 1734 1697
f 1057 1099 1100 1058
f 1541 1583 1584 1542
f 416 438 439 417
f 113 131 130 112
f 948 996 997 949
f 2729 2777 2778 2730
f 446 484 485 445
f 516 555 556 517
f 3090 3091 3094 3093
f 1619 1667 1668 1621
f 241 271 272 243
f 515 554 555 516
f 388 413 414 389
f 954 1002 1003 955
f 1718 1755 1756 1719
f 479 516 517 481
f 2300 2356 2357 2299
f 662 707 708 663
f 546 587 588 547
f 226 255 256 227
f 675 720 721 676
f 227 256 257 228
f 430 460 462 429
f 809 853 855 811
f 472 512 513 473
f 2149 2205 2206 2150
f 443 446 445 444
f 1053 1095 1096 1054
f 3161 3193 3194 3163
f 493 525 526 495
f 318 350 351 319
f 512 551 552 513
f 2269 2326 2327 2270
f 927 976 977 929
f 190 221 223 192
f 1505 1554 1555 1506
f 2284 2340 2341 2285
f 439 471 472 440
f 2917 2940 2941 2918
f 1059 1101 1102 1060
f 548 589 590 549
f 218 248 249 219
f 485 520 521 486
f 3577 3632 3633 3578
f 399 424 423 401
f 528 566 567 530
f 2757 2803 2804 2758
f 521 560 561 522
f 466 506 507 467
f 2194 2251 2252 2195
f 461 501 500 460
f 1122 1166 1167 1123
f 308 340 341 309
f 520 559 560 521
f 2141 2143 2142 2088
f 634 674 675 635
f 2089 2145 2146 2090
f 999 1045 1047 1001
f 421 453 454 422
f 2827 2868 2869 2828
f 511 550 551 512
f 496 535 537 498
f 1245 1305 1306 1246
f 2413 2472 2473 2414
f 1141 1183 1184 1142
f 3185 3216 3217 3186
f 3976 3994 3995 3977
f 2547 2611 2613 2549
f 551 592 593 552
f 432 464 465 433
f 1560 1605 1606 1561
f 1009 1055 1056 1010
f 541 582 583 542
f 284 314 315 285
f 256 286 287 257
f 3177 3208 3209 3178
f 587 626 627 588
f 395 420 419 394
f 630 670 671 631
f 567 608 609 568
f 552 593 594 553
f 1907 1957 1958 1908
f 1131 1173 1172 1130
f 282 312 311 281
f 1071 1115 1116 1072
f 210 211 213 212
f 566 607 608 567
f 559 600 601 560
f 3162 3191 3193 3161
f 606 645 646 607
f 249 279 280 250
f 1197 1245 1246 1198
f 3169 3200 3201 3170
f 581 620 621 582
f 2283 2339 2340 2284
f 535 575 576 537
f 2332 2387 2389 2333
f 1214 1258 1259 1215
f 2549 2613 2614 2550
f 2121 2177 2178 2123
f 620 660 661 621
f 573 615 614 575
f 2267 2322 2324 2266
f 1747 1789 1790 1748
f 584 623 624 585
f 550 591 592 551
f 1219 1263 1264 1220
f 2113 2169 2170 2114
f 549 590 591 550
f 348 376 377 349
f 598 637 638 599
f 560 601 602 561
f 1253 1309 1310 1254
f 1081 1125 1126 1082
f 2242 2295 2296 2243
f 130 147 149 132
f 590 629 630 591
f 591 630 631 592
f 3122 3123 3125 3124
f 3661 3711 3712 3662
f 1115 1161 1162 1116
f 2105 2163 2162 2107
f 1151 1193 1195 1194
f 315 347 348 316
f 774 815 816 775
f 615 655 654 614
f 2372 2431 2432 2373
f 2374 2433 2434 2375
f 1097 1140 1141 1098
f 643 683 684 644
f 2234 2287 2288 2235
f 605 644 645 606
f 3245 3291 3292 3246
f 316 348 349 317
f 608 647 648 609
f 76 82 83 77
f 1291 1342 1343 1292
f 314 346 347 315
f 532 568 569 534
f 629 669 670 630
f 2323 2378 2380 2322
f 631 671 672 632
f 632 672 673 633
f 2982 3001 3002 2983
f 233 262 264 263
f 1325 1381 1382 1326
f 299 328 329 300
f 623 663 664 624
f 622 662 663 623
f 2412 2413 2414 2355
f 306 338 340 308
f 655 694 696 654
f 563 604 605 564
f 813 857 858 814
f 196 227 228 197
f 645 685 686 646
f 945 993 994 946
f 599 638 639 600
f 648 688 689 649
f 332 363 364 333
f 690 735 736 691
f 821 865 866 822
f 798 845 846 799
f 637 677 678 638
f 646 686 687 647
f 543 584 585 544
f 329 360 361 330
f 3798 3841 3842 3799
f 2885 2911 2912 2886
f 409 431 432 410
f 753 801 802 754
f 613 651 653 652
f 658 704 705 660
f 3261 3317 3316 3263
f 640 680 681 641
f 801 848 849 802
f 1371 1420 1421 1372
f 1397 1446 1447 1398
f 692 737 739 738
f 557 598 599 558
f 2307 2364 2365 2308
f 407 429 431 409
f 616 656 657 617
f 3630 3682 3683 3631
f 545 586 587 546
f 1025 1070 1071 1026
f 3265 3318 3319 3267
f 508 547 548 509
f 670 715 716 671
f 568 609 610 569
f 2910 2933 2934 2911
f 2118 2174 2175 2119
f 654 696 697 656
f 347 375 376 348
f 2178 2234 2235 2180
f 2420 2479 2480 2421
f 3581 3636 3635 3580
f 794 841 843 796
f 715 761 762 716
f 1295 1346 1347 1296
f 669 714 715 670
f 758 806 807 759
f 695 741 740 694
f 680 725 726 681
f 775 816 817 776
f 3045 3054 3055 3046
f 2233 2286 2287 2234
f 3217 3255 3256 3218
f 701 748 749 703
f 2339 2395 2396 2340
f 700 701 703 659
f 704 750 751 705
f 1260 1316 1317 1261
f 1459 1511 1512 1460
f 1453 1504 1505 1452
f 1058 1100 1101 1059
f 717 763 764 718
f 702 746 748 701
f 663 708 709 664
f 2380 2440 2441 2381
f 1351 1402 1404 1350
f 537 576 577 538
f 2177 2233 2234 2178
f 1375 1424 1425 1376
f 709 755 756 710
f 718 764 765 719
f 2154 2156 2155 2100
f 720 766 767 721
f 2442 2502 2503 2443
f 677 722 723 678
f 1585 1629 1630 1586
f 2347 2408 2409 2349
f 420 452 451 419
f 734 780 781 735
f 755 803 804 756
f 778 819 820 779
f 756 804 805 757
f 2033 2083 2084 2034
f 726 772 773 727
f 719 765 766 720
f 712 758 759 713
f 1287 1338 1339 1288
f 3181 3212 3213 3182
f 2169 2225 2226 2170
f 2314 2370 2371 2315
f 379 405 406 380
f 1126 1170 1171 1127
f 743 788 789 744
f 688 733 734 689
f 495 526 528 527
f 1563 1608 1610 1565
f 1589 1592 1591 1590
f 1431 1481 1482 1432
f 733 779 780 734
f 710 756 757 711
f 404 427 428 405
f 3146 3179 3180 3147
f 3231 3232 3233 3192
f 1153 1154 1156 1111
f 2145 2201 2202 2146
f 2306 2363 2364 2307
f 757 805 806 758
f 638 678 679 639
f 759 807 808 760
f 1427 1477 1478 1428
f 2508 2571 2572 2509
f 835 836 838 837
f 2562 2626 2627 2563
f 751 799 800 752
f 2460 2517 2518 2461
f 394 419 421 396
f 355 382 384 357
f 3743 3785 3786 3744
f 1613 1657 1658 1614
f 1121 1165 1166 1122
f 3233 3283 3284 3234
f 781 822 823 782
f 665 710 711 666
f 727 773 774 728
f 752 800 801 753
f 1084 1128 1129 1085
f 2005 2056 2055 2007
f 386 411 412 387
f 505 544 545 506
f 1088 1131 1130 1087
f 683 728 729 684
f 1503 1551 1552 1502
f 519 558 559 520
f 750 798 799 751
f 671 716 717 672
f 832 833 836 835
f 536 573 575 535
f 1080 1124 1125 1081
f 2193 2250 2251 2194
f 1545 1587 1588 1546
f 773 814 815 774
f 2531 2594 2595 2532
f 492 493 495 494
f 2428 2489 2490 2429
f 1733 1773 1774 1734
f 1707 1744 1745 1708
f 876 877 880 879
f 741 786 785 740
f 1041 1084 1085 1042
f 2346 2402 2404 2403
f 831 834 833 832
f 281 311 313 283
f 384 409 410 385
f 1575 1619 1621 1577
f 1178 1227 1228 1179
f 823 867 868 824
f 2170 2226 2227 2171
f 1289 1340 1341 1290
f 3671 3719 3720 3672
f 859 906 907 860
f 3257 3303 3304 3258
f 685 730 731 686
f 822 866 867 823
f 839 885 886 840
f 816 860 861 817
f 2871 2901 2902 2872
f 3621 3673 3674 3622
f 814 858 859 815
f 565 606 607 566
f 879 880 881 834
f 800 847 848 801
f 2098 2100 2099 2050
f 1771 1812 1811 1770
f 426 457 458 427
f 3249 3295 3296 3250
f 3301 3356 3357 3302
f 582 621 622 583
f 799 846 847 800
f 768 810 809 769
f 2830 2871 2872 2831
f 161 180 181 163
f 1805 1840 1842 1808
f 1647 1689 1688 1646
f 2162 2220 2219 2164
f 1138 1180 1181 1139
f 696 742 743 697
f 3108 3109 3111 3110
f 3789 3832 3833 3790
f 2225 2278 2279 2226
f 2451 2508 2509 2452
f 576 616 617 577
f 854 901 900 853
f 3882 3883 3886 3885
f 4008 4021 4020 4009
f 2184 2242 2243 2185
f 1859 1921 1922 1861
f 891 943 944 892
f 3241 3287 3288 3242
f 625 665 666 626
f 2808 2851 2852 2809
f 272 301 302 273
f 1763 1797 1799 1765
f 1033 1076 1078 1035
f 900 952 951 902
f 2612 2677 2678 2611
f 926 927 929 928
f 484 519 520 485
f 3663 3713 3714 3664
f 2112 2168 2169 2113
f 2378 2439 2440 2380
f 2419 2478 2479 2420
f 855 902 903 856
f 2431 2492 2493 2432
f 1264 1320 1321 1266
f 1950 2006 2005 1952
f 1861 1922 1923 1862
f 1727 1763 1765 1726
f 979 1026 1027 980
f 894 946 947 895
f 895 947 948 896
f 3000 3012 3013 3001
f 77 83 84 78
f 1939 1994 1995 1940
f 3469 3470 3473 3472
f 2370 2429 2430 2371
f 878 930 931 877
f 667 712 713 668
f 460 500 502 462
f 3753 3794 3795 3754
f 829 873 874 830
f 812 856 857 813
f 911 961 962 912
f 5 6 8 7
f 97 113 112 96
f 939 988 989 941
f 1271 1272 1274 1273
f 2241 2294 2295 2242
f 862 909 910 863
f 903 953 954 904
f 877 931 932 880
f 1799 1836 1837 1800
f 2201 2257 2258 2202
f 451 496 498 453
f 1110 1157 1158 1112
f 863 910 911 864
f 2532 2595 2596 2533
f 503 542 543 504
f 978 1025 1026 979
f 1933 1988 1987 1932
f 513 552 553 514
f 917 969 971 919
f 804 851 852 805
f 815 859 860 816
f 285 315 316 286
f 415 437 438 416
f 2217 2272 2273 2218
f 1553 1599 1600 1554
f 941 989 990 942
f 2483 2542 2544 2543
f 1239 1299 1300 1240
f 893 945 946 894
f 693 695 694 655
f 86 89 88 87
f 827 871 870 826
f 972 1019 1020 973
f 459 461 460 430
f 918 970 969 917
f 2019 2068 2069 2020
f 589 628 629 590
f 1405 1457 1458 1406
f 3321 3371 3372 3322
f 935 983 984 936
f 958 1006 1007 959
f 944 992 993 945
f 179 197 198 180
f 417 439 440 418
f 547 588 589 548
f 1911 1960 1961 1913
f 957 1005 1006 958
f 2467 2526 2527 2468
f 644 684 685 645
f 419 451 453 421
f 553 594 595 554
f 1050 1092 1093 1051
f 3281 3337 3338 3282
f 949 997 998 950
f 974 1021 1023 976
f 2258 2314 2315 2259
f 976 1023 1024 977
f 3680 3728 3729 3681
f 2107 2162 2164 2108
f 1003 1049 1050 1004
f 960 1008 1009 961
f 983 1030 1031 984
f 1184 1233 1234 1185
f 1209 1254 1255 1211
f 2353 2354 2356 2300
f 3329 3330 3333 3332
f 925 975 974 924
f 966 1014 1015 968
f 975 1022 1021 974
f 3309 3362 3363 3311
f 1189 1238 1237 1188
f 313 345 346 314
f 2093 2149 2150 2094
f 1991 2041 2042 1992
f 845 893 894 846
f 467 507 508 468
f 872 919 920 873
f 438 470 471 439
f 2249 2305 2306 2250
f 934 982 983 935
f 491 524 525 493
f 943 991 992 944
f 1000 1046 1045 999
f 1501 1502 1504 1453
f 2155 2213 2214 2157
f 1035 1078 1079 1036
f 3273 3322 3323 3275
f 989 1037 1038 990
f 1193 1242 1243 1195
f 955 1003 1004 956
f 2297 2300 2299 2298
f 1052 1094 1095 1053
f 1021 1066 1068 1023
f 1210 1211 1212 1164
f 2202 2258 2259 2203
f 2604 2666 2667 2605
f 1797 1834 1836 1799
f 2075 2125 2127 2074
f 2515 2578 2579 2516
f 475 514 515 477
f 556 597 598 557
f 2548 2612 2611 2547
f 731 777 778 732
f 1217 1261 1262 1218
f 2157 2214 2215 2158
f 2450 2507 2508 2451
f 1037 1080 1081 1038
f 1006 1052 1053 1007
f 1007 1053 1054 1008
f 1040 1083 1084 1041
f 1045 1087 1089 1047
f 780 821 822 781
f 1137 1179 1180 1138
f 1047 1089 1090 1048
f 1046 1088 1087 1045
f 1029 1074 1075 1030
f 540 579 581 539
f 1024 1069 1070 1025
f 1083 1127 1128 1084
f 49 56 57 50
f 2063 2112 2113 2064
f 1005 1051 1052 1006
f 2499 2564 2565 2500
f 1103 1105 1104 1062
f 1008 1054 1055 1009
f 1062 1104 1106 1061
f 234 265 267 236
f 737 783 784 739
f 1054 1096 1097 1055
f 1055 1097 1098 1056
f 3218 3256 3257 3219
f 2453 2510 2511 2454
f 1114 1160 1161 1115
f 530 567 568 532
f 668 713 714 669
f 509 548 549 510
f 1023 1068 1069 1024
f 2373 2432 2433 2374
f 412 434 435 413
f 2237 2289 2291 2290
f 940 986 988 939
f 523 562 563 524
f 1022 1067 1066 1021
f 951 999 1001 953
f 2596 2659 2660 2597
f 1019 1064 1065 1020
f 2363 2423 2424 2364
f 514 553 554 515
f 3289 3344 3345 3290
f 1061 1106 1107 1063
f 2677 2732 2733 2678
f 1064 1108 1109 1065
f 842 888 890 841
f 802 849 850 803
f 2127 2185 2186 2128
f 1096 1139 1140 1097
f 3085 3086 3088 3087
f 588 627 628 589
f 1710 1747 1748 1711
f 2644 2645 2647 2585
f 3013 3024 3025 3014
f 593 632 633 594
f 2257 2313 2314 2258
f 1152 1155 1154 1153
f 1079 1123 1124 1080
f 1323 1379 1380 1324
f 1186 1235 1236 1187
f 2317 2373 2374 2318
f 1569 1614 1615 1570
f 1093 1136 1137 1094
f 942 990 991 943
f 1089 1132 1133 1090
f 870 917 919 872
f 1140 1182 1183 1141
f 507 546 547 508
f 782 823 824 783
f 1111 1156 1157 1110
f 1104 1146 1148 1106
f 2229 2282 2283 2230
f 2411 2471 2472 2413
f 1147 1189 1188 1146
f 2482 2541 2542 2483
f 1125 1169 1170 1126
f 2659 2719 2720 2660
f 1 4 3 2
f 1072 1116 1117 1073
f 562 603 604 563
f 273 302 303 275
f 2191 2248 2249 2192
f 1101 1144 1145 1102
f 1274 1325 1326 1276
f 1135 1177 1178 1136
f 1170 1219 1220 1171
f 2381 2441 2442 2382
f 1038 1081 1082 1039
f 3313 3364 3365 3315
f 1069 1113 1114 1070
f 1142 1184 1185 1143
f 1119 1163 1165 1121
f 1016 1061 1063 1018
f 1164 1212 1213 1163
f 1013 1059 1060 1014
f 928 929 930 878
f 2491 2553 2554 2492
f 3305 3360 3361 3307
f 2289 2345 2346 2291
f 853 900 902 855
f 2819 2859 2861 2820
f 1087 1130 1132 1089
f 1136 1178 1179 1137
f 539 581 582 541
f 1273 1274 1276 1275
f 1149 1191 1192 1150
f 2255 2311 2310 2254
f 1094 1137 1138 1095
f 2298 2299 2301 2246
f 2764 2810 2811 2765
f 3482 3539 3541 3484
f 2387 2447 2446 2389
f 1195 1243 1244 1196
f 3297 3352 3353 3298
f 659 703 704 658
f 1250 1252 1251 1207
f 628 668 669 629
f 3322 3372 3373 3323
f 3925 3950 3952 3927
f 1225 1287 1288 1226
f 346 374 375 347
f 1196 1244 1245 1197
f 2643 2646 2645 2644
f 1159 1201 1202 1160
f 1176 1225 1226 1177
f 286 316 317 287
f 3429 3489 3490 3430
f 2514 2577 2578 2515
f 1181 1230 1231 1182
f 1166 1215 1216 1167
f 1183 1232 1233 1184
f 1168 1217 1218 1169
f 2563 2627 2628 2564
f 604 643 644 605
f 1190 1239 1240 1191
f 1667 1707 1708 1668
f 2461 2518 2520 2519
f 2319 2375 2376 2320
f 1173 1222 1221 1172
f 2571 2633 2634 2572
f 1199 1247 1248 1200
f 1144 1186 1187 1145
f 1987 2037 2039 1989
f 201 232 233 203
f 2321 2323 2322 2267
f 2506 2568 2570 2507
f 3477 3478 3481 3480
f 1275 1276 1278 1277
f 1157 1199 1200 1158
f 1191 1240 1241 1192
f 902 951 953 903
f 602 641 642 603
f 290 320 321 291
f 838 884 885 839
f 1206 1253 1254 1209
f 595 634 635 596
f 1167 1216 1217 1168
f 3250 3296 3297 3251
f 2299 2357 2358 2301
f 1266 1321 1322 1268
f 2525 2588 2589 2526
f 1108 1150 1151 1109
f 1213 1257 1258 1214
f 1198 1246 1247 1199
f 1095 1138 1139 1096
f 2668 2726 2727 2669
f 1150 1192 1193 1151
f 1174 1223 1224 1175
f 1221 1284 1285 1223
f 2423 2482 2483 2424
f 1200 1248 1249 1201
f 1502 1552 1553 1504
f 1318 1374 1375 1319
f 2281 2337 2338 2282
f 1823 1874 1875 1824
f 579 618 620 581
f 788 829 830 789
f 1123 1167 1168 1124
f 1237 1297 1299 1239
f 1390 1439 1440 1391
f 959 1007 1008 960
f 1232 1294 1295 1233
f 1422 1472 1473 1423
f 2611 2678 2679 2613
f 2013 2062 2063 2014
f 2034 2084 2085 2035
f 1229 1291 1292 1230
f 2675 2676 2677 2612
f 687 732 733 688
f 2652 2712 2713 2653
f 601 640 641 602
f 1276 1326 1327 1278
f 1230 1292 1293 1231
f 1256 1312 1313 1257
f 1370 1418 1420 1371
f 3401 3449 3450 3402
f 1262 1318 1319 1263
f 1240 1300 1301 1241
f 2587 2650 2651 2588
f 2605 2667 2668 2606
f 1454 1506 1507 1455
f 2439 2499 2500 2440
f 1269 1270 1272 1271
f 2595 2658 2659 2596
f 2338 2394 2395 2339
f 1216 1260 1261 1217
f 686 731 732 687
f 2691 2749 2750 2692
f 1105 1147 1146 1104
f 3353 3406 3407 3354
f 1205 1206 1209 1208
f 1278 1327 1328 1280
f 1252 1308 1307 1251
f 1300 1357 1358 1301
f 619 659 658 618
f 1160 1202 1203 1161
f 92 93 95 94
f 1739 1782 1783 1741
f 1307 1363 1365 1309
f 1777 1780 1779 1778
f 1261 1317 1318 1262
f 1270 1323 1324 1272
f 932 980 981 933
f 2708 2758 2759 2709
f 2583 2585 2584 2523
f 2393 2451 2452 2394
f 1349 1350 1353 1352
f 1238 1298 1297 1237
f 1223 1285 1286 1224
f 1280 1328 1330 1329
f 2030 2081 2082 2032
f 1338 1392 1393 1339
f 2685 2740 2741 2686
f 1673 1713 1714 1674
f 3533 3584 3585 3535
f 1258 1314 1315 1259
f 3337 3392 3393 3338
f 1304 1361 1362 1305
f 2899 2922 2923 2900
f 1662 1665 1664 1663
f 2377 2379 2378 2323
f 1340 1394 1395 1341
f 1309 1365 1366 1310
f 2635 2699 2700 2636
f 708 754 755 709
f 2684 2739 2740 2685
f 2779 2824 2825 2780
f 1302 1359 1360 1303
f 1301 1358 1359 1302
f 1303 1360 1361 1304
f 1320 1376 1377 1321
f 2310 2366 2368 2312
f 1241 1301 1302 1242
f 1355 1407 1408 1356
f 2586 2649 2650 2587
f 1285 1336 1337 1286
f 1326 1382 1383 1327
f 1327 1383 1384 1328
f 1312 1368 1369 1313
f 2678 2733 2734 2679
f 2574 2636 2637 2575
f 684 729 730 685
f 2619 2685 2686 2620
f 3171 3202 3203 3172
f 2667 2725 2726 2668
f 2313 2369 2370 2314
f 2671 2672 2674 2673
f 330 361 362 331
f 1342 1396 1397 1343
f 2578 2640 2641 2579
f 2898 2921 2922 2899
f 2765 2811 2812 2766
f 651 691 692 653
f 1910 1911 1913 1912
f 1329 1330 1332 1331
f 2305 2362 2363 2306
f 3361 3414 3415 3362
f 1333 1387 1389 1335
f 1334 1388 1387 1333
f 1343 1397 1398 1344
f 1288 1339 1340 1289
f 3318 3368 3369 3319
f 486 521 522 487
f 1387 1436 1438 1389
f 2711 2761 2762 2712
f 1365 1416 1417 1366
f 1310 1366 1367 1311
f 1335 1389 1390 1336
f 3290 3345 3346 3291
f 3230 3280 3281 3229
f 1609 1653 1652 1608
f 674 719 720 675
f 635 675 676 636
f 1694 1731 1733 1696
f 1311 1367 1368 1312
f 2748 2797 2798 2749
f 3499 3556 3557 3500
f 3333 3388 3389 3334
f 2853 2885 2886 2854
f 1404 1456 1457 1405
f 1381 1430 1431 1382
f 1254 1310 1311 1255
f 1231 1293 1294 1232
f 1426 1476 1477 1427
f 666 711 712 667
f 1283 1334 1333 1282
f 1886 1944 1946 1888
f 2618 2684 2685 2619
f 1373 1422 1423 1374
f 1374 1423 1424 1375
f 732 778 779 733
f 1344 1398 1399 1345
f 3542 3599 3600 3543
f 1383 1432 1433 1384
f 2811 2854 2855 2812
f 1341 1395 1396 1342
f 1407 1459 1460 1408
f 2931 2952 2953 2932
f 2783 2828 2829 2784
f 1293 1344 1345 1294
f 1354 1406 1407 1355
f 3209 3247 3248 3210
f 1392 1441 1442 1393
f 3950 3972 3971 3952
f 289 319 320 290
f 2337 2393 2394 2338
f 3385 3435 3436 3386
f 1165 1214 1215 1166
f 1414 1464 1466 1413
f 1415 1467 1468 1416
f 2732 2780 2781 2733
f 3870 3920 3921 3871
f 1530 1573 1574 1531
f 2061 2110 2111 2062
f 1444 1494 1495 1445
f 1406 1458 1459 1407
f 1463 1465 1464 1414
f 1424 1474 1475 1425
f 3787 3830 3831 3788
f 2070 2119 2120 2071
f 2925 2948 2949 2926
f 3377 3431 3432 3379
f 811 855 856 812
f 1382 1431 1432 1383
f 1391 1440 1441 1392
f 1408 1460 1461 1409
f 2879 2905 2907 2881
f 418 440 442 441
f 1445 1495 1496 1446
f 3369 3424 3425 3370
f 1290 1341 1342 1291
f 2322 2380 2381 2324
f 1376 1425 1426 1377
f 3086 3104 3105 3088
f 3003 3015 3016 3004
f 1113 1159 1160 1114
f 1476 1523 1524 1477
f 2963 2982 2983 2964
f 1352 1353 1354 1298
f 971 1018 1019 972
f 772 813 814 773
f 1208 1209 1211 1210
f 2082 2137 2138 2083
f 906 956 957 907
f 1483 1530 1531 1484
f 2658 2718 2719 2659
f 1413 1466 1467 1415
f 2723 2773 2772 2725
f 1439 1489 1490 1440
f 2088 2142 2144 2087
f 124 125 127 126
f 1506 1555 1556 1507
f 714 760 761 715
f 2959 2978 2977 2958
f 1471 1517 1519 1472
f 1438 1488 1489 1439
f 2916 2939 2940 2917
f 703 749 750 704
f 2206 2262 2263 2207
f 3021 3032 3033 3022
f 2650 2710 2711 2651
f 370 397 398 371
f 1478 1525 1526 1479
f 748 796 797 749
f 3394 3444 3443 3396
f 1063 1107 1108 1064
f 3075 3078 3077 3076
f 2369 2428 2429 2370
f 1380 1429 1430 1381
f 1487 1534 1533 1486
f 2707 2757 2758 2708
f 1488 1535 1536 1489
f 991 1039 1040 992
f 745 747 746 702
f 1523 1566 1567 1524
f 2391 2449 2450 2392
f 723 769 770 724
f 1494 1541 1542 1495
f 1479 1526 1527 1480
f 3084 3103 3104 3086
f 1456 1508 1509 1457
f 436 468 469 437
f 2979 2998 2999 2980
f 2361 2421 2422 2362
f 3047 3056 3057 3048
f 1469 1518 1517 1471
f 1486 1533 1535 1488
f 1447 1497 1498 1448
f 3330 3387 3388 3333
f 311 343 345 313
f 1321 1377 1378 1322
f 1446 1496 1497 1447
f 1509 1558 1559 1510
f 1399 1448 1449 1400
f 2804 2847 2848 2805
f 1639 1683 1684 1640
f 3131 3163 3164 3130
f 3093 3094 3096 3095
f 1641 1685 1686 1642
f 707 753 754 708
f 1678 1718 1719 1679
f 1255 1311 1312 1256
f 1512 1561 1562 1513
f 1567 1612 1613 1568
f 1533 1575 1577 1535
f 2763 2809 2810 2764
f 716 762 763 717
f 1526 1569 1570 1527
f 1525 1568 1569 1526
f 1511 1560 1561 1512
f 1536 1578 1579 1537
f 1903 1955 1956 1905
f 153 172 171 152
f 1477 1524 1525 1478
f 1590 1591 1594 1593
f 924 974 976 927
f 2836 2837 2839 2793
f 2247 2303 2304 2248
f 1572 1617 1618 1573
f 2345 2401 2402 2346
f 1421 1471 1472 1422
f 2739 2787 2788 2740
f 2410 2470 2471 2411
f 1552 1598 1599 1553
f 2183 2239 2241 2182
f 1594 1641 1642 1595
f 1579 1623 1624 1580
f 3473 3528 3529 3475
f 1544 1586 1587 1545
f 1559 1604 1605 1560
f 988 1036 1037 989
f 2470 2529 2530 2471
f 754 802 803 755
f 3159 3162 3161 3160
f 771 812 813 772
f 1558 1602 1604 1559
f 1551 1597 1598 1552
f 1520 1564 1563 1521
f 1423 1473 1474 1424
f 3203 3241 3242 3204
f 3149 3182 3183 3150
f 3425 3485 3486 3426
f 188 219 220 189
f 746 794 796 748
f 1549 1596 1597 1551
f 1464 1514 1516 1466
f 1527 1570 1571 1528
f 633 673 674 634
f 1443 1493 1494 1444
f 1604 1648 1649 1605
f 1581 1625 1626 1582
f 2613 2679 2680 2614
f 1682 1722 1723 1683
f 3417 3465 3466 3418
f 747 795 794 746
f 1550 1595 1596 1549
f 2775 2820 2821 2776
f 2852 2884 2885 2853
f 2614 2680 2681 2615
f 1107 1149 1150 1108
f 3191 3234 3235 3193
f 1597 1644 1645 1598
f 1534 1576 1575 1533
f 2354 2415 2416 2356
f 1576 1620 1619 1575
f 1330 1385 1386 1332
f 836 883 884 838
f 3409 3457 3458 3410
f 266 295 294 265
f 1637 1638 1639 1592
f 2795 2842 2843 2796
f 1583 1627 1628 1584
f 1608 1652 1654 1610
f 1292 1343 1344 1293
f 3299 3354 3355 3300
f 3673 3721 3722 3674
f 1636 1681 1682 1638
f 1557 1603 1602 1558
f 1606 1650 1651 1607
f 1663 1664 1666 1620
f 2820 2861 2862 2821
f 305 333 335 334
f 2738 2786 2787 2739
f 1622 1669 1670 1623
f 828 872 873 829
f 1624 1671 1672 1625
f 3127 3154 3156 3155
f 1666 1706 1707 1667
f 1631 1678 1679 1632
f 2787 2832 2833 2788
f 1616 1660 1661 1617
f 3447 3505 3506 3448
f 2782 2827 2828 2783
f 402 425 426 403
f 3263 3316 3318 3265
f 1638 1682 1683 1639
f 1623 1670 1671 1624
f 1584 1628 1629 1585
f 3383 3434 3435 3385
f 3379 3432 3433 3381
f 1630 1677 1678 1631
f 1588 1632 1634 1633
f 3370 3425 3426 3371
f 1345 1399 1400 1346
f 230 259 260 231
f 2730 2778 2779 2731
f 795 842 841 794
f 1614 1658 1659 1615
f 1591 1640 1641 1594
f 2900 2923 2924 2901
f 2599 2662 2663 2600
f 3275 3323 3325 3324
f 3097 3098 3099 3078
f 1524 1567 1568 1525
f 1621 1668 1669 1622
f 167 186 185 166
f 1535 1577 1578 1536
f 1648 1690 1691 1649
f 64 72 73 66
f 1353 1405 1406 1354
f 1691 1729 1730 1692
f 3433 3493 3494 3434
f 3991 4006 4008 3992
f 1672 1712 1713 1673
f 1654 1696 1697 1655
f 1297 1355 1356 1299
f 868 915 916 869
f 1542 1584 1585 1543
f 2884 2910 2911 2885
f 1932 1987 1989 1934
f 865 912 913 866
f 3405 3453 3454 3406
f 1722 1759 1760 1723
f 1688 1726 1728 1690
f 1655 1697 1698 1656
f 296 325 326 297
f 3102 3140 3141 3103
f 1265 1266 1268 1267
f 3327 3375 3377 3376
f 1669 1709 1710 1670
f 1398 1447 1448 1399
f 1695 1732 1731 1694
f 1680 1720 1721 1681
f 656 697 698 657
f 3531 3583 3584 3533
f 1723 1760 1761 1724
f 1657 1699 1700 1658
f 787 828 829 788
f 1134 1176 1177 1135
f 1971 1973 1972 1920
f 1656 1698 1699 1657
f 592 631 632 593
f 649 689 690 650
f 3697 3698 3699 3649
f 1818 1868 1869 1817
f 1711 1748 1749 1712
f 9 10 12 11
f 1592 1639 1640 1591
f 2228 2281 2282 2229
f 3823 3859 3860 3824
f 1740 1781 1782 1739
f 331 362 363 332
f 1709 1746 1747 1710
f 3451 3509 3510 3452
f 1703 1741 1742 1705
f 1412 1414 1413 1364
f 3278 3335 3336 3280
f 2778 2823 2824 2779
f 3089 3092 3091 3090
f 1677 1717 1718 1678
f 3123 3152 3153 3125
f 1671 1711 1712 1672
f 1472 1519 1520 1473
f 3345 3398 3399 3346
f 3603 3657 3658 3604
f 2074 2127 2128 2076
f 3391 3441 3442 3392
f 1629 1676 1677 1630
f 1670 1710 1711 1671
f 2394 2452 2453 2395
f 1712 1749 1750 1713
f 1819 1870 1871 1820
f 3465 3523 3524 3466
f 1753 1795 1796 1754
f 1565 1610 1611 1566
f 2873 2903 2904 2874
f 908 958 959 909
f 1915 1963 1964 1917
f 1772 1813 1814 1773
f 1735 1775 1776 1736
f 705 751 752 706
f 297 326 327 298
f 3457 3515 3516 3458
f 1429 1479 1480 1430
f 2883 2909 2910 2884
f 3455 3513 3514 3456
f 1787 1825 1826 1788
f 1741 1783 1784 1742
f 1742 1784 1785 1743
f 1767 1801 1802 1768
f 3076 3077 3080 3079
f 1496 1543 1544 1497
f 1850 1853 1852 1851
f 850 898 899 851
f 3449 3507 3508 3450
f 963 1011 1012 964
f 1774 1815 1816 1775
f 892 944 945 893
f 3466 3524 3525 3467
f 1856 1915 1917 1916
f 3430 3490 3491 3431
f 2859 2891 2890 2861
f 450 487 489 488
f 1783 1821 1822 1784
f 1784 1822 1823 1785
f 1792 1830 1831 1793
f 1790 1828 1829 1791
f 1789 1827 1828 1790
f 1752 1794 1795 1753
f 3683 3731 3732 3684
f 1812 1859 1861 1811
f 1782 1820 1821 1783
f 1377 1426 1427 1378
f 1750 1792 1793 1751
f 3587 3641 3642 3589
f 2826 2867 2868 2827
f 3605 3659 3660 3606
f 1781 1819 1820 1782
f 1720 1757 1758 1721
f 2812 2855 2856 2813
f 1393 1442 1443 1394
f 1048 1090 1091 1049
f 2441 2501 2502 2442
f 3535 3585 3587 3586
f 1749 1791 1792 1750
f 3253 3299 3300 3254
f 1807 1808 1810 1809
f 3410 3458 3459 3411
f 2488 2550 2551 2489
f 3755 3796 3797 3756
f 1835 1886 1888 1834
f 2810 2853 2854 2811
f 434 466 467 435
f 2923 2946 2947 2924
f 1743 1785 1786 1744
f 2972 2990 2991 2973
f 867 914 915 868
f 585 624 625 586
f 137 152 154 138
f 1708 1745 1746 1709
f 1813 1862 1863 1814
f 1846 1847 1849 1848
f 1866 1928 1929 1868
f 3677 3725 3726 3678
f 1885 1887 1886 1835
f 1679 1719 1720 1680
f 2416 2475 2476 2417
f 3758 3799 3800 3759
f 3055 3064 3065 3056
f 1830 1881 1882 1831
f 1808 1842 1843 1810
f 3891 3892 3894 3893
f 843 891 892 844
f 1364 1413 1415 1363
f 2907 2930 2931 2908
f 1832 1883 1884 1833
f 3132 3165 3166 3133
f 2948 2968 2969 2949
f 1902 1903 1905 1904
f 841 890 891 843
f 2425 2487 2488 2427
f 1845 1895 1896 1847
f 1838 1891 1892 1839
f 1837 1890 1891 1838
f 1875 1935 1936 1876
f 689 734 735 690
f 1876 1936 1937 1877
f 1821 1872 1873 1822
f 1912 1913 1914 1857
f 2720 2770 2771 2721
f 1962 2016 2017 1963
f 922 925 924 923
f 3545 3602 3603 3546
f 1765 1799 1800 1766
f 1854 1857 1856 1855
f 1543 1585 1586 1544
f 1904 1905 1907 1906
f 3144 3177 3178 3145
f 3910 3939 3941 3911
f 2415 2474 2475 2416
f 1418 1470 1469 1420
f 1864 1867 1866 1865
f 3088 3105 3107 3106
f 3963 3984 3983 3965
f 1092 1135 1136 1093
f 1728 1766 1767 1729
f 3412 3460 3461 3413
f 3765 3804 3805 3766
f 907 957 958 908
f 2474 2533 2534 2475
f 2248 2304 2305 2249
f 2433 2494 2495 2434
f 3679 3727 3728 3680
f 1925 1927 1926 1867
f 1895 1951 1950 1896
f 2564 2628 2629 2565
f 673 718 719 674
f 3597 3653 3652 3599
f 1901 1954 1955 1903
f 883 935 936 884
f 1244 1304 1305 1245
f 860 907 908 861
f 3012 3023 3024 3013
f 1831 1882 1883 1832
f 3616 3669 3668 3617
f 1946 2001 2002 1947
f 55 61 62 56
f 3845 3877 3876 3846
f 2426 2485 2487 2425
f 2955 2975 2976 2956
f 1880 1940 1941 1881
f 3724 3766 3767 3725
f 1917 1964 1966 1965
f 3505 3558 3560 3506
f 1862 1923 1924 1863
f 980 1027 1028 981
f 1920 1972 1974 1919
f 3920 3948 3947 3921
f 4035 4038 4040 4036
f 1185 1234 1235 1186
f 1948 2003 2004 1949
f 1909 1959 1960 1911
f 1926 1983 1984 1928
f 3709 3754 3755 3710
f 2996 3008 3007 2995
f 1425 1475 1476 1426
f 1955 2009 2010 1956
f 3497 3554 3555 3498
f 2939 2958 2960 2940
f 1936 1991 1992 1937
f 123 141 142 125
f 3939 3963 3965 3941
f 2513 2576 2577 2514
f 3751 3791 3793 3752
f 1869 1930 1931 1870
f 1942 1997 1998 1943
f 1967 1968 1970 1969
f 1928 1984 1985 1929
f 29 38 39 30
f 1441 1491 1492 1442
f 3933 3958 3959 3934
f 1769 1771 1770 1732
f 1934 1989 1990 1935
f 1888 1946 1947 1889
f 2838 2877 2876 2837
f 474 475 477 476
f 1980 2032 2033 1982
f 1878 1938 1939 1879
f 1935 1990 1991 1936
f 947 995 996 948
f 1941 1996 1997 1942
f 2922 2945 2946 2923
f 2286 2342 2343 2287
f 964 1012 1013 965
f 3450 3508 3509 3451
f 3839 3872 3873 3840
f 2465 2522 2524 2464
f 2029 2031 2030 1981
f 1822 1873 1874 1823
f 1975 2027 2028 1976
f 3052 3061 3062 3053
f 3488 3545 3546 3489
f 641 681 682 642
f 2003 2053 2054 2004
f 2914 2937 2939 2916
f 931 979 980 932
f 1960 2014 2015 1961
f 1959 2013 2014 1960
f 437 469 470 438
f 3541 3597 3599 3542
f 2521 2523 2522 2465
f 1989 2039 2040 1990
f 1919 1974 1975 1921
f 1992 2042 2043 1993
f 3517 3571 3572 3518
f 212 213 215 214
f 4029 4035 4036 4030
f 3178 3209 3210 3179
f 1981 2030 2032 1980
f 1966 2019 2020 1968
f 1847 1896 1897 1849
f 3036 3046 3047 3037
f 74 80 82 76
f 2251 2307 2308 2252
f 2457 2514 2515 2458
f 3513 3567 3568 3514
f 1957 2011 2012 1958
f 1012 1058 1059 1013
f 323 356 355 325
f 2008 2057 2058 2009
f 361 388 389 362
f 3115 3148 3149 3117
f 1999 2049 2051 2001
f 1522 1565 1566 1523
f 2000 2050 2049 1999
f 154 173 174 155
f 2090 2146 2147 2091
f 2043 2093 2094 2044
f 2078 2080 2079 2031
f 1877 1937 1938 1878
f 2023 2071 2073 2072
f 1968 2020 2021 1970
f 387 412 413 388
f 463 503 504 464
f 962 1010 1011 963
f 3927 3952 3953 3928
f 1773 1814 1815 1774
f 2014 2063 2064 2015
f 1473 1520 1521 1474
f 193 224 225 194
f 138 154 155 139
f 62 70 71 63
f 1689 1727 1726 1688
f 2466 2525 2526 2467
f 163 181 182 165
f 2130 2133 2132 2131
f 946 994 995 947
f 2068 2117 2118 2069
f 3293 3348 3349 3294
f 1974 2026 2027 1975
f 2039 2089 2090 2040
f 1896 1950 1952 1897
f 3796 3839 3840 3797
f 607 646 647 608
f 1979 1980 1982 1927
f 2962 2981 2982 2963
f 1437 1487 1486 1436
f 1458 1510 1511 1459
f 2031 2079 2081 2030
f 1726 1765 1766 1728
f 4023 4029 4030 4024
f 2473 2532 2533 2474
f 3129 3130 3132 3092
f 3537 3593 3595 3536
f 769 809 811 770
f 158 177 178 159
f 1744 1786 1787 1745
f 2007 2055 2057 2008
f 2409 2469 2470 2410
f 1675 1715 1716 1676
f 238 269 270 239
f 2092 2148 2149 2093
f 554 595 596 555
f 3376 3377 3379 3378
f 2458 2515 2516 2459
f 603 642 643 604
f 1481 1528 1529 1482
f 2099 2157 2158 2101
f 3529 3582 3583 3531
f 1611 1655 1656 1612
f 3027 3038 3039 3028
f 1068 1112 1113 1069
f 1480 1527 1528 1481
f 396 421 422 397
f 80 97 96 82
f 994 1042 1043 995
f 1259 1315 1316 1260
f 2046 2096 2097 2047
f 2071 2120 2121 2073
f 1317 1373 1374 1318
f 1002 1048 1049 1003
f 3521 3575 3576 3522
f 2021 2070 2071 2023
f 2094 2150 2151 2095
f 2095 2151 2152 2096
f 3586 3587 3589 3588
f 699 702 701 700
f 169 188 189 170
f 2497 2563 2564 2499
f 2188 2189 2191 2133
f 2401 2459 2460 2402
f 3011 3022 3023 3012
f 1036 1079 1080 1037
f 3676 3724 3725 3677
f 298 327 328 299
f 2187 2190 2189 2188
f 1011 1057 1058 1012
f 2110 2166 2167 2111
f 2101 2158 2159 2102
f 2111 2167 2168 2112
f 3349 3402 3403 3350
f 2986 3005 3006 2987
f 2181 2183 2182 2126
f 160 179 180 161
f 2102 2159 2160 2103
f 2103 2160 2161 2104
f 3356 3409 3410 3357
f 933 981 982 934
f 2079 2135 2136 2081
f 2062 2111 2112 2063
f 2040 2090 2091 2041
f 1605 1649 1650 1606
f 713 759 760 714
f 294 323 325 296
f 2978 2995 2997 2977
f 995 1043 1044 996
f 2278 2334 2335 2279
f 2015 2064 2065 2016
f 3921 3947 3949 3922
f 871 918 917 870
f 2044 2094 2095 2045
f 2481 2540 2541 2482
f 2133 2191 2192 2132
f 3067 3073 3072 3069
f 1879 1939 1940 1880
f 3100 3138 3139 3101
f 452 497 496 451
f 3623 3675 3676 3624
f 2125 2184 2185 2127
f 2134 2193 2194 2135
f 2135 2194 2195 2136
f 2136 2195 2196 2137
f 803 850 851 804
f 476 477 479 478
f 2195 2252 2253 2196
f 216 246 248 218
f 2109 2165 2166 2110
f 2158 2215 2216 2159
f 1228 1290 1291 1229
f 2160 2217 2218 2161
f 378 404 405 379
f 2266 2324 2325 2268
f 1705 1742 1743 1706
f 3043 3052 3053 3044
f 2546 2606 2608 2607
f 2174 2230 2231 2175
f 3124 3125 3127 3126
f 2204 2260 2261 2205
f 2166 2222 2223 2167
f 2037 2087 2089 2039
f 2175 2231 2232 2176
f 2176 2232 2233 2177
f 923 924 927 926
f 1039 1082 1083 1040
f 1018 1063 1064 1019
f 2167 2223 2224 2168
f 2142 2198 2200 2144
f 2168 2224 2225 2169
f 1973 2025 2024 1972
f 572 574 573 536
f 390 415 416 391
f 3609 3663 3664 3610
f 1051 1093 1094 1052
f 1498 1545 1546 1499
f 2143 2199 2198 2142
f 2144 2200 2201 2145
f 312 344 343 311
f 2489 2551 2552 2490
f 2165 2221 2222 2166
f 3099 3137 3138 3100
f 2490 2552 2553 2491
f 2064 2113 2114 2065
f 482 483 484 446
f 2205 2261 2262 2206
f 2190 2245 2247 2189
f 1148 1190 1191 1149
f 3156 3188 3189 3158
f 442 473 475 474
f 401 423 425 402
f 2131 2132 2134 2080
f 3569 3624 3625 3570
f 1027 1072 1073 1028
f 2214 2269 2270 2215
f 2199 2255 2254 2198
f 2200 2256 2257 2201
f 1493 1540 1541 1494
f 2250 2306 2307 2251
f 3941 3965 3966 3942
f 2221 2275 2274 2222
f 2224 2277 2278 2225
f 2223 2276 2277 2224
f 810 854 853 809
f 1175 1224 1225 1176
f 1099 1142 1143 1100
f 596 635 636 597
f 3083 3084 3086 3085
f 2213 2268 2269 2214
f 1132 1174 1175 1133
f 3140 3173 3174 3141
f 498 537 538 499
f 1497 1544 1545 1498
f 1529 1572 1573 1530
f 2260 2316 2317 2261
f 2239 2292 2294 2241
f 2230 2283 2284 2231
f 2240 2293 2292 2239
f 1163 1213 1214 1165
f 524 563 564 525
f 558 599 600 559
f 3561 3616 3617 3562
f 2173 2229 2230 2174
f 2222 2274 2276 2223
f 2231 2284 2285 2232
f 2517 2580 2581 2518
f 2275 2331 2330 2274
f 1521 1563 1565 1522
f 392 417 418 393
f 578 580 579 540
f 2198 2254 2256 2200
f 2207 2263 2264 2208
f 2673 2674 2676 2675
f 103 117 119 104
f 3553 3610 3611 3554
f 1091 1134 1135 1092
f 2894 2917 2918 2895
f 2151 2207 2208 2152
f 2232 2285 2286 2233
f 618 658 660 620
f 89 102 101 88
f 2259 2315 2316 2260
f 2292 2347 2349 2294
f 2245 2302 2303 2247
f 2150 2206 2207 2151
f 1172 1221 1223 1174
f 2208 2264 2265 2209
f 594 633 634 595
f 2277 2333 2334 2278
f 3058 3068 3067 3060
f 1990 2040 2041 1991
f 2263 2319 2320 2264
f 3514 3568 3569 3515
f 2117 2173 2174 2118
f 464 504 505 465
f 2553 2617 2618 2554
f 1067 1111 1110 1066
f 3267 3319 3320 3269
f 2287 2343 2344 2288
f 3188 3219 3220 3189
f 2837 2876 2878 2839
f 2330 2388 2387 2332
f 2315 2371 2372 2316
f 1204 1207 1206 1205
f 1602 1646 1648 1604
f 2280 2336 2337 2281
f 1451 1452 1454 1403
f 1455 1507 1508 1456
f 2537 2600 2601 2538
f 3050 3059 3058 3049
f 2293 2348 2347 2292
f 2302 2359 2360 2303
f 2303 2360 2361 2304
f 650 690 691 651
f 614 654 656 616
f 740 785 787 742
f 2172 2228 2229 2173
f 2285 2341 2342 2286
f 3443 3503 3502 3445
f 2295 2350 2351 2296
f 2304 2361 2362 2305
f 729 775 776 730
f 2476 2535 2536 2477
f 2261 2317 2318 2262
f 2270 2327 2328 2271
f 2271 2328 2329 2272
f 3172 3203 3204 3173
f 1547 1550 1549 1548
f 2418 2477 2478 2419
f 694 740 742 696
f 544 585 586 545
f 2189 2247 2248 2191
f 1538 1580 1581 1539
f 2522 2586 2587 2524
f 2328 2385 2386 2329
f 3141 3174 3175 3142
f 1615 1659 1660 1616
f 2045 2095 2096 2046
f 1721 1758 1759 1722
f 2355 2414 2415 2354
f 2325 2382 2383 2326
f 3163 3194 3195 3164
f 1212 1256 1257 1213
f 2356 2416 2417 2357
f 1098 1141 1142 1099
f 820 864 865 821
f 3114 3115 3117 3116
f 1251 1307 1309 1253
f 2326 2383 2384 2327
f 2327 2384 2385 2328
f 2312 2368 2369 2313
f 1635 1636 1638 1637
f 345 372 374 346
f 1106 1148 1149 1107
f 2351 2411 2413 2412
f 2350 2410 2411 2351
f 2288 2344 2345 2289
f 730 776 777 731
f 2402 2460 2461 2404
f 1082 1126 1127 1083
f 600 639 640 601
f 626 666 667 627
f 3139 3172 3173 3140
f 1188 1237 1239 1190
f 3601 3655 3656 3602
f 1378 1427 1428 1379
f 1751 1793 1794 1752
f 2396 2454 2455 2397
f 2357 2417 2418 2358
f 2366 2425 2427 2368
f 2367 2426 2425 2366
f 2216 2271 2272 2217
f 2561 2623 2625 2560
f 2349 2409 2410 2350
f 2358 2418 2419 2359
f 2359 2419 2420 2360
f 2080 2134 2135 2079
f 2717 2767 2768 2718
f 884 936 937 885
f 790 793 792 791
f 3593 3648 3650 3595
f 2333 2389 2390 2334
f 2334 2390 2391 2335
f 2335 2391 2392 2336
f 2360 2420 2421 2361
f 987 1033 1035 986
f 1537 1579 1580 1538
f 1982 2033 2034 1983
f 2279 2335 2336 2280
f 2159 2216 2217 2160
f 3227 3230 3229 3228
f 3348 3401 3402 3349
f 3461 3519 3520 3462
f 796 843 844 797
f 1281 1283 1282 1222
f 586 625 626 587
f 2390 2448 2449 2391
f 896 948 949 897
f 3610 3664 3665 3611
f 2676 2731 2732 2677
f 1593 1594 1595 1550
f 2427 2488 2489 2428
f 664 709 710 665
f 1155 1196 1197 1154
f 2406 2467 2468 2408
f 1887 1945 1944 1886
f 3585 3640 3641 3587
f 956 1004 1005 957
f 3757 3798 3799 3758
f 1130 1172 1174 1132
f 2452 2509 2510 2453
f 2389 2446 2448 2390
f 3179 3210 3211 3180
f 1263 1319 1320 1264
f 2408 2468 2469 2409
f 938 940 939 889
f 321 353 354 322
f 2422 2481 2482 2423
f 2421 2480 2481 2422
f 1852 1909 1911 1910
f 2400 2458 2459 2401
f 866 913 914 867
f 3317 3367 3366 3316
f 2414 2473 2474 2415
f 2368 2427 2428 2369
f 3210 3248 3249 3211
f 2087 2144 2145 2089
f 846 894 895 847
f 3138 3171 3172 3139
f 1139 1181 1182 1140
f 2398 2456 2457 2399
f 1508 1557 1558 1509
f 3554 3611 3612 3555
f 54 59 61 55
f 1028 1073 1074 1029
f 2593 2656 2657 2594
f 736 782 783 737
f 2437 2497 2499 2439
f 2059 2108 2109 2060
f 930 978 979 931
f 3252 3298 3299 3253
f 1004 1050 1051 1005
f 2475 2534 2535 2476
f 3130 3164 3165 3132
f 2429 2490 2491 2430
f 1586 1630 1631 1587
f 2399 2457 2458 2400
f 2440 2500 2501 2441
f 2115 2171 2172 2116
f 2554 2618 2619 2555
f 2585 2647 2648 2584
f 2340 2396 2397 2341
f 2397 2455 2456 2398
f 3243 3289 3290 3244
f 3489 3546 3547 3490
f 2464 2524 2525 2466
f 382 407 409 384
f 2215 2270 2271 2216
f 910 960 961 911
f 1284 1335 1336 1285
f 2446 2505 2504 2448
f 2341 2397 2398 2342
f 2455 2512 2513 2456
f 3276 3279 3278 3277
f 1034 1077 1076 1033
f 1124 1168 1169 1125
f 2577 2639 2640 2578
f 224 253 254 225
f 1211 1255 1256 1212
f 2478 2537 2538 2479
f 3211 3249 3250 3212
f 2543 2544 2546 2545
f 3397 3445 3446 3398
f 1010 1056 1057 1011
f 2507 2570 2571 2508
f 2012 2061 2062 2013
f 2469 2528 2529 2470
f 2480 2539 2540 2481
f 2530 2593 2594 2531
f 1154 1197 1198 1156
f 2610 2670 2672 2671
f 2493 2555 2556 2494
f 2494 2556 2557 2495
f 1268 1322 1323 1270
f 2472 2531 2532 2473
f 3965 3983 3985 3966
f 2343 2399 2400 2344
f 990 1038 1039 991
f 660 705 706 661
f 1179 1228 1229 1180
f 2486 2548 2547 2485
f 2559 2560 2562 2498
f 1194 1195 1196 1155
f 1180 1229 1230 1181
f 276 306 308 278
f 2509 2572 2573 2510
f 2454 2511 2512 2455
f 2487 2549 2550 2488
f 2448 2504 2506 2449
f 3325 3374 3375 3327
f 1561 1606 1607 1562
f 2395 2453 2454 2396
f 3684 3732 3733 3685
f 2501 2566 2567 2502
f 2462 2465 2464 2463
f 2471 2530 2531 2472
f 2384 2444 2445 2385
f 2371 2430 2431 2372
f 3929 3954 3955 3930
f 2477 2536 2537 2478
f 2886 2912 2913 2887
f 3332 3333 3334 3279
f 1100 1143 1144 1101
f 2463 2464 2466 2407
f 2556 2620 2621 2557
f 502 541 542 503
f 610 649 650 611
f 2518 2581 2582 2520
f 1308 1364 1363 1307
f 2512 2575 2576 2513
f 1066 1110 1112 1068
f 1577 1621 1622 1578
f 1118 1120 1119 1077
f 1913 1961 1962 1914
f 3435 3495 3496 3436
f 2459 2516 2517 2460
f 2544 2605 2606 2546
f 1215 1259 1260 1216
f 1233 1295 1296 1234
f 242 243 245 244
f 1227 1289 1290 1228
f 3308 3309 3311 3310
f 721 767 768 722
f 2579 2641 2642 2580
f 1817 1869 1870 1819
f 2533 2596 2597 2534
f 1674 1714 1715 1675
f 2527 2590 2591 2528
f 2560 2625 2626 2562
f 982 1029 1030 983
f 2602 2664 2666 2604
f 2705 2755 2754 2704
f 1158 1200 1201 1159
f 2588 2651 2652 2589
f 2523 2584 2586 2522
f 2552 2616 2617 2553
f 2703 2705 2704 2646
f 2633 2698 2697 2634
f 818 862 863 819
f 2565 2629 2630 2566
f 2622 2624 2623 2561
f 2551 2615 2616 2552
f 2528 2591 2592 2529
f 1146 1188 1190 1148
f 1316 1372 1373 1317
f 2603 2665 2664 2602
f 1056 1098 1099 1057
f 1267 1268 1270 1269
f 2550 2614 2615 2551
f 1348 1351 1350 1349
f 2625 2692 2693 2626
f 185 216 218 187
f 3226 3263 3265 3264
f 2589 2652 2653 2590
f 2526 2589 2590 2527
f 3594 3649 3648 3593
f 2690 2747 2748 2689
f 2591 2654 2655 2592
f 2851 2883 2884 2852
f 1222 1282 1284 1221
f 856 903 904 857
f 2617 2683 2684 2618
f 2573 2635 2636 2574
f 1626 1673 1674 1627
f 2575 2637 2638 2576
f 3380 3381 3383 3382
f 1286 1337 1338 1287
f 2831 2872 2873 2832
f 2627 2694 2695 2628
f 2417 2476 2477 2418
f 2584 2648 2649 2586
f 2616 2682 2683 2617
f 2535 2598 2599 2536
f 2651 2711 2712 2652
f 1388 1437 1436 1387
f 1242 1302 1303 1243
f 1120 1164 1163 1119
f 1218 1262 1263 1219
f 57 63 64 58
f 1294 1345 1346 1295
f 1001 1047 1048 1002
f 2541 2602 2604 2542
f 2594 2657 2658 2595
f 3331 3386 3387 3330
f 2485 2547 2549 2487
f 1356 1408 1409 1357
f 3300 3355 3356 3301
f 2731 2779 2780 2732
f 2674 2730 2731 2676
f 1226 1288 1289 1227
f 2660 2720 2721 2661
f 2405 2407 2406 2348
f 2598 2661 2662 2599
f 2615 2681 2682 2616
f 2624 2689 2691 2623
f 1566 1611 1612 1567
f 2999 3011 3012 3000
f 2555 2619 2620 2556
f 3242 3288 3289 3243
f 3285 3340 3342 3287
f 2688 2690 2689 2624
f 1452 1505 1506 1454
f 2649 2709 2710 2650
f 1192 1241 1242 1193
f 1403 1454 1455 1402
f 2646 2704 2706 2645
f 2592 2655 2656 2593
f 849 897 898 850
f 3665 3715 3716 3666
f 706 752 753 707
f 3307 3361 3362 3309
f 2647 2707 2708 2648
f 2536 2599 2600 2537
f 2803 2845 2847 2804
f 1372 1421 1422 1373
f 1358 1410 1411 1359
f 2692 2750 2751 2693
f 2669 2727 2728 2670
f 2670 2728 2729 2672
f 1324 1380 1381 1325
f 2392 2450 2451 2393
f 1625 1672 1673 1626
f 1298 1354 1355 1297
f 1257 1313 1314 1258
f 3657 3707 3708 3658
f 1603 1647 1646 1602
f 2654 2714 2715 2655
f 1182 1231 1232 1183
f 3320 3370 3371 3321
f 1540 1582 1583 1541
f 2715 2765 2766 2716
f 1272 1324 1325 1274
f 2637 2701 2702 2638
f 2606 2668 2669 2608
f 2679 2734 2735 2680
f 3492 3549 3550 3493
f 3389 3439 3440 3390
f 3861 3911 3912 3862
f 1282 1333 1335 1284
f 3649 3699 3700 3648
f 642 682 683 643
f 2534 2597 2598 2535
f 2655 2715 2716 2656
f 3690 3737 3738 3691
f 1430 1480 1481 1431
f 1315 1371 1372 1316
f 3371 3426 3427 3372
f 2623 2691 2692 2625
f 2712 2762 2763 2713
f 2146 2202 2203 2147
f 2754 2802 2801 2756
f 2689 2748 2749 2691
f 2740 2788 2789 2741
f 2693 2751 2752 2694
f 2694 2752 2753 2695
f 2607 2608 2610 2609
f 3668 3718 3717 3670
f 3081 3082 3084 3083
f 3287 3342 3343 3288
f 2747 2796 2797 2748
f 3282 3338 3339 3283
f 2726 2774 2775 2727
f 2407 2466 2467 2406
f 1620 1666 1667 1619
f 3035 3045 3046 3036
f 2681 2736 2737 2682
f 1336 1390 1391 1337
f 2725 2772 2774 2726
f 3355 3408 3409 3356
f 777 818 819 778
f 3306 3307 3309 3308
f 1299 1356 1357 1300
f 2790 2793 2792 2791
f 2719 2769 2770 2720
f 2672 2729 2730 2674
f 2238 2240 2239 2183
f 2890 2915 2914 2892
f 1510 1559 1560 1511
f 2628 2695 2696 2629
f 2749 2798 2799 2750
f 2734 2782 2783 2735
f 1548 1549 1551 1503
f 3626 3678 3679 3627
f 3107 3144 3145 3109
f 2733 2781 2782 2734
f 2540 2603 2602 2541
f 2710 2760 2761 2711
f 2682 2737 2738 2683
f 3404 3452 3453 3405
f 1474 1521 1522 1475
f 3415 3463 3464 3416
f 2657 2717 2718 2658
f 1440 1490 1491 1441
f 2709 2759 2760 2710
f 1658 1700 1701 1659
f 2767 2813 2814 2768
f 2736 2784 2785 2737
f 1766 1800 1801 1767
f 1716 1753 1754 1717
f 2835 2838 2837 2836
f 1785 1823 1824 1786
f 1322 1378 1379 1323
f 2796 2843 2844 2797
f 2430 2491 2492 2431
f 2776 2821 2822 2777
f 385 410 411 386
f 1582 1626 1627 1583
f 3745 3787 3788 3746
f 3251 3297 3298 3252
f 1314 1370 1371 1315
f 1504 1553 1554 1505
f 2645 2706 2707 2647
f 3411 3459 3460 3412
f 2759 2805 2806 2760
f 3388 3438 3439 3389
f 1554 1600 1601 1555
f 2866 2896 2897 2867
f 2683 2738 2739 2684
f 3705 3749 3751 3706
f 1363 1415 1416 1365
f 2766 2812 2813 2767
f 3347 3400 3401 3348
f 1078 1122 1123 1079
f 2828 2869 2870 2829
f 2773 2818 2817 2772
f 2806 2849 2850 2807
f 2727 2775 2776 2728
f 2792 2840 2841 2794
f 2750 2799 2800 2751
f 3567 3622 3623 3568
f 2379 2437 2439 2378
f 3689 3736 3737 3690
f 2813 2856 2857 2814
f 3387 3437 3438 3388
f 2626 2693 2694 2627
f 2784 2829 2830 2785
f 3427 3487 3488 3428
f 2822 2863 2864 2823
f 1339 1393 1394 1340
f 1420 1469 1471 1421
f 2760 2806 2807 2761
f 1634 1680 1681 1636
f 1788 1826 1827 1789
f 2713 2763 2764 2714
f 1568 1613 1614 1569
f 2829 2870 2871 2830
f 2814 2857 2858 2815
f 2807 2850 2851 2808
f 2680 2735 2736 2681
f 2867 2897 2898 2868
f 2821 2862 2863 2822
f 2774 2819 2820 2775
f 2847 2880 2879 2848
f 3428 3488 3489 3429
f 2342 2398 2399 2343
f 1649 1691 1692 1650
f 2785 2830 2831 2786
f 3681 3729 3730 3682
f 2781 2826 2827 2782
f 2718 2768 2769 2719
f 1396 1445 1446 1397
f 2832 2873 2874 2833
f 1994 2044 2045 1995
f 2864 2894 2895 2865
f 2863 2893 2894 2864
f 3563 3618 3619 3564
f 1684 1724 1725 1685
f 1734 1774 1775 1735
f 2892 2914 2916 2893
f 682 727 728 683
f 159 178 179 160
f 1665 1703 1705 1664
f 3362 3415 3416 3363
f 1395 1444 1445 1396
f 2542 2604 2605 2544
f 2855 2887 2888 2856
f 3468 3471 3470 3469
f 1698 1735 1736 1699
f 2383 2443 2444 2384
f 2737 2785 2786 2738
f 1640 1684 1685 1641
f 2861 2890 2892 2862
f 2294 2349 2350 2295
f 2823 2864 2865 2824
f 177 195 196 178
f 3635 3686 3688 3637
f 2915 2938 2937 2914
f 3354 3407 3408 3355
f 2893 2916 2917 2894
f 1762 1764 1763 1727
f 2735 2783 2784 2736
f 2880 2906 2905 2879
f 1465 1515 1514 1464
f 2946 2966 2967 2947
f 2780 2825 2826 2781
f 1379 1428 1429 1380
f 68 75 74 67
f 1500 1503 1502 1501
f 2872 2902 2903 2873
f 3390 3440 3441 3391
f 3895 3896 3898 3897
f 1806 1841 1840 1805
f 3713 3758 3759 3714
f 2909 2932 2933 2910
f 2848 2879 2881 2849
f 1964 2018 2019 1966
f 1369 1419 1418 1370
f 1704 1739 1741 1703
f 2901 2924 2925 2902
f 3739 3781 3782 3740
f 2895 2918 2919 2896
f 3723 3765 3766 3724
f 2947 2967 2968 2948
f 1801 1838 1839 1802
f 2869 2899 2900 2870
f 2862 2892 2893 2863
f 2919 2942 2943 2920
f 3674 3722 3723 3675
f 1770 1811 1813 1772
f 793 839 840 792
f 1402 1455 1456 1404
f 2964 2983 2984 2965
f 1436 1486 1488 1438
f 3049 3058 3060 3051
f 3532 3533 3535 3534
f 2950 2970 2972 2952
f 3026 3037 3038 3027
f 1918 1920 1919 1860
f 2943 2963 2964 2944
f 3491 3548 3549 3492
f 2920 2943 2944 2921
f 3710 3755 3756 3711
f 32 41 42 33
f 1450 1453 1452 1451
f 3402 3450 3451 3403
f 2805 2848 2849 2806
f 2934 2955 2956 2935
f 2935 2956 2957 2936
f 1690 1728 1729 1691
f 2052 2103 2104 2053
f 1800 1837 1838 1801
f 2653 2713 2714 2654
f 2958 2977 2979 2960
f 377 403 404 378
f 3010 3021 3022 3011
f 3915 3945 3946 3916
f 2745 2795 2796 2747
f 3737 3779 3780 3738
f 2933 2954 2955 2934
f 3475 3529 3531 3530
f 2903 2926 2927 2904
f 2952 2972 2973 2953
f 1834 1888 1889 1836
f 184 201 203 202
f 3004 3016 3017 3005
f 1958 2012 2013 1959
f 1595 1642 1643 1596
f 2974 2992 2993 2975
f 2666 2723 2725 2667
f 3452 3510 3511 3453
f 3995 4011 4012 3996
f 2108 2164 2165 2109
f 1313 1369 1370 1314
f 3729 3771 3772 3730
f 2984 3003 3004 2985
f 1484 1531 1532 1485
f 15 26 25 14
f 1681 1721 1722 1682
f 3019 3030 3029 3018
f 1872 1933 1932 1873
f 786 827 826 785
f 2966 2985 2986 2967
f 2967 2986 2987 2968
f 2960 2979 2980 2961
f 1442 1492 1493 1443
f 2020 2069 2070 2021
f 3721 3763 3764 3722
f 2997 3009 3010 2998
f 2942 2962 2963 2943
f 3007 3018 3020 3009
f 2928 2951 2950 2930
f 28 37 38 29
f 1697 1734 1735 1698
f 2038 2088 2087 2037
f 2981 3000 3001 2982
f 1460 1512 1513 1461
f 2856 2888 2889 2857
f 1914 1962 1963 1915
f 2180 2235 2237 2236
f 2777 2822 2823 2778
f 3044 3053 3054 3045
f 2941 2961 2962 2942
f 3574 3629 3630 3575
f 2744 2745 2747 2690
f 369 396 397 370
f 3051 3060 3061 3052
f 3434 3494 3495 3435
f 722 768 769 723
f 2870 2900 2901 2871
f 3023 3034 3035 3024
f 3082 3102 3103 3084
f 3459 3517 3518 3460
f 2769 2815 2816 2770
f 1952 2005 2007 1953
f 1491 1538 1539 1492
f 3523 3577 3578 3524
f 3015 3026 3027 3016
f 3016 3027 3028 3017
f 504 543 544 505
f 3426 3486 3487 3427
f 3029 3041 3040 3031
f 3014 3025 3026 3015
f 2126 2182 2184 2125
f 3053 3062 3063 3054
f 2761 2807 2808 2762
f 2932 2953 2954 2933
f 2983 3002 3003 2984
f 25 34 36 27
f 3091 3133 3134 3094
f 1475 1522 1523 1476
f 834 881 882 833
f 2276 2332 2333 2277
f 3069 3072 3074 3070
f 2911 2934 2935 2912
f 2524 2587 2588 2525
f 3054 3063 3064 3055
f 3061 3069 3070 3062
f 3660 3710 3711 3661
f 833 882 883 836
f 1448 1498 1499 1449
f 3507 3561 3562 3508
f 3754 3795 3796 3755
f 3170 3201 3202 3171
f 3266 3267 3269 3268
f 3078 3099 3100 3077
f 3080 3101 3102 3082
f 624 664 665 625
f 897 949 950 898
f 3062 3070 3071 3063
f 3056 3065 3066 3057
f 2348 2406 2408 2347
f 3092 3132 3133 3091
f 3024 3035 3036 3025
f 575 614 616 576
f 3841 3874 3875 3842
f 1490 1537 1538 1491
f 3022 3033 3034 3023
f 3706 3751 3752 3707
f 817 861 862 818
f 2182 2241 2242 2184
f 2120 2176 2177 2121
f 3037 3047 3048 3038
f 1714 1751 1752 1715
f 2791 2792 2794 2746
f 3564 3619 3620 3565
f 356 383 382 355
f 1482 1529 1530 1483
f 2965 2984 2985 2966
f 3655 3705 3706 3656
f 2050 2099 2101 2049
f 2995 3007 3009 2997
f 1539 1581 1582 1540
f 1676 1716 1717 1677
f 207 235 234 206
f 1702 1704 1703 1665
f 3077 3100 3101 3080
f 2762 2808 2809 2763
f 2254 2310 2312 2256
f 3119 3150 3151 3121
f 3120 3121 3123 3122
f 1337 1391 1392 1338
f 3154 3187 3188 3156
f 3785 3828 3829 3786
f 3117 3149 3150 3119
f 3555 3612 3613 3556
f 1900 1901 1903 1902
f 3104 3142 3143 3105
f 887 889 888 842
f 776 817 818 777
f 3147 3180 3181 3148
f 3148 3181 3182 3149
f 1507 1556 1557 1508
f 3118 3119 3121 3120
f 3079 3080 3082 3081
f 3588 3589 3591 3590
f 500 539 541 502
f 2484 2486 2485 2426
f 2865 2895 2896 2866
f 3769 3808 3809 3770
f 3133 3166 3167 3134
f 3134 3167 3168 3135
f 2706 2756 2757 2707
f 3136 3169 3170 3137
f 2114 2170 2171 2115
f 1713 1750 1751 1714
f 2192 2249 2250 2193
f 3539 3598 3597 3541
f 542 583 584 543
f 564 605 606 565
f 2318 2374 2375 2319
f 1905 1956 1957 1907
f 3125 3153 3154 3127
f 3150 3183 3184 3151
f 1580 1624 1625 1581
f 3160 3161 3163 3131
f 1143 1185 1186 1144
f 1729 1767 1768 1730
f 2809 2852 2853 2810
f 3180 3211 3212 3181
f 3101 3139 3140 3102
f 3142 3175 3176 3143
f 3135 3168 3169 3136
f 3128 3131 3130 3129
f 636 676 677 637
f 3607 3661 3662 3608
f 3187 3218 3219 3188
f 3506 3560 3561 3507
f 770 811 812 771
f 3094 3134 3135 3096
f 3167 3198 3199 3168
f 3032 3042 3043 3033
f 2226 2279 2280 2227
f 785 826 828 787
f 2801 2846 2845 2803
f 2256 2312 2313 2257
f 1587 1631 1632 1588
f 3046 3055 3056 3047
f 2382 2442 2443 2383
f 3498 3555 3556 3499
f 1564 1609 1608 1563
f 3604 3658 3659 3605
f 3183 3214 3215 3184
f 735 781 782 736
f 3175 3206 3207 3176
f 3168 3199 3200 3169
f 2570 2631 2633 2571
f 84 99 100 85
f 2793 2839 2840 2792
f 3778 3820 3822 3779
f 3165 3196 3197 3166
f 3510 3564 3565 3511
f 3143 3176 3177 3144
f 3192 3233 3234 3191
f 724 770 771 725
f 3373 3428 3429 3374
f 3219 3257 3258 3220
f 3793 3836 3837 3794
f 3221 3224 3223 3222
f 3174 3205 3206 3175
f 3095 3096 3098 3097
f 3580 3635 3637 3582
f 2282 2338 2339 2283
f 2572 2634 2635 2573
f 1578 1622 1623 1579
f 2344 2400 2401 2345
f 3208 3246 3247 3209
f 1612 1656 1657 1613
f 992 1040 1041 993
f 3200 3237 3239 3201
f 3378 3379 3381 3380
f 1849 1897 1899 1898
f 3731 3773 3774 3732
f 3176 3207 3208 3177
f 3244 3290 3291 3245
f 1571 1616 1617 1572
f 1858 1860 1859 1812
f 3213 3251 3252 3214
f 3738 3780 3781 3739
f 844 892 893 845
f 3199 3238 3237 3200
f 3636 3687 3686 3635
f 1719 1756 1757 1720
f 1224 1286 1287 1225
f 2438 2498 2497 2437
f 3546 3603 3604 3547
f 3205 3243 3244 3206
f 3270 3271 3273 3272
f 3223 3261 3263 3226
f 3264 3265 3267 3266
f 916 966 968 967
f 2636 2700 2701 2637
f 1570 1615 1616 1571
f 2432 2493 2494 2433
f 3173 3204 3205 3174
f 3214 3252 3253 3215
f 1596 1643 1644 1597
f 3240 3285 3287 3241
f 2362 2422 2423 2363
f 217 247 246 216
f 3825 3861 3862 3826
f 3298 3353 3354 3299
f 3324 3325 3327 3326
f 3182 3213 3214 3183
f 3620 3672 3673 3621
f 3109 3145 3146 3111
f 3247 3293 3294 3248
f 1319 1375 1376 1320
f 3155 3156 3158 3157
f 2973 2991 2992 2974
f 3239 3286 3285 3240
f 2055 2106 2105 2057
f 2817 2860 2859 2819
f 3817 3853 3855 3816
f 3256 3302 3303 3257
f 1076 1121 1122 1078
f 2504 2569 2568 2506
f 3207 3245 3246 3208
f 1746 1788 1789 1747
f 3248 3294 3295 3249
f 2434 2495 2496 2435
f 1384 1433 1434 1385
f 3627 3679 3680 3628
f 678 723 724 679
f 2746 2794 2795 2745
f 3272 3273 3275 3274
f 1156 1198 1199 1157
f 2716 2766 2767 2717
f 2510 2573 2574 2511
f 3809 3848 3849 3810
f 2661 2721 2722 2662
f 3254 3300 3301 3255
f 1652 1694 1696 1654
f 3184 3215 3216 3185
f 2311 2367 2366 2310
f 905 955 956 906
f 1401 1403 1402 1351
f 3316 3366 3368 3318
f 2069 2118 2119 2070
f 3286 3341 3340 3285
f 3271 3321 3322 3273
f 3040 3049 3051 3042
f 1220 1264 1266 1265
f 3323 3373 3374 3325
f 864 911 912 865
f 3295 3350 3351 3296
f 2498 2562 2563 2497
f 1983 2034 2035 1984
f 3578 3633 3634 3579
f 3611 3665 3666 3612
f 1628 1675 1676 1629
f 3992 4008 4009 3993
f 1927 1982 1983 1926
f 2620 2686 2687 2621
f 1610 1654 1655 1611
f 3381 3433 3434 3383
f 3311 3363 3364 3313
f 3269 3320 3321 3271
f 1177 1226 1227 1178
f 2576 2638 2639 2577
f 3302 3357 3358 3303
f 2096 2152 2153 2097
f 2590 2653 2654 2591
f 2788 2833 2834 2789
f 2529 2592 2593 2530
f 3294 3349 3350 3295
f 3303 3358 3359 3304
f 269 298 299 270
f 676 721 722 677
f 3570 3625 3626 3571
f 3310 3311 3313 3312
f 3279 3334 3335 3278
f 4020 4028 4027 4022
f 17 28 29 18
f 129 144 146 145
f 2849 2881 2882 2850
f 3220 3258 3260 3259
f 2211 2266 2268 2213
f 3222 3223 3226 3225
f 3215 3253 3254 3216
f 3288 3343 3344 3289
f 3625 3677 3678 3626
f 3386 3436 3437 3387
f 3363 3416 3417 3364
f 2032 2082 2083 2033
f 2449 2506 2507 2450
f 3675 3723 3724 3676
f 3103 3141 3142 3104
f 50 57 58 51
f 1428 1478 1479 1429
f 1664 1705 1706 1666
f 2833 2874 2875 2834
f 2656 2716 2717 2657
f 1394 1443 1444 1395
f 3335 3390 3391 3336
f 3334 3389 3390 3335
f 3708 3753 3754 3709
f 2951 2971 2970 2950
f 2868 2898 2899 2869
f 2686 2741 2742 2687
f 1873 1932 1934 1874
f 2002 2052 2053 2003
f 3358 3411 3412 3359
f 1836 1889 1890 1837
f 1492 1539 1540 1493
f 2825 2866 2867 2826
f 3357 3410 3411 3358
f 2882 2908 2909 2883
f 2634 2697 2699 2635
f 569 610 611 571
f 3403 3451 3452 3404
f 3396 3443 3445 3397
f 609 648 649 610
f 3643 3694 3695 3645
f 3375 3430 3431 3377
f 3530 3531 3533 3532
f 3913 3943 3944 3914
f 2119 2175 2176 2120
f 3374 3429 3430 3375
f 3367 3422 3421 3366
f 3344 3397 3398 3345
f 2479 2538 2539 2480
f 1824 1875 1876 1825
f 1650 1692 1693 1651
f 2728 2776 2777 2729
f 3277 3278 3280 3230
f 3366 3421 3423 3368
f 3343 3396 3397 3344
f 3368 3423 3424 3369
f 3255 3301 3302 3256
f 2940 2960 2961 2941
f 2758 2804 2805 2759
f 3897 3898 3900 3899
f 1699 1736 1737 1700
f 3342 3394 3396 3343
f 2786 2831 2832 2787
f 3692 3739 3740 3693
f 1668 1708 1709 1669
f 529 530 532 531
f 3476 3479 3478 3477
f 1965 1966 1968 1967
f 3408 3456 3457 3409
f 3889 3890 3892 3891
f 1683 1723 1724 1684
f 1853 1908 1909 1852
f 1748 1790 1791 1749
f 3400 3448 3449 3401
f 2714 2764 2765 2715
f 3458 3516 3517 3459
f 1642 1686 1687 1643
f 2824 2865 2866 2825
f 1243 1303 1304 1244
f 1810 1843 1845 1844
f 3399 3447 3448 3400
f 3352 3405 3406 3353
f 1764 1798 1797 1763
f 1984 2035 2036 1985
f 3291 3346 3347 3292
f 3881 3884 3883 3882
f 3413 3461 3462 3414
f 3707 3752 3753 3708
f 3423 3482 3484 3424
f 3296 3351 3352 3297
f 2262 2318 2319 2263
f 826 870 872 828
f 3406 3454 3455 3407
f 1732 1770 1772 1731
f 3756 3797 3798 3757
f 3519 3573 3574 3520
f 3020 3031 3032 3021
f 2971 2989 2988 2970
f 3460 3518 3519 3461
f 339 368 367 338
f 3438 3498 3499 3439
f 3439 3499 3500 3440
f 3424 3484 3485 3425
f 1828 1879 1880 1829
f 1793 1831 1832 1794
f 697 743 744 698
f 3658 3708 3709 3659
f 837 838 839 793
f 3691 3738 3739 3692
f 3431 3491 3492 3432
f 3448 3506 3507 3449
f 2794 2841 2842 2795
f 2924 2947 2948 2925
f 3407 3455 3456 3408
f 3454 3512 3513 3455
f 3151 3184 3185 3152
f 3483 3540 3539 3482
f 1865 1866 1868 1818
f 2912 2935 2936 2913
f 3351 3404 3405 3352
f 3446 3504 3505 3447
f 2953 2973 2974 2954
f 2073 2121 2123 2122
f 3650 3701 3702 3651
f 90 91 93 92
f 3414 3462 3463 3415
f 1780 1818 1817 1779
f 3732 3774 3775 3733
f 3186 3217 3218 3187
f 105 120 121 107
f 2918 2941 2942 2919
f 3364 3417 3418 3365
f 1715 1752 1753 1716
f 3350 3403 3404 3351
f 3463 3521 3522 3464
f 3464 3522 3523 3465
f 1996 2046 2047 1997
f 3522 3576 3577 3523
f 2897 2920 2921 2898
f 3456 3514 3515 3457
f 2906 2929 2928 2905
f 2352 2355 2354 2353
f 3515 3569 3570 3516
f 3857 3909 3908 3859
f 325 355 357 326
f 143 159 160 144
f 3487 3544 3545 3488
f 3432 3492 3493 3433
f 2076 2128 2129 2077
f 3164 3195 3196 3165
f 2881 2907 2908 2882
f 3008 3019 3018 3007
f 3485 3542 3543 3486
f 3206 3244 3245 3207
f 1804 1805 1808 1807
f 3826 3862 3863 3827
f 152 171 173 154
f 881 933 934 882
f 2998 3010 3011 2999
f 1889 1947 1948 1890
f 3931 3956 3957 3932
f 3788 3831 3832 3789
f 2148 2204 2205 2149
f 1457 1509 1510 1458
f 611 650 651 613
f 3511 3565 3566 3512
f 3618 3670 3671 3619
f 3548 3605 3606 3549
f 3504 3559 3558 3505
f 2994 2996 2995 2978
f 3528 3580 3582 3529
f 3547 3604 3605 3548
f 3437 3497 3498 3438
f 1874 1934 1935 1875
f 3495 3552 3553 3496
f 3772 3811 3812 3773
f 3711 3756 3757 3712
f 2456 2513 2514 2457
f 1706 1743 1744 1707
f 3698 3744 3745 3699
f 2375 2434 2435 2376
f 3526 3581 3580 3528
f 3471 3527 3526 3470
f 3536 3595 3596 3538
f 488 489 491 490
f 3268 3269 3271 3270
f 3110 3111 3113 3112
f 60 68 67 59
f 3592 3594 3593 3537
f 2316 2372 2373 2317
f 425 455 457 426
f 1738 1740 1739 1704
f 3112 3113 3115 3114
f 1803 1806 1805 1804
f 3486 3543 3544 3487
f 2850 2882 2883 2851
f 3512 3566 3567 3513
f 3042 3051 3052 3043
f 3602 3656 3657 3603
f 1970 2021 2023 2022
f 3905 3936 3937 3906
f 3589 3642 3643 3591
f 1826 1877 1878 1827
f 1820 1871 1872 1821
f 3440 3500 3501 3441
f 2436 2438 2437 2379
f 2608 2669 2670 2610
f 890 942 943 891
f 3644 3645 3647 3646
f 3779 3822 3823 3780
f 3543 3600 3601 3544
f 3304 3359 3360 3305
f 728 774 775 729
f 2905 2928 2930 2907
f 3701 3747 3748 3702
f 3575 3630 3631 3576
f 3873 3923 3924 3874
f 3292 3347 3348 3293
f 2468 2527 2528 2469
f 3166 3197 3198 3167
f 3573 3628 3629 3574
f 1844 1845 1847 1846
f 3560 3614 3616 3561
f 3098 3136 3137 3099
f 1825 1876 1877 1826
f 1385 1434 1435 1386
f 3152 3185 3186 3153
f 3565 3620 3621 3566
f 3558 3615 3614 3560
f 3591 3643 3645 3644
f 4012 4024 4025 4013
f 352 380 381 353
f 3212 3250 3251 3213
f 3619 3671 3672 3620
f 3865 3915 3916 3866
f 3978 3996 3997 3979
f 1860 1919 1921 1859
f 1857 1914 1915 1856
f 1778 1779 1781 1740
f 3628 3680 3681 3629
f 858 905 906 859
f 3582 3637 3638 3583
f 3583 3638 3639 3584
f 3608 3662 3663 3609
f 3549 3606 3607 3550
f 3372 3427 3428 3373
f 3246 3292 3293 3247
f 3730 3772 3773 3731
f 1811 1861 1862 1813
f 3763 3803 3802 3764
f 3551 3608 3609 3552
f 3600 3654 3655 3601
f 3224 3262 3261 3223
f 2945 2965 2966 2946
f 3693 3740 3741 3694
f 3622 3674 3675 3623
f 3479 3537 3536 3478
f 3568 3623 3624 3569
f 2026 2076 2077 2027
f 265 294 296 267
f 3659 3709 3710 3660
f 3629 3681 3682 3630
f 3359 3412 3413 3360
f 3445 3502 3504 3446
f 1328 1384 1385 1330
f 3890 3928 3929 3892
f 3682 3730 3731 3683
f 3722 3764 3765 3723
f 3606 3660 3661 3607
f 888 941 942 890
f 3868 3918 3920 3870
f 2756 2801 2803 2757
f 2944 2964 2965 2945
f 2937 2959 2958 2939
f 3516 3570 3571 3517
f 1779 1817 1819 1781
f 3566 3621 3622 3567
f 3111 3146 3147 3113
f 3632 3684 3685 3633
f 3258 3304 3305 3260
f 2664 2724 2723 2666
f 3494 3551 3552 3495
f 2954 2974 2975 2955
f 3656 3706 3707 3657
f 920 972 973 921
f 3436 3496 3497 3437
f 3382 3383 3385 3384
f 3204 3242 3243 3205
f 3645 3695 3696 3647
f 3827 3863 3864 3828
f 2500 2565 2566 2501
f 3836 3868 3870 3837
f 1632 1679 1680 1634
f 889 939 941 888
f 2921 2944 2945 2922
f 2772 2817 2819 2774
f 3654 3703 3705 3655
f 3672 3720 3721 3673
f 2908 2931 2932 2909
f 3770 3809 3810 3771
f 3699 3745 3746 3700
f 3700 3746 3747 3701
f 3901 3902 3904 3903
f 3678 3726 3727 3679
f 2164 2219 2221 2165
f 3664 3714 3715 3665
f 3096 3135 3136 3098
f 1794 1832 1833 1795
f 3993 4009 4010 3994
f 3637 3688 3689 3638
f 3631 3683 3684 3632
f 3346 3399 3400 3347
f 3524 3578 3579 3525
f 3398 3446 3447 3399
f 3336 3391 3392 3337
f 67 74 76 69
f 3795 3838 3839 3796
f 3617 3668 3670 3618
f 3640 3691 3692 3641
f 2980 2999 3000 2981
f 912 962 963 913
f 1908 1958 1959 1909
f 3576 3631 3632 3577
f 1944 1999 2001 1946
f 3746 3788 3789 3747
f 1786 1824 1825 1787
f 3945 3969 3970 3946
f 1843 1893 1895 1845
f 3694 3741 3742 3695
f 3695 3742 3743 3696
f 3932 3957 3958 3933
f 3060 3067 3069 3061
f 3232 3282 3283 3233
f 3595 3650 3651 3596
f 3740 3782 3783 3741
f 3719 3762 3761 3720
f 3686 3735 3734 3688
f 3696 3743 3744 3698
f 3418 3466 3467 3420
f 3612 3666 3667 3613
f 2854 2886 2887 2855
f 2065 2114 2115 2066
f 3773 3812 3813 3774
f 3662 3712 3713 3663
f 1868 1929 1930 1869
f 3728 3770 3771 3729
f 1528 1571 1572 1529
f 1881 1941 1942 1882
f 3470 3526 3528 3473
f 3725 3767 3768 3726
f 3735 3777 3776 3734
f 3900 3933 3934 3902
f 3786 3829 3830 3787
f 3508 3562 3563 3509
f 1409 1461 1462 1410
f 3472 3473 3475 3474
f 1827 1878 1879 1828
f 1906 1907 1908 1853
f 3727 3769 3770 3728
f 3771 3810 3811 3772
f 1993 2043 2044 1994
f 3749 3792 3791 3751
f 3883 3926 3925 3886
f 3703 3750 3749 3705
f 3744 3786 3787 3745
f 3228 3229 3232 3231
f 1897 1952 1953 1899
f 3041 3050 3049 3040
f 3780 3823 3824 3781
f 3893 3894 3896 3895
f 3734 3776 3778 3736
f 3639 3690 3691 3640
f 3736 3778 3779 3737
f 2024 2074 2076 2026
f 3550 3607 3608 3551
f 3810 3849 3850 3811
f 3741 3783 3784 3742
f 3766 3805 3806 3767
f 1956 2010 2011 1957
f 3712 3757 3758 3713
f 3490 3547 3548 3491
f 873 920 921 874
f 2985 3004 3005 2986
f 3496 3553 3554 3497
f 882 934 935 883
f 3930 3955 3956 3931
f 3759 3800 3801 3760
f 3260 3305 3307 3306
f 3834 3869 3868 3836
f 3811 3850 3851 3812
f 3794 3837 3838 3795
f 1899 1953 1954 1901
f 3899 3900 3902 3901
f 139 155 156 140
f 3885 3886 3888 3887
f 3782 3825 3826 3783
f 3783 3826 3827 3784
f 3980 3998 3999 3981
f 2568 2632 2631 2570
f 3520 3574 3575 3521
f 2977 2997 2998 2979
f 3953 3973 3974 3954
f 3340 3395 3394 3342
f 3776 3821 3820 3778
f 3552 3609 3610 3553
f 3814 3817 3816 3815
f 1940 1995 1996 1941
f 3808 3847 3848 3809
f 3562 3617 3618 3563
f 3764 3802 3804 3765
f 3638 3689 3690 3639
f 1921 1975 1976 1922
f 3797 3840 3841 3798
f 3742 3784 3785 3743
f 489 523 524 491
f 3860 3910 3911 3861
f 1867 1926 1928 1866
f 3670 3717 3719 3671
f 3807 3846 3847 3808
f 3956 3976 3977 3957
f 2152 2208 2209 2153
f 3829 3865 3866 3830
f 135 153 152 137
f 3791 3834 3836 3793
f 3824 3860 3861 3825
f 2896 2919 2920 2897
f 3986 4003 4004 3987
f 534 569 571 570
f 3767 3806 3807 3768
f 3484 3541 3542 3485
f 2961 2980 2981 2962
f 3805 3843 3845 3806
f 2930 2950 2952 2931
f 3642 3693 3694 3643
f 3859 3908 3910 3860
f 3781 3824 3825 3782
f 1988 2038 2037 1987
f 3822 3857 3859 3823
f 213 238 239 215
f 3572 3627 3628 3573
f 1898 1899 1901 1900
f 3866 3916 3917 3867
f 3031 3040 3042 3032
f 52 60 59 54
f 3847 3878 3879 3848
f 3816 3855 3856 3819
f 3216 3254 3255 3217
f 3648 3700 3701 3650
f 2067 2116 2117 2068
f 3624 3676 3677 3625
f 1954 2008 2009 1955
f 3903 3904 3905 3854
f 3784 3827 3828 3785
f 3652 3704 3703 3654
f 3726 3768 3769 3727
f 3862 3912 3913 3863
f 3720 3761 3763 3721
f 3828 3864 3865 3829
f 3985 4002 4003 3986
f 3854 3905 3906 3853
f 3584 3639 3640 3585
f 465 505 506 466
f 3908 3940 3939 3910
f 3830 3866 3867 3831
f 2704 2754 2756 2706
f 3714 3759 3760 3715
f 3954 3974 3975 3955
f 3977 3995 3996 3978
f 1890 1948 1949 1891
f 1972 2024 2026 1974
f 117 135 137 119
f 2768 2814 2815 2769
f 3792 3835 3834 3791
f 1842 1894 1893 1843
f 59 67 69 61
f 3116 3117 3119 3118
f 3987 4004 4005 3988
f 986 1035 1036 988
f 3871 3921 3922 3872
f 3912 3942 3943 3913
f 848 896 897 849
f 3940 3964 3963 3939
f 3747 3789 3790 3748
f 3688 3734 3736 3689
f 3869 3919 3918 3868
f 3894 3930 3931 3896
f 3863 3913 3914 3864
f 261 291 292 262
f 3961 3981 3982 3962
f 3001 3013 3014 3002
f 14 25 27 16
f 3926 3951 3950 3925
f 3887 3888 3890 3889
f 3872 3922 3923 3873
f 194 225 226 195
f 3971 3989 3991 3973
f 3944 3968 3969 3945
f 3892 3929 3930 3894
f 993 1041 1042 994
f 3806 3845 3846 3807
f 3972 3990 3989 3971
f 2235 2288 2289 2237
f 3942 3966 3967 3943
f 3815 3816 3819 3818
f 3888 3927 3928 3890
f 3752 3793 3794 3753
f 1433 1483 1484 1434
f 914 964 965 915
f 3934 3959 3960 3935
f 3647 3696 3698 3697
f 3896 3931 3932 3898
f 3914 3944 3945 3915
f 3979 3997 3998 3980
f 1963 2017 2018 1964
f 3902 3934 3935 3904
f 3935 3960 3961 3936
f 3904 3935 3936 3905
f 3996 4012 4013 3997
f 3852 3854 3853 3817
f 1882 1942 1943 1883
f 3768 3807 3808 3769
f 861 908 909 862
f 2156 2211 2213 2155
f 3898 3932 3933 3900
f 1929 1985 1986 1930
f 3886 3925 3927 3888
f 6 17 18 8
f 3018 3029 3031 3020
f 3984 4001 4000 3983
f 3360 3413 3414 3361
f 4036 4040 4041 4037
f 3033 3043 3044 3034
f 3906 3937 3938 3907
f 3973 3991 3992 3974
f 3838 3871 3872 3839
f 3384 3385 3386 3331
f 209 236 237 211
f 4011 4023 4024 4012
f 4000 4017 4016 4002
f 37 46 45 38
f 929 977 978 930
f 3025 3036 3037 3026
f 3820 3858 3857 3822
f 1947 2002 2003 1948
f 3280 3336 3337 3281
f 4027 4033 4035 4029
f 3983 4000 4002 3985
f 1937 1992 1993 1938
f 4010 4022 4023 4011
f 3848 3879 3880 3849
f 3958 3978 3979 3959
f 3997 4013 4014 3998
f 3966 3985 3986 3967
f 4002 4016 4018 4003
f 3009 3020 3021 3010
f 3928 3953 3954 3929
f 4024 4030 4031 4025
