# exported by blender_batch_chars_to_s.py fallback
v 0.973645 -0.004528 0.000000
v 0.976355 -0.004528 0.000000
v 0.976755 -0.009297 0.000000
v 0.973245 -0.009297 0.000000
v 0.976355 -0.014065 0.000000
v 0.973645 -0.014065 0.000000
v 0.953969 -0.050853 0.000000
v 0.960626 -0.049977 0.000000
v 0.960078 -0.056218 0.056252
v 0.950518 -0.056616 0.000000
v 0.970058 -0.049816 0.000000
v 0.970005 -0.056177 0.066604
v 0.980003 -0.049800 0.000000
v 0.980000 -0.056174 0.068338
v 0.990000 -0.049799 0.000000
v 0.990000 -0.056174 0.068479
v 0.999997 -0.049800 0.000000
v 1.000000 -0.056174 0.068338
v 1.009942 -0.049816 0.000000
v 1.009995 -0.056177 0.066605
v 1.019374 -0.049977 0.000000
v 1.019924 -0.056217 0.056284
v 1.026035 -0.050852 0.000000
v 1.029530 -0.056603 0.000000
v 0.934679 -0.060074 0.000000
v 0.940763 -0.058879 0.000000
v 0.940461 -0.065455 0.052772
v 0.933753 -0.065743 0.000000
v 0.950062 -0.065157 0.069417
v 0.960005 -0.065107 0.084348
v 0.970000 -0.065104 0.091005
v 0.980000 -0.065104 0.092533
v 0.990000 -0.065104 0.092715
v 1.000000 -0.065104 0.092534
v 1.010000 -0.065104 0.091021
v 1.019996 -0.065107 0.084596
v 1.029967 -0.065155 0.072064
v 1.039957 -0.058704 0.000000
v 1.039997 -0.065423 0.068936
v 1.049998 -0.059060 0.000000
v 1.050000 -0.065468 0.068515
v 1.059997 -0.059095 0.000000
v 1.060000 -0.065471 0.068338
v 1.069942 -0.059113 0.000000
v 1.069994 -0.065474 0.066582
v 1.079369 -0.059275 0.000000
v 1.079891 -0.065523 0.055855
v 1.085970 -0.060167 0.000000
v 1.089059 -0.066020 0.000000
v 0.940422 -0.074400 0.066553
v 0.933545 -0.074436 0.000000
v 0.950029 -0.074379 0.087884
v 0.960001 -0.074376 0.097280
v 0.970000 -0.074376 0.102329
v 0.980000 -0.074376 0.104121
v 0.990000 -0.074376 0.104425
v 1.000000 -0.074376 0.104141
v 1.010000 -0.074376 0.102474
v 1.020000 -0.074376 0.098272
v 1.029999 -0.074379 0.093932
v 1.040000 -0.074398 0.092871
v 1.050000 -0.074400 0.092737
v 1.060000 -0.074400 0.092527
v 1.070000 -0.074401 0.090858
v 1.079992 -0.074406 0.082692
v 1.089900 -0.074491 0.059917
v 1.095988 -0.068853 0.000000
v 1.099484 -0.075148 0.000000
v 0.940371 -0.083675 0.069680
v 0.933141 -0.083715 0.000000
v 0.950025 -0.083672 0.093251
v 0.960001 -0.083672 0.103616
v 0.970000 -0.083672 0.109358
v 0.980000 -0.083672 0.112194
v 0.990000 -0.083672 0.112860
v 1.000000 -0.083672 0.112412
v 1.010000 -0.083672 0.110301
v 1.020000 -0.083672 0.107077
v 1.030000 -0.083672 0.105033
v 1.040000 -0.083673 0.104553
v 1.050000 -0.083673 0.104463
v 1.060000 -0.083673 0.104110
v 1.070000 -0.083673 0.102171
v 1.080000 -0.083673 0.096310
v 1.089995 -0.083679 0.085479
v 1.099962 -0.083748 0.070112
v 1.109326 -0.077473 0.000000
v 1.109885 -0.084069 0.056132
v 1.115961 -0.078707 0.000000
v 1.118988 -0.084609 0.000000
v 0.940079 -0.092999 0.073061
v 0.930813 -0.093407 0.000000
v 0.950004 -0.092970 0.095225
v 0.960000 -0.092969 0.106310
v 0.970000 -0.092969 0.113775
v 0.980000 -0.092969 0.118474
v 0.990000 -0.092969 0.120042
v 1.000000 -0.092969 0.119666
v 1.010000 -0.092969 0.117357
v 1.020000 -0.092969 0.114772
v 1.030000 -0.092969 0.113413
v 1.040000 -0.092969 0.113098
v 1.050000 -0.092969 0.112958
v 1.060000 -0.092969 0.112215
v 1.070000 -0.092969 0.109386
v 1.080000 -0.092969 0.103984
v 1.090000 -0.092969 0.097461
v 1.099998 -0.092972 0.090560
v 1.109967 -0.092997 0.081000
v 1.119521 -0.093072 0.055657
v 1.125282 -0.087423 0.000000
v 1.126241 -0.093553 0.000000
v 0.923992 -0.096678 0.000000
v 0.930090 -0.102348 0.060550
v 0.920515 -0.103035 0.000000
v 0.940006 -0.102270 0.086148
v 0.950000 -0.102266 0.099441
v 0.960000 -0.102266 0.108434
v 0.970000 -0.102266 0.115946
v 0.980000 -0.102266 0.121480
v 0.990000 -0.102266 0.124218
v 1.000000 -0.102266 0.124653
v 1.010000 -0.102266 0.123334
v 1.020000 -0.102266 0.121832
v 1.030000 -0.102266 0.121039
v 1.040000 -0.102266 0.120856
v 1.050000 -0.102266 0.120453
v 1.060000 -0.102266 0.118743
v 1.070000 -0.102266 0.114467
v 1.080000 -0.102266 0.108477
v 1.090000 -0.102266 0.101843
v 1.099999 -0.102266 0.095025
v 1.109972 -0.102264 0.085680
v 1.119572 -0.102246 0.064373
v 1.126398 -0.102261 0.000000
v 0.903968 -0.106579 0.000000
v 0.910669 -0.105362 0.000000
v 0.910079 -0.111950 0.056727
v 0.900470 -0.112380 0.000000
v 0.920037 -0.111638 0.070277
v 0.930005 -0.111568 0.085542
v 0.940000 -0.111563 0.096696
v 0.950000 -0.111562 0.104344
v 0.960000 -0.111562 0.110731
v 0.970000 -0.111562 0.116022
v 0.980000 -0.111562 0.119282
v 0.990000 -0.111562 0.121318
v 1.000000 -0.111562 0.123333
v 1.010000 -0.111562 0.125326
v 1.020000 -0.111562 0.126703
v 1.030000 -0.111562 0.127521
v 1.040000 -0.111562 0.127861
v 1.050000 -0.111562 0.126510
v 1.060000 -0.111562 0.122437
v 1.070000 -0.111562 0.115847
v 1.080000 -0.111562 0.108088
v 1.090000 -0.111562 0.099228
v 1.099997 -0.111560 0.087480
v 1.109948 -0.111518 0.069804
v 1.119540 -0.111188 0.052633
v 1.126244 -0.110901 0.000000
v 0.853965 -0.115930 0.000000
v 0.860626 -0.115055 0.000000
v 0.860076 -0.121295 0.056283
v 0.850473 -0.121682 0.000000
v 0.870058 -0.114892 0.000000
v 0.870005 -0.121255 0.066604
v 0.880005 -0.114842 0.000000
v 0.880000 -0.121249 0.068360
v 0.890043 -0.114485 0.000000
v 0.890003 -0.121204 0.068915
v 0.900033 -0.120936 0.072039
v 0.910004 -0.120886 0.084588
v 0.920001 -0.120863 0.091788
v 0.930000 -0.120860 0.097398
v 0.940000 -0.120859 0.102615
v 0.950000 -0.120859 0.107149
v 0.960000 -0.120859 0.110258
v 0.970000 -0.120859 0.112075
v 0.980000 -0.120859 0.113146
v 0.990000 -0.120859 0.114761
v 1.000000 -0.120859 0.117789
v 1.010000 -0.120859 0.121916
v 1.020000 -0.120859 0.126273
v 1.030000 -0.120859 0.130150
v 1.040000 -0.120859 0.132181
v 1.050000 -0.120859 0.129812
v 1.060000 -0.120859 0.123520
v 1.070000 -0.120859 0.115609
v 1.080000 -0.120859 0.106830
v 1.089998 -0.120859 0.095358
v 1.099952 -0.120838 0.073458
v 1.109609 -0.120527 0.000000
v 1.119250 -0.117805 0.000000
v 1.125322 -0.116570 0.000000
v 0.823969 -0.125225 0.000000
v 0.830629 -0.124316 0.000000
v 0.830078 -0.130590 0.056286
v 0.820514 -0.130991 0.000000
v 0.840101 -0.123799 0.000000
v 0.840008 -0.130503 0.067045
v 0.850033 -0.130233 0.071897
v 0.860004 -0.130185 0.084569
v 0.870000 -0.130182 0.090983
v 0.880000 -0.130182 0.092435
v 0.890000 -0.130179 0.092635
v 0.900001 -0.130160 0.093496
v 0.910000 -0.130157 0.097038
v 0.920000 -0.130156 0.099692
v 0.930000 -0.130156 0.100886
v 0.940000 -0.130155 0.102169
v 0.950000 -0.130155 0.103372
v 0.960000 -0.130155 0.104089
v 0.970000 -0.130155 0.104440
v 0.980000 -0.130156 0.105018
v 0.990000 -0.130156 0.107191
v 1.000000 -0.130156 0.111251
v 1.010000 -0.130156 0.116428
v 1.020000 -0.130156 0.121924
v 1.030000 -0.130156 0.127359
v 1.040000 -0.130156 0.131344
v 1.050000 -0.130156 0.130111
v 1.060000 -0.130156 0.123602
v 1.070000 -0.130156 0.115463
v 1.079999 -0.130156 0.106486
v 1.089975 -0.130156 0.094423
v 1.099632 -0.130154 0.070052
v 1.106901 -0.130127 0.000000
v 0.803968 -0.134470 0.000000
v 0.810669 -0.133256 0.000000
v 0.810079 -0.139841 0.056728
v 0.800471 -0.140271 0.000000
v 0.820037 -0.139532 0.070182
v 0.830004 -0.139482 0.084437
v 0.840000 -0.139476 0.091085
v 0.850001 -0.139457 0.093521
v 0.860000 -0.139454 0.097948
v 0.870000 -0.139454 0.101971
v 0.880000 -0.139454 0.103099
v 0.890000 -0.139454 0.102621
v 0.900000 -0.139453 0.101892
v 0.910000 -0.139453 0.100470
v 0.920000 -0.139453 0.097117
v 0.929999 -0.139450 0.093375
v 0.940000 -0.139430 0.092585
v 0.950000 -0.139428 0.092635
v 0.960000 -0.139428 0.092720
v 0.970000 -0.139430 0.092866
v 0.980001 -0.139450 0.093958
v 0.990000 -0.139453 0.098594
v 1.000000 -0.139453 0.104523
v 1.010000 -0.139453 0.110632
v 1.020000 -0.139453 0.116765
v 1.030000 -0.139453 0.123075
v 1.040000 -0.139453 0.128538
v 1.050000 -0.139453 0.129402
v 1.060000 -0.139453 0.123500
v 1.070000 -0.139453 0.115432
v 1.079999 -0.139453 0.106443
v 1.089973 -0.139453 0.094321
v 1.099581 -0.139453 0.069628
v 1.106476 -0.139452 0.000000
v 0.763965 -0.143821 0.000000
v 0.770626 -0.142944 0.000000
v 0.770076 -0.149186 0.056285
v 0.760470 -0.149572 0.000000
v 0.780060 -0.142749 0.000000
v 0.780005 -0.149142 0.066634
v 0.790046 -0.142376 0.000000
v 0.790003 -0.149095 0.068781
v 0.800033 -0.148827 0.072063
v 0.810004 -0.148776 0.084713
v 0.820001 -0.148754 0.092166
v 0.830000 -0.148751 0.097878
v 0.840000 -0.148751 0.101857
v 0.850000 -0.148750 0.102932
v 0.860000 -0.148750 0.104459
v 0.870000 -0.148750 0.106659
v 0.880000 -0.148750 0.106631
v 0.890000 -0.148750 0.104151
v 0.900000 -0.148750 0.101094
v 0.910000 -0.148749 0.095792
v 0.919995 -0.148743 0.085570
v 0.929967 -0.148676 0.072143
v 0.939997 -0.148405 0.068924
v 0.950000 -0.148360 0.068516
v 0.960000 -0.148360 0.068521
v 0.970003 -0.148405 0.068943
v 0.980033 -0.148676 0.072190
v 0.990005 -0.148744 0.085790
v 1.000000 -0.148750 0.096921
v 1.010000 -0.148750 0.104856
v 1.020000 -0.148750 0.112106
v 1.030000 -0.148750 0.119346
v 1.040000 -0.148750 0.125930
v 1.050000 -0.148750 0.128655
v 1.060000 -0.148750 0.123374
v 1.070000 -0.148750 0.115412
v 1.079999 -0.148750 0.106435
v 1.089973 -0.148750 0.094314
v 1.099577 -0.148750 0.069601
v 1.106437 -0.148750 0.000000
v 0.663969 -0.153119 0.000000
v 0.670626 -0.152242 0.000000
v 0.670078 -0.158482 0.055239
v 0.660519 -0.158877 0.000000
v 0.680058 -0.152082 0.000000
v 0.680005 -0.158442 0.065851
v 0.690003 -0.152065 0.000000
v 0.690000 -0.158440 0.067853
v 0.700000 -0.152064 0.000000
v 0.700000 -0.158440 0.068245
v 0.710000 -0.152064 0.000000
v 0.710000 -0.158440 0.068412
v 0.720000 -0.152064 0.000000
v 0.720000 -0.158440 0.068452
v 0.730000 -0.152063 0.000000
v 0.730000 -0.158440 0.068458
v 0.740002 -0.152028 0.000000
v 0.740000 -0.158437 0.068492
v 0.750044 -0.151672 0.000000
v 0.750003 -0.158392 0.068917
v 0.760033 -0.158124 0.072051
v 0.770004 -0.158076 0.084587
v 0.780000 -0.158072 0.091019
v 0.790000 -0.158070 0.092647
v 0.800001 -0.158050 0.093880
v 0.810000 -0.158048 0.098164
v 0.820000 -0.158047 0.102487
v 0.830000 -0.158047 0.105129
v 0.840000 -0.158047 0.106170
v 0.850000 -0.158047 0.104399
v 0.860000 -0.158047 0.103139
v 0.870000 -0.158046 0.103155
v 0.880000 -0.158046 0.101961
v 0.890000 -0.158046 0.097749
v 0.899999 -0.158043 0.091862
v 0.909992 -0.158019 0.082769
v 0.919902 -0.157932 0.059947
v 0.929527 -0.157287 0.000000
v 0.939956 -0.155128 0.000000
v 0.949998 -0.154770 0.000000
v 0.960002 -0.154770 0.000000
v 0.970044 -0.155128 0.000000
v 0.980472 -0.157291 0.000000
v 0.990088 -0.157965 0.060581
v 1.000006 -0.158043 0.086153
v 1.010000 -0.158047 0.099465
v 1.020000 -0.158047 0.108579
v 1.030000 -0.158047 0.116683
v 1.040000 -0.158047 0.123927
v 1.050000 -0.158047 0.127779
v 1.060000 -0.158047 0.123015
v 1.070000 -0.158047 0.115260
v 1.079999 -0.158047 0.106360
v 1.089973 -0.158047 0.094289
v 1.099577 -0.158047 0.069591
v 1.106435 -0.158047 0.000000
v 0.644707 -0.162251 0.000000
v 0.650766 -0.161109 0.000000
v 0.650498 -0.167344 0.038454
v 0.643946 -0.167344 0.000000
v 0.660097 -0.167344 0.052637
v 0.670009 -0.167346 0.075163
v 0.680001 -0.167366 0.084219
v 0.690000 -0.167369 0.088338
v 0.700000 -0.167369 0.090567
v 0.710000 -0.167369 0.091805
v 0.720000 -0.167369 0.092147
v 0.730000 -0.167369 0.092211
v 0.740000 -0.167369 0.092313
v 0.750000 -0.167367 0.092573
v 0.760001 -0.167347 0.093716
v 0.770000 -0.167345 0.098123
v 0.780000 -0.167345 0.102317
v 0.790000 -0.167345 0.103961
v 0.800000 -0.167344 0.104490
v 0.810000 -0.167344 0.105665
v 0.820000 -0.167344 0.107217
v 0.830000 -0.167344 0.106839
v 0.840000 -0.167344 0.103503
v 0.850000 -0.167344 0.098234
v 0.859999 -0.167340 0.093729
v 0.870000 -0.167321 0.092556
v 0.880000 -0.167318 0.090984
v 0.889996 -0.167315 0.084421
v 0.899962 -0.167265 0.070149
v 0.909889 -0.166947 0.056297
v 0.919059 -0.166406 0.000000
v 0.925991 -0.163570 0.000000
v 0.990814 -0.166903 0.000000
v 0.983989 -0.163635 0.000000
v 1.000079 -0.167313 0.072890
v 1.010004 -0.167343 0.095043
v 1.020000 -0.167344 0.106210
v 1.030000 -0.167344 0.114620
v 1.040000 -0.167344 0.121821
v 1.050000 -0.167344 0.125937
v 1.060000 -0.167344 0.121636
v 1.070000 -0.167344 0.114337
v 1.079999 -0.167344 0.105769
v 1.089973 -0.167344 0.093993
v 1.099577 -0.167344 0.069405
v 1.106434 -0.167341 0.000000
v 0.650766 -0.173578 0.000000
v 0.644707 -0.172437 0.000000
v 0.660519 -0.175814 0.000000
v 0.670081 -0.176253 0.055672
v 0.680037 -0.176566 0.069355
v 0.690005 -0.176635 0.084014
v 0.700000 -0.176640 0.093665
v 0.710000 -0.176641 0.098365
v 0.720000 -0.176641 0.099688
v 0.730000 -0.176641 0.100068
v 0.740000 -0.176641 0.100887
v 0.750000 -0.176641 0.101980
v 0.760000 -0.176641 0.103132
v 0.770000 -0.176641 0.105684
v 0.780000 -0.176641 0.108831
v 0.790000 -0.176641 0.110435
v 0.800000 -0.176641 0.109923
v 0.810000 -0.176641 0.107924
v 0.820000 -0.176641 0.105382
v 0.830000 -0.176641 0.102256
v 0.840000 -0.176640 0.096314
v 0.849995 -0.176634 0.085707
v 0.859967 -0.176567 0.072167
v 0.869997 -0.176296 0.068782
v 0.879995 -0.176248 0.066632
v 0.889922 -0.176204 0.056257
v 0.899486 -0.175806 0.000000
v 0.909326 -0.173540 0.000000
v 0.915966 -0.172309 0.000000
v 1.000373 -0.176633 0.067865
v 0.993158 -0.176546 0.000000
v 1.010025 -0.176640 0.092189
v 1.020001 -0.176641 0.103478
v 1.030000 -0.176641 0.111635
v 1.040000 -0.176641 0.118845
v 1.050000 -0.176641 0.123130
v 1.060000 -0.176641 0.118825
v 1.070000 -0.176641 0.111604
v 1.079999 -0.176641 0.103431
v 1.089972 -0.176640 0.092081
v 1.099575 -0.176636 0.067444
v 1.106417 -0.176587 0.000000
v 0.670669 -0.182841 0.000000
v 0.663972 -0.181623 0.000000
v 0.680516 -0.185165 0.000000
v 0.690099 -0.185822 0.059778
v 0.700008 -0.185907 0.082395
v 0.710000 -0.185912 0.090412
v 0.720000 -0.185915 0.092114
v 0.730001 -0.185934 0.093288
v 0.740000 -0.185937 0.097328
v 0.750000 -0.185937 0.101287
v 0.760000 -0.185937 0.104319
v 0.770000 -0.185937 0.107618
v 0.780000 -0.185937 0.110019
v 0.790000 -0.185937 0.110826
v 0.800000 -0.185937 0.108684
v 0.810000 -0.185937 0.103950
v 0.820000 -0.185937 0.098210
v 0.829999 -0.185934 0.092033
v 0.839992 -0.185909 0.082817
v 0.849902 -0.185822 0.059956
v 0.859527 -0.185178 0.000000
v 0.869954 -0.183017 0.000000
v 0.879940 -0.182642 0.000000
v 0.889374 -0.182447 0.000000
v 0.896031 -0.181569 0.000000
v 1.000466 -0.185867 0.056625
v 0.993718 -0.185353 0.000000
v 1.010031 -0.185934 0.085252
v 1.020001 -0.185937 0.099284
v 1.030000 -0.185937 0.108574
v 1.040000 -0.185937 0.116385
v 1.050000 -0.185937 0.120926
v 1.060000 -0.185937 0.116390
v 1.070000 -0.185937 0.108577
v 1.079999 -0.185937 0.099282
v 1.089969 -0.185934 0.085247
v 1.099531 -0.185867 0.056599
v 1.106244 -0.185355 0.000000
v 0.404031 -0.190324 0.000000
v 0.410631 -0.189431 0.000000
v 0.410109 -0.195679 0.055854
v 0.400945 -0.196177 0.000000
v 0.420058 -0.189269 0.000000
v 0.420006 -0.195630 0.066575
v 0.430000 -0.189254 0.000000
v 0.430000 -0.195628 0.068182
v 0.439942 -0.189269 0.000000
v 0.439994 -0.195630 0.066575
v 0.449369 -0.189431 0.000000
v 0.449891 -0.195679 0.055855
v 0.455970 -0.190324 0.000000
v 0.459059 -0.196176 0.000000
v 0.690941 -0.194293 0.000000
v 0.684012 -0.191459 0.000000
v 0.700109 -0.194789 0.055838
v 0.710006 -0.194842 0.066580
v 0.720003 -0.194889 0.068745
v 0.730033 -0.195158 0.072021
v 0.740004 -0.195208 0.084630
v 0.750001 -0.195231 0.092016
v 0.760000 -0.195233 0.097780
v 0.770000 -0.195234 0.102182
v 0.780000 -0.195234 0.104181
v 0.790000 -0.195234 0.105205
v 0.800000 -0.195234 0.103206
v 0.810000 -0.195234 0.096690
v 0.819995 -0.195229 0.085612
v 0.829962 -0.195158 0.070284
v 0.839888 -0.194838 0.056306
v 0.849059 -0.194296 0.000000
v 0.855991 -0.191461 0.000000
v 1.000884 -0.194797 0.000000
v 0.994695 -0.191548 0.000000
v 1.010082 -0.195204 0.072986
v 1.020004 -0.195233 0.095322
v 1.030000 -0.195234 0.106766
v 1.040000 -0.195234 0.115089
v 1.050000 -0.195234 0.119734
v 1.060000 -0.195234 0.115179
v 1.070000 -0.195234 0.106840
v 1.079996 -0.195233 0.095347
v 1.089918 -0.195204 0.072996
v 1.099116 -0.194797 0.000000
v 1.105302 -0.191548 0.000000
v 0.394079 -0.199027 0.000000
v 0.400134 -0.204656 0.059432
v 0.391014 -0.205410 0.000000
v 0.410009 -0.204562 0.082654
v 0.420000 -0.204557 0.090840
v 0.430000 -0.204557 0.092310
v 0.440000 -0.204557 0.090843
v 0.449992 -0.204562 0.082693
v 0.459902 -0.204647 0.059949
v 0.465991 -0.199008 0.000000
v 0.469527 -0.205291 0.000000
v 0.700631 -0.201039 0.000000
v 0.694030 -0.200145 0.000000
v 0.710060 -0.201236 0.000000
v 0.720046 -0.201608 0.000000
v 0.730471 -0.203713 0.000000
v 0.740079 -0.204144 0.056723
v 0.750037 -0.204452 0.070172
v 0.760004 -0.204502 0.084430
v 0.770000 -0.204508 0.091111
v 0.780001 -0.204528 0.093554
v 0.790000 -0.204530 0.096965
v 0.800000 -0.204530 0.096211
v 0.809994 -0.204526 0.085560
v 0.819910 -0.204447 0.060490
v 0.829485 -0.203762 0.000000
v 0.839326 -0.201434 0.000000
v 0.845966 -0.200200 0.000000
v 1.010371 -0.204528 0.069821
v 1.003144 -0.204488 0.000000
v 1.020025 -0.204531 0.094100
v 1.030001 -0.204531 0.105789
v 1.040000 -0.204531 0.113966
v 1.050000 -0.204531 0.118574
v 1.060000 -0.204531 0.114649
v 1.069999 -0.204531 0.106414
v 1.079975 -0.204531 0.094419
v 1.089629 -0.204529 0.070017
v 1.096857 -0.204491 0.000000
v 0.384715 -0.208278 0.000000
v 0.390475 -0.213929 0.056116
v 0.383717 -0.214416 0.000000
v 0.400033 -0.213837 0.082915
v 0.410001 -0.213829 0.095977
v 0.420000 -0.213829 0.102091
v 0.430000 -0.213829 0.103728
v 0.440000 -0.213829 0.102147
v 0.450000 -0.213829 0.096345
v 0.459995 -0.213835 0.085727
v 0.469967 -0.213902 0.072187
v 0.479957 -0.207451 0.000000
v 0.479997 -0.214173 0.068943
v 0.489998 -0.207809 0.000000
v 0.490000 -0.214218 0.068521
v 0.500000 -0.207844 0.000000
v 0.500000 -0.214221 0.068487
v 0.509997 -0.207847 0.000000
v 0.510000 -0.214221 0.068338
v 0.519942 -0.207863 0.000000
v 0.519995 -0.214224 0.066604
v 0.529374 -0.208024 0.000000
v 0.529922 -0.214265 0.056252
v 0.536031 -0.208900 0.000000
v 0.539482 -0.214663 0.000000
v 0.740669 -0.210729 0.000000
v 0.733968 -0.209515 0.000000
v 0.750514 -0.212994 0.000000
v 0.760078 -0.213395 0.056285
v 0.770008 -0.213481 0.067045
v 0.780033 -0.213751 0.071859
v 0.790004 -0.213799 0.083939
v 0.799996 -0.213801 0.086089
v 0.809919 -0.213770 0.069708
v 0.819173 -0.213345 0.000000
v 0.826007 -0.210115 0.000000
v 1.010422 -0.213823 0.067471
v 1.003545 -0.213772 0.000000
v 1.020027 -0.213828 0.092086
v 1.030001 -0.213828 0.103412
v 1.040000 -0.213828 0.111285
v 1.050000 -0.213828 0.116345
v 1.060000 -0.213828 0.113980
v 1.069999 -0.213828 0.106282
v 1.079973 -0.213828 0.094311
v 1.089581 -0.213828 0.069627
v 1.096474 -0.213826 0.000000
v 0.390371 -0.223133 0.067862
v 0.383115 -0.223207 0.000000
v 0.400025 -0.223125 0.091928
v 0.410001 -0.223125 0.102713
v 0.420000 -0.223125 0.109013
v 0.430000 -0.223125 0.111441
v 0.440000 -0.223125 0.109471
v 0.450000 -0.223125 0.104380
v 0.460000 -0.223125 0.098585
v 0.469999 -0.223128 0.093958
v 0.480000 -0.223148 0.092873
v 0.490000 -0.223150 0.092751
v 0.500000 -0.223150 0.092730
v 0.510000 -0.223150 0.092534
v 0.520000 -0.223151 0.091005
v 0.529995 -0.223154 0.084348
v 0.539938 -0.223203 0.069417
v 0.549237 -0.216926 0.000000
v 0.549539 -0.223502 0.052771
v 0.555321 -0.218121 0.000000
v 0.556245 -0.223790 0.000000
v 0.760629 -0.219669 0.000000
v 0.753969 -0.218759 0.000000
v 0.770101 -0.220186 0.000000
v 0.780473 -0.222303 0.000000
v 0.790075 -0.222689 0.056064
v 0.799978 -0.222728 0.064067
v 0.809594 -0.222697 0.052596
v 0.816671 -0.222416 0.000000
v 1.010469 -0.223054 0.056599
v 1.003755 -0.222543 0.000000
v 1.020031 -0.223121 0.085246
v 1.030001 -0.223125 0.099264
v 1.040000 -0.223125 0.108315
v 1.050000 -0.223125 0.114358
v 1.060000 -0.223125 0.113443
v 1.069999 -0.223125 0.106209
v 1.079973 -0.223125 0.094300
v 1.089577 -0.223125 0.069600
v 1.096437 -0.223125 0.000000
v 0.390047 -0.232443 0.073316
v 0.380346 -0.232744 0.000000
v 0.400002 -0.232423 0.095044
v 0.410000 -0.232422 0.106047
v 0.420000 -0.232422 0.113608
v 0.430000 -0.232422 0.117518
v 0.440000 -0.232422 0.115665
v 0.450000 -0.232422 0.111183
v 0.460000 -0.232422 0.107191
v 0.470000 -0.232422 0.105040
v 0.480000 -0.232423 0.104555
v 0.490000 -0.232423 0.104497
v 0.500000 -0.232423 0.104460
v 0.510000 -0.232423 0.104122
v 0.520000 -0.232423 0.102327
v 0.529999 -0.232423 0.097277
v 0.539971 -0.232425 0.087878
v 0.549575 -0.232447 0.066526
v 0.556417 -0.232481 0.000000
v 0.790623 -0.228929 0.000000
v 0.783965 -0.228054 0.000000
v 0.799995 -0.229073 0.000000
v 0.809288 -0.228930 0.000000
v 0.815383 -0.228072 0.000000
v 1.010884 -0.231985 0.000000
v 1.004698 -0.228735 0.000000
v 1.020082 -0.232392 0.072995
v 1.030004 -0.232421 0.095331
v 1.040000 -0.232422 0.106607
v 1.050000 -0.232422 0.113392
v 1.060000 -0.232422 0.113200
v 1.069999 -0.232422 0.106179
v 1.079973 -0.232422 0.094298
v 1.089577 -0.232422 0.069600
v 1.096435 -0.232422 0.000000
v 0.354031 -0.236805 0.000000
v 0.360633 -0.235878 0.000000
v 0.360109 -0.242161 0.055885
v 0.350945 -0.242662 0.000000
v 0.370089 -0.235318 0.000000
v 0.370008 -0.242064 0.067073
v 0.380023 -0.241762 0.072540
v 0.390002 -0.241721 0.088048
v 0.400000 -0.241719 0.099624
v 0.410000 -0.241719 0.108547
v 0.420000 -0.241719 0.116285
v 0.430000 -0.241719 0.121582
v 0.440000 -0.241719 0.121124
v 0.450000 -0.241719 0.117781
v 0.460000 -0.241719 0.114829
v 0.470000 -0.241719 0.113417
v 0.480000 -0.241719 0.113105
v 0.490000 -0.241719 0.113062
v 0.500000 -0.241719 0.112951
v 0.510000 -0.241719 0.112189
v 0.520000 -0.241719 0.109329
v 0.529999 -0.241719 0.103569
v 0.539973 -0.241719 0.093143
v 0.549577 -0.241720 0.069259
v 0.556434 -0.241722 0.000000
v 1.020371 -0.241716 0.070016
v 1.013143 -0.241678 0.000000
v 1.030025 -0.241719 0.094404
v 1.040001 -0.241719 0.106216
v 1.050000 -0.241719 0.113168
v 1.060000 -0.241719 0.113151
v 1.069999 -0.241719 0.106174
v 1.079973 -0.241719 0.094298
v 1.089577 -0.241719 0.069600
v 1.096435 -0.241719 0.000000
v 0.344074 -0.245511 0.000000
v 0.350131 -0.251140 0.059520
v 0.340947 -0.251896 0.000000
v 0.360009 -0.251047 0.082677
v 0.370000 -0.251039 0.090987
v 0.380001 -0.251018 0.093769
v 0.390000 -0.251016 0.098816
v 0.400000 -0.251016 0.105116
v 0.410000 -0.251016 0.112038
v 0.420000 -0.251016 0.118951
v 0.430000 -0.251016 0.124492
v 0.440000 -0.251016 0.125681
v 0.450000 -0.251016 0.123992
v 0.460000 -0.251016 0.121992
v 0.470000 -0.251016 0.121060
v 0.480000 -0.251016 0.120906
v 0.490000 -0.251016 0.120851
v 0.500000 -0.251016 0.120407
v 0.510000 -0.251016 0.118471
v 0.520000 -0.251016 0.113538
v 0.529999 -0.251016 0.105880
v 0.539973 -0.251016 0.094178
v 0.549577 -0.251016 0.069578
v 0.556437 -0.251016 0.000000
v 1.020419 -0.251016 0.069617
v 1.013526 -0.251014 0.000000
v 1.030027 -0.251016 0.094278
v 1.040001 -0.251016 0.106102
v 1.050000 -0.251016 0.113056
v 1.060000 -0.251016 0.113128
v 1.069999 -0.251016 0.106172
v 1.079973 -0.251016 0.094298
v 1.089577 -0.251016 0.069600
v 1.096435 -0.251016 0.000000
v 0.334074 -0.254803 0.000000
v 0.340131 -0.260434 0.059643
v 0.330944 -0.261192 0.000000
v 0.350010 -0.260322 0.083802
v 0.360000 -0.260314 0.096184
v 0.370000 -0.260313 0.102205
v 0.380000 -0.260313 0.104534
v 0.390000 -0.260312 0.106933
v 0.400000 -0.260312 0.110949
v 0.410000 -0.260312 0.116008
v 0.420000 -0.260312 0.121052
v 0.430000 -0.260312 0.125163
v 0.440000 -0.260312 0.126893
v 0.450000 -0.260312 0.127500
v 0.460000 -0.260312 0.127338
v 0.470000 -0.260312 0.127646
v 0.480000 -0.260312 0.128176
v 0.490000 -0.260312 0.128124
v 0.500000 -0.260312 0.126457
v 0.510000 -0.260312 0.122058
v 0.520000 -0.260312 0.115065
v 0.529999 -0.260312 0.106378
v 0.539973 -0.260312 0.094312
v 0.549581 -0.260313 0.069626
v 0.556474 -0.260315 0.000000
v 1.020423 -0.260312 0.069405
v 1.013564 -0.260310 0.000000
v 1.030027 -0.260312 0.093979
v 1.040001 -0.260312 0.105548
v 1.050000 -0.260312 0.112445
v 1.060000 -0.260312 0.112965
v 1.069999 -0.260312 0.106154
v 1.079973 -0.260312 0.094297
v 1.089577 -0.260312 0.069600
v 1.096435 -0.260312 0.000000
v 0.324012 -0.264083 0.000000
v 0.330100 -0.269722 0.060046
v 0.320516 -0.270382 0.000000
v 0.340009 -0.269618 0.083851
v 0.350000 -0.269610 0.096493
v 0.360000 -0.269609 0.104032
v 0.370000 -0.269609 0.109223
v 0.380000 -0.269609 0.111495
v 0.390000 -0.269609 0.112679
v 0.400000 -0.269609 0.114817
v 0.410000 -0.269609 0.117414
v 0.420000 -0.269609 0.119214
v 0.430000 -0.269609 0.120595
v 0.440000 -0.269609 0.121941
v 0.450000 -0.269609 0.124149
v 0.460000 -0.269609 0.126994
v 0.470000 -0.269609 0.130410
v 0.480000 -0.269609 0.133210
v 0.490000 -0.269609 0.133805
v 0.500000 -0.269609 0.130157
v 0.510000 -0.269609 0.123462
v 0.520000 -0.269609 0.115434
v 0.529999 -0.269609 0.106484
v 0.539975 -0.269609 0.094422
v 0.549629 -0.269612 0.070017
v 0.556857 -0.269650 0.000000
v 1.020425 -0.269605 0.067444
v 1.013583 -0.269556 0.000000
v 1.030028 -0.269609 0.092073
v 1.040001 -0.269609 0.103297
v 1.050000 -0.269609 0.110344
v 1.060000 -0.269609 0.112336
v 1.069999 -0.269609 0.106066
v 1.079973 -0.269609 0.094290
v 1.089577 -0.269609 0.069599
v 1.096435 -0.269609 0.000000
v 0.303969 -0.273923 0.000000
v 0.310669 -0.272706 0.000000
v 0.310079 -0.279294 0.056734
v 0.300473 -0.279725 0.000000
v 0.320037 -0.278982 0.070308
v 0.330005 -0.278913 0.085599
v 0.340000 -0.278906 0.096656
v 0.350000 -0.278906 0.104135
v 0.360000 -0.278906 0.109900
v 0.370000 -0.278906 0.113555
v 0.380000 -0.278906 0.113948
v 0.390000 -0.278906 0.112650
v 0.400000 -0.278906 0.112190
v 0.410000 -0.278906 0.112587
v 0.420000 -0.278906 0.112900
v 0.430000 -0.278906 0.113374
v 0.440000 -0.278906 0.114834
v 0.450000 -0.278906 0.117913
v 0.460000 -0.278906 0.122317
v 0.470000 -0.278906 0.127621
v 0.480000 -0.278906 0.132880
v 0.490000 -0.278906 0.135657
v 0.500000 -0.278906 0.131468
v 0.510000 -0.278906 0.123968
v 0.520000 -0.278906 0.115734
v 0.530000 -0.278906 0.106879
v 0.539996 -0.278907 0.095349
v 0.549917 -0.278937 0.072996
v 0.559116 -0.279344 0.000000
v 1.020469 -0.278836 0.056598
v 1.013757 -0.278324 0.000000
v 1.030031 -0.278902 0.085243
v 1.040001 -0.278906 0.099215
v 1.050000 -0.278906 0.107821
v 1.060000 -0.278906 0.111661
v 1.069999 -0.278906 0.105977
v 1.079973 -0.278906 0.094284
v 1.089577 -0.278906 0.069599
v 1.096435 -0.278906 0.000000
v 0.273969 -0.283272 0.000000
v 0.280629 -0.282363 0.000000
v 0.280078 -0.288636 0.056286
v 0.270514 -0.289038 0.000000
v 0.290101 -0.281846 0.000000
v 0.290008 -0.288550 0.067048
v 0.300033 -0.288280 0.071917
v 0.310004 -0.288230 0.084718
v 0.320001 -0.288207 0.092234
v 0.330000 -0.288203 0.098376
v 0.340000 -0.288203 0.104407
v 0.350000 -0.288203 0.109918
v 0.360000 -0.288203 0.113512
v 0.370000 -0.288203 0.113589
v 0.380000 -0.288203 0.110505
v 0.390000 -0.288203 0.106917
v 0.400000 -0.288203 0.104907
v 0.410000 -0.288202 0.104517
v 0.420000 -0.288202 0.104545
v 0.430000 -0.288203 0.105040
v 0.440000 -0.288203 0.107214
v 0.450000 -0.288203 0.111364
v 0.460000 -0.288203 0.116893
v 0.470000 -0.288203 0.123225
v 0.480000 -0.288203 0.129718
v 0.490000 -0.288203 0.134210
v 0.500000 -0.288203 0.131734
v 0.510000 -0.288203 0.124811
v 0.520000 -0.288203 0.116877
v 0.530000 -0.288203 0.108609
v 0.539999 -0.288203 0.099283
v 0.549969 -0.288207 0.085247
v 0.559531 -0.288274 0.056599
v 0.565302 -0.282593 0.000000
v 0.566243 -0.288785 0.000000
v 1.020884 -0.287766 0.000000
v 1.014698 -0.284517 0.000000
v 1.030083 -0.288173 0.072994
v 1.040004 -0.288202 0.095310
v 1.050000 -0.288203 0.106315
v 1.060000 -0.288203 0.111314
v 1.069999 -0.288203 0.105935
v 1.079973 -0.288203 0.094281
v 1.089577 -0.288203 0.069599
v 1.096435 -0.288203 0.000000
v 0.253968 -0.292517 0.000000
v 0.260669 -0.291302 0.000000
v 0.260079 -0.297888 0.056728
v 0.250471 -0.298318 0.000000
v 0.270037 -0.297579 0.070184
v 0.280004 -0.297529 0.084448
v 0.290000 -0.297523 0.091142
v 0.300001 -0.297504 0.093725
v 0.310000 -0.297501 0.098314
v 0.320000 -0.297500 0.102999
v 0.330000 -0.297500 0.106739
v 0.340000 -0.297500 0.110569
v 0.350000 -0.297500 0.113604
v 0.360000 -0.297500 0.113513
v 0.370000 -0.297500 0.109918
v 0.380000 -0.297500 0.104415
v 0.390000 -0.297500 0.098574
v 0.399999 -0.297497 0.093951
v 0.410000 -0.297477 0.092878
v 0.420000 -0.297477 0.092881
v 0.430001 -0.297498 0.093993
v 0.440000 -0.297500 0.098837
v 0.450000 -0.297500 0.105121
v 0.460000 -0.297500 0.112057
v 0.470000 -0.297500 0.119246
v 0.480000 -0.297500 0.126298
v 0.490000 -0.297500 0.131972
v 0.500000 -0.297500 0.132328
v 0.510000 -0.297500 0.126614
v 0.520000 -0.297500 0.119239
v 0.530000 -0.297500 0.111621
v 0.539999 -0.297500 0.103427
v 0.549972 -0.297500 0.092080
v 0.559575 -0.297505 0.067444
v 0.566417 -0.297554 0.000000
v 0.843072 -0.292852 0.000000
v 0.846931 -0.292851 0.000000
v 0.849627 -0.298372 0.000000
v 0.840419 -0.298385 0.000000
v 1.030371 -0.297497 0.070016
v 1.023143 -0.297460 0.000000
v 1.040025 -0.297500 0.094388
v 1.050001 -0.297500 0.105970
v 1.060000 -0.297500 0.111243
v 1.069999 -0.297500 0.105928
v 1.079973 -0.297500 0.094281
v 1.089577 -0.297500 0.069600
v 1.096437 -0.297500 0.000000
v 0.183968 -0.301869 0.000000
v 0.190626 -0.300992 0.000000
v 0.190078 -0.307233 0.056257
v 0.180514 -0.307631 0.000000
v 0.200058 -0.300832 0.000000
v 0.200005 -0.307192 0.066604
v 0.210003 -0.300815 0.000000
v 0.210000 -0.307190 0.068337
v 0.220000 -0.300813 0.000000
v 0.220000 -0.307190 0.068487
v 0.230002 -0.300778 0.000000
v 0.230000 -0.307187 0.068521
v 0.240043 -0.300422 0.000000
v 0.240003 -0.307142 0.068936
v 0.250033 -0.306874 0.072072
v 0.260004 -0.306823 0.084723
v 0.270001 -0.306801 0.092208
v 0.280000 -0.306798 0.098065
v 0.290000 -0.306798 0.102516
v 0.300000 -0.306797 0.104667
v 0.310000 -0.306797 0.107021
v 0.320000 -0.306797 0.110389
v 0.330000 -0.306797 0.113315
v 0.340000 -0.306797 0.114648
v 0.350000 -0.306797 0.113724
v 0.360000 -0.306797 0.109918
v 0.370000 -0.306797 0.104136
v 0.380000 -0.306797 0.096662
v 0.389995 -0.306790 0.085753
v 0.399967 -0.306723 0.072189
v 0.409997 -0.306455 0.068973
v 0.420002 -0.306458 0.069012
v 0.430023 -0.306752 0.072663
v 0.440003 -0.306794 0.087870
v 0.450000 -0.306797 0.099329
v 0.460000 -0.306797 0.107975
v 0.470000 -0.306797 0.115694
v 0.480000 -0.306797 0.122838
v 0.490000 -0.306797 0.129417
v 0.500000 -0.306797 0.132742
v 0.510000 -0.306797 0.128540
v 0.520000 -0.306797 0.121701
v 0.530000 -0.306797 0.114204
v 0.539999 -0.306797 0.105690
v 0.549973 -0.306797 0.093967
v 0.559577 -0.306797 0.069395
v 0.566434 -0.306800 0.000000
v 0.824034 -0.301832 0.000000
v 0.830669 -0.300603 0.000000
v 0.830111 -0.307194 0.055739
v 0.820941 -0.307735 0.000000
v 0.840034 -0.306880 0.065771
v 0.849972 -0.306877 0.067520
v 0.859961 -0.300425 0.000000
v 0.859997 -0.307142 0.068369
v 0.869998 -0.300778 0.000000
v 0.870000 -0.307187 0.068485
v 0.880000 -0.300813 0.000000
v 0.880000 -0.307190 0.068486
v 0.889997 -0.300815 0.000000
v 0.890000 -0.307190 0.068338
v 0.899942 -0.300832 0.000000
v 0.899995 -0.307192 0.066605
v 0.909374 -0.300992 0.000000
v 0.909924 -0.307233 0.056284
v 0.916035 -0.301868 0.000000
v 0.919527 -0.307619 0.000000
v 1.030419 -0.306797 0.069626
v 1.023526 -0.306795 0.000000
v 1.040027 -0.306797 0.094287
v 1.050001 -0.306797 0.105930
v 1.060000 -0.306797 0.111237
v 1.069999 -0.306797 0.105930
v 1.079973 -0.306797 0.094287
v 1.089581 -0.306797 0.069626
v 1.096474 -0.306799 0.000000
v 0.123878 -0.311190 0.000000
v 0.130000 -0.310468 0.000000
v 0.130000 -0.316572 0.044810
v 0.120467 -0.316919 0.000000
v 0.136122 -0.311188 0.000000
v 0.139537 -0.316891 0.000000
v 0.163968 -0.311108 0.000000
v 0.170669 -0.309896 0.000000
v 0.170079 -0.316480 0.056725
v 0.160469 -0.316885 0.000000
v 0.180037 -0.316173 0.070172
v 0.190004 -0.316123 0.084426
v 0.200000 -0.316119 0.091000
v 0.210000 -0.316119 0.092522
v 0.220000 -0.316119 0.092722
v 0.230000 -0.316119 0.092749
v 0.240000 -0.316117 0.092871
v 0.250001 -0.316097 0.093934
v 0.260000 -0.316095 0.098328
v 0.270000 -0.316094 0.103003
v 0.280000 -0.316094 0.106710
v 0.290000 -0.316094 0.110253
v 0.300000 -0.316094 0.112548
v 0.310000 -0.316094 0.114048
v 0.320000 -0.316094 0.115624
v 0.330000 -0.316094 0.116594
v 0.340000 -0.316094 0.114426
v 0.350000 -0.316094 0.110039
v 0.360000 -0.316094 0.104139
v 0.370000 -0.316093 0.096500
v 0.379991 -0.316085 0.083852
v 0.389902 -0.315982 0.060073
v 0.399527 -0.315336 0.000000
v 0.409958 -0.313213 0.000000
v 0.420029 -0.313249 0.000000
v 0.430357 -0.315735 0.000000
v 0.440049 -0.316068 0.071365
v 0.450003 -0.316093 0.093153
v 0.460000 -0.316094 0.103867
v 0.470000 -0.316094 0.111884
v 0.480000 -0.316094 0.119385
v 0.490000 -0.316094 0.126594
v 0.500000 -0.316094 0.131309
v 0.510000 -0.316094 0.128171
v 0.520000 -0.316094 0.121650
v 0.530000 -0.316094 0.114200
v 0.539999 -0.316094 0.105690
v 0.549973 -0.316094 0.093967
v 0.559577 -0.316094 0.069395
v 0.566434 -0.316091 0.000000
v 0.684589 -0.311170 0.000000
v 0.690094 -0.310467 0.000000
v 0.690382 -0.316562 0.040941
v 0.683745 -0.316767 0.000000
v 0.696130 -0.311190 0.000000
v 0.699561 -0.316918 0.000000
v 0.743878 -0.311190 0.000000
v 0.750000 -0.310468 0.000000
v 0.750000 -0.316573 0.044907
v 0.740464 -0.316918 0.000000
v 0.756122 -0.311190 0.000000
v 0.759536 -0.316918 0.000000
v 0.814009 -0.310571 0.000000
v 0.820098 -0.316209 0.059948
v 0.810473 -0.316853 0.000000
v 0.830008 -0.316122 0.082687
v 0.840001 -0.316098 0.090805
v 0.849999 -0.316097 0.092474
v 0.860000 -0.316117 0.092723
v 0.870000 -0.316119 0.092742
v 0.880000 -0.316119 0.092729
v 0.890000 -0.316119 0.092534
v 0.900000 -0.316119 0.091020
v 0.909996 -0.316123 0.084588
v 0.919967 -0.316171 0.071904
v 0.929899 -0.309736 0.000000
v 0.929992 -0.316441 0.067040
v 0.939371 -0.310253 0.000000
v 0.939922 -0.316527 0.056277
v 0.946031 -0.311163 0.000000
v 0.949482 -0.316928 0.000000
v 1.030423 -0.316094 0.069600
v 1.023563 -0.316094 0.000000
v 1.040027 -0.316094 0.094280
v 1.050001 -0.316094 0.105923
v 1.060000 -0.316094 0.111237
v 1.069999 -0.316094 0.105969
v 1.079975 -0.316094 0.094388
v 1.089629 -0.316096 0.070016
v 1.096857 -0.316134 0.000000
v 0.094677 -0.320434 0.000000
v 0.100723 -0.319548 0.000000
v 0.100461 -0.325807 0.050299
v 0.093773 -0.326006 0.000000
v 0.110107 -0.319033 0.000000
v 0.110033 -0.325736 0.064582
v 0.120033 -0.325467 0.070045
v 0.130000 -0.325423 0.078144
v 0.139968 -0.325465 0.070827
v 0.150000 -0.318625 0.000000
v 0.150000 -0.325687 0.068993
v 0.160033 -0.325464 0.071877
v 0.170004 -0.325417 0.084589
v 0.180001 -0.325394 0.092020
v 0.190000 -0.325392 0.097829
v 0.200000 -0.325391 0.102241
v 0.210000 -0.325391 0.103942
v 0.220000 -0.325391 0.104335
v 0.230000 -0.325391 0.104449
v 0.240000 -0.325391 0.104522
v 0.250000 -0.325391 0.104999
v 0.260000 -0.325391 0.107053
v 0.270000 -0.325391 0.110524
v 0.280000 -0.325391 0.113887
v 0.290000 -0.325391 0.116733
v 0.300000 -0.325391 0.118276
v 0.310000 -0.325391 0.117852
v 0.320000 -0.325391 0.115753
v 0.330000 -0.325391 0.113376
v 0.340000 -0.325391 0.109694
v 0.350000 -0.325391 0.104089
v 0.360000 -0.325390 0.096496
v 0.369990 -0.325382 0.083828
v 0.379869 -0.325269 0.059644
v 0.389056 -0.324511 0.000000
v 0.395991 -0.321621 0.000000
v 0.440414 -0.325318 0.057052
v 0.433287 -0.324781 0.000000
v 0.450028 -0.325387 0.085356
v 0.460001 -0.325391 0.099330
v 0.470000 -0.325391 0.108636
v 0.480000 -0.325391 0.116867
v 0.490000 -0.325391 0.124519
v 0.500000 -0.325391 0.129469
v 0.510000 -0.325391 0.126048
v 0.520000 -0.325391 0.119177
v 0.530000 -0.325391 0.111617
v 0.539999 -0.325391 0.103427
v 0.549972 -0.325391 0.092080
v 0.559575 -0.325386 0.067444
v 0.566417 -0.325337 0.000000
v 0.690417 -0.325422 0.061381
v 0.683544 -0.325452 0.000000
v 0.699995 -0.325467 0.068037
v 0.709958 -0.319014 0.000000
v 0.709998 -0.325735 0.068537
v 0.720000 -0.319336 0.000000
v 0.720000 -0.325777 0.068526
v 0.730043 -0.319014 0.000000
v 0.730003 -0.325735 0.068893
v 0.740032 -0.325467 0.071407
v 0.750000 -0.325423 0.079281
v 0.759968 -0.325467 0.071390
v 0.769957 -0.319016 0.000000
v 0.769997 -0.325736 0.068864
v 0.779998 -0.319370 0.000000
v 0.780000 -0.325781 0.068486
v 0.790002 -0.319370 0.000000
v 0.790000 -0.325781 0.068487
v 0.800044 -0.319013 0.000000
v 0.800003 -0.325735 0.068907
v 0.810033 -0.325464 0.072152
v 0.820005 -0.325398 0.085696
v 0.830000 -0.325392 0.096321
v 0.840000 -0.325391 0.102161
v 0.850000 -0.325391 0.104096
v 0.860000 -0.325391 0.104437
v 0.870000 -0.325391 0.104464
v 0.880000 -0.325391 0.104431
v 0.890000 -0.325391 0.104114
v 0.900000 -0.325391 0.102445
v 0.910000 -0.325392 0.098215
v 0.919999 -0.325394 0.093629
v 0.930000 -0.325414 0.091012
v 0.939995 -0.325420 0.084287
v 0.949938 -0.325469 0.069403
v 0.959237 -0.319192 0.000000
v 0.959539 -0.325768 0.052770
v 0.965321 -0.320387 0.000000
v 0.966245 -0.326055 0.000000
v 1.030423 -0.325391 0.069590
v 1.023565 -0.325391 0.000000
v 1.040027 -0.325391 0.094256
v 1.050001 -0.325391 0.105861
v 1.060000 -0.325391 0.111222
v 1.070000 -0.325391 0.106295
v 1.079996 -0.325392 0.095308
v 1.089918 -0.325421 0.072994
v 1.099116 -0.325828 0.000000
v 0.100481 -0.334611 0.053194
v 0.093777 -0.334160 0.000000
v 0.110033 -0.334680 0.076599
v 0.120002 -0.334668 0.084401
v 0.130001 -0.334685 0.087898
v 0.139999 -0.334690 0.088866
v 0.150000 -0.334708 0.089963
v 0.160001 -0.334691 0.091958
v 0.170000 -0.334688 0.096973
v 0.180000 -0.334688 0.101324
v 0.190000 -0.334687 0.104738
v 0.200000 -0.334687 0.108390
v 0.210000 -0.334687 0.110705
v 0.220000 -0.334687 0.111805
v 0.230000 -0.334687 0.112434
v 0.240000 -0.334687 0.112616
v 0.250000 -0.334687 0.112905
v 0.260000 -0.334687 0.114091
v 0.270000 -0.334687 0.116458
v 0.280000 -0.334687 0.118994
v 0.290000 -0.334687 0.120056
v 0.300000 -0.334687 0.118818
v 0.310000 -0.334687 0.115502
v 0.320000 -0.334687 0.110940
v 0.330000 -0.334687 0.106752
v 0.340000 -0.334687 0.102707
v 0.350000 -0.334686 0.096241
v 0.359990 -0.334678 0.083805
v 0.369869 -0.334566 0.059642
v 0.379053 -0.333807 0.000000
v 0.385926 -0.330900 0.000000
v 0.440880 -0.334250 0.000000
v 0.434636 -0.330999 0.000000
v 0.450082 -0.334657 0.073001
v 0.460004 -0.334686 0.095351
v 0.470000 -0.334687 0.106875
v 0.480000 -0.334687 0.115695
v 0.490000 -0.334687 0.123537
v 0.500000 -0.334687 0.128363
v 0.510000 -0.334687 0.124280
v 0.520000 -0.334687 0.116830
v 0.530000 -0.334687 0.108607
v 0.539999 -0.334687 0.099283
v 0.549969 -0.334684 0.085247
v 0.559531 -0.334617 0.056599
v 0.566243 -0.334105 0.000000
v 0.690371 -0.334691 0.068362
v 0.683141 -0.334731 0.000000
v 0.700023 -0.334691 0.087127
v 0.710001 -0.334710 0.091837
v 0.720000 -0.334713 0.092646
v 0.730000 -0.334710 0.092841
v 0.740001 -0.334691 0.093622
v 0.750000 -0.334689 0.095842
v 0.759999 -0.334691 0.093375
v 0.770000 -0.334710 0.092417
v 0.780000 -0.334713 0.092222
v 0.790000 -0.334713 0.092207
v 0.800000 -0.334710 0.092327
v 0.810001 -0.334691 0.093422
v 0.820000 -0.334688 0.098107
v 0.830000 -0.334687 0.103994
v 0.840000 -0.334687 0.109255
v 0.850000 -0.334687 0.112027
v 0.860000 -0.334687 0.112631
v 0.870000 -0.334687 0.112632
v 0.880000 -0.334687 0.112532
v 0.890000 -0.334687 0.111988
v 0.900000 -0.334687 0.109869
v 0.910000 -0.334687 0.106482
v 0.920000 -0.334688 0.103755
v 0.930000 -0.334688 0.101317
v 0.939999 -0.334688 0.096619
v 0.949971 -0.334691 0.087691
v 0.959575 -0.334713 0.066497
v 0.966417 -0.334746 0.000000
v 1.030423 -0.334687 0.069404
v 1.023566 -0.334685 0.000000
v 1.040027 -0.334687 0.093965
v 1.050001 -0.334687 0.105350
v 1.060000 -0.334687 0.110954
v 1.070000 -0.334687 0.107633
v 1.079999 -0.334688 0.099195
v 1.089969 -0.334691 0.085242
v 1.099531 -0.334758 0.056598
v 1.105302 -0.329077 0.000000
v 1.106244 -0.335270 0.000000
v 0.101012 -0.343045 0.000000
v 0.094719 -0.340237 0.000000
v 0.110112 -0.343543 0.055245
v 0.120009 -0.343637 0.066282
v 0.130033 -0.343908 0.071192
v 0.140004 -0.343958 0.083219
v 0.150001 -0.343981 0.089715
v 0.160000 -0.343983 0.095027
v 0.170000 -0.343984 0.099538
v 0.180000 -0.343984 0.102184
v 0.190000 -0.343984 0.104918
v 0.200000 -0.343984 0.108644
v 0.210000 -0.343984 0.111811
v 0.220000 -0.343984 0.114494
v 0.230000 -0.343984 0.116449
v 0.240000 -0.343984 0.117011
v 0.250000 -0.343984 0.117149
v 0.260000 -0.343984 0.117449
v 0.270000 -0.343984 0.118019
v 0.280000 -0.343984 0.118235
v 0.290000 -0.343984 0.116714
v 0.300000 -0.343984 0.113788
v 0.310000 -0.343984 0.109861
v 0.320000 -0.343984 0.104393
v 0.330000 -0.343984 0.098368
v 0.339999 -0.343981 0.092071
v 0.349991 -0.343956 0.082798
v 0.359869 -0.343860 0.059527
v 0.369053 -0.343104 0.000000
v 0.375926 -0.340197 0.000000
v 0.450371 -0.343982 0.070007
v 0.443143 -0.343944 0.000000
v 0.460025 -0.343984 0.094397
v 0.470001 -0.343984 0.106407
v 0.480000 -0.343984 0.115291
v 0.490000 -0.343984 0.123022
v 0.500000 -0.343984 0.127656
v 0.510000 -0.343984 0.123381
v 0.520000 -0.343984 0.115679
v 0.530000 -0.343984 0.106872
v 0.539996 -0.343983 0.095348
v 0.549917 -0.343954 0.072996
v 0.559116 -0.343547 0.000000
v 0.565302 -0.340298 0.000000
v 0.690079 -0.344015 0.072703
v 0.680813 -0.344423 0.000000
v 0.700004 -0.343986 0.093532
v 0.710000 -0.343985 0.101398
v 0.720000 -0.343985 0.103799
v 0.730000 -0.343985 0.104365
v 0.740000 -0.343984 0.104540
v 0.750000 -0.343984 0.104600
v 0.760000 -0.343984 0.102569
v 0.770000 -0.343985 0.100978
v 0.780000 -0.343985 0.100095
v 0.790000 -0.343984 0.099923
v 0.800000 -0.343984 0.099973
v 0.810000 -0.343984 0.100574
v 0.820000 -0.343984 0.103293
v 0.830000 -0.343984 0.108018
v 0.840000 -0.343984 0.113386
v 0.850000 -0.343984 0.117211
v 0.860000 -0.343984 0.117847
v 0.870000 -0.343984 0.117427
v 0.880000 -0.343984 0.117059
v 0.890000 -0.343984 0.116338
v 0.900000 -0.343984 0.113932
v 0.910000 -0.343984 0.110621
v 0.920000 -0.343984 0.107439
v 0.930000 -0.343984 0.103941
v 0.939999 -0.343984 0.099803
v 0.949973 -0.343984 0.091687
v 0.959577 -0.343984 0.068881
v 0.966433 -0.343984 0.000000
v 1.030425 -0.343980 0.067443
v 1.023584 -0.343930 0.000000
v 1.040027 -0.343984 0.092056
v 1.050001 -0.343984 0.103163
v 1.060000 -0.343984 0.109460
v 1.070000 -0.343984 0.109442
v 1.079999 -0.343984 0.103170
v 1.089972 -0.343984 0.092064
v 1.099575 -0.343989 0.067444
v 1.106417 -0.344038 0.000000
v 0.110633 -0.349824 0.000000
v 0.104036 -0.348898 0.000000
v 0.120102 -0.350342 0.000000
v 0.130473 -0.352463 0.000000
v 0.140079 -0.352894 0.056586
v 0.150037 -0.353202 0.069906
v 0.160004 -0.353252 0.084098
v 0.170000 -0.353258 0.090782
v 0.180001 -0.353278 0.093434
v 0.190000 -0.353280 0.098065
v 0.200000 -0.353281 0.102779
v 0.210000 -0.353281 0.106448
v 0.220000 -0.353281 0.109924
v 0.230000 -0.353281 0.111999
v 0.240000 -0.353281 0.112527
v 0.250000 -0.353281 0.112601
v 0.260000 -0.353281 0.112638
v 0.270000 -0.353281 0.112655
v 0.280000 -0.353281 0.112233
v 0.290000 -0.353281 0.110215
v 0.300000 -0.353281 0.106681
v 0.310000 -0.353281 0.102717
v 0.320000 -0.353280 0.096398
v 0.329995 -0.353274 0.085576
v 0.339962 -0.353205 0.070283
v 0.349888 -0.352884 0.056305
v 0.359055 -0.352342 0.000000
v 0.365926 -0.349489 0.000000
v 0.450420 -0.353281 0.069432
v 0.443527 -0.353277 0.000000
v 0.460027 -0.353281 0.093999
v 0.470001 -0.353281 0.105772
v 0.480000 -0.353281 0.114341
v 0.490000 -0.353281 0.121669
v 0.500000 -0.353281 0.126173
v 0.510000 -0.353281 0.122597
v 0.520000 -0.353281 0.115233
v 0.529999 -0.353281 0.106403
v 0.539975 -0.353281 0.094396
v 0.549629 -0.353279 0.070007
v 0.556857 -0.353241 0.000000
v 0.673992 -0.347694 0.000000
v 0.680090 -0.353363 0.059785
v 0.670515 -0.354049 0.000000
v 0.690006 -0.353285 0.084830
v 0.700000 -0.353281 0.097506
v 0.710000 -0.353281 0.105259
v 0.720000 -0.353281 0.109806
v 0.730000 -0.353281 0.111692
v 0.740000 -0.353281 0.111208
v 0.750000 -0.353281 0.108471
v 0.760000 -0.353281 0.103264
v 0.770000 -0.353281 0.097833
v 0.779999 -0.353279 0.093361
v 0.790000 -0.353258 0.092327
v 0.800000 -0.353258 0.092336
v 0.810000 -0.353279 0.093461
v 0.820000 -0.353281 0.098367
v 0.830000 -0.353281 0.104718
v 0.840000 -0.353281 0.111388
v 0.850000 -0.353281 0.116232
v 0.860000 -0.353281 0.115946
v 0.870000 -0.353281 0.114027
v 0.880000 -0.353281 0.112828
v 0.890000 -0.353281 0.112021
v 0.900000 -0.353281 0.109852
v 0.910000 -0.353281 0.106287
v 0.920000 -0.353281 0.102623
v 0.930000 -0.353280 0.097920
v 0.939998 -0.353278 0.092733
v 0.949973 -0.353258 0.086725
v 0.959575 -0.353253 0.066386
v 0.966417 -0.353222 0.000000
v 1.030469 -0.353209 0.056564
v 1.023757 -0.352699 0.000000
v 1.040031 -0.353277 0.085048
v 1.050001 -0.353281 0.098877
v 1.060000 -0.353281 0.107013
v 1.070000 -0.353281 0.110257
v 1.079999 -0.353281 0.105169
v 1.089973 -0.353281 0.093946
v 1.099577 -0.353281 0.069403
v 1.106434 -0.353284 0.000000
v 0.140669 -0.359479 0.000000
v 0.133969 -0.358265 0.000000
v 0.150514 -0.361744 0.000000
v 0.160078 -0.362145 0.056263
v 0.170008 -0.362231 0.067024
v 0.180033 -0.362501 0.071898
v 0.190004 -0.362552 0.084700
v 0.200001 -0.362575 0.092194
v 0.210000 -0.362577 0.098044
v 0.220000 -0.362577 0.102437
v 0.230000 -0.362577 0.104114
v 0.240000 -0.362577 0.104431
v 0.250000 -0.362577 0.104463
v 0.260000 -0.362577 0.104466
v 0.270000 -0.362577 0.104440
v 0.280000 -0.362577 0.104130
v 0.290000 -0.362577 0.102457
v 0.300000 -0.362577 0.098054
v 0.309999 -0.362574 0.092046
v 0.319992 -0.362550 0.082820
v 0.329901 -0.362462 0.059930
v 0.339484 -0.361806 0.000000
v 0.349326 -0.359480 0.000000
v 0.355966 -0.358246 0.000000
v 0.450425 -0.362573 0.067445
v 0.443582 -0.362524 0.000000
v 0.460028 -0.362578 0.092081
v 0.470001 -0.362578 0.103432
v 0.480000 -0.362578 0.111610
v 0.490000 -0.362578 0.118913
v 0.500000 -0.362578 0.123767
v 0.510000 -0.362578 0.121031
v 0.520000 -0.362578 0.114257
v 0.529999 -0.362578 0.105766
v 0.539973 -0.362578 0.093999
v 0.549581 -0.362578 0.069432
v 0.556473 -0.362573 0.000000
v 0.653972 -0.357594 0.000000
v 0.660669 -0.356376 0.000000
v 0.660081 -0.362941 0.052221
v 0.650525 -0.363376 0.000000
v 0.670037 -0.362628 0.064937
v 0.680005 -0.362561 0.079091
v 0.690001 -0.362576 0.088585
v 0.700000 -0.362578 0.096570
v 0.710000 -0.362578 0.103932
v 0.720000 -0.362578 0.110486
v 0.730000 -0.362578 0.114802
v 0.740000 -0.362578 0.113730
v 0.750000 -0.362578 0.107919
v 0.760000 -0.362578 0.099419
v 0.769997 -0.362576 0.087970
v 0.779977 -0.362535 0.072652
v 0.789998 -0.362239 0.068978
v 0.800000 -0.362239 0.068986
v 0.810001 -0.362536 0.072732
v 0.820000 -0.362576 0.088055
v 0.830000 -0.362578 0.099583
v 0.840000 -0.362578 0.108026
v 0.850000 -0.362578 0.112768
v 0.860000 -0.362578 0.110684
v 0.870000 -0.362578 0.107106
v 0.880000 -0.362578 0.104970
v 0.890000 -0.362577 0.104172
v 0.900000 -0.362577 0.102435
v 0.910000 -0.362577 0.098033
v 0.919999 -0.362575 0.092183
v 0.929996 -0.362552 0.084690
v 0.939966 -0.362502 0.071810
v 0.949967 -0.362231 0.066276
v 0.959542 -0.362156 0.052355
v 0.966245 -0.361909 0.000000
v 1.030898 -0.362100 0.000000
v 1.024699 -0.358889 0.000000
v 1.040085 -0.362544 0.070847
v 1.050004 -0.362577 0.093083
v 1.060000 -0.362578 0.103419
v 1.070000 -0.362578 0.108420
v 1.079999 -0.362578 0.105051
v 1.089973 -0.362578 0.094148
v 1.099577 -0.362578 0.069583
v 1.106437 -0.362578 0.000000
v 0.160629 -0.368419 0.000000
v 0.153969 -0.367509 0.000000
v 0.170101 -0.368936 0.000000
v 0.180473 -0.371056 0.000000
v 0.190079 -0.371487 0.056727
v 0.200037 -0.371796 0.070184
v 0.210004 -0.371846 0.084441
v 0.220000 -0.371849 0.091014
v 0.230000 -0.371850 0.092534
v 0.240000 -0.371850 0.092729
v 0.250000 -0.371850 0.092743
v 0.260000 -0.371850 0.092743
v 0.270000 -0.371850 0.092729
v 0.280000 -0.371850 0.092534
v 0.290000 -0.371849 0.091014
v 0.299996 -0.371846 0.084441
v 0.309962 -0.371796 0.070160
v 0.319888 -0.371478 0.056299
v 0.329059 -0.370937 0.000000
v 0.335988 -0.368100 0.000000
v 0.450469 -0.371804 0.056599
v 0.443757 -0.371293 0.000000
v 0.460031 -0.371871 0.085247
v 0.470001 -0.371875 0.099282
v 0.480000 -0.371875 0.108582
v 0.490000 -0.371875 0.116465
v 0.500000 -0.371875 0.121486
v 0.510000 -0.371875 0.118381
v 0.520000 -0.371875 0.111546
v 0.529999 -0.371875 0.103427
v 0.539972 -0.371875 0.092081
v 0.549575 -0.371870 0.067445
v 0.556418 -0.371821 0.000000
v 0.634984 -0.366030 0.000000
v 0.640848 -0.365513 0.000000
v 0.641058 -0.371330 0.000000
v 0.635017 -0.369080 0.000000
v 0.650147 -0.371509 0.039732
v 0.660010 -0.371506 0.058298
v 0.670002 -0.371489 0.063185
v 0.680002 -0.371533 0.066597
v 0.690023 -0.371832 0.071909
v 0.700003 -0.371873 0.087786
v 0.710000 -0.371875 0.099510
v 0.720000 -0.371875 0.108235
v 0.730000 -0.371875 0.114177
v 0.740000 -0.371875 0.113515
v 0.750000 -0.371875 0.106598
v 0.759997 -0.371874 0.095359
v 0.769953 -0.371854 0.073507
v 0.779656 -0.371557 0.000000
v 0.789970 -0.369034 0.000000
v 0.800000 -0.369036 0.000000
v 0.810035 -0.371588 0.000000
v 0.820003 -0.371856 0.073892
v 0.830000 -0.371874 0.095324
v 0.840000 -0.371875 0.105437
v 0.850000 -0.371875 0.108564
v 0.860000 -0.371875 0.104602
v 0.870000 -0.371875 0.098791
v 0.879999 -0.371873 0.093975
v 0.890000 -0.371852 0.092664
v 0.900000 -0.371850 0.091021
v 0.909996 -0.371846 0.084440
v 0.919963 -0.371796 0.070183
v 0.929921 -0.371487 0.056727
v 0.939527 -0.371056 0.000000
v 0.949893 -0.368936 0.000000
v 0.959278 -0.368420 0.000000
v 0.965324 -0.367531 0.000000
v 1.040417 -0.371802 0.057015
v 1.033334 -0.371253 0.000000
v 1.050028 -0.371871 0.085334
v 1.060001 -0.371875 0.099011
v 1.070000 -0.371875 0.105912
v 1.079999 -0.371875 0.104440
v 1.089973 -0.371875 0.094089
v 1.099581 -0.371875 0.069612
v 1.106474 -0.371877 0.000000
v 0.190669 -0.378073 0.000000
v 0.183969 -0.376858 0.000000
v 0.200514 -0.380337 0.000000
v 0.210078 -0.380735 0.056257
v 0.220005 -0.380776 0.066605
v 0.230000 -0.380779 0.068338
v 0.240000 -0.380779 0.068486
v 0.250000 -0.380779 0.068492
v 0.260000 -0.380779 0.068492
v 0.270000 -0.380779 0.068486
v 0.280000 -0.380779 0.068338
v 0.289995 -0.380776 0.066605
v 0.299922 -0.380735 0.056257
v 0.309486 -0.380337 0.000000
v 0.319326 -0.378071 0.000000
v 0.325966 -0.376840 0.000000
v 0.450884 -0.380735 0.000000
v 0.444698 -0.377485 0.000000
v 0.460083 -0.381142 0.072996
v 0.470004 -0.381171 0.095348
v 0.480000 -0.381172 0.106848
v 0.490000 -0.381172 0.115267
v 0.500000 -0.381172 0.120205
v 0.510000 -0.381172 0.116202
v 0.520000 -0.381172 0.108553
v 0.529999 -0.381172 0.099281
v 0.539969 -0.381168 0.085247
v 0.549531 -0.381101 0.056599
v 0.556244 -0.380590 0.000000
v 0.650633 -0.377684 0.000000
v 0.644039 -0.376834 0.000000
v 0.660058 -0.377843 0.000000
v 0.670004 -0.377895 0.000000
v 0.680031 -0.378293 0.000000
v 0.690344 -0.380852 0.000000
v 0.700047 -0.381151 0.073494
v 0.710003 -0.381171 0.095364
v 0.720000 -0.381172 0.106603
v 0.730000 -0.381172 0.113381
v 0.740000 -0.381172 0.113217
v 0.749999 -0.381172 0.106224
v 0.759975 -0.381172 0.094407
v 0.769632 -0.381170 0.070053
v 0.776904 -0.381144 0.000000
v 0.820036 -0.381201 0.073378
v 0.810539 -0.381588 0.000000
v 0.830001 -0.381173 0.094951
v 0.840000 -0.381172 0.103630
v 0.850000 -0.381172 0.103932
v 0.860000 -0.381172 0.098173
v 0.869998 -0.381169 0.087692
v 0.879977 -0.381127 0.072641
v 0.889998 -0.380830 0.068827
v 0.899995 -0.380780 0.066635
v 0.909922 -0.380736 0.056258
v 0.919486 -0.380337 0.000000
v 0.929331 -0.378073 0.000000
v 0.936032 -0.376858 0.000000
v 1.040880 -0.380735 0.000000
v 1.034640 -0.377482 0.000000
v 1.050082 -0.381142 0.072984
v 1.060004 -0.381171 0.095067
v 1.070000 -0.381172 0.104412
v 1.079999 -0.381172 0.104137
v 1.089975 -0.381172 0.094150
v 1.099629 -0.381175 0.069999
v 1.106857 -0.381212 0.000000
v 0.114607 -0.385455 0.000000
v 0.120000 -0.384797 0.000000
v 0.120000 -0.390469 0.027141
v 0.113899 -0.390469 0.000000
v 0.125393 -0.385455 0.000000
v 0.126101 -0.390469 0.000000
v 0.210626 -0.386976 0.000000
v 0.203968 -0.386100 0.000000
v 0.220058 -0.387137 0.000000
v 0.230003 -0.387154 0.000000
v 0.240000 -0.387154 0.000000
v 0.250000 -0.387154 0.000000
v 0.260000 -0.387154 0.000000
v 0.270000 -0.387154 0.000000
v 0.279997 -0.387154 0.000000
v 0.289942 -0.387137 0.000000
v 0.299374 -0.386976 0.000000
v 0.306032 -0.386100 0.000000
v 0.460371 -0.390466 0.070017
v 0.453143 -0.390428 0.000000
v 0.470025 -0.390469 0.094422
v 0.480001 -0.390469 0.106456
v 0.490000 -0.390469 0.114985
v 0.500000 -0.390469 0.119794
v 0.510000 -0.390469 0.115199
v 0.520000 -0.390469 0.106842
v 0.529996 -0.390468 0.095348
v 0.539917 -0.390438 0.072996
v 0.549116 -0.390031 0.000000
v 0.555302 -0.386782 0.000000
v 0.700368 -0.390467 0.070052
v 0.693097 -0.390440 0.000000
v 0.710025 -0.390469 0.094407
v 0.720001 -0.390469 0.106220
v 0.730000 -0.390469 0.113174
v 0.740000 -0.390469 0.113153
v 0.749999 -0.390469 0.106177
v 0.759973 -0.390469 0.094304
v 0.769581 -0.390469 0.069628
v 0.776478 -0.390467 0.000000
v 0.804652 -0.384857 0.000000
v 0.810446 -0.390539 0.056669
v 0.803751 -0.391051 0.000000
v 0.820029 -0.390472 0.085071
v 0.830001 -0.390469 0.097606
v 0.840000 -0.390469 0.100980
v 0.850000 -0.390469 0.097343
v 0.859996 -0.390464 0.088888
v 0.869951 -0.390423 0.070443
v 0.879643 -0.390105 0.000000
v 0.889966 -0.387587 0.000000
v 0.899941 -0.387175 0.000000
v 0.909374 -0.386978 0.000000
v 0.916032 -0.386100 0.000000
v 1.050371 -0.390466 0.069999
v 1.043143 -0.390428 0.000000
v 1.060025 -0.390469 0.094150
v 1.070001 -0.390469 0.104137
v 1.080000 -0.390469 0.104412
v 1.089996 -0.390470 0.095064
v 1.099918 -0.390499 0.072978
v 1.109116 -0.390906 0.000000
v 0.120000 -0.396141 0.000000
v 0.114607 -0.395482 0.000000
v 0.125393 -0.395482 0.000000
v 0.460419 -0.399766 0.069627
v 0.453526 -0.399764 0.000000
v 0.470027 -0.399766 0.094320
v 0.480001 -0.399766 0.106411
v 0.490000 -0.399766 0.114951
v 0.500000 -0.399766 0.119725
v 0.510000 -0.399766 0.114977
v 0.519999 -0.399766 0.106455
v 0.529975 -0.399766 0.094422
v 0.539629 -0.399763 0.070017
v 0.546857 -0.399725 0.000000
v 0.700419 -0.399766 0.069627
v 0.693524 -0.399764 0.000000
v 0.710027 -0.399766 0.094304
v 0.720001 -0.399766 0.106177
v 0.730000 -0.399766 0.113148
v 0.740000 -0.399766 0.113148
v 0.749999 -0.399766 0.106177
v 0.759973 -0.399766 0.094304
v 0.769581 -0.399766 0.069628
v 0.776478 -0.399767 0.000000
v 0.810421 -0.399770 0.067412
v 0.803542 -0.399821 0.000000
v 0.820027 -0.399766 0.091353
v 0.830001 -0.399766 0.098839
v 0.840000 -0.399765 0.095841
v 0.849995 -0.399760 0.085458
v 0.859941 -0.399690 0.069641
v 0.869594 -0.399387 0.053232
v 0.876715 -0.399073 0.000000
v 1.050419 -0.399766 0.069612
v 1.043526 -0.399764 0.000000
v 1.060027 -0.399766 0.094089
v 1.070001 -0.399766 0.104440
v 1.080000 -0.399766 0.105905
v 1.089999 -0.399766 0.098968
v 1.099969 -0.399769 0.085227
v 1.109531 -0.399836 0.056598
v 1.115302 -0.394155 0.000000
v 1.116243 -0.400348 0.000000
v 0.460423 -0.409063 0.069601
v 0.453563 -0.409062 0.000000
v 0.470027 -0.409063 0.094314
v 0.480001 -0.409063 0.106408
v 0.490000 -0.409063 0.114948
v 0.500000 -0.409063 0.119717
v 0.510000 -0.409063 0.114950
v 0.519999 -0.409063 0.106411
v 0.529973 -0.409063 0.094320
v 0.539580 -0.409062 0.069627
v 0.546474 -0.409061 0.000000
v 0.700423 -0.409063 0.069600
v 0.693563 -0.409063 0.000000
v 0.710027 -0.409063 0.094298
v 0.720001 -0.409063 0.106174
v 0.730000 -0.409063 0.113152
v 0.740000 -0.409063 0.113174
v 0.749999 -0.409063 0.106221
v 0.759975 -0.409063 0.094407
v 0.769632 -0.409064 0.070053
v 0.776904 -0.409089 0.000000
v 0.810368 -0.409064 0.069619
v 0.803098 -0.409092 0.000000
v 0.820025 -0.409063 0.092033
v 0.830001 -0.409062 0.095734
v 0.839994 -0.409058 0.085547
v 0.849910 -0.408979 0.060488
v 0.859481 -0.408294 0.000000
v 0.869242 -0.405968 0.000000
v 0.875383 -0.404768 0.000000
v 1.050423 -0.409063 0.069583
v 1.043563 -0.409062 0.000000
v 1.060027 -0.409063 0.094148
v 1.070001 -0.409063 0.105044
v 1.080000 -0.409063 0.108342
v 1.089999 -0.409063 0.103032
v 1.099973 -0.409063 0.092055
v 1.109575 -0.409067 0.067443
v 1.116417 -0.409116 0.000000
v 0.460423 -0.418359 0.069600
v 0.453565 -0.418359 0.000000
v 0.470027 -0.418359 0.094313
v 0.480001 -0.418359 0.106403
v 0.490000 -0.418359 0.114937
v 0.500000 -0.418359 0.119693
v 0.510000 -0.418359 0.114943
v 0.519999 -0.418359 0.106408
v 0.529973 -0.418359 0.094314
v 0.539577 -0.418359 0.069601
v 0.546437 -0.418359 0.000000
v 0.700423 -0.418359 0.069600
v 0.693565 -0.418359 0.000000
v 0.710027 -0.418359 0.094298
v 0.720001 -0.418359 0.106179
v 0.730000 -0.418359 0.113200
v 0.740000 -0.418359 0.113393
v 0.750000 -0.418359 0.106611
v 0.759997 -0.418360 0.095371
v 0.769953 -0.418380 0.073517
v 0.779657 -0.418650 0.000000
v 0.810046 -0.418380 0.073016
v 0.800343 -0.418650 0.000000
v 0.820002 -0.418360 0.091710
v 0.829996 -0.418358 0.090704
v 0.839918 -0.418324 0.070663
v 0.849173 -0.417880 0.000000
v 0.856006 -0.414647 0.000000
v 1.050423 -0.418359 0.069403
v 1.043566 -0.418357 0.000000
v 1.060027 -0.418359 0.093942
v 1.070001 -0.418359 0.105120
v 1.080000 -0.418359 0.109832
v 1.089999 -0.418359 0.105120
v 1.099972 -0.418359 0.093942
v 1.109577 -0.418359 0.069403
v 1.116434 -0.418362 0.000000
v 0.460423 -0.427656 0.069591
v 0.453565 -0.427656 0.000000
v 0.470027 -0.427656 0.094288
v 0.480001 -0.427656 0.106328
v 0.490000 -0.427656 0.114800
v 0.500000 -0.427656 0.119491
v 0.510000 -0.427656 0.114891
v 0.519999 -0.427656 0.106402
v 0.529973 -0.427656 0.094314
v 0.539577 -0.427656 0.069600
v 0.546435 -0.427656 0.000000
v 0.700423 -0.427656 0.069600
v 0.693565 -0.427656 0.000000
v 0.710027 -0.427656 0.094300
v 0.720001 -0.427656 0.106209
v 0.730000 -0.427656 0.113444
v 0.740000 -0.427656 0.114364
v 0.750000 -0.427656 0.108373
v 0.760000 -0.427656 0.099635
v 0.769997 -0.427659 0.088064
v 0.779977 -0.427697 0.072718
v 0.790000 -0.420804 0.000000
v 0.790000 -0.427948 0.069421
v 0.800023 -0.427697 0.072390
v 0.810003 -0.427659 0.086286
v 0.819999 -0.427656 0.091398
v 0.829969 -0.427648 0.082280
v 0.839573 -0.427552 0.056446
v 0.846668 -0.427030 0.000000
v 1.050425 -0.427652 0.067443
v 1.043584 -0.427602 0.000000
v 1.060028 -0.427656 0.092055
v 1.070001 -0.427656 0.103032
v 1.080000 -0.427656 0.108342
v 1.089999 -0.427656 0.105043
v 1.099973 -0.427656 0.094147
v 1.109577 -0.427656 0.069582
v 1.116435 -0.427656 0.000000
v 0.460423 -0.436953 0.069405
v 0.453566 -0.436950 0.000000
v 0.470027 -0.436953 0.093992
v 0.480001 -0.436953 0.105742
v 0.490000 -0.436953 0.113935
v 0.500000 -0.436953 0.118548
v 0.510000 -0.436953 0.114617
v 0.519999 -0.436953 0.106367
v 0.529973 -0.436953 0.094311
v 0.539577 -0.436953 0.069600
v 0.546435 -0.436953 0.000000
v 0.700423 -0.436953 0.069600
v 0.693565 -0.436953 0.000000
v 0.710027 -0.436953 0.094305
v 0.720001 -0.436953 0.106279
v 0.730000 -0.436953 0.113985
v 0.740000 -0.436953 0.116424
v 0.750000 -0.436953 0.111775
v 0.760000 -0.436953 0.105121
v 0.770000 -0.436953 0.098823
v 0.779999 -0.436955 0.093877
v 0.790000 -0.436973 0.092428
v 0.800001 -0.436955 0.091759
v 0.810000 -0.436953 0.091491
v 0.819991 -0.436945 0.082715
v 0.829866 -0.436832 0.059436
v 0.838990 -0.436075 0.000000
v 0.845341 -0.433203 0.000000
v 1.050469 -0.436882 0.056598
v 1.043757 -0.436371 0.000000
v 1.060031 -0.436949 0.085227
v 1.070001 -0.436953 0.098968
v 1.080000 -0.436953 0.105904
v 1.089999 -0.436953 0.104437
v 1.099973 -0.436953 0.094083
v 1.109577 -0.436953 0.069585
v 1.116435 -0.436953 0.000000
v 0.373878 -0.441347 0.000000
v 0.379995 -0.440626 0.000000
v 0.379964 -0.446738 0.044394
v 0.370463 -0.447075 0.000000
v 0.386052 -0.441365 0.000000
v 0.388998 -0.447193 0.000000
v 0.460425 -0.446245 0.067444
v 0.453584 -0.446196 0.000000
v 0.470028 -0.446250 0.092080
v 0.480001 -0.446250 0.103409
v 0.490000 -0.446250 0.111283
v 0.500000 -0.446250 0.116343
v 0.510000 -0.446250 0.113978
v 0.519999 -0.446250 0.106279
v 0.529973 -0.446250 0.094305
v 0.539577 -0.446250 0.069600
v 0.546435 -0.446250 0.000000
v 0.700423 -0.446250 0.069600
v 0.693565 -0.446250 0.000000
v 0.710027 -0.446250 0.094311
v 0.720001 -0.446250 0.106370
v 0.730000 -0.446250 0.114671
v 0.740000 -0.446250 0.119048
v 0.750000 -0.446250 0.116287
v 0.760000 -0.446250 0.111268
v 0.770000 -0.446250 0.106928
v 0.780000 -0.446250 0.103983
v 0.790000 -0.446251 0.101263
v 0.800000 -0.446250 0.096024
v 0.809993 -0.446245 0.085029
v 0.819879 -0.446157 0.059979
v 0.829054 -0.445373 0.000000
v 0.835921 -0.442463 0.000000
v 1.050884 -0.445813 0.000000
v 1.044698 -0.442564 0.000000
v 1.060082 -0.446220 0.072978
v 1.070004 -0.446249 0.095064
v 1.080000 -0.446250 0.104404
v 1.089999 -0.446250 0.104095
v 1.099973 -0.446250 0.094043
v 1.109577 -0.446250 0.069583
v 1.116437 -0.446250 0.000000
v 0.054677 -0.450593 0.000000
v 0.060720 -0.449740 0.000000
v 0.060460 -0.455945 0.049646
v 0.053773 -0.456157 0.000000
v 0.070064 -0.449580 0.000000
v 0.070030 -0.455919 0.061185
v 0.080003 -0.449565 0.000000
v 0.080002 -0.455937 0.063500
v 0.090000 -0.449564 0.000000
v 0.090000 -0.455940 0.066123
v 0.100000 -0.449564 0.000000
v 0.100000 -0.455940 0.067684
v 0.110000 -0.449564 0.000000
v 0.110000 -0.455940 0.068131
v 0.120000 -0.449564 0.000000
v 0.120000 -0.455940 0.068281
v 0.130000 -0.449564 0.000000
v 0.130000 -0.455940 0.068418
v 0.139997 -0.449565 0.000000
v 0.140000 -0.455940 0.068321
v 0.149942 -0.449582 0.000000
v 0.149994 -0.455943 0.066580
v 0.159369 -0.449744 0.000000
v 0.159891 -0.455992 0.055854
v 0.165969 -0.450636 0.000000
v 0.169055 -0.456490 0.000000
v 0.323965 -0.450618 0.000000
v 0.330626 -0.449742 0.000000
v 0.330076 -0.455983 0.056284
v 0.320473 -0.456369 0.000000
v 0.340058 -0.449580 0.000000
v 0.340005 -0.455942 0.066606
v 0.350005 -0.449529 0.000000
v 0.350000 -0.455937 0.068363
v 0.360043 -0.449172 0.000000
v 0.360003 -0.455892 0.068857
v 0.370032 -0.455624 0.071098
v 0.379974 -0.455581 0.076539
v 0.389573 -0.455654 0.055671
v 0.395341 -0.450005 0.000000
v 0.396665 -0.456173 0.000000
v 0.460468 -0.455476 0.056602
v 0.453757 -0.454965 0.000000
v 0.470031 -0.455543 0.085247
v 0.480001 -0.455547 0.099264
v 0.490000 -0.455547 0.108315
v 0.500000 -0.455547 0.114358
v 0.510000 -0.455547 0.113443
v 0.519999 -0.455547 0.106209
v 0.529973 -0.455547 0.094300
v 0.539577 -0.455547 0.069600
v 0.546435 -0.455547 0.000000
v 0.700423 -0.455547 0.069600
v 0.693565 -0.455547 0.000000
v 0.710027 -0.455547 0.094314
v 0.720001 -0.455547 0.106415
v 0.730000 -0.455547 0.115085
v 0.740000 -0.455547 0.121048
v 0.750000 -0.455547 0.121009
v 0.760000 -0.455547 0.117299
v 0.770000 -0.455547 0.112950
v 0.780000 -0.455547 0.108497
v 0.790000 -0.455547 0.102465
v 0.799996 -0.455546 0.092675
v 0.809919 -0.455512 0.070850
v 0.819169 -0.455067 0.000000
v 0.825944 -0.451817 0.000000
v 1.060371 -0.455544 0.069999
v 1.053143 -0.455507 0.000000
v 1.070025 -0.455547 0.094142
v 1.080001 -0.455547 0.104060
v 1.089999 -0.455547 0.104027
v 1.099973 -0.455547 0.094041
v 1.109581 -0.455547 0.069609
v 1.116474 -0.455549 0.000000
v 0.060460 -0.464449 0.049671
v 0.053773 -0.464233 0.000000
v 0.070033 -0.464523 0.061560
v 0.080034 -0.464796 0.066371
v 0.090005 -0.464862 0.079034
v 0.100000 -0.464868 0.087022
v 0.110000 -0.464869 0.089645
v 0.120000 -0.464869 0.090872
v 0.130000 -0.464869 0.091977
v 0.140000 -0.464869 0.092299
v 0.150000 -0.464869 0.090823
v 0.159991 -0.464875 0.082668
v 0.169870 -0.464968 0.059521
v 0.175926 -0.459339 0.000000
v 0.179056 -0.465723 0.000000
v 0.294031 -0.459930 0.000000
v 0.300633 -0.459005 0.000000
v 0.300109 -0.465286 0.055884
v 0.290941 -0.465785 0.000000
v 0.310102 -0.458486 0.000000
v 0.310009 -0.465191 0.067025
v 0.320033 -0.464921 0.071909
v 0.330004 -0.464873 0.084589
v 0.340000 -0.464869 0.091017
v 0.350000 -0.464869 0.092497
v 0.360000 -0.464867 0.092557
v 0.370001 -0.464847 0.092304
v 0.379996 -0.464846 0.089733
v 0.389915 -0.464879 0.069634
v 0.399099 -0.465315 0.000000
v 0.460855 -0.464408 0.000000
v 0.454696 -0.461157 0.000000
v 0.470080 -0.464813 0.073019
v 0.480004 -0.464843 0.095337
v 0.490000 -0.464844 0.106610
v 0.500000 -0.464844 0.113394
v 0.510000 -0.464844 0.113200
v 0.519999 -0.464844 0.106179
v 0.529973 -0.464844 0.094298
v 0.539577 -0.464844 0.069600
v 0.546435 -0.464844 0.000000
v 0.700423 -0.464844 0.069600
v 0.693565 -0.464844 0.000000
v 0.710027 -0.464844 0.094315
v 0.720001 -0.464844 0.106432
v 0.730000 -0.464844 0.115297
v 0.740000 -0.464844 0.122424
v 0.750000 -0.464844 0.125179
v 0.760000 -0.464844 0.121716
v 0.770000 -0.464844 0.115408
v 0.780000 -0.464844 0.108098
v 0.789999 -0.464844 0.099173
v 0.799974 -0.464840 0.085342
v 0.809605 -0.464772 0.057086
v 0.816673 -0.464222 0.000000
v 1.060419 -0.464844 0.069609
v 1.053526 -0.464842 0.000000
v 1.070027 -0.464844 0.094041
v 1.080001 -0.464844 0.104027
v 1.089999 -0.464844 0.104060
v 1.099975 -0.464844 0.094142
v 1.109629 -0.464846 0.069999
v 1.116857 -0.464884 0.000000
v 0.060723 -0.470687 0.000000
v 0.054677 -0.469801 0.000000
v 0.070107 -0.471205 0.000000
v 0.080475 -0.473381 0.000000
v 0.090098 -0.474026 0.059169
v 0.100008 -0.474113 0.081354
v 0.110001 -0.474139 0.089597
v 0.120000 -0.474141 0.095252
v 0.130000 -0.474142 0.099964
v 0.140000 -0.474142 0.102388
v 0.150000 -0.474142 0.101821
v 0.160000 -0.474142 0.096147
v 0.169991 -0.474149 0.083823
v 0.179901 -0.474253 0.060045
v 0.185988 -0.468614 0.000000
v 0.189484 -0.474913 0.000000
v 0.284012 -0.468619 0.000000
v 0.290099 -0.474256 0.059923
v 0.280516 -0.474913 0.000000
v 0.300008 -0.474171 0.082700
v 0.310000 -0.474164 0.090986
v 0.320001 -0.474144 0.093714
v 0.330000 -0.474142 0.098253
v 0.340000 -0.474142 0.102414
v 0.350000 -0.474142 0.103706
v 0.360000 -0.474141 0.102713
v 0.370000 -0.474141 0.099882
v 0.379999 -0.474141 0.093525
v 0.389963 -0.474137 0.077385
v 0.399475 -0.474112 0.044502
v 0.405273 -0.468452 0.000000
v 0.406049 -0.474136 0.000000
v 0.470319 -0.474141 0.070390
v 0.462723 -0.474141 0.000000
v 0.480022 -0.474141 0.094497
v 0.490001 -0.474141 0.106258
v 0.500000 -0.474141 0.113196
v 0.510000 -0.474141 0.113156
v 0.519999 -0.474141 0.106174
v 0.529973 -0.474141 0.094298
v 0.539577 -0.474141 0.069600
v 0.546435 -0.474141 0.000000
v 0.700423 -0.474141 0.069600
v 0.693565 -0.474141 0.000000
v 0.710027 -0.474141 0.094315
v 0.720001 -0.474141 0.106440
v 0.730000 -0.474141 0.115399
v 0.740000 -0.474141 0.123143
v 0.750000 -0.474141 0.127383
v 0.760000 -0.474141 0.123121
v 0.770000 -0.474141 0.115557
v 0.780000 -0.474141 0.106881
v 0.789999 -0.474140 0.095449
v 0.799962 -0.474113 0.073395
v 0.809432 -0.473734 0.000000
v 0.815404 -0.470454 0.000000
v 1.060423 -0.474141 0.069583
v 1.053563 -0.474141 0.000000
v 1.070028 -0.474141 0.094042
v 1.080001 -0.474141 0.104090
v 1.090000 -0.474141 0.104398
v 1.099996 -0.474142 0.095063
v 1.109918 -0.474171 0.072978
v 1.119116 -0.474578 0.000000
v 0.090941 -0.482500 0.000000
v 0.084009 -0.479664 0.000000
v 0.100111 -0.483043 0.056208
v 0.110029 -0.483392 0.070510
v 0.120003 -0.483435 0.087492
v 0.130000 -0.483437 0.098714
v 0.140000 -0.483438 0.105509
v 0.150000 -0.483438 0.107713
v 0.160000 -0.483438 0.103832
v 0.170000 -0.483438 0.096634
v 0.179995 -0.483444 0.085598
v 0.189962 -0.483514 0.070284
v 0.199326 -0.477238 0.000000
v 0.199888 -0.483834 0.056306
v 0.205966 -0.478472 0.000000
v 0.209059 -0.484375 0.000000
v 0.263972 -0.478455 0.000000
v 0.270669 -0.477237 0.000000
v 0.270080 -0.483826 0.056708
v 0.260514 -0.484268 0.000000
v 0.280037 -0.483513 0.070306
v 0.290005 -0.483445 0.085573
v 0.300000 -0.483439 0.096343
v 0.310000 -0.483438 0.102240
v 0.320000 -0.483438 0.104640
v 0.330000 -0.483438 0.106977
v 0.340000 -0.483438 0.109821
v 0.350000 -0.483438 0.110045
v 0.360000 -0.483438 0.106046
v 0.370000 -0.483437 0.098656
v 0.379993 -0.483433 0.085764
v 0.389876 -0.483347 0.059389
v 0.398984 -0.482568 0.000000
v 0.405255 -0.479771 0.000000
v 0.470080 -0.483468 0.072360
v 0.460858 -0.483868 0.000000
v 0.480004 -0.483439 0.095083
v 0.490000 -0.483438 0.106463
v 0.500000 -0.483438 0.113300
v 0.510000 -0.483438 0.113183
v 0.519999 -0.483438 0.106178
v 0.529973 -0.483438 0.094298
v 0.539577 -0.483438 0.069600
v 0.546437 -0.483438 0.000000
v 0.700423 -0.483438 0.069600
v 0.693565 -0.483438 0.000000
v 0.710027 -0.483438 0.094315
v 0.720001 -0.483438 0.106440
v 0.730000 -0.483438 0.115418
v 0.740000 -0.483438 0.123309
v 0.750000 -0.483438 0.127977
v 0.760000 -0.483438 0.123488
v 0.770000 -0.483438 0.115719
v 0.780000 -0.483438 0.106925
v 0.789999 -0.483439 0.095471
v 0.799965 -0.483466 0.073475
v 0.809492 -0.483846 0.000000
v 1.060423 -0.483438 0.069576
v 1.053565 -0.483437 0.000000
v 1.070028 -0.483438 0.094058
v 1.080001 -0.483438 0.104368
v 1.090000 -0.483438 0.105819
v 1.099999 -0.483438 0.098950
v 1.109969 -0.483441 0.085225
v 1.119531 -0.483508 0.056598
v 1.125302 -0.477827 0.000000
v 1.126244 -0.484020 0.000000
v 0.100661 -0.489677 0.000000
v 0.094033 -0.488406 0.000000
v 0.110388 -0.492400 0.000000
v 0.120048 -0.492712 0.073263
v 0.130003 -0.492734 0.094955
v 0.140000 -0.492734 0.105438
v 0.150000 -0.492734 0.110713
v 0.160000 -0.492734 0.109413
v 0.170000 -0.492734 0.104367
v 0.180000 -0.492735 0.098369
v 0.189999 -0.492738 0.092072
v 0.199992 -0.492763 0.082822
v 0.209902 -0.492849 0.059961
v 0.215991 -0.487209 0.000000
v 0.219529 -0.493467 0.000000
v 0.243968 -0.487749 0.000000
v 0.250669 -0.486537 0.000000
v 0.250079 -0.493121 0.056732
v 0.240469 -0.493525 0.000000
v 0.260037 -0.492813 0.070191
v 0.270004 -0.492761 0.084569
v 0.280001 -0.492738 0.092227
v 0.290000 -0.492735 0.098372
v 0.300000 -0.492734 0.104363
v 0.310000 -0.492734 0.109564
v 0.320000 -0.492734 0.112469
v 0.330000 -0.492734 0.114179
v 0.340000 -0.492734 0.115337
v 0.350000 -0.492734 0.113039
v 0.360000 -0.492734 0.106255
v 0.369996 -0.492733 0.095248
v 0.379921 -0.492704 0.073051
v 0.389183 -0.492295 0.000000
v 0.395941 -0.489008 0.000000
v 0.454724 -0.487043 0.000000
v 0.460514 -0.492734 0.045050
v 0.453949 -0.492734 0.000000
v 0.470035 -0.492734 0.079910
v 0.480001 -0.492734 0.097142
v 0.490000 -0.492734 0.107108
v 0.500000 -0.492734 0.113601
v 0.510000 -0.492734 0.113271
v 0.519999 -0.492734 0.106194
v 0.529973 -0.492734 0.094305
v 0.539581 -0.492734 0.069626
v 0.546474 -0.492736 0.000000
v 0.700423 -0.492734 0.069600
v 0.693565 -0.492734 0.000000
v 0.710027 -0.492734 0.094315
v 0.720001 -0.492734 0.106441
v 0.730000 -0.492734 0.115419
v 0.740000 -0.492734 0.123331
v 0.750000 -0.492734 0.128143
v 0.760000 -0.492734 0.124118
v 0.770000 -0.492734 0.116777
v 0.780000 -0.492734 0.108638
v 0.790000 -0.492734 0.099488
v 0.799995 -0.492739 0.086161
v 0.809901 -0.492824 0.060223
v 0.815989 -0.487162 0.000000
v 0.819060 -0.493611 0.000000
v 1.060423 -0.492734 0.069396
v 1.053566 -0.492732 0.000000
v 1.070028 -0.492734 0.093855
v 1.080001 -0.492734 0.104492
v 1.090000 -0.492734 0.107731
v 1.099999 -0.492734 0.102869
v 1.109972 -0.492735 0.092036
v 1.119575 -0.492739 0.067443
v 1.126419 -0.492788 0.000000
v 0.120371 -0.502025 0.067896
v 0.113117 -0.501948 0.000000
v 0.130025 -0.502031 0.092178
v 0.140001 -0.502031 0.103308
v 0.150000 -0.502031 0.110275
v 0.160000 -0.502031 0.112927
v 0.170000 -0.502031 0.110637
v 0.180000 -0.502031 0.106763
v 0.190000 -0.502031 0.102726
v 0.200000 -0.502032 0.096406
v 0.209995 -0.502038 0.085732
v 0.219967 -0.502102 0.072214
v 0.230000 -0.495263 0.000000
v 0.230000 -0.502328 0.069386
v 0.240033 -0.502105 0.072099
v 0.250004 -0.502058 0.084723
v 0.260001 -0.502035 0.092209
v 0.270000 -0.502032 0.098106
v 0.280000 -0.502031 0.102977
v 0.290000 -0.502031 0.106775
v 0.300000 -0.502031 0.111002
v 0.310000 -0.502031 0.115448
v 0.320000 -0.502031 0.118256
v 0.330000 -0.502031 0.119102
v 0.340000 -0.502031 0.118020
v 0.350000 -0.502031 0.113370
v 0.359999 -0.502031 0.105638
v 0.369975 -0.502031 0.094076
v 0.379629 -0.502028 0.069824
v 0.386859 -0.501988 0.000000
v 0.460887 -0.501600 0.000000
v 0.454726 -0.498426 0.000000
v 0.470083 -0.502001 0.072325
v 0.480004 -0.502030 0.095052
v 0.490000 -0.502031 0.106386
v 0.500000 -0.502031 0.113212
v 0.510000 -0.502031 0.113187
v 0.519999 -0.502031 0.106222
v 0.529975 -0.502031 0.094405
v 0.539629 -0.502034 0.070016
v 0.546857 -0.502072 0.000000
v 0.700423 -0.502031 0.069600
v 0.693565 -0.502031 0.000000
v 0.710027 -0.502031 0.094315
v 0.720001 -0.502031 0.106440
v 0.730000 -0.502031 0.115403
v 0.740000 -0.502031 0.123199
v 0.750000 -0.502031 0.127805
v 0.760000 -0.502031 0.124747
v 0.770000 -0.502031 0.118650
v 0.780000 -0.502031 0.111782
v 0.790000 -0.502031 0.104715
v 0.800000 -0.502031 0.096724
v 0.809993 -0.502039 0.083886
v 0.819902 -0.502143 0.060074
v 0.825991 -0.496504 0.000000
v 0.829525 -0.502791 0.000000
v 1.060425 -0.502027 0.067442
v 1.053584 -0.501977 0.000000
v 1.070028 -0.502031 0.092036
v 1.080001 -0.502031 0.102869
v 1.090000 -0.502031 0.107732
v 1.099999 -0.502031 0.104494
v 1.109973 -0.502031 0.093860
v 1.119581 -0.502031 0.069423
v 1.126473 -0.502036 0.000000
v 0.120465 -0.511257 0.056626
v 0.113716 -0.510745 0.000000
v 0.130031 -0.511324 0.085251
v 0.140001 -0.511328 0.099254
v 0.150000 -0.511328 0.108224
v 0.160000 -0.511328 0.114358
v 0.170000 -0.511328 0.115950
v 0.180000 -0.511328 0.113840
v 0.190000 -0.511328 0.109910
v 0.200000 -0.511328 0.104420
v 0.210000 -0.511328 0.098579
v 0.219999 -0.511331 0.093952
v 0.230000 -0.511348 0.092985
v 0.240001 -0.511332 0.093926
v 0.250000 -0.511329 0.098310
v 0.260000 -0.511328 0.102950
v 0.270000 -0.511328 0.106537
v 0.280000 -0.511328 0.110237
v 0.290000 -0.511328 0.113487
v 0.300000 -0.511328 0.116326
v 0.310000 -0.511328 0.118633
v 0.320000 -0.511328 0.119171
v 0.330000 -0.511328 0.118245
v 0.340000 -0.511328 0.115274
v 0.350000 -0.511328 0.109903
v 0.359999 -0.511328 0.102783
v 0.369973 -0.511328 0.091833
v 0.379578 -0.511322 0.067435
v 0.386455 -0.511272 0.000000
v 0.470371 -0.511325 0.069778
v 0.463144 -0.511285 0.000000
v 0.480025 -0.511328 0.094071
v 0.490001 -0.511328 0.105589
v 0.500000 -0.511328 0.112507
v 0.510000 -0.511328 0.113159
v 0.520000 -0.511328 0.106563
v 0.529996 -0.511329 0.095315
v 0.539917 -0.511358 0.072981
v 0.549116 -0.511765 0.000000
v 0.700423 -0.511328 0.069600
v 0.693565 -0.511328 0.000000
v 0.710027 -0.511328 0.094315
v 0.720001 -0.511328 0.106432
v 0.730000 -0.511328 0.115294
v 0.740000 -0.511328 0.122427
v 0.750000 -0.511328 0.125392
v 0.760000 -0.511328 0.122937
v 0.770000 -0.511328 0.118947
v 0.780000 -0.511328 0.114288
v 0.790000 -0.511328 0.109368
v 0.800000 -0.511328 0.103789
v 0.810000 -0.511328 0.096581
v 0.819995 -0.511335 0.085734
v 0.829967 -0.511402 0.072032
v 0.839899 -0.504968 0.000000
v 0.839992 -0.511675 0.067055
v 0.849372 -0.505488 0.000000
v 0.849924 -0.511761 0.056313
v 0.856035 -0.506396 0.000000
v 0.859530 -0.512148 0.000000
v 0.893961 -0.506400 0.000000
v 0.900568 -0.505541 0.000000
v 0.900071 -0.511766 0.054413
v 0.890470 -0.512149 0.000000
v 0.909432 -0.505541 0.000000
v 0.909929 -0.511766 0.054412
v 0.916039 -0.506400 0.000000
v 0.919530 -0.512150 0.000000
v 1.060469 -0.511257 0.056598
v 1.053757 -0.510746 0.000000
v 1.070031 -0.511324 0.085225
v 1.080001 -0.511328 0.098951
v 1.090000 -0.511328 0.105826
v 1.099999 -0.511328 0.104410
v 1.109975 -0.511328 0.094166
v 1.119629 -0.511331 0.069992
v 1.126857 -0.511369 0.000000
v 0.120882 -0.520188 0.000000
v 0.114695 -0.516939 0.000000
v 0.130082 -0.520595 0.072997
v 0.140004 -0.520624 0.095346
v 0.150000 -0.520625 0.106808
v 0.160000 -0.520625 0.115027
v 0.170000 -0.520625 0.120158
v 0.180000 -0.520625 0.120079
v 0.190000 -0.520625 0.116125
v 0.200000 -0.520625 0.111142
v 0.210000 -0.520625 0.107041
v 0.220000 -0.520625 0.104832
v 0.230000 -0.520626 0.104369
v 0.240000 -0.520625 0.104781
v 0.250000 -0.520625 0.106787
v 0.260000 -0.520625 0.109927
v 0.270000 -0.520625 0.112268
v 0.280000 -0.520625 0.114633
v 0.290000 -0.520625 0.116741
v 0.300000 -0.520625 0.117391
v 0.310000 -0.520625 0.116327
v 0.320000 -0.520625 0.114303
v 0.330000 -0.520625 0.112476
v 0.340000 -0.520625 0.109532
v 0.350000 -0.520625 0.104035
v 0.359999 -0.520625 0.096290
v 0.369966 -0.520617 0.082935
v 0.379521 -0.520524 0.056090
v 0.386244 -0.520038 0.000000
v 0.470422 -0.520620 0.067469
v 0.463545 -0.520569 0.000000
v 0.480027 -0.520625 0.092080
v 0.490001 -0.520625 0.103321
v 0.500000 -0.520625 0.110521
v 0.510000 -0.520625 0.113095
v 0.520000 -0.520625 0.107912
v 0.529999 -0.520625 0.099028
v 0.539969 -0.520629 0.085027
v 0.549531 -0.520696 0.056415
v 0.555302 -0.515014 0.000000
v 0.556243 -0.521205 0.000000
v 0.700423 -0.520625 0.069600
v 0.693565 -0.520625 0.000000
v 0.710027 -0.520625 0.094314
v 0.720001 -0.520625 0.106411
v 0.730000 -0.520625 0.115045
v 0.740000 -0.520625 0.120904
v 0.750000 -0.520625 0.120988
v 0.760000 -0.520625 0.117614
v 0.770000 -0.520625 0.114320
v 0.780000 -0.520625 0.111943
v 0.790000 -0.520625 0.110103
v 0.800000 -0.520625 0.107553
v 0.810000 -0.520625 0.103625
v 0.820000 -0.520625 0.098370
v 0.829999 -0.520628 0.093706
v 0.840000 -0.520648 0.091140
v 0.849996 -0.520654 0.084601
v 0.859967 -0.520702 0.072065
v 0.869959 -0.514214 0.000000
v 0.869997 -0.520967 0.068964
v 0.880041 -0.514214 0.000000
v 0.880003 -0.520967 0.068953
v 0.890033 -0.520702 0.071888
v 0.900004 -0.520654 0.083009
v 0.909996 -0.520654 0.083003
v 0.919967 -0.520702 0.071803
v 0.929956 -0.514251 0.000000
v 0.929997 -0.520970 0.068328
v 0.939995 -0.514607 0.000000
v 0.939999 -0.521015 0.065860
v 0.949936 -0.514657 0.000000
v 0.949965 -0.521013 0.058945
v 0.959275 -0.514810 0.000000
v 0.959486 -0.520949 0.040343
v 0.965297 -0.515594 0.000000
v 0.966051 -0.520708 0.000000
v 1.060884 -0.520188 0.000000
v 1.054698 -0.516939 0.000000
v 1.070083 -0.520595 0.072978
v 1.080004 -0.520624 0.095070
v 1.090000 -0.520625 0.104476
v 1.100000 -0.520625 0.104477
v 1.109996 -0.520626 0.095070
v 1.119918 -0.520655 0.072978
v 1.129116 -0.521062 0.000000
v 0.130368 -0.529919 0.070042
v 0.123105 -0.529884 0.000000
v 0.140025 -0.529922 0.094425
v 0.150001 -0.529922 0.106470
v 0.160000 -0.529922 0.115263
v 0.170000 -0.529922 0.122149
v 0.180000 -0.529922 0.124675
v 0.190000 -0.529922 0.121517
v 0.200000 -0.529922 0.117011
v 0.210000 -0.529922 0.113471
v 0.220000 -0.529922 0.111589
v 0.230000 -0.529922 0.111045
v 0.240000 -0.529922 0.111202
v 0.250000 -0.529922 0.112140
v 0.260000 -0.529922 0.113175
v 0.270000 -0.529922 0.112496
v 0.280000 -0.529922 0.112158
v 0.290000 -0.529922 0.112442
v 0.300000 -0.529922 0.112115
v 0.310000 -0.529922 0.110185
v 0.320000 -0.529922 0.107011
v 0.330000 -0.529922 0.104641
v 0.340000 -0.529921 0.102233
v 0.350000 -0.529921 0.096184
v 0.359990 -0.529913 0.083786
v 0.369866 -0.529801 0.059555
v 0.378986 -0.529043 0.000000
v 0.385282 -0.526175 0.000000
v 0.470469 -0.529851 0.056599
v 0.463755 -0.529340 0.000000
v 0.480031 -0.529918 0.085245
v 0.490001 -0.529922 0.099242
v 0.500000 -0.529922 0.108053
v 0.510000 -0.529922 0.112803
v 0.520000 -0.529922 0.109202
v 0.529999 -0.529922 0.101634
v 0.539972 -0.529922 0.090192
v 0.549572 -0.529922 0.065337
v 0.556398 -0.529922 0.000000
v 0.700423 -0.529922 0.069600
v 0.693565 -0.529922 0.000000
v 0.710027 -0.529922 0.094310
v 0.720001 -0.529922 0.106343
v 0.730000 -0.529922 0.114465
v 0.740000 -0.529922 0.118371
v 0.750000 -0.529922 0.115914
v 0.760000 -0.529922 0.111205
v 0.770000 -0.529922 0.107153
v 0.780000 -0.529922 0.104920
v 0.790000 -0.529922 0.104580
v 0.800000 -0.529922 0.105533
v 0.810000 -0.529922 0.106536
v 0.820000 -0.529922 0.105496
v 0.830000 -0.529922 0.104175
v 0.840000 -0.529923 0.102378
v 0.850000 -0.529923 0.098236
v 0.859999 -0.529925 0.093921
v 0.870000 -0.529945 0.092876
v 0.880000 -0.529945 0.092866
v 0.890001 -0.529925 0.093760
v 0.900000 -0.529923 0.096907
v 0.910000 -0.529923 0.096823
v 0.919999 -0.529925 0.093031
v 0.930000 -0.529945 0.089200
v 0.939995 -0.529943 0.079625
v 0.949898 -0.529858 0.055956
v 0.958987 -0.529076 0.000000
v 0.965255 -0.526263 0.000000
v 1.070371 -0.529919 0.070002
v 1.063143 -0.529881 0.000000
v 1.080025 -0.529922 0.094191
v 1.090001 -0.529922 0.104479
v 1.100000 -0.529922 0.105911
v 1.109999 -0.529922 0.098969
v 1.119969 -0.529926 0.085227
v 1.129531 -0.529993 0.056598
v 1.135302 -0.524311 0.000000
v 1.136243 -0.530504 0.000000
v 0.130368 -0.539221 0.070007
v 0.123105 -0.539257 0.000000
v 0.140025 -0.539219 0.094364
v 0.150001 -0.539219 0.106358
v 0.160000 -0.539219 0.115171
v 0.170000 -0.539219 0.122599
v 0.180000 -0.539219 0.126903
v 0.190000 -0.539219 0.124395
v 0.200000 -0.539219 0.119654
v 0.210000 -0.539219 0.115365
v 0.220000 -0.539219 0.112491
v 0.230000 -0.539219 0.111226
v 0.240000 -0.539219 0.110954
v 0.250000 -0.539219 0.110797
v 0.260000 -0.539219 0.109628
v 0.270000 -0.539219 0.106795
v 0.280000 -0.539219 0.104897
v 0.290000 -0.539218 0.104475
v 0.300000 -0.539218 0.104126
v 0.310000 -0.539218 0.102467
v 0.320000 -0.539218 0.098256
v 0.329999 -0.539215 0.093714
v 0.340000 -0.539196 0.090985
v 0.349991 -0.539188 0.082677
v 0.359869 -0.539094 0.059519
v 0.369053 -0.538338 0.000000
v 0.375921 -0.535431 0.000000
v 0.470884 -0.538782 0.000000
v 0.464698 -0.535532 0.000000
v 0.480083 -0.539188 0.072995
v 0.490004 -0.539218 0.095317
v 0.500000 -0.539219 0.106396
v 0.510000 -0.539219 0.111817
v 0.520000 -0.539219 0.107686
v 0.529999 -0.539219 0.099004
v 0.539969 -0.539215 0.085026
v 0.549531 -0.539148 0.056414
v 0.556243 -0.538639 0.000000
v 0.700423 -0.539219 0.069600
v 0.693565 -0.539219 0.000000
v 0.710027 -0.539219 0.094300
v 0.720001 -0.539219 0.106206
v 0.730000 -0.539219 0.113436
v 0.740000 -0.539219 0.114600
v 0.750000 -0.539219 0.110373
v 0.760000 -0.539219 0.104506
v 0.770000 -0.539219 0.098599
v 0.779999 -0.539218 0.094074
v 0.790001 -0.539218 0.094043
v 0.800000 -0.539219 0.098392
v 0.810000 -0.539219 0.103621
v 0.820000 -0.539219 0.107481
v 0.830000 -0.539219 0.109483
v 0.840000 -0.539219 0.108968
v 0.850000 -0.539219 0.106581
v 0.860000 -0.539219 0.104851
v 0.870000 -0.539219 0.104503
v 0.880000 -0.539220 0.104517
v 0.890000 -0.539219 0.104869
v 0.900000 -0.539219 0.105930
v 0.910000 -0.539219 0.105386
v 0.920000 -0.539219 0.101698
v 0.929999 -0.539218 0.093331
v 0.939965 -0.539191 0.072625
v 0.949492 -0.538811 0.000000
v 0.955984 -0.535496 0.000000
v 1.070420 -0.539219 0.069609
v 1.063526 -0.539217 0.000000
v 1.080027 -0.539219 0.094153
v 1.090001 -0.539219 0.105046
v 1.100000 -0.539219 0.108342
v 1.109999 -0.539219 0.103032
v 1.119973 -0.539219 0.092055
v 1.129575 -0.539223 0.067443
v 1.136417 -0.539273 0.000000
v 0.130082 -0.548546 0.072444
v 0.120882 -0.548952 0.000000
v 0.140004 -0.548517 0.094625
v 0.150000 -0.548516 0.105746
v 0.160000 -0.548516 0.113909
v 0.170000 -0.548516 0.120525
v 0.180000 -0.548516 0.124362
v 0.190000 -0.548516 0.121335
v 0.200000 -0.548516 0.116110
v 0.210000 -0.548516 0.110950
v 0.220000 -0.548516 0.106918
v 0.230000 -0.548516 0.104784
v 0.240000 -0.548515 0.104278
v 0.250000 -0.548515 0.103957
v 0.260000 -0.548515 0.102417
v 0.270000 -0.548515 0.098253
v 0.279999 -0.548512 0.093923
v 0.290000 -0.548493 0.092855
v 0.300000 -0.548490 0.092541
v 0.310000 -0.548490 0.091021
v 0.319996 -0.548487 0.084589
v 0.329967 -0.548439 0.071909
v 0.339991 -0.548168 0.067025
v 0.349891 -0.548074 0.055883
v 0.359055 -0.547573 0.000000
v 0.365926 -0.544723 0.000000
v 0.480371 -0.548513 0.070016
v 0.473143 -0.548475 0.000000
v 0.490025 -0.548516 0.094389
v 0.500001 -0.548516 0.105981
v 0.510000 -0.548516 0.111336
v 0.520000 -0.548516 0.106307
v 0.529996 -0.548514 0.095295
v 0.539917 -0.548485 0.072980
v 0.549116 -0.548078 0.000000
v 0.555302 -0.544829 0.000000
v 0.700423 -0.548516 0.069599
v 0.693565 -0.548516 0.000000
v 0.710027 -0.548516 0.094291
v 0.720001 -0.548516 0.106073
v 0.730000 -0.548516 0.112416
v 0.740000 -0.548516 0.110802
v 0.750000 -0.548516 0.104720
v 0.760000 -0.548516 0.096915
v 0.769996 -0.548512 0.085818
v 0.779970 -0.548483 0.072614
v 0.790030 -0.548483 0.072611
v 0.800005 -0.548511 0.085766
v 0.810000 -0.548515 0.096575
v 0.820000 -0.548516 0.103678
v 0.830000 -0.548516 0.108521
v 0.840000 -0.548516 0.110823
v 0.850000 -0.548516 0.111434
v 0.860000 -0.548516 0.111846
v 0.870000 -0.548516 0.112419
v 0.880000 -0.548516 0.112611
v 0.890000 -0.548516 0.112822
v 0.900000 -0.548516 0.113160
v 0.910000 -0.548516 0.111389
v 0.920000 -0.548516 0.105584
v 0.929999 -0.548517 0.095137
v 0.939962 -0.548544 0.073322
v 0.949428 -0.548922 0.000000
v 1.070423 -0.548516 0.069404
v 1.063564 -0.548513 0.000000
v 1.080027 -0.548516 0.093943
v 1.090001 -0.548516 0.105120
v 1.100000 -0.548516 0.109832
v 1.109999 -0.548516 0.105120
v 1.119973 -0.548516 0.093942
v 1.129577 -0.548516 0.069403
v 1.136434 -0.548518 0.000000
v 0.114699 -0.552198 0.000000
v 0.120471 -0.557858 0.053859
v 0.113775 -0.558336 0.000000
v 0.130032 -0.557813 0.080438
v 0.140001 -0.557812 0.094560
v 0.150000 -0.557812 0.103173
v 0.160000 -0.557812 0.110130
v 0.170000 -0.557812 0.116210
v 0.180000 -0.557812 0.119891
v 0.190000 -0.557812 0.116349
v 0.200000 -0.557813 0.110585
v 0.210000 -0.557813 0.104502
v 0.220000 -0.557812 0.098577
v 0.229999 -0.557809 0.093942
v 0.240000 -0.557790 0.092842
v 0.250000 -0.557787 0.092529
v 0.260000 -0.557787 0.091019
v 0.269996 -0.557783 0.084595
v 0.279967 -0.557736 0.072064
v 0.289997 -0.557468 0.068929
v 0.300000 -0.557422 0.068366
v 0.309995 -0.557417 0.066606
v 0.319924 -0.557377 0.056284
v 0.329527 -0.556990 0.000000
v 0.339898 -0.554873 0.000000
v 0.349367 -0.554355 0.000000
v 0.355969 -0.553429 0.000000
v 0.480419 -0.557812 0.069626
v 0.473526 -0.557811 0.000000
v 0.490027 -0.557812 0.094287
v 0.500001 -0.557812 0.105931
v 0.510000 -0.557812 0.111245
v 0.519999 -0.557812 0.105970
v 0.529975 -0.557812 0.094388
v 0.539629 -0.557810 0.070016
v 0.546859 -0.557772 0.000000
v 0.700423 -0.557813 0.069599
v 0.693565 -0.557813 0.000000
v 0.710027 -0.557812 0.094284
v 0.720001 -0.557812 0.105977
v 0.730000 -0.557812 0.111668
v 0.740000 -0.557812 0.107874
v 0.750000 -0.557812 0.099429
v 0.759996 -0.557809 0.086186
v 0.769935 -0.557752 0.060723
v 0.779564 -0.557346 0.000000
v 0.790440 -0.557343 0.000000
v 0.800097 -0.557720 0.060143
v 0.810009 -0.557804 0.083828
v 0.820000 -0.557811 0.096206
v 0.830000 -0.557812 0.102566
v 0.840000 -0.557813 0.106349
v 0.850000 -0.557813 0.110001
v 0.860000 -0.557812 0.113775
v 0.870000 -0.557812 0.116293
v 0.880000 -0.557812 0.117005
v 0.890000 -0.557812 0.117195
v 0.900000 -0.557812 0.117095
v 0.910000 -0.557813 0.114466
v 0.920000 -0.557813 0.108129
v 0.929999 -0.557813 0.099227
v 0.939971 -0.557816 0.085270
v 0.949556 -0.557882 0.056695
v 0.955348 -0.552200 0.000000
v 0.956286 -0.558397 0.000000
v 1.070425 -0.557808 0.067443
v 1.063583 -0.557759 0.000000
v 1.080028 -0.557812 0.092055
v 1.090001 -0.557813 0.103032
v 1.100000 -0.557812 0.108342
v 1.109999 -0.557812 0.105043
v 1.119972 -0.557812 0.094147
v 1.129577 -0.557813 0.069582
v 1.136435 -0.557813 0.000000
v 0.120463 -0.566737 0.050756
v 0.113774 -0.566499 0.000000
v 0.130062 -0.567034 0.068131
v 0.140005 -0.567104 0.085037
v 0.150000 -0.567109 0.096748
v 0.160000 -0.567109 0.104779
v 0.170000 -0.567109 0.111652
v 0.180000 -0.567109 0.115770
v 0.190000 -0.567109 0.111664
v 0.200000 -0.567109 0.104827
v 0.210000 -0.567109 0.096920
v 0.219996 -0.567104 0.085792
v 0.229967 -0.567036 0.072190
v 0.239997 -0.566765 0.068936
v 0.250000 -0.566719 0.068366
v 0.259995 -0.566714 0.066606
v 0.269924 -0.566673 0.056284
v 0.279530 -0.566288 0.000000
v 0.289956 -0.564187 0.000000
v 0.299995 -0.563830 0.000000
v 0.309942 -0.563780 0.000000
v 0.319374 -0.563617 0.000000
v 0.326035 -0.562742 0.000000
v 0.423870 -0.562206 0.000000
v 0.429906 -0.561482 0.000000
v 0.429618 -0.567578 0.040940
v 0.420439 -0.567933 0.000000
v 0.435411 -0.562185 0.000000
v 0.436253 -0.567783 0.000000
v 0.480423 -0.567109 0.069600
v 0.473563 -0.567109 0.000000
v 0.490027 -0.567109 0.094281
v 0.500001 -0.567109 0.105927
v 0.510000 -0.567109 0.111237
v 0.519999 -0.567109 0.105933
v 0.529973 -0.567109 0.094293
v 0.539584 -0.567109 0.069652
v 0.546513 -0.567109 0.000000
v 0.700423 -0.567109 0.069599
v 0.693565 -0.567109 0.000000
v 0.710027 -0.567109 0.094281
v 0.720001 -0.567109 0.105935
v 0.730000 -0.567109 0.111322
v 0.740000 -0.567109 0.106360
v 0.749999 -0.567108 0.095432
v 0.759965 -0.567081 0.073474
v 0.769496 -0.566704 0.000000
v 0.776056 -0.563443 0.000000
v 0.800943 -0.566232 0.000000
v 0.794006 -0.563380 0.000000
v 0.810130 -0.566985 0.059528
v 0.820009 -0.567081 0.082799
v 0.830001 -0.567107 0.092095
v 0.840000 -0.567109 0.098545
v 0.850000 -0.567109 0.104596
v 0.860000 -0.567109 0.109674
v 0.870000 -0.567109 0.112021
v 0.880000 -0.567109 0.112572
v 0.890000 -0.567109 0.112900
v 0.900000 -0.567109 0.113788
v 0.910000 -0.567109 0.113859
v 0.920000 -0.567109 0.110088
v 0.929999 -0.567109 0.103154
v 0.939975 -0.567110 0.092136
v 0.949627 -0.567117 0.067847
v 0.956838 -0.567204 0.000000
v 1.070469 -0.567039 0.056598
v 1.063757 -0.566527 0.000000
v 1.080031 -0.567106 0.085227
v 1.090001 -0.567109 0.098968
v 1.100000 -0.567109 0.105904
v 1.109999 -0.567109 0.104437
v 1.119973 -0.567109 0.094083
v 1.129577 -0.567109 0.069585
v 1.136435 -0.567109 0.000000
v 0.120763 -0.573312 0.000000
v 0.114681 -0.572118 0.000000
v 0.130517 -0.575637 0.000000
v 0.140068 -0.576325 0.060574
v 0.150004 -0.576402 0.086174
v 0.160000 -0.576406 0.099462
v 0.170000 -0.576406 0.108172
v 0.180000 -0.576406 0.112893
v 0.190000 -0.576406 0.108173
v 0.200000 -0.576406 0.099464
v 0.209996 -0.576402 0.086185
v 0.219934 -0.576326 0.060652
v 0.229531 -0.575650 0.000000
v 0.239956 -0.573487 0.000000
v 0.249995 -0.573127 0.000000
v 0.259942 -0.573077 0.000000
v 0.269374 -0.572914 0.000000
v 0.276035 -0.572038 0.000000
v 0.383968 -0.571478 0.000000
v 0.390626 -0.570600 0.000000
v 0.390078 -0.576843 0.056257
v 0.380514 -0.577241 0.000000
v 0.400060 -0.570405 0.000000
v 0.400005 -0.576799 0.066611
v 0.410045 -0.570033 0.000000
v 0.410002 -0.576751 0.068379
v 0.420005 -0.576483 0.068025
v 0.429579 -0.576438 0.061354
v 0.436417 -0.576466 0.000000
v 0.480423 -0.576406 0.069599
v 0.473565 -0.576406 0.000000
v 0.490027 -0.576406 0.094280
v 0.500001 -0.576406 0.105923
v 0.510000 -0.576406 0.111237
v 0.519999 -0.576406 0.105969
v 0.529975 -0.576406 0.094389
v 0.539629 -0.576409 0.070016
v 0.546859 -0.576447 0.000000
v 0.700423 -0.576406 0.069599
v 0.693565 -0.576406 0.000000
v 0.710027 -0.576406 0.094281
v 0.720001 -0.576406 0.105935
v 0.730000 -0.576406 0.111321
v 0.740000 -0.576406 0.106357
v 0.749999 -0.576407 0.095417
v 0.759962 -0.576434 0.073390
v 0.769428 -0.576813 0.000000
v 0.810945 -0.575467 0.000000
v 0.804074 -0.572614 0.000000
v 0.820111 -0.576012 0.056344
v 0.830029 -0.576359 0.070740
v 0.840003 -0.576403 0.087491
v 0.850000 -0.576405 0.097809
v 0.860000 -0.576405 0.102783
v 0.870000 -0.576405 0.104226
v 0.880000 -0.576405 0.104504
v 0.890000 -0.576406 0.104996
v 0.900000 -0.576406 0.106955
v 0.910000 -0.576406 0.109515
v 0.920000 -0.576406 0.109113
v 0.930000 -0.576406 0.104361
v 0.939996 -0.576407 0.094489
v 0.949917 -0.576437 0.072543
v 0.959115 -0.576845 0.000000
v 1.070884 -0.575969 0.000000
v 1.064698 -0.572720 0.000000
v 1.080083 -0.576376 0.072978
v 1.090004 -0.576405 0.095064
v 1.100000 -0.576406 0.104404
v 1.109999 -0.576406 0.104095
v 1.119973 -0.576406 0.094042
v 1.129577 -0.576406 0.069583
v 1.136435 -0.576406 0.000000
v 0.140504 -0.585295 0.000000
v 0.133949 -0.581996 0.000000
v 0.150035 -0.585675 0.073474
v 0.160001 -0.585702 0.095437
v 0.170000 -0.585703 0.106418
v 0.180000 -0.585703 0.111596
v 0.190000 -0.585703 0.106419
v 0.199999 -0.585702 0.095437
v 0.209965 -0.585675 0.073474
v 0.219496 -0.585295 0.000000
v 0.226054 -0.581997 0.000000
v 0.364034 -0.580738 0.000000
v 0.370674 -0.579507 0.000000
v 0.370112 -0.586100 0.056298
v 0.360945 -0.586642 0.000000
v 0.380038 -0.585782 0.070160
v 0.390004 -0.585732 0.084435
v 0.400000 -0.585729 0.090916
v 0.409999 -0.585726 0.091599
v 0.419974 -0.585707 0.087017
v 0.429577 -0.585704 0.067947
v 0.436434 -0.585706 0.000000
v 0.480423 -0.585703 0.069590
v 0.473565 -0.585703 0.000000
v 0.490027 -0.585703 0.094256
v 0.500001 -0.585703 0.105861
v 0.510000 -0.585703 0.111222
v 0.520000 -0.585703 0.106295
v 0.529996 -0.585704 0.095308
v 0.539917 -0.585734 0.072994
v 0.549116 -0.586140 0.000000
v 0.700423 -0.585703 0.069599
v 0.693565 -0.585703 0.000000
v 0.710027 -0.585703 0.094284
v 0.720001 -0.585703 0.105977
v 0.730000 -0.585703 0.111661
v 0.740000 -0.585703 0.107825
v 0.749999 -0.585703 0.099224
v 0.759971 -0.585707 0.085273
v 0.769556 -0.585773 0.056696
v 0.775348 -0.580090 0.000000
v 0.776286 -0.586287 0.000000
v 0.820662 -0.582644 0.000000
v 0.814033 -0.581374 0.000000
v 0.830401 -0.585327 0.000000
v 0.840050 -0.585654 0.070289
v 0.850003 -0.585677 0.087720
v 0.860000 -0.585678 0.092031
v 0.870000 -0.585678 0.092689
v 0.880000 -0.585680 0.092868
v 0.890001 -0.585700 0.093931
v 0.900000 -0.585702 0.098264
v 0.910000 -0.585702 0.102374
v 0.920000 -0.585702 0.103455
v 0.930000 -0.585702 0.101599
v 0.939999 -0.585702 0.095861
v 0.949969 -0.585706 0.082958
v 0.959528 -0.585768 0.054445
v 0.965301 -0.580089 0.000000
v 0.966225 -0.586231 0.000000
v 1.080371 -0.585701 0.069999
v 1.073144 -0.585663 0.000000
v 1.090025 -0.585703 0.094142
v 1.100001 -0.585703 0.104060
v 1.109999 -0.585703 0.104025
v 1.119972 -0.585703 0.094035
v 1.129577 -0.585703 0.069582
v 1.136435 -0.585703 0.000000
v 0.150038 -0.595028 0.073375
v 0.140572 -0.595407 0.000000
v 0.160001 -0.595001 0.095407
v 0.170000 -0.595000 0.106402
v 0.180000 -0.595000 0.111584
v 0.190000 -0.595000 0.106414
v 0.199999 -0.595001 0.095422
v 0.209962 -0.595028 0.073390
v 0.219428 -0.595407 0.000000
v 0.354074 -0.589495 0.000000
v 0.360131 -0.595124 0.059528
v 0.350944 -0.595880 0.000000
v 0.370009 -0.595029 0.082797
v 0.380001 -0.595004 0.092041
v 0.390000 -0.595001 0.097988
v 0.400000 -0.595001 0.101869
v 0.409999 -0.595001 0.100869
v 0.419973 -0.595000 0.092646
v 0.429577 -0.595000 0.069340
v 0.436435 -0.595000 0.000000
v 0.480423 -0.595000 0.069404
v 0.473566 -0.594997 0.000000
v 0.490027 -0.595000 0.093965
v 0.500001 -0.595000 0.105351
v 0.510000 -0.595000 0.110958
v 0.520000 -0.595000 0.107633
v 0.529999 -0.595000 0.099191
v 0.539969 -0.595004 0.085241
v 0.549531 -0.595071 0.056598
v 0.555302 -0.589390 0.000000
v 0.556243 -0.595582 0.000000
v 0.700423 -0.595000 0.069599
v 0.693565 -0.595000 0.000000
v 0.710027 -0.595000 0.094290
v 0.720001 -0.595000 0.106066
v 0.730000 -0.595000 0.112341
v 0.740000 -0.595000 0.110369
v 0.749999 -0.595000 0.103343
v 0.759975 -0.595000 0.092181
v 0.769627 -0.595007 0.067864
v 0.776838 -0.595094 0.000000
v 0.840403 -0.594573 0.052780
v 0.833287 -0.594302 0.000000
v 0.850027 -0.594605 0.065942
v 0.860001 -0.594607 0.068268
v 0.870000 -0.594610 0.068511
v 0.880003 -0.594655 0.068936
v 0.890033 -0.594923 0.072064
v 0.900004 -0.594971 0.084595
v 0.910000 -0.594974 0.091014
v 0.920000 -0.594975 0.092447
v 0.930000 -0.594975 0.092092
v 0.939999 -0.594974 0.089503
v 0.949967 -0.594970 0.080011
v 0.959519 -0.594900 0.053870
v 0.966223 -0.594467 0.000000
v 1.080420 -0.595000 0.069609
v 1.073526 -0.594998 0.000000
v 1.090027 -0.595000 0.094041
v 1.100001 -0.595000 0.104020
v 1.109999 -0.595000 0.104018
v 1.119972 -0.595000 0.094035
v 1.129577 -0.595000 0.069582
v 1.136435 -0.595000 0.000000
v 0.134655 -0.598684 0.000000
v 0.140447 -0.604366 0.056485
v 0.133754 -0.604876 0.000000
v 0.150029 -0.604301 0.085051
v 0.160001 -0.604297 0.099038
v 0.170000 -0.604297 0.107915
v 0.180000 -0.604297 0.112716
v 0.190000 -0.604297 0.108090
v 0.199999 -0.604297 0.099254
v 0.209971 -0.604301 0.085269
v 0.219553 -0.604366 0.056670
v 0.225345 -0.598684 0.000000
v 0.226249 -0.604879 0.000000
v 0.344009 -0.598769 0.000000
v 0.350098 -0.604409 0.060071
v 0.340475 -0.605057 0.000000
v 0.360009 -0.604306 0.083829
v 0.370000 -0.604298 0.096237
v 0.380000 -0.604297 0.102649
v 0.390000 -0.604297 0.106244
v 0.400000 -0.604297 0.108011
v 0.409999 -0.604297 0.104419
v 0.419973 -0.604297 0.093962
v 0.429577 -0.604297 0.069566
v 0.436435 -0.604297 0.000000
v 0.480425 -0.604292 0.067444
v 0.473584 -0.604243 0.000000
v 0.490028 -0.604297 0.092065
v 0.500001 -0.604297 0.103188
v 0.510000 -0.604297 0.109514
v 0.520000 -0.604297 0.109442
v 0.529999 -0.604297 0.103115
v 0.539972 -0.604297 0.092039
v 0.549575 -0.604302 0.067434
v 0.556417 -0.604351 0.000000
v 0.700423 -0.604297 0.069600
v 0.693563 -0.604297 0.000000
v 0.710027 -0.604297 0.094297
v 0.720001 -0.604297 0.106159
v 0.730000 -0.604297 0.113009
v 0.740000 -0.604297 0.112643
v 0.750000 -0.604297 0.105958
v 0.759996 -0.604298 0.095006
v 0.769917 -0.604327 0.072800
v 0.779116 -0.604736 0.000000
v 0.840715 -0.600806 0.000000
v 0.834614 -0.599948 0.000000
v 0.850063 -0.600965 0.000000
v 0.860003 -0.600984 0.000000
v 0.870002 -0.601019 0.000000
v 0.880044 -0.601375 0.000000
v 0.890470 -0.603475 0.000000
v 0.900076 -0.603861 0.056284
v 0.910005 -0.603902 0.066605
v 0.920000 -0.603904 0.068327
v 0.930000 -0.603904 0.068293
v 0.939994 -0.603901 0.066423
v 0.949888 -0.603852 0.055561
v 0.958988 -0.603356 0.000000
v 0.965281 -0.600549 0.000000
v 1.080423 -0.604297 0.069583
v 1.073563 -0.604297 0.000000
v 1.090028 -0.604297 0.094035
v 1.100001 -0.604297 0.104017
v 1.109999 -0.604297 0.104017
v 1.119973 -0.604297 0.094035
v 1.129577 -0.604297 0.069582
v 1.136435 -0.604297 0.000000
v 0.140427 -0.613594 0.065340
v 0.133602 -0.613594 0.000000
v 0.150028 -0.613594 0.090196
v 0.160001 -0.613594 0.101688
v 0.170000 -0.613594 0.109601
v 0.180000 -0.613594 0.114346
v 0.190000 -0.613594 0.110888
v 0.199999 -0.613594 0.103374
v 0.209973 -0.613594 0.092085
v 0.219579 -0.613599 0.067474
v 0.226456 -0.613650 0.000000
v 0.313969 -0.608663 0.000000
v 0.320629 -0.607753 0.000000
v 0.320078 -0.614027 0.056286
v 0.310514 -0.614428 0.000000
v 0.330102 -0.607233 0.000000
v 0.330008 -0.613941 0.067055
v 0.340033 -0.613667 0.072033
v 0.350005 -0.613601 0.085746
v 0.360000 -0.613594 0.096653
v 0.370000 -0.613594 0.104045
v 0.380000 -0.613594 0.109343
v 0.390000 -0.613594 0.111853
v 0.400000 -0.613594 0.111167
v 0.409999 -0.613594 0.105413
v 0.419973 -0.613594 0.094126
v 0.429577 -0.613594 0.069574
v 0.436435 -0.613594 0.000000
v 0.480469 -0.613523 0.056598
v 0.473757 -0.613012 0.000000
v 0.490031 -0.613590 0.085241
v 0.500001 -0.613594 0.099176
v 0.510000 -0.613594 0.107458
v 0.520000 -0.613594 0.110257
v 0.529999 -0.613594 0.104725
v 0.539973 -0.613594 0.093646
v 0.549577 -0.613594 0.069209
v 0.556433 -0.613594 0.000000
v 0.700419 -0.613594 0.069626
v 0.693526 -0.613596 0.000000
v 0.710027 -0.613594 0.094305
v 0.720001 -0.613594 0.106198
v 0.730000 -0.613594 0.113306
v 0.740000 -0.613594 0.113812
v 0.750000 -0.613594 0.107941
v 0.759999 -0.613594 0.099135
v 0.769969 -0.613598 0.085221
v 0.779534 -0.613665 0.056622
v 0.785305 -0.607983 0.000000
v 0.786282 -0.614178 0.000000
v 0.900626 -0.610101 0.000000
v 0.893965 -0.609226 0.000000
v 0.910058 -0.610262 0.000000
v 0.920003 -0.610278 0.000000
v 0.929997 -0.610278 0.000000
v 0.939942 -0.610262 0.000000
v 0.949369 -0.610100 0.000000
v 0.955965 -0.609208 0.000000
v 1.080423 -0.613594 0.069582
v 1.073565 -0.613594 0.000000
v 1.090028 -0.613594 0.094035
v 1.100001 -0.613594 0.104017
v 1.109999 -0.613594 0.104017
v 1.119973 -0.613594 0.094035
v 1.129577 -0.613594 0.069582
v 1.136435 -0.613594 0.000000
v 0.140469 -0.622820 0.056415
v 0.133758 -0.622311 0.000000
v 0.150031 -0.622887 0.085028
v 0.160001 -0.622891 0.099045
v 0.170000 -0.622891 0.108090
v 0.180000 -0.622891 0.114023
v 0.190000 -0.622891 0.112738
v 0.199999 -0.622891 0.105628
v 0.209975 -0.622891 0.094089
v 0.219629 -0.622893 0.069826
v 0.226859 -0.622934 0.000000
v 0.293969 -0.617907 0.000000
v 0.300669 -0.616693 0.000000
v 0.300079 -0.623278 0.056727
v 0.290473 -0.623709 0.000000
v 0.310037 -0.622969 0.070184
v 0.320004 -0.622920 0.084448
v 0.330000 -0.622914 0.091140
v 0.340001 -0.622894 0.093735
v 0.350000 -0.622891 0.098549
v 0.360000 -0.622891 0.104357
v 0.370000 -0.622891 0.109707
v 0.380000 -0.622891 0.113073
v 0.390000 -0.622891 0.113062
v 0.400000 -0.622891 0.109616
v 0.409999 -0.622891 0.103609
v 0.419973 -0.622891 0.093146
v 0.429577 -0.622890 0.069259
v 0.436434 -0.622888 0.000000
v 0.480884 -0.622453 0.000000
v 0.474698 -0.619204 0.000000
v 0.490083 -0.622860 0.072987
v 0.500004 -0.622890 0.095201
v 0.510000 -0.622891 0.105486
v 0.520000 -0.622891 0.108420
v 0.529999 -0.622891 0.102984
v 0.539973 -0.622891 0.092031
v 0.549576 -0.622886 0.067437
v 0.556417 -0.622837 0.000000
v 0.700371 -0.622893 0.070016
v 0.693143 -0.622931 0.000000
v 0.710025 -0.622891 0.094405
v 0.720001 -0.622891 0.106212
v 0.730000 -0.622891 0.113169
v 0.740000 -0.622891 0.113732
v 0.750000 -0.622891 0.109154
v 0.759999 -0.622891 0.102481
v 0.769975 -0.622891 0.091908
v 0.779627 -0.622898 0.067815
v 0.786842 -0.622985 0.000000
v 1.080423 -0.622891 0.069582
v 1.073565 -0.622891 0.000000
v 1.090028 -0.622891 0.094034
v 1.100001 -0.622891 0.104013
v 1.109999 -0.622891 0.104017
v 1.119972 -0.622891 0.094035
v 1.129577 -0.622891 0.069582
v 1.136435 -0.622891 0.000000
v 0.140884 -0.631750 0.000000
v 0.134698 -0.628501 0.000000
v 0.150083 -0.632157 0.072981
v 0.160004 -0.632186 0.095317
v 0.170000 -0.632187 0.106597
v 0.180000 -0.632187 0.113416
v 0.190000 -0.632187 0.113353
v 0.200000 -0.632187 0.106541
v 0.209996 -0.632189 0.095322
v 0.219921 -0.632218 0.073075
v 0.229187 -0.632624 0.000000
v 0.264031 -0.627274 0.000000
v 0.270633 -0.626348 0.000000
v 0.270109 -0.632629 0.055884
v 0.260941 -0.633127 0.000000
v 0.280102 -0.625830 0.000000
v 0.280009 -0.632535 0.067025
v 0.290033 -0.632264 0.071916
v 0.300004 -0.632214 0.084716
v 0.310001 -0.632191 0.092206
v 0.320000 -0.632188 0.098051
v 0.330000 -0.632188 0.102461
v 0.340000 -0.632188 0.104484
v 0.350000 -0.632187 0.106773
v 0.360000 -0.632187 0.110063
v 0.370000 -0.632187 0.112404
v 0.380000 -0.632187 0.112060
v 0.390000 -0.632187 0.109377
v 0.400000 -0.632187 0.104201
v 0.409999 -0.632187 0.097587
v 0.419971 -0.632184 0.087904
v 0.429575 -0.632162 0.066527
v 0.436417 -0.632129 0.000000
v 0.490371 -0.632185 0.070002
v 0.483143 -0.632147 0.000000
v 0.500025 -0.632187 0.094192
v 0.510001 -0.632187 0.104484
v 0.520000 -0.632187 0.105914
v 0.529999 -0.632187 0.098971
v 0.539971 -0.632184 0.085249
v 0.549553 -0.632118 0.056668
v 0.556247 -0.631605 0.000000
v 0.700083 -0.632218 0.072993
v 0.690884 -0.632625 0.000000
v 0.710004 -0.632189 0.095292
v 0.720000 -0.632187 0.106207
v 0.730000 -0.632187 0.111535
v 0.740000 -0.632187 0.110069
v 0.750000 -0.632187 0.105857
v 0.760000 -0.632187 0.101202
v 0.769996 -0.632189 0.092969
v 0.779921 -0.632218 0.072328
v 0.789182 -0.632629 0.000000
v 1.080423 -0.632187 0.069573
v 1.073565 -0.632187 0.000000
v 1.090028 -0.632187 0.094010
v 1.100001 -0.632187 0.103961
v 1.109999 -0.632187 0.104005
v 1.119973 -0.632187 0.094034
v 1.129577 -0.632187 0.069582
v 1.136435 -0.632187 0.000000
v 0.150371 -0.641482 0.070016
v 0.143143 -0.641444 0.000000
v 0.160025 -0.641484 0.094407
v 0.170001 -0.641484 0.106255
v 0.180000 -0.641484 0.113470
v 0.190000 -0.641484 0.114362
v 0.200000 -0.641484 0.108361
v 0.210000 -0.641484 0.099471
v 0.219994 -0.641488 0.086165
v 0.229913 -0.641546 0.060653
v 0.236013 -0.635856 0.000000
v 0.239561 -0.641950 0.000000
v 0.254006 -0.635921 0.000000
v 0.260097 -0.641580 0.060021
v 0.250440 -0.641954 0.000000
v 0.270008 -0.641514 0.082703
v 0.280000 -0.641507 0.090980
v 0.290001 -0.641488 0.093703
v 0.300000 -0.641485 0.098296
v 0.310000 -0.641484 0.102958
v 0.320000 -0.641484 0.106504
v 0.330000 -0.641484 0.109637
v 0.340000 -0.641484 0.111054
v 0.350000 -0.641484 0.111960
v 0.360000 -0.641484 0.112310
v 0.370000 -0.641484 0.110035
v 0.380000 -0.641484 0.106522
v 0.390000 -0.641484 0.102676
v 0.400000 -0.641483 0.096385
v 0.409994 -0.641477 0.085483
v 0.419938 -0.641409 0.069540
v 0.429539 -0.641107 0.052778
v 0.436245 -0.640820 0.000000
v 0.490420 -0.641484 0.069609
v 0.483526 -0.641482 0.000000
v 0.500027 -0.641484 0.094049
v 0.510001 -0.641484 0.104105
v 0.520000 -0.641484 0.104447
v 0.529999 -0.641483 0.095170
v 0.539961 -0.641456 0.073369
v 0.549426 -0.641078 0.000000
v 0.555345 -0.637800 0.000000
v 0.684698 -0.635874 0.000000
v 0.690469 -0.641555 0.056598
v 0.683757 -0.642067 0.000000
v 0.700031 -0.641488 0.085231
v 0.710001 -0.641484 0.099043
v 0.720000 -0.641484 0.106634
v 0.730000 -0.641484 0.108209
v 0.740000 -0.641484 0.104177
v 0.750000 -0.641484 0.098410
v 0.759999 -0.641483 0.093211
v 0.770001 -0.641483 0.089777
v 0.779993 -0.641489 0.082428
v 0.789879 -0.641575 0.059308
v 0.795946 -0.635914 0.000000
v 0.799054 -0.642362 0.000000
v 1.080423 -0.641484 0.069388
v 1.073566 -0.641482 0.000000
v 1.090028 -0.641484 0.093735
v 1.100001 -0.641484 0.103560
v 1.109999 -0.641484 0.103896
v 1.119973 -0.641484 0.094022
v 1.129577 -0.641484 0.069582
v 1.136435 -0.641484 0.000000
v 0.150419 -0.650781 0.069627
v 0.143526 -0.650779 0.000000
v 0.160027 -0.650781 0.094311
v 0.170001 -0.650781 0.106282
v 0.180000 -0.650781 0.113986
v 0.190000 -0.650781 0.116420
v 0.200000 -0.650781 0.111746
v 0.210000 -0.650781 0.104833
v 0.220000 -0.650781 0.096921
v 0.229996 -0.650785 0.085815
v 0.239970 -0.650814 0.072614
v 0.250030 -0.650814 0.072610
v 0.260005 -0.650786 0.085748
v 0.270000 -0.650782 0.096325
v 0.280000 -0.650782 0.102141
v 0.290000 -0.650781 0.104429
v 0.300000 -0.650781 0.106773
v 0.310000 -0.650781 0.110035
v 0.320000 -0.650781 0.112337
v 0.330000 -0.650781 0.113213
v 0.340000 -0.650781 0.112147
v 0.350000 -0.650781 0.110979
v 0.360000 -0.650781 0.109006
v 0.370000 -0.650781 0.104244
v 0.380000 -0.650781 0.098346
v 0.389999 -0.650778 0.092070
v 0.399992 -0.650753 0.082821
v 0.409900 -0.650666 0.059924
v 0.419479 -0.650009 0.000000
v 0.429237 -0.647687 0.000000
v 0.435321 -0.646489 0.000000
v 0.490423 -0.650781 0.069583
v 0.483563 -0.650781 0.000000
v 0.500027 -0.650781 0.094043
v 0.510001 -0.650781 0.104102
v 0.520000 -0.650781 0.104447
v 0.529999 -0.650782 0.095170
v 0.539961 -0.650809 0.073369
v 0.549426 -0.651188 0.000000
v 0.690425 -0.650786 0.067442
v 0.683584 -0.650835 0.000000
v 0.700028 -0.650781 0.092018
v 0.710001 -0.650781 0.102704
v 0.720000 -0.650781 0.107076
v 0.730000 -0.650781 0.104023
v 0.740000 -0.650781 0.096846
v 0.749996 -0.650778 0.085799
v 0.759970 -0.650749 0.072497
v 0.770030 -0.650749 0.071680
v 0.780004 -0.650778 0.080929
v 0.789991 -0.650789 0.079198
v 0.799866 -0.650903 0.058803
v 0.805921 -0.645272 0.000000
v 0.808986 -0.651660 0.000000
v 1.080425 -0.650777 0.067437
v 1.073583 -0.650727 0.000000
v 1.090028 -0.650781 0.091913
v 1.100001 -0.650781 0.101871
v 1.109999 -0.650781 0.103401
v 1.119973 -0.650781 0.093955
v 1.129577 -0.650781 0.069577
v 1.136435 -0.650781 0.000000
v 0.150423 -0.660078 0.069601
v 0.143563 -0.660078 0.000000
v 0.160027 -0.660078 0.094310
v 0.170001 -0.660078 0.106364
v 0.180000 -0.660078 0.114653
v 0.190000 -0.660078 0.118990
v 0.200000 -0.660078 0.116144
v 0.210000 -0.660078 0.110575
v 0.220000 -0.660078 0.104515
v 0.230000 -0.660078 0.098590
v 0.239999 -0.660079 0.094065
v 0.250001 -0.660079 0.094050
v 0.260000 -0.660078 0.098496
v 0.270000 -0.660078 0.104052
v 0.280000 -0.660078 0.108628
v 0.290000 -0.660078 0.110746
v 0.300000 -0.660078 0.112222
v 0.310000 -0.660078 0.113791
v 0.320000 -0.660078 0.113316
v 0.330000 -0.660078 0.110373
v 0.340000 -0.660078 0.106827
v 0.350000 -0.660078 0.104464
v 0.360000 -0.660077 0.102189
v 0.370000 -0.660077 0.096336
v 0.379995 -0.660071 0.085572
v 0.389962 -0.660002 0.070283
v 0.399888 -0.659681 0.056306
v 0.409059 -0.659140 0.000000
v 0.415988 -0.656303 0.000000
v 0.490423 -0.660078 0.069586
v 0.483563 -0.660078 0.000000
v 0.500027 -0.660078 0.094085
v 0.510001 -0.660078 0.104442
v 0.520000 -0.660078 0.105913
v 0.529999 -0.660078 0.098975
v 0.539971 -0.660082 0.085250
v 0.549553 -0.660148 0.056668
v 0.555345 -0.654465 0.000000
v 0.556247 -0.660660 0.000000
v 0.690423 -0.660078 0.069391
v 0.683566 -0.660081 0.000000
v 0.700027 -0.660078 0.093781
v 0.710001 -0.660078 0.103941
v 0.720000 -0.660078 0.105621
v 0.730000 -0.660078 0.099101
v 0.739994 -0.660075 0.086133
v 0.749913 -0.660016 0.060651
v 0.759561 -0.659612 0.000000
v 0.770439 -0.659612 0.000000
v 0.780087 -0.660016 0.059646
v 0.790005 -0.660075 0.080893
v 0.799967 -0.660086 0.079969
v 0.809525 -0.660179 0.055793
v 0.815285 -0.654528 0.000000
v 0.816281 -0.660667 0.000000
v 1.080447 -0.660009 0.056664
v 1.073753 -0.659496 0.000000
v 1.090029 -0.660074 0.085186
v 1.100001 -0.660078 0.098348
v 1.109999 -0.660078 0.102487
v 1.119973 -0.660078 0.093833
v 1.129577 -0.660078 0.069568
v 1.136435 -0.660078 0.000000
v 0.150423 -0.669375 0.069591
v 0.143565 -0.669375 0.000000
v 0.160027 -0.669375 0.094287
v 0.170001 -0.669375 0.106324
v 0.180000 -0.669375 0.114868
v 0.190000 -0.669375 0.120579
v 0.200000 -0.669375 0.120396
v 0.210000 -0.669375 0.116153
v 0.220000 -0.669375 0.111127
v 0.230000 -0.669375 0.107007
v 0.240000 -0.669375 0.104780
v 0.250000 -0.669375 0.104599
v 0.260000 -0.669375 0.106215
v 0.270000 -0.669375 0.108808
v 0.280000 -0.669375 0.110693
v 0.290000 -0.669375 0.111012
v 0.300000 -0.669375 0.111204
v 0.310000 -0.669375 0.111182
v 0.320000 -0.669375 0.109172
v 0.330000 -0.669375 0.104304
v 0.340000 -0.669375 0.098548
v 0.349999 -0.669371 0.093728
v 0.360000 -0.669352 0.090984
v 0.369992 -0.669344 0.082700
v 0.379901 -0.669259 0.059923
v 0.389484 -0.668603 0.000000
v 0.399326 -0.666277 0.000000
v 0.405966 -0.665043 0.000000
v 0.490419 -0.669375 0.069619
v 0.483524 -0.669376 0.000000
v 0.500027 -0.669375 0.094179
v 0.510001 -0.669375 0.105119
v 0.520000 -0.669375 0.108426
v 0.529999 -0.669375 0.103046
v 0.539973 -0.669375 0.092055
v 0.549576 -0.669380 0.067446
v 0.556417 -0.669429 0.000000
v 0.690423 -0.669375 0.069573
v 0.683565 -0.669375 0.000000
v 0.700027 -0.669375 0.094005
v 0.710001 -0.669375 0.103916
v 0.720000 -0.669375 0.103926
v 0.729996 -0.669374 0.094777
v 0.739921 -0.669345 0.072873
v 0.749186 -0.668937 0.000000
v 0.756013 -0.665706 0.000000
v 0.780814 -0.668937 0.000000
v 0.773987 -0.665706 0.000000
v 0.790078 -0.669345 0.071359
v 0.799979 -0.669374 0.085365
v 0.809626 -0.669383 0.067059
v 0.816838 -0.669469 0.000000
v 1.080574 -0.668968 0.000000
v 1.074655 -0.665691 0.000000
v 1.090039 -0.669347 0.073328
v 1.100001 -0.669374 0.094800
v 1.109999 -0.669375 0.101819
v 1.119973 -0.669375 0.093759
v 1.129577 -0.669375 0.069564
v 1.136435 -0.669375 0.000000
v 0.150423 -0.678672 0.069404
v 0.143566 -0.678669 0.000000
v 0.160027 -0.678672 0.093974
v 0.170001 -0.678672 0.105660
v 0.180000 -0.678672 0.113850
v 0.190000 -0.678672 0.120089
v 0.200000 -0.678672 0.122901
v 0.210000 -0.678672 0.120632
v 0.220000 -0.678672 0.116717
v 0.230000 -0.678672 0.113158
v 0.240000 -0.678672 0.110828
v 0.250000 -0.678672 0.109701
v 0.260000 -0.678672 0.109266
v 0.270000 -0.678672 0.108425
v 0.280000 -0.678672 0.106417
v 0.290000 -0.678672 0.104737
v 0.300000 -0.678671 0.104310
v 0.310000 -0.678671 0.103996
v 0.320000 -0.678671 0.102150
v 0.330000 -0.678671 0.096342
v 0.339995 -0.678665 0.085720
v 0.349967 -0.678598 0.072031
v 0.359991 -0.678324 0.067032
v 0.369891 -0.678230 0.055884
v 0.379059 -0.677730 0.000000
v 0.385988 -0.674897 0.000000
v 0.490368 -0.678674 0.070051
v 0.483099 -0.678701 0.000000
v 0.500025 -0.678672 0.094368
v 0.510001 -0.678672 0.105765
v 0.520000 -0.678672 0.110429
v 0.529999 -0.678672 0.105222
v 0.539973 -0.678672 0.093936
v 0.549577 -0.678672 0.069394
v 0.556434 -0.678675 0.000000
v 0.690423 -0.678672 0.069578
v 0.683563 -0.678672 0.000000
v 0.700027 -0.678672 0.093955
v 0.710001 -0.678672 0.103404
v 0.719999 -0.678672 0.101912
v 0.729975 -0.678672 0.092021
v 0.739627 -0.678665 0.067858
v 0.746842 -0.678578 0.000000
v 0.790374 -0.678663 0.067061
v 0.783158 -0.678577 0.000000
v 0.800021 -0.678673 0.085363
v 0.809918 -0.678702 0.071314
v 0.819120 -0.679111 0.000000
v 1.090039 -0.678700 0.073137
v 1.080575 -0.679078 0.000000
v 1.100001 -0.678673 0.094668
v 1.109999 -0.678672 0.101794
v 1.119973 -0.678672 0.093757
v 1.129577 -0.678672 0.069564
v 1.136435 -0.678672 0.000000
v 0.150426 -0.687963 0.067409
v 0.143584 -0.687915 0.000000
v 0.160028 -0.687968 0.091829
v 0.170001 -0.687969 0.102807
v 0.180000 -0.687969 0.110105
v 0.190000 -0.687969 0.116338
v 0.200000 -0.687969 0.120990
v 0.210000 -0.687969 0.121078
v 0.220000 -0.687969 0.118324
v 0.230000 -0.687969 0.114211
v 0.240000 -0.687969 0.109846
v 0.250000 -0.687969 0.106352
v 0.260000 -0.687969 0.104222
v 0.270000 -0.687968 0.102307
v 0.280000 -0.687968 0.098219
v 0.289999 -0.687965 0.093913
v 0.300000 -0.687946 0.092844
v 0.310000 -0.687943 0.092527
v 0.320000 -0.687943 0.090857
v 0.329992 -0.687938 0.082694
v 0.339902 -0.687853 0.059949
v 0.349525 -0.687208 0.000000
v 0.359898 -0.685032 0.000000
v 0.369367 -0.684511 0.000000
v 0.375969 -0.683585 0.000000
v 0.490048 -0.687990 0.073482
v 0.480387 -0.688301 0.000000
v 0.500003 -0.687970 0.095320
v 0.510000 -0.687969 0.106059
v 0.520000 -0.687969 0.110344
v 0.529999 -0.687969 0.105159
v 0.539973 -0.687969 0.093919
v 0.549577 -0.687969 0.069393
v 0.556434 -0.687966 0.000000
v 0.690419 -0.687969 0.069595
v 0.683526 -0.687971 0.000000
v 0.700027 -0.687969 0.093839
v 0.710001 -0.687969 0.102490
v 0.719999 -0.687969 0.098351
v 0.729971 -0.687965 0.085192
v 0.739556 -0.687899 0.056691
v 0.746286 -0.687385 0.000000
v 0.790475 -0.687868 0.055793
v 0.783719 -0.687380 0.000000
v 0.800032 -0.687962 0.079953
v 0.809973 -0.687972 0.080505
v 0.819583 -0.688042 0.056281
v 0.825360 -0.682361 0.000000
v 0.826670 -0.688591 0.000000
v 1.074656 -0.682352 0.000000
v 1.080450 -0.688034 0.054569
v 1.073772 -0.688497 0.000000
v 1.090029 -0.687972 0.083422
v 1.100001 -0.687969 0.097227
v 1.109999 -0.687969 0.102229
v 1.119972 -0.687969 0.093807
v 1.129577 -0.687969 0.069568
v 1.136437 -0.687969 0.000000
v 0.150479 -0.697165 0.056091
v 0.143758 -0.696679 0.000000
v 0.160033 -0.697258 0.082971
v 0.170001 -0.697265 0.096550
v 0.180000 -0.697266 0.104776
v 0.190000 -0.697266 0.111786
v 0.200000 -0.697266 0.116928
v 0.210000 -0.697266 0.116594
v 0.220000 -0.697266 0.113686
v 0.230000 -0.697266 0.109684
v 0.240000 -0.697266 0.104273
v 0.250000 -0.697265 0.098500
v 0.259999 -0.697262 0.093715
v 0.270000 -0.697243 0.091135
v 0.279996 -0.697237 0.084601
v 0.289967 -0.697189 0.072064
v 0.299997 -0.696921 0.068929
v 0.310000 -0.696876 0.068366
v 0.319994 -0.696870 0.066582
v 0.329891 -0.696821 0.055855
v 0.339059 -0.696324 0.000000
v 0.345991 -0.693492 0.000000
v 0.464033 -0.692297 0.000000
v 0.470661 -0.691026 0.000000
v 0.470111 -0.697660 0.056328
v 0.460941 -0.698204 0.000000
v 0.480029 -0.697311 0.070762
v 0.490003 -0.697268 0.087863
v 0.500000 -0.697266 0.099378
v 0.510000 -0.697266 0.106640
v 0.520000 -0.697266 0.107935
v 0.529999 -0.697266 0.102547
v 0.539972 -0.697265 0.091811
v 0.549574 -0.697260 0.067408
v 0.556417 -0.697212 0.000000
v 0.690371 -0.697268 0.069980
v 0.683143 -0.697306 0.000000
v 0.700025 -0.697266 0.093866
v 0.710001 -0.697266 0.101857
v 0.719999 -0.697265 0.094806
v 0.729962 -0.697238 0.073329
v 0.739426 -0.696859 0.000000
v 0.745348 -0.693581 0.000000
v 0.791013 -0.696391 0.000000
v 0.784715 -0.693519 0.000000
v 0.800124 -0.697173 0.058994
v 0.810004 -0.697262 0.078525
v 0.819919 -0.697300 0.068091
v 0.829169 -0.697746 0.000000
v 1.080471 -0.697200 0.054502
v 1.073775 -0.696737 0.000000
v 1.090031 -0.697262 0.083399
v 1.100001 -0.697266 0.097222
v 1.109999 -0.697266 0.102229
v 1.119973 -0.697266 0.093812
v 1.129581 -0.697266 0.069593
v 1.136474 -0.697268 0.000000
v 0.151013 -0.705688 0.000000
v 0.144718 -0.702815 0.000000
v 0.160124 -0.706472 0.060063
v 0.170007 -0.706558 0.086112
v 0.180000 -0.706562 0.099415
v 0.190000 -0.706563 0.108007
v 0.200000 -0.706563 0.112869
v 0.210000 -0.706563 0.110747
v 0.220000 -0.706563 0.106771
v 0.230000 -0.706562 0.102712
v 0.240000 -0.706562 0.096396
v 0.249995 -0.706556 0.085721
v 0.259967 -0.706489 0.072031
v 0.269992 -0.706215 0.067055
v 0.279924 -0.706130 0.056313
v 0.289530 -0.705741 0.000000
v 0.299956 -0.703640 0.000000
v 0.309995 -0.703283 0.000000
v 0.319942 -0.703233 0.000000
v 0.329369 -0.703069 0.000000
v 0.335970 -0.702177 0.000000
v 0.454012 -0.701041 0.000000
v 0.460099 -0.706678 0.059787
v 0.450516 -0.707335 0.000000
v 0.470008 -0.706591 0.082526
v 0.480001 -0.706565 0.091662
v 0.490000 -0.706563 0.098102
v 0.500000 -0.706563 0.104006
v 0.510000 -0.706563 0.107285
v 0.520000 -0.706563 0.104009
v 0.529999 -0.706562 0.096483
v 0.539968 -0.706555 0.082971
v 0.549521 -0.706461 0.056092
v 0.556242 -0.705976 0.000000
v 0.690083 -0.706593 0.072958
v 0.680884 -0.707000 0.000000
v 0.700004 -0.706564 0.094770
v 0.710000 -0.706563 0.102110
v 0.719999 -0.706564 0.094730
v 0.729962 -0.706591 0.073143
v 0.739426 -0.706969 0.000000
v 0.800831 -0.706083 0.000000
v 0.794060 -0.702833 0.000000
v 0.810081 -0.706528 0.068091
v 0.819996 -0.706566 0.078520
v 0.829879 -0.706655 0.059036
v 0.835944 -0.700996 0.000000
v 0.839054 -0.707440 0.000000
v 1.080884 -0.706125 0.000000
v 1.074700 -0.702880 0.000000
v 1.090082 -0.706532 0.072746
v 1.100004 -0.706561 0.094568
v 1.109999 -0.706563 0.101789
v 1.119975 -0.706563 0.093847
v 1.129629 -0.706565 0.069966
v 1.136857 -0.706603 0.000000
v 0.160818 -0.715418 0.000000
v 0.154059 -0.712132 0.000000
v 0.170079 -0.715829 0.072880
v 0.180004 -0.715858 0.094924
v 0.190000 -0.715859 0.105118
v 0.200000 -0.715859 0.108821
v 0.210000 -0.715859 0.104730
v 0.220000 -0.715859 0.098603
v 0.229999 -0.715857 0.092107
v 0.239992 -0.715831 0.082823
v 0.249902 -0.715744 0.059956
v 0.259525 -0.715099 0.000000
v 0.269899 -0.712923 0.000000
v 0.279372 -0.712403 0.000000
v 0.286035 -0.711494 0.000000
v 0.434034 -0.710894 0.000000
v 0.440674 -0.709660 0.000000
v 0.440112 -0.716256 0.056188
v 0.430945 -0.716798 0.000000
v 0.450038 -0.715936 0.069693
v 0.460005 -0.715866 0.084072
v 0.470000 -0.715860 0.093738
v 0.480000 -0.715859 0.099024
v 0.490000 -0.715859 0.102880
v 0.500000 -0.715859 0.106440
v 0.510000 -0.715859 0.106194
v 0.520000 -0.715859 0.099197
v 0.529995 -0.715855 0.086129
v 0.539898 -0.715770 0.060134
v 0.548989 -0.714984 0.000000
v 0.555282 -0.712112 0.000000
v 0.674698 -0.710249 0.000000
v 0.680469 -0.715930 0.056596
v 0.673757 -0.716442 0.000000
v 0.690031 -0.715863 0.085194
v 0.700001 -0.715859 0.098587
v 0.710000 -0.715859 0.103586
v 0.719999 -0.715859 0.097498
v 0.729971 -0.715863 0.083454
v 0.739550 -0.715924 0.054571
v 0.745344 -0.710243 0.000000
v 0.746228 -0.716388 0.000000
v 0.810418 -0.715785 0.056250
v 0.803330 -0.715237 0.000000
v 0.820028 -0.715856 0.080379
v 0.829991 -0.715867 0.080357
v 0.839866 -0.715981 0.059112
v 0.845921 -0.710350 0.000000
v 0.848990 -0.716738 0.000000
v 1.090371 -0.715857 0.069956
v 1.083144 -0.715819 0.000000
v 1.100025 -0.715859 0.093823
v 1.110001 -0.715859 0.101737
v 1.119996 -0.715861 0.094557
v 1.129918 -0.715890 0.072745
v 1.139116 -0.716297 0.000000
v 0.170373 -0.725149 0.067858
v 0.163159 -0.725062 0.000000
v 0.180025 -0.725156 0.092070
v 0.190001 -0.725156 0.102344
v 0.200000 -0.725156 0.105355
v 0.210000 -0.725156 0.099253
v 0.219997 -0.725154 0.087885
v 0.229971 -0.725111 0.070791
v 0.239889 -0.724762 0.056347
v 0.249059 -0.724218 0.000000
v 0.255991 -0.721382 0.000000
v 0.424074 -0.719651 0.000000
v 0.430130 -0.725281 0.059362
v 0.420944 -0.726036 0.000000
v 0.440009 -0.725185 0.081613
v 0.450001 -0.725160 0.087645
v 0.459999 -0.725153 0.088996
v 0.470000 -0.725136 0.090756
v 0.480001 -0.725154 0.093057
v 0.490000 -0.725156 0.098153
v 0.500000 -0.725156 0.103258
v 0.510000 -0.725156 0.103995
v 0.519999 -0.725155 0.095117
v 0.529965 -0.725128 0.073455
v 0.539495 -0.724747 0.000000
v 0.545984 -0.721432 0.000000
v 0.680425 -0.725161 0.067436
v 0.673584 -0.725210 0.000000
v 0.690028 -0.725156 0.091943
v 0.700001 -0.725156 0.102115
v 0.710000 -0.725156 0.104498
v 0.719999 -0.725156 0.097614
v 0.729969 -0.725153 0.083440
v 0.739529 -0.725090 0.054505
v 0.746225 -0.724628 0.000000
v 0.810894 -0.724678 0.000000
v 0.804641 -0.721464 0.000000
v 0.820085 -0.725121 0.069698
v 0.830003 -0.725155 0.086708
v 0.839969 -0.725165 0.081289
v 0.849573 -0.725260 0.056321
v 0.855341 -0.719610 0.000000
v 0.856668 -0.725783 0.000000
v 1.090420 -0.725156 0.069399
v 1.083527 -0.725152 0.000000
v 1.100027 -0.725156 0.093512
v 1.110001 -0.725156 0.101772
v 1.119999 -0.725156 0.097100
v 1.129969 -0.725160 0.083386
v 1.139529 -0.725222 0.054498
v 1.145301 -0.719542 0.000000
v 1.146225 -0.725685 0.000000
v 0.170464 -0.734382 0.056625
v 0.163718 -0.733869 0.000000
v 0.180031 -0.734449 0.085177
v 0.190001 -0.734453 0.098424
v 0.200000 -0.734453 0.102878
v 0.209997 -0.734452 0.094901
v 0.219952 -0.734431 0.073454
v 0.229614 -0.734121 0.000000
v 0.239339 -0.731396 0.000000
v 0.245967 -0.730124 0.000000
v 0.414012 -0.728927 0.000000
v 0.420099 -0.734566 0.059907
v 0.410516 -0.735225 0.000000
v 0.430009 -0.734462 0.082549
v 0.440000 -0.734454 0.089783
v 0.449996 -0.734448 0.083636
v 0.459967 -0.734383 0.071531
v 0.469999 -0.734159 0.069177
v 0.480023 -0.734413 0.072638
v 0.490002 -0.734451 0.087937
v 0.500000 -0.734453 0.098681
v 0.510000 -0.734453 0.102660
v 0.519999 -0.734454 0.094904
v 0.529965 -0.734481 0.073428
v 0.539495 -0.734862 0.000000
v 0.680423 -0.734453 0.069388
v 0.673566 -0.734456 0.000000
v 0.690027 -0.734453 0.093740
v 0.700001 -0.734453 0.103612
v 0.710000 -0.734453 0.104166
v 0.719996 -0.734452 0.094887
v 0.729917 -0.734423 0.072770
v 0.739116 -0.734016 0.000000
v 0.745300 -0.730771 0.000000
v 0.820427 -0.734349 0.056308
v 0.813335 -0.733827 0.000000
v 0.830030 -0.734446 0.081309
v 0.839997 -0.734454 0.086882
v 0.849918 -0.734489 0.069920
v 0.859169 -0.734933 0.000000
v 1.090425 -0.734448 0.067419
v 1.083582 -0.734399 0.000000
v 1.100028 -0.734453 0.091684
v 1.110001 -0.734453 0.100082
v 1.119999 -0.734453 0.096605
v 1.129969 -0.734450 0.083320
v 1.139530 -0.734387 0.054498
v 1.146225 -0.733925 0.000000
v 0.170855 -0.743314 0.000000
v 0.164693 -0.740064 0.000000
v 0.180080 -0.743720 0.072977
v 0.190004 -0.743749 0.094722
v 0.199999 -0.743750 0.101853
v 0.209976 -0.743750 0.093873
v 0.219635 -0.743748 0.070043
v 0.226940 -0.743723 0.000000
v 0.393972 -0.738768 0.000000
v 0.400669 -0.737549 0.000000
v 0.400080 -0.744138 0.056705
v 0.390514 -0.744581 0.000000
v 0.410037 -0.743826 0.070239
v 0.420005 -0.743757 0.084807
v 0.430000 -0.743750 0.091510
v 0.439994 -0.743746 0.084445
v 0.449913 -0.743669 0.060297
v 0.459530 -0.743023 0.000000
v 0.469987 -0.741265 0.000000
v 0.480343 -0.743456 0.000000
v 0.490047 -0.743730 0.073283
v 0.500003 -0.743749 0.094537
v 0.510000 -0.743750 0.102202
v 0.520000 -0.743750 0.098358
v 0.529995 -0.743755 0.085897
v 0.539898 -0.743840 0.059924
v 0.545984 -0.738178 0.000000
v 0.548989 -0.744625 0.000000
v 0.680423 -0.743750 0.069573
v 0.673563 -0.743750 0.000000
v 0.690027 -0.743750 0.093994
v 0.700001 -0.743750 0.103862
v 0.709999 -0.743750 0.103806
v 0.719975 -0.743750 0.094024
v 0.729629 -0.743747 0.069963
v 0.736857 -0.743710 0.000000
v 0.821009 -0.742875 0.000000
v 0.814659 -0.740000 0.000000
v 0.830124 -0.743658 0.059562
v 0.840007 -0.743745 0.082275
v 0.849993 -0.743755 0.082290
v 0.859879 -0.743842 0.059648
v 0.865945 -0.738183 0.000000
v 0.869054 -0.744627 0.000000
v 1.090469 -0.743679 0.056576
v 1.083757 -0.743168 0.000000
v 1.100031 -0.743746 0.084885
v 1.110001 -0.743750 0.096107
v 1.119996 -0.743749 0.093044
v 1.129920 -0.743720 0.072570
v 1.139145 -0.743314 0.000000
v 1.145303 -0.740068 0.000000
v 0.180319 -0.753047 0.070395
v 0.172723 -0.753047 0.000000
v 0.190022 -0.753047 0.093954
v 0.200000 -0.753047 0.101725
v 0.209975 -0.753047 0.093860
v 0.219632 -0.753049 0.070007
v 0.226898 -0.753086 0.000000
v 0.373972 -0.748065 0.000000
v 0.380669 -0.746849 0.000000
v 0.380080 -0.753435 0.056701
v 0.370514 -0.753878 0.000000
v 0.390037 -0.753126 0.070187
v 0.400004 -0.753073 0.084536
v 0.410001 -0.753050 0.091925
v 0.420000 -0.753047 0.095960
v 0.429996 -0.753046 0.092530
v 0.439924 -0.753017 0.072699
v 0.449216 -0.752610 0.000000
v 0.456013 -0.749340 0.000000
v 0.490371 -0.753040 0.067882
v 0.483115 -0.752966 0.000000
v 0.500025 -0.753047 0.091943
v 0.510001 -0.753047 0.101355
v 0.520000 -0.753047 0.101861
v 0.529999 -0.753047 0.095051
v 0.539968 -0.753054 0.081181
v 0.549520 -0.753143 0.053998
v 0.555281 -0.747493 0.000000
v 0.556224 -0.753580 0.000000
v 0.680419 -0.753047 0.069593
v 0.673526 -0.753049 0.000000
v 0.690027 -0.753047 0.093873
v 0.700001 -0.753047 0.103170
v 0.709999 -0.753047 0.102361
v 0.719973 -0.753047 0.093014
v 0.729580 -0.753046 0.069277
v 0.736473 -0.753042 0.000000
v 0.830831 -0.752567 0.000000
v 0.824060 -0.749317 0.000000
v 0.840081 -0.753012 0.069955
v 0.850004 -0.753046 0.087148
v 0.859991 -0.753055 0.082164
v 0.869866 -0.753168 0.059390
v 0.875921 -0.747537 0.000000
v 0.878990 -0.753925 0.000000
v 1.090884 -0.752609 0.000000
v 1.084698 -0.749360 0.000000
v 1.100082 -0.753016 0.072663
v 1.110003 -0.753046 0.092370
v 1.119978 -0.753047 0.091727
v 1.129681 -0.753047 0.070109
v 1.137281 -0.753047 0.000000
v 0.180080 -0.762374 0.072984
v 0.170855 -0.762779 0.000000
v 0.190004 -0.762345 0.094793
v 0.200000 -0.762344 0.102195
v 0.209996 -0.762345 0.094790
v 0.219918 -0.762374 0.072966
v 0.229122 -0.762781 0.000000
v 0.354034 -0.757379 0.000000
v 0.360674 -0.756148 0.000000
v 0.360112 -0.762741 0.056299
v 0.350941 -0.763282 0.000000
v 0.370038 -0.762423 0.070166
v 0.380004 -0.762370 0.084556
v 0.390001 -0.762347 0.092140
v 0.400000 -0.762345 0.097827
v 0.410000 -0.762344 0.101950
v 0.419999 -0.762344 0.101956
v 0.429978 -0.762344 0.093679
v 0.439681 -0.762344 0.070357
v 0.447284 -0.762344 0.000000
v 0.490465 -0.762273 0.056623
v 0.483716 -0.761760 0.000000
v 0.500031 -0.762340 0.085181
v 0.510001 -0.762344 0.098420
v 0.520000 -0.762344 0.102955
v 0.529999 -0.762344 0.097045
v 0.539971 -0.762340 0.083222
v 0.549550 -0.762280 0.054537
v 0.556228 -0.761816 0.000000
v 0.680371 -0.762346 0.069904
v 0.673143 -0.762384 0.000000
v 0.690025 -0.762344 0.093319
v 0.700001 -0.762344 0.100446
v 0.709999 -0.762344 0.097221
v 0.719972 -0.762341 0.087892
v 0.729575 -0.762318 0.066528
v 0.736419 -0.762285 0.000000
v 0.840417 -0.762270 0.056840
v 0.833330 -0.761722 0.000000
v 0.850028 -0.762340 0.083746
v 0.860000 -0.762344 0.091149
v 0.869969 -0.762352 0.082257
v 0.879576 -0.762447 0.056476
v 0.885344 -0.756796 0.000000
v 0.886709 -0.762959 0.000000
v 1.100371 -0.762341 0.069702
v 1.093144 -0.762303 0.000000
v 1.110025 -0.762344 0.091637
v 1.119997 -0.762345 0.092372
v 1.129924 -0.762374 0.072773
v 1.139212 -0.762782 0.000000
v 0.164696 -0.766030 0.000000
v 0.170468 -0.771711 0.056601
v 0.163757 -0.772223 0.000000
v 0.180031 -0.771644 0.085213
v 0.190001 -0.771641 0.098768
v 0.200000 -0.771641 0.104388
v 0.209999 -0.771641 0.098810
v 0.219972 -0.771645 0.085320
v 0.229583 -0.771714 0.057014
v 0.235360 -0.766033 0.000000
v 0.236666 -0.772263 0.000000
v 0.344012 -0.766119 0.000000
v 0.350100 -0.771756 0.059929
v 0.340516 -0.772413 0.000000
v 0.360008 -0.771669 0.082816
v 0.370001 -0.771644 0.092009
v 0.380000 -0.771642 0.097920
v 0.390000 -0.771641 0.102270
v 0.400000 -0.771641 0.104580
v 0.410000 -0.771641 0.106158
v 0.420000 -0.771641 0.103880
v 0.429996 -0.771642 0.094698
v 0.439924 -0.771671 0.073004
v 0.449212 -0.772079 0.000000
v 0.490882 -0.771203 0.000000
v 0.484695 -0.767954 0.000000
v 0.500082 -0.771610 0.072957
v 0.510004 -0.771640 0.094753
v 0.520000 -0.771641 0.102029
v 0.529999 -0.771640 0.094683
v 0.539961 -0.771613 0.073129
v 0.549426 -0.771234 0.000000
v 0.555344 -0.767961 0.000000
v 0.680082 -0.771671 0.072750
v 0.670884 -0.772078 0.000000
v 0.690004 -0.771642 0.093191
v 0.700000 -0.771641 0.096403
v 0.709997 -0.771638 0.087439
v 0.719948 -0.771596 0.070025
v 0.729540 -0.771266 0.052818
v 0.736245 -0.770976 0.000000
v 0.840881 -0.771201 0.000000
v 0.834640 -0.767951 0.000000
v 0.850083 -0.771610 0.072338
v 0.860004 -0.771639 0.091476
v 0.869997 -0.771642 0.090566
v 0.879949 -0.771668 0.071020
v 0.889599 -0.772013 0.000000
v 1.100420 -0.771641 0.069388
v 1.093526 -0.771639 0.000000
v 1.110027 -0.771641 0.092228
v 1.120001 -0.771641 0.096096
v 1.129993 -0.771645 0.085732
v 1.139877 -0.771732 0.060043
v 1.145943 -0.766071 0.000000
v 1.148987 -0.772516 0.000000
v 0.170425 -0.780942 0.067443
v 0.163583 -0.780991 0.000000
v 0.180028 -0.780938 0.092051
v 0.190001 -0.780937 0.102978
v 0.200000 -0.780937 0.107895
v 0.210000 -0.780937 0.103358
v 0.219996 -0.780939 0.093080
v 0.229915 -0.780972 0.070847
v 0.239102 -0.781415 0.000000
v 0.323972 -0.775955 0.000000
v 0.330669 -0.774737 0.000000
v 0.330080 -0.781326 0.056708
v 0.320514 -0.781768 0.000000
v 0.340037 -0.781013 0.070305
v 0.350005 -0.780944 0.085564
v 0.360000 -0.780939 0.096308
v 0.370000 -0.780938 0.102234
v 0.380000 -0.780937 0.105117
v 0.390000 -0.780937 0.106255
v 0.400000 -0.780937 0.104781
v 0.410000 -0.780937 0.103495
v 0.420000 -0.780937 0.101612
v 0.430000 -0.780937 0.096312
v 0.439993 -0.780942 0.085207
v 0.449877 -0.781028 0.059932
v 0.455943 -0.775367 0.000000
v 0.458991 -0.781813 0.000000
v 0.500368 -0.780935 0.070008
v 0.493102 -0.780898 0.000000
v 0.510025 -0.780937 0.093871
v 0.520001 -0.780937 0.101854
v 0.529999 -0.780939 0.094806
v 0.539962 -0.780966 0.073334
v 0.549430 -0.781344 0.000000
v 0.664698 -0.775327 0.000000
v 0.670469 -0.781008 0.056575
v 0.663757 -0.781520 0.000000
v 0.680031 -0.780941 0.084875
v 0.690001 -0.780938 0.096078
v 0.699997 -0.780937 0.093187
v 0.709952 -0.780916 0.073224
v 0.719609 -0.780605 0.000000
v 0.729250 -0.777883 0.000000
v 0.735322 -0.776648 0.000000
v 0.850374 -0.780929 0.067638
v 0.843162 -0.780843 0.000000
v 0.860025 -0.780937 0.090272
v 0.870001 -0.780937 0.094613
v 0.879997 -0.780940 0.086822
v 0.889971 -0.780985 0.070627
v 0.899338 -0.774700 0.000000
v 0.899886 -0.781332 0.056252
v 0.905962 -0.775969 0.000000
v 0.908992 -0.781874 0.000000
v 1.100423 -0.780938 0.069478
v 1.093563 -0.780937 0.000000
v 1.110027 -0.780938 0.093175
v 1.120001 -0.780937 0.100174
v 1.129999 -0.780938 0.095907
v 1.139967 -0.780945 0.082922
v 1.149521 -0.781039 0.056089
v 1.155282 -0.775388 0.000000
v 1.156242 -0.781524 0.000000
v 0.170423 -0.790234 0.069405
v 0.163564 -0.790237 0.000000
v 0.180027 -0.790234 0.093965
v 0.190001 -0.790234 0.105338
v 0.200000 -0.790234 0.110838
v 0.210000 -0.790234 0.107184
v 0.219999 -0.790234 0.098899
v 0.229969 -0.790238 0.085055
v 0.239534 -0.790307 0.056592
v 0.245304 -0.784627 0.000000
v 0.246284 -0.790818 0.000000
v 0.304034 -0.785269 0.000000
v 0.310674 -0.784038 0.000000
v 0.310112 -0.790631 0.056298
v 0.300945 -0.791173 0.000000
v 0.320038 -0.790313 0.070168
v 0.330004 -0.790261 0.084567
v 0.340001 -0.790238 0.092204
v 0.350000 -0.790234 0.098191
v 0.360000 -0.790234 0.103523
v 0.370000 -0.790234 0.106792
v 0.380000 -0.790234 0.106790
v 0.390000 -0.790234 0.103508
v 0.400000 -0.790234 0.098282
v 0.409999 -0.790231 0.093789
v 0.420000 -0.790214 0.092472
v 0.430001 -0.790231 0.091747
v 0.439999 -0.790234 0.091235
v 0.449970 -0.790242 0.081870
v 0.459576 -0.790337 0.056402
v 0.465344 -0.784687 0.000000
v 0.466712 -0.790847 0.000000
v 0.500365 -0.790236 0.070049
v 0.493058 -0.790259 0.000000
v 0.510025 -0.790234 0.093949
v 0.520001 -0.790234 0.102538
v 0.529999 -0.790234 0.098392
v 0.539974 -0.790238 0.085283
v 0.549605 -0.790307 0.057067
v 0.555403 -0.784625 0.000000
v 0.556670 -0.790856 0.000000
v 0.670425 -0.790239 0.067402
v 0.663584 -0.790288 0.000000
v 0.680028 -0.790234 0.091502
v 0.690000 -0.790234 0.099062
v 0.699975 -0.790234 0.092931
v 0.709632 -0.790232 0.069741
v 0.716900 -0.790203 0.000000
v 0.850475 -0.790133 0.056076
v 0.843719 -0.789646 0.000000
v 0.860034 -0.790226 0.082478
v 0.870001 -0.790234 0.093464
v 0.880000 -0.790234 0.094810
v 0.889998 -0.790237 0.091019
v 0.899970 -0.790262 0.081857
v 0.909573 -0.790341 0.056379
v 0.915341 -0.784692 0.000000
v 0.916668 -0.790861 0.000000
v 1.100423 -0.790234 0.069370
v 1.093566 -0.790232 0.000000
v 1.110028 -0.790234 0.093530
v 1.120001 -0.790234 0.102452
v 1.129999 -0.790234 0.101339
v 1.139972 -0.790235 0.091672
v 1.149574 -0.790240 0.067399
v 1.156416 -0.790288 0.000000
v 0.170419 -0.799531 0.069617
v 0.163526 -0.799533 0.000000
v 0.180027 -0.799531 0.094270
v 0.190001 -0.799531 0.105994
v 0.200000 -0.799531 0.112239
v 0.210000 -0.799531 0.110297
v 0.219999 -0.799531 0.103318
v 0.229975 -0.799531 0.092172
v 0.239629 -0.799538 0.067897
v 0.246885 -0.799613 0.000000
v 0.294074 -0.794026 0.000000
v 0.300130 -0.799656 0.059528
v 0.290944 -0.800411 0.000000
v 0.310009 -0.799560 0.082797
v 0.320001 -0.799535 0.092047
v 0.330000 -0.799532 0.098082
v 0.340000 -0.799531 0.102728
v 0.350000 -0.799531 0.105391
v 0.360000 -0.799531 0.106546
v 0.370000 -0.799531 0.105166
v 0.380000 -0.799531 0.102237
v 0.390000 -0.799530 0.096313
v 0.399995 -0.799524 0.085711
v 0.409967 -0.799460 0.072204
v 0.420000 -0.799235 0.069342
v 0.430033 -0.799460 0.071873
v 0.440004 -0.799526 0.083850
v 0.449997 -0.799532 0.087150
v 0.459951 -0.799557 0.070376
v 0.469644 -0.799863 0.000000
v 0.500046 -0.799551 0.073495
v 0.490341 -0.799822 0.000000
v 0.510002 -0.799532 0.095029
v 0.520000 -0.799531 0.103850
v 0.530000 -0.799531 0.102238
v 0.539996 -0.799532 0.092792
v 0.549916 -0.799566 0.070635
v 0.559102 -0.800009 0.000000
v 0.670423 -0.799531 0.069289
v 0.663566 -0.799534 0.000000
v 0.680027 -0.799531 0.092828
v 0.690000 -0.799531 0.099049
v 0.699973 -0.799531 0.091506
v 0.709578 -0.799526 0.067429
v 0.716458 -0.799476 0.000000
v 0.851014 -0.798653 0.000000
v 0.844715 -0.795784 0.000000
v 0.860134 -0.799410 0.059493
v 0.870010 -0.799522 0.083281
v 0.880000 -0.799530 0.094080
v 0.890000 -0.799531 0.096912
v 0.899996 -0.799533 0.091310
v 0.909918 -0.799567 0.070680
v 0.919169 -0.800011 0.000000
v 1.100425 -0.799527 0.067432
v 1.093584 -0.799477 0.000000
v 1.110028 -0.799531 0.091887
v 1.120001 -0.799531 0.101689
v 1.129999 -0.799531 0.102901
v 1.139973 -0.799531 0.093642
v 1.149577 -0.799531 0.069382
v 1.156434 -0.799534 0.000000
v 0.170371 -0.808831 0.070020
v 0.163140 -0.808869 0.000000
v 0.180025 -0.808828 0.094404
v 0.190001 -0.808828 0.106201
v 0.200000 -0.808828 0.113039
v 0.210000 -0.808828 0.112691
v 0.220000 -0.808828 0.105984
v 0.229997 -0.808829 0.095052
v 0.239953 -0.808849 0.073317
v 0.249656 -0.809148 0.000000
v 0.284009 -0.803301 0.000000
v 0.290098 -0.808940 0.060072
v 0.280473 -0.809586 0.000000
v 0.300009 -0.808837 0.083829
v 0.310000 -0.808829 0.096240
v 0.320000 -0.808828 0.102676
v 0.330000 -0.808828 0.106435
v 0.340000 -0.808828 0.108980
v 0.350000 -0.808828 0.108175
v 0.360000 -0.808828 0.104114
v 0.370000 -0.808828 0.098404
v 0.379999 -0.808826 0.092065
v 0.389992 -0.808800 0.082819
v 0.399902 -0.808714 0.059960
v 0.409529 -0.808096 0.000000
v 0.420000 -0.806303 0.000000
v 0.430470 -0.808099 0.000000
v 0.440088 -0.808747 0.060106
v 0.450006 -0.808824 0.082638
v 0.459998 -0.808830 0.084356
v 0.469977 -0.808870 0.072251
v 0.479999 -0.801977 0.000000
v 0.480000 -0.809119 0.069442
v 0.490023 -0.808869 0.072723
v 0.500003 -0.808830 0.088047
v 0.510000 -0.808828 0.099353
v 0.520000 -0.808828 0.106069
v 0.530000 -0.808828 0.105084
v 0.539999 -0.808828 0.097443
v 0.549969 -0.808832 0.083255
v 0.559528 -0.808896 0.054467
v 0.565299 -0.803217 0.000000
v 0.566225 -0.809357 0.000000
v 0.670423 -0.808828 0.069352
v 0.663565 -0.808828 0.000000
v 0.680027 -0.808828 0.092190
v 0.690000 -0.808828 0.095922
v 0.699969 -0.808824 0.084861
v 0.709531 -0.808757 0.056575
v 0.716246 -0.808246 0.000000
v 0.860947 -0.807947 0.000000
v 0.854079 -0.805041 0.000000
v 0.870131 -0.808704 0.059479
v 0.880009 -0.808800 0.082510
v 0.890001 -0.808826 0.090844
v 0.900000 -0.808828 0.092836
v 0.909993 -0.808833 0.084605
v 0.919879 -0.808921 0.059966
v 0.925944 -0.803261 0.000000
v 0.929054 -0.809705 0.000000
v 1.100469 -0.808757 0.056594
v 1.093757 -0.808246 0.000000
v 1.110031 -0.808824 0.085162
v 1.120001 -0.808828 0.098327
v 1.129999 -0.808828 0.102429
v 1.139973 -0.808828 0.093809
v 1.149577 -0.808828 0.069560
v 1.156437 -0.808828 0.000000
v 0.170079 -0.818155 0.073082
v 0.160817 -0.818565 0.000000
v 0.180004 -0.818126 0.095348
v 0.190000 -0.818125 0.106643
v 0.200000 -0.818125 0.113671
v 0.210000 -0.818125 0.114331
v 0.220000 -0.818125 0.108305
v 0.230000 -0.818125 0.099609
v 0.239998 -0.818127 0.088055
v 0.249977 -0.818168 0.072696
v 0.259972 -0.811671 0.000000
v 0.259998 -0.818464 0.069013
v 0.270042 -0.811709 0.000000
v 0.270003 -0.818467 0.068973
v 0.280033 -0.818199 0.072189
v 0.290005 -0.818132 0.085753
v 0.300000 -0.818125 0.096658
v 0.310000 -0.818125 0.104081
v 0.320000 -0.818125 0.109530
v 0.330000 -0.818125 0.112394
v 0.340000 -0.818125 0.112010
v 0.350000 -0.818125 0.107121
v 0.360000 -0.818125 0.099197
v 0.369997 -0.818123 0.087700
v 0.379971 -0.818078 0.070756
v 0.389889 -0.817731 0.056346
v 0.399059 -0.817187 0.000000
v 0.405991 -0.814353 0.000000
v 0.440812 -0.817687 0.000000
v 0.433989 -0.814418 0.000000
v 0.450079 -0.818095 0.072207
v 0.460004 -0.818124 0.090475
v 0.469999 -0.818127 0.092604
v 0.480000 -0.818145 0.092855
v 0.490001 -0.818127 0.093991
v 0.500000 -0.818125 0.098818
v 0.510000 -0.818125 0.104737
v 0.520000 -0.818125 0.108938
v 0.530000 -0.818125 0.106184
v 0.539999 -0.818125 0.097809
v 0.549969 -0.818121 0.083445
v 0.559529 -0.818059 0.054501
v 0.566225 -0.817597 0.000000
v 0.670423 -0.818125 0.069287
v 0.663563 -0.818125 0.000000
v 0.680027 -0.818125 0.091532
v 0.689997 -0.818124 0.092328
v 0.699918 -0.818095 0.072652
v 0.709116 -0.817688 0.000000
v 0.715302 -0.814439 0.000000
v 0.870945 -0.817186 0.000000
v 0.864074 -0.814333 0.000000
v 0.880111 -0.817731 0.056323
v 0.890029 -0.818079 0.070592
v 0.900003 -0.818123 0.086323
v 0.910000 -0.818125 0.091659
v 0.919991 -0.818133 0.083063
v 0.929869 -0.818246 0.059577
v 0.935926 -0.812616 0.000000
v 0.939056 -0.819005 0.000000
v 1.100884 -0.817688 0.000000
v 1.094698 -0.814439 0.000000
v 1.110082 -0.818095 0.072951
v 1.120004 -0.818124 0.094709
v 1.129999 -0.818125 0.101804
v 1.139973 -0.818125 0.093763
v 1.149580 -0.818125 0.069590
v 1.156474 -0.818127 0.000000
v 0.154059 -0.821852 0.000000
v 0.160124 -0.827513 0.060050
v 0.151013 -0.828297 0.000000
v 0.170007 -0.827426 0.086106
v 0.180000 -0.827422 0.099455
v 0.190000 -0.827422 0.108452
v 0.200000 -0.827422 0.115205
v 0.210000 -0.827422 0.116777
v 0.220000 -0.827422 0.111819
v 0.230000 -0.827422 0.105126
v 0.240000 -0.827422 0.098845
v 0.249999 -0.827424 0.093994
v 0.260000 -0.827445 0.092881
v 0.270000 -0.827445 0.092880
v 0.280001 -0.827425 0.093957
v 0.290000 -0.827422 0.098580
v 0.300000 -0.827422 0.104426
v 0.310000 -0.827422 0.110006
v 0.320000 -0.827422 0.113977
v 0.330000 -0.827422 0.114670
v 0.340000 -0.827422 0.110806
v 0.350000 -0.827422 0.103711
v 0.359997 -0.827421 0.093134
v 0.369950 -0.827396 0.071337
v 0.379599 -0.827049 0.000000
v 0.389338 -0.824363 0.000000
v 0.395967 -0.823093 0.000000
v 0.450368 -0.827419 0.069886
v 0.443101 -0.827384 0.000000
v 0.460025 -0.827422 0.093158
v 0.470001 -0.827422 0.101318
v 0.480000 -0.827423 0.103916
v 0.490000 -0.827422 0.104959
v 0.500000 -0.827422 0.107129
v 0.510000 -0.827422 0.110498
v 0.520000 -0.827422 0.111744
v 0.530000 -0.827422 0.106166
v 0.539996 -0.827421 0.095141
v 0.549917 -0.827392 0.072787
v 0.559116 -0.826985 0.000000
v 0.565301 -0.823740 0.000000
v 0.670419 -0.827422 0.069297
v 0.663526 -0.827424 0.000000
v 0.680026 -0.827422 0.091358
v 0.689976 -0.827422 0.091299
v 0.699629 -0.827419 0.069507
v 0.706856 -0.827379 0.000000
v 0.880661 -0.824365 0.000000
v 0.874033 -0.823093 0.000000
v 0.890388 -0.827088 0.000000
v 0.900048 -0.827400 0.072881
v 0.910003 -0.827421 0.092095
v 0.920000 -0.827422 0.093978
v 0.929991 -0.827431 0.083538
v 0.939900 -0.827535 0.060020
v 0.945988 -0.821895 0.000000
v 0.949480 -0.828194 0.000000
v 1.110371 -0.827419 0.069979
v 1.103144 -0.827381 0.000000
v 1.120025 -0.827422 0.093847
v 1.130000 -0.827422 0.101679
v 1.139975 -0.827422 0.093847
v 1.149629 -0.827425 0.069979
v 1.156857 -0.827462 0.000000
v 0.144718 -0.831169 0.000000
v 0.150479 -0.836820 0.055906
v 0.143759 -0.837303 0.000000
v 0.160033 -0.836726 0.082739
v 0.170001 -0.836719 0.096284
v 0.180000 -0.836719 0.104480
v 0.190000 -0.836719 0.111657
v 0.200000 -0.836719 0.117885
v 0.210000 -0.836719 0.120229
v 0.220000 -0.836719 0.116489
v 0.230000 -0.836719 0.111323
v 0.240000 -0.836719 0.107198
v 0.250000 -0.836719 0.105026
v 0.260000 -0.836720 0.104542
v 0.270000 -0.836720 0.104540
v 0.280000 -0.836719 0.104992
v 0.290000 -0.836719 0.107000
v 0.300000 -0.836719 0.110566
v 0.310000 -0.836719 0.113799
v 0.320000 -0.836719 0.114476
v 0.330000 -0.836719 0.112307
v 0.340000 -0.836719 0.107144
v 0.349999 -0.836719 0.098901
v 0.359972 -0.836715 0.085154
v 0.369585 -0.836645 0.057017
v 0.376711 -0.836108 0.000000
v 0.450368 -0.836721 0.070008
v 0.443104 -0.836757 0.000000
v 0.460025 -0.836719 0.094170
v 0.470001 -0.836719 0.104994
v 0.480000 -0.836719 0.110503
v 0.490000 -0.836719 0.112867
v 0.500000 -0.836719 0.114514
v 0.510000 -0.836719 0.115868
v 0.520000 -0.836719 0.113608
v 0.529999 -0.836719 0.106251
v 0.539975 -0.836719 0.094397
v 0.549629 -0.836716 0.070002
v 0.556857 -0.836678 0.000000
v 0.670371 -0.836721 0.069639
v 0.663143 -0.836759 0.000000
v 0.680024 -0.836719 0.091067
v 0.689973 -0.836719 0.089843
v 0.699578 -0.836714 0.067229
v 0.706455 -0.836663 0.000000
v 0.900371 -0.836712 0.067817
v 0.893117 -0.836636 0.000000
v 0.910025 -0.836719 0.091332
v 0.920001 -0.836719 0.098533
v 0.930000 -0.836719 0.095570
v 0.939994 -0.836726 0.085392
v 0.949941 -0.836794 0.069635
v 0.959242 -0.830517 0.000000
v 0.959594 -0.837098 0.053230
v 0.965383 -0.831717 0.000000
v 0.966713 -0.837412 0.000000
v 1.110420 -0.836719 0.069590
v 1.103526 -0.836717 0.000000
v 1.120027 -0.836719 0.093764
v 1.130001 -0.836719 0.101808
v 1.139996 -0.836720 0.094709
v 1.149918 -0.836749 0.072952
v 1.159116 -0.837156 0.000000
v 0.150429 -0.846016 0.065267
v 0.143602 -0.846016 0.000000
v 0.160028 -0.846016 0.089711
v 0.170001 -0.846016 0.100617
v 0.180000 -0.846016 0.107677
v 0.190000 -0.846016 0.114041
v 0.200000 -0.846016 0.119816
v 0.210000 -0.846016 0.122986
v 0.220000 -0.846016 0.121264
v 0.230000 -0.846016 0.117613
v 0.240000 -0.846016 0.114606
v 0.250000 -0.846016 0.113177
v 0.260000 -0.846016 0.112858
v 0.270000 -0.846016 0.112816
v 0.280000 -0.846016 0.112836
v 0.290000 -0.846016 0.113268
v 0.300000 -0.846016 0.114254
v 0.310000 -0.846016 0.113716
v 0.320000 -0.846016 0.110554
v 0.330000 -0.846016 0.106498
v 0.340000 -0.846016 0.101730
v 0.349996 -0.846014 0.092601
v 0.359915 -0.845980 0.070796
v 0.369107 -0.845538 0.000000
v 0.375362 -0.842324 0.000000
v 0.450082 -0.846046 0.072788
v 0.440883 -0.846453 0.000000
v 0.460004 -0.846017 0.095159
v 0.470000 -0.846016 0.106464
v 0.480000 -0.846016 0.114067
v 0.490000 -0.846016 0.118817
v 0.500000 -0.846016 0.120952
v 0.510000 -0.846016 0.120265
v 0.520000 -0.846016 0.114852
v 0.529999 -0.846016 0.106391
v 0.539973 -0.846016 0.094318
v 0.549581 -0.846016 0.069626
v 0.556474 -0.846014 0.000000
v 0.670082 -0.846046 0.072336
v 0.660880 -0.846453 0.000000
v 0.680003 -0.846017 0.090143
v 0.689969 -0.846012 0.083857
v 0.699531 -0.845945 0.056473
v 0.706245 -0.845433 0.000000
v 0.900466 -0.845943 0.056579
v 0.893716 -0.845432 0.000000
v 0.910031 -0.846012 0.084849
v 0.920001 -0.846016 0.097240
v 0.930000 -0.846016 0.100353
v 0.940000 -0.846016 0.096928
v 0.949996 -0.846020 0.088794
v 0.959950 -0.846062 0.070404
v 0.969599 -0.846392 0.000000
v 1.110423 -0.846016 0.069569
v 1.103563 -0.846016 0.000000
v 1.120027 -0.846016 0.093834
v 1.130001 -0.846016 0.102487
v 1.139999 -0.846016 0.098346
v 1.149969 -0.846020 0.085169
v 1.159534 -0.846086 0.056621
v 1.165305 -0.840405 0.000000
v 1.166282 -0.846600 0.000000
v 0.150479 -0.855212 0.055906
v 0.143759 -0.854728 0.000000
v 0.160033 -0.855305 0.082737
v 0.170001 -0.855312 0.096253
v 0.180000 -0.855313 0.104276
v 0.190000 -0.855313 0.110879
v 0.200000 -0.855313 0.116562
v 0.210000 -0.855313 0.121118
v 0.220000 -0.855313 0.123357
v 0.230000 -0.855313 0.122236
v 0.240000 -0.855313 0.120167
v 0.250000 -0.855313 0.119059
v 0.260000 -0.855313 0.118781
v 0.270000 -0.855313 0.118502
v 0.280000 -0.855313 0.117333
v 0.290000 -0.855313 0.115026
v 0.300000 -0.855313 0.112676
v 0.310000 -0.855313 0.109520
v 0.320000 -0.855313 0.104342
v 0.330000 -0.855312 0.098340
v 0.339998 -0.855309 0.091911
v 0.349970 -0.855285 0.082013
v 0.359573 -0.855206 0.056390
v 0.366665 -0.854686 0.000000
v 0.434700 -0.849698 0.000000
v 0.440471 -0.855379 0.054502
v 0.433775 -0.855841 0.000000
v 0.450031 -0.855316 0.083464
v 0.460001 -0.855313 0.097983
v 0.470000 -0.855313 0.107589
v 0.480000 -0.855313 0.115586
v 0.490000 -0.855313 0.121836
v 0.500000 -0.855313 0.124815
v 0.510000 -0.855313 0.122237
v 0.520000 -0.855313 0.115268
v 0.529999 -0.855313 0.106431
v 0.539973 -0.855313 0.094315
v 0.549577 -0.855313 0.069601
v 0.556437 -0.855312 0.000000
v 0.654640 -0.849705 0.000000
v 0.660417 -0.855386 0.056885
v 0.653334 -0.855935 0.000000
v 0.670028 -0.855316 0.083918
v 0.679997 -0.855311 0.089985
v 0.689917 -0.855282 0.072153
v 0.699115 -0.854873 0.000000
v 0.705302 -0.851626 0.000000
v 0.900898 -0.854835 0.000000
v 0.894696 -0.851623 0.000000
v 0.910085 -0.855277 0.070763
v 0.920004 -0.855310 0.092297
v 0.930000 -0.855312 0.100015
v 0.940000 -0.855313 0.101045
v 0.950000 -0.855313 0.097247
v 0.959997 -0.855316 0.087355
v 0.969971 -0.855360 0.070706
v 0.979338 -0.849075 0.000000
v 0.979889 -0.855707 0.056341
v 0.985967 -0.850344 0.000000
v 0.989059 -0.856250 0.000000
v 1.110423 -0.855313 0.069578
v 1.103563 -0.855313 0.000000
v 1.120027 -0.855313 0.093956
v 1.130001 -0.855313 0.103408
v 1.139999 -0.855313 0.101913
v 1.149975 -0.855313 0.092020
v 1.159627 -0.855320 0.067851
v 1.166838 -0.855407 0.000000
v 0.151013 -0.863734 0.000000
v 0.144718 -0.860862 0.000000
v 0.160125 -0.864517 0.060001
v 0.170007 -0.864604 0.085742
v 0.180000 -0.864609 0.098139
v 0.190000 -0.864609 0.105325
v 0.200000 -0.864609 0.110908
v 0.210000 -0.864609 0.116202
v 0.220000 -0.864609 0.120463
v 0.230000 -0.864609 0.121456
v 0.240000 -0.864609 0.120058
v 0.250000 -0.864609 0.119045
v 0.260000 -0.864609 0.118704
v 0.270000 -0.864609 0.117962
v 0.280000 -0.864609 0.115269
v 0.290000 -0.864609 0.110858
v 0.300000 -0.864609 0.106666
v 0.310000 -0.864609 0.102694
v 0.320000 -0.864608 0.096396
v 0.329995 -0.864602 0.085575
v 0.339962 -0.864533 0.070270
v 0.349885 -0.864213 0.056223
v 0.358992 -0.863672 0.000000
v 0.365341 -0.860855 0.000000
v 0.440471 -0.864543 0.054501
v 0.433775 -0.864081 0.000000
v 0.450031 -0.864606 0.083441
v 0.460001 -0.864609 0.097858
v 0.470000 -0.864609 0.107155
v 0.480000 -0.864609 0.114586
v 0.490000 -0.864609 0.120633
v 0.500000 -0.864609 0.124326
v 0.510000 -0.864609 0.122183
v 0.520000 -0.864609 0.115259
v 0.529999 -0.864609 0.106425
v 0.539973 -0.864609 0.094314
v 0.549577 -0.864609 0.069600
v 0.556435 -0.864609 0.000000
v 0.660085 -0.864644 0.070526
v 0.650898 -0.865087 0.000000
v 0.670003 -0.864611 0.090283
v 0.679975 -0.864609 0.089636
v 0.689627 -0.864602 0.067579
v 0.696838 -0.864515 0.000000
v 0.910427 -0.864503 0.056388
v 0.903335 -0.863983 0.000000
v 0.920030 -0.864581 0.081986
v 0.930002 -0.864607 0.091705
v 0.940000 -0.864609 0.097334
v 0.950000 -0.864609 0.099804
v 0.960000 -0.864609 0.097083
v 0.969999 -0.864612 0.091624
v 0.979992 -0.864638 0.082731
v 0.989901 -0.864725 0.059921
v 0.995988 -0.859087 0.000000
v 0.999484 -0.865382 0.000000
v 1.110420 -0.864609 0.069609
v 1.103526 -0.864611 0.000000
v 1.120027 -0.864609 0.094035
v 1.130001 -0.864609 0.103977
v 1.140000 -0.864609 0.103949
v 1.149996 -0.864610 0.094767
v 1.159918 -0.864640 0.072790
v 1.169120 -0.865049 0.000000
v 0.160831 -0.873422 0.000000
v 0.154060 -0.870176 0.000000
v 0.170081 -0.873851 0.070014
v 0.180005 -0.873902 0.088906
v 0.190000 -0.873906 0.097859
v 0.200000 -0.873906 0.104443
v 0.210000 -0.873906 0.110446
v 0.220000 -0.873906 0.115213
v 0.230000 -0.873906 0.116210
v 0.240000 -0.873906 0.114436
v 0.250000 -0.873906 0.113162
v 0.260000 -0.873906 0.112794
v 0.270000 -0.873906 0.112239
v 0.280000 -0.873906 0.109872
v 0.290000 -0.873906 0.104700
v 0.300000 -0.873906 0.098573
v 0.309999 -0.873904 0.092104
v 0.319992 -0.873878 0.082823
v 0.329901 -0.873791 0.059930
v 0.339484 -0.873134 0.000000
v 0.349326 -0.870809 0.000000
v 0.355961 -0.869575 0.000000
v 0.440885 -0.873467 0.000000
v 0.434700 -0.870224 0.000000
v 0.450083 -0.873875 0.072449
v 0.460004 -0.873905 0.094028
v 0.470000 -0.873906 0.104029
v 0.480000 -0.873906 0.110547
v 0.490000 -0.873906 0.116467
v 0.500000 -0.873906 0.121234
v 0.510000 -0.873906 0.121019
v 0.520000 -0.873906 0.114954
v 0.529999 -0.873906 0.106332
v 0.539973 -0.873906 0.094287
v 0.549577 -0.873906 0.069591
v 0.556435 -0.873906 0.000000
v 0.644696 -0.868299 0.000000
v 0.650466 -0.873978 0.056517
v 0.643716 -0.874490 0.000000
v 0.660031 -0.873910 0.084142
v 0.670000 -0.873906 0.092810
v 0.679969 -0.873902 0.084142
v 0.689534 -0.873834 0.056516
v 0.696282 -0.873322 0.000000
v 0.911008 -0.872969 0.000000
v 0.904659 -0.870152 0.000000
v 0.920114 -0.873512 0.056261
v 0.930029 -0.873859 0.070710
v 0.940003 -0.873903 0.087344
v 0.950000 -0.873905 0.096910
v 0.960000 -0.873906 0.099820
v 0.970000 -0.873906 0.099401
v 0.980000 -0.873907 0.095479
v 0.989995 -0.873913 0.085444
v 0.999963 -0.873982 0.070297
v 1.009331 -0.867706 0.000000
v 1.009920 -0.874294 0.056708
v 1.016028 -0.868924 0.000000
v 1.019486 -0.874737 0.000000
v 1.110371 -0.873909 0.070006
v 1.103140 -0.873947 0.000000
v 1.120025 -0.873906 0.094192
v 1.130001 -0.873906 0.104477
v 1.140000 -0.873906 0.105888
v 1.149999 -0.873906 0.098992
v 1.159971 -0.873910 0.085325
v 1.169583 -0.873980 0.057014
v 1.175360 -0.868299 0.000000
v 1.176666 -0.874528 0.000000
v 0.170409 -0.882823 0.053199
v 0.163329 -0.882499 0.000000
v 0.180059 -0.883128 0.069646
v 0.190005 -0.883197 0.085562
v 0.200000 -0.883203 0.096894
v 0.210000 -0.883203 0.104595
v 0.220000 -0.883203 0.109928
v 0.230000 -0.883203 0.109938
v 0.240000 -0.883203 0.107040
v 0.250000 -0.883203 0.105015
v 0.260000 -0.883202 0.104519
v 0.270000 -0.883202 0.104241
v 0.280000 -0.883202 0.102796
v 0.290000 -0.883202 0.097816
v 0.299997 -0.883200 0.087492
v 0.309971 -0.883156 0.070740
v 0.319889 -0.882809 0.056345
v 0.329059 -0.882265 0.000000
v 0.335988 -0.879428 0.000000
v 0.450373 -0.883175 0.066931
v 0.443162 -0.883104 0.000000
v 0.460026 -0.883201 0.088036
v 0.470001 -0.883203 0.097882
v 0.480000 -0.883203 0.104986
v 0.490000 -0.883203 0.111864
v 0.500000 -0.883203 0.117660
v 0.510000 -0.883203 0.118704
v 0.520000 -0.883203 0.113664
v 0.529999 -0.883203 0.105647
v 0.539973 -0.883203 0.093973
v 0.549577 -0.883203 0.069404
v 0.556434 -0.883200 0.000000
v 0.650371 -0.883210 0.067612
v 0.643117 -0.883286 0.000000
v 0.660025 -0.883203 0.089625
v 0.669997 -0.883202 0.090275
v 0.679915 -0.883169 0.070525
v 0.689102 -0.882725 0.000000
v 0.695304 -0.879514 0.000000
v 0.920662 -0.880144 0.000000
v 0.914038 -0.878874 0.000000
v 0.930401 -0.882826 0.000000
v 0.940050 -0.883154 0.070287
v 0.950003 -0.883179 0.087752
v 0.960000 -0.883201 0.092762
v 0.970000 -0.883203 0.097135
v 0.980000 -0.883203 0.099652
v 0.990000 -0.883203 0.097366
v 0.999999 -0.883207 0.092111
v 1.009996 -0.883230 0.084563
v 1.019963 -0.883282 0.070191
v 1.029331 -0.877006 0.000000
v 1.029920 -0.883591 0.056701
v 1.036028 -0.878221 0.000000
v 1.039486 -0.884034 0.000000
v 1.110079 -0.883234 0.073076
v 1.100813 -0.883642 0.000000
v 1.120004 -0.883204 0.095223
v 1.130000 -0.883203 0.105558
v 1.140000 -0.883203 0.108744
v 1.150000 -0.883203 0.103488
v 1.159996 -0.883204 0.093090
v 1.169915 -0.883238 0.070848
v 1.179102 -0.883681 0.000000
v 0.170758 -0.889405 0.000000
v 0.164621 -0.888204 0.000000
v 0.180519 -0.891731 0.000000
v 0.190090 -0.892418 0.060550
v 0.200006 -0.892496 0.086138
v 0.210000 -0.892500 0.099122
v 0.220000 -0.892500 0.105618
v 0.230000 -0.892500 0.103959
v 0.240000 -0.892500 0.098722
v 0.249999 -0.892498 0.093986
v 0.260000 -0.892477 0.092871
v 0.270000 -0.892475 0.092690
v 0.280000 -0.892475 0.092031
v 0.289997 -0.892474 0.087721
v 0.299950 -0.892451 0.070289
v 0.309599 -0.892123 0.000000
v 0.319338 -0.889441 0.000000
v 0.325967 -0.888171 0.000000
v 0.450456 -0.892125 0.052844
v 0.443716 -0.891833 0.000000
v 0.460053 -0.892454 0.070020
v 0.470004 -0.892498 0.087625
v 0.480000 -0.892500 0.099302
v 0.490000 -0.892500 0.107769
v 0.500000 -0.892500 0.113924
v 0.510000 -0.892500 0.114625
v 0.520000 -0.892500 0.109895
v 0.529999 -0.892500 0.102793
v 0.539972 -0.892500 0.091828
v 0.549574 -0.892494 0.067409
v 0.556417 -0.892446 0.000000
v 0.650048 -0.892522 0.072586
v 0.640392 -0.892834 0.000000
v 0.660002 -0.892501 0.089833
v 0.669972 -0.892496 0.083738
v 0.679582 -0.892425 0.056852
v 0.686666 -0.891878 0.000000
v 0.940403 -0.892076 0.052810
v 0.933287 -0.891802 0.000000
v 0.950027 -0.892156 0.066435
v 0.960002 -0.892458 0.072497
v 0.970000 -0.892498 0.087833
v 0.980000 -0.892500 0.098244
v 0.990000 -0.892500 0.102854
v 1.000000 -0.892500 0.102297
v 1.010000 -0.892501 0.098053
v 1.019999 -0.892504 0.092202
v 1.029996 -0.892527 0.084569
v 1.039963 -0.892579 0.070191
v 1.049331 -0.886302 0.000000
v 1.049921 -0.892888 0.056728
v 1.056031 -0.887517 0.000000
v 1.059530 -0.893317 0.000000
v 1.093989 -0.886912 0.000000
v 1.100088 -0.892582 0.060582
v 1.090472 -0.893255 0.000000
v 1.110006 -0.892504 0.086161
v 1.120000 -0.892500 0.099437
v 1.130000 -0.892500 0.107978
v 1.140000 -0.892500 0.112150
v 1.150000 -0.892500 0.107482
v 1.159999 -0.892500 0.098930
v 1.169969 -0.892504 0.085051
v 1.179531 -0.892572 0.056564
v 1.185301 -0.886893 0.000000
v 1.186244 -0.893082 0.000000
v 0.190813 -0.901358 0.000000
v 0.183993 -0.898087 0.000000
v 0.200079 -0.901766 0.073052
v 0.210004 -0.901796 0.094880
v 0.220000 -0.901797 0.102912
v 0.230000 -0.901797 0.098787
v 0.239998 -0.901794 0.087989
v 0.249977 -0.901754 0.072692
v 0.259998 -0.901455 0.068984
v 0.270000 -0.901407 0.068512
v 0.279999 -0.901404 0.068268
v 0.289973 -0.901402 0.065942
v 0.299597 -0.901369 0.052780
v 0.306713 -0.901099 0.000000
v 0.450751 -0.898741 0.000000
v 0.444675 -0.897507 0.000000
v 0.460405 -0.901424 0.000000
v 0.470051 -0.901771 0.071333
v 0.480003 -0.901796 0.093137
v 0.490000 -0.901797 0.103630
v 0.500000 -0.901797 0.109849
v 0.510000 -0.901797 0.110036
v 0.520000 -0.901797 0.104558
v 0.529999 -0.901797 0.096536
v 0.539967 -0.901790 0.082971
v 0.549521 -0.901696 0.056091
v 0.556242 -0.901210 0.000000
v 0.624620 -0.896793 0.000000
v 0.630745 -0.895554 0.000000
v 0.630408 -0.902174 0.053221
v 0.623332 -0.902501 0.000000
v 0.640050 -0.901842 0.069926
v 0.650003 -0.901799 0.085865
v 0.659996 -0.901796 0.088820
v 0.669915 -0.901762 0.070287
v 0.679106 -0.901319 0.000000
v 0.685359 -0.898104 0.000000
v 0.940715 -0.898344 0.000000
v 0.934614 -0.897451 0.000000
v 0.950065 -0.898903 0.000000
v 0.960037 -0.901507 0.000000
v 0.970003 -0.901778 0.073873
v 0.980000 -0.901796 0.095183
v 0.990000 -0.901797 0.104911
v 1.000000 -0.901797 0.108247
v 1.010000 -0.901797 0.106418
v 1.020000 -0.901797 0.102971
v 1.030000 -0.901798 0.098120
v 1.039999 -0.901800 0.092212
v 1.049996 -0.901823 0.084723
v 1.059967 -0.901873 0.072073
v 1.069959 -0.895386 0.000000
v 1.069997 -0.902139 0.068965
v 1.080041 -0.895383 0.000000
v 1.080003 -0.902139 0.068972
v 1.090033 -0.901870 0.072191
v 1.100004 -0.901803 0.085790
v 1.110000 -0.901797 0.096920
v 1.120000 -0.901797 0.104824
v 1.130000 -0.901797 0.111618
v 1.140000 -0.901797 0.115512
v 1.150000 -0.901797 0.111105
v 1.159999 -0.901797 0.103376
v 1.169972 -0.901797 0.092070
v 1.179575 -0.901802 0.067443
v 1.186417 -0.901851 0.000000
v 0.200371 -0.911091 0.069984
v 0.193140 -0.911053 0.000000
v 0.210025 -0.911094 0.093865
v 0.220001 -0.911094 0.101847
v 0.229997 -0.911093 0.094755
v 0.239954 -0.911072 0.073469
v 0.249656 -0.910774 0.000000
v 0.259970 -0.908215 0.000000
v 0.269998 -0.907818 0.000000
v 0.279997 -0.907780 0.000000
v 0.289937 -0.907762 0.000000
v 0.299285 -0.907603 0.000000
v 0.305386 -0.906745 0.000000
v 0.470414 -0.911021 0.057051
v 0.463289 -0.910483 0.000000
v 0.480028 -0.911090 0.085339
v 0.490001 -0.911094 0.099065
v 0.500000 -0.911094 0.106364
v 0.510000 -0.911094 0.106390
v 0.520000 -0.911094 0.099223
v 0.529992 -0.911089 0.086107
v 0.539876 -0.911003 0.060064
v 0.548987 -0.910219 0.000000
v 0.555282 -0.907347 0.000000
v 0.630084 -0.911149 0.069796
v 0.620898 -0.911575 0.000000
v 0.640005 -0.911097 0.087820
v 0.649999 -0.911094 0.092317
v 0.659971 -0.911090 0.083894
v 0.669582 -0.911019 0.056852
v 0.676666 -0.910472 0.000000
v 0.970036 -0.911123 0.073402
v 0.960539 -0.911509 0.000000
v 0.980001 -0.911095 0.095381
v 0.990000 -0.911094 0.106311
v 1.000000 -0.911094 0.112404
v 1.010000 -0.911094 0.113076
v 1.020000 -0.911094 0.110485
v 1.030000 -0.911094 0.106754
v 1.040000 -0.911094 0.103013
v 1.050000 -0.911095 0.098331
v 1.059999 -0.911097 0.093936
v 1.070000 -0.911117 0.092879
v 1.080000 -0.911117 0.092880
v 1.090001 -0.911097 0.093959
v 1.100000 -0.911094 0.098594
v 1.110000 -0.911094 0.104521
v 1.120000 -0.911094 0.110584
v 1.130000 -0.911094 0.116148
v 1.140000 -0.911094 0.118847
v 1.150000 -0.911094 0.113963
v 1.159999 -0.911094 0.105743
v 1.169973 -0.911094 0.093992
v 1.179577 -0.911094 0.069405
v 1.186434 -0.911096 0.000000
v 0.200419 -0.920391 0.069580
v 0.193526 -0.920389 0.000000
v 0.210027 -0.920391 0.093726
v 0.220000 -0.920391 0.101606
v 0.229975 -0.920391 0.093834
v 0.239632 -0.920389 0.070015
v 0.246903 -0.920362 0.000000
v 0.470880 -0.919953 0.000000
v 0.464637 -0.916702 0.000000
v 0.480082 -0.920360 0.072974
v 0.490004 -0.920390 0.095049
v 0.500000 -0.920391 0.104426
v 0.510000 -0.920391 0.104469
v 0.519996 -0.920390 0.095085
v 0.529921 -0.920360 0.073065
v 0.539183 -0.919951 0.000000
v 0.545941 -0.916664 0.000000
v 0.614696 -0.914783 0.000000
v 0.620466 -0.920463 0.056471
v 0.613718 -0.920975 0.000000
v 0.630031 -0.920395 0.083960
v 0.640001 -0.920391 0.093423
v 0.649996 -0.920389 0.090506
v 0.659915 -0.920355 0.070502
v 0.669106 -0.919913 0.000000
v 0.675359 -0.916698 0.000000
v 0.954652 -0.914778 0.000000
v 0.960446 -0.920460 0.056495
v 0.953754 -0.920970 0.000000
v 0.970029 -0.920394 0.085034
v 0.980001 -0.920391 0.098971
v 0.990000 -0.920391 0.107942
v 1.000000 -0.920391 0.114788
v 1.010000 -0.920391 0.118023
v 1.020000 -0.920391 0.116927
v 1.030000 -0.920391 0.114083
v 1.040000 -0.920391 0.110648
v 1.050000 -0.920391 0.107116
v 1.060000 -0.920391 0.105035
v 1.070000 -0.920391 0.104558
v 1.080000 -0.920391 0.104558
v 1.090000 -0.920391 0.105041
v 1.100000 -0.920391 0.107195
v 1.110000 -0.920391 0.111252
v 1.120000 -0.920391 0.116316
v 1.130000 -0.920391 0.120696
v 1.140000 -0.920391 0.120977
v 1.150000 -0.920391 0.114988
v 1.159999 -0.920391 0.106341
v 1.169973 -0.920391 0.094288
v 1.179577 -0.920391 0.069591
v 1.186435 -0.920391 0.000000
v 0.200423 -0.929687 0.069367
v 0.193564 -0.929685 0.000000
v 0.210027 -0.929688 0.093419
v 0.220000 -0.929688 0.101101
v 0.229973 -0.929688 0.093598
v 0.239581 -0.929687 0.069574
v 0.246476 -0.929686 0.000000
v 0.480371 -0.929685 0.069804
v 0.473144 -0.929644 0.000000
v 0.490025 -0.929687 0.093829
v 0.500001 -0.929688 0.103567
v 0.509999 -0.929688 0.103882
v 0.519975 -0.929687 0.094105
v 0.529629 -0.929685 0.069993
v 0.536860 -0.929647 0.000000
v 0.620373 -0.929695 0.067127
v 0.613159 -0.929782 0.000000
v 0.630025 -0.929688 0.087809
v 0.639999 -0.929684 0.089397
v 0.649970 -0.929659 0.081585
v 0.659573 -0.929581 0.056349
v 0.666665 -0.929061 0.000000
v 0.960427 -0.929686 0.065304
v 0.953602 -0.929687 0.000000
v 0.970028 -0.929687 0.089944
v 0.980001 -0.929688 0.101075
v 0.990000 -0.929688 0.108429
v 1.000000 -0.929688 0.114632
v 1.010000 -0.929688 0.119344
v 1.020000 -0.929688 0.121214
v 1.030000 -0.929688 0.120395
v 1.040000 -0.929688 0.117534
v 1.050000 -0.929688 0.114793
v 1.060000 -0.929688 0.113415
v 1.070000 -0.929688 0.113108
v 1.080000 -0.929688 0.113109
v 1.090000 -0.929688 0.113425
v 1.100000 -0.929688 0.114856
v 1.110000 -0.929688 0.117931
v 1.120000 -0.929688 0.122060
v 1.130000 -0.929688 0.124961
v 1.140000 -0.929688 0.122338
v 1.150000 -0.929688 0.115278
v 1.159999 -0.929688 0.106426
v 1.169973 -0.929688 0.094314
v 1.179577 -0.929688 0.069600
v 1.186435 -0.929688 0.000000
v 0.200426 -0.938979 0.067366
v 0.193584 -0.938930 0.000000
v 0.210028 -0.938983 0.091262
v 0.220000 -0.938984 0.098622
v 0.229973 -0.938984 0.092749
v 0.239577 -0.938984 0.069419
v 0.246437 -0.938984 0.000000
v 0.480422 -0.938979 0.067427
v 0.473545 -0.938928 0.000000
v 0.490027 -0.938984 0.091690
v 0.500001 -0.938984 0.101448
v 0.509999 -0.938984 0.102845
v 0.519973 -0.938984 0.093648
v 0.529580 -0.938984 0.069409
v 0.536473 -0.938980 0.000000
v 0.620079 -0.939015 0.069479
v 0.610818 -0.939426 0.000000
v 0.629999 -0.938979 0.079972
v 0.639962 -0.938908 0.069500
v 0.649885 -0.938588 0.056153
v 0.658992 -0.938047 0.000000
v 0.665341 -0.935230 0.000000
v 0.960479 -0.938883 0.055906
v 0.953759 -0.938400 0.000000
v 0.970034 -0.938976 0.082717
v 0.980001 -0.938984 0.096080
v 0.990000 -0.938984 0.103966
v 1.000000 -0.938984 0.110374
v 1.010000 -0.938984 0.116183
v 1.020000 -0.938984 0.120956
v 1.030000 -0.938984 0.123613
v 1.040000 -0.938984 0.123101
v 1.050000 -0.938984 0.121797
v 1.060000 -0.938984 0.121038
v 1.070000 -0.938984 0.120909
v 1.080000 -0.938984 0.120936
v 1.090000 -0.938984 0.121191
v 1.100000 -0.938984 0.122307
v 1.110000 -0.938984 0.124752
v 1.120000 -0.938984 0.127779
v 1.130000 -0.938984 0.128435
v 1.140000 -0.938984 0.123259
v 1.150000 -0.938984 0.115405
v 1.159999 -0.938984 0.106440
v 1.169973 -0.938984 0.094315
v 1.179577 -0.938984 0.069601
v 1.186437 -0.938984 0.000000
v 0.200479 -0.948177 0.055968
v 0.193758 -0.947694 0.000000
v 0.210033 -0.948253 0.081793
v 0.220001 -0.948278 0.090564
v 0.229973 -0.948280 0.089519
v 0.239577 -0.948280 0.068699
v 0.246434 -0.948279 0.000000
v 0.480479 -0.948180 0.056088
v 0.473756 -0.947694 0.000000
v 0.490034 -0.948273 0.082887
v 0.500001 -0.948281 0.095666
v 0.509999 -0.948281 0.099574
v 0.519972 -0.948281 0.091584
v 0.529575 -0.948277 0.067411
v 0.536418 -0.948227 0.000000
v 0.604055 -0.942711 0.000000
v 0.610120 -0.948372 0.057698
v 0.600946 -0.949159 0.000000
v 0.619999 -0.948277 0.073297
v 0.629901 -0.948169 0.058453
v 0.639484 -0.947509 0.000000
v 0.649326 -0.945184 0.000000
v 0.655961 -0.943950 0.000000
v 0.961014 -0.947403 0.000000
v 0.954718 -0.944534 0.000000
v 0.970134 -0.948160 0.059543
v 0.980009 -0.948273 0.083831
v 0.990000 -0.948281 0.096711
v 1.000000 -0.948281 0.104623
v 1.010000 -0.948281 0.111163
v 1.020000 -0.948281 0.116741
v 1.030000 -0.948281 0.121405
v 1.040000 -0.948281 0.124724
v 1.050000 -0.948281 0.126585
v 1.060000 -0.948281 0.127532
v 1.070000 -0.948281 0.128177
v 1.080000 -0.948281 0.128484
v 1.090000 -0.948281 0.128836
v 1.100000 -0.948281 0.129794
v 1.110000 -0.948281 0.131679
v 1.120000 -0.948281 0.133034
v 1.130000 -0.948281 0.130436
v 1.140000 -0.948281 0.123624
v 1.150000 -0.948281 0.115441
v 1.159999 -0.948281 0.106444
v 1.169973 -0.948281 0.094321
v 1.179581 -0.948281 0.069627
v 1.186474 -0.948283 0.000000
v 0.201012 -0.956641 0.000000
v 0.194718 -0.953826 0.000000
v 0.210115 -0.957181 0.056174
v 0.220037 -0.957499 0.069571
v 0.229977 -0.957549 0.079316
v 0.239575 -0.957550 0.065034
v 0.246417 -0.957519 0.000000
v 0.481014 -0.956700 0.000000
v 0.474718 -0.953831 0.000000
v 0.490134 -0.957457 0.059525
v 0.500009 -0.957570 0.083349
v 0.509999 -0.957578 0.092449
v 0.519969 -0.957574 0.084188
v 0.529532 -0.957507 0.056509
v 0.536244 -0.956996 0.000000
v 0.594074 -0.952069 0.000000
v 0.600130 -0.957699 0.057249
v 0.590947 -0.958459 0.000000
v 0.610000 -0.957577 0.071500
v 0.619870 -0.957457 0.057397
v 0.629056 -0.956699 0.000000
v 0.635988 -0.953808 0.000000
v 0.970946 -0.956701 0.000000
v 0.964079 -0.953791 0.000000
v 0.980121 -0.957486 0.060102
v 0.990007 -0.957573 0.085775
v 1.000000 -0.957578 0.098162
v 1.010000 -0.957578 0.105345
v 1.020000 -0.957578 0.110928
v 1.030000 -0.957578 0.116338
v 1.040000 -0.957578 0.121549
v 1.050000 -0.957578 0.126217
v 1.060000 -0.957578 0.130218
v 1.070000 -0.957578 0.133138
v 1.080000 -0.957578 0.134849
v 1.090000 -0.957578 0.136089
v 1.100000 -0.957578 0.137198
v 1.110000 -0.957578 0.138402
v 1.120000 -0.957578 0.137321
v 1.130000 -0.957578 0.131658
v 1.140000 -0.957578 0.123813
v 1.150000 -0.957578 0.115483
v 1.159999 -0.957578 0.106489
v 1.169975 -0.957578 0.094423
v 1.179629 -0.957581 0.070017
v 1.186857 -0.957619 0.000000
v 0.210674 -0.963774 0.000000
v 0.204039 -0.962543 0.000000
v 0.220513 -0.966040 0.000000
v 0.230048 -0.966437 0.053733
v 0.239547 -0.966447 0.050479
v 0.246245 -0.966205 0.000000
v 0.490946 -0.965998 0.000000
v 0.484079 -0.963087 0.000000
v 0.500121 -0.966784 0.059552
v 0.510004 -0.966869 0.080526
v 0.519921 -0.966845 0.070363
v 0.529147 -0.966439 0.000000
v 0.535304 -0.963189 0.000000
v 0.584074 -0.961366 0.000000
v 0.590130 -0.966996 0.057248
v 0.580947 -0.967756 0.000000
v 0.600000 -0.966875 0.071474
v 0.609870 -0.966754 0.057249
v 0.619053 -0.965994 0.000000
v 0.625926 -0.963087 0.000000
v 0.980831 -0.966391 0.000000
v 0.974056 -0.963145 0.000000
v 0.990081 -0.966820 0.070015
v 1.000005 -0.966870 0.088907
v 1.010000 -0.966875 0.097858
v 1.020000 -0.966875 0.104435
v 1.030000 -0.966875 0.110518
v 1.040000 -0.966875 0.116294
v 1.050000 -0.966875 0.121839
v 1.060000 -0.966875 0.127202
v 1.070000 -0.966875 0.132207
v 1.080000 -0.966875 0.136751
v 1.090000 -0.966875 0.140579
v 1.100000 -0.966875 0.142892
v 1.110000 -0.966875 0.143588
v 1.120000 -0.966875 0.139642
v 1.130000 -0.966875 0.132254
v 1.140000 -0.966875 0.124054
v 1.150000 -0.966875 0.115740
v 1.160000 -0.966875 0.106879
v 1.169996 -0.966876 0.095349
v 1.179918 -0.966905 0.072996
v 1.189116 -0.967312 0.000000
v 0.230563 -0.972662 0.000000
v 0.223964 -0.971802 0.000000
v 0.239338 -0.972664 0.000000
v 0.245328 -0.971823 0.000000
v 0.500817 -0.975730 0.000000
v 0.494054 -0.972445 0.000000
v 0.510057 -0.976141 0.067299
v 0.519688 -0.976170 0.065153
v 0.527324 -0.976160 0.000000
v 0.574074 -0.970663 0.000000
v 0.580130 -0.976292 0.057202
v 0.570944 -0.977051 0.000000
v 0.590000 -0.976172 0.071471
v 0.599870 -0.976051 0.057248
v 0.609053 -0.975291 0.000000
v 0.615926 -0.972384 0.000000
v 0.990409 -0.975792 0.053199
v 0.983329 -0.975467 0.000000
v 1.000059 -0.976096 0.069644
v 1.010006 -0.976165 0.085527
v 1.020000 -0.976172 0.096657
v 1.030000 -0.976172 0.104213
v 1.040000 -0.976172 0.110497
v 1.050000 -0.976172 0.116321
v 1.060000 -0.976172 0.121969
v 1.070000 -0.976172 0.127538
v 1.080000 -0.976172 0.133070
v 1.090000 -0.976172 0.138426
v 1.100000 -0.976172 0.142801
v 1.110000 -0.976172 0.144627
v 1.120000 -0.976172 0.140530
v 1.130000 -0.976172 0.133060
v 1.140000 -0.976172 0.124963
v 1.150000 -0.976172 0.116888
v 1.160000 -0.976172 0.108610
v 1.169999 -0.976172 0.099283
v 1.179969 -0.976176 0.085247
v 1.189531 -0.976243 0.056599
v 1.195302 -0.970562 0.000000
v 1.196244 -0.976754 0.000000
v 0.510371 -0.985442 0.062655
v 0.503158 -0.985369 0.000000
v 0.519982 -0.985487 0.064770
v 0.529687 -0.985785 0.000000
v 0.564009 -0.979941 0.000000
v 0.570096 -0.985577 0.055373
v 0.560473 -0.986226 0.000000
v 0.580000 -0.985449 0.070948
v 0.589870 -0.985345 0.057192
v 0.599053 -0.984588 0.000000
v 0.605926 -0.981681 0.000000
v 0.990758 -0.982374 0.000000
v 0.984621 -0.981173 0.000000
v 1.000520 -0.984697 0.000000
v 1.010100 -0.985356 0.060042
v 1.020009 -0.985460 0.083851
v 1.030000 -0.985468 0.096505
v 1.040000 -0.985469 0.104206
v 1.050000 -0.985469 0.110498
v 1.060000 -0.985469 0.116330
v 1.070000 -0.985469 0.121997
v 1.080000 -0.985469 0.127623
v 1.090000 -0.985469 0.133135
v 1.100000 -0.985469 0.137928
v 1.110000 -0.985469 0.140807
v 1.120000 -0.985469 0.139824
v 1.130000 -0.985469 0.134346
v 1.140000 -0.985469 0.126929
v 1.150000 -0.985469 0.119294
v 1.160000 -0.985469 0.111635
v 1.169999 -0.985469 0.103432
v 1.179973 -0.985469 0.092081
v 1.189575 -0.985473 0.067444
v 1.196417 -0.985523 0.000000
v 0.510456 -0.994391 0.051741
v 0.503716 -0.994099 0.000000
v 0.520050 -0.994721 0.062900
v 0.529982 -0.994806 0.064679
v 0.539973 -0.988311 0.000000
v 0.539998 -0.995104 0.065526
v 0.550042 -0.988350 0.000000
v 0.550002 -0.995104 0.063500
v 0.560028 -0.994813 0.062206
v 0.569967 -0.994693 0.061208
v 0.579889 -0.994369 0.054320
v 0.589055 -0.993827 0.000000
v 0.595926 -0.990974 0.000000
v 1.010944 -0.993886 0.000000
v 1.004012 -0.990995 0.000000
v 1.020130 -0.994644 0.059644
v 1.030010 -0.994757 0.083828
v 1.040000 -0.994765 0.096505
v 1.050000 -0.994766 0.104206
v 1.060000 -0.994766 0.110498
v 1.070000 -0.994766 0.116326
v 1.080000 -0.994766 0.121933
v 1.090000 -0.994766 0.127142
v 1.100000 -0.994766 0.131389
v 1.110000 -0.994766 0.134948
v 1.120000 -0.994766 0.137154
v 1.130000 -0.994766 0.135320
v 1.140000 -0.994766 0.129365
v 1.150000 -0.994766 0.122068
v 1.160000 -0.994766 0.114366
v 1.169999 -0.994766 0.105770
v 1.179973 -0.994766 0.093993
v 1.189577 -0.994766 0.069405
v 1.196434 -0.994768 0.000000
v 0.510751 -1.001006 0.000000
v 0.504675 -0.999773 0.000000
v 0.520405 -1.003686 0.000000
v 0.530049 -1.004016 0.065066
v 0.539998 -1.004055 0.074813
v 0.549963 -1.004007 0.064545
v 0.559921 -1.003678 0.052902
v 0.569486 -1.003232 0.000000
v 0.579326 -1.000962 0.000000
v 0.585966 -0.999731 0.000000
v 1.020947 -1.003182 0.000000
v 1.014074 -1.000275 0.000000
v 1.030131 -1.003941 0.059643
v 1.040010 -1.004053 0.083828
v 1.050000 -1.004062 0.096505
v 1.060000 -1.004063 0.104205
v 1.070000 -1.004063 0.110478
v 1.080000 -1.004063 0.116122
v 1.090000 -1.004063 0.120883
v 1.100000 -1.004063 0.124622
v 1.110000 -1.004063 0.128615
v 1.120000 -1.004063 0.132735
v 1.130000 -1.004063 0.134379
v 1.140000 -1.004063 0.130502
v 1.150000 -1.004063 0.123364
v 1.160000 -1.004063 0.115284
v 1.169999 -1.004063 0.106361
v 1.179973 -1.004063 0.094289
v 1.189577 -1.004063 0.069591
v 1.196435 -1.004063 0.000000
v 0.530398 -1.012930 0.050559
v 0.523287 -1.012661 0.000000
v 0.539950 -1.012922 0.053249
v 0.549487 -1.012526 0.000000
v 0.559331 -1.010260 0.000000
v 0.566028 -1.009045 0.000000
v 1.030947 -1.012479 0.000000
v 1.024074 -1.009572 0.000000
v 1.040130 -1.013238 0.059643
v 1.050010 -1.013350 0.083828
v 1.060000 -1.013359 0.096499
v 1.070000 -1.013359 0.104128
v 1.080000 -1.013359 0.109902
v 1.090000 -1.013359 0.114088
v 1.100000 -1.013359 0.117867
v 1.110000 -1.013359 0.122360
v 1.120000 -1.013359 0.127050
v 1.130000 -1.013359 0.130051
v 1.140000 -1.013359 0.129091
v 1.150000 -1.013359 0.123288
v 1.160000 -1.013359 0.115384
v 1.169999 -1.013359 0.106429
v 1.179973 -1.013359 0.094313
v 1.189577 -1.013359 0.069600
v 1.196435 -1.013359 0.000000
v 0.530657 -1.019148 0.000000
v 0.524610 -1.018306 0.000000
v 0.539437 -1.019147 0.000000
v 0.546036 -1.018286 0.000000
v 1.040947 -1.021775 0.000000
v 1.034074 -1.018869 0.000000
v 1.050130 -1.022535 0.059642
v 1.060010 -1.022647 0.083805
v 1.070000 -1.022655 0.096243
v 1.080000 -1.022656 0.102722
v 1.090000 -1.022656 0.106830
v 1.100000 -1.022656 0.111262
v 1.110000 -1.022656 0.116353
v 1.120000 -1.022656 0.120888
v 1.130000 -1.022656 0.124149
v 1.140000 -1.022656 0.125513
v 1.150000 -1.022656 0.122103
v 1.160000 -1.022656 0.115094
v 1.169999 -1.022656 0.106342
v 1.179973 -1.022656 0.094288
v 1.189577 -1.022656 0.069591
v 1.196435 -1.022656 0.000000
v 1.050947 -1.031072 0.000000
v 1.044074 -1.028165 0.000000
v 1.060131 -1.031829 0.059527
v 1.070009 -1.031924 0.082800
v 1.080001 -1.031951 0.092105
v 1.090000 -1.031953 0.098585
v 1.100000 -1.031953 0.104766
v 1.110000 -1.031953 0.110304
v 1.120000 -1.031953 0.114179
v 1.130000 -1.031953 0.117550
v 1.140000 -1.031953 0.120200
v 1.150000 -1.031953 0.119277
v 1.160000 -1.031953 0.113734
v 1.169999 -1.031953 0.105652
v 1.179973 -1.031953 0.093974
v 1.189577 -1.031953 0.069404
v 1.196434 -1.031950 0.000000
v 1.060945 -1.040311 0.000000
v 1.054074 -1.037458 0.000000
v 1.070111 -1.040856 0.056344
v 1.080029 -1.041203 0.070740
v 1.090003 -1.041247 0.087496
v 1.100000 -1.041249 0.097876
v 1.110000 -1.041250 0.103340
v 1.120000 -1.041250 0.106868
v 1.130000 -1.041250 0.110589
v 1.140000 -1.041250 0.113623
v 1.150000 -1.041250 0.114216
v 1.160000 -1.041250 0.109808
v 1.169999 -1.041250 0.102785
v 1.179973 -1.041250 0.091828
v 1.189574 -1.041244 0.067409
v 1.196417 -1.041196 0.000000
v 1.070662 -1.047488 0.000000
v 1.064033 -1.046218 0.000000
v 1.080401 -1.050170 0.000000
v 1.090050 -1.050498 0.070296
v 1.100003 -1.050523 0.087848
v 1.110001 -1.050543 0.093222
v 1.120000 -1.050546 0.098269
v 1.130000 -1.050547 0.102987
v 1.140000 -1.050547 0.106440
v 1.150000 -1.050547 0.108161
v 1.160000 -1.050547 0.104156
v 1.169999 -1.050547 0.096493
v 1.179967 -1.050540 0.082968
v 1.189521 -1.050446 0.056091
v 1.196242 -1.049960 0.000000
v 1.090403 -1.059420 0.052809
v 1.083287 -1.059146 0.000000
v 1.100030 -1.059497 0.066385
v 1.110034 -1.059767 0.071846
v 1.120004 -1.059817 0.084713
v 1.130001 -1.059840 0.092212
v 1.140000 -1.059844 0.098043
v 1.150000 -1.059844 0.101688
v 1.160000 -1.059844 0.098109
v 1.169993 -1.059839 0.085975
v 1.179876 -1.059753 0.060055
v 1.188987 -1.058969 0.000000
v 1.195282 -1.056097 0.000000
v 1.090717 -1.065686 0.000000
v 1.084614 -1.064794 0.000000
v 1.100107 -1.066201 0.000000
v 1.110473 -1.068322 0.000000
v 1.120079 -1.068753 0.056734
v 1.130037 -1.069065 0.070292
v 1.140005 -1.069134 0.085358
v 1.150000 -1.069140 0.094464
v 1.159996 -1.069140 0.092565
v 1.169921 -1.069110 0.072738
v 1.179183 -1.068701 0.000000
v 1.185941 -1.065414 0.000000
v 1.120669 -1.075341 0.000000
v 1.113969 -1.074124 0.000000
v 1.130516 -1.077665 0.000000
v 1.140100 -1.078325 0.059944
v 1.150008 -1.078429 0.082649
v 1.159976 -1.078436 0.088088
v 1.169629 -1.078434 0.068948
v 1.176859 -1.078394 0.000000
v 1.140944 -1.086855 0.000000
v 1.134012 -1.083964 0.000000
v 1.150130 -1.087610 0.058957
v 1.159982 -1.087703 0.077595
v 1.169579 -1.087706 0.064915
v 1.176455 -1.087673 0.000000
v 1.150944 -1.096088 0.000000
v 1.144074 -1.093239 0.000000
v 1.160079 -1.096584 0.053333
v 1.169549 -1.096603 0.050457
v 1.176247 -1.096362 0.000000
v 1.160568 -1.102817 0.000000
v 1.154026 -1.101941 0.000000
v 1.169338 -1.102820 0.000000
v 1.175329 -1.101980 0.000000
f 2783 2855 2856 2784
f 2690 2763 2764 2691
f 2786 2858 2859 2787
f 5167 5222 5223 5168
f 1329 1412 1413 1330
f 5626 5651 5652 5627
f 5766 5772 5773 5767
f 5029 5093 5094 5030
f 27 50 52 29
f 5352 5400 5401 5353
f 413 453 454 414
f 649 684 685 650
f 34 57 58 35
f 1688 1754 1755 1690
f 5659 5681 5682 5660
f 2795 2869 2870 2796
f 3084 3148 3150 3086
f 365 409 410 366
f 5094 5161 5162 5095
f 5757 5766 5767 5758
f 4258 4321 4322 4259
f 14 32 33 16
f 16 33 34 18
f 83 105 106 84
f 5710 5725 5726 5711
f 2779 2851 2852 2780
f 2081 2144 2145 2082
f 5769 5776 5775 5771
f 5602 5632 5633 5603
f 38 39 41 40
f 284 340 341 285
f 3244 3311 3312 3245
f 3942 3994 3993 3941
f 1321 1404 1405 1322
f 229 232 231 230
f 52 71 72 53
f 131 157 158 132
f 5726 5739 5740 5727
f 1590 1665 1666 1591
f 2833 2909 2910 2834
f 5713 5728 5729 5714
f 2730 2805 2806 2732
f 5103 5168 5169 5104
f 59 78 79 60
f 5754 5763 5764 5755
f 4337 4402 4403 4338
f 5416 5460 5462 5417
f 22 36 37 24
f 60 79 80 61
f 5743 5756 5757 5744
f 2693 2766 2768 2695
f 5692 5708 5709 5693
f 2817 2890 2891 2818
f 15 16 18 17
f 2777 2849 2850 2778
f 5765 5771 5772 5766
f 31 54 55 32
f 4202 4257 4258 4203
f 1541 1621 1622 1542
f 137 138 140 115
f 4289 4358 4359 4290
f 55 74 75 56
f 5701 5717 5718 5702
f 77 99 100 78
f 36 59 60 37
f 2996 3062 3063 2997
f 3943 3995 3996 3944
f 4746 4811 4812 4747
f 261 301 302 262
f 84 106 107 85
f 5658 5680 5681 5659
f 2899 2902 2901 2900
f 87 88 90 89
f 32 55 56 33
f 478 524 525 479
f 3055 3123 3125 3057
f 2809 2882 2883 2810
f 4281 4349 4350 4282
f 5480 5520 5519 5482
f 54 73 74 55
f 72 94 95 73
f 685 720 721 686
f 511 553 554 512
f 79 101 102 80
f 99 123 124 100
f 5745 5758 5759 5746
f 78 100 101 79
f 63 82 83 64
f 2972 3039 3040 2971
f 5078 5144 5145 5079
f 219 253 254 220
f 18 34 35 20
f 4273 4340 4341 4274
f 109 133 134 110
f 2811 2884 2885 2812
f 39 61 62 41
f 88 109 110 90
f 5661 5683 5684 5662
f 337 387 388 338
f 333 383 384 334
f 116 142 143 117
f 5737 5750 5749 5736
f 94 118 119 95
f 80 102 103 81
f 3984 4033 4035 3986
f 10 29 30 9
f 186 221 222 187
f 2762 2835 2836 2763
f 5568 5602 5603 5569
f 86 108 109 88
f 5734 5747 5748 5735
f 56 75 76 57
f 2800 2874 2875 2801
f 829 868 869 830
f 5778 5782 5783 5779
f 167 204 205 169
f 5656 5678 5679 5657
f 62 81 82 63
f 92 114 116 91
f 5767 5773 5774 5768
f 3383 3444 3445 3384
f 315 316 318 317
f 5144 5201 5202 5145
f 2746 2820 2821 2747
f 5698 5714 5715 5699
f 1322 1405 1406 1323
f 177 212 213 178
f 1305 1390 1392 1307
f 2859 2935 2936 2860
f 3028 3095 3096 3029
f 154 188 189 155
f 3852 3904 3905 3851
f 949 1009 1010 950
f 44 45 47 46
f 125 151 152 126
f 118 144 145 119
f 95 119 120 96
f 136 139 138 137
f 981 1060 1061 982
f 347 393 394 348
f 4713 4775 4776 4714
f 4297 4364 4363 4296
f 5664 5686 5687 5665
f 166 167 169 168
f 127 153 154 128
f 168 169 171 170
f 3853 3906 3907 3854
f 729 762 764 728
f 2921 2996 2997 2922
f 263 266 265 264
f 5690 5705 5707 5691
f 2843 2919 2920 2844
f 76 98 99 77
f 3012 3079 3080 3013
f 2105 2168 2169 2106
f 53 72 73 54
f 152 186 187 153
f 5160 5215 5216 5161
f 172 207 208 173
f 151 185 186 152
f 3269 3336 3337 3270
f 2483 2569 2568 2482
f 2794 2868 2867 2793
f 149 183 184 150
f 150 184 185 151
f 143 177 178 144
f 144 178 179 145
f 725 759 760 726
f 259 299 300 260
f 1681 1744 1745 1682
f 271 327 328 272
f 123 149 150 124
f 142 176 177 143
f 103 127 128 104
f 120 146 147 121
f 520 559 561 521
f 1369 1452 1453 1370
f 203 237 238 204
f 4329 4392 4394 4328
f 50 69 71 52
f 126 152 153 127
f 2770 2842 2843 2771
f 4234 4293 4294 4235
f 181 216 217 182
f 70 92 91 69
f 124 150 151 125
f 5709 5724 5725 5710
f 2742 2816 2817 2743
f 411 451 452 412
f 1489 1569 1570 1490
f 212 246 247 213
f 173 208 209 174
f 182 217 218 183
f 175 210 211 176
f 3068 3134 3133 3069
f 2190 2256 2255 2189
f 145 179 180 146
f 549 598 599 550
f 4321 4387 4388 4322
f 5672 5688 5690 5673
f 3043 3109 3110 3044
f 199 233 234 198
f 176 211 212 177
f 5381 5383 5382 5335
f 242 282 283 243
f 1417 1497 1498 1418
f 367 411 412 368
f 5777 5780 5782 5778
f 1410 1490 1491 1411
f 108 132 133 109
f 208 242 243 209
f 4542 4608 4609 4543
f 1229 1316 1318 1231
f 267 268 270 269
f 215 249 250 216
f 3052 3118 3119 3053
f 90 110 112 111
f 35 58 59 36
f 224 258 259 225
f 207 241 242 208
f 1711 1714 1713 1712
f 475 521 522 476
f 693 694 697 696
f 4305 4370 4372 4371
f 205 239 240 206
f 214 248 249 215
f 183 218 219 184
f 216 250 251 217
f 1071 1164 1165 1072
f 689 724 725 690
f 3489 3551 3552 3490
f 252 292 293 253
f 269 270 271 232
f 206 240 241 207
f 119 145 146 120
f 184 219 220 185
f 4230 4287 4289 4229
f 322 372 373 323
f 330 380 381 331
f 2842 2918 2919 2843
f 19 20 22 21
f 190 225 226 191
f 5742 5755 5756 5743
f 128 154 155 129
f 1134 1135 1136 1043
f 1373 1456 1457 1374
f 2881 2956 2957 2882
f 439 477 478 440
f 245 285 286 246
f 231 272 273 233
f 5775 5781 5780 5777
f 733 768 769 734
f 237 277 278 238
f 276 332 333 277
f 5711 5726 5727 5712
f 809 848 849 810
f 213 247 248 214
f 2874 2949 2950 2875
f 3087 3151 3152 3088
f 587 588 590 589
f 2248 2317 2318 2249
f 2834 2910 2911 2835
f 1354 1436 1437 1355
f 311 312 314 313
f 240 280 281 241
f 5128 5189 5191 5130
f 377 421 422 378
f 283 339 340 284
f 156 190 191 157
f 5680 5697 5698 5681
f 2947 3020 3021 2948
f 303 306 305 304
f 3228 3294 3295 3229
f 4568 4632 4633 4570
f 306 363 364 305
f 122 148 149 123
f 5718 5733 5734 5719
f 75 97 98 76
f 246 286 287 247
f 239 279 280 240
f 4330 4395 4396 4331
f 1984 2061 2063 1986
f 1509 1587 1588 1510
f 797 837 838 799
f 5643 5668 5669 5644
f 309 310 312 311
f 278 334 335 279
f 2810 2883 2884 2811
f 280 336 337 281
f 4503 4571 4573 4505
f 619 659 660 620
f 2905 2980 2982 2907
f 2378 2444 2443 2380
f 285 341 342 286
f 180 215 216 181
f 272 328 329 273
f 1385 1468 1469 1386
f 2157 2218 2219 2158
f 316 369 370 318
f 2931 3004 3005 2932
f 248 288 289 249
f 523 563 564 524
f 4409 4472 4473 4410
f 294 350 351 295
f 4274 4341 4342 4275
f 1409 1489 1490 1410
f 331 381 382 332
f 599 640 641 600
f 51 70 69 50
f 286 342 343 287
f 279 335 336 280
f 3124 3192 3191 3123
f 1885 1923 1924 1886
f 421 461 462 422
f 2969 2972 2971 2970
f 4369 4432 4433 4370
f 301 357 358 302
f 254 294 295 255
f 359 362 361 360
f 360 361 363 306
f 589 590 592 591
f 65 84 85 66
f 869 914 915 870
f 2997 3063 3065 3064
f 370 414 415 371
f 2889 2964 2965 2890
f 356 402 403 357
f 293 349 350 294
f 230 231 233 199
f 164 203 204 167
f 328 378 379 329
f 4445 4513 4514 4446
f 1853 1890 1891 1854
f 363 407 408 364
f 2289 2357 2358 2290
f 317 318 320 319
f 763 797 799 762
f 4133 4184 4185 4134
f 138 173 174 140
f 671 712 713 672
f 42 43 45 44
f 2987 3053 3054 2988
f 335 385 386 336
f 3108 3177 3178 3109
f 2829 2905 2907 2831
f 705 739 740 706
f 925 985 986 926
f 2209 2274 2275 2210
f 107 131 132 108
f 326 376 377 327
f 327 377 378 328
f 352 398 399 353
f 1269 1354 1355 1270
f 450 499 501 451
f 170 171 172 139
f 388 432 433 389
f 349 395 396 350
f 366 410 411 367
f 287 343 344 288
f 336 386 387 337
f 4239 4296 4298 4240
f 2029 2030 2032 2031
f 307 308 310 309
f 2914 2989 2991 2916
f 247 287 288 248
f 790 826 827 791
f 875 876 877 835
f 429 469 470 430
f 743 778 779 744
f 373 417 418 374
f 3035 3038 3037 3036
f 220 254 255 221
f 312 367 368 314
f 5181 5230 5231 5182
f 329 379 380 330
f 989 1068 1069 990
f 375 419 420 376
f 256 296 297 257
f 1918 1955 1956 1919
f 434 472 474 436
f 1377 1460 1461 1378
f 2906 2981 2980 2905
f 91 116 117 93
f 382 426 427 383
f 399 441 442 400
f 3236 3237 3240 3239
f 3310 3372 3373 3311
f 2117 2181 2182 2118
f 427 467 468 428
f 3194 3265 3266 3195
f 397 439 440 398
f 374 418 419 375
f 204 238 239 205
f 384 428 429 385
f 3022 3090 3091 3023
f 899 945 946 900
f 2993 3059 3060 2994
f 4377 4439 4440 4378
f 381 425 426 382
f 334 384 385 335
f 1061 1154 1155 1062
f 1425 1505 1506 1426
f 807 846 847 808
f 357 403 404 358
f 1386 1469 1470 1387
f 415 455 456 416
f 416 456 457 417
f 1758 1803 1804 1759
f 819 858 859 820
f 2945 3018 3019 2946
f 2137 2201 2202 2138
f 277 333 334 278
f 5688 5706 5705 5690
f 3019 3087 3088 3020
f 158 192 193 159
f 451 501 502 452
f 37 60 61 39
f 407 448 447 408
f 5702 5718 5719 5703
f 1521 1522 1524 1443
f 2937 3010 3011 2938
f 460 510 511 461
f 5346 5394 5395 5347
f 422 462 463 423
f 383 427 428 384
f 3148 3216 3218 3150
f 5398 5444 5445 5399
f 955 1031 1033 957
f 1125 1224 1225 1126
f 2954 3024 3026 2955
f 4436 4504 4503 4435
f 486 487 490 489
f 2850 2926 2927 2851
f 440 478 479 441
f 4102 4157 4158 4104
f 305 364 365 308
f 799 838 839 800
f 424 464 465 425
f 498 539 541 540
f 2929 3002 3003 2930
f 879 925 926 880
f 1772 1813 1815 1814
f 3003 3070 3071 3004
f 260 300 301 261
f 400 442 443 401
f 2215 2281 2282 2216
f 2389 2453 2455 2391
f 531 533 532 488
f 226 260 261 227
f 4306 4373 4375 4308
f 495 496 498 497
f 1035 1125 1126 1036
f 4401 4464 4465 4402
f 462 512 513 463
f 3212 3279 3280 3213
f 721 755 756 722
f 1205 1292 1293 1206
f 395 437 438 396
f 454 504 505 455
f 479 525 526 480
f 472 518 520 474
f 1943 1986 1987 1944
f 586 629 630 588
f 218 252 253 219
f 524 564 565 525
f 437 475 476 438
f 430 470 471 431
f 244 284 285 245
f 496 538 539 498
f 663 704 705 664
f 2525 2610 2611 2526
f 403 445 446 404
f 350 396 397 351
f 3188 3259 3260 3189
f 4822 4886 4887 4823
f 1083 1174 1175 1084
f 2953 3025 3024 2954
f 4393 4454 4456 4392
f 3001 3068 3069 3002
f 198 234 235 201
f 503 545 546 504
f 512 554 555 513
f 713 747 748 714
f 171 206 207 172
f 935 995 996 936
f 5717 5732 5733 5718
f 487 534 535 490
f 504 546 547 505
f 46 47 49 48
f 562 609 610 563
f 1277 1362 1363 1278
f 501 542 544 502
f 533 571 573 532
f 455 505 506 456
f 2919 2994 2995 2920
f 1393 1476 1477 1394
f 1138 1234 1235 1140
f 391 435 434 393
f 2661 2736 2737 2662
f 555 604 605 556
f 4385 4447 4448 4386
f 581 582 584 583
f 5093 5160 5161 5094
f 255 295 296 256
f 480 526 527 481
f 5391 5436 5438 5392
f 1171 1265 1266 1172
f 258 298 299 259
f 408 447 449 409
f 5758 5767 5768 5759
f 1184 1185 1187 1186
f 1457 1539 1540 1458
f 1349 1431 1432 1350
f 572 618 617 571
f 541 580 582 581
f 1490 1570 1571 1491
f 5158 5213 5214 5159
f 304 305 308 307
f 2994 3060 3061 2995
f 2985 3051 3052 2986
f 509 551 552 510
f 3691 3745 3746 3692
f 4030 4080 4081 4031
f 8 9 12 11
f 816 855 856 817
f 1067 1160 1161 1068
f 603 644 645 604
f 991 1070 1071 992
f 3387 3448 3449 3388
f 5183 5232 5233 5184
f 1473 1555 1557 1475
f 2986 3052 3053 2987
f 510 552 553 511
f 4474 4475 4476 4412
f 1549 1629 1630 1550
f 697 731 732 698
f 445 483 484 446
f 3753 3812 3813 3754
f 900 946 947 901
f 3820 3874 3876 3875
f 5255 5302 5303 5256
f 626 666 667 627
f 2977 3043 3044 2978
f 620 660 661 621
f 3115 3184 3185 3116
f 3524 3586 3587 3525
f 3663 3718 3719 3664
f 2949 3022 3023 2950
f 1421 1501 1502 1422
f 436 474 475 437
f 211 245 246 212
f 582 627 628 584
f 583 584 586 585
f 1331 1414 1415 1332
f 3400 3463 3465 3464
f 2961 3032 3033 2962
f 535 575 576 536
f 565 612 613 566
f 606 646 648 608
f 4481 4550 4551 4482
f 552 601 602 553
f 3104 3173 3174 3105
f 369 413 414 370
f 635 674 675 637
f 1079 1170 1171 1080
f 613 653 654 614
f 3099 3165 3166 3100
f 324 374 375 325
f 5257 5304 5305 5258
f 1848 1885 1886 1849
f 290 346 347 291
f 4296 4363 4365 4298
f 722 756 757 723
f 1485 1566 1565 1486
f 2153 2214 2215 2154
f 607 647 646 606
f 622 662 663 623
f 3292 3350 3351 3293
f 133 159 160 134
f 3093 3157 3159 3092
f 282 338 339 283
f 692 695 694 693
f 187 222 223 188
f 614 654 655 615
f 631 671 672 632
f 4473 4543 4544 4475
f 629 669 670 630
f 608 648 649 609
f 1395 1478 1479 1396
f 5408 5454 5455 5409
f 539 579 580 541
f 1143 1238 1239 1144
f 621 661 662 622
f 590 631 632 592
f 308 365 366 310
f 648 683 684 649
f 4168 4223 4224 4169
f 345 392 391 346
f 997 1076 1077 998
f 4441 4509 4510 4442
f 573 619 620 574
f 518 560 559 520
f 655 690 691 656
f 3268 3335 3336 3269
f 2512 2597 2598 2513
f 706 740 741 707
f 3519 3581 3582 3520
f 251 291 292 252
f 700 734 735 701
f 98 122 123 99
f 3163 3230 3231 3164
f 647 682 681 646
f 664 705 706 665
f 1109 1207 1208 1110
f 3301 3304 3303 3302
f 615 655 656 616
f 591 592 594 593
f 654 689 690 655
f 1251 1338 1339 1252
f 1467 1549 1550 1468
f 761 763 762 729
f 4433 4499 4500 4434
f 235 275 276 236
f 686 721 722 687
f 364 408 409 365
f 696 697 698 658
f 1733 1780 1781 1734
f 801 840 841 802
f 715 749 750 716
f 1215 1302 1303 1217
f 661 702 703 662
f 3131 3199 3200 3132
f 687 722 723 688
f 624 664 665 625
f 2429 2506 2507 2430
f 1379 1462 1463 1380
f 3081 3146 3147 3083
f 702 736 737 703
f 701 735 736 702
f 703 737 738 704
f 560 607 606 559
f 2285 2353 2354 2286
f 1513 1591 1592 1514
f 1629 1699 1700 1630
f 4417 4482 4483 4418
f 227 261 262 228
f 1621 1691 1692 1622
f 861 906 908 863
f 3332 3393 3394 3333
f 1539 1619 1620 1540
f 3017 3084 3086 3018
f 740 775 776 741
f 717 751 753 719
f 694 730 731 697
f 348 394 395 349
f 704 738 739 705
f 3557 3620 3621 3558
f 169 205 206 171
f 747 782 783 748
f 3074 3139 3140 3075
f 709 743 744 710
f 662 703 704 663
f 719 753 754 720
f 728 764 765 730
f 3429 3492 3493 3430
f 770 806 807 771
f 3009 3076 3077 3010
f 1279 1364 1365 1280
f 669 710 711 670
f 3316 3378 3379 3317
f 711 745 746 712
f 2467 2546 2547 2469
f 3525 3587 3588 3527
f 1741 1787 1789 1743
f 3058 3126 3127 3059
f 597 639 638 598
f 1466 1548 1549 1467
f 727 729 728 695
f 628 668 669 629
f 1481 1563 1564 1482
f 1603 1675 1676 1604
f 4449 4517 4518 4450
f 485 488 487 486
f 3187 3258 3259 3188
f 2930 3003 3004 2931
f 744 779 780 745
f 4005 4053 4054 4004
f 745 780 781 746
f 779 815 816 780
f 1343 1426 1427 1344
f 741 776 777 742
f 734 769 770 735
f 396 438 439 397
f 736 771 772 737
f 4733 4796 4797 4734
f 850 893 894 851
f 354 400 401 355
f 2185 2251 2252 2186
f 387 431 432 388
f 766 802 803 767
f 751 786 788 753
f 712 746 747 713
f 1821 1860 1861 1822
f 3669 3724 3725 3670
f 804 843 844 805
f 178 213 214 179
f 3171 3241 3242 3170
f 775 811 812 776
f 4402 4465 4466 4403
f 4597 4662 4663 4598
f 1691 1756 1757 1692
f 3364 3425 3426 3365
f 3933 3981 3983 3982
f 782 818 819 783
f 781 817 818 782
f 380 424 425 381
f 776 812 813 777
f 3133 3201 3203 3135
f 737 772 773 738
f 346 391 393 347
f 3114 3183 3184 3115
f 773 809 810 774
f 774 810 811 775
f 791 827 828 792
f 832 835 834 833
f 789 825 826 790
f 834 878 879 836
f 594 633 635 634
f 1423 1503 1504 1424
f 749 784 785 750
f 742 777 778 743
f 783 819 820 784
f 3348 3410 3409 3350
f 2684 2756 2758 2685
f 3821 3877 3879 3823
f 3041 3107 3108 3042
f 4465 4536 4537 4466
f 759 794 795 760
f 670 711 712 671
f 808 847 848 809
f 3699 3753 3754 3700
f 1795 1835 1836 1796
f 1893 1931 1930 1892
f 836 879 880 837
f 130 156 157 131
f 526 566 567 527
f 695 728 730 694
f 800 839 840 801
f 1433 1512 1513 1434
f 843 886 887 844
f 1537 1617 1618 1538
f 4457 4528 4529 4458
f 291 347 348 292
f 806 845 846 807
f 551 600 601 552
f 784 820 821 785
f 630 670 671 631
f 1667 1735 1736 1668
f 386 430 431 387
f 1487 1567 1568 1488
f 805 844 845 806
f 3379 3440 3441 3380
f 815 854 855 816
f 720 754 755 721
f 1326 1409 1410 1327
f 1553 1633 1634 1554
f 1965 2007 2008 1966
f 4521 4522 4524 4523
f 837 880 881 838
f 1570 1646 1647 1571
f 612 652 653 613
f 568 615 616 569
f 1198 1286 1287 1200
f 2701 2774 2775 2702
f 3073 3138 3139 3074
f 868 913 914 869
f 846 889 890 847
f 275 331 332 276
f 3018 3086 3087 3019
f 872 873 876 875
f 566 613 614 567
f 153 187 188 154
f 883 929 930 884
f 3154 3222 3223 3155
f 853 896 897 854
f 1551 1631 1632 1552
f 845 888 889 846
f 898 944 945 899
f 5501 5539 5540 5502
f 3146 3214 3215 3147
f 813 852 853 814
f 838 881 882 839
f 855 898 899 856
f 3516 3578 3579 3517
f 2454 2533 2532 2453
f 4093 4145 4147 4095
f 3057 3125 3126 3058
f 772 808 809 773
f 757 792 793 758
f 814 853 854 815
f 847 890 891 848
f 4490 4558 4559 4491
f 2342 2408 2409 2343
f 1939 1982 1983 1940
f 2005 2080 2081 2006
f 1087 1178 1179 1088
f 339 389 390 340
f 1514 1592 1593 1515
f 823 862 861 822
f 880 926 927 881
f 4899 4966 4968 4967
f 769 805 806 770
f 3049 3115 3116 3050
f 420 460 461 421
f 917 918 920 874
f 3283 3341 3340 3282
f 2962 3033 3034 2963
f 476 522 523 477
f 978 1057 1058 979
f 1057 1150 1151 1058
f 893 939 940 894
f 878 924 925 879
f 887 933 934 888
f 864 909 910 865
f 2870 2945 2946 2871
f 4269 4336 4337 4270
f 972 973 975 974
f 323 373 374 324
f 840 883 884 841
f 1979 2056 2057 1980
f 4561 4627 4626 4563
f 902 948 949 903
f 4426 4494 4493 4428
f 951 954 953 952
f 3259 3326 3327 3260
f 3436 3499 3500 3437
f 3614 3674 3675 3615
f 361 405 407 363
f 931 991 992 932
f 1743 1789 1790 1744
f 909 957 958 910
f 974 975 977 976
f 452 502 503 453
f 912 960 961 913
f 3446 3509 3510 3447
f 954 1015 1016 953
f 418 458 459 419
f 4497 4564 4565 4498
f 901 947 948 902
f 910 958 959 911
f 919 978 979 918
f 920 980 981 921
f 2806 2879 2880 2807
f 4413 4478 4479 4414
f 2093 2156 2157 2094
f 948 1008 1009 949
f 877 923 924 878
f 886 932 933 887
f 911 959 960 912
f 3420 3484 3485 3423
f 2062 2126 2125 2061
f 2067 2131 2132 2068
f 410 450 451 411
f 4489 4557 4558 4490
f 146 180 181 147
f 827 866 867 828
f 1831 1870 1871 1832
f 1569 1644 1646 1570
f 5405 5451 5452 5406
f 4670 4732 4731 4669
f 1557 1635 1637 1558
f 371 415 416 372
f 895 941 942 896
f 300 356 357 301
f 2165 2231 2232 2164
f 2281 2348 2350 2282
f 1449 1531 1532 1450
f 933 993 994 934
f 822 861 863 824
f 871 874 873 872
f 936 996 997 937
f 5230 5281 5282 5231
f 2035 2038 2037 2036
f 928 988 989 929
f 223 257 258 224
f 3307 3369 3370 3308
f 532 573 574 534
f 943 1003 1004 944
f 934 994 995 935
f 71 93 94 72
f 979 1058 1059 980
f 1021 1022 1024 1023
f 1047 1048 1050 967
f 5166 5221 5220 5165
f 1585 1660 1662 1587
f 3145 3213 3214 3146
f 988 1067 1068 989
f 355 401 402 356
f 1046 1049 1048 1047
f 508 550 551 509
f 968 969 971 970
f 4398 4461 4462 4399
f 2227 2230 2229 2228
f 2293 2296 2295 2294
f 3226 3292 3293 3227
f 973 1054 1055 975
f 3299 3357 3358 3300
f 975 1055 1056 977
f 848 891 892 849
f 1335 1418 1419 1336
f 353 399 400 354
f 3169 3171 3170 3103
f 1895 1933 1934 1896
f 957 1033 1034 958
f 982 1061 1062 983
f 967 1050 1051 966
f 3468 3530 3531 3469
f 1207 1294 1295 1208
f 1026 1112 1113 1028
f 1091 1092 1095 1094
f 3218 3284 3285 3219
f 941 1001 1002 942
f 966 1051 1052 969
f 1023 1024 1026 1025
f 1040 1043 1042 1041
f 1460 1542 1543 1461
f 4701 4761 4762 4702
f 3097 3163 3164 3098
f 1000 1079 1080 1001
f 1823 1862 1863 1824
f 942 1002 1003 943
f 1546 1626 1627 1547
f 885 931 932 886
f 3002 3069 3070 3003
f 3452 3513 3515 3454
f 2235 2303 2304 2236
f 3482 3544 3545 3483
f 3355 3415 3416 3356
f 1096 1099 1098 1097
f 793 829 830 794
f 4505 4573 4574 4506
f 1006 1085 1086 1007
f 2301 2368 2369 2302
f 765 801 802 766
f 1008 1087 1088 1009
f 580 626 627 582
f 2495 2580 2581 2496
f 1106 1204 1205 1107
f 3089 3153 3154 3090
f 1951 1994 1995 1952
f 5696 5712 5713 5697
f 1022 1110 1111 1024
f 4853 4916 4917 4854
f 1043 1136 1137 1042
f 3323 3384 3385 3324
f 482 528 529 483
f 2315 2380 2381 2316
f 515 557 558 516
f 2365 2430 2431 2366
f 2367 2432 2433 2368
f 984 1063 1064 985
f 777 813 814 778
f 474 520 521 475
f 2233 2301 2302 2234
f 250 290 291 251
f 1038 1128 1129 1039
f 999 1078 1079 1000
f 4466 4537 4538 4467
f 1735 1782 1783 1736
f 1186 1187 1189 1188
f 1027 1028 1030 1029
f 1068 1161 1162 1069
f 1045 1138 1140 1139
f 1030 1114 1116 1115
f 1031 1121 1123 1033
f 3500 3562 3563 3501
f 927 987 988 928
f 4997 5060 5061 4998
f 3105 3174 3175 3106
f 3266 3333 3334 3267
f 667 708 709 668
f 1102 1104 1103 1014
f 564 611 612 565
f 2437 2514 2515 2438
f 2007 2082 2083 2008
f 1005 1084 1085 1006
f 958 1034 1035 959
f 1063 1156 1157 1064
f 1032 1122 1121 1031
f 4318 4384 4385 4319
f 2475 2476 2479 2478
f 1465 1547 1548 1466
f 4545 4611 4612 4546
f 202 236 237 203
f 830 869 870 831
f 1055 1148 1149 1056
f 1064 1157 1158 1065
f 435 473 472 434
f 1188 1189 1190 1099
f 1007 1086 1087 1008
f 3484 3546 3547 3485
f 1609 1681 1682 1610
f 4529 4597 4598 4530
f 1195 1196 1198 1197
f 2299 2366 2367 2300
f 1069 1162 1163 1070
f 2507 2592 2593 2508
f 514 556 557 515
f 1093 1182 1181 1092
f 959 1035 1036 960
f 1088 1179 1180 1089
f 839 882 883 840
f 4103 4156 4157 4102
f 1641 1708 1709 1642
f 2501 2586 2587 2502
f 2095 2158 2159 2096
f 419 459 460 420
f 534 574 575 535
f 559 606 608 561
f 1080 1171 1172 1081
f 4783 4851 4852 4784
f 3861 3914 3915 3862
f 4513 4583 4584 4514
f 3515 3577 3578 3516
f 1048 1142 1143 1050
f 992 1071 1072 993
f 753 788 789 754
f 4695 4696 4698 4697
f 3137 3205 3206 3138
f 1132 1229 1231 1135
f 1197 1198 1200 1199
f 1642 1709 1710 1643
f 796 798 797 763
f 856 899 900 857
f 1101 1192 1194 1193
f 3306 3368 3369 3307
f 3106 3175 3176 3107
f 576 622 623 577
f 4039 4091 4092 4040
f 155 189 190 156
f 2223 2224 2226 2225
f 1077 1168 1169 1078
f 1118 1214 1215 1120
f 1127 1226 1227 1128
f 3668 3723 3724 3669
f 3247 3314 3315 3248
f 1524 1604 1605 1525
f 1155 1250 1251 1156
f 3298 3356 3357 3299
f 1013 1105 1106 1015
f 3675 3730 3731 3676
f 892 938 939 893
f 4570 4633 4635 4634
f 264 265 268 267
f 2547 2631 2632 2548
f 3129 3197 3198 3130
f 1036 1126 1127 1037
f 459 509 510 460
f 1070 1163 1164 1071
f 1095 1183 1185 1184
f 1144 1239 1240 1145
f 96 120 121 97
f 401 443 444 402
f 2565 2643 2644 2567
f 3042 3108 3109 3043
f 1586 1661 1660 1585
f 3812 3868 3869 3813
f 3836 3891 3892 3837
f 1266 1351 1352 1267
f 3113 3182 3181 3112
f 1655 1726 1727 1656
f 1133 1230 1229 1132
f 3427 3490 3491 3428
f 660 701 702 661
f 1120 1215 1217 1216
f 672 713 714 673
f 5469 5509 5510 5470
f 1187 1279 1280 1189
f 1150 1245 1246 1151
f 1157 1252 1253 1158
f 1151 1246 1247 1152
f 1376 1459 1460 1377
f 546 596 595 547
f 491 492 494 493
f 1174 1268 1269 1175
f 1175 1269 1270 1176
f 4506 4574 4575 4507
f 2619 2696 2697 2620
f 2231 2299 2300 2232
f 3403 3468 3469 3404
f 3572 3634 3635 3574
f 1232 1319 1320 1233
f 217 251 252 218
f 2629 2706 2707 2630
f 2249 2318 2319 2250
f 1181 1275 1277 1183
f 1190 1281 1282 1191
f 652 687 688 653
f 1168 1262 1263 1169
f 592 632 633 594
f 1242 1329 1330 1243
f 538 578 579 539
f 1220 1305 1307 1222
f 1173 1267 1268 1174
f 1182 1276 1275 1181
f 1191 1282 1283 1192
f 5551 5588 5589 5552
f 1141 1236 1237 1142
f 4641 4704 4705 4642
f 1158 1253 1254 1159
f 1183 1277 1278 1185
f 1200 1287 1288 1201
f 3159 3226 3227 3160
f 5621 5648 5647 5623
f 1075 1167 1166 1076
f 2303 2370 2371 2304
f 1078 1169 1170 1079
f 234 274 275 235
f 1159 1254 1255 1160
f 3548 3611 3612 3549
f 2384 2448 2449 2385
f 2699 2772 2773 2700
f 2173 2240 2241 2174
f 4593 4658 4659 4594
f 499 543 542 501
f 3467 3529 3528 3466
f 1199 1200 1201 1104
f 1224 1309 1310 1225
f 5004 5067 5068 5005
f 873 921 922 876
f 811 850 851 812
f 1252 1339 1340 1253
f 1213 1300 1301 1214
f 1214 1301 1302 1215
f 708 742 743 709
f 1208 1295 1296 1209
f 2944 3017 3018 2945
f 2595 2673 2674 2596
f 114 141 142 116
f 4585 4650 4651 4586
f 1237 1324 1325 1238
f 1238 1325 1326 1239
f 1223 1308 1309 1224
f 1176 1270 1271 1177
f 3688 3742 3743 3689
f 2375 2440 2441 2376
f 3443 3506 3505 3442
f 1247 1334 1335 1248
f 1216 1217 1219 1218
f 3552 3615 3616 3553
f 1193 1194 1196 1195
f 1275 1360 1362 1277
f 4577 4641 4642 4578
f 483 529 530 484
f 1254 1341 1342 1255
f 684 719 720 685
f 3604 3664 3665 3605
f 2864 2940 2941 2866
f 1284 1369 1370 1285
f 3225 3291 3290 3224
f 1253 1340 1341 1254
f 1246 1333 1334 1247
f 1263 1348 1349 1264
f 1248 1335 1336 1249
f 2128 2192 2193 2129
f 2771 2843 2844 2772
f 2773 2845 2846 2774
f 3370 3431 3432 3371
f 1245 1332 1333 1246
f 1222 1307 1308 1223
f 1255 1342 1343 1256
f 1272 1357 1358 1273
f 4832 4896 4897 4833
f 105 129 130 106
f 3177 3248 3249 3178
f 2439 2516 2517 2440
f 1221 1306 1305 1220
f 1618 1689 1688 1619
f 1231 1318 1319 1232
f 3588 3649 3650 3590
f 4696 4757 4758 4698
f 1330 1413 1414 1331
f 1307 1392 1393 1308
f 3362 3422 3424 3361
f 1149 1244 1245 1150
f 3499 3561 3562 3500
f 3090 3154 3155 3091
f 134 160 161 135
f 453 503 504 454
f 1665 1733 1734 1666
f 1196 1285 1286 1198
f 1117 1118 1120 1119
f 1278 1363 1364 1279
f 748 783 784 749
f 1288 1373 1374 1289
f 5280 5327 5326 5279
f 4601 4666 4667 4602
f 1302 1387 1388 1303
f 1287 1372 1373 1288
f 1280 1365 1366 1281
f 253 293 294 254
f 2835 2911 2912 2836
f 2845 2921 2922 2846
f 2503 2588 2589 2504
f 1285 1370 1371 1286
f 3483 3545 3546 3484
f 1311 1396 1397 1312
f 1256 1343 1344 1257
f 189 224 225 190
f 537 577 578 538
f 1561 1640 1641 1562
f 2265 2334 2335 2266
f 659 700 701 660
f 1318 1400 1402 1319
f 732 767 768 733
f 4546 4612 4613 4547
f 5216 5268 5269 5217
f 1418 1498 1499 1419
f 1347 1429 1428 1346
f 1348 1430 1431 1349
f 314 368 369 316
f 1310 1395 1396 1311
f 1327 1410 1411 1328
f 610 650 651 611
f 270 326 327 271
f 3402 3467 3466 3401
f 1333 1416 1417 1334
f 1286 1371 1372 1287
f 1319 1402 1403 1320
f 3636 3694 3696 3638
f 4432 4498 4499 4433
f 2915 2990 2989 2914
f 2909 2984 2985 2910
f 2583 2661 2662 2584
f 1325 1408 1409 1326
f 2064 2128 2129 2065
f 1492 1572 1573 1493
f 1320 1403 1404 1321
f 489 490 492 491
f 602 643 644 603
f 4633 4693 4694 4635
f 1293 1378 1379 1294
f 1230 1317 1316 1229
f 1295 1380 1381 1296
f 1352 1434 1435 1353
f 179 214 215 180
f 1394 1477 1478 1395
f 858 901 902 859
f 1380 1463 1464 1381
f 266 323 324 265
f 1086 1177 1178 1087
f 1239 1326 1327 1240
f 3620 3680 3681 3621
f 1053 1146 1147 1054
f 438 476 477 439
f 3185 3256 3257 3186
f 4617 4680 4681 4618
f 563 610 611 564
f 1342 1425 1426 1343
f 1103 1202 1203 1105
f 1368 1451 1452 1369
f 1413 1493 1494 1414
f 2995 3061 3062 2996
f 3005 3072 3073 3006
f 2655 2730 2732 2657
f 1351 1433 1434 1352
f 3667 3722 3723 3668
f 1360 1444 1445 1362
f 1341 1424 1425 1342
f 1705 1767 1768 1706
f 1497 1577 1578 1498
f 4609 4672 4673 4610
f 1357 1439 1440 1358
f 1730 1777 1776 1729
f 1411 1491 1492 1412
f 1412 1492 1493 1413
f 1381 1464 1465 1382
f 1390 1473 1475 1392
f 884 930 931 885
f 1328 1411 1412 1329
f 443 481 482 444
f 2891 2966 2967 2892
f 650 685 686 651
f 3434 3497 3498 3435
f 547 595 597 548
f 1382 1465 1466 1383
f 3178 3249 3250 3179
f 1264 1349 1350 1265
f 653 688 689 654
f 1729 1776 1778 1731
f 3069 3133 3135 3070
f 2727 2799 2800 2728
f 1405 1485 1486 1406
f 1350 1432 1433 1351
f 1407 1487 1488 1408
f 1128 1227 1228 1129
f 1997 2074 2075 1998
f 1397 1480 1481 1398
f 3426 3489 3490 3427
f 1666 1734 1735 1667
f 1391 1474 1473 1390
f 1392 1475 1476 1393
f 1949 1992 1993 1950
f 5037 5101 5102 5038
f 3217 3283 3282 3216
f 1324 1407 1408 1325
f 1365 1448 1449 1366
f 3571 3633 3634 3572
f 1367 1450 1451 1368
f 3804 3860 3861 3805
f 731 766 767 732
f 1451 1533 1534 1452
f 81 103 104 82
f 2239 2307 2308 2240
f 1301 1386 1387 1302
f 1414 1494 1495 1415
f 3130 3198 3199 3131
f 4674 4736 4737 4675
f 2221 2287 2288 2222
f 1474 1556 1555 1473
f 3209 3276 3277 3210
f 1020 1109 1110 1022
f 611 651 652 612
f 1438 1517 1518 1439
f 812 851 852 813
f 1520 1523 1522 1521
f 2557 2639 2640 2559
f 758 793 794 759
f 3141 3209 3210 3142
f 2946 3019 3020 2947
f 1429 1508 1507 1428
f 3547 3610 3611 3548
f 1431 1510 1511 1432
f 1432 1511 1512 1433
f 2493 2577 2579 2494
f 3235 3238 3237 3236
f 3193 3264 3265 3194
f 5507 5544 5543 5509
f 1453 1535 1536 1454
f 1454 1536 1537 1455
f 1455 1537 1538 1456
f 841 884 885 842
f 995 1074 1075 996
f 1491 1571 1572 1492
f 2747 2821 2822 2748
f 579 625 626 580
f 1446 1528 1529 1447
f 788 824 825 789
f 1408 1488 1489 1409
f 1813 1853 1854 1815
f 1469 1551 1552 1470
f 1422 1502 1503 1423
f 1471 1553 1554 1472
f 4594 4659 4660 4595
f 243 283 284 244
f 1578 1654 1655 1579
f 690 725 726 691
f 2561 2641 2642 2563
f 1461 1543 1544 1462
f 1366 1449 1450 1367
f 1463 1545 1546 1464
f 3724 3782 3783 3725
f 3061 3129 3130 3062
f 894 940 941 895
f 3213 3280 3281 3214
f 1508 1586 1585 1507
f 1437 1516 1517 1438
f 3603 3663 3664 3604
f 1439 1518 1519 1440
f 2425 2502 2503 2426
f 674 715 716 675
f 298 354 355 299
f 1478 1560 1561 1479
f 1375 1458 1459 1376
f 1464 1546 1547 1465
f 1291 1376 1377 1292
f 3243 3310 3311 3244
f 1387 1470 1471 1388
f 2927 3000 3001 2928
f 643 678 679 644
f 1502 1582 1583 1503
f 3587 3648 3649 3588
f 844 887 888 845
f 2709 2782 2783 2710
f 393 434 436 394
f 2345 2411 2412 2346
f 1493 1573 1574 1494
f 1518 1596 1597 1519
f 1495 1575 1576 1496
f 1496 1576 1577 1497
f 3357 3417 3418 3358
f 1562 1641 1642 1563
f 3285 3343 3344 3286
f 1540 1620 1621 1541
f 1517 1595 1596 1518
f 1510 1588 1589 1511
f 1599 1600 1602 1523
f 3708 3764 3766 3707
f 3717 3775 3776 3718
f 1014 1103 1105 1013
f 1529 1609 1610 1530
f 82 104 105 83
f 627 667 668 628
f 1486 1565 1567 1487
f 828 867 868 829
f 1528 1608 1609 1529
f 3637 3695 3694 3636
f 3315 3377 3378 3316
f 1555 1636 1635 1557
f 3031 3098 3099 3032
f 1533 1613 1614 1534
f 1706 1768 1769 1707
f 1535 1615 1616 1536
f 1512 1590 1591 1513
f 1571 1647 1648 1572
f 3313 3375 3376 3314
f 1525 1605 1606 1526
f 3651 3708 3707 3653
f 1527 1607 1608 1528
f 1480 1562 1563 1481
f 2901 2978 2979 2904
f 1745 1791 1792 1746
f 3421 3423 3422 3362
f 1416 1496 1497 1417
f 4317 4383 4384 4318
f 3219 3285 3286 3220
f 3249 3316 3317 3250
f 5273 5320 5319 5272
f 1501 1581 1582 1502
f 1534 1614 1615 1535
f 1503 1583 1584 1504
f 3756 3815 3817 3758
f 4229 4289 4290 4231
f 1769 1810 1811 1770
f 1587 1662 1663 1588
f 3754 3813 3814 3755
f 1445 1527 1528 1446
f 1558 1637 1638 1559
f 3395 3458 3459 3396
f 1907 1945 1946 1908
f 3241 3308 3309 3242
f 2873 2948 2949 2874
f 1309 1394 1395 1310
f 3619 3679 3680 3620
f 3162 3229 3230 3163
f 1552 1632 1633 1553
f 4533 4601 4602 4534
f 257 297 298 258
f 3437 3500 3501 3438
f 3095 3161 3162 3096
f 1576 1652 1653 1577
f 1626 1696 1697 1627
f 3233 3299 3300 3234
f 1225 1310 1311 1226
f 1037 1127 1128 1038
f 1582 1658 1659 1583
f 916 919 918 917
f 3740 3798 3799 3739
f 4885 4949 4950 4886
f 1294 1379 1380 1295
f 1619 1688 1690 1620
f 1620 1690 1691 1621
f 5712 5727 5728 5713
f 1574 1650 1651 1575
f 3475 3537 3536 3474
f 754 789 790 755
f 3530 3593 3594 3531
f 378 422 423 379
f 1542 1622 1623 1543
f 1559 1638 1639 1560
f 1600 1674 1673 1602
f 4805 4872 4873 4806
f 857 900 901 858
f 3501 3563 3564 3502
f 3239 3240 3241 3171
f 1243 1330 1331 1244
f 1494 1574 1575 1495
f 4705 4765 4767 4766
f 746 781 782 747
f 1019 1020 1022 1021
f 1374 1457 1458 1375
f 1607 1679 1680 1608
f 1592 1667 1668 1593
f 2195 2261 2262 2196
f 1738 1785 1786 1739
f 860 903 905 904
f 1560 1639 1640 1561
f 1110 1208 1209 1111
f 1639 1706 1707 1640
f 4658 4720 4721 4659
f 4061 4112 4114 4062
f 1430 1509 1510 1431
f 1531 1611 1612 1532
f 1660 1730 1729 1662
f 1573 1649 1650 1574
f 550 599 600 551
f 1623 1693 1694 1624
f 3788 3845 3846 3789
f 4689 4751 4750 4688
f 5101 5165 5167 5102
f 1575 1651 1652 1576
f 1640 1707 1708 1641
f 1363 1446 1447 1364
f 3539 3602 3603 3540
f 3257 3324 3325 3258
f 3255 3322 3323 3256
f 3153 3221 3222 3154
f 4315 4381 4383 4317
f 1511 1589 1590 1512
f 3979 4029 4030 3980
f 1383 1466 1467 1384
f 1656 1727 1728 1657
f 3161 3228 3229 3162
f 849 892 893 850
f 3565 3627 3629 3567
f 3497 3559 3560 3498
f 723 757 758 724
f 1622 1692 1693 1623
f 1111 1209 1210 1112
f 3447 3510 3511 3448
f 3772 3829 3831 3774
f 1714 1774 1773 1713
f 1545 1625 1626 1546
f 1708 1770 1771 1709
f 1637 1704 1705 1638
f 3913 3965 3966 3914
f 567 614 615 568
f 1680 1743 1744 1681
f 5733 5746 5747 5734
f 1550 1630 1631 1551
f 3715 3773 3772 3714
f 1664 1732 1733 1665
f 310 366 367 312
f 3611 3671 3672 3612
f 1731 1778 1779 1732
f 3562 3625 3626 3563
f 1685 1748 1749 1686
f 1785 1825 1826 1786
f 222 256 257 223
f 3523 3585 3586 3524
f 2803 2876 2878 2805
f 786 822 824 788
f 3319 3382 3381 3321
f 707 741 742 708
f 1678 1742 1741 1679
f 3258 3325 3326 3259
f 1712 1713 1716 1715
f 5253 5300 5301 5254
f 1801 1841 1842 1802
f 1702 1766 1765 1704
f 1709 1771 1772 1710
f 1452 1534 1535 1453
f 1568 1645 1644 1569
f 918 979 980 920
f 494 537 538 496
f 3645 3703 3702 3647
f 3554 3617 3618 3555
f 1693 1758 1759 1694
f 854 897 898 855
f 1424 1504 1505 1425
f 825 864 865 826
f 3305 3367 3368 3306
f 1596 1671 1672 1597
f 1653 1724 1725 1654
f 3763 3765 3764 3708
f 1172 1266 1267 1173
f 1742 1788 1787 1741
f 1581 1657 1658 1582
f 1663 1731 1732 1664
f 1136 1232 1233 1137
f 3123 3191 3193 3125
f 1802 1842 1843 1803
f 1779 1819 1820 1780
f 2799 2873 2874 2800
f 1126 1225 1226 1127
f 584 628 629 586
f 1878 1917 1918 1879
f 3297 3355 3356 3298
f 3391 3452 3454 3390
f 755 790 791 756
f 1734 1781 1782 1735
f 4649 4711 4712 4650
f 5191 5241 5242 5192
f 1462 1544 1545 1463
f 1689 1752 1754 1688
f 3725 3783 3784 3726
f 1749 1795 1796 1750
f 1686 1749 1750 1687
f 924 984 985 925
f 2863 2939 2940 2864
f 1398 1481 1482 1399
f 3779 3836 3837 3780
f 3265 3332 3333 3266
f 1630 1700 1701 1631
f 1781 1821 1822 1782
f 1759 1804 1805 1760
f 4116 4169 4170 4117
f 3435 3498 3499 3436
f 441 479 480 442
f 1811 1851 1852 1812
f 1812 1852 1853 1813
f 1791 1831 1832 1792
f 3739 3799 3800 3741
f 1736 1783 1784 1737
f 710 744 745 711
f 1898 1936 1937 1899
f 818 857 858 819
f 4785 4853 4854 4786
f 739 774 775 740
f 2579 2657 2658 2580
f 5385 5434 5435 5386
f 2030 2094 2095 2032
f 3789 3846 3847 3790
f 3455 3516 3517 3456
f 1797 1837 1839 1799
f 1782 1822 1823 1783
f 964 967 966 965
f 3860 3913 3914 3861
f 1990 2067 2068 1991
f 4745 4808 4810 4744
f 810 849 850 811
f 1789 1829 1830 1790
f 1806 1846 1848 1808
f 1807 1847 1846 1806
f 1800 1840 1841 1801
f 3723 3781 3782 3724
f 3851 3905 3906 3853
f 1683 1746 1747 1684
f 3731 3789 3790 3732
f 1757 1802 1803 1758
f 1799 1839 1840 1800
f 1824 1863 1864 1825
f 2246 2313 2315 2245
f 409 449 450 410
f 1767 1808 1809 1768
f 1830 1869 1870 1831
f 139 172 173 138
f 2606 2683 2682 2605
f 1874 1911 1912 1875
f 3293 3351 3352 3294
f 1860 1897 1898 1861
f 362 406 405 361
f 1840 1879 1880 1841
f 1671 1739 1740 1672
f 2518 2603 2604 2519
f 2158 2219 2220 2159
f 1371 1454 1455 1372
f 4737 4800 4801 4738
f 787 823 822 786
f 1822 1861 1862 1823
f 1012 1013 1015 954
f 1832 1871 1872 1833
f 833 834 836 798
f 3939 3989 3990 3940
f 3527 3588 3590 3589
f 1829 1868 1869 1830
f 1790 1830 1831 1791
f 1839 1878 1879 1840
f 1808 1848 1849 1809
f 4035 4087 4088 4036
f 945 1005 1006 946
f 1883 1921 1923 1885
f 1838 1877 1876 1837
f 1861 1898 1899 1862
f 4721 4783 4784 4722
f 1794 1834 1835 1795
f 1863 1900 1901 1864
f 1744 1790 1791 1745
f 1892 1930 1932 1894
f 3377 3438 3439 3378
f 771 807 808 772
f 3811 3867 3868 3812
f 940 1000 1001 941
f 3892 3947 3948 3893
f 3150 3218 3219 3151
f 3835 3890 3891 3836
f 1877 1915 1916 1876
f 3634 3692 3693 3635
f 1862 1899 1900 1863
f 1879 1918 1919 1880
f 1864 1901 1902 1865
f 3086 3150 3151 3087
f 1833 1872 1873 1834
f 3941 3993 3995 3943
f 3607 3667 3668 3608
f 1869 1906 1907 1870
f 1888 1926 1927 1889
f 1871 1908 1909 1872
f 4363 4426 4428 4365
f 3995 4043 4044 3996
f 3337 3398 3399 3338
f 3618 3678 3679 3619
f 1837 1876 1878 1839
f 1886 1924 1925 1887
f 1847 1884 1883 1846
f 3868 3923 3924 3869
f 209 243 244 210
f 1923 1960 1961 1924
f 1780 1820 1821 1781
f 1765 1806 1808 1767
f 3787 3844 3845 3788
f 3242 3309 3310 3243
f 1946 1989 1990 1947
f 3382 3443 3442 3381
f 3329 3390 3392 3331
f 4753 4818 4819 4754
f 1589 1664 1665 1590
f 1910 1948 1949 1911
f 996 1075 1076 997
f 1904 1942 1941 1903
f 1903 1941 1943 1905
f 1896 1934 1935 1897
f 4013 4062 4063 4014
f 2422 2499 2500 2423
f 3671 3726 3727 3672
f 1901 1939 1940 1902
f 1894 1932 1933 1895
f 1927 1964 1965 1928
f 1872 1909 1910 1873
f 3750 3809 3810 3751
f 4107 4161 4162 4108
f 1649 1720 1721 1650
f 1870 1907 1908 1871
f 1011 1014 1013 1012
f 980 1059 1060 981
f 4738 4801 4802 4739
f 3686 3740 3739 3685
f 889 935 936 890
f 1955 1998 1999 1956
f 2321 2386 2387 2322
f 442 480 481 443
f 1798 1838 1837 1797
f 1935 1978 1979 1936
f 3948 4000 4001 3949
f 4667 4729 4730 4668
f 2026 2092 2093 2028
f 882 928 929 883
f 1967 1970 1969 1968
f 1638 1705 1706 1639
f 1968 1969 1972 1971
f 2942 3015 3017 2944
f 2574 2650 2651 2575
f 4069 4122 4124 4071
f 2036 2037 2040 2039
f 1941 1984 1986 1943
f 3819 3873 3874 3820
f 4187 4242 4243 4189
f 1933 1976 1977 1934
f 1911 1949 1950 1912
f 3769 3826 3827 3770
f 874 920 921 873
f 1909 1947 1948 1910
f 1855 1892 1894 1857
f 4939 5003 5004 4940
f 1114 1212 1213 1116
f 394 436 437 395
f 1679 1741 1743 1680
f 3345 3406 3407 3346
f 3682 3737 3738 3683
f 1959 2001 2000 1958
f 4606 4669 4671 4608
f 4141 4192 4193 4142
f 881 927 928 882
f 4950 5013 5014 4951
f 3743 3802 3803 3744
f 1934 1977 1978 1935
f 851 894 895 852
f 1156 1251 1252 1157
f 1952 1995 1996 1953
f 4886 4950 4951 4887
f 2002 2076 2078 2003
f 1577 1653 1654 1578
f 4777 4845 4846 4778
f 2013 2014 2016 2015
f 3971 4022 4023 3972
f 5251 5298 5299 5252
f 3924 3974 3975 3926
f 2710 2783 2784 2711
f 1995 2072 2073 1996
f 1996 2073 2074 1997
f 1973 2050 2052 1975
f 1890 1928 1929 1891
f 3330 3391 3390 3329
f 1976 2053 2054 1977
f 4174 4229 4231 4176
f 4259 4322 4323 4260
f 914 962 963 915
f 4769 4837 4836 4768
f 835 877 878 834
f 1960 2002 2003 1961
f 1849 1886 1887 1850
f 4237 4297 4296 4239
f 3807 3863 3865 3809
f 1989 2066 2067 1990
f 1982 2059 2060 1983
f 1975 2052 2053 1976
f 4761 4830 4831 4762
f 3369 3430 3431 3370
f 1974 2051 2050 1973
f 1936 1979 1980 1937
f 4171 4226 4227 4172
f 2028 2093 2094 2030
f 1942 1985 1984 1941
f 1880 1919 1920 1881
f 1873 1910 1911 1874
f 3714 3772 3774 3716
f 1834 1873 1874 1835
f 1752 1797 1799 1754
f 1606 1678 1679 1607
f 2051 2115 2114 2050
f 3887 3941 3943 3888
f 2039 2040 2042 2041
f 3883 3939 3940 3884
f 1981 2058 2059 1982
f 2000 2077 2076 2002
f 201 235 236 202
f 3706 3760 3762 3761
f 2021 2022 2024 2023
f 2014 2086 2087 2016
f 2015 2016 2018 2017
f 3361 3424 3425 3364
f 2082 2145 2146 2083
f 1932 1975 1976 1933
f 1917 1954 1955 1918
f 2038 2105 2106 2037
f 3282 3340 3342 3284
f 4108 4162 4163 4109
f 5558 5592 5593 5559
f 2990 3056 3055 2989
f 4333 4398 4399 4334
f 3859 3912 3913 3860
f 891 937 938 892
f 1076 1166 1168 1077
f 4818 4882 4883 4819
f 5470 5510 5511 5471
f 4403 4466 4467 4404
f 3353 3413 3414 3354
f 3399 3462 3463 3400
f 2037 2106 2107 2040
f 2054 2118 2119 2055
f 2103 2104 2105 2038
f 2056 2120 2121 2057
f 5539 5574 5575 5540
f 2061 2125 2127 2063
f 1580 1656 1657 1581
f 2046 2111 2112 2047
f 2063 2127 2128 2064
f 2040 2107 2108 2042
f 7 10 9 8
f 913 961 962 914
f 867 912 913 868
f 1137 1233 1234 1138
f 2022 2090 2091 2024
f 1060 1153 1154 1061
f 2016 2087 2088 2018
f 351 397 398 352
f 2186 2252 2253 2187
f 2163 2165 2164 2102
f 2108 2171 2172 2109
f 2077 2140 2139 2076
f 1950 1993 1994 1951
f 2079 2142 2143 2080
f 4770 4838 4839 4771
f 3118 3187 3188 3119
f 938 998 999 939
f 3931 3980 3981 3933
f 2069 2133 2134 2070
f 4012 4061 4062 4013
f 319 320 322 321
f 4475 4544 4545 4476
f 4453 4455 4454 4393
f 4849 4912 4913 4850
f 2045 2110 2111 2046
f 2078 2141 2142 2079
f 2071 2135 2136 2072
f 2080 2143 2144 2081
f 68 86 88 87
f 425 465 466 426
f 4047 4098 4099 4048
f 426 466 467 427
f 2102 2164 2166 2101
f 2047 2112 2113 2049
f 2104 2167 2168 2105
f 5326 5373 5375 5328
f 2162 2222 2224 2223
f 930 990 991 931
f 3907 3959 3960 3908
f 939 999 1000 940
f 2023 2024 2026 2025
f 3996 4044 4045 3997
f 5019 5079 5080 5021
f 3262 3329 3331 3264
f 2043 2044 2045 1970
f 4809 4875 4874 4808
f 2101 2166 2167 2104
f 2118 2182 2183 2119
f 1108 1206 1207 1109
f 2120 2184 2185 2121
f 863 908 909 864
f 2156 2217 2218 2157
f 3869 3924 3926 3925
f 2125 2189 2191 2127
f 2110 2173 2174 2111
f 2111 2174 2175 2112
f 2112 2175 2176 2113
f 332 382 383 333
f 2086 2149 2150 2087
f 2135 2199 2200 2136
f 2088 2151 2152 2089
f 1135 1231 1232 1136
f 4539 4607 4606 4541
f 4461 4532 4533 4462
f 4801 4868 4869 4802
f 923 983 984 924
f 1866 1903 1905 1868
f 1092 1181 1183 1095
f 2024 2091 2092 2026
f 1889 1927 1928 1890
f 2151 2211 2213 2152
f 1593 1668 1669 1594
f 4119 4172 4173 4121
f 2141 2205 2206 2142
f 2417 2494 2495 2418
f 3955 4007 4008 3956
f 2143 2207 2208 2144
f 4044 4095 4096 4045
f 1479 1561 1562 1480
f 4523 4524 4525 4455
f 2179 2245 2247 2181
f 2180 2246 2245 2179
f 2133 2197 2198 2134
f 2142 2206 2207 2143
f 2119 2183 2184 2120
f 2144 2208 2209 2145
f 3786 3843 3844 3787
f 3457 3518 3519 3458
f 2109 2172 2173 2110
f 2166 2233 2234 2167
f 3314 3376 3377 3315
f 2168 2235 2236 2169
f 1415 1495 1496 1416
f 1905 1943 1944 1906
f 4541 4606 4608 4542
f 3947 3999 4000 3948
f 2053 2117 2118 2054
f 1140 1235 1236 1141
f 4028 4078 4077 4027
f 668 709 710 669
f 4611 4674 4675 4612
f 3401 3466 3468 3403
f 4175 4230 4229 4174
f 1925 1962 1963 1926
f 2182 2248 2249 2183
f 2167 2234 2235 2168
f 2184 2250 2251 2185
f 3778 3835 3836 3779
f 2211 2279 2278 2213
f 1605 1677 1678 1606
f 2174 2241 2242 2175
f 2191 2257 2258 2192
f 2176 2243 2244 2178
f 735 770 771 736
f 417 457 458 418
f 3393 3456 3457 3394
f 1059 1152 1153 1060
f 2150 2212 2211 2151
f 1124 1223 1224 1125
f 2152 2213 2214 2153
f 2087 2150 2151 2088
f 2242 2310 2311 2243
f 4613 4676 4677 4614
f 4074 4127 4128 4075
f 506 548 549 507
f 2094 2157 2158 2095
f 4802 4869 4870 4803
f 3558 3621 3622 3559
f 2213 2278 2280 2214
f 1958 2000 2002 1960
f 1646 1718 1717 1647
f 1235 1322 1323 1236
f 2207 2272 2273 2208
f 4068 4119 4121 4120
f 1991 2068 2069 1992
f 4699 4759 4761 4701
f 3385 3446 3447 3386
f 4817 4880 4882 4818
f 2181 2247 2248 2182
f 4163 4218 4219 4164
f 2199 2265 2266 2200
f 2208 2273 2274 2209
f 932 992 993 933
f 929 989 990 930
f 2232 2300 2301 2233
f 1954 1997 1998 1955
f 458 508 509 459
f 2175 2242 2243 2176
f 4052 4104 4105 4051
f 2295 2363 2364 2297
f 2322 2387 2388 2323
f 2259 2328 2329 2260
f 4247 4309 4310 4248
f 987 1066 1067 988
f 2312 2314 2313 2246
f 2127 2191 2192 2128
f 2647 2723 2724 2648
f 3718 3776 3777 3719
f 1090 1093 1092 1091
f 2361 2426 2427 2362
f 2229 2298 2299 2231
f 2238 2306 2307 2239
f 2031 2032 2034 2033
f 2240 2308 2309 2241
f 2575 2651 2652 2576
f 4763 4832 4833 4764
f 4677 4739 4740 4678
f 2253 2322 2323 2254
f 2284 2352 2353 2285
f 4307 4374 4373 4306
f 1751 1753 1752 1689
f 2216 2282 2283 2217
f 1236 1323 1324 1237
f 921 981 982 922
f 1002 1081 1082 1003
f 2160 2221 2222 2162
f 1887 1925 1926 1888
f 2306 2373 2374 2307
f 2155 2216 2217 2156
f 3818 3872 3873 3819
f 971 1053 1054 973
f 2214 2280 2281 2215
f 1308 1393 1394 1309
f 2032 2095 2096 2034
f 412 452 453 413
f 3902 3955 3956 3904
f 4311 4378 4379 4312
f 1768 1809 1810 1769
f 4268 4335 4336 4269
f 3394 3457 3458 3395
f 4361 4424 4425 4362
f 4827 4889 4891 4890
f 3409 3474 3476 3411
f 4841 4904 4905 4842
f 2269 2340 2339 2268
f 1906 1944 1945 1907
f 2287 2355 2356 2288
f 4906 4974 4975 4907
f 2659 2734 2735 2660
f 1937 1980 1981 1938
f 4741 4804 4805 4742
f 2316 2381 2382 2317
f 2261 2330 2331 2262
f 4747 4812 4813 4748
f 3799 3855 3856 3800
f 1625 1695 1696 1626
f 4833 4897 4898 4834
f 2237 2305 2306 2238
f 4027 4077 4079 4029
f 1444 1526 1527 1445
f 2296 2362 2363 2295
f 3727 3785 3786 3728
f 1953 1996 1997 1954
f 2189 2255 2257 2191
f 4375 4437 4438 4376
f 2270 2341 2342 2271
f 2247 2316 2317 2248
f 4428 4493 4495 4429
f 1828 1867 1866 1827
f 2750 2824 2825 2751
f 2339 2405 2407 2341
f 4825 4888 4889 4827
f 1115 1116 1118 1117
f 2318 2383 2384 2319
f 3346 3407 3408 3347
f 2272 2343 2344 2273
f 897 943 944 898
f 2348 2414 2416 2350
f 1130 1133 1132 1131
f 2309 2376 2377 2310
f 4011 4060 4061 4012
f 1228 1313 1315 1314
f 4842 4905 4906 4843
f 3015 3085 3084 3017
f 3506 3566 3565 3505
f 2333 2398 2399 2334
f 3858 3911 3912 3859
f 2334 2399 2400 2335
f 2319 2384 2385 2320
f 4148 4201 4202 4149
f 4367 4430 4431 4368
f 4262 4263 4265 4209
f 4821 4885 4886 4822
f 4447 4515 4516 4448
f 1003 1082 1083 1004
f 2326 2391 2392 2327
f 2343 2409 2410 2344
f 4303 4369 4370 4305
f 4979 5043 5044 4980
f 3433 3496 3497 3434
f 3842 3897 3898 3843
f 2349 2415 2414 2348
f 2286 2354 2355 2287
f 1212 1299 1300 1213
f 2328 2393 2394 2329
f 2132 2196 2197 2133
f 465 515 516 466
f 2387 2451 2452 2388
f 2252 2321 2322 2253
f 2341 2407 2408 2342
f 2222 2288 2289 2224
f 2359 2425 2426 2361
f 2352 2418 2419 2353
f 2450 2527 2528 2451
f 3967 4018 4020 3969
f 2317 2382 2383 2318
f 4075 4128 4129 4076
f 2351 2417 2418 2352
f 4140 4190 4192 4141
f 4575 4639 4640 4576
f 4358 4421 4422 4359
f 3425 3488 3489 3426
f 2358 2424 2425 2359
f 490 535 536 492
f 2327 2392 2393 2328
f 2376 2441 2442 2377
f 4959 5024 5026 4961
f 5051 5113 5115 5053
f 4893 4960 4959 4892
f 4511 4582 4583 4513
f 1139 1140 1141 1049
f 2382 2446 2447 2383
f 2255 2324 2326 2257
f 2368 2433 2434 2369
f 4863 4925 4926 4864
f 249 289 290 250
f 2385 2449 2450 2386
f 2412 2489 2490 2413
f 4043 4093 4095 4044
f 2426 2503 2504 2427
f 3417 3482 3483 3418
f 2398 2462 2463 2399
f 2390 2454 2453 2389
f 2373 2438 2439 2374
f 1260 1347 1346 1262
f 2336 2401 2402 2338
f 2428 2505 2506 2429
f 4502 4568 4570 4569
f 2419 2496 2497 2420
f 4929 4994 4995 4930
f 2383 2447 2448 2384
f 2366 2431 2432 2367
f 2280 2349 2348 2281
f 4167 4222 4223 4168
f 5115 5179 5178 5116
f 1066 1159 1160 1067
f 4583 4648 4649 4584
f 2397 2461 2462 2398
f 1938 1981 1982 1939
f 2407 2484 2485 2408
f 4204 4259 4260 4206
f 1572 1648 1649 1573
f 985 1064 1065 986
f 4973 5037 5038 4974
f 4881 4945 4944 4880
f 1131 1132 1135 1134
f 4147 4200 4201 4148
f 1244 1331 1332 1245
f 2400 2464 2465 2401
f 5463 5503 5505 5464
f 5035 5100 5099 5036
f 1058 1151 1152 1059
f 2444 2521 2520 2443
f 2421 2498 2499 2422
f 2406 2483 2482 2405
f 2423 2500 2501 2424
f 2424 2501 2502 2425
f 2724 2796 2797 2725
f 4865 4927 4928 4866
f 2307 2374 2375 2308
f 2405 2482 2484 2407
f 2430 2507 2508 2431
f 2415 2492 2491 2414
f 4172 4227 4228 4173
f 24 37 39 38
f 2025 2026 2028 2027
f 4469 4540 4539 4470
f 4639 4702 4703 4640
f 4115 4168 4169 4116
f 2381 2445 2446 2382
f 2391 2455 2456 2392
f 2440 2517 2518 2441
f 368 412 413 369
f 5203 5255 5256 5204
f 2027 2028 2030 2029
f 4857 4920 4921 4858
f 2325 2390 2389 2324
f 2446 2523 2524 2447
f 3378 3439 3440 3379
f 2432 2509 2510 2433
f 288 344 345 289
f 225 259 260 226
f 642 676 678 643
f 2197 2263 2264 2198
f 1292 1377 1378 1293
f 3004 3071 3072 3005
f 2438 2515 2516 2439
f 2408 2485 2486 2409
f 2445 2522 2523 2446
f 2564 2565 2567 2566
f 2447 2524 2525 2448
f 5327 5374 5373 5326
f 2414 2491 2493 2416
f 4882 4946 4947 4883
f 2506 2591 2592 2507
f 3938 3988 3989 3939
f 683 717 719 684
f 4774 4842 4843 4775
f 4719 4781 4782 4720
f 1227 1312 1313 1228
f 2374 2439 2440 2375
f 2471 2548 2549 2473
f 4252 4315 4317 4254
f 944 1004 1005 945
f 3900 3903 3902 3901
f 578 624 625 579
f 2294 2295 2297 2230
f 1276 1361 1360 1275
f 2464 2543 2544 2465
f 888 934 935 889
f 5283 5330 5331 5284
f 4907 4975 4976 4908
f 3930 3979 3980 3931
f 2485 2571 2572 2486
f 2550 2551 2553 2552
f 2487 2573 2574 2488
f 2488 2574 2575 2489
f 3308 3370 3371 3309
f 1017 1018 1020 1019
f 2017 2018 2020 2019
f 2396 2460 2461 2397
f 2477 2554 2555 2476
f 4299 4366 4367 4300
f 2479 2556 2557 2481
f 4220 4280 4279 4222
f 1152 1247 1248 1153
f 2602 2680 2681 2603
f 2523 2608 2609 2524
f 4889 4953 4954 4891
f 2453 2532 2534 2455
f 2018 2088 2089 2020
f 1536 1616 1617 1537
f 2504 2589 2590 2505
f 4918 4986 4987 4919
f 1817 1856 1855 1816
f 4799 4866 4867 4800
f 522 562 563 523
f 2510 2595 2596 2511
f 2455 2534 2535 2456
f 2496 2581 2582 2497
f 1448 1530 1531 1449
f 1107 1205 1206 1108
f 2401 2465 2466 2402
f 2502 2587 2588 2503
f 2399 2463 2464 2400
f 2552 2553 2554 2477
f 3580 3641 3642 3581
f 5355 5403 5404 5356
f 5237 5239 5238 5190
f 2548 2632 2633 2549
f 2509 2594 2595 2510
f 2558 2559 2561 2560
f 2263 2332 2333 2264
f 2416 2493 2494 2417
f 752 787 786 751
f 521 561 562 522
f 1737 1784 1785 1738
f 3970 4021 4022 3971
f 2533 2617 2616 2532
f 2511 2596 2597 2512
f 2796 2870 2871 2797
f 2586 2664 2665 2587
f 2563 2642 2643 2565
f 4871 4933 4934 4872
f 1099 1190 1191 1098
f 1436 1515 1516 1437
f 4953 5016 5017 4954
f 4673 4735 4736 4674
f 2549 2633 2634 2551
f 2288 2356 2357 2289
f 5054 5116 5117 5055
f 5261 5308 5309 5262
f 4913 4981 4982 4914
f 2541 2625 2626 2542
f 2010 2011 2014 2013
f 3466 3528 3530 3468
f 2528 2613 2614 2529
f 5427 5471 5472 5428
f 3916 3918 3917 3864
f 4081 4133 4134 4082
f 2588 2666 2667 2589
f 2517 2602 2603 2518
f 4211 4268 4269 4212
f 2559 2640 2641 2561
f 4420 4487 4486 4419
f 2304 2371 2372 2305
f 1969 2046 2047 1972
f 1434 1513 1514 1435
f 4905 4973 4974 4906
f 2461 2540 2541 2462
f 2534 2618 2619 2535
f 2551 2634 2635 2553
f 4970 5034 5033 4969
f 2656 2731 2730 2655
f 5331 5378 5379 5332
f 2305 2372 2373 2306
f 4975 5039 5040 4976
f 1163 1258 1259 1164
f 2582 2660 2661 2583
f 2527 2612 2613 2528
f 2584 2662 2663 2585
f 2592 2670 2671 2593
f 1985 2062 2061 1984
f 4195 4249 4251 4250
f 2573 2649 2650 2574
f 3410 3475 3474 3409
f 2576 2652 2654 2653
f 4156 4211 4212 4157
f 3958 4010 4011 3959
f 5341 5389 5391 5343
f 4897 4964 4965 4898
f 2597 2675 2676 2598
f 2598 2676 2677 2599
f 1912 1950 1951 1914
f 2536 2620 2621 2537
f 97 121 122 98
f 953 1016 1018 1017
f 2628 2705 2706 2629
f 1147 1242 1243 1148
f 2590 2668 2669 2591
f 1356 1438 1439 1357
f 4922 4989 4988 4924
f 3240 3307 3308 3241
f 2650 2726 2727 2651
f 2635 2712 2713 2636
f 4050 4051 4053 4005
f 2613 2690 2691 2614
f 2542 2626 2627 2543
f 2591 2669 2670 2592
f 4316 4382 4381 4315
f 3176 3247 3248 3177
f 5358 5406 5407 5359
f 1178 1272 1273 1179
f 5047 5111 5112 5048
f 2605 2682 2684 2607
f 2486 2572 2573 2487
f 2623 2700 2701 2624
f 2608 2685 2686 2609
f 4500 4567 4568 4502
f 5587 5619 5620 5588
f 4251 4312 4314 4313
f 2581 2659 2660 2582
f 1340 1423 1424 1341
f 2632 2709 2710 2633
f 3480 3542 3543 3481
f 961 1037 1038 962
f 5421 5467 5466 5423
f 3994 4042 4041 3993
f 4300 4367 4368 4301
f 2639 2716 2717 2640
f 3840 3895 3896 3841
f 2802 2804 2803 2731
f 3521 3583 3584 3522
f 2524 2609 2610 2525
f 554 603 604 555
f 2622 2699 2700 2623
f 2631 2708 2709 2632
f 2648 2724 2725 2649
f 3760 3819 3820 3762
f 5510 5545 5546 5511
f 2675 2750 2751 2676
f 4519 4589 4590 4520
f 1203 1290 1291 1204
f 2646 2722 2721 2645
f 2599 2677 2678 2600
f 2640 2717 2718 2641
f 4788 4856 4857 4789
f 5675 5692 5693 5676
f 3513 3575 3577 3515
f 2220 2286 2287 2221
f 2637 2714 2715 2638
f 4235 4294 4295 4236
f 2535 2619 2620 2536
f 457 507 508 458
f 3522 3584 3585 3523
f 2669 2744 2745 2670
f 2670 2745 2746 2671
f 1388 1471 1472 1389
f 2616 2693 2695 2618
f 3032 3099 3100 3033
f 2714 2787 2788 2715
f 5509 5543 5545 5510
f 2662 2737 2738 2663
f 1179 1273 1274 1180
f 2663 2738 2739 2664
f 2544 2628 2629 2545
f 3956 4008 4009 3957
f 5670 5689 5688 5672
f 3505 3565 3567 3507
f 2708 2781 2782 2709
f 2685 2758 2759 2686
f 2630 2707 2708 2631
f 2687 2760 2761 2688
f 4356 4419 4421 4358
f 4368 4431 4432 4369
f 5739 5752 5753 5740
f 2715 2788 2789 2716
f 5001 5064 5066 5003
f 2677 2752 2753 2678
f 1994 2071 2072 1995
f 1372 1455 1456 1373
f 2672 2747 2748 2673
f 5044 5108 5109 5045
f 2057 2121 2122 2058
f 1226 1311 1312 1227
f 5199 5251 5252 5200
f 2645 2721 2723 2647
f 4283 4351 4352 4284
f 5651 5673 5674 5652
f 4632 4692 4693 4633
f 5597 5627 5628 5598
f 4961 5026 5027 4962
f 2589 2667 2668 2590
f 2694 2767 2766 2693
f 2703 2776 2777 2704
f 2704 2777 2778 2705
f 2073 2137 2138 2074
f 1210 1297 1298 1211
f 28 51 50 27
f 2740 2814 2815 2741
f 2469 2547 2548 2471
f 2718 2791 2792 2719
f 2695 2768 2769 2696
f 4340 4405 4406 4341
f 4976 5040 5041 4977
f 449 500 499 450
f 2611 2688 2689 2612
f 2553 2635 2636 2554
f 2205 2270 2271 2206
f 4267 4334 4335 4268
f 2671 2746 2747 2672
f 2728 2800 2801 2729
f 4888 4952 4953 4889
f 2778 2850 2851 2779
f 5045 5109 5110 5046
f 5263 5310 5311 5264
f 1613 1685 1686 1614
f 2734 2808 2809 2735
f 3442 3505 3507 3444
f 2712 2785 2786 2713
f 5396 5442 5443 5397
f 5728 5741 5742 5729
f 2481 2557 2559 2558
f 2726 2798 2799 2727
f 1420 1500 1501 1421
f 2688 2761 2762 2689
f 4232 4291 4292 4233
f 191 226 227 192
f 5677 5694 5695 5678
f 2735 2809 2810 2736
f 2702 2775 2776 2703
f 4954 5017 5018 4956
f 5560 5594 5595 5561
f 100 124 125 101
f 1697 1762 1763 1698
f 2780 2852 2853 2781
f 1859 1896 1897 1860
f 2638 2715 2716 2639
f 2759 2832 2833 2760
f 4404 4467 4468 4405
f 5512 5514 5513 5475
f 969 1052 1053 971
f 2787 2859 2860 2788
f 4098 4150 4151 4099
f 1523 1602 1603 1522
f 2494 2579 2580 2495
f 1404 1483 1485 1405
f 2752 2826 2827 2753
f 5724 5736 5738 5725
f 2882 2957 2958 2883
f 3593 3653 3654 3594
f 5335 5382 5384 5334
f 2717 2790 2791 2718
f 2230 2297 2298 2229
f 2775 2847 2848 2776
f 2776 2848 2849 2777
f 295 351 352 296
f 43 63 64 45
f 5741 5754 5755 5742
f 4090 4143 4144 4091
f 3321 3381 3383 3322
f 1654 1725 1726 1655
f 2767 2839 2838 2766
f 4388 4450 4451 4389
f 4370 4433 4434 4372
f 3553 3616 3617 3554
f 1283 1368 1369 1284
f 2090 2153 2154 2091
f 2743 2817 2818 2744
f 2792 2864 2866 2865
f 325 375 376 326
f 196 199 198 197
f 2819 2892 2893 2820
f 4969 5033 5035 4971
f 2781 2853 2854 2782
f 4955 4956 4958 4957
f 2679 2754 2755 2680
f 2784 2856 2857 2785
f 115 140 141 114
f 1041 1042 1045 1044
f 3545 3608 3609 3546
f 5399 5445 5446 5400
f 2805 2878 2879 2806
f 4587 4652 4653 4588
f 2543 2627 2628 2544
f 2760 2833 2834 2761
f 30 53 54 31
f 2433 2510 2511 2434
f 2766 2838 2840 2768
f 1267 1352 1353 1268
f 2271 2342 2343 2272
f 2696 2769 2770 2697
f 26 27 29 10
f 2858 2934 2935 2859
f 3537 3600 3599 3536
f 2844 2920 2921 2845
f 1695 1760 1761 1696
f 4065 4117 4118 4066
f 2568 2646 2645 2570
f 5344 5392 5393 5345
f 463 513 514 464
f 2851 2927 2928 2852
f 4130 4183 4182 4132
f 2821 2894 2895 2822
f 4347 4411 4413 4349
f 2360 2361 2362 2296
f 5124 5187 5188 5125
f 236 276 277 237
f 1306 1391 1390 1305
f 5487 5525 5526 5488
f 2813 2886 2887 2814
f 2822 2895 2896 2823
f 575 621 622 576
f 1776 1816 1818 1778
f 5545 5579 5580 5546
f 2089 2152 2153 2090
f 110 134 135 112
f 4993 5056 5057 4994
f 2789 2861 2862 2790
f 2846 2922 2923 2847
f 4038 4090 4091 4039
f 5042 5106 5107 5043
f 2876 2951 2953 2878
f 1298 1383 1384 1299
f 2725 2797 2798 2726
f 4331 4396 4397 4332
f 5744 5757 5758 5745
f 4996 5059 5060 4997
f 1636 1703 1702 1635
f 148 182 183 149
f 1323 1406 1407 1324
f 4985 5049 5050 4986
f 2862 2938 2939 2863
f 4793 4860 4862 4795
f 4740 4803 4804 4741
f 299 355 356 300
f 2113 2176 2178 2177
f 2763 2836 2837 2764
f 5559 5593 5594 5560
f 2853 2929 2930 2854
f 2854 2930 2931 2855
f 2491 2578 2577 2493
f 2824 2897 2898 2825
f 965 966 969 968
f 5150 5151 5153 5152
f 3561 3624 3625 3562
f 4977 5041 5042 4978
f 379 423 424 380
f 1025 1026 1028 1027
f 2877 2952 2951 2876
f 477 523 524 478
f 2830 2906 2905 2829
f 1299 1384 1385 1300
f 2938 3011 3012 2939
f 162 165 164 163
f 174 209 210 175
f 2916 2991 2992 2917
f 2973 2974 2976 2975
f 2774 2846 2847 2775
f 2887 2962 2963 2888
f 5537 5572 5573 5538
f 1713 1773 1775 1716
f 767 803 804 768
f 4162 4217 4218 4163
f 2885 2960 2961 2886
f 4395 4458 4459 4396
f 4714 4776 4777 4715
f 4476 4545 4546 4477
f 525 565 566 526
f 5639 5664 5665 5640
f 2886 2961 2962 2887
f 2911 2986 2987 2912
f 2880 2955 2956 2881
f 1189 1280 1281 1190
f 372 416 417 373
f 2939 3012 3013 2940
f 4154 4210 4211 4156
f 2861 2937 2938 2862
f 2918 2993 2994 2919
f 2975 2976 2977 2902
f 2920 2995 2996 2921
f 507 549 550 508
f 513 555 556 514
f 1346 1428 1430 1348
f 2820 2893 2894 2821
f 5117 5180 5181 5118
f 4379 4441 4442 4380
f 4452 4520 4522 4521
f 210 244 245 211
f 3026 3092 3094 3027
f 238 278 279 239
f 5119 5182 5183 5120
f 618 658 657 617
f 571 617 619 573
f 903 949 950 905
f 3585 3645 3647 3586
f 5719 5734 5735 5720
f 1355 1437 1438 1356
f 2934 3007 3008 2935
f 2815 2888 2889 2816
f 2936 3009 3010 2937
f 1477 1559 1560 1478
f 444 482 483 445
f 2971 3040 3041 2974
f 2449 2526 2527 2450
f 2980 3046 3048 2982
f 3577 3638 3639 3578
f 2926 2998 3000 2927
f 2928 3001 3002 2929
f 651 686 687 652
f 473 519 518 472
f 2917 2992 2993 2918
f 5089 5156 5157 5090
f 2902 2977 2978 2901
f 1516 1594 1595 1517
f 2888 2963 2964 2889
f 274 330 331 275
f 3010 3077 3078 3011
f 318 370 371 320
f 2066 2130 2131 2067
f 2957 3028 3029 2958
f 2935 3008 3009 2936
f 2832 2908 2909 2833
f 1085 1176 1177 1086
f 1015 1106 1107 1016
f 3569 3631 3632 3570
f 40 41 43 42
f 1339 1422 1423 1340
f 4435 4503 4505 4437
f 4524 4592 4593 4525
f 634 635 637 636
f 548 597 598 549
f 3011 3078 3079 3012
f 5041 5105 5106 5042
f 2989 3055 3057 2991
f 2974 3041 3042 2976
f 2983 3049 3050 2984
f 2976 3042 3043 2977
f 803 842 843 804
f 1065 1158 1159 1066
f 1378 1461 1462 1379
f 3020 3088 3089 3021
f 2981 3047 3046 2980
f 2998 3067 3066 3000
f 1500 1580 1581 1501
f 338 388 389 339
f 428 468 469 429
f 414 454 455 415
f 5025 5087 5089 5024
f 2933 3006 3007 2934
f 4411 4477 4478 4413
f 3000 3066 3068 3001
f 2145 2209 2210 2146
f 1370 1453 1454 1371
f 104 128 129 105
f 2869 2944 2945 2870
f 3014 3081 3083 3082
f 3007 3074 3075 3008
f 4508 4576 4577 4509
f 2733 2807 2808 2734
f 3006 3073 3074 3007
f 3013 3080 3081 3014
f 2991 3057 3058 2992
f 3024 3093 3092 3026
f 859 902 903 860
f 644 679 680 645
f 2907 2982 2983 2908
f 5017 5077 5078 5018
f 2943 3016 3015 2942
f 2982 3048 3049 2983
f 3008 3075 3076 3009
f 2085 2148 2147 2084
f 241 281 282 242
f 5685 5702 5703 5686
f 3060 3128 3129 3061
f 1515 1593 1594 1516
f 2910 2985 2986 2911
f 2984 3050 3051 2985
f 1146 1241 1242 1147
f 947 1007 1008 948
f 3098 3164 3165 3099
f 2587 2665 2666 2588
f 4226 4284 4285 4227
f 714 748 749 715
f 2782 2854 2855 2783
f 1548 1628 1629 1549
f 200 201 202 165
f 3053 3119 3120 3054
f 3038 3102 3104 3037
f 3039 3105 3106 3040
f 5082 5083 5085 5084
f 402 444 445 403
f 1303 1388 1389 1304
f 865 910 911 866
f 4218 4275 4276 4219
f 3037 3104 3105 3039
f 4643 4645 4644 4581
f 3063 3131 3132 3065
f 4564 4628 4629 4565
f 1669 1737 1738 1670
f 3021 3089 3090 3022
f 2956 3027 3028 2957
f 2170 2237 2238 2171
f 1532 1612 1613 1533
f 3048 3114 3115 3049
f 2357 2423 2424 2358
f 724 758 759 725
f 5057 5119 5120 5058
f 658 698 699 657
f 232 271 272 231
f 3078 3143 3144 3079
f 3079 3144 3145 3080
f 3080 3145 3146 3081
f 1051 1144 1145 1052
f 1001 1080 1081 1002
f 3107 3176 3177 3108
f 2465 2544 2545 2466
f 466 516 517 467
f 3071 3136 3137 3072
f 3070 3135 3136 3071
f 4548 4614 4615 4549
f 1123 1222 1223 1124
f 3186 3257 3258 3187
f 3665 3720 3721 3666
f 3116 3185 3186 3117
f 1419 1499 1500 1420
f 3046 3112 3114 3048
f 2621 2698 2699 2622
f 3096 3162 3163 3097
f 1447 1529 1530 1448
f 574 620 621 575
f 4266 4333 4334 4267
f 3077 3142 3143 3078
f 2106 2169 2170 2107
f 3047 3113 3112 3046
f 3088 3152 3153 3089
f 296 352 353 297
f 3617 3677 3678 3618
f 3109 3178 3179 3110
f 4499 4566 4567 4500
f 2959 3030 3031 2960
f 3056 3124 3123 3055
f 1211 1298 1299 1212
f 780 816 817 781
f 3139 3207 3208 3140
f 3102 3172 3173 3104
f 1403 1484 1483 1404
f 2823 2896 2897 2824
f 2992 3058 3059 2993
f 570 572 571 533
f 993 1072 1073 994
f 3609 3669 3670 3610
f 5081 5147 5148 5083
f 3125 3193 3194 3126
f 3126 3194 3195 3127
f 3103 3170 3172 3102
f 2840 2916 2917 2841
f 2245 2315 2316 2247
f 3170 3242 3243 3172
f 3117 3186 3187 3118
f 3164 3231 3232 3165
f 4483 4552 4553 4485
f 1756 1801 1802 1757
f 3120 3189 3190 3122
f 699 733 734 700
f 1591 1666 1667 1592
f 3142 3210 3211 3143
f 3085 3149 3148 3084
f 3586 3647 3648 3587
f 4732 4793 4795 4731
f 25 28 27 26
f 852 895 896 853
f 646 681 683 648
f 5073 5139 5140 5074
f 3029 3096 3097 3030
f 3134 3202 3201 3133
f 1809 1849 1850 1810
f 376 420 421 377
f 3151 3219 3220 3152
f 3179 3250 3251 3180
f 2169 2236 2237 2170
f 5065 5130 5131 5064
f 1459 1541 1542 1460
f 3110 3179 3180 3111
f 3143 3211 3212 3144
f 5146 5203 5204 5147
f 3481 3543 3544 3482
f 764 800 801 765
f 1458 1540 1541 1459
f 3054 3120 3122 3121
f 3149 3217 3216 3148
f 3119 3188 3189 3120
f 3160 3227 3228 3161
f 1435 1514 1515 1436
f 2193 2259 2260 2194
f 718 752 751 717
f 3196 3267 3268 3197
f 3173 3244 3245 3174
f 3152 3220 3221 3153
f 3538 3601 3602 3539
f 3197 3268 3269 3198
f 527 567 568 528
f 1450 1532 1533 1451
f 4298 4365 4366 4299
f 1443 1524 1525 1442
f 4531 4599 4600 4532
f 1628 1698 1699 1629
f 3128 3196 3197 3129
f 3175 3246 3247 3176
f 5066 5132 5133 5067
f 1507 1585 1587 1509
f 233 273 274 234
f 1746 1792 1793 1747
f 464 514 515 465
f 3189 3260 3261 3190
f 666 707 708 667
f 4644 4706 4708 4646
f 3250 3317 3318 3251
f 3633 3691 3692 3634
f 4290 4359 4360 4291
f 3181 3252 3254 3183
f 3166 3233 3234 3168
f 2797 2871 2872 2798
f 3192 3263 3262 3191
f 1919 1956 1957 1920
f 798 836 837 797
f 3092 3159 3160 3094
f 3157 3224 3226 3159
f 3198 3269 3270 3199
f 3199 3270 3271 3200
f 3216 3282 3284 3218
f 3493 3555 3556 3494
f 698 732 733 699
f 4579 4581 4580 4512
f 3230 3296 3297 3231
f 1499 1579 1580 1500
f 4628 4689 4688 4629
f 1635 1702 1704 1637
f 956 1032 1031 955
f 1753 1798 1797 1752
f 5727 5740 5741 5728
f 3221 3287 3288 3222
f 3222 3288 3289 3223
f 1612 1684 1685 1613
f 3232 3298 3299 3233
f 738 773 774 739
f 1097 1098 1101 1100
f 3237 3306 3307 3240
f 2804 2877 2876 2803
f 3174 3245 3246 3175
f 3231 3297 3298 3232
f 3224 3290 3292 3226
f 1755 1800 1801 1756
f 3338 3399 3400 3339
f 3267 3334 3335 3268
f 1209 1296 1297 1210
f 3207 3275 3274 3208
f 2154 2215 2216 2155
f 3200 3271 3273 3272
f 3781 3838 3839 3782
f 2055 2119 2120 2056
f 1498 1578 1579 1499
f 3284 3342 3343 3285
f 1475 1557 1558 1476
f 4563 4626 4628 4564
f 3183 3254 3255 3184
f 862 907 906 861
f 1052 1145 1146 1053
f 5185 5234 5235 5186
f 3253 3320 3319 3252
f 3246 3313 3314 3247
f 3127 3195 3196 3128
f 3136 3204 3205 3137
f 3657 3712 3713 3658
f 505 547 548 506
f 600 641 642 601
f 3245 3312 3313 3246
f 3270 3337 3338 3271
f 1668 1736 1737 1669
f 4684 4746 4747 4685
f 1827 1866 1868 1829
f 3322 3383 3384 3323
f 3363 3364 3365 3304
f 3263 3330 3329 3262
f 3256 3323 3324 3257
f 3649 3705 3706 3650
f 3296 3354 3355 3297
f 3295 3353 3354 3296
f 802 841 842 803
f 2183 2249 2250 2184
f 926 986 987 927
f 5129 5190 5189 5128
f 3229 3295 3296 3230
f 4547 4613 4614 4548
f 1652 1723 1724 1653
f 4660 4722 4723 4661
f 3381 3442 3444 3383
f 1116 1213 1214 1118
f 3641 3699 3700 3642
f 3324 3385 3386 3325
f 3165 3232 3233 3166
f 3303 3366 3367 3305
f 1122 1221 1220 1121
f 2217 2283 2284 2218
f 3331 3392 3393 3332
f 5121 5184 5185 5122
f 3101 3103 3102 3038
f 3294 3352 3353 3295
f 3359 3362 3361 3360
f 1028 1113 1114 1030
f 2019 2020 2022 2021
f 1538 1618 1619 1539
f 688 723 724 689
f 2741 2815 2816 2742
f 3286 3344 3345 3287
f 3271 3338 3339 3273
f 3304 3365 3366 3303
f 866 911 912 867
f 2241 2309 2310 2242
f 1651 1722 1723 1652
f 2545 2629 2630 2546
f 3254 3321 3322 3255
f 3570 3632 3633 3571
f 3360 3361 3364 3363
f 2011 2084 2086 2014
f 1204 1291 1292 1205
f 3356 3416 3417 3357
f 3182 3253 3252 3181
f 1732 1779 1780 1733
f 3264 3331 3332 3265
f 4389 4451 4452 4390
f 481 527 528 482
f 998 1077 1078 999
f 4394 4457 4458 4395
f 778 814 815 779
f 3062 3130 3131 3063
f 3341 3402 3401 3340
f 3386 3447 3448 3387
f 2123 2187 2188 2124
f 768 804 805 769
f 1851 1888 1889 1852
f 2790 2862 2863 2791
f 3327 3388 3389 3328
f 5122 5185 5186 5123
f 922 982 983 923
f 2463 2542 2543 2464
f 1530 1610 1611 1531
f 4386 4448 4449 4387
f 3309 3371 3372 3310
f 4739 4802 4803 4740
f 3351 3411 3412 3352
f 4716 4778 4779 4717
f 3973 4024 4025 3974
f 1268 1353 1354 1269
f 3227 3293 3294 3228
f 2250 2319 2320 2251
f 730 765 766 731
f 1692 1757 1758 1693
f 3344 3405 3406 3345
f 4669 4731 4733 4671
f 1049 1141 1142 1048
f 502 544 545 503
f 4690 4752 4753 4691
f 1054 1147 1148 1055
f 3375 3436 3437 3376
f 3374 3435 3436 3375
f 3376 3437 3438 3377
f 2275 2346 2347 2277
f 3474 3536 3538 3476
f 1777 1817 1816 1776
f 5145 5202 5203 5146
f 1563 1642 1643 1564
f 4891 4954 4956 4955
f 3367 3428 3429 3368
f 4700 4760 4759 4699
f 2607 2684 2685 2608
f 994 1073 1074 995
f 3411 3476 3477 3412
f 824 863 864 825
f 3365 3426 3427 3366
f 3342 3403 3404 3343
f 3335 3396 3397 3336
f 1332 1415 1416 1333
f 2363 2428 2429 2364
f 3745 3804 3805 3746
f 2497 2582 2583 2498
f 3397 3460 3461 3398
f 2194 2260 2261 2195
f 3287 3345 3346 3288
f 3392 3455 3456 3393
f 4965 5030 5031 4966
f 1033 1123 1124 1034
f 3428 3491 3492 3429
f 3135 3203 3204 3136
f 4659 4721 4722 4660
f 3384 3445 3446 3385
f 2435 2512 2513 2436
f 3458 3519 3520 3459
f 1142 1237 1238 1143
f 4418 4483 4485 4484
f 1547 1627 1628 1548
f 3398 3461 3462 3399
f 2831 2907 2908 2832
f 3352 3412 3413 3353
f 1050 1143 1144 1051
f 2751 2825 2826 2752
f 3689 3743 3744 3690
f 896 942 943 897
f 3413 3478 3479 3414
f 3422 3486 3487 3424
f 1916 1953 1954 1917
f 3288 3346 3347 3289
f 3459 3520 3521 3460
f 1396 1479 1480 1397
f 5169 5224 5225 5170
f 3405 3470 3471 3406
f 4635 4694 4696 4695
f 3674 3729 3730 3675
f 3144 3212 3213 3145
f 3373 3434 3435 3374
f 3460 3521 3522 3461
f 3438 3501 3502 3439
f 3439 3502 3503 3440
f 2848 2925 2924 2849
f 4565 4629 4630 4566
f 2257 2326 2327 2258
f 3681 3736 3737 3682
f 5161 5216 5217 5162
f 3317 3379 3380 3318
f 3430 3493 3494 3431
f 2068 2132 2133 2069
f 1867 1904 1903 1866
f 1206 1293 1294 1207
f 1316 1401 1400 1318
f 960 1036 1037 961
f 1595 1670 1671 1596
f 3406 3471 3472 3407
f 3407 3472 3473 3408
f 4860 4922 4924 4862
f 3673 3728 3729 3674
f 2273 2344 2345 2274
f 5153 5208 5209 5154
f 3445 3508 3509 3446
f 3350 3409 3411 3351
f 3602 3662 3663 3603
f 5210 5262 5263 5211
f 57 76 77 58
f 1647 1717 1719 1648
f 3491 3553 3554 3492
f 3492 3554 3555 3493
f 3469 3531 3532 3470
f 4691 4753 4754 4692
f 1820 1859 1860 1821
f 3472 3534 3535 3473
f 106 130 131 107
f 1009 1088 1089 1010
f 1610 1682 1683 1611
f 4458 4529 4530 4459
f 1579 1655 1656 1580
f 3462 3523 3524 3463
f 3463 3524 3525 3465
f 4988 5051 5053 4990
f 3311 3373 3374 3312
f 4915 4983 4984 4916
f 1270 1355 1356 1271
f 1024 1111 1112 1026
f 3485 3547 3548 3486
f 3529 3592 3591 3528
f 5573 5607 5608 5574
f 1602 1673 1675 1603
f 4450 4518 4519 4451
f 3477 3539 3540 3478
f 3486 3548 3549 3487
f 3487 3549 3550 3488
f 3432 3495 3496 3433
f 585 586 588 587
f 2731 2803 2805 2730
f 3451 3453 3452 3391
f 3404 3469 3470 3405
f 3453 3514 3513 3452
f 4675 4737 4738 4676
f 1804 1844 1845 1805
f 5162 5217 5218 5163
f 1202 1289 1290 1203
f 3594 3654 3655 3595
f 3697 3751 3752 3698
f 536 576 577 537
f 762 799 800 764
f 3511 3571 3572 3512
f 5141 5198 5199 5142
f 4780 4848 4849 4781
f 3191 3262 3264 3193
f 1334 1417 1418 1335
f 1104 1201 1202 1103
f 1627 1697 1698 1628
f 3510 3570 3571 3511
f 102 126 127 103
f 3496 3558 3559 3497
f 1604 1676 1677 1605
f 1793 1833 1834 1794
f 2513 2598 2599 2514
f 3509 3569 3570 3510
f 3494 3556 3557 3495
f 3495 3557 3558 3496
f 3528 3591 3593 3530
f 2867 2942 2944 2869
f 321 322 323 266
f 3555 3618 3619 3556
f 3556 3619 3620 3557
f 3533 3596 3597 3534
f 3470 3532 3533 3471
f 3471 3533 3534 3472
f 4764 4833 4834 4765
f 1290 1375 1376 1291
f 3578 3639 3640 3579
f 1650 1721 1722 1651
f 5249 5296 5297 5250
f 1611 1683 1684 1612
f 2234 2302 2303 2235
f 3415 3480 3481 3416
f 3544 3607 3608 3545
f 2955 3026 3027 2956
f 3343 3404 3405 3344
f 4723 4785 4786 4724
f 3549 3612 3613 3550
f 1868 1905 1906 1869
f 3536 3599 3601 3538
f 398 440 441 399
f 1684 1747 1748 1685
f 1406 1486 1487 1407
f 1160 1255 1256 1161
f 3512 3572 3574 3573
f 3543 3606 3607 3544
f 3027 3094 3095 3028
f 1145 1240 1241 1146
f 3729 3787 3788 3730
f 5209 5261 5262 5210
f 3541 3604 3605 3542
f 3542 3605 3606 3543
f 3440 3503 3504 3441
f 1362 1445 1446 1363
f 1588 1663 1664 1589
f 3595 3655 3656 3596
f 3596 3656 3657 3597
f 4812 4878 4879 4813
f 3567 3629 3630 3568
f 5773 5778 5779 5774
f 1361 1442 1444 1360
f 3721 3779 3780 3722
f 5201 5253 5254 5202
f 3517 3579 3580 3518
f 3568 3630 3631 3569
f 1852 1889 1890 1853
f 1754 1799 1800 1755
f 1788 1828 1827 1787
f 1470 1552 1553 1471
f 1240 1327 1328 1241
f 3461 3522 3523 3462
f 3566 3628 3627 3565
f 3591 3651 3653 3593
f 3592 3652 3651 3591
f 3195 3266 3267 3196
f 129 155 156 130
f 3705 3759 3760 3706
f 5193 5243 5244 5194
f 3325 3386 3387 3326
f 4707 4769 4768 4706
f 3575 3636 3638 3577
f 4796 4863 4864 4797
f 1442 1525 1526 1444
f 3666 3721 3722 3667
f 3627 3685 3687 3629
f 3628 3686 3685 3627
f 3581 3642 3643 3582
f 3606 3666 3667 3607
f 3551 3614 3615 3552
f 4530 4598 4599 4531
f 1698 1763 1764 1699
f 1835 1874 1875 1836
f 3582 3643 3644 3583
f 3642 3700 3701 3643
f 3608 3668 3669 3609
f 3291 3349 3348 3290
f 3631 3689 3690 3632
f 842 885 886 843
f 1312 1397 1398 1313
f 3550 3613 3614 3551
f 1900 1938 1939 1901
f 3600 3660 3659 3599
f 990 1069 1070 991
f 1876 1916 1917 1878
f 3629 3687 3688 3630
f 3615 3675 3676 3616
f 3576 3637 3636 3575
f 3371 3432 3433 3372
f 1526 1606 1607 1527
f 3621 3681 3682 3622
f 3478 3540 3541 3479
f 3639 3697 3698 3640
f 5194 5244 5245 5195
f 1522 1603 1604 1524
f 4522 4591 4592 4524
f 1690 1755 1756 1691
f 3597 3657 3658 3598
f 3358 3418 3420 3419
f 1884 1922 1921 1883
f 4844 4907 4908 4845
f 598 638 640 599
f 681 718 717 683
f 3531 3594 3595 3532
f 3532 3595 3596 3533
f 794 830 831 795
f 3630 3688 3689 3631
f 3655 3710 3711 3656
f 3640 3698 3699 3641
f 1262 1346 1348 1263
f 3746 3805 3806 3747
f 1062 1155 1156 1063
f 5217 5269 5270 5218
f 1747 1793 1794 1748
f 4883 4947 4948 4884
f 3647 3702 3704 3648
f 3664 3719 3720 3665
f 3507 3567 3568 3508
f 3767 3824 3825 3768
f 2314 2379 2378 2313
f 3653 3707 3709 3654
f 3623 3683 3684 3624
f 4828 4892 4894 4830
f 1594 1669 1670 1595
f 1948 1991 1992 1949
f 3211 3278 3279 3212
f 1384 1467 1468 1385
f 3559 3622 3623 3560
f 3678 3733 3734 3679
f 3680 3735 3736 3681
f 3579 3640 3641 3580
f 609 649 650 610
f 1170 1264 1265 1171
f 2529 2614 2615 2531
f 3423 3485 3486 3422
f 3670 3725 3726 3671
f 3672 3727 3728 3673
f 1598 1601 1600 1599
f 3730 3788 3789 3731
f 3707 3766 3767 3709
f 3716 3774 3775 3717
f 3825 3881 3882 3826
f 3677 3732 3733 3678
f 3638 3696 3697 3639
f 3679 3734 3735 3680
f 3648 3704 3705 3649
f 1670 1738 1739 1671
f 3911 3963 3964 3912
f 4586 4651 4652 4587
f 1707 1769 1770 1708
f 2266 2335 2336 2267
f 2052 2116 2117 2053
f 3584 3646 3645 3585
f 3659 3714 3716 3661
f 2012 2085 2084 2011
f 3777 3834 3835 3778
f 1456 1538 1539 1457
f 3709 3767 3768 3710
f 4787 4855 4856 4788
f 3794 3797 3796 3795
f 3448 3511 3512 3449
f 1682 1745 1746 1683
f 2313 2378 2380 2315
f 3795 3796 3798 3740
f 5241 5290 5291 5242
f 3685 3739 3741 3687
f 3702 3756 3758 3704
f 1924 1961 1962 1925
f 2009 2012 2011 2010
f 3748 3807 3809 3750
f 1766 1807 1806 1765
f 3661 3716 3717 3662
f 3726 3784 3785 3727
f 3719 3777 3778 3720
f 3704 3758 3759 3705
f 1166 1260 1262 1168
f 2329 2394 2395 2330
f 3605 3665 3666 3606
f 5233 5284 5285 5234
f 4771 4839 4840 4772
f 3711 3769 3770 3712
f 4980 5044 5045 4981
f 3075 3140 3141 3076
f 2791 2863 2864 2792
f 1787 1827 1829 1789
f 1544 1624 1625 1545
f 3742 3801 3802 3743
f 3687 3741 3742 3688
f 5282 5329 5330 5283
f 3733 3791 3792 3734
f 5225 5277 5278 5226
f 3734 3792 3793 3735
f 3690 3744 3745 3691
f 3752 3811 3812 3753
f 17 18 20 19
f 73 95 96 74
f 3757 3816 3815 3756
f 3780 3837 3838 3781
f 3710 3768 3769 3711
f 1972 2047 2049 2048
f 3744 3803 3804 3745
f 4073 4126 4127 4074
f 3802 3858 3859 3803
f 1913 1914 1915 1877
f 4650 4712 4713 4651
f 1771 1812 1813 1772
f 3654 3709 3710 3655
f 3751 3810 3811 3752
f 3712 3770 3771 3713
f 3891 3946 3947 3892
f 4199 4254 4255 4200
f 3803 3859 3860 3804
f 1624 1694 1695 1625
f 3773 3830 3829 3772
f 4819 4883 4884 4820
f 3775 3832 3833 3776
f 2164 2232 2233 2166
f 3765 3822 3821 3764
f 4610 4673 4674 4611
f 3766 3823 3824 3767
f 1964 2006 2007 1965
f 5234 5285 5286 5235
f 2126 2190 2189 2125
f 1105 1203 1204 1106
f 1778 1818 1819 1779
f 3692 3746 3747 3693
f 3741 3800 3801 3742
f 4908 4976 4977 4909
f 3791 3848 3849 3792
f 3963 4015 4016 3964
f 3890 3945 3946 3891
f 1846 1883 1885 1848
f 1112 1210 1211 1113
f 3783 3840 3841 3784
f 1842 1881 1882 1843
f 4335 4400 4401 4336
f 1770 1811 1812 1771
f 3388 3449 3450 3389
f 3790 3847 3848 3791
f 826 865 866 827
f 3759 3818 3819 3760
f 3776 3833 3834 3777
f 1694 1759 1760 1695
f 2260 2329 2330 2261
f 2034 2096 2098 2097
f 1819 1858 1859 1820
f 3695 3749 3748 3694
f 3808 3864 3863 3807
f 2470 2471 2473 2472
f 385 429 430 386
f 3785 3842 3843 3786
f 4122 4174 4176 4124
f 3797 3851 3853 3796
f 4803 4870 4871 4804
f 2004 2079 2080 2005
f 4892 4959 4961 4894
f 4155 4208 4210 4154
f 3874 3930 3931 3876
f 1926 1963 1964 1927
f 2076 2139 2141 2078
f 3829 3886 3885 3831
f 5313 5360 5361 5314
f 1825 1864 1865 1826
f 1803 1843 1844 1804
f 3822 3878 3877 3821
f 3815 3871 3870 3817
f 3832 3887 3888 3833
f 1914 1951 1952 1915
f 4471 4541 4542 4472
f 3867 3922 3923 3868
f 461 511 512 462
f 3901 3902 3904 3852
f 2857 2933 2934 2858
f 3824 3880 3881 3825
f 3839 3894 3895 3840
f 4219 4276 4278 4277
f 2332 2397 2398 2333
f 1818 1857 1858 1819
f 3876 3931 3933 3932
f 3837 3892 3893 3838
f 3798 3854 3855 3799
f 3784 3841 3842 3785
f 2678 2753 2754 2679
f 2353 2419 2420 2354
f 2697 2770 2771 2698
f 3805 3861 3862 3806
f 1988 2065 2066 1989
f 3720 3778 3779 3721
f 4291 4360 4361 4292
f 2236 2304 2305 2237
f 2006 2081 2082 2007
f 3749 3808 3807 3748
f 3863 3919 3920 3865
f 4940 5004 5005 4941
f 1970 2045 2046 1969
f 2369 2434 2435 2370
f 3817 3870 3872 3818
f 1856 1893 1892 1855
f 3613 3673 3674 3614
f 3774 3831 3832 3775
f 3855 3908 3909 3856
f 3864 3917 3919 3863
f 3823 3879 3880 3824
f 2298 2365 2366 2299
f 3888 3943 3944 3889
f 2302 2369 2370 2303
f 2404 2467 2469 2468
f 3923 3973 3974 3924
f 2617 2694 2693 2616
f 3333 3394 3395 3334
f 4867 4929 4930 4868
f 3722 3780 3781 3723
f 4924 4988 4990 4925
f 2338 2402 2404 2403
f 3870 3928 3927 3872
f 2749 2823 2824 2750
f 2100 2101 2104 2103
f 3904 3956 3957 3905
f 4443 4511 4513 4445
f 297 353 354 298
f 3809 3865 3866 3810
f 3940 3990 3992 3991
f 3952 3954 3953 3903
f 3895 3950 3951 3896
f 2042 2108 2109 2044
f 3954 4004 4006 3953
f 2070 2134 2135 2071
f 906 956 955 908
f 3919 3969 3970 3920
f 3910 3962 3963 3911
f 3872 3927 3929 3873
f 4507 4575 4576 4508
f 4807 4809 4808 4745
f 3801 3857 3858 3802
f 4722 4784 4785 4723
f 4843 4906 4907 4844
f 2459 2538 2539 2460
f 2020 2089 2090 2022
f 5266 5313 5314 5267
f 3302 3303 3305 3238
f 2460 2539 2540 2461
f 4003 4005 4004 3954
f 1928 1965 1966 1929
f 2139 2203 2205 2141
f 1858 1895 1896 1859
f 1121 1220 1222 1123
f 4571 4637 4636 4573
f 2134 2198 2199 2135
f 74 96 97 75
f 3877 3935 3934 3879
f 3934 3984 3986 3936
f 3935 3985 3984 3934
f 4964 5029 5030 4965
f 2114 2180 2179 2116
f 4066 4118 4119 4068
f 1850 1887 1888 1851
f 4994 5057 5058 4995
f 3928 3977 3976 3927
f 3927 3976 3978 3929
f 2838 2914 2916 2840
f 4903 4971 4972 4904
f 3843 3898 3899 3844
f 5281 5328 5329 5282
f 3465 3525 3527 3526
f 3918 3968 3967 3917
f 3960 4012 4013 3961
f 2532 2616 2618 2534
f 1614 1686 1687 1615
f 1992 2069 2070 1993
f 1899 1937 1938 1900
f 3518 3580 3581 3519
f 4956 5018 5019 4958
f 1113 1211 1212 1114
f 2198 2264 2265 2199
f 1441 1443 1442 1361
f 3949 4001 4002 3950
f 3894 3949 3950 3895
f 4018 4069 4071 4020
f 4731 4795 4796 4733
f 1841 1880 1881 1842
f 4004 4054 4055 4006
f 3981 4031 4032 3983
f 3782 3839 3840 3783
f 3903 3953 3955 3902
f 2210 2275 2277 2276
f 5071 5137 5136 5070
f 1875 1912 1914 1913
f 4762 4831 4832 4763
f 3662 3717 3718 3663
f 3831 3885 3887 3832
f 3976 4028 4027 3978
f 4795 4862 4863 4796
f 2612 2689 2690 2613
f 4019 4070 4069 4018
f 2072 2136 2137 2073
f 3997 4045 4046 3998
f 3366 3427 3428 3367
f 3703 3757 3756 3702
f 3968 4019 4018 3967
f 3838 3893 3894 3839
f 3905 3957 3958 3906
f 2393 2457 2458 2394
f 5305 5352 5353 5306
f 3989 4038 4039 3990
f 2798 2872 2873 2799
f 3431 3494 3495 3432
f 3936 3986 3987 3937
f 4036 4088 4089 4037
f 2262 2331 2332 2263
f 3957 4009 4010 3958
f 1662 1729 1731 1663
f 2839 2915 2914 2838
f 3880 3936 3937 3881
f 2516 2601 2602 2517
f 4875 4937 4939 4874
f 3857 3910 3911 3858
f 5297 5344 5345 5298
f 3885 3942 3941 3887
f 5109 5174 5175 5110
f 3810 3866 3867 3811
f 2274 2345 2346 2275
f 4051 4105 4106 4053
f 2136 2200 2201 2137
f 1931 1974 1973 1930
f 5163 5218 5219 5164
f 2676 2751 2752 2677
f 5289 5336 5337 5290
f 4021 4072 4073 4022
f 4060 4113 4112 4061
f 3841 3896 3897 3842
f 4045 4096 4097 4046
f 3990 4039 4040 3992
f 2380 2443 2445 2381
f 3728 3786 3787 3729
f 3414 3479 3480 3415
f 4794 4861 4860 4793
f 1915 1952 1953 1916
f 4209 4265 4266 4208
f 3999 4047 4048 4000
f 3456 3517 3518 3457
f 4323 4389 4390 4325
f 2409 2486 2487 2410
f 2200 2266 2267 2201
f 4931 4996 4997 4932
f 4053 4106 4107 4054
f 4937 5001 5003 4939
f 2856 2932 2933 2857
f 41 62 63 43
f 3959 4011 4012 3960
f 2350 2416 2417 2351
f 4101 4102 4104 4052
f 2116 2179 2181 2117
f 1784 1824 1825 1785
f 1162 1257 1258 1163
f 817 856 857 818
f 4786 4854 4855 4787
f 4046 4097 4098 4047
f 4029 4079 4080 4030
f 4055 4108 4109 4056
f 5684 5701 5702 5685
f 5083 5148 5149 5085
f 4114 4167 4168 4115
f 4070 4123 4122 4069
f 890 936 937 891
f 4079 4130 4132 4080
f 5316 5363 5364 5317
f 4462 4533 4534 4463
f 5359 5407 5408 5360
f 4024 4075 4076 4025
f 5147 5204 5205 5148
f 2092 2155 2156 2093
f 3498 3560 3561 3499
f 5681 5698 5699 5682
f 2402 2466 2467 2404
f 2756 2829 2831 2758
f 3833 3888 3889 3834
f 3980 4030 4031 3981
f 1963 2005 2006 1964
f 4062 4114 4115 4063
f 5036 5099 5101 5037
f 601 642 643 602
f 4123 4175 4174 4122
f 1704 1765 1767 1705
f 4077 4131 4130 4079
f 4094 4146 4145 4093
f 4095 4147 4148 4096
f 1930 1973 1975 1932
f 4194 4248 4249 4195
f 2256 2325 2324 2255
f 4109 4163 4164 4110
f 4086 4139 4138 4085
f 4087 4140 4141 4088
f 4096 4148 4149 4097
f 5527 5562 5563 5528
f 2585 2663 2664 2586
f 1947 1990 1991 1948
f 4054 4107 4108 4055
f 4063 4115 4116 4064
f 4734 4797 4798 4735
f 2900 2901 2904 2903
f 4196 4198 4197 4146
f 4125 4177 4178 4126
f 3998 4046 4047 3999
f 4007 4056 4057 4008
f 5377 5425 5426 5378
f 553 602 603 554
f 5315 5362 5363 5316
f 2478 2479 2481 2480
f 2320 2385 2386 2321
f 4117 4170 4171 4118
f 4971 5035 5036 4972
f 2228 2229 2231 2165
f 4127 4179 4180 4128
f 1922 1959 1958 1921
f 4178 4233 4234 4179
f 5337 5386 5387 5338
f 4085 4138 4140 4087
f 4126 4178 4179 4127
f 4151 4204 4206 4205
f 4112 4165 4167 4114
f 2466 2545 2546 2467
f 5663 5685 5686 5664
f 3987 4036 4037 3988
f 4150 4203 4204 4151
f 4037 4089 4090 4038
f 2140 2204 2203 2139
f 5012 5072 5073 5013
f 5395 5441 5442 5396
f 2892 2967 2968 2893
f 3865 3920 3921 3866
f 4180 4235 4236 4181
f 4159 4214 4215 4160
f 4947 5010 5011 4948
f 4160 4215 4216 4161
f 5086 5088 5087 5025
f 1217 1303 1304 1219
f 2462 2541 2542 2463
f 5329 5376 5377 5330
f 4207 4209 4208 4155
f 4166 4221 4220 4165
f 4128 4180 4181 4129
f 5483 5521 5522 5484
f 2812 2885 2886 2813
f 1857 1894 1895 1858
f 4135 4186 4187 4137
f 4158 4213 4214 4159
f 4152 4155 4154 4153
f 2546 2630 2631 2547
f 2441 2518 2519 2442
f 4203 4258 4259 4204
f 4134 4185 4186 4135
f 3893 3948 3949 3894
f 3850 3852 3851 3797
f 4032 4082 4084 4083
f 4638 4701 4702 4639
f 3036 3037 3039 2972
f 1962 2004 2005 1963
f 2392 2456 2457 2393
f 4149 4202 4203 4150
f 2362 2427 2428 2363
f 2970 2971 2974 2973
f 5068 5134 5135 5069
f 313 314 316 315
f 2526 2611 2612 2527
f 5321 5368 5369 5322
f 2131 2195 2196 2132
f 5011 5070 5072 5012
f 2196 2262 2263 2197
f 4184 4239 4240 4185
f 5635 5660 5661 5636
f 4242 4300 4301 4243
f 3889 3944 3945 3890
f 4244 4306 4308 4246
f 4190 4244 4246 4192
f 4183 4238 4237 4182
f 4208 4266 4267 4210
f 2618 2695 2696 2619
f 192 227 228 193
f 4214 4271 4272 4215
f 4995 5058 5059 4996
f 962 1038 1039 963
f 4215 4272 4273 4216
f 5052 5114 5113 5051
f 5707 5721 5723 5708
f 3044 3110 3111 3045
f 4243 4301 4303 4302
f 4213 4270 4271 4214
f 2172 2239 2240 2173
f 4224 4282 4283 4225
f 5630 5655 5656 5631
f 1161 1256 1257 1162
f 3881 3937 3938 3882
f 4286 4288 4287 4230
f 4261 4264 4263 4262
f 4874 4939 4940 4876
f 4222 4279 4281 4223
f 4231 4290 4291 4232
f 4216 4273 4274 4217
f 4 6 5 3
f 2614 2691 2692 2615
f 4157 4212 4213 4158
f 2456 2535 2536 2457
f 4198 4253 4252 4197
f 4223 4281 4282 4224
f 4192 4246 4247 4193
f 2682 2757 2756 2684
f 4338 4403 4404 4339
f 3873 3929 3930 3874
f 4866 4928 4929 4867
f 4142 4193 4194 4143
f 4191 4245 4244 4190
f 5330 5377 5378 5331
f 4143 4194 4195 4144
f 5198 5250 5251 5199
f 320 371 372 322
f 4275 4342 4343 4276
f 4124 4176 4177 4125
f 970 971 973 972
f 4006 4055 4056 4007
f 4015 4064 4065 4016
f 5116 5178 5180 5117
f 159 193 194 160
f 3100 3166 3168 3167
f 1986 2063 2064 1987
f 5345 5393 5394 5346
f 4246 4308 4309 4247
f 4248 4310 4311 4249
f 4255 4318 4319 4256
f 132 158 159 133
f 1153 1248 1249 1154
f 2686 2759 2760 2687
f 2520 2605 2607 2522
f 2003 2078 2079 2004
f 4272 4339 4340 4273
f 2372 2437 2438 2373
f 2738 2812 2813 2739
f 4322 4388 4389 4323
f 1978 2055 2056 1979
f 2601 2679 2680 2602
f 188 223 224 189
f 5092 5159 5160 5093
f 488 532 534 487
f 4179 4234 4235 4180
f 4308 4375 4376 4309
f 4245 4307 4306 4244
f 3882 3938 3939 3883
f 423 463 464 424
f 2206 2271 2272 2207
f 3172 3243 3244 3173
f 4914 4982 4983 4915
f 4285 4353 4355 4354
f 5155 5210 5211 5156
f 4287 4356 4358 4289
f 4288 4357 4356 4287
f 2600 2678 2679 2601
f 3827 3883 3884 3828
f 1987 2064 2065 1988
f 2434 2511 2512 2435
f 4279 4347 4349 4281
f 4280 4348 4347 4279
f 268 325 326 270
f 2457 2536 2537 2458
f 937 997 998 938
f 4327 4328 4330 4264
f 2818 2891 2892 2819
f 4256 4319 4320 4257
f 3156 3158 3157 3093
f 4339 4404 4405 4340
f 5369 5417 5418 5370
f 4309 4376 4377 4310
f 4310 4377 4378 4311
f 3826 3882 3883 3827
f 4200 4255 4256 4201
f 47 65 66 49
f 2473 2549 2551 2550
f 3969 4020 4021 3970
f 4348 4412 4411 4347
f 4301 4368 4369 4303
f 4278 4344 4346 4345
f 2292 2359 2361 2360
f 4056 4109 4110 4057
f 5361 5409 5410 5362
f 2814 2887 2888 2815
f 4253 4316 4315 4252
f 4254 4317 4318 4255
f 4319 4385 4386 4320
f 4320 4386 4387 4321
f 5547 5549 5548 5514
f 4165 4220 4222 4167
f 2664 2739 2740 2665
f 2394 2458 2459 2395
f 4343 4408 4409 4344
f 5308 5355 5356 5309
f 33 56 57 34
f 5353 5401 5402 5354
f 3929 3978 3979 3930
f 2059 2123 2124 2060
f 5075 5141 5142 5076
f 2268 2339 2341 2270
f 5418 5463 5464 5419
f 4657 4719 4720 4658
f 5111 5176 5177 5112
f 4342 4407 4408 4343
f 4341 4406 4407 4342
f 4359 4422 4423 4360
f 4360 4423 4424 4361
f 492 536 537 494
f 185 220 221 186
f 4387 4449 4450 4388
f 4366 4429 4430 4367
f 4365 4428 4429 4366
f 4351 4415 4416 4352
f 4352 4416 4417 4353
f 983 1062 1063 984
f 4410 4473 4475 4474
f 3921 3971 3972 3922
f 4396 4459 4460 4397
f 2099 2102 2101 2100
f 4381 4443 4445 4383
f 588 630 631 590
f 4328 4394 4395 4330
f 792 828 829 793
f 2878 2953 2954 2879
f 4946 5008 5010 4947
f 4373 4435 4437 4375
f 5059 5121 5122 5060
f 4391 4393 4392 4329
f 5362 5410 5411 5363
f 2978 3044 3045 2979
f 3340 3401 3403 3342
f 1961 2003 2004 1962
f 2744 2818 2819 2745
f 4349 4413 4414 4350
f 4382 4444 4443 4381
f 4263 4331 4332 4265
f 5204 5256 5257 5205
f 623 663 664 624
f 1177 1271 1272 1178
f 4498 4565 4566 4499
f 4938 5002 5001 4937
f 4419 4486 4488 4421
f 946 1006 1007 947
f 4374 4436 4435 4373
f 2324 2389 2391 2326
f 4384 4446 4447 4385
f 1271 1356 1357 1272
f 976 977 978 919
f 4284 4352 4353 4285
f 2058 2122 2123 2059
f 2107 2170 2171 2108
f 4350 4414 4415 4351
f 4383 4445 4446 4384
f 4408 4471 4472 4409
f 3412 3477 3478 3413
f 2264 2333 2334 2265
f 4397 4460 4461 4398
f 4326 4329 4328 4327
f 4415 4480 4481 4416
f 5180 5229 5230 5181
f 756 791 792 757
f 577 623 624 578
f 3964 4016 4017 3965
f 2958 3029 3030 2959
f 4421 4488 4489 4422
f 5107 5172 5173 5108
f 2308 2375 2376 2309
f 4424 4491 4492 4425
f 3050 3116 3117 3051
f 1273 1358 1359 1274
f 2050 2114 2116 2052
f 2091 2154 2155 2092
f 4414 4479 4480 4415
f 4431 4497 4498 4432
f 4416 4481 4482 4417
f 820 859 860 821
f 4482 4551 4552 4483
f 2330 2395 2396 2331
f 4460 4531 4532 4461
f 1543 1623 1624 1544
f 3937 3987 3988 3938
f 4423 4490 4491 4424
f 4438 4506 4507 4439
f 4392 4456 4457 4394
f 876 922 923 877
f 1056 1149 1150 1057
f 3030 3097 3098 3031
f 5433 5478 5479 5434
f 4437 4505 4506 4438
f 5091 5158 5159 5092
f 4399 4462 4463 4400
f 4336 4401 4402 4337
f 3138 3206 3207 3139
f 3476 3538 3539 3477
f 4429 4495 4496 4430
f 4454 4526 4527 4456
f 3866 3921 3922 3867
f 5260 5307 5308 5261
f 1167 1261 1260 1166
f 1897 1935 1936 1898
f 2872 2947 2948 2873
f 4405 4468 4469 4406
f 4446 4514 4515 4447
f 2356 2422 2423 2357
f 4448 4516 4517 4449
f 3490 3552 3553 3491
f 2489 2575 2576 2490
f 4491 4559 4560 4492
f 4455 4525 4526 4454
f 4422 4489 4490 4423
f 4472 4542 4543 4473
f 1004 1083 1084 1005
f 3396 3459 3460 3397
f 2098 2160 2162 2161
f 4357 4420 4419 4356
f 4479 4548 4549 4480
f 5220 5272 5274 5222
f 3210 3277 3278 3211
f 2505 2590 2591 2506
f 3094 3160 3161 3095
f 5401 5447 5448 5402
f 2418 2495 2496 2419
f 4488 4556 4557 4489
f 2340 2406 2405 2339
f 1084 1175 1176 1085
f 3540 3603 3604 3541
f 3961 4013 4014 3962
f 4516 4586 4587 4517
f 4197 4252 4254 4199
f 4515 4585 4586 4516
f 4480 4549 4550 4481
f 4495 4561 4563 4496
f 2159 2220 2221 2160
f 561 608 609 562
f 3953 4006 4007 3955
f 5393 5439 5440 5394
f 3909 3961 3962 3910
f 5139 5197 5196 5140
f 4487 4555 4554 4486
f 4456 4527 4528 4457
f 4554 4620 4622 4556
f 2960 3031 3032 2961
f 2283 2351 2352 2284
f 4478 4547 4548 4479
f 4463 4534 4535 4464
f 5402 5448 5449 5403
f 1148 1243 1244 1149
f 1336 1419 1420 1337
f 3158 3225 3224 3157
f 2689 2762 2763 2690
f 1034 1124 1125 1035
f 4518 4588 4589 4519
f 4407 4470 4471 4408
f 5292 5339 5340 5293
f 3945 3997 3998 3946
f 4525 4593 4594 4526
f 5123 5186 5187 5124
f 4271 4338 4339 4272
f 4512 4580 4582 4511
f 3290 3348 3350 3292
f 3612 3672 3673 3613
f 4555 4621 4620 4554
f 4556 4622 4623 4557
f 2451 2528 2529 2452
f 4534 4602 4603 4535
f 4023 4074 4075 4024
f 4536 4604 4605 4537
f 2130 2194 2195 2131
f 1201 1288 1289 1202
f 5018 5078 5079 5019
f 4477 4546 4547 4478
f 4526 4594 4595 4527
f 1783 1823 1824 1784
f 3238 3305 3306 3237
f 3040 3106 3107 3041
f 986 1065 1066 987
f 4486 4554 4556 4488
f 2508 2593 2594 2509
f 5276 5323 5324 5277
f 4682 4744 4746 4684
f 2122 2186 2187 2123
f 2187 2253 2254 2188
f 4430 4496 4497 4431
f 3962 4014 4015 3963
f 4552 4618 4619 4553
f 2431 2508 2509 2432
f 4459 4530 4531 4460
f 4549 4615 4616 4550
f 5010 5071 5070 5011
f 4270 4337 4338 4271
f 4567 4631 4632 4568
f 4544 4610 4611 4545
f 1300 1385 1386 1301
f 1488 1568 1569 1489
f 2758 2831 2832 2759
f 5298 5345 5346 5299
f 4573 4636 4638 4574
f 4014 4063 4064 4015
f 2668 2743 2744 2669
f 4520 4590 4591 4522
f 3354 3414 3415 3355
f 3700 3754 3755 3701
f 3326 3387 3388 3327
f 5409 5455 5456 5410
f 2171 2238 2239 2172
f 5323 5370 5371 5324
f 4527 4595 4596 4528
f 4464 4535 4536 4465
f 1364 1447 1448 1365
f 1185 1278 1279 1187
f 3906 3958 3959 3907
f 2514 2599 2600 2515
f 4344 4409 4410 4346
f 2711 2784 2785 2712
f 4666 4728 4729 4667
f 1921 1958 1960 1923
f 3112 3181 3183 3114
f 4589 4654 4655 4590
f 4598 4663 4664 4599
f 2420 2497 2498 2421
f 4064 4116 4117 4065
f 1428 1507 1509 1430
f 4581 4644 4646 4580
f 2633 2710 2711 2634
f 5499 5537 5538 5500
f 4591 4656 4657 4592
f 5492 5530 5531 5493
f 4636 4699 4701 4638
f 4557 4623 4624 4558
f 4566 4630 4631 4567
f 4615 4678 4679 4616
f 5490 5528 5529 5491
f 3418 3483 3484 3420
f 4651 4713 4714 4652
f 2468 2469 2471 2470
f 4493 4562 4561 4495
f 5058 5120 5121 5059
f 2458 2537 2538 2459
f 4631 4691 4692 4632
f 4624 4686 4687 4625
f 2335 2400 2401 2336
f 2219 2285 2286 2220
f 3184 3255 3256 3185
f 5243 5292 5293 5244
f 4623 4685 4686 4624
f 5676 5693 5694 5677
f 908 955 957 909
f 1648 1719 1720 1649
f 4057 4110 4111 4058
f 5473 5475 5474 5431
f 4621 4683 4682 4620
f 4622 4684 4685 4623
f 4599 4664 4665 4600
f 4592 4657 4658 4593
f 113 115 114 92
f 3764 3821 3823 3766
f 3390 3454 3455 3392
f 4676 4738 4739 4677
f 4645 4707 4706 4644
f 4646 4708 4709 4647
f 4535 4603 4604 4536
f 5442 5485 5486 5443
f 2370 2435 2436 2371
f 2521 2606 2605 2520
f 4049 4052 4051 4050
f 5211 5263 5264 5212
f 2203 2268 2270 2205
f 2452 2529 2531 2530
f 5364 5412 5413 5365
f 5285 5332 5333 5286
f 3676 3731 3732 3677
f 4683 4745 4744 4682
f 5425 5469 5470 5426
f 4661 4723 4724 4662
f 4662 4724 4725 4663
f 4647 4709 4710 4648
f 4648 4710 4711 4649
f 3993 4041 4043 3995
f 2537 2621 2622 2538
f 3248 3315 3316 3249
f 4653 4715 4716 4654
f 4654 4716 4717 4655
f 1748 1794 1795 1749
f 4672 4734 4735 4673
f 528 568 569 529
f 3454 3515 3516 3455
f 5417 5462 5463 5418
f 4629 4688 4690 4630
f 4630 4690 4691 4631
f 5348 5396 5397 5349
f 4708 4770 4771 4709
f 3985 4034 4033 3984
f 1018 1108 1109 1020
f 4574 4638 4639 4575
f 4671 4733 4734 4672
f 4688 4750 4752 4690
f 3546 3609 3610 3547
f 4715 4777 4778 4716
f 1169 1263 1264 1170
f 5106 5171 5172 5107
f 2267 2336 2338 2337
f 5275 5322 5323 5276
f 2436 2513 2514 2437
f 4680 4742 4743 4681
f 2879 2954 2955 2880
f 147 181 182 148
f 2226 2290 2292 2291
f 3336 3397 3398 3337
f 4685 4747 4748 4686
f 4686 4748 4749 4687
f 4703 4763 4764 4704
f 4656 4718 4719 4657
f 3599 3659 3661 3601
f 1944 1987 1988 1945
f 3534 3597 3598 3535
f 5090 5157 5158 5091
f 4709 4771 4772 4710
f 4710 4772 4773 4711
f 4679 4741 4742 4680
f 4600 4665 4666 4601
f 5436 5481 5480 5438
f 4612 4675 4676 4613
f 2218 2284 2285 2219
f 2251 2320 2321 2252
f 5259 5306 5307 5260
f 4655 4717 4718 4656
f 4712 4774 4775 4713
f 1908 1946 1947 1909
f 3908 3960 3961 3909
f 4595 4660 4661 4596
f 2816 2889 2890 2817
f 4725 4787 4788 4726
f 4726 4788 4789 4727
f 3946 3998 3999 3947
f 3610 3670 3671 3611
f 4792 4794 4793 4732
f 633 673 674 635
f 4009 4058 4059 4010
f 3416 3481 3482 3417
f 2484 2570 2571 2485
f 4718 4780 4781 4719
f 5404 5450 5451 5405
f 1980 2057 2058 1981
f 4834 4898 4899 4835
f 3622 3682 3683 3623
f 2649 2725 2726 2650
f 4717 4779 4780 4718
f 4694 4756 4757 4696
f 4744 4810 4811 4746
f 4736 4799 4800 4737
f 4727 4789 4790 4728
f 3879 3934 3936 3880
f 2096 2159 2160 2098
f 1945 1988 1989 1946
f 4772 4840 4841 4773
f 4693 4755 4756 4694
f 2044 2109 2110 2045
f 4720 4782 4783 4721
f 3988 4037 4038 3989
f 4779 4847 4848 4780
f 5529 5564 5565 5530
f 4637 4700 4699 4636
f 2498 2583 2584 2499
f 4751 4816 4815 4750
f 5474 5515 5516 5476
f 3698 3752 3753 3699
f 289 345 346 290
f 2258 2327 2328 2259
f 3488 3550 3551 3489
f 4509 4577 4578 4510
f 5307 5354 5355 5308
f 2476 2555 2556 2479
f 5476 5516 5517 5477
f 3479 3541 3542 3480
f 4810 4876 4877 4811
f 3694 3748 3750 3696
f 5457 5500 5501 5458
f 4757 4822 4823 4758
f 4750 4815 4817 4752
f 2224 2289 2290 2226
f 4082 4134 4135 4084
f 4041 4094 4093 4043
f 4804 4871 4872 4805
f 2443 2520 2522 2445
f 4782 4850 4851 4783
f 4775 4843 4844 4776
f 4760 4829 4828 4759
f 2204 2269 2268 2203
f 4100 4103 4102 4101
f 4811 4877 4878 4812
f 5449 5492 5493 5450
f 1098 1191 1192 1101
f 3770 3827 3828 3771
f 4784 4852 4853 4785
f 1281 1366 1367 1282
f 4033 4085 4087 4035
f 3560 3623 3624 3561
f 4759 4828 4830 4761
f 2300 2367 2368 2301
f 3972 4023 4024 3973
f 3758 3817 3818 3759
f 5441 5484 5485 5442
f 4797 4864 4865 4798
f 5291 5338 5339 5292
f 4735 4798 4799 4736
f 4439 4507 4508 4440
f 4017 4066 4068 4067
f 4789 4857 4858 4790
f 4836 4901 4900 4838
f 4798 4865 4866 4799
f 4663 4725 4726 4664
f 5452 5495 5496 5453
f 2364 2429 2430 2365
f 2577 2655 2657 2579
f 5186 5235 5236 5187
f 4790 4858 4859 4791
f 4543 4609 4610 4544
f 4808 4874 4876 4810
f 3834 3889 3890 3835
f 4132 4182 4184 4133
f 4851 4914 4915 4852
f 3632 3690 3691 3633
f 4765 4834 4835 4767
f 4758 4823 4825 4824
f 4815 4881 4880 4817
f 4800 4867 4868 4801
f 4071 4124 4125 4072
f 265 324 325 268
f 2290 2358 2359 2292
f 5178 5227 5229 5180
f 1042 1137 1138 1045
f 4702 4762 4763 4703
f 2660 2735 2736 2661
f 4768 4836 4838 4770
f 4711 4773 4774 4712
f 2355 2421 2422 2356
f 4748 4813 4814 4749
f 4582 4647 4648 4583
f 4034 4086 4085 4033
f 4728 4790 4791 4729
f 2500 2585 2586 2501
f 4898 4965 4966 4899
f 3854 3907 3908 3855
f 5489 5527 5528 5490
f 4829 4893 4892 4828
f 4838 4900 4902 4839
f 4855 4918 4919 4856
f 4608 4671 4672 4609
f 4848 4911 4912 4849
f 2282 2350 2351 2283
f 2560 2561 2563 2562
f 3696 3750 3751 3697
f 4861 4923 4922 4860
f 5491 5529 5530 5492
f 3922 3972 3973 3923
f 5660 5682 5683 5661
f 4212 4269 4270 4213
f 4755 4820 4821 4756
f 2665 2740 2741 2666
f 2331 2396 2397 2332
f 2594 2672 2673 2595
f 4847 4910 4911 4848
f 5570 5604 5605 5571
f 2572 2648 2649 2573
f 3334 3395 3396 3335
f 4451 4519 4520 4452
f 4877 4941 4942 4878
f 4900 4970 4969 4902
f 4878 4942 4943 4879
f 4823 4887 4888 4825
f 4880 4944 4946 4882
f 5039 5103 5104 5040
f 1233 1320 1321 1234
f 1810 1850 1851 1811
f 5218 5270 5271 5219
f 4870 4932 4933 4871
f 3978 4027 4029 3979
f 4936 4938 4937 4875
f 2652 2728 2729 2654
f 4978 5042 5043 4979
f 3059 3127 3128 3060
f 3768 3825 3826 3769
f 4869 4931 4932 4870
f 4846 4909 4910 4847
f 2556 2638 2639 2557
f 4856 4919 4920 4857
f 3986 4035 4036 3987
f 2624 2701 2702 2625
f 4113 4166 4165 4112
f 5521 5556 5557 5522
f 4845 4908 4909 4846
f 2538 2622 2623 2539
f 4292 4361 4362 4293
f 4932 4997 4998 4933
f 4773 4841 4842 4774
f 5379 5427 5428 5380
f 4887 4951 4952 4888
f 5514 5548 5550 5513
f 4607 4670 4669 4606
f 673 714 715 674
f 1468 1550 1551 1469
f 5513 5550 5551 5515
f 2395 2459 2460 2396
f 4902 4969 4971 4903
f 4962 5027 5028 4963
f 2084 2147 2149 2086
f 2297 2364 2365 2298
f 3856 3909 3910 3857
f 4909 4977 4978 4910
f 4926 4991 4992 4927
f 5548 5586 5587 5550
f 2768 2840 2841 2769
f 4963 5028 5029 4964
f 5497 5535 5536 5498
f 4933 4998 4999 4934
f 5363 5411 5412 5364
f 4911 4979 4980 4912
f 4904 4972 4973 4905
f 1 4 3 2
f 4364 4427 4426 4363
f 5020 5021 5023 5022
f 4942 5006 5007 4943
f 5258 5305 5306 5259
f 4944 5009 5008 4946
f 2540 2624 2625 2541
f 5265 5312 5313 5266
f 2593 2671 2672 2594
f 2129 2193 2194 2130
f 3920 3970 3971 3921
f 2371 2436 2437 2372
f 4934 4999 5000 4935
f 4276 4343 4344 4278
f 2860 2936 2937 2861
f 4118 4171 4172 4119
f 5250 5297 5298 5251
f 4949 5012 5013 4950
f 4910 4978 4979 4911
f 4951 5014 5015 4952
f 5532 5567 5568 5533
f 5631 5656 5657 5632
f 2609 2686 2687 2610
f 1993 2070 2071 1994
f 4876 4940 4941 4877
f 4941 5005 5006 4942
f 4854 4917 4918 4855
f 4927 4992 4993 4928
f 4960 5025 5024 4959
f 2932 3005 3006 2933
f 4917 4985 4986 4918
f 3424 3487 3488 3425
f 5419 5464 5465 5420
f 4895 4962 4963 4896
f 4952 5015 5016 4953
f 4146 4197 4199 4145
f 1696 1761 1762 1697
f 5003 5066 5067 5004
f 4588 4653 4654 4589
f 1082 1173 1174 1083
f 4966 5031 5032 4968
f 4831 4895 4896 4832
f 121 147 148 122
f 5223 5275 5276 5224
f 2354 2420 2421 2355
f 4754 4819 4820 4755
f 2427 2504 2505 2428
f 5026 5090 5091 5027
f 4182 4237 4239 4184
f 5028 5092 5093 5029
f 4981 5045 5046 4982
f 4990 5053 5054 4991
f 2596 2674 2675 2597
f 4912 4980 4981 4913
f 160 194 195 161
f 3072 3137 3138 3073
f 4665 4727 4728 4666
f 5005 5068 5069 5006
f 4983 5047 5048 4984
f 4532 4600 4601 4533
f 5403 5449 5450 5404
f 3076 3141 3142 3077
f 4864 4926 4927 4865
f 1249 1336 1337 1250
f 2610 2687 2688 2611
f 5601 5631 5632 5602
f 2411 2488 2489 2412
f 5014 5074 5075 5015
f 5015 5075 5076 5016
f 5580 5614 5615 5582
f 4089 4142 4143 4090
f 4088 4141 4142 4089
f 5021 5080 5081 5023
f 4998 5061 5062 4999
f 2580 2658 2659 2581
f 4992 5055 5056 4993
f 4210 4267 4268 4211
f 5154 5209 5210 5155
f 4302 4303 4305 4304
f 5561 5595 5596 5562
f 5013 5073 5074 5014
f 4974 5038 5039 4975
f 5031 5095 5096 5032
f 5060 5122 5123 5061
f 1081 1172 1173 1082
f 4989 5052 5051 4988
f 2578 2656 2655 2577
f 5023 5081 5083 5082
f 5032 5096 5098 5097
f 3140 3208 3209 3141
f 3208 3274 3276 3209
f 5067 5133 5134 5068
f 2849 2924 2926 2850
f 4925 4990 4991 4926
f 5475 5513 5515 5474
f 5038 5102 5103 5039
f 4991 5054 5055 4992
f 456 506 507 457
f 5564 5598 5599 5565
f 4620 4682 4684 4622
f 2386 2450 2451 2387
f 4176 4231 4232 4177
f 4010 4059 4060 4011
f 5062 5124 5125 5063
f 5056 5118 5119 5057
f 3220 3286 3287 3221
f 625 665 666 626
f 4334 4399 4400 4335
f 2761 2834 2835 2762
f 4781 4849 4850 4782
f 5443 5486 5487 5444
f 2636 2713 2714 2637
f 5040 5104 5105 5041
f 4282 4350 4351 4283
f 4105 4159 4160 4106
f 4517 4587 4588 4518
f 5070 5136 5138 5072
f 5016 5076 5077 5017
f 5546 5580 5582 5581
f 5055 5117 5118 5056
f 64 83 84 65
f 5130 5191 5192 5131
f 5099 5166 5165 5101
f 5108 5173 5174 5109
f 3917 3967 3969 3919
f 5126 5129 5128 5127
f 5079 5145 5146 5080
f 5636 5661 5662 5637
f 4153 4154 4156 4103
f 2757 2830 2829 2756
f 5046 5110 5111 5047
f 2620 2697 2698 2621
f 5080 5146 5147 5081
f 4706 4768 4770 4708
f 3368 3429 3430 3369
f 4406 4469 4470 4407
f 5322 5369 5370 5323
f 5736 5749 5751 5738
f 4982 5046 5047 4983
f 5095 5162 5163 5096
f 4097 4149 4150 4098
f 4240 4298 4299 4241
f 2807 2880 2881 2808
f 4862 4924 4925 4863
f 5087 5155 5156 5089
f 5096 5163 5164 5098
f 3372 3433 3434 3373
f 4692 4754 4755 4693
f 5131 5192 5193 5132
f 5314 5361 5362 5315
f 4378 4440 4441 4379
f 5604 5634 5635 5605
f 2625 2702 2703 2626
f 2410 2487 2488 2411
f 5586 5618 5619 5587
f 5053 5115 5116 5054
f 4470 4539 4541 4471
f 5569 5603 5604 5570
f 3601 3661 3662 3602
f 4590 4655 4656 4591
f 5127 5128 5130 5065
f 5120 5183 5184 5121
f 3444 3507 3508 3445
f 4596 4661 4662 4597
f 2474 2477 2476 2475
f 4312 4379 4380 4314
f 2499 2584 2585 2500
f 4999 5062 5063 5000
f 1016 1107 1108 1018
f 2641 2718 2719 2642
f 5043 5107 5108 5044
f 2705 2778 2779 2706
f 1476 1558 1559 1477
f 4022 4073 4074 4023
f 4839 4902 4903 4840
f 5104 5169 5170 5105
f 3508 3568 3569 3509
f 4756 4821 4822 4757
f 3974 4025 4026 3975
f 2658 2733 2734 2659
f 5149 5206 5207 5151
f 4551 4617 4618 4552
f 5152 5153 5154 5088
f 4434 4500 4502 4501
f 617 657 659 619
f 4550 4616 4617 4551
f 5202 5254 5255 5203
f 5196 5249 5250 5198
f 2346 2412 2413 2347
f 292 348 349 293
f 4031 4081 4082 4032
f 5024 5089 5090 5026
f 632 672 673 633
f 3656 3711 3712 3657
f 5165 5220 5222 5167
f 20 35 36 22
f 5157 5212 5213 5158
f 2855 2931 2932 2856
f 4872 4934 4935 4873
f 1296 1381 1382 1297
f 4820 4884 4885 4821
f 5102 5167 5168 5103
f 5133 5194 5195 5134
f 5354 5402 5403 5355
f 4353 4417 4418 4355
f 3252 3319 3321 3254
f 4616 4679 4680 4617
f 3660 3715 3714 3659
f 1265 1350 1351 1266
f 2041 2042 2044 2043
f 4376 4438 4439 4377
f 5061 5123 5124 5062
f 5531 5566 5567 5532
f 2948 3021 3022 2949
f 4072 4125 4126 4073
f 4514 4584 4585 4515
f 5290 5337 5338 5291
f 5227 5280 5279 5229
f 5593 5623 5624 5594
f 2539 2623 2624 2540
f 5190 5238 5240 5189
f 5143 5200 5201 5144
f 5650 5672 5673 5651
f 3732 3790 3791 3733
f 3800 3856 3857 3801
f 5189 5240 5241 5191
f 5252 5299 5300 5253
f 5206 5258 5259 5207
f 5105 5170 5171 5106
f 493 494 496 495
f 1608 1680 1681 1609
f 4201 4256 4257 4202
f 5213 5265 5266 5214
f 5515 5551 5552 5516
f 2716 2789 2790 2717
f 165 202 203 164
f 3796 3853 3854 3798
f 4884 4948 4949 4885
f 5207 5259 5260 5208
f 5222 5274 5275 5223
f 5168 5223 5224 5169
f 4602 4667 4668 4603
f 1257 1344 1345 1258
f 4614 4677 4678 4615
f 58 77 78 59
f 5231 5282 5283 5232
f 1192 1283 1284 1194
f 5274 5321 5322 5275
f 4161 4216 4217 4162
f 5585 5617 5618 5586
f 2515 2600 2601 2516
f 5214 5266 5267 5215
f 2700 2773 2774 2701
f 5716 5731 5732 5717
f 3260 3327 3328 3261
f 3944 3996 3997 3945
f 5267 5314 5315 5268
f 4440 4508 4509 4441
f 5229 5279 5281 5230
f 5246 5248 5247 5197
f 5247 5294 5296 5249
f 5232 5283 5284 5233
f 49 66 68 67
f 4948 5011 5012 4949
f 4145 4199 4200 4147
f 5577 5611 5613 5579
f 5221 5273 5272 5220
f 5110 5175 5176 5111
f 3514 3576 3575 3513
f 5256 5303 5304 5257
f 2657 2732 2733 2658
f 4678 4740 4741 4679
f 5284 5331 5332 5285
f 5197 5247 5249 5196
f 5700 5716 5717 5701
f 5239 5288 5287 5238
f 4020 4071 4072 4021
f 4868 4930 4931 4869
f 4137 4187 4189 4188
f 5394 5440 5441 5395
f 1154 1249 1250 1155
f 5272 5319 5321 5274
f 5215 5267 5268 5216
f 2192 2258 2259 2193
f 2673 2748 2749 2674
f 5299 5346 5347 5300
f 4504 4572 4571 4503
f 5151 5207 5208 5153
f 5579 5613 5614 5580
f 5264 5311 5312 5265
f 4084 4135 4137 4136
f 2808 2881 2882 2809
f 2482 2568 2570 2484
f 5378 5426 5427 5379
f 2571 2647 2648 2572
f 5254 5301 5302 5255
f 2748 2822 2823 2749
f 5240 5289 5290 5241
f 4778 4846 4847 4779
f 1241 1328 1329 1242
f 4742 4805 4806 4743
f 5148 5205 5206 5149
f 5269 5316 5317 5270
f 5294 5341 5343 5296
f 5279 5326 5328 5281
f 5184 5233 5234 5185
f 1816 1855 1857 1818
f 5338 5387 5388 5339
f 2562 2563 2565 2564
f 4016 4065 4066 4017
f 5301 5348 5349 5302
f 5756 5765 5766 5757
f 5303 5350 5351 5304
f 2448 2525 2526 2449
f 4264 4330 4331 4263
f 5179 5228 5227 5178
f 4576 4640 4641 4577
f 2732 2806 2807 2733
f 5563 5597 5598 5564
f 5296 5343 5344 5297
f 4260 4323 4325 4324
f 5076 5142 5143 5077
f 4169 4224 4225 4170
f 2721 2793 2795 2723
f 2555 2637 2638 2556
f 5319 5366 5368 5321
f 5310 5357 5358 5311
f 5320 5367 5366 5319
f 4850 4913 4914 4851
f 665 706 707 666
f 5302 5349 5350 5303
f 5317 5364 5365 5318
f 5311 5358 5359 5312
f 5732 5745 5746 5733
f 4332 4397 4398 4333
f 5426 5470 5471 5427
f 4830 4894 4895 4831
f 5356 5404 5405 5357
f 5309 5356 5357 5310
f 5262 5309 5310 5263
f 5287 5334 5336 5289
f 5336 5385 5386 5337
f 2736 2810 2811 2737
f 4400 4463 4464 4401
f 1977 2054 2055 1978
f 5673 5690 5691 5674
f 5277 5324 5325 5278
f 2642 2719 2720 2643
f 4106 4160 4161 4107
f 5328 5375 5376 5329
f 4412 4476 4477 4411
f 5156 5211 5212 5157
f 5371 5419 5420 5372
f 4640 4703 4704 4641
f 2788 2860 2861 2789
f 5627 5652 5653 5628
f 5304 5351 5352 5305
f 4930 4995 4996 4931
f 641 677 676 642
f 2522 2607 2608 2523
f 5342 5390 5389 5341
f 5205 5257 5258 5206
f 5343 5391 5392 5344
f 5634 5659 5660 5635
f 2344 2410 2411 2345
f 5410 5456 5457 5411
f 4894 4961 4962 4895
f 5077 5143 5144 5078
f 5367 5415 5414 5366
f 5366 5414 5416 5368
f 21 22 24 23
f 5306 5353 5354 5307
f 5349 5397 5398 5350
f 2772 2844 2845 2773
f 5360 5408 5409 5361
f 4580 4646 4647 4582
f 4528 4596 4597 4529
f 4193 4247 4248 4194
f 5625 5650 5651 5626
f 2739 2813 2814 2740
f 5595 5625 5626 5596
f 5383 5430 5432 5382
f 5384 5433 5434 5385
f 5002 5065 5064 5001
f 5268 5315 5316 5269
f 5411 5457 5458 5412
f 5412 5458 5459 5413
f 1250 1337 1338 1251
f 5382 5432 5433 5384
f 5375 5423 5424 5376
f 5772 5777 5778 5773
f 4652 4714 4715 4653
f 1353 1435 1436 1354
f 4185 4240 4241 4186
f 5617 5645 5646 5618
f 5374 5422 5421 5373
f 5400 5446 5447 5401
f 3312 3374 3375 3313
f 5140 5196 5198 5141
f 4958 5019 5021 5020
f 5397 5443 5444 5398
f 5351 5399 5400 5352
f 5392 5438 5439 5393
f 4724 4786 4787 4725
f 2713 2786 2787 2714
f 4177 4232 4233 4178
f 5074 5140 5141 5075
f 5295 5342 5341 5294
f 5350 5398 5399 5351
f 5368 5416 5417 5369
f 2912 2987 2988 2913
f 4704 4764 4765 4705
f 5270 5317 5318 5271
f 5159 5214 5215 5160
f 5312 5359 5360 5313
f 3616 3676 3677 3617
f 5332 5379 5380 5333
f 5451 5494 5495 5452
f 5609 5639 5640 5610
f 5389 5437 5436 5391
f 5118 5181 5182 5119
f 5407 5453 5454 5408
f 5192 5242 5243 5193
f 4852 4915 4916 4853
f 281 337 338 282
f 2570 2645 2647 2571
f 5468 5507 5509 5469
f 5357 5405 5406 5358
f 5414 5461 5460 5416
f 2940 3013 3014 2941
f 5424 5468 5469 5425
f 5170 5225 5226 5171
f 5482 5519 5521 5483
f 12 31 32 14
f 4186 4241 4242 4187
f 197 198 201 200
f 4776 4844 4845 4777
f 5466 5508 5507 5468
f 1194 1284 1285 1196
f 2722 2794 2793 2721
f 5738 5751 5752 5739
f 5030 5094 5095 5031
f 5444 5487 5488 5445
f 4824 4825 4827 4826
f 2651 2727 2728 2652
f 5464 5505 5506 5465
f 1297 1382 1383 1298
f 2554 2636 2637 2555
f 5458 5501 5502 5459
f 5445 5488 5489 5446
f 5462 5504 5503 5463
f 5455 5498 5499 5456
f 5456 5499 5500 5457
f 4916 4984 4985 4917
f 5578 5612 5611 5577
f 5347 5395 5396 5348
f 5324 5371 5372 5325
f 5477 5517 5518 5478
f 5454 5497 5498 5455
f 5447 5490 5491 5448
f 5432 5477 5478 5433
f 3912 3964 3965 3913
f 4928 4993 4994 4929
f 4558 4624 4625 4559
f 5633 5658 5659 5634
f 2627 2704 2705 2628
f 5430 5476 5477 5432
f 5027 5091 5092 5028
f 5493 5531 5532 5494
f 2674 2749 2750 2675
f 977 1056 1057 978
f 5524 5559 5560 5525
f 4972 5036 5037 4973
f 5523 5558 5559 5524
f 4840 4903 4904 4841
f 5674 5691 5692 5675
f 5423 5466 5468 5424
f 5242 5291 5292 5243
f 1289 1374 1375 1290
f 4265 4332 4333 4266
f 2745 2819 2820 2746
f 5485 5523 5524 5486
f 5699 5715 5716 5700
f 4138 4191 4190 4140
f 85 107 108 86
f 3520 3582 3583 3521
f 5562 5596 5597 5563
f 5182 5231 5232 5183
f 5540 5575 5576 5542
f 5453 5496 5497 5454
f 5494 5532 5533 5495
f 2852 2928 2929 2853
f 5488 5526 5527 5489
f 4444 4512 4511 4443
f 5088 5154 5155 5087
f 4225 4283 4284 4226
f 5498 5536 5537 5499
f 5528 5563 5564 5529
f 5495 5533 5534 5496
f 9 30 31 12
f 5596 5626 5627 5597
f 5373 5421 5423 5375
f 5535 5570 5571 5536
f 2691 2764 2765 2692
f 4896 4963 4964 4897
f 5526 5561 5562 5527
f 2836 2912 2913 2837
f 5657 5679 5680 5658
f 5525 5560 5561 5526
f 5683 5700 5701 5684
f 5583 5584 5585 5549
f 69 91 93 71
f 66 85 86 68
f 2737 2811 2812 2738
f 5571 5605 5606 5572
f 5572 5606 5607 5573
f 5549 5585 5586 5548
f 5550 5587 5588 5551
f 5543 5577 5579 5545
f 5544 5578 5577 5543
f 5212 5264 5265 5213
f 5500 5538 5539 5501
f 4217 4274 4275 4218
f 5649 5670 5672 5650
f 2667 2742 2743 2668
f 5534 5569 5570 5535
f 5519 5554 5556 5521
f 2753 2827 2828 2754
f 4496 4563 4564 4497
f 5238 5287 5289 5240
f 4984 5048 5049 4985
f 5502 5540 5542 5541
f 5536 5571 5572 5537
f 5300 5347 5348 5301
f 4008 4057 4058 4009
f 2121 2185 2186 2122
f 5438 5480 5482 5439
f 5496 5534 5535 5497
f 5370 5418 5419 5371
f 273 329 330 274
f 5603 5633 5634 5604
f 5641 5666 5668 5643
f 5565 5599 5600 5566
f 5731 5744 5745 5732
f 5431 5474 5476 5430
f 5440 5483 5484 5441
f 4104 4158 4159 4105
f 5642 5667 5666 5641
f 2634 2711 2712 2635
f 5628 5653 5654 5629
f 5557 5590 5592 5558
f 5574 5608 5609 5575
f 2884 2959 2960 2885
f 117 143 144 118
f 4752 4817 4818 4753
f 5533 5568 5569 5534
f 5598 5628 5629 5599
f 5567 5601 5602 5568
f 5584 5616 5617 5585
f 5484 5522 5523 5485
f 1234 1321 1322 1235
f 5607 5637 5638 5608
f 5608 5638 5639 5609
f 5450 5493 5494 5451
f 5376 5424 5425 5377
f 5334 5384 5385 5336
f 5538 5573 5574 5539
f 2723 2795 2796 2724
f 5715 5730 5731 5716
f 2868 2943 2942 2867
f 5624 5649 5650 5625
f 5556 5591 5590 5557
f 5764 5769 5771 5765
f 2626 2703 2704 2627
f 5072 5138 5139 5073
f 5605 5635 5636 5606
f 5614 5641 5643 5615
f 5623 5647 5649 5624
f 1313 1398 1399 1315
f 5064 5131 5132 5066
f 2890 2965 2966 2891
f 5615 5643 5644 5616
f 5652 5674 5675 5653
f 5746 5759 5760 5747
f 4233 4292 4293 4234
f 5530 5565 5566 5531
f 5629 5654 5655 5630
f 5606 5636 5637 5607
f 5575 5609 5610 5576
f 5616 5644 5645 5617
f 5522 5557 5558 5523
f 5520 5555 5554 5519
f 5406 5452 5453 5407
f 5516 5552 5553 5517
f 2707 2780 2781 2708
f 5582 5615 5616 5584
f 4170 4225 4226 4171
f 5592 5621 5623 5593
f 2706 2779 2780 2707
f 5600 5630 5631 5601
f 4664 4726 4727 4665
f 61 80 81 62
f 2065 2129 2130 2066
f 4584 4649 4650 4585
f 5653 5675 5676 5654
f 5771 5775 5777 5772
f 2924 2999 2998 2926
f 5448 5491 5492 5449
f 163 164 167 166
f 657 699 700 659
f 5691 5707 5708 5692
f 5132 5193 5194 5133
f 5637 5662 5663 5638
f 5654 5676 5677 5655
f 5200 5252 5253 5201
f 5730 5743 5744 5731
f 2666 2741 2742 2667
f 1337 1420 1421 1338
f 5613 5642 5641 5614
f 5678 5695 5696 5679
f 5647 5671 5670 5649
f 5208 5260 5261 5209
f 29 52 53 30
f 5714 5729 5730 5715
f 5486 5524 5525 5487
f 5708 5723 5724 5709
f 5581 5582 5584 5583
f 5755 5764 5765 5756
f 5679 5696 5697 5680
f 5594 5624 5625 5595
f 4257 4320 4321 4258
f 5753 5761 5763 5754
f 5429 5431 5430 5383
f 5694 5710 5711 5695
f 2908 2983 2984 2909
f 4080 4132 4133 4081
f 93 117 118 94
f 5729 5742 5743 5730
f 5723 5737 5736 5724
f 5224 5276 5277 5225
f 5085 5149 5151 5150
f 5686 5703 5704 5687
f 5703 5719 5720 5704
f 4249 4311 4312 4251
f 5705 5722 5721 5707
f 2883 2958 2959 2884
f 5662 5684 5685 5663
f 5695 5711 5712 5696
f 1792 1832 1833 1793
f 5632 5657 5658 5633
f 2769 2841 2842 2770
f 5566 5600 5601 5567
f 5740 5753 5754 5741
f 1338 1421 1422 1339
f 5590 5622 5621 5592
f 157 191 192 158
f 2871 2946 2947 2872
f 45 64 65 47
f 4241 4299 4300 4242
f 5697 5713 5714 5698
f 5725 5738 5739 5726
f 5446 5489 5490 5447
f 5655 5677 5678 5656
f 5682 5699 5700 5683
f 2785 2857 2858 2786
f 101 125 126 102
f 5248 5295 5294 5247
f 2793 2867 2869 2795
f 5763 5770 5769 5764
f 5288 5335 5334 5287
f 3051 3117 3118 3052
f 5142 5199 5200 5143
f 2698 2771 2772 2699
f 2841 2917 2918 2842
f 5693 5709 5710 5694
f 140 174 175 141
f 5599 5629 5630 5600
f 221 255 256 222
f 5638 5663 5664 5639
f 13 14 16 15
f 1282 1367 1368 1283
f 5439 5482 5483 5440
f 11 12 14 13
f 141 175 176 142
f 5752 5762 5761 5753
