# exported by blender_batch_chars_to_s.py fallback
v 0.753965 -0.070613 0.000000
v 0.760626 -0.069723 0.000000
v 0.760076 -0.076068 0.058003
v 0.750470 -0.076461 0.000000
v 0.770058 -0.069559 0.000000
v 0.770005 -0.076027 0.068670
v 0.780003 -0.069543 0.000000
v 0.780000 -0.076025 0.070471
v 0.790000 -0.069542 0.000000
v 0.790000 -0.076025 0.070626
v 0.800000 -0.069542 0.000000
v 0.800000 -0.076025 0.070633
v 0.810000 -0.069542 0.000000
v 0.810000 -0.076025 0.070626
v 0.819997 -0.069543 0.000000
v 0.820000 -0.076025 0.070471
v 0.829942 -0.069559 0.000000
v 0.829995 -0.076027 0.068669
v 0.839374 -0.069723 0.000000
v 0.839922 -0.076069 0.057969
v 0.846031 -0.070614 0.000000
v 0.849482 -0.076474 0.000000
v 0.704030 -0.080085 0.000000
v 0.710631 -0.079178 0.000000
v 0.710109 -0.085531 0.057558
v 0.700941 -0.086036 0.000000
v 0.720058 -0.079011 0.000000
v 0.720006 -0.085480 0.068645
v 0.730005 -0.078959 0.000000
v 0.730000 -0.085475 0.070499
v 0.740044 -0.078597 0.000000
v 0.740003 -0.085429 0.071080
v 0.750033 -0.085156 0.074300
v 0.760004 -0.085108 0.087207
v 0.770000 -0.085104 0.093928
v 0.780000 -0.085104 0.095562
v 0.790000 -0.085104 0.095779
v 0.800000 -0.085104 0.095795
v 0.810000 -0.085104 0.095779
v 0.820000 -0.085104 0.095561
v 0.830000 -0.085104 0.093912
v 0.839995 -0.085108 0.086946
v 0.849938 -0.085158 0.071543
v 0.859237 -0.078775 0.000000
v 0.859543 -0.085462 0.054377
v 0.865324 -0.079990 0.000000
v 0.866284 -0.085756 0.000000
v 0.694012 -0.088917 0.000000
v 0.700099 -0.094649 0.061713
v 0.690516 -0.095317 0.000000
v 0.710008 -0.094563 0.085200
v 0.720000 -0.094557 0.093730
v 0.730000 -0.094557 0.095530
v 0.740000 -0.094555 0.095886
v 0.750001 -0.094535 0.097004
v 0.760000 -0.094532 0.101509
v 0.770000 -0.094532 0.105984
v 0.780000 -0.094532 0.107880
v 0.790000 -0.094532 0.108261
v 0.800000 -0.094532 0.108300
v 0.810000 -0.094532 0.108261
v 0.820000 -0.094532 0.107865
v 0.830000 -0.094532 0.105845
v 0.839999 -0.094532 0.100471
v 0.849974 -0.094535 0.090689
v 0.859627 -0.094560 0.068871
v 0.866838 -0.094632 0.000000
v 0.673968 -0.098917 0.000000
v 0.680669 -0.097680 0.000000
v 0.680079 -0.104379 0.058315
v 0.670471 -0.104816 0.000000
v 0.690037 -0.104061 0.072178
v 0.700005 -0.103991 0.087834
v 0.710000 -0.103985 0.099022
v 0.720000 -0.103985 0.105246
v 0.730000 -0.103985 0.107401
v 0.740000 -0.103985 0.107958
v 0.750000 -0.103984 0.108612
v 0.760000 -0.103984 0.110866
v 0.770000 -0.103984 0.114451
v 0.780000 -0.103984 0.116965
v 0.790000 -0.103984 0.117658
v 0.800000 -0.103984 0.117755
v 0.810000 -0.103984 0.117657
v 0.820000 -0.103984 0.116835
v 0.830000 -0.103984 0.113666
v 0.840000 -0.103984 0.107541
v 0.849996 -0.103986 0.097054
v 0.859918 -0.104016 0.074727
v 0.869120 -0.104431 0.000000
v 0.634036 -0.108442 0.000000
v 0.640631 -0.107535 0.000000
v 0.640113 -0.113886 0.054032
v 0.631014 -0.114367 0.000000
v 0.650060 -0.107335 0.000000
v 0.650006 -0.113836 0.066482
v 0.660046 -0.106957 0.000000
v 0.660003 -0.113787 0.069760
v 0.670033 -0.113515 0.073257
v 0.680004 -0.113464 0.085721
v 0.690001 -0.113440 0.092549
v 0.700000 -0.113438 0.098350
v 0.710000 -0.113438 0.104599
v 0.720000 -0.113438 0.110231
v 0.730000 -0.113438 0.113212
v 0.740000 -0.113438 0.114677
v 0.750000 -0.113438 0.115900
v 0.760000 -0.113438 0.118045
v 0.770000 -0.113438 0.121583
v 0.780000 -0.113438 0.124955
v 0.790000 -0.113438 0.126254
v 0.800000 -0.113438 0.126605
v 0.810000 -0.113438 0.126360
v 0.820000 -0.113438 0.124544
v 0.830000 -0.113438 0.119417
v 0.840000 -0.113438 0.111826
v 0.849999 -0.113438 0.102285
v 0.859972 -0.113441 0.087830
v 0.869583 -0.113512 0.058691
v 0.875360 -0.107736 0.000000
v 0.876670 -0.114070 0.000000
v 0.624745 -0.117162 0.000000
v 0.630517 -0.122613 0.041957
v 0.623949 -0.122812 0.000000
v 0.640068 -0.122842 0.063609
v 0.650005 -0.122887 0.080291
v 0.660000 -0.122888 0.086592
v 0.670001 -0.122868 0.088426
v 0.680000 -0.122866 0.091100
v 0.690000 -0.122867 0.092755
v 0.700001 -0.122887 0.094917
v 0.710000 -0.122890 0.100436
v 0.720000 -0.122891 0.105893
v 0.730000 -0.122891 0.109752
v 0.740000 -0.122891 0.113307
v 0.750000 -0.122891 0.116495
v 0.760000 -0.122891 0.120116
v 0.770000 -0.122891 0.124900
v 0.780000 -0.122891 0.129919
v 0.790000 -0.122891 0.133100
v 0.800000 -0.122891 0.134829
v 0.810000 -0.122891 0.134493
v 0.820000 -0.122891 0.130783
v 0.830000 -0.122891 0.123934
v 0.840000 -0.122891 0.115936
v 0.850000 -0.122891 0.107269
v 0.859996 -0.122892 0.095909
v 0.869918 -0.122926 0.072974
v 0.879169 -0.123379 0.000000
v 0.630767 -0.129203 0.000000
v 0.624707 -0.128061 0.000000
v 0.640518 -0.131496 0.000000
v 0.650078 -0.131901 0.057270
v 0.660005 -0.131943 0.067862
v 0.670000 -0.131944 0.069667
v 0.680000 -0.131947 0.070117
v 0.690003 -0.131993 0.070732
v 0.700033 -0.132266 0.074071
v 0.710004 -0.132317 0.087223
v 0.720001 -0.132340 0.095106
v 0.730000 -0.132343 0.101266
v 0.740000 -0.132344 0.106377
v 0.750000 -0.132344 0.110470
v 0.760000 -0.132344 0.115268
v 0.770000 -0.132344 0.121347
v 0.780000 -0.132344 0.128210
v 0.790000 -0.132344 0.134828
v 0.800000 -0.132344 0.140233
v 0.810000 -0.132344 0.141257
v 0.820000 -0.132344 0.136076
v 0.830000 -0.132344 0.128343
v 0.840000 -0.132344 0.120241
v 0.850000 -0.132344 0.111698
v 0.860000 -0.132344 0.102258
v 0.869992 -0.132348 0.088494
v 0.879875 -0.132438 0.061823
v 0.885940 -0.126683 0.000000
v 0.888987 -0.133234 0.000000
v 0.650626 -0.138246 0.000000
v 0.643969 -0.137355 0.000000
v 0.660058 -0.138409 0.000000
v 0.670003 -0.138428 0.000000
v 0.680002 -0.138463 0.000000
v 0.690043 -0.138825 0.000000
v 0.700471 -0.140965 0.000000
v 0.710079 -0.141403 0.058451
v 0.720037 -0.141717 0.072350
v 0.730004 -0.141770 0.087175
v 0.740001 -0.141794 0.095197
v 0.750000 -0.141797 0.101838
v 0.760000 -0.141797 0.108686
v 0.770000 -0.141797 0.116222
v 0.780000 -0.141797 0.124217
v 0.790000 -0.141797 0.132305
v 0.800000 -0.141797 0.139938
v 0.810000 -0.141797 0.144064
v 0.820000 -0.141797 0.140252
v 0.830000 -0.141797 0.132488
v 0.840000 -0.141797 0.124210
v 0.850000 -0.141797 0.116094
v 0.860000 -0.141797 0.108210
v 0.869999 -0.141797 0.099518
v 0.879967 -0.141804 0.085426
v 0.889521 -0.141900 0.057738
v 0.895282 -0.136154 0.000000
v 0.896242 -0.142393 0.000000
v 0.710669 -0.148099 0.000000
v 0.703968 -0.146864 0.000000
v 0.720514 -0.150405 0.000000
v 0.730080 -0.150858 0.058476
v 0.740028 -0.151202 0.072944
v 0.750003 -0.151248 0.090359
v 0.760000 -0.151250 0.102433
v 0.770000 -0.151250 0.111712
v 0.780000 -0.151250 0.120242
v 0.790000 -0.151250 0.128374
v 0.800000 -0.151250 0.136424
v 0.810000 -0.151250 0.142770
v 0.820000 -0.151250 0.142716
v 0.830000 -0.151250 0.136280
v 0.840000 -0.151250 0.128269
v 0.850000 -0.151250 0.120528
v 0.860000 -0.151250 0.113242
v 0.869999 -0.151250 0.105517
v 0.879972 -0.151250 0.094219
v 0.889574 -0.151256 0.069112
v 0.896416 -0.151302 0.000000
v 0.730657 -0.157594 0.000000
v 0.723971 -0.156319 0.000000
v 0.740401 -0.160324 0.000000
v 0.750050 -0.160677 0.073390
v 0.760003 -0.160702 0.095924
v 0.770000 -0.160703 0.107251
v 0.780000 -0.160703 0.115918
v 0.790000 -0.160703 0.124199
v 0.800000 -0.160703 0.132488
v 0.810000 -0.160703 0.140160
v 0.820000 -0.160703 0.143565
v 0.830000 -0.160703 0.138806
v 0.840000 -0.160703 0.130867
v 0.850000 -0.160703 0.122542
v 0.860000 -0.160703 0.114436
v 0.869999 -0.160703 0.106036
v 0.879973 -0.160703 0.094446
v 0.889575 -0.160699 0.069145
v 0.896416 -0.160651 0.000000
v 0.750415 -0.170081 0.058691
v 0.743289 -0.169535 0.000000
v 0.760028 -0.170152 0.087657
v 0.770001 -0.170156 0.102080
v 0.780000 -0.170156 0.111672
v 0.790000 -0.170156 0.120239
v 0.800000 -0.170156 0.128318
v 0.810000 -0.170156 0.135756
v 0.820000 -0.170156 0.139557
v 0.830000 -0.170156 0.136261
v 0.840000 -0.170156 0.129333
v 0.850000 -0.170156 0.120997
v 0.860000 -0.170156 0.112102
v 0.869999 -0.170156 0.102246
v 0.879969 -0.170152 0.087698
v 0.889531 -0.170084 0.058243
v 0.896243 -0.169564 0.000000
v 0.750893 -0.179124 0.000000
v 0.744638 -0.175856 0.000000
v 0.760085 -0.179574 0.072884
v 0.770004 -0.179608 0.095894
v 0.780000 -0.179609 0.107275
v 0.790000 -0.179609 0.115988
v 0.800000 -0.179609 0.124150
v 0.810000 -0.179609 0.131014
v 0.820000 -0.179609 0.133151
v 0.830000 -0.179609 0.130199
v 0.840000 -0.179609 0.125287
v 0.850000 -0.179609 0.118372
v 0.860000 -0.179609 0.109610
v 0.869996 -0.179608 0.097831
v 0.879917 -0.179578 0.074851
v 0.889115 -0.179163 0.000000
v 0.895302 -0.175861 0.000000
v 0.760417 -0.188988 0.058688
v 0.753334 -0.188430 0.000000
v 0.770028 -0.189059 0.087850
v 0.780001 -0.189062 0.102407
v 0.790000 -0.189063 0.112323
v 0.800000 -0.189063 0.120818
v 0.810000 -0.189063 0.126442
v 0.820000 -0.189063 0.126295
v 0.830000 -0.189063 0.122741
v 0.840000 -0.189063 0.118598
v 0.850000 -0.189063 0.113486
v 0.859999 -0.189062 0.106138
v 0.869975 -0.189062 0.094654
v 0.879626 -0.189054 0.069740
v 0.886838 -0.188966 0.000000
v 0.760878 -0.198071 0.000000
v 0.754640 -0.194764 0.000000
v 0.770082 -0.198485 0.075055
v 0.780004 -0.198514 0.098171
v 0.790000 -0.198516 0.110191
v 0.800000 -0.198516 0.118156
v 0.810000 -0.198516 0.120726
v 0.820000 -0.198516 0.118661
v 0.830000 -0.198516 0.114883
v 0.840000 -0.198516 0.110618
v 0.850000 -0.198516 0.106163
v 0.859999 -0.198515 0.099088
v 0.869967 -0.198507 0.085401
v 0.879524 -0.198413 0.057772
v 0.886281 -0.197917 0.000000
v 0.770368 -0.207966 0.071979
v 0.763104 -0.207930 0.000000
v 0.780025 -0.207969 0.097155
v 0.790001 -0.207969 0.109389
v 0.800000 -0.207969 0.115750
v 0.810000 -0.207969 0.114595
v 0.820000 -0.207969 0.110665
v 0.830000 -0.207969 0.106545
v 0.840000 -0.207968 0.101339
v 0.849999 -0.207965 0.094981
v 0.859991 -0.207940 0.085316
v 0.869866 -0.207842 0.061231
v 0.878986 -0.207075 0.000000
v 0.885285 -0.204159 0.000000
v 0.770368 -0.217424 0.071972
v 0.763105 -0.217461 0.000000
v 0.780025 -0.217422 0.097051
v 0.790001 -0.217422 0.108577
v 0.800000 -0.217422 0.112460
v 0.810000 -0.217422 0.108231
v 0.820000 -0.217422 0.101831
v 0.829999 -0.217419 0.095207
v 0.839996 -0.217395 0.087178
v 0.849962 -0.217341 0.072327
v 0.859888 -0.217018 0.058012
v 0.869055 -0.216467 0.000000
v 0.875921 -0.213566 0.000000
v 0.770082 -0.226906 0.075032
v 0.760882 -0.227320 0.000000
v 0.780004 -0.226876 0.097919
v 0.790000 -0.226875 0.108149
v 0.800000 -0.226875 0.109470
v 0.810000 -0.226875 0.102412
v 0.819997 -0.226873 0.090531
v 0.829973 -0.226829 0.072978
v 0.839920 -0.226483 0.058477
v 0.849486 -0.226030 0.000000
v 0.859326 -0.223722 0.000000
v 0.865966 -0.222470 0.000000
v 0.754695 -0.230623 0.000000
v 0.760466 -0.236400 0.058281
v 0.753718 -0.236922 0.000000
v 0.770031 -0.236332 0.087712
v 0.780001 -0.236328 0.101939
v 0.790000 -0.236328 0.109095
v 0.800000 -0.236328 0.107911
v 0.809997 -0.236327 0.097868
v 0.819952 -0.236306 0.075526
v 0.829613 -0.235990 0.000000
v 0.839344 -0.233221 0.000000
v 0.846029 -0.231944 0.000000
v 0.760373 -0.245789 0.069769
v 0.753162 -0.245877 0.000000
v 0.770025 -0.245781 0.094805
v 0.780001 -0.245781 0.105794
v 0.790000 -0.245781 0.109871
v 0.799999 -0.245781 0.106501
v 0.809975 -0.245781 0.096011
v 0.819632 -0.245779 0.071661
v 0.826900 -0.245749 0.000000
v 0.760082 -0.255265 0.074835
v 0.750880 -0.255681 0.000000
v 0.770004 -0.255236 0.097486
v 0.780000 -0.255234 0.106762
v 0.790000 -0.255234 0.106553
v 0.799999 -0.255234 0.100766
v 0.809973 -0.255232 0.090630
v 0.819579 -0.255209 0.068469
v 0.826458 -0.255173 0.000000
v 0.954030 -0.250241 0.000000
v 0.960631 -0.249334 0.000000
v 0.960109 -0.255687 0.057559
v 0.950941 -0.256192 0.000000
v 0.970058 -0.249169 0.000000
v 0.970006 -0.255637 0.068646
v 0.980003 -0.249152 0.000000
v 0.980000 -0.255634 0.070470
v 0.990000 -0.249151 0.000000
v 0.990000 -0.255634 0.070626
v 1.000000 -0.249151 0.000000
v 1.000000 -0.255634 0.070633
v 1.010000 -0.249151 0.000000
v 1.010000 -0.255634 0.070633
v 1.020000 -0.249151 0.000000
v 1.020000 -0.255634 0.070626
v 1.029997 -0.249152 0.000000
v 1.030000 -0.255634 0.070470
v 1.039942 -0.249169 0.000000
v 1.039994 -0.255637 0.068646
v 1.049369 -0.249334 0.000000
v 1.049891 -0.255687 0.057559
v 1.055969 -0.250241 0.000000
v 1.059059 -0.256192 0.000000
v 0.744640 -0.258986 0.000000
v 0.750417 -0.264762 0.058689
v 0.743330 -0.265320 0.000000
v 0.760028 -0.264691 0.087779
v 0.770001 -0.264688 0.101601
v 0.780000 -0.264688 0.106979
v 0.790000 -0.264687 0.101947
v 0.799999 -0.264685 0.090411
v 0.809969 -0.264643 0.072242
v 0.819542 -0.264307 0.054405
v 0.826247 -0.264012 0.000000
v 0.944009 -0.259072 0.000000
v 0.950098 -0.264805 0.061765
v 0.940475 -0.265461 0.000000
v 0.960008 -0.264719 0.085227
v 0.970000 -0.264714 0.093757
v 0.980000 -0.264713 0.095553
v 0.990000 -0.264713 0.095778
v 1.000000 -0.264713 0.095794
v 1.010000 -0.264713 0.095794
v 1.020000 -0.264713 0.095778
v 1.030000 -0.264713 0.095553
v 1.040000 -0.264714 0.093756
v 1.049992 -0.264719 0.085226
v 1.059901 -0.264805 0.061736
v 1.065988 -0.259073 0.000000
v 1.069484 -0.265473 0.000000
v 0.750082 -0.274176 0.072963
v 0.740831 -0.274629 0.000000
v 0.760004 -0.274142 0.095723
v 0.770000 -0.274141 0.105562
v 0.780000 -0.274141 0.107098
v 0.790000 -0.274140 0.097927
v 0.799996 -0.274121 0.075941
v 0.809920 -0.273834 0.000000
v 0.819279 -0.271037 0.000000
v 0.825324 -0.269779 0.000000
v 0.913965 -0.269126 0.000000
v 0.920628 -0.268202 0.000000
v 0.920076 -0.274581 0.058031
v 0.910473 -0.274977 0.000000
v 0.930102 -0.267673 0.000000
v 0.930008 -0.274494 0.069131
v 0.940033 -0.274216 0.074263
v 0.950005 -0.274148 0.088361
v 0.960000 -0.274142 0.099426
v 0.970000 -0.274142 0.105644
v 0.980000 -0.274142 0.107819
v 0.990000 -0.274142 0.108225
v 1.000000 -0.274142 0.108267
v 1.010000 -0.274142 0.108267
v 1.020000 -0.274142 0.108225
v 1.030000 -0.274142 0.107819
v 1.040000 -0.274142 0.105637
v 1.050000 -0.274142 0.099400
v 1.059995 -0.274148 0.088175
v 1.069962 -0.274218 0.072403
v 1.079326 -0.267837 0.000000
v 1.079885 -0.274544 0.057906
v 1.085961 -0.269092 0.000000
v 1.088988 -0.275093 0.000000
v 0.734060 -0.277933 0.000000
v 0.740124 -0.283688 0.061830
v 0.731009 -0.284484 0.000000
v 0.750008 -0.283598 0.088481
v 0.760000 -0.283594 0.101953
v 0.770000 -0.283594 0.109054
v 0.780000 -0.283594 0.108107
v 0.789999 -0.283595 0.098045
v 0.799967 -0.283623 0.075570
v 0.809530 -0.284017 0.000000
v 0.883965 -0.278579 0.000000
v 0.890628 -0.277655 0.000000
v 0.890076 -0.284034 0.058027
v 0.880470 -0.284429 0.000000
v 0.900101 -0.277130 0.000000
v 0.900008 -0.283947 0.069112
v 0.910033 -0.283672 0.074120
v 0.920004 -0.283623 0.087186
v 0.930000 -0.283617 0.094032
v 0.940001 -0.283597 0.096772
v 0.950000 -0.283594 0.101749
v 0.960000 -0.283594 0.107829
v 0.970000 -0.283594 0.113382
v 0.980000 -0.283594 0.116400
v 0.990000 -0.283594 0.117133
v 1.000000 -0.283594 0.117224
v 1.010000 -0.283594 0.117224
v 1.020000 -0.283594 0.117132
v 1.030000 -0.283594 0.116384
v 1.040000 -0.283594 0.113280
v 1.050000 -0.283594 0.107540
v 1.060000 -0.283594 0.101085
v 1.069998 -0.283597 0.094402
v 1.079967 -0.283622 0.084105
v 1.089521 -0.283699 0.057440
v 1.095282 -0.277955 0.000000
v 1.096241 -0.284188 0.000000
v 0.724659 -0.287407 0.000000
v 0.730427 -0.293152 0.058186
v 0.723332 -0.293684 0.000000
v 0.740030 -0.293054 0.085567
v 0.750001 -0.293047 0.099623
v 0.760000 -0.293047 0.107986
v 0.770000 -0.293047 0.113119
v 0.780000 -0.293047 0.110739
v 0.790000 -0.293047 0.102420
v 0.799996 -0.293051 0.088749
v 0.809935 -0.293128 0.062488
v 0.816056 -0.287361 0.000000
v 0.819532 -0.293788 0.000000
v 0.843965 -0.288033 0.000000
v 0.850626 -0.287143 0.000000
v 0.850076 -0.293489 0.058002
v 0.840469 -0.293855 0.000000
v 0.860060 -0.286945 0.000000
v 0.860005 -0.293446 0.068684
v 0.870046 -0.286566 0.000000
v 0.870003 -0.293398 0.070893
v 0.880033 -0.293125 0.074246
v 0.890004 -0.293076 0.087115
v 0.900000 -0.293070 0.093857
v 0.910001 -0.293050 0.096500
v 0.920000 -0.293048 0.101167
v 0.930000 -0.293048 0.105618
v 0.940000 -0.293047 0.107867
v 0.950000 -0.293047 0.110205
v 0.960000 -0.293047 0.113893
v 0.970000 -0.293047 0.118192
v 0.980000 -0.293047 0.121294
v 0.990000 -0.293047 0.122164
v 1.000000 -0.293047 0.122283
v 1.010000 -0.293047 0.122283
v 1.020000 -0.293047 0.122149
v 1.030000 -0.293047 0.121143
v 1.040000 -0.293047 0.117402
v 1.050000 -0.293047 0.111797
v 1.060000 -0.293047 0.106502
v 1.069999 -0.293047 0.101532
v 1.079973 -0.293047 0.091936
v 1.089572 -0.293047 0.067103
v 1.096398 -0.293047 0.000000
v 0.730082 -0.302536 0.072940
v 0.720831 -0.302988 0.000000
v 0.740004 -0.302501 0.095663
v 0.750000 -0.302500 0.106634
v 0.760000 -0.302500 0.114030
v 0.770000 -0.302500 0.118190
v 0.780000 -0.302500 0.115130
v 0.790000 -0.302500 0.108282
v 0.800000 -0.302500 0.099987
v 0.809996 -0.302506 0.088414
v 0.819967 -0.302572 0.074425
v 0.830000 -0.295617 0.000000
v 0.830000 -0.302802 0.071511
v 0.840033 -0.302575 0.074280
v 0.850004 -0.302529 0.087102
v 0.860000 -0.302526 0.093683
v 0.870000 -0.302523 0.095216
v 0.880001 -0.302504 0.096336
v 0.890000 -0.302501 0.100447
v 0.900000 -0.302501 0.104231
v 0.910000 -0.302500 0.105988
v 0.920000 -0.302500 0.108100
v 0.930000 -0.302500 0.111012
v 0.940000 -0.302500 0.112878
v 0.950000 -0.302500 0.113804
v 0.960000 -0.302500 0.114823
v 0.970000 -0.302500 0.116035
v 0.980000 -0.302500 0.116970
v 0.990000 -0.302500 0.117203
v 1.000000 -0.302500 0.117228
v 1.010000 -0.302500 0.117224
v 1.020000 -0.302500 0.117132
v 1.030000 -0.302500 0.116384
v 1.040000 -0.302500 0.113280
v 1.050000 -0.302500 0.107540
v 1.060000 -0.302500 0.101085
v 1.069998 -0.302496 0.094402
v 1.079967 -0.302472 0.084105
v 1.089521 -0.302394 0.057440
v 1.096241 -0.301906 0.000000
v 0.714055 -0.306293 0.000000
v 0.720121 -0.312047 0.061920
v 0.710943 -0.312844 0.000000
v 0.730008 -0.311958 0.088502
v 0.740000 -0.311953 0.102207
v 0.750000 -0.311953 0.111412
v 0.760000 -0.311953 0.118890
v 0.770000 -0.311953 0.122781
v 0.780000 -0.311953 0.120063
v 0.790000 -0.311953 0.114272
v 0.800000 -0.311953 0.107762
v 0.810000 -0.311953 0.101476
v 0.819999 -0.311957 0.096565
v 0.830000 -0.311974 0.095473
v 0.840001 -0.311957 0.096337
v 0.850000 -0.311954 0.100379
v 0.860000 -0.311954 0.103754
v 0.870000 -0.311954 0.104072
v 0.880000 -0.311953 0.103672
v 0.890000 -0.311952 0.104338
v 0.900000 -0.311952 0.105344
v 0.910000 -0.311952 0.105794
v 0.920000 -0.311952 0.106297
v 0.930000 -0.311952 0.107093
v 0.940000 -0.311952 0.107631
v 0.950000 -0.311952 0.107812
v 0.960000 -0.311952 0.107949
v 0.970000 -0.311952 0.108111
v 0.980000 -0.311952 0.108241
v 0.990000 -0.311952 0.108267
v 1.000000 -0.311952 0.108269
v 1.010000 -0.311952 0.108267
v 1.020000 -0.311952 0.108225
v 1.030000 -0.311952 0.107819
v 1.040000 -0.311952 0.105637
v 1.050000 -0.311952 0.099400
v 1.059995 -0.311946 0.088175
v 1.069962 -0.311876 0.072403
v 1.079885 -0.311550 0.057906
v 1.088988 -0.311001 0.000000
v 1.095282 -0.308139 0.000000
v 0.704012 -0.315787 0.000000
v 0.710100 -0.321521 0.061846
v 0.700516 -0.322192 0.000000
v 0.720008 -0.321414 0.086390
v 0.730000 -0.321406 0.099612
v 0.740000 -0.321406 0.107839
v 0.750000 -0.321406 0.114711
v 0.760000 -0.321406 0.120405
v 0.770000 -0.321406 0.123185
v 0.780000 -0.321406 0.121991
v 0.790000 -0.321406 0.117710
v 0.800000 -0.321406 0.112393
v 0.810000 -0.321406 0.107923
v 0.820000 -0.321406 0.104839
v 0.830000 -0.321407 0.103579
v 0.840000 -0.321406 0.103501
v 0.850000 -0.321405 0.104056
v 0.860000 -0.321405 0.103753
v 0.870000 -0.321405 0.100380
v 0.879999 -0.321403 0.096346
v 0.890000 -0.321383 0.095434
v 0.900000 -0.321380 0.095459
v 0.910000 -0.321380 0.095506
v 0.920000 -0.321380 0.095566
v 0.930000 -0.321380 0.095673
v 0.940000 -0.321380 0.095746
v 0.950000 -0.321380 0.095763
v 0.960000 -0.321380 0.095773
v 0.970000 -0.321380 0.095784
v 0.980000 -0.321380 0.095794
v 0.990000 -0.321380 0.095795
v 1.000000 -0.321380 0.095795
v 1.010000 -0.321380 0.095794
v 1.020000 -0.321380 0.095778
v 1.030000 -0.321380 0.095553
v 1.040000 -0.321380 0.093756
v 1.049992 -0.321375 0.085226
v 1.059901 -0.321288 0.061736
v 1.069484 -0.320621 0.000000
v 1.079326 -0.318257 0.000000
v 1.085961 -0.317002 0.000000
v 0.683968 -0.325792 0.000000
v 0.690669 -0.324555 0.000000
v 0.690079 -0.331254 0.058436
v 0.680473 -0.331692 0.000000
v 0.700037 -0.330936 0.072397
v 0.710005 -0.330866 0.087924
v 0.720000 -0.330860 0.098994
v 0.730000 -0.330859 0.105878
v 0.740000 -0.330859 0.110995
v 0.750000 -0.330859 0.114469
v 0.760000 -0.330859 0.116459
v 0.770000 -0.330859 0.117199
v 0.780000 -0.330859 0.116535
v 0.790000 -0.330859 0.113726
v 0.800000 -0.330859 0.109385
v 0.810000 -0.330859 0.105240
v 0.820000 -0.330858 0.100602
v 0.829999 -0.330856 0.096348
v 0.840000 -0.330836 0.095326
v 0.850000 -0.330834 0.095100
v 0.860000 -0.330833 0.093676
v 0.869996 -0.330830 0.087101
v 0.879967 -0.330781 0.074252
v 0.889997 -0.330509 0.071055
v 0.900000 -0.330463 0.070641
v 0.910000 -0.330460 0.070615
v 0.920000 -0.330460 0.070618
v 0.930000 -0.330460 0.070626
v 0.940000 -0.330460 0.070631
v 0.950000 -0.330460 0.070632
v 0.960000 -0.330460 0.070632
v 0.970000 -0.330460 0.070633
v 0.980000 -0.330460 0.070633
v 0.990000 -0.330460 0.070633
v 1.000000 -0.330460 0.070633
v 1.010000 -0.330460 0.070633
v 1.020000 -0.330460 0.070626
v 1.030000 -0.330460 0.070470
v 1.039994 -0.330457 0.068646
v 1.049891 -0.330407 0.057559
v 1.059059 -0.329902 0.000000
v 1.065988 -0.327021 0.000000
v 0.653965 -0.335298 0.000000
v 0.660628 -0.334374 0.000000
v 0.660076 -0.340753 0.057951
v 0.650470 -0.341148 0.000000
v 0.670102 -0.333848 0.000000
v 0.670008 -0.340666 0.068854
v 0.680033 -0.340390 0.073804
v 0.690004 -0.340339 0.086902
v 0.700001 -0.340316 0.094312
v 0.710000 -0.340313 0.099028
v 0.720000 -0.340312 0.102968
v 0.730000 -0.340312 0.105448
v 0.740000 -0.340312 0.106988
v 0.750000 -0.340312 0.107821
v 0.760000 -0.340312 0.108156
v 0.770000 -0.340312 0.108226
v 0.780000 -0.340312 0.107847
v 0.790000 -0.340312 0.105899
v 0.800000 -0.340312 0.101150
v 0.809999 -0.340309 0.095010
v 0.819996 -0.340286 0.087248
v 0.829967 -0.340235 0.074260
v 0.839997 -0.339962 0.071042
v 0.850000 -0.339916 0.070469
v 0.859995 -0.339911 0.068655
v 0.869924 -0.339869 0.057997
v 0.879530 -0.339477 0.000000
v 0.889957 -0.337341 0.000000
v 0.899998 -0.336979 0.000000
v 0.910000 -0.336944 0.000000
v 0.920000 -0.336942 0.000000
v 0.930000 -0.336942 0.000000
v 0.940000 -0.336942 0.000000
v 0.950000 -0.336942 0.000000
v 0.960000 -0.336942 0.000000
v 0.970000 -0.336942 0.000000
v 0.980000 -0.336942 0.000000
v 0.990000 -0.336942 0.000000
v 1.000000 -0.336942 0.000000
v 1.010000 -0.336942 0.000000
v 1.020000 -0.336942 0.000000
v 1.029997 -0.336941 0.000000
v 1.039942 -0.336925 0.000000
v 1.049369 -0.336760 0.000000
v 1.055969 -0.335853 0.000000
v 0.603969 -0.344755 0.000000
v 0.610626 -0.343864 0.000000
v 0.610078 -0.350209 0.057947
v 0.600514 -0.350614 0.000000
v 0.620058 -0.343698 0.000000
v 0.620005 -0.350168 0.068602
v 0.630005 -0.343647 0.000000
v 0.630000 -0.350162 0.070276
v 0.640044 -0.343284 0.000000
v 0.640003 -0.350116 0.070754
v 0.650033 -0.349844 0.073878
v 0.660004 -0.349795 0.086249
v 0.670000 -0.349789 0.091647
v 0.680001 -0.349768 0.093754
v 0.690000 -0.349766 0.097981
v 0.700000 -0.349766 0.101162
v 0.710000 -0.349766 0.098999
v 0.719999 -0.349762 0.096029
v 0.730000 -0.349742 0.095546
v 0.740000 -0.349740 0.095663
v 0.750000 -0.349740 0.095758
v 0.760000 -0.349740 0.095787
v 0.770000 -0.349740 0.095778
v 0.780000 -0.349740 0.095560
v 0.790000 -0.349740 0.093917
v 0.799996 -0.349736 0.087037
v 0.809963 -0.349685 0.072335
v 0.819921 -0.349371 0.058453
v 0.829530 -0.348934 0.000000
v 0.839956 -0.346794 0.000000
v 0.849995 -0.346431 0.000000
v 0.859942 -0.346380 0.000000
v 0.869374 -0.346215 0.000000
v 0.876035 -0.345324 0.000000
v 0.583968 -0.354152 0.000000
v 0.590669 -0.352917 0.000000
v 0.590079 -0.359613 0.058310
v 0.580471 -0.360050 0.000000
v 0.600037 -0.359299 0.072049
v 0.610004 -0.359248 0.086617
v 0.620000 -0.359245 0.093091
v 0.630000 -0.359245 0.093583
v 0.640000 -0.359242 0.093017
v 0.650001 -0.359222 0.093410
v 0.660000 -0.359219 0.095101
v 0.669999 -0.359216 0.093417
v 0.680000 -0.359198 0.093122
v 0.690001 -0.359215 0.094448
v 0.700000 -0.359218 0.096206
v 0.709995 -0.359212 0.087752
v 0.719967 -0.359144 0.074314
v 0.729997 -0.358868 0.071067
v 0.740000 -0.358822 0.070655
v 0.750000 -0.358819 0.070633
v 0.760000 -0.358819 0.070633
v 0.770000 -0.358819 0.070626
v 0.780000 -0.358819 0.070471
v 0.789995 -0.358817 0.068669
v 0.799922 -0.358775 0.057974
v 0.809486 -0.358370 0.000000
v 0.819331 -0.356067 0.000000
v 0.826032 -0.354833 0.000000
v 0.543965 -0.363660 0.000000
v 0.550626 -0.362768 0.000000
v 0.550076 -0.369115 0.057946
v 0.540470 -0.369507 0.000000
v 0.560060 -0.362570 0.000000
v 0.560005 -0.369071 0.068492
v 0.570046 -0.362191 0.000000
v 0.570003 -0.369023 0.070560
v 0.580033 -0.368750 0.073614
v 0.590004 -0.368699 0.085774
v 0.600001 -0.368675 0.092496
v 0.610000 -0.368672 0.097671
v 0.620000 -0.368672 0.100398
v 0.630000 -0.368672 0.097818
v 0.639999 -0.368669 0.093738
v 0.650000 -0.368649 0.091646
v 0.659996 -0.368643 0.086250
v 0.669967 -0.368597 0.073905
v 0.680000 -0.368370 0.071164
v 0.690032 -0.368597 0.073256
v 0.699996 -0.368637 0.079666
v 0.709902 -0.368555 0.061065
v 0.719527 -0.367899 0.000000
v 0.729957 -0.365704 0.000000
v 0.739998 -0.365339 0.000000
v 0.750000 -0.365304 0.000000
v 0.760000 -0.365302 0.000000
v 0.770000 -0.365302 0.000000
v 0.779997 -0.365301 0.000000
v 0.789942 -0.365284 0.000000
v 0.799374 -0.365121 0.000000
v 0.806032 -0.364230 0.000000
v 0.493965 -0.373113 0.000000
v 0.500626 -0.372223 0.000000
v 0.500076 -0.378568 0.057974
v 0.490473 -0.378961 0.000000
v 0.510058 -0.372058 0.000000
v 0.510005 -0.378527 0.068603
v 0.520005 -0.372006 0.000000
v 0.520000 -0.378522 0.070276
v 0.530044 -0.371643 0.000000
v 0.530003 -0.378476 0.070757
v 0.540033 -0.378203 0.073921
v 0.550004 -0.378154 0.086506
v 0.560000 -0.378151 0.092085
v 0.570000 -0.378148 0.092502
v 0.580001 -0.378128 0.091729
v 0.589999 -0.378122 0.091741
v 0.600000 -0.378102 0.092677
v 0.610000 -0.378099 0.093548
v 0.620000 -0.378099 0.093096
v 0.629996 -0.378096 0.086766
v 0.639967 -0.378047 0.073796
v 0.649992 -0.377772 0.068854
v 0.659924 -0.377686 0.057955
v 0.669531 -0.377317 0.000000
v 0.680000 -0.375551 0.000000
v 0.690461 -0.377314 0.000000
v 0.699967 -0.377630 0.045829
v 0.709065 -0.377165 0.000000
v 0.715991 -0.374288 0.000000
v 0.463965 -0.382563 0.000000
v 0.470628 -0.381639 0.000000
v 0.470076 -0.388018 0.057884
v 0.460473 -0.388414 0.000000
v 0.480101 -0.381114 0.000000
v 0.480008 -0.387931 0.068839
v 0.490033 -0.387656 0.073795
v 0.500004 -0.387608 0.086766
v 0.510000 -0.387604 0.093098
v 0.520000 -0.387604 0.093585
v 0.530000 -0.387601 0.093052
v 0.540001 -0.387581 0.093751
v 0.550000 -0.387578 0.096760
v 0.560000 -0.387578 0.096612
v 0.569999 -0.387575 0.092350
v 0.579996 -0.387551 0.085763
v 0.589967 -0.387500 0.073620
v 0.599997 -0.387227 0.070711
v 0.610000 -0.387182 0.070273
v 0.619995 -0.387176 0.068602
v 0.629924 -0.387135 0.057974
v 0.639527 -0.386742 0.000000
v 0.649899 -0.384589 0.000000
v 0.659372 -0.384064 0.000000
v 0.666035 -0.383142 0.000000
v 0.699995 -0.383844 0.000000
v 0.693878 -0.383113 0.000000
v 0.706056 -0.383092 0.000000
v 0.433965 -0.392017 0.000000
v 0.440628 -0.391093 0.000000
v 0.440076 -0.397471 0.057971
v 0.430470 -0.397867 0.000000
v 0.450101 -0.390567 0.000000
v 0.450008 -0.397384 0.068872
v 0.460033 -0.397109 0.073472
v 0.470004 -0.397061 0.085654
v 0.480000 -0.397054 0.091498
v 0.490001 -0.397034 0.093723
v 0.500000 -0.397031 0.097818
v 0.510000 -0.397031 0.100408
v 0.520000 -0.397031 0.097829
v 0.529999 -0.397028 0.093886
v 0.540000 -0.397008 0.092888
v 0.550000 -0.397005 0.092115
v 0.559996 -0.397002 0.086353
v 0.569963 -0.396951 0.072019
v 0.579921 -0.396637 0.058308
v 0.589530 -0.396200 0.000000
v 0.599957 -0.394060 0.000000
v 0.609995 -0.393697 0.000000
v 0.619942 -0.393646 0.000000
v 0.629374 -0.393480 0.000000
v 0.636035 -0.392590 0.000000
v 0.393965 -0.401472 0.000000
v 0.400626 -0.400581 0.000000
v 0.400076 -0.406928 0.057976
v 0.390470 -0.407320 0.000000
v 0.410060 -0.400382 0.000000
v 0.410005 -0.406883 0.068631
v 0.420046 -0.400004 0.000000
v 0.420003 -0.406835 0.070699
v 0.430033 -0.406562 0.073929
v 0.440004 -0.406514 0.086479
v 0.450000 -0.406508 0.091850
v 0.460001 -0.406488 0.091729
v 0.469999 -0.406482 0.091729
v 0.480000 -0.406462 0.092514
v 0.490000 -0.406459 0.092911
v 0.500000 -0.406458 0.093577
v 0.510000 -0.406458 0.093098
v 0.519996 -0.406455 0.086772
v 0.529967 -0.406406 0.073945
v 0.539997 -0.406134 0.070608
v 0.549995 -0.406085 0.068495
v 0.559922 -0.406041 0.057918
v 0.569486 -0.405636 0.000000
v 0.579331 -0.403333 0.000000
v 0.586032 -0.402098 0.000000
v 0.353965 -0.410926 0.000000
v 0.360626 -0.410034 0.000000
v 0.360076 -0.416381 0.057820
v 0.350473 -0.416774 0.000000
v 0.370060 -0.409835 0.000000
v 0.370005 -0.416336 0.068427
v 0.380046 -0.409457 0.000000
v 0.380003 -0.416288 0.070657
v 0.390033 -0.416016 0.073958
v 0.400004 -0.415967 0.086773
v 0.410000 -0.415963 0.093104
v 0.420000 -0.415961 0.093689
v 0.430001 -0.415941 0.093904
v 0.440000 -0.415938 0.096629
v 0.450000 -0.415937 0.095386
v 0.459995 -0.415931 0.086630
v 0.469967 -0.415863 0.073725
v 0.479997 -0.415587 0.070708
v 0.490000 -0.415541 0.070331
v 0.500000 -0.415538 0.070248
v 0.509995 -0.415535 0.068602
v 0.519924 -0.415494 0.057975
v 0.529530 -0.415102 0.000000
v 0.539954 -0.412965 0.000000
v 0.549940 -0.412587 0.000000
v 0.559374 -0.412388 0.000000
v 0.566032 -0.411495 0.000000
v 0.324677 -0.420351 0.000000
v 0.330723 -0.419449 0.000000
v 0.330460 -0.425794 0.051253
v 0.323773 -0.426012 0.000000
v 0.340107 -0.418926 0.000000
v 0.340034 -0.425740 0.064080
v 0.350034 -0.425468 0.071471
v 0.360004 -0.425419 0.085286
v 0.370000 -0.425416 0.091494
v 0.380000 -0.425414 0.093283
v 0.390001 -0.425394 0.094016
v 0.400000 -0.425391 0.097843
v 0.410000 -0.425391 0.100410
v 0.420000 -0.425390 0.097833
v 0.429999 -0.425387 0.093880
v 0.440000 -0.425367 0.092081
v 0.449992 -0.425359 0.084621
v 0.459902 -0.425273 0.061585
v 0.469527 -0.424618 0.000000
v 0.479957 -0.422422 0.000000
v 0.489998 -0.422057 0.000000
v 0.499997 -0.422021 0.000000
v 0.509942 -0.422003 0.000000
v 0.519374 -0.421840 0.000000
v 0.526035 -0.420949 0.000000
v 0.330463 -0.434488 0.051609
v 0.323773 -0.434228 0.000000
v 0.340062 -0.434787 0.066597
v 0.350006 -0.434818 0.081286
v 0.360000 -0.434821 0.089798
v 0.370001 -0.434841 0.093145
v 0.380000 -0.434844 0.095825
v 0.389999 -0.434840 0.093803
v 0.400000 -0.434820 0.093683
v 0.410000 -0.434818 0.093104
v 0.419996 -0.434814 0.086767
v 0.429967 -0.434766 0.073810
v 0.439991 -0.434490 0.068896
v 0.449891 -0.434394 0.057536
v 0.459059 -0.433886 0.000000
v 0.465991 -0.431006 0.000000
v 0.330763 -0.441148 0.000000
v 0.324681 -0.439936 0.000000
v 0.340518 -0.443449 0.000000
v 0.350078 -0.443856 0.057382
v 0.360008 -0.443944 0.068594
v 0.370033 -0.444219 0.073085
v 0.380000 -0.444264 0.081334
v 0.389968 -0.444219 0.073285
v 0.399997 -0.443946 0.070657
v 0.409995 -0.443898 0.068630
v 0.419924 -0.443854 0.057975
v 0.429527 -0.443461 0.000000
v 0.439898 -0.441308 0.000000
v 0.449367 -0.440781 0.000000
v 0.455970 -0.439840 0.000000
v 0.350629 -0.450236 0.000000
v 0.343969 -0.449311 0.000000
v 0.360101 -0.450761 0.000000
v 0.370466 -0.452911 0.000000
v 0.380000 -0.453263 0.046247
v 0.389536 -0.452912 0.000000
v 0.399954 -0.450778 0.000000
v 0.409940 -0.450399 0.000000
v 0.419374 -0.450201 0.000000
v 0.426035 -0.449309 0.000000
v 0.594676 -0.448717 0.000000
v 0.600718 -0.447847 0.000000
v 0.600458 -0.454183 0.053555
v 0.593756 -0.454428 0.000000
v 0.610005 -0.447702 0.000000
v 0.610024 -0.454154 0.065708
v 0.619372 -0.447850 0.000000
v 0.619892 -0.454203 0.057263
v 0.625970 -0.448757 0.000000
v 0.629059 -0.454708 0.000000
v 0.874031 -0.448757 0.000000
v 0.880631 -0.447849 0.000000
v 0.880109 -0.454202 0.056922
v 0.870945 -0.454709 0.000000
v 0.890058 -0.447684 0.000000
v 0.890006 -0.454152 0.067839
v 0.900003 -0.447668 0.000000
v 0.900000 -0.454149 0.069616
v 0.910000 -0.447667 0.000000
v 0.910000 -0.454150 0.069816
v 0.920000 -0.447667 0.000000
v 0.920000 -0.454150 0.070104
v 0.929997 -0.447668 0.000000
v 0.930000 -0.454150 0.070213
v 0.939942 -0.447684 0.000000
v 0.939994 -0.454152 0.068582
v 0.949369 -0.447850 0.000000
v 0.949891 -0.454203 0.057552
v 0.955970 -0.448757 0.000000
v 0.959059 -0.454708 0.000000
v 0.380000 -0.459470 0.000000
v 0.373878 -0.458736 0.000000
v 0.386122 -0.458736 0.000000
v 0.600427 -0.463227 0.066019
v 0.593602 -0.463208 0.000000
v 0.610027 -0.463229 0.085893
v 0.619993 -0.463235 0.083830
v 0.629902 -0.463320 0.061620
v 0.635991 -0.457587 0.000000
v 0.639527 -0.463976 0.000000
v 0.864079 -0.457606 0.000000
v 0.870133 -0.463327 0.057322
v 0.861014 -0.464096 0.000000
v 0.880009 -0.463212 0.079187
v 0.890000 -0.463203 0.086438
v 0.900000 -0.463206 0.087843
v 0.910001 -0.463225 0.088589
v 0.920000 -0.463229 0.091267
v 0.930000 -0.463229 0.093266
v 0.940000 -0.463229 0.093020
v 0.949992 -0.463235 0.085099
v 0.959901 -0.463321 0.061723
v 0.965988 -0.457588 0.000000
v 0.969484 -0.463989 0.000000
v 0.600447 -0.472587 0.057921
v 0.593754 -0.472067 0.000000
v 0.610029 -0.472653 0.085765
v 0.620001 -0.472657 0.094089
v 0.629995 -0.472663 0.087532
v 0.639967 -0.472731 0.074354
v 0.649957 -0.466172 0.000000
v 0.649997 -0.473007 0.071092
v 0.659998 -0.466536 0.000000
v 0.660000 -0.473053 0.070663
v 0.670000 -0.466572 0.000000
v 0.670000 -0.473056 0.070627
v 0.679997 -0.466574 0.000000
v 0.680000 -0.473056 0.070471
v 0.689942 -0.466591 0.000000
v 0.689995 -0.473058 0.068669
v 0.699374 -0.466754 0.000000
v 0.699922 -0.473100 0.057972
v 0.706032 -0.467645 0.000000
v 0.709486 -0.473505 0.000000
v 0.854719 -0.467009 0.000000
v 0.860479 -0.472751 0.050465
v 0.853777 -0.473198 0.000000
v 0.870010 -0.472619 0.062821
v 0.879999 -0.472309 0.067867
v 0.890000 -0.472264 0.069466
v 0.900003 -0.472307 0.070183
v 0.910033 -0.472582 0.073410
v 0.920005 -0.472650 0.086740
v 0.930000 -0.472657 0.096622
v 0.940000 -0.472657 0.101086
v 0.950000 -0.472657 0.098260
v 0.959995 -0.472663 0.087994
v 0.969963 -0.472733 0.072441
v 0.979331 -0.466351 0.000000
v 0.979920 -0.473051 0.058435
v 0.986028 -0.467590 0.000000
v 0.989486 -0.473501 0.000000
v 0.600574 -0.481696 0.000000
v 0.594655 -0.478363 0.000000
v 0.610039 -0.482081 0.075010
v 0.620001 -0.482108 0.095373
v 0.630000 -0.482109 0.099258
v 0.639999 -0.482113 0.096739
v 0.650000 -0.482133 0.095908
v 0.660000 -0.482135 0.095802
v 0.670000 -0.482135 0.095778
v 0.680000 -0.482135 0.095553
v 0.690000 -0.482135 0.093905
v 0.699996 -0.482139 0.086995
v 0.709962 -0.482190 0.072147
v 0.719326 -0.475809 0.000000
v 0.719885 -0.482513 0.057703
v 0.725961 -0.477061 0.000000
v 0.728988 -0.483062 0.000000
v 0.860432 -0.481985 0.039748
v 0.853772 -0.481566 0.000000
v 0.869678 -0.481734 0.000000
v 0.879970 -0.479182 0.000000
v 0.890001 -0.478815 0.000000
v 0.900043 -0.479143 0.000000
v 0.910473 -0.481337 0.000000
v 0.920098 -0.481995 0.061737
v 0.930009 -0.482101 0.086020
v 0.940000 -0.482109 0.098205
v 0.950000 -0.482109 0.102242
v 0.960000 -0.482110 0.099966
v 0.969999 -0.482113 0.094845
v 0.979996 -0.482136 0.087140
v 0.989962 -0.482190 0.072325
v 0.999326 -0.475809 0.000000
v 0.999888 -0.482513 0.058013
v 1.005966 -0.477061 0.000000
v 1.009055 -0.483064 0.000000
v 0.610039 -0.491591 0.075378
v 0.600574 -0.491976 0.000000
v 0.620001 -0.491564 0.097515
v 0.630000 -0.491562 0.106234
v 0.640000 -0.491563 0.108052
v 0.650000 -0.491563 0.108283
v 0.660000 -0.491563 0.108284
v 0.670000 -0.491563 0.108213
v 0.680000 -0.491563 0.107737
v 0.690000 -0.491563 0.105719
v 0.700000 -0.491563 0.100699
v 0.709998 -0.491566 0.093481
v 0.719967 -0.491591 0.082530
v 0.729519 -0.491664 0.055506
v 0.735281 -0.485920 0.000000
v 0.736224 -0.492104 0.000000
v 0.860589 -0.490563 0.000000
v 0.854667 -0.487749 0.000000
v 0.866890 -0.490773 0.000000
v 0.920944 -0.490668 0.000000
v 0.914009 -0.487730 0.000000
v 0.930130 -0.491439 0.061423
v 0.940009 -0.491554 0.086256
v 0.950000 -0.491562 0.098687
v 0.960000 -0.491562 0.103786
v 0.970000 -0.491563 0.104552
v 0.980000 -0.491563 0.101015
v 0.989999 -0.491566 0.094957
v 0.999991 -0.491592 0.085333
v 1.009869 -0.491689 0.061328
v 1.015926 -0.485965 0.000000
v 1.019053 -0.492458 0.000000
v 0.594655 -0.495309 0.000000
v 0.600447 -0.501086 0.058327
v 0.593751 -0.501608 0.000000
v 0.610029 -0.501019 0.087747
v 0.620001 -0.501016 0.102188
v 0.630000 -0.501016 0.110973
v 0.640000 -0.501016 0.115800
v 0.650000 -0.501016 0.117363
v 0.660000 -0.501016 0.117459
v 0.670000 -0.501016 0.117067
v 0.680000 -0.501016 0.115692
v 0.690000 -0.501016 0.112433
v 0.700000 -0.501016 0.106930
v 0.709999 -0.501016 0.099024
v 0.719969 -0.501013 0.085266
v 0.729528 -0.500948 0.056048
v 0.736225 -0.500479 0.000000
v 0.866290 -0.496305 0.000000
v 0.863006 -0.496273 0.000000
v 0.930946 -0.500124 0.000000
v 0.924074 -0.497164 0.000000
v 0.940121 -0.500923 0.061944
v 0.950007 -0.501011 0.088567
v 0.960000 -0.501016 0.101616
v 0.970000 -0.501016 0.108238
v 0.980000 -0.501016 0.109134
v 0.990000 -0.501016 0.106040
v 1.000000 -0.501017 0.099311
v 1.009990 -0.501025 0.086353
v 1.019866 -0.501139 0.061349
v 1.025921 -0.495414 0.000000
v 1.028986 -0.501909 0.000000
v 0.600421 -0.510473 0.069372
v 0.593545 -0.510526 0.000000
v 0.610027 -0.510469 0.094796
v 0.620001 -0.510469 0.106762
v 0.630000 -0.510469 0.115332
v 0.640000 -0.510469 0.121910
v 0.650000 -0.510469 0.124768
v 0.660000 -0.510469 0.124277
v 0.670000 -0.510469 0.122396
v 0.680000 -0.510469 0.118779
v 0.690000 -0.510469 0.113420
v 0.700000 -0.510469 0.106253
v 0.709996 -0.510467 0.095475
v 0.719915 -0.510434 0.072627
v 0.729102 -0.509983 0.000000
v 0.735299 -0.506721 0.000000
v 0.940817 -0.510022 0.000000
v 0.934054 -0.506679 0.000000
v 0.950079 -0.510438 0.075125
v 0.960004 -0.510468 0.098023
v 0.970000 -0.510469 0.109189
v 0.980000 -0.510469 0.114466
v 0.990000 -0.510469 0.113236
v 1.000000 -0.510469 0.107567
v 1.009999 -0.510469 0.099349
v 1.019966 -0.510477 0.085418
v 1.029521 -0.510572 0.057746
v 1.035282 -0.504826 0.000000
v 1.036244 -0.511065 0.000000
v 0.600371 -0.519925 0.071759
v 0.593144 -0.519966 0.000000
v 0.610025 -0.519922 0.096869
v 0.620001 -0.519922 0.109294
v 0.630000 -0.519922 0.118553
v 0.640000 -0.519922 0.125878
v 0.650000 -0.519922 0.128427
v 0.660000 -0.519922 0.125286
v 0.670000 -0.519922 0.120342
v 0.680000 -0.519922 0.114778
v 0.690000 -0.519922 0.108816
v 0.699999 -0.519922 0.101030
v 0.709972 -0.519917 0.087470
v 0.719582 -0.519846 0.058625
v 0.726666 -0.519289 0.000000
v 0.950371 -0.519919 0.071763
v 0.943141 -0.519878 0.000000
v 0.960025 -0.519922 0.096845
v 0.970001 -0.519922 0.108979
v 0.980000 -0.519922 0.116377
v 0.990000 -0.519922 0.117960
v 1.000000 -0.519922 0.113624
v 1.009999 -0.519922 0.106133
v 1.019973 -0.519922 0.094549
v 1.029578 -0.519928 0.069335
v 1.036455 -0.519979 0.000000
v 0.600083 -0.529406 0.075039
v 0.590884 -0.529820 0.000000
v 0.610004 -0.529376 0.098156
v 0.620000 -0.529375 0.110327
v 0.630000 -0.529375 0.119657
v 0.640000 -0.529375 0.126389
v 0.650000 -0.529375 0.126408
v 0.660000 -0.529375 0.121125
v 0.670000 -0.529375 0.114691
v 0.680000 -0.529375 0.108039
v 0.690000 -0.529375 0.101037
v 0.699995 -0.529370 0.091650
v 0.709916 -0.529319 0.071976
v 0.719107 -0.528885 0.000000
v 0.725359 -0.525620 0.000000
v 0.950422 -0.529370 0.069369
v 0.943545 -0.529318 0.000000
v 0.960027 -0.529375 0.094793
v 0.970001 -0.529375 0.106725
v 0.980000 -0.529375 0.114937
v 0.990000 -0.529375 0.119564
v 1.000000 -0.529375 0.116996
v 1.009999 -0.529375 0.109064
v 1.019975 -0.529375 0.096844
v 1.029629 -0.529378 0.071762
v 1.036859 -0.529419 0.000000
v 0.584695 -0.533123 0.000000
v 0.590465 -0.538900 0.058283
v 0.583715 -0.539422 0.000000
v 0.600031 -0.538832 0.087741
v 0.610001 -0.538828 0.102357
v 0.620000 -0.538828 0.112284
v 0.630000 -0.538828 0.120735
v 0.640000 -0.538828 0.125791
v 0.650000 -0.538828 0.123018
v 0.660000 -0.538828 0.116076
v 0.670000 -0.538828 0.108388
v 0.680000 -0.538828 0.099996
v 0.689995 -0.538822 0.088193
v 0.699941 -0.538751 0.071775
v 0.709591 -0.538442 0.054790
v 0.716668 -0.538112 0.000000
v 0.950469 -0.538756 0.058255
v 0.943755 -0.538236 0.000000
v 0.960031 -0.538824 0.087734
v 0.970001 -0.538828 0.102333
v 0.980000 -0.538828 0.111983
v 0.990000 -0.538828 0.118508
v 1.000000 -0.538828 0.117707
v 1.010000 -0.538828 0.110085
v 1.019996 -0.538829 0.098158
v 1.029921 -0.538859 0.075137
v 1.039187 -0.539274 0.000000
v 0.590371 -0.548288 0.069812
v 0.583117 -0.548366 0.000000
v 0.600025 -0.548281 0.094906
v 0.610001 -0.548281 0.106825
v 0.620000 -0.548281 0.115475
v 0.630000 -0.548281 0.122201
v 0.640000 -0.548281 0.124017
v 0.650000 -0.548281 0.119370
v 0.660000 -0.548281 0.111571
v 0.670000 -0.548281 0.102251
v 0.679994 -0.548277 0.088540
v 0.689910 -0.548196 0.062334
v 0.699481 -0.547499 0.000000
v 0.709242 -0.545134 0.000000
v 0.715379 -0.543913 0.000000
v 0.950884 -0.547837 0.000000
v 0.944698 -0.544533 0.000000
v 0.960083 -0.548250 0.075047
v 0.970004 -0.548280 0.098167
v 0.980000 -0.548281 0.110163
v 0.990000 -0.548281 0.117845
v 1.000000 -0.548281 0.118679
v 1.010000 -0.548281 0.112079
v 1.020000 -0.548281 0.102577
v 1.029994 -0.548285 0.088735
v 1.039912 -0.548363 0.062404
v 1.046011 -0.542597 0.000000
v 1.049530 -0.549022 0.000000
v 1.073965 -0.543267 0.000000
v 1.080626 -0.542379 0.000000
v 1.080076 -0.548723 0.058006
v 1.070469 -0.549089 0.000000
v 1.090058 -0.542216 0.000000
v 1.090005 -0.548683 0.068669
v 1.100003 -0.542199 0.000000
v 1.100000 -0.548681 0.070470
v 1.110000 -0.542198 0.000000
v 1.110000 -0.548681 0.070624
v 1.120000 -0.542198 0.000000
v 1.120000 -0.548681 0.070626
v 1.130000 -0.542198 0.000000
v 1.130000 -0.548681 0.070618
v 1.140000 -0.542198 0.000000
v 1.140000 -0.548681 0.070615
v 1.150000 -0.542198 0.000000
v 1.150000 -0.548681 0.070614
v 1.160000 -0.542198 0.000000
v 1.160000 -0.548681 0.070601
v 1.169997 -0.542199 0.000000
v 1.169999 -0.548681 0.070369
v 1.179937 -0.542216 0.000000
v 1.179973 -0.548683 0.067954
v 1.189285 -0.542378 0.000000
v 1.189597 -0.548716 0.054357
v 1.195386 -0.543250 0.000000
v 1.196713 -0.548991 0.000000
v 0.590048 -0.557757 0.075362
v 0.580392 -0.558074 0.000000
v 0.600003 -0.557735 0.097894
v 0.610000 -0.557734 0.109654
v 0.620000 -0.557734 0.118084
v 0.630000 -0.557734 0.122395
v 0.640000 -0.557734 0.120159
v 0.650000 -0.557734 0.114275
v 0.660000 -0.557734 0.106648
v 0.669996 -0.557733 0.095664
v 0.679918 -0.557698 0.072942
v 0.689173 -0.557247 0.000000
v 0.696006 -0.553959 0.000000
v 0.960371 -0.557732 0.071954
v 0.953141 -0.557693 0.000000
v 0.970025 -0.557734 0.097187
v 0.980001 -0.557734 0.109817
v 0.990000 -0.557734 0.118232
v 1.000000 -0.557734 0.120994
v 1.010000 -0.557734 0.115866
v 1.020000 -0.557734 0.108385
v 1.030000 -0.557734 0.100001
v 1.039995 -0.557740 0.088417
v 1.049967 -0.557806 0.074438
v 1.060000 -0.550852 0.000000
v 1.060000 -0.558036 0.071530
v 1.070033 -0.557810 0.074309
v 1.080004 -0.557764 0.087186
v 1.090000 -0.557760 0.093900
v 1.100000 -0.557760 0.095526
v 1.110000 -0.557760 0.095728
v 1.120000 -0.557760 0.095672
v 1.130000 -0.557760 0.095566
v 1.140000 -0.557760 0.095511
v 1.150000 -0.557760 0.095494
v 1.160000 -0.557760 0.095396
v 1.170000 -0.557760 0.094626
v 1.179997 -0.557761 0.090148
v 1.189950 -0.557784 0.072200
v 1.199595 -0.558117 0.000000
v 0.564675 -0.562096 0.000000
v 0.570750 -0.560840 0.000000
v 0.570456 -0.567568 0.054424
v 0.563716 -0.567865 0.000000
v 0.580052 -0.567233 0.072177
v 0.590003 -0.567190 0.090445
v 0.600000 -0.567188 0.102707
v 0.610000 -0.567187 0.112019
v 0.620000 -0.567187 0.118751
v 0.630000 -0.567187 0.119258
v 0.640000 -0.567187 0.114464
v 0.650000 -0.567187 0.107758
v 0.659999 -0.567187 0.099412
v 0.669969 -0.567179 0.085534
v 0.679573 -0.567082 0.058184
v 0.686668 -0.566550 0.000000
v 0.960416 -0.567187 0.071577
v 0.953485 -0.567187 0.000000
v 0.970027 -0.567187 0.097091
v 0.980001 -0.567187 0.109875
v 0.990000 -0.567187 0.118989
v 1.000000 -0.567187 0.123946
v 1.010000 -0.567187 0.120711
v 1.020000 -0.567187 0.114525
v 1.030000 -0.567187 0.107899
v 1.040000 -0.567188 0.101583
v 1.049999 -0.567191 0.096764
v 1.060000 -0.567208 0.095764
v 1.070001 -0.567191 0.096727
v 1.080000 -0.567188 0.101180
v 1.090000 -0.567188 0.105562
v 1.100000 -0.567188 0.107346
v 1.110000 -0.567188 0.107580
v 1.120000 -0.567188 0.107091
v 1.130000 -0.567188 0.106302
v 1.140000 -0.567188 0.105852
v 1.150000 -0.567188 0.105691
v 1.160000 -0.567188 0.105193
v 1.170000 -0.567188 0.103194
v 1.180000 -0.567188 0.098280
v 1.189996 -0.567190 0.088485
v 1.199947 -0.567234 0.071403
v 1.209249 -0.560842 0.000000
v 1.209540 -0.567568 0.054141
v 1.215322 -0.562096 0.000000
v 1.216244 -0.567860 0.000000
v 0.570373 -0.576669 0.068879
v 0.563159 -0.576742 0.000000
v 0.580026 -0.576643 0.090751
v 0.590001 -0.576641 0.101049
v 0.600000 -0.576641 0.108534
v 0.610000 -0.576641 0.115471
v 0.620000 -0.576641 0.119204
v 0.630000 -0.576641 0.115454
v 0.640000 -0.576641 0.108345
v 0.650000 -0.576640 0.099841
v 0.659991 -0.576632 0.086415
v 0.669866 -0.576517 0.061358
v 0.678990 -0.575747 0.000000
v 0.685341 -0.572827 0.000000
v 0.960368 -0.576642 0.071992
v 0.953095 -0.576669 0.000000
v 0.970025 -0.576641 0.097197
v 0.980001 -0.576641 0.109965
v 0.990000 -0.576641 0.119420
v 1.000000 -0.576641 0.125803
v 1.010000 -0.576641 0.124597
v 1.020000 -0.576641 0.119315
v 1.030000 -0.576641 0.113458
v 1.040000 -0.576641 0.108809
v 1.050000 -0.576641 0.106369
v 1.060000 -0.576641 0.105876
v 1.070000 -0.576641 0.106258
v 1.080000 -0.576641 0.108127
v 1.090000 -0.576641 0.110999
v 1.100000 -0.576641 0.112708
v 1.110000 -0.576641 0.112708
v 1.120000 -0.576641 0.110999
v 1.130000 -0.576641 0.108125
v 1.140000 -0.576641 0.106227
v 1.150000 -0.576640 0.105542
v 1.160000 -0.576641 0.104145
v 1.170000 -0.576640 0.100137
v 1.179999 -0.576637 0.094813
v 1.189999 -0.576617 0.091191
v 1.199972 -0.576617 0.084654
v 1.209573 -0.576638 0.065554
v 1.216398 -0.576640 0.000000
v 0.344589 -0.581087 0.000000
v 0.350094 -0.580372 0.000000
v 0.350380 -0.586570 0.041951
v 0.343748 -0.586776 0.000000
v 0.356127 -0.581109 0.000000
v 0.359517 -0.586945 0.000000
v 0.570079 -0.586125 0.074818
v 0.560818 -0.586543 0.000000
v 0.580004 -0.586095 0.097078
v 0.590000 -0.586094 0.107664
v 0.600000 -0.586094 0.114482
v 0.610000 -0.586094 0.119261
v 0.620000 -0.586094 0.118751
v 0.630000 -0.586094 0.112012
v 0.640000 -0.586094 0.102552
v 0.649993 -0.586089 0.088702
v 0.659879 -0.586001 0.061954
v 0.669054 -0.585202 0.000000
v 0.675921 -0.582243 0.000000
v 0.960047 -0.586115 0.075565
v 0.950346 -0.586419 0.000000
v 0.970003 -0.586094 0.098195
v 0.980000 -0.586094 0.110351
v 0.990000 -0.586094 0.119603
v 1.000000 -0.586094 0.125845
v 1.010000 -0.586094 0.124602
v 1.020000 -0.586094 0.119315
v 1.030000 -0.586094 0.113458
v 1.040000 -0.586094 0.108809
v 1.050000 -0.586094 0.106366
v 1.060000 -0.586093 0.105830
v 1.070000 -0.586093 0.105861
v 1.080000 -0.586093 0.106303
v 1.090000 -0.586093 0.107091
v 1.100000 -0.586093 0.107580
v 1.110000 -0.586094 0.107344
v 1.120000 -0.586094 0.105560
v 1.130000 -0.586093 0.101179
v 1.139999 -0.586090 0.096703
v 1.150000 -0.586073 0.095407
v 1.160001 -0.586090 0.093677
v 1.169995 -0.586087 0.087024
v 1.179967 -0.586019 0.074041
v 1.189996 -0.585743 0.070376
v 1.199970 -0.585695 0.067378
v 1.209542 -0.585662 0.053660
v 1.216244 -0.585416 0.000000
v 0.350424 -0.595573 0.060868
v 0.343602 -0.595552 0.000000
v 0.359991 -0.595627 0.066531
v 0.369332 -0.589245 0.000000
v 0.369920 -0.595942 0.057458
v 0.376028 -0.590481 0.000000
v 0.379482 -0.596392 0.000000
v 0.554059 -0.589883 0.000000
v 0.560124 -0.595639 0.061857
v 0.551013 -0.596437 0.000000
v 0.570007 -0.595551 0.088673
v 0.580000 -0.595547 0.102470
v 0.590000 -0.595547 0.111833
v 0.600000 -0.595547 0.119065
v 0.610000 -0.595547 0.122155
v 0.620000 -0.595547 0.118055
v 0.630000 -0.595547 0.109651
v 0.639996 -0.595546 0.097870
v 0.649921 -0.595516 0.074951
v 0.659182 -0.595098 0.000000
v 0.665946 -0.591757 0.000000
v 0.923965 -0.590532 0.000000
v 0.930628 -0.589606 0.000000
v 0.930076 -0.595987 0.057886
v 0.920470 -0.596382 0.000000
v 0.940088 -0.589038 0.000000
v 0.940007 -0.595897 0.068887
v 0.950023 -0.595591 0.074432
v 0.960003 -0.595549 0.090322
v 0.970000 -0.595547 0.102324
v 0.980000 -0.595547 0.111750
v 0.990000 -0.595547 0.119737
v 1.000000 -0.595547 0.124128
v 1.010000 -0.595547 0.120736
v 1.020000 -0.595547 0.114527
v 1.030000 -0.595547 0.107899
v 1.040000 -0.595547 0.101582
v 1.049999 -0.595543 0.096757
v 1.060000 -0.595524 0.095635
v 1.070000 -0.595521 0.095519
v 1.080000 -0.595521 0.095567
v 1.090000 -0.595521 0.095672
v 1.100000 -0.595524 0.095722
v 1.110001 -0.595543 0.095471
v 1.119999 -0.595543 0.093846
v 1.129996 -0.595520 0.087179
v 1.139967 -0.595472 0.074267
v 1.150000 -0.595245 0.070787
v 1.160024 -0.595466 0.067858
v 1.169907 -0.595426 0.057250
v 1.179527 -0.594774 0.000000
v 1.189954 -0.592578 0.000000
v 1.199934 -0.592196 0.000000
v 1.209280 -0.591999 0.000000
v 1.215324 -0.591127 0.000000
v 0.350479 -0.604898 0.056273
v 0.343759 -0.604406 0.000000
v 0.360032 -0.604996 0.078472
v 0.369996 -0.605027 0.082457
v 0.379941 -0.605080 0.070847
v 0.389242 -0.598697 0.000000
v 0.389591 -0.605386 0.054710
v 0.395379 -0.599915 0.000000
v 0.396671 -0.605716 0.000000
v 0.544718 -0.599357 0.000000
v 0.550479 -0.605103 0.057748
v 0.543756 -0.605597 0.000000
v 0.560033 -0.605007 0.085453
v 0.570001 -0.605000 0.099603
v 0.580000 -0.605000 0.108324
v 0.590000 -0.605000 0.115914
v 0.600000 -0.605000 0.121654
v 0.610000 -0.605000 0.121473
v 0.620000 -0.605000 0.115315
v 0.629999 -0.605000 0.106793
v 0.639975 -0.605000 0.094896
v 0.649627 -0.604993 0.069778
v 0.656842 -0.604904 0.000000
v 0.874030 -0.600007 0.000000
v 0.880631 -0.599100 0.000000
v 0.880109 -0.605453 0.057483
v 0.870941 -0.605958 0.000000
v 0.890058 -0.598933 0.000000
v 0.890006 -0.605402 0.068377
v 0.900005 -0.598881 0.000000
v 0.900000 -0.605397 0.070166
v 0.910044 -0.598518 0.000000
v 0.910003 -0.605351 0.070693
v 0.920033 -0.605078 0.073612
v 0.930004 -0.605029 0.085659
v 0.940000 -0.605023 0.091502
v 0.950001 -0.605002 0.093813
v 0.960000 -0.605000 0.098736
v 0.970000 -0.605000 0.105258
v 0.980000 -0.605000 0.112384
v 0.990000 -0.605000 0.118663
v 1.000000 -0.605000 0.121052
v 1.010000 -0.605000 0.115876
v 1.020000 -0.605000 0.108386
v 1.030000 -0.605000 0.100002
v 1.039995 -0.604994 0.088416
v 1.049967 -0.604925 0.074410
v 1.059997 -0.604649 0.071076
v 1.070000 -0.604603 0.070644
v 1.080000 -0.604600 0.070619
v 1.090000 -0.604603 0.070619
v 1.100003 -0.604649 0.070504
v 1.110028 -0.604918 0.069627
v 1.119968 -0.604916 0.067834
v 1.129921 -0.604607 0.057879
v 1.139531 -0.604196 0.000000
v 1.149994 -0.602423 0.000000
v 1.160341 -0.604132 0.000000
v 1.169154 -0.603993 0.000000
v 1.175999 -0.601159 0.000000
v 0.351013 -0.613563 0.000000
v 0.344718 -0.610643 0.000000
v 0.360124 -0.614361 0.060736
v 0.370007 -0.614449 0.084338
v 0.379995 -0.614458 0.088017
v 0.389919 -0.614509 0.071600
v 0.399173 -0.614944 0.000000
v 0.550422 -0.614459 0.069335
v 0.543545 -0.614510 0.000000
v 0.560027 -0.614453 0.094552
v 0.570001 -0.614453 0.106183
v 0.580000 -0.614453 0.114088
v 0.590000 -0.614453 0.120477
v 0.600000 -0.614453 0.123326
v 0.610000 -0.614453 0.119375
v 0.620000 -0.614453 0.111564
v 0.629999 -0.614453 0.102028
v 0.639969 -0.614449 0.087547
v 0.649534 -0.614380 0.058248
v 0.656282 -0.613859 0.000000
v 0.864012 -0.608838 0.000000
v 0.870099 -0.614571 0.061512
v 0.860516 -0.615239 0.000000
v 0.880008 -0.614485 0.084348
v 0.890000 -0.614479 0.091368
v 0.900000 -0.614478 0.092582
v 0.910000 -0.614476 0.092487
v 0.920001 -0.614456 0.091723
v 0.929999 -0.614450 0.091724
v 0.940000 -0.614431 0.092521
v 0.950000 -0.614430 0.093052
v 0.960001 -0.614451 0.095018
v 0.970000 -0.614453 0.100997
v 0.980000 -0.614453 0.108159
v 0.990000 -0.614453 0.114895
v 1.000000 -0.614453 0.117726
v 1.010000 -0.614453 0.111948
v 1.020000 -0.614453 0.102568
v 1.029994 -0.614449 0.088735
v 1.039912 -0.614370 0.062400
v 1.049528 -0.613684 0.000000
v 1.059957 -0.611485 0.000000
v 1.069998 -0.611120 0.000000
v 1.080000 -0.611087 0.000000
v 1.090002 -0.611120 0.000000
v 1.100039 -0.611479 0.000000
v 1.110373 -0.613566 0.000000
v 1.119581 -0.613554 0.000000
v 1.129336 -0.611299 0.000000
v 1.136032 -0.610069 0.000000
v 1.166866 -0.609709 0.000000
v 1.163061 -0.609727 0.000000
v 0.360817 -0.623459 0.000000
v 0.354059 -0.620117 0.000000
v 0.370079 -0.623875 0.074112
v 0.380004 -0.623905 0.092234
v 0.389994 -0.623911 0.086956
v 0.399910 -0.623992 0.062174
v 0.406006 -0.618228 0.000000
v 0.409481 -0.624688 0.000000
v 0.550371 -0.623909 0.071762
v 0.543141 -0.623950 0.000000
v 0.560025 -0.623906 0.096852
v 0.570001 -0.623906 0.109184
v 0.580000 -0.623906 0.117982
v 0.590000 -0.623906 0.123649
v 0.600000 -0.623906 0.122328
v 0.610000 -0.623906 0.115756
v 0.620000 -0.623906 0.107258
v 0.629996 -0.623905 0.095891
v 0.639915 -0.623871 0.072877
v 0.649102 -0.623421 0.000000
v 0.655304 -0.620155 0.000000
v 0.843972 -0.618840 0.000000
v 0.850669 -0.617601 0.000000
v 0.850080 -0.624301 0.058070
v 0.840514 -0.624751 0.000000
v 0.860037 -0.623983 0.071517
v 0.870005 -0.623913 0.086084
v 0.880000 -0.623906 0.093705
v 0.889999 -0.623904 0.093225
v 0.900000 -0.623884 0.092669
v 0.910000 -0.623881 0.091381
v 0.919996 -0.623877 0.085653
v 0.929967 -0.623828 0.073613
v 0.939997 -0.623559 0.070732
v 0.950002 -0.623561 0.070838
v 0.960023 -0.623861 0.074667
v 0.970003 -0.623904 0.090406
v 0.980000 -0.623906 0.102339
v 0.990000 -0.623906 0.110930
v 1.000000 -0.623906 0.115152
v 1.010000 -0.623906 0.109719
v 1.019996 -0.623905 0.098147
v 1.029921 -0.623875 0.075145
v 1.039188 -0.623460 0.000000
v 1.046011 -0.620135 0.000000
v 1.116928 -0.619179 0.000000
v 1.113069 -0.619180 0.000000
v 0.370371 -0.633357 0.071616
v 0.363138 -0.633318 0.000000
v 0.380025 -0.633359 0.094404
v 0.390001 -0.633360 0.097233
v 0.399995 -0.633365 0.087670
v 0.409938 -0.633436 0.071425
v 0.419237 -0.627053 0.000000
v 0.419539 -0.633743 0.054172
v 0.425321 -0.628271 0.000000
v 0.426244 -0.634032 0.000000
v 0.550079 -0.633390 0.075136
v 0.540817 -0.633806 0.000000
v 0.560004 -0.633361 0.098172
v 0.570000 -0.633359 0.110297
v 0.580000 -0.633359 0.119362
v 0.590000 -0.633359 0.124628
v 0.600000 -0.633359 0.120557
v 0.610000 -0.633359 0.112300
v 0.619999 -0.633359 0.102406
v 0.629972 -0.633355 0.087850
v 0.639583 -0.633285 0.058687
v 0.646666 -0.632727 0.000000
v 0.823968 -0.628292 0.000000
v 0.830669 -0.627058 0.000000
v 0.830079 -0.633754 0.057789
v 0.820471 -0.634191 0.000000
v 0.840037 -0.633439 0.071068
v 0.850004 -0.633385 0.083818
v 0.860000 -0.633359 0.087684
v 0.870000 -0.633336 0.089751
v 0.879996 -0.633330 0.085911
v 0.889967 -0.633281 0.073838
v 0.899997 -0.633009 0.070586
v 0.909995 -0.632961 0.068415
v 0.919924 -0.632916 0.057856
v 0.929530 -0.632525 0.000000
v 0.939958 -0.630427 0.000000
v 0.950029 -0.630467 0.000000
v 0.960357 -0.632995 0.000000
v 0.970049 -0.633334 0.073412
v 0.980003 -0.633358 0.095900
v 0.990000 -0.633359 0.106802
v 1.000000 -0.633359 0.112253
v 1.009999 -0.633359 0.108563
v 1.019975 -0.633359 0.097051
v 1.029632 -0.633357 0.071977
v 1.036899 -0.633320 0.000000
v 0.074608 -0.637723 0.000000
v 0.080009 -0.637082 0.000000
v 0.080098 -0.643209 0.027899
v 0.073909 -0.642905 0.000000
v 0.085479 -0.637808 0.000000
v 0.086718 -0.643532 0.000000
v 0.370416 -0.642812 0.071450
v 0.363487 -0.642812 0.000000
v 0.380027 -0.642812 0.095831
v 0.390001 -0.642812 0.102938
v 0.399999 -0.642813 0.098621
v 0.409971 -0.642816 0.088649
v 0.419573 -0.642834 0.066308
v 0.426398 -0.642818 0.000000
v 0.534054 -0.637149 0.000000
v 0.540121 -0.642905 0.061954
v 0.530946 -0.643705 0.000000
v 0.550007 -0.642817 0.088700
v 0.560000 -0.642813 0.102553
v 0.570000 -0.642812 0.112205
v 0.580000 -0.642812 0.120410
v 0.590000 -0.642812 0.124784
v 0.600000 -0.642812 0.119543
v 0.610000 -0.642812 0.110391
v 0.619996 -0.642811 0.098185
v 0.629918 -0.642782 0.075054
v 0.639120 -0.642368 0.000000
v 0.645360 -0.639061 0.000000
v 0.783969 -0.637802 0.000000
v 0.790627 -0.636909 0.000000
v 0.790078 -0.643256 0.057869
v 0.780514 -0.643661 0.000000
v 0.800060 -0.636710 0.000000
v 0.800005 -0.643211 0.068203
v 0.810046 -0.636332 0.000000
v 0.810003 -0.643163 0.069784
v 0.820033 -0.642889 0.071601
v 0.830003 -0.642836 0.081323
v 0.840001 -0.642793 0.085866
v 0.849996 -0.642784 0.083766
v 0.859967 -0.642735 0.072853
v 0.869992 -0.642459 0.068606
v 0.879924 -0.642372 0.057915
v 0.889530 -0.641977 0.000000
v 0.899954 -0.639840 0.000000
v 0.909940 -0.639462 0.000000
v 0.919374 -0.639263 0.000000
v 0.926035 -0.638371 0.000000
v 0.970414 -0.642739 0.058725
v 0.963287 -0.642192 0.000000
v 0.980028 -0.642809 0.087829
v 0.990001 -0.642812 0.102058
v 1.000000 -0.642812 0.109379
v 1.009999 -0.642812 0.107794
v 1.019975 -0.642813 0.096939
v 1.029632 -0.642815 0.071951
v 1.036896 -0.642852 0.000000
v 0.080806 -0.651881 0.000000
v 0.074717 -0.648610 0.000000
v 0.089252 -0.652726 0.000000
v 0.370371 -0.652268 0.071904
v 0.363141 -0.652307 0.000000
v 0.380025 -0.652266 0.096509
v 0.390001 -0.652266 0.104905
v 0.399999 -0.652266 0.099984
v 0.409969 -0.652262 0.086746
v 0.419531 -0.652195 0.057942
v 0.426242 -0.651676 0.000000
v 0.524079 -0.646664 0.000000
v 0.530134 -0.652389 0.061355
v 0.521010 -0.653159 0.000000
v 0.540009 -0.652274 0.086380
v 0.550000 -0.652266 0.099657
v 0.560000 -0.652266 0.107885
v 0.570000 -0.652266 0.114909
v 0.580000 -0.652266 0.121128
v 0.590000 -0.652266 0.124121
v 0.600000 -0.652266 0.119068
v 0.609999 -0.652266 0.109931
v 0.619975 -0.652266 0.097195
v 0.629629 -0.652263 0.071954
v 0.636859 -0.652225 0.000000
v 0.763972 -0.647200 0.000000
v 0.770669 -0.645964 0.000000
v 0.770080 -0.652660 0.058276
v 0.760514 -0.653110 0.000000
v 0.780037 -0.652346 0.071972
v 0.790004 -0.652295 0.085895
v 0.800000 -0.652291 0.089853
v 0.809999 -0.652286 0.087139
v 0.819997 -0.652242 0.081465
v 0.829967 -0.652189 0.071463
v 0.839992 -0.651913 0.068029
v 0.849924 -0.651825 0.057648
v 0.859527 -0.651429 0.000000
v 0.869899 -0.649277 0.000000
v 0.879372 -0.648751 0.000000
v 0.886035 -0.647827 0.000000
v 0.970880 -0.651821 0.000000
v 0.964636 -0.648515 0.000000
v 0.980082 -0.652235 0.075035
v 0.990004 -0.652264 0.097879
v 1.000000 -0.652266 0.107773
v 1.010000 -0.652266 0.107684
v 1.019996 -0.652267 0.097708
v 1.029917 -0.652296 0.074817
v 1.039118 -0.652710 0.000000
v 0.090248 -0.661782 0.039429
v 0.083152 -0.661625 0.000000
v 0.095947 -0.656054 0.000000
v 0.099009 -0.662579 0.000000
v 0.370083 -0.661750 0.074999
v 0.360884 -0.662163 0.000000
v 0.380004 -0.661720 0.097488
v 0.390000 -0.661719 0.105012
v 0.399996 -0.661718 0.097341
v 0.409917 -0.661688 0.074918
v 0.419116 -0.661274 0.000000
v 0.425302 -0.657970 0.000000
v 0.514659 -0.656079 0.000000
v 0.520427 -0.661824 0.058178
v 0.513332 -0.662356 0.000000
v 0.530031 -0.661727 0.085471
v 0.540001 -0.661719 0.099006
v 0.550000 -0.661719 0.106160
v 0.560000 -0.661719 0.111109
v 0.570000 -0.661719 0.114813
v 0.580000 -0.661719 0.118004
v 0.590000 -0.661719 0.120329
v 0.600000 -0.661719 0.117795
v 0.609999 -0.661719 0.109703
v 0.619973 -0.661719 0.097079
v 0.629584 -0.661719 0.071576
v 0.636515 -0.661718 0.000000
v 0.743968 -0.656652 0.000000
v 0.750669 -0.655417 0.000000
v 0.750079 -0.662113 0.057821
v 0.740471 -0.662550 0.000000
v 0.760037 -0.661798 0.071395
v 0.770004 -0.661745 0.085539
v 0.780001 -0.661722 0.092107
v 0.790000 -0.661719 0.094688
v 0.799997 -0.661716 0.087897
v 0.809972 -0.661672 0.071910
v 0.819922 -0.661327 0.057862
v 0.829527 -0.660887 0.000000
v 0.839899 -0.658730 0.000000
v 0.849372 -0.658204 0.000000
v 0.856035 -0.657280 0.000000
v 0.980371 -0.661716 0.071936
v 0.973143 -0.661678 0.000000
v 0.990025 -0.661719 0.096924
v 1.000001 -0.661719 0.107596
v 1.010000 -0.661719 0.108488
v 1.019999 -0.661719 0.100640
v 1.029969 -0.661722 0.085878
v 1.039528 -0.661786 0.056134
v 1.045300 -0.656010 0.000000
v 1.046225 -0.662256 0.000000
v 0.090419 -0.670744 0.046264
v 0.083714 -0.670489 0.000000
v 0.099516 -0.670840 0.039567
v 0.105256 -0.665439 0.000000
v 0.106052 -0.671087 0.000000
v 0.354698 -0.665467 0.000000
v 0.360469 -0.671244 0.058249
v 0.353757 -0.671764 0.000000
v 0.370031 -0.671176 0.087642
v 0.380001 -0.671172 0.101323
v 0.389999 -0.671172 0.105671
v 0.399975 -0.671172 0.096657
v 0.409629 -0.671169 0.071914
v 0.416857 -0.671131 0.000000
v 0.520082 -0.671208 0.072836
v 0.510827 -0.671659 0.000000
v 0.530004 -0.671173 0.095042
v 0.540000 -0.671172 0.104132
v 0.550000 -0.671172 0.106873
v 0.560000 -0.671172 0.107425
v 0.570000 -0.671172 0.108434
v 0.580000 -0.671172 0.110910
v 0.590000 -0.671172 0.114519
v 0.600000 -0.671172 0.115557
v 0.609999 -0.671172 0.109332
v 0.619975 -0.671172 0.097144
v 0.629632 -0.671174 0.071989
v 0.636905 -0.671201 0.000000
v 0.703969 -0.666161 0.000000
v 0.710626 -0.665268 0.000000
v 0.710078 -0.671615 0.057624
v 0.700514 -0.672020 0.000000
v 0.720060 -0.665070 0.000000
v 0.720005 -0.671571 0.067909
v 0.730046 -0.664691 0.000000
v 0.730003 -0.671522 0.069733
v 0.740033 -0.671249 0.071608
v 0.750003 -0.671195 0.081480
v 0.760001 -0.671152 0.087254
v 0.770000 -0.671147 0.090921
v 0.780000 -0.671146 0.092159
v 0.789997 -0.671145 0.089414
v 0.799950 -0.671122 0.072094
v 0.809599 -0.670789 0.000000
v 0.819343 -0.668063 0.000000
v 0.826033 -0.666789 0.000000
v 0.980420 -0.671172 0.071531
v 0.973526 -0.671170 0.000000
v 0.990027 -0.671172 0.096815
v 1.000001 -0.671172 0.107552
v 1.010000 -0.671172 0.108481
v 1.019999 -0.671172 0.100639
v 1.029969 -0.671168 0.085878
v 1.039529 -0.671105 0.056134
v 1.046225 -0.670635 0.000000
v 0.090656 -0.677058 0.000000
v 0.084668 -0.676203 0.000000
v 0.099339 -0.677067 0.000000
v 0.105301 -0.676286 0.000000
v 0.360425 -0.680630 0.069330
v 0.353583 -0.680680 0.000000
v 0.370028 -0.680625 0.094602
v 0.380001 -0.680625 0.105060
v 0.389999 -0.680625 0.106642
v 0.399973 -0.680625 0.096698
v 0.409581 -0.680625 0.071523
v 0.416474 -0.680623 0.000000
v 0.503994 -0.674947 0.000000
v 0.510090 -0.680710 0.062103
v 0.500519 -0.681407 0.000000
v 0.520006 -0.680629 0.087530
v 0.530000 -0.680625 0.098682
v 0.540000 -0.680624 0.102752
v 0.550000 -0.680624 0.100712
v 0.559999 -0.680624 0.096967
v 0.570001 -0.680624 0.097137
v 0.580000 -0.680625 0.101825
v 0.590000 -0.680625 0.107729
v 0.600000 -0.680625 0.111650
v 0.610000 -0.680625 0.108617
v 0.619998 -0.680626 0.097993
v 0.629954 -0.680647 0.075540
v 0.639656 -0.680950 0.000000
v 0.683968 -0.675558 0.000000
v 0.690669 -0.674323 0.000000
v 0.690079 -0.681019 0.058060
v 0.680470 -0.681457 0.000000
v 0.700037 -0.680705 0.071116
v 0.710004 -0.680654 0.083762
v 0.719999 -0.680647 0.087034
v 0.730000 -0.680625 0.086518
v 0.739997 -0.680599 0.081413
v 0.749967 -0.680548 0.071615
v 0.759997 -0.680274 0.069938
v 0.770000 -0.680228 0.070083
v 0.779999 -0.680225 0.070072
v 0.789973 -0.680223 0.067877
v 0.799597 -0.680190 0.054348
v 0.806713 -0.679915 0.000000
v 0.980423 -0.680625 0.071502
v 0.973563 -0.680625 0.000000
v 0.990027 -0.680625 0.096781
v 1.000001 -0.680625 0.107344
v 1.010000 -0.680625 0.107596
v 1.019996 -0.680624 0.097700
v 1.029917 -0.680594 0.074816
v 1.039116 -0.680180 0.000000
v 1.045300 -0.676881 0.000000
v 0.360423 -0.690078 0.071308
v 0.353564 -0.690081 0.000000
v 0.370027 -0.690078 0.096469
v 0.380001 -0.690078 0.106811
v 0.389999 -0.690078 0.107154
v 0.399973 -0.690078 0.096761
v 0.409577 -0.690078 0.071501
v 0.416437 -0.690078 0.000000
v 0.484621 -0.684993 0.000000
v 0.490758 -0.683772 0.000000
v 0.490409 -0.690464 0.054702
v 0.483332 -0.690794 0.000000
v 0.500059 -0.690155 0.071219
v 0.510005 -0.690084 0.086136
v 0.520000 -0.690077 0.094091
v 0.529999 -0.690075 0.094369
v 0.540000 -0.690055 0.093478
v 0.549996 -0.690051 0.087150
v 0.559970 -0.690042 0.074723
v 0.570030 -0.690045 0.074855
v 0.580004 -0.690075 0.088453
v 0.590000 -0.690078 0.099852
v 0.600000 -0.690078 0.106871
v 0.610000 -0.690078 0.108320
v 0.620000 -0.690078 0.101803
v 0.629997 -0.690081 0.090089
v 0.639977 -0.690122 0.074114
v 0.649970 -0.683550 0.000000
v 0.649998 -0.690425 0.070274
v 0.660001 -0.683920 0.000000
v 0.660000 -0.690471 0.069826
v 0.670043 -0.683595 0.000000
v 0.670003 -0.690428 0.070176
v 0.680033 -0.690155 0.072956
v 0.690004 -0.690104 0.083826
v 0.700000 -0.690078 0.086445
v 0.709996 -0.690052 0.083819
v 0.719967 -0.690001 0.072801
v 0.729992 -0.689726 0.068270
v 0.739924 -0.689638 0.057408
v 0.749530 -0.689243 0.000000
v 0.759956 -0.687107 0.000000
v 0.769998 -0.686745 0.000000
v 0.779997 -0.686709 0.000000
v 0.789937 -0.686691 0.000000
v 0.799285 -0.686528 0.000000
v 0.805386 -0.685656 0.000000
v 0.980423 -0.690078 0.071501
v 0.973565 -0.690078 0.000000
v 0.990027 -0.690078 0.096774
v 1.000001 -0.690078 0.107284
v 1.009999 -0.690078 0.107317
v 1.019975 -0.690078 0.096877
v 1.029629 -0.690075 0.071920
v 1.036857 -0.690037 0.000000
v 0.360420 -0.699531 0.071519
v 0.353526 -0.699533 0.000000
v 0.370027 -0.699531 0.096756
v 0.380001 -0.699531 0.107224
v 0.389999 -0.699531 0.107265
v 0.399973 -0.699531 0.096773
v 0.409577 -0.699531 0.071501
v 0.416435 -0.699531 0.000000
v 0.490084 -0.699587 0.071093
v 0.480893 -0.700021 0.000000
v 0.500005 -0.699536 0.087651
v 0.509999 -0.699528 0.090073
v 0.519996 -0.699504 0.085975
v 0.529967 -0.699453 0.073828
v 0.539992 -0.699179 0.069075
v 0.549925 -0.699112 0.058101
v 0.559563 -0.698991 0.000000
v 0.570436 -0.699055 0.000000
v 0.580065 -0.699470 0.062539
v 0.590004 -0.699528 0.088700
v 0.600000 -0.699531 0.101831
v 0.610000 -0.699531 0.107351
v 0.620000 -0.699531 0.104078
v 0.630000 -0.699531 0.096983
v 0.639998 -0.699530 0.089787
v 0.650000 -0.699531 0.088130
v 0.660000 -0.699531 0.087947
v 0.670000 -0.699529 0.087847
v 0.680001 -0.699509 0.087189
v 0.689996 -0.699503 0.083773
v 0.699963 -0.699451 0.071116
v 0.709921 -0.699137 0.058060
v 0.719527 -0.698699 0.000000
v 0.729899 -0.696543 0.000000
v 0.739372 -0.696017 0.000000
v 0.746035 -0.695093 0.000000
v 0.980423 -0.699531 0.071501
v 0.973565 -0.699531 0.000000
v 0.990027 -0.699531 0.096774
v 1.000001 -0.699531 0.107277
v 1.009999 -0.699531 0.107280
v 1.019973 -0.699531 0.096780
v 1.029580 -0.699531 0.071528
v 1.036474 -0.699529 0.000000
v 0.360371 -0.708987 0.071934
v 0.353143 -0.709026 0.000000
v 0.370025 -0.708984 0.096888
v 0.380001 -0.708984 0.107320
v 0.389999 -0.708984 0.107284
v 0.399973 -0.708984 0.096775
v 0.409577 -0.708984 0.071501
v 0.416437 -0.708984 0.000000
v 0.474638 -0.703285 0.000000
v 0.480415 -0.709059 0.057622
v 0.473289 -0.709605 0.000000
v 0.490028 -0.708988 0.082569
v 0.499996 -0.708977 0.084020
v 0.509963 -0.708907 0.071562
v 0.519921 -0.708590 0.058317
v 0.529527 -0.708152 0.000000
v 0.539899 -0.705996 0.000000
v 0.549372 -0.705473 0.000000
v 0.556037 -0.704587 0.000000
v 0.580504 -0.708572 0.000000
v 0.573943 -0.705257 0.000000
v 0.590035 -0.708956 0.075391
v 0.600001 -0.708983 0.097095
v 0.610000 -0.708984 0.103692
v 0.620000 -0.708984 0.099033
v 0.629996 -0.708979 0.087819
v 0.639967 -0.708910 0.073609
v 0.649997 -0.708635 0.070233
v 0.660000 -0.708589 0.069792
v 0.670000 -0.708586 0.069617
v 0.679995 -0.708582 0.067912
v 0.689922 -0.708541 0.057625
v 0.699486 -0.708136 0.000000
v 0.709331 -0.705833 0.000000
v 0.716031 -0.704598 0.000000
v 0.980423 -0.708984 0.071501
v 0.973565 -0.708984 0.000000
v 0.990027 -0.708984 0.096774
v 1.000001 -0.708984 0.107277
v 1.009999 -0.708984 0.107277
v 1.019973 -0.708984 0.096774
v 1.029577 -0.708984 0.071501
v 1.036437 -0.708984 0.000000
v 0.360083 -0.718468 0.075028
v 0.350884 -0.718882 0.000000
v 0.370004 -0.718439 0.097868
v 0.380000 -0.718438 0.107697
v 0.389999 -0.718438 0.107359
v 0.399973 -0.718438 0.096786
v 0.409581 -0.718438 0.071527
v 0.416476 -0.718439 0.000000
v 0.480050 -0.718440 0.067140
v 0.470400 -0.718813 0.000000
v 0.489995 -0.718407 0.078585
v 0.499901 -0.718320 0.060679
v 0.509484 -0.717652 0.000000
v 0.519331 -0.715289 0.000000
v 0.526031 -0.714052 0.000000
v 0.590039 -0.718466 0.074517
v 0.580575 -0.718845 0.000000
v 0.600001 -0.718439 0.095749
v 0.610000 -0.718437 0.099116
v 0.619994 -0.718433 0.088309
v 0.629913 -0.718354 0.062342
v 0.639528 -0.717669 0.000000
v 0.649957 -0.715469 0.000000
v 0.659998 -0.715104 0.000000
v 0.669997 -0.715068 0.000000
v 0.679942 -0.715050 0.000000
v 0.689374 -0.714886 0.000000
v 0.696032 -0.713995 0.000000
v 0.980423 -0.718437 0.071501
v 0.973565 -0.718438 0.000000
v 0.990027 -0.718437 0.096774
v 1.000001 -0.718437 0.107277
v 1.009999 -0.718437 0.107277
v 1.019973 -0.718437 0.096774
v 1.029577 -0.718437 0.071501
v 1.036435 -0.718438 0.000000
v 0.344698 -0.722186 0.000000
v 0.350469 -0.727962 0.058254
v 0.343755 -0.728483 0.000000
v 0.360031 -0.727894 0.087711
v 0.370001 -0.727891 0.101985
v 0.380000 -0.727891 0.109246
v 0.389999 -0.727891 0.107678
v 0.399975 -0.727891 0.096880
v 0.409632 -0.727892 0.071879
v 0.416903 -0.727918 0.000000
v 0.454033 -0.722837 0.000000
v 0.460661 -0.721547 0.000000
v 0.460107 -0.728262 0.050423
v 0.450941 -0.728817 0.000000
v 0.469996 -0.727861 0.053480
v 0.479994 -0.727540 0.062415
v 0.489891 -0.727441 0.056328
v 0.499059 -0.726933 0.000000
v 0.505988 -0.724052 0.000000
v 0.574682 -0.722101 0.000000
v 0.580493 -0.727889 0.046431
v 0.573946 -0.727891 0.000000
v 0.590033 -0.727891 0.081877
v 0.600001 -0.727891 0.096958
v 0.609996 -0.727889 0.095486
v 0.619924 -0.727860 0.074869
v 0.629216 -0.727446 0.000000
v 0.636013 -0.724120 0.000000
v 0.980423 -0.727891 0.071501
v 0.973565 -0.727891 0.000000
v 0.990027 -0.727891 0.096774
v 1.000001 -0.727891 0.107277
v 1.009999 -0.727891 0.107277
v 1.019973 -0.727891 0.096774
v 1.029577 -0.727891 0.071501
v 1.036435 -0.727891 0.000000
v 0.350422 -0.737349 0.069366
v 0.343545 -0.737401 0.000000
v 0.360027 -0.737344 0.094742
v 0.370001 -0.737344 0.106127
v 0.380000 -0.737344 0.111229
v 0.390000 -0.737344 0.107880
v 0.399997 -0.737345 0.097272
v 0.409953 -0.737364 0.074116
v 0.419653 -0.737633 0.000000
v 0.444009 -0.731679 0.000000
v 0.450093 -0.737061 0.039367
v 0.440469 -0.737735 0.000000
v 0.459932 -0.736929 0.048907
v 0.469528 -0.736510 0.000000
v 0.479899 -0.734355 0.000000
v 0.489367 -0.733828 0.000000
v 0.495969 -0.732887 0.000000
v 0.580886 -0.736905 0.000000
v 0.574726 -0.733678 0.000000
v 0.590083 -0.737313 0.074011
v 0.600003 -0.737343 0.094759
v 0.609978 -0.737344 0.094294
v 0.619681 -0.737344 0.072052
v 0.627281 -0.737344 0.000000
v 0.980423 -0.737344 0.071501
v 0.973565 -0.737344 0.000000
v 0.990027 -0.737344 0.096774
v 1.000001 -0.737344 0.107276
v 1.009999 -0.737344 0.107273
v 1.019973 -0.737344 0.096773
v 1.029577 -0.737344 0.071500
v 1.036435 -0.737344 0.000000
v 0.350371 -0.746800 0.071732
v 0.343144 -0.746841 0.000000
v 0.360025 -0.746797 0.096661
v 0.370001 -0.746797 0.107601
v 0.380000 -0.746797 0.110555
v 0.390000 -0.746797 0.106045
v 0.400000 -0.746797 0.097083
v 0.409989 -0.746790 0.079858
v 0.419879 -0.746724 0.045323
v 0.429969 -0.739770 0.000000
v 0.429528 -0.746324 0.000000
v 0.439997 -0.743924 0.000000
v 0.449947 -0.743457 0.000000
v 0.459374 -0.743249 0.000000
v 0.466035 -0.742356 0.000000
v 0.590371 -0.746794 0.071574
v 0.583143 -0.746756 0.000000
v 0.600025 -0.746797 0.094211
v 0.609997 -0.746798 0.094981
v 0.619921 -0.746828 0.074703
v 0.629145 -0.747240 0.000000
v 0.724676 -0.741764 0.000000
v 0.730720 -0.740893 0.000000
v 0.730458 -0.747230 0.053704
v 0.723756 -0.747475 0.000000
v 0.740061 -0.740732 0.000000
v 0.740030 -0.747199 0.067490
v 0.749945 -0.740732 0.000000
v 0.749996 -0.747199 0.068260
v 0.759374 -0.740895 0.000000
v 0.759922 -0.747241 0.057928
v 0.766032 -0.741786 0.000000
v 0.769486 -0.747645 0.000000
v 0.980423 -0.746797 0.071501
v 0.973565 -0.746797 0.000000
v 0.990027 -0.746797 0.096773
v 1.000001 -0.746797 0.107265
v 1.009999 -0.746797 0.107221
v 1.019973 -0.746797 0.096749
v 1.029577 -0.746797 0.071491
v 1.036435 -0.746797 0.000000
v 0.350083 -0.756281 0.074767
v 0.340884 -0.756695 0.000000
v 0.360004 -0.756251 0.097433
v 0.370000 -0.756250 0.106788
v 0.380000 -0.756250 0.106427
v 0.390000 -0.756250 0.099484
v 0.399991 -0.756242 0.086129
v 0.409869 -0.756127 0.060662
v 0.419056 -0.755359 0.000000
v 0.425991 -0.752459 0.000000
v 0.590419 -0.756250 0.071290
v 0.583526 -0.756248 0.000000
v 0.600027 -0.756250 0.094816
v 0.610000 -0.756250 0.098619
v 0.619969 -0.756254 0.087113
v 0.629532 -0.756322 0.058049
v 0.635304 -0.750545 0.000000
v 0.636243 -0.756839 0.000000
v 0.730427 -0.756274 0.066172
v 0.723602 -0.756255 0.000000
v 0.740028 -0.756276 0.087311
v 0.750001 -0.756276 0.091694
v 0.759996 -0.756280 0.086590
v 0.769963 -0.756330 0.072268
v 0.779331 -0.749948 0.000000
v 0.779921 -0.756644 0.058436
v 0.786031 -0.751183 0.000000
v 0.789527 -0.757082 0.000000
v 0.980423 -0.756250 0.071500
v 0.973565 -0.756250 0.000000
v 0.990027 -0.756250 0.096761
v 1.000001 -0.756250 0.107154
v 1.009999 -0.756250 0.106811
v 1.019973 -0.756250 0.096469
v 1.029577 -0.756250 0.071307
v 1.036434 -0.756247 0.000000
v 0.334700 -0.759994 0.000000
v 0.340472 -0.765769 0.056081
v 0.333775 -0.766240 0.000000
v 0.350031 -0.765706 0.085436
v 0.360001 -0.765703 0.098997
v 0.370000 -0.765703 0.104756
v 0.380000 -0.765703 0.101199
v 0.389993 -0.765699 0.088567
v 0.399879 -0.765611 0.061931
v 0.409054 -0.764811 0.000000
v 0.415926 -0.761852 0.000000
v 0.590423 -0.765703 0.071359
v 0.583563 -0.765703 0.000000
v 0.600027 -0.765703 0.095466
v 0.610000 -0.765703 0.101078
v 0.619972 -0.765703 0.092394
v 0.629572 -0.765703 0.067180
v 0.636398 -0.765703 0.000000
v 0.730469 -0.765631 0.057876
v 0.723758 -0.765114 0.000000
v 0.740031 -0.765700 0.086173
v 0.750001 -0.765704 0.097387
v 0.760000 -0.765704 0.098707
v 0.769999 -0.765707 0.094379
v 0.779996 -0.765730 0.087019
v 0.789967 -0.765781 0.074054
v 0.799899 -0.759239 0.000000
v 0.799992 -0.766056 0.069103
v 0.809372 -0.759764 0.000000
v 0.809924 -0.766143 0.058029
v 0.816035 -0.760688 0.000000
v 0.819528 -0.766539 0.000000
v 0.980423 -0.765703 0.071495
v 0.973565 -0.765703 0.000000
v 0.990027 -0.765703 0.096692
v 1.000001 -0.765703 0.106641
v 1.009999 -0.765703 0.105060
v 1.019972 -0.765703 0.094602
v 1.029575 -0.765698 0.069329
v 1.036417 -0.765648 0.000000
v 0.340481 -0.775055 0.055507
v 0.333777 -0.774614 0.000000
v 0.350033 -0.775128 0.082523
v 0.360002 -0.775153 0.093271
v 0.370000 -0.775156 0.098730
v 0.379996 -0.775155 0.095485
v 0.389921 -0.775125 0.074806
v 0.399183 -0.774709 0.000000
v 0.405946 -0.771367 0.000000
v 0.590423 -0.775156 0.071264
v 0.583565 -0.775156 0.000000
v 0.600027 -0.775156 0.094810
v 0.610000 -0.775156 0.098618
v 0.619969 -0.775152 0.087112
v 0.629531 -0.775084 0.058045
v 0.636243 -0.774567 0.000000
v 0.730898 -0.774670 0.000000
v 0.724699 -0.771405 0.000000
v 0.740085 -0.775120 0.072662
v 0.750004 -0.775154 0.094510
v 0.760000 -0.775155 0.101659
v 0.770000 -0.775156 0.101774
v 0.780000 -0.775157 0.098997
v 0.789999 -0.775160 0.095805
v 0.800000 -0.775180 0.093750
v 0.809996 -0.775186 0.087148
v 0.819967 -0.775234 0.074128
v 0.829898 -0.768692 0.000000
v 0.829991 -0.775510 0.069098
v 0.839367 -0.769219 0.000000
v 0.839891 -0.775606 0.057586
v 0.845969 -0.770160 0.000000
v 0.849055 -0.776115 0.000000
v 0.980423 -0.775156 0.071486
v 0.973565 -0.775156 0.000000
v 0.990027 -0.775156 0.096561
v 1.000001 -0.775156 0.105661
v 1.009999 -0.775156 0.101323
v 1.019969 -0.775152 0.087642
v 1.029531 -0.775084 0.058249
v 1.036243 -0.774564 0.000000
v 0.341012 -0.783657 0.000000
v 0.334719 -0.780799 0.000000
v 0.350115 -0.784206 0.057705
v 0.360038 -0.784532 0.072160
v 0.370004 -0.784602 0.086879
v 0.379976 -0.784608 0.090770
v 0.389629 -0.784606 0.070861
v 0.396859 -0.784565 0.000000
v 0.590423 -0.784609 0.071185
v 0.583565 -0.784609 0.000000
v 0.600027 -0.784609 0.094118
v 0.609997 -0.784608 0.094962
v 0.619917 -0.784579 0.074676
v 0.629116 -0.784165 0.000000
v 0.635302 -0.780861 0.000000
v 0.740427 -0.784501 0.058043
v 0.733335 -0.783972 0.000000
v 0.750030 -0.784578 0.084272
v 0.760001 -0.784586 0.093314
v 0.770001 -0.784606 0.095710
v 0.780000 -0.784609 0.099162
v 0.790000 -0.784609 0.102703
v 0.800000 -0.784610 0.103710
v 0.810000 -0.784610 0.100857
v 0.819999 -0.784613 0.096613
v 0.830000 -0.784633 0.093847
v 0.839991 -0.784641 0.085184
v 0.849866 -0.784736 0.061222
v 0.855921 -0.779012 0.000000
v 0.858986 -0.785503 0.000000
v 0.980423 -0.784609 0.071481
v 0.973565 -0.784609 0.000000
v 0.990027 -0.784609 0.096480
v 1.000001 -0.784609 0.104933
v 1.009996 -0.784608 0.097488
v 1.019917 -0.784578 0.075000
v 1.029116 -0.784165 0.000000
v 1.035302 -0.780861 0.000000
v 0.350674 -0.790913 0.000000
v 0.344039 -0.789658 0.000000
v 0.360516 -0.793277 0.000000
v 0.370099 -0.793945 0.061130
v 0.379980 -0.794031 0.079871
v 0.389579 -0.794034 0.066741
v 0.396455 -0.794000 0.000000
v 0.590423 -0.794062 0.071171
v 0.583565 -0.794062 0.000000
v 0.600026 -0.794062 0.093966
v 0.609976 -0.794062 0.094048
v 0.619629 -0.794060 0.071594
v 0.626857 -0.794021 0.000000
v 0.741008 -0.793106 0.000000
v 0.734659 -0.790245 0.000000
v 0.750112 -0.793613 0.057492
v 0.760009 -0.793709 0.069064
v 0.770033 -0.793988 0.074167
v 0.780005 -0.794057 0.088094
v 0.790000 -0.794062 0.099048
v 0.800000 -0.794062 0.105091
v 0.810000 -0.794062 0.107228
v 0.820000 -0.794063 0.107000
v 0.830000 -0.794063 0.105204
v 0.839999 -0.794064 0.098904
v 0.849966 -0.794071 0.085362
v 0.859521 -0.794165 0.057735
v 0.865282 -0.788420 0.000000
v 0.866242 -0.794659 0.000000
v 0.980423 -0.794062 0.071481
v 0.973563 -0.794063 0.000000
v 0.990027 -0.794062 0.096466
v 1.000000 -0.794062 0.104781
v 1.009975 -0.794062 0.096573
v 1.019629 -0.794060 0.071913
v 1.026857 -0.794021 0.000000
v 0.370940 -0.802558 0.000000
v 0.364012 -0.799677 0.000000
v 0.380079 -0.803061 0.054935
v 0.389549 -0.803080 0.051956
v 0.396247 -0.802835 0.000000
v 0.590423 -0.803516 0.071168
v 0.583565 -0.803516 0.000000
v 0.600026 -0.803516 0.093916
v 0.609974 -0.803516 0.093775
v 0.619581 -0.803515 0.071018
v 0.626473 -0.803511 0.000000
v 0.750634 -0.800000 0.000000
v 0.744035 -0.799059 0.000000
v 0.760102 -0.800530 0.000000
v 0.770474 -0.802746 0.000000
v 0.780089 -0.803431 0.062331
v 0.790006 -0.803510 0.088291
v 0.800000 -0.803515 0.100790
v 0.810000 -0.803516 0.107166
v 0.820000 -0.803516 0.110411
v 0.830000 -0.803516 0.110159
v 0.839999 -0.803516 0.104988
v 0.849972 -0.803516 0.094165
v 0.859574 -0.803521 0.069109
v 0.866416 -0.803568 0.000000
v 0.980420 -0.803516 0.071508
v 0.973526 -0.803518 0.000000
v 0.990027 -0.803516 0.096471
v 1.000000 -0.803516 0.104767
v 1.009973 -0.803516 0.096471
v 1.019580 -0.803516 0.071508
v 1.026474 -0.803514 0.000000
v 0.380568 -0.809399 0.000000
v 0.374026 -0.808508 0.000000
v 0.389338 -0.809402 0.000000
v 0.395329 -0.808547 0.000000
v 0.590423 -0.812969 0.071131
v 0.583565 -0.812969 0.000000
v 0.600026 -0.812969 0.093581
v 0.609973 -0.812969 0.092378
v 0.619575 -0.812964 0.069080
v 0.626418 -0.812914 0.000000
v 0.780827 -0.812478 0.000000
v 0.773990 -0.809195 0.000000
v 0.790081 -0.812913 0.072064
v 0.800005 -0.812964 0.091603
v 0.810000 -0.812968 0.100551
v 0.820000 -0.812969 0.105682
v 0.830000 -0.812969 0.107463
v 0.839999 -0.812969 0.104275
v 0.849972 -0.812968 0.094068
v 0.859574 -0.812963 0.069102
v 0.866416 -0.812917 0.000000
v 0.980371 -0.812971 0.071913
v 0.973143 -0.813010 0.000000
v 0.990025 -0.812969 0.096573
v 1.000000 -0.812969 0.104780
v 1.009973 -0.812969 0.096466
v 1.019577 -0.812969 0.071481
v 1.026437 -0.812969 0.000000
v 0.590423 -0.822422 0.070945
v 0.583565 -0.822422 0.000000
v 0.600026 -0.822422 0.092104
v 0.609970 -0.822418 0.086211
v 0.619531 -0.822350 0.058117
v 0.626243 -0.821830 0.000000
v 0.790409 -0.822035 0.054788
v 0.783329 -0.821706 0.000000
v 0.800059 -0.822342 0.071652
v 0.810005 -0.822395 0.087072
v 0.820001 -0.822418 0.094889
v 0.830000 -0.822421 0.099387
v 0.839999 -0.822421 0.097497
v 0.849966 -0.822413 0.085183
v 0.859521 -0.822319 0.057723
v 0.866242 -0.821825 0.000000
v 0.980083 -0.822453 0.074999
v 0.970884 -0.822866 0.000000
v 0.990004 -0.822423 0.097487
v 0.999999 -0.822422 0.104929
v 1.009973 -0.822422 0.096478
v 1.019577 -0.822422 0.071480
v 1.026435 -0.822422 0.000000
v 0.590423 -0.831875 0.070685
v 0.583565 -0.831875 0.000000
v 0.600024 -0.831874 0.089668
v 0.609918 -0.831844 0.074039
v 0.619116 -0.831430 0.000000
v 0.625302 -0.828127 0.000000
v 0.790758 -0.828725 0.000000
v 0.784621 -0.827507 0.000000
v 0.800518 -0.831030 0.000000
v 0.810081 -0.831480 0.058412
v 0.820037 -0.831795 0.072146
v 0.830004 -0.831845 0.085190
v 0.839991 -0.831843 0.083497
v 0.849866 -0.831748 0.061033
v 0.858986 -0.830982 0.000000
v 0.865282 -0.828065 0.000000
v 0.964698 -0.826170 0.000000
v 0.970469 -0.831947 0.058249
v 0.963757 -0.832467 0.000000
v 0.980031 -0.831879 0.087641
v 0.990001 -0.831875 0.101311
v 0.999999 -0.831875 0.105605
v 1.009973 -0.831875 0.096536
v 1.019577 -0.831875 0.071476
v 1.026435 -0.831875 0.000000
v 0.590422 -0.841328 0.070639
v 0.583565 -0.841328 0.000000
v 0.600003 -0.841328 0.089120
v 0.609630 -0.841325 0.071057
v 0.616857 -0.841287 0.000000
v 0.810669 -0.838177 0.000000
v 0.803972 -0.836941 0.000000
v 0.820514 -0.840479 0.000000
v 0.830071 -0.840882 0.056010
v 0.839896 -0.840873 0.055616
v 0.849055 -0.840369 0.000000
v 0.855921 -0.837472 0.000000
v 0.970425 -0.841333 0.069329
v 0.963583 -0.841383 0.000000
v 0.980028 -0.841328 0.094589
v 0.990001 -0.841328 0.104937
v 0.999999 -0.841328 0.106175
v 1.009973 -0.841328 0.096387
v 1.019577 -0.841328 0.071302
v 1.026434 -0.841325 0.000000
v 0.590422 -0.850781 0.070636
v 0.583565 -0.850781 0.000000
v 0.600000 -0.850781 0.089067
v 0.609582 -0.850781 0.070664
v 0.616476 -0.850779 0.000000
v 0.830568 -0.847213 0.000000
v 0.823964 -0.846338 0.000000
v 0.839427 -0.847211 0.000000
v 0.845974 -0.846320 0.000000
v 0.970423 -0.850781 0.071302
v 0.963566 -0.850784 0.000000
v 0.980027 -0.850781 0.096387
v 0.990001 -0.850781 0.106175
v 0.999999 -0.850781 0.104937
v 1.009972 -0.850781 0.094589
v 1.019575 -0.850777 0.069329
v 1.026417 -0.850726 0.000000
v 0.590422 -0.860234 0.070628
v 0.583565 -0.860234 0.000000
v 0.600000 -0.860234 0.089055
v 0.609582 -0.860234 0.070662
v 0.616478 -0.860236 0.000000
v 0.644577 -0.855228 0.000000
v 0.650000 -0.854511 0.000000
v 0.649997 -0.860700 0.039037
v 0.643672 -0.860920 0.000000
v 0.655420 -0.855228 0.000000
v 0.656287 -0.860918 0.000000
v 0.970423 -0.860234 0.071477
v 0.963565 -0.860234 0.000000
v 0.980027 -0.860234 0.096536
v 0.990001 -0.860234 0.105605
v 0.999999 -0.860234 0.101311
v 1.009969 -0.860231 0.087641
v 1.019531 -0.860163 0.058249
v 1.026243 -0.859642 0.000000
v 0.590422 -0.869687 0.070458
v 0.583566 -0.869685 0.000000
v 0.600003 -0.869688 0.088925
v 0.609633 -0.869689 0.071026
v 0.616904 -0.869715 0.000000
v 0.649945 -0.869720 0.048772
v 0.643078 -0.869775 0.000000
v 0.656449 -0.869745 0.000000
v 0.970423 -0.869688 0.071481
v 0.963565 -0.869688 0.000000
v 0.980027 -0.869688 0.096478
v 0.990001 -0.869688 0.104929
v 0.999996 -0.869686 0.097487
v 1.009917 -0.869657 0.074999
v 1.019116 -0.869243 0.000000
v 1.025302 -0.865939 0.000000
v 0.590426 -0.879135 0.068563
v 0.583584 -0.879086 0.000000
v 0.600025 -0.879140 0.087888
v 0.609954 -0.879161 0.073699
v 0.619657 -0.879436 0.000000
v 0.649621 -0.879157 0.051389
v 0.640315 -0.879438 0.000000
v 0.656419 -0.879090 0.000000
v 0.970423 -0.879141 0.071480
v 0.963565 -0.879141 0.000000
v 0.980027 -0.879141 0.096465
v 0.990000 -0.879141 0.104777
v 0.999975 -0.879141 0.096571
v 1.009629 -0.879138 0.071912
v 1.016857 -0.879100 0.000000
v 0.590479 -0.888488 0.057355
v 0.583758 -0.887997 0.000000
v 0.600033 -0.888565 0.081878
v 0.610000 -0.888592 0.082573
v 0.619977 -0.888634 0.071927
v 0.629999 -0.881626 0.000000
v 0.629999 -0.888889 0.069195
v 0.639992 -0.888630 0.065103
v 0.649533 -0.888523 0.052660
v 0.656244 -0.888002 0.000000
v 0.970423 -0.888594 0.071479
v 0.963565 -0.888594 0.000000
v 0.980027 -0.888594 0.096453
v 0.990000 -0.888594 0.104710
v 0.999973 -0.888594 0.096446
v 1.009580 -0.888594 0.071499
v 1.016474 -0.888592 0.000000
v 0.591012 -0.897094 0.000000
v 0.584718 -0.894232 0.000000
v 0.600115 -0.897643 0.057468
v 0.610038 -0.897966 0.069894
v 0.620003 -0.898020 0.080910
v 0.629996 -0.898040 0.082953
v 0.639916 -0.897990 0.067777
v 0.649102 -0.897557 0.000000
v 0.655301 -0.894295 0.000000
v 0.970423 -0.898047 0.071467
v 0.963565 -0.898047 0.000000
v 0.980027 -0.898047 0.096342
v 0.990000 -0.898047 0.104300
v 0.999973 -0.898047 0.096160
v 1.009577 -0.898047 0.071287
v 1.016436 -0.898044 0.000000
v 0.600674 -0.904347 0.000000
v 0.594039 -0.903095 0.000000
v 0.610514 -0.906651 0.000000
v 0.620077 -0.907056 0.057155
v 0.629978 -0.907097 0.065413
v 0.639594 -0.907065 0.053792
v 0.646668 -0.906779 0.000000
v 0.970423 -0.907500 0.071398
v 0.963565 -0.907500 0.000000
v 0.980027 -0.907500 0.095829
v 0.990000 -0.907500 0.102548
v 0.999973 -0.907500 0.094293
v 1.009575 -0.907495 0.069309
v 1.016417 -0.907445 0.000000
v 0.620623 -0.913401 0.000000
v 0.613968 -0.912511 0.000000
v 0.629995 -0.913548 0.000000
v 0.639288 -0.913403 0.000000
v 0.645383 -0.912530 0.000000
v 0.970423 -0.916953 0.071267
v 0.963563 -0.916953 0.000000
v 0.980027 -0.916953 0.094849
v 0.990000 -0.916953 0.098812
v 0.999969 -0.916949 0.087333
v 1.009531 -0.916881 0.058228
v 1.016243 -0.916361 0.000000
v 0.970420 -0.926406 0.071213
v 0.963526 -0.926408 0.000000
v 0.980027 -0.926406 0.094126
v 0.989997 -0.926405 0.094977
v 0.999917 -0.926375 0.074690
v 1.009116 -0.925962 0.000000
v 1.015302 -0.922658 0.000000
v 0.970371 -0.935862 0.071604
v 0.963143 -0.935900 0.000000
v 0.980024 -0.935859 0.094076
v 0.989976 -0.935859 0.094076
v 0.999629 -0.935857 0.071604
v 1.006857 -0.935818 0.000000
v 0.970083 -0.945343 0.074690
v 0.960884 -0.945757 0.000000
v 0.980003 -0.945314 0.094973
v 0.989973 -0.945312 0.094125
v 0.999581 -0.945312 0.071213
v 1.006474 -0.945311 0.000000
v 0.254530 -0.949762 0.000000
v 0.260084 -0.949046 0.000000
v 0.260297 -0.955254 0.042144
v 0.253319 -0.955491 0.000000
v 0.266065 -0.949798 0.000000
v 0.269087 -0.955726 0.000000
v 0.954695 -0.949061 0.000000
v 0.960466 -0.954838 0.058255
v 0.953718 -0.955360 0.000000
v 0.970031 -0.954769 0.087327
v 0.980000 -0.954766 0.098756
v 0.989973 -0.954766 0.094825
v 0.999577 -0.954766 0.071258
v 1.006437 -0.954766 0.000000
v 0.260073 -0.964283 0.064731
v 0.250831 -0.964711 0.000000
v 0.269904 -0.964338 0.058317
v 0.275990 -0.958604 0.000000
v 0.279484 -0.965004 0.000000
v 0.960373 -0.964226 0.069733
v 0.953158 -0.964315 0.000000
v 0.970025 -0.964219 0.094278
v 0.980000 -0.964219 0.102097
v 0.989973 -0.964219 0.095525
v 0.999577 -0.964219 0.071204
v 1.006434 -0.964216 0.000000
v 0.244060 -0.968011 0.000000
v 0.250125 -0.973766 0.061449
v 0.241009 -0.974562 0.000000
v 0.260007 -0.973678 0.084999
v 0.269995 -0.973679 0.085284
v 0.279962 -0.973749 0.071666
v 0.289326 -0.967368 0.000000
v 0.289885 -0.974075 0.057038
v 0.295961 -0.968623 0.000000
v 0.298985 -0.974617 0.000000
v 0.784981 -0.967784 0.000000
v 0.790805 -0.967603 0.000000
v 0.791055 -0.973171 0.000000
v 0.785017 -0.970838 0.000000
v 0.800070 -0.967566 0.000000
v 0.800118 -0.973671 0.038496
v 0.809947 -0.967602 0.000000
v 0.810033 -0.973994 0.048995
v 0.819374 -0.967769 0.000000
v 0.819928 -0.974088 0.050402
v 0.826035 -0.968660 0.000000
v 0.829529 -0.974504 0.000000
v 0.960079 -0.973703 0.074821
v 0.950814 -0.974120 0.000000
v 0.970004 -0.973673 0.096555
v 0.979999 -0.973672 0.102249
v 0.989972 -0.973672 0.094185
v 0.999575 -0.973667 0.069296
v 1.006417 -0.973617 0.000000
v 0.234659 -0.977485 0.000000
v 0.240427 -0.983230 0.058168
v 0.233332 -0.983762 0.000000
v 0.250030 -0.983132 0.085286
v 0.260001 -0.983125 0.097220
v 0.270000 -0.983125 0.097402
v 0.279997 -0.983128 0.090561
v 0.289961 -0.983146 0.076734
v 0.299465 -0.983128 0.045268
v 0.305255 -0.977404 0.000000
v 0.306048 -0.983125 0.000000
v 0.800674 -0.980008 0.000000
v 0.794042 -0.978775 0.000000
v 0.810514 -0.982307 0.000000
v 0.820076 -0.982760 0.050769
v 0.830004 -0.983123 0.053024
v 0.839899 -0.976659 0.000000
v 0.839996 -0.983448 0.060207
v 0.849372 -0.977185 0.000000
v 0.849924 -0.983539 0.053435
v 0.856035 -0.978109 0.000000
v 0.859530 -0.983937 0.000000
v 0.943992 -0.977444 0.000000
v 0.950090 -0.983209 0.062349
v 0.940515 -0.983907 0.000000
v 0.960006 -0.983129 0.088382
v 0.970000 -0.983125 0.099767
v 0.979999 -0.983125 0.099637
v 0.989969 -0.983121 0.087408
v 0.999531 -0.983053 0.058232
v 1.006243 -0.982533 0.000000
v 0.240082 -0.992614 0.072889
v 0.230831 -0.993066 0.000000
v 0.250004 -0.992579 0.095042
v 0.260000 -0.992578 0.102526
v 0.270000 -0.992578 0.099148
v 0.279992 -0.992573 0.086992
v 0.289875 -0.992485 0.060771
v 0.298984 -0.991695 0.000000
v 0.305255 -0.988850 0.000000
v 0.820669 -0.989428 0.000000
v 0.813972 -0.988193 0.000000
v 0.830513 -0.991733 0.000000
v 0.840077 -0.992158 0.053423
v 0.850001 -0.992209 0.060050
v 0.859970 -0.992305 0.052414
v 0.869958 -0.986092 0.000000
v 0.870030 -0.992851 0.052531
v 0.879995 -0.986458 0.000000
v 0.880004 -0.992948 0.061596
v 0.889942 -0.986511 0.000000
v 0.889996 -0.992976 0.063537
v 0.899374 -0.986673 0.000000
v 0.899925 -0.993001 0.056509
v 0.906037 -0.987525 0.000000
v 0.909563 -0.993121 0.000000
v 0.923966 -0.987470 0.000000
v 0.930669 -0.986270 0.000000
v 0.930078 -0.992952 0.058515
v 0.920437 -0.993117 0.000000
v 0.940037 -0.992654 0.072458
v 0.950005 -0.992584 0.088180
v 0.960000 -0.992578 0.099122
v 0.970000 -0.992578 0.103078
v 0.979996 -0.992577 0.096626
v 0.989917 -0.992547 0.074728
v 0.999115 -0.992131 0.000000
v 1.005302 -0.988830 0.000000
v 0.224060 -0.996371 0.000000
v 0.230125 -1.002125 0.061815
v 0.221009 -1.002921 0.000000
v 0.240008 -1.002036 0.088258
v 0.250000 -1.002031 0.100299
v 0.260000 -1.002031 0.102786
v 0.269996 -1.002030 0.094928
v 0.279918 -1.001995 0.072768
v 0.289169 -1.001543 0.000000
v 0.295939 -0.998239 0.000000
v 0.840626 -0.998483 0.000000
v 0.833969 -0.997589 0.000000
v 0.850060 -0.998682 0.000000
v 0.860045 -0.999064 0.000000
v 0.870471 -1.001223 0.000000
v 0.880079 -1.001663 0.054199
v 0.890037 -1.001980 0.066289
v 0.900001 -1.002051 0.076230
v 0.909970 -1.002067 0.071453
v 0.920030 -1.002068 0.073826
v 0.930004 -1.002056 0.087009
v 0.940001 -1.002035 0.094922
v 0.950000 -1.002031 0.101069
v 0.960000 -1.002031 0.105288
v 0.969999 -1.002031 0.104099
v 0.979975 -1.002031 0.094513
v 0.989627 -1.002024 0.069744
v 0.996838 -1.001935 0.000000
v 0.214659 -1.005844 0.000000
v 0.220427 -1.011590 0.058175
v 0.213335 -1.012122 0.000000
v 0.230030 -1.011492 0.085457
v 0.240001 -1.011485 0.098570
v 0.250000 -1.011484 0.102640
v 0.259999 -1.011484 0.098568
v 0.269970 -1.011477 0.085448
v 0.279573 -1.011379 0.058173
v 0.286668 -1.010847 0.000000
v 0.880669 -1.008337 0.000000
v 0.873968 -1.007100 0.000000
v 0.890516 -1.010700 0.000000
v 0.900099 -1.011371 0.060069
v 0.910007 -1.011477 0.080539
v 0.920002 -1.011485 0.090960
v 0.930000 -1.011485 0.098620
v 0.940000 -1.011485 0.104460
v 0.950000 -1.011484 0.108107
v 0.960000 -1.011484 0.108089
v 0.969999 -1.011484 0.101598
v 0.979969 -1.011481 0.087667
v 0.989534 -1.011412 0.058278
v 0.996282 -1.010890 0.000000
v 0.220085 -1.020974 0.072795
v 0.210898 -1.021423 0.000000
v 0.230004 -1.020939 0.095060
v 0.240000 -1.020937 0.102815
v 0.250000 -1.020937 0.100302
v 0.259992 -1.020933 0.088258
v 0.269876 -1.020844 0.061814
v 0.278991 -1.020048 0.000000
v 0.285341 -1.017124 0.000000
v 0.900944 -1.020043 0.000000
v 0.894012 -1.017104 0.000000
v 0.910131 -1.020814 0.060736
v 0.920010 -1.020928 0.085043
v 0.930000 -1.020937 0.097778
v 0.940000 -1.020937 0.105400
v 0.950000 -1.020937 0.109778
v 0.960000 -1.020937 0.108032
v 0.969996 -1.020936 0.097880
v 0.979917 -1.020907 0.075021
v 0.989116 -1.020493 0.000000
v 0.995305 -1.017189 0.000000
v 0.204696 -1.024689 0.000000
v 0.210466 -1.030464 0.058234
v 0.203718 -1.030985 0.000000
v 0.220031 -1.030395 0.087323
v 0.230001 -1.030391 0.100137
v 0.240000 -1.030391 0.102793
v 0.249996 -1.030389 0.095072
v 0.259918 -1.030354 0.072891
v 0.269169 -1.029902 0.000000
v 0.275940 -1.026598 0.000000
v 0.910947 -1.029495 0.000000
v 0.904074 -1.026539 0.000000
v 0.920131 -1.030267 0.061319
v 0.930010 -1.030381 0.086183
v 0.940000 -1.030390 0.099191
v 0.950000 -1.030391 0.105946
v 0.959999 -1.030391 0.106352
v 0.969975 -1.030391 0.096512
v 0.979629 -1.030388 0.071735
v 0.986856 -1.030347 0.000000
v 0.210373 -1.039851 0.069692
v 0.203158 -1.039940 0.000000
v 0.220025 -1.039844 0.094005
v 0.230001 -1.039844 0.101585
v 0.239999 -1.039844 0.098290
v 0.249969 -1.039835 0.085422
v 0.259573 -1.039738 0.058178
v 0.266668 -1.039207 0.000000
v 0.920947 -1.038948 0.000000
v 0.914074 -1.035992 0.000000
v 0.930131 -1.039720 0.061433
v 0.940010 -1.039834 0.086326
v 0.950000 -1.039843 0.098873
v 0.959999 -1.039844 0.102731
v 0.969973 -1.039844 0.094271
v 0.979578 -1.039839 0.069332
v 0.986455 -1.039787 0.000000
v 0.210079 -1.049328 0.074454
v 0.200814 -1.049745 0.000000
v 0.220004 -1.049298 0.094756
v 0.230000 -1.049297 0.096855
v 0.239990 -1.049288 0.086044
v 0.249866 -1.049173 0.061334
v 0.258990 -1.048404 0.000000
v 0.265341 -1.045484 0.000000
v 0.930947 -1.048401 0.000000
v 0.924074 -1.045445 0.000000
v 0.940131 -1.049173 0.061414
v 0.950010 -1.049288 0.085871
v 0.959999 -1.049296 0.095114
v 0.969969 -1.049292 0.086490
v 0.979531 -1.049223 0.058129
v 0.986245 -1.048705 0.000000
v 0.193993 -1.053069 0.000000
v 0.200090 -1.058834 0.061799
v 0.190519 -1.059532 0.000000
v 0.210006 -1.058754 0.086343
v 0.220000 -1.058749 0.093947
v 0.229990 -1.058741 0.085521
v 0.239869 -1.058627 0.061373
v 0.249053 -1.057855 0.000000
v 0.255921 -1.054899 0.000000
v 0.940947 -1.057854 0.000000
v 0.934074 -1.054899 0.000000
v 0.950130 -1.058623 0.060853
v 0.960005 -1.058717 0.080774
v 0.969916 -1.058691 0.070218
v 0.979102 -1.058260 0.000000
v 0.985301 -1.054999 0.000000
v 0.174621 -1.063118 0.000000
v 0.180758 -1.061897 0.000000
v 0.180409 -1.068589 0.054669
v 0.173329 -1.068919 0.000000
v 0.190059 -1.068280 0.070868
v 0.200005 -1.068209 0.084298
v 0.209999 -1.068200 0.089121
v 0.219991 -1.068174 0.084112
v 0.229869 -1.068077 0.061191
v 0.239053 -1.067307 0.000000
v 0.245926 -1.064352 0.000000
v 0.950944 -1.067244 0.000000
v 0.944074 -1.064347 0.000000
v 0.960081 -1.067749 0.055027
v 0.969600 -1.067765 0.052386
v 0.976668 -1.067482 0.000000
v 0.180081 -1.077712 0.070999
v 0.170827 -1.078147 0.000000
v 0.190005 -1.077661 0.086405
v 0.199995 -1.077649 0.084049
v 0.209962 -1.077579 0.071422
v 0.219888 -1.077253 0.057872
v 0.229055 -1.076701 0.000000
v 0.235926 -1.073800 0.000000
v 0.960568 -1.074086 0.000000
v 0.954026 -1.073195 0.000000
v 0.969343 -1.074089 0.000000
v 0.975387 -1.073232 0.000000
v 0.163994 -1.081431 0.000000
v 0.170090 -1.087195 0.060990
v 0.160519 -1.087891 0.000000
v 0.180006 -1.087113 0.082963
v 0.189992 -1.087101 0.082324
v 0.199900 -1.086995 0.061088
v 0.209484 -1.086324 0.000000
v 0.219326 -1.083960 0.000000
v 0.225966 -1.082705 0.000000
v 0.144676 -1.091474 0.000000
v 0.150763 -1.090256 0.000000
v 0.150457 -1.096946 0.053917
v 0.143714 -1.097240 0.000000
v 0.160062 -1.096639 0.069066
v 0.170004 -1.096565 0.080352
v 0.179991 -1.096534 0.080888
v 0.189870 -1.096436 0.060501
v 0.199056 -1.095668 0.000000
v 0.205988 -1.092729 0.000000
v 0.150370 -1.106042 0.066020
v 0.143115 -1.106103 0.000000
v 0.160021 -1.106012 0.077650
v 0.169963 -1.105938 0.069368
v 0.179888 -1.105612 0.057316
v 0.189055 -1.105061 0.000000
v 0.195926 -1.102160 0.000000
v 0.150039 -1.115460 0.063493
v 0.140346 -1.115773 0.000000
v 0.159903 -1.115352 0.057529
v 0.169484 -1.114683 0.000000
v 0.179326 -1.112319 0.000000
v 0.185966 -1.111064 0.000000
v 0.114031 -1.119925 0.000000
v 0.120633 -1.118981 0.000000
v 0.120105 -1.125344 0.050135
v 0.110944 -1.125877 0.000000
v 0.130087 -1.118409 0.000000
v 0.129975 -1.125195 0.050816
v 0.140014 -1.124613 0.051254
v 0.149894 -1.124475 0.052226
v 0.159059 -1.123964 0.000000
v 0.165988 -1.121083 0.000000
v 0.104079 -1.128776 0.000000
v 0.110097 -1.134421 0.041697
v 0.101012 -1.135235 0.000000
v 0.119930 -1.134012 0.049171
v 0.129528 -1.133566 0.000000
v 0.139900 -1.131389 0.000000
v 0.149367 -1.130859 0.000000
v 0.155969 -1.129918 0.000000
v 0.094745 -1.138095 0.000000
v 0.100436 -1.143454 0.030329
v 0.093941 -1.143740 0.000000
v 0.109524 -1.142986 0.000000
v 0.119333 -1.140678 0.000000
v 0.126031 -1.139444 0.000000
v 0.100098 -1.149559 0.000000
v 0.094617 -1.148917 0.000000
v 0.106127 -1.148814 0.000000
f 247 264 266 249
f 3036 3059 3060 3037
f 43 65 66 45
f 3142 3156 3157 3143
f 1637 1697 1698 1638
f 1968 2021 2022 1969
f 3180 3192 3193 3181
f 76 105 106 77
f 1952 2008 2009 1954
f 3092 3111 3112 3094
f 1586 1639 1641 1640
f 3143 3157 3158 3144
f 713 765 766 712
f 5 6 8 7
f 15 16 18 17
f 31 32 33 4
f 35 57 58 36
f 3109 3129 3130 3111
f 3191 3200 3201 3192
f 3052 3073 3074 3053
f 2433 2472 2471 2432
f 778 811 812 779
f 1420 1463 1464 1421
f 3080 3097 3098 3081
f 44 45 47 46
f 1555 1610 1611 1556
f 2425 2465 2466 2426
f 8 36 37 10
f 3138 3150 3151 3139
f 2751 2767 2766 2750
f 103 132 133 104
f 3197 3206 3207 3198
f 24 25 28 27
f 918 948 949 919
f 2680 2702 2703 2681
f 1649 1706 1707 1650
f 2457 2458 2460 2459
f 3 34 35 6
f 22 43 45 44
f 7 8 10 9
f 3167 3175 3176 3168
f 2933 2958 2959 2935
f 291 306 307 292
f 3188 3189 3190 3179
f 29 30 32 31
f 52 75 76 53
f 13 14 16 15
f 27 28 30 29
f 1471 1515 1516 1472
f 1593 1651 1652 1594
f 1562 1617 1618 1563
f 3196 3203 3205 3195
f 1539 1590 1591 1541
f 3166 3174 3175 3167
f 3095 3113 3114 3096
f 453 490 491 454
f 65 88 89 66
f 91 94 93 92
f 175 202 203 176
f 3112 3131 3132 3113
f 38 60 61 39
f 1546 1596 1597 1547
f 1476 1520 1521 1477
f 3108 3110 3109 3093
f 90 119 121 120
f 1577 1632 1633 1578
f 1554 1609 1610 1555
f 4 33 34 3
f 855 856 858 857
f 39 61 62 40
f 30 53 54 32
f 32 54 55 33
f 2221 2263 2264 2222
f 133 160 161 134
f 45 66 67 47
f 3179 3190 3191 3178
f 75 104 105 76
f 6 35 36 8
f 95 96 98 97
f 64 87 88 65
f 2126 2179 2180 2127
f 83 112 113 84
f 1569 1624 1625 1570
f 2822 2834 2833 2821
f 69 70 72 50
f 3117 3136 3135 3119
f 3195 3205 3206 3197
f 1452 1496 1497 1453
f 1534 1535 1538 1537
f 345 359 360 346
f 170 197 198 171
f 2973 3001 3002 2972
f 77 106 107 78
f 80 109 110 81
f 285 300 301 286
f 107 136 137 108
f 2811 2825 2826 2812
f 59 82 83 60
f 70 100 101 72
f 79 108 109 80
f 72 101 102 73
f 1925 1980 1981 1927
f 155 182 183 156
f 74 103 104 75
f 1098 1133 1134 1099
f 93 125 126 96
f 1731 1787 1788 1732
f 71 99 100 70
f 40 62 63 41
f 720 772 773 721
f 329 342 343 330
f 109 138 139 110
f 1467 1511 1512 1468
f 85 114 115 86
f 866 896 897 867
f 55 78 79 56
f 2460 2496 2497 2462
f 66 89 90 67
f 53 76 77 54
f 110 139 140 111
f 3174 3181 3182 3175
f 2362 2403 2404 2364
f 160 187 188 161
f 154 181 182 155
f 19 20 22 21
f 1513 1560 1561 1514
f 82 111 112 83
f 102 131 132 103
f 28 52 53 30
f 1508 1555 1556 1509
f 543 583 584 544
f 445 446 447 417
f 1609 1673 1674 1610
f 148 175 176 149
f 115 144 145 116
f 78 107 108 79
f 111 140 141 112
f 104 133 134 105
f 2584 2616 2617 2585
f 235 252 253 236
f 173 200 201 174
f 1377 1380 1379 1378
f 117 146 147 118
f 136 163 164 137
f 1061 1092 1093 1064
f 721 773 774 722
f 729 781 782 730
f 399 426 427 401
f 141 168 169 142
f 810 844 845 811
f 135 162 163 136
f 1492 1540 1539 1491
f 733 785 786 734
f 139 166 167 140
f 171 198 199 172
f 1265 1292 1293 1266
f 99 128 129 100
f 1627 1691 1692 1628
f 20 42 43 22
f 152 180 179 153
f 2256 2294 2295 2257
f 769 802 803 770
f 98 127 128 99
f 188 210 211 189
f 157 184 185 158
f 134 161 162 135
f 159 186 187 160
f 144 171 172 145
f 17 18 20 19
f 2103 2159 2160 2104
f 57 80 81 58
f 261 278 279 262
f 466 505 506 468
f 149 176 178 177
f 166 193 194 167
f 143 170 171 144
f 112 141 142 113
f 342 356 357 343
f 218 237 238 219
f 1641 1700 1701 1643
f 519 520 522 521
f 125 152 153 126
f 1611 1675 1676 1612
f 119 148 149 121
f 56 79 80 57
f 54 77 78 55
f 693 739 740 694
f 211 230 231 212
f 3105 3121 3122 3106
f 1773 1823 1824 1774
f 387 420 421 389
f 1625 1689 1690 1626
f 1914 1966 1967 1915
f 61 84 85 62
f 190 212 213 191
f 1570 1625 1626 1571
f 3103 3119 3120 3104
f 1230 1257 1259 1231
f 369 378 379 370
f 325 338 340 327
f 1825 1884 1885 1826
f 3120 3137 3138 3121
f 174 201 202 175
f 60 83 84 61
f 2807 2821 2823 2809
f 2782 2799 2798 2781
f 298 311 313 299
f 142 169 170 143
f 191 213 214 192
f 1660 1718 1719 1663
f 2446 2484 2485 2447
f 837 875 876 838
f 1617 1681 1682 1618
f 551 593 594 552
f 189 211 212 190
f 86 115 116 87
f 223 242 243 224
f 2450 2488 2487 2449
f 1094 1129 1130 1095
f 443 482 483 446
f 251 268 269 252
f 697 743 744 698
f 275 291 292 276
f 232 249 250 233
f 68 71 70 69
f 2517 2554 2555 2518
f 161 188 189 162
f 138 165 166 139
f 260 277 278 261
f 162 189 190 163
f 1667 1721 1722 1668
f 239 256 257 240
f 1812 1865 1866 1813
f 1799 1852 1853 1801
f 282 297 296 281
f 397 425 426 399
f 1674 1728 1729 1675
f 245 262 263 246
f 222 241 242 223
f 192 214 215 193
f 1021 1037 1038 1022
f 130 157 158 131
f 615 657 658 616
f 237 254 255 238
f 254 271 272 255
f 231 247 249 232
f 2402 2440 2441 2403
f 391 422 423 393
f 507 550 551 508
f 147 174 175 148
f 2505 2543 2542 2504
f 197 219 220 198
f 1651 1708 1709 1652
f 817 820 819 818
f 3047 3068 3069 3048
f 3100 3118 3117 3102
f 292 307 308 293
f 106 135 136 107
f 270 286 287 271
f 199 221 222 200
f 1580 1635 1637 1582
f 1368 1421 1422 1369
f 435 471 472 436
f 761 762 764 763
f 2497 2536 2537 2499
f 187 209 210 188
f 262 279 280 263
f 256 273 274 257
f 801 835 836 802
f 393 423 424 395
f 671 716 717 670
f 269 285 286 270
f 230 248 247 231
f 127 154 155 128
f 288 303 304 289
f 1088 1108 1110 1109
f 579 620 621 580
f 315 329 330 316
f 2489 2527 2529 2490
f 293 308 309 294
f 1564 1619 1620 1565
f 3190 3199 3200 3191
f 2919 2949 2950 2920
f 153 179 181 154
f 1769 1770 1772 1717
f 332 345 346 333
f 163 190 191 164
f 882 883 884 852
f 2870 2882 2883 2871
f 304 318 319 305
f 1167 1199 1200 1168
f 346 360 361 347
f 1707 1760 1761 1708
f 309 323 324 310
f 2190 2236 2237 2191
f 296 312 311 298
f 165 192 193 166
f 1341 1367 1368 1342
f 533 573 574 534
f 1722 1778 1779 1723
f 301 315 316 302
f 294 309 310 295
f 998 1020 1021 999
f 326 339 338 325
f 1681 1735 1736 1682
f 643 687 688 644
f 735 787 788 736
f 277 293 294 278
f 1683 1737 1738 1684
f 3168 3176 3177 3169
f 264 282 281 266
f 37 59 60 38
f 385 419 420 387
f 200 222 223 201
f 287 302 303 288
f 2104 2160 2161 2105
f 434 470 471 435
f 363 372 371 362
f 1706 1759 1760 1707
f 213 232 233 214
f 350 352 351 339
f 1673 1727 1728 1674
f 1477 1521 1522 1478
f 236 253 254 237
f 219 238 239 220
f 334 347 348 335
f 2609 2637 2638 2610
f 1604 1668 1669 1603
f 597 639 640 598
f 271 287 288 272
f 333 346 347 334
f 328 341 342 329
f 755 758 757 756
f 831 869 870 832
f 302 316 317 303
f 368 377 378 369
f 377 412 413 378
f 1233 1261 1262 1234
f 238 255 256 239
f 1588 1647 1648 1590
f 372 405 407 371
f 2601 2628 2630 2602
f 605 647 648 606
f 365 374 375 366
f 94 123 125 93
f 124 151 150 123
f 392 393 395 394
f 1349 1405 1407 1351
f 418 449 450 419
f 1717 1772 1773 1716
f 375 410 411 376
f 2989 3018 3019 2990
f 1221 1252 1253 1222
f 833 871 872 834
f 203 225 226 204
f 2882 2911 2912 2883
f 525 565 566 526
f 403 428 430 429
f 373 408 409 374
f 383 416 418 382
f 2864 2875 2877 2876
f 202 224 225 203
f 1923 1926 1925 1924
f 381 382 385 384
f 415 417 416 383
f 384 385 387 386
f 991 1013 1014 992
f 1597 1655 1656 1598
f 661 705 706 662
f 919 949 950 920
f 341 355 356 342
f 2357 2398 2399 2358
f 803 837 838 804
f 146 173 174 147
f 2059 2108 2110 2061
f 344 358 359 345
f 849 852 851 850
f 194 216 217 195
f 2545 2582 2583 2546
f 259 276 277 260
f 938 967 968 939
f 351 362 364 353
f 2434 2473 2474 2435
f 3085 3100 3102 3086
f 699 745 746 700
f 450 487 488 451
f 436 472 473 437
f 406 432 431 405
f 405 431 433 407
f 622 664 665 623
f 1636 1696 1695 1635
f 303 317 318 304
f 486 531 532 487
f 825 863 864 826
f 1689 1743 1744 1690
f 2537 2573 2574 2538
f 421 452 453 422
f 789 792 791 790
f 999 1021 1022 1000
f 156 183 184 157
f 2529 2565 2566 2530
f 793 827 828 794
f 2035 2090 2091 2036
f 407 433 434 408
f 408 434 435 409
f 3005 3029 3030 3006
f 469 507 508 470
f 459 496 497 460
f 460 497 498 462
f 243 260 261 244
f 390 391 393 392
f 479 480 481 444
f 432 466 468 431
f 2069 2120 2121 2068
f 2906 2929 2931 2930
f 234 251 252 235
f 1794 1847 1849 1796
f 906 909 908 907
f 1620 1684 1685 1621
f 1787 1837 1838 1788
f 813 847 848 814
f 503 546 548 505
f 1095 1130 1131 1096
f 437 473 474 438
f 446 483 484 447
f 140 167 168 141
f 456 493 494 457
f 1798 1851 1852 1799
f 1877 1931 1932 1878
f 1713 1766 1767 1714
f 1842 1843 1846 1845
f 455 492 493 456
f 1622 1686 1687 1623
f 502 504 503 467
f 461 462 464 463
f 448 485 486 449
f 108 137 138 109
f 947 976 977 948
f 491 536 537 492
f 388 389 391 390
f 413 439 440 414
f 1771 1820 1821 1770
f 447 484 485 448
f 416 448 449 418
f 2302 2337 2338 2303
f 209 229 228 210
f 1705 1758 1759 1706
f 2553 2586 2588 2554
f 357 368 369 358
f 478 523 524 477
f 423 454 455 424
f 352 363 362 351
f 3110 3128 3129 3109
f 562 603 604 563
f 909 939 940 908
f 216 235 236 217
f 1618 1682 1683 1619
f 2950 2989 2990 2951
f 2037 2092 2093 2038
f 1697 1747 1749 1698
f 1183 1217 1218 1184
f 221 240 241 222
f 470 508 509 471
f 196 218 219 197
f 480 525 526 481
f 1059 1062 1061 1060
f 3128 3142 3143 3129
f 454 491 492 455
f 2930 2931 2933 2932
f 1804 1858 1859 1806
f 105 134 135 106
f 531 571 572 532
f 1249 1278 1279 1250
f 226 245 246 227
f 398 399 401 400
f 487 532 533 488
f 2514 2550 2552 2515
f 2230 2268 2269 2231
f 546 589 590 548
f 266 281 283 267
f 540 580 581 541
f 867 897 898 868
f 1819 1877 1878 1818
f 511 554 555 512
f 520 561 562 522
f 1366 1418 1420 1367
f 2181 2226 2228 2182
f 989 1011 1012 990
f 1834 1891 1892 1835
f 563 604 605 564
f 510 553 554 511
f 172 199 200 173
f 512 555 556 514
f 1091 1124 1126 1090
f 258 275 276 259
f 457 494 495 458
f 1279 1305 1306 1280
f 485 530 531 486
f 534 574 575 535
f 535 575 576 536
f 488 533 534 489
f 2029 2030 2033 2032
f 1019 1035 1036 1020
f 475 478 477 476
f 2593 2624 2625 2594
f 1811 1864 1865 1812
f 527 567 568 528
f 2498 2499 2501 2500
f 1260 1287 1288 1261
f 889 920 921 890
f 477 524 525 480
f 572 613 614 573
f 1809 1862 1863 1810
f 550 592 593 551
f 495 540 541 496
f 1708 1761 1762 1709
f 1639 1699 1700 1641
f 1187 1221 1222 1188
f 1085 1106 1107 1086
f 2569 2602 2603 2570
f 331 344 345 332
f 542 582 583 543
f 431 468 469 433
f 544 584 585 545
f 2439 2478 2479 2440
f 73 102 103 74
f 809 843 844 810
f 1383 1384 1386 1385
f 541 581 582 542
f 518 559 560 517
f 311 325 327 313
f 568 609 610 569
f 587 630 631 589
f 2561 2595 2596 2562
f 1801 1853 1854 1803
f 573 614 615 574
f 922 952 953 923
f 559 600 601 560
f 1692 1746 1745 1693
f 2279 2315 2314 2278
f 618 660 661 619
f 1149 1184 1185 1150
f 604 646 647 605
f 307 321 322 308
f 1851 1905 1906 1852
f 364 373 374 365
f 584 625 626 585
f 1543 1593 1594 1544
f 2485 2525 2526 2486
f 1761 1810 1811 1762
f 1874 1929 1930 1876
f 589 631 632 590
f 574 615 616 575
f 1762 1811 1812 1763
f 576 617 618 577
f 711 712 715 714
f 1267 1294 1295 1269
f 619 661 662 620
f 1423 1466 1467 1424
f 581 622 623 582
f 598 640 641 599
f 599 641 642 600
f 552 594 595 553
f 464 499 501 500
f 441 444 443 442
f 1729 1785 1786 1730
f 1866 1921 1922 1867
f 549 591 592 550
f 1835 1892 1893 1836
f 591 633 634 592
f 496 541 542 497
f 508 551 552 509
f 493 538 539 494
f 371 407 408 373
f 879 880 883 882
f 614 656 657 615
f 567 608 609 568
f 1756 1805 1804 1755
f 312 326 325 311
f 706 752 753 707
f 1237 1265 1266 1238
f 212 231 232 213
f 613 655 656 614
f 606 648 649 607
f 1682 1736 1737 1683
f 608 650 651 609
f 2452 2490 2491 2453
f 2685 2687 2686 2663
f 1721 1777 1778 1722
f 601 643 644 602
f 629 672 673 628
f 582 623 624 583
f 268 284 285 269
f 632 676 677 633
f 920 950 951 921
f 1331 1357 1358 1332
f 659 703 704 660
f 660 704 705 661
f 355 366 367 356
f 526 566 567 527
f 623 665 666 624
f 1724 1780 1781 1725
f 1648 1705 1706 1649
f 249 266 267 250
f 330 343 344 331
f 2681 2703 2704 2682
f 645 689 690 646
f 374 409 410 375
f 647 691 692 648
f 648 692 693 649
f 638 682 683 639
f 252 269 270 253
f 690 736 737 691
f 663 707 708 664
f 2083 2086 2085 2084
f 640 684 685 641
f 1512 1559 1560 1513
f 2877 2890 2892 2891
f 1317 1344 1345 1318
f 1559 1614 1615 1560
f 637 681 682 638
f 1034 1047 1048 1035
f 655 699 700 656
f 616 658 659 617
f 824 862 863 825
f 1411 1455 1456 1412
f 322 336 337 323
f 2633 2656 2657 2634
f 621 663 664 622
f 670 717 718 672
f 631 675 676 632
f 2490 2529 2530 2491
f 16 40 41 18
f 937 938 939 909
f 571 612 613 572
f 700 746 747 701
f 210 228 230 211
f 710 713 712 711
f 575 616 617 576
f 1788 1838 1839 1789
f 607 649 650 608
f 1315 1342 1343 1316
f 1817 1818 1820 1771
f 2625 2649 2650 2626
f 411 437 438 412
f 646 690 691 647
f 300 314 315 301
f 672 718 719 673
f 2736 2739 2738 2737
f 921 951 952 922
f 1357 1413 1414 1358
f 857 858 859 820
f 1647 1704 1705 1648
f 679 725 726 680
f 517 560 561 520
f 715 767 768 716
f 3172 3179 3178 3171
f 696 742 743 697
f 362 371 373 364
f 1345 1371 1372 1346
f 677 723 724 678
f 970 999 1000 971
f 703 749 750 704
f 1772 1822 1823 1773
f 317 331 332 318
f 1645 1702 1704 1647
f 1453 1497 1498 1454
f 732 784 785 733
f 701 747 748 702
f 1939 1991 1990 1941
f 284 299 300 285
f 712 766 767 715
f 253 270 271 254
f 41 63 64 42
f 1841 1844 1843 1842
f 1954 2009 2010 1955
f 395 424 425 397
f 694 740 741 695
f 719 771 772 720
f 725 777 778 726
f 726 778 779 727
f 1915 1967 1968 1916
f 717 769 770 718
f 704 750 751 705
f 818 819 822 821
f 1711 1764 1765 1712
f 685 731 732 686
f 790 791 793 758
f 759 760 762 761
f 680 726 727 681
f 51 74 75 52
f 14 39 40 16
f 779 812 813 780
f 1946 1996 1997 1947
f 669 670 672 629
f 734 786 787 735
f 687 733 734 688
f 624 666 667 625
f 2432 2471 2473 2434
f 1587 1589 1588 1540
f 1785 1835 1836 1786
f 2250 2289 2290 2252
f 509 552 553 510
f 702 748 749 703
f 893 924 925 894
f 425 456 457 426
f 757 794 795 760
f 1730 1786 1787 1731
f 504 547 546 503
f 340 354 355 341
f 805 839 840 806
f 874 904 903 875
f 1509 1556 1557 1510
f 2641 2664 2665 2642
f 555 597 598 556
f 654 698 699 655
f 767 800 801 768
f 224 243 244 225
f 339 351 353 338
f 158 185 186 159
f 1777 1827 1828 1778
f 1855 1857 1856 1805
f 290 305 306 291
f 1971 2024 2025 1972
f 791 826 827 793
f 2823 2835 2836 2824
f 1141 1178 1177 1143
f 1603 1669 1670 1606
f 819 860 861 822
f 1281 1307 1308 1282
f 797 831 832 798
f 1501 1549 1550 1502
f 201 223 224 202
f 821 822 824 823
f 316 330 331 317
f 1437 1479 1480 1438
f 828 866 867 829
f 410 436 437 411
f 774 807 808 775
f 2594 2625 2626 2595
f 603 645 646 604
f 858 888 889 859
f 1573 1628 1629 1574
f 1978 2036 2037 1977
f 765 798 799 766
f 806 840 841 807
f 807 841 842 808
f 2444 2482 2483 2445
f 653 697 698 654
f 318 332 333 319
f 378 413 414 379
f 1895 1945 1946 1896
f 242 259 260 243
f 1955 2010 2011 1956
f 830 868 869 831
f 799 833 834 800
f 1675 1729 1730 1676
f 2665 2690 2691 2666
f 707 753 754 708
f 822 861 862 824
f 2124 2177 2178 2125
f 961 991 992 963
f 1109 1110 1112 1111
f 868 898 899 869
f 467 503 505 466
f 782 815 816 783
f 775 808 809 776
f 768 801 802 769
f 2352 2393 2394 2353
f 1595 1653 1654 1596
f 427 458 459 428
f 2657 2680 2681 2658
f 853 854 856 855
f 1018 1034 1035 1019
f 695 741 742 696
f 977 1006 1007 978
f 2500 2501 2503 2502
f 1763 1812 1813 1764
f 2521 2558 2557 2520
f 2067 2069 2068 2015
f 132 159 160 133
f 3089 3105 3106 3090
f 1881 1935 1936 1882
f 1967 2020 2021 1968
f 861 891 892 862
f 854 886 887 856
f 583 624 625 584
f 1852 1906 1907 1853
f 931 934 933 932
f 193 215 216 194
f 116 145 146 117
f 2649 2672 2673 2650
f 451 488 489 452
f 910 911 912 881
f 319 333 334 320
f 856 887 888 858
f 2301 2336 2337 2302
f 962 963 964 934
f 1217 1248 1249 1218
f 908 940 941 911
f 484 529 530 485
f 2709 2726 2727 2710
f 885 916 917 886
f 2018 2073 2074 2019
f 1826 1885 1886 1827
f 888 919 920 889
f 2605 2633 2634 2606
f 590 632 633 591
f 923 953 954 924
f 2047 2100 2099 2046
f 869 899 900 870
f 1995 2051 2052 1996
f 935 936 938 937
f 1836 1893 1894 1837
f 1235 1263 1264 1236
f 1827 1886 1887 1828
f 1049 1052 1051 1050
f 2010 2063 2064 2011
f 804 838 839 805
f 829 867 868 830
f 912 942 943 913
f 433 469 470 434
f 894 925 926 895
f 773 806 807 774
f 896 927 928 897
f 1050 1051 1054 1053
f 1781 1831 1832 1782
f 1495 1543 1544 1496
f 499 544 545 501
f 886 917 918 887
f 628 673 674 630
f 864 894 895 865
f 1837 1894 1895 1838
f 718 770 771 719
f 945 974 975 946
f 2111 2166 2167 2112
f 917 947 948 918
f 862 892 893 863
f 863 893 894 864
f 776 809 810 777
f 1778 1828 1829 1779
f 1892 1942 1943 1893
f 963 992 993 964
f 412 438 439 413
f 798 832 833 799
f 198 220 221 199
f 474 512 514 513
f 1297 1323 1325 1296
f 941 970 971 942
f 662 706 707 663
f 943 972 973 944
f 936 966 967 938
f 118 147 148 119
f 1907 1958 1959 1908
f 1853 1907 1908 1854
f 988 1010 1011 989
f 483 528 529 484
f 382 418 419 385
f 959 989 990 958
f 984 985 988 987
f 1507 1554 1555 1508
f 465 467 466 432
f 422 453 454 423
f 2769 2784 2785 2770
f 965 994 995 966
f 2997 3020 3022 2998
f 404 406 405 372
f 1924 1925 1927 1872
f 758 793 794 757
f 1026 1040 1039 1027
f 2481 2521 2520 2480
f 2183 2229 2230 2184
f 949 978 979 950
f 3144 3158 3159 3145
f 975 1004 1005 976
f 976 1005 1006 977
f 678 724 725 679
f 968 997 998 969
f 870 900 901 871
f 722 774 775 723
f 2737 2738 2741 2740
f 957 958 961 960
f 2691 2711 2712 2692
f 967 996 997 968
f 944 973 974 945
f 1795 1848 1847 1794
f 1979 2038 2039 1980
f 1833 1889 1891 1834
f 1028 1041 1042 1029
f 274 290 291 275
f 993 1015 1016 994
f 1933 1987 1988 1934
f 2697 2717 2718 2698
f 539 579 580 540
f 2347 2388 2387 2346
f 951 980 981 952
f 2570 2603 2604 2571
f 3173 3180 3181 3174
f 1883 1937 1938 1884
f 995 1017 1018 996
f 1017 1033 1034 1018
f 997 1019 1020 998
f 871 901 902 872
f 553 595 596 554
f 2287 2322 2324 2289
f 476 477 480 479
f 1294 1320 1321 1295
f 1075 1076 1078 1077
f 1029 1042 1043 1030
f 1015 1031 1032 1016
f 2099 2155 2157 2101
f 506 549 550 507
f 2941 2978 2979 2942
f 1981 2040 2041 1982
f 2689 2709 2710 2690
f 1865 1920 1921 1866
f 950 979 980 951
f 1948 2000 2002 1951
f 417 447 448 416
f 1566 1621 1622 1567
f 2305 2307 2306 2266
f 523 563 564 524
f 1008 1024 1026 1010
f 1090 1126 1127 1092
f 1076 1099 1100 1078
f 2091 2147 2148 2092
f 1056 1085 1086 1058
f 1198 1228 1230 1199
f 2122 2175 2176 2123
f 1030 1043 1044 1031
f 1115 1116 1118 1117
f 2155 2199 2201 2157
f 2359 2400 2401 2360
f 1069 1070 1072 1071
f 1070 1096 1097 1072
f 1916 1968 1969 1917
f 1053 1054 1056 1055
f 1063 1064 1066 1065
f 1982 2041 2042 1983
f 1857 1910 1912 1856
f 1013 1029 1030 1014
f 428 459 460 430
f 2077 2129 2130 2078
f 1849 1903 1904 1850
f 241 258 259 242
f 2114 2169 2170 2115
f 933 965 966 936
f 2075 2127 2128 2076
f 1111 1112 1114 1113
f 1072 1097 1098 1074
f 1894 1944 1945 1895
f 1178 1210 1212 1177
f 1107 1145 1146 1108
f 948 977 978 949
f 1086 1107 1108 1088
f 2459 2460 2462 2461
f 1064 1093 1094 1066
f 1071 1072 1074 1073
f 1166 1198 1199 1167
f 1334 1360 1361 1335
f 538 578 579 539
f 2729 2748 2749 2730
f 1078 1100 1102 1101
f 1016 1032 1033 1017
f 2243 2279 2278 2242
f 2447 2485 2486 2448
f 1054 1084 1085 1056
f 952 981 982 953
f 217 236 237 218
f 1146 1181 1182 1147
f 781 814 815 782
f 1313 1340 1341 1314
f 958 990 991 961
f 1031 1044 1045 1032
f 792 825 826 791
f 2646 2669 2671 2648
f 1462 1506 1505 1461
f 2157 2201 2202 2158
f 1140 1172 1174 1173
f 557 558 559 518
f 2147 2197 2198 2148
f 1810 1863 1864 1811
f 1104 1142 1141 1103
f 2307 2340 2339 2306
f 2178 2224 2225 2179
f 691 737 738 692
f 354 365 366 355
f 468 506 507 469
f 2108 2163 2165 2110
f 2558 2592 2591 2557
f 537 577 578 538
f 530 570 571 531
f 2535 2571 2572 2536
f 1173 1174 1176 1175
f 1110 1147 1148 1112
f 1103 1141 1143 1105
f 2682 2704 2705 2683
f 2739 2756 2755 2738
f 1027 1039 1041 1028
f 859 889 890 860
f 1143 1177 1179 1144
f 1134 1168 1169 1135
f 2761 2777 2778 2762
f 1117 1118 1120 1119
f 2123 2176 2177 2124
f 452 489 490 453
f 1144 1179 1180 1145
f 2886 2917 2918 2888
f 2219 2261 2262 2220
f 1653 1710 1711 1654
f 1180 1214 1215 1181
f 1158 1193 1195 1160
f 1136 1170 1171 1138
f 87 116 117 88
f 1073 1074 1076 1075
f 23 26 25 24
f 2229 2267 2268 2230
f 2753 2769 2770 2754
f 306 320 321 307
f 1150 1185 1186 1151
f 1159 1194 1193 1158
f 1112 1148 1149 1114
f 3035 3056 3058 3034
f 2371 2407 2408 2372
f 897 928 929 898
f 2615 2643 2644 2616
f 595 637 638 596
f 1118 1151 1152 1120
f 2374 2410 2412 2411
f 2745 2761 2762 2746
f 1082 1103 1105 1084
f 1151 1186 1187 1152
f 2626 2650 2651 2627
f 2203 2246 2247 2204
f 89 118 119 90
f 1211 1242 1241 1210
f 1212 1243 1244 1213
f 1157 1190 1192 1191
f 2187 2233 2234 2188
f 2020 2075 2076 2021
f 1961 2014 2016 1963
f 1242 1271 1270 1241
f 2210 2253 2254 2211
f 1189 1223 1224 1190
f 1182 1216 1217 1183
f 1127 1161 1162 1128
f 1176 1206 1208 1207
f 2105 2161 2162 2106
f 1750 1796 1797 1751
f 2309 2342 2343 2310
f 2679 2701 2702 2680
f 627 629 628 588
f 1206 1237 1238 1208
f 1055 1056 1058 1057
f 1208 1238 1240 1239
f 2202 2245 2246 2203
f 2163 2207 2209 2165
f 887 918 919 888
f 1996 2052 2053 1997
f 911 941 942 912
f 2451 2489 2490 2452
f 1913 1965 1966 1914
f 1116 1150 1151 1118
f 1213 1244 1245 1214
f 1222 1253 1254 1223
f 1224 1255 1256 1225
f 521 522 523 478
f 1343 1369 1370 1344
f 1251 1280 1281 1252
f 2119 2172 2171 2118
f 1205 1236 1237 1206
f 1214 1245 1246 1215
f 1199 1230 1231 1200
f 1216 1247 1248 1217
f 1271 1297 1296 1270
f 1330 1356 1357 1331
f 1905 1956 1957 1906
f 780 813 814 781
f 1165 1196 1198 1166
f 1190 1224 1225 1192
f 420 451 452 421
f 2373 2409 2410 2374
f 1650 1707 1708 1651
f 1093 1128 1129 1094
f 1126 1160 1161 1127
f 668 671 670 669
f 1184 1218 1219 1185
f 471 509 510 472
f 1926 1979 1980 1925
f 1889 1939 1941 1891
f 1898 1949 1948 1900
f 966 995 996 967
f 1120 1152 1153 1122
f 1951 2002 2004 2003
f 2523 2560 2561 2524
f 1283 1309 1310 1284
f 1292 1318 1319 1293
f 635 679 680 636
f 1246 1275 1276 1247
f 1263 1290 1291 1264
f 2060 2109 2108 2059
f 1879 1933 1934 1880
f 473 511 512 474
f 602 644 645 603
f 2379 2380 2382 2381
f 1245 1274 1275 1246
f 1247 1276 1277 1248
f 1248 1277 1278 1249
f 684 730 731 685
f 1306 1334 1335 1307
f 2453 2491 2492 2454
f 2833 2840 2842 2835
f 1277 1303 1304 1278
f 1170 1202 1203 1171
f 2094 2150 2151 2095
f 2175 2221 2222 2176
f 1280 1306 1307 1281
f 2595 2626 2627 2596
f 594 636 637 595
f 2855 2869 2870 2856
f 611 653 654 612
f 1286 1312 1311 1285
f 1215 1246 1247 1216
f 2036 2091 2092 2037
f 2607 2635 2636 2608
f 1113 1114 1116 1115
f 1179 1213 1214 1180
f 2793 2809 2810 2794
f 1296 1325 1326 1298
f 1850 1904 1905 1851
f 2527 2563 2565 2529
f 2507 2545 2546 2508
f 1921 1973 1974 1922
f 1324 1350 1349 1323
f 1293 1319 1320 1294
f 1278 1304 1305 1279
f 548 590 591 549
f 1288 1314 1315 1289
f 1505 1552 1554 1507
f 2533 2569 2570 2534
f 1285 1311 1313 1287
f 1254 1283 1284 1255
f 1287 1313 1314 1288
f 1264 1291 1292 1265
f 1012 1028 1029 1013
f 1137 1138 1140 1139
f 913 943 944 914
f 2927 2955 2954 2928
f 1253 1282 1283 1254
f 1114 1149 1150 1116
f 1319 1346 1347 1320
f 2658 2681 2682 2659
f 1347 1373 1374 1348
f 934 964 965 933
f 1425 1468 1469 1426
f 338 353 354 340
f 2267 2309 2310 2268
f 532 572 573 533
f 2092 2148 2149 2093
f 1703 1756 1755 1702
f 81 110 111 82
f 642 686 687 643
f 1356 1412 1413 1357
f 204 226 227 206
f 1386 1435 1436 1388
f 675 721 722 676
f 1335 1361 1362 1336
f 3127 3141 3140 3126
f 2613 2641 2642 2614
f 1325 1351 1352 1326
f 1327 1353 1354 1328
f 1308 1336 1337 1309
f 1953 2006 2008 1952
f 1381 1382 1384 1383
f 1303 1331 1332 1304
f 240 257 258 241
f 1318 1345 1346 1319
f 651 695 696 652
f 1223 1254 1255 1224
f 1320 1347 1348 1321
f 592 634 635 593
f 2406 2443 2442 2405
f 1371 1424 1425 1372
f 2282 2318 2319 2283
f 1397 1398 1400 1399
f 1342 1368 1369 1343
f 580 621 622 581
f 1344 1370 1371 1345
f 2999 3023 3024 3000
f 2251 2287 2289 2250
f 1391 1392 1394 1393
f 2068 2121 2122 2070
f 528 568 569 529
f 2771 2789 2790 2773
f 1945 1995 1996 1946
f 2266 2306 2308 2265
f 1389 1390 1392 1391
f 1358 1414 1415 1359
f 1360 1416 1417 1361
f 1333 1359 1360 1334
f 2530 2566 2567 2531
f 2717 2734 2735 2718
f 1350 1406 1405 1349
f 1352 1408 1409 1353
f 489 534 535 490
f 2801 2816 2817 2802
f 1326 1352 1353 1327
f 1328 1354 1355 1329
f 1466 1510 1511 1467
f 3071 3088 3089 3072
f 1262 1289 1290 1263
f 1272 1298 1299 1273
f 2606 2634 2635 2607
f 1261 1288 1289 1262
f 2299 2332 2334 2298
f 1382 1433 1434 1384
f 1125 1159 1158 1124
f 1359 1415 1416 1360
f 1128 1162 1163 1129
f 1644 1646 1645 1589
f 2843 2850 2851 2844
f 1929 1983 1984 1930
f 1385 1386 1388 1387
f 1373 1426 1427 1374
f 1446 1447 1449 1406
f 564 605 606 565
f 1427 1470 1471 1428
f 233 250 251 234
f 1428 1471 1472 1430
f 851 885 886 854
f 2291 2326 2327 2292
f 1407 1451 1452 1408
f 800 834 835 801
f 2983 3013 3014 2985
f 1450 1494 1495 1451
f 674 720 721 675
f 2314 2346 2348 2316
f 1414 1458 1459 1415
f 1367 1420 1421 1368
f 2260 2302 2303 2261
f 1232 1260 1261 1233
f 2750 2766 2768 2752
f 2861 2873 2875 2864
f 3135 3149 3148 3137
f 426 457 458 427
f 1406 1449 1450 1405
f 1399 1400 1402 1401
f 2786 2787 2788 2772
f 1152 1187 1188 1153
f 2907 2939 2940 2909
f 714 715 716 671
f 2825 2837 2838 2826
f 1882 1936 1937 1883
f 1432 1474 1475 1433
f 612 654 655 613
f 1860 1915 1916 1861
f 1129 1163 1164 1130
f 1323 1349 1351 1325
f 1468 1512 1513 1469
f 1421 1464 1465 1422
f 1390 1437 1438 1392
f 1431 1473 1474 1432
f 2436 2475 2476 2437
f 1440 1482 1483 1441
f 2819 2831 2832 2820
f 2237 2275 2276 2238
f 1138 1171 1172 1140
f 1413 1457 1458 1414
f 1447 1491 1493 1449
f 1392 1438 1439 1394
f 1808 1861 1862 1809
f 1153 1188 1189 1155
f 1011 1027 1028 1012
f 2817 2828 2830 2818
f 1429 1430 1431 1380
f 2363 2364 2365 2333
f 596 638 639 597
f 2706 2723 2725 2708
f 1720 1776 1777 1721
f 2987 3016 3017 2988
f 449 486 487 450
f 48 50 49 26
f 386 387 389 388
f 1438 1480 1481 1439
f 1463 1507 1508 1464
f 2172 2216 2218 2171
f 2180 2227 2226 2181
f 225 244 245 226
f 1491 1539 1541 1493
f 2809 2823 2824 2810
f 723 775 776 724
f 1470 1514 1515 1471
f 1456 1500 1501 1457
f 1461 1505 1507 1463
f 2315 2347 2346 2314
f 1500 1548 1549 1501
f 2025 2080 2081 2026
f 1485 1529 1530 1486
f 1486 1530 1531 1488
f 1455 1499 1500 1456
f 1480 1524 1525 1481
f 992 1014 1015 993
f 1522 1569 1570 1523
f 3013 3036 3037 3014
f 2354 2395 2397 2356
f 763 764 765 713
f 1478 1522 1523 1479
f 3078 3095 3096 3079
f 1372 1425 1426 1373
f 1985 2044 2045 1986
f 96 126 127 98
f 1493 1541 1542 1494
f 1454 1498 1499 1455
f 1439 1481 1482 1440
f 2156 2200 2199 2155
f 2785 2802 2803 2787
f 3067 3083 3085 3068
f 1523 1570 1571 1524
f 2346 2387 2389 2348
f 1533 1536 1535 1534
f 1398 1441 1442 1400
f 1351 1407 1408 1352
f 1496 1544 1545 1497
f 2476 2517 2518 2477
f 505 548 549 506
f 1977 2037 2038 1979
f 1396 1440 1441 1398
f 1469 1513 1514 1470
f 1270 1296 1298 1272
f 1231 1259 1260 1232
f 1488 1531 1532 1490
f 2648 2671 2672 2649
f 1594 1652 1653 1595
f 3093 3109 3111 3092
f 1464 1508 1509 1465
f 895 926 927 896
f 63 86 87 64
f 327 340 341 328
f 1033 1046 1047 1034
f 2767 2782 2781 2766
f 1547 1597 1598 1548
f 1445 1448 1447 1446
f 974 1003 1004 975
f 2034 2035 2036 1978
f 1400 1442 1443 1402
f 3032 3053 3054 3033
f 3187 3195 3197 3186
f 770 803 804 771
f 168 195 196 169
f 795 829 830 796
f 2928 2954 2956 2929
f 497 542 543 498
f 1517 1564 1565 1518
f 2868 2880 2881 2869
f 2212 2255 2256 2213
f 1578 1633 1634 1579
f 3189 3198 3199 3190
f 1401 1402 1404 1403
f 1549 1599 1600 1550
f 2499 2537 2538 2501
f 1252 1281 1282 1253
f 1528 1575 1576 1529
f 2176 2222 2223 2177
f 215 234 235 216
f 762 796 797 764
f 1572 1627 1628 1573
f 771 804 805 772
f 1250 1279 1280 1251
f 940 969 970 941
f 1552 1608 1609 1554
f 101 130 131 102
f 36 58 59 37
f 1042 1080 1079 1043
f 2897 2926 2925 2900
f 1557 1612 1613 1558
f 1558 1613 1614 1559
f 1511 1558 1559 1512
f 2188 2234 2235 2189
f 123 150 152 125
f 1209 1211 1210 1178
f 1605 1606 1607 1553
f 248 265 264 247
f 2667 2692 2693 2668
f 1568 1623 1624 1569
f 3171 3178 3180 3173
f 1560 1615 1616 1561
f 2865 2867 2866 2854
f 1525 1572 1573 1526
f 1596 1654 1655 1597
f 1510 1557 1558 1511
f 2777 2794 2795 2778
f 1536 1581 1580 1535
f 58 81 82 59
f 1185 1219 1220 1186
f 1993 2049 2050 1994
f 2849 2855 2856 2850
f 442 443 446 445
f 1186 1220 1221 1187
f 2134 2187 2188 2136
f 62 85 86 63
f 2395 2434 2435 2397
f 2762 2778 2779 2763
f 481 526 527 482
f 320 334 335 321
f 969 998 999 970
f 1582 1637 1638 1584
f 676 722 723 677
f 2244 2280 2281 2245
f 195 217 218 196
f 883 914 915 884
f 1619 1683 1684 1620
f 2841 2848 2847 2840
f 827 865 866 828
f 1662 1663 1665 1664
f 1567 1622 1623 1568
f 1640 1641 1643 1642
f 389 421 422 391
f 164 191 192 165
f 802 836 837 803
f 1628 1692 1693 1629
f 1581 1636 1635 1580
f 2419 2420 2422 2421
f 1607 1671 1672 1608
f 1608 1672 1673 1609
f 267 283 284 268
f 273 289 290 274
f 126 153 154 127
f 2426 2466 2467 2427
f 1613 1677 1678 1614
f 376 411 412 377
f 2017 2072 2073 2018
f 811 845 846 812
f 1614 1678 1679 1615
f 652 696 697 653
f 114 143 144 115
f 1606 1670 1671 1607
f 1629 1693 1694 1630
f 1623 1687 1688 1624
f 2228 2265 2267 2229
f 3204 3209 3208 3203
f 1770 1821 1822 1772
f 1715 1717 1716 1661
f 2418 2454 2455 2420
f 1621 1685 1686 1622
f 1590 1648 1649 1591
f 1615 1679 1680 1616
f 1624 1688 1689 1625
f 2009 2062 2063 2010
f 1589 1645 1647 1588
f 1548 1598 1599 1549
f 1575 1630 1631 1576
f 2580 2612 2611 2579
f 214 233 234 215
f 2857 2871 2872 2858
f 1541 1591 1592 1542
f 1518 1565 1566 1519
f 1519 1566 1567 1520
f 1616 1680 1681 1617
f 419 450 451 420
f 639 683 684 640
f 2001 2056 2055 2000
f 472 510 511 473
f 1405 1450 1451 1407
f 2443 2481 2480 2442
f 756 757 760 759
f 1592 1650 1651 1593
f 186 207 209 187
f 244 261 262 245
f 1699 1750 1751 1700
f 1369 1422 1423 1370
f 1133 1167 1168 1134
f 1646 1703 1702 1645
f 1655 1712 1713 1656
f 1544 1594 1595 1545
f 515 518 517 516
f 1700 1751 1752 1701
f 1679 1733 1734 1680
f 973 1002 1003 974
f 137 164 165 138
f 834 872 873 835
f 2458 2495 2496 2460
f 3152 3154 3153 3141
f 692 738 739 693
f 1678 1732 1733 1679
f 1408 1452 1453 1409
f 547 587 589 546
f 1754 1799 1801 1800
f 286 301 302 287
f 536 576 577 537
f 3156 3168 3169 3157
f 2427 2467 2468 2428
f 1695 1748 1747 1697
f 1672 1726 1727 1673
f 250 267 268 251
f 2428 2468 2469 2429
f 565 606 607 566
f 380 383 382 381
f 2889 2919 2920 2890
f 1702 1755 1757 1704
f 1687 1741 1742 1688
f 2842 2849 2850 2843
f 1301 1329 1330 1302
f 823 824 825 792
f 826 864 865 827
f 1732 1788 1789 1733
f 1171 1203 1204 1172
f 1686 1740 1741 1687
f 1663 1719 1720 1665
f 1768 1771 1770 1769
f 683 729 730 684
f 308 322 323 309
f 1659 1660 1663 1662
f 2881 2910 2911 2882
f 1661 1716 1718 1660
f 1654 1711 1712 1655
f 1969 2022 2023 1970
f 2949 2988 2989 2950
f 891 922 923 892
f 1234 1262 1263 1235
f 1962 2015 2014 1961
f 1712 1765 1766 1713
f 609 651 652 610
f 1680 1734 1735 1681
f 600 642 643 601
f 358 369 370 359
f 1725 1781 1782 1726
f 2483 2523 2524 2484
f 764 797 798 765
f 2794 2810 2811 2795
f 314 328 329 315
f 220 239 240 221
f 985 1008 1010 988
f 2873 2888 2889 2875
f 1749 1794 1796 1750
f 2316 2348 2349 2317
f 731 783 784 732
f 1779 1829 1830 1780
f 881 912 913 880
f 1780 1830 1831 1781
f 1610 1674 1675 1611
f 1726 1782 1783 1727
f 1719 1775 1776 1720
f 1752 1798 1799 1754
f 1565 1620 1621 1566
f 396 397 399 398
f 2089 2145 2146 2090
f 2482 2522 2523 2483
f 1765 1814 1815 1766
f 1758 1807 1808 1759
f 1759 1808 1809 1760
f 1816 1819 1818 1817
f 835 873 874 836
f 97 98 99 71
f 430 460 462 461
f 664 708 709 665
f 1757 1806 1807 1758
f 394 395 397 396
f 1818 1878 1879 1820
f 2049 2102 2103 2050
f 1135 1169 1170 1136
f 2474 2515 2516 2475
f 1733 1789 1790 1734
f 2467 2508 2509 2468
f 724 776 777 725
f 1181 1215 1216 1182
f 1783 1833 1834 1784
f 1669 1723 1724 1670
f 1676 1730 1731 1677
f 1782 1832 1833 1783
f 1775 1825 1826 1776
f 2300 2335 2336 2301
f 299 313 314 300
f 444 481 482 443
f 1875 1876 1877 1819
f 176 203 204 178
f 939 968 969 940
f 1774 1824 1825 1775
f 1789 1839 1840 1790
f 1734 1790 1791 1735
f 178 204 206 205
f 2041 2096 2097 2042
f 494 539 540 495
f 409 435 436 410
f 1380 1431 1432 1379
f 1813 1866 1867 1814
f 1670 1724 1725 1671
f 1727 1783 1784 1728
f 1784 1834 1835 1785
f 276 292 293 277
f 1906 1957 1958 1907
f 2033 2089 2090 2035
f 681 727 728 682
f 1776 1826 1827 1777
f 1051 1082 1084 1054
f 1311 1338 1340 1313
f 1843 1898 1900 1846
f 1844 1899 1898 1843
f 915 945 946 916
f 1526 1573 1574 1527
f 1671 1725 1726 1672
f 2985 3014 3015 2986
f 914 944 945 915
f 1800 1801 1803 1802
f 1527 1574 1575 1528
f 2141 2191 2192 2142
f 524 564 565 525
f 566 607 608 567
f 832 870 871 833
f 1821 1880 1881 1822
f 1869 1872 1871 1870
f 1147 1182 1183 1148
f 1688 1742 1743 1689
f 321 335 336 322
f 898 929 930 899
f 2937 2975 2976 2939
f 1797 1850 1851 1798
f 1814 1867 1868 1815
f 1807 1860 1861 1808
f 2356 2397 2398 2357
f 522 562 563 523
f 1890 1940 1939 1889
f 1755 1804 1806 1757
f 1876 1930 1931 1877
f 1832 1890 1889 1833
f 956 959 958 957
f 1487 1488 1490 1489
f 2929 2956 2957 2931
f 482 527 528 483
f 2659 2682 2683 2660
f 2050 2103 2104 2051
f 1864 1919 1920 1865
f 1741 1793 1792 1742
f 588 628 630 587
f 2065 2114 2115 2066
f 1241 1270 1272 1243
f 2445 2483 2484 2446
f 630 674 675 631
f 960 961 963 962
f 971 1000 1001 972
f 1314 1341 1342 1315
f 1871 1928 1929 1874
f 2332 2366 2367 2334
f 492 537 538 493
f 1497 1545 1546 1498
f 1878 1932 1933 1879
f 1909 1911 1910 1857
f 1863 1918 1919 1864
f 1880 1934 1935 1881
f 1299 1327 1328 1300
f 1257 1286 1285 1259
f 1009 1025 1024 1008
f 1872 1927 1928 1871
f 1823 1882 1883 1824
f 1862 1917 1918 1863
f 1848 1902 1901 1847
f 578 619 620 579
f 255 272 273 256
f 1931 1985 1986 1932
f 1932 1986 1987 1933
f 1893 1943 1944 1894
f 1870 1871 1874 1873
f 1994 2050 2051 1995
f 2826 2838 2839 2827
f 1395 1396 1398 1397
f 836 874 875 837
f 2396 2432 2434 2395
f 1274 1300 1301 1275
f 987 988 989 959
f 1903 1954 1955 1904
f 1960 1962 1961 1911
f 2853 2868 2869 2855
f 49 73 74 51
f 946 975 976 947
f 2554 2588 2589 2555
f 1917 1969 1970 1918
f 2547 2584 2585 2548
f 686 732 733 687
f 1901 1952 1954 1903
f 1910 1963 1964 1912
f 1975 1978 1977 1976
f 1976 1977 1979 1926
f 1443 1485 1486 1444
f 1970 2023 2024 1971
f 2137 2138 2140 2139
f 1861 1916 1917 1862
f 1000 1022 1023 1001
f 820 859 860 819
f 1805 1856 1858 1804
f 658 702 703 659
f 2380 2415 2416 2382
f 1751 1797 1798 1752
f 1963 2016 2017 1964
f 2546 2583 2584 2547
f 1677 1731 1732 1678
f 716 768 769 717
f 2333 2365 2366 2332
f 2081 2133 2134 2082
f 2866 2878 2880 2868
f 1941 1990 1992 1942
f 1934 1988 1989 1935
f 1943 1993 1994 1944
f 1944 1994 1995 1945
f 1058 1086 1088 1087
f 569 610 611 570
f 766 799 800 767
f 2945 2985 2986 2947
f 1155 1189 1190 1157
f 1096 1131 1132 1097
f 554 596 597 555
f 1928 1982 1983 1929
f 2074 2126 2127 2075
f 1919 1971 1972 1920
f 1563 1618 1619 1564
f 2073 2125 2126 2074
f 1441 1483 1484 1442
f 1973 2026 2027 1974
f 2531 2567 2568 2532
f 1927 1981 1982 1928
f 1912 1964 1965 1913
f 730 782 783 731
f 1911 1961 1963 1910
f 1966 2019 2020 1967
f 1856 1912 1913 1858
f 1635 1695 1697 1637
f 812 846 847 813
f 2011 2064 2065 2012
f 2012 2065 2066 2013
f 1965 2018 2019 1966
f 278 294 295 279
f 1704 1757 1758 1705
f 257 274 275 258
f 1839 1896 1897 1840
f 1942 1992 1993 1943
f 1424 1467 1468 1425
f 1723 1779 1780 1724
f 2042 2097 2098 2043
f 1010 1026 1027 1011
f 2602 2630 2631 2603
f 878 881 880 879
f 884 915 916 885
f 1918 1970 1971 1919
f 808 842 843 809
f 850 851 854 853
f 2079 2131 2132 2080
f 994 1016 1017 995
f 1168 1200 1201 1169
f 1949 2001 2000 1948
f 1822 1881 1882 1823
f 1983 2042 2043 1984
f 2847 2853 2855 2849
f 3045 3065 3067 3046
f 892 923 924 893
f 1891 1941 1942 1892
f 2977 3006 3007 2978
f 2015 2068 2070 2014
f 2579 2611 2613 2581
f 558 599 600 559
f 366 375 376 367
f 2052 2105 2106 2053
f 514 556 558 557
f 2006 2059 2061 2008
f 860 890 891 861
f 343 357 358 344
f 1859 1914 1915 1860
f 1273 1299 1300 1274
f 2031 2087 2088 2030
f 2030 2088 2089 2033
f 2796 2812 2813 2797
f 890 921 922 891
f 796 830 831 797
f 1571 1626 1627 1572
f 2969 3000 3001 2973
f 1043 1079 1081 1044
f 1240 1267 1269 1268
f 498 543 544 499
f 1997 2053 2054 1999
f 2563 2598 2597 2565
f 2023 2078 2079 2024
f 1984 2043 2044 1985
f 1947 1997 1999 1998
f 2961 2996 2997 2963
f 2053 2106 2107 2054
f 1067 1068 1070 1069
f 2076 2128 2129 2077
f 2046 2099 2101 2048
f 1991 2047 2046 1990
f 42 64 65 43
f 838 876 877 839
f 1289 1315 1316 1290
f 2139 2140 2141 2086
f 2650 2673 2674 2651
f 2117 2118 2120 2069
f 2038 2093 2094 2039
f 2026 2081 2082 2027
f 2468 2509 2510 2469
f 2019 2074 2075 2020
f 964 993 994 965
f 916 946 947 917
f 986 1009 1008 985
f 2169 2213 2214 2170
f 2014 2070 2071 2016
f 2061 2110 2111 2062
f 2063 2112 2113 2064
f 2048 2101 2102 2049
f 462 498 499 464
f 185 208 207 186
f 1014 1030 1031 1015
f 1312 1339 1338 1311
f 2021 2076 2077 2022
f 1298 1326 1327 1299
f 2135 2136 2138 2137
f 2080 2132 2133 2081
f 1475 1519 1520 1476
f 2642 2665 2666 2643
f 2113 2168 2169 2114
f 2005 2007 2006 1953
f 2635 2658 2659 2636
f 932 933 936 935
f 875 903 905 876
f 9 10 12 11
f 1123 1125 1124 1091
f 2028 2031 2030 2029
f 2078 2130 2131 2079
f 2095 2151 2152 2096
f 2096 2152 2153 2097
f 2473 2514 2515 2474
f 2138 2189 2190 2140
f 2087 2143 2144 2088
f 2102 2158 2159 2103
f 2088 2144 2145 2089
f 2283 2319 2320 2284
f 2399 2437 2438 2400
f 2131 2184 2185 2132
f 760 795 796 762
f 2085 2142 2143 2087
f 2603 2631 2632 2604
f 2071 2123 2124 2072
f 2064 2113 2114 2065
f 1422 1465 1466 1423
f 1052 1083 1082 1051
f 1201 1232 1233 1202
f 1376 1428 1430 1429
f 2109 2164 2163 2108
f 2118 2171 2173 2120
f 1992 2048 2049 1993
f 593 635 636 594
f 1457 1501 1502 1458
f 1083 1104 1103 1082
f 2110 2165 2166 2111
f 2007 2060 2059 2006
f 2508 2546 2547 2509
f 2339 2370 2369 2341
f 2242 2278 2280 2244
f 1102 1136 1138 1137
f 2164 2208 2207 2163
f 1105 1143 1144 1106
f 2133 2186 2187 2134
f 2086 2141 2142 2085
f 1847 1901 1903 1849
f 2120 2173 2174 2121
f 1122 1153 1155 1154
f 3081 3098 3099 3082
f 2171 2218 2219 2173
f 2125 2178 2179 2126
f 2022 2077 2078 2023
f 1535 1580 1582 1538
f 2144 2194 2195 2145
f 1062 1090 1092 1061
f 1100 1135 1136 1102
f 1448 1492 1491 1447
f 1074 1098 1099 1076
f 2093 2149 2150 2094
f 1838 1895 1896 1839
f 2146 2196 2197 2147
f 2484 2524 2525 2485
f 1710 1763 1764 1711
f 2567 2600 2601 2568
f 3025 3046 3047 3026
f 586 588 587 547
f 1542 1592 1593 1543
f 2215 2217 2216 2172
f 2168 2212 2213 2169
f 2491 2530 2531 2492
f 1124 1158 1160 1126
f 1174 1205 1206 1176
f 2204 2247 2248 2205
f 1131 1165 1166 1132
f 990 1012 1013 991
f 1244 1273 1274 1245
f 2160 2204 2205 2161
f 1202 1233 1234 1203
f 577 618 619 578
f 2128 2181 2182 2129
f 2127 2180 2181 2128
f 2555 2589 2590 2556
f 2226 2266 2265 2228
f 1066 1094 1095 1068
f 3017 3040 3041 3018
f 2165 2209 2210 2166
f 2890 2920 2921 2892
f 2082 2134 2136 2135
f 2062 2111 2112 2063
f 2703 2721 2722 2704
f 1338 1364 1366 1340
f 1520 1567 1568 1521
f 2189 2235 2236 2190
f 2643 2666 2667 2644
f 2572 2605 2606 2573
f 1196 1229 1228 1198
f 2121 2174 2175 2122
f 3001 3025 3026 3002
f 1099 1134 1135 1100
f 1305 1333 1334 1306
f 2236 2274 2275 2237
f 2213 2256 2257 2214
f 1394 1439 1440 1396
f 996 1018 1019 997
f 2192 2238 2239 2193
f 1282 1308 1309 1283
f 1108 1146 1147 1110
f 1238 1266 1267 1240
f 2746 2762 2763 2747
f 2205 2248 2249 2206
f 100 129 130 101
f 1065 1066 1068 1067
f 1329 1355 1356 1330
f 1584 1638 1639 1586
f 2173 2219 2220 2174
f 2963 2997 2998 2965
f 2191 2237 2238 2192
f 2216 2258 2260 2218
f 2158 2202 2203 2159
f 2259 2300 2301 2258
f 1479 1523 1524 1480
f 2738 2755 2757 2741
f 2101 2157 2158 2102
f 2465 2506 2507 2466
f 2231 2269 2270 2232
f 2524 2561 2562 2525
f 2248 2284 2285 2249
f 1598 1656 1657 1599
f 1106 1144 1145 1107
f 561 602 603 562
f 2132 2185 2186 2133
f 1957 2012 2013 1958
f 1666 1667 1668 1604
f 2298 2334 2335 2300
f 2803 2818 2819 2804
f 1302 1330 1331 1303
f 3049 3070 3071 3050
f 1685 1739 1740 1686
f 2731 2750 2752 2733
f 972 1001 1002 973
f 2246 2282 2283 2247
f 2232 2270 2271 2233
f 1346 1372 1373 1347
f 3023 3043 3045 3024
f 2161 2205 2206 2162
f 1656 1713 1714 1657
f 2200 2243 2242 2199
f 2255 2293 2294 2256
f 2875 2889 2890 2877
f 1340 1366 1367 1341
f 2331 2333 2332 2299
f 1473 1517 1518 1474
f 1307 1335 1336 1308
f 2270 2312 2313 2271
f 2145 2195 2196 2146
f 1374 1427 1428 1376
f 313 327 328 314
f 2308 2341 2342 2309
f 634 678 679 635
f 2715 2732 2731 2714
f 2129 2182 2183 2130
f 2386 2418 2420 2419
f 2778 2795 2796 2779
f 2293 2328 2329 2294
f 2294 2329 2330 2295
f 2247 2283 2284 2248
f 2323 2355 2354 2322
f 3175 3182 3183 3176
f 1728 1784 1785 1729
f 1459 1503 1504 1460
f 2278 2314 2316 2280
f 2199 2242 2244 2201
f 2136 2188 2189 2138
f 1130 1164 1165 1131
f 1412 1456 1457 1413
f 3073 3090 3091 3074
f 2245 2281 2282 2246
f 2286 2288 2287 2251
f 2143 2193 2194 2144
f 2000 2055 2057 2002
f 2710 2727 2728 2711
f 281 296 298 283
f 1430 1472 1473 1431
f 570 611 612 571
f 2348 2389 2390 2349
f 2166 2210 2211 2167
f 1154 1155 1157 1156
f 1219 1250 1251 1220
f 2763 2779 2780 2764
f 1060 1061 1064 1063
f 2280 2316 2317 2281
f 2311 2344 2345 2312
f 2788 2804 2805 2789
f 2235 2273 2274 2236
f 2317 2349 2350 2318
f 2343 2372 2373 2344
f 942 971 972 943
f 2370 2406 2405 2369
f 3065 3084 3083 3067
f 2341 2369 2371 2342
f 2318 2350 2351 2319
f 1020 1036 1037 1021
f 2986 3015 3016 2987
f 1494 1542 1543 1495
f 128 155 156 129
f 1824 1883 1884 1825
f 1203 1234 1235 1204
f 2342 2371 2372 2343
f 2383 2384 2386 2385
f 2376 2377 2380 2379
f 2939 2976 2977 2940
f 1484 1528 1529 1485
f 689 735 736 690
f 1418 1461 1463 1420
f 1089 1091 1090 1062
f 3057 3076 3075 3056
f 2349 2390 2391 2350
f 2747 2763 2764 2748
f 1388 1436 1437 1390
f 2254 2292 2293 2255
f 2388 2424 2423 2387
f 2358 2399 2400 2359
f 2344 2373 2374 2345
f 1393 1394 1396 1395
f 2387 2423 2425 2389
f 2818 2830 2831 2819
f 2297 2298 2300 2259
f 2381 2382 2384 2383
f 2350 2391 2392 2351
f 2375 2378 2377 2376
f 2288 2323 2322 2287
f 3038 3061 3062 3039
f 2319 2351 2352 2320
f 1904 1955 1956 1905
f 1574 1629 1630 1575
f 2325 2357 2358 2326
f 2326 2358 2359 2327
f 2130 2183 2184 2131
f 2962 2963 2965 2964
f 3155 3167 3168 3156
f 1556 1611 1612 1557
f 1370 1423 1424 1371
f 2253 2291 2292 2254
f 1084 1105 1106 1085
f 2652 2675 2677 2654
f 1482 1526 1527 1483
f 129 156 157 130
f 2795 2811 2812 2796
f 1259 1285 1287 1260
f 2391 2427 2428 2392
f 2384 2417 2418 2386
f 12 38 39 14
f 2442 2480 2482 2444
f 2810 2824 2825 2811
f 2390 2426 2427 2391
f 167 194 195 168
f 2193 2239 2240 2194
f 2408 2445 2446 2409
f 2407 2444 2445 2408
f 92 93 96 95
f 424 455 456 425
f 2435 2474 2475 2436
f 2284 2320 2321 2285
f 2389 2425 2426 2390
f 1602 1603 1606 1605
f 2636 2659 2660 2637
f 1612 1676 1677 1613
f 2185 2231 2232 2186
f 1384 1434 1435 1386
f 2413 2449 2451 2415
f 2414 2450 2449 2413
f 1068 1095 1096 1070
f 1638 1698 1699 1639
f 633 677 678 634
f 1964 2017 2018 1965
f 1243 1272 1273 1244
f 2779 2796 2797 2780
f 2423 2463 2465 2425
f 2522 2559 2560 2523
f 2918 2948 2949 2919
f 2177 2223 2224 2178
f 2306 2339 2341 2308
f 2437 2476 2477 2438
f 2438 2477 2478 2439
f 2415 2451 2452 2416
f 2424 2464 2463 2423
f 560 601 602 561
f 636 680 681 637
f 2422 2456 2458 2457
f 1684 1738 1739 1685
f 3145 3159 3160 3146
f 2416 2452 2453 2417
f 2431 2433 2432 2396
f 2707 2724 2723 2706
f 617 659 660 618
f 2475 2516 2517 2476
f 1709 1762 1763 1710
f 2429 2469 2470 2430
f 2392 2428 2429 2393
f 2327 2359 2360 2328
f 33 55 56 34
f 2506 2544 2545 2507
f 1218 1249 1250 1219
f 1873 1874 1876 1875
f 2397 2435 2436 2398
f 490 535 536 491
f 2320 2352 2353 2321
f 688 734 735 689
f 1718 1774 1775 1719
f 2492 2531 2532 2493
f 610 652 653 611
f 2159 2203 2204 2160
f 727 779 780 728
f 1764 1813 1814 1765
f 1210 1241 1243 1212
f 1665 1720 1721 1667
f 1291 1317 1318 1292
f 2398 2436 2437 2399
f 2455 2493 2494 2456
f 2716 2733 2734 2717
f 356 367 368 357
f 2355 2396 2395 2354
f 2469 2510 2511 2470
f 1236 1264 1265 1237
f 1698 1749 1750 1699
f 2464 2505 2504 2463
f 1353 1409 1410 1354
f 2201 2244 2245 2202
f 2112 2167 2168 2113
f 2493 2532 2533 2494
f 2334 2367 2368 2335
f 2496 2535 2536 2497
f 1668 1722 1723 1669
f 1806 1859 1860 1807
f 1561 1616 1617 1562
f 1275 1301 1302 1276
f 2174 2220 2221 2175
f 367 376 377 368
f 2692 2712 2713 2693
f 1409 1453 1454 1410
f 1097 1132 1133 1098
f 2532 2568 2569 2533
f 2512 2551 2550 2514
f 2234 2272 2273 2235
f 1119 1120 1122 1121
f 2759 2775 2774 2758
f 2539 2575 2576 2541
f 2914 2916 2915 2887
f 2509 2547 2548 2510
f 2462 2497 2499 2498
f 2503 2539 2541 2540
f 2504 2542 2544 2506
f 516 517 520 519
f 113 142 143 114
f 1266 1293 1294 1267
f 2501 2538 2539 2503
f 2495 2534 2535 2496
f 2947 2986 2987 2948
f 2472 2513 2512 2471
f 1786 1836 1837 1787
f 2586 2619 2618 2588
f 1902 1953 1952 1901
f 2978 3007 3008 2979
f 556 598 599 558
f 1032 1045 1046 1033
f 2233 2271 2272 2234
f 1458 1502 1503 1459
f 2477 2518 2519 2478
f 2463 2504 2506 2465
f 2756 2772 2771 2755
f 1415 1459 1460 1416
f 2571 2604 2605 2572
f 2405 2442 2444 2407
f 2542 2579 2581 2544
f 2186 2232 2233 2187
f 2536 2572 2573 2537
f 620 662 663 621
f 1900 1948 1951 1950
f 2217 2259 2258 2216
f 2184 2230 2231 2185
f 2261 2303 2304 2262
f 2534 2570 2571 2535
f 1148 1183 1184 1149
f 2560 2594 2595 2561
f 458 495 496 459
f 1990 2046 2048 1992
f 2541 2576 2578 2577
f 2494 2533 2534 2495
f 2543 2580 2579 2542
f 2732 2751 2750 2731
f 649 693 694 650
f 11 12 14 13
f 1451 1495 1496 1452
f 2576 2609 2610 2578
f 2575 2608 2609 2576
f 1858 1913 1914 1859
f 2690 2710 2711 2691
f 2209 2252 2253 2210
f 2568 2601 2602 2569
f 983 986 985 984
f 1200 1231 1232 1201
f 2611 2639 2641 2613
f 3113 3132 3133 3114
f 698 744 745 699
f 1410 1454 1455 1411
f 1132 1166 1167 1133
f 2544 2581 2582 2545
f 2258 2301 2302 2260
f 2296 2299 2298 2297
f 1322 1324 1323 1297
f 2589 2620 2621 2590
f 2867 2879 2878 2866
f 2591 2622 2624 2593
f 2480 2520 2522 2482
f 2583 2615 2616 2584
f 2574 2607 2608 2575
f 2328 2360 2361 2329
f 772 805 806 773
f 1980 2039 2040 1981
f 865 895 896 866
f 2614 2642 2643 2615
f 2559 2593 2594 2560
f 2008 2061 2062 2009
f 1930 1984 1985 1931
f 305 319 320 306
f 2070 2122 2123 2071
f 2644 2667 2668 2645
f 2581 2613 2614 2582
f 2956 2993 2992 2957
f 2471 2512 2514 2473
f 852 884 885 851
f 2666 2691 2692 2667
f 1290 1316 1317 1291
f 2922 2952 2953 2924
f 1188 1222 1223 1189
f 2851 2857 2858 2852
f 3106 3122 3123 3107
f 2039 2094 2095 2040
f 1336 1362 1363 1337
f 2557 2591 2593 2559
f 2360 2401 2402 2361
f 2630 2652 2654 2631
f 2623 2647 2646 2622
f 2640 2663 2662 2639
f 924 954 955 925
f 2116 2119 2118 2117
f 2515 2552 2553 2516
f 3137 3148 3150 3138
f 650 694 695 651
f 2647 2670 2669 2646
f 2622 2646 2648 2624
f 3140 3155 3156 3142
f 2002 2057 2058 2004
f 1433 1475 1476 1434
f 1502 1550 1551 1503
f 2582 2614 2615 2583
f 1387 1388 1390 1389
f 1172 1204 1205 1174
f 2608 2636 2637 2609
f 2637 2660 2661 2638
f 2510 2548 2549 2511
f 2663 2686 2688 2662
f 3018 3041 3042 3019
f 1591 1649 1650 1592
f 1972 2025 2026 1973
f 2655 2678 2679 2656
f 2883 2912 2913 2884
f 2860 2861 2864 2863
f 2351 2392 2393 2352
f 1449 1493 1494 1450
f 2211 2254 2255 2212
f 2708 2725 2726 2709
f 2631 2654 2655 2632
f 2662 2688 2689 2664
f 2664 2689 2690 2665
f 1092 1127 1128 1093
f 2669 2694 2696 2671
f 2686 2706 2708 2688
f 2218 2260 2261 2219
f 529 569 570 530
f 2140 2190 2191 2141
f 3129 3143 3144 3130
f 1339 1365 1364 1338
f 2891 2892 2894 2893
f 1220 1251 1252 1221
f 2688 2708 2709 2689
f 2723 2742 2744 2725
f 289 304 305 290
f 2456 2494 2495 2458
f 2701 2720 2719 2702
f 2836 2843 2844 2837
f 2090 2146 2147 2091
f 3121 3138 3139 3122
f 2377 2413 2415 2380
f 2677 2700 2699 2678
f 2702 2719 2721 2703
f 2687 2707 2706 2686
f 2712 2729 2730 2713
f 1164 1197 1196 1165
f 2748 2764 2765 2749
f 2238 2276 2277 2239
f 2653 2676 2675 2652
f 2694 2714 2716 2696
f 2281 2317 2318 2282
f 2770 2785 2787 2786
f 2711 2728 2729 2712
f 2670 2695 2694 2669
f 2696 2716 2717 2697
f 2671 2696 2697 2672
f 1664 1665 1667 1666
f 2755 2771 2773 2757
f 2946 2983 2985 2945
f 1204 1235 1236 1205
f 1442 1484 1485 1443
f 2672 2697 2698 2673
f 1228 1258 1257 1230
f 2528 2564 2563 2527
f 2265 2308 2309 2267
f 2743 2759 2758 2742
f 2971 2972 2974 2938
f 2616 2644 2645 2617
f 2194 2240 2241 2195
f 2220 2262 2263 2221
f 2310 2343 2344 2311
f 2727 2746 2747 2728
f 2734 2753 2754 2735
f 2932 2933 2935 2934
f 2207 2250 2252 2209
f 673 719 720 674
f 2850 2856 2857 2851
f 2938 2974 2975 2937
f 1193 1227 1226 1195
f 2695 2715 2714 2694
f 2758 2774 2776 2760
f 2744 2760 2761 2745
f 644 688 689 645
f 1760 1809 1810 1761
f 2787 2803 2804 2788
f 2915 2945 2947 2917
f 2565 2597 2599 2566
f 2639 2662 2664 2641
f 2768 2783 2784 2769
f 1 4 3 2
f 1354 1410 1411 1355
f 2612 2640 2639 2611
f 1379 1432 1433 1382
f 2892 2921 2922 2894
f 2487 2528 2527 2489
f 3097 3115 3116 3098
f 2292 2327 2328 2293
f 2382 2416 2417 2384
f 2032 2033 2035 2034
f 2774 2791 2793 2776
f 2784 2801 2802 2785
f 1444 1486 1488 1487
f 657 701 702 658
f 1378 1379 1382 1381
f 2592 2623 2622 2591
f 2776 2793 2794 2777
f 2167 2211 2212 2168
f 88 117 118 89
f 2834 2841 2840 2833
f 1658 1661 1660 1659
f 1529 1576 1577 1530
f 2752 2768 2769 2753
f 1516 1563 1564 1517
f 1920 1972 1973 1921
f 2289 2324 2325 2290
f 2766 2781 2783 2768
f 2725 2744 2745 2726
f 1583 1584 1586 1585
f 3058 3077 3078 3059
f 2330 2362 2364 2363
f 2372 2408 2409 2373
f 1465 1509 1510 1466
f 2903 2904 2906 2905
f 2454 2492 2493 2455
f 2844 2851 2852 2845
f 2789 2805 2806 2790
f 2742 2758 2760 2744
f 400 401 403 402
f 2940 2977 2978 2941
f 2268 2310 2311 2269
f 1145 1180 1181 1146
f 34 56 57 35
f 2808 2822 2821 2807
f 335 348 349 336
f 1652 1709 1710 1653
f 1481 1525 1526 1482
f 2859 2862 2861 2860
f 1402 1443 1444 1404
f 2656 2679 2680 2657
f 2410 2447 2448 2412
f 2678 2699 2701 2679
f 1355 1411 1412 1356
f 1820 1879 1880 1821
f 2840 2847 2849 2842
f 1716 1773 1774 1718
f 2518 2555 2556 2519
f 2837 2844 2845 2838
f 2916 2946 2945 2915
f 2566 2599 2600 2567
f 728 780 781 729
f 3185 3186 3189 3188
f 2821 2833 2835 2823
f 2182 2228 2229 2183
f 1540 1588 1590 1539
f 2733 2752 2753 2734
f 641 685 686 642
f 656 700 701 657
f 2369 2405 2407 2371
f 682 728 729 683
f 2899 2900 2902 2901
f 2775 2792 2791 2774
f 2856 2870 2871 2857
f 2361 2402 2403 2362
f 1435 1477 1478 1436
f 2921 2951 2952 2922
f 1300 1328 1329 1301
f 3163 3171 3173 3165
f 2848 2854 2853 2847
f 1796 1849 1850 1797
f 907 908 911 910
f 2654 2677 2678 2655
f 2208 2251 2250 2207
f 2871 2883 2884 2872
f 1530 1577 1578 1531
f 2816 2829 2828 2817
f 2466 2507 2508 2467
f 2516 2553 2554 2517
f 2900 2925 2927 2902
f 2878 2907 2909 2880
f 272 288 289 273
f 3153 3166 3167 3155
f 84 113 114 85
f 2760 2776 2777 2761
f 353 364 365 354
f 3002 3026 3027 3003
f 2728 2747 2748 2729
f 2624 2648 2649 2625
f 3161 3164 3163 3162
f 2329 2361 2362 2330
f 2869 2881 2882 2870
f 2838 2845 2846 2839
f 2879 2908 2907 2878
f 2880 2909 2910 2881
f 2964 2965 2967 2966
f 2931 2957 2958 2933
f 2901 2902 2904 2903
f 1474 1518 1519 1475
f 1276 1302 1303 1277
f 3132 3146 3147 3133
f 2874 2886 2888 2873
f 2400 2438 2439 2401
f 2911 2942 2943 2912
f 3186 3197 3198 3189
f 1956 2011 2012 1957
f 1434 1476 1477 1435
f 1419 1462 1461 1418
f 2887 2915 2917 2886
f 2920 2950 2951 2921
f 2628 2653 2652 2630
f 3050 3071 3072 3051
f 3027 3048 3049 3028
f 169 196 197 170
f 2726 2745 2746 2727
f 3010 3012 3011 2984
f 2538 2574 2575 2539
f 1426 1469 1470 1427
f 2800 2814 2816 2801
f 2917 2947 2948 2918
f 2902 2927 2928 2904
f 2895 2898 2897 2896
f 2966 2967 2969 2968
f 2552 2587 2586 2553
f 2084 2085 2087 2031
f 2835 2842 2843 2836
f 3034 3058 3059 3036
f 2909 2940 2941 2910
f 3003 3027 3028 3004
f 2783 2800 2801 2784
f 2804 2819 2820 2805
f 2885 2887 2886 2874
f 2982 2984 2983 2946
f 1332 1358 1359 1333
f 1304 1332 1333 1305
f 2142 2192 2193 2143
f 2781 2798 2800 2783
f 2935 2959 2961 2960
f 2100 2156 2155 2099
f 2573 2606 2607 2574
f 2 3 6 5
f 2942 2979 2980 2943
f 2959 2995 2996 2961
f 2912 2943 2944 2913
f 2634 2657 2658 2635
f 2724 2743 2742 2723
f 2798 2815 2814 2800
f 777 810 811 778
f 2888 2918 2919 2889
f 1316 1343 1344 1317
f 880 913 914 883
f 2604 2632 2633 2605
f 1169 1201 1202 1170
f 2896 2897 2900 2899
f 2269 2311 2312 2270
f 1601 1604 1603 1602
f 1701 1752 1754 1753
f 2910 2941 2942 2911
f 2975 3004 3005 2976
f 3130 3144 3145 3131
f 1576 1631 1632 1577
f 1521 1568 1569 1522
f 3011 3034 3036 3013
f 3012 3035 3034 3011
f 794 828 829 795
f 2854 2866 2868 2853
f 2967 2999 3000 2969
f 3028 3049 3050 3029
f 3114 3133 3134 3115
f 2449 2487 2489 2451
f 2051 2104 2105 2052
f 3059 3078 3079 3060
f 2943 2980 2981 2944
f 2976 3005 3006 2977
f 2252 2290 2291 2253
f 2812 2826 2827 2813
f 2974 3003 3004 2975
f 2290 2325 2326 2291
f 3008 3032 3033 3009
f 2714 2731 2733 2716
f 145 172 173 146
f 2894 2922 2924 2923
f 2960 2961 2963 2962
f 1747 1795 1794 1749
f 3014 3037 3038 3015
f 1364 1419 1418 1366
f 3004 3028 3029 3005
f 3007 3031 3032 3008
f 2409 2446 2447 2410
f 3090 3106 3107 3091
f 26 49 51 25
f 2957 2992 2994 2958
f 3043 3066 3065 3045
f 3031 3052 3053 3032
f 3024 3045 3046 3025
f 3051 3072 3073 3052
f 2097 2153 2154 2098
f 3030 3051 3052 3031
f 1348 1374 1376 1375
f 3016 3039 3040 3017
f 2324 2356 2357 2325
f 2824 2836 2837 2825
f 2401 2439 2440 2402
f 18 41 42 20
f 1896 1946 1947 1897
f 2984 3011 3013 2983
f 2908 2937 2939 2907
f 2958 2994 2995 2959
f 3088 3104 3105 3089
f 1499 1547 1548 1500
f 3022 3044 3043 3023
f 2420 2455 2456 2422
f 2393 2429 2430 2394
f 3040 3063 3064 3041
f 3029 3050 3051 3030
f 2998 3022 3023 2999
f 3039 3062 3063 3040
f 2904 2928 2929 2906
f 2802 2817 2818 2803
f 3060 3079 3080 3061
f 3083 3101 3100 3085
f 3061 3080 3081 3062
f 1514 1561 1562 1515
f 3055 3057 3056 3035
f 3068 3085 3086 3069
f 1472 1516 1517 1473
f 1506 1553 1552 1505
f 1483 1527 1528 1484
f 3131 3145 3146 3132
f 3015 3038 3039 3016
f 3048 3069 3070 3049
f 1828 1887 1888 1829
f 705 751 752 706
f 3154 3165 3166 3153
f 3077 3094 3095 3078
f 3076 3093 3092 3075
f 3062 3081 3082 3063
f 2951 2990 2991 2952
f 3056 3075 3077 3058
f 25 51 52 28
f 3096 3114 3115 3097
f 3086 3102 3103 3087
f 2791 2807 2809 2793
f 3072 3089 3090 3073
f 1626 1690 1691 1627
f 3202 3204 3203 3196
f 3162 3163 3165 3154
f 3069 3086 3087 3070
f 3075 3092 3094 3077
f 3037 3060 3061 3038
f 3079 3096 3097 3080
f 2936 2938 2937 2908
f 2660 2683 2684 2661
f 3000 3024 3025 3001
f 2965 2998 2999 2967
f 1524 1571 1572 1525
f 2632 2655 2656 2633
f 2520 2557 2559 2522
f 2378 2414 2413 2377
f 3102 3117 3119 3103
f 2016 2071 2072 2017
f 2772 2788 2789 2771
f 2996 3021 3020 2997
f 3046 3067 3068 3047
f 2988 3017 3018 2989
f 3119 3135 3137 3120
f 2970 2973 2972 2971
f 401 427 428 403
f 2024 2079 2080 2025
f 1531 1578 1579 1532
f 2600 2629 2628 2601
f 3094 3112 3113 3095
f 3111 3130 3131 3112
f 2040 2095 2096 2041
f 2072 2124 2125 2073
f 2792 2808 2807 2791
f 3194 3196 3195 3187
f 3178 3191 3192 3180
f 2948 2987 2988 2949
f 1498 1546 1547 1499
f 2588 2618 2620 2589
f 3125 3126 3128 3110
f 131 158 159 132
f 2979 3008 3009 2980
f 3141 3153 3155 3140
f 3070 3087 3088 3071
f 3087 3103 3104 3088
f 122 124 123 94
f 2417 2453 2454 2418
f 1515 1562 1563 1516
f 3006 3030 3031 3007
f 2322 2354 2356 2324
f 3124 3127 3126 3125
f 3026 3047 3048 3027
f 3164 3172 3171 3163
f 3126 3140 3142 3128
f 10 37 38 12
f 283 298 299 284
f 1545 1595 1596 1546
f 1177 1212 1213 1179
f 2972 3002 3003 2974
f 3165 3173 3174 3166
f 2862 2874 2873 2861
f 1436 1478 1479 1437
f 1553 1607 1608 1552
f 3104 3120 3121 3105
f 3203 3208 3210 3205
f 3157 3169 3170 3158
f 50 72 73 49
f 1538 1582 1584 1583
f 3184 3187 3186 3185
